ISO-10303-21;
HEADER;
FILE_DESCRIPTION (( 'STEP AP214' ),
    '1' );
FILE_NAME ('MirrorΩÛ“Ì.STEP',
    '2026-02-11T01:35:03',
    ( '' ),
    ( '' ),
    'SwSTEP 2.0',
    'SolidWorks 2024',
    '' );
FILE_SCHEMA (( 'AUTOMOTIVE_DESIGN' ));
ENDSEC;

DATA;
#1 = CARTESIAN_POINT ( 'NONE',  ( 79.90579673303629704, -3.437169118445009719, -518.9999999999990905 ) ) ;
#2 = DIRECTION ( 'NONE',  ( 6.550283474172109983E-15, -7.935864152663694928E-15, 1.000000000000000000 ) ) ;
#3 = DIRECTION ( 'NONE',  ( 6.378601426329706152E-17, 5.352281928482944175E-17, -1.000000000000000000 ) ) ;
#4 = CARTESIAN_POINT ( 'NONE',  ( 54.36373480198786723, 115.2857785750920101, -53.36969677290838376 ) ) ;
#5 = CARTESIAN_POINT ( 'NONE',  ( 152.0777421025901788, -1.165244496608496938, 9.804599309964982597E-15 ) ) ;
#6 = DIRECTION ( 'NONE',  ( 0.000000000000000000, 0.000000000000000000, -1.000000000000000000 ) ) ;
#7 = ORIENTED_EDGE ( 'NONE', *, *, #386, .T. ) ;
#8 = ORIENTED_EDGE ( 'NONE', *, *, #4999, .T. ) ;
#9 = CARTESIAN_POINT ( 'NONE',  ( 69.29643318206649383, 0.0005751045010077147001, -518.9999999999998863 ) ) ;
#10 = LINE ( 'NONE', #379, #2324 ) ;
#11 = EDGE_CURVE ( 'NONE', #111, #173, #241, .T. ) ;
#12 = DIRECTION ( 'NONE',  ( 1.000000000000000000, 0.000000000000000000, 0.000000000000000000 ) ) ;
#13 = PLANE ( 'NONE',  #3974 ) ;
#14 = EDGE_LOOP ( 'NONE', ( #4369, #4456, #1123, #2088 ) ) ;
#15 = LINE ( 'NONE', #3926, #658 ) ;
#16 = EDGE_CURVE ( 'NONE', #835, #173, #6110, .T. ) ;
#17 = ADVANCED_FACE ( 'NONE', ( #2813 ), #875, .T. ) ;
#18 = ORIENTED_EDGE ( 'NONE', *, *, #2168, .F. ) ;
#19 = EDGE_LOOP ( 'NONE', ( #3068, #3889, #5930, #4225 ) ) ;
#20 = CARTESIAN_POINT ( 'NONE',  ( 166.6568465937442909, 4.582765447231267331, -287.9999999999997726 ) ) ;
#21 = DIRECTION ( 'NONE',  ( 0.7660444535136902156, 0.6427875972986035746, 0.000000000000000000 ) ) ;
#22 = ORIENTED_EDGE ( 'NONE', *, *, #2709, .F. ) ;
#23 = LINE ( 'NONE', #475, #3721 ) ;
#24 = ORIENTED_EDGE ( 'NONE', *, *, #1797, .F. ) ;
#25 = LINE ( 'NONE', #1966, #4368 ) ;
#26 = CARTESIAN_POINT ( 'NONE',  ( 186.5669588114146791, -0.1093106539179910103, 0.000000000000000000 ) ) ;
#27 = CARTESIAN_POINT ( 'NONE',  ( 154.3747233051220178, -0.7912324730635189596, -229.0000000000000000 ) ) ;
#28 = VECTOR ( 'NONE', #4945, 1000.000000000000000 ) ;
#29 = PLANE ( 'NONE',  #6325 ) ;
#30 = CARTESIAN_POINT ( 'NONE',  ( 10.89045217061305593, -5.037991088537396855, 0.000000000000000000 ) ) ;
#31 = VERTEX_POINT ( 'NONE', #3380 ) ;
#32 = B_SPLINE_CURVE_WITH_KNOTS ( 'NONE', 3,
 ( #4217, #6063, #3740, #5711, #1304, #1175, #3113 ),
 .UNSPECIFIED., .F., .F.,
 ( 4, 3, 4 ),
 ( 0.000000000000000000, 0.002559018337862873239, 0.003000000000000002665 ),
 .UNSPECIFIED. ) ;
#33 = CARTESIAN_POINT ( 'NONE',  ( 184.3164905826809843, -0.1919652221612422049, -158.0000000000000000 ) ) ;
#34 = FACE_OUTER_BOUND ( 'NONE', #1991, .T. ) ;
#35 = LINE ( 'NONE', #4429, #4973 ) ;
#36 = LINE ( 'NONE', #519, #4024 ) ;
#37 = LINE ( 'NONE', #131, #3439 ) ;
#38 = ORIENTED_EDGE ( 'NONE', *, *, #5992, .T. ) ;
#39 = CARTESIAN_POINT ( 'NONE',  ( 9.409784400422468664, -4.877512206354990276, 0.000000000000000000 ) ) ;
#40 = CARTESIAN_POINT ( 'NONE',  ( 141.7227456530524137, 14.28680784239818458, -2.000000000000000000 ) ) ;
#41 = CARTESIAN_POINT ( 'NONE',  ( 153.6098310104484597, 0.1203306969984919983, -194.6307854632994179 ) ) ;
#42 = AXIS2_PLACEMENT_3D ( 'NONE', #1679, #3639, #1649 ) ;
#43 = DIRECTION ( 'NONE',  ( 0.7660444535136902156, 0.6427875972986035746, 0.000000000000000000 ) ) ;
#44 = ORIENTED_EDGE ( 'NONE', *, *, #5686, .T. ) ;
#45 = DIRECTION ( 'NONE',  ( 0.7660444535136902156, 0.6427875972986035746, 0.000000000000000000 ) ) ;
#46 = VERTEX_POINT ( 'NONE', #4813 ) ;
#47 = ORIENTED_EDGE ( 'NONE', *, *, #238, .F. ) ;
#48 = VECTOR ( 'NONE', #5243, 1000.000000000000000 ) ;
#49 = FACE_BOUND ( 'NONE', #3799, .T. ) ;
#50 = ORIENTED_EDGE ( 'NONE', *, *, #1543, .T. ) ;
#51 = DIRECTION ( 'NONE',  ( -0.4545194689124519849, 0.5416752277698750895, 0.7071067811865451302 ) ) ;
#52 = ORIENTED_EDGE ( 'NONE', *, *, #2980, .F. ) ;
#53 = VECTOR ( 'NONE', #153, 1000.000000000000000 ) ;
#54 = CARTESIAN_POINT ( 'NONE',  ( 187.3164905826809843, -0.08178092353511093315, -519.0000000000000000 ) ) ;
#55 = DIRECTION ( 'NONE',  ( -6.378601426329706152E-17, -5.352281928482944175E-17, 1.000000000000000000 ) ) ;
#56 = LINE ( 'NONE', #1561, #4248 ) ;
#57 = EDGE_CURVE ( 'NONE', #3534, #2259, #2836, .T. ) ;
#58 = LINE ( 'NONE', #2003, #372 ) ;
#59 = ORIENTED_EDGE ( 'NONE', *, *, #1268, .F. ) ;
#60 = VECTOR ( 'NONE', #90, 1000.000000000000000 ) ;
#61 = CARTESIAN_POINT ( 'NONE',  ( 1.247712657388743374, 2.301766966073418352, 0.000000000000000000 ) ) ;
#62 = EDGE_LOOP ( 'NONE', ( #4279, #1927, #239 ) ) ;
#63 = EDGE_CURVE ( 'NONE', #917, #1109, #6267, .T. ) ;
#64 = CARTESIAN_POINT ( 'NONE',  ( 184.3164905826809843, 0.3083721082516452938, -221.0000000000000000 ) ) ;
#65 = CARTESIAN_POINT ( 'NONE',  ( 187.0443270551206751, -0.01726394902340665574, -2.220446049250313081E-13 ) ) ;
#66 = EDGE_CURVE ( 'NONE', #3175, #2057, #1376, .T. ) ;
#67 = CARTESIAN_POINT ( 'NONE',  ( 158.4535995566625672, -1.141772229769066227, -162.9999999999999147 ) ) ;
#68 = CARTESIAN_POINT ( 'NONE',  ( 148.0602579068340106, 6.734054597800093411, -244.3261105482872608 ) ) ;
#69 = AXIS2_PLACEMENT_3D ( 'NONE', #965, #2841, #4880 ) ;
#70 = LINE ( 'NONE', #5914, #2013 ) ;
#71 = EDGE_LOOP ( 'NONE', ( #1860, #2065, #2955, #1419 ) ) ;
#72 = CARTESIAN_POINT ( 'NONE',  ( 77.09535702400799551, -3.280706418644204092, -518.9999999999998863 ) ) ;
#73 = LINE ( 'NONE', #3064, #5593 ) ;
#74 = CARTESIAN_POINT ( 'NONE',  ( 153.6098310104484881, 0.1203306969984607733, 9.804599309964982597E-15 ) ) ;
#75 = LINE ( 'NONE', #2080, #3344 ) ;
#76 = ORIENTED_EDGE ( 'NONE', *, *, #2245, .T. ) ;
#77 = CARTESIAN_POINT ( 'NONE',  ( 148.0602579068340390, 6.734054597800096964, -157.7187869762735488 ) ) ;
#78 = ORIENTED_EDGE ( 'NONE', *, *, #1458, .F. ) ;
#79 = VECTOR ( 'NONE', #3029, 1000.000000000000227 ) ;
#80 = VERTEX_POINT ( 'NONE', #5841 ) ;
#81 = VERTEX_POINT ( 'NONE', #4907 ) ;
#82 = AXIS2_PLACEMENT_3D ( 'NONE', #4602, #2696, #5642 ) ;
#83 = AXIS2_PLACEMENT_3D ( 'NONE', #2907, #5744, #1305 ) ;
#84 = DIRECTION ( 'NONE',  ( 0.000000000000000000, 0.7938448021158684975, -0.6081204076115334090 ) ) ;
#85 = ORIENTED_EDGE ( 'NONE', *, *, #453, .F. ) ;
#86 = CARTESIAN_POINT ( 'NONE',  ( 146.5281689998066383, 5.448479403202897586, -269.8361105482872517 ) ) ;
#87 = CARTESIAN_POINT ( 'NONE',  ( 152.0777421034211159, -1.165244497598704854, -144.9638633601287552 ) ) ;
#88 = FACE_BOUND ( 'NONE', #5510, .T. ) ;
#89 = CARTESIAN_POINT ( 'NONE',  ( 184.3164905826809559, -0.1919654610749290669, -101.2939877747580795 ) ) ;
#90 = DIRECTION ( 'NONE',  ( 0.6427875972986036857, -0.7660444535136901045, 0.000000000000000000 ) ) ;
#91 = EDGE_LOOP ( 'NONE', ( #1508, #2726, #3469 ) ) ;
#92 = CARTESIAN_POINT ( 'NONE',  ( 0.5108284000137433001, -1.702787476243948994, 0.000000000000000000 ) ) ;
#93 = ORIENTED_EDGE ( 'NONE', *, *, #5956, .F. ) ;
#94 = EDGE_CURVE ( 'NONE', #4903, #4632, #4386, .T. ) ;
#95 = EDGE_CURVE ( 'NONE', #5618, #3895, #3677, .T. ) ;
#96 = DIRECTION ( 'NONE',  ( 0.6427875972986036857, -0.7660444535136901045, 0.000000000000000000 ) ) ;
#97 = CARTESIAN_POINT ( 'NONE',  ( 154.7820052418864805, -1.276612200341903369, -221.0000000000000000 ) ) ;
#98 = LINE ( 'NONE', #2520, #4588 ) ;
#99 = FACE_OUTER_BOUND ( 'NONE', #2034, .T. ) ;
#100 = PLANE ( 'NONE',  #4116 ) ;
#101 = CARTESIAN_POINT ( 'NONE',  ( 146.5281689998066383, 5.448479403202869165, -231.5711869321424103 ) ) ;
#102 = EDGE_LOOP ( 'NONE', ( #5668, #2795, #3447 ) ) ;
#103 = AXIS2_PLACEMENT_3D ( 'NONE', #3121, #4100, #3649 ) ;
#104 = CARTESIAN_POINT ( 'NONE',  ( 8.181474534706218549, -4.698689226440005307, 0.000000000000000000 ) ) ;
#105 = CARTESIAN_POINT ( 'NONE',  ( 88.66911395920068628, 74.40221837649806957, -244.3261105482872608 ) ) ;
#106 = CARTESIAN_POINT ( 'NONE',  ( 154.7820052238685093, -1.276612178868941516, -218.1595900634140150 ) ) ;
#107 = FACE_OUTER_BOUND ( 'NONE', #3493, .T. ) ;
#108 = EDGE_LOOP ( 'NONE', ( #5141, #3379, #2098, #916 ) ) ;
#109 = CARTESIAN_POINT ( 'NONE',  ( 164.9359242749434600, -0.9037128519505230884, -102.9999999999998863 ) ) ;
#110 = ORIENTED_EDGE ( 'NONE', *, *, #5034, .T. ) ;
#111 = VERTEX_POINT ( 'NONE', #3317 ) ;
#112 = ORIENTED_EDGE ( 'NONE', *, *, #2854, .F. ) ;
#113 = FACE_BOUND ( 'NONE', #734, .T. ) ;
#114 = EDGE_LOOP ( 'NONE', ( #1464, #5991, #748, #2436 ) ) ;
#115 = DIRECTION ( 'NONE',  ( 0.000000000000000000, 0.000000000000000000, -1.000000000000000000 ) ) ;
#116 = DIRECTION ( 'NONE',  ( 0.7660444535136902156, 0.6427875972986035746, 0.000000000000000000 ) ) ;
#117 = CARTESIAN_POINT ( 'NONE',  ( 152.0777421034210590, -1.165244497598690865, -265.7147902047275352 ) ) ;
#118 = CARTESIAN_POINT ( 'NONE',  ( 152.0777421034210590, -1.165244497598718620, 9.804599309964982597E-15 ) ) ;
#119 = EDGE_CURVE ( 'NONE', #4178, #3890, #1936, .T. ) ;
#120 = CARTESIAN_POINT ( 'NONE',  ( 148.0602579068340106, 6.734054597800094299, -181.8757090794443059 ) ) ;
#121 = ORIENTED_EDGE ( 'NONE', *, *, #4762, .F. ) ;
#122 = CARTESIAN_POINT ( 'NONE',  ( 87.40971697620670966, -3.590500737704453105, -519.0000000000001137 ) ) ;
#123 = VERTEX_POINT ( 'NONE', #5294 ) ;
#124 = EDGE_CURVE ( 'NONE', #4947, #2318, #2919, .T. ) ;
#125 = LINE ( 'NONE', #2990, #5436 ) ;
#126 = CARTESIAN_POINT ( 'NONE',  ( 154.7820050822116400, -1.276612010048796098, -163.8530061126209887 ) ) ;
#127 = CARTESIAN_POINT ( 'NONE',  ( 152.0777421034211159, -1.165244497598704854, -205.3857090794443252 ) ) ;
#128 = DIRECTION ( 'NONE',  ( 0.6427875972986036857, -0.7660444535136901045, 0.000000000000000000 ) ) ;
#129 = EDGE_CURVE ( 'NONE', #731, #2193, #5366, .T. ) ;
#130 = CARTESIAN_POINT ( 'NONE',  ( 152.0777421034210590, -1.165244497598704854, -142.8425430165691239 ) ) ;
#131 = CARTESIAN_POINT ( 'NONE',  ( 148.0602579068340390, 6.734054597800104069, -278.4697138208725278 ) ) ;
#132 = EDGE_CURVE ( 'NONE', #5415, #719, #5868, .T. ) ;
#133 = ORIENTED_EDGE ( 'NONE', *, *, #463, .F. ) ;
#134 = VECTOR ( 'NONE', #2102, 1000.000000000000000 ) ;
#135 = CARTESIAN_POINT ( 'NONE',  ( 73.28221149441193916, 4.158523912729014782, -519.0000000000005684 ) ) ;
#136 = DIRECTION ( 'NONE',  ( 0.000000000000000000, 0.000000000000000000, -1.000000000000000000 ) ) ;
#137 = CARTESIAN_POINT ( 'NONE',  ( 166.6564614542024856, -0.8405257606677351001, -225.9999999999996874 ) ) ;
#138 = FACE_OUTER_BOUND ( 'NONE', #6020, .T. ) ;
#139 = ORIENTED_EDGE ( 'NONE', *, *, #4760, .F. ) ;
#140 = EDGE_LOOP ( 'NONE', ( #146, #5777, #1393, #5958 ) ) ;
#141 = VECTOR ( 'NONE', #1404, 1000.000000000000000 ) ;
#142 = ORIENTED_EDGE ( 'NONE', *, *, #2002, .F. ) ;
#143 = ORIENTED_EDGE ( 'NONE', *, *, #6304, .F. ) ;
#144 = EDGE_CURVE ( 'NONE', #4067, #655, #5418, .T. ) ;
#145 = LINE ( 'NONE', #626, #5906 ) ;
#146 = ORIENTED_EDGE ( 'NONE', *, *, #3820, .F. ) ;
#147 = CARTESIAN_POINT ( 'NONE',  ( 148.0602579068340390, 6.734054597800104069, -216.0193123520296297 ) ) ;
#148 = VECTOR ( 'NONE', #2953, 1000.000000000000000 ) ;
#149 = VECTOR ( 'NONE', #3865, 1000.000000000000114 ) ;
#150 = CARTESIAN_POINT ( 'NONE',  ( 146.5281689998066099, 5.448479403202894922, -207.3857090794443252 ) ) ;
#151 = ADVANCED_FACE ( 'NONE', ( #6296 ), #5808, .F. ) ;
#152 = DIRECTION ( 'NONE',  ( 0.000000000000000000, 0.000000000000000000, 1.000000000000000000 ) ) ;
#153 = DIRECTION ( 'NONE',  ( 0.000000000000000000, 0.000000000000000000, -1.000000000000000000 ) ) ;
#154 = CARTESIAN_POINT ( 'NONE',  ( 146.5281689998066383, 5.448479403202897586, -269.8361105482872517 ) ) ;
#155 = VERTEX_POINT ( 'NONE', #6328 ) ;
#156 = CARTESIAN_POINT ( 'NONE',  ( 30.25293213377088364, 14.55707463803126522, 0.000000000000000000 ) ) ;
#157 = ORIENTED_EDGE ( 'NONE', *, *, #333, .T. ) ;
#158 = EDGE_CURVE ( 'NONE', #2281, #2178, #5387, .T. ) ;
#159 = CARTESIAN_POINT ( 'NONE',  ( 186.5000000000000000, 0.1117699999999999944, 0.000000000000000000 ) ) ;
#160 = CARTESIAN_POINT ( 'NONE',  ( 146.5281689998066668, 5.448479403202838078, -136.3302600875434791 ) ) ;
#161 = CARTESIAN_POINT ( 'NONE',  ( 152.0777421034210590, -1.165244497598715290, -66.59787332367238832 ) ) ;
#162 =( NAMED_UNIT ( * ) PLANE_ANGLE_UNIT ( ) SI_UNIT ( $, .RADIAN. ) );
#163 = CARTESIAN_POINT ( 'NONE',  ( 148.0602579068340390, 6.734054597800062325, -110.8202600875434740 ) ) ;
#164 = DIRECTION ( 'NONE',  ( -0.9993263274973519517, -0.03670001594897864122, -0.000000000000000000 ) ) ;
#165 = ORIENTED_EDGE ( 'NONE', *, *, #410, .F. ) ;
#166 = CARTESIAN_POINT ( 'NONE',  ( 22.01935212871652681, 12.71238653461006329, 0.000000000000000000 ) ) ;
#167 = LINE ( 'NONE', #4170, #2997 ) ;
#168 = FACE_BOUND ( 'NONE', #3597, .T. ) ;
#169 = PLANE ( 'NONE',  #5308 ) ;
#170 = EDGE_CURVE ( 'NONE', #5763, #155, #25, .T. ) ;
#171 = VERTEX_POINT ( 'NONE', #1593 ) ;
#172 = VERTEX_POINT ( 'NONE', #150 ) ;
#173 = VERTEX_POINT ( 'NONE', #4544 ) ;
#174 = LINE ( 'NONE', #3632, #4491 ) ;
#175 = ORIENTED_EDGE ( 'NONE', *, *, #3665, .F. ) ;
#176 = CARTESIAN_POINT ( 'NONE',  ( 110.7626278965534397, 48.07219290390907673, 34.37140671382515222 ) ) ;
#177 = VECTOR ( 'NONE', #2236, 1000.000000000000000 ) ;
#178 = VECTOR ( 'NONE', #5973, 1000.000000000000000 ) ;
#179 = EDGE_CURVE ( 'NONE', #4239, #3991, #4482, .T. ) ;
#180 = VECTOR ( 'NONE', #1764, 1000.000000000000114 ) ;
#181 = DIRECTION ( 'NONE',  ( -6.378601426329706152E-17, -5.352281928482944175E-17, 1.000000000000000000 ) ) ;
#182 = VECTOR ( 'NONE', #3624, 1000.000000000000000 ) ;
#183 = CARTESIAN_POINT ( 'NONE',  ( 153.6098310096175510, 0.1203306979887103223, 9.804599309964982597E-15 ) ) ;
#184 = CARTESIAN_POINT ( 'NONE',  ( 186.5000000000000000, 0.1117699999999999944, 0.000000000000000000 ) ) ;
#185 = FACE_OUTER_BOUND ( 'NONE', #2231, .T. ) ;
#186 = PLANE ( 'NONE',  #5501 ) ;
#187 = ORIENTED_EDGE ( 'NONE', *, *, #826, .F. ) ;
#188 = CARTESIAN_POINT ( 'NONE',  ( 24.42589257288654636, 13.32067908522997612, 0.000000000000000000 ) ) ;
#189 = EDGE_CURVE ( 'NONE', #4283, #2548, #1145, .T. ) ;
#190 = ORIENTED_EDGE ( 'NONE', *, *, #3751, .T. ) ;
#191 = EDGE_LOOP ( 'NONE', ( #5148, #5769, #2878 ) ) ;
#192 = CARTESIAN_POINT ( 'NONE',  ( 153.5357213043734532, 7.365898744728823999, 0.000000000000000000 ) ) ;
#193 = CARTESIAN_POINT ( 'NONE',  ( 153.6098310104484881, 0.1203306969984747621, -32.02482244953694845 ) ) ;
#194 = CARTESIAN_POINT ( 'NONE',  ( 152.0777421034210306, -1.165244497598732609, -75.23147659367238305 ) ) ;
#195 = CARTESIAN_POINT ( 'NONE',  ( 146.5281689998066099, 5.448479403202883375, 9.804599309964982597E-15 ) ) ;
#196 = LINE ( 'NONE', #1636, #4694 ) ;
#197 = ORIENTED_EDGE ( 'NONE', *, *, #95, .T. ) ;
#198 = VECTOR ( 'NONE', #3908, 1000.000000000000000 ) ;
#199 = CARTESIAN_POINT ( 'NONE',  ( 98.28818561077662253, 10.35717831068094519, -518.9999999999998863 ) ) ;
#200 = DIRECTION ( 'NONE',  ( -0.6427875972986035746, 0.7660444535136902156, -6.018531076210112041E-33 ) ) ;
#201 = CARTESIAN_POINT ( 'NONE',  ( 154.7820051867453515, -1.276612134627261641, -203.0912872931855304 ) ) ;
#202 = APPLICATION_CONTEXT ( 'automotive_design' ) ;
#203 = CARTESIAN_POINT ( 'NONE',  ( 146.5281689998066383, 5.448479403202897586, -259.2025072757019757 ) ) ;
#204 = VECTOR ( 'NONE', #323, 1000.000000000000000 ) ;
#205 = ORIENTED_EDGE ( 'NONE', *, *, #2904, .T. ) ;
#206 = ADVANCED_FACE ( 'NONE', ( #4516 ), #3047, .T. ) ;
#207 = ORIENTED_EDGE ( 'NONE', *, *, #6272, .F. ) ;
#208 = EDGE_CURVE ( 'NONE', #2742, #2259, #2059, .T. ) ;
#209 = DIRECTION ( 'NONE',  ( -0.4545194689124505416, 0.5416752277698733131, 0.7071067811865473507 ) ) ;
#210 = ORIENTED_EDGE ( 'NONE', *, *, #829, .F. ) ;
#211 = CARTESIAN_POINT ( 'NONE',  ( 152.3718175600619134, 7.418174961850763971, -224.0000000000001421 ) ) ;
#212 = EDGE_CURVE ( 'NONE', #4157, #3596, #5997, .T. ) ;
#213 = EDGE_CURVE ( 'NONE', #3315, #3253, #567, .T. ) ;
#214 = CARTESIAN_POINT ( 'NONE',  ( 115.0670669981768697, -2.735221934985888392, 0.000000000000000000 ) ) ;
#215 = EDGE_CURVE ( 'NONE', #3392, #635, #6061, .T. ) ;
#216 = CARTESIAN_POINT ( 'NONE',  ( 146.6259176453506257, 8.443434813564140384, -222.2939907555358729 ) ) ;
#217 = CARTESIAN_POINT ( 'NONE',  ( 184.3164905826809843, -6.647825509190094628, -48.00000000000000000 ) ) ;
#218 = LINE ( 'NONE', #1240, #295 ) ;
#219 = LINE ( 'NONE', #3706, #1598 ) ;
#220 = EDGE_LOOP ( 'NONE', ( #1686, #1683, #4192, #5216 ) ) ;
#221 = CARTESIAN_POINT ( 'NONE',  ( 90.20800490987716103, 9.464637445143399219, -518.9999999999997726 ) ) ;
#222 = ORIENTED_EDGE ( 'NONE', *, *, #1194, .T. ) ;
#223 = EDGE_LOOP ( 'NONE', ( #1702, #1343, #3899, #4804 ) ) ;
#224 = CARTESIAN_POINT ( 'NONE',  ( 133.9977788660430917, 10.90288465965361553, 0.000000000000000000 ) ) ;
#225 = EDGE_CURVE ( 'NONE', #4540, #3476, #2124, .T. ) ;
#226 = PLANE ( 'NONE',  #3264 ) ;
#227 = CARTESIAN_POINT ( 'NONE',  ( 146.5281689998066099, 5.448479403202883375, 9.804599309964982597E-15 ) ) ;
#228 =( NAMED_UNIT ( * ) SI_UNIT ( $, .STERADIAN. ) SOLID_ANGLE_UNIT ( ) );
#229 = CARTESIAN_POINT ( 'NONE',  ( 184.3164905826809559, 0.6290124806728307760, -163.0000000000000000 ) ) ;
#230 = CARTESIAN_POINT ( 'NONE',  ( 152.0777421034210590, -1.165244497598712403, -117.3325430165691188 ) ) ;
#231 = VERTEX_POINT ( 'NONE', #2983 ) ;
#232 = CARTESIAN_POINT ( 'NONE',  ( 92.06402861029685880, 9.742231251469100073, -519.0000000000001137 ) ) ;
#233 = CARTESIAN_POINT ( 'NONE',  ( 148.0602579068340106, 6.734054597800056108, -19.26989883339205889 ) ) ;
#234 = CARTESIAN_POINT ( 'NONE',  ( 141.7227456530524137, 14.28680784239818458, -103.0000000000000142 ) ) ;
#235 = VECTOR ( 'NONE', #3229, 1000.000000000000000 ) ;
#236 = LINE ( 'NONE', #3725, #5620 ) ;
#237 = ORIENTED_EDGE ( 'NONE', *, *, #1458, .T. ) ;
#238 = EDGE_CURVE ( 'NONE', #4616, #6218, #1648, .T. ) ;
#239 = ORIENTED_EDGE ( 'NONE', *, *, #4231, .T. ) ;
#240 = EDGE_LOOP ( 'NONE', ( #4892, #2630, #4021, #5882 ) ) ;
#241 = B_SPLINE_CURVE_WITH_KNOTS ( 'NONE', 3,
 ( #1321, #5756, #5240, #3295, #2653, #2171, #4132 ),
 .UNSPECIFIED., .F., .F.,
 ( 4, 3, 4 ),
 ( 6.938893903907228378E-18, 0.002559018337862914872, 0.002999999999999974475 ),
 .UNSPECIFIED. ) ;
#242 = CARTESIAN_POINT ( 'NONE',  ( 187.3164905826809843, -0.08178092353511093315, 0.000000000000000000 ) ) ;
#243 = ORIENTED_EDGE ( 'NONE', *, *, #2880, .F. ) ;
#244 = VECTOR ( 'NONE', #5705, 1000.000000000000000 ) ;
#245 = CARTESIAN_POINT ( 'NONE',  ( 146.5281689998066099, 5.448479403202902915, -8.514975219832464859 ) ) ;
#246 = CARTESIAN_POINT ( 'NONE',  ( 138.0456214846427656, -1.891207153308817279, -518.9999999999994316 ) ) ;
#247 = CARTESIAN_POINT ( 'NONE',  ( 146.5811647339975821, 8.496769258199757147, -183.9087787496236217 ) ) ;
#248 = LINE ( 'NONE', #758, #4562 ) ;
#249 = DIRECTION ( 'NONE',  ( 0.6427875972986036857, -0.7660444535136901045, 0.000000000000000000 ) ) ;
#250 = FACE_BOUND ( 'NONE', #1251, .T. ) ;
#251 = ORIENTED_EDGE ( 'NONE', *, *, #3898, .F. ) ;
#252 = CARTESIAN_POINT ( 'NONE',  ( 79.28006521773021120, 6.804651352938287268, -519.0000000000005684 ) ) ;
#253 = ORIENTED_EDGE ( 'NONE', *, *, #3273, .F. ) ;
#254 = EDGE_CURVE ( 'NONE', #5596, #1584, #6030, .T. ) ;
#255 = VERTEX_POINT ( 'NONE', #5061 ) ;
#256 = CARTESIAN_POINT ( 'NONE',  ( 154.3747230897488407, -0.7912322163916676310, -105.0000000000000142 ) ) ;
#257 = DIRECTION ( 'NONE',  ( -0.03670000643793609046, 0.9993263278466426591, 0.000000000000000000 ) ) ;
#258 = DIRECTION ( 'NONE',  ( 0.000000000000000000, -0.7938448021158673873, 0.6081204076115348522 ) ) ;
#259 = VECTOR ( 'NONE', #5912, 1000.000000000000000 ) ;
#260 = PLANE ( 'NONE',  #2681 ) ;
#261 = DIRECTION ( 'NONE',  ( -0.03670001594897864122, 0.9993263274973519517, 0.000000000000000000 ) ) ;
#262 = ORIENTED_EDGE ( 'NONE', *, *, #2508, .T. ) ;
#263 = EDGE_CURVE ( 'NONE', #4177, #1795, #659, .T. ) ;
#264 = ADVANCED_FACE ( 'NONE', ( #2602 ), #1526, .T. ) ;
#265 = VECTOR ( 'NONE', #2512, 999.9999999999998863 ) ;
#266 = CARTESIAN_POINT ( 'NONE',  ( 5.288723860066889770, 5.960515702776803870, 0.000000000000000000 ) ) ;
#267 = CARTESIAN_POINT ( 'NONE',  ( 152.0777421034210590, -1.165244497598718620, 9.804599309964982597E-15 ) ) ;
#268 = CARTESIAN_POINT ( 'NONE',  ( 88.66911395920068628, 74.40221837649806957, -207.3857090794443252 ) ) ;
#269 = CARTESIAN_POINT ( 'NONE',  ( 146.5281689998066383, 5.448479403202865612, -196.7521058068590207 ) ) ;
#270 = VECTOR ( 'NONE', #3674, 1000.000000000000227 ) ;
#271 = VERTEX_POINT ( 'NONE', #5578 ) ;
#272 = EDGE_LOOP ( 'NONE', ( #2514, #1360, #5153, #4247 ) ) ;
#273 = ORIENTED_EDGE ( 'NONE', *, *, #2784, .F. ) ;
#274 = AXIS2_PLACEMENT_3D ( 'NONE', #1173, #3602, #4576 ) ;
#275 = LINE ( 'NONE', #2120, #5007 ) ;
#276 = EDGE_LOOP ( 'NONE', ( #5701, #1746, #4105, #598 ) ) ;
#277 = VECTOR ( 'NONE', #3214, 1000.000000000000000 ) ;
#278 = CARTESIAN_POINT ( 'NONE',  ( 152.0777421034210590, -1.165244497598739493, -169.1207854632994270 ) ) ;
#279 = VERTEX_POINT ( 'NONE', #87 ) ;
#280 = CARTESIAN_POINT ( 'NONE',  ( 162.6890253046868224, -0.9862314261816789163, 0.000000000000000000 ) ) ;
#281 = LINE ( 'NONE', #6159, #4446 ) ;
#282 = CARTESIAN_POINT ( 'NONE',  ( 160.0897257406245160, -10.71355509462316569, -111.1107496186580050 ) ) ;
#283 = DIRECTION ( 'NONE',  ( 0.6427875972986035746, -0.7660444535136902156, 6.018531076210112041E-33 ) ) ;
#284 = LINE ( 'NONE', #2738, #2714 ) ;
#286 = ORIENTED_EDGE ( 'NONE', *, *, #1313, .F. ) ;
#285 = CARTESIAN_POINT ( 'NONE',  ( 152.0777421034210590, -1.165244497598718620, 9.804599309964982597E-15 ) ) ;
#287 = B_SPLINE_CURVE_WITH_KNOTS ( 'NONE', 3,
 ( #2110, #714, #2689, #5634, #3232, #3623, #2174, #4136, #6113, #1698 ),
 .UNSPECIFIED., .F., .F.,
 ( 4, 3, 3, 4 ),
 ( 0.000000000000000000, 0.002559018337875107810, 0.01279509169080729827, 0.05100005557288254943 ),
 .UNSPECIFIED. ) ;
#288 = CARTESIAN_POINT ( 'NONE',  ( 10.28439103035841207, 8.709359799856461137, 0.000000000000000000 ) ) ;
#289 = EDGE_LOOP ( 'NONE', ( #3693, #2434, #5365 ) ) ;
#290 = ORIENTED_EDGE ( 'NONE', *, *, #4426, .T. ) ;
#291 = VECTOR ( 'NONE', #3952, 1000.000000000000000 ) ;
#292 = LINE ( 'NONE', #4194, #717 ) ;
#293 = CARTESIAN_POINT ( 'NONE',  ( 152.0777421034210590, -1.165244497598690865, -265.7147902047275352 ) ) ;
#294 = DIRECTION ( 'NONE',  ( 8.796262431460665264E-49, -1.048297769837185521E-48, -1.000000000000000000 ) ) ;
#295 = VECTOR ( 'NONE', #4152, 1000.000000000000000 ) ;
#296 = DIRECTION ( 'NONE',  ( -1.000000000000000000, 0.000000000000000000, 0.000000000000000000 ) ) ;
#297 = DIRECTION ( 'NONE',  ( -0.4545194689124505971, 0.5416752277698736462, -0.7071067811865470176 ) ) ;
#298 = EDGE_CURVE ( 'NONE', #3401, #4452, #5453, .T. ) ;
#299 = ORIENTED_EDGE ( 'NONE', *, *, #4614, .F. ) ;
#300 = ADVANCED_FACE ( 'NONE', ( #2030, #3997, #4448, #603, #5965, #3015 ), #3715, .F. ) ;
#301 = CARTESIAN_POINT ( 'NONE',  ( 152.2492416656317573, -1.369629723703938984, -288.0000000000000000 ) ) ;
#302 = DIRECTION ( 'NONE',  ( -6.378601426329706152E-17, -5.352281928482944175E-17, 1.000000000000000000 ) ) ;
#303 = DIRECTION ( 'NONE',  ( 0.7660444535136902156, 0.6427875972986035746, 0.000000000000000000 ) ) ;
#304 = ORIENTED_EDGE ( 'NONE', *, *, #3278, .F. ) ;
#305 = EDGE_CURVE ( 'NONE', #685, #2565, #6070, .T. ) ;
#306 = ORIENTED_EDGE ( 'NONE', *, *, #4214, .T. ) ;
#307 = ORIENTED_EDGE ( 'NONE', *, *, #1884, .T. ) ;
#308 = CARTESIAN_POINT ( 'NONE',  ( 146.5281689998066099, 5.448479403202883375, 9.804599309964982597E-15 ) ) ;
#309 = ORIENTED_EDGE ( 'NONE', *, *, #1800, .T. ) ;
#310 = LINE ( 'NONE', #5221, #5491 ) ;
#311 = ORIENTED_EDGE ( 'NONE', *, *, #4606, .F. ) ;
#312 = CARTESIAN_POINT ( 'NONE',  ( 46.61076787400243404, -5.256312205029069595, 0.000000000000000000 ) ) ;
#313 = CARTESIAN_POINT ( 'NONE',  ( 184.3164905826809843, -0.1919649274716477561, -232.2606149048790201 ) ) ;
#314 = FACE_OUTER_BOUND ( 'NONE', #5055, .T. ) ;
#315 = CARTESIAN_POINT ( 'NONE',  ( 154.7636551171322878, -0.7769488897788283666, -45.00000000000000711 ) ) ;
#316 = CARTESIAN_POINT ( 'NONE',  ( 148.0602579068340106, 6.734054597800090747, 9.804599309964982597E-15 ) ) ;
#318 = EDGE_LOOP ( 'NONE', ( #6167, #710, #2464 ) ) ;
#317 = CARTESIAN_POINT ( 'NONE',  ( 83.51378602969181486, 83.65754687295131475, -10.40377391325058554 ) ) ;
#319 = DIRECTION ( 'NONE',  ( 0.000000000000000000, 0.7938448021158684975, -0.6081204076115334090 ) ) ;
#320 = ORIENTED_EDGE ( 'NONE', *, *, #725, .T. ) ;
#321 = EDGE_LOOP ( 'NONE', ( #4809, #5036, #5939 ) ) ;
#322 = EDGE_CURVE ( 'NONE', #374, #5554, #5461, .T. ) ;
#323 = DIRECTION ( 'NONE',  ( 0.7660444535136902156, 0.6427875972986035746, 0.000000000000000000 ) ) ;
#324 = LINE ( 'NONE', #4228, #711 ) ;
#325 = DIRECTION ( 'NONE',  ( 0.7660444535136902156, 0.6427875972986035746, 0.000000000000000000 ) ) ;
#326 = CARTESIAN_POINT ( 'NONE',  ( 180.7118548347820308, 1.479851949423631075, -163.0000000000000284 ) ) ;
#327 = CARTESIAN_POINT ( 'NONE',  ( 73.39784499682926366, -4.265261773012135826, 0.000000000000000000 ) ) ;
#328 = EDGE_CURVE ( 'NONE', #1795, #2978, #2136, .T. ) ;
#329 = ORIENTED_EDGE ( 'NONE', *, *, #5125, .T. ) ;
#330 = EDGE_CURVE ( 'NONE', #2121, #433, #3550, .T. ) ;
#331 = FACE_BOUND ( 'NONE', #289, .T. ) ;
#332 = CARTESIAN_POINT ( 'NONE',  ( 184.3164905826810127, 0.6287855708830621948, -283.9131283650028763 ) ) ;
#333 = EDGE_CURVE ( 'NONE', #5554, #4665, #1632, .T. ) ;
#334 = FACE_BOUND ( 'NONE', #837, .T. ) ;
#335 = ORIENTED_EDGE ( 'NONE', *, *, #3665, .T. ) ;
#336 = ORIENTED_EDGE ( 'NONE', *, *, #4762, .T. ) ;
#337 = VERTEX_POINT ( 'NONE', #1535 ) ;
#338 = VECTOR ( 'NONE', #3299, 1000.000000000000000 ) ;
#339 = CARTESIAN_POINT ( 'NONE',  ( 152.0777421034210306, -1.165244497598677098, 9.804599309964982597E-15 ) ) ;
#340 = ORIENTED_EDGE ( 'NONE', *, *, #1763, .T. ) ;
#341 = CARTESIAN_POINT ( 'NONE',  ( 184.3164905826809843, -0.1919652221612422049, -158.0000000000000000 ) ) ;
#342 = EDGE_CURVE ( 'NONE', #5921, #3153, #3055, .T. ) ;
#343 = ORIENTED_EDGE ( 'NONE', *, *, #4204, .T. ) ;
#344 = EDGE_CURVE ( 'NONE', #2805, #1795, #4495, .T. ) ;
#345 = CARTESIAN_POINT ( 'NONE',  ( 103.1615656577619973, -3.172122366968166851, 0.000000000000000000 ) ) ;
#346 = DIRECTION ( 'NONE',  ( -0.7660444535136902156, -0.6427875972986035746, -0.000000000000000000 ) ) ;
#347 = LINE ( 'NONE', #5580, #4143 ) ;
#348 = LINE ( 'NONE', #5504, #2927 ) ;
#349 = DIRECTION ( 'NONE',  ( 0.7660444535136902156, 0.6427875972986035746, 0.000000000000000000 ) ) ;
#351 = ORIENTED_EDGE ( 'NONE', *, *, #2428, .T. ) ;
#350 = FACE_OUTER_BOUND ( 'NONE', #4139, .T. ) ;
#352 = CARTESIAN_POINT ( 'NONE',  ( 92.63593509028650885, 16.07812253983292194, 0.000000000000000000 ) ) ;
#353 = ORIENTED_EDGE ( 'NONE', *, *, #5405, .F. ) ;
#354 = ORIENTED_EDGE ( 'NONE', *, *, #1435, .F. ) ;
#355 = EDGE_CURVE ( 'NONE', #1478, #2260, #636, .T. ) ;
#356 = DIRECTION ( 'NONE',  ( 3.380198677952664937E-14, 1.000000000000000000, 0.000000000000000000 ) ) ;
#357 = DIRECTION ( 'NONE',  ( -0.4545194689124505971, 0.5416752277698736462, -0.7071067811865470176 ) ) ;
#358 = VECTOR ( 'NONE', #5612, 1000.000000000000000 ) ;
#359 = CARTESIAN_POINT ( 'NONE',  ( 152.0777421034211159, -1.165244497598704854, -179.8757090794443059 ) ) ;
#360 = CARTESIAN_POINT ( 'NONE',  ( 146.5281689998066099, 5.448479403202883375, 9.804599309964982597E-15 ) ) ;
#361 = FACE_OUTER_BOUND ( 'NONE', #981, .T. ) ;
#362 = ORIENTED_EDGE ( 'NONE', *, *, #1010, .T. ) ;
#363 = AXIS2_PLACEMENT_3D ( 'NONE', #1070, #2999, #1951 ) ;
#364 = CARTESIAN_POINT ( 'NONE',  ( 146.5281689998066383, 5.448479403202869165, -21.26989883339208731 ) ) ;
#365 = FACE_OUTER_BOUND ( 'NONE', #6340, .T. ) ;
#366 = LINE ( 'NONE', #1699, #3296 ) ;
#367 = CARTESIAN_POINT ( 'NONE',  ( 173.8844180756896378, -0.5750677431939354989, -2.000000000000019540 ) ) ;
#368 = ORIENTED_EDGE ( 'NONE', *, *, #1328, .T. ) ;
#369 = VECTOR ( 'NONE', #2334, 1000.000000000000000 ) ;
#370 = VERTEX_POINT ( 'NONE', #4099 ) ;
#371 = VECTOR ( 'NONE', #4264, 1000.000000000000000 ) ;
#372 = VECTOR ( 'NONE', #2189, 1000.000000000000114 ) ;
#373 = DIRECTION ( 'NONE',  ( 0.000000000000000000, -1.000000000000000000, 1.048297769837185521E-48 ) ) ;
#374 = VERTEX_POINT ( 'NONE', #1568 ) ;
#375 = CARTESIAN_POINT ( 'NONE',  ( 146.4960923206249106, 8.598154615796921973, -103.0000000000000142 ) ) ;
#376 = ORIENTED_EDGE ( 'NONE', *, *, #5572, .T. ) ;
#377 = CARTESIAN_POINT ( 'NONE',  ( 184.3164905826809843, -0.1919646852789477498, -284.2939877747580795 ) ) ;
#378 = CARTESIAN_POINT ( 'NONE',  ( 146.5281689998065815, 5.448479403202894034, -42.65842572212225292 ) ) ;
#379 = CARTESIAN_POINT ( 'NONE',  ( 90.20120286622807271, 75.68779357109528405, -244.3261105482872608 ) ) ;
#380 = CARTESIAN_POINT ( 'NONE',  ( 154.7820051982125449, -1.276612148293300830, -24.86339445954305205 ) ) ;
#382 = ORIENTED_EDGE ( 'NONE', *, *, #355, .F. ) ;
#381 = CARTESIAN_POINT ( 'NONE',  ( 165.5079701971998247, 4.842342053817214165, -225.9999999999999432 ) ) ;
#383 = CARTESIAN_POINT ( 'NONE',  ( 123.9195029661540985, 10.36153792711955290, -518.9999999999998863 ) ) ;
#384 = ORIENTED_EDGE ( 'NONE', *, *, #1534, .T. ) ;
#385 = VERTEX_POINT ( 'NONE', #1155 ) ;
#386 = EDGE_CURVE ( 'NONE', #3314, #4086, #3120, .T. ) ;
#387 = CARTESIAN_POINT ( 'NONE',  ( 154.7820052482145741, -1.276612207883409233, -229.0000000000000284 ) ) ;
#388 = DIRECTION ( 'NONE',  ( 0.7660444535136902156, 0.6427875972986035746, 0.000000000000000000 ) ) ;
#389 = DIRECTION ( 'NONE',  ( 0.7660444535136902156, 0.6427875972986035746, 0.000000000000000000 ) ) ;
#390 = EDGE_CURVE ( 'NONE', #4616, #2595, #125, .T. ) ;
#391 = PLANE ( 'NONE',  #4056 ) ;
#392 = FACE_BOUND ( 'NONE', #6187, .T. ) ;
#393 = CARTESIAN_POINT ( 'NONE',  ( 88.66911395920068628, 74.40221837649806957, -134.2089397439838763 ) ) ;
#394 = AXIS2_PLACEMENT_3D ( 'NONE', #4568, #1108, #4953 ) ;
#395 = AXIS2_PLACEMENT_3D ( 'NONE', #2909, #1954, #3398 ) ;
#396 = DIRECTION ( 'NONE',  ( 1.000000000000000000, 0.000000000000000000, 0.000000000000000000 ) ) ;
#397 = CARTESIAN_POINT ( 'NONE',  ( 88.66911395920067207, 74.40221837649805536, -100.7413238259620698 ) ) ;
#398 = VECTOR ( 'NONE', #5535, 999.9999999999998863 ) ;
#399 = DIRECTION ( 'NONE',  ( 0.6427875972986036857, -0.7660444535136901045, 1.368455531567204475E-48 ) ) ;
#400 = FACE_OUTER_BOUND ( 'NONE', #2632, .T. ) ;
#401 = DIRECTION ( 'NONE',  ( -0.4545194689124505416, 0.5416752277698733131, 0.7071067811865473507 ) ) ;
#402 = ORIENTED_EDGE ( 'NONE', *, *, #2492, .F. ) ;
#403 = ORIENTED_EDGE ( 'NONE', *, *, #2572, .F. ) ;
#404 = LINE ( 'NONE', #5766, #4799 ) ;
#405 = ORIENTED_EDGE ( 'NONE', *, *, #3138, .F. ) ;
#406 = CARTESIAN_POINT ( 'NONE',  ( 154.3747231731880731, -0.7912323158307302817, -45.00000000000000711 ) ) ;
#407 = ADVANCED_FACE ( 'NONE', ( #5104 ), #2578, .F. ) ;
#408 = ORIENTED_EDGE ( 'NONE', *, *, #4676, .F. ) ;
#409 = ADVANCED_FACE ( 'NONE', ( #4586 ), #4005, .F. ) ;
#410 = EDGE_CURVE ( 'NONE', #4717, #1229, #3570, .T. ) ;
#411 = CARTESIAN_POINT ( 'NONE',  ( 184.3164905826810127, -0.1919649371877195920, -230.0868716349596639 ) ) ;
#412 = PLANE ( 'NONE',  #2498 ) ;
#413 = CARTESIAN_POINT ( 'NONE',  ( 154.7820052472198142, -1.276612206697862684, -11.38306723883069260 ) ) ;
#414 = ORIENTED_EDGE ( 'NONE', *, *, #5090, .T. ) ;
#415 = EDGE_CURVE ( 'NONE', #5673, #2886, #4785, .T. ) ;
#416 = CARTESIAN_POINT ( 'NONE',  ( 110.4191829968820571, 14.32427872526386636, 0.000000000000000000 ) ) ;
#417 = VERTEX_POINT ( 'NONE', #2774 ) ;
#418 = VECTOR ( 'NONE', #1247, 1000.000000000000000 ) ;
#419 = ORIENTED_EDGE ( 'NONE', *, *, #3816, .F. ) ;
#420 = EDGE_CURVE ( 'NONE', #1903, #2574, #3748, .T. ) ;
#421 = CARTESIAN_POINT ( 'NONE',  ( 146.7043981481850778, 8.349905389290904978, -284.2939914720719230 ) ) ;
#422 = DIRECTION ( 'NONE',  ( 0.6427875972986036857, -0.7660444535136901045, 1.368455531567204475E-48 ) ) ;
#423 = LINE ( 'NONE', #3319, #4553 ) ;
#424 = CARTESIAN_POINT ( 'NONE',  ( 147.6519444068506175, 8.186576727800373376, -286.0000000000000000 ) ) ;
#425 = CARTESIAN_POINT ( 'NONE',  ( 123.0436635007866357, -2.442807090201178255, -518.9999999999994316 ) ) ;
#426 = EDGE_CURVE ( 'NONE', #3734, #2427, #5875, .T. ) ;
#427 = DIRECTION ( 'NONE',  ( 0.4545194689124487653, -0.5416752277698714257, 0.7071067811865500152 ) ) ;
#428 = PLANE ( 'NONE',  #2397 ) ;
#429 = FACE_BOUND ( 'NONE', #1244, .T. ) ;
#430 = DIRECTION ( 'NONE',  ( -0.9993263278466425481, -0.03670000643793608353, -0.000000000000000000 ) ) ;
#431 = CARTESIAN_POINT ( 'NONE',  ( 146.6804820242333847, 8.616731880612455541, -47.99999999999998579 ) ) ;
#432 = VERTEX_POINT ( 'NONE', #3783 ) ;
#433 = VERTEX_POINT ( 'NONE', #2325 ) ;
#434 = AXIS2_PLACEMENT_3D ( 'NONE', #771, #2650, #3716 ) ;
#435 = DIRECTION ( 'NONE',  ( 0.7660444535136902156, 0.6427875972986035746, 0.000000000000000000 ) ) ;
#436 = ORIENTED_EDGE ( 'NONE', *, *, #2680, .F. ) ;
#437 = LINE ( 'NONE', #4342, #149 ) ;
#438 = ADVANCED_FACE ( 'NONE', ( #1217 ), #6102, .F. ) ;
#439 = ORIENTED_EDGE ( 'NONE', *, *, #5072, .T. ) ;
#440 = CARTESIAN_POINT ( 'NONE',  ( 184.3164905826809559, -0.1919647222622350713, -276.6169327611693234 ) ) ;
#441 = DIRECTION ( 'NONE',  ( 0.7660444535136902156, 0.6427875972986035746, 0.000000000000000000 ) ) ;
#442 = PLANE ( 'NONE',  #4465 ) ;
#443 = ORIENTED_EDGE ( 'NONE', *, *, #1150, .F. ) ;
#444 = CARTESIAN_POINT ( 'NONE',  ( 180.7040290666258784, 1.486459005793485000, 0.000000000000000000 ) ) ;
#445 = VECTOR ( 'NONE', #1662, 1000.000000000000114 ) ;
#446 = ORIENTED_EDGE ( 'NONE', *, *, #2664, .T. ) ;
#447 = VERTEX_POINT ( 'NONE', #1281 ) ;
#448 = VECTOR ( 'NONE', #5558, 1000.000000000000000 ) ;
#449 = CARTESIAN_POINT ( 'NONE',  ( 154.3747231386197711, -0.7912322746338683599, -158.0000000000000000 ) ) ;
#450 = CARTESIAN_POINT ( 'NONE',  ( 184.3164905826809559, 0.3083716158436003996, -100.0000000000000000 ) ) ;
#451 = FACE_OUTER_BOUND ( 'NONE', #4744, .T. ) ;
#452 = CARTESIAN_POINT ( 'NONE',  ( 160.4225906074966872, 5.847851174746541147, -285.9999999999999432 ) ) ;
#453 = EDGE_CURVE ( 'NONE', #3314, #6132, #5720, .T. ) ;
#454 = CARTESIAN_POINT ( 'NONE',  ( 162.6890253046868224, -0.9862314261816789163, 0.000000000000000000 ) ) ;
#455 = VECTOR ( 'NONE', #2741, 1000.000000000000000 ) ;
#456 = LINE ( 'NONE', #877, #6334 ) ;
#457 = CARTESIAN_POINT ( 'NONE',  ( 184.3164905826809843, 0.6289050935864557434, -225.9999999999999716 ) ) ;
#458 = DIRECTION ( 'NONE',  ( -0.4545194689124503751, 0.5416752277698730911, 0.7071067811865476838 ) ) ;
#459 = DIRECTION ( 'NONE',  ( 0.03670001594897783631, -0.9993263274973519517, 0.000000000000000000 ) ) ;
#460 = CARTESIAN_POINT ( 'NONE',  ( 148.0602579068340674, 6.734054597800069430, -280.5910341644320170 ) ) ;
#461 = VECTOR ( 'NONE', #841, 1000.000000000000000 ) ;
#462 = ORIENTED_EDGE ( 'NONE', *, *, #3696, .T. ) ;
#463 = EDGE_CURVE ( 'NONE', #1406, #5117, #768, .T. ) ;
#464 = ORIENTED_EDGE ( 'NONE', *, *, #5150, .T. ) ;
#465 = CARTESIAN_POINT ( 'NONE',  ( 76.16017446853155093, -3.205133064337230664, -518.9999999999995453 ) ) ;
#466 = AXIS2_PLACEMENT_3D ( 'NONE', #4048, #5440, #3921 ) ;
#467 = DIRECTION ( 'NONE',  ( 0.7660444535136902156, 0.6427875972986035746, 0.000000000000000000 ) ) ;
#468 = EDGE_LOOP ( 'NONE', ( #4053, #5807, #610, #1431 ) ) ;
#469 = CARTESIAN_POINT ( 'NONE',  ( 184.3164905826810127, 0.6291130284240969983, -90.26503056310335182 ) ) ;
#470 = VERTEX_POINT ( 'NONE', #1316 ) ;
#471 = EDGE_LOOP ( 'NONE', ( #2751, #922, #664 ) ) ;
#472 = CARTESIAN_POINT ( 'NONE',  ( 152.0777421034211159, -1.165244497598704854, -267.8361105482872517 ) ) ;
#473 = DIRECTION ( 'NONE',  ( 0.4545194689124504306, -0.5416752277698734241, 0.7071067811865473507 ) ) ;
#474 = VERTEX_POINT ( 'NONE', #4688 ) ;
#475 = CARTESIAN_POINT ( 'NONE',  ( 152.0777421034210590, -1.165244497598715290, -66.59787332367238832 ) ) ;
#476 = AXIS2_PLACEMENT_3D ( 'NONE', #4808, #4777, #5319 ) ;
#477 = ORIENTED_EDGE ( 'NONE', *, *, #3371, .F. ) ;
#478 = CARTESIAN_POINT ( 'NONE',  ( 207.7788598165462588, -67.54725382381595011, -185.3018732127386272 ) ) ;
#479 = FACE_BOUND ( 'NONE', #4268, .T. ) ;
#480 = DIRECTION ( 'NONE',  ( 6.378601426329706152E-17, 5.352281928482944175E-17, -1.000000000000000000 ) ) ;
#481 = DIRECTION ( 'NONE',  ( 0.000000000000000000, 0.000000000000000000, -1.000000000000000000 ) ) ;
#482 = CARTESIAN_POINT ( 'NONE',  ( 0.1058519167028372926, 0.5357566850058824715, 0.000000000000000000 ) ) ;
#483 = EDGE_CURVE ( 'NONE', #2779, #5857, #5169, .T. ) ;
#484 = FACE_OUTER_BOUND ( 'NONE', #223, .T. ) ;
#485 = CARTESIAN_POINT ( 'NONE',  ( 153.6098310104484597, 0.1203306969984885288, 9.804599309964982597E-15 ) ) ;
#486 = DIRECTION ( 'NONE',  ( 0.6427875972986035746, -0.7660444535136902156, 6.018531076210112041E-33 ) ) ;
#487 = EDGE_CURVE ( 'NONE', #1021, #5197, #292, .T. ) ;
#488 = CARTESIAN_POINT ( 'NONE',  ( 184.3164905826809843, 0.6290155530310499454, -161.0000000000000000 ) ) ;
#489 = LINE ( 'NONE', #4795, #1909 ) ;
#490 = EDGE_CURVE ( 'NONE', #5263, #1327, #2261, .T. ) ;
#491 = ORIENTED_EDGE ( 'NONE', *, *, #4327, .T. ) ;
#492 = VECTOR ( 'NONE', #4459, 1000.000000000000000 ) ;
#493 = ORIENTED_EDGE ( 'NONE', *, *, #1398, .T. ) ;
#494 = VECTOR ( 'NONE', #3093, 1000.000000000000000 ) ;
#495 = CARTESIAN_POINT ( 'NONE',  ( 16.83547113299186648, -5.407696804887159203, 0.000000000000000000 ) ) ;
#496 = DIRECTION ( 'NONE',  ( 6.378601426329706152E-17, 5.352281928482944175E-17, -1.000000000000000000 ) ) ;
#497 = LINE ( 'NONE', #5404, #3968 ) ;
#498 = EDGE_CURVE ( 'NONE', #4507, #155, #5751, .T. ) ;
#499 = CARTESIAN_POINT ( 'NONE',  ( 146.5281689998066383, 5.448479403202896698, -244.3261105482872608 ) ) ;
#500 = ORIENTED_EDGE ( 'NONE', *, *, #330, .T. ) ;
#501 = DIRECTION ( 'NONE',  ( 0.4545194689124502085, -0.5416752277698728690, -0.7071067811865479058 ) ) ;
#502 = EDGE_LOOP ( 'NONE', ( #1041, #3633, #3653, #4683 ) ) ;
#503 = EDGE_LOOP ( 'NONE', ( #2533, #2788, #2535, #762 ) ) ;
#504 = CARTESIAN_POINT ( 'NONE',  ( 182.0613528659529550, 1.163839926411475156, -287.9999999999998863 ) ) ;
#505 = LINE ( 'NONE', #6321, #1491 ) ;
#506 = VERTEX_POINT ( 'NONE', #256 ) ;
#507 = CARTESIAN_POINT ( 'NONE',  ( 167.7448731412377469, -0.8005534099515204671, -287.9999999999996021 ) ) ;
#508 = ORIENTED_EDGE ( 'NONE', *, *, #5358, .F. ) ;
#509 = AXIS2_PLACEMENT_3D ( 'NONE', #4387, #989, #5966 ) ;
#510 = CARTESIAN_POINT ( 'NONE',  ( 154.3747233051220178, -0.7912324730635189596, -221.0000000000000000 ) ) ;
#511 = CARTESIAN_POINT ( 'NONE',  ( 168.2884815441682065, -20.48445209919029253, -123.8657496186580289 ) ) ;
#512 = CARTESIAN_POINT ( 'NONE',  ( 181.0410211647847802, -32.57088979219674485, -141.3216724783158327 ) ) ;
#513 = CARTESIAN_POINT ( 'NONE',  ( 152.0777421034210590, -1.165244497598703077, -64.47655302367238050 ) ) ;
#514 = CARTESIAN_POINT ( 'NONE',  ( 12.37476417434010401, -5.160025936651757128, 0.000000000000000000 ) ) ;
#515 = ORIENTED_EDGE ( 'NONE', *, *, #3819, .T. ) ;
#516 = PLANE ( 'NONE',  #2924 ) ;
#517 = FACE_OUTER_BOUND ( 'NONE', #3116, .T. ) ;
#518 = CARTESIAN_POINT ( 'NONE',  ( 146.5281689998066383, 5.448479403202855842, -110.8202600875434740 ) ) ;
#519 = CARTESIAN_POINT ( 'NONE',  ( 88.66911395920068628, 74.40221837649806957, -257.0811869321423728 ) ) ;
#520 = CARTESIAN_POINT ( 'NONE',  ( 182.5314947306299871, -0.2575301722529184656, 0.000000000000000000 ) ) ;
#521 = ORIENTED_EDGE ( 'NONE', *, *, #1003, .T. ) ;
#522 = CARTESIAN_POINT ( 'NONE',  ( 73.83725383742341819, -2.883126266565492202, -518.9999999999997726 ) ) ;
#523 = DIRECTION ( 'NONE',  ( 0.9993263269200405308, 0.03670003166892942675, 0.000000000000000000 ) ) ;
#524 = CARTESIAN_POINT ( 'NONE',  ( 0.000000000000000000, 0.000000000000000000, -45.00000000000000711 ) ) ;
#525 = DIRECTION ( 'NONE',  ( 0.000000000000000000, 0.7938448021158682755, 0.6081204076115337420 ) ) ;
#526 = ORIENTED_EDGE ( 'NONE', *, *, #5709, .F. ) ;
#527 = CARTESIAN_POINT ( 'NONE',  ( 184.3164905826809843, 0.6287808212754242287, -286.0000000000000568 ) ) ;
#528 = EDGE_LOOP ( 'NONE', ( #1167, #5715, #3305, #1685, #1980, #699, #362, #3075 ) ) ;
#529 = ORIENTED_EDGE ( 'NONE', *, *, #330, .F. ) ;
#530 = ADVANCED_FACE ( 'NONE', ( #4160 ), #4749, .T. ) ;
#531 = FACE_BOUND ( 'NONE', #5443, .T. ) ;
#532 = EDGE_LOOP ( 'NONE', ( #5796, #3579, #3828, #5133 ) ) ;
#533 = CARTESIAN_POINT ( 'NONE',  ( 146.5281689998066383, 5.448479403202841631, -169.1207854632994270 ) ) ;
#534 = EDGE_CURVE ( 'NONE', #3534, #5489, #5688, .T. ) ;
#535 = EDGE_LOOP ( 'NONE', ( #3430, #5450, #5183 ) ) ;
#536 = ADVANCED_FACE ( 'NONE', ( #839 ), #6200, .T. ) ;
#537 = CARTESIAN_POINT ( 'NONE',  ( 146.5281689998066099, 5.448479403202883375, 9.804599309964982597E-15 ) ) ;
#538 = CARTESIAN_POINT ( 'NONE',  ( 146.5281689998066099, 5.448479403202883375, 9.804599309964982597E-15 ) ) ;
#539 = LINE ( 'NONE', #3999, #1776 ) ;
#540 = VECTOR ( 'NONE', #5043, 1000.000000000000000 ) ;
#541 = CARTESIAN_POINT ( 'NONE',  ( 166.6197860648234723, 4.591138886153394161, -285.9999999999998295 ) ) ;
#542 = VERTEX_POINT ( 'NONE', #769 ) ;
#543 = CARTESIAN_POINT ( 'NONE',  ( 69.36424691922144348, 0.3079748919317497613, -519.0000000000005684 ) ) ;
#544 = ORIENTED_EDGE ( 'NONE', *, *, #3415, .F. ) ;
#545 = DIRECTION ( 'NONE',  ( 0.6427875972986019093, -0.7660444535136915478, 0.000000000000000000 ) ) ;
#546 = CARTESIAN_POINT ( 'NONE',  ( 184.3164905826810127, 0.6291569725744867725, -52.00000000000000711 ) ) ;
#547 = DIRECTION ( 'NONE',  ( 0.03670000643793511208, -0.9993263278466426591, 0.000000000000000000 ) ) ;
#548 = CARTESIAN_POINT ( 'NONE',  ( 170.4501873314200395, 3.807228502657420854, -105.0000000000000000 ) ) ;
#549 = LINE ( 'NONE', #3453, #5001 ) ;
#550 = ORIENTED_EDGE ( 'NONE', *, *, #483, .T. ) ;
#551 = CARTESIAN_POINT ( 'NONE',  ( 71.07027657719348213, 2.424663669806871091, -518.9999999999985221 ) ) ;
#552 = CARTESIAN_POINT ( 'NONE',  ( 0.2369446264043124084, -6.451904643693847419, -163.0000000000000000 ) ) ;
#553 = DIRECTION ( 'NONE',  ( 0.9993263269200405308, 0.03670003166892942675, 0.000000000000000000 ) ) ;
#554 = CARTESIAN_POINT ( 'NONE',  ( 152.0777421034211159, -1.165244497598704854, -179.8757090794443059 ) ) ;
#555 = ORIENTED_EDGE ( 'NONE', *, *, #3244, .F. ) ;
#556 = DIRECTION ( 'NONE',  ( 0.000000000000000000, -1.000000000000000000, 1.048297769837185521E-48 ) ) ;
#557 = ORIENTED_EDGE ( 'NONE', *, *, #1313, .T. ) ;
#558 = EDGE_LOOP ( 'NONE', ( #920, #3905, #1871 ) ) ;
#559 = EDGE_LOOP ( 'NONE', ( #5832, #3486, #44, #4861 ) ) ;
#560 = VECTOR ( 'NONE', #939, 1000.000000000000000 ) ;
#561 = ADVANCED_FACE ( 'NONE', ( #5622 ), #5170, .T. ) ;
#562 = DIRECTION ( 'NONE',  ( -6.378601426329706152E-17, -5.352281928482944175E-17, 1.000000000000000000 ) ) ;
#563 = ORIENTED_EDGE ( 'NONE', *, *, #2444, .F. ) ;
#564 = CARTESIAN_POINT ( 'NONE',  ( 146.4478853129096478, 8.656688963823146565, -50.00000000000000000 ) ) ;
#565 = VERTEX_POINT ( 'NONE', #704 ) ;
#566 = VECTOR ( 'NONE', #4848, 1000.000000000000000 ) ;
#567 = LINE ( 'NONE', #1052, #4988 ) ;
#568 = PLANE ( 'NONE',  #509 ) ;
#569 = LINE ( 'NONE', #2093, #2711 ) ;
#570 = DIRECTION ( 'NONE',  ( 0.7660444535136902156, 0.6427875972986035746, 0.000000000000000000 ) ) ;
#571 = EDGE_LOOP ( 'NONE', ( #4110, #3171, #2322, #5971 ) ) ;
#572 = VECTOR ( 'NONE', #5772, 1000.000000000000000 ) ;
#573 = ADVANCED_FACE ( 'NONE', ( #1218 ), #2713, .T. ) ;
#574 = CARTESIAN_POINT ( 'NONE',  ( 70.29015320382269749, -1.760224377041226251, -518.9999999999989768 ) ) ;
#575 = ORIENTED_EDGE ( 'NONE', *, *, #1435, .T. ) ;
#576 = VECTOR ( 'NONE', #703, 1000.000000000000000 ) ;
#577 = CARTESIAN_POINT ( 'NONE',  ( 179.4939268584717524, 1.752396962257196211, -519.0000000000002274 ) ) ;
#578 = DIRECTION ( 'NONE',  ( 0.03670000350780839443, -0.9993263279542508037, 0.000000000000000000 ) ) ;
#579 = DIRECTION ( 'NONE',  ( 0.7660444535136902156, 0.6427875972986035746, 0.000000000000000000 ) ) ;
#580 = SURFACE_STYLE_FILL_AREA ( #4979 ) ;
#581 = DIRECTION ( 'NONE',  ( 0.000000000000000000, 0.000000000000000000, -1.000000000000000000 ) ) ;
#582 = AXIS2_PLACEMENT_3D ( 'NONE', #2898, #3823, #2869 ) ;
#583 = DIRECTION ( 'NONE',  ( -1.000000000000000000, 0.000000000000000000, 0.000000000000000000 ) ) ;
#584 = ORIENTED_EDGE ( 'NONE', *, *, #1078, .F. ) ;
#585 = CARTESIAN_POINT ( 'NONE',  ( 10.89045217061305593, -5.037991088537396855, 0.000000000000000000 ) ) ;
#586 = DIRECTION ( 'NONE',  ( 0.6427875972986036857, -0.7660444535136901045, 6.429662040127087133E-15 ) ) ;
#587 = CARTESIAN_POINT ( 'NONE',  ( 154.7820051455650798, -1.276612085550572262, -189.4431894912500525 ) ) ;
#588 = CARTESIAN_POINT ( 'NONE',  ( 153.6098310104484881, 0.1203306969984467567, -267.8361105482872517 ) ) ;
#589 = VERTEX_POINT ( 'NONE', #809 ) ;
#590 = CARTESIAN_POINT ( 'NONE',  ( 90.20120286622807271, 75.68779357109526984, -121.4538633601287501 ) ) ;
#591 = ORIENTED_EDGE ( 'NONE', *, *, #4949, .F. ) ;
#592 = VECTOR ( 'NONE', #4697, 1000.000000000000000 ) ;
#593 = VERTEX_POINT ( 'NONE', #4128 ) ;
#594 = ORIENTED_EDGE ( 'NONE', *, *, #3500, .F. ) ;
#595 = VECTOR ( 'NONE', #2760, 1000.000000000000000 ) ;
#596 = VECTOR ( 'NONE', #832, 1000.000000000000000 ) ;
#597 = CARTESIAN_POINT ( 'NONE',  ( 154.7820052473065857, -1.276612206801323257, -228.5590183378629661 ) ) ;
#598 = ORIENTED_EDGE ( 'NONE', *, *, #4265, .T. ) ;
#599 = EDGE_CURVE ( 'NONE', #1903, #5640, #3191, .T. ) ;
#600 = CARTESIAN_POINT ( 'NONE',  ( 183.5138206310431030, -0.2214500910299230241, -288.0000000000007390 ) ) ;
#601 = EDGE_CURVE ( 'NONE', #1269, #4509, #4195, .T. ) ;
#602 = EDGE_CURVE ( 'NONE', #3037, #2548, #1720, .T. ) ;
#603 = FACE_BOUND ( 'NONE', #3071, .T. ) ;
#604 = CARTESIAN_POINT ( 'NONE',  ( 184.3164905826809843, 0.3083718411603731391, -166.0000000000000000 ) ) ;
#605 = FACE_OUTER_BOUND ( 'NONE', #766, .T. ) ;
#606 = EDGE_CURVE ( 'NONE', #2727, #2148, #3158, .T. ) ;
#607 = FACE_OUTER_BOUND ( 'NONE', #5890, .T. ) ;
#608 = VERTEX_POINT ( 'NONE', #2745 ) ;
#609 = CARTESIAN_POINT ( 'NONE',  ( 69.29643318206649383, 0.0005751045010077147001, -518.9999999999998863 ) ) ;
#610 = ORIENTED_EDGE ( 'NONE', *, *, #2115, .T. ) ;
#611 = CARTESIAN_POINT ( 'NONE',  ( 169.0856202977918485, 4.121625089013121190, 0.000000000000000000 ) ) ;
#612 = CARTESIAN_POINT ( 'NONE',  ( 154.7820051040489204, -1.276612036073485834, -57.97104278834681423 ) ) ;
#613 = CARTESIAN_POINT ( 'NONE',  ( 141.7227456530524137, 14.28680784239818458, -105.0000000000000142 ) ) ;
#614 = DIRECTION ( 'NONE',  ( 0.03670001594897783631, -0.9993263274973519517, 0.000000000000000000 ) ) ;
#615 = LINE ( 'NONE', #1131, #4746 ) ;
#616 = LINE ( 'NONE', #2556, #3243 ) ;
#617 = ORIENTED_EDGE ( 'NONE', *, *, #5861, .F. ) ;
#618 = CARTESIAN_POINT ( 'NONE',  ( 142.5908565353081201, 8.521159497931883209, -518.9999999999989768 ) ) ;
#619 = DIRECTION ( 'NONE',  ( 0.000000000000000000, 0.000000000000000000, -1.000000000000000000 ) ) ;
#620 = CARTESIAN_POINT ( 'NONE',  ( 154.7820051023886663, -1.276612034094879888, -172.5300611262097163 ) ) ;
#621 = DIRECTION ( 'NONE',  ( 0.6427875972986035746, -0.7660444535136902156, -1.028966569397398444E-14 ) ) ;
#622 = VERTEX_POINT ( 'NONE', #160 ) ;
#623 = ORIENTED_EDGE ( 'NONE', *, *, #5819, .F. ) ;
#624 = ORIENTED_EDGE ( 'NONE', *, *, #956, .F. ) ;
#625 = ADVANCED_FACE ( 'NONE', ( #4161 ), #4587, .T. ) ;
#626 = CARTESIAN_POINT ( 'NONE',  ( 146.5281689998066099, 5.448479403202883375, 9.804599309964982597E-15 ) ) ;
#627 = VERTEX_POINT ( 'NONE', #5136 ) ;
#628 = FACE_OUTER_BOUND ( 'NONE', #2640, .T. ) ;
#629 = CARTESIAN_POINT ( 'NONE',  ( 154.7820050345175105, -1.276611953209101147, -100.0000000000000000 ) ) ;
#630 = CARTESIAN_POINT ( 'NONE',  ( 146.6279675797218545, 8.440991796832367555, -224.0000000000000000 ) ) ;
#631 = CARTESIAN_POINT ( 'NONE',  ( 150.9176543540538944, 7.740729887780002372, -161.0000000000000853 ) ) ;
#632 = DIRECTION ( 'NONE',  ( 0.7660444535136902156, 0.6427875972986035746, 0.000000000000000000 ) ) ;
#633 = EDGE_LOOP ( 'NONE', ( #2149, #5112, #3141, #5541 ) ) ;
#634 = CARTESIAN_POINT ( 'NONE',  ( 3.915125652207560591, 4.896618974382517919, 0.000000000000000000 ) ) ;
#635 = VERTEX_POINT ( 'NONE', #738 ) ;
#636 = LINE ( 'NONE', #5555, #3330 ) ;
#637 = AXIS2_PLACEMENT_3D ( 'NONE', #5697, #5760, #2690 ) ;
#638 = CARTESIAN_POINT ( 'NONE',  ( 186.6676197587139256, 0.07203536032383085763, -288.0000000000000000 ) ) ;
#639 = CARTESIAN_POINT ( 'NONE',  ( 153.6098310104484597, 0.1203306969984885288, -177.7543887358846746 ) ) ;
#640 = EDGE_CURVE ( 'NONE', #3067, #2964, #4620, .T. ) ;
#641 = PLANE ( 'NONE',  #1562 ) ;
#642 = DIRECTION ( 'NONE',  ( 0.6427875972986036857, -0.7660444535136901045, 0.000000000000000000 ) ) ;
#643 = VERTEX_POINT ( 'NONE', #193 ) ;
#644 = CARTESIAN_POINT ( 'NONE',  ( 101.4114260866250277, 10.52563944550377961, -519.0000000000001137 ) ) ;
#645 = CARTESIAN_POINT ( 'NONE',  ( 184.3164905826809559, 0.3083716158436003996, -103.0000000000000142 ) ) ;
#646 = FACE_OUTER_BOUND ( 'NONE', #4124, .T. ) ;
#647 = PLANE ( 'NONE',  #5212 ) ;
#648 = B_SPLINE_CURVE_WITH_KNOTS ( 'NONE', 3,
 ( #2410, #5802, #4254, #1899, #3284, #4382, #3902 ),
 .UNSPECIFIED., .F., .F.,
 ( 4, 1, 1, 1, 4 ),
 ( 0.000000000000000000, 0.008267520452723680149, 0.01881378520200539459, 0.02936004995128710729, 0.02955439548556617474 ),
 .UNSPECIFIED. ) ;
#649 = ORIENTED_EDGE ( 'NONE', *, *, #5629, .T. ) ;
#650 = EDGE_CURVE ( 'NONE', #2595, #6218, #3681, .T. ) ;
#651 = ORIENTED_EDGE ( 'NONE', *, *, #5916, .F. ) ;
#652 = VECTOR ( 'NONE', #1049, 1000.000000000000000 ) ;
#653 = ORIENTED_EDGE ( 'NONE', *, *, #2976, .F. ) ;
#654 = CARTESIAN_POINT ( 'NONE',  ( 154.7820052482145741, -1.276612207883409233, -229.0000000000000284 ) ) ;
#655 = VERTEX_POINT ( 'NONE', #293 ) ;
#656 = PLANE ( 'NONE',  #5168 ) ;
#657 = VECTOR ( 'NONE', #6235, 1000.000000000000000 ) ;
#658 = VECTOR ( 'NONE', #921, 1000.000000000000114 ) ;
#659 = LINE ( 'NONE', #5485, #4155 ) ;
#660 = CARTESIAN_POINT ( 'NONE',  ( 146.5661578865249908, 8.514653723176067501, -170.2607008904124655 ) ) ;
#661 = CARTESIAN_POINT ( 'NONE',  ( 154.3747230897492670, -0.7912322163922186347, -108.0000000000000142 ) ) ;
#662 = LINE ( 'NONE', #4711, #4590 ) ;
#663 = CARTESIAN_POINT ( 'NONE',  ( 164.9536733190311963, -0.9030610241545513617, -104.9999999999999005 ) ) ;
#664 = ORIENTED_EDGE ( 'NONE', *, *, #3625, .F. ) ;
#665 = CARTESIAN_POINT ( 'NONE',  ( 71.41261912768368347, 2.745488383284409917, -519.0000000000021600 ) ) ;
#666 = ORIENTED_EDGE ( 'NONE', *, *, #6352, .F. ) ;
#667 = ORIENTED_EDGE ( 'NONE', *, *, #2970, .T. ) ;
#668 = VECTOR ( 'NONE', #1850, 1000.000000000000000 ) ;
#669 = AXIS2_PLACEMENT_3D ( 'NONE', #5941, #6008, #1128 ) ;
#670 = CARTESIAN_POINT ( 'NONE',  ( 146.4038160459663231, 8.708125201244095948, -2.000000000000000000 ) ) ;
#671 = DIRECTION ( 'NONE',  ( 0.7660444535136902156, 0.6427875972986035746, 0.000000000000000000 ) ) ;
#672 = VECTOR ( 'NONE', #1379, 1000.000000000000000 ) ;
#673 = CARTESIAN_POINT ( 'NONE',  ( 146.5281689998066383, 5.448479403202890481, -192.6306326955890995 ) ) ;
#674 = LINE ( 'NONE', #2616, #2165 ) ;
#675 = DIRECTION ( 'NONE',  ( 0.6427875972986033526, -0.7660444535136903266, 0.000000000000000000 ) ) ;
#676 = ORIENTED_EDGE ( 'NONE', *, *, #5201, .F. ) ;
#677 = EDGE_CURVE ( 'NONE', #417, #1091, #2233, .T. ) ;
#678 = ADVANCED_FACE ( 'NONE', ( #5689 ), #226, .F. ) ;
#679 = CARTESIAN_POINT ( 'NONE',  ( 36.13289284619103370, 15.51048799562104463, 0.000000000000000000 ) ) ;
#680 = DIRECTION ( 'NONE',  ( -6.378601426329706152E-17, -5.352281928482944175E-17, 1.000000000000000000 ) ) ;
#681 = FACE_BOUND ( 'NONE', #4309, .T. ) ;
#682 = EDGE_CURVE ( 'NONE', #1109, #5311, #1689, .T. ) ;
#683 = CARTESIAN_POINT ( 'NONE',  ( 189.2397769683284992, -42.34178679676386992, -154.0766724783158281 ) ) ;
#684 = ORIENTED_EDGE ( 'NONE', *, *, #4816, .T. ) ;
#685 = VERTEX_POINT ( 'NONE', #1157 ) ;
#686 = VERTEX_POINT ( 'NONE', #5070 ) ;
#687 = CARTESIAN_POINT ( 'NONE',  ( 146.5281689998066383, 5.448479403202897586, -278.4697138208725278 ) ) ;
#688 = ORIENTED_EDGE ( 'NONE', *, *, #1618, .T. ) ;
#689 = CARTESIAN_POINT ( 'NONE',  ( 180.9875099674322598, 1.414289088536329286, -224.0000000000001421 ) ) ;
#690 = AXIS2_PLACEMENT_3D ( 'NONE', #4655, #6172, #3195 ) ;
#691 = VECTOR ( 'NONE', #545, 1000.000000000000000 ) ;
#692 = VECTOR ( 'NONE', #5885, 1000.000000000000000 ) ;
#693 = CARTESIAN_POINT ( 'NONE',  ( 174.5945035064749220, -0.5489890037486334640, 0.000000000000000000 ) ) ;
#694 = VECTOR ( 'NONE', #4890, 1000.000000000000000 ) ;
#695 = CARTESIAN_POINT ( 'NONE',  ( 159.3400630087565162, -1.109216659586855114, -223.9999999999997726 ) ) ;
#696 = LINE ( 'NONE', #3640, #5386 ) ;
#697 = DIRECTION ( 'NONE',  ( 0.000000000000000000, 1.000000000000000000, 0.000000000000000000 ) ) ;
#698 = LINE ( 'NONE', #6065, #5189 ) ;
#699 = ORIENTED_EDGE ( 'NONE', *, *, #2041, .F. ) ;
#700 = CARTESIAN_POINT ( 'NONE',  ( 13.03937251214219550, 9.841104693651816504, 0.000000000000000000 ) ) ;
#701 = ORIENTED_EDGE ( 'NONE', *, *, #5282, .T. ) ;
#702 = ORIENTED_EDGE ( 'NONE', *, *, #3337, .T. ) ;
#703 = DIRECTION ( 'NONE',  ( -6.378601426329706152E-17, -5.352281928482944175E-17, 1.000000000000000000 ) ) ;
#704 = CARTESIAN_POINT ( 'NONE',  ( 148.0602579068340390, 6.734054597800104069, -77.23147659367238305 ) ) ;
#705 = LINE ( 'NONE', #3750, #1488 ) ;
#706 = SHAPE_DEFINITION_REPRESENTATION ( #1863, #4418 ) ;
#707 = FACE_OUTER_BOUND ( 'NONE', #2291, .T. ) ;
#708 = EDGE_CURVE ( 'NONE', #231, #1957, #6071, .T. ) ;
#709 = DIRECTION ( 'NONE',  ( -6.378601426329706152E-17, -5.352281928482944175E-17, 1.000000000000000000 ) ) ;
#710 = ORIENTED_EDGE ( 'NONE', *, *, #3932, .F. ) ;
#711 = VECTOR ( 'NONE', #3291, 1000.000000000000000 ) ;
#712 = CARTESIAN_POINT ( 'NONE',  ( 127.6634988278498355, 10.09967979251546666, -519.0000000000005684 ) ) ;
#713 = B_SPLINE_CURVE_WITH_KNOTS ( 'NONE', 3,
 ( #630, #5095, #216, #5062, #2604, #3147, #4118, #5647, #247, #660, #4091, #6032, #1238 ),
 .UNSPECIFIED., .F., .F.,
 ( 4, 3, 3, 3, 4 ),
 ( 0.000000000000000000, 0.002559018337883973114, 0.01279509169188868499, 0.05373938525118885506, 0.06100009664002515458 ),
 .UNSPECIFIED. ) ;
#714 = CARTESIAN_POINT ( 'NONE',  ( 146.4952506805423127, 8.599157643421992958, -102.1469948923053721 ) ) ;
#715 = CARTESIAN_POINT ( 'NONE',  ( 155.4109767651796119, -1.253513102526439216, -225.9999999999998010 ) ) ;
#716 = DIRECTION ( 'NONE',  ( -0.6427875972986035746, 0.7660444535136903266, 0.000000000000000000 ) ) ;
#717 = VECTOR ( 'NONE', #6168, 1000.000000000000000 ) ;
#718 = ORIENTED_EDGE ( 'NONE', *, *, #4419, .T. ) ;
#719 = VERTEX_POINT ( 'NONE', #5589 ) ;
#720 = VERTEX_POINT ( 'NONE', #1185 ) ;
#721 = EDGE_CURVE ( 'NONE', #5618, #627, #4297, .T. ) ;
#722 = CARTESIAN_POINT ( 'NONE',  ( 114.1802020361657100, 43.99928651130858981, 39.68820834723265989 ) ) ;
#723 = ORIENTED_EDGE ( 'NONE', *, *, #4934, .T. ) ;
#724 = DIRECTION ( 'NONE',  ( 1.033226753553822541E-15, -1.231351735951706906E-15, 1.000000000000000000 ) ) ;
#725 = EDGE_CURVE ( 'NONE', #6178, #6095, #5275, .T. ) ;
#726 = CARTESIAN_POINT ( 'NONE',  ( 111.7920803194954260, -2.853370928900184733, -519.0000000000007958 ) ) ;
#727 = CARTESIAN_POINT ( 'NONE',  ( 153.6098310104484597, 0.1203306969984937330, -134.2089397439838763 ) ) ;
#728 = PLANE ( 'NONE',  #2195 ) ;
#729 = DIRECTION ( 'NONE',  ( 0.7660444535136902156, 0.6427875972986035746, 0.000000000000000000 ) ) ;
#730 = CARTESIAN_POINT ( 'NONE',  ( 152.0777421034210590, -1.165244497598690865, -146.9638633601287552 ) ) ;
#731 = VERTEX_POINT ( 'NONE', #3846 ) ;
#732 = ADVANCED_FACE ( 'NONE', ( #5265 ), #1408, .F. ) ;
#733 = CARTESIAN_POINT ( 'NONE',  ( 6.322581031833100162, 6.648350067546798137, 0.000000000000000000 ) ) ;
#734 = EDGE_LOOP ( 'NONE', ( #4245, #1566, #5552 ) ) ;
#735 = ORIENTED_EDGE ( 'NONE', *, *, #4984, .T. ) ;
#736 = EDGE_CURVE ( 'NONE', #1265, #1019, #5326, .T. ) ;
#737 = DIRECTION ( 'NONE',  ( 0.000000000000000000, 0.7938448021158682755, 0.6081204076115337420 ) ) ;
#738 = CARTESIAN_POINT ( 'NONE',  ( 148.0602579068340106, 6.734054597800095188, -73.11015629367237523 ) ) ;
#739 = DIRECTION ( 'NONE',  ( 0.9993263279542508037, 0.03670000350780839443, 0.000000000000000000 ) ) ;
#740 = DIRECTION ( 'NONE',  ( 0.7660444535136902156, 0.6427875972986035746, 0.000000000000000000 ) ) ;
#741 = DIRECTION ( 'NONE',  ( -0.9993263269200400867, -0.03670003166893779506, -0.000000000000000000 ) ) ;
#742 = EDGE_LOOP ( 'NONE', ( #3568, #6013, #2084, #3581 ) ) ;
#743 = CARTESIAN_POINT ( 'NONE',  ( 81.06612863422485304, 7.380224242437853910, -519.0000000000002274 ) ) ;
#744 = PLANE ( 'NONE',  #4046 ) ;
#745 = LINE ( 'NONE', #5731, #338 ) ;
#746 = AXIS2_PLACEMENT_3D ( 'NONE', #5139, #4230, #2777 ) ;
#747 = LINE ( 'NONE', #203, #2920 ) ;
#748 = ORIENTED_EDGE ( 'NONE', *, *, #3812, .T. ) ;
#749 = ORIENTED_EDGE ( 'NONE', *, *, #2558, .F. ) ;
#750 = ORIENTED_EDGE ( 'NONE', *, *, #4537, .F. ) ;
#751 = FACE_OUTER_BOUND ( 'NONE', #5167, .T. ) ;
#752 = ORIENTED_EDGE ( 'NONE', *, *, #1263, .F. ) ;
#753 = VECTOR ( 'NONE', #1869, 1000.000000000000000 ) ;
#754 = CARTESIAN_POINT ( 'NONE',  ( 154.7820050330806509, -1.276611951496848807, -108.0000000000000284 ) ) ;
#755 = CARTESIAN_POINT ( 'NONE',  ( 132.9252984366976591, -2.079301641002748280, 0.000000000000000000 ) ) ;
#756 = EDGE_CURVE ( 'NONE', #5508, #1703, #932, .T. ) ;
#757 = CARTESIAN_POINT ( 'NONE',  ( 155.3936157383905936, -1.254150683096935337, -223.9999999999997442 ) ) ;
#758 = CARTESIAN_POINT ( 'NONE',  ( 168.2884815441682065, -20.48445209919029253, -123.8657496186580289 ) ) ;
#759 = DIRECTION ( 'NONE',  ( 6.550283474172087106E-15, -7.935864152663668107E-15, 1.000000000000000000 ) ) ;
#760 = DIRECTION ( 'NONE',  ( 0.000000000000000000, 1.000000000000000000, 0.000000000000000000 ) ) ;
#762 = ORIENTED_EDGE ( 'NONE', *, *, #4526, .T. ) ;
#761 = CARTESIAN_POINT ( 'NONE',  ( 146.6303774828396911, 8.438119786039575132, -226.0000000000000000 ) ) ;
#763 = VECTOR ( 'NONE', #1054, 1000.000000000000000 ) ;
#764 = EDGE_CURVE ( 'NONE', #3037, #5383, #5295, .T. ) ;
#765 = CARTESIAN_POINT ( 'NONE',  ( 95.79389313773053516, 10.15838271942708460, -519.0000000000001137 ) ) ;
#766 = EDGE_LOOP ( 'NONE', ( #22, #3399, #3771, #2832 ) ) ;
#767 = ORIENTED_EDGE ( 'NONE', *, *, #5706, .T. ) ;
#768 = LINE ( 'NONE', #1750, #5645 ) ;
#769 = CARTESIAN_POINT ( 'NONE',  ( 148.0602579068340390, 6.734054597800049002, -169.1207854632994270 ) ) ;
#770 = DIRECTION ( 'NONE',  ( 0.6427875972986036857, -0.7660444535136901045, 0.000000000000000000 ) ) ;
#771 = CARTESIAN_POINT ( 'NONE',  ( 0.000000000000000000, 0.000000000000000000, 0.000000000000000000 ) ) ;
#772 = EDGE_CURVE ( 'NONE', #542, #5596, #958, .T. ) ;
#773 = VECTOR ( 'NONE', #1639, 1000.000000000000114 ) ;
#774 = CARTESIAN_POINT ( 'NONE',  ( 152.0777421034210306, -1.165244497598671547, -209.5070294230038996 ) ) ;
#775 = CARTESIAN_POINT ( 'NONE',  ( 115.7122909431930822, 45.28486170590580429, 39.68820834723265989 ) ) ;
#776 = ORIENTED_EDGE ( 'NONE', *, *, #215, .F. ) ;
#777 = VECTOR ( 'NONE', #1929, 1000.000000000000000 ) ;
#778 = LINE ( 'NONE', #1225, #4353 ) ;
#779 = CARTESIAN_POINT ( 'NONE',  ( 152.0777421034210874, -1.165244497598732387, -119.4538633601287501 ) ) ;
#780 = DIRECTION ( 'NONE',  ( 0.4545194689124497089, -0.5416752277698725360, 0.7071067811865484609 ) ) ;
#781 = VECTOR ( 'NONE', #5032, 1000.000000000000000 ) ;
#782 = ORIENTED_EDGE ( 'NONE', *, *, #1916, .T. ) ;
#783 = EDGE_LOOP ( 'NONE', ( #844, #4439, #575, #1276 ) ) ;
#784 = ORIENTED_EDGE ( 'NONE', *, *, #1540, .T. ) ;
#785 = AXIS2_PLACEMENT_3D ( 'NONE', #478, #1407, #931 ) ;
#786 = VECTOR ( 'NONE', #957, 1000.000000000000000 ) ;
#787 = LINE ( 'NONE', #2215, #2527 ) ;
#788 = VERTEX_POINT ( 'NONE', #450 ) ;
#789 = LINE ( 'NONE', #3802, #4663 ) ;
#790 = ADVANCED_FACE ( 'NONE', ( #1905 ), #4750, .T. ) ;
#791 = VERTEX_POINT ( 'NONE', #2326 ) ;
#792 = CARTESIAN_POINT ( 'NONE',  ( 156.7981010113006448, -1.202570083322960004, -519.0000000000001137 ) ) ;
#793 = LINE ( 'NONE', #3281, #2208 ) ;
#794 = LINE ( 'NONE', #3148, #1592 ) ;
#795 = EDGE_CURVE ( 'NONE', #1965, #506, #5842, .T. ) ;
#796 = DIRECTION ( 'NONE',  ( 0.000000000000000000, -0.7938448022037754015, -0.6081204074967792028 ) ) ;
#797 = LINE ( 'NONE', #1652, #270 ) ;
#799 = ORIENTED_EDGE ( 'NONE', *, *, #2577, .F. ) ;
#798 = CARTESIAN_POINT ( 'NONE',  ( 146.5281689998066099, 5.448479403202888705, -89.98640020981726195 ) ) ;
#800 = CARTESIAN_POINT ( 'NONE',  ( 146.5281689998066099, 5.448479403202884264, -23.39121917695166530 ) ) ;
#801 = EDGE_LOOP ( 'NONE', ( #3312, #5180, #1140 ) ) ;
#802 = VECTOR ( 'NONE', #5940, 1000.000000000000114 ) ;
#803 = ORIENTED_EDGE ( 'NONE', *, *, #132, .T. ) ;
#804 = EDGE_CURVE ( 'NONE', #4811, #5763, #3381, .T. ) ;
#805 = VECTOR ( 'NONE', #4469, 1000.000000000000000 ) ;
#806 = EDGE_CURVE ( 'NONE', #2946, #5218, #324, .T. ) ;
#807 = DIRECTION ( 'NONE',  ( 0.7660444535136902156, 0.6427875972986035746, 0.000000000000000000 ) ) ;
#808 = B_SPLINE_CURVE_WITH_KNOTS ( 'NONE', 3,
 ( #5520, #2094, #1627, #663, #1148, #1596 ),
 .UNSPECIFIED., .F., .F.,
 ( 4, 1, 1, 4 ),
 ( 0.000000000000000000, 0.008775699953526939351, 0.01979752955054752198, 0.02955439552142074405 ),
 .UNSPECIFIED. ) ;
#809 = CARTESIAN_POINT ( 'NONE',  ( 153.6098310104485165, 0.1203306969984399566, -246.4474308918468637 ) ) ;
#810 = CARTESIAN_POINT ( 'NONE',  ( 153.6098310104485165, 0.1203306969984885288, -203.2643887358846655 ) ) ;
#811 = VECTOR ( 'NONE', #6064, 1000.000000000000000 ) ;
#812 = DIRECTION ( 'NONE',  ( 0.000000000000000000, 0.000000000000000000, -1.000000000000000000 ) ) ;
#813 = CARTESIAN_POINT ( 'NONE',  ( 138.8780421716078877, -1.860682216793458688, 0.000000000000000000 ) ) ;
#814 = ORIENTED_EDGE ( 'NONE', *, *, #2855, .F. ) ;
#815 = DIRECTION ( 'NONE',  ( 0.4545194688443996989, -0.5416752276887737416, -0.7071067812924155538 ) ) ;
#816 = DIRECTION ( 'NONE',  ( 0.6427875972986036857, -0.7660444535136901045, 1.368455531567204475E-48 ) ) ;
#817 = FACE_BOUND ( 'NONE', #62, .T. ) ;
#818 = EDGE_CURVE ( 'NONE', #2595, #5251, #6201, .T. ) ;
#819 = ORIENTED_EDGE ( 'NONE', *, *, #2328, .T. ) ;
#820 = EDGE_CURVE ( 'NONE', #3708, #2427, #4657, .T. ) ;
#821 = EDGE_LOOP ( 'NONE', ( #3265, #3678, #6084 ) ) ;
#822 = EDGE_LOOP ( 'NONE', ( #2505, #1631, #6083 ) ) ;
#823 = DIRECTION ( 'NONE',  ( 0.6427875972986036857, -0.7660444535136901045, 0.000000000000000000 ) ) ;
#824 = ORIENTED_EDGE ( 'NONE', *, *, #6145, .F. ) ;
#825 = CARTESIAN_POINT ( 'NONE',  ( 154.7820050340538955, -1.276611952656647953, -105.8530061126209745 ) ) ;
#826 = EDGE_CURVE ( 'NONE', #2727, #3314, #3784, .T. ) ;
#827 = ORIENTED_EDGE ( 'NONE', *, *, #4618, .F. ) ;
#828 = CARTESIAN_POINT ( 'NONE',  ( 184.3017278636662297, -0.1925108592156409004, -519.0000000000020464 ) ) ;
#829 = EDGE_CURVE ( 'NONE', #5640, #3203, #5780, .T. ) ;
#830 = CARTESIAN_POINT ( 'NONE',  ( 184.3164905826810127, 0.6292073933220555526, -2.000000000000009326 ) ) ;
#831 = DIRECTION ( 'NONE',  ( 0.000000000000000000, 0.000000000000000000, -1.000000000000000000 ) ) ;
#832 = DIRECTION ( 'NONE',  ( 0.000000000000000000, 0.000000000000000000, -1.000000000000000000 ) ) ;
#833 = CARTESIAN_POINT ( 'NONE',  ( 154.7820052766445826, -1.276612241765025857, -3.706012225241956060 ) ) ;
#835 = VERTEX_POINT ( 'NONE', #2000 ) ;
#834 = PLANE ( 'NONE',  #2528 ) ;
#836 = CARTESIAN_POINT ( 'NONE',  ( 145.7318967508189758, 8.843203441691455780, 0.000000000000000000 ) ) ;
#837 = EDGE_LOOP ( 'NONE', ( #4520, #782, #5573 ) ) ;
#838 = ORIENTED_EDGE ( 'NONE', *, *, #3617, .T. ) ;
#839 = FACE_OUTER_BOUND ( 'NONE', #2729, .T. ) ;
#840 = CARTESIAN_POINT ( 'NONE',  ( 160.2410586198982116, -1.076127447679568805, -285.9999999999998295 ) ) ;
#841 = DIRECTION ( 'NONE',  ( 0.7660444535136902156, 0.6427875972986035746, 0.000000000000000000 ) ) ;
#842 = CARTESIAN_POINT ( 'NONE',  ( 153.6098310104484597, 0.1203306969984937330, -117.3325430165691188 ) ) ;
#843 = CARTESIAN_POINT ( 'NONE',  ( 102.4160381093202687, -3.202978070428026847, -519.0000000000001137 ) ) ;
#844 = ORIENTED_EDGE ( 'NONE', *, *, #1856, .F. ) ;
#845 = EDGE_CURVE ( 'NONE', #4239, #2819, #3543, .T. ) ;
#846 = DIRECTION ( 'NONE',  ( -0.4545194689124505416, 0.5416752277698733131, 0.7071067811865473507 ) ) ;
#847 = CARTESIAN_POINT ( 'NONE',  ( 146.8791698869637798, 8.626018652221295824, 0.000000000000000000 ) ) ;
#848 = CARTESIAN_POINT ( 'NONE',  ( 152.0777421034210306, -1.165244497598677098, 9.804599309964982597E-15 ) ) ;
#849 = CARTESIAN_POINT ( 'NONE',  ( 100.3144231054269966, 60.52387890882658894, 18.11688525909213965 ) ) ;
#850 = VERTEX_POINT ( 'NONE', #1527 ) ;
#851 = ORIENTED_EDGE ( 'NONE', *, *, #1395, .T. ) ;
#852 = AXIS2_PLACEMENT_3D ( 'NONE', #3887, #6338, #2425 ) ;
#853 = CLOSED_SHELL ( 'NONE', ( #4737, #4294, #2134, #6341, #5908, #3013, #300, #5182, #3547, #6188, #3266, #880, #2982, #3128, #3983, #3897, #2958, #2117, #985, #3798, #3090, #1998, #4959, #1448, #536, #4373, #5826, #151, #4480, #1345, #561, #5460, #3062, #1118, #4492, #4567, #1284, #1352, #2479, #4261, #1623, #3585, #407, #4401, #409, #790, #1516, #2660, #911, #1545, #1854, #1666, #1567, #1077, #3455, #5788, #2026, #5241, #4563, #4337, #1731, #2471, #3844, #1255, #6236, #6077, #530, #1425, #4839, #3249, #3791, #2625, #2581, #3491, #264, #6045, #3487, #6216, #3050, #4167, #2466, #2130, #3947, #3044, #2928, #5446, #964, #5671, #1295, #4411, #3462, #17, #3228, #923, #1349, #3939, #2944, #2388, #2357, #2389, #4732, #625, #2274, #5147, #6036, #3757, #1424, #5434, #3328, #2409, #732, #6299, #438, #2271, #5984, #1230, #2438, #6039, #2757, #4818, #4792, #2852, #3692, #3724, #4481, #2079, #4004, #2693, #3860, #3590, #5046, #2796, #5483, #1701, #5980, #3527, #6230, #4391, #2752, #3522, #3336, #854, #3046, #4199, #1104, #1659, #5056, #6302, #6182, #2750, #1199, #2789, #573, #206, #5376, #6280, #2642, #6106, #1388, #4954, #678, #2720, #2596, #4175 ) ) ;
#854 = ADVANCED_FACE ( 'NONE', ( #3473 ), #568, .T. ) ;
#855 = LINE ( 'NONE', #4244, #595 ) ;
#856 = ORIENTED_EDGE ( 'NONE', *, *, #5012, .T. ) ;
#857 = CARTESIAN_POINT ( 'NONE',  ( 154.3747230897488407, -0.7912322163916676310, -100.0000000000000000 ) ) ;
#858 = ORIENTED_EDGE ( 'NONE', *, *, #888, .F. ) ;
#859 = EDGE_CURVE ( 'NONE', #2343, #5805, #3494, .T. ) ;
#860 = CARTESIAN_POINT ( 'NONE',  ( 88.66911395920067207, 74.40221837649805536, -77.23147659367238305 ) ) ;
#861 = PLANE ( 'NONE',  #5185 ) ;
#862 = DIRECTION ( 'NONE',  ( 0.000000000000000000, 0.000000000000000000, 1.000000000000000000 ) ) ;
#863 = FACE_OUTER_BOUND ( 'NONE', #4928, .T. ) ;
#865 = ORIENTED_EDGE ( 'NONE', *, *, #1754, .T. ) ;
#864 = FACE_OUTER_BOUND ( 'NONE', #502, .T. ) ;
#866 = CARTESIAN_POINT ( 'NONE',  ( 154.3747231386197711, -0.7912322746338683599, -163.0000000000000000 ) ) ;
#867 = VERTEX_POINT ( 'NONE', #604 ) ;
#868 = ORIENTED_EDGE ( 'NONE', *, *, #225, .T. ) ;
#869 = CARTESIAN_POINT ( 'NONE',  ( 92.09514463839995813, 70.31923387213281273, 5.329957661905162958 ) ) ;
#870 = CARTESIAN_POINT ( 'NONE',  ( 0.2369445089215563849, -6.451903118993597808, -105.0000000000000142 ) ) ;
#871 = VECTOR ( 'NONE', #152, 1000.000000000000000 ) ;
#872 = DIRECTION ( 'NONE',  ( -0.4545194689124505971, 0.5416752277698736462, -0.7071067811865470176 ) ) ;
#873 = CARTESIAN_POINT ( 'NONE',  ( 0.5559462937697445817, 1.387788744410938246, 0.000000000000000000 ) ) ;
#874 = CARTESIAN_POINT ( 'NONE',  ( 184.3017278636662297, -0.1925108592156409004, -519.0000000000020464 ) ) ;
#875 = PLANE ( 'NONE',  #5261 ) ;
#876 = AXIS2_PLACEMENT_3D ( 'NONE', #1880, #2335, #1357 ) ;
#877 = CARTESIAN_POINT ( 'NONE',  ( 62.56249060553155061, 105.5148815705248779, -40.61469677290837410 ) ) ;
#878 = CARTESIAN_POINT ( 'NONE',  ( 110.7626278965534397, 48.07219290390907673, 34.37140671382515222 ) ) ;
#879 = LINE ( 'NONE', #2269, #6291 ) ;
#880 = ADVANCED_FACE ( 'NONE', ( #3440, #4484, #5902, #5419, #479, #2031, #2477, #88, #1497 ), #2446, .T. ) ;
#881 = DIRECTION ( 'NONE',  ( 0.000000000000000000, -0.7938448021158673873, 0.6081204076115348522 ) ) ;
#882 = EDGE_LOOP ( 'NONE', ( #5521, #2546, #382 ) ) ;
#883 = AXIS2_PLACEMENT_3D ( 'NONE', #282, #4119, #2224 ) ;
#884 = EDGE_CURVE ( 'NONE', #3991, #4941, #3017, .T. ) ;
#885 = ORIENTED_EDGE ( 'NONE', *, *, #5083, .F. ) ;
#886 = EDGE_CURVE ( 'NONE', #3210, #791, #2654, .T. ) ;
#887 = AXIS2_PLACEMENT_3D ( 'NONE', #5713, #4612, #2704 ) ;
#888 = EDGE_CURVE ( 'NONE', #655, #2787, #4421, .T. ) ;
#889 = CARTESIAN_POINT ( 'NONE',  ( 88.66911395920067207, 74.40221837649805536, -75.23147659367238305 ) ) ;
#890 = ORIENTED_EDGE ( 'NONE', *, *, #6177, .F. ) ;
#891 = CARTESIAN_POINT ( 'NONE',  ( 152.0777421034210306, -1.165244497598732609, -21.26989883339205889 ) ) ;
#892 = ORIENTED_EDGE ( 'NONE', *, *, #4725, .F. ) ;
#893 = CARTESIAN_POINT ( 'NONE',  ( 143.6739141975017162, 8.850047929741743147, -288.0000000000000000 ) ) ;
#894 = CARTESIAN_POINT ( 'NONE',  ( 143.6739141975017162, 8.850047929741743147, -288.0000000000000000 ) ) ;
#895 = VECTOR ( 'NONE', #1770, 1000.000000000000000 ) ;
#896 = CARTESIAN_POINT ( 'NONE',  ( 88.66911395920068628, 74.40221837649805536, -119.4538633601287501 ) ) ;
#897 = ORIENTED_EDGE ( 'NONE', *, *, #5155, .F. ) ;
#898 = EDGE_CURVE ( 'NONE', #6293, #1920, #2060, .T. ) ;
#899 = CARTESIAN_POINT ( 'NONE',  ( 161.3201304291505380, 5.788540652017599264, 0.000000000000000000 ) ) ;
#900 = ORIENTED_EDGE ( 'NONE', *, *, #2585, .T. ) ;
#901 = ORIENTED_EDGE ( 'NONE', *, *, #3762, .F. ) ;
#902 = CARTESIAN_POINT ( 'NONE',  ( 146.7066812140465117, 8.347184537259044745, -286.0000000000000568 ) ) ;
#903 = CARTESIAN_POINT ( 'NONE',  ( 184.3164905826809559, 0.6289471635381592707, -203.0912872931326092 ) ) ;
#904 = DIRECTION ( 'NONE',  ( -0.9993263279542504707, -0.03670000350781703335, -0.000000000000000000 ) ) ;
#905 = DIRECTION ( 'NONE',  ( 1.000000000000000000, 0.000000000000000000, 0.000000000000000000 ) ) ;
#906 = CARTESIAN_POINT ( 'NONE',  ( 187.2484497007908999, -0.08428001324051834220, 0.000000000000000000 ) ) ;
#907 = VECTOR ( 'NONE', #3300, 1000.000000000000000 ) ;
#908 = VECTOR ( 'NONE', #1713, 1000.000000000000114 ) ;
#909 = LINE ( 'NONE', #4392, #6124 ) ;
#910 = PLANE ( 'NONE',  #2598 ) ;
#911 = ADVANCED_FACE ( 'NONE', ( #4873 ), #4449, .T. ) ;
#912 = VECTOR ( 'NONE', #3097, 1000.000000000000000 ) ;
#913 = FACE_OUTER_BOUND ( 'NONE', #559, .T. ) ;
#914 = PLANE ( 'NONE',  #3918 ) ;
#915 = CARTESIAN_POINT ( 'NONE',  ( 146.5281689998066099, 5.448479403202848736, -75.23147659367238305 ) ) ;
#916 = ORIENTED_EDGE ( 'NONE', *, *, #490, .T. ) ;
#917 = VERTEX_POINT ( 'NONE', #6359 ) ;
#918 = B_SPLINE_CURVE_WITH_KNOTS ( 'NONE', 3,
 ( #5954, #3429, #1580, #5536, #2532, #3958 ),
 .UNSPECIFIED., .F., .F.,
 ( 4, 1, 1, 4 ),
 ( 0.000000000000000000, 0.009292954042087844466, 0.02079884066362909859, 0.02955439543331121743 ),
 .UNSPECIFIED. ) ;
#919 = DIRECTION ( 'NONE',  ( 0.000000000000000000, 0.000000000000000000, -1.000000000000000000 ) ) ;
#920 = ORIENTED_EDGE ( 'NONE', *, *, #1068, .T. ) ;
#921 = DIRECTION ( 'NONE',  ( 0.4545194689805009403, -0.5416752278509726626, -0.7071067810806797027 ) ) ;
#922 = ORIENTED_EDGE ( 'NONE', *, *, #3188, .T. ) ;
#923 = ADVANCED_FACE ( 'NONE', ( #5869 ), #2952, .F. ) ;
#924 = DIRECTION ( 'NONE',  ( 0.7660444535136902156, 0.6427875972986035746, 0.000000000000000000 ) ) ;
#925 = CARTESIAN_POINT ( 'NONE',  ( 184.2981405747065082, 0.3076979415874339097, -158.0000000000000000 ) ) ;
#926 = CARTESIAN_POINT ( 'NONE',  ( 154.3747231386197711, -0.7912322746338683599, -166.0000000000000000 ) ) ;
#927 = ORIENTED_EDGE ( 'NONE', *, *, #3360, .F. ) ;
#928 = PLANE ( 'NONE',  #1470 ) ;
#929 = ORIENTED_EDGE ( 'NONE', *, *, #6295, .F. ) ;
#930 = VERTEX_POINT ( 'NONE', #3412 ) ;
#931 = DIRECTION ( 'NONE',  ( 0.000000000000000000, 0.7938448021158712731, -0.6081204076115299673 ) ) ;
#932 = LINE ( 'NONE', #4355, #5432 ) ;
#933 = DIRECTION ( 'NONE',  ( 0.4545194689124497089, -0.5416752277698725360, 0.7071067811865484609 ) ) ;
#934 = CARTESIAN_POINT ( 'NONE',  ( 154.2096527840488136, 7.023747436180573622, -285.9999999999999432 ) ) ;
#935 = EDGE_CURVE ( 'NONE', #2025, #5864, #5389, .T. ) ;
#936 = CARTESIAN_POINT ( 'NONE',  ( 187.1123679370104753, -0.08927819265133284110, 0.000000000000000000 ) ) ;
#937 = DIRECTION ( 'NONE',  ( -6.378601426329706152E-17, -5.352281928482944175E-17, 1.000000000000000000 ) ) ;
#938 = DIRECTION ( 'NONE',  ( 0.000000000000000000, -1.000000000000000000, 4.925406943806873377E-15 ) ) ;
#939 = DIRECTION ( 'NONE',  ( 0.6427875972986036857, -0.7660444535136901045, 0.000000000000000000 ) ) ;
#940 = LINE ( 'NONE', #5913, #3499 ) ;
#941 = CARTESIAN_POINT ( 'NONE',  ( 184.3164905826809843, -0.1919658050646005920, -2.000000000000000000 ) ) ;
#942 = ORIENTED_EDGE ( 'NONE', *, *, #4512, .T. ) ;
#943 = EDGE_LOOP ( 'NONE', ( #2290, #4966, #3127, #4141 ) ) ;
#944 = CARTESIAN_POINT ( 'NONE',  ( 22.78903382164070379, -5.601876018064483986, 0.000000000000000000 ) ) ;
#945 = CARTESIAN_POINT ( 'NONE',  ( 184.3164905826810127, 0.3083714254295336077, -45.00000000000000711 ) ) ;
#946 = ORIENTED_EDGE ( 'NONE', *, *, #2669, .F. ) ;
#947 = CARTESIAN_POINT ( 'NONE',  ( 184.3164905826809843, 0.6291466230887864386, -61.38306723882493543 ) ) ;
#948 = ORIENTED_EDGE ( 'NONE', *, *, #5324, .T. ) ;
#949 = ORIENTED_EDGE ( 'NONE', *, *, #2168, .T. ) ;
#950 = DIRECTION ( 'NONE',  ( 0.000000000000000000, -1.000000000000000000, 1.048297769837185521E-48 ) ) ;
#951 = FACE_OUTER_BOUND ( 'NONE', #4441, .T. ) ;
#952 = CARTESIAN_POINT ( 'NONE',  ( 184.3164905826809843, 0.3083718411603722509, -163.0000000000000000 ) ) ;
#953 = EDGE_LOOP ( 'NONE', ( #3376, #4076, #2054, #3660 ) ) ;
#954 = DIRECTION ( 'NONE',  ( 0.7660444535136902156, 0.6427875972986035746, 0.000000000000000000 ) ) ;
#955 = ORIENTED_EDGE ( 'NONE', *, *, #1832, .T. ) ;
#956 = EDGE_CURVE ( 'NONE', #5492, #4706, #3969, .T. ) ;
#957 = DIRECTION ( 'NONE',  ( -6.378601426329706152E-17, -5.352281928482944175E-17, 1.000000000000000000 ) ) ;
#958 = LINE ( 'NONE', #2865, #3464 ) ;
#959 = CARTESIAN_POINT ( 'NONE',  ( 184.3164905826809843, -0.1919649553590160596, -224.0000000000000000 ) ) ;
#960 = EDGE_CURVE ( 'NONE', #1279, #374, #5158, .T. ) ;
#961 = LINE ( 'NONE', #5812, #672 ) ;
#962 = CARTESIAN_POINT ( 'NONE',  ( 69.28460740230239878, -0.2342761566726883626, -518.9999999999995453 ) ) ;
#963 = VECTOR ( 'NONE', #6028, 1000.000000000000000 ) ;
#964 = ADVANCED_FACE ( 'NONE', ( #6128 ), #1711, .F. ) ;
#965 = CARTESIAN_POINT ( 'NONE',  ( 146.5281689998066383, 5.448479403202897586, -278.4697138208725278 ) ) ;
#966 = DIRECTION ( 'NONE',  ( 1.000000000000000000, 0.000000000000000000, 0.000000000000000000 ) ) ;
#967 = CARTESIAN_POINT ( 'NONE',  ( 152.0777421034211159, -1.165244497598718620, -240.2047902047276295 ) ) ;
#968 = CARTESIAN_POINT ( 'NONE',  ( 153.6098310104484597, 0.1203306969984885288, 9.804599309964982597E-15 ) ) ;
#969 = PLANE ( 'NONE',  #2421 ) ;
#970 = VECTOR ( 'NONE', #5810, 1000.000000000000000 ) ;
#971 = VERTEX_POINT ( 'NONE', #1209 ) ;
#972 = AXIS2_PLACEMENT_3D ( 'NONE', #1075, #5475, #3004 ) ;
#973 = ORIENTED_EDGE ( 'NONE', *, *, #5603, .F. ) ;
#974 = CARTESIAN_POINT ( 'NONE',  ( 0.1908648120222380395, -1.166401211495514678, 0.000000000000000000 ) ) ;
#975 = PLANE ( 'NONE',  #83 ) ;
#976 = CARTESIAN_POINT ( 'NONE',  ( 44.02340775731356359, 130.7203485975772423, -71.83989750732985158 ) ) ;
#977 = LINE ( 'NONE', #5887, #3661 ) ;
#978 = ORIENTED_EDGE ( 'NONE', *, *, #2747, .T. ) ;
#979 = PLANE ( 'NONE',  #5181 ) ;
#980 = ORIENTED_EDGE ( 'NONE', *, *, #2664, .F. ) ;
#981 = EDGE_LOOP ( 'NONE', ( #2242, #5459, #723, #286, #2050 ) ) ;
#982 = CARTESIAN_POINT ( 'NONE',  ( 154.7820050803711922, -1.276612007855474573, -158.0000000000000000 ) ) ;
#983 = DIRECTION ( 'NONE',  ( 1.000000000000000000, 0.000000000000000000, 0.000000000000000000 ) ) ;
#984 = EDGE_LOOP ( 'NONE', ( #5609, #3143, #1103, #5562, #1553, #1615 ) ) ;
#985 = ADVANCED_FACE ( 'NONE', ( #6090 ), #3178, .T. ) ;
#986 = DIRECTION ( 'NONE',  ( 0.7660444535136902156, 0.6427875972986035746, 0.000000000000000000 ) ) ;
#987 = EDGE_LOOP ( 'NONE', ( #1664, #929, #3664 ) ) ;
#988 = DIRECTION ( 'NONE',  ( 0.6427875972986036857, -0.7660444535136901045, 0.000000000000000000 ) ) ;
#989 = DIRECTION ( 'NONE',  ( 0.03670003166892941981, -0.9993263269200404197, 0.000000000000000000 ) ) ;
#990 = LINE ( 'NONE', #5390, #1277 ) ;
#991 = PLANE ( 'NONE',  #3008 ) ;
#992 = VECTOR ( 'NONE', #988, 1000.000000000000000 ) ;
#993 = CARTESIAN_POINT ( 'NONE',  ( 0.7755697061579509555, 1.725372692037633771, 0.000000000000000000 ) ) ;
#994 = EDGE_CURVE ( 'NONE', #788, #5937, #2671, .T. ) ;
#995 = EDGE_CURVE ( 'NONE', #1091, #5525, #2570, .T. ) ;
#996 = PLANE ( 'NONE',  #4379 ) ;
#997 = CARTESIAN_POINT ( 'NONE',  ( 152.0777421034210590, -1.165244497598739493, -134.2089397439838763 ) ) ;
#998 = CARTESIAN_POINT ( 'NONE',  ( 175.3132166346071301, -0.5225960995706160350, -162.9999999999999716 ) ) ;
#999 = CARTESIAN_POINT ( 'NONE',  ( 154.7636550312985264, -0.7769487892857795952, -100.0000000000000000 ) ) ;
#1000 = CARTESIAN_POINT ( 'NONE',  ( 146.4477209570765979, 8.655801363977513319, -52.00000000000000711 ) ) ;
#1001 = VECTOR ( 'NONE', #164, 1000.000000000000114 ) ;
#1002 = ORIENTED_EDGE ( 'NONE', *, *, #1591, .T. ) ;
#1003 = EDGE_CURVE ( 'NONE', #4550, #4941, #3671, .T. ) ;
#1004 = AXIS2_PLACEMENT_3D ( 'NONE', #5557, #5071, #6072 ) ;
#1005 = VECTOR ( 'NONE', #823, 1000.000000000000000 ) ;
#1006 = AXIS2_PLACEMENT_3D ( 'NONE', #2657, #3564, #2589 ) ;
#1007 = CARTESIAN_POINT ( 'NONE',  ( 0.5108284000137433001, -1.702787476243948994, 0.000000000000000000 ) ) ;
#1008 = DIRECTION ( 'NONE',  ( -6.378601426329706152E-17, -5.352281928482944175E-17, 1.000000000000000000 ) ) ;
#1009 = CARTESIAN_POINT ( 'NONE',  ( 152.0777421034210306, -1.165244497598671547, -183.9970294230038803 ) ) ;
#1010 = EDGE_CURVE ( 'NONE', #3646, #1820, #713, .T. ) ;
#1011 = LINE ( 'NONE', #2591, #805 ) ;
#1012 = EDGE_LOOP ( 'NONE', ( #4729, #3040, #5092 ) ) ;
#1013 = EDGE_CURVE ( 'NONE', #2405, #622, #4546, .T. ) ;
#1014 = CARTESIAN_POINT ( 'NONE',  ( 154.3747231731879879, -0.7912323158307376092, -50.00000000000000000 ) ) ;
#1015 = ORIENTED_EDGE ( 'NONE', *, *, #2970, .F. ) ;
#1016 = ORIENTED_EDGE ( 'NONE', *, *, #1726, .F. ) ;
#1017 = EDGE_CURVE ( 'NONE', #1833, #2177, #5388, .T. ) ;
#1018 = DIRECTION ( 'NONE',  ( 0.7660444535136902156, 0.6427875972986035746, 0.000000000000000000 ) ) ;
#1019 = VERTEX_POINT ( 'NONE', #6062 ) ;
#1020 = CARTESIAN_POINT ( 'NONE',  ( 187.1542728766891344, -0.08773905617268787371, -287.9999999999997158 ) ) ;
#1021 = VERTEX_POINT ( 'NONE', #3048 ) ;
#1022 = VECTOR ( 'NONE', #1437, 1000.000000000000114 ) ;
#1023 = CARTESIAN_POINT ( 'NONE',  ( 156.0159574520017429, 6.819189305189749639, -103.0000000000000426 ) ) ;
#1024 = CARTESIAN_POINT ( 'NONE',  ( 141.7227456530524137, 14.28680784239818458, -286.0000000000000568 ) ) ;
#1025 = LINE ( 'NONE', #3508, #763 ) ;
#1026 = DIRECTION ( 'NONE',  ( 0.6427875972986036857, -0.7660444535136901045, 0.000000000000000000 ) ) ;
#1027 = ORIENTED_EDGE ( 'NONE', *, *, #650, .F. ) ;
#1028 = AXIS2_PLACEMENT_3D ( 'NONE', #4689, #4069, #6041 ) ;
#1029 = CARTESIAN_POINT ( 'NONE',  ( 28.74557638053131825, -5.650797401801863629, 0.000000000000000000 ) ) ;
#1030 = ORIENTED_EDGE ( 'NONE', *, *, #2517, .T. ) ;
#1031 = CARTESIAN_POINT ( 'NONE',  ( 154.7820051137473172, -1.276612047631594304, -54.03934555857529176 ) ) ;
#1032 = CARTESIAN_POINT ( 'NONE',  ( 146.5281689998066099, 5.448479403202883375, 9.804599309964982597E-15 ) ) ;
#1033 = LINE ( 'NONE', #4527, #4640 ) ;
#1034 = DIRECTION ( 'NONE',  ( 6.378601426329704920E-17, 5.352281928482943559E-17, -1.000000000000000000 ) ) ;
#1035 = CARTESIAN_POINT ( 'NONE',  ( 153.6098310096175510, 0.1203306979887311390, -60.29122467059106327 ) ) ;
#1036 = VERTEX_POINT ( 'NONE', #2156 ) ;
#1037 = CARTESIAN_POINT ( 'NONE',  ( 0.7755697061579509555, 1.725372692037633771, 0.000000000000000000 ) ) ;
#1038 = DIRECTION ( 'NONE',  ( 0.7660444535136902156, 0.6427875972986035746, 0.000000000000000000 ) ) ;
#1039 = CARTESIAN_POINT ( 'NONE',  ( 146.5281689998066383, 5.448479403202897586, -278.4697138208725278 ) ) ;
#1040 = LINE ( 'NONE', #2049, #2525 ) ;
#1041 = ORIENTED_EDGE ( 'NONE', *, *, #1129, .F. ) ;
#1042 = CARTESIAN_POINT ( 'NONE',  ( 184.3164905826809843, 0.6290967658877177904, -103.0000000000000142 ) ) ;
#1043 = ORIENTED_EDGE ( 'NONE', *, *, #994, .F. ) ;
#1044 = ORIENTED_EDGE ( 'NONE', *, *, #1322, .F. ) ;
#1045 = VERTEX_POINT ( 'NONE', #3603 ) ;
#1046 = EDGE_CURVE ( 'NONE', #930, #3175, #2636, .T. ) ;
#1047 = FACE_BOUND ( 'NONE', #2143, .T. ) ;
#1048 = ORIENTED_EDGE ( 'NONE', *, *, #1995, .F. ) ;
#1049 = DIRECTION ( 'NONE',  ( 0.7660444535136902156, 0.6427875972986035746, 0.000000000000000000 ) ) ;
#1050 = ORIENTED_EDGE ( 'NONE', *, *, #420, .T. ) ;
#1051 = EDGE_CURVE ( 'NONE', #4213, #1334, #4674, .T. ) ;
#1052 = CARTESIAN_POINT ( 'NONE',  ( 43.17309805365464825, 128.6222605613255041, -70.77923733555081753 ) ) ;
#1053 = CARTESIAN_POINT ( 'NONE',  ( 187.2484497007908999, -0.08428001324051834220, 0.000000000000000000 ) ) ;
#1054 = DIRECTION ( 'NONE',  ( 6.378601426329706152E-17, 5.352281928482944175E-17, -1.000000000000000000 ) ) ;
#1055 = VECTOR ( 'NONE', #3752, 1000.000000000000000 ) ;
#1056 = LINE ( 'NONE', #2033, #4783 ) ;
#1057 = VERTEX_POINT ( 'NONE', #727 ) ;
#1058 = CARTESIAN_POINT ( 'NONE',  ( 74.45325559964686590, -2.991547703241124623, -518.9999999999990905 ) ) ;
#1059 = EDGE_LOOP ( 'NONE', ( #6215, #299, #3186, #3698 ) ) ;
#1060 = CARTESIAN_POINT ( 'NONE',  ( 166.0332218929083012, 4.611120112488246825, -519.0000000000001137 ) ) ;
#1061 = CARTESIAN_POINT ( 'NONE',  ( 154.7820051163514279, -1.276612050735048465, -53.00000000000002132 ) ) ;
#1062 = CARTESIAN_POINT ( 'NONE',  ( 146.5281689998065815, 5.448479403202918014, -190.5093123520296103 ) ) ;
#1063 = LINE ( 'NONE', #5042, #134 ) ;
#1064 = CARTESIAN_POINT ( 'NONE',  ( 152.0777421034210590, -1.165244497598718620, 9.804599309964982597E-15 ) ) ;
#1065 = VECTOR ( 'NONE', #5797, 1000.000000000000114 ) ;
#1066 = DIRECTION ( 'NONE',  ( -6.378601426329706152E-17, -5.352281928482944175E-17, 1.000000000000000000 ) ) ;
#1067 = ORIENTED_EDGE ( 'NONE', *, *, #1462, .T. ) ;
#1068 = EDGE_CURVE ( 'NONE', #81, #5489, #281, .T. ) ;
#1069 = CARTESIAN_POINT ( 'NONE',  ( 1.755424937789596740, 2.846770284889423852, 0.000000000000000000 ) ) ;
#1070 = CARTESIAN_POINT ( 'NONE',  ( 88.66911395920067207, 74.40221837649805536, -44.77974606568174920 ) ) ;
#1071 = DIRECTION ( 'NONE',  ( 0.7660444535136903266, 0.6427875972986035746, 0.000000000000000000 ) ) ;
#1072 = CARTESIAN_POINT ( 'NONE',  ( 146.5281689998066383, 5.448479403202876270, -132.2087869762735579 ) ) ;
#1073 = EDGE_CURVE ( 'NONE', #2437, #2121, #1625, .T. ) ;
#1074 = ORIENTED_EDGE ( 'NONE', *, *, #4765, .T. ) ;
#1075 = CARTESIAN_POINT ( 'NONE',  ( 88.66911395920185157, 74.40221837649669112, -280.5910341644325854 ) ) ;
#1076 = ORIENTED_EDGE ( 'NONE', *, *, #1480, .F. ) ;
#1077 = ADVANCED_FACE ( 'NONE', ( #1174 ), #1367, .T. ) ;
#1078 = EDGE_CURVE ( 'NONE', #2694, #1493, #1864, .T. ) ;
#1079 = ORIENTED_EDGE ( 'NONE', *, *, #3126, .F. ) ;
#1080 = EDGE_LOOP ( 'NONE', ( #4293, #4033, #1855, #5853 ) ) ;
#1081 = EDGE_CURVE ( 'NONE', #4289, #2379, #6257, .T. ) ;
#1082 = VECTOR ( 'NONE', #1008, 1000.000000000000000 ) ;
#1083 = FACE_BOUND ( 'NONE', #1644, .T. ) ;
#1084 = ORIENTED_EDGE ( 'NONE', *, *, #2401, .F. ) ;
#1085 = DIRECTION ( 'NONE',  ( 0.7660444535136902156, 0.6427875972986035746, 0.000000000000000000 ) ) ;
#1086 = VECTOR ( 'NONE', #5347, 1000.000000000000000 ) ;
#1087 = CARTESIAN_POINT ( 'NONE',  ( 187.0592776780984252, -0.09122815737577198714, -518.9999999999997726 ) ) ;
#1088 = DIRECTION ( 'NONE',  ( -0.6427875972986034636, 0.7660444535136902156, 0.000000000000000000 ) ) ;
#1089 = CARTESIAN_POINT ( 'NONE',  ( 176.3254526750041009, 2.495114193770532562, -161.0000000000001705 ) ) ;
#1090 = CARTESIAN_POINT ( 'NONE',  ( 146.5281689998066383, 5.448479403202869165, -231.5711869321423819 ) ) ;
#1091 = VERTEX_POINT ( 'NONE', #2346 ) ;
#1092 = VECTOR ( 'NONE', #4817, 1000.000000000000114 ) ;
#1093 = CARTESIAN_POINT ( 'NONE',  ( 5.741414752532661758, -4.245057524540879257, 0.000000000000000000 ) ) ;
#1094 = ORIENTED_EDGE ( 'NONE', *, *, #5546, .F. ) ;
#1095 = VECTOR ( 'NONE', #5547, 1000.000000000000000 ) ;
#1096 = CARTESIAN_POINT ( 'NONE',  ( 139.8694997756333578, 9.899595000563286007, 0.000000000000000000 ) ) ;
#1097 = CARTESIAN_POINT ( 'NONE',  ( 154.7820050962137088, -1.276612026735841399, -61.38306723883069083 ) ) ;
#1098 = FACE_OUTER_BOUND ( 'NONE', #1608, .T. ) ;
#1099 = CARTESIAN_POINT ( 'NONE',  ( 154.7820050803711922, -1.276612007855474573, -158.0000000000000000 ) ) ;
#1100 = DIRECTION ( 'NONE',  ( 0.000000000000000000, 0.000000000000000000, -1.000000000000000000 ) ) ;
#1101 = VECTOR ( 'NONE', #1878, 1000.000000000000000 ) ;
#1102 = DIRECTION ( 'NONE',  ( 0.7660444535136902156, 0.6427875972986035746, 0.000000000000000000 ) ) ;
#1103 = ORIENTED_EDGE ( 'NONE', *, *, #2492, .T. ) ;
#1104 = ADVANCED_FACE ( 'NONE', ( #4316 ), #5286, .T. ) ;
#1105 = CARTESIAN_POINT ( 'NONE',  ( 135.1383145951978406, 9.415730348435223718, -519.0000000000001137 ) ) ;
#1106 = DIRECTION ( 'NONE',  ( -0.4545194689124502085, 0.5416752277698729801, 0.7071067811865477948 ) ) ;
#1107 = CARTESIAN_POINT ( 'NONE',  ( 154.7820052272865894, -1.276612182942404861, -219.5797950317069933 ) ) ;
#1108 = DIRECTION ( 'NONE',  ( 0.6427875972986035746, -0.7660444535136902156, 6.018531076210112041E-33 ) ) ;
#1109 = VERTEX_POINT ( 'NONE', #3836 ) ;
#1110 = ORIENTED_EDGE ( 'NONE', *, *, #1630, .F. ) ;
#1111 = VECTOR ( 'NONE', #3518, 1000.000000000000000 ) ;
#1112 = VERTEX_POINT ( 'NONE', #1303 ) ;
#1113 = ORIENTED_EDGE ( 'NONE', *, *, #1889, .F. ) ;
#1114 = AXIS2_PLACEMENT_3D ( 'NONE', #3149, #5129, #796 ) ;
#1115 = FACE_BOUND ( 'NONE', #1232, .T. ) ;
#1116 = ORIENTED_EDGE ( 'NONE', *, *, #3308, .F. ) ;
#1117 = CARTESIAN_POINT ( 'NONE',  ( 184.3164905826810127, 0.6291985383947936716, -11.38306723882647553 ) ) ;
#1118 = ADVANCED_FACE ( 'NONE', ( #4285 ), #5770, .T. ) ;
#1119 = DIRECTION ( 'NONE',  ( -0.4545194689124505971, 0.5416752277698736462, -0.7071067811865470176 ) ) ;
#1120 = DIRECTION ( 'NONE',  ( 0.000000000000000000, 0.000000000000000000, -1.000000000000000000 ) ) ;
#1121 = FACE_OUTER_BOUND ( 'NONE', #2216, .T. ) ;
#1122 = CARTESIAN_POINT ( 'NONE',  ( 88.66911395920068628, 74.40221837649806957, -157.7187869762735488 ) ) ;
#1123 = ORIENTED_EDGE ( 'NONE', *, *, #3819, .F. ) ;
#1124 = CARTESIAN_POINT ( 'NONE',  ( 39.08907586378500554, 15.87556044444603209, 0.000000000000000000 ) ) ;
#1125 = ORIENTED_EDGE ( 'NONE', *, *, #6295, .T. ) ;
#1126 = DIRECTION ( 'NONE',  ( 0.7660444535136902156, 0.6427875972986035746, 0.000000000000000000 ) ) ;
#1127 = DIRECTION ( 'NONE',  ( 0.000000000000000000, 0.000000000000000000, -1.000000000000000000 ) ) ;
#1128 = DIRECTION ( 'NONE',  ( 0.7660444535136902156, 0.6427875972986035746, 0.000000000000000000 ) ) ;
#1129 = EDGE_CURVE ( 'NONE', #3187, #6054, #793, .T. ) ;
#1130 = CARTESIAN_POINT ( 'NONE',  ( 90.20120286622805850, 75.68779357109526984, -100.7413238259620698 ) ) ;
#1131 = CARTESIAN_POINT ( 'NONE',  ( 149.2944990215204655, 2.151695553252720217, -94.31635787172228902 ) ) ;
#1132 = CARTESIAN_POINT ( 'NONE',  ( 155.7291672676767291, -1.241827454374440531, 0.000000000000000000 ) ) ;
#1133 = ORIENTED_EDGE ( 'NONE', *, *, #1073, .T. ) ;
#1134 = CARTESIAN_POINT ( 'NONE',  ( 20.10574056168347568, 12.18236301235734942, 0.000000000000000000 ) ) ;
#1135 = CARTESIAN_POINT ( 'NONE',  ( 112.2947168035808261, 49.35776809850629121, 34.37140671382515222 ) ) ;
#1136 = CARTESIAN_POINT ( 'NONE',  ( 152.0777421034210306, -1.165244497598671547, -123.5751837036883387 ) ) ;
#1137 = CARTESIAN_POINT ( 'NONE',  ( 146.5281689998066099, 5.448479403202890481, -62.41254501415072298 ) ) ;
#1138 = ORIENTED_EDGE ( 'NONE', *, *, #57, .F. ) ;
#1139 = ORIENTED_EDGE ( 'NONE', *, *, #1201, .F. ) ;
#1140 = ORIENTED_EDGE ( 'NONE', *, *, #2980, .T. ) ;
#1141 = VERTEX_POINT ( 'NONE', #5800 ) ;
#1142 = FACE_BOUND ( 'NONE', #5925, .T. ) ;
#1143 = ORIENTED_EDGE ( 'NONE', *, *, #2197, .T. ) ;
#1144 = CARTESIAN_POINT ( 'NONE',  ( 184.3164905826809843, 0.6291613018695099147, -48.00000000000000000 ) ) ;
#1145 = LINE ( 'NONE', #1624, #5811 ) ;
#1146 = CARTESIAN_POINT ( 'NONE',  ( 154.7820052418864805, -1.276612200341903369, -224.0000000000000000 ) ) ;
#1147 = LINE ( 'NONE', #3080, #4460 ) ;
#1148 = CARTESIAN_POINT ( 'NONE',  ( 158.0321034045538795, -1.157252125295012757, -104.9999999999999289 ) ) ;
#1149 = ORIENTED_EDGE ( 'NONE', *, *, #5544, .T. ) ;
#1150 = EDGE_CURVE ( 'NONE', #3187, #1990, #5161, .T. ) ;
#1151 = CARTESIAN_POINT ( 'NONE',  ( 120.1716854172584874, 10.56156015248648217, -519.0000000000006821 ) ) ;
#1152 = ORIENTED_EDGE ( 'NONE', *, *, #2932, .T. ) ;
#1153 = EDGE_CURVE ( 'NONE', #5857, #2106, #5677, .T. ) ;
#1154 = EDGE_CURVE ( 'NONE', #3708, #6293, #2540, .T. ) ;
#1155 = CARTESIAN_POINT ( 'NONE',  ( 153.6098310104484597, 0.1203306969984989372, -34.02482244953695556 ) ) ;
#1156 = VECTOR ( 'NONE', #4916, 1000.000000000000000 ) ;
#1157 = CARTESIAN_POINT ( 'NONE',  ( 146.5281689998066383, 5.448479403202869165, -257.0811869321423728 ) ) ;
#1158 = DIRECTION ( 'NONE',  ( 0.000000000000000000, 1.000000000000000000, 0.000000000000000000 ) ) ;
#1159 = CARTESIAN_POINT ( 'NONE',  ( 154.3747230897488407, -0.7912322163916676310, -100.0000000000000000 ) ) ;
#1160 = DIRECTION ( 'NONE',  ( -0.9993263274973519517, -0.03670001594897864122, -0.000000000000000000 ) ) ;
#1161 = VERTEX_POINT ( 'NONE', #3309 ) ;
#1162 = CARTESIAN_POINT ( 'NONE',  ( 24.42589257288654636, 13.32067908522997612, 0.000000000000000000 ) ) ;
#1163 = DIRECTION ( 'NONE',  ( -6.378601426329706152E-17, -5.352281928482944175E-17, 1.000000000000000000 ) ) ;
#1164 = CARTESIAN_POINT ( 'NONE',  ( 147.8917274065439926, 3.823453719893247449, -53.77894174285808049 ) ) ;
#1165 = DIRECTION ( 'NONE',  ( 0.6427875972985906960, -0.7660444535137010957, 0.000000000000000000 ) ) ;
#1166 = EDGE_LOOP ( 'NONE', ( #2710, #4982, #1387, #5008 ) ) ;
#1167 = ORIENTED_EDGE ( 'NONE', *, *, #3271, .T. ) ;
#1168 = VECTOR ( 'NONE', #4184, 1000.000000000000114 ) ;
#1169 = PLANE ( 'NONE',  #82 ) ;
#1170 = ORIENTED_EDGE ( 'NONE', *, *, #4764, .T. ) ;
#1171 = CARTESIAN_POINT ( 'NONE',  ( 184.3164905826809843, 0.6289088413493783003, -224.0000000000000000 ) ) ;
#1172 = VECTOR ( 'NONE', #2217, 1000.000000000000000 ) ;
#1173 = CARTESIAN_POINT ( 'NONE',  ( 146.5281689998066099, 5.448479403202883375, 9.804599309964982597E-15 ) ) ;
#1174 = FACE_OUTER_BOUND ( 'NONE', #3747, .T. ) ;
#1175 = CARTESIAN_POINT ( 'NONE',  ( 184.3164905826809559, -0.1919652417195990557, -158.1469938873790682 ) ) ;
#1176 = CARTESIAN_POINT ( 'NONE',  ( 154.7820051188861896, -1.276612053755953768, -48.00000000000000000 ) ) ;
#1177 = CARTESIAN_POINT ( 'NONE',  ( 152.0777421034210590, -1.165244497598708184, -34.02482244953695556 ) ) ;
#1178 = ORIENTED_EDGE ( 'NONE', *, *, #5474, .T. ) ;
#1179 = CARTESIAN_POINT ( 'NONE',  ( 36.13289284619103370, 15.51048799562104463, 0.000000000000000000 ) ) ;
#1180 = EDGE_LOOP ( 'NONE', ( #2376, #5058, #1533, #2718 ) ) ;
#1181 = VERTEX_POINT ( 'NONE', #1896 ) ;
#1182 = VECTOR ( 'NONE', #1473, 1000.000000000000000 ) ;
#1183 = AXIS2_PLACEMENT_3D ( 'NONE', #1817, #3122, #3159 ) ;
#1184 = DIRECTION ( 'NONE',  ( 0.6427875972986036857, -0.7660444535136901045, 0.000000000000000000 ) ) ;
#1185 = CARTESIAN_POINT ( 'NONE',  ( 153.6098310104484312, 0.1203306969985249580, -21.26989883339205889 ) ) ;
#1186 = VECTOR ( 'NONE', #562, 1000.000000000000000 ) ;
#1187 = CARTESIAN_POINT ( 'NONE',  ( 146.5281689998066099, 5.448479403202890481, -19.26989883339208376 ) ) ;
#1188 = DIRECTION ( 'NONE',  ( 0.4545194689124497089, -0.5416752277698725360, 0.7071067811865484609 ) ) ;
#1189 = DIRECTION ( 'NONE',  ( 0.6427875972986036857, -0.7660444535136901045, 0.000000000000000000 ) ) ;
#1190 = ORIENTED_EDGE ( 'NONE', *, *, #5660, .F. ) ;
#1191 = CARTESIAN_POINT ( 'NONE',  ( 30.25293213377088364, 14.55707463803126522, 0.000000000000000000 ) ) ;
#1192 = FACE_OUTER_BOUND ( 'NONE', #1261, .T. ) ;
#1193 = CARTESIAN_POINT ( 'NONE',  ( 153.6098310104484597, 0.1203306969984885288, 9.804599309964982597E-15 ) ) ;
#1194 = EDGE_CURVE ( 'NONE', #3890, #2863, #6190, .T. ) ;
#1195 = CARTESIAN_POINT ( 'NONE',  ( 141.7227456530524137, 14.28680784239818458, -48.00000000000000000 ) ) ;
#1196 = EDGE_LOOP ( 'NONE', ( #4600, #4933, #2162, #2758 ) ) ;
#1197 = ORIENTED_EDGE ( 'NONE', *, *, #3654, .T. ) ;
#1198 = ORIENTED_EDGE ( 'NONE', *, *, #884, .F. ) ;
#1199 = ADVANCED_FACE ( 'NONE', ( #6223 ), #5192, .T. ) ;
#1200 = B_SPLINE_CURVE_WITH_KNOTS ( 'NONE', 3,
 ( #6349, #3400, #4508, #109, #4020, #5987 ),
 .UNSPECIFIED., .F., .F.,
 ( 4, 1, 1, 4 ),
 ( 0.000000000000000000, 0.008793849220526594665, 0.01983266327537161131, 0.02955439552114788246 ),
 .UNSPECIFIED. ) ;
#1201 = EDGE_CURVE ( 'NONE', #2369, #1584, #5224, .T. ) ;
#1202 = CARTESIAN_POINT ( 'NONE',  ( 146.6279675797218545, 8.440991796832367555, -224.0000000000000000 ) ) ;
#1203 = EDGE_LOOP ( 'NONE', ( #2732, #5803, #2429 ) ) ;
#1204 = CARTESIAN_POINT ( 'NONE',  ( 176.8830333274020461, 2.364412558057292113, -224.0000000000001705 ) ) ;
#1205 = VECTOR ( 'NONE', #2176, 1000.000000000000000 ) ;
#1206 = VECTOR ( 'NONE', #2308, 1000.000000000000114 ) ;
#1207 = CARTESIAN_POINT ( 'NONE',  ( 89.28620356328218577, -3.578507280098233156, -519.0000000000001137 ) ) ;
#1208 = AXIS2_PLACEMENT_3D ( 'NONE', #4679, #4713, #3218 ) ;
#1209 = CARTESIAN_POINT ( 'NONE',  ( 154.7820050330806509, -1.276611951496848807, -108.0000000000000284 ) ) ;
#1210 = PLANE ( 'NONE',  #3948 ) ;
#1211 = CARTESIAN_POINT ( 'NONE',  ( 0.000000000000000000, 0.000000000000000000, -2.000000000000000000 ) ) ;
#1212 = FACE_OUTER_BOUND ( 'NONE', #528, .T. ) ;
#1213 = ORIENTED_EDGE ( 'NONE', *, *, #3184, .F. ) ;
#1214 = CARTESIAN_POINT ( 'NONE',  ( 70.73544075317292368, 2.096073633596527319, -519.0000000000013642 ) ) ;
#1215 = EDGE_LOOP ( 'NONE', ( #5619, #3205, #3497, #735 ) ) ;
#1216 = EDGE_LOOP ( 'NONE', ( #1554, #1830, #4349, #3546 ) ) ;
#1217 = FACE_OUTER_BOUND ( 'NONE', #2666, .T. ) ;
#1218 = FACE_OUTER_BOUND ( 'NONE', #1196, .T. ) ;
#1219 = LINE ( 'NONE', #2263, #4253 ) ;
#1220 = LINE ( 'NONE', #1130, #448 ) ;
#1221 = DIRECTION ( 'NONE',  ( 0.6427875972986036857, -0.7660444535136901045, 0.000000000000000000 ) ) ;
#1222 = PLANE ( 'NONE',  #690 ) ;
#1223 = ORIENTED_EDGE ( 'NONE', *, *, #5793, .F. ) ;
#1224 = CARTESIAN_POINT ( 'NONE',  ( 42.05291443342873237, 16.17083096281026755, 0.000000000000000000 ) ) ;
#1225 = CARTESIAN_POINT ( 'NONE',  ( 148.0602579068340106, 6.734054597800090747, 9.804599309964982597E-15 ) ) ;
#1226 = CARTESIAN_POINT ( 'NONE',  ( 184.3164905826810696, 0.6287902728323216950, -281.8262567300056389 ) ) ;
#1227 = DIRECTION ( 'NONE',  ( -0.4545194689124505971, 0.5416752277698736462, -0.7071067811865470176 ) ) ;
#1228 = AXIS2_PLACEMENT_3D ( 'NONE', #4975, #4523, #4554 ) ;
#1229 = VERTEX_POINT ( 'NONE', #830 ) ;
#1230 = ADVANCED_FACE ( 'NONE', ( #2765 ), #5741, .T. ) ;
#1231 = ORIENTED_EDGE ( 'NONE', *, *, #1328, .F. ) ;
#1232 = EDGE_LOOP ( 'NONE', ( #3533, #354, #5733 ) ) ;
#1233 = EDGE_CURVE ( 'NONE', #3471, #867, #3870, .T. ) ;
#1234 = DIRECTION ( 'NONE',  ( -0.4545194688443997544, 0.5416752276887737416, -0.7071067812924154428 ) ) ;
#1235 = VERTEX_POINT ( 'NONE', #3373 ) ;
#1236 = CARTESIAN_POINT ( 'NONE',  ( 90.20120286622807271, 75.68779357109528405, -207.3857090794443252 ) ) ;
#1237 = CARTESIAN_POINT ( 'NONE',  ( 126.7941409408100384, -2.304579363238664858, -519.0000000000010232 ) ) ;
#1238 = CARTESIAN_POINT ( 'NONE',  ( 146.5582217300740808, 8.524111666448435543, -163.0000000000000000 ) ) ;
#1239 = DIRECTION ( 'NONE',  ( 0.000000000000000000, 0.000000000000000000, -1.000000000000000000 ) ) ;
#1240 = CARTESIAN_POINT ( 'NONE',  ( 146.5281689998066099, 5.448479403202883375, 9.804599309964982597E-15 ) ) ;
#1241 = PLANE ( 'NONE',  #887 ) ;
#1242 = VERTEX_POINT ( 'NONE', #3324 ) ;
#1243 = CARTESIAN_POINT ( 'NONE',  ( 18.67712515893336089, 11.76179189382898294, 0.000000000000000000 ) ) ;
#1244 = EDGE_LOOP ( 'NONE', ( #5476, #5399, #3043 ) ) ;
#1245 = VERTEX_POINT ( 'NONE', #6273 ) ;
#1246 = CARTESIAN_POINT ( 'NONE',  ( 154.7820052951978766, -1.276612263875972486, -266.0912872931856441 ) ) ;
#1247 = DIRECTION ( 'NONE',  ( -0.4545194689124505416, 0.5416752277698733131, 0.7071067811865473507 ) ) ;
#1248 = DIRECTION ( 'NONE',  ( -0.4545194689124505416, 0.5416752277698733131, 0.7071067811865473507 ) ) ;
#1249 = CARTESIAN_POINT ( 'NONE',  ( 146.5281689998066099, 5.448479403202848736, -64.47655302367236629 ) ) ;
#1250 = LINE ( 'NONE', #6109, #2620 ) ;
#1251 = EDGE_LOOP ( 'NONE', ( #2132, #649, #1330 ) ) ;
#1252 = CARTESIAN_POINT ( 'NONE',  ( 150.0182597468836434, 7.437505460303684757, -518.9999999999994316 ) ) ;
#1253 = DIRECTION ( 'NONE',  ( 0.4545194689124502085, -0.5416752277698733131, 0.7071067811865476838 ) ) ;
#1254 = CARTESIAN_POINT ( 'NONE',  ( 88.66911395920067207, 74.40221837649805536, -87.98640020981726195 ) ) ;
#1255 = ADVANCED_FACE ( 'NONE', ( #6305 ), #5758, .T. ) ;
#1256 = CARTESIAN_POINT ( 'NONE',  ( 146.5281689998066952, 5.448479403202862947, -280.5910341644320170 ) ) ;
#1257 = B_SPLINE_CURVE_WITH_KNOTS ( 'NONE', 3,
 ( #3618, #5014, #4528, #1606, #3554, #548, #4462, #3980, #5944, #3194 ),
 .UNSPECIFIED., .F., .F.,
 ( 4, 1, 1, 1, 1, 1, 1, 4 ),
 ( 0.005108681353765662930, 0.007492672086077694152, 0.01300435769831127103, 0.02402772892277850458, 0.02953941453501199993, 0.03505110014724557854, 0.04056278575947916409, 0.04376738744590136232 ),
 .UNSPECIFIED. ) ;
#1258 = ORIENTED_EDGE ( 'NONE', *, *, #1480, .T. ) ;
#1259 = EDGE_CURVE ( 'NONE', #6266, #1288, #4755, .T. ) ;
#1260 = ORIENTED_EDGE ( 'NONE', *, *, #640, .F. ) ;
#1261 = EDGE_LOOP ( 'NONE', ( #2516, #1918, #1296, #2536 ) ) ;
#1262 = B_SPLINE_CURVE_WITH_KNOTS ( 'NONE', 1,
 ( #5672, #242 ),
 .UNSPECIFIED., .F., .F.,
 ( 2, 2 ),
 ( 0.4450867052023121939, 1.000000000000000000 ),
 .UNSPECIFIED. ) ;
#1263 = EDGE_CURVE ( 'NONE', #1550, #4939, #5301, .T. ) ;
#1264 = DIRECTION ( 'NONE',  ( 0.7660444535136902156, 0.6427875972986035746, 0.000000000000000000 ) ) ;
#1265 = VERTEX_POINT ( 'NONE', #364 ) ;
#1266 = VECTOR ( 'NONE', #4965, 1000.000000000000000 ) ;
#1267 = CARTESIAN_POINT ( 'NONE',  ( 153.6098310104484597, 0.1203306969985024066, -207.3857090794443252 ) ) ;
#1268 = EDGE_CURVE ( 'NONE', #6066, #2874, #909, .T. ) ;
#1269 = VERTEX_POINT ( 'NONE', #3884 ) ;
#1270 = CARTESIAN_POINT ( 'NONE',  ( 52.56343919786015562, -5.035712289587550572, 0.000000000000000000 ) ) ;
#1271 = CARTESIAN_POINT ( 'NONE',  ( 146.5281689998066383, 5.448479403202896698, -244.3261105482872608 ) ) ;
#1272 = LINE ( 'NONE', #6129, #5898 ) ;
#1273 = PLANE ( 'NONE',  #2926 ) ;
#1274 = LINE ( 'NONE', #1682, #6014 ) ;
#1276 = ORIENTED_EDGE ( 'NONE', *, *, #3278, .T. ) ;
#1275 = DIRECTION ( 'NONE',  ( -0.4545194689124505416, 0.5416752277698733131, 0.7071067811865473507 ) ) ;
#1277 = VECTOR ( 'NONE', #3938, 1000.000000000000000 ) ;
#1278 = CARTESIAN_POINT ( 'NONE',  ( 161.1163561258059929, 5.541463347774853609, -519.0000000000001137 ) ) ;
#1279 = VERTEX_POINT ( 'NONE', #2360 ) ;
#1280 = ORIENTED_EDGE ( 'NONE', *, *, #3751, .F. ) ;
#1281 = CARTESIAN_POINT ( 'NONE',  ( 148.0602579068340390, 6.734054597800096964, -267.8361105482872517 ) ) ;
#1282 = DIRECTION ( 'NONE',  ( 0.000000000000000000, 0.000000000000000000, 1.000000000000000000 ) ) ;
#1283 = CARTESIAN_POINT ( 'NONE',  ( 150.8265879285478661, 3.437270747849927144, -94.31635787172228902 ) ) ;
#1284 = ADVANCED_FACE ( 'NONE', ( #1821 ), #4361, .T. ) ;
#1285 = VECTOR ( 'NONE', #3389, 1000.000000000000000 ) ;
#1286 = CARTESIAN_POINT ( 'NONE',  ( 184.3164905826809843, -6.647825509190094628, -161.0000000000000000 ) ) ;
#1287 = CARTESIAN_POINT ( 'NONE',  ( 0.2369446264043124084, -6.451904643693847419, -161.0000000000000000 ) ) ;
#1288 = VERTEX_POINT ( 'NONE', #5815 ) ;
#1289 = EDGE_CURVE ( 'NONE', #474, #5251, #6335, .T. ) ;
#1290 = CARTESIAN_POINT ( 'NONE',  ( 146.4433125769616026, 8.661055066989616691, -47.14699473487839754 ) ) ;
#1291 = CARTESIAN_POINT ( 'NONE',  ( 148.0602579068340390, 6.734054597800076536, -257.0811869321424297 ) ) ;
#1292 = PLANE ( 'NONE',  #6136 ) ;
#1293 = AXIS2_PLACEMENT_3D ( 'NONE', #896, #2885, #983 ) ;
#1294 = ORIENTED_EDGE ( 'NONE', *, *, #1010, .F. ) ;
#1295 = ADVANCED_FACE ( 'NONE', ( #5728 ), #1912, .F. ) ;
#1296 = ORIENTED_EDGE ( 'NONE', *, *, #650, .T. ) ;
#1297 = ORIENTED_EDGE ( 'NONE', *, *, #5034, .F. ) ;
#1298 = CARTESIAN_POINT ( 'NONE',  ( 186.5000000000000000, 0.1117699999999999944, 0.000000000000000000 ) ) ;
#1299 = VERTEX_POINT ( 'NONE', #1382 ) ;
#1300 = CARTESIAN_POINT ( 'NONE',  ( 153.6098310104484597, 0.1203306969984919983, -169.1207854632994270 ) ) ;
#1301 = ORIENTED_EDGE ( 'NONE', *, *, #3415, .T. ) ;
#1302 = CARTESIAN_POINT ( 'NONE',  ( 102.4160381093202687, -3.202978070428026847, -519.0000000000001137 ) ) ;
#1303 = CARTESIAN_POINT ( 'NONE',  ( 152.0777421034210874, -1.165244497598704854, -32.02482244953694845 ) ) ;
#1304 = CARTESIAN_POINT ( 'NONE',  ( 184.3164905826810127, -0.1919652411291910277, -158.2939877747580795 ) ) ;
#1305 = DIRECTION ( 'NONE',  ( -0.7660444535136902156, -0.6427875972986035746, -0.000000000000000000 ) ) ;
#1306 = VECTOR ( 'NONE', #303, 1000.000000000000000 ) ;
#1307 = LINE ( 'NONE', #3181, #3851 ) ;
#1309 = ORIENTED_EDGE ( 'NONE', *, *, #2074, .T. ) ;
#1308 = DIRECTION ( 'NONE',  ( 0.000000000000000000, -1.000000000000000000, -6.156758679758506919E-16 ) ) ;
#1310 = CARTESIAN_POINT ( 'NONE',  ( 148.0602579068340390, 6.734054597800096964, -205.3857090794443252 ) ) ;
#1311 = VERTEX_POINT ( 'NONE', #1414 ) ;
#1312 = VECTOR ( 'NONE', #1849, 1000.000000000000000 ) ;
#1313 = EDGE_CURVE ( 'NONE', #6054, #4797, #2391, .T. ) ;
#1314 = ORIENTED_EDGE ( 'NONE', *, *, #4867, .F. ) ;
#1315 = AXIS2_PLACEMENT_3D ( 'NONE', #5692, #6046, #2104 ) ;
#1316 = CARTESIAN_POINT ( 'NONE',  ( 148.0602579068340390, 6.734054597800083641, -132.2087869762735579 ) ) ;
#1317 = CARTESIAN_POINT ( 'NONE',  ( 184.3164905826809559, 0.6289704663906894311, -189.4431894912167422 ) ) ;
#1318 = DIRECTION ( 'NONE',  ( 0.000000000000000000, 0.000000000000000000, 1.000000000000000000 ) ) ;
#1319 = CARTESIAN_POINT ( 'NONE',  ( 157.4607552079017694, 6.500717787011648596, -163.0000000000000284 ) ) ;
#1320 = CARTESIAN_POINT ( 'NONE',  ( 104.9162197684444351, -3.107188571034650515, -519.0000000000001137 ) ) ;
#1321 = CARTESIAN_POINT ( 'NONE',  ( 184.3164905826809843, -0.1919656514757029087, -48.00000000000000000 ) ) ;
#1322 = EDGE_CURVE ( 'NONE', #5864, #5425, #5270, .T. ) ;
#1323 = DIRECTION ( 'NONE',  ( 0.6427875972986035746, -0.7660444535136902156, 6.018531076210112041E-33 ) ) ;
#1324 = CARTESIAN_POINT ( 'NONE',  ( 184.5679609055901835, 0.5697641997629907529, 0.000000000000000000 ) ) ;
#1325 = CARTESIAN_POINT ( 'NONE',  ( 184.3164905826810127, 0.6288937972486018380, -231.9710427883360637 ) ) ;
#1326 = FACE_OUTER_BOUND ( 'NONE', #5025, .T. ) ;
#1327 = VERTEX_POINT ( 'NONE', #4821 ) ;
#1328 = EDGE_CURVE ( 'NONE', #1703, #4400, #456, .T. ) ;
#1329 = VECTOR ( 'NONE', #1660, 1000.000000000000000 ) ;
#1330 = ORIENTED_EDGE ( 'NONE', *, *, #2517, .F. ) ;
#1331 = LINE ( 'NONE', #3800, #1206 ) ;
#1332 = ORIENTED_EDGE ( 'NONE', *, *, #1073, .F. ) ;
#1333 = LINE ( 'NONE', #5737, #1479 ) ;
#1334 = VERTEX_POINT ( 'NONE', #3387 ) ;
#1335 = CARTESIAN_POINT ( 'NONE',  ( 104.9162197684444351, -3.107188571034650515, -519.0000000000001137 ) ) ;
#1336 = DIRECTION ( 'NONE',  ( -0.6427875972986035746, 0.7660444535136902156, -6.018531076210112041E-33 ) ) ;
#1337 = CARTESIAN_POINT ( 'NONE',  ( 154.2689377912741691, 7.011023967610568342, -287.9999999999998863 ) ) ;
#1338 = CARTESIAN_POINT ( 'NONE',  ( 142.6278812289359053, 13.20810923262805048, -81.56143428830338848 ) ) ;
#1339 = DIRECTION ( 'NONE',  ( -6.378601426329706152E-17, -5.352281928482944175E-17, 1.000000000000000000 ) ) ;
#1341 = EDGE_LOOP ( 'NONE', ( #59, #376, #6085 ) ) ;
#1340 = PLANE ( 'NONE',  #4803 ) ;
#1342 = CARTESIAN_POINT ( 'NONE',  ( 98.57177095988701865, 15.57764301922061101, 0.000000000000000000 ) ) ;
#1343 = ORIENTED_EDGE ( 'NONE', *, *, #3163, .F. ) ;
#1344 = ORIENTED_EDGE ( 'NONE', *, *, #3574, .F. ) ;
#1345 = ADVANCED_FACE ( 'NONE', ( #5359 ), #3267, .F. ) ;
#1346 = CARTESIAN_POINT ( 'NONE',  ( 153.6098310104484597, 0.1203306969984885288, 9.804599309964982597E-15 ) ) ;
#1347 = DIRECTION ( 'NONE',  ( 0.6427875972986035746, -0.7660444535136902156, 6.018531076210112041E-33 ) ) ;
#1348 = CARTESIAN_POINT ( 'NONE',  ( 154.7820050803711922, -1.276612007855474573, -163.0000000000000284 ) ) ;
#1349 = ADVANCED_FACE ( 'NONE', ( #484 ), #2781, .F. ) ;
#1350 = CARTESIAN_POINT ( 'NONE',  ( 147.8937139957713782, 8.286882394342336866, -163.0000000000000284 ) ) ;
#1351 = CARTESIAN_POINT ( 'NONE',  ( 100.5408625498985344, -3.273790224926115933, -518.9999999999997726 ) ) ;
#1352 = ADVANCED_FACE ( 'NONE', ( #4269 ), #6245, .T. ) ;
#1353 = ORIENTED_EDGE ( 'NONE', *, *, #6179, .T. ) ;
#1354 = EDGE_CURVE ( 'NONE', #4058, #4540, #2333, .T. ) ;
#1355 = EDGE_CURVE ( 'NONE', #1841, #4770, #4776, .T. ) ;
#1356 = CARTESIAN_POINT ( 'NONE',  ( 90.20120286622807271, 75.68779357109526984, -119.4538633601287501 ) ) ;
#1357 = DIRECTION ( 'NONE',  ( 1.000000000000000000, 0.000000000000000000, 0.000000000000000000 ) ) ;
#1358 = CARTESIAN_POINT ( 'NONE',  ( 154.7820052418864805, -1.276612200341903369, -221.0000000000000000 ) ) ;
#1359 = CARTESIAN_POINT ( 'NONE',  ( 184.3164905826810127, -0.1919650794477035793, -197.5568105087499191 ) ) ;
#1360 = ORIENTED_EDGE ( 'NONE', *, *, #5539, .F. ) ;
#1361 = ORIENTED_EDGE ( 'NONE', *, *, #5125, .F. ) ;
#1362 = AXIS2_PLACEMENT_3D ( 'NONE', #4757, #4794, #2240 ) ;
#1363 = LINE ( 'NONE', #3338, #5827 ) ;
#1364 = VERTEX_POINT ( 'NONE', #638 ) ;
#1365 = LINE ( 'NONE', #2344, #1781 ) ;
#1366 = ORIENTED_EDGE ( 'NONE', *, *, #1017, .F. ) ;
#1367 = PLANE ( 'NONE',  #1898 ) ;
#1368 = CARTESIAN_POINT ( 'NONE',  ( 100.3144231054269966, 60.52387890882658894, 18.11688525909213965 ) ) ;
#1369 = CARTESIAN_POINT ( 'NONE',  ( 146.5281689998066099, 5.448479403202890481, -73.11015629367237523 ) ) ;
#1371 = ORIENTED_EDGE ( 'NONE', *, *, #2187, .F. ) ;
#1370 = CARTESIAN_POINT ( 'NONE',  ( 146.5281689998066099, 5.448479403202884264, -8.514975219832457753 ) ) ;
#1372 = CARTESIAN_POINT ( 'NONE',  ( 116.3284827836789219, 13.57275766364352165, 0.000000000000000000 ) ) ;
#1373 = VERTEX_POINT ( 'NONE', #4942 ) ;
#1374 = ORIENTED_EDGE ( 'NONE', *, *, #4284, .T. ) ;
#1375 = EDGE_CURVE ( 'NONE', #2281, #2618, #2579, .T. ) ;
#1376 = LINE ( 'NONE', #1904, #4575 ) ;
#1377 = DIRECTION ( 'NONE',  ( 0.7660444535136902156, 0.6427875972986035746, 0.000000000000000000 ) ) ;
#1378 = LINE ( 'NONE', #2809, #2385 ) ;
#1379 = DIRECTION ( 'NONE',  ( 0.6427875972986036857, -0.7660444535136901045, 6.429662040127087133E-15 ) ) ;
#1380 = CARTESIAN_POINT ( 'NONE',  ( 46.61076787400243404, -5.256312205029069595, 0.000000000000000000 ) ) ;
#1381 = VECTOR ( 'NONE', #128, 1000.000000000000000 ) ;
#1382 = CARTESIAN_POINT ( 'NONE',  ( 152.0777421034210590, -1.165244497598694196, -121.4538633601287643 ) ) ;
#1383 = PLANE ( 'NONE',  #1886 ) ;
#1384 = CARTESIAN_POINT ( 'NONE',  ( 153.6098310104484312, 0.1203306969985336317, -44.77974606568174920 ) ) ;
#1385 = FACE_OUTER_BOUND ( 'NONE', #5897, .T. ) ;
#1386 = CARTESIAN_POINT ( 'NONE',  ( 148.0602579068340390, 6.734054597800104069, -259.2025072757019757 ) ) ;
#1387 = ORIENTED_EDGE ( 'NONE', *, *, #2794, .T. ) ;
#1388 = ADVANCED_FACE ( 'NONE', ( #1942 ), #1537, .T. ) ;
#1389 = AXIS2_PLACEMENT_3D ( 'NONE', #5360, #6306, #966 ) ;
#1390 = ORIENTED_EDGE ( 'NONE', *, *, #5948, .F. ) ;
#1391 = VECTOR ( 'NONE', #2375, 1000.000000000000114 ) ;
#1392 = LINE ( 'NONE', #945, #6346 ) ;
#1393 = ORIENTED_EDGE ( 'NONE', *, *, #826, .T. ) ;
#1394 = LINE ( 'NONE', #341, #244 ) ;
#1395 = EDGE_CURVE ( 'NONE', #835, #4044, #3025, .T. ) ;
#1396 = VECTOR ( 'NONE', #4420, 1000.000000000000000 ) ;
#1397 = ORIENTED_EDGE ( 'NONE', *, *, #3555, .T. ) ;
#1398 = EDGE_CURVE ( 'NONE', #791, #1141, #4148, .T. ) ;
#1399 = CARTESIAN_POINT ( 'NONE',  ( 143.4109283965367467, 9.163462213136082113, -96.00007059542733145 ) ) ;
#1400 = CARTESIAN_POINT ( 'NONE',  ( 184.3164905826809843, -0.1919656841073448805, -38.46993887379033339 ) ) ;
#1401 = VECTOR ( 'NONE', #5710, 1000.000000000000000 ) ;
#1402 = LINE ( 'NONE', #3345, #1992 ) ;
#1403 = EDGE_LOOP ( 'NONE', ( #2629, #2288, #6123, #2708 ) ) ;
#1404 = DIRECTION ( 'NONE',  ( -6.378601426329706152E-17, -5.352281928482944175E-17, 1.000000000000000000 ) ) ;
#1405 = ORIENTED_EDGE ( 'NONE', *, *, #4284, .F. ) ;
#1406 = VERTEX_POINT ( 'NONE', #33 ) ;
#1407 = DIRECTION ( 'NONE',  ( -0.4545194689124479881, 0.5416752277698706486, 0.7071067811865512365 ) ) ;
#1408 = PLANE ( 'NONE',  #6259 ) ;
#1409 = DIRECTION ( 'NONE',  ( 6.550283474172109983E-15, -7.935864152663694928E-15, 1.000000000000000000 ) ) ;
#1410 = CARTESIAN_POINT ( 'NONE',  ( 152.0777421034210590, -1.165244497598739493, -194.6307854632994179 ) ) ;
#1411 = CARTESIAN_POINT ( 'NONE',  ( 141.7961206266243721, -1.753568036981419942, -519.0000000000006821 ) ) ;
#1412 = VECTOR ( 'NONE', #1102, 1000.000000000000000 ) ;
#1413 = AXIS2_PLACEMENT_3D ( 'NONE', #308, #4179, #2246 ) ;
#1414 = CARTESIAN_POINT ( 'NONE',  ( 148.0602579068340390, 6.734054597800076536, -231.5711869321424103 ) ) ;
#1415 = PLANE ( 'NONE',  #3631 ) ;
#1416 = LINE ( 'NONE', #5332, #560 ) ;
#1417 = CARTESIAN_POINT ( 'NONE',  ( 88.66911395920067207, 74.40221837649805536, -8.514975219832457753 ) ) ;
#1418 = CARTESIAN_POINT ( 'NONE',  ( 184.3164905826808990, -0.1919651368685539039, -183.9087127068144127 ) ) ;
#1419 = ORIENTED_EDGE ( 'NONE', *, *, #1201, .T. ) ;
#1420 = ORIENTED_EDGE ( 'NONE', *, *, #4708, .T. ) ;
#1421 = CARTESIAN_POINT ( 'NONE',  ( 153.6098310104484597, 0.1203306969984651170, -255.0810341644319408 ) ) ;
#1422 = ORIENTED_EDGE ( 'NONE', *, *, #4816, .F. ) ;
#1423 = CARTESIAN_POINT ( 'NONE',  ( 154.7820050803711922, -1.276612007855474573, -158.0000000000000000 ) ) ;
#1424 = ADVANCED_FACE ( 'NONE', ( #4913 ), #996, .F. ) ;
#1425 = ADVANCED_FACE ( 'NONE', ( #2008 ), #516, .T. ) ;
#1426 = ORIENTED_EDGE ( 'NONE', *, *, #5072, .F. ) ;
#1427 = ORIENTED_EDGE ( 'NONE', *, *, #3753, .F. ) ;
#1428 = DIRECTION ( 'NONE',  ( 0.000000000000000000, 0.000000000000000000, -1.000000000000000000 ) ) ;
#1429 = CARTESIAN_POINT ( 'NONE',  ( 146.0767012222400183, 8.454274803429095542, -287.9999999999999432 ) ) ;
#1430 = CARTESIAN_POINT ( 'NONE',  ( 154.3747231386202827, -0.7912322746344601088, -166.0000000000000000 ) ) ;
#1431 = ORIENTED_EDGE ( 'NONE', *, *, #6092, .T. ) ;
#1432 = DIRECTION ( 'NONE',  ( 0.7660444535136902156, 0.6427875972986035746, 0.000000000000000000 ) ) ;
#1433 = VERTEX_POINT ( 'NONE', #3481 ) ;
#1434 = ORIENTED_EDGE ( 'NONE', *, *, #426, .T. ) ;
#1435 = EDGE_CURVE ( 'NONE', #1235, #5269, #2519, .T. ) ;
#1436 = CARTESIAN_POINT ( 'NONE',  ( 147.2588551000806945, 8.460186349755719704, -103.0000000000000426 ) ) ;
#1437 = DIRECTION ( 'NONE',  ( -0.9993263278466425481, -0.03670000643793608353, -0.000000000000000000 ) ) ;
#1438 = LINE ( 'NONE', #512, #1579 ) ;
#1439 = CARTESIAN_POINT ( 'NONE',  ( 146.5281689998066099, 5.448479403202883375, 9.804599309964982597E-15 ) ) ;
#1440 = CARTESIAN_POINT ( 'NONE',  ( 91.25609223061394459, -3.609783266169426241, 0.000000000000000000 ) ) ;
#1441 = DIRECTION ( 'NONE',  ( 0.000000000000000000, 0.7938448021158682755, 0.6081204076115337420 ) ) ;
#1442 = LINE ( 'NONE', #485, #6111 ) ;
#1443 = CARTESIAN_POINT ( 'NONE',  ( 0.000000000000000000, 0.000000000000000000, -100.0000000000000000 ) ) ;
#1444 = DIRECTION ( 'NONE',  ( 0.000000000000000000, 1.000000000000000000, -1.048297769837185521E-48 ) ) ;
#1445 = CARTESIAN_POINT ( 'NONE',  ( 154.7820050870132036, -1.276612015771096065, -165.9999999999999716 ) ) ;
#1446 = ORIENTED_EDGE ( 'NONE', *, *, #4512, .F. ) ;
#1447 = VERTEX_POINT ( 'NONE', #4039 ) ;
#1448 = ADVANCED_FACE ( 'NONE', ( #5427 ), #4458, .F. ) ;
#1449 = CARTESIAN_POINT ( 'NONE',  ( 78.34408010014641377, -3.358483264931118928, -519.0000000000006821 ) ) ;
#1450 = CARTESIAN_POINT ( 'NONE',  ( 152.0777421034211159, -1.165244497598704854, -257.0811869321423728 ) ) ;
#1451 = LINE ( 'NONE', #5219, #1005 ) ;
#1452 = ORIENTED_EDGE ( 'NONE', *, *, #2467, .F. ) ;
#1453 = FACE_OUTER_BOUND ( 'NONE', #1792, .T. ) ;
#1454 = EDGE_CURVE ( 'NONE', #4684, #1920, #2959, .T. ) ;
#1455 = ORIENTED_EDGE ( 'NONE', *, *, #16, .F. ) ;
#1456 = ORIENTED_EDGE ( 'NONE', *, *, #6060, .T. ) ;
#1457 = AXIS2_PLACEMENT_3D ( 'NONE', #1978, #6276, #1852 ) ;
#1458 = EDGE_CURVE ( 'NONE', #4603, #1994, #3056, .T. ) ;
#1459 = LINE ( 'NONE', #4317, #1086 ) ;
#1460 = CARTESIAN_POINT ( 'NONE',  ( 148.0602579068340106, 6.734054597800099629, -171.2421058068590298 ) ) ;
#1461 = ORIENTED_EDGE ( 'NONE', *, *, #2833, .F. ) ;
#1462 = EDGE_CURVE ( 'NONE', #2618, #2177, #4496, .T. ) ;
#1463 = CARTESIAN_POINT ( 'NONE',  ( 152.0777421034211159, -1.165244497598704854, -231.5711869321423819 ) ) ;
#1464 = ORIENTED_EDGE ( 'NONE', *, *, #2051, .F. ) ;
#1465 = CARTESIAN_POINT ( 'NONE',  ( 170.4241955783985532, 3.813217009064196361, -103.0000000000000426 ) ) ;
#1466 = DIRECTION ( 'NONE',  ( 0.000000000000000000, 0.7938448021158684975, -0.6081204076115334090 ) ) ;
#1467 = CARTESIAN_POINT ( 'NONE',  ( 154.7820050313902982, -1.276611949482363118, -131.1967277928763451 ) ) ;
#1468 = LINE ( 'NONE', #5391, #2503 ) ;
#1469 = CARTESIAN_POINT ( 'NONE',  ( 16.83547113299186648, -5.407696804887159203, 0.000000000000000000 ) ) ;
#1470 = AXIS2_PLACEMENT_3D ( 'NONE', #2861, #4836, #319 ) ;
#1471 = EDGE_CURVE ( 'NONE', #2437, #2489, #2039, .T. ) ;
#1472 = CARTESIAN_POINT ( 'NONE',  ( 154.7820050641659293, -1.276611988542801335, -76.53006112620971635 ) ) ;
#1473 = DIRECTION ( 'NONE',  ( 5.547375492044594158E-14, 1.000000000000000000, 0.000000000000000000 ) ) ;
#1474 = EDGE_CURVE ( 'NONE', #1749, #6266, #1569, .T. ) ;
#1475 = LINE ( 'NONE', #4882, #4531 ) ;
#1476 = FACE_OUTER_BOUND ( 'NONE', #5669, .T. ) ;
#1477 = CARTESIAN_POINT ( 'NONE',  ( 146.4479083965525206, 8.656991648163421260, -50.66666775134684286 ) ) ;
#1478 = VERTEX_POINT ( 'NONE', #1634 ) ;
#1479 = VECTOR ( 'NONE', #3277, 1000.000000000000000 ) ;
#1480 = EDGE_CURVE ( 'NONE', #3966, #3237, #2614, .T. ) ;
#1481 = CARTESIAN_POINT ( 'NONE',  ( 19.81148263834618106, -5.527740210294637357, 0.000000000000000000 ) ) ;
#1482 = CARTESIAN_POINT ( 'NONE',  ( 146.5281689998066099, 5.448479403202891369, -146.9638633601287552 ) ) ;
#1483 = LINE ( 'NONE', #74, #5729 ) ;
#1484 = LINE ( 'NONE', #1072, #4585 ) ;
#1485 = ORIENTED_EDGE ( 'NONE', *, *, #1289, .F. ) ;
#1486 = VECTOR ( 'NONE', #1758, 1000.000000000000000 ) ;
#1487 = CARTESIAN_POINT ( 'NONE',  ( 184.3164905826809843, 0.6291541744247521883, -54.55901833786138155 ) ) ;
#1488 = VECTOR ( 'NONE', #2776, 1000.000000000000000 ) ;
#1489 = ORIENTED_EDGE ( 'NONE', *, *, #124, .T. ) ;
#1490 = ORIENTED_EDGE ( 'NONE', *, *, #5400, .F. ) ;
#1491 = VECTOR ( 'NONE', #1867, 1000.000000000000000 ) ;
#1492 = FACE_OUTER_BOUND ( 'NONE', #2594, .T. ) ;
#1493 = VERTEX_POINT ( 'NONE', #161 ) ;
#1494 = CARTESIAN_POINT ( 'NONE',  ( 36.50643115713833708, 139.6787327604898508, -83.53423733555089825 ) ) ;
#1495 = ORIENTED_EDGE ( 'NONE', *, *, #4478, .T. ) ;
#1496 = CARTESIAN_POINT ( 'NONE',  ( 146.6718563335553540, 8.388687215058990176, -259.5568659758595231 ) ) ;
#1497 = FACE_BOUND ( 'NONE', #5232, .T. ) ;
#1498 = DIRECTION ( 'NONE',  ( 0.7660444535136902156, 0.6427875972986035746, 0.000000000000000000 ) ) ;
#1499 = LINE ( 'NONE', #3442, #5292 ) ;
#1500 = CARTESIAN_POINT ( 'NONE',  ( 73.83725383742341819, -2.883126266565492202, -518.9999999999997726 ) ) ;
#1501 = VERTEX_POINT ( 'NONE', #5590 ) ;
#1502 = CARTESIAN_POINT ( 'NONE',  ( 167.6067023407996999, -19.67193925753565509, -122.8050894468779433 ) ) ;
#1503 = LINE ( 'NONE', #3450, #668 ) ;
#1504 = DIRECTION ( 'NONE',  ( 0.7660444535136902156, 0.6427875972986035746, 0.000000000000000000 ) ) ;
#1505 = FACE_OUTER_BOUND ( 'NONE', #943, .T. ) ;
#1506 = CARTESIAN_POINT ( 'NONE',  ( 44.70518696068202757, 129.9078357559227186, -70.77923733555081753 ) ) ;
#1507 = AXIS2_PLACEMENT_3D ( 'NONE', #4080, #4989, #525 ) ;
#1508 = ORIENTED_EDGE ( 'NONE', *, *, #3944, .F. ) ;
#1509 = EDGE_CURVE ( 'NONE', #1965, #1045, #2992, .T. ) ;
#1510 = AXIS2_PLACEMENT_3D ( 'NONE', #5795, #6347, #435 ) ;
#1511 = VECTOR ( 'NONE', #1774, 1000.000000000000000 ) ;
#1512 = CARTESIAN_POINT ( 'NONE',  ( 6.471609468543366717, -4.390733250623561013, 0.000000000000000000 ) ) ;
#1513 = LINE ( 'NONE', #2938, #5278 ) ;
#1514 = DIRECTION ( 'NONE',  ( 6.550283474172087106E-15, -7.935864152663668107E-15, 1.000000000000000000 ) ) ;
#1515 = DIRECTION ( 'NONE',  ( 6.378601426329706152E-17, 5.352281928482944175E-17, -1.000000000000000000 ) ) ;
#1516 = ADVANCED_FACE ( 'NONE', ( #3584 ), #3057, .F. ) ;
#1517 = ORIENTED_EDGE ( 'NONE', *, *, #3104, .F. ) ;
#1518 = CARTESIAN_POINT ( 'NONE',  ( 146.5281689998066099, 5.448479403202894922, -207.3857090794443252 ) ) ;
#1519 = EDGE_LOOP ( 'NONE', ( #1143, #838, #2586 ) ) ;
#1520 = ORIENTED_EDGE ( 'NONE', *, *, #1970, .T. ) ;
#1521 = FACE_BOUND ( 'NONE', #1519, .T. ) ;
#1522 = ORIENTED_EDGE ( 'NONE', *, *, #1471, .F. ) ;
#1523 = LINE ( 'NONE', #4479, #1266 ) ;
#1524 = ORIENTED_EDGE ( 'NONE', *, *, #1846, .T. ) ;
#1525 = VECTOR ( 'NONE', #3583, 1000.000000000000000 ) ;
#1526 = PLANE ( 'NONE',  #274 ) ;
#1527 = CARTESIAN_POINT ( 'NONE',  ( 152.0777421034210874, -1.165244497598704854, -269.8361105482872517 ) ) ;
#1528 = CARTESIAN_POINT ( 'NONE',  ( 157.4125952827050696, 6.511333504284252172, -161.0000000000001137 ) ) ;
#1529 = CARTESIAN_POINT ( 'NONE',  ( 143.6739141975017162, 8.850047929741743147, -288.0000000000000000 ) ) ;
#1530 = ORIENTED_EDGE ( 'NONE', *, *, #3532, .F. ) ;
#1531 = VECTOR ( 'NONE', #3712, 1000.000000000000000 ) ;
#1532 = CARTESIAN_POINT ( 'NONE',  ( 69.93225556446446944, -1.455631790140877735, -519.0000000000010232 ) ) ;
#1533 = ORIENTED_EDGE ( 'NONE', *, *, #3257, .T. ) ;
#1534 = EDGE_CURVE ( 'NONE', #3596, #3962, #3552, .T. ) ;
#1535 = CARTESIAN_POINT ( 'NONE',  ( 152.0777421034210590, -1.165244497598739493, -194.6307854632994179 ) ) ;
#1536 = EDGE_CURVE ( 'NONE', #2694, #4507, #4589, .T. ) ;
#1537 = PLANE ( 'NONE',  #1811 ) ;
#1538 = PLANE ( 'NONE',  #6243 ) ;
#1539 = DIRECTION ( 'NONE',  ( 0.000000000000000000, 0.7938448021158680534, 0.6081204076115339641 ) ) ;
#1540 = EDGE_CURVE ( 'NONE', #4927, #1733, #4497, .T. ) ;
#1541 = CARTESIAN_POINT ( 'NONE',  ( 152.0777421025901788, -1.165244496608476066, -60.29122467059106327 ) ) ;
#1542 = CARTESIAN_POINT ( 'NONE',  ( 154.3747231386197711, -0.7912322746338683599, -158.0000000000000000 ) ) ;
#1543 = EDGE_CURVE ( 'NONE', #5492, #1161, #2138, .T. ) ;
#1544 = ORIENTED_EDGE ( 'NONE', *, *, #1398, .F. ) ;
#1545 = ADVANCED_FACE ( 'NONE', ( #4101 ), #3026, .T. ) ;
#1546 = CARTESIAN_POINT ( 'NONE',  ( 69.28460740230239878, -0.2342761566726883626, -518.9999999999995453 ) ) ;
#1547 = LINE ( 'NONE', #4986, #6107 ) ;
#1548 = DIRECTION ( 'NONE',  ( -0.4545194689124505971, 0.5416752277698736462, -0.7071067811865470176 ) ) ;
#1549 = CARTESIAN_POINT ( 'NONE',  ( 152.0777421034229633, -1.165244497600953055, -1.005233009473365598E-12 ) ) ;
#1550 = VERTEX_POINT ( 'NONE', #1187 ) ;
#1551 = LINE ( 'NONE', #2911, #4455 ) ;
#1552 = VERTEX_POINT ( 'NONE', #2068 ) ;
#1553 = ORIENTED_EDGE ( 'NONE', *, *, #1154, .T. ) ;
#1554 = ORIENTED_EDGE ( 'NONE', *, *, #4133, .F. ) ;
#1555 = EDGE_CURVE ( 'NONE', #5131, #3611, #98, .T. ) ;
#1556 = FACE_BOUND ( 'NONE', #1948, .T. ) ;
#1557 = ORIENTED_EDGE ( 'NONE', *, *, #2320, .F. ) ;
#1558 = PLANE ( 'NONE',  #5687 ) ;
#1559 = CARTESIAN_POINT ( 'NONE',  ( 187.1878841303897332, -0.08650454045544138382, -519.0000000000001137 ) ) ;
#1560 = CARTESIAN_POINT ( 'NONE',  ( 187.3164905826809843, -0.08178092353511093315, 0.000000000000000000 ) ) ;
#1561 = CARTESIAN_POINT ( 'NONE',  ( 154.3747230897488407, -0.7912322163916676310, -108.0000000000000142 ) ) ;
#1562 = AXIS2_PLACEMENT_3D ( 'NONE', #4499, #3092, #5594 ) ;
#1563 = LINE ( 'NONE', #3509, #781 ) ;
#1564 = ORIENTED_EDGE ( 'NONE', *, *, #4984, .F. ) ;
#1565 = CARTESIAN_POINT ( 'NONE',  ( 1.573479809773895788, -2.745523579270740644, 0.000000000000000000 ) ) ;
#1566 = ORIENTED_EDGE ( 'NONE', *, *, #6116, .F. ) ;
#1567 = ADVANCED_FACE ( 'NONE', ( #1098 ), #1538, .F. ) ;
#1568 = CARTESIAN_POINT ( 'NONE',  ( 146.5281689998066383, 5.448479403202883375, -100.7413238259620698 ) ) ;
#1569 = LINE ( 'NONE', #2580, #5210 ) ;
#1570 = CARTESIAN_POINT ( 'NONE',  ( 88.66911395920068628, 74.40221837649806957, -257.0811869321423728 ) ) ;
#1571 = FACE_OUTER_BOUND ( 'NONE', #4351, .T. ) ;
#1572 = LINE ( 'NONE', #1635, #3190 ) ;
#1573 = VECTOR ( 'NONE', #5451, 999.9999999999998863 ) ;
#1574 = LINE ( 'NONE', #5531, #1111 ) ;
#1575 = ORIENTED_EDGE ( 'NONE', *, *, #721, .T. ) ;
#1576 = CARTESIAN_POINT ( 'NONE',  ( 73.37627989534971107, -2.795865212347633744, -519.0000000000003411 ) ) ;
#1577 = LINE ( 'NONE', #4951, #4557 ) ;
#1578 = CARTESIAN_POINT ( 'NONE',  ( 154.7820050870132036, -1.276612015771096065, -165.9999999999999716 ) ) ;
#1579 = VECTOR ( 'NONE', #872, 1000.000000000000114 ) ;
#1580 = CARTESIAN_POINT ( 'NONE',  ( 174.2926462376335053, -0.5600758461561876622, -48.00000000000000000 ) ) ;
#1581 = ORIENTED_EDGE ( 'NONE', *, *, #1051, .F. ) ;
#1582 = EDGE_CURVE ( 'NONE', #3392, #1501, #5041, .T. ) ;
#1583 = ORIENTED_EDGE ( 'NONE', *, *, #5639, .F. ) ;
#1584 = VERTEX_POINT ( 'NONE', #639 ) ;
#1585 = ORIENTED_EDGE ( 'NONE', *, *, #4282, .T. ) ;
#1586 = VECTOR ( 'NONE', #3758, 1000.000000000000000 ) ;
#1587 = FACE_BOUND ( 'NONE', #1734, .T. ) ;
#1588 = ORIENTED_EDGE ( 'NONE', *, *, #4193, .F. ) ;
#1589 = DIRECTION ( 'NONE',  ( -6.378601426329706152E-17, -5.352281928482944175E-17, 1.000000000000000000 ) ) ;
#1590 = B_SPLINE_CURVE_WITH_KNOTS ( 'NONE', 3,
 ( #941, #6339, #367, #3270, #1917, #3888 ),
 .UNSPECIFIED., .F., .F.,
 ( 4, 1, 1, 4 ),
 ( 2.777468022149870801E-17, 0.009710387139035265083, 0.02160691624199560790, 0.02955439527051898635 ),
 .UNSPECIFIED. ) ;
#1591 = EDGE_CURVE ( 'NONE', #2082, #2343, #2457, .T. ) ;
#1592 = VECTOR ( 'NONE', #1650, 1000.000000000000114 ) ;
#1593 = CARTESIAN_POINT ( 'NONE',  ( 148.0602579068339821, 6.734054597800118280, -155.5974666327140596 ) ) ;
#1594 = CARTESIAN_POINT ( 'NONE',  ( 154.7820051188861896, -1.276612053755953768, -52.00000000000000711 ) ) ;
#1595 = CARTESIAN_POINT ( 'NONE',  ( 184.3164905826809559, -0.1919654647764873767, -100.2939877747580937 ) ) ;
#1596 = CARTESIAN_POINT ( 'NONE',  ( 154.7820050345175105, -1.276611953209101147, -105.0000000000000142 ) ) ;
#1597 = ORIENTED_EDGE ( 'NONE', *, *, #1540, .F. ) ;
#1598 = VECTOR ( 'NONE', #5680, 1000.000000000000000 ) ;
#1599 = CARTESIAN_POINT ( 'NONE',  ( 2.811851801130134998, 3.896369691959288506, 0.000000000000000000 ) ) ;
#1600 = ORIENTED_EDGE ( 'NONE', *, *, #3898, .T. ) ;
#1601 = VECTOR ( 'NONE', #4619, 1000.000000000000000 ) ;
#1602 = CARTESIAN_POINT ( 'NONE',  ( 174.9005243410982757, 2.829129485037704228, 0.000000000000000000 ) ) ;
#1603 = CARTESIAN_POINT ( 'NONE',  ( 154.7820050803711922, -1.276612007855474573, -163.0000000000000284 ) ) ;
#1604 = DIRECTION ( 'NONE',  ( 0.7660444535136902156, 0.6427875972986035746, 0.000000000000000000 ) ) ;
#1605 = DIRECTION ( 'NONE',  ( 0.4545194689124504306, -0.5416752277698734241, 0.7071067811865473507 ) ) ;
#1606 = CARTESIAN_POINT ( 'NONE',  ( 156.0641173771984427, 6.808573587917146064, -105.0000000000000000 ) ) ;
#1607 = CARTESIAN_POINT ( 'NONE',  ( 146.5281689998066383, 5.448479403202890481, -157.7187869762735488 ) ) ;
#1608 = EDGE_LOOP ( 'NONE', ( #1557, #4054, #368, #6004 ) ) ;
#1609 = CARTESIAN_POINT ( 'NONE',  ( 8.934645711413093494, 8.079503712207412036, 0.000000000000000000 ) ) ;
#1610 = CARTESIAN_POINT ( 'NONE',  ( 146.5281689998066099, 5.448479403202893145, -181.8757090794443059 ) ) ;
#1611 = CARTESIAN_POINT ( 'NONE',  ( 152.0777421034210590, -1.165244497598718176, -8.514975219832457753 ) ) ;
#1612 = DIRECTION ( 'NONE',  ( -0.7660444535136902156, -0.6427875972986035746, -0.000000000000000000 ) ) ;
#1613 = ORIENTED_EDGE ( 'NONE', *, *, #3608, .T. ) ;
#1614 = VECTOR ( 'NONE', #5463, 1000.000000000000000 ) ;
#1615 = ORIENTED_EDGE ( 'NONE', *, *, #898, .T. ) ;
#1616 = VECTOR ( 'NONE', #3059, 1000.000000000000000 ) ;
#1617 = VERTEX_POINT ( 'NONE', #546 ) ;
#1618 = EDGE_CURVE ( 'NONE', #4665, #5102, #4040, .T. ) ;
#1619 = EDGE_CURVE ( 'NONE', #5682, #506, #4071, .T. ) ;
#1620 = LINE ( 'NONE', #4930, #1186 ) ;
#1621 = ORIENTED_EDGE ( 'NONE', *, *, #5484, .T. ) ;
#1622 = LINE ( 'NONE', #4146, #6303 ) ;
#1623 = ADVANCED_FACE ( 'NONE', ( #5528 ), #6042, .F. ) ;
#1624 = CARTESIAN_POINT ( 'NONE',  ( 153.6098310104484312, 0.1203306969985301622, 9.804599309964982597E-15 ) ) ;
#1625 = LINE ( 'NONE', #3576, #3934 ) ;
#1626 = CARTESIAN_POINT ( 'NONE',  ( 88.66911395920068628, 74.40221837649806957, -192.6306326955890995 ) ) ;
#1627 = CARTESIAN_POINT ( 'NONE',  ( 174.7984941750790142, -0.5414989290512960407, -105.0000000000000000 ) ) ;
#1628 = VERTEX_POINT ( 'NONE', #3482 ) ;
#1629 = CARTESIAN_POINT ( 'NONE',  ( 22.01935212871652681, 12.71238653461006329, 0.000000000000000000 ) ) ;
#1630 = EDGE_CURVE ( 'NONE', #791, #5218, #5753, .T. ) ;
#1631 = ORIENTED_EDGE ( 'NONE', *, *, #6097, .F. ) ;
#1632 = LINE ( 'NONE', #3582, #1695 ) ;
#1633 = CARTESIAN_POINT ( 'NONE',  ( 75.31503022614813858, 93.42844387751841850, -23.15877391325059520 ) ) ;
#1634 = CARTESIAN_POINT ( 'NONE',  ( 146.5281689998066383, 5.448479403202890481, -267.8361105482872517 ) ) ;
#1635 = CARTESIAN_POINT ( 'NONE',  ( 152.0777421034210306, -1.165244497598677098, 9.804599309964982597E-15 ) ) ;
#1636 = CARTESIAN_POINT ( 'NONE',  ( 0.2369448244436554163, -6.451907268908500193, -226.0000000000000000 ) ) ;
#1637 = ORIENTED_EDGE ( 'NONE', *, *, #6022, .F. ) ;
#1638 = CARTESIAN_POINT ( 'NONE',  ( 76.64144045831724839, 5.825208241227493033, -518.9999999999992042 ) ) ;
#1639 = DIRECTION ( 'NONE',  ( -0.9993263269200400867, -0.03670003166893779506, -0.000000000000000000 ) ) ;
#1640 = LINE ( 'NONE', #1611, #2016 ) ;
#1641 = FACE_BOUND ( 'NONE', #3975, .T. ) ;
#1642 = ORIENTED_EDGE ( 'NONE', *, *, #1259, .F. ) ;
#1643 = EDGE_LOOP ( 'NONE', ( #5467, #5507, #205, #4207 ) ) ;
#1644 = EDGE_LOOP ( 'NONE', ( #3943, #3833, #3559 ) ) ;
#1645 = CARTESIAN_POINT ( 'NONE',  ( 152.0777421025902072, -1.165244496608476066, -62.41254501415071587 ) ) ;
#1646 = ORIENTED_EDGE ( 'NONE', *, *, #5284, .T. ) ;
#1647 = DIRECTION ( 'NONE',  ( 0.4545194689124504306, -0.5416752277698734241, 0.7071067811865473507 ) ) ;
#1648 = LINE ( 'NONE', #5516, #6331 ) ;
#1649 = DIRECTION ( 'NONE',  ( 1.000000000000000000, 0.000000000000000000, 0.000000000000000000 ) ) ;
#1650 = DIRECTION ( 'NONE',  ( 0.4545194689805009403, -0.5416752278509726626, -0.7071067810806797027 ) ) ;
#1651 = CARTESIAN_POINT ( 'NONE',  ( 146.5281689998066099, 5.448479403202891369, -146.9638633601287552 ) ) ;
#1652 = CARTESIAN_POINT ( 'NONE',  ( 146.4477209570765979, 8.655801363977513319, -50.00000000000000000 ) ) ;
#1653 = ORIENTED_EDGE ( 'NONE', *, *, #1509, .T. ) ;
#1654 = CARTESIAN_POINT ( 'NONE',  ( 73.28221149441193916, 4.158523912729014782, -519.0000000000005684 ) ) ;
#1655 = ORIENTED_EDGE ( 'NONE', *, *, #3731, .T. ) ;
#1656 = ORIENTED_EDGE ( 'NONE', *, *, #4670, .F. ) ;
#1657 = CARTESIAN_POINT ( 'NONE',  ( 161.3201304291505380, 5.788540652017599264, 0.000000000000000000 ) ) ;
#1658 = AXIS2_PLACEMENT_3D ( 'NONE', #1417, #4883, #1444 ) ;
#1659 = ADVANCED_FACE ( 'NONE', ( #4621 ), #4129, .F. ) ;
#1660 = DIRECTION ( 'NONE',  ( 0.7660444535136902156, 0.6427875972986035746, 0.000000000000000000 ) ) ;
#1661 = DIRECTION ( 'NONE',  ( 0.000000000000000000, 0.000000000000000000, -1.000000000000000000 ) ) ;
#1662 = DIRECTION ( 'NONE',  ( -0.4545194689124505971, 0.5416752277698736462, -0.7071067811865470176 ) ) ;
#1663 = CARTESIAN_POINT ( 'NONE',  ( 90.20120286622807271, 75.68779357109528405, -205.3857090794443252 ) ) ;
#1664 = ORIENTED_EDGE ( 'NONE', *, *, #3138, .T. ) ;
#1665 = EDGE_CURVE ( 'NONE', #1019, #3966, #5137, .T. ) ;
#1666 = ADVANCED_FACE ( 'NONE', ( #2683 ), #2648, .T. ) ;
#1667 = CARTESIAN_POINT ( 'NONE',  ( 74.09458103720170641, 4.628645599129887600, -519.0000000000001137 ) ) ;
#1668 = CARTESIAN_POINT ( 'NONE',  ( 146.4440854870231306, 8.660133948616792310, -48.00000000000000000 ) ) ;
#1669 = DIRECTION ( 'NONE',  ( -6.378601426329706152E-17, -5.352281928482944175E-17, 1.000000000000000000 ) ) ;
#1670 = CARTESIAN_POINT ( 'NONE',  ( 159.4079465372559810, -9.901042252968530022, -110.0500894468779762 ) ) ;
#1671 = ORIENTED_EDGE ( 'NONE', *, *, #6127, .T. ) ;
#1672 = ORIENTED_EDGE ( 'NONE', *, *, #5706, .F. ) ;
#1673 = VECTOR ( 'NONE', #5030, 1000.000000000000000 ) ;
#1674 = LINE ( 'NONE', #5608, #2323 ) ;
#1675 = ORIENTED_EDGE ( 'NONE', *, *, #4687, .F. ) ;
#1676 = CARTESIAN_POINT ( 'NONE',  ( 158.9296329264000462, 6.176938410197244878, -224.0000000000001421 ) ) ;
#1677 = AXIS2_PLACEMENT_3D ( 'NONE', #6307, #3855, #5817 ) ;
#1678 = CARTESIAN_POINT ( 'NONE',  ( 152.7677784200770077, -1.350582513633435733, 0.000000000000000000 ) ) ;
#1679 = CARTESIAN_POINT ( 'NONE',  ( 0.000000000000000000, 0.000000000000000000, -105.0000000000000142 ) ) ;
#1680 = LINE ( 'NONE', #5128, #5285 ) ;
#1681 = DIRECTION ( 'NONE',  ( 0.7660444535136902156, 0.6427875972986035746, 0.000000000000000000 ) ) ;
#1682 = CARTESIAN_POINT ( 'NONE',  ( 152.0777421034211159, -1.165244497598767248, -246.4474308918468637 ) ) ;
#1683 = ORIENTED_EDGE ( 'NONE', *, *, #5757, .T. ) ;
#1684 = CARTESIAN_POINT ( 'NONE',  ( 1.755424937789596740, 2.846770284889423852, 0.000000000000000000 ) ) ;
#1685 = ORIENTED_EDGE ( 'NONE', *, *, #1375, .F. ) ;
#1686 = ORIENTED_EDGE ( 'NONE', *, *, #1233, .T. ) ;
#1687 = AXIS2_PLACEMENT_3D ( 'NONE', #4881, #3913, #4822 ) ;
#1688 = CARTESIAN_POINT ( 'NONE',  ( 92.09514463839995813, 70.31923387213281273, 5.329957661905162958 ) ) ;
#1689 = LINE ( 'NONE', #1633, #1525 ) ;
#1690 = VECTOR ( 'NONE', #6193, 1000.000000000000000 ) ;
#1691 = PLANE ( 'NONE',  #5080 ) ;
#1692 = PLANE ( 'NONE',  #3393 ) ;
#1693 = DIRECTION ( 'NONE',  ( 0.6427875972986036857, -0.7660444535136901045, 0.000000000000000000 ) ) ;
#1694 = CARTESIAN_POINT ( 'NONE',  ( 154.7820051188861896, -1.276612053755953768, -45.00000000000000711 ) ) ;
#1695 = VECTOR ( 'NONE', #1126, 1000.000000000000000 ) ;
#1696 = CARTESIAN_POINT ( 'NONE',  ( 27.33199083377587257, 13.97392873730581186, 0.000000000000000000 ) ) ;
#1697 = VECTOR ( 'NONE', #3358, 1000.000000000000000 ) ;
#1698 = CARTESIAN_POINT ( 'NONE',  ( 146.4477209570765979, 8.655801363977513319, -52.00000000000000711 ) ) ;
#1699 = CARTESIAN_POINT ( 'NONE',  ( 146.5281689998066099, 5.448479403202883375, 9.804599309964982597E-15 ) ) ;
#1700 = CARTESIAN_POINT ( 'NONE',  ( 184.3164905826809559, 0.6290774289250272711, -117.7950916893036322 ) ) ;
#1701 = ADVANCED_FACE ( 'NONE', ( #5235 ), #4690, .T. ) ;
#1702 = ORIENTED_EDGE ( 'NONE', *, *, #3822, .F. ) ;
#1703 = VERTEX_POINT ( 'NONE', #359 ) ;
#1704 = CARTESIAN_POINT ( 'NONE',  ( 148.0602579068340390, 6.734054597800090747, -32.02482244953694135 ) ) ;
#1705 = ORIENTED_EDGE ( 'NONE', *, *, #3235, .F. ) ;
#1706 = CARTESIAN_POINT ( 'NONE',  ( 171.9966966361986636, 3.450912371454294192, -224.0000000000001421 ) ) ;
#1707 = AXIS2_PLACEMENT_3D ( 'NONE', #2963, #2072, #2488 ) ;
#1708 = VECTOR ( 'NONE', #6253, 1000.000000000000000 ) ;
#1709 = CARTESIAN_POINT ( 'NONE',  ( 79.35064051868550905, -4.048034973760174182, 0.000000000000000000 ) ) ;
#1710 = AXIS2_PLACEMENT_3D ( 'NONE', #234, #1071, #2175 ) ;
#1711 = PLANE ( 'NONE',  #4759 ) ;
#1712 = CARTESIAN_POINT ( 'NONE',  ( 148.0602579068340390, 6.734054597800062325, -134.2089397439838763 ) ) ;
#1713 = DIRECTION ( 'NONE',  ( 0.4545194689805009403, -0.5416752278509726626, -0.7071067810806797027 ) ) ;
#1714 = DIRECTION ( 'NONE',  ( 0.6427875972986036857, -0.7660444535136901045, -8.037077550158748476E-16 ) ) ;
#1715 = ORIENTED_EDGE ( 'NONE', *, *, #4949, .T. ) ;
#1716 = CARTESIAN_POINT ( 'NONE',  ( 33.18698623853997987, 15.07032967291209680, 0.000000000000000000 ) ) ;
#1717 = VERTEX_POINT ( 'NONE', #2167 ) ;
#1718 = ORIENTED_EDGE ( 'NONE', *, *, #2428, .F. ) ;
#1719 = CARTESIAN_POINT ( 'NONE',  ( 148.1485208129126363, 8.384128708568439947, -2.000000000000018652 ) ) ;
#1720 = LINE ( 'NONE', #2199, #3683 ) ;
#1721 = LINE ( 'NONE', #3682, #2299 ) ;
#1722 = FACE_OUTER_BOUND ( 'NONE', #1825, .T. ) ;
#1723 = CARTESIAN_POINT ( 'NONE',  ( 90.20120286622804429, 75.68779357109529826, -32.02482244953687740 ) ) ;
#1724 = EDGE_CURVE ( 'NONE', #4067, #123, #4751, .T. ) ;
#1725 = VERTEX_POINT ( 'NONE', #4721 ) ;
#1726 = EDGE_CURVE ( 'NONE', #3236, #5537, #1219, .T. ) ;
#1727 = EDGE_CURVE ( 'NONE', #5969, #867, #705, .T. ) ;
#1728 = CARTESIAN_POINT ( 'NONE',  ( 153.7233626017601580, 6.839262344540986582, -519.0000000000003411 ) ) ;
#1729 = CARTESIAN_POINT ( 'NONE',  ( 146.4417712622924057, 8.662891934344274958, -45.44098419476423345 ) ) ;
#1730 = CARTESIAN_POINT ( 'NONE',  ( 153.6098310104484597, 0.1203306969985301622, -209.5070294230038996 ) ) ;
#1731 = ADVANCED_FACE ( 'NONE', ( #6104 ), #1691, .F. ) ;
#1732 = CARTESIAN_POINT ( 'NONE',  ( 154.3747231731879879, -0.7912323158307347226, -45.00000000000000711 ) ) ;
#1733 = VERTEX_POINT ( 'NONE', #5623 ) ;
#1734 = EDGE_LOOP ( 'NONE', ( #2450, #243, #1862 ) ) ;
#1735 = EDGE_LOOP ( 'NONE', ( #4812, #5184, #4647, #865 ) ) ;
#1736 = CARTESIAN_POINT ( 'NONE',  ( 146.5281689998066383, 5.448479403202897586, -216.0193123520296297 ) ) ;
#1737 = ORIENTED_EDGE ( 'NONE', *, *, #5861, .T. ) ;
#1738 = LINE ( 'NONE', #2310, #2897 ) ;
#1739 = ORIENTED_EDGE ( 'NONE', *, *, #3022, .F. ) ;
#1740 = CARTESIAN_POINT ( 'NONE',  ( 96.79015346992061097, -3.405588130481424614, -519.0000000000005684 ) ) ;
#1741 = CARTESIAN_POINT ( 'NONE',  ( 184.3164905826809559, 0.3083716158436003996, -100.0000000000000000 ) ) ;
#1742 = FACE_OUTER_BOUND ( 'NONE', #4731, .T. ) ;
#1743 = CARTESIAN_POINT ( 'NONE',  ( 152.0777421034227928, -1.165244497600744777, -1.005233009473359337E-12 ) ) ;
#1744 = CARTESIAN_POINT ( 'NONE',  ( 184.3164905826809843, 0.3083714254295336077, -45.00000000000000711 ) ) ;
#1746 = ORIENTED_EDGE ( 'NONE', *, *, #3134, .F. ) ;
#1745 = DIRECTION ( 'NONE',  ( 0.6427875972986036857, -0.7660444535136901045, 6.429662040127087133E-15 ) ) ;
#1747 = CARTESIAN_POINT ( 'NONE',  ( 133.9977788660430917, 10.90288465965361553, 0.000000000000000000 ) ) ;
#1748 = ORIENTED_EDGE ( 'NONE', *, *, #5873, .F. ) ;
#1749 = VERTEX_POINT ( 'NONE', #4162 ) ;
#1750 = CARTESIAN_POINT ( 'NONE',  ( 184.3164905826809843, -0.1919652221612422049, -158.0000000000000000 ) ) ;
#1751 = DIRECTION ( 'NONE',  ( -0.9993263279542508037, -0.03670000350780838749, -0.000000000000000000 ) ) ;
#1752 = CARTESIAN_POINT ( 'NONE',  ( 152.0777421034210590, -1.165244497598677098, -255.0810341644319976 ) ) ;
#1753 = CARTESIAN_POINT ( 'NONE',  ( 153.6098310104484312, 0.1203306969985249580, -77.23147659367238305 ) ) ;
#1754 = EDGE_CURVE ( 'NONE', #3435, #6180, #1721, .T. ) ;
#1755 = CARTESIAN_POINT ( 'NONE',  ( 88.66911395920068628, 74.40221837649806957, -231.5711869321423819 ) ) ;
#1756 = ORIENTED_EDGE ( 'NONE', *, *, #2597, .F. ) ;
#1757 = DIRECTION ( 'NONE',  ( 0.000000000000000000, 0.7938448021158684975, -0.6081204076115334090 ) ) ;
#1758 = DIRECTION ( 'NONE',  ( 0.6427875972986036857, -0.7660444535136901045, 0.000000000000000000 ) ) ;
#1759 = CARTESIAN_POINT ( 'NONE',  ( 184.3164905826809559, 0.6290864826904657425, -110.9710427883418618 ) ) ;
#1760 = VERTEX_POINT ( 'NONE', #2295 ) ;
#1761 = EDGE_LOOP ( 'NONE', ( #5174, #3425, #3140, #701 ) ) ;
#1762 = ORIENTED_EDGE ( 'NONE', *, *, #1726, .T. ) ;
#1763 = EDGE_CURVE ( 'NONE', #1181, #565, #5657, .T. ) ;
#1764 = DIRECTION ( 'NONE',  ( -0.4545194689124498200, 0.5416752277698725360, 0.7071067811865483499 ) ) ;
#1765 = EDGE_LOOP ( 'NONE', ( #4552, #557, #2831, #443 ) ) ;
#1766 = AXIS2_PLACEMENT_3D ( 'NONE', #2601, #115, #3573 ) ;
#1767 = CARTESIAN_POINT ( 'NONE',  ( 148.0602579068340390, 6.734054597800104069, -269.8361105482872517 ) ) ;
#1768 = ORIENTED_EDGE ( 'NONE', *, *, #2141, .F. ) ;
#1769 = CARTESIAN_POINT ( 'NONE',  ( 109.1143167513361050, -2.953682490736255328, 0.000000000000000000 ) ) ;
#1770 = DIRECTION ( 'NONE',  ( 0.7660444535136902156, 0.6427875972986035746, 0.000000000000000000 ) ) ;
#1771 = DIRECTION ( 'NONE',  ( 0.6427875972986036857, -0.7660444535136901045, 1.368455531567204475E-48 ) ) ;
#1772 = DIRECTION ( 'NONE',  ( 0.000000000000000000, 0.000000000000000000, -1.000000000000000000 ) ) ;
#1773 = FACE_OUTER_BOUND ( 'NONE', #1986, .T. ) ;
#1775 = ORIENTED_EDGE ( 'NONE', *, *, #3145, .F. ) ;
#1774 = DIRECTION ( 'NONE',  ( 0.7660444535136902156, 0.6427875972986035746, 0.000000000000000000 ) ) ;
#1776 = VECTOR ( 'NONE', #2126, 1000.000000000000000 ) ;
#1777 = CARTESIAN_POINT ( 'NONE',  ( 154.7820052418864805, -1.276612200341903369, -225.9999999999999716 ) ) ;
#1778 = ORIENTED_EDGE ( 'NONE', *, *, #2123, .T. ) ;
#1779 = ORIENTED_EDGE ( 'NONE', *, *, #208, .T. ) ;
#1780 = EDGE_CURVE ( 'NONE', #1161, #5027, #3227, .T. ) ;
#1781 = VECTOR ( 'NONE', #4769, 1000.000000000000000 ) ;
#1782 = CARTESIAN_POINT ( 'NONE',  ( 154.7820052775174418, -1.276612242805275077, -279.7393850951211220 ) ) ;
#1783 = CARTESIAN_POINT ( 'NONE',  ( 152.0777421034210874, -1.165244497598732609, -119.4538633601287501 ) ) ;
#1784 = DIRECTION ( 'NONE',  ( 0.7660444535136902156, 0.6427875972986035746, 0.000000000000000000 ) ) ;
#1785 = LINE ( 'NONE', #3651, #1959 ) ;
#1786 = VECTOR ( 'NONE', #5225, 1000.000000000000000 ) ;
#1787 = CARTESIAN_POINT ( 'NONE',  ( 79.35064051868550905, -4.048034973760174182, 0.000000000000000000 ) ) ;
#1788 = ORIENTED_EDGE ( 'NONE', *, *, #1013, .T. ) ;
#1789 = CARTESIAN_POINT ( 'NONE',  ( 146.5281689998066099, 5.448479403202883375, 9.804599309964982597E-15 ) ) ;
#1790 = CARTESIAN_POINT ( 'NONE',  ( 184.3164905826809843, 0.6287808212754242287, -286.0000000000000568 ) ) ;
#1791 = CARTESIAN_POINT ( 'NONE',  ( 184.3164905826809843, -0.1919649553590160596, -221.0000000000000000 ) ) ;
#1792 = EDGE_LOOP ( 'NONE', ( #4931, #973, #3365, #3537 ) ) ;
#1793 = ORIENTED_EDGE ( 'NONE', *, *, #4645, .F. ) ;
#1794 = CARTESIAN_POINT ( 'NONE',  ( 153.6098310104484312, 0.1203306969985301622, -17.14857848983246313 ) ) ;
#1795 = VERTEX_POINT ( 'NONE', #810 ) ;
#1796 = DIRECTION ( 'NONE',  ( 0.6427875972986036857, -0.7660444535136901045, 1.368455531567204475E-48 ) ) ;
#1797 = EDGE_CURVE ( 'NONE', #2725, #4569, #5171, .T. ) ;
#1798 = ORIENTED_EDGE ( 'NONE', *, *, #4204, .F. ) ;
#1799 = CARTESIAN_POINT ( 'NONE',  ( 87.40971697620670966, -3.590500737704453105, -519.0000000000001137 ) ) ;
#1800 = EDGE_CURVE ( 'NONE', #4632, #1749, #2715, .T. ) ;
#1801 = DIRECTION ( 'NONE',  ( -0.03670001594897864122, 0.9993263274973519517, 0.000000000000000000 ) ) ;
#1802 = CARTESIAN_POINT ( 'NONE',  ( 187.3164905826809843, -0.08178092353511093315, 0.000000000000000000 ) ) ;
#1803 = FACE_OUTER_BOUND ( 'NONE', #3274, .T. ) ;
#1804 = VECTOR ( 'NONE', #5075, 1000.000000000000000 ) ;
#1805 = PLANE ( 'NONE',  #5085 ) ;
#1807 = ORIENTED_EDGE ( 'NONE', *, *, #158, .F. ) ;
#1806 = FACE_OUTER_BOUND ( 'NONE', #571, .T. ) ;
#1808 = EDGE_CURVE ( 'NONE', #5217, #3797, #2746, .T. ) ;
#1809 = CARTESIAN_POINT ( 'NONE',  ( 152.0777421034210874, -1.165244497598699969, -92.10772055337685060 ) ) ;
#1810 = ORIENTED_EDGE ( 'NONE', *, *, #4290, .T. ) ;
#1811 = AXIS2_PLACEMENT_3D ( 'NONE', #3912, #578, #4524 ) ;
#1812 = VERTEX_POINT ( 'NONE', #4229 ) ;
#1813 = VECTOR ( 'NONE', #729, 1000.000000000000000 ) ;
#1814 = VECTOR ( 'NONE', #3285, 1000.000000000000000 ) ;
#1815 = CARTESIAN_POINT ( 'NONE',  ( 154.7820052715376278, -1.276612235678781015, -283.9131283650403930 ) ) ;
#1816 = CARTESIAN_POINT ( 'NONE',  ( 154.7820052676700016, -1.276612231069491621, -286.0000000000000568 ) ) ;
#1817 = CARTESIAN_POINT ( 'NONE',  ( 0.000000000000000000, 0.000000000000000000, -221.0000000000000000 ) ) ;
#1818 = DIRECTION ( 'NONE',  ( 0.000000000000000000, 0.000000000000000000, -1.000000000000000000 ) ) ;
#1819 = CARTESIAN_POINT ( 'NONE',  ( 85.30337629867968019, -3.829177956191700538, 0.000000000000000000 ) ) ;
#1820 = VERTEX_POINT ( 'NONE', #3714 ) ;
#1821 = FACE_OUTER_BOUND ( 'NONE', #5747, .T. ) ;
#1822 = LINE ( 'NONE', #1851, #48 ) ;
#1823 = CARTESIAN_POINT ( 'NONE',  ( 184.3164905826809559, 0.6288538271490922149, -252.4431894912003713 ) ) ;
#1824 = CARTESIAN_POINT ( 'NONE',  ( 184.2981405794620002, 0.3076977166201873559, -108.0000000000000142 ) ) ;
#1825 = EDGE_LOOP ( 'NONE', ( #1197, #1002, #5166, #6058 ) ) ;
#1826 = VECTOR ( 'NONE', #1377, 1000.000000000000000 ) ;
#1827 = ORIENTED_EDGE ( 'NONE', *, *, #1889, .T. ) ;
#1828 = VECTOR ( 'NONE', #6103, 1000.000000000000000 ) ;
#1829 = CARTESIAN_POINT ( 'NONE',  ( 148.0602579068340106, 6.734054597800090747, 9.804599309964982597E-15 ) ) ;
#1830 = ORIENTED_EDGE ( 'NONE', *, *, #1808, .F. ) ;
#1831 = CARTESIAN_POINT ( 'NONE',  ( 154.7820050336370628, -1.276611952159911079, -106.7060122252419205 ) ) ;
#1832 = EDGE_CURVE ( 'NONE', #3175, #1717, #5690, .T. ) ;
#1833 = VERTEX_POINT ( 'NONE', #959 ) ;
#1834 = CARTESIAN_POINT ( 'NONE',  ( 184.3164905826809843, -0.1919647058968771691, -280.0289572116531644 ) ) ;
#1835 = LINE ( 'NONE', #3282, #3321 ) ;
#1836 = DIRECTION ( 'NONE',  ( 0.7660444535136902156, 0.6427875972986035746, 0.000000000000000000 ) ) ;
#1838 = ORIENTED_EDGE ( 'NONE', *, *, #5572, .F. ) ;
#1837 = DIRECTION ( 'NONE',  ( -5.547375491447250379E-14, 1.000000000000000000, 0.000000000000000000 ) ) ;
#1839 = CARTESIAN_POINT ( 'NONE',  ( 174.9005243410982757, 2.829129485037704228, 0.000000000000000000 ) ) ;
#1840 = EDGE_LOOP ( 'NONE', ( #5352, #4352, #5289, #5774, #4026, #4095, #6038, #3510 ) ) ;
#1841 = VERTEX_POINT ( 'NONE', #1348 ) ;
#1842 = DIRECTION ( 'NONE',  ( -6.378601426329706152E-17, -5.352281928482944175E-17, 1.000000000000000000 ) ) ;
#1843 = DIRECTION ( 'NONE',  ( 0.000000000000000000, 0.000000000000000000, -1.000000000000000000 ) ) ;
#1844 = CARTESIAN_POINT ( 'NONE',  ( 152.0777421034210590, -1.165244497598718620, 9.804599309964982597E-15 ) ) ;
#1845 = LINE ( 'NONE', #3817, #6118 ) ;
#1846 = EDGE_CURVE ( 'NONE', #1057, #5857, #2356, .T. ) ;
#1847 = CARTESIAN_POINT ( 'NONE',  ( 126.7941409408100384, -2.304579363238664858, -519.0000000000010232 ) ) ;
#1848 = EDGE_CURVE ( 'NONE', #447, #4779, #990, .T. ) ;
#1849 = DIRECTION ( 'NONE',  ( 0.7660444535136902156, 0.6427875972986035746, 0.000000000000000000 ) ) ;
#1850 = DIRECTION ( 'NONE',  ( 0.6427875972986036857, -0.7660444535136901045, 0.000000000000000000 ) ) ;
#1851 = CARTESIAN_POINT ( 'NONE',  ( 152.0777421034210590, -1.165244497598718620, 9.804599309964982597E-15 ) ) ;
#1852 = DIRECTION ( 'NONE',  ( 0.9993263279542508037, 0.03670000350780838749, 0.000000000000000000 ) ) ;
#1853 = LINE ( 'NONE', #5732, #2827 ) ;
#1854 = ADVANCED_FACE ( 'NONE', ( #451 ), #5843, .F. ) ;
#1855 = ORIENTED_EDGE ( 'NONE', *, *, #6012, .T. ) ;
#1856 = EDGE_CURVE ( 'NONE', #171, #1552, #4388, .T. ) ;
#1857 = ORIENTED_EDGE ( 'NONE', *, *, #3126, .T. ) ;
#1858 = AXIS2_PLACEMENT_3D ( 'NONE', #195, #4073, #2140 ) ;
#1859 = DIRECTION ( 'NONE',  ( 0.7660444535136902156, 0.6427875972986035746, 0.000000000000000000 ) ) ;
#1860 = ORIENTED_EDGE ( 'NONE', *, *, #6097, .T. ) ;
#1861 = CARTESIAN_POINT ( 'NONE',  ( 154.7820050345175105, -1.276611953209101147, -105.0000000000000142 ) ) ;
#1862 = ORIENTED_EDGE ( 'NONE', *, *, #6211, .F. ) ;
#1863 = PRODUCT_DEFINITION_SHAPE ( 'NONE', 'NONE',  #5822 ) ;
#1864 = LINE ( 'NONE', #5317, #1401 ) ;
#1865 = DIRECTION ( 'NONE',  ( -0.4545194689124506526, 0.5416752277698737572, -0.7071067811865471286 ) ) ;
#1866 = VECTOR ( 'NONE', #3834, 1000.000000000000000 ) ;
#1867 = DIRECTION ( 'NONE',  ( 0.7660444535136902156, 0.6427875972986035746, 0.000000000000000000 ) ) ;
#1868 = ORIENTED_EDGE ( 'NONE', *, *, #1534, .F. ) ;
#1869 = DIRECTION ( 'NONE',  ( 0.7660444535136902156, 0.6427875972986035746, 0.000000000000000000 ) ) ;
#1870 = EDGE_LOOP ( 'NONE', ( #329, #4885, #5837, #2824 ) ) ;
#1871 = ORIENTED_EDGE ( 'NONE', *, *, #2549, .F. ) ;
#1872 = CARTESIAN_POINT ( 'NONE',  ( 207.7788598165462588, -67.54725382381595011, -185.3018732127386272 ) ) ;
#1873 = CARTESIAN_POINT ( 'NONE',  ( 184.3164905826809843, 0.6290085213068066228, -165.5590183378598397 ) ) ;
#1874 = DIRECTION ( 'NONE',  ( 0.9993263279542508037, 0.03670000350780839443, 0.000000000000000000 ) ) ;
#1875 = DIRECTION ( 'NONE',  ( 0.7660444535136902156, 0.6427875972986035746, 0.000000000000000000 ) ) ;
#1876 = CARTESIAN_POINT ( 'NONE',  ( 174.5945035064749220, -0.5489890037486334640, 0.000000000000000000 ) ) ;
#1877 = VECTOR ( 'NONE', #5534, 1000.000000000000000 ) ;
#1878 = DIRECTION ( 'NONE',  ( -0.000000000000000000, -0.000000000000000000, 1.000000000000000000 ) ) ;
#1879 = DIRECTION ( 'NONE',  ( 0.6427875972986035746, -0.7660444535136902156, 6.018531076210112041E-33 ) ) ;
#1880 = CARTESIAN_POINT ( 'NONE',  ( 0.000000000000000000, 0.000000000000000000, -166.0000000000000000 ) ) ;
#1881 = EDGE_CURVE ( 'NONE', #31, #3210, #5266, .T. ) ;
#1882 = LINE ( 'NONE', #968, #6183 ) ;
#1883 = CARTESIAN_POINT ( 'NONE',  ( 184.3164905826809843, -0.1919649553590160596, -221.0000000000000000 ) ) ;
#1884 = EDGE_CURVE ( 'NONE', #5704, #3734, #1906, .T. ) ;
#1885 = ORIENTED_EDGE ( 'NONE', *, *, #888, .T. ) ;
#1886 = AXIS2_PLACEMENT_3D ( 'NONE', #5302, #1879, #3853 ) ;
#1887 = ORIENTED_EDGE ( 'NONE', *, *, #2187, .T. ) ;
#1888 = VECTOR ( 'NONE', #2986, 1000.000000000000114 ) ;
#1889 = EDGE_CURVE ( 'NONE', #1812, #2106, #4909, .T. ) ;
#1890 = LINE ( 'NONE', #1829, #1708 ) ;
#1891 = VERTEX_POINT ( 'NONE', #3881 ) ;
#1892 = CARTESIAN_POINT ( 'NONE',  ( 74.46472052248944351, 91.33035584126638184, -22.09811374147070850 ) ) ;
#1893 = VECTOR ( 'NONE', #5000, 1000.000000000000000 ) ;
#1894 = ORIENTED_EDGE ( 'NONE', *, *, #1630, .T. ) ;
#1895 = ORIENTED_EDGE ( 'NONE', *, *, #6115, .F. ) ;
#1896 = CARTESIAN_POINT ( 'NONE',  ( 146.5281689998066383, 5.448479403202869165, -77.23147659367238305 ) ) ;
#1897 = CARTESIAN_POINT ( 'NONE',  ( 169.7354141233290932, 3.971912428843733078, -50.00000000000225242 ) ) ;
#1898 = AXIS2_PLACEMENT_3D ( 'NONE', #4739, #1336, #346 ) ;
#1899 = CARTESIAN_POINT ( 'NONE',  ( 165.5153846855364463, -0.8824322573863472297, -160.9999999999998010 ) ) ;
#1900 = ORIENTED_EDGE ( 'NONE', *, *, #2196, .F. ) ;
#1901 = DIRECTION ( 'NONE',  ( 0.7660444535136902156, 0.6427875972986035746, 0.000000000000000000 ) ) ;
#1902 = VERTEX_POINT ( 'NONE', #4422 ) ;
#1903 = VERTEX_POINT ( 'NONE', #4842 ) ;
#1904 = CARTESIAN_POINT ( 'NONE',  ( 148.0602579068340106, 6.734054597800090747, 9.804599309964982597E-15 ) ) ;
#1905 = FACE_OUTER_BOUND ( 'NONE', #3528, .T. ) ;
#1906 = LINE ( 'NONE', #27, #4343 ) ;
#1907 = FACE_OUTER_BOUND ( 'NONE', #3917, .T. ) ;
#1908 = CARTESIAN_POINT ( 'NONE',  ( 103.1615656577619973, -3.172122366968166851, 0.000000000000000000 ) ) ;
#1909 = VECTOR ( 'NONE', #6250, 1000.000000000000000 ) ;
#1910 = EDGE_CURVE ( 'NONE', #3476, #3962, #1438, .T. ) ;
#1911 = AXIS2_PLACEMENT_3D ( 'NONE', #5279, #4340, #373 ) ;
#1912 = PLANE ( 'NONE',  #3862 ) ;
#1913 = DIRECTION ( 'NONE',  ( -5.547375491447250379E-14, 1.000000000000000000, 0.000000000000000000 ) ) ;
#1914 = LINE ( 'NONE', #1789, #1285 ) ;
#1915 = DIRECTION ( 'NONE',  ( 1.000000000000000000, 0.000000000000000000, 0.000000000000000000 ) ) ;
#1916 = EDGE_CURVE ( 'NONE', #1036, #5702, #1378, .T. ) ;
#1917 = CARTESIAN_POINT ( 'NONE',  ( 157.4293812278781672, -1.179387869785034182, -2.000000000000018208 ) ) ;
#1918 = ORIENTED_EDGE ( 'NONE', *, *, #818, .F. ) ;
#1919 = EDGE_CURVE ( 'NONE', #971, #2318, #3854, .T. ) ;
#1920 = VERTEX_POINT ( 'NONE', #2447 ) ;
#1921 = EDGE_CURVE ( 'NONE', #2021, #1229, #3382, .T. ) ;
#1922 = CARTESIAN_POINT ( 'NONE',  ( 3.355181935654401926, 4.405589825678189797, 0.000000000000000000 ) ) ;
#1923 = LINE ( 'NONE', #5371, #5111 ) ;
#1924 = LINE ( 'NONE', #3894, #5926 ) ;
#1925 = ORIENTED_EDGE ( 'NONE', *, *, #490, .F. ) ;
#1926 = CARTESIAN_POINT ( 'NONE',  ( 153.6098310104484312, 0.1203306969984746511, -108.6989397439838712 ) ) ;
#1927 = ORIENTED_EDGE ( 'NONE', *, *, #5956, .T. ) ;
#1928 = ORIENTED_EDGE ( 'NONE', *, *, #5430, .F. ) ;
#1929 = DIRECTION ( 'NONE',  ( 0.7660444535136902156, 0.6427875972986035746, 0.000000000000000000 ) ) ;
#1930 = PLANE ( 'NONE',  #476 ) ;
#1931 = ORIENTED_EDGE ( 'NONE', *, *, #820, .T. ) ;
#1932 = CARTESIAN_POINT ( 'NONE',  ( 187.2624180140170722, -0.08376696774763658926, -287.9999999999996589 ) ) ;
#1933 = EDGE_CURVE ( 'NONE', #4536, #3203, #4787, .T. ) ;
#1934 = ORIENTED_EDGE ( 'NONE', *, *, #5563, .T. ) ;
#1935 = EDGE_CURVE ( 'NONE', #2403, #2779, #6330, .T. ) ;
#1936 = LINE ( 'NONE', #537, #2615 ) ;
#1937 = CARTESIAN_POINT ( 'NONE',  ( 187.1123679370104753, -0.08927819265133284110, 0.000000000000000000 ) ) ;
#1938 = DIRECTION ( 'NONE',  ( 1.000000000000000000, 0.000000000000000000, 0.000000000000000000 ) ) ;
#1939 = CARTESIAN_POINT ( 'NONE',  ( 154.7820050803711922, -1.276612007855474573, -166.0000000000000000 ) ) ;
#1940 = CARTESIAN_POINT ( 'NONE',  ( 72.30287728956088245, -2.581130401391896090, -518.9999999999997726 ) ) ;
#1941 = EDGE_CURVE ( 'NONE', #31, #2946, #423, .T. ) ;
#1942 = FACE_OUTER_BOUND ( 'NONE', #5840, .T. ) ;
#1943 = DIRECTION ( 'NONE',  ( 0.7660444535136902156, 0.6427875972986035746, 0.000000000000000000 ) ) ;
#1944 = EDGE_CURVE ( 'NONE', #1749, #4903, #3847, .T. ) ;
#1945 = PLANE ( 'NONE',  #4233 ) ;
#1946 = DIRECTION ( 'NONE',  ( 6.378601426329706152E-17, 5.352281928482944175E-17, -1.000000000000000000 ) ) ;
#1947 = CARTESIAN_POINT ( 'NONE',  ( 146.5281689998066099, 5.448479403202890481, -190.5093123520296103 ) ) ;
#1948 = EDGE_LOOP ( 'NONE', ( #3241, #2608, #6350 ) ) ;
#1949 = ORIENTED_EDGE ( 'NONE', *, *, #3273, .T. ) ;
#1950 = CARTESIAN_POINT ( 'NONE',  ( 72.13026140542611131, 3.349874781402656598, -519.0000000000018190 ) ) ;
#1951 = DIRECTION ( 'NONE',  ( 1.000000000000000000, 0.000000000000000000, 0.000000000000000000 ) ) ;
#1952 = CARTESIAN_POINT ( 'NONE',  ( 153.6098310104484312, 0.1203306969985301622, 9.804599309964982597E-15 ) ) ;
#1953 = CARTESIAN_POINT ( 'NONE',  ( 88.66911395920065786, 74.40221837649808379, -34.02482244953687740 ) ) ;
#1954 = DIRECTION ( 'NONE',  ( 0.000000000000000000, 0.000000000000000000, -1.000000000000000000 ) ) ;
#1955 = ORIENTED_EDGE ( 'NONE', *, *, #708, .T. ) ;
#1956 = CARTESIAN_POINT ( 'NONE',  ( 148.0602579068340390, 6.734054597800090747, -121.4538633601287501 ) ) ;
#1957 = VERTEX_POINT ( 'NONE', #2417 ) ;
#1958 = ORIENTED_EDGE ( 'NONE', *, *, #1536, .T. ) ;
#1959 = VECTOR ( 'NONE', #740, 1000.000000000000000 ) ;
#1960 = EDGE_CURVE ( 'NONE', #337, #2805, #6269, .T. ) ;
#1961 = CARTESIAN_POINT ( 'NONE',  ( 172.8284327328863412, 3.259280166437487747, -287.9999999999998863 ) ) ;
#1962 = DIRECTION ( 'NONE',  ( 0.7660444535136899935, 0.6427875972986037967, 0.000000000000000000 ) ) ;
#1963 = ORIENTED_EDGE ( 'NONE', *, *, #2880, .T. ) ;
#1964 = CARTESIAN_POINT ( 'NONE',  ( 146.5281689998066383, 5.448479403202883375, -100.7413238259620698 ) ) ;
#1965 = VERTEX_POINT ( 'NONE', #3354 ) ;
#1966 = CARTESIAN_POINT ( 'NONE',  ( 143.3096604183047873, 12.39559640765755510, -82.62209443862099079 ) ) ;
#1967 = DIRECTION ( 'NONE',  ( 0.7660444535136902156, 0.6427875972986035746, 0.000000000000000000 ) ) ;
#1968 = CARTESIAN_POINT ( 'NONE',  ( 146.5560522104612176, 8.526697199326170207, -161.0000000000000000 ) ) ;
#1969 = DIRECTION ( 'NONE',  ( -6.378601426329706152E-17, -5.352281928482944175E-17, 1.000000000000000000 ) ) ;
#1970 = EDGE_CURVE ( 'NONE', #593, #2686, #2154, .T. ) ;
#1971 = CARTESIAN_POINT ( 'NONE',  ( 77.09535702400799551, -3.280706418644204092, -518.9999999999998863 ) ) ;
#1972 = ORIENTED_EDGE ( 'NONE', *, *, #3073, .T. ) ;
#1973 = VECTOR ( 'NONE', #4150, 1000.000000000000000 ) ;
#1974 = EDGE_CURVE ( 'NONE', #655, #685, #539, .T. ) ;
#1975 = DIRECTION ( 'NONE',  ( 8.796262431460665264E-49, -1.048297769837185521E-48, -1.000000000000000000 ) ) ;
#1976 = CARTESIAN_POINT ( 'NONE',  ( 184.3164905826809843, -0.1919656376633245842, -53.00000000000000711 ) ) ;
#1977 = CARTESIAN_POINT ( 'NONE',  ( 152.0777421034210306, -1.165244497598677098, 9.804599309964982597E-15 ) ) ;
#1978 = CARTESIAN_POINT ( 'NONE',  ( 154.7636551171322878, -0.7769488897788283666, -45.00000000000000711 ) ) ;
#1979 = LINE ( 'NONE', #3916, #2315 ) ;
#1980 = ORIENTED_EDGE ( 'NONE', *, *, #158, .T. ) ;
#1981 = VECTOR ( 'NONE', #2730, 1000.000000000000000 ) ;
#1982 = CARTESIAN_POINT ( 'NONE',  ( -0.005861087495629316302, 0.04973143691726220755, 0.000000000000000000 ) ) ;
#1983 = CARTESIAN_POINT ( 'NONE',  ( 92.77692384176870632, 69.50672103047794792, 6.390617833685062976 ) ) ;
#1984 = DIRECTION ( 'NONE',  ( 0.4545194689805009403, -0.5416752278509727736, 0.7071067810806795917 ) ) ;
#1985 = CARTESIAN_POINT ( 'NONE',  ( 152.0777421034210874, -1.165244497598746376, 9.804599309964982597E-15 ) ) ;
#1986 = EDGE_LOOP ( 'NONE', ( #1588, #776, #2244, #2276 ) ) ;
#1987 = VECTOR ( 'NONE', #2783, 1000.000000000000000 ) ;
#1988 = CARTESIAN_POINT ( 'NONE',  ( 101.8465120124543830, 61.80945410342379631, 18.11688525909213965 ) ) ;
#1989 = VECTOR ( 'NONE', #1784, 1000.000000000000000 ) ;
#1990 = VERTEX_POINT ( 'NONE', #4031 ) ;
#1991 = EDGE_LOOP ( 'NONE', ( #1456, #617, #885, #4224 ) ) ;
#1992 = VECTOR ( 'NONE', #1339, 1000.000000000000000 ) ;
#1993 = FACE_BOUND ( 'NONE', #821, .T. ) ;
#1994 = VERTEX_POINT ( 'NONE', #5967 ) ;
#1995 = EDGE_CURVE ( 'NONE', #2819, #4941, #2478, .T. ) ;
#1996 = LINE ( 'NONE', #1463, #3830 ) ;
#1997 = ORIENTED_EDGE ( 'NONE', *, *, #3561, .F. ) ;
#1998 = ADVANCED_FACE ( 'NONE', ( #1121 ), #5487, .T. ) ;
#1999 = CARTESIAN_POINT ( 'NONE',  ( 187.3164905826809843, -0.08178092353511093315, 0.000000000000000000 ) ) ;
#2000 = CARTESIAN_POINT ( 'NONE',  ( 154.7820051375371975, -1.276612075983258654, -45.00000000000001421 ) ) ;
#2001 = DIRECTION ( 'NONE',  ( 0.000000000000000000, 0.000000000000000000, -1.000000000000000000 ) ) ;
#2002 = EDGE_CURVE ( 'NONE', #4315, #2369, #1025, .T. ) ;
#2003 = CARTESIAN_POINT ( 'NONE',  ( 184.2981405668465129, 0.3076982081010047887, -221.0000000000000000 ) ) ;
#2004 = ORIENTED_EDGE ( 'NONE', *, *, #4111, .F. ) ;
#2005 = CARTESIAN_POINT ( 'NONE',  ( 8.181474534706218549, -4.698689226440005307, 0.000000000000000000 ) ) ;
#2006 = EDGE_CURVE ( 'NONE', #2023, #971, #56, .T. ) ;
#2007 = ORIENTED_EDGE ( 'NONE', *, *, #2353, .T. ) ;
#2008 = FACE_OUTER_BOUND ( 'NONE', #276, .T. ) ;
#2009 = CARTESIAN_POINT ( 'NONE',  ( 153.6098310104484312, 0.1203306969985301622, 9.804599309964982597E-15 ) ) ;
#2010 = FACE_OUTER_BOUND ( 'NONE', #2249, .T. ) ;
#2011 = DIRECTION ( 'NONE',  ( 0.6427875972986036857, -0.7660444535136901045, 0.000000000000000000 ) ) ;
#2012 = PLANE ( 'NONE',  #1707 ) ;
#2013 = VECTOR ( 'NONE', #2426, 1000.000000000000000 ) ;
#2014 = ORIENTED_EDGE ( 'NONE', *, *, #4193, .T. ) ;
#2015 = AXIS2_PLACEMENT_3D ( 'NONE', #2368, #5339, #467 ) ;
#2016 = VECTOR ( 'NONE', #3593, 1000.000000000000000 ) ;
#2017 = CARTESIAN_POINT ( 'NONE',  ( 69.78698961852283844, 1.057059819864387684, -518.9999999999998863 ) ) ;
#2018 = CARTESIAN_POINT ( 'NONE',  ( 153.6098310104484312, 0.1203306969985301622, 9.804599309964982597E-15 ) ) ;
#2019 = LINE ( 'NONE', #4923, #3448 ) ;
#2020 = CARTESIAN_POINT ( 'NONE',  ( 153.6098310096175794, 0.1203306979886756278, -53.77894174285809470 ) ) ;
#2021 = VERTEX_POINT ( 'NONE', #3018 ) ;
#2022 = CARTESIAN_POINT ( 'NONE',  ( 184.2981405794620002, 0.3076977166201873559, -100.0000000000000000 ) ) ;
#2023 = VERTEX_POINT ( 'NONE', #661 ) ;
#2024 = EDGE_LOOP ( 'NONE', ( #5852, #653, #2661, #4992 ) ) ;
#2025 = VERTEX_POINT ( 'NONE', #2544 ) ;
#2026 = ADVANCED_FACE ( 'NONE', ( #2032 ), #2605, .F. ) ;
#2027 = CARTESIAN_POINT ( 'NONE',  ( 154.7820052418864805, -1.276612200341903369, -225.9999999999999716 ) ) ;
#2028 = ORIENTED_EDGE ( 'NONE', *, *, #5211, .T. ) ;
#2029 = LINE ( 'NONE', #5964, #3506 ) ;
#2030 = FACE_BOUND ( 'NONE', #3629, .T. ) ;
#2031 = FACE_BOUND ( 'NONE', #4385, .T. ) ;
#2032 = FACE_OUTER_BOUND ( 'NONE', #5924, .T. ) ;
#2033 = CARTESIAN_POINT ( 'NONE',  ( 152.0777421034211159, -1.165244497598704854, -267.8361105482872517 ) ) ;
#2034 = EDGE_LOOP ( 'NONE', ( #5643, #6152, #5306, #3038 ) ) ;
#2035 = AXIS2_PLACEMENT_3D ( 'NONE', #3088, #2682, #4651 ) ;
#2036 = CARTESIAN_POINT ( 'NONE',  ( 93.03864245429784319, -3.512154444140946907, -519.0000000000001137 ) ) ;
#2037 = ORIENTED_EDGE ( 'NONE', *, *, #6211, .T. ) ;
#2038 = CARTESIAN_POINT ( 'NONE',  ( 198.8983248096342606, -56.96384397759447893, -171.4862130409570682 ) ) ;
#2039 = LINE ( 'NONE', #4007, #178 ) ;
#2040 = CARTESIAN_POINT ( 'NONE',  ( 141.0957923219085330, 11.92253403803084488, -81.56143428830338848 ) ) ;
#2041 = EDGE_CURVE ( 'NONE', #3646, #2178, #4969, .T. ) ;
#2042 = CARTESIAN_POINT ( 'NONE',  ( 82.66347632603313400, 81.55945883669924967, -9.343113741470716604 ) ) ;
#2043 = LINE ( 'NONE', #2555, #4948 ) ;
#2044 = DIRECTION ( 'NONE',  ( -0.4545194689124519849, 0.5416752277698750895, 0.7071067811865451302 ) ) ;
#2045 = ORIENTED_EDGE ( 'NONE', *, *, #2784, .T. ) ;
#2046 = CARTESIAN_POINT ( 'NONE',  ( 81.78085237728588197, -3.513059356169516256, -519.0000000000005684 ) ) ;
#2047 = DIRECTION ( 'NONE',  ( 0.6427875972986036857, -0.7660444535136901045, 0.000000000000000000 ) ) ;
#2048 = PLANE ( 'NONE',  #1006 ) ;
#2049 = CARTESIAN_POINT ( 'NONE',  ( 152.0777421034210590, -1.165244497598704854, -207.3857090794443252 ) ) ;
#2050 = ORIENTED_EDGE ( 'NONE', *, *, #5345, .F. ) ;
#2051 = EDGE_CURVE ( 'NONE', #5576, #1628, #5903, .T. ) ;
#2052 = FACE_OUTER_BOUND ( 'NONE', #5409, .T. ) ;
#2053 = ORIENTED_EDGE ( 'NONE', *, *, #5437, .F. ) ;
#2054 = ORIENTED_EDGE ( 'NONE', *, *, #4765, .F. ) ;
#2055 = ORIENTED_EDGE ( 'NONE', *, *, #725, .F. ) ;
#2056 = FACE_BOUND ( 'NONE', #4273, .T. ) ;
#2057 = VERTEX_POINT ( 'NONE', #5935 ) ;
#2058 = PLANE ( 'NONE',  #4339 ) ;
#2059 = LINE ( 'NONE', #4028, #1095 ) ;
#2060 = LINE ( 'NONE', #4030, #198 ) ;
#2061 = DIRECTION ( 'NONE',  ( 0.6427875972986035746, -0.7660444535136902156, 6.018531076210112041E-33 ) ) ;
#2062 = CARTESIAN_POINT ( 'NONE',  ( 146.5459578556921372, 8.538727183282182054, -151.6169459016900305 ) ) ;
#2063 = ORIENTED_EDGE ( 'NONE', *, *, #1910, .F. ) ;
#2064 = CARTESIAN_POINT ( 'NONE',  ( 14.35666264184537688, -5.281386247413163204, 0.000000000000000000 ) ) ;
#2065 = ORIENTED_EDGE ( 'NONE', *, *, #5337, .F. ) ;
#2066 = CARTESIAN_POINT ( 'NONE',  ( 157.4226893351417402, 6.206648857014352316, -519.0000000000001137 ) ) ;
#2067 = DIRECTION ( 'NONE',  ( 8.796262431460665264E-49, -1.048297769837185521E-48, -1.000000000000000000 ) ) ;
#2068 = CARTESIAN_POINT ( 'NONE',  ( 153.6098310104484597, 0.1203306969985162844, -146.9638633601287552 ) ) ;
#2069 = DIRECTION ( 'NONE',  ( 0.000000000000000000, 0.7938448021158682755, 0.6081204076115337420 ) ) ;
#2070 = FACE_OUTER_BOUND ( 'NONE', #3859, .T. ) ;
#2071 = VECTOR ( 'NONE', #3377, 1000.000000000000000 ) ;
#2072 = DIRECTION ( 'NONE',  ( 0.03670000350780838749, -0.9993263279542508037, 0.000000000000000000 ) ) ;
#2073 = ORIENTED_EDGE ( 'NONE', *, *, #5764, .F. ) ;
#2074 = EDGE_CURVE ( 'NONE', #1990, #4797, #569, .T. ) ;
#2075 = CARTESIAN_POINT ( 'NONE',  ( 90.20800490987716103, 9.464637445143399219, -518.9999999999997726 ) ) ;
#2076 = LINE ( 'NONE', #1482, #2896 ) ;
#2077 = CARTESIAN_POINT ( 'NONE',  ( 146.5281689998066383, 5.448479403202890481, -205.3857090794443252 ) ) ;
#2078 = AXIS2_PLACEMENT_3D ( 'NONE', #5355, #2866, #1938 ) ;
#2079 = ADVANCED_FACE ( 'NONE', ( #605 ), #4578, .F. ) ;
#2080 = CARTESIAN_POINT ( 'NONE',  ( 152.0777421034211159, -1.165244497598732609, -271.9574308918468546 ) ) ;
#2081 = ORIENTED_EDGE ( 'NONE', *, *, #215, .T. ) ;
#2082 = VERTEX_POINT ( 'NONE', #184 ) ;
#2083 = VECTOR ( 'NONE', #136, 1000.000000000000000 ) ;
#2084 = ORIENTED_EDGE ( 'NONE', *, *, #5076, .T. ) ;
#2085 = EDGE_CURVE ( 'NONE', #5320, #3238, #3069, .T. ) ;
#2086 = AXIS2_PLACEMENT_3D ( 'NONE', #5922, #2971, #556 ) ;
#2087 = FACE_BOUND ( 'NONE', #5410, .T. ) ;
#2088 = ORIENTED_EDGE ( 'NONE', *, *, #6238, .T. ) ;
#2089 = LINE ( 'NONE', #5768, #1065 ) ;
#2090 = B_SPLINE_CURVE_WITH_KNOTS ( 'NONE', 3,
 ( #5195, #3251, #833, #4834, #3873, #413, #3375, #380, #3405, #2316 ),
 .UNSPECIFIED., .F., .F.,
 ( 4, 3, 3, 4 ),
 ( 1.734723475976807094E-17, 0.002559018337862919209, 0.01279509168931456352, 0.04299999999999999656 ),
 .UNSPECIFIED. ) ;
#2091 = DIRECTION ( 'NONE',  ( 0.7660444535136902156, 0.6427875972986035746, 0.000000000000000000 ) ) ;
#2092 = DIRECTION ( 'NONE',  ( -6.378601426329706152E-17, -5.352281928482944175E-17, 1.000000000000000000 ) ) ;
#2093 = CARTESIAN_POINT ( 'NONE',  ( 143.3164907601397715, 9.276008609284451367, 0.000000000000000000 ) ) ;
#2094 = CARTESIAN_POINT ( 'NONE',  ( 181.3932236497235522, -0.2993269084284903570, -105.0000000000002700 ) ) ;
#2095 = ORIENTED_EDGE ( 'NONE', *, *, #3022, .T. ) ;
#2096 = EDGE_CURVE ( 'NONE', #81, #2742, #6033, .T. ) ;
#2097 = CARTESIAN_POINT ( 'NONE',  ( 50.96896239776909709, 16.75416886135030481, 0.000000000000000000 ) ) ;
#2098 = ORIENTED_EDGE ( 'NONE', *, *, #3039, .F. ) ;
#2099 = CARTESIAN_POINT ( 'NONE',  ( 56.57760291238395922, 115.7588409280343740, -52.30903660112844733 ) ) ;
#2100 = CARTESIAN_POINT ( 'NONE',  ( 146.5281689998066383, 5.448479403202883375, -44.77974606568174920 ) ) ;
#2101 = CARTESIAN_POINT ( 'NONE',  ( 186.5000000000000000, 0.1117699999999999944, 0.000000000000000000 ) ) ;
#2102 = DIRECTION ( 'NONE',  ( 0.7660444535136902156, 0.6427875972986035746, 0.000000000000000000 ) ) ;
#2103 = PLANE ( 'NONE',  #5260 ) ;
#2104 = DIRECTION ( 'NONE',  ( 0.000000000000000000, 0.7938448021158680534, 0.6081204076115339641 ) ) ;
#2105 = EDGE_CURVE ( 'NONE', #1628, #2804, #1147, .T. ) ;
#2106 = VERTEX_POINT ( 'NONE', #1712 ) ;
#2107 = EDGE_CURVE ( 'NONE', #686, #5734, #248, .T. ) ;
#2108 = CARTESIAN_POINT ( 'NONE',  ( 105.1625018676584489, 10.64991790990003473, -518.9999999999996589 ) ) ;
#2109 = AXIS2_PLACEMENT_3D ( 'NONE', #1985, #5985, #1612 ) ;
#2110 = CARTESIAN_POINT ( 'NONE',  ( 146.4960923206249106, 8.598154615796921973, -103.0000000000000142 ) ) ;
#2111 = FACE_BOUND ( 'NONE', #91, .T. ) ;
#2112 = CARTESIAN_POINT ( 'NONE',  ( 184.3164905826809843, 0.3083714254295336077, -53.00000000000000711 ) ) ;
#2113 = VECTOR ( 'NONE', #5495, 1000.000000000000000 ) ;
#2114 = ORIENTED_EDGE ( 'NONE', *, *, #6153, .F. ) ;
#2115 = EDGE_CURVE ( 'NONE', #5435, #3401, #794, .T. ) ;
#2116 = VECTOR ( 'NONE', #1548, 1000.000000000000114 ) ;
#2117 = ADVANCED_FACE ( 'NONE', ( #314 ), #728, .F. ) ;
#2118 = ORIENTED_EDGE ( 'NONE', *, *, #1017, .T. ) ;
#2119 = ORIENTED_EDGE ( 'NONE', *, *, #179, .T. ) ;
#2120 = CARTESIAN_POINT ( 'NONE',  ( 88.66911395920068628, 74.40221837649806957, -169.1207854632994270 ) ) ;
#2121 = VERTEX_POINT ( 'NONE', #5648 ) ;
#2122 = CARTESIAN_POINT ( 'NONE',  ( 148.0602579068340106, 6.734054597800090747, 9.804599309964982597E-15 ) ) ;
#2123 = EDGE_CURVE ( 'NONE', #2644, #3037, #2186, .T. ) ;
#2124 = LINE ( 'NONE', #3078, #1893 ) ;
#2125 = CARTESIAN_POINT ( 'NONE',  ( 181.7529424007027501, -0.2861144488345281345, -224.0000000000004547 ) ) ;
#2126 = DIRECTION ( 'NONE',  ( -0.4545194689124519849, 0.5416752277698750895, 0.7071067811865451302 ) ) ;
#2127 = DIRECTION ( 'NONE',  ( -0.9993263279542504707, -0.03670000350781703335, -0.000000000000000000 ) ) ;
#2128 = CARTESIAN_POINT ( 'NONE',  ( 187.7076880613011269, -43.62736199136107729, -154.0766724783158281 ) ) ;
#2129 = ORIENTED_EDGE ( 'NONE', *, *, #1354, .F. ) ;
#2130 = ADVANCED_FACE ( 'NONE', ( #1742 ), #3704, .F. ) ;
#2131 = CARTESIAN_POINT ( 'NONE',  ( 20.10574056168347568, 12.18236301235734942, 0.000000000000000000 ) ) ;
#2132 = ORIENTED_EDGE ( 'NONE', *, *, #5038, .F. ) ;
#2133 = ORIENTED_EDGE ( 'NONE', *, *, #859, .F. ) ;
#2134 = ADVANCED_FACE ( 'NONE', ( #6191 ), #1210, .T. ) ;
#2135 = VECTOR ( 'NONE', #55, 1000.000000000000000 ) ;
#2136 = LINE ( 'NONE', #2099, #5198 ) ;
#2137 = DIRECTION ( 'NONE',  ( -1.000000000000000000, 0.000000000000000000, 0.000000000000000000 ) ) ;
#2138 = LINE ( 'NONE', #127, #2113 ) ;
#2139 = DIRECTION ( 'NONE',  ( 1.000000000000000000, 0.000000000000000000, 0.000000000000000000 ) ) ;
#2140 = DIRECTION ( 'NONE',  ( 0.7660444535136902156, 0.6427875972986035746, 0.000000000000000000 ) ) ;
#2141 = EDGE_CURVE ( 'NONE', #565, #2964, #6160, .T. ) ;
#2142 = DIRECTION ( 'NONE',  ( -6.378601426329706152E-17, -5.352281928482944175E-17, 1.000000000000000000 ) ) ;
#2143 = EDGE_LOOP ( 'NONE', ( #5246, #584, #901 ) ) ;
#2144 = CARTESIAN_POINT ( 'NONE',  ( 80.17066079731669959, 7.099978114239834603, -518.9999999999997726 ) ) ;
#2145 = PLANE ( 'NONE',  #5073 ) ;
#2146 = PLANE ( 'NONE',  #1710 ) ;
#2147 = LINE ( 'NONE', #1670, #2731 ) ;
#2148 = VERTEX_POINT ( 'NONE', #2157 ) ;
#2149 = ORIENTED_EDGE ( 'NONE', *, *, #4780, .F. ) ;
#2150 = VERTEX_POINT ( 'NONE', #5159 ) ;
#2151 = DIRECTION ( 'NONE',  ( 0.000000000000000000, 0.000000000000000000, -1.000000000000000000 ) ) ;
#2152 = EDGE_LOOP ( 'NONE', ( #4624, #5750, #47, #5670 ) ) ;
#2153 = LINE ( 'NONE', #4115, #963 ) ;
#2154 = B_SPLINE_CURVE_WITH_KNOTS ( 'NONE', 3,
 ( #1968, #2571, #631, #1528, #3474, #5519, #1089, #5420, #5999, #5455 ),
 .UNSPECIFIED., .F., .F.,
 ( 4, 1, 1, 1, 1, 1, 1, 4 ),
 ( 0.005164686123111940710, 0.009176497417809167945, 0.01445045196485644952, 0.02499836105895108379, 0.03027231560599828730, 0.03554627015304556714, 0.04082022470009284698, 0.04375357585044042236 ),
 .UNSPECIFIED. ) ;
#2155 = CARTESIAN_POINT ( 'NONE',  ( 40.65710486259161627, -5.448287774127210881, 0.000000000000000000 ) ) ;
#2156 = CARTESIAN_POINT ( 'NONE',  ( 153.6098310104484597, 0.1203306969984937330, -8.514975219832459530 ) ) ;
#2157 = CARTESIAN_POINT ( 'NONE',  ( 148.0602579068340390, 6.734054597800090747, -44.77974606568174920 ) ) ;
#2158 = CARTESIAN_POINT ( 'NONE',  ( 152.0777421034210306, -1.165244497598677098, 9.804599309964982597E-15 ) ) ;
#2159 = FACE_BOUND ( 'NONE', #5086, .T. ) ;
#2160 = ORIENTED_EDGE ( 'NONE', *, *, #3188, .F. ) ;
#2161 = CARTESIAN_POINT ( 'NONE',  ( 98.28818561077662253, 10.35717831068094519, -518.9999999999998863 ) ) ;
#2162 = ORIENTED_EDGE ( 'NONE', *, *, #3408, .F. ) ;
#2163 = ORIENTED_EDGE ( 'NONE', *, *, #599, .T. ) ;
#2164 = CARTESIAN_POINT ( 'NONE',  ( 175.8304802068683728, 2.567607676454947807, -519.0000000000001137 ) ) ;
#2165 = VECTOR ( 'NONE', #2487, 1000.000000000000114 ) ;
#2166 = CARTESIAN_POINT ( 'NONE',  ( 184.3164905826809843, -0.1919654473031343067, -100.0000000000000000 ) ) ;
#2167 = CARTESIAN_POINT ( 'NONE',  ( 153.6098310104484881, 0.1203306969984833247, -89.98640020981726195 ) ) ;
#2168 = EDGE_CURVE ( 'NONE', #4538, #3272, #2766, .T. ) ;
#2169 = LINE ( 'NONE', #4130, #4636 ) ;
#2170 = DIRECTION ( 'NONE',  ( 0.7660444535136902156, 0.6427875972986035746, 0.000000000000000000 ) ) ;
#2171 = CARTESIAN_POINT ( 'NONE',  ( 184.3164905826809843, -0.1919656612816256214, -45.14699388737905394 ) ) ;
#2172 = EDGE_CURVE ( 'NONE', #6218, #2862, #4151, .T. ) ;
#2173 = CARTESIAN_POINT ( 'NONE',  ( 50.96896239776909709, 16.75416886135030481, 0.000000000000000000 ) ) ;
#2174 = CARTESIAN_POINT ( 'NONE',  ( 146.4835938539740425, 8.613049708819183081, -90.20492308439526141 ) ) ;
#2175 = DIRECTION ( 'NONE',  ( -0.6427875972986035746, 0.7660444535136903266, 0.000000000000000000 ) ) ;
#2176 = DIRECTION ( 'NONE',  ( 0.6427875972986036857, -0.7660444535136901045, 0.000000000000000000 ) ) ;
#2177 = VERTEX_POINT ( 'NONE', #4610 ) ;
#2178 = VERTEX_POINT ( 'NONE', #4710 ) ;
#2179 = ORIENTED_EDGE ( 'NONE', *, *, #5089, .T. ) ;
#2180 = LINE ( 'NONE', #687, #2733 ) ;
#2181 = ORIENTED_EDGE ( 'NONE', *, *, #806, .T. ) ;
#2182 = DIRECTION ( 'NONE',  ( 0.6427875972986036857, -0.7660444535136901045, 0.000000000000000000 ) ) ;
#2183 = AXIS2_PLACEMENT_3D ( 'NONE', #1977, #486, #1504 ) ;
#2184 = CARTESIAN_POINT ( 'NONE',  ( 108.0415569442980370, -2.990350536204047671, -518.9999999999996589 ) ) ;
#2185 = CARTESIAN_POINT ( 'NONE',  ( 175.8545626655437957, -0.5027155355985990504, -223.9999999999998579 ) ) ;
#2186 = LINE ( 'NONE', #4675, #1786 ) ;
#2187 = EDGE_CURVE ( 'NONE', #2057, #1717, #1272, .T. ) ;
#2188 = DIRECTION ( 'NONE',  ( 0.6427875972986035746, -0.7660444535136903266, 0.000000000000000000 ) ) ;
#2189 = DIRECTION ( 'NONE',  ( -0.9993263269200406418, -0.03670003166892618629, 0.000000000000000000 ) ) ;
#2190 = EDGE_LOOP ( 'NONE', ( #2846, #419, #1332 ) ) ;
#2191 = CARTESIAN_POINT ( 'NONE',  ( 81.96622457140422569, 7.645179277429976494, -519.0000000000001137 ) ) ;
#2192 = EDGE_CURVE ( 'NONE', #1364, #4854, #347, .T. ) ;
#2193 = VERTEX_POINT ( 'NONE', #5193 ) ;
#2194 = ORIENTED_EDGE ( 'NONE', *, *, #3608, .F. ) ;
#2195 = AXIS2_PLACEMENT_3D ( 'NONE', #4185, #831, #3672 ) ;
#2196 = EDGE_CURVE ( 'NONE', #731, #2427, #4092, .T. ) ;
#2197 = EDGE_CURVE ( 'NONE', #3067, #3435, #1680, .T. ) ;
#2198 = CARTESIAN_POINT ( 'NONE',  ( 174.9182253141902379, 2.824980226761093505, -2.000000000000019096 ) ) ;
#2199 = CARTESIAN_POINT ( 'NONE',  ( 152.0777421034210590, -1.165244497598677098, -209.5070294230038996 ) ) ;
#2200 = VECTOR ( 'NONE', #1969, 1000.000000000000000 ) ;
#2201 = DIRECTION ( 'NONE',  ( 0.6427875972986035746, -0.7660444535136902156, 6.018531076210112041E-33 ) ) ;
#2202 = EDGE_CURVE ( 'NONE', #46, #1406, #32, .T. ) ;
#2203 = CARTESIAN_POINT ( 'NONE',  ( 167.6067023407996999, -19.67193925753565509, -122.8050894468779433 ) ) ;
#2204 = CARTESIAN_POINT ( 'NONE',  ( 146.5281689998066099, 5.448479403202883375, 9.804599309964982597E-15 ) ) ;
#2205 = ORIENTED_EDGE ( 'NONE', *, *, #6352, .T. ) ;
#2206 = VECTOR ( 'NONE', #3087, 1000.000000000000000 ) ;
#2207 = CARTESIAN_POINT ( 'NONE',  ( 17.25584284455819173, 11.31702282621730760, 0.000000000000000000 ) ) ;
#2208 = VECTOR ( 'NONE', #5253, 1000.000000000000114 ) ;
#2209 = CARTESIAN_POINT ( 'NONE',  ( 146.4356359277702495, 8.670203741542954035, -38.61694196838168125 ) ) ;
#2210 = CARTESIAN_POINT ( 'NONE',  ( 184.3164905826810127, 0.6289002635107051598, -228.5590183378583049 ) ) ;
#2211 = CARTESIAN_POINT ( 'NONE',  ( 90.20120286622805850, 75.68779357109526984, -21.26989883339205889 ) ) ;
#2212 = ORIENTED_EDGE ( 'NONE', *, *, #1555, .T. ) ;
#2213 = ORIENTED_EDGE ( 'NONE', *, *, #208, .F. ) ;
#2214 = ORIENTED_EDGE ( 'NONE', *, *, #5686, .F. ) ;
#2215 = CARTESIAN_POINT ( 'NONE',  ( 152.0777421034210306, -1.165244497598732609, -108.6989397439838712 ) ) ;
#2216 = EDGE_LOOP ( 'NONE', ( #3549, #3995, #667, #2743 ) ) ;
#2217 = DIRECTION ( 'NONE',  ( 0.7660444535136902156, 0.6427875972986035746, 0.000000000000000000 ) ) ;
#2218 = VECTOR ( 'NONE', #1227, 1000.000000000000114 ) ;
#2219 = ORIENTED_EDGE ( 'NONE', *, *, #3258, .T. ) ;
#2220 = VECTOR ( 'NONE', #2342, 1000.000000000000114 ) ;
#2221 = CARTESIAN_POINT ( 'NONE',  ( 141.7961206266243721, -1.753568036981419942, -519.0000000000006821 ) ) ;
#2222 = EDGE_CURVE ( 'NONE', #3041, #5197, #696, .T. ) ;
#2223 = CARTESIAN_POINT ( 'NONE',  ( 166.6213513997819859, -0.8418151913360001348, -223.9999999999996874 ) ) ;
#2224 = DIRECTION ( 'NONE',  ( 0.000000000000000000, 0.7938448021158684975, -0.6081204076115334090 ) ) ;
#2225 = CARTESIAN_POINT ( 'NONE',  ( 153.6098310104484312, 0.1203306969985162844, -149.0851837036883296 ) ) ;
#2226 = FACE_BOUND ( 'NONE', #5053, .T. ) ;
#2228 = ORIENTED_EDGE ( 'NONE', *, *, #601, .F. ) ;
#2227 = CARTESIAN_POINT ( 'NONE',  ( 184.3164905826809843, 0.6289050935864557434, -225.9999999999999716 ) ) ;
#2229 = CARTESIAN_POINT ( 'NONE',  ( 2.280316609713631593, 3.374884095302350229, 0.000000000000000000 ) ) ;
#2230 = ORIENTED_EDGE ( 'NONE', *, *, #1474, .T. ) ;
#2231 = EDGE_LOOP ( 'NONE', ( #1798, #253, #4730, #4370 ) ) ;
#2232 = CARTESIAN_POINT ( 'NONE',  ( 184.3164905826809843, -0.1919656376633245842, -50.00000000000000000 ) ) ;
#2233 = LINE ( 'NONE', #3713, #4607 ) ;
#2234 = DIRECTION ( 'NONE',  ( 0.7660444535136902156, 0.6427875972986035746, 0.000000000000000000 ) ) ;
#2235 = CARTESIAN_POINT ( 'NONE',  ( 146.5582217300740808, 8.524111666448435543, -163.0000000000000000 ) ) ;
#2236 = DIRECTION ( 'NONE',  ( 0.6427875972986036857, -0.7660444535136901045, -8.037077550158748476E-16 ) ) ;
#2237 = ORIENTED_EDGE ( 'NONE', *, *, #756, .T. ) ;
#2238 = EDGE_CURVE ( 'NONE', #2025, #2989, #5613, .T. ) ;
#2239 = CARTESIAN_POINT ( 'NONE',  ( 64.77635871592762840, 105.9879439234672418, -39.55403660112847319 ) ) ;
#2240 = DIRECTION ( 'NONE',  ( 0.000000000000000000, -0.7938448021158673873, 0.6081204076115348522 ) ) ;
#2241 = DIRECTION ( 'NONE',  ( 0.7660444535136902156, 0.6427875972986035746, 0.000000000000000000 ) ) ;
#2242 = ORIENTED_EDGE ( 'NONE', *, *, #3612, .T. ) ;
#2243 = EDGE_LOOP ( 'NONE', ( #3861, #5990, #1116 ) ) ;
#2244 = ORIENTED_EDGE ( 'NONE', *, *, #1582, .T. ) ;
#2245 = EDGE_CURVE ( 'NONE', #2574, #5307, #4625, .T. ) ;
#2246 = DIRECTION ( 'NONE',  ( 0.7660444535136902156, 0.6427875972986035746, 0.000000000000000000 ) ) ;
#2247 = EDGE_LOOP ( 'NONE', ( #464, #2888, #4957, #1374 ) ) ;
#2248 = CARTESIAN_POINT ( 'NONE',  ( 146.5281689998066383, 5.448479403202890481, -179.8757090794443059 ) ) ;
#2249 = EDGE_LOOP ( 'NONE', ( #93, #85, #7, #6025 ) ) ;
#2250 = CARTESIAN_POINT ( 'NONE',  ( 144.8307883243993217, -1.642073391034677865, 0.000000000000000000 ) ) ;
#2251 = DIRECTION ( 'NONE',  ( -0.9993263274973519517, -0.03670001594897864122, -0.000000000000000000 ) ) ;
#2252 = DIRECTION ( 'NONE',  ( 6.378601426329706152E-17, 5.352281928482944175E-17, -1.000000000000000000 ) ) ;
#2253 = LINE ( 'NONE', #6192, #811 ) ;
#2254 = DIRECTION ( 'NONE',  ( 0.7660444535136902156, 0.6427875972986035746, 0.000000000000000000 ) ) ;
#2256 = ORIENTED_EDGE ( 'NONE', *, *, #3384, .T. ) ;
#2255 = PLANE ( 'NONE',  #5628 ) ;
#2257 = B_SPLINE_CURVE_WITH_KNOTS ( 'NONE', 3,
 ( #2887, #3875, #3436, #2979, #3012, #2442, #2917 ),
 .UNSPECIFIED., .F., .F.,
 ( 4, 3, 4 ),
 ( 0.003000000000000002665, 0.01279509168931450280, 0.05299999999999996381 ),
 .UNSPECIFIED. ) ;
#2258 = CARTESIAN_POINT ( 'NONE',  ( 153.5357213043734532, 7.365898744728823999, 0.000000000000000000 ) ) ;
#2259 = VERTEX_POINT ( 'NONE', #5254 ) ;
#2260 = VERTEX_POINT ( 'NONE', #472 ) ;
#2261 = LINE ( 'NONE', #3259, #4303 ) ;
#2262 = DIRECTION ( 'NONE',  ( 0.7660444535136902156, 0.6427875972986035746, 0.000000000000000000 ) ) ;
#2263 = CARTESIAN_POINT ( 'NONE',  ( 148.0602579068340390, 6.734054597800104069, -278.4697138208725278 ) ) ;
#2264 = CARTESIAN_POINT ( 'NONE',  ( 148.0602579068340390, 6.734054597800062325, -194.6307854632994179 ) ) ;
#2265 = CARTESIAN_POINT ( 'NONE',  ( 115.5426461021848752, -2.717561068674976266, -518.9999999999994316 ) ) ;
#2266 = VERTEX_POINT ( 'NONE', #2284 ) ;
#2267 = AXIS2_PLACEMENT_3D ( 'NONE', #3383, #2386, #1875 ) ;
#2268 = CARTESIAN_POINT ( 'NONE',  ( 186.5000000000000000, 0.1117699999999999944, 0.000000000000000000 ) ) ;
#2269 = CARTESIAN_POINT ( 'NONE',  ( 146.5281689998066099, 5.448479403202883375, 9.804599309964982597E-15 ) ) ;
#2270 = CARTESIAN_POINT ( 'NONE',  ( 184.3164905826809559, 0.6290581674902725462, -132.1967277928709734 ) ) ;
#2271 = ADVANCED_FACE ( 'NONE', ( #951 ), #3403, .T. ) ;
#2272 = B_SPLINE_CURVE_WITH_KNOTS ( 'NONE', 3,
 ( #4079, #5115, #4597, #137, #4017, #715, #5082 ),
 .UNSPECIFIED., .F., .F.,
 ( 4, 1, 1, 1, 4 ),
 ( 2.777468022149870801E-17, 0.007677669195691304120, 0.01767193897377287298, 0.02766620875185443751, 0.02955439534131037993 ),
 .UNSPECIFIED. ) ;
#2273 = ORIENTED_EDGE ( 'NONE', *, *, #463, .T. ) ;
#2274 = ADVANCED_FACE ( 'NONE', ( #6287 ), #861, .F. ) ;
#2275 = AXIS2_PLACEMENT_3D ( 'NONE', #1099, #614, #2554 ) ;
#2276 = ORIENTED_EDGE ( 'NONE', *, *, #3129, .T. ) ;
#2277 = EDGE_CURVE ( 'NONE', #5425, #385, #1459, .T. ) ;
#2278 = DIRECTION ( 'NONE',  ( -0.4545194689124505971, 0.5416752277698736462, -0.7071067811865470176 ) ) ;
#2279 = ORIENTED_EDGE ( 'NONE', *, *, #4242, .F. ) ;
#2280 = CARTESIAN_POINT ( 'NONE',  ( 154.7820050331415302, -1.276611951569394554, -107.8530061126209887 ) ) ;
#2281 = VERTEX_POINT ( 'NONE', #2313 ) ;
#2282 = CARTESIAN_POINT ( 'NONE',  ( 98.66558878361264817, -3.341966122760425151, -519.0000000000001137 ) ) ;
#2283 = CARTESIAN_POINT ( 'NONE',  ( 184.3164905826810127, -0.1919649420281346053, -229.0000000000000000 ) ) ;
#2284 = CARTESIAN_POINT ( 'NONE',  ( 146.5281689998066668, 5.448479403202836302, -194.6307854632994179 ) ) ;
#2285 = DIRECTION ( 'NONE',  ( -6.378601426329706152E-17, -5.352281928482944175E-17, 1.000000000000000000 ) ) ;
#2286 = CARTESIAN_POINT ( 'NONE',  ( 148.0602579068340106, 6.734054597800094299, -62.41254501415071587 ) ) ;
#2288 = ORIENTED_EDGE ( 'NONE', *, *, #6153, .T. ) ;
#2287 = LINE ( 'NONE', #6261, #2628 ) ;
#2289 = CARTESIAN_POINT ( 'NONE',  ( 153.7233626017601580, 6.839262344540986582, -519.0000000000003411 ) ) ;
#2290 = ORIENTED_EDGE ( 'NONE', *, *, #3519, .F. ) ;
#2291 = EDGE_LOOP ( 'NONE', ( #5417, #1653, #2677, #5932, #2194, #133, #1646, #351 ) ) ;
#2292 = VECTOR ( 'NONE', #4596, 1000.000000000000000 ) ;
#2293 = CARTESIAN_POINT ( 'NONE',  ( 153.7879631710947592, 7.313929639420966744, -2.000000000000018652 ) ) ;
#2294 = CARTESIAN_POINT ( 'NONE',  ( 184.3164905826809843, 0.6290032209004282615, -168.9710427883396449 ) ) ;
#2295 = CARTESIAN_POINT ( 'NONE',  ( 153.6098310104484312, 0.1203306969985336317, -132.2087869762735579 ) ) ;
#2296 = DIRECTION ( 'NONE',  ( -6.378601426329706152E-17, -5.352281928482944175E-17, 1.000000000000000000 ) ) ;
#2297 = AXIS2_PLACEMENT_3D ( 'NONE', #118, #2061, #1498 ) ;
#2298 = FACE_BOUND ( 'NONE', #3935, .T. ) ;
#2299 = VECTOR ( 'NONE', #2234, 1000.000000000000000 ) ;
#2300 = VERTEX_POINT ( 'NONE', #5801 ) ;
#2301 = VECTOR ( 'NONE', #5905, 1000.000000000000000 ) ;
#2302 = DIRECTION ( 'NONE',  ( 0.7660444535136902156, 0.6427875972986035746, 0.000000000000000000 ) ) ;
#2303 = CARTESIAN_POINT ( 'NONE',  ( 161.3201304291505380, 5.788540652017599264, 0.000000000000000000 ) ) ;
#2304 = CARTESIAN_POINT ( 'NONE',  ( 152.0777421034211159, -1.165244497598704854, -144.9638633601287552 ) ) ;
#2305 = DIRECTION ( 'NONE',  ( -0.9993263278466418820, -0.03670000643795400669, 0.000000000000000000 ) ) ;
#2306 = EDGE_LOOP ( 'NONE', ( #6197, #529, #3961, #5867 ) ) ;
#2307 = EDGE_LOOP ( 'NONE', ( #3052, #1405, #3083, #2095 ) ) ;
#2308 = DIRECTION ( 'NONE',  ( 0.6427875972986036857, -0.7660444535136901045, 1.368455531567204475E-48 ) ) ;
#2309 = ORIENTED_EDGE ( 'NONE', *, *, #601, .T. ) ;
#2310 = CARTESIAN_POINT ( 'NONE',  ( 146.5281689998066099, 5.448479403202848736, -64.47655302367236629 ) ) ;
#2311 = ORIENTED_EDGE ( 'NONE', *, *, #4290, .F. ) ;
#2312 = DIRECTION ( 'NONE',  ( -0.9993263269200400867, -0.03670003166893779506, -0.000000000000000000 ) ) ;
#2313 = CARTESIAN_POINT ( 'NONE',  ( 154.3747233051220178, -0.7912324730635189596, -221.0000000000000000 ) ) ;
#2314 = LINE ( 'NONE', #1952, #3139 ) ;
#2315 = VECTOR ( 'NONE', #1066, 1000.000000000000000 ) ;
#2316 = CARTESIAN_POINT ( 'NONE',  ( 154.7820051375371975, -1.276612075983258654, -45.00000000000001421 ) ) ;
#2318 = VERTEX_POINT ( 'NONE', #982 ) ;
#2317 = CARTESIAN_POINT ( 'NONE',  ( 184.3164905826809843, -0.1919654473031343067, -100.0000000000000000 ) ) ;
#2319 = CARTESIAN_POINT ( 'NONE',  ( 34.29256304674249378, 139.2056704075471600, -84.59489750732986124 ) ) ;
#2320 = EDGE_CURVE ( 'NONE', #4319, #3443, #2914, .T. ) ;
#2321 = ORIENTED_EDGE ( 'NONE', *, *, #5038, .T. ) ;
#2322 = ORIENTED_EDGE ( 'NONE', *, *, #119, .F. ) ;
#2323 = VECTOR ( 'NONE', #2665, 1000.000000000000000 ) ;
#2324 = VECTOR ( 'NONE', #4741, 1000.000000000000000 ) ;
#2325 = CARTESIAN_POINT ( 'NONE',  ( 153.6098310104485165, 0.1203306969984295483, -242.3261105482872608 ) ) ;
#2326 = CARTESIAN_POINT ( 'NONE',  ( 154.7820051163514279, -1.276612050735048465, -53.00000000000002132 ) ) ;
#2327 = CARTESIAN_POINT ( 'NONE',  ( 146.5281689998066383, 5.448479403202855842, -134.2089397439838763 ) ) ;
#2328 = EDGE_CURVE ( 'NONE', #5117, #4947, #4833, .T. ) ;
#2329 = DIRECTION ( 'NONE',  ( 0.000000000000000000, 0.000000000000000000, -1.000000000000000000 ) ) ;
#2330 = EDGE_CURVE ( 'NONE', #4616, #474, #1835, .T. ) ;
#2331 = CARTESIAN_POINT ( 'NONE',  ( 132.9252984366976591, -2.079301641002748280, 0.000000000000000000 ) ) ;
#2332 = DIRECTION ( 'NONE',  ( 8.796262431460665264E-49, -1.048297769837185521E-48, -1.000000000000000000 ) ) ;
#2333 = LINE ( 'NONE', #4304, #1312 ) ;
#2334 = DIRECTION ( 'NONE',  ( 0.6427875972986036857, -0.7660444535136901045, 0.000000000000000000 ) ) ;
#2335 = DIRECTION ( 'NONE',  ( 0.000000000000000000, 0.000000000000000000, -1.000000000000000000 ) ) ;
#2336 = CARTESIAN_POINT ( 'NONE',  ( 152.0777421034211159, -1.165244497598704854, -121.4538633601287501 ) ) ;
#2337 = CARTESIAN_POINT ( 'NONE',  ( 175.3253476953062204, 2.729547286399044648, -48.00000000000000000 ) ) ;
#2338 = ORIENTED_EDGE ( 'NONE', *, *, #829, .T. ) ;
#2339 = VECTOR ( 'NONE', #5998, 1000.000000000000000 ) ;
#2340 = ORIENTED_EDGE ( 'NONE', *, *, #5358, .T. ) ;
#2341 = VECTOR ( 'NONE', #1751, 1000.000000000000114 ) ;
#2342 = DIRECTION ( 'NONE',  ( 0.6427875972986036857, -0.7660444535136901045, 1.368455531567204475E-48 ) ) ;
#2343 = VERTEX_POINT ( 'NONE', #1802 ) ;
#2344 = CARTESIAN_POINT ( 'NONE',  ( 146.5281689998066383, 5.448479403202890481, -179.8757090794443059 ) ) ;
#2345 = ORIENTED_EDGE ( 'NONE', *, *, #3173, .T. ) ;
#2346 = CARTESIAN_POINT ( 'NONE',  ( 146.5281689998066668, 5.448479403202841631, -255.0810341644320545 ) ) ;
#2347 = CARTESIAN_POINT ( 'NONE',  ( 146.7028892657129404, 8.610811670549361807, -50.00000000000225242 ) ) ;
#2348 = PLANE ( 'NONE',  #1293 ) ;
#2349 = ORIENTED_EDGE ( 'NONE', *, *, #225, .F. ) ;
#2350 = CARTESIAN_POINT ( 'NONE',  ( 175.8304802068683728, 2.567607676454947807, -519.0000000000001137 ) ) ;
#2351 = EDGE_LOOP ( 'NONE', ( #2526, #2055, #1015, #1294 ) ) ;
#2352 = ORIENTED_EDGE ( 'NONE', *, *, #5848, .T. ) ;
#2353 = EDGE_CURVE ( 'NONE', #173, #2021, #5017, .T. ) ;
#2354 = CARTESIAN_POINT ( 'NONE',  ( 146.6897318656718028, 8.367383984740074609, -273.2049354799572711 ) ) ;
#2355 = DIRECTION ( 'NONE',  ( 0.6427875972986036857, -0.7660444535136901045, 0.000000000000000000 ) ) ;
#2356 = LINE ( 'NONE', #6360, #5377 ) ;
#2357 = ADVANCED_FACE ( 'NONE', ( #4251 ), #412, .T. ) ;
#2358 = CARTESIAN_POINT ( 'NONE',  ( 88.66911395920068628, 74.40221837649806957, -242.3261105482872608 ) ) ;
#2359 = CARTESIAN_POINT ( 'NONE',  ( 108.0415569442980370, -2.990350536204047671, -518.9999999999996589 ) ) ;
#2360 = CARTESIAN_POINT ( 'NONE',  ( 152.0777421034210306, -1.165244497598671547, -92.10772055337685060 ) ) ;
#2361 = CARTESIAN_POINT ( 'NONE',  ( 146.5281689998066383, 5.448479403202890481, -267.8361105482872517 ) ) ;
#2362 = PLANE ( 'NONE',  #1677 ) ;
#2363 = CARTESIAN_POINT ( 'NONE',  ( 146.4477209570765979, 8.655801363977513319, -52.00000000000000711 ) ) ;
#2364 = DIRECTION ( 'NONE',  ( 1.000000000000000000, 0.000000000000000000, 0.000000000000000000 ) ) ;
#2365 = ORIENTED_EDGE ( 'NONE', *, *, #4893, .T. ) ;
#2366 = ORIENTED_EDGE ( 'NONE', *, *, #1154, .F. ) ;
#2367 = VECTOR ( 'NONE', #5665, 1000.000000000000000 ) ;
#2368 = CARTESIAN_POINT ( 'NONE',  ( 152.0777421034210590, -1.165244497598718620, 9.804599309964982597E-15 ) ) ;
#2369 = VERTEX_POINT ( 'NONE', #2373 ) ;
#2370 = CARTESIAN_POINT ( 'NONE',  ( 184.3164905826809843, 0.3083721082516452938, -224.0000000000000000 ) ) ;
#2371 = ORIENTED_EDGE ( 'NONE', *, *, #5904, .T. ) ;
#2372 = DIRECTION ( 'NONE',  ( -0.03670003166893780200, 0.9993263269200401977, 0.000000000000000000 ) ) ;
#2373 = CARTESIAN_POINT ( 'NONE',  ( 152.0777421034210590, -1.165244497598718620, -177.7543887358846746 ) ) ;
#2374 = VECTOR ( 'NONE', #5804, 1000.000000000000000 ) ;
#2375 = DIRECTION ( 'NONE',  ( 0.6427875972986020203, -0.7660444535136913258, 0.000000000000000000 ) ) ;
#2376 = ORIENTED_EDGE ( 'NONE', *, *, #63, .F. ) ;
#2377 = EDGE_CURVE ( 'NONE', #447, #4601, #3310, .T. ) ;
#2378 = CARTESIAN_POINT ( 'NONE',  ( 157.4226893351417402, 6.206648857014352316, -519.0000000000001137 ) ) ;
#2379 = VERTEX_POINT ( 'NONE', #4864 ) ;
#2380 = ORIENTED_EDGE ( 'NONE', *, *, #3831, .T. ) ;
#2381 = EDGE_CURVE ( 'NONE', #3187, #1364, #6005, .T. ) ;
#2382 = CARTESIAN_POINT ( 'NONE',  ( 149.8311723511805553, 7.989925832803860928, -103.0000000000000426 ) ) ;
#2383 = DIRECTION ( 'NONE',  ( 0.6427875972986035746, -0.7660444535136903266, 0.000000000000000000 ) ) ;
#2384 = CARTESIAN_POINT ( 'NONE',  ( 152.0777421034229633, -1.165244497600953055, -1.005233009473365598E-12 ) ) ;
#2385 = VECTOR ( 'NONE', #4325, 1000.000000000000114 ) ;
#2386 = DIRECTION ( 'NONE',  ( 0.6427875972986035746, -0.7660444535136902156, 6.018531076210112041E-33 ) ) ;
#2387 = CARTESIAN_POINT ( 'NONE',  ( 109.1143167513361050, -2.953682490736255328, 0.000000000000000000 ) ) ;
#2388 = ADVANCED_FACE ( 'NONE', ( #34 ), #428, .T. ) ;
#2389 = ADVANCED_FACE ( 'NONE', ( #5428 ), #2960, .F. ) ;
#2390 = VECTOR ( 'NONE', #5889, 999.9999999999998863 ) ;
#2391 = LINE ( 'NONE', #4847, #1101 ) ;
#2392 = CARTESIAN_POINT ( 'NONE',  ( 184.3164905826809843, 0.6289034900828858188, -226.8530061126194255 ) ) ;
#2393 = CARTESIAN_POINT ( 'NONE',  ( 184.3164905826808990, -0.1919649767988866884, -221.1469938873790113 ) ) ;
#2394 = CARTESIAN_POINT ( 'NONE',  ( 146.5281689998066099, 5.448479403202888705, -89.98640020981726195 ) ) ;
#2395 = DIRECTION ( 'NONE',  ( 0.000000000000000000, 0.000000000000000000, -1.000000000000000000 ) ) ;
#2396 = ORIENTED_EDGE ( 'NONE', *, *, #1665, .T. ) ;
#2397 = AXIS2_PLACEMENT_3D ( 'NONE', #1032, #2899, #1943 ) ;
#2398 = ORIENTED_EDGE ( 'NONE', *, *, #263, .F. ) ;
#2399 = CARTESIAN_POINT ( 'NONE',  ( 70.08499443957144592, 1.419875252060793569, -519.0000000000007958 ) ) ;
#2400 = VECTOR ( 'NONE', #5872, 1000.000000000000114 ) ;
#2401 = EDGE_CURVE ( 'NONE', #1478, #447, #5395, .T. ) ;
#2402 = LINE ( 'NONE', #4278, #3766 ) ;
#2403 = VERTEX_POINT ( 'NONE', #997 ) ;
#2404 = CARTESIAN_POINT ( 'NONE',  ( 184.3164905826809843, 0.6291504286501475862, -57.97104278834319047 ) ) ;
#2405 = VERTEX_POINT ( 'NONE', #3325 ) ;
#2406 = ORIENTED_EDGE ( 'NONE', *, *, #1780, .F. ) ;
#2407 = VECTOR ( 'NONE', #2864, 1000.000000000000114 ) ;
#2408 = CARTESIAN_POINT ( 'NONE',  ( 160.4707505326933870, 5.837235457473938460, -287.9999999999998863 ) ) ;
#2409 = ADVANCED_FACE ( 'NONE', ( #3885 ), #910, .F. ) ;
#2410 = CARTESIAN_POINT ( 'NONE',  ( 184.3164905826809843, -0.1919652221612422049, -161.0000000000000000 ) ) ;
#2411 = ORIENTED_EDGE ( 'NONE', *, *, #2577, .T. ) ;
#2412 = CARTESIAN_POINT ( 'NONE',  ( 146.5281689998066383, 5.448479403202890481, -218.1406326955891188 ) ) ;
#2413 = EDGE_LOOP ( 'NONE', ( #4919, #2759, #2371, #2256, #1793, #2539 ) ) ;
#2414 = EDGE_CURVE ( 'NONE', #5583, #3315, #2930, .T. ) ;
#2415 = DIRECTION ( 'NONE',  ( 0.7660444535136902156, 0.6427875972986035746, 0.000000000000000000 ) ) ;
#2416 = DIRECTION ( 'NONE',  ( 0.4545194689124487653, -0.5416752277698714257, 0.7071067811865500152 ) ) ;
#2417 = CARTESIAN_POINT ( 'NONE',  ( 148.0602579068340106, 6.734054597800094299, -53.77894174285809470 ) ) ;
#2418 = DIRECTION ( 'NONE',  ( 0.000000000000000000, 0.000000000000000000, -1.000000000000000000 ) ) ;
#2419 = VECTOR ( 'NONE', #1604, 1000.000000000000000 ) ;
#2420 = CARTESIAN_POINT ( 'NONE',  ( 75.22738630122307768, -3.102492352584582669, -519.0000000000007958 ) ) ;
#2421 = AXIS2_PLACEMENT_3D ( 'NONE', #6277, #3363, #881 ) ;
#2422 = CARTESIAN_POINT ( 'NONE',  ( 152.0777421034210306, -1.165244497598677098, 9.804599309964982597E-15 ) ) ;
#2423 = CARTESIAN_POINT ( 'NONE',  ( 146.5281689998066099, 5.448479403202883375, 9.804599309964982597E-15 ) ) ;
#2424 = LINE ( 'NONE', #3553, #1381 ) ;
#2425 = DIRECTION ( 'NONE',  ( 0.000000000000000000, -0.7938448021158676093, 0.6081204076115345192 ) ) ;
#2426 = DIRECTION ( 'NONE',  ( -6.378601426329706152E-17, -5.352281928482944175E-17, 1.000000000000000000 ) ) ;
#2427 = VERTEX_POINT ( 'NONE', #3824 ) ;
#2428 = EDGE_CURVE ( 'NONE', #4509, #5378, #4305, .T. ) ;
#2429 = ORIENTED_EDGE ( 'NONE', *, *, #322, .F. ) ;
#2430 = CARTESIAN_POINT ( 'NONE',  ( 72.63083485539654305, 3.725154288934815927, -518.9999999999985221 ) ) ;
#2431 = CARTESIAN_POINT ( 'NONE',  ( 148.0602579068340106, 6.734054597800090747, 9.804599309964982597E-15 ) ) ;
#2432 = DIRECTION ( 'NONE',  ( 0.000000000000000000, 0.000000000000000000, -1.000000000000000000 ) ) ;
#2433 = DIRECTION ( 'NONE',  ( 0.000000000000000000, -1.000000000000000000, -6.156758679758506919E-16 ) ) ;
#2434 = ORIENTED_EDGE ( 'NONE', *, *, #1856, .T. ) ;
#2435 = DIRECTION ( 'NONE',  ( 0.4545194689805009403, -0.5416752278509727736, 0.7071067810806795917 ) ) ;
#2436 = ORIENTED_EDGE ( 'NONE', *, *, #2105, .F. ) ;
#2437 = VERTEX_POINT ( 'NONE', #4914 ) ;
#2438 = ADVANCED_FACE ( 'NONE', ( #517 ), #2452, .F. ) ;
#2439 = CARTESIAN_POINT ( 'NONE',  ( 177.4494644663459724, 2.231636293205746746, -287.9999999999999432 ) ) ;
#2440 = CARTESIAN_POINT ( 'NONE',  ( 143.3164907601397715, 9.276008609284451367, -290.0000000000000000 ) ) ;
#2441 = ORIENTED_EDGE ( 'NONE', *, *, #4335, .T. ) ;
#2442 = CARTESIAN_POINT ( 'NONE',  ( 184.3164905826809843, -0.1919653859707818599, -121.4016361035618559 ) ) ;
#2443 = EDGE_LOOP ( 'NONE', ( #2179, #6181, #1575, #5447 ) ) ;
#2444 = EDGE_CURVE ( 'NONE', #5218, #4536, #4331, .T. ) ;
#2445 = DIRECTION ( 'NONE',  ( 0.6427875972986020203, -0.7660444535136913258, 0.000000000000000000 ) ) ;
#2446 = PLANE ( 'NONE',  #5945 ) ;
#2447 = CARTESIAN_POINT ( 'NONE',  ( 184.3164905826809843, 0.3083721082516458489, -229.0000000000000000 ) ) ;
#2448 = PLANE ( 'NONE',  #5871 ) ;
#2449 = CARTESIAN_POINT ( 'NONE',  ( 37.67974063823137953, -5.526428527003967694, 0.000000000000000000 ) ) ;
#2450 = ORIENTED_EDGE ( 'NONE', *, *, #212, .F. ) ;
#2451 = CARTESIAN_POINT ( 'NONE',  ( 154.7820050860162269, -1.276612014582966914, -165.5590183378629376 ) ) ;
#2452 = PLANE ( 'NONE',  #5799 ) ;
#2453 = PLANE ( 'NONE',  #5794 ) ;
#2454 = FACE_OUTER_BOUND ( 'NONE', #114, .T. ) ;
#2455 = CARTESIAN_POINT ( 'NONE',  ( 152.0777421034211443, -1.165244497598805218, -271.9574308918468546 ) ) ;
#2456 = EDGE_LOOP ( 'NONE', ( #1838, #1739, #5336, #6024 ) ) ;
#2457 = B_SPLINE_CURVE_WITH_KNOTS ( 'NONE', 3,
 ( #2101, #2485, #65, #4556 ),
 .UNSPECIFIED., .F., .F.,
 ( 4, 4 ),
 ( 0.000000000000000000, 1.000000000000000000 ),
 .UNSPECIFIED. ) ;
#2458 = EDGE_CURVE ( 'NONE', #720, #3237, #1442, .T. ) ;
#2459 = CARTESIAN_POINT ( 'NONE',  ( 1.573479809773895788, -2.745523579270740644, 0.000000000000000000 ) ) ;
#2460 = CARTESIAN_POINT ( 'NONE',  ( 153.6098310104484597, 0.1203306969985024066, -142.8425430165691239 ) ) ;
#2461 = DIRECTION ( 'NONE',  ( -6.378601426329706152E-17, -5.352281928482944175E-17, 1.000000000000000000 ) ) ;
#2462 = EDGE_CURVE ( 'NONE', #2847, #5385, #2842, .T. ) ;
#2463 = CARTESIAN_POINT ( 'NONE',  ( 184.3164905826809843, 0.6291613018695099147, -48.00000000000000000 ) ) ;
#2464 = ORIENTED_EDGE ( 'NONE', *, *, #6012, .F. ) ;
#2465 = CARTESIAN_POINT ( 'NONE',  ( 184.3164905826810127, 0.6291560435750445102, -52.85300611262046999 ) ) ;
#2466 = ADVANCED_FACE ( 'NONE', ( #3946 ), #5911, .F. ) ;
#2467 = EDGE_CURVE ( 'NONE', #4014, #5269, #1503, .T. ) ;
#2468 = ORIENTED_EDGE ( 'NONE', *, *, #1919, .F. ) ;
#2469 = EDGE_LOOP ( 'NONE', ( #555, #4796, #1446 ) ) ;
#2470 = VECTOR ( 'NONE', #4266, 1000.000000000000000 ) ;
#2471 = ADVANCED_FACE ( 'NONE', ( #5786 ), #1383, .T. ) ;
#2472 = FACE_BOUND ( 'NONE', #4925, .T. ) ;
#2473 = ORIENTED_EDGE ( 'NONE', *, *, #3459, .F. ) ;
#2474 = CARTESIAN_POINT ( 'NONE',  ( 141.7227456530524137, 14.28680784239818458, -163.0000000000000000 ) ) ;
#2475 = ORIENTED_EDGE ( 'NONE', *, *, #6073, .F. ) ;
#2476 = DIRECTION ( 'NONE',  ( -0.4545194689124519849, 0.5416752277698750895, 0.7071067811865451302 ) ) ;
#2477 = FACE_BOUND ( 'NONE', #2469, .T. ) ;
#2478 = LINE ( 'NONE', #3441, #148 ) ;
#2479 = ADVANCED_FACE ( 'NONE', ( #5816 ), #1415, .F. ) ;
#2480 = CARTESIAN_POINT ( 'NONE',  ( 146.5123234551824112, 8.578811102240846864, -119.4016432558213126 ) ) ;
#2481 = ORIENTED_EDGE ( 'NONE', *, *, #4685, .T. ) ;
#2482 = CARTESIAN_POINT ( 'NONE',  ( 3.558422940340653540, -3.768418143996747904, 0.000000000000000000 ) ) ;
#2483 = ORIENTED_EDGE ( 'NONE', *, *, #3531, .F. ) ;
#2484 = CARTESIAN_POINT ( 'NONE',  ( 154.7820050466310988, -1.276611967645587820, -88.26503056310485817 ) ) ;
#2485 = CARTESIAN_POINT ( 'NONE',  ( 186.7721635275603091, 0.04725302548829657390, -2.220446049250313081E-13 ) ) ;
#2486 = CARTESIAN_POINT ( 'NONE',  ( 181.5685487539224141, -0.2928872200309606821, -163.0000000000003979 ) ) ;
#2487 = DIRECTION ( 'NONE',  ( 0.4545194689124499310, -0.5416752277698728690, 0.7071067811865481278 ) ) ;
#2488 = DIRECTION ( 'NONE',  ( 0.9993263279542508037, 0.03670000350780838749, 0.000000000000000000 ) ) ;
#2489 = VERTEX_POINT ( 'NONE', #2870 ) ;
#2490 = B_SPLINE_CURVE_WITH_KNOTS ( 'NONE', 3,
 ( #5396, #2486, #998, #4915, #67, #5943, #5464 ),
 .UNSPECIFIED., .F., .F.,
 ( 4, 1, 1, 1, 4 ),
 ( 0.000000000000000000, 0.008249371183915525305, 0.01877865147327020465, 0.02930793176262487532, 0.02955439548586252796 ),
 .UNSPECIFIED. ) ;
#2491 = AXIS2_PLACEMENT_3D ( 'NONE', #1983, #5951, #3956 ) ;
#2492 = EDGE_CURVE ( 'NONE', #3675, #5662, #3695, .T. ) ;
#2493 = CARTESIAN_POINT ( 'NONE',  ( 69.93225556446446944, -1.455631790140877735, -519.0000000000010232 ) ) ;
#2494 = DIRECTION ( 'NONE',  ( -0.9993263274973519517, -0.03670001594897864122, -0.000000000000000000 ) ) ;
#2495 = LINE ( 'NONE', #2431, #3446 ) ;
#2496 = CARTESIAN_POINT ( 'NONE',  ( 184.3164905826809843, -0.1919654361041271406, -108.0000000000000426 ) ) ;
#2497 = ORIENTED_EDGE ( 'NONE', *, *, #1884, .F. ) ;
#2498 = AXIS2_PLACEMENT_3D ( 'NONE', #1368, #1865, #6258 ) ;
#2499 = CARTESIAN_POINT ( 'NONE',  ( 186.5000000000003411, -0.1117699999999916260, 0.000000000000000000 ) ) ;
#2500 = ORIENTED_EDGE ( 'NONE', *, *, #3701, .T. ) ;
#2501 = VERTEX_POINT ( 'NONE', #3759 ) ;
#2502 = ORIENTED_EDGE ( 'NONE', *, *, #6203, .T. ) ;
#2503 = VECTOR ( 'NONE', #3356, 1000.000000000000000 ) ;
#2504 = FACE_BOUND ( 'NONE', #2190, .T. ) ;
#2505 = ORIENTED_EDGE ( 'NONE', *, *, #772, .F. ) ;
#2506 = CARTESIAN_POINT ( 'NONE',  ( 186.9920551706976823, -0.09369718881026524449, -287.9999999999995453 ) ) ;
#2507 = VECTOR ( 'NONE', #116, 1000.000000000000000 ) ;
#2508 = EDGE_CURVE ( 'NONE', #2106, #1057, #5272, .T. ) ;
#2509 = DIRECTION ( 'NONE',  ( 6.378601426329706152E-17, 5.352281928482944175E-17, -1.000000000000000000 ) ) ;
#2510 = AXIS2_PLACEMENT_3D ( 'NONE', #2815, #4791, #396 ) ;
#2511 = CARTESIAN_POINT ( 'NONE',  ( 100.9962023087956737, 59.71136606717178097, 19.17754543087195884 ) ) ;
#2512 = DIRECTION ( 'NONE',  ( 0.6427875972986035746, -0.7660444535136903266, 0.000000000000000000 ) ) ;
#2513 = LINE ( 'NONE', #4488, #60 ) ;
#2514 = ORIENTED_EDGE ( 'NONE', *, *, #4638, .T. ) ;
#2515 = CARTESIAN_POINT ( 'NONE',  ( 22.78903382164070379, -5.601876018064483986, 0.000000000000000000 ) ) ;
#2516 = ORIENTED_EDGE ( 'NONE', *, *, #4335, .F. ) ;
#2517 = EDGE_CURVE ( 'NONE', #3153, #3364, #4237, .T. ) ;
#2518 = CARTESIAN_POINT ( 'NONE',  ( 180.7040290666258784, 1.486459005793485000, 0.000000000000000000 ) ) ;
#2519 = LINE ( 'NONE', #1502, #5411 ) ;
#2520 = CARTESIAN_POINT ( 'NONE',  ( 146.5281689998066383, 5.448479403202883375, -32.02482244953694135 ) ) ;
#2521 = EDGE_CURVE ( 'NONE', #2576, #686, #4137, .T. ) ;
#2522 = SURFACE_SIDE_STYLE ('',( #580 ) ) ;
#2523 = PLANE ( 'NONE',  #1858 ) ;
#2524 = LINE ( 'NONE', #6011, #1616 ) ;
#2525 = VECTOR ( 'NONE', #5920, 1000.000000000000000 ) ;
#2526 = ORIENTED_EDGE ( 'NONE', *, *, #5400, .T. ) ;
#2527 = VECTOR ( 'NONE', #3598, 1000.000000000000000 ) ;
#2528 = AXIS2_PLACEMENT_3D ( 'NONE', #285, #4188, #6163 ) ;
#2529 = CARTESIAN_POINT ( 'NONE',  ( 75.22738630122307768, -3.102492352584582669, -519.0000000000007958 ) ) ;
#2530 = LINE ( 'NONE', #105, #5380 ) ;
#2531 = CARTESIAN_POINT ( 'NONE',  ( 154.7820052203695980, -1.276612174699112146, -216.7393850951210368 ) ) ;
#2532 = CARTESIAN_POINT ( 'NONE',  ( 157.6985581362896767, -1.169502021468983299, -47.99999999999997868 ) ) ;
#2533 = ORIENTED_EDGE ( 'NONE', *, *, #4685, .F. ) ;
#2534 = DIRECTION ( 'NONE',  ( 0.6427875972986036857, -0.7660444535136901045, 0.000000000000000000 ) ) ;
#2535 = ORIENTED_EDGE ( 'NONE', *, *, #764, .T. ) ;
#2536 = ORIENTED_EDGE ( 'NONE', *, *, #2172, .T. ) ;
#2537 = ORIENTED_EDGE ( 'NONE', *, *, #4133, .T. ) ;
#2538 = CARTESIAN_POINT ( 'NONE',  ( 131.9905741701041961, 22.77371083816701258, -67.39622916336205094 ) ) ;
#2539 = ORIENTED_EDGE ( 'NONE', *, *, #2051, .T. ) ;
#2540 = B_SPLINE_CURVE_WITH_KNOTS ( 'NONE', 3,
 ( #2735, #4832, #377, #4709, #1834, #440, #3247, #2825, #6319, #313, #3804, #411, #2283 ),
 .UNSPECIFIED., .F., .F.,
 ( 4, 3, 3, 3, 4 ),
 ( 0.000000000000000000, 0.002559018337862983827, 0.01279509168931458607, 0.05373938509512102280, 0.05700000000000002287 ),
 .UNSPECIFIED. ) ;
#2541 = DIRECTION ( 'NONE',  ( 0.000000000000000000, 1.000000000000000000, 1.231351735951706906E-15 ) ) ;
#2542 = DIRECTION ( 'NONE',  ( 0.4545194689805009403, -0.5416752278509727736, 0.7071067810806795917 ) ) ;
#2543 = CARTESIAN_POINT ( 'NONE',  ( 154.7820051180358689, -1.276612052742458925, -52.33333333333334991 ) ) ;
#2544 = CARTESIAN_POINT ( 'NONE',  ( 146.5281689998066099, 5.448479403202890481, -42.65842572212225292 ) ) ;
#2545 = CARTESIAN_POINT ( 'NONE',  ( 148.0602579068340390, 6.734054597800104069, -278.4697138208725278 ) ) ;
#2546 = ORIENTED_EDGE ( 'NONE', *, *, #5211, .F. ) ;
#2547 = CARTESIAN_POINT ( 'NONE',  ( 81.78085237728588197, -3.513059356169516256, -519.0000000000005684 ) ) ;
#2548 = VERTEX_POINT ( 'NONE', #1730 ) ;
#2549 = EDGE_CURVE ( 'NONE', #81, #3534, #6114, .T. ) ;
#2550 = EDGE_CURVE ( 'NONE', #4947, #1242, #4727, .T. ) ;
#2551 = CARTESIAN_POINT ( 'NONE',  ( 152.0777421034211159, -1.165244497598718620, -203.2643887358846655 ) ) ;
#2552 = DIRECTION ( 'NONE',  ( 1.000000000000000000, 0.000000000000000000, 0.000000000000000000 ) ) ;
#2553 = DIRECTION ( 'NONE',  ( 0.000000000000000000, 0.7938448021158682755, 0.6081204076115337420 ) ) ;
#2554 = DIRECTION ( 'NONE',  ( 0.9993263274973519517, 0.03670001594897783631, 0.000000000000000000 ) ) ;
#2555 = CARTESIAN_POINT ( 'NONE',  ( 160.9400354442833816, -8.615467058371322651, -110.0500894468779762 ) ) ;
#2556 = CARTESIAN_POINT ( 'NONE',  ( 187.0259088579325635, -42.81484914970644695, -153.0160123065356572 ) ) ;
#2557 = VERTEX_POINT ( 'NONE', #6148 ) ;
#2558 = EDGE_CURVE ( 'NONE', #3031, #255, #745, .T. ) ;
#2559 = CARTESIAN_POINT ( 'NONE',  ( 14.43648920517128431, 10.35681366495590616, 0.000000000000000000 ) ) ;
#2560 = LINE ( 'NONE', #1135, #3418 ) ;
#2561 = CARTESIAN_POINT ( 'NONE',  ( 153.6098310104484312, 0.1203306969985336317, -218.1406326955891188 ) ) ;
#2562 = DIRECTION ( 'NONE',  ( 0.6427875972986035746, -0.7660444535136902156, 6.018531076210112041E-33 ) ) ;
#2563 = ORIENTED_EDGE ( 'NONE', *, *, #845, .T. ) ;
#2564 = EDGE_LOOP ( 'NONE', ( #1621, #5859, #2214, #2969 ) ) ;
#2565 = VERTEX_POINT ( 'NONE', #1291 ) ;
#2566 = FACE_BOUND ( 'NONE', #2936, .T. ) ;
#2567 = EDGE_LOOP ( 'NONE', ( #6166, #4905, #139, #1718 ) ) ;
#2568 = LINE ( 'NONE', #1236, #2688 ) ;
#2569 = DIRECTION ( 'NONE',  ( 0.03670000643793511208, -0.9993263278466426591, 0.000000000000000000 ) ) ;
#2570 = LINE ( 'NONE', #5579, #1973 ) ;
#2571 = CARTESIAN_POINT ( 'NONE',  ( 147.8724807959876273, 8.292705252561338725, -161.0000000000001137 ) ) ;
#2572 = EDGE_CURVE ( 'NONE', #2437, #608, #366, .T. ) ;
#2573 = LINE ( 'NONE', #154, #1888 ) ;
#2574 = VERTEX_POINT ( 'NONE', #2754 ) ;
#2575 = CARTESIAN_POINT ( 'NONE',  ( 42.05291443342873237, 16.17083096281026755, 0.000000000000000000 ) ) ;
#2576 = VERTEX_POINT ( 'NONE', #3658 ) ;
#2577 = EDGE_CURVE ( 'NONE', #3302, #385, #3269, .T. ) ;
#2578 = PLANE ( 'NONE',  #2649 ) ;
#2579 = LINE ( 'NONE', #4976, #691 ) ;
#2580 = CARTESIAN_POINT ( 'NONE',  ( 152.0777421034210590, -1.165244497598670215, -280.5910341644319601 ) ) ;
#2581 = ADVANCED_FACE ( 'NONE', ( #5244 ), #4203, .F. ) ;
#2582 = FACE_OUTER_BOUND ( 'NONE', #6021, .T. ) ;
#2583 = VECTOR ( 'NONE', #6219, 1000.000000000000000 ) ;
#2584 = LINE ( 'NONE', #2652, #3764 ) ;
#2585 = EDGE_CURVE ( 'NONE', #4322, #4706, #879, .T. ) ;
#2586 = ORIENTED_EDGE ( 'NONE', *, *, #5793, .T. ) ;
#2587 = CARTESIAN_POINT ( 'NONE',  ( 10.28439103035841207, 8.709359799856461137, 0.000000000000000000 ) ) ;
#2588 = DIRECTION ( 'NONE',  ( -0.4545194689124505416, 0.5416752277698733131, 0.7071067811865473507 ) ) ;
#2589 = DIRECTION ( 'NONE',  ( 0.000000000000000000, 0.7938448021158701629, -0.6081204076115311885 ) ) ;
#2590 = VECTOR ( 'NONE', #2891, 1000.000000000000000 ) ;
#2591 = CARTESIAN_POINT ( 'NONE',  ( 146.5281689998066383, 5.448479403202890481, -218.1406326955891188 ) ) ;
#2592 = ORIENTED_EDGE ( 'NONE', *, *, #5636, .T. ) ;
#2593 = VECTOR ( 'NONE', #458, 1000.000000000000000 ) ;
#2594 = EDGE_LOOP ( 'NONE', ( #2600, #892, #6322, #4693 ) ) ;
#2595 = VERTEX_POINT ( 'NONE', #779 ) ;
#2596 = ADVANCED_FACE ( 'NONE', ( #3201 ), #5178, .T. ) ;
#2597 = EDGE_CURVE ( 'NONE', #279, #1109, #2723, .T. ) ;
#2598 = AXIS2_PLACEMENT_3D ( 'NONE', #2423, #4393, #3420 ) ;
#2599 = CARTESIAN_POINT ( 'NONE',  ( 184.3164905826809843, -0.1919656341984585235, -52.99999999999999289 ) ) ;
#2600 = ORIENTED_EDGE ( 'NONE', *, *, #4231, .F. ) ;
#2601 = CARTESIAN_POINT ( 'NONE',  ( 146.5281689998066383, 5.448479403202897586, -269.8361105482872517 ) ) ;
#2602 = FACE_OUTER_BOUND ( 'NONE', #2152, .T. ) ;
#2603 = EDGE_CURVE ( 'NONE', #2574, #1617, #3233, .T. ) ;
#2604 = CARTESIAN_POINT ( 'NONE',  ( 146.6208094759430764, 8.449522493007082247, -218.0289675955997666 ) ) ;
#2605 = PLANE ( 'NONE',  #5496 ) ;
#2606 = CARTESIAN_POINT ( 'NONE',  ( 146.4440854870231306, 8.660133948616792310, -48.00000000000000000 ) ) ;
#2607 = CARTESIAN_POINT ( 'NONE',  ( 146.5532866193938162, 8.529993102524642268, -158.4409852790326738 ) ) ;
#2608 = ORIENTED_EDGE ( 'NONE', *, *, #2663, .F. ) ;
#2609 = CARTESIAN_POINT ( 'NONE',  ( 3.355181935654401926, 4.405589825678189797, 0.000000000000000000 ) ) ;
#2610 = ORIENTED_EDGE ( 'NONE', *, *, #4606, .T. ) ;
#2611 = ORIENTED_EDGE ( 'NONE', *, *, #4416, .F. ) ;
#2612 = CARTESIAN_POINT ( 'NONE',  ( 184.5679609055901835, 0.5697641997629907529, 0.000000000000000000 ) ) ;
#2613 = CARTESIAN_POINT ( 'NONE',  ( 146.5281689998066099, 5.448479403202886040, -53.77894174285809470 ) ) ;
#2614 = LINE ( 'NONE', #3089, #1614 ) ;
#2615 = VECTOR ( 'NONE', #2951, 1000.000000000000000 ) ;
#2616 = CARTESIAN_POINT ( 'NONE',  ( 132.8408838737630333, 24.87179887441888582, -66.33556899158223530 ) ) ;
#2617 = LINE ( 'NONE', #4592, #6343 ) ;
#2618 = VERTEX_POINT ( 'NONE', #1358 ) ;
#2619 = CARTESIAN_POINT ( 'NONE',  ( 93.92660481693390295, 9.971793170292942321, -519.0000000000003411 ) ) ;
#2620 = VECTOR ( 'NONE', #1693, 1000.000000000000000 ) ;
#2621 = CARTESIAN_POINT ( 'NONE',  ( 152.0777421034210306, -1.165244497598677098, -17.14857848983246313 ) ) ;
#2622 = CARTESIAN_POINT ( 'NONE',  ( 154.7820051107237305, -1.276612044028252457, -175.7950916893145745 ) ) ;
#2623 = CARTESIAN_POINT ( 'NONE',  ( 152.0777421034210874, -1.165244497598656226, -218.1406326955891188 ) ) ;
#2624 = AXIS2_PLACEMENT_3D ( 'NONE', #5010, #1127, #2552 ) ;
#2625 = ADVANCED_FACE ( 'NONE', ( #400 ), #4660, .T. ) ;
#2626 = ORIENTED_EDGE ( 'NONE', *, *, #487, .F. ) ;
#2627 = VECTOR ( 'NONE', #553, 999.9999999999998863 ) ;
#2628 = VECTOR ( 'NONE', #1745, 1000.000000000000000 ) ;
#2629 = ORIENTED_EDGE ( 'NONE', *, *, #1150, .T. ) ;
#2630 = ORIENTED_EDGE ( 'NONE', *, *, #4265, .F. ) ;
#2631 = CARTESIAN_POINT ( 'NONE',  ( 184.3164905826809843, 0.6289050935864557434, -225.9999999999999716 ) ) ;
#2632 = EDGE_LOOP ( 'NONE', ( #4375, #5586, #5068, #3170 ) ) ;
#2633 = CARTESIAN_POINT ( 'NONE',  ( 148.0602579068340106, 6.734054597800094299, -34.02482244953694845 ) ) ;
#2634 = EDGE_CURVE ( 'NONE', #685, #4067, #36, .T. ) ;
#2635 = CARTESIAN_POINT ( 'NONE',  ( 56.53169983454675673, -4.883681907971681113, 0.000000000000000000 ) ) ;
#2636 = LINE ( 'NONE', #2701, #358 ) ;
#2637 = DIRECTION ( 'NONE',  ( 0.4545194689124497089, -0.5416752277698725360, 0.7071067811865484609 ) ) ;
#2638 = LINE ( 'NONE', #5712, #908 ) ;
#2639 = CARTESIAN_POINT ( 'NONE',  ( 141.7227456530524137, 14.28680784239818458, -224.0000000000000000 ) ) ;
#2640 = EDGE_LOOP ( 'NONE', ( #5778, #5367, #824, #1258 ) ) ;
#2641 = CARTESIAN_POINT ( 'NONE',  ( 84.68811517332309791, 8.362377901042883366, -519.0000000000006821 ) ) ;
#2642 = ADVANCED_FACE ( 'NONE', ( #5818 ), #4824, .T. ) ;
#2643 = ORIENTED_EDGE ( 'NONE', *, *, #342, .T. ) ;
#2644 = VERTEX_POINT ( 'NONE', #5789 ) ;
#2645 = VECTOR ( 'NONE', #6268, 1000.000000000000000 ) ;
#2646 = DIRECTION ( 'NONE',  ( 0.000000000000000000, -0.7938448021158673873, 0.6081204076115348522 ) ) ;
#2647 = DIRECTION ( 'NONE',  ( 0.7660444535136902156, 0.6427875972986035746, 0.000000000000000000 ) ) ;
#2648 = PLANE ( 'NONE',  #3951 ) ;
#2649 = AXIS2_PLACEMENT_3D ( 'NONE', #2038, #4126, #2646 ) ;
#2650 = DIRECTION ( 'NONE',  ( 0.000000000000000000, 0.000000000000000000, 1.000000000000000000 ) ) ;
#2651 = PLANE ( 'NONE',  #3821 ) ;
#2652 = CARTESIAN_POINT ( 'NONE',  ( 184.3164905826809843, -6.647825509190094628, -103.0000000000000142 ) ) ;
#2653 = CARTESIAN_POINT ( 'NONE',  ( 184.3164905826810127, -0.1919656607773315982, -45.29398777475807236 ) ) ;
#2654 = B_SPLINE_CURVE_WITH_KNOTS ( 'NONE', 3,
 ( #1594, #2543, #5518, #4517 ),
 .UNSPECIFIED., .F., .F.,
 ( 4, 4 ),
 ( 6.938893903907228378E-18, 0.001000000000000007827 ),
 .UNSPECIFIED. ) ;
#2655 = CARTESIAN_POINT ( 'NONE',  ( 92.63593509028650885, 16.07812253983292194, 0.000000000000000000 ) ) ;
#2656 = CARTESIAN_POINT ( 'NONE',  ( 146.4227671715806594, 8.685540128467819088, -24.13661436371942415 ) ) ;
#2657 = CARTESIAN_POINT ( 'NONE',  ( 199.5801040130026252, -57.77635681924896005, -172.5468732127381202 ) ) ;
#2658 = LINE ( 'NONE', #1824, #5103 ) ;
#2659 = VERTEX_POINT ( 'NONE', #2363 ) ;
#2660 = ADVANCED_FACE ( 'NONE', ( #5850 ), #914, .T. ) ;
#2661 = ORIENTED_EDGE ( 'NONE', *, *, #2663, .T. ) ;
#2662 = ORIENTED_EDGE ( 'NONE', *, *, #1375, .T. ) ;
#2663 = EDGE_CURVE ( 'NONE', #4178, #1021, #3452, .T. ) ;
#2664 = EDGE_CURVE ( 'NONE', #5798, #6095, #4395, .T. ) ;
#2665 = DIRECTION ( 'NONE',  ( 0.7660444535136902156, 0.6427875972986035746, 0.000000000000000000 ) ) ;
#2666 = EDGE_LOOP ( 'NONE', ( #4862, #1138, #4191, #1397 ) ) ;
#2667 = CARTESIAN_POINT ( 'NONE',  ( 184.3164905826810127, 0.6291844958767940366, -25.86339445953973026 ) ) ;
#2668 = EDGE_CURVE ( 'NONE', #2501, #2819, #5363, .T. ) ;
#2669 = EDGE_CURVE ( 'NONE', #5749, #3031, #1882, .T. ) ;
#2670 = CARTESIAN_POINT ( 'NONE',  ( 123.0436635007866357, -2.442807090201178255, -518.9999999999994316 ) ) ;
#2671 = LINE ( 'NONE', #1741, #3621 ) ;
#2672 = CARTESIAN_POINT ( 'NONE',  ( 90.20120286622805850, 75.68779357109526984, -77.23147659367238305 ) ) ;
#2673 = CARTESIAN_POINT ( 'NONE',  ( 152.0777421034210874, -1.165244497598656226, -192.6306326955890995 ) ) ;
#2674 = CARTESIAN_POINT ( 'NONE',  ( 152.0777421034210590, -1.165244497598677098, -44.77974606568174920 ) ) ;
#2675 = EDGE_LOOP ( 'NONE', ( #1887, #5340, #24, #4097 ) ) ;
#2676 = CARTESIAN_POINT ( 'NONE',  ( 75.77833129410332447, 5.457046800937875197, -519.0000000000011369 ) ) ;
#2677 = ORIENTED_EDGE ( 'NONE', *, *, #4670, .T. ) ;
#2678 = ORIENTED_EDGE ( 'NONE', *, *, #6048, .T. ) ;
#2679 = CARTESIAN_POINT ( 'NONE',  ( 183.1153321107456975, 0.9135805663398763876, -2.000000000000018208 ) ) ;
#2680 = EDGE_CURVE ( 'NONE', #1299, #2557, #2933, .T. ) ;
#2681 = AXIS2_PLACEMENT_3D ( 'NONE', #2203, #5691, #4722 ) ;
#2682 = DIRECTION ( 'NONE',  ( 0.6427875972986035746, -0.7660444535136902156, 0.000000000000000000 ) ) ;
#2683 = FACE_OUTER_BOUND ( 'NONE', #6251, .T. ) ;
#2684 = LINE ( 'NONE', #6171, #1055 ) ;
#2685 = FACE_OUTER_BOUND ( 'NONE', #220, .T. ) ;
#2686 = VERTEX_POINT ( 'NONE', #488 ) ;
#2687 = CARTESIAN_POINT ( 'NONE',  ( 120.1716854172584874, 10.56156015248648217, -519.0000000000006821 ) ) ;
#2688 = VECTOR ( 'NONE', #2182, 1000.000000000000000 ) ;
#2689 = CARTESIAN_POINT ( 'NONE',  ( 146.4944107381492415, 8.600158647819338142, -101.2939897805524936 ) ) ;
#2690 = DIRECTION ( 'NONE',  ( 0.9993263279542508037, 0.03670000350780839443, 0.000000000000000000 ) ) ;
#2691 = LINE ( 'NONE', #4138, #1205 ) ;
#2692 = ORIENTED_EDGE ( 'NONE', *, *, #6048, .F. ) ;
#2693 = ADVANCED_FACE ( 'NONE', ( #1385 ), #4850, .F. ) ;
#2694 = VERTEX_POINT ( 'NONE', #3950 ) ;
#2695 = ORIENTED_EDGE ( 'NONE', *, *, #820, .F. ) ;
#2696 = DIRECTION ( 'NONE',  ( 0.000000000000000000, 0.000000000000000000, -1.000000000000000000 ) ) ;
#2697 = ORIENTED_EDGE ( 'NONE', *, *, #2550, .F. ) ;
#2698 = CARTESIAN_POINT ( 'NONE',  ( 141.7227456530524137, 14.28680784239818458, -48.00000000000000000 ) ) ;
#2699 = VECTOR ( 'NONE', #5830, 1000.000000000000000 ) ;
#2700 = CARTESIAN_POINT ( 'NONE',  ( 134.2951219817764752, -2.028834272031223129, -519.0000000000007958 ) ) ;
#2701 = CARTESIAN_POINT ( 'NONE',  ( 146.5281689998066099, 5.448479403202878046, -98.62000348240258063 ) ) ;
#2702 = DIRECTION ( 'NONE',  ( 0.9993263279542508037, 0.03670000350780838749, 0.000000000000000000 ) ) ;
#2703 = DIRECTION ( 'NONE',  ( 0.000000000000000000, 0.000000000000000000, -1.000000000000000000 ) ) ;
#2704 = DIRECTION ( 'NONE',  ( -0.9993263269200400867, -0.03670003166893779506, -0.000000000000000000 ) ) ;
#2706 = ORIENTED_EDGE ( 'NONE', *, *, #5361, .T. ) ;
#2705 = LINE ( 'NONE', #5681, #1814 ) ;
#2707 = CARTESIAN_POINT ( 'NONE',  ( 71.76540512220533685, 3.054853100628045048, -518.9999999999981810 ) ) ;
#2708 = ORIENTED_EDGE ( 'NONE', *, *, #2381, .F. ) ;
#2709 = EDGE_CURVE ( 'NONE', #3842, #1036, #4307, .T. ) ;
#2710 = ORIENTED_EDGE ( 'NONE', *, *, #1832, .F. ) ;
#2711 = VECTOR ( 'NONE', #3544, 1000.000000000000114 ) ;
#2712 = CARTESIAN_POINT ( 'NONE',  ( 152.0777421034210590, -1.165244497598704854, -142.8425430165691239 ) ) ;
#2713 = PLANE ( 'NONE',  #3790 ) ;
#2714 = VECTOR ( 'NONE', #4153, 1000.000000000000000 ) ;
#2715 = LINE ( 'NONE', #4196, #3206 ) ;
#2716 = FACE_OUTER_BOUND ( 'NONE', #2945, .T. ) ;
#2717 = DIRECTION ( 'NONE',  ( 0.4545194689805009403, -0.5416752278509726626, -0.7071067810806797027 ) ) ;
#2718 = ORIENTED_EDGE ( 'NONE', *, *, #2597, .T. ) ;
#2719 = VECTOR ( 'NONE', #2509, 1000.000000000000000 ) ;
#2720 = ADVANCED_FACE ( 'NONE', ( #2454 ), #3362, .F. ) ;
#2721 = AXIS2_PLACEMENT_3D ( 'NONE', #860, #5346, #950 ) ;
#2722 = CARTESIAN_POINT ( 'NONE',  ( 184.3164905826809843, 0.6289088413493783003, -224.0000000000000000 ) ) ;
#2723 = LINE ( 'NONE', #2304, #5979 ) ;
#2724 = CARTESIAN_POINT ( 'NONE',  ( 184.3164905826809559, 0.6290819923292031435, -114.3830672388228038 ) ) ;
#2725 = VERTEX_POINT ( 'NONE', #2394 ) ;
#2726 = ORIENTED_EDGE ( 'NONE', *, *, #884, .T. ) ;
#2727 = VERTEX_POINT ( 'NONE', #2901 ) ;
#2728 = CARTESIAN_POINT ( 'NONE',  ( 186.5558732529046608, 0.09852512010794320374, -96.00000000000025580 ) ) ;
#2729 = EDGE_LOOP ( 'NONE', ( #6254, #251, #4410, #3761 ) ) ;
#2730 = DIRECTION ( 'NONE',  ( 0.4545194689124497089, -0.5416752277698725360, 0.7071067811865484609 ) ) ;
#2731 = VECTOR ( 'NONE', #4205, 1000.000000000000000 ) ;
#2732 = ORIENTED_EDGE ( 'NONE', *, *, #960, .F. ) ;
#2733 = VECTOR ( 'NONE', #4667, 1000.000000000000114 ) ;
#2734 = CARTESIAN_POINT ( 'NONE',  ( 49.58718133787002103, -5.148102930934723709, 0.000000000000000000 ) ) ;
#2735 = CARTESIAN_POINT ( 'NONE',  ( 184.3164905826809843, -0.1919646770075465747, -286.0000000000000568 ) ) ;
#2736 = CARTESIAN_POINT ( 'NONE',  ( 141.7227456530524137, 14.28680784239818458, -286.0000000000000568 ) ) ;
#2737 = LINE ( 'NONE', #315, #4699 ) ;
#2738 = CARTESIAN_POINT ( 'NONE',  ( 152.0777421034210874, -1.165244497598656226, -132.2087869762735579 ) ) ;
#2740 = ORIENTED_EDGE ( 'NONE', *, *, #3736, .F. ) ;
#2739 = FACE_OUTER_BOUND ( 'NONE', #3341, .T. ) ;
#2741 = DIRECTION ( 'NONE',  ( -0.4545194689124505416, 0.5416752277698733131, 0.7071067811865473507 ) ) ;
#2742 = VERTEX_POINT ( 'NONE', #3826 ) ;
#2743 = ORIENTED_EDGE ( 'NONE', *, *, #5511, .F. ) ;
#2744 = CARTESIAN_POINT ( 'NONE',  ( 154.7820052748139972, -1.276612239583445829, -281.8262567300807859 ) ) ;
#2745 = CARTESIAN_POINT ( 'NONE',  ( 146.5281689998066952, 5.448479403202814098, -233.6925072757019848 ) ) ;
#2746 = LINE ( 'NONE', #1752, #461 ) ;
#2747 = EDGE_CURVE ( 'NONE', #5734, #2576, #940, .T. ) ;
#2748 = DIRECTION ( 'NONE',  ( 1.000000000000000000, 0.000000000000000000, 0.000000000000000000 ) ) ;
#2749 = CARTESIAN_POINT ( 'NONE',  ( 119.2931736833405552, -2.580699207577747067, -519.0000000000010232 ) ) ;
#2750 = ADVANCED_FACE ( 'NONE', ( #1505 ), #5431, .T. ) ;
#2751 = ORIENTED_EDGE ( 'NONE', *, *, #1051, .T. ) ;
#2752 = ADVANCED_FACE ( 'NONE', ( #1476 ), #4365, .F. ) ;
#2753 = CARTESIAN_POINT ( 'NONE',  ( 0.2369448244436554163, -6.451907268908500193, -224.0000000000000000 ) ) ;
#2754 = CARTESIAN_POINT ( 'NONE',  ( 184.3164905826810127, 0.6291569725744867725, -50.00000000000000000 ) ) ;
#2755 = FACE_BOUND ( 'NONE', #6213, .T. ) ;
#2756 = ORIENTED_EDGE ( 'NONE', *, *, #6203, .F. ) ;
#2757 = ADVANCED_FACE ( 'NONE', ( #3390 ), #641, .F. ) ;
#2758 = ORIENTED_EDGE ( 'NONE', *, *, #795, .F. ) ;
#2759 = ORIENTED_EDGE ( 'NONE', *, *, #6022, .T. ) ;
#2760 = DIRECTION ( 'NONE',  ( -6.378601426329706152E-17, -5.352281928482944175E-17, 1.000000000000000000 ) ) ;
#2761 = EDGE_LOOP ( 'NONE', ( #1779, #6069, #1748 ) ) ;
#2762 = DIRECTION ( 'NONE',  ( 0.7660444535136902156, 0.6427875972986035746, 0.000000000000000000 ) ) ;
#2763 = ORIENTED_EDGE ( 'NONE', *, *, #4705, .F. ) ;
#2764 = CARTESIAN_POINT ( 'NONE',  ( 149.2971107726042987, -1.478068020277382377, -518.9999999999997726 ) ) ;
#2765 = FACE_OUTER_BOUND ( 'NONE', #3572, .T. ) ;
#2766 = LINE ( 'NONE', #4641, #4666 ) ;
#2767 = LINE ( 'NONE', #3957, #4494 ) ;
#2768 = CARTESIAN_POINT ( 'NONE',  ( 146.5281689998066383, 5.448479403202883375, -121.4538633601287501 ) ) ;
#2770 = EDGE_LOOP ( 'NONE', ( #515, #237, #1353 ) ) ;
#2769 = LINE ( 'NONE', #2317, #5413 ) ;
#2771 = CARTESIAN_POINT ( 'NONE',  ( 166.0332218929083012, 4.611120112488246825, -519.0000000000001137 ) ) ;
#2772 = EDGE_LOOP ( 'NONE', ( #5448, #5101, #4145, #5146 ) ) ;
#2773 = ORIENTED_EDGE ( 'NONE', *, *, #1322, .T. ) ;
#2774 = CARTESIAN_POINT ( 'NONE',  ( 152.0777421034211443, -1.165244497598803219, -246.4474308918468637 ) ) ;
#2775 = DIRECTION ( 'NONE',  ( 1.000000000000000000, 0.000000000000000000, 0.000000000000000000 ) ) ;
#2776 = DIRECTION ( 'NONE',  ( -5.547375489508307898E-14, 1.000000000000000000, 0.000000000000000000 ) ) ;
#2777 = DIRECTION ( 'NONE',  ( 0.9730344131650563444, -0.2306599895875627027, 0.000000000000000000 ) ) ;
#2778 = CARTESIAN_POINT ( 'NONE',  ( 115.0670669981768697, -2.735221934985888392, 0.000000000000000000 ) ) ;
#2779 = VERTEX_POINT ( 'NONE', #130 ) ;
#2780 = AXIS2_PLACEMENT_3D ( 'NONE', #3915, #459, #5879 ) ;
#2781 = PLANE ( 'NONE',  #3335 ) ;
#2782 = CARTESIAN_POINT ( 'NONE',  ( 184.3164905826809843, -0.1919649553590160596, -221.0000000000000000 ) ) ;
#2783 = DIRECTION ( 'NONE',  ( 0.6427875972986036857, -0.7660444535136901045, 0.000000000000000000 ) ) ;
#2784 = EDGE_CURVE ( 'NONE', #1725, #5798, #4980, .T. ) ;
#2785 = DIRECTION ( 'NONE',  ( 0.4545194689124502085, -0.5416752277698728690, -0.7071067811865479058 ) ) ;
#2786 = B_SPLINE_SURFACE_WITH_KNOTS ( 'NONE', 3, 1, ( 
 ( #6301, #4359 ),
 ( #3322, #906 ),
 ( #5299, #936 ),
 ( #5845, #2812 ),
 ( #5208, #5755 ),
 ( #5238, #4789 ),
 ( #874, #3357 ),
 ( #4267, #1876 ),
 ( #5329, #454 ),
 ( #3850, #2840 ),
 ( #2868, #4328 ),
 ( #4819, #813 ),
 ( #6205, #2331 ),
 ( #3263, #5813 ),
 ( #6333, #6239 ),
 ( #1411, #2778 ),
 ( #4845, #2387 ),
 ( #3883, #1908 ),
 ( #4723, #6271 ),
 ( #1847, #1440 ),
 ( #425, #1819 ),
 ( #2749, #1787 ),
 ( #2265, #327 ),
 ( #4753, #3754 ),
 ( #2359, #5724 ),
 ( #1320, #3818 ),
 ( #843, #3787 ),
 ( #1351, #3294 ),
 ( #5784, #1380 ),
 ( #5268, #5490 ),
 ( #4911, #3417 ),
 ( #2036, #2449 ),
 ( #4876, #5357 ),
 ( #5458, #4940 ),
 ( #122, #1029 ),
 ( #4002, #3973 ),
 ( #5907, #2515 ),
 ( #2547, #5874 ),
 ( #1, #1469 ),
 ( #3911, #2064 ),
 ( #1971, #514 ),
 ( #4424, #30 ),
 ( #2420, #4972 ),
 ( #1058, #2005 ),
 ( #1500, #4521 ),
 ( #4490, #3941 ),
 ( #3477, #1093 ),
 ( #1940, #3445 ),
 ( #4034, #2482 ),
 ( #5424, #2988 ),
 ( #574, #1565 ),
 ( #1532, #5970 ),
 ( #4390, #92 ),
 ( #3511, #3021 ),
 ( #5393, #5006 ),
 ( #962, #2956 ),
 ( #609, #6002 ),
 ( #543, #482 ),
 ( #3385, #4454 ),
 ( #2895, #993 ),
 ( #2925, #61 ),
 ( #5938, #1684 ),
 ( #1214, #2229 ),
 ( #3117, #1599 ),
 ( #665, #2609 ),
 ( #2707, #634 ),
 ( #3152, #3644 ),
 ( #4096, #6067 ),
 ( #1654, #733 ),
 ( #4190, #5100 ),
 ( #3580, #4615 ),
 ( #2676, #288 ),
 ( #5553, #3084 ),
 ( #6096, #700 ),
 ( #4646, #5132 ),
 ( #252, #4582 ),
 ( #3609, #5617 ),
 ( #4551, #1243 ),
 ( #2191, #2131 ),
 ( #5067, #1629 ),
 ( #2641, #188 ),
 ( #5165, #4156 ),
 ( #6133, #156 ),
 ( #221, #1716 ),
 ( #5585, #1179 ),
 ( #4066, #1124 ),
 ( #765, #2575 ),
 ( #2161, #4682 ),
 ( #4123, #2097 ),
 ( #3676, #5652 ),
 ( #3185, #6037 ),
 ( #3548, #5522 ),
 ( #3053, #5035 ),
 ( #1151, #2803 ),
 ( #383, #6290 ),
 ( #4745, #352 ),
 ( #5321, #1342 ),
 ( #5259, #6165 ),
 ( #4291, #416 ),
 ( #5199, #1372 ),
 ( #3313, #3809 ),
 ( #4810, #5230 ),
 ( #2289, #1747 ),
 ( #2378, #5683 ),
 ( #1278, #836 ),
 ( #2771, #2258 ),
 ( #5290, #899 ),
 ( #2350, #6263 ),
 ( #4781, #1839 ),
 ( #5775, #444 ),
 ( #3287, #3709 ),
 ( #5748, #6196 ) ),
 .UNSPECIFIED., .F., .F., .F.,
 ( 4, 1, 1, 1, 2, 1, 1, 1, 1, 1, 1, 1, 1, 1, 1, 1, 1, 1, 1, 1, 1, 1, 1, 1, 1, 1, 1, 1, 1, 1, 1, 1, 1, 1, 1, 1, 1, 1, 1, 1, 1, 1, 1, 1, 1, 1, 1, 1, 1, 1, 1, 1, 1, 1, 1, 1, 1, 1, 1, 1, 1, 1, 1, 1, 1, 1, 1, 1, 1, 1, 1, 1, 1, 1, 1, 1, 1, 1, 1, 1, 1, 1, 1, 1, 1, 1, 1, 1, 1, 1, 1, 1, 1, 1, 1, 1, 1, 1, 1, 1, 1, 1, 1, 1, 1, 1, 1, 1, 4 ),
 ( 2, 2 ),
 ( 0.000000000000000000, 0.0005261575466025254734, 0.001052315093205050947, 0.001578472639807576312, 0.002104630186410101893, 0.03328886049308477091, 0.06447309079975946378, 0.09565732110643414277, 0.1112494362597714614, 0.1268415514131087662, 0.1424336665664460988, 0.1580257817197834869, 0.1736178968731207917, 0.1892100120264581797, 0.2048021271797955123, 0.2203942423331328171, 0.2359863574864702052, 0.2515784726398074822, 0.2671705877931448425, 0.2827627029464820918, 0.2983548180998194521, 0.3139469332531569234, 0.3295390484064941727, 0.3451311635598314775, 0.3529272211365002132, 0.3607232787131688934, 0.3685193362898375735, 0.3763153938665062537, 0.3841114514431748228, 0.3919075090198435030, 0.3997035665965121831, 0.4074996241731809743, 0.4152956817498496545, 0.4230917393265183346, 0.4308877969031869037, 0.4386838544798555284, 0.4464799120565241530, 0.4542759696331928332, 0.4581739984215271733, 0.4620720272098616244, 0.4659700559981959644, 0.4698680847865303045, 0.4718170991806974746, 0.4737661135748646446, 0.4757151279690318146, 0.4776641423631988737, 0.4815621711515332137, 0.4854601999398675538, 0.4874092143340347238, 0.4893582287282018939, 0.4913072431223690639, 0.4932562575165362340, 0.4942307647136198190, 0.4952052719107034040, 0.4961797791077869890, 0.4971542863048705740, 0.4991033006990377441, 0.5010523150932048031, 0.5030013294873720842, 0.5049503438815392542, 0.5068993582757064242, 0.5088483726698735943, 0.5107973870640407643, 0.5127464014582079344, 0.5146954158523751044, 0.5166444302465422744, 0.5205424590348766145, 0.5244404878232109546, 0.5283385166115452947, 0.5322365453998796347, 0.5361345741882139748, 0.5400326029765483149, 0.5439306317648826550, 0.5478286605532169951, 0.5517266893415511131, 0.5556247181298854532, 0.5595227469182197932, 0.5634207757065541333, 0.5712168332832228135, 0.5790128908598914936, 0.5868089484365601738, 0.5946050060132290760, 0.6024010635898977561, 0.6101971211665664363, 0.6179931787432351165, 0.6257892363199037966, 0.6413813514732411569, 0.6569734666265782952, 0.6725655817799156555, 0.6881576969332529048, 0.7037498120865903761, 0.7193419272399277364, 0.7349340423932650967, 0.7505261575466024571, 0.7661182726999395953, 0.7817103878532769556, 0.7973025030066143160, 0.8128946181599518983, 0.8284867333132892586, 0.8440788484666266189, 0.8596709636199637572, 0.8752630787733010065, 0.8908551939266382558, 0.9064473090799756161, 0.9376315393866505588, 0.9532236545399876970, 0.9688157696933250573, 0.9844078848466624176, 1.000000000000000000 ),
 ( 0.000000000000000000, 1.000000000000000000 ),
 .UNSPECIFIED. ) ;
#2787 = VERTEX_POINT ( 'NONE', #5530 ) ;
#2788 = ORIENTED_EDGE ( 'NONE', *, *, #602, .F. ) ;
#2789 = ADVANCED_FACE ( 'NONE', ( #2070 ), #2103, .F. ) ;
#2790 = PLANE ( 'NONE',  #3032 ) ;
#2791 = ORIENTED_EDGE ( 'NONE', *, *, #5342, .F. ) ;
#2792 = DIRECTION ( 'NONE',  ( -0.4545194689124502085, 0.5416752277698729801, 0.7071067811865477948 ) ) ;
#2793 = VECTOR ( 'NONE', #5454, 1000.000000000000000 ) ;
#2794 = EDGE_CURVE ( 'NONE', #930, #4569, #615, .T. ) ;
#2795 = ORIENTED_EDGE ( 'NONE', *, *, #5819, .T. ) ;
#2796 = ADVANCED_FACE ( 'NONE', ( #3484 ), #100, .T. ) ;
#2797 = CARTESIAN_POINT ( 'NONE',  ( 75.99680942951682994, 92.61593103586358211, -22.09811374147070850 ) ) ;
#2798 = CARTESIAN_POINT ( 'NONE',  ( 100.9962023087956737, 59.71136606717178097, 19.17754543087195884 ) ) ;
#2799 = DIRECTION ( 'NONE',  ( 0.03670003166892941981, -0.9993263269200404197, 0.000000000000000000 ) ) ;
#2800 = DIRECTION ( 'NONE',  ( 0.6427875972986035746, -0.7660444535136902156, 6.018531076210112041E-33 ) ) ;
#2802 = ORIENTED_EDGE ( 'NONE', *, *, #420, .F. ) ;
#2801 = CARTESIAN_POINT ( 'NONE',  ( 146.5281689998066668, 5.448479403202852289, -171.2421058068590298 ) ) ;
#2803 = CARTESIAN_POINT ( 'NONE',  ( 80.74501047614974425, 16.81121638947341523, 0.000000000000000000 ) ) ;
#2804 = VERTEX_POINT ( 'NONE', #3058 ) ;
#2805 = VERTEX_POINT ( 'NONE', #3028 ) ;
#2806 = VECTOR ( 'NONE', #399, 1000.000000000000114 ) ;
#2807 = DIRECTION ( 'NONE',  ( 0.7660444535136902156, 0.6427875972986035746, 0.000000000000000000 ) ) ;
#2808 = CARTESIAN_POINT ( 'NONE',  ( 184.3164905826809843, -0.1919646770075465747, -286.0000000000000568 ) ) ;
#2809 = CARTESIAN_POINT ( 'NONE',  ( 90.20120286622805850, 75.68779357109526984, -8.514975219832457753 ) ) ;
#2810 = CARTESIAN_POINT ( 'NONE',  ( 90.20120286622807271, 75.68779357109528405, -179.8757090794443059 ) ) ;
#2811 = VECTOR ( 'NONE', #3, 1000.000000000000000 ) ;
#2812 = CARTESIAN_POINT ( 'NONE',  ( 186.9082452913409327, -0.09677546176755549845, 0.000000000000000000 ) ) ;
#2813 = FACE_OUTER_BOUND ( 'NONE', #5099, .T. ) ;
#2814 = VECTOR ( 'NONE', #1018, 1000.000000000000000 ) ;
#2815 = CARTESIAN_POINT ( 'NONE',  ( 88.66911395920068628, 74.40221837649806957, -231.5711869321423819 ) ) ;
#2816 = PLANE ( 'NONE',  #876 ) ;
#2817 = CARTESIAN_POINT ( 'NONE',  ( 154.3747231386197711, -0.7912322746338683599, -158.0000000000000000 ) ) ;
#2818 = CARTESIAN_POINT ( 'NONE',  ( 169.7094223703075784, 3.977900935250515246, -47.99999999999998579 ) ) ;
#2819 = VERTEX_POINT ( 'NONE', #1541 ) ;
#2820 = ORIENTED_EDGE ( 'NONE', *, *, #2414, .F. ) ;
#2821 = PLANE ( 'NONE',  #1510 ) ;
#2822 = VERTEX_POINT ( 'NONE', #3587 ) ;
#2823 = DIRECTION ( 'NONE',  ( 0.4545194689124499310, -0.5416752277698728690, 0.7071067811865481278 ) ) ;
#2824 = ORIENTED_EDGE ( 'NONE', *, *, #305, .T. ) ;
#2825 = CARTESIAN_POINT ( 'NONE',  ( 184.3164905826809559, -0.1919648034574963080, -259.5568105087499475 ) ) ;
#2826 = CARTESIAN_POINT ( 'NONE',  ( 154.7397194342901514, 7.100505812913727510, -50.00000000000225242 ) ) ;
#2827 = VECTOR ( 'NONE', #401, 1000.000000000000000 ) ;
#2828 = CARTESIAN_POINT ( 'NONE',  ( 154.3747230897488407, -0.7912322163916676310, -100.0000000000000000 ) ) ;
#2829 = VERTEX_POINT ( 'NONE', #4011 ) ;
#2830 = LINE ( 'NONE', #800, #2374 ) ;
#2831 = ORIENTED_EDGE ( 'NONE', *, *, #2074, .F. ) ;
#2832 = ORIENTED_EDGE ( 'NONE', *, *, #4295, .T. ) ;
#2833 = EDGE_CURVE ( 'NONE', #1327, #2557, #2043, .T. ) ;
#2834 = VECTOR ( 'NONE', #249, 1000.000000000000000 ) ;
#2835 = AXIS2_PLACEMENT_3D ( 'NONE', #3283, #2799, #4774 ) ;
#2836 = LINE ( 'NONE', #3879, #5203 ) ;
#2837 = CARTESIAN_POINT ( 'NONE',  ( 184.3164905826809559, 0.6290124806728307760, -163.0000000000000000 ) ) ;
#2838 = CARTESIAN_POINT ( 'NONE',  ( 152.0777421034210590, -1.165244497598718620, 9.804599309964982597E-15 ) ) ;
#2839 = DIRECTION ( 'NONE',  ( 0.7660444535136902156, 0.6427875972986035746, 0.000000000000000000 ) ) ;
#2840 = CARTESIAN_POINT ( 'NONE',  ( 152.7677784200770077, -1.350582513633435733, 0.000000000000000000 ) ) ;
#2841 = DIRECTION ( 'NONE',  ( 0.4545194689124502085, -0.5416752277698732021, -0.7071067811865477948 ) ) ;
#2842 = LINE ( 'NONE', #3388, #369 ) ;
#2843 = FACE_BOUND ( 'NONE', #5532, .T. ) ;
#2844 = DIRECTION ( 'NONE',  ( 0.6427875972986036857, -0.7660444535136901045, 0.000000000000000000 ) ) ;
#2845 = CARTESIAN_POINT ( 'NONE',  ( 183.1875959283007091, 0.8963684548857129286, -47.99999999999998579 ) ) ;
#2846 = ORIENTED_EDGE ( 'NONE', *, *, #2572, .T. ) ;
#2847 = VERTEX_POINT ( 'NONE', #5976 ) ;
#2848 = VECTOR ( 'NONE', #3224, 1000.000000000000114 ) ;
#2849 = DIRECTION ( 'NONE',  ( 0.6427875972986036857, -0.7660444535136901045, 1.368455531567204475E-48 ) ) ;
#2850 = ORIENTED_EDGE ( 'NONE', *, *, #1355, .T. ) ;
#2851 = CARTESIAN_POINT ( 'NONE',  ( 184.3164905826810127, 0.6291569725744867725, -52.00000000000000711 ) ) ;
#2852 = ADVANCED_FACE ( 'NONE', ( #2582 ), #2523, .T. ) ;
#2853 = ORIENTED_EDGE ( 'NONE', *, *, #886, .F. ) ;
#2854 = EDGE_CURVE ( 'NONE', #2989, #385, #674, .T. ) ;
#2855 = EDGE_CURVE ( 'NONE', #470, #1760, #5074, .T. ) ;
#2856 = DIRECTION ( 'NONE',  ( -0.4545194689124502085, 0.5416752277698729801, 0.7071067811865477948 ) ) ;
#2857 = CARTESIAN_POINT ( 'NONE',  ( 184.3164905826809843, -0.1919658050646005920, -2.000000000000000000 ) ) ;
#2858 = LINE ( 'NONE', #926, #1391 ) ;
#2859 = ORIENTED_EDGE ( 'NONE', *, *, #4934, .F. ) ;
#2860 = EDGE_CURVE ( 'NONE', #5960, #627, #4558, .T. ) ;
#2861 = CARTESIAN_POINT ( 'NONE',  ( 179.5089322577574080, -33.85646498679395222, -141.3216724783158327 ) ) ;
#2862 = VERTEX_POINT ( 'NONE', #163 ) ;
#2863 = VERTEX_POINT ( 'NONE', #68 ) ;
#2864 = DIRECTION ( 'NONE',  ( -0.4545194689124526510, 0.5416752277698759777, -0.7071067811865439090 ) ) ;
#2865 = CARTESIAN_POINT ( 'NONE',  ( 90.20120286622807271, 75.68779357109528405, -169.1207854632994270 ) ) ;
#2866 = DIRECTION ( 'NONE',  ( 0.000000000000000000, 0.000000000000000000, -1.000000000000000000 ) ) ;
#2867 = DIRECTION ( 'NONE',  ( 8.796262431460665264E-49, -1.048297769837185521E-48, -1.000000000000000000 ) ) ;
#2868 = CARTESIAN_POINT ( 'NONE',  ( 160.5485961704257818, -1.064833115793934359, -519.0000000000001137 ) ) ;
#2869 = DIRECTION ( 'NONE',  ( 0.7660444535136902156, 0.6427875972986035746, 0.000000000000000000 ) ) ;
#2870 = CARTESIAN_POINT ( 'NONE',  ( 148.0602579068340390, 6.734054597800096964, -242.3261105482872608 ) ) ;
#2871 = PLANE ( 'NONE',  #3942 ) ;
#2872 = DIRECTION ( 'NONE',  ( -0.7660444535136902156, -0.6427875972986035746, -0.000000000000000000 ) ) ;
#2873 = FACE_OUTER_BOUND ( 'NONE', #1166, .T. ) ;
#2874 = VERTEX_POINT ( 'NONE', #6044 ) ;
#2875 = ORIENTED_EDGE ( 'NONE', *, *, #6246, .F. ) ;
#2876 = CARTESIAN_POINT ( 'NONE',  ( -0.01967624726082736406, -0.3235909649902000695, -0.000000000000000000 ) ) ;
#2877 = CARTESIAN_POINT ( 'NONE',  ( 42.49131885028619138, 129.4347734029800279, -71.83989750732985158 ) ) ;
#2878 = ORIENTED_EDGE ( 'NONE', *, *, #298, .F. ) ;
#2879 = DIRECTION ( 'NONE',  ( -0.9993263278466418820, -0.03670000643795400669, 0.000000000000000000 ) ) ;
#2880 = EDGE_CURVE ( 'NONE', #4058, #4157, #1572, .T. ) ;
#2881 = ORIENTED_EDGE ( 'NONE', *, *, #2222, .T. ) ;
#2882 = ORIENTED_EDGE ( 'NONE', *, *, #886, .T. ) ;
#2883 = CARTESIAN_POINT ( 'NONE',  ( 184.3164905826809843, -0.1919657326178962897, -24.13660554045699769 ) ) ;
#2884 = VECTOR ( 'NONE', #1589, 1000.000000000000000 ) ;
#2885 = DIRECTION ( 'NONE',  ( 0.000000000000000000, 0.000000000000000000, -1.000000000000000000 ) ) ;
#2886 = VERTEX_POINT ( 'NONE', #4591 ) ;
#2887 = CARTESIAN_POINT ( 'NONE',  ( 184.3164905826809843, -0.1919652221612422049, -158.0000000000000000 ) ) ;
#2888 = ORIENTED_EDGE ( 'NONE', *, *, #4399, .F. ) ;
#2889 = CARTESIAN_POINT ( 'NONE',  ( 90.20120286622807271, 75.68779357109528405, -144.9638633601287552 ) ) ;
#2890 = CARTESIAN_POINT ( 'NONE',  ( 102.5282912158230602, 60.99694126176899545, 19.17754543087195884 ) ) ;
#2891 = DIRECTION ( 'NONE',  ( 0.4545194689124497089, -0.5416752277698725360, 0.7071067811865484609 ) ) ;
#2892 = VECTOR ( 'NONE', #480, 1000.000000000000000 ) ;
#2893 = FACE_OUTER_BOUND ( 'NONE', #3839, .T. ) ;
#2894 = EDGE_CURVE ( 'NONE', #3982, #5684, #4042, .T. ) ;
#2895 = CARTESIAN_POINT ( 'NONE',  ( 69.78698961852283844, 1.057059819864387684, -518.9999999999998863 ) ) ;
#2896 = VECTOR ( 'NONE', #1038, 1000.000000000000000 ) ;
#2897 = VECTOR ( 'NONE', #3699, 1000.000000000000000 ) ;
#2898 = CARTESIAN_POINT ( 'NONE',  ( 146.5281689998066099, 5.448479403202883375, 9.804599309964982597E-15 ) ) ;
#2899 = DIRECTION ( 'NONE',  ( 0.6427875972986035746, -0.7660444535136902156, 6.018531076210112041E-33 ) ) ;
#2900 = FACE_OUTER_BOUND ( 'NONE', #14, .T. ) ;
#2901 = CARTESIAN_POINT ( 'NONE',  ( 146.5281689998066383, 5.448479403202883375, -44.77974606568174920 ) ) ;
#2902 = CARTESIAN_POINT ( 'NONE',  ( 152.2492416656317573, -1.369629723703938318, 0.000000000000000000 ) ) ;
#2903 = ORIENTED_EDGE ( 'NONE', *, *, #144, .T. ) ;
#2904 = EDGE_CURVE ( 'NONE', #5682, #1045, #1257, .T. ) ;
#2905 = ORIENTED_EDGE ( 'NONE', *, *, #1289, .T. ) ;
#2906 = CARTESIAN_POINT ( 'NONE',  ( 3.915125652207560591, 4.896618974382517919, 0.000000000000000000 ) ) ;
#2907 = CARTESIAN_POINT ( 'NONE',  ( 152.0777421034210590, -1.165244497598718620, 9.804599309964982597E-15 ) ) ;
#2908 = LINE ( 'NONE', #976, #3976 ) ;
#2909 = CARTESIAN_POINT ( 'NONE',  ( 88.66911395920068628, 74.40221837649806957, -205.3857090794443252 ) ) ;
#2910 = ORIENTED_EDGE ( 'NONE', *, *, #2458, .F. ) ;
#2911 = CARTESIAN_POINT ( 'NONE',  ( 184.3164905826809843, -0.1919656376633245842, -45.00000000000000711 ) ) ;
#2912 = ORIENTED_EDGE ( 'NONE', *, *, #4060, .T. ) ;
#2913 = ORIENTED_EDGE ( 'NONE', *, *, #1754, .F. ) ;
#2914 = LINE ( 'NONE', #5742, #4358 ) ;
#2915 = CARTESIAN_POINT ( 'NONE',  ( 153.6098310104485165, 0.1203306969984243441, -231.5711869321423819 ) ) ;
#2916 = ORIENTED_EDGE ( 'NONE', *, *, #4867, .T. ) ;
#2917 = CARTESIAN_POINT ( 'NONE',  ( 184.3164905826809843, -0.1919654361041271406, -108.0000000000000426 ) ) ;
#2918 = EDGE_LOOP ( 'NONE', ( #2063, #3953, #4631, #384 ) ) ;
#2919 = LINE ( 'NONE', #449, #3540 ) ;
#2920 = VECTOR ( 'NONE', #2241, 1000.000000000000000 ) ;
#2921 = CARTESIAN_POINT ( 'NONE',  ( 186.9082452913409327, -0.09677546176755549845, 0.000000000000000000 ) ) ;
#2922 = DIRECTION ( 'NONE',  ( 0.6427875972986019093, -0.7660444535136915478, 0.000000000000000000 ) ) ;
#2923 = DIRECTION ( 'NONE',  ( 1.000000000000000000, 0.000000000000000000, 0.000000000000000000 ) ) ;
#2924 = AXIS2_PLACEMENT_3D ( 'NONE', #4427, #1975, #3945 ) ;
#2925 = CARTESIAN_POINT ( 'NONE',  ( 70.08499443957144592, 1.419875252060793569, -519.0000000000007958 ) ) ;
#2926 = AXIS2_PLACEMENT_3D ( 'NONE', #2158, #283, #1681 ) ;
#2927 = VECTOR ( 'NONE', #5049, 1000.000000000000000 ) ;
#2928 = ADVANCED_FACE ( 'NONE', ( #2716 ), #1692, .T. ) ;
#2929 = DIRECTION ( 'NONE',  ( 0.000000000000000000, -1.000000000000000000, 1.048297769837185521E-48 ) ) ;
#2930 = LINE ( 'NONE', #5877, #2811 ) ;
#2931 = FACE_OUTER_BOUND ( 'NONE', #4200, .T. ) ;
#2932 = EDGE_CURVE ( 'NONE', #850, #2822, #5109, .T. ) ;
#2933 = LINE ( 'NONE', #2336, #5776 ) ;
#2934 = CARTESIAN_POINT ( 'NONE',  ( 163.1775943217123483, -0.9682881653643271580, 0.000000000000000000 ) ) ;
#2935 = EDGE_CURVE ( 'NONE', #4538, #3620, #3786, .T. ) ;
#2936 = EDGE_LOOP ( 'NONE', ( #5077, #3245, #3931 ) ) ;
#2937 = CARTESIAN_POINT ( 'NONE',  ( 25.76715289772027973, -5.642793565112111942, 0.000000000000000000 ) ) ;
#2938 = CARTESIAN_POINT ( 'NONE',  ( 148.0602579068340106, 6.734054597800090747, 9.804599309964982597E-15 ) ) ;
#2939 = LINE ( 'NONE', #6225, #2627 ) ;
#2940 = DIRECTION ( 'NONE',  ( 0.000000000000000000, 1.000000000000000000, 0.000000000000000000 ) ) ;
#2941 = EDGE_LOOP ( 'NONE', ( #814, #4613, #3874, #1949 ) ) ;
#2942 = CARTESIAN_POINT ( 'NONE',  ( 184.3164905826809843, 0.6291283215618318492, -77.53006112620545309 ) ) ;
#2943 = VECTOR ( 'NONE', #388, 1000.000000000000000 ) ;
#2944 = ADVANCED_FACE ( 'NONE', ( #4691 ), #260, .F. ) ;
#2945 = EDGE_LOOP ( 'NONE', ( #2352, #436, #3530, #4630 ) ) ;
#2946 = VERTEX_POINT ( 'NONE', #6237 ) ;
#2947 = DIRECTION ( 'NONE',  ( -6.378601426329706152E-17, -5.352281928482944175E-17, 1.000000000000000000 ) ) ;
#2948 = ORIENTED_EDGE ( 'NONE', *, *, #6145, .T. ) ;
#2949 = CARTESIAN_POINT ( 'NONE',  ( 159.8603905419435023, -1.090107284262031406, -287.9999999999997158 ) ) ;
#2950 = ORIENTED_EDGE ( 'NONE', *, *, #5823, .T. ) ;
#2951 = DIRECTION ( 'NONE',  ( -6.378601426329706152E-17, -5.352281928482944175E-17, 1.000000000000000000 ) ) ;
#2952 = PLANE ( 'NONE',  #3788 ) ;
#2953 = DIRECTION ( 'NONE',  ( 0.7660444535136902156, 0.6427875972986035746, 0.000000000000000000 ) ) ;
#2954 = PLANE ( 'NONE',  #4360 ) ;
#2955 = ORIENTED_EDGE ( 'NONE', *, *, #5277, .F. ) ;
#2956 = CARTESIAN_POINT ( 'NONE',  ( -0.01967624726082736406, -0.3235909649902000695, -0.000000000000000000 ) ) ;
#2957 = ORIENTED_EDGE ( 'NONE', *, *, #3244, .T. ) ;
#2958 = ADVANCED_FACE ( 'NONE', ( #707 ), #2651, .T. ) ;
#2959 = LINE ( 'NONE', #64, #3444 ) ;
#2960 = PLANE ( 'NONE',  #1687 ) ;
#2961 = PLANE ( 'NONE',  #5880 ) ;
#2962 = DIRECTION ( 'NONE',  ( 0.4545194689124497089, -0.5416752277698725360, 0.7071067811865484609 ) ) ;
#2963 = CARTESIAN_POINT ( 'NONE',  ( 154.7636551171322878, -0.7769488897788283666, -45.00000000000000711 ) ) ;
#2964 = VERTEX_POINT ( 'NONE', #1753 ) ;
#2965 = CARTESIAN_POINT ( 'NONE',  ( 71.54056168549112726, -2.405780574064735777, -519.0000000000001137 ) ) ;
#2966 = CARTESIAN_POINT ( 'NONE',  ( 152.0777421034210590, -1.165244497598704854, -207.3857090794443252 ) ) ;
#2967 = FACE_OUTER_BOUND ( 'NONE', #3729, .T. ) ;
#2968 = DIRECTION ( 'NONE',  ( 0.7660444535136902156, 0.6427875972986035746, 0.000000000000000000 ) ) ;
#2969 = ORIENTED_EDGE ( 'NONE', *, *, #994, .T. ) ;
#2970 = EDGE_CURVE ( 'NONE', #1820, #6178, #5781, .T. ) ;
#2971 = DIRECTION ( 'NONE',  ( 8.796262431460665264E-49, -1.048297769837185521E-48, -1.000000000000000000 ) ) ;
#2972 = ORIENTED_EDGE ( 'NONE', *, *, #3736, .T. ) ;
#2973 = ORIENTED_EDGE ( 'NONE', *, *, #5942, .T. ) ;
#2974 = ORIENTED_EDGE ( 'NONE', *, *, #263, .T. ) ;
#2975 = VECTOR ( 'NONE', #2011, 1000.000000000000000 ) ;
#2976 = EDGE_CURVE ( 'NONE', #4178, #3041, #2684, .T. ) ;
#2977 = DIRECTION ( 'NONE',  ( -0.6427875972986037967, 0.7660444535136899935, 0.000000000000000000 ) ) ;
#2978 = VERTEX_POINT ( 'NONE', #2264 ) ;
#2979 = CARTESIAN_POINT ( 'NONE',  ( 184.3164905826809559, -0.1919652813655193246, -148.2049083106855107 ) ) ;
#2980 = EDGE_CURVE ( 'NONE', #4239, #2501, #2169, .T. ) ;
#2981 = ORIENTED_EDGE ( 'NONE', *, *, #1881, .F. ) ;
#2982 = ADVANCED_FACE ( 'NONE', ( #1722 ), #5172, .T. ) ;
#2983 = CARTESIAN_POINT ( 'NONE',  ( 146.5281689998066099, 5.448479403202886040, -53.77894174285809470 ) ) ;
#2984 = DIRECTION ( 'NONE',  ( 0.4545194689124502085, -0.5416752277698729801, -0.7071067811865477948 ) ) ;
#2985 = CARTESIAN_POINT ( 'NONE',  ( 0.000000000000000000, 0.000000000000000000, -163.0000000000000000 ) ) ;
#2986 = DIRECTION ( 'NONE',  ( 0.6427875972986033526, -0.7660444535136903266, 0.000000000000000000 ) ) ;
#2987 = EDGE_LOOP ( 'NONE', ( #1050, #5888, #5149, #5574, #1043, #2611, #335, #4664, #3223 ) ) ;
#2988 = CARTESIAN_POINT ( 'NONE',  ( 2.401864739266759141, -3.298481670053738934, 0.000000000000000000 ) ) ;
#2989 = VERTEX_POINT ( 'NONE', #6204 ) ;
#2990 = CARTESIAN_POINT ( 'NONE',  ( 88.66911395920068628, 74.40221837649805536, -119.4538633601287501 ) ) ;
#2991 = CARTESIAN_POINT ( 'NONE',  ( 154.7820051150426934, -1.276612049175360974, -53.51967277928765299 ) ) ;
#2992 = LINE ( 'NONE', #5974, #3765 ) ;
#2993 = FILL_AREA_STYLE_COLOUR ( '', #5667 ) ;
#2994 = CARTESIAN_POINT ( 'NONE',  ( 90.20120286622807271, 75.68779357109528405, -132.2087869762735579 ) ) ;
#2995 = DIRECTION ( 'NONE',  ( 0.9993263274973519517, 0.03670001594897783631, 0.000000000000000000 ) ) ;
#2996 = EDGE_LOOP ( 'NONE', ( #4700, #1675, #1778, #5274 ) ) ;
#2997 = VECTOR ( 'NONE', #1163, 1000.000000000000000 ) ;
#2998 = CARTESIAN_POINT ( 'NONE',  ( 71.41261912768368347, 2.745488383284409917, -519.0000000000021600 ) ) ;
#2999 = DIRECTION ( 'NONE',  ( 0.000000000000000000, 0.000000000000000000, -1.000000000000000000 ) ) ;
#3000 = CARTESIAN_POINT ( 'NONE',  ( 146.5281689998066668, 5.448479403202855842, -194.6307854632994179 ) ) ;
#3001 = DIRECTION ( 'NONE',  ( 0.7660444535136902156, 0.6427875972986035746, 0.000000000000000000 ) ) ;
#3002 = ORIENTED_EDGE ( 'NONE', *, *, #4052, .T. ) ;
#3003 = VECTOR ( 'NONE', #816, 1000.000000000000114 ) ;
#3004 = DIRECTION ( 'NONE',  ( 0.000000000000000000, -1.000000000000000000, 4.925406943806873377E-15 ) ) ;
#3005 = ORIENTED_EDGE ( 'NONE', *, *, #5603, .T. ) ;
#3006 = ORIENTED_EDGE ( 'NONE', *, *, #3666, .T. ) ;
#3007 = ORIENTED_EDGE ( 'NONE', *, *, #5948, .T. ) ;
#3008 = AXIS2_PLACEMENT_3D ( 'NONE', #873, #2329, #2923 ) ;
#3009 = EDGE_CURVE ( 'NONE', #4157, #3476, #1785, .T. ) ;
#3010 = FACE_BOUND ( 'NONE', #558, .T. ) ;
#3011 = EDGE_LOOP ( 'NONE', ( #1461, #1925, #1420, #4082 ) ) ;
#3012 = CARTESIAN_POINT ( 'NONE',  ( 184.3164905826809559, -0.1919653344284653063, -134.8032722071236833 ) ) ;
#3013 = ADVANCED_FACE ( 'NONE', ( #6108 ), #5723, .F. ) ;
#3014 = VECTOR ( 'NONE', #181, 1000.000000000000000 ) ;
#3015 = FACE_BOUND ( 'NONE', #3877, .T. ) ;
#3016 = AXIS2_PLACEMENT_3D ( 'NONE', #3773, #1801, #2251 ) ;
#3017 = LINE ( 'NONE', #2890, #5122 ) ;
#3018 = CARTESIAN_POINT ( 'NONE',  ( 184.3164905826809843, -0.1919658050646005920, -2.000000000000000000 ) ) ;
#3019 = CARTESIAN_POINT ( 'NONE',  ( 146.5542065578149504, 8.528896762570282064, -159.2939901910523588 ) ) ;
#3020 = ORIENTED_EDGE ( 'NONE', *, *, #6272, .T. ) ;
#3021 = CARTESIAN_POINT ( 'NONE',  ( 0.1908648120222380395, -1.166401211495514678, 0.000000000000000000 ) ) ;
#3022 = EDGE_CURVE ( 'NONE', #1550, #6066, #5237, .T. ) ;
#3023 = VERTEX_POINT ( 'NONE', #1249 ) ;
#3024 = CARTESIAN_POINT ( 'NONE',  ( 161.1163561258059929, 5.541463347774853609, -519.0000000000001137 ) ) ;
#3025 = LINE ( 'NONE', #3514, #4276 ) ;
#3026 = PLANE ( 'NONE',  #6029 ) ;
#3027 = DIRECTION ( 'NONE',  ( 0.4545194689124502085, -0.5416752277698733131, 0.7071067811865476838 ) ) ;
#3028 = CARTESIAN_POINT ( 'NONE',  ( 152.0777421034211159, -1.165244497598718620, -203.2643887358846655 ) ) ;
#3029 = DIRECTION ( 'NONE',  ( 0.9993263278466425481, 0.03670000643793510514, 0.000000000000000000 ) ) ;
#3030 = VECTOR ( 'NONE', #4598, 1000.000000000000114 ) ;
#3031 = VERTEX_POINT ( 'NONE', #842 ) ;
#3032 = AXIS2_PLACEMENT_3D ( 'NONE', #3832, #3366, #6313 ) ;
#3033 = CARTESIAN_POINT ( 'NONE',  ( 138.8677451556111748, 8.994700075687866558, -519.0000000000005684 ) ) ;
#3034 = FACE_OUTER_BOUND ( 'NONE', #1735, .T. ) ;
#3035 = CARTESIAN_POINT ( 'NONE',  ( 153.6098310104484597, 0.1203306969984833247, -179.8757090794443059 ) ) ;
#3036 = CARTESIAN_POINT ( 'NONE',  ( 153.6098310104484881, 0.1203306969984607733, 9.804599309964982597E-15 ) ) ;
#3037 = VERTEX_POINT ( 'NONE', #774 ) ;
#3038 = ORIENTED_EDGE ( 'NONE', *, *, #5430, .T. ) ;
#3039 = EDGE_CURVE ( 'NONE', #5263, #3286, #4752, .T. ) ;
#3040 = ORIENTED_EDGE ( 'NONE', *, *, #4805, .T. ) ;
#3041 = VERTEX_POINT ( 'NONE', #3910 ) ;
#3042 = FACE_BOUND ( 'NONE', #5200, .T. ) ;
#3043 = ORIENTED_EDGE ( 'NONE', *, *, #1846, .F. ) ;
#3044 = ADVANCED_FACE ( 'NONE', ( #3416 ), #6300, .T. ) ;
#3045 = DIRECTION ( 'NONE',  ( 0.6427875972986035746, -0.7660444535136903266, 0.000000000000000000 ) ) ;
#3046 = ADVANCED_FACE ( 'NONE', ( #1907 ), #2448, .T. ) ;
#3047 = PLANE ( 'NONE',  #3858 ) ;
#3048 = CARTESIAN_POINT ( 'NONE',  ( 152.0777421034210590, -1.165244497598670215, -244.3261105482872608 ) ) ;
#3049 = CARTESIAN_POINT ( 'NONE',  ( 184.3164905826809843, -0.1919654653204256323, -100.1469938873790539 ) ) ;
#3050 = ADVANCED_FACE ( 'NONE', ( #5844 ), #6332, .T. ) ;
#3051 = CARTESIAN_POINT ( 'NONE',  ( 183.5614778985513738, 0.8071992672705973204, -285.9999999999998863 ) ) ;
#3052 = ORIENTED_EDGE ( 'NONE', *, *, #1268, .T. ) ;
#3053 = CARTESIAN_POINT ( 'NONE',  ( 116.4207528071358695, 10.69291588430391293, -518.9999999999998863 ) ) ;
#3054 = ORIENTED_EDGE ( 'NONE', *, *, #804, .F. ) ;
#3055 = LINE ( 'NONE', #4068, #5297 ) ;
#3056 = LINE ( 'NONE', #5494, #802 ) ;
#3057 = PLANE ( 'NONE',  #1004 ) ;
#3058 = CARTESIAN_POINT ( 'NONE',  ( 184.3164905826809843, 0.3083714254295336077, -48.00000000000000000 ) ) ;
#3059 = DIRECTION ( 'NONE',  ( 0.7660444535136902156, 0.6427875972986035746, 0.000000000000000000 ) ) ;
#3060 = EDGE_LOOP ( 'NONE', ( #2974, #3454, #3566, #4098 ) ) ;
#3061 = EDGE_CURVE ( 'NONE', #4912, #4319, #4875, .T. ) ;
#3062 = ADVANCED_FACE ( 'NONE', ( #4788 ), #391, .F. ) ;
#3063 = CARTESIAN_POINT ( 'NONE',  ( 46.01172133595713376, 16.48707252421954195, 0.000000000000000000 ) ) ;
#3064 = CARTESIAN_POINT ( 'NONE',  ( 148.0602579068340106, 6.734054597800090747, 9.804599309964982597E-15 ) ) ;
#3065 = FACE_BOUND ( 'NONE', #3154, .T. ) ;
#3066 = PLANE ( 'NONE',  #394 ) ;
#3067 = VERTEX_POINT ( 'NONE', #5298 ) ;
#3068 = ORIENTED_EDGE ( 'NONE', *, *, #415, .F. ) ;
#3069 = B_SPLINE_CURVE_WITH_KNOTS ( 'NONE', 3,
 ( #4485, #4937, #89, #4063, #1595, #3049, #4547 ),
 .UNSPECIFIED., .F., .F.,
 ( 4, 3, 4 ),
 ( 0.000000000000000000, 0.002559018337862873239, 0.002999999999999988787 ),
 .UNSPECIFIED. ) ;
#3070 = EDGE_CURVE ( 'NONE', #4835, #6266, #961, .T. ) ;
#3071 = EDGE_LOOP ( 'NONE', ( #1074, #353, #165, #1637 ) ) ;
#3072 = ORIENTED_EDGE ( 'NONE', *, *, #3906, .T. ) ;
#3073 = EDGE_CURVE ( 'NONE', #5508, #4400, #3882, .T. ) ;
#3074 = FACE_BOUND ( 'NONE', #191, .T. ) ;
#3075 = ORIENTED_EDGE ( 'NONE', *, *, #5350, .T. ) ;
#3076 = DIRECTION ( 'NONE',  ( 0.4545194689124509857, -0.5416752277698740903, -0.7071067811865465735 ) ) ;
#3077 = AXIS2_PLACEMENT_3D ( 'NONE', #4423, #2867, #3940 ) ;
#3078 = CARTESIAN_POINT ( 'NONE',  ( 153.6098310104484312, 0.1203306969985301622, 9.804599309964982597E-15 ) ) ;
#3079 = CARTESIAN_POINT ( 'NONE',  ( 146.5281689998066383, 5.448479403202897586, -278.4697138208725278 ) ) ;
#3080 = CARTESIAN_POINT ( 'NONE',  ( 0.2369444771655822013, -6.451902770105788498, -48.00000000000000000 ) ) ;
#3081 = CARTESIAN_POINT ( 'NONE',  ( 149.4238163135713648, 5.109028914490471251, -53.77894174285808759 ) ) ;
#3082 = DIRECTION ( 'NONE',  ( 1.000000000000000000, 0.000000000000000000, 0.000000000000000000 ) ) ;
#3083 = ORIENTED_EDGE ( 'NONE', *, *, #4999, .F. ) ;
#3084 = CARTESIAN_POINT ( 'NONE',  ( 11.65430740414862854, 9.293704109497070931, 0.000000000000000000 ) ) ;
#3085 = ORIENTED_EDGE ( 'NONE', *, *, #4242, .T. ) ;
#3086 = MECHANICAL_DESIGN_GEOMETRIC_PRESENTATION_REPRESENTATION (  '', ( #5866 ), #5059 ) ;
#3087 = DIRECTION ( 'NONE',  ( 0.7660444535136902156, 0.6427875972986035746, 0.000000000000000000 ) ) ;
#3088 = CARTESIAN_POINT ( 'NONE',  ( 146.5281689998066383, 5.448479403202897586, -278.4697138208725278 ) ) ;
#3089 = CARTESIAN_POINT ( 'NONE',  ( 152.0777421034210590, -1.165244497598718620, -29.90350210597731717 ) ) ;
#3090 = ADVANCED_FACE ( 'NONE', ( #2893 ), #29, .F. ) ;
#3091 =( NAMED_UNIT ( * ) SI_UNIT ( $, .STERADIAN. ) SOLID_ANGLE_UNIT ( ) );
#3092 = DIRECTION ( 'NONE',  ( 0.6427875972986035746, -0.7660444535136902156, 6.018531076210112041E-33 ) ) ;
#3093 = DIRECTION ( 'NONE',  ( 0.6427875972986036857, -0.7660444535136901045, -8.037077550158748476E-16 ) ) ;
#3094 = EDGE_LOOP ( 'NONE', ( #3928, #3972, #5767, #5164 ) ) ;
#3095 = CARTESIAN_POINT ( 'NONE',  ( 78.39434029336256060, 6.495011661304368467, -518.9999999999992042 ) ) ;
#3096 = PLANE ( 'NONE',  #4766 ) ;
#3097 = DIRECTION ( 'NONE',  ( 0.7660444535136902156, 0.6427875972986035746, 0.000000000000000000 ) ) ;
#3098 = CARTESIAN_POINT ( 'NONE',  ( 184.3164905826809843, 0.6290155530310499454, -161.0000000000000000 ) ) ;
#3099 = EDGE_CURVE ( 'NONE', #5102, #432, #4389, .T. ) ;
#3100 = ORIENTED_EDGE ( 'NONE', *, *, #1933, .F. ) ;
#3101 = VECTOR ( 'NONE', #6174, 1000.000000000000000 ) ;
#3102 = EDGE_LOOP ( 'NONE', ( #2163, #4672, #4489, #2802 ) ) ;
#3103 = ORIENTED_EDGE ( 'NONE', *, *, #4958, .F. ) ;
#3104 = EDGE_CURVE ( 'NONE', #4770, #5969, #3320, .T. ) ;
#3105 = VECTOR ( 'NONE', #5287, 1000.000000000000000 ) ;
#3106 = FACE_OUTER_BOUND ( 'NONE', #3990, .T. ) ;
#3107 = ORIENTED_EDGE ( 'NONE', *, *, #5565, .T. ) ;
#3108 = VECTOR ( 'NONE', #739, 1000.000000000000000 ) ;
#3109 = CARTESIAN_POINT ( 'NONE',  ( 184.3164905826810127, 0.6291952295320842881, -14.79509168930875163 ) ) ;
#3110 = VECTOR ( 'NONE', #5582, 1000.000000000000000 ) ;
#3111 = CARTESIAN_POINT ( 'NONE',  ( 153.6098310104484597, 0.1203306969984885288, 9.804599309964982597E-15 ) ) ;
#3112 = CARTESIAN_POINT ( 'NONE',  ( 149.9762782248890289, 1.339182711598097431, -95.37701804350224677 ) ) ;
#3113 = CARTESIAN_POINT ( 'NONE',  ( 184.3164905826809843, -0.1919652221612422049, -158.0000000000000000 ) ) ;
#3114 = CARTESIAN_POINT ( 'NONE',  ( 184.3164905826809843, -6.647825509190094628, -286.0000000000000568 ) ) ;
#3115 = CARTESIAN_POINT ( 'NONE',  ( 152.0777421034211159, -1.165244497598718620, -240.2047902047276295 ) ) ;
#3116 = EDGE_LOOP ( 'NONE', ( #666, #3172, #4221, #157 ) ) ;
#3117 = CARTESIAN_POINT ( 'NONE',  ( 71.07027657719348213, 2.424663669806871091, -518.9999999999985221 ) ) ;
#3118 = ORIENTED_EDGE ( 'NONE', *, *, #3869, .F. ) ;
#3119 = EDGE_LOOP ( 'NONE', ( #3432, #4955, #5231 ) ) ;
#3120 = LINE ( 'NONE', #5069, #576 ) ;
#3121 = CARTESIAN_POINT ( 'NONE',  ( 0.000000000000000000, 0.000000000000000000, -226.0000000000000000 ) ) ;
#3122 = DIRECTION ( 'NONE',  ( 0.000000000000000000, 0.000000000000000000, -1.000000000000000000 ) ) ;
#3123 = PRODUCT_CONTEXT ( 'NONE', #202, 'mechanical' ) ;
#3124 = CARTESIAN_POINT ( 'NONE',  ( 0.000000000000000000, 0.000000000000000000, -158.0000000000000000 ) ) ;
#3125 = LINE ( 'NONE', #1723, #494 ) ;
#3126 = EDGE_CURVE ( 'NONE', #2150, #4283, #1468, .T. ) ;
#3127 = ORIENTED_EDGE ( 'NONE', *, *, #4900, .F. ) ;
#3128 = ADVANCED_FACE ( 'NONE', ( #4844 ), #991, .F. ) ;
#3129 = EDGE_CURVE ( 'NONE', #1501, #5673, #4910, .T. ) ;
#3130 = CARTESIAN_POINT ( 'NONE',  ( 116.4207528071358695, 10.69291588430391293, -518.9999999999998863 ) ) ;
#3131 = AXIS2_PLACEMENT_3D ( 'NONE', #4043, #583, #6 ) ;
#3132 = FACE_OUTER_BOUND ( 'NONE', #1761, .T. ) ;
#3133 = DIRECTION ( 'NONE',  ( 6.378601426329706152E-17, 5.352281928482944175E-17, -1.000000000000000000 ) ) ;
#3134 = EDGE_CURVE ( 'NONE', #337, #4177, #4299, .T. ) ;
#3135 = CARTESIAN_POINT ( 'NONE',  ( 146.5281689998066099, 5.448479403202883375, 9.804599309964982597E-15 ) ) ;
#3136 = ORIENTED_EDGE ( 'NONE', *, *, #5607, .T. ) ;
#3137 = VECTOR ( 'NONE', #4857, 1000.000000000000000 ) ;
#3138 = EDGE_CURVE ( 'NONE', #5921, #2300, #1845, .T. ) ;
#3139 = VECTOR ( 'NONE', #2285, 1000.000000000000000 ) ;
#3140 = ORIENTED_EDGE ( 'NONE', *, *, #960, .T. ) ;
#3141 = ORIENTED_EDGE ( 'NONE', *, *, #6116, .T. ) ;
#3142 = FACE_OUTER_BOUND ( 'NONE', #2247, .T. ) ;
#3143 = ORIENTED_EDGE ( 'NONE', *, *, #4457, .T. ) ;
#3144 = FACE_OUTER_BOUND ( 'NONE', #19, .T. ) ;
#3145 = EDGE_CURVE ( 'NONE', #731, #5662, #6242, .T. ) ;
#3146 = CARTESIAN_POINT ( 'NONE',  ( 85.53318235361022914, -3.585490271141727359, -518.9999999999997726 ) ) ;
#3147 = CARTESIAN_POINT ( 'NONE',  ( 146.6167584216519231, 8.454350351670878894, -214.6169489642920780 ) ) ;
#3148 = CARTESIAN_POINT ( 'NONE',  ( 114.8619812395343729, 43.18677366965380315, 40.74886851933005971 ) ) ;
#3149 = CARTESIAN_POINT ( 'NONE',  ( 114.8619812395343729, 43.18677366965380315, 40.74886851933005971 ) ) ;
#3150 = FACE_BOUND ( 'NONE', #3866, .T. ) ;
#3151 = ORIENTED_EDGE ( 'NONE', *, *, #3070, .F. ) ;
#3152 = CARTESIAN_POINT ( 'NONE',  ( 72.13026140542611131, 3.349874781402656598, -519.0000000000018190 ) ) ;
#3153 = VERTEX_POINT ( 'NONE', #120 ) ;
#3154 = EDGE_LOOP ( 'NONE', ( #2205, #688, #3668 ) ) ;
#3155 = VECTOR ( 'NONE', #357, 1000.000000000000114 ) ;
#3156 = CARTESIAN_POINT ( 'NONE',  ( 152.0777421034210590, -1.165244497598677098, -44.77974606568174920 ) ) ;
#3157 = B_SPLINE_CURVE_WITH_KNOTS ( 'NONE', 3,
 ( #5186, #5152, #2728, #1298 ),
 .UNSPECIFIED., .F., .F.,
 ( 4, 4 ),
 ( 0.4450867052023121939, 1.000000000000000000 ),
 .UNSPECIFIED. ) ;
#3158 = LINE ( 'NONE', #2100, #1828 ) ;
#3159 = DIRECTION ( 'NONE',  ( 1.000000000000000000, 0.000000000000000000, 0.000000000000000000 ) ) ;
#3160 = VECTOR ( 'NONE', #671, 1000.000000000000000 ) ;
#3161 = APPLICATION_PROTOCOL_DEFINITION ( 'draft international standard', 'automotive_design', 1998, #202 ) ;
#3162 = CARTESIAN_POINT ( 'NONE',  ( 152.0777421034210874, -1.165244497598704854, -269.8361105482872517 ) ) ;
#3163 = EDGE_CURVE ( 'NONE', #2576, #6355, #5004, .T. ) ;
#3164 = LINE ( 'NONE', #3588, #1804 ) ;
#3165 = ORIENTED_EDGE ( 'NONE', *, *, #213, .F. ) ;
#3166 = CARTESIAN_POINT ( 'NONE',  ( 84.68811517332309791, 8.362377901042883366, -519.0000000000006821 ) ) ;
#3167 = CARTESIAN_POINT ( 'NONE',  ( 154.7820052833510545, -1.276612249757582918, -2.000000000000027534 ) ) ;
#3168 = CARTESIAN_POINT ( 'NONE',  ( 90.20120286622807271, 75.68779357109528405, -181.8757090794443059 ) ) ;
#3169 = CARTESIAN_POINT ( 'NONE',  ( 184.3164905826810127, 0.6290376071093158883, -146.5983638964366946 ) ) ;
#3170 = ORIENTED_EDGE ( 'NONE', *, *, #5639, .T. ) ;
#3171 = ORIENTED_EDGE ( 'NONE', *, *, #1194, .F. ) ;
#3172 = ORIENTED_EDGE ( 'NONE', *, *, #5282, .F. ) ;
#3173 = EDGE_CURVE ( 'NONE', #2260, #4601, #1056, .T. ) ;
#3174 = CARTESIAN_POINT ( 'NONE',  ( 184.3164905826809843, -0.1919654779424727342, -96.73496943689518446 ) ) ;
#3175 = VERTEX_POINT ( 'NONE', #4064 ) ;
#3176 = DIRECTION ( 'NONE',  ( 0.000000000000000000, -0.7938448021158673873, 0.6081204076115348522 ) ) ;
#3177 = CARTESIAN_POINT ( 'NONE',  ( 186.7041226456699974, -0.1042727308837781419, 0.000000000000000000 ) ) ;
#3178 = PLANE ( 'NONE',  #42 ) ;
#3179 = DIRECTION ( 'NONE',  ( 0.6427875972986035746, -0.7660444535136903266, 0.000000000000000000 ) ) ;
#3180 = CARTESIAN_POINT ( 'NONE',  ( 88.66911395920068628, 74.40221837649806957, -146.9638633601287552 ) ) ;
#3181 = CARTESIAN_POINT ( 'NONE',  ( 184.3164905826809843, -6.647825509190094628, -161.0000000000000000 ) ) ;
#3183 = ORIENTED_EDGE ( 'NONE', *, *, #3104, .T. ) ;
#3182 = CARTESIAN_POINT ( 'NONE',  ( 172.0226883892201499, 3.444923865047519573, -226.0000000000000284 ) ) ;
#3184 = EDGE_CURVE ( 'NONE', #593, #5682, #3386, .T. ) ;
#3185 = CARTESIAN_POINT ( 'NONE',  ( 108.9147676312087754, 10.72864558725206230, -519.0000000000003411 ) ) ;
#3186 = ORIENTED_EDGE ( 'NONE', *, *, #2585, .F. ) ;
#3187 = VERTEX_POINT ( 'NONE', #1529 ) ;
#3188 = EDGE_CURVE ( 'NONE', #1334, #850, #2573, .T. ) ;
#3189 = DIRECTION ( 'NONE',  ( 0.000000000000000000, 0.7938448021158680534, 0.6081204076115339641 ) ) ;
#3190 = VECTOR ( 'NONE', #5498, 1000.000000000000000 ) ;
#3191 = LINE ( 'NONE', #6138, #2341 ) ;
#3192 = CARTESIAN_POINT ( 'NONE',  ( 152.0777421034211159, -1.165244497598704854, -257.0811869321423728 ) ) ;
#3193 = PLANE ( 'NONE',  #3196 ) ;
#3194 = CARTESIAN_POINT ( 'NONE',  ( 184.3164905826809559, 0.6290942038936987446, -105.0000000000000284 ) ) ;
#3195 = DIRECTION ( 'NONE',  ( 1.000000000000000000, 0.000000000000000000, 0.000000000000000000 ) ) ;
#3196 = AXIS2_PLACEMENT_3D ( 'NONE', #3586, #6043, #2139 ) ;
#3197 = ORIENTED_EDGE ( 'NONE', *, *, #5090, .F. ) ;
#3198 = CARTESIAN_POINT ( 'NONE',  ( 128.1172092340753181, 11.85294538704665612, 0.000000000000000000 ) ) ;
#3199 = VECTOR ( 'NONE', #1901, 1000.000000000000000 ) ;
#3200 = DIRECTION ( 'NONE',  ( 0.000000000000000000, 0.7938448021158682755, 0.6081204076115337420 ) ) ;
#3201 = FACE_OUTER_BOUND ( 'NONE', #3222, .T. ) ;
#3202 = CARTESIAN_POINT ( 'NONE',  ( 184.3164905826809559, 0.6290931077773898039, -105.8530061126203066 ) ) ;
#3203 = VERTEX_POINT ( 'NONE', #3475 ) ;
#3204 = ORIENTED_EDGE ( 'NONE', *, *, #1848, .T. ) ;
#3205 = ORIENTED_EDGE ( 'NONE', *, *, #4013, .F. ) ;
#3206 = VECTOR ( 'NONE', #6170, 1000.000000000000000 ) ;
#3207 = CARTESIAN_POINT ( 'NONE',  ( 148.0602579068340390, 6.734054597800102293, -233.6925072757019848 ) ) ;
#3208 = ORIENTED_EDGE ( 'NONE', *, *, #1727, .T. ) ;
#3209 = CARTESIAN_POINT ( 'NONE',  ( 180.3592419614162452, -31.75837695054210741, -140.2610123065356902 ) ) ;
#3210 = VERTEX_POINT ( 'NONE', #4000 ) ;
#3211 = VECTOR ( 'NONE', #3431, 1000.000000000000000 ) ;
#3212 = CARTESIAN_POINT ( 'NONE',  ( 165.5492565146905690, -0.8811844440370502074, -519.0000000000001137 ) ) ;
#3213 = EDGE_CURVE ( 'NONE', #1269, #1902, #808, .T. ) ;
#3214 = DIRECTION ( 'NONE',  ( 0.7660444535136902156, 0.6427875972986035746, 0.000000000000000000 ) ) ;
#3215 = DIRECTION ( 'NONE',  ( 0.9730344131650563444, -0.2306599895875627027, 0.000000000000000000 ) ) ;
#3216 = FACE_OUTER_BOUND ( 'NONE', #468, .T. ) ;
#3217 = DIRECTION ( 'NONE',  ( 0.7660444535136902156, 0.6427875972986035746, 0.000000000000000000 ) ) ;
#3219 = ORIENTED_EDGE ( 'NONE', *, *, #11, .T. ) ;
#3218 = DIRECTION ( 'NONE',  ( 1.000000000000000000, 0.000000000000000000, 0.000000000000000000 ) ) ;
#3220 = EDGE_CURVE ( 'NONE', #4400, #3443, #3545, .T. ) ;
#3221 = CARTESIAN_POINT ( 'NONE',  ( 153.6098310104484597, 0.1203306969985371011, -244.3261105482872608 ) ) ;
#3222 = EDGE_LOOP ( 'NONE', ( #311, #3219, #1455, #851 ) ) ;
#3223 = ORIENTED_EDGE ( 'NONE', *, *, #4214, .F. ) ;
#3224 = DIRECTION ( 'NONE',  ( -0.6427875972986036857, 0.7660444535136901045, 1.607415510031757189E-15 ) ) ;
#3225 = DIRECTION ( 'NONE',  ( 0.000000000000000000, 0.000000000000000000, -1.000000000000000000 ) ) ;
#3226 = VECTOR ( 'NONE', #6260, 1000.000000000000114 ) ;
#3227 = LINE ( 'NONE', #5722, #4860 ) ;
#3228 = ADVANCED_FACE ( 'NONE', ( #607 ), #2954, .F. ) ;
#3229 = DIRECTION ( 'NONE',  ( 0.6427875972986036857, -0.7660444535136901045, 0.000000000000000000 ) ) ;
#3230 = LINE ( 'NONE', #4692, #3404 ) ;
#3231 = ORIENTED_EDGE ( 'NONE', *, *, #3073, .F. ) ;
#3232 = CARTESIAN_POINT ( 'NONE',  ( 146.4902194667365904, 8.605153610746928194, -97.02896420149478729 ) ) ;
#3233 = LINE ( 'NONE', #6249, #6081 ) ;
#3234 = DIRECTION ( 'NONE',  ( 0.7660444535136902156, 0.6427875972986035746, 0.000000000000000000 ) ) ;
#3235 = EDGE_CURVE ( 'NONE', #5684, #6355, #2513, .T. ) ;
#3236 = VERTEX_POINT ( 'NONE', #2545 ) ;
#3237 = VERTEX_POINT ( 'NONE', #5968 ) ;
#3238 = VERTEX_POINT ( 'NONE', #5065 ) ;
#3239 = VECTOR ( 'NONE', #3515, 1000.000000000000114 ) ;
#3240 = CARTESIAN_POINT ( 'NONE',  ( 184.3164905826810411, -0.1919655018532048230, -90.20490831068552495 ) ) ;
#3241 = ORIENTED_EDGE ( 'NONE', *, *, #6015, .T. ) ;
#3242 = CARTESIAN_POINT ( 'NONE',  ( 154.7820050803711922, -1.276612007855474573, -161.0000000000000000 ) ) ;
#3243 = VECTOR ( 'NONE', #5946, 1000.000000000000000 ) ;
#3244 = EDGE_CURVE ( 'NONE', #1311, #3433, #1563, .T. ) ;
#3245 = ORIENTED_EDGE ( 'NONE', *, *, #213, .T. ) ;
#3246 = CARTESIAN_POINT ( 'NONE',  ( 85.30337629867968019, -3.829177956191700538, 0.000000000000000000 ) ) ;
#3247 = CARTESIAN_POINT ( 'NONE',  ( 184.3164905826809559, -0.1919647385012873408, -273.2049083106854255 ) ) ;
#3248 = DIRECTION ( 'NONE',  ( -0.4545194689124505971, 0.5416752277698736462, -0.7071067811865470176 ) ) ;
#3249 = ADVANCED_FACE ( 'NONE', ( #4580 ), #186, .F. ) ;
#3250 = LINE ( 'NONE', #1338, #6143 ) ;
#3251 = CARTESIAN_POINT ( 'NONE',  ( 154.7820052799853272, -1.276612245746334251, -2.853006112620982915 ) ) ;
#3253 = VERTEX_POINT ( 'NONE', #1090 ) ;
#3252 = CARTESIAN_POINT ( 'NONE',  ( 146.5281689998066099, 5.448479403202883375, 9.804599309964982597E-15 ) ) ;
#3254 = LINE ( 'NONE', #1809, #753 ) ;
#3255 = ORIENTED_EDGE ( 'NONE', *, *, #4877, .F. ) ;
#3256 = ORIENTED_EDGE ( 'NONE', *, *, #3727, .T. ) ;
#3257 = EDGE_CURVE ( 'NONE', #2405, #279, #1499, .T. ) ;
#3258 = EDGE_CURVE ( 'NONE', #1725, #2281, #58, .T. ) ;
#3259 = CARTESIAN_POINT ( 'NONE',  ( 146.5281689998066099, 5.448479403202890481, -130.0874666327140687 ) ) ;
#3260 = CARTESIAN_POINT ( 'NONE',  ( 167.7097630868172473, -0.8018428406197853908, -285.9999999999996589 ) ) ;
#3261 = CARTESIAN_POINT ( 'NONE',  ( 88.66911395920067207, 74.40221837649805536, -89.98640020981726195 ) ) ;
#3262 = DIRECTION ( 'NONE',  ( -1.000000000000000000, 0.000000000000000000, 0.000000000000000000 ) ) ;
#3263 = CARTESIAN_POINT ( 'NONE',  ( 149.2971107726042987, -1.478068020277382377, -518.9999999999997726 ) ) ;
#3264 = AXIS2_PLACEMENT_3D ( 'NONE', #5205, #1282, #2137 ) ;
#3265 = ORIENTED_EDGE ( 'NONE', *, *, #2002, .T. ) ;
#3266 = ADVANCED_FACE ( 'NONE', ( #1212, #2226, #4187, #2159, #4678, #5162, #250, #3606, #3150 ), #4219, .T. ) ;
#3267 = PLANE ( 'NONE',  #69 ) ;
#3268 = CARTESIAN_POINT ( 'NONE',  ( 90.20120286622805850, 75.68779357109526984, -75.23147659367238305 ) ) ;
#3269 = LINE ( 'NONE', #5144, #2367 ) ;
#3270 = CARTESIAN_POINT ( 'NONE',  ( 164.0395975403510818, -0.9366301299734204333, -2.000000000000018208 ) ) ;
#3271 = EDGE_CURVE ( 'NONE', #5187, #3402, #5615, .T. ) ;
#3272 = VERTEX_POINT ( 'NONE', #2286 ) ;
#3273 = EDGE_CURVE ( 'NONE', #5385, #1760, #284, .T. ) ;
#3274 = EDGE_LOOP ( 'NONE', ( #1366, #4173, #1390, #1067 ) ) ;
#3275 = CARTESIAN_POINT ( 'NONE',  ( 88.66911395920068628, 74.40221837649806957, -134.2089397439838763 ) ) ;
#3276 = ORIENTED_EDGE ( 'NONE', *, *, #2894, .T. ) ;
#3277 = DIRECTION ( 'NONE',  ( 0.6427875972986036857, -0.7660444535136901045, 0.000000000000000000 ) ) ;
#3278 = EDGE_CURVE ( 'NONE', #5269, #1552, #6094, .T. ) ;
#3279 = ORIENTED_EDGE ( 'NONE', *, *, #333, .F. ) ;
#3280 = CARTESIAN_POINT ( 'NONE',  ( 37.67974063823137953, -5.526428527003967694, 0.000000000000000000 ) ) ;
#3281 = CARTESIAN_POINT ( 'NONE',  ( 143.3164907601397715, 9.276008609284451367, -288.0000000000000000 ) ) ;
#3282 = CARTESIAN_POINT ( 'NONE',  ( 146.5281689998066099, 5.448479403202889593, -119.4538633601287501 ) ) ;
#3283 = CARTESIAN_POINT ( 'NONE',  ( 154.7820052418864805, -1.276612200341903369, -221.0000000000000000 ) ) ;
#3284 = CARTESIAN_POINT ( 'NONE',  ( 158.4245351824822592, -1.142839626283719268, -160.9999999999998863 ) ) ;
#3286 = VERTEX_POINT ( 'NONE', #2768 ) ;
#3285 = DIRECTION ( 'NONE',  ( 0.7660444535136902156, 0.6427875972986035746, 0.000000000000000000 ) ) ;
#3287 = CARTESIAN_POINT ( 'NONE',  ( 185.5847931986703827, 0.3287218245284972418, -519.0000000000000000 ) ) ;
#3288 = ORIENTED_EDGE ( 'NONE', *, *, #4089, .T. ) ;
#3289 = ORIENTED_EDGE ( 'NONE', *, *, #5629, .F. ) ;
#3290 = CARTESIAN_POINT ( 'NONE',  ( 179.9843161330149712, 1.652909291725399576, -2.000000000000018652 ) ) ;
#3291 = DIRECTION ( 'NONE',  ( 0.000000000000000000, 0.000000000000000000, -1.000000000000000000 ) ) ;
#3292 = DIRECTION ( 'NONE',  ( 6.378601426329706152E-17, 5.352281928482944175E-17, -1.000000000000000000 ) ) ;
#3293 = CARTESIAN_POINT ( 'NONE',  ( 0.000000000000000000, 0.000000000000000000, -224.0000000000000000 ) ) ;
#3294 = CARTESIAN_POINT ( 'NONE',  ( 49.58718133787002103, -5.148102930934723709, 0.000000000000000000 ) ) ;
#3295 = CARTESIAN_POINT ( 'NONE',  ( 184.3164905826810127, -0.1919656602728863626, -45.44098166213709078 ) ) ;
#3296 = VECTOR ( 'NONE', #6210, 1000.000000000000000 ) ;
#3297 = CARTESIAN_POINT ( 'NONE',  ( 73.78294131912075215, 92.14286868292120403, -23.15877391325059520 ) ) ;
#3298 = CARTESIAN_POINT ( 'NONE',  ( 144.1213647497586692, 9.130345725114240807, 0.000000000000000000 ) ) ;
#3299 = DIRECTION ( 'NONE',  ( -0.4545194689124502085, 0.5416752277698729801, 0.7071067811865477948 ) ) ;
#3300 = DIRECTION ( 'NONE',  ( 0.000000000000000000, 1.000000000000000000, 0.000000000000000000 ) ) ;
#3301 = EDGE_LOOP ( 'NONE', ( #3255, #6099, #6252, #1152 ) ) ;
#3302 = VERTEX_POINT ( 'NONE', #1177 ) ;
#3303 = EDGE_CURVE ( 'NONE', #2403, #1057, #4712, .T. ) ;
#3304 = FACE_OUTER_BOUND ( 'NONE', #3094, .T. ) ;
#3305 = ORIENTED_EDGE ( 'NONE', *, *, #4314, .T. ) ;
#3306 = LINE ( 'NONE', #3209, #1981 ) ;
#3307 = EDGE_LOOP ( 'NONE', ( #4837, #1084, #4166, #2345 ) ) ;
#3308 = EDGE_CURVE ( 'NONE', #1327, #5719, #3642, .T. ) ;
#3309 = CARTESIAN_POINT ( 'NONE',  ( 153.6098310104484881, 0.1203306969984637015, -205.3857090794443252 ) ) ;
#3310 = LINE ( 'NONE', #6224, #3105 ) ;
#3311 = CARTESIAN_POINT ( 'NONE',  ( 63.24426980890024197, 104.7023687288700415, -39.55403660112847319 ) ) ;
#3312 = ORIENTED_EDGE ( 'NONE', *, *, #2668, .T. ) ;
#3313 = CARTESIAN_POINT ( 'NONE',  ( 146.3076577920556929, 8.000425837600824153, -519.0000000000010232 ) ) ;
#3314 = VERTEX_POINT ( 'NONE', #2674 ) ;
#3315 = VERTEX_POINT ( 'NONE', #3115 ) ;
#3316 = VECTOR ( 'NONE', #619, 1000.000000000000000 ) ;
#3317 = CARTESIAN_POINT ( 'NONE',  ( 184.3164905826809843, -0.1919656514757029087, -48.00000000000000000 ) ) ;
#3318 = CARTESIAN_POINT ( 'NONE',  ( 184.3164905826809559, 0.6289178309910554709, -219.1595900633637086 ) ) ;
#3319 = CARTESIAN_POINT ( 'NONE',  ( 154.7820051188861896, -1.276612053755953768, -50.00000000000000000 ) ) ;
#3320 = LINE ( 'NONE', #1939, #2400 ) ;
#3321 = VECTOR ( 'NONE', #441, 1000.000000000000000 ) ;
#3322 = CARTESIAN_POINT ( 'NONE',  ( 187.2736217652505673, -0.08335546250855434269, -519.0000000000000000 ) ) ;
#3323 = AXIS2_PLACEMENT_3D ( 'NONE', #6162, #4643, #5098 ) ;
#3324 = CARTESIAN_POINT ( 'NONE',  ( 154.3747231386198280, -0.7912322746338774637, -161.0000000000000000 ) ) ;
#3325 = CARTESIAN_POINT ( 'NONE',  ( 146.5281689998066383, 5.448479403202890481, -144.9638633601287552 ) ) ;
#3326 = FACE_BOUND ( 'NONE', #4256, .T. ) ;
#3327 = DIRECTION ( 'NONE',  ( 0.6427875972986036857, -0.7660444535136901045, 0.000000000000000000 ) ) ;
#3328 = ADVANCED_FACE ( 'NONE', ( #1773 ), #3742, .F. ) ;
#3329 = LINE ( 'NONE', #5273, #4075 ) ;
#3330 = VECTOR ( 'NONE', #1184, 1000.000000000000000 ) ;
#3331 = ORIENTED_EDGE ( 'NONE', *, *, #5361, .F. ) ;
#3332 = EDGE_CURVE ( 'NONE', #5864, #3302, #698, .T. ) ;
#3333 = EDGE_CURVE ( 'NONE', #5307, #5640, #797, .T. ) ;
#3334 = EDGE_LOOP ( 'NONE', ( #890, #3054, #5988, #1958 ) ) ;
#3335 = AXIS2_PLACEMENT_3D ( 'NONE', #2422, #1323, #2302 ) ;
#3336 = ADVANCED_FACE ( 'NONE', ( #5650 ), #1241, .T. ) ;
#3337 = EDGE_CURVE ( 'NONE', #3406, #2686, #1307, .T. ) ;
#3338 = CARTESIAN_POINT ( 'NONE',  ( 152.0777421025902072, -1.165244496608476066, -62.41254501415071587 ) ) ;
#3339 = VERTEX_POINT ( 'NONE', #1744 ) ;
#3340 = CARTESIAN_POINT ( 'NONE',  ( 154.7820050332038591, -1.276611951643604081, -107.7060122252419347 ) ) ;
#3341 = EDGE_LOOP ( 'NONE', ( #5322, #799, #4447, #2773 ) ) ;
#3342 = CARTESIAN_POINT ( 'NONE',  ( 143.3164907601397715, 9.276008609284451367, 0.000000000000000000 ) ) ;
#3343 = DIRECTION ( 'NONE',  ( -0.9993263274973512855, -0.03670001594899838931, 0.000000000000000000 ) ) ;
#3344 = VECTOR ( 'NONE', #5506, 1000.000000000000000 ) ;
#3345 = CARTESIAN_POINT ( 'NONE',  ( 146.5281689998066099, 5.448479403202883375, 9.804599309964982597E-15 ) ) ;
#3346 = ORIENTED_EDGE ( 'NONE', *, *, #3009, .T. ) ;
#3347 = FACE_OUTER_BOUND ( 'NONE', #2918, .T. ) ;
#3348 = ORIENTED_EDGE ( 'NONE', *, *, #5405, .T. ) ;
#3349 = EDGE_LOOP ( 'NONE', ( #414, #2697, #4425, #1613 ) ) ;
#3350 = VECTOR ( 'NONE', #209, 1000.000000000000000 ) ;
#3351 = VECTOR ( 'NONE', #1275, 1000.000000000000000 ) ;
#3352 = CARTESIAN_POINT ( 'NONE',  ( 146.6328963843851625, 8.435117875974761148, -228.0869070878738114 ) ) ;
#3353 = CARTESIAN_POINT ( 'NONE',  ( 184.3164905826809559, 0.6289923614859352918, -175.7950916892987436 ) ) ;
#3354 = CARTESIAN_POINT ( 'NONE',  ( 184.3164905826809843, 0.3083716158436000665, -105.0000000000000142 ) ) ;
#3355 = PRODUCT ( 'Mirror\X2\895f7ffc\X0\', 'Mirror\X2\895f7ffc\X0\', '', ( #3123 ) ) ;
#3356 = DIRECTION ( 'NONE',  ( 0.6427875972986036857, -0.7660444535136901045, 0.000000000000000000 ) ) ;
#3357 = CARTESIAN_POINT ( 'NONE',  ( 182.5314947306298166, -0.2575301722529240167, 0.000000000000000000 ) ) ;
#3358 = DIRECTION ( 'NONE',  ( 0.7660444535136902156, 0.6427875972986035746, 0.000000000000000000 ) ) ;
#3359 = CARTESIAN_POINT ( 'NONE',  ( 88.66911395920173788, 74.40221837649681902, -255.0810341644326229 ) ) ;
#3360 = EDGE_CURVE ( 'NONE', #5385, #4289, #219, .T. ) ;
#3361 = FACE_BOUND ( 'NONE', #6281, .T. ) ;
#3362 = PLANE ( 'NONE',  #1457 ) ;
#3363 = DIRECTION ( 'NONE',  ( 0.4545194689124509857, -0.5416752277698740903, -0.7071067811865465735 ) ) ;
#3364 = VERTEX_POINT ( 'NONE', #5227 ) ;
#3365 = ORIENTED_EDGE ( 'NONE', *, *, #3638, .F. ) ;
#3366 = DIRECTION ( 'NONE',  ( -1.000000000000000000, 0.000000000000000000, 0.000000000000000000 ) ) ;
#3367 = ORIENTED_EDGE ( 'NONE', *, *, #5607, .F. ) ;
#3368 = DIRECTION ( 'NONE',  ( 0.6427875972986035746, -0.7660444535136902156, 6.018531076210112041E-33 ) ) ;
#3369 = ORIENTED_EDGE ( 'NONE', *, *, #5563, .F. ) ;
#3370 = EDGE_LOOP ( 'NONE', ( #5457, #2912, #4763, #1810 ) ) ;
#3371 = EDGE_CURVE ( 'NONE', #417, #589, #1274, .T. ) ;
#3372 = UNCERTAINTY_MEASURE_WITH_UNIT (LENGTH_MEASURE( 1.000000000000000082E-05 ), #4102, 'distance_accuracy_value', 'NONE');
#3373 = CARTESIAN_POINT ( 'NONE',  ( 146.5281689998066099, 5.448479403202890481, -155.5974666327140596 ) ) ;
#3374 = CARTESIAN_POINT ( 'NONE',  ( 149.6099980283085245, 7.850330088536134454, -287.9999999999998863 ) ) ;
#3375 = CARTESIAN_POINT ( 'NONE',  ( 154.7820052348155002, -1.276612191915002414, -14.79509168931457452 ) ) ;
#3376 = ORIENTED_EDGE ( 'NONE', *, *, #2105, .T. ) ;
#3377 = DIRECTION ( 'NONE',  ( 0.000000000000000000, 0.000000000000000000, -1.000000000000000000 ) ) ;
#3378 = ORIENTED_EDGE ( 'NONE', *, *, #2935, .F. ) ;
#3379 = ORIENTED_EDGE ( 'NONE', *, *, #4226, .F. ) ;
#3380 = CARTESIAN_POINT ( 'NONE',  ( 154.7820051191189918, -1.276612060095981604, -50.00000000000000000 ) ) ;
#3381 = LINE ( 'NONE', #4720, #2943 ) ;
#3382 = LINE ( 'NONE', #5296, #5996 ) ;
#3383 = CARTESIAN_POINT ( 'NONE',  ( 146.5281689998066099, 5.448479403202883375, 9.804599309964982597E-15 ) ) ;
#3384 = EDGE_CURVE ( 'NONE', #6055, #835, #2090, .T. ) ;
#3385 = CARTESIAN_POINT ( 'NONE',  ( 69.52743368925803225, 0.6651765536073307450, -518.9999999999998863 ) ) ;
#3386 = B_SPLINE_CURVE_WITH_KNOTS ( 'NONE', 3,
 ( #5421, #4032, #3019, #2607, #3578, #2062, #5551, #3971, #2480, #6000 ),
 .UNSPECIFIED., .F., .F.,
 ( 4, 3, 3, 4 ),
 ( 2.775557561562891351E-17, 0.002559018337878709096, 0.01279509169124815222, 0.05600007274844273630 ),
 .UNSPECIFIED. ) ;
#3387 = CARTESIAN_POINT ( 'NONE',  ( 146.5281689998066383, 5.448479403202869165, -269.8361105482872517 ) ) ;
#3388 = CARTESIAN_POINT ( 'NONE',  ( 88.66911395920068628, 74.40221837649806957, -132.2087869762735579 ) ) ;
#3389 = DIRECTION ( 'NONE',  ( 6.378601426329706152E-17, 5.352281928482944175E-17, -1.000000000000000000 ) ) ;
#3390 = FACE_OUTER_BOUND ( 'NONE', #6231, .T. ) ;
#3391 = CARTESIAN_POINT ( 'NONE',  ( 162.2095831232494731, 5.587578117886543794, -47.99999999999996447 ) ) ;
#3392 = VERTEX_POINT ( 'NONE', #1369 ) ;
#3393 = AXIS2_PLACEMENT_3D ( 'NONE', #5626, #812, #2748 ) ;
#3394 = ORIENTED_EDGE ( 'NONE', *, *, #3235, .T. ) ;
#3395 = CARTESIAN_POINT ( 'NONE',  ( 4.767688113470524236, -4.051642974039906697, 0.000000000000000000 ) ) ;
#3396 = DIRECTION ( 'NONE',  ( 0.7660444535136902156, 0.6427875972986035746, 0.000000000000000000 ) ) ;
#3397 = CARTESIAN_POINT ( 'NONE',  ( 146.9242251926333438, 8.387026696334862308, -226.0000000000000568 ) ) ;
#3398 = DIRECTION ( 'NONE',  ( 1.000000000000000000, 0.000000000000000000, 0.000000000000000000 ) ) ;
#3399 = ORIENTED_EDGE ( 'NONE', *, *, #6092, .F. ) ;
#3400 = CARTESIAN_POINT ( 'NONE',  ( 181.3871779565205884, -0.2995489667175442183, -103.0000000000002416 ) ) ;
#3401 = VERTEX_POINT ( 'NONE', #5836 ) ;
#3402 = VERTEX_POINT ( 'NONE', #1430 ) ;
#3403 = PLANE ( 'NONE',  #3529 ) ;
#3404 = VECTOR ( 'NONE', #297, 1000.000000000000114 ) ;
#3405 = CARTESIAN_POINT ( 'NONE',  ( 154.7820051654865381, -1.276612109291985764, -34.93169722977152958 ) ) ;
#3406 = VERTEX_POINT ( 'NONE', #3806 ) ;
#3407 = LINE ( 'NONE', #1964, #4855 ) ;
#3408 = EDGE_CURVE ( 'NONE', #506, #2023, #4287, .T. ) ;
#3409 = EDGE_LOOP ( 'NONE', ( #5707, #307, #1434, #1900, #6144, #1600 ) ) ;
#3410 = EDGE_CURVE ( 'NONE', #3402, #4770, #2858, .T. ) ;
#3411 = CARTESIAN_POINT ( 'NONE',  ( 148.0602579068340106, 6.734054597800090747, 9.804599309964982597E-15 ) ) ;
#3412 = CARTESIAN_POINT ( 'NONE',  ( 146.5281689998066099, 5.448479403202890481, -98.62000348240258063 ) ) ;
#3413 = CARTESIAN_POINT ( 'NONE',  ( 154.7820050330806509, -1.276611951496848807, -108.0000000000000284 ) ) ;
#3414 = AXIS2_PLACEMENT_3D ( 'NONE', #2985, #2001, #4450 ) ;
#3415 = EDGE_CURVE ( 'NONE', #255, #5749, #5745, .T. ) ;
#3416 = FACE_OUTER_BOUND ( 'NONE', #108, .T. ) ;
#3417 = CARTESIAN_POINT ( 'NONE',  ( 40.65710486259161627, -5.448287774127210881, 0.000000000000000000 ) ) ;
#3418 = VECTOR ( 'NONE', #1106, 1000.000000000000000 ) ;
#3419 = DIRECTION ( 'NONE',  ( 0.000000000000000000, 0.000000000000000000, -1.000000000000000000 ) ) ;
#3420 = DIRECTION ( 'NONE',  ( -0.7660444535136902156, -0.6427875972986035746, -0.000000000000000000 ) ) ;
#3421 = VECTOR ( 'NONE', #3343, 999.9999999999998863 ) ;
#3422 = FACE_OUTER_BOUND ( 'NONE', #5323, .T. ) ;
#3423 = CARTESIAN_POINT ( 'NONE',  ( 184.3164905826809843, -6.647825509190094628, -224.0000000000000000 ) ) ;
#3424 = CARTESIAN_POINT ( 'NONE',  ( 174.5945035064750357, -0.5489890037486307994, 0.000000000000000000 ) ) ;
#3425 = ORIENTED_EDGE ( 'NONE', *, *, #5236, .F. ) ;
#3426 = CARTESIAN_POINT ( 'NONE',  ( 69.41825131002882188, -0.7658117022034189869, -519.0000000000009095 ) ) ;
#3427 = LINE ( 'NONE', #5503, #3628 ) ;
#3428 = CARTESIAN_POINT ( 'NONE',  ( 152.0777421034210306, -1.165244497598671547, -36.14614279309647316 ) ) ;
#3429 = CARTESIAN_POINT ( 'NONE',  ( 181.2209213946221951, -0.3056555713133016217, -48.00000000000012790 ) ) ;
#3430 = ORIENTED_EDGE ( 'NONE', *, *, #4653, .T. ) ;
#3431 = DIRECTION ( 'NONE',  ( 0.000000000000000000, 0.000000000000000000, -1.000000000000000000 ) ) ;
#3432 = ORIENTED_EDGE ( 'NONE', *, *, #2107, .F. ) ;
#3433 = VERTEX_POINT ( 'NONE', #2915 ) ;
#3434 = PLANE ( 'NONE',  #3954 ) ;
#3435 = VERTEX_POINT ( 'NONE', #4902 ) ;
#3436 = CARTESIAN_POINT ( 'NONE',  ( 184.3164905826809559, -0.1919652684378335417, -151.4699388737903405 ) ) ;
#3437 = EDGE_LOOP ( 'NONE', ( #2321, #6351, #4189, #784 ) ) ;
#3438 = CARTESIAN_POINT ( 'NONE',  ( 146.6942007486904060, 8.362058177172849938, -276.6169528479717314 ) ) ;
#3439 = VECTOR ( 'NONE', #4500, 1000.000000000000114 ) ;
#3440 = FACE_OUTER_BOUND ( 'NONE', #3409, .T. ) ;
#3441 = CARTESIAN_POINT ( 'NONE',  ( 152.0777421025901788, -1.165244496608476066, -60.29122467059106327 ) ) ;
#3442 = CARTESIAN_POINT ( 'NONE',  ( 88.66911395920068628, 74.40221837649806957, -144.9638633601287552 ) ) ;
#3443 = VERTEX_POINT ( 'NONE', #1460 ) ;
#3444 = VECTOR ( 'NONE', #3977, 1000.000000000000000 ) ;
#3445 = CARTESIAN_POINT ( 'NONE',  ( 4.767688113470524236, -4.051642974039906697, 0.000000000000000000 ) ) ;
#3446 = VECTOR ( 'NONE', #2461, 1000.000000000000000 ) ;
#3447 = ORIENTED_EDGE ( 'NONE', *, *, #3781, .T. ) ;
#3448 = VECTOR ( 'NONE', #4404, 1000.000000000000000 ) ;
#3449 = DIRECTION ( 'NONE',  ( 0.4545194689124497089, -0.5416752277698725360, 0.7071067811865484609 ) ) ;
#3450 = CARTESIAN_POINT ( 'NONE',  ( 88.66911395920068628, 74.40221837649806957, -146.9638633601287552 ) ) ;
#3451 = DIRECTION ( 'NONE',  ( 0.6427875972986036857, -0.7660444535136901045, 0.000000000000000000 ) ) ;
#3452 = LINE ( 'NONE', #5333, #5468 ) ;
#3453 = CARTESIAN_POINT ( 'NONE',  ( 154.7820050803711922, -1.276612007855474573, -158.0000000000000000 ) ) ;
#3454 = ORIENTED_EDGE ( 'NONE', *, *, #344, .F. ) ;
#3455 = ADVANCED_FACE ( 'NONE', ( #6226 ), #442, .T. ) ;
#3456 = CARTESIAN_POINT ( 'NONE',  ( 12.37476417434010401, -5.160025936651757128, 0.000000000000000000 ) ) ;
#3457 = LINE ( 'NONE', #40, #5695 ) ;
#3458 = DIRECTION ( 'NONE',  ( -1.000000000000000000, 0.000000000000000000, 0.000000000000000000 ) ) ;
#3459 = EDGE_CURVE ( 'NONE', #4444, #172, #1402, .T. ) ;
#3460 = LINE ( 'NONE', #5442, #5517 ) ;
#3461 = ORIENTED_EDGE ( 'NONE', *, *, #4877, .T. ) ;
#3462 = ADVANCED_FACE ( 'NONE', ( #5382 ), #1930, .T. ) ;
#3463 = LINE ( 'NONE', #4859, #2390 ) ;
#3464 = VECTOR ( 'NONE', #422, 1000.000000000000114 ) ;
#3465 = ORIENTED_EDGE ( 'NONE', *, *, #5438, .T. ) ;
#3466 = EDGE_LOOP ( 'NONE', ( #4022, #5947, #4112 ) ) ;
#3467 = AXIS2_PLACEMENT_3D ( 'NONE', #1688, #5621, #737 ) ;
#3468 = FACE_BOUND ( 'NONE', #1012, .T. ) ;
#3469 = ORIENTED_EDGE ( 'NONE', *, *, #1003, .F. ) ;
#3470 = CARTESIAN_POINT ( 'NONE',  ( 148.0602579068340106, 6.734054597800096964, -136.3302600875434791 ) ) ;
#3471 = VERTEX_POINT ( 'NONE', #952 ) ;
#3472 = DIRECTION ( 'NONE',  ( 6.378601426329706152E-17, 5.352281928482944175E-17, -1.000000000000000000 ) ) ;
#3473 = FACE_OUTER_BOUND ( 'NONE', #3370, .T. ) ;
#3474 = CARTESIAN_POINT ( 'NONE',  ( 164.3035030072741449, 5.114478818786351688, -161.0000000000000568 ) ) ;
#3475 = CARTESIAN_POINT ( 'NONE',  ( 154.3747231731879879, -0.7912323158306283633, -53.00000000000000711 ) ) ;
#3476 = VERTEX_POINT ( 'NONE', #5288 ) ;
#3477 = CARTESIAN_POINT ( 'NONE',  ( 72.91570931294501179, -2.706547063307939816, -519.0000000000002274 ) ) ;
#3478 = VERTEX_POINT ( 'NONE', #4348 ) ;
#3479 = B_SPLINE_CURVE_WITH_KNOTS ( 'NONE', 3,
 ( #3793, #3298, #847, #4236, #2303, #3886, #5730, #5787, #1324, #2268 ),
 .UNSPECIFIED., .F., .F.,
 ( 4, 1, 1, 1, 1, 1, 1, 4 ),
 ( 0.8841883884007092353, 0.8906249999999997780, 0.9062499999999997780, 0.9375000000000000000, 0.9531249999999997780, 0.9687499999999997780, 0.9843749999999997780, 1.000000000000000000 ),
 .UNSPECIFIED. ) ;
#3480 = CARTESIAN_POINT ( 'NONE',  ( 186.8020647735157524, 0.04016486808356803384, -519.0000000000000000 ) ) ;
#3481 = CARTESIAN_POINT ( 'NONE',  ( 146.5281689998066099, 5.448479403202884264, -10.63629556339205706 ) ) ;
#3482 = CARTESIAN_POINT ( 'NONE',  ( 154.3747231731880447, -0.7912323158307081883, -48.00000000000000000 ) ) ;
#3483 = DIRECTION ( 'NONE',  ( -0.6427875972986036857, 0.7660444535136901045, 1.607415510031757189E-15 ) ) ;
#3484 = FACE_OUTER_BOUND ( 'NONE', #3808, .T. ) ;
#3485 = CARTESIAN_POINT ( 'NONE',  ( 154.7820050345175105, -1.276611953209101147, -108.0000000000000142 ) ) ;
#3486 = ORIENTED_EDGE ( 'NONE', *, *, #4416, .T. ) ;
#3487 = ADVANCED_FACE ( 'NONE', ( #863 ), #2348, .F. ) ;
#3488 = CARTESIAN_POINT ( 'NONE',  ( 2.811851801130134998, 3.896369691959288506, 0.000000000000000000 ) ) ;
#3489 = LINE ( 'NONE', #552, #5892 ) ;
#3490 = LINE ( 'NONE', #4504, #912 ) ;
#3491 = ADVANCED_FACE ( 'NONE', ( #6354 ), #4865, .T. ) ;
#3492 = FACE_OUTER_BOUND ( 'NONE', #2307, .T. ) ;
#3493 = EDGE_LOOP ( 'NONE', ( #942, #6151, #2820, #948 ) ) ;
#3494 = B_SPLINE_CURVE_WITH_KNOTS ( 'NONE', 3,
 ( #1560, #1053, #1937, #2921, #5486, #26, #4968 ),
 .UNSPECIFIED., .F., .F.,
 ( 4, 1, 1, 1, 4 ),
 ( 0.000000000000000000, 0.2500000000000000000, 0.5000000000000000000, 0.7500000000000000000, 1.000000000000000000 ),
 .UNSPECIFIED. ) ;
#3495 = PLANE ( 'NONE',  #972 ) ;
#3496 = EDGE_LOOP ( 'NONE', ( #3007, #1170, #2219, #2662 ) ) ;
#3497 = ORIENTED_EDGE ( 'NONE', *, *, #2107, .T. ) ;
#3498 = VERTEX_POINT ( 'NONE', #6288 ) ;
#3499 = VECTOR ( 'NONE', #3327, 1000.000000000000000 ) ;
#3500 = EDGE_CURVE ( 'NONE', #4632, #4835, #505, .T. ) ;
#3501 = FACE_BOUND ( 'NONE', #4511, .T. ) ;
#3502 = ORIENTED_EDGE ( 'NONE', *, *, #4687, .T. ) ;
#3503 =( GEOMETRIC_REPRESENTATION_CONTEXT ( 3 ) GLOBAL_UNCERTAINTY_ASSIGNED_CONTEXT ( ( #3372 ) ) GLOBAL_UNIT_ASSIGNED_CONTEXT ( ( #4102, #4072, #3091 ) ) REPRESENTATION_CONTEXT ( 'NONE', 'WORKASPACE' ) );
#3504 = DIRECTION ( 'NONE',  ( 1.000000000000000000, 0.000000000000000000, 0.000000000000000000 ) ) ;
#3505 = CARTESIAN_POINT ( 'NONE',  ( 187.1123679370104753, -0.08927819265133284110, 0.000000000000000000 ) ) ;
#3506 = VECTOR ( 'NONE', #1432, 1000.000000000000000 ) ;
#3507 = DIRECTION ( 'NONE',  ( 0.7660444535136902156, 0.6427875972986034636, 0.000000000000000000 ) ) ;
#3508 = CARTESIAN_POINT ( 'NONE',  ( 152.0777421034210590, -1.165244497598718620, 9.804599309964982597E-15 ) ) ;
#3509 = CARTESIAN_POINT ( 'NONE',  ( 90.20120286622807271, 75.68779357109528405, -231.5711869321423819 ) ) ;
#3510 = ORIENTED_EDGE ( 'NONE', *, *, #1619, .T. ) ;
#3511 = CARTESIAN_POINT ( 'NONE',  ( 69.41825131002882188, -0.7658117022034189869, -519.0000000000009095 ) ) ;
#3512 = ORIENTED_EDGE ( 'NONE', *, *, #390, .F. ) ;
#3513 = CARTESIAN_POINT ( 'NONE',  ( 145.7318967508189758, 8.843203441691455780, 0.000000000000000000 ) ) ;
#3514 = CARTESIAN_POINT ( 'NONE',  ( 154.7820051188861896, -1.276612053755953768, -45.00000000000000711 ) ) ;
#3515 = DIRECTION ( 'NONE',  ( 0.4545194689805009403, -0.5416752278509727736, 0.7071067810806795917 ) ) ;
#3516 = DIRECTION ( 'NONE',  ( 0.4545194689124497089, -0.5416752277698725360, 0.7071067811865484609 ) ) ;
#3517 = DIRECTION ( 'NONE',  ( 1.000000000000000000, 0.000000000000000000, 0.000000000000000000 ) ) ;
#3518 = DIRECTION ( 'NONE',  ( 0.7660444535136902156, 0.6427875972986035746, 0.000000000000000000 ) ) ;
#3519 = EDGE_CURVE ( 'NONE', #46, #5606, #648, .T. ) ;
#3520 = ORIENTED_EDGE ( 'NONE', *, *, #5426, .F. ) ;
#3521 = VECTOR ( 'NONE', #4376, 1000.000000000000000 ) ;
#3522 = ADVANCED_FACE ( 'NONE', ( #5863 ), #1805, .T. ) ;
#3523 = CARTESIAN_POINT ( 'NONE',  ( 33.18698623853997987, 15.07032967291209680, 0.000000000000000000 ) ) ;
#3524 = FACE_OUTER_BOUND ( 'NONE', #2987, .T. ) ;
#3525 = CARTESIAN_POINT ( 'NONE',  ( 154.7820050944201000, -1.276612024598310580, -169.2650305631048582 ) ) ;
#3526 = CARTESIAN_POINT ( 'NONE',  ( 153.6098310104484312, 0.1203306969984746511, -75.23147659367238305 ) ) ;
#3527 = ADVANCED_FACE ( 'NONE', ( #1492 ), #3434, .F. ) ;
#3528 = EDGE_LOOP ( 'NONE', ( #3204, #2763, #1530, #4829 ) ) ;
#3529 = AXIS2_PLACEMENT_3D ( 'NONE', #4380, #5318, #6353 ) ;
#3530 = ORIENTED_EDGE ( 'NONE', *, *, #4805, .F. ) ;
#3531 = EDGE_CURVE ( 'NONE', #5131, #5406, #145, .T. ) ;
#3532 = EDGE_CURVE ( 'NONE', #1478, #1245, #1620, .T. ) ;
#3533 = ORIENTED_EDGE ( 'NONE', *, *, #2467, .T. ) ;
#3534 = VERTEX_POINT ( 'NONE', #5449 ) ;
#3535 = VECTOR ( 'NONE', #570, 1000.000000000000000 ) ;
#3536 = FACE_BOUND ( 'NONE', #5587, .T. ) ;
#3537 = ORIENTED_EDGE ( 'NONE', *, *, #5337, .T. ) ;
#3538 = LINE ( 'NONE', #5514, #5368 ) ;
#3539 = VECTOR ( 'NONE', #1119, 1000.000000000000114 ) ;
#3540 = VECTOR ( 'NONE', #2445, 1000.000000000000114 ) ;
#3541 = CARTESIAN_POINT ( 'NONE',  ( 146.5281689998066099, 5.448479403202887816, -73.11015629367237523 ) ) ;
#3542 = VECTOR ( 'NONE', #1428, 1000.000000000000000 ) ;
#3543 = LINE ( 'NONE', #2511, #4301 ) ;
#3544 = DIRECTION ( 'NONE',  ( 0.6427875972986037967, -0.7660444535136899935, 0.000000000000000000 ) ) ;
#3545 = LINE ( 'NONE', #4451, #3535 ) ;
#3546 = ORIENTED_EDGE ( 'NONE', *, *, #3371, .T. ) ;
#3547 = ADVANCED_FACE ( 'NONE', ( #1556, #4541, #3042, #531, #4963, #1587, #1115, #5993, #3468, #4513, #2472, #1521, #3010, #3571, #3930, #5057, #3501, #5893, #4443, #1083, #4057, #3074, #113, #2056, #49, #1047, #5414, #3536, #4025, #5026, #5512, #4476, #1993, #2087, #5962, #2504, #2566, #4996, #1142 ), #6026, .F. ) ;
#3548 = CARTESIAN_POINT ( 'NONE',  ( 112.6679205489197955, 10.74549186515203480, -519.0000000000000000 ) ) ;
#3549 = ORIENTED_EDGE ( 'NONE', *, *, #5899, .T. ) ;
#3550 = LINE ( 'NONE', #6006, #4681 ) ;
#3551 = CARTESIAN_POINT ( 'NONE',  ( 154.7820050889945946, -1.276612018132445625, -64.79509168931457452 ) ) ;
#3552 = LINE ( 'NONE', #673, #2419 ) ;
#3553 = CARTESIAN_POINT ( 'NONE',  ( 88.66911395920068628, 74.40221837649806957, -192.6306326955890995 ) ) ;
#3554 = CARTESIAN_POINT ( 'NONE',  ( 163.2658081974920208, 5.348935108605916255, -104.9999999999999574 ) ) ;
#3555 = EDGE_CURVE ( 'NONE', #5489, #6027, #4413, .T. ) ;
#3556 = LINE ( 'NONE', #3485, #79 ) ;
#3557 = AXIS2_PLACEMENT_3D ( 'NONE', #1195, #5116, #716 ) ;
#3558 = APPLICATION_CONTEXT ( 'automotive_design' ) ;
#3559 = ORIENTED_EDGE ( 'NONE', *, *, #1800, .F. ) ;
#3560 = VECTOR ( 'NONE', #2188, 999.9999999999998863 ) ;
#3561 = EDGE_CURVE ( 'NONE', #5249, #3734, #4548, .T. ) ;
#3562 = CARTESIAN_POINT ( 'NONE',  ( 13.03937251214219550, 9.841104693651816504, 0.000000000000000000 ) ) ;
#3563 = PLANE ( 'NONE',  #2491 ) ;
#3564 = DIRECTION ( 'NONE',  ( -0.4545194689124487653, 0.5416752277698715368, 0.7071067811865500152 ) ) ;
#3565 = LINE ( 'NONE', #554, #4895 ) ;
#3566 = ORIENTED_EDGE ( 'NONE', *, *, #1960, .F. ) ;
#3567 = ORIENTED_EDGE ( 'NONE', *, *, #2935, .T. ) ;
#3568 = ORIENTED_EDGE ( 'NONE', *, *, #5012, .F. ) ;
#3569 = ORIENTED_EDGE ( 'NONE', *, *, #170, .F. ) ;
#3570 = B_SPLINE_CURVE_WITH_KNOTS ( 'NONE', 3,
 ( #670, #1719, #2293, #3648, #4719, #2198, #3290, #2679, #4262 ),
 .UNSPECIFIED., .F., .F.,
 ( 4, 1, 1, 1, 1, 1, 4 ),
 ( 0.005017623637811829962, 0.01034184051581508654, 0.02223975460502748691, 0.02818871164963356046, 0.03413766869423971728, 0.04008662573884587410, 0.04379014179938612444 ),
 .UNSPECIFIED. ) ;
#3571 = FACE_BOUND ( 'NONE', #4747, .T. ) ;
#3572 = EDGE_LOOP ( 'NONE', ( #5831, #1260, #1223, #340 ) ) ;
#3573 = DIRECTION ( 'NONE',  ( 1.000000000000000000, 0.000000000000000000, 0.000000000000000000 ) ) ;
#3574 = EDGE_CURVE ( 'NONE', #1994, #5749, #787, .T. ) ;
#3575 = DIRECTION ( 'NONE',  ( 0.9993263278466425481, 0.03670000643793510514, 0.000000000000000000 ) ) ;
#3576 = CARTESIAN_POINT ( 'NONE',  ( 88.66911395920068628, 74.40221837649806957, -242.3261105482872608 ) ) ;
#3577 = DIRECTION ( 'NONE',  ( 1.000000000000000000, 0.000000000000000000, 0.000000000000000000 ) ) ;
#3578 = CARTESIAN_POINT ( 'NONE',  ( 146.5496068657089381, 8.534378462342484539, -155.0289656306447910 ) ) ;
#3579 = ORIENTED_EDGE ( 'NONE', *, *, #4127, .F. ) ;
#3580 = CARTESIAN_POINT ( 'NONE',  ( 74.92793094990652492, 5.060210320560393882, -518.9999999999994316 ) ) ;
#3581 = ORIENTED_EDGE ( 'NONE', *, *, #4920, .T. ) ;
#3582 = CARTESIAN_POINT ( 'NONE',  ( 152.0777421034210590, -1.165244497598677098, -100.7413238259620698 ) ) ;
#3583 = DIRECTION ( 'NONE',  ( -0.4545194689124505416, 0.5416752277698733131, 0.7071067811865473507 ) ) ;
#3584 = FACE_OUTER_BOUND ( 'NONE', #3841, .T. ) ;
#3585 = ADVANCED_FACE ( 'NONE', ( #3106 ), #1169, .T. ) ;
#3586 = CARTESIAN_POINT ( 'NONE',  ( 0.000000000000000000, 0.000000000000000000, -48.00000000000000000 ) ) ;
#3587 = CARTESIAN_POINT ( 'NONE',  ( 153.6098310104484881, 0.1203306969984573038, -269.8361105482872517 ) ) ;
#3588 = CARTESIAN_POINT ( 'NONE',  ( 146.5281689998066099, 5.448479403202883375, 9.804599309964982597E-15 ) ) ;
#3589 = ORIENTED_EDGE ( 'NONE', *, *, #4900, .T. ) ;
#3590 = ADVANCED_FACE ( 'NONE', ( #751 ), #5091, .T. ) ;
#3591 = CARTESIAN_POINT ( 'NONE',  ( 62.87816705955509633, 17.07634393986520394, 0.000000000000000000 ) ) ;
#3592 = CARTESIAN_POINT ( 'NONE',  ( 184.3164905826809559, -0.1919649679841844148, -223.1469938873790397 ) ) ;
#3593 = DIRECTION ( 'NONE',  ( 0.7660444535136902156, 0.6427875972986035746, 0.000000000000000000 ) ) ;
#3594 = FACE_BOUND ( 'NONE', #5605, .T. ) ;
#3595 = ORIENTED_EDGE ( 'NONE', *, *, #415, .T. ) ;
#3596 = VERTEX_POINT ( 'NONE', #6122 ) ;
#3597 = EDGE_LOOP ( 'NONE', ( #3595, #4716, #2014 ) ) ;
#3598 = DIRECTION ( 'NONE',  ( 0.7660444535136902156, 0.6427875972986035746, 0.000000000000000000 ) ) ;
#3599 = ORIENTED_EDGE ( 'NONE', *, *, #1933, .T. ) ;
#3600 = CARTESIAN_POINT ( 'NONE',  ( 184.3164905826809559, 0.6291732067899447056, -36.93169722977018665 ) ) ;
#3601 = AXIS2_PLACEMENT_3D ( 'NONE', #999, #5304, #430 ) ;
#3602 = DIRECTION ( 'NONE',  ( 0.6427875972986035746, -0.7660444535136902156, 6.018531076210112041E-33 ) ) ;
#3603 = CARTESIAN_POINT ( 'NONE',  ( 184.3164905826809559, 0.6290942038936987446, -105.0000000000000284 ) ) ;
#3604 = DIRECTION ( 'NONE',  ( 0.6427875972986036857, -0.7660444535136901045, 0.000000000000000000 ) ) ;
#3605 = LINE ( 'NONE', #5581, #1813 ) ;
#3606 = FACE_BOUND ( 'NONE', #4114, .T. ) ;
#3607 = EDGE_LOOP ( 'NONE', ( #3072, #752, #8 ) ) ;
#3608 = EDGE_CURVE ( 'NONE', #5117, #3406, #6154, .T. ) ;
#3609 = CARTESIAN_POINT ( 'NONE',  ( 80.17066079731669959, 7.099978114239834603, -518.9999999999997726 ) ) ;
#3610 = ORIENTED_EDGE ( 'NONE', *, *, #2196, .T. ) ;
#3611 = VERTEX_POINT ( 'NONE', #1704 ) ;
#3612 = EDGE_CURVE ( 'NONE', #4854, #2343, #1262, .T. ) ;
#3613 = EDGE_CURVE ( 'NONE', #4444, #5415, #4113, .T. ) ;
#3614 = CARTESIAN_POINT ( 'NONE',  ( 88.66911395920067207, 74.40221837649805536, -100.7413238259620698 ) ) ;
#3615 = CARTESIAN_POINT ( 'NONE',  ( 154.7636550312985264, -0.7769487892857795952, -100.0000000000000000 ) ) ;
#3616 = DIRECTION ( 'NONE',  ( 1.000000000000000000, 0.000000000000000000, 0.000000000000000000 ) ) ;
#3617 = EDGE_CURVE ( 'NONE', #3435, #1181, #4209, .T. ) ;
#3618 = CARTESIAN_POINT ( 'NONE',  ( 146.4980687892391700, 8.595799152147858280, -105.0000000000000142 ) ) ;
#3619 = LINE ( 'NONE', #2204, #4483 ) ;
#3620 = VERTEX_POINT ( 'NONE', #1645 ) ;
#3621 = VECTOR ( 'NONE', #4639, 1000.000000000000000 ) ;
#3622 = CARTESIAN_POINT ( 'NONE',  ( 79.28006521773021120, 6.804651352938287268, -519.0000000000005684 ) ) ;
#3623 = CARTESIAN_POINT ( 'NONE',  ( 146.4868934581485007, 8.609117393561016129, -93.61694367371592307 ) ) ;
#3624 = DIRECTION ( 'NONE',  ( 0.7660444535136902156, 0.6427875972986035746, 0.000000000000000000 ) ) ;
#3625 = EDGE_CURVE ( 'NONE', #4213, #850, #2180, .T. ) ;
#3626 = DIRECTION ( 'NONE',  ( 0.6427875972986035746, -0.7660444535136902156, 6.018531076210112041E-33 ) ) ;
#3627 = ORIENTED_EDGE ( 'NONE', *, *, #4526, .F. ) ;
#3628 = VECTOR ( 'NONE', #2588, 1000.000000000000000 ) ;
#3629 = EDGE_LOOP ( 'NONE', ( #5022, #402, #4122, #4474 ) ) ;
#3630 = ORIENTED_EDGE ( 'NONE', *, *, #5151, .F. ) ;
#3631 = AXIS2_PLACEMENT_3D ( 'NONE', #3359, #5331, #938 ) ;
#3632 = CARTESIAN_POINT ( 'NONE',  ( 201.1121929200300258, -56.49078162465175268, -172.5468732127381202 ) ) ;
#3633 = ORIENTED_EDGE ( 'NONE', *, *, #2381, .T. ) ;
#3634 = CARTESIAN_POINT ( 'NONE',  ( 165.4709096682790062, 4.850715492739340995, -224.0000000000000284 ) ) ;
#3635 = B_SPLINE_CURVE_WITH_KNOTS ( 'NONE', 3,
 ( #5093, #4088, #3669, #4635, #5577, #1117, #3109, #2667, #3600, #1144 ),
 .UNSPECIFIED., .F., .F.,
 ( 4, 3, 3, 4 ),
 ( 8.673617379884035472E-19, 0.002559018337862886683, 0.01279509168931452362, 0.04600000000002314737 ),
 .UNSPECIFIED. ) ;
#3636 = VECTOR ( 'NONE', #349, 1000.000000000000000 ) ;
#3637 = CARTESIAN_POINT ( 'NONE',  ( 179.3010702433844870, -0.3761435179614029400, -519.0000000000003411 ) ) ;
#3638 = EDGE_CURVE ( 'NONE', #1447, #4315, #275, .T. ) ;
#3639 = DIRECTION ( 'NONE',  ( 0.000000000000000000, 0.000000000000000000, -1.000000000000000000 ) ) ;
#3640 = CARTESIAN_POINT ( 'NONE',  ( 200.4304137166616613, -55.67826878299726445, -171.4862130409570682 ) ) ;
#3641 = CARTESIAN_POINT ( 'NONE',  ( 152.0777421034210590, -1.165244497598718620, -29.90350210597731717 ) ) ;
#3642 = LINE ( 'NONE', #316, #1690 ) ;
#3643 = ORIENTED_EDGE ( 'NONE', *, *, #16, .T. ) ;
#3644 = CARTESIAN_POINT ( 'NONE',  ( 4.494224318108876126, 5.364860341418883571, 0.000000000000000000 ) ) ;
#3645 = VERTEX_POINT ( 'NONE', #3207 ) ;
#3646 = VERTEX_POINT ( 'NONE', #1202 ) ;
#3647 = VECTOR ( 'NONE', #924, 1000.000000000000000 ) ;
#3648 = CARTESIAN_POINT ( 'NONE',  ( 161.3571909580712997, 5.780167213095471546, -2.000000000000017764 ) ) ;
#3649 = DIRECTION ( 'NONE',  ( 1.000000000000000000, 0.000000000000000000, 0.000000000000000000 ) ) ;
#3650 = CARTESIAN_POINT ( 'NONE',  ( 154.7820051188861896, -1.276612053755953768, -53.00000000000000711 ) ) ;
#3651 = CARTESIAN_POINT ( 'NONE',  ( 152.0777421034210590, -1.165244497598690865, -183.9970294230038803 ) ) ;
#3652 = CARTESIAN_POINT ( 'NONE',  ( 146.5281689998066383, 5.448479403202883375, -32.02482244953694135 ) ) ;
#3653 = ORIENTED_EDGE ( 'NONE', *, *, #2192, .T. ) ;
#3654 = EDGE_CURVE ( 'NONE', #1364, #2082, #3157, .T. ) ;
#3655 = CARTESIAN_POINT ( 'NONE',  ( 112.6679205489197955, 10.74549186515203480, -519.0000000000000000 ) ) ;
#3656 = AXIS2_PLACEMENT_3D ( 'NONE', #3718, #261, #1160 ) ;
#3657 = FACE_OUTER_BOUND ( 'NONE', #3060, .T. ) ;
#3658 = CARTESIAN_POINT ( 'NONE',  ( 152.0777421034210874, -1.165244497598656226, -157.7187869762735488 ) ) ;
#3659 = LINE ( 'NONE', #2211, #3030 ) ;
#3660 = ORIENTED_EDGE ( 'NONE', *, *, #5550, .T. ) ;
#3661 = VECTOR ( 'NONE', #4891, 1000.000000000000000 ) ;
#3662 = VECTOR ( 'NONE', #1669, 1000.000000000000000 ) ;
#3663 = ORIENTED_EDGE ( 'NONE', *, *, #818, .T. ) ;
#3664 = ORIENTED_EDGE ( 'NONE', *, *, #3893, .T. ) ;
#3665 = EDGE_CURVE ( 'NONE', #3238, #5218, #3868, .T. ) ;
#3666 = EDGE_CURVE ( 'NONE', #589, #5525, #174, .T. ) ;
#3667 = CARTESIAN_POINT ( 'NONE',  ( 184.3164905826809843, -0.1919655911991256791, -65.40163610356184165 ) ) ;
#3668 = ORIENTED_EDGE ( 'NONE', *, *, #3099, .T. ) ;
#3669 = CARTESIAN_POINT ( 'NONE',  ( 184.3164905826810127, 0.6292058004758026568, -3.706012225241190450 ) ) ;
#3670 = CARTESIAN_POINT ( 'NONE',  ( 93.03864245429784319, -3.512154444140946907, -519.0000000000001137 ) ) ;
#3671 = LINE ( 'NONE', #183, #1673 ) ;
#3672 = DIRECTION ( 'NONE',  ( 1.000000000000000000, 0.000000000000000000, 0.000000000000000000 ) ) ;
#3673 = CARTESIAN_POINT ( 'NONE',  ( 148.0602579068340390, 6.734054597800096964, -192.6306326955890995 ) ) ;
#3674 = DIRECTION ( 'NONE',  ( 0.6427875972985991337, -0.7660444535136938793, 0.000000000000000000 ) ) ;
#3675 = VERTEX_POINT ( 'NONE', #2631 ) ;
#3676 = CARTESIAN_POINT ( 'NONE',  ( 105.1625018676584489, 10.64991790990003473, -518.9999999999996589 ) ) ;
#3677 = B_SPLINE_CURVE_WITH_KNOTS ( 'NONE', 3,
 ( #4354, #1436, #2382, #1023, #6358, #1465, #5353, #4840, #4935, #3813 ),
 .UNSPECIFIED., .F., .F.,
 ( 4, 1, 1, 1, 1, 1, 1, 4 ),
 ( 0.005106772211871907913, 0.007432514763837045138, 0.01295269087039785556, 0.02399304308351955101, 0.02951321919008028163, 0.03503339529664109553, 0.04055357140320189901, 0.04376786064611577765 ),
 .UNSPECIFIED. ) ;
#3678 = ORIENTED_EDGE ( 'NONE', *, *, #5277, .T. ) ;
#3679 = ORIENTED_EDGE ( 'NONE', *, *, #1591, .F. ) ;
#3680 = CARTESIAN_POINT ( 'NONE',  ( 154.7820052880068147, -1.276612255305940025, -252.4431894912501093 ) ) ;
#3681 = LINE ( 'NONE', #5656, #418 ) ;
#3682 = CARTESIAN_POINT ( 'NONE',  ( 152.0777421034210590, -1.165244497598663109, -85.86507986625763067 ) ) ;
#3683 = VECTOR ( 'NONE', #2647, 1000.000000000000000 ) ;
#3684 = DIRECTION ( 'NONE',  ( 0.7660444535136902156, 0.6427875972986035746, 0.000000000000000000 ) ) ;
#3685 = LINE ( 'NONE', #1287, #1001 ) ;
#3686 = ORIENTED_EDGE ( 'NONE', *, *, #328, .F. ) ;
#3687 = CARTESIAN_POINT ( 'NONE',  ( 146.3076577920556929, 8.000425837600824153, -519.0000000000010232 ) ) ;
#3688 = CARTESIAN_POINT ( 'NONE',  ( 141.7775715112773867, 11.11002121306034773, -82.62209443862099079 ) ) ;
#3689 = CARTESIAN_POINT ( 'NONE',  ( 184.3164905826809559, 0.6288805462741363650, -238.7950916892909277 ) ) ;
#3690 = LINE ( 'NONE', #5666, #4798 ) ;
#3691 = ORIENTED_EDGE ( 'NONE', *, *, #1582, .F. ) ;
#3692 = ADVANCED_FACE ( 'NONE', ( #3142 ), #5120, .T. ) ;
#3693 = ORIENTED_EDGE ( 'NONE', *, *, #6060, .F. ) ;
#3694 = ORIENTED_EDGE ( 'NONE', *, *, #2277, .F. ) ;
#3695 = B_SPLINE_CURVE_WITH_KNOTS ( 'NONE', 3,
 ( #457, #2392, #4362, #2210, #1325, #3723, #3689, #1823, #4171, #5635, #1226, #332, #1790 ),
 .UNSPECIFIED., .F., .F.,
 ( 4, 3, 3, 3, 4 ),
 ( 0.000000000000000000, 0.002559018337862879310, 0.01279509168931449239, 0.05373938509512174444, 0.06000000000012938040 ),
 .UNSPECIFIED. ) ;
#3696 = EDGE_CURVE ( 'NONE', #4601, #4779, #6057, .T. ) ;
#3697 = CARTESIAN_POINT ( 'NONE',  ( 184.3164905826809559, 0.3083718411603724729, -158.0000000000000000 ) ) ;
#3698 = ORIENTED_EDGE ( 'NONE', *, *, #5426, .T. ) ;
#3699 = DIRECTION ( 'NONE',  ( 0.7660444535136902156, 0.6427875972986035746, 0.000000000000000000 ) ) ;
#3700 = EDGE_LOOP ( 'NONE', ( #4858, #955, #1371 ) ) ;
#3701 = EDGE_CURVE ( 'NONE', #2501, #4550, #1674, .T. ) ;
#3702 = CARTESIAN_POINT ( 'NONE',  ( 43.63409746381768173, -5.357289352544243322, 0.000000000000000000 ) ) ;
#3703 = DIRECTION ( 'NONE',  ( -6.378601426329706152E-17, -5.352281928482944175E-17, 1.000000000000000000 ) ) ;
#3704 = PLANE ( 'NONE',  #883 ) ;
#3705 = DIRECTION ( 'NONE',  ( 1.000000000000000000, 0.000000000000000000, 0.000000000000000000 ) ) ;
#3706 = CARTESIAN_POINT ( 'NONE',  ( 152.0777421034210306, -1.165244497598677098, 9.804599309964982597E-15 ) ) ;
#3708 = VERTEX_POINT ( 'NONE', #4633 ) ;
#3707 = LINE ( 'NONE', #4255, #6247 ) ;
#3709 = CARTESIAN_POINT ( 'NONE',  ( 184.5679609055901835, 0.5697641997629907529, 0.000000000000000000 ) ) ;
#3710 = ORIENTED_EDGE ( 'NONE', *, *, #4036, .T. ) ;
#3711 = ORIENTED_EDGE ( 'NONE', *, *, #4653, .F. ) ;
#3712 = DIRECTION ( 'NONE',  ( -6.378601426329706152E-17, -5.352281928482944175E-17, 1.000000000000000000 ) ) ;
#3713 = CARTESIAN_POINT ( 'NONE',  ( 199.5801040130026252, -57.77635681924896005, -172.5468732127381202 ) ) ;
#3714 = CARTESIAN_POINT ( 'NONE',  ( 146.5582217300740808, 8.524111666448435543, -163.0000000000000000 ) ) ;
#3715 = B_SPLINE_SURFACE_WITH_KNOTS ( 'NONE', 3, 1, ( 
 ( #54, #1999 ),
 ( #3967, #5933 ),
 ( #1559, #3505 ),
 ( #1087, #4637 ),
 ( #4673, #3177 ),
 ( #5126, #4215 ),
 ( #828, #4149 ),
 ( #3637, #693 ),
 ( #3738, #280 ),
 ( #3212, #1678 ),
 ( #5191, #2250 ),
 ( #792, #6158 ),
 ( #6189, #755 ),
 ( #2764, #4707 ),
 ( #3772, #5676 ),
 ( #2221, #214 ),
 ( #246, #1769 ),
 ( #2700, #345 ),
 ( #4738, #5646 ),
 ( #1237, #6126 ),
 ( #2670, #3246 ),
 ( #5740, #1709 ),
 ( #6089, #4183 ),
 ( #726, #5611 ),
 ( #2184, #5708 ),
 ( #1335, #2635 ),
 ( #1302, #1270 ),
 ( #5223, #2734 ),
 ( #2282, #312 ),
 ( #1740, #3702 ),
 ( #4249, #2155 ),
 ( #3670, #3280 ),
 ( #4608, #4117 ),
 ( #1207, #6222 ),
 ( #1799, #5157 ),
 ( #3146, #2937 ),
 ( #5917, #944 ),
 ( #2046, #1481 ),
 ( #5950, #495 ),
 ( #1449, #4921 ),
 ( #72, #3456 ),
 ( #465, #585 ),
 ( #2529, #39 ),
 ( #5883, #104 ),
 ( #522, #5981 ),
 ( #1576, #1512 ),
 ( #4435, #3920 ),
 ( #5401, #3395 ),
 ( #2965, #4502 ),
 ( #3955, #5252 ),
 ( #5370, #2459 ),
 ( #2493, #4015 ),
 ( #4985, #1007 ),
 ( #3426, #974 ),
 ( #4402, #4887 ),
 ( #1546, #2876 ),
 ( #9, #1982 ),
 ( #5439, #4466 ),
 ( #6344, #4856 ),
 ( #2017, #1037 ),
 ( #2399, #4950 ),
 ( #4371, #1069 ),
 ( #5469, #3984 ),
 ( #551, #3488 ),
 ( #2998, #1922 ),
 ( #3891, #2906 ),
 ( #1950, #5854 ),
 ( #2430, #266 ),
 ( #135, #5142 ),
 ( #1667, #6050 ),
 ( #4135, #1609 ),
 ( #5502, #2587 ),
 ( #1638, #6016 ),
 ( #5047, #3562 ),
 ( #3095, #2559 ),
 ( #3622, #5079 ),
 ( #2144, #2207 ),
 ( #743, #4595 ),
 ( #5533, #1134 ),
 ( #5598, #166 ),
 ( #3166, #1162 ),
 ( #6112, #1696 ),
 ( #4626, #1191 ),
 ( #2075, #3523 ),
 ( #232, #679 ),
 ( #2619, #5566 ),
 ( #4168, #1224 ),
 ( #199, #3063 ),
 ( #644, #2173 ),
 ( #2108, #4564 ),
 ( #4106, #3591 ),
 ( #3655, #5633 ),
 ( #3130, #4532 ),
 ( #2687, #4077 ),
 ( #6078, #5113 ),
 ( #712, #2655 ),
 ( #4658, #6146 ),
 ( #1105, #4047 ),
 ( #3033, #5018 ),
 ( #618, #5176 ),
 ( #3687, #5663 ),
 ( #1252, #3198 ),
 ( #1728, #224 ),
 ( #2066, #1096 ),
 ( #3024, #3513 ),
 ( #1060, #192 ),
 ( #5493, #1657 ),
 ( #2164, #611 ),
 ( #577, #1602 ),
 ( #5972, #2518 ),
 ( #5009, #2612 ),
 ( #3480, #159 ) ),
 .UNSPECIFIED., .F., .F., .F.,
 ( 4, 1, 1, 1, 2, 1, 1, 1, 1, 1, 1, 1, 1, 1, 1, 1, 1, 1, 1, 1, 1, 1, 1, 1, 1, 1, 1, 1, 1, 1, 1, 1, 1, 1, 1, 1, 1, 1, 1, 1, 1, 1, 1, 1, 1, 1, 1, 1, 1, 1, 1, 1, 1, 1, 1, 1, 1, 1, 1, 1, 1, 1, 1, 1, 1, 1, 1, 1, 1, 1, 1, 1, 1, 1, 1, 1, 1, 1, 1, 1, 1, 1, 1, 1, 1, 1, 1, 1, 1, 1, 1, 1, 1, 1, 1, 1, 1, 1, 1, 1, 1, 1, 1, 1, 1, 1, 1, 1, 4 ),
 ( 2, 2 ),
 ( 0.000000000000000000, 0.0005261575466025254734, 0.001052315093205050947, 0.001578472639807576312, 0.002104630186410101893, 0.03328886049308477091, 0.06447309079975946378, 0.09565732110643414277, 0.1112494362597714614, 0.1268415514131087662, 0.1424336665664460988, 0.1580257817197834869, 0.1736178968731207917, 0.1892100120264581797, 0.2048021271797955123, 0.2203942423331328171, 0.2359863574864702052, 0.2515784726398074822, 0.2671705877931448425, 0.2827627029464820918, 0.2983548180998194521, 0.3139469332531569234, 0.3295390484064941727, 0.3451311635598314775, 0.3529272211365002132, 0.3607232787131688934, 0.3685193362898375735, 0.3763153938665062537, 0.3841114514431748228, 0.3919075090198435030, 0.3997035665965121831, 0.4074996241731809743, 0.4152956817498496545, 0.4230917393265183346, 0.4308877969031869037, 0.4386838544798555284, 0.4464799120565241530, 0.4542759696331928332, 0.4581739984215271733, 0.4620720272098616244, 0.4659700559981959644, 0.4698680847865303045, 0.4718170991806974746, 0.4737661135748646446, 0.4757151279690318146, 0.4776641423631988737, 0.4815621711515332137, 0.4854601999398675538, 0.4874092143340347238, 0.4893582287282018939, 0.4913072431223690639, 0.4932562575165362340, 0.4942307647136198190, 0.4952052719107034040, 0.4961797791077869890, 0.4971542863048705740, 0.4991033006990377441, 0.5010523150932048031, 0.5030013294873720842, 0.5049503438815392542, 0.5068993582757064242, 0.5088483726698735943, 0.5107973870640407643, 0.5127464014582079344, 0.5146954158523751044, 0.5166444302465422744, 0.5205424590348766145, 0.5244404878232109546, 0.5283385166115452947, 0.5322365453998796347, 0.5361345741882139748, 0.5400326029765483149, 0.5439306317648826550, 0.5478286605532169951, 0.5517266893415511131, 0.5556247181298854532, 0.5595227469182197932, 0.5634207757065541333, 0.5712168332832228135, 0.5790128908598914936, 0.5868089484365601738, 0.5946050060132290760, 0.6024010635898977561, 0.6101971211665664363, 0.6179931787432351165, 0.6257892363199037966, 0.6413813514732411569, 0.6569734666265782952, 0.6725655817799156555, 0.6881576969332529048, 0.7037498120865903761, 0.7193419272399277364, 0.7349340423932650967, 0.7505261575466024571, 0.7661182726999395953, 0.7817103878532769556, 0.7973025030066143160, 0.8128946181599518983, 0.8284867333132892586, 0.8440788484666266189, 0.8596709636199637572, 0.8752630787733010065, 0.8908551939266382558, 0.9064473090799756161, 0.9376315393866505588, 0.9532236545399876970, 0.9688157696933250573, 0.9844078848466624176, 1.000000000000000000 ),
 ( 0.000000000000000000, 1.000000000000000000 ),
 .UNSPECIFIED. ) ;
#3716 = DIRECTION ( 'NONE',  ( 1.000000000000000000, 0.000000000000000000, 0.000000000000000000 ) ) ;
#3717 = CARTESIAN_POINT ( 'NONE',  ( 150.9551590745054170, 7.732129215780718212, -163.0000000000000568 ) ) ;
#3718 = CARTESIAN_POINT ( 'NONE',  ( 154.7636550723966877, -0.7769488441067985418, -158.0000000000000000 ) ) ;
#3719 = PRODUCT_DEFINITION_FORMATION_WITH_SPECIFIED_SOURCE ( '‰ª', '', #3355, .NOT_KNOWN. ) ;
#3720 = EDGE_LOOP ( 'NONE', ( #2972, #1044, #3992, #4142 ) ) ;
#3721 = VECTOR ( 'NONE', #1085, 1000.000000000000000 ) ;
#3722 = FACE_OUTER_BOUND ( 'NONE', #4154, .T. ) ;
#3723 = CARTESIAN_POINT ( 'NONE',  ( 184.3164905826809559, 0.6288872260553973748, -235.3830672388135952 ) ) ;
#3724 = ADVANCED_FACE ( 'NONE', ( #4767 ), #4374, .F. ) ;
#3725 = CARTESIAN_POINT ( 'NONE',  ( 152.0777421034210590, -1.165244497598687534, -36.14614279309652289 ) ) ;
#3726 = ORIENTED_EDGE ( 'NONE', *, *, #1797, .T. ) ;
#3727 = EDGE_CURVE ( 'NONE', #2266, #337, #1331, .T. ) ;
#3728 = ORIENTED_EDGE ( 'NONE', *, *, #3303, .T. ) ;
#3729 = EDGE_LOOP ( 'NONE', ( #6001, #5891, #4514, #4312 ) ) ;
#3730 = VECTOR ( 'NONE', #5870, 1000.000000000000000 ) ;
#3731 = EDGE_CURVE ( 'NONE', #5383, #2644, #2402, .T. ) ;
#3732 = VECTOR ( 'NONE', #3825, 1000.000000000000000 ) ;
#3733 = DIRECTION ( 'NONE',  ( 0.6427875972986036857, -0.7660444535136901045, 1.368455531567204475E-48 ) ) ;
#3734 = VERTEX_POINT ( 'NONE', #6282 ) ;
#3735 = DIRECTION ( 'NONE',  ( 0.6427875972986035746, -0.7660444535136903266, 0.000000000000000000 ) ) ;
#3736 = EDGE_CURVE ( 'NONE', #2989, #5425, #1890, .T. ) ;
#3737 = ORIENTED_EDGE ( 'NONE', *, *, #682, .F. ) ;
#3738 = CARTESIAN_POINT ( 'NONE',  ( 171.8000844268046308, -0.6516241677669137866, -518.9999999999998863 ) ) ;
#3739 = CARTESIAN_POINT ( 'NONE',  ( 143.5240247386708461, 9.028679236662068064, -192.0000993514825893 ) ) ;
#3740 = CARTESIAN_POINT ( 'NONE',  ( 184.3164905826810127, -0.1919652371113703959, -159.2939877747580795 ) ) ;
#3741 = CARTESIAN_POINT ( 'NONE',  ( 184.3164905826809843, 0.6290967658877177904, -103.0000000000000142 ) ) ;
#3742 = PLANE ( 'NONE',  #3323 ) ;
#3744 = ORIENTED_EDGE ( 'NONE', *, *, #599, .F. ) ;
#3743 = DIRECTION ( 'NONE',  ( -5.166133767769089039E-16, 6.156758679758506919E-16, -1.000000000000000000 ) ) ;
#3745 = CARTESIAN_POINT ( 'NONE',  ( 146.5281689998066099, 5.448479403202890481, -130.0874666327140687 ) ) ;
#3746 = ORIENTED_EDGE ( 'NONE', *, *, #4618, .T. ) ;
#3747 = EDGE_LOOP ( 'NONE', ( #6283, #1139, #142, #3005 ) ) ;
#3748 = LINE ( 'NONE', #2232, #6265 ) ;
#3749 = DIRECTION ( 'NONE',  ( 0.6427875972986036857, -0.7660444535136901045, 1.368455531567204475E-48 ) ) ;
#3750 = CARTESIAN_POINT ( 'NONE',  ( 184.3164905826809843, -0.1919652221612422049, -166.0000000000000000 ) ) ;
#3751 = EDGE_CURVE ( 'NONE', #4289, #2847, #404, .T. ) ;
#3752 = DIRECTION ( 'NONE',  ( 0.7660444535136902156, 0.6427875972986035746, 0.000000000000000000 ) ) ;
#3753 = EDGE_CURVE ( 'NONE', #3620, #6135, #1363, .T. ) ;
#3754 = CARTESIAN_POINT ( 'NONE',  ( 67.44498881865484918, -4.480818540547637063, 0.000000000000000000 ) ) ;
#3755 = ORIENTED_EDGE ( 'NONE', *, *, #4006, .T. ) ;
#3756 = DIRECTION ( 'NONE',  ( 0.6427875972986036857, -0.7660444535136901045, 0.000000000000000000 ) ) ;
#3757 = ADVANCED_FACE ( 'NONE', ( #3304 ), #3863, .F. ) ;
#3758 = DIRECTION ( 'NONE',  ( 0.7660444535136902156, 0.6427875972986035746, 0.000000000000000000 ) ) ;
#3759 = CARTESIAN_POINT ( 'NONE',  ( 152.0777421025902072, -1.165244496608476066, -53.77894174285809470 ) ) ;
#3760 = CARTESIAN_POINT ( 'NONE',  ( 184.3164905826809843, 0.6291613018695099147, -48.00000000000000000 ) ) ;
#3761 = ORIENTED_EDGE ( 'NONE', *, *, #4457, .F. ) ;
#3762 = EDGE_CURVE ( 'NONE', #4811, #2694, #5828, .T. ) ;
#3763 = ORIENTED_EDGE ( 'NONE', *, *, #4036, .F. ) ;
#3764 = VECTOR ( 'NONE', #6142, 1000.000000000000000 ) ;
#3765 = VECTOR ( 'NONE', #1158, 1000.000000000000000 ) ;
#3766 = VECTOR ( 'NONE', #4311, 1000.000000000000000 ) ;
#3767 = FACE_OUTER_BOUND ( 'NONE', #5247, .T. ) ;
#3768 = ORIENTED_EDGE ( 'NONE', *, *, #4201, .T. ) ;
#3769 = CARTESIAN_POINT ( 'NONE',  ( 152.0777421034211159, -1.165244497598704854, -231.5711869321423819 ) ) ;
#3770 = VECTOR ( 'NONE', #3133, 1000.000000000000000 ) ;
#3771 = ORIENTED_EDGE ( 'NONE', *, *, #298, .T. ) ;
#3772 = CARTESIAN_POINT ( 'NONE',  ( 145.5466160636523796, -1.615832032559972653, -519.0000000000001137 ) ) ;
#3773 = CARTESIAN_POINT ( 'NONE',  ( 154.7636550723966877, -0.7769488441067985418, -158.0000000000000000 ) ) ;
#3774 = CARTESIAN_POINT ( 'NONE',  ( 184.3164905826809843, -0.1919656951577006498, -35.20490831068548232 ) ) ;
#3775 = CARTESIAN_POINT ( 'NONE',  ( 146.5281689998066383, 5.448479403202890481, -144.9638633601287552 ) ) ;
#3776 = DIRECTION ( 'NONE',  ( 0.000000000000000000, 0.7938448021158680534, 0.6081204076115339641 ) ) ;
#3778 = ORIENTED_EDGE ( 'NONE', *, *, #1935, .F. ) ;
#3777 = DIRECTION ( 'NONE',  ( 0.7660444535136902156, 0.6427875972986035746, 0.000000000000000000 ) ) ;
#3779 = CARTESIAN_POINT ( 'NONE',  ( 153.6098310104484881, 0.1203306969984746511, -119.4538633601287501 ) ) ;
#3780 = EDGE_LOOP ( 'NONE', ( #2610, #5765, #6228, #4782, #4055, #5024 ) ) ;
#3781 = EDGE_CURVE ( 'NONE', #1812, #2403, #5248, .T. ) ;
#3782 = EDGE_LOOP ( 'NONE', ( #2311, #2973, #2366, #1931, #6289, #1997 ) ) ;
#3783 = CARTESIAN_POINT ( 'NONE',  ( 148.0602579068340390, 6.734054597800090747, -100.7413238259620698 ) ) ;
#3784 = LINE ( 'NONE', #5752, #2645 ) ;
#3785 = CARTESIAN_POINT ( 'NONE',  ( 152.0777421034210590, -1.165244497598718620, 9.804599309964982597E-15 ) ) ;
#3786 = LINE ( 'NONE', #5754, #235 ) ;
#3787 = CARTESIAN_POINT ( 'NONE',  ( 52.56343919786015562, -5.035712289587550572, 0.000000000000000000 ) ) ;
#3788 = AXIS2_PLACEMENT_3D ( 'NONE', #511, #4936, #1466 ) ;
#3789 = ORIENTED_EDGE ( 'NONE', *, *, #4282, .F. ) ;
#3790 = AXIS2_PLACEMENT_3D ( 'NONE', #3615, #257, #5105 ) ;
#3791 = ADVANCED_FACE ( 'NONE', ( #5310 ), #2821, .F. ) ;
#3792 = CARTESIAN_POINT ( 'NONE',  ( 43.17309805365464825, 128.6222605613255041, -70.77923733555081753 ) ) ;
#3793 = CARTESIAN_POINT ( 'NONE',  ( 143.3164907601397715, 9.276008609284451367, 0.000000000000000000 ) ) ;
#3794 = DIRECTION ( 'NONE',  ( 0.000000000000000000, 0.000000000000000000, -1.000000000000000000 ) ) ;
#3795 = B_SPLINE_CURVE_WITH_KNOTS ( 'NONE', 3,
 ( #1861, #825, #1831, #4211, #3340, #2280, #754 ),
 .UNSPECIFIED., .F., .F.,
 ( 4, 3, 4 ),
 ( 1.387778780781445676E-17, 0.002559018337862900561, 0.003000000000000029986 ),
 .UNSPECIFIED. ) ;
#3796 = CARTESIAN_POINT ( 'NONE',  ( 184.3164905826810127, -0.1919650060806894765, -214.4699388737902552 ) ) ;
#3797 = VERTEX_POINT ( 'NONE', #1421 ) ;
#3798 = ADVANCED_FACE ( 'NONE', ( #4800 ), #2790, .T. ) ;
#3799 = EDGE_LOOP ( 'NONE', ( #4634, #3378, #3020 ) ) ;
#3800 = CARTESIAN_POINT ( 'NONE',  ( 88.66911395920068628, 74.40221837649806957, -194.6307854632994179 ) ) ;
#3801 = ORIENTED_EDGE ( 'NONE', *, *, #4295, .F. ) ;
#3802 = CARTESIAN_POINT ( 'NONE',  ( 90.20120286622805850, 75.68779357109526984, -19.26989883339205889 ) ) ;
#3803 = EDGE_LOOP ( 'NONE', ( #4035, #4234, #3569 ) ) ;
#3804 = CARTESIAN_POINT ( 'NONE',  ( 184.3164905826809843, -0.1919649323355827053, -231.1737432699193562 ) ) ;
#3805 = CARTESIAN_POINT ( 'NONE',  ( 162.2466436521703201, 5.579204678964408082, -50.00000000000223110 ) ) ;
#3806 = CARTESIAN_POINT ( 'NONE',  ( 184.3164905826809559, 0.3083718411603724729, -161.0000000000000000 ) ) ;
#3808 = EDGE_LOOP ( 'NONE', ( #5824, #1076, #5087, #4827 ) ) ;
#3807 = CARTESIAN_POINT ( 'NONE',  ( 176.9007343004940367, 2.360263299780681834, -226.0000000000000853 ) ) ;
#3809 = CARTESIAN_POINT ( 'NONE',  ( 122.2277120901714937, 12.74610603783546381, 0.000000000000000000 ) ) ;
#3810 = ORIENTED_EDGE ( 'NONE', *, *, #721, .F. ) ;
#3811 = ORIENTED_EDGE ( 'NONE', *, *, #1974, .F. ) ;
#3812 = EDGE_CURVE ( 'NONE', #3339, #2804, #1392, .T. ) ;
#3813 = CARTESIAN_POINT ( 'NONE',  ( 184.3164905826809843, 0.6290967658877177904, -103.0000000000000142 ) ) ;
#3814 = CARTESIAN_POINT ( 'NONE',  ( 141.7227456530524137, 14.28680784239818458, -103.0000000000000142 ) ) ;
#3815 = CARTESIAN_POINT ( 'NONE',  ( 154.7820050317285450, -1.276611949885456676, -111.2650305631048582 ) ) ;
#3816 = EDGE_CURVE ( 'NONE', #2121, #608, #4828, .T. ) ;
#3817 = CARTESIAN_POINT ( 'NONE',  ( 88.66911395920068628, 74.40221837649806957, -181.8757090794443059 ) ) ;
#3818 = CARTESIAN_POINT ( 'NONE',  ( 56.53169983454675673, -4.883681907971681113, 0.000000000000000000 ) ) ;
#3819 = EDGE_CURVE ( 'NONE', #5119, #4603, #1924, .T. ) ;
#3820 = EDGE_CURVE ( 'NONE', #2148, #6132, #1451, .T. ) ;
#3821 = AXIS2_PLACEMENT_3D ( 'NONE', #1286, #296, #1818 ) ;
#3822 = EDGE_CURVE ( 'NONE', #6355, #3982, #855, .T. ) ;
#3823 = DIRECTION ( 'NONE',  ( 0.6427875972986035746, -0.7660444535136902156, 6.018531076210112041E-33 ) ) ;
#3824 = CARTESIAN_POINT ( 'NONE',  ( 154.7820052676700016, -1.276612231069491621, -286.0000000000000568 ) ) ;
#3825 = DIRECTION ( 'NONE',  ( 0.7660444535136902156, 0.6427875972986035746, 0.000000000000000000 ) ) ;
#3826 = CARTESIAN_POINT ( 'NONE',  ( 148.0602579068340390, 6.734054597800090747, -87.98640020981726195 ) ) ;
#3827 = FACE_OUTER_BOUND ( 'NONE', #2675, .T. ) ;
#3828 = ORIENTED_EDGE ( 'NONE', *, *, #1013, .F. ) ;
#3829 = ORIENTED_EDGE ( 'NONE', *, *, #804, .T. ) ;
#3830 = VECTOR ( 'NONE', #954, 1000.000000000000000 ) ;
#3831 = EDGE_CURVE ( 'NONE', #5554, #1279, #4733, .T. ) ;
#3832 = CARTESIAN_POINT ( 'NONE',  ( 184.3164905826809843, -6.647825509190094628, -224.0000000000000000 ) ) ;
#3833 = ORIENTED_EDGE ( 'NONE', *, *, #1944, .F. ) ;
#3834 = DIRECTION ( 'NONE',  ( 0.7660444535136902156, 0.6427875972986035746, 0.000000000000000000 ) ) ;
#3835 = EDGE_LOOP ( 'NONE', ( #110, #4961, #2160, #2706 ) ) ;
#3836 = CARTESIAN_POINT ( 'NONE',  ( 153.6098310104485165, 0.1203306969984381108, -144.9638633601287552 ) ) ;
#3837 = CARTESIAN_POINT ( 'NONE',  ( 144.0968893439579688, 8.780829017558938077, -287.9999999999998295 ) ) ;
#3838 = CARTESIAN_POINT ( 'NONE',  ( 146.5281689998066099, 5.448479403202883375, 9.804599309964982597E-15 ) ) ;
#3839 = EDGE_LOOP ( 'NONE', ( #446, #1490, #4701, #2692 ) ) ;
#3840 = CARTESIAN_POINT ( 'NONE',  ( 148.0602579068340106, 6.734054597800090747, 9.804599309964982597E-15 ) ) ;
#3841 = EDGE_LOOP ( 'NONE', ( #4784, #5258, #2028, #5693 ) ) ;
#3842 = VERTEX_POINT ( 'NONE', #1794 ) ;
#3843 = VECTOR ( 'NONE', #501, 1000.000000000000114 ) ;
#3844 = ADVANCED_FACE ( 'NONE', ( #3767 ), #5735, .F. ) ;
#3845 = DIRECTION ( 'NONE',  ( 6.378601426329706152E-17, 5.352281928482944175E-17, -1.000000000000000000 ) ) ;
#3846 = CARTESIAN_POINT ( 'NONE',  ( 146.7066812140465117, 8.347184537259044745, -286.0000000000000568 ) ) ;
#3847 = LINE ( 'NONE', #2384, #6207 ) ;
#3848 = DIRECTION ( 'NONE',  ( 1.000000000000000000, 0.000000000000000000, 0.000000000000000000 ) ) ;
#3849 = VECTOR ( 'NONE', #1771, 1000.000000000000114 ) ;
#3850 = CARTESIAN_POINT ( 'NONE',  ( 165.5492565146905690, -0.8811844440370502074, -519.0000000000001137 ) ) ;
#3851 = VECTOR ( 'NONE', #760, 1000.000000000000000 ) ;
#3852 = CARTESIAN_POINT ( 'NONE',  ( 88.66911395920067207, 74.40221837649805536, -19.26989883339205889 ) ) ;
#3853 = DIRECTION ( 'NONE',  ( 0.7660444535136902156, 0.6427875972986035746, 0.000000000000000000 ) ) ;
#3854 = B_SPLINE_CURVE_WITH_KNOTS ( 'NONE', 3,
 ( #3413, #3815, #4298, #4356, #1467, #5782, #4874 ),
 .UNSPECIFIED., .F., .F.,
 ( 4, 3, 4 ),
 ( 0.003000000000000030420, 0.01279509168931450280, 0.05300000000000000544 ),
 .UNSPECIFIED. ) ;
#3855 = DIRECTION ( 'NONE',  ( 0.7660444535136902156, 0.6427875972986035746, 0.000000000000000000 ) ) ;
#3856 = DIRECTION ( 'NONE',  ( 0.7660444535136902156, 0.6427875972986035746, 0.000000000000000000 ) ) ;
#3857 = CARTESIAN_POINT ( 'NONE',  ( 88.66911395920068628, 74.40221837649806957, -218.1406326955891188 ) ) ;
#3858 = AXIS2_PLACEMENT_3D ( 'NONE', #629, #2569, #3575 ) ;
#3859 = EDGE_LOOP ( 'NONE', ( #3589, #2273, #819, #1489 ) ) ;
#3860 = ADVANCED_FACE ( 'NONE', ( #3924 ), #13, .F. ) ;
#3861 = ORIENTED_EDGE ( 'NONE', *, *, #2833, .T. ) ;
#3862 = AXIS2_PLACEMENT_3D ( 'NONE', #3297, #4330, #1441 ) ;
#3863 = PLANE ( 'NONE',  #2015 ) ;
#3864 = ORIENTED_EDGE ( 'NONE', *, *, #682, .T. ) ;
#3865 = DIRECTION ( 'NONE',  ( 0.6427875972986036857, -0.7660444535136901045, 1.368455531567204475E-48 ) ) ;
#3866 = EDGE_LOOP ( 'NONE', ( #5829, #3746, #2053 ) ) ;
#3867 = EDGE_LOOP ( 'NONE', ( #2365, #1895, #403, #5452 ) ) ;
#3868 = B_SPLINE_CURVE_WITH_KNOTS ( 'NONE', 3,
 ( #4572, #3174, #4144, #3240, #4702, #3667, #2599 ),
 .UNSPECIFIED., .F., .F.,
 ( 4, 3, 4 ),
 ( 0.002999999999999988787, 0.01279509168931447505, 0.05000000000000000278 ),
 .UNSPECIFIED. ) ;
#3869 = EDGE_CURVE ( 'NONE', #917, #5311, #977, .T. ) ;
#3870 = LINE ( 'NONE', #5834, #3542 ) ;
#3871 = CARTESIAN_POINT ( 'NONE',  ( 183.1907381493660409, 0.8956198865161292266, -50.00000000000224532 ) ) ;
#3872 = VECTOR ( 'NONE', #5499, 1000.000000000000114 ) ;
#3873 = CARTESIAN_POINT ( 'NONE',  ( 154.7820052600693543, -1.276612222011418218, -7.971042788346810681 ) ) ;
#3874 = ORIENTED_EDGE ( 'NONE', *, *, #2462, .T. ) ;
#3875 = CARTESIAN_POINT ( 'NONE',  ( 184.3164905826809559, -0.1919652554198383876, -154.7349694368951987 ) ) ;
#3876 = ORIENTED_EDGE ( 'NONE', *, *, #1259, .T. ) ;
#3877 = EDGE_LOOP ( 'NONE', ( #76, #1715, #2475, #197, #5959, #4210 ) ) ;
#3878 = AXIS2_PLACEMENT_3D ( 'NONE', #1211, #1772, #4093 ) ;
#3879 = CARTESIAN_POINT ( 'NONE',  ( 152.0777421034210874, -1.165244497598711737, -87.98640020981726195 ) ) ;
#3880 = CARTESIAN_POINT ( 'NONE',  ( 146.5281689998066099, 5.448479403202883375, 9.804599309964982597E-15 ) ) ;
#3881 = CARTESIAN_POINT ( 'NONE',  ( 184.3164905826809843, -0.1919652221612422049, -163.0000000000000000 ) ) ;
#3882 = LINE ( 'NONE', #1439, #2200 ) ;
#3883 = CARTESIAN_POINT ( 'NONE',  ( 134.2951219817764752, -2.028834272031223129, -519.0000000000007958 ) ) ;
#3884 = CARTESIAN_POINT ( 'NONE',  ( 184.3164905826809843, -0.1919654473031343067, -105.0000000000000142 ) ) ;
#3885 = FACE_OUTER_BOUND ( 'NONE', #4826, .T. ) ;
#3886 = CARTESIAN_POINT ( 'NONE',  ( 169.0856202977918485, 4.121625089013121190, 0.000000000000000000 ) ) ;
#3887 = CARTESIAN_POINT ( 'NONE',  ( 131.3087949667356327, 23.58622367982167845, -66.33556899158223530 ) ) ;
#3888 = CARTESIAN_POINT ( 'NONE',  ( 154.7820052833510545, -1.276612249757582918, -2.000000000000027534 ) ) ;
#3889 = ORIENTED_EDGE ( 'NONE', *, *, #3129, .F. ) ;
#3890 = VERTEX_POINT ( 'NONE', #499 ) ;
#3891 = CARTESIAN_POINT ( 'NONE',  ( 71.76540512220533685, 3.054853100628045048, -518.9999999999981810 ) ) ;
#3892 = LINE ( 'NONE', #6345, #4593 ) ;
#3893 = EDGE_CURVE ( 'NONE', #4927, #5921, #218, .T. ) ;
#3894 = CARTESIAN_POINT ( 'NONE',  ( 82.66347632603313400, 81.55945883669924967, -9.343113741470716604 ) ) ;
#3895 = VERTEX_POINT ( 'NONE', #3741 ) ;
#3896 = DIRECTION ( 'NONE',  ( 5.547375492044594158E-14, 1.000000000000000000, 0.000000000000000000 ) ) ;
#3897 = ADVANCED_FACE ( 'NONE', ( #5649 ), #6130, .F. ) ;
#3898 = EDGE_CURVE ( 'NONE', #2193, #370, #4642, .T. ) ;
#3899 = ORIENTED_EDGE ( 'NONE', *, *, #2521, .T. ) ;
#3900 = ORIENTED_EDGE ( 'NONE', *, *, #4201, .F. ) ;
#3901 = CARTESIAN_POINT ( 'NONE',  ( 184.3164905826810127, 0.6291569725744867725, -50.00000000000000000 ) ) ;
#3902 = CARTESIAN_POINT ( 'NONE',  ( 154.7820050803711922, -1.276612007855474573, -161.0000000000000000 ) ) ;
#3903 = ORIENTED_EDGE ( 'NONE', *, *, #1916, .F. ) ;
#3904 = DIRECTION ( 'NONE',  ( 0.000000000000000000, 0.000000000000000000, -1.000000000000000000 ) ) ;
#3905 = ORIENTED_EDGE ( 'NONE', *, *, #534, .F. ) ;
#3906 = EDGE_CURVE ( 'NONE', #1433, #4939, #2638, .T. ) ;
#3907 = CARTESIAN_POINT ( 'NONE',  ( 146.7032605048046889, 8.351261179921085187, -283.4409871955384688 ) ) ;
#3908 = DIRECTION ( 'NONE',  ( 0.000000000000000000, 1.000000000000000000, 0.000000000000000000 ) ) ;
#3909 = CARTESIAN_POINT ( 'NONE',  ( 169.1387912478270721, -18.38636406293844772, -122.8050894468779433 ) ) ;
#3910 = CARTESIAN_POINT ( 'NONE',  ( 148.0602579068340390, 6.734054597800125386, -252.9597138208725653 ) ) ;
#3911 = CARTESIAN_POINT ( 'NONE',  ( 78.34408010014641377, -3.358483264931118928, -519.0000000000006821 ) ) ;
#3912 = CARTESIAN_POINT ( 'NONE',  ( 154.7820051188861896, -1.276612053755953768, -45.00000000000000711 ) ) ;
#3913 = DIRECTION ( 'NONE',  ( 0.000000000000000000, 0.000000000000000000, -1.000000000000000000 ) ) ;
#3914 = CARTESIAN_POINT ( 'NONE',  ( 154.7820050345175105, -1.276611953209101147, -100.0000000000000000 ) ) ;
#3915 = CARTESIAN_POINT ( 'NONE',  ( 154.7820050803711922, -1.276612007855474573, -158.0000000000000000 ) ) ;
#3916 = CARTESIAN_POINT ( 'NONE',  ( 148.0602579068340106, 6.734054597800090747, 9.804599309964982597E-15 ) ) ;
#3917 = EDGE_LOOP ( 'NONE', ( #5736, #2497, #4442, #4838 ) ) ;
#3918 = AXIS2_PLACEMENT_3D ( 'NONE', #4333, #6308, #2872 ) ;
#3919 = ORIENTED_EDGE ( 'NONE', *, *, #2860, .T. ) ;
#3920 = CARTESIAN_POINT ( 'NONE',  ( 5.741414752532661758, -4.245057524540879257, 0.000000000000000000 ) ) ;
#3921 = DIRECTION ( 'NONE',  ( 0.000000000000000000, 0.000000000000000000, -1.000000000000000000 ) ) ;
#3922 = DIRECTION ( 'NONE',  ( 0.9993263278466425481, 0.03670000643793510514, 0.000000000000000000 ) ) ;
#3923 = FACE_OUTER_BOUND ( 'NONE', #5220, .T. ) ;
#3924 = FACE_OUTER_BOUND ( 'NONE', #742, .T. ) ;
#3925 = EDGE_LOOP ( 'NONE', ( #2678, #1807, #6155, #2045 ) ) ;
#3926 = CARTESIAN_POINT ( 'NONE',  ( 116.3940701465617451, 44.47234886425101053, 40.74886851933005971 ) ) ;
#3927 = EDGE_LOOP ( 'NONE', ( #5033, #6047, #52, #2119 ) ) ;
#3928 = ORIENTED_EDGE ( 'NONE', *, *, #498, .F. ) ;
#3929 = CARTESIAN_POINT ( 'NONE',  ( 186.6676197587139256, 0.07203536032383085763, -288.0000000000000000 ) ) ;
#3930 = FACE_BOUND ( 'NONE', #801, .T. ) ;
#3931 = ORIENTED_EDGE ( 'NONE', *, *, #5155, .T. ) ;
#3932 = EDGE_CURVE ( 'NONE', #5217, #417, #6093, .T. ) ;
#3933 = CARTESIAN_POINT ( 'NONE',  ( 154.3747233051220178, -0.7912324730635189596, -221.0000000000000000 ) ) ;
#3934 = VECTOR ( 'NONE', #5548, 1000.000000000000000 ) ;
#3935 = EDGE_LOOP ( 'NONE', ( #143, #1934, #121, #4206, #2118, #5349, #5016, #5262 ) ) ;
#3936 = CARTESIAN_POINT ( 'NONE',  ( 152.0777421034210874, -1.165244497598746376, 9.804599309964982597E-15 ) ) ;
#3937 = CARTESIAN_POINT ( 'NONE',  ( 34.97434225011095776, 138.3931575658926363, -83.53423733555089825 ) ) ;
#3938 = DIRECTION ( 'NONE',  ( -6.378601426329706152E-17, -5.352281928482944175E-17, 1.000000000000000000 ) ) ;
#3939 = ADVANCED_FACE ( 'NONE', ( #5679 ), #4579, .T. ) ;
#3940 = DIRECTION ( 'NONE',  ( 0.000000000000000000, -1.000000000000000000, 1.048297769837185521E-48 ) ) ;
#3941 = CARTESIAN_POINT ( 'NONE',  ( 6.471609468543366717, -4.390733250623561013, 0.000000000000000000 ) ) ;
#3942 = AXIS2_PLACEMENT_3D ( 'NONE', #1443, #4332, #6209 ) ;
#3943 = ORIENTED_EDGE ( 'NONE', *, *, #94, .F. ) ;
#3944 = EDGE_CURVE ( 'NONE', #3991, #4550, #5160, .T. ) ;
#3945 = DIRECTION ( 'NONE',  ( 0.000000000000000000, -1.000000000000000000, 1.048297769837185521E-48 ) ) ;
#3946 = FACE_OUTER_BOUND ( 'NONE', #2941, .T. ) ;
#3947 = ADVANCED_FACE ( 'NONE', ( #185 ), #1273, .F. ) ;
#3948 = AXIS2_PLACEMENT_3D ( 'NONE', #217, #5096, #1239 ) ;
#3949 = PLANE ( 'NONE',  #4140 ) ;
#3950 = CARTESIAN_POINT ( 'NONE',  ( 152.0777421034210874, -1.165244497598732387, -75.23147659367238305 ) ) ;
#3951 = AXIS2_PLACEMENT_3D ( 'NONE', #227, #2201, #325 ) ;
#3952 = DIRECTION ( 'NONE',  ( -6.378601426329706152E-17, -5.352281928482944175E-17, 1.000000000000000000 ) ) ;
#3953 = ORIENTED_EDGE ( 'NONE', *, *, #3009, .F. ) ;
#3954 = AXIS2_PLACEMENT_3D ( 'NONE', #2538, #5542, #84 ) ;
#3955 = CARTESIAN_POINT ( 'NONE',  ( 70.81193865535313137, -2.107929914808456040, -519.0000000000007958 ) ) ;
#3956 = DIRECTION ( 'NONE',  ( 0.000000000000000000, 0.7938448021158674983, 0.6081204076115347412 ) ) ;
#3957 = CARTESIAN_POINT ( 'NONE',  ( 88.66911395920068628, 74.40221837649806957, -207.3857090794443252 ) ) ;
#3958 = CARTESIAN_POINT ( 'NONE',  ( 154.7820051188861896, -1.276612053755953768, -48.00000000000000000 ) ) ;
#3959 = ORIENTED_EDGE ( 'NONE', *, *, #6246, .T. ) ;
#3960 = CARTESIAN_POINT ( 'NONE',  ( 146.5281689998066383, 5.448479403202890481, -157.7187869762735488 ) ) ;
#3961 = ORIENTED_EDGE ( 'NONE', *, *, #3816, .T. ) ;
#3962 = VERTEX_POINT ( 'NONE', #3673 ) ;
#3963 = CARTESIAN_POINT ( 'NONE',  ( 146.5281689998066099, 5.448479403202887816, -79.35279693723198591 ) ) ;
#3964 = ORIENTED_EDGE ( 'NONE', *, *, #1068, .F. ) ;
#3965 = LINE ( 'NONE', #86, #652 ) ;
#3966 = VERTEX_POINT ( 'NONE', #3641 ) ;
#3967 = CARTESIAN_POINT ( 'NONE',  ( 187.2736217652505673, -0.08335546250855434269, -519.0000000000000000 ) ) ;
#3968 = VECTOR ( 'NONE', #2940, 1000.000000000000000 ) ;
#3969 = LINE ( 'NONE', #5934, #2793 ) ;
#3970 = DIRECTION ( 'NONE',  ( 0.6427875972985983566, -0.7660444535136945454, 0.000000000000000000 ) ) ;
#3971 = CARTESIAN_POINT ( 'NONE',  ( 146.5270637591439424, 8.561244291461797218, -133.8032853722272364 ) ) ;
#3972 = ORIENTED_EDGE ( 'NONE', *, *, #1536, .F. ) ;
#3973 = CARTESIAN_POINT ( 'NONE',  ( 25.76715289772027973, -5.642793565112111942, 0.000000000000000000 ) ) ;
#3974 = AXIS2_PLACEMENT_3D ( 'NONE', #5373, #4406, #2433 ) ;
#3975 = EDGE_LOOP ( 'NONE', ( #4409, #4724, #2910 ) ) ;
#3976 = VECTOR ( 'NONE', #5886, 1000.000000000000000 ) ;
#3977 = DIRECTION ( 'NONE',  ( 0.000000000000000000, 0.000000000000000000, -1.000000000000000000 ) ) ;
#3978 = DIRECTION ( 'NONE',  ( -6.378601426329706152E-17, -5.352281928482944175E-17, 1.000000000000000000 ) ) ;
#3979 = CARTESIAN_POINT ( 'NONE',  ( 154.7820050345175105, -1.276611953209101147, -103.0000000000000142 ) ) ;
#3980 = CARTESIAN_POINT ( 'NONE',  ( 180.4497586472148498, 1.542193397414797440, -105.0000000000000000 ) ) ;
#3981 = LINE ( 'NONE', #1506, #5726 ) ;
#3982 = VERTEX_POINT ( 'NONE', #2225 ) ;
#3983 = ADVANCED_FACE ( 'NONE', ( #4186 ), #6161, .T. ) ;
#3984 = CARTESIAN_POINT ( 'NONE',  ( 2.280316609713631593, 3.374884095302350229, 0.000000000000000000 ) ) ;
#3985 = CARTESIAN_POINT ( 'NONE',  ( 154.3747230897488407, -0.7912322163916676310, -100.0000000000000000 ) ) ;
#3986 = LINE ( 'NONE', #5403, #5928 ) ;
#3987 = CARTESIAN_POINT ( 'NONE',  ( 152.0777421034210874, -1.165244497598723949, -89.98640020981726195 ) ) ;
#3988 = VERTEX_POINT ( 'NONE', #2606 ) ;
#3989 = CARTESIAN_POINT ( 'NONE',  ( 153.6098310104484597, 0.1203306969985041414, -64.47655302367238050 ) ) ;
#3990 = EDGE_LOOP ( 'NONE', ( #3768, #2626, #4964, #222 ) ) ;
#3991 = VERTEX_POINT ( 'NONE', #3081 ) ;
#3992 = ORIENTED_EDGE ( 'NONE', *, *, #935, .F. ) ;
#3993 = AXIS2_PLACEMENT_3D ( 'NONE', #6137, #5264, #3189 ) ;
#3994 = CARTESIAN_POINT ( 'NONE',  ( 154.7820052437348863, -1.276612202544788355, -226.8530061126210171 ) ) ;
#3995 = ORIENTED_EDGE ( 'NONE', *, *, #5350, .F. ) ;
#3996 = CARTESIAN_POINT ( 'NONE',  ( 186.7208323984095273, -0.1036589944081389436, -287.9999999999996589 ) ) ;
#3997 = FACE_BOUND ( 'NONE', #2351, .T. ) ;
#3998 = CARTESIAN_POINT ( 'NONE',  ( 154.3747231731879879, -0.7912323158307347226, -45.00000000000000711 ) ) ;
#3999 = CARTESIAN_POINT ( 'NONE',  ( 34.97434225011095776, 138.3931575658926363, -83.53423733555089825 ) ) ;
#4000 = CARTESIAN_POINT ( 'NONE',  ( 154.7820051188861896, -1.276612053755953768, -52.00000000000000711 ) ) ;
#4001 = ORIENTED_EDGE ( 'NONE', *, *, #390, .T. ) ;
#4002 = CARTESIAN_POINT ( 'NONE',  ( 85.53318235361022914, -3.585490271141727359, -518.9999999999997726 ) ) ;
#4003 = ORIENTED_EDGE ( 'NONE', *, *, #995, .T. ) ;
#4004 = ADVANCED_FACE ( 'NONE', ( #3216 ), #5194, .F. ) ;
#4005 = PLANE ( 'NONE',  #1228 ) ;
#4006 = EDGE_CURVE ( 'NONE', #4452, #5435, #662, .T. ) ;
#4007 = CARTESIAN_POINT ( 'NONE',  ( 146.5281689998066383, 5.448479403202890481, -242.3261105482872608 ) ) ;
#4008 = DIRECTION ( 'NONE',  ( 0.7660444535136902156, 0.6427875972986035746, 0.000000000000000000 ) ) ;
#4009 = DIRECTION ( 'NONE',  ( -6.378601426329706152E-17, -5.352281928482944175E-17, 1.000000000000000000 ) ) ;
#4010 = EDGE_CURVE ( 'NONE', #3339, #5576, #2737, .T. ) ;
#4011 = CARTESIAN_POINT ( 'NONE',  ( 184.3164905826809843, -0.1919649553590160596, -221.0000000000000000 ) ) ;
#4012 = CARTESIAN_POINT ( 'NONE',  ( 161.6218146476519166, -9.427979900025960092, -111.1107496186580050 ) ) ;
#4013 = EDGE_CURVE ( 'NONE', #686, #3982, #2253, .T. ) ;
#4014 = VERTEX_POINT ( 'NONE', #1651 ) ;
#4015 = CARTESIAN_POINT ( 'NONE',  ( 1.005837300054642336, -2.262218202314719484, 0.000000000000000000 ) ) ;
#4016 = CARTESIAN_POINT ( 'NONE',  ( 184.3164905826809559, 0.3083716158436003996, -100.0000000000000000 ) ) ;
#4017 = CARTESIAN_POINT ( 'NONE',  ( 159.3691273824947814, -1.108149264770946996, -225.9999999999998010 ) ) ;
#4018 = PLANE ( 'NONE',  #2109 ) ;
#4019 = ORIENTED_EDGE ( 'NONE', *, *, #3213, .F. ) ;
#4020 = CARTESIAN_POINT ( 'NONE',  ( 158.0204000622703120, -1.157681946949922214, -102.9999999999999147 ) ) ;
#4021 = ORIENTED_EDGE ( 'NONE', *, *, #5544, .F. ) ;
#4022 = ORIENTED_EDGE ( 'NONE', *, *, #3332, .T. ) ;
#4023 = ORIENTED_EDGE ( 'NONE', *, *, #2462, .F. ) ;
#4024 = VECTOR ( 'NONE', #2844, 1000.000000000000000 ) ;
#4025 = FACE_BOUND ( 'NONE', #2770, .T. ) ;
#4026 = ORIENTED_EDGE ( 'NONE', *, *, #2550, .T. ) ;
#4027 = DIRECTION ( 'NONE',  ( 0.000000000000000000, 0.000000000000000000, -1.000000000000000000 ) ) ;
#4028 = CARTESIAN_POINT ( 'NONE',  ( 90.20120286622805850, 75.68779357109526984, -87.98640020981726195 ) ) ;
#4029 = VECTOR ( 'NONE', #642, 1000.000000000000000 ) ;
#4030 = CARTESIAN_POINT ( 'NONE',  ( 184.3164905826809843, -0.1919649553590160596, -229.0000000000000000 ) ) ;
#4031 = CARTESIAN_POINT ( 'NONE',  ( 143.3164907601397715, 9.276008609284451367, 0.000000000000000000 ) ) ;
#4032 = CARTESIAN_POINT ( 'NONE',  ( 146.5551284178037292, 8.527798132580686641, -160.1469950980616943 ) ) ;
#4033 = ORIENTED_EDGE ( 'NONE', *, *, #995, .F. ) ;
#4034 = CARTESIAN_POINT ( 'NONE',  ( 71.54056168549112726, -2.405780574064735777, -519.0000000000001137 ) ) ;
#4035 = ORIENTED_EDGE ( 'NONE', *, *, #6177, .T. ) ;
#4036 = EDGE_CURVE ( 'NONE', #2300, #3364, #3605, .T. ) ;
#4037 = VECTOR ( 'NONE', #933, 1000.000000000000000 ) ;
#4038 = CARTESIAN_POINT ( 'NONE',  ( 146.5281689998066383, 5.448479403202869165, -257.0811869321424297 ) ) ;
#4039 = CARTESIAN_POINT ( 'NONE',  ( 146.5281689998066383, 5.448479403202869165, -169.1207854632994270 ) ) ;
#4040 = LINE ( 'NONE', #2009, #4070 ) ;
#4041 = CARTESIAN_POINT ( 'NONE',  ( 152.0777421034210590, -1.165244497598712403, -117.3325430165691188 ) ) ;
#4042 = LINE ( 'NONE', #4103, #445 ) ;
#4043 = CARTESIAN_POINT ( 'NONE',  ( 184.3164905826809843, -6.647825509190094628, -286.0000000000000568 ) ) ;
#4044 = VERTEX_POINT ( 'NONE', #1176 ) ;
#4045 = B_SPLINE_CURVE_WITH_KNOTS ( 'NONE', 3,
 ( #1791, #4366, #3796, #6212, #1359, #1418, #5364, #4852, #5334, #5790 ),
 .UNSPECIFIED., .F., .F.,
 ( 4, 3, 3, 4 ),
 ( 0.003000000000000030420, 0.01279509168931461383, 0.05373938509512110606, 0.05799999999999998906 ),
 .UNSPECIFIED. ) ;
#4046 = AXIS2_PLACEMENT_3D ( 'NONE', #267, #200, #5177 ) ;
#4047 = CARTESIAN_POINT ( 'NONE',  ( 104.4998822574198556, 14.99257463012786573, 0.000000000000000000 ) ) ;
#4048 = CARTESIAN_POINT ( 'NONE',  ( 184.3164905826809843, -6.647825509190094628, -103.0000000000000142 ) ) ;
#4049 = LINE ( 'NONE', #6018, #398 ) ;
#4050 = CARTESIAN_POINT ( 'NONE',  ( 152.0777421034210306, -1.165244497598677098, 9.804599309964982597E-15 ) ) ;
#4051 = ORIENTED_EDGE ( 'NONE', *, *, #708, .F. ) ;
#4052 = EDGE_CURVE ( 'NONE', #3708, #5662, #5097, .T. ) ;
#4053 = ORIENTED_EDGE ( 'NONE', *, *, #5716, .F. ) ;
#4054 = ORIENTED_EDGE ( 'NONE', *, *, #4486, .F. ) ;
#4055 = ORIENTED_EDGE ( 'NONE', *, *, #2353, .F. ) ;
#4056 = AXIS2_PLACEMENT_3D ( 'NONE', #2358, #481, #3848 ) ;
#4057 = FACE_OUTER_BOUND ( 'NONE', #1765, .T. ) ;
#4058 = VERTEX_POINT ( 'NONE', #2673 ) ;
#4059 = LINE ( 'NONE', #2122, #2884 ) ;
#4060 = EDGE_CURVE ( 'NONE', #3734, #6293, #2939, .T. ) ;
#4061 = DIRECTION ( 'NONE',  ( -6.378601426329706152E-17, -5.352281928482944175E-17, 1.000000000000000000 ) ) ;
#4062 = CARTESIAN_POINT ( 'NONE',  ( 88.66911395920068628, 74.40221837649806957, -144.9638633601287552 ) ) ;
#4063 = CARTESIAN_POINT ( 'NONE',  ( 184.3164905826809559, -0.1919654642323809224, -100.4409816621371192 ) ) ;
#4064 = CARTESIAN_POINT ( 'NONE',  ( 148.0602579068340106, 6.734054597800085418, -98.62000348240258063 ) ) ;
#4065 = ORIENTED_EDGE ( 'NONE', *, *, #4453, .T. ) ;
#4066 = CARTESIAN_POINT ( 'NONE',  ( 93.92660481693390295, 9.971793170292942321, -519.0000000000003411 ) ) ;
#4067 = VERTEX_POINT ( 'NONE', #1450 ) ;
#4068 = CARTESIAN_POINT ( 'NONE',  ( 146.5281689998066099, 5.448479403202893145, -181.8757090794443059 ) ) ;
#4069 = DIRECTION ( 'NONE',  ( -0.6427875972986035746, 0.7660444535136902156, -6.018531076210112041E-33 ) ) ;
#4070 = VECTOR ( 'NONE', #3978, 1000.000000000000000 ) ;
#4071 = LINE ( 'NONE', #613, #5900 ) ;
#4072 =( NAMED_UNIT ( * ) PLANE_ANGLE_UNIT ( ) SI_UNIT ( $, .RADIAN. ) );
#4073 = DIRECTION ( 'NONE',  ( 0.6427875972986035746, -0.7660444535136902156, 6.018531076210112041E-33 ) ) ;
#4074 = PLANE ( 'NONE',  #1315 ) ;
#4075 = VECTOR ( 'NONE', #5305, 1000.000000000000000 ) ;
#4076 = ORIENTED_EDGE ( 'NONE', *, *, #4676, .T. ) ;
#4077 = CARTESIAN_POINT ( 'NONE',  ( 80.74501047614974425, 16.81121638947341523, 0.000000000000000000 ) ) ;
#4078 = CARTESIAN_POINT ( 'NONE',  ( 184.3164905826809843, -0.1919649553590160596, -224.0000000000000000 ) ) ;
#4079 = CARTESIAN_POINT ( 'NONE',  ( 184.3164905826809843, -0.1919649553590160596, -226.0000000000000000 ) ) ;
#4080 = CARTESIAN_POINT ( 'NONE',  ( 42.49131885028619138, 129.4347734029800279, -71.83989750732985158 ) ) ;
#4081 = ORIENTED_EDGE ( 'NONE', *, *, #2085, .F. ) ;
#4082 = ORIENTED_EDGE ( 'NONE', *, *, #2680, .T. ) ;
#4083 = EDGE_CURVE ( 'NONE', #4912, #3443, #2495, .T. ) ;
#4084 = EDGE_CURVE ( 'NONE', #2405, #917, #4468, .T. ) ;
#4085 = DIRECTION ( 'NONE',  ( 0.000000000000000000, -0.7938448022037754015, -0.6081204074967792028 ) ) ;
#4086 = VERTEX_POINT ( 'NONE', #3428 ) ;
#4087 = VECTOR ( 'NONE', #1967, 1000.000000000000000 ) ;
#4088 = CARTESIAN_POINT ( 'NONE',  ( 184.3164905826810127, 0.6292065984862216244, -2.853006112620601886 ) ) ;
#4089 = EDGE_CURVE ( 'NONE', #123, #2787, #1483, .T. ) ;
#4090 = CARTESIAN_POINT ( 'NONE',  ( 147.8917274065439926, 3.823453719893263880, -53.77894174285808759 ) ) ;
#4091 = CARTESIAN_POINT ( 'NONE',  ( 146.5634967003359179, 8.517825201481613817, -167.8404673021995279 ) ) ;
#4092 = LINE ( 'NONE', #2736, #6318 ) ;
#4093 = DIRECTION ( 'NONE',  ( 1.000000000000000000, 0.000000000000000000, 0.000000000000000000 ) ) ;
#4094 = DIRECTION ( 'NONE',  ( -0.4545194689124500420, 0.5416752277698730911, 0.7071067811865480168 ) ) ;
#4095 = ORIENTED_EDGE ( 'NONE', *, *, #5474, .F. ) ;
#4096 = CARTESIAN_POINT ( 'NONE',  ( 72.63083485539654305, 3.725154288934815927, -518.9999999999985221 ) ) ;
#4097 = ORIENTED_EDGE ( 'NONE', *, *, #4367, .T. ) ;
#4098 = ORIENTED_EDGE ( 'NONE', *, *, #3134, .T. ) ;
#4099 = CARTESIAN_POINT ( 'NONE',  ( 154.3747233051220178, -0.7912324730635189596, -226.0000000000000000 ) ) ;
#4100 = DIRECTION ( 'NONE',  ( 0.000000000000000000, 0.000000000000000000, -1.000000000000000000 ) ) ;
#4101 = FACE_OUTER_BOUND ( 'NONE', #1870, .T. ) ;
#4102 =( LENGTH_UNIT ( ) NAMED_UNIT ( * ) SI_UNIT ( .MILLI., .METRE. ) );
#4103 = CARTESIAN_POINT ( 'NONE',  ( 169.8205704511955787, -19.19887690459308516, -123.8657496186580289 ) ) ;
#4104 = FACE_OUTER_BOUND ( 'NONE', #633, .T. ) ;
#4105 = ORIENTED_EDGE ( 'NONE', *, *, #3727, .F. ) ;
#4106 = CARTESIAN_POINT ( 'NONE',  ( 108.9147676312087754, 10.72864558725206230, -519.0000000000003411 ) ) ;
#4107 = CARTESIAN_POINT ( 'NONE',  ( 184.3164905826810127, -0.1919649717478474071, -222.2939877747580795 ) ) ;
#4108 = CARTESIAN_POINT ( 'NONE',  ( 154.7820052418864805, -1.276612200341903369, -221.0000000000000000 ) ) ;
#4109 = CARTESIAN_POINT ( 'NONE',  ( 146.5281689998066099, 5.448479403202889593, -119.4538633601287501 ) ) ;
#4110 = ORIENTED_EDGE ( 'NONE', *, *, #4871, .T. ) ;
#4111 = EDGE_CURVE ( 'NONE', #6180, #565, #3892, .T. ) ;
#4112 = ORIENTED_EDGE ( 'NONE', *, *, #935, .T. ) ;
#4113 = LINE ( 'NONE', #1736, #5523 ) ;
#4114 = EDGE_LOOP ( 'NONE', ( #2791, #3686, #2398 ) ) ;
#4115 = CARTESIAN_POINT ( 'NONE',  ( 146.5281689998066383, 5.448479403202890481, -205.3857090794443252 ) ) ;
#4116 = AXIS2_PLACEMENT_3D ( 'NONE', #1064, #5559, #5465 ) ;
#4117 = CARTESIAN_POINT ( 'NONE',  ( 34.70200647458120358, -5.588821766112088696, 0.000000000000000000 ) ) ;
#4118 = CARTESIAN_POINT ( 'NONE',  ( 146.6127420151777585, 8.459136918672980343, -211.2049302347194271 ) ) ;
#4119 = DIRECTION ( 'NONE',  ( -0.4545194689124500420, 0.5416752277698730911, 0.7071067811865480168 ) ) ;
#4120 = CARTESIAN_POINT ( 'NONE',  ( 141.7227456530524137, 14.28680784239818458, -226.0000000000000000 ) ) ;
#4121 = CARTESIAN_POINT ( 'NONE',  ( 154.3747231386197711, -0.7912322746338683599, -158.0000000000000000 ) ) ;
#4122 = ORIENTED_EDGE ( 'NONE', *, *, #4396, .F. ) ;
#4123 = CARTESIAN_POINT ( 'NONE',  ( 101.4114260866250277, 10.52563944550377961, -519.0000000000001137 ) ) ;
#4124 = EDGE_LOOP ( 'NONE', ( #4853, #477, #5513, #4003 ) ) ;
#4125 = EDGE_LOOP ( 'NONE', ( #4754, #750, #4542, #6198 ) ) ;
#4126 = DIRECTION ( 'NONE',  ( 0.4545194689124509857, -0.5416752277698740903, -0.7071067811865465735 ) ) ;
#4127 = EDGE_CURVE ( 'NONE', #622, #5311, #3986, .T. ) ;
#4128 = CARTESIAN_POINT ( 'NONE',  ( 146.5560522104612176, 8.526697199326170207, -161.0000000000000000 ) ) ;
#4129 = PLANE ( 'NONE',  #1183 ) ;
#4130 = CARTESIAN_POINT ( 'NONE',  ( 88.66911395920067207, 74.40221837649805536, -53.77894174285809470 ) ) ;
#4131 = PLANE ( 'NONE',  #3656 ) ;
#4132 = CARTESIAN_POINT ( 'NONE',  ( 184.3164905826809843, -0.1919656617857687653, -45.00000000000003553 ) ) ;
#4133 = EDGE_CURVE ( 'NONE', #3797, #589, #4437, .T. ) ;
#4134 = EDGE_CURVE ( 'NONE', #1141, #3238, #1923, .T. ) ;
#4135 = CARTESIAN_POINT ( 'NONE',  ( 74.92793094990652492, 5.060210320560393882, -518.9999999999994316 ) ) ;
#4136 = CARTESIAN_POINT ( 'NONE',  ( 146.4712784617477723, 8.627726622231078224, -77.46994954811754042 ) ) ;
#4137 = LINE ( 'NONE', #848, #4771 ) ;
#4138 = CARTESIAN_POINT ( 'NONE',  ( 90.20120286622807271, 75.68779357109528405, -242.3261105482872608 ) ) ;
#4139 = EDGE_LOOP ( 'NONE', ( #1524, #4644, #3778, #3728 ) ) ;
#4140 = AXIS2_PLACEMENT_3D ( 'NONE', #2042, #1605, #1539 ) ;
#4141 = ORIENTED_EDGE ( 'NONE', *, *, #5660, .T. ) ;
#4142 = ORIENTED_EDGE ( 'NONE', *, *, #2238, .T. ) ;
#4143 = VECTOR ( 'NONE', #3215, 1000.000000000000114 ) ;
#4144 = CARTESIAN_POINT ( 'NONE',  ( 184.3164905826810411, -0.1919654899383106406, -93.46993887379035471 ) ) ;
#4145 = ORIENTED_EDGE ( 'NONE', *, *, #1921, .F. ) ;
#4146 = CARTESIAN_POINT ( 'NONE',  ( 209.3109487235736310, -66.26167862921873564, -185.3018732127386272 ) ) ;
#4147 = VECTOR ( 'NONE', #2254, 1000.000000000000000 ) ;
#4148 = B_SPLINE_CURVE_WITH_KNOTS ( 'NONE', 3,
 ( #1061, #2991, #1031, #5876, #612, #1097, #3551, #1472, #2484, #5394 ),
 .UNSPECIFIED., .F., .F.,
 ( 4, 3, 3, 4 ),
 ( 0.001000000000000007827, 0.002559018337862914438, 0.01279509168931456525, 0.04799999999999999406 ),
 .UNSPECIFIED. ) ;
#4149 = CARTESIAN_POINT ( 'NONE',  ( 182.5314947306298166, -0.2575301722529240167, 0.000000000000000000 ) ) ;
#4150 = DIRECTION ( 'NONE',  ( 0.7660444535136902156, 0.6427875972986035746, 0.000000000000000000 ) ) ;
#4151 = LINE ( 'NONE', #5678, #6214 ) ;
#4152 = DIRECTION ( 'NONE',  ( -6.378601426329706152E-17, -5.352281928482944175E-17, 1.000000000000000000 ) ) ;
#4153 = DIRECTION ( 'NONE',  ( 0.7660444535136902156, 0.6427875972986035746, 0.000000000000000000 ) ) ;
#4154 = EDGE_LOOP ( 'NONE', ( #4648, #6164, #2073, #3829 ) ) ;
#4155 = VECTOR ( 'NONE', #3472, 1000.000000000000000 ) ;
#4156 = CARTESIAN_POINT ( 'NONE',  ( 27.33199083377587257, 13.97392873730581186, 0.000000000000000000 ) ) ;
#4157 = VERTEX_POINT ( 'NONE', #1009 ) ;
#4158 = EDGE_LOOP ( 'NONE', ( #439, #5738, #5344 ) ) ;
#4159 = AXIS2_PLACEMENT_3D ( 'NONE', #3792, #427, #5846 ) ;
#4160 = FACE_OUTER_BOUND ( 'NONE', #240, .T. ) ;
#4161 = FACE_OUTER_BOUND ( 'NONE', #4662, .T. ) ;
#4162 = CARTESIAN_POINT ( 'NONE',  ( 152.0777421034210590, -1.165244497598670215, -280.5910341644319601 ) ) ;
#4163 = CARTESIAN_POINT ( 'NONE',  ( 165.4347166036342571, 4.891025248905193301, -50.00000000000000000 ) ) ;
#4164 = LINE ( 'NONE', #5110, #177 ) ;
#4165 = EDGE_CURVE ( 'NONE', #3498, #1552, #2019, .T. ) ;
#4166 = ORIENTED_EDGE ( 'NONE', *, *, #355, .T. ) ;
#4167 = ADVANCED_FACE ( 'NONE', ( #2967 ), #975, .T. ) ;
#4168 = CARTESIAN_POINT ( 'NONE',  ( 95.79389313773053516, 10.15838271942708460, -519.0000000000001137 ) ) ;
#4169 = AXIS2_PLACEMENT_3D ( 'NONE', #4238, #5245, #2364 ) ;
#4170 = CARTESIAN_POINT ( 'NONE',  ( 148.0602579068340106, 6.734054597800090747, 9.804599309964982597E-15 ) ) ;
#4171 = CARTESIAN_POINT ( 'NONE',  ( 184.3164905826810696, 0.6288253736801515670, -266.0912872931066318 ) ) ;
#4172 = CARTESIAN_POINT ( 'NONE',  ( 184.3164905826809559, 0.6290942038936987446, -105.0000000000000284 ) ) ;
#4173 = ORIENTED_EDGE ( 'NONE', *, *, #6100, .T. ) ;
#4174 = VECTOR ( 'NONE', #6217, 1000.000000000000000 ) ;
#4175 = ADVANCED_FACE ( 'NONE', ( #4888 ), #5255, .T. ) ;
#4176 = AXIS2_PLACEMENT_3D ( 'NONE', #524, #862, #3458 ) ;
#4177 = VERTEX_POINT ( 'NONE', #41 ) ;
#4178 = VERTEX_POINT ( 'NONE', #5441 ) ;
#4179 = DIRECTION ( 'NONE',  ( 0.6427875972986035746, -0.7660444535136902156, 6.018531076210112041E-33 ) ) ;
#4180 = ORIENTED_EDGE ( 'NONE', *, *, #5757, .F. ) ;
#4181 = LINE ( 'NONE', #5281, #4649 ) ;
#4182 = ORIENTED_EDGE ( 'NONE', *, *, #1081, .F. ) ;
#4183 = CARTESIAN_POINT ( 'NONE',  ( 73.39784499682926366, -4.265261773012135826, 0.000000000000000000 ) ) ;
#4184 = DIRECTION ( 'NONE',  ( -0.4545194689124505971, 0.5416752277698736462, -0.7071067811865470176 ) ) ;
#4185 = CARTESIAN_POINT ( 'NONE',  ( 0.000000000000000000, 0.000000000000000000, -161.0000000000000000 ) ) ;
#4186 = FACE_OUTER_BOUND ( 'NONE', #2772, .T. ) ;
#4187 = FACE_BOUND ( 'NONE', #4158, .T. ) ;
#4189 = ORIENTED_EDGE ( 'NONE', *, *, #3893, .F. ) ;
#4188 = DIRECTION ( 'NONE',  ( -0.6427875972986035746, 0.7660444535136902156, -6.018531076210112041E-33 ) ) ;
#4190 = CARTESIAN_POINT ( 'NONE',  ( 74.09458103720170641, 4.628645599129887600, -519.0000000000001137 ) ) ;
#4191 = ORIENTED_EDGE ( 'NONE', *, *, #534, .T. ) ;
#4192 = ORIENTED_EDGE ( 'NONE', *, *, #3271, .F. ) ;
#4193 = EDGE_CURVE ( 'NONE', #635, #5673, #3250, .T. ) ;
#4194 = CARTESIAN_POINT ( 'NONE',  ( 152.0777421034210590, -1.165244497598670215, -244.3261105482872608 ) ) ;
#4195 = LINE ( 'NONE', #2166, #5949 ) ;
#4196 = CARTESIAN_POINT ( 'NONE',  ( 88.66911395920185157, 74.40221837649669112, -280.5910341644325854 ) ) ;
#4197 = CARTESIAN_POINT ( 'NONE',  ( 183.3682539534259206, 0.8533092653526744842, -162.9999999999999716 ) ) ;
#4198 = LINE ( 'NONE', #1755, #4029 ) ;
#4199 = ADVANCED_FACE ( 'NONE', ( #1803 ), #4252, .T. ) ;
#4200 = EDGE_LOOP ( 'NONE', ( #4383, #4470, #3964, #5023 ) ) ;
#4201 = EDGE_CURVE ( 'NONE', #2863, #5197, #10, .T. ) ;
#4202 = DIRECTION ( 'NONE',  ( -0.4545194689124500420, 0.5416752277698730911, 0.7071067811865480168 ) ) ;
#4203 = PLANE ( 'NONE',  #1362 ) ;
#4204 = EDGE_CURVE ( 'NONE', #1760, #2379, #2314, .T. ) ;
#4205 = DIRECTION ( 'NONE',  ( 0.4545194689124497089, -0.5416752277698725360, 0.7071067811865484609 ) ) ;
#4206 = ORIENTED_EDGE ( 'NONE', *, *, #6100, .F. ) ;
#4207 = ORIENTED_EDGE ( 'NONE', *, *, #1509, .F. ) ;
#4208 = ORIENTED_EDGE ( 'NONE', *, *, #3613, .F. ) ;
#4209 = LINE ( 'NONE', #6184, #180 ) ;
#4210 = ORIENTED_EDGE ( 'NONE', *, *, #2603, .F. ) ;
#4211 = CARTESIAN_POINT ( 'NONE',  ( 154.7820050332675237, -1.276611951719498039, -107.5590183378628950 ) ) ;
#4212 = EDGE_CURVE ( 'NONE', #172, #5915, #2767, .T. ) ;
#4213 = VERTEX_POINT ( 'NONE', #1039 ) ;
#4214 = EDGE_CURVE ( 'NONE', #1903, #4536, #4952, .T. ) ;
#4215 = CARTESIAN_POINT ( 'NONE',  ( 186.5669588114145370, -0.1093106539179982822, 0.000000000000000000 ) ) ;
#4216 = CARTESIAN_POINT ( 'NONE',  ( 152.0777421034210590, -1.165244497598718620, -177.7543887358846746 ) ) ;
#4217 = CARTESIAN_POINT ( 'NONE',  ( 184.3164905826809843, -0.1919652221612422049, -161.0000000000000000 ) ) ;
#4218 = CARTESIAN_POINT ( 'NONE',  ( 0.000000000000000000, 0.000000000000000000, -103.0000000000000142 ) ) ;
#4219 = PLANE ( 'NONE',  #5806 ) ;
#4221 = ORIENTED_EDGE ( 'NONE', *, *, #322, .T. ) ;
#4220 = CARTESIAN_POINT ( 'NONE',  ( 148.8588896438103291, 8.049028480575159961, -226.0000000000000284 ) ) ;
#4222 = CARTESIAN_POINT ( 'NONE',  ( 152.0777421034210590, -1.165244497598677098, -255.0810341644319976 ) ) ;
#4223 = VECTOR ( 'NONE', #1034, 1000.000000000000000 ) ;
#4224 = ORIENTED_EDGE ( 'NONE', *, *, #4962, .T. ) ;
#4225 = ORIENTED_EDGE ( 'NONE', *, *, #5546, .T. ) ;
#4226 = EDGE_CURVE ( 'NONE', #3286, #5719, #348, .T. ) ;
#4227 = DIRECTION ( 'NONE',  ( -0.4545194689124505416, 0.5416752277698733131, 0.7071067811865473507 ) ) ;
#4228 = CARTESIAN_POINT ( 'NONE',  ( 184.3164905826809843, -0.1919656376633245842, -50.00000000000000000 ) ) ;
#4229 = CARTESIAN_POINT ( 'NONE',  ( 146.5281689998066383, 5.448479403202869165, -134.2089397439838763 ) ) ;
#4230 = DIRECTION ( 'NONE',  ( 0.2306599895875627027, 0.9730344131650563444, -2.358140146996738124E-18 ) ) ;
#4231 = EDGE_CURVE ( 'NONE', #1373, #2148, #5568, .T. ) ;
#4232 = FACE_BOUND ( 'NONE', #3782, .T. ) ;
#4233 = AXIS2_PLACEMENT_3D ( 'NONE', #3914, #547, #4461 ) ;
#4234 = ORIENTED_EDGE ( 'NONE', *, *, #498, .T. ) ;
#4235 = VECTOR ( 'NONE', #3735, 999.9999999999998863 ) ;
#4236 = CARTESIAN_POINT ( 'NONE',  ( 153.5357213043734532, 7.365898744728823999, 0.000000000000000000 ) ) ;
#4237 = LINE ( 'NONE', #3168, #1486 ) ;
#4238 = CARTESIAN_POINT ( 'NONE',  ( 88.66911395920067207, 74.40221837649805536, -89.98640020981726195 ) ) ;
#4239 = VERTEX_POINT ( 'NONE', #1164 ) ;
#4240 = ORIENTED_EDGE ( 'NONE', *, *, #3257, .F. ) ;
#4241 = VECTOR ( 'NONE', #389, 1000.000000000000000 ) ;
#4242 = EDGE_CURVE ( 'NONE', #2964, #6180, #5600, .T. ) ;
#4243 = AXIS2_PLACEMENT_3D ( 'NONE', #5664, #4202, #1757 ) ;
#4244 = CARTESIAN_POINT ( 'NONE',  ( 153.6098310104484312, 0.1203306969985301622, 9.804599309964982597E-15 ) ) ;
#4245 = ORIENTED_EDGE ( 'NONE', *, *, #3531, .T. ) ;
#4246 = CARTESIAN_POINT ( 'NONE',  ( 131.3087949667356327, 23.58622367982167845, -66.33556899158223530 ) ) ;
#4247 = ORIENTED_EDGE ( 'NONE', *, *, #6327, .T. ) ;
#4248 = VECTOR ( 'NONE', #3970, 1000.000000000000000 ) ;
#4249 = CARTESIAN_POINT ( 'NONE',  ( 94.91451461309853244, -3.462919854750694970, -518.9999999999996589 ) ) ;
#4250 = DIRECTION ( 'NONE',  ( 0.6427875972986035746, -0.7660444535136902156, 6.018531076210112041E-33 ) ) ;
#4251 = FACE_OUTER_BOUND ( 'NONE', #5654, .T. ) ;
#4252 = PLANE ( 'NONE',  #2835 ) ;
#4253 = VECTOR ( 'NONE', #1318, 1000.000000000000000 ) ;
#4254 = CARTESIAN_POINT ( 'NONE',  ( 175.2954675843374730, -0.5232479213051769440, -160.9999999999999147 ) ) ;
#4256 = EDGE_LOOP ( 'NONE', ( #2905, #2441, #5209 ) ) ;
#4255 = CARTESIAN_POINT ( 'NONE',  ( 184.2981405668465129, 0.3076982081010047887, -229.0000000000000000 ) ) ;
#4257 = LINE ( 'NONE', #2319, #455 ) ;
#4258 = ORIENTED_EDGE ( 'NONE', *, *, #4367, .F. ) ;
#4259 = AXIS2_PLACEMENT_3D ( 'NONE', #3838, #4318, #1836 ) ;
#4260 = ORIENTED_EDGE ( 'NONE', *, *, #4561, .T. ) ;
#4261 = ADVANCED_FACE ( 'NONE', ( #646 ), #2048, .F. ) ;
#4262 = CARTESIAN_POINT ( 'NONE',  ( 184.3164905826810127, 0.6292073933220555526, -2.000000000000009326 ) ) ;
#4263 = CARTESIAN_POINT ( 'NONE',  ( 181.9403588968722261, -0.2792306540693857420, -286.0000000000006821 ) ) ;
#4264 = DIRECTION ( 'NONE',  ( 6.378601426329706152E-17, 5.352281928482944175E-17, -1.000000000000000000 ) ) ;
#4265 = EDGE_CURVE ( 'NONE', #2266, #2978, #4628, .T. ) ;
#4266 = DIRECTION ( 'NONE',  ( 0.7660444535136902156, 0.6427875972986035746, 0.000000000000000000 ) ) ;
#4267 = CARTESIAN_POINT ( 'NONE',  ( 179.3010702433844870, -0.3761435179614029400, -519.0000000000003411 ) ) ;
#4268 = EDGE_LOOP ( 'NONE', ( #3461, #1297, #1016 ) ) ;
#4269 = FACE_OUTER_BOUND ( 'NONE', #6317, .T. ) ;
#4270 = CARTESIAN_POINT ( 'NONE',  ( 184.3164905826810127, -0.1919649761517479292, -221.2939877747580510 ) ) ;
#4271 = CARTESIAN_POINT ( 'NONE',  ( 90.20120286622807271, 75.68779357109528405, -134.2089397439838763 ) ) ;
#4272 = CARTESIAN_POINT ( 'NONE',  ( 154.6915595090934517, 7.111121530186343520, -47.99999999999998579 ) ) ;
#4273 = EDGE_LOOP ( 'NONE', ( #2396, #2948, #4886 ) ) ;
#4274 = ORIENTED_EDGE ( 'NONE', *, *, #4929, .T. ) ;
#4275 = VECTOR ( 'NONE', #2717, 1000.000000000000114 ) ;
#4276 = VECTOR ( 'NONE', #3419, 1000.000000000000000 ) ;
#4277 = AXIS2_PLACEMENT_3D ( 'NONE', #3180, #2703, #3705 ) ;
#4278 = CARTESIAN_POINT ( 'NONE',  ( 88.66911395920068628, 74.40221837649806957, -218.1406326955891188 ) ) ;
#4279 = ORIENTED_EDGE ( 'NONE', *, *, #3820, .T. ) ;
#4280 = CARTESIAN_POINT ( 'NONE',  ( 146.5281689998066668, 5.448479403202852289, -79.35279693723198591 ) ) ;
#4281 = VECTOR ( 'NONE', #1514, 1000.000000000000000 ) ;
#4282 = EDGE_CURVE ( 'NONE', #930, #2725, #5952, .T. ) ;
#4283 = VERTEX_POINT ( 'NONE', #2561 ) ;
#4284 = EDGE_CURVE ( 'NONE', #1433, #2874, #3490, .T. ) ;
#4285 = FACE_OUTER_BOUND ( 'NONE', #3867, .T. ) ;
#4286 = CARTESIAN_POINT ( 'NONE',  ( 184.3164905826809843, -0.1919656729838044584, -41.73496943689518446 ) ) ;
#4287 = LINE ( 'NONE', #2828, #572 ) ;
#4289 = VERTEX_POINT ( 'NONE', #1136 ) ;
#4288 = CARTESIAN_POINT ( 'NONE',  ( 180.9965478844455333, 1.412139546545761570, -226.0000000000000284 ) ) ;
#4290 = EDGE_CURVE ( 'NONE', #4560, #5249, #2272, .T. ) ;
#4291 = CARTESIAN_POINT ( 'NONE',  ( 138.8677451556111748, 8.994700075687866558, -519.0000000000005684 ) ) ;
#4292 = ORIENTED_EDGE ( 'NONE', *, *, #5369, .T. ) ;
#4293 = ORIENTED_EDGE ( 'NONE', *, *, #4419, .F. ) ;
#4294 = ADVANCED_FACE ( 'NONE', ( #3065, #5471, #168, #4987, #2111, #6052, #681, #5983, #5020 ), #2146, .T. ) ;
#4295 = EDGE_CURVE ( 'NONE', #4452, #1036, #1640, .T. ) ;
#4296 = CARTESIAN_POINT ( 'NONE',  ( 146.6303774828396911, 8.438119786039575132, -226.0000000000000000 ) ) ;
#4297 = LINE ( 'NONE', #3814, #4917 ) ;
#4298 = CARTESIAN_POINT ( 'NONE',  ( 154.7820050310701561, -1.276611949100801890, -114.5300611262096737 ) ) ;
#4299 = LINE ( 'NONE', #1410, #4879 ) ;
#4300 = FACE_BOUND ( 'NONE', #4530, .T. ) ;
#4301 = VECTOR ( 'NONE', #2984, 1000.000000000000000 ) ;
#4302 = DIRECTION ( 'NONE',  ( 0.000000000000000000, -1.000000000000000000, 1.048297769837185521E-48 ) ) ;
#4303 = VECTOR ( 'NONE', #807, 1000.000000000000000 ) ;
#4304 = CARTESIAN_POINT ( 'NONE',  ( 152.0777421034210874, -1.165244497598656226, -192.6306326955890995 ) ) ;
#4305 = LINE ( 'NONE', #5847, #5078 ) ;
#4306 = FACE_BOUND ( 'NONE', #5473, .T. ) ;
#4307 = LINE ( 'NONE', #4430, #1156 ) ;
#4308 = CARTESIAN_POINT ( 'NONE',  ( 180.1921830732779028, 1.603462475566686640, -47.99999999999998579 ) ) ;
#4309 = EDGE_LOOP ( 'NONE', ( #1768, #2004, #2279 ) ) ;
#4310 = EDGE_LOOP ( 'NONE', ( #1762, #3331, #1581, #4292 ) ) ;
#4311 = DIRECTION ( 'NONE',  ( 0.6427875972986036857, -0.7660444535136901045, 0.000000000000000000 ) ) ;
#4312 = ORIENTED_EDGE ( 'NONE', *, *, #3574, .T. ) ;
#4313 = DIRECTION ( 'NONE',  ( 0.000000000000000000, 1.000000000000000000, 0.000000000000000000 ) ) ;
#4314 = EDGE_CURVE ( 'NONE', #4770, #2618, #5591, .T. ) ;
#4315 = VERTEX_POINT ( 'NONE', #6080 ) ;
#4316 = FACE_OUTER_BOUND ( 'NONE', #3925, .T. ) ;
#4317 = CARTESIAN_POINT ( 'NONE',  ( 90.20120286622804429, 75.68779357109529826, -34.02482244953687740 ) ) ;
#4318 = DIRECTION ( 'NONE',  ( 0.6427875972986035746, -0.7660444535136902156, 6.018531076210112041E-33 ) ) ;
#4319 = VERTEX_POINT ( 'NONE', #3035 ) ;
#4320 = CARTESIAN_POINT ( 'NONE',  ( 153.6098310104484312, 0.1203306969984746511, -19.26989883339205889 ) ) ;
#4321 = ORIENTED_EDGE ( 'NONE', *, *, #179, .F. ) ;
#4322 = VERTEX_POINT ( 'NONE', #2077 ) ;
#4323 = CARTESIAN_POINT ( 'NONE',  ( 146.6546247052259559, 8.409223070701337122, -245.9087944007433180 ) ) ;
#4324 = CARTESIAN_POINT ( 'NONE',  ( 184.3164905826809843, 0.6290098464084011853, -164.7060122252399310 ) ) ;
#4325 = DIRECTION ( 'NONE',  ( -0.6427875972986036857, 0.7660444535136901045, -1.368455531567204475E-48 ) ) ;
#4326 = CARTESIAN_POINT ( 'NONE',  ( 150.1544868801456971, 7.754285647858998765, -285.9999999999999432 ) ) ;
#4327 = EDGE_CURVE ( 'NONE', #3203, #791, #4049, .T. ) ;
#4328 = CARTESIAN_POINT ( 'NONE',  ( 144.8307883243993217, -1.642073391034677865, 0.000000000000000000 ) ) ;
#4329 = AXIS2_PLACEMENT_3D ( 'NONE', #4163, #6141, #3262 ) ;
#4330 = DIRECTION ( 'NONE',  ( 0.4545194689124502085, -0.5416752277698733131, 0.7071067811865476838 ) ) ;
#4331 = LINE ( 'NONE', #1976, #1182 ) ;
#4332 = DIRECTION ( 'NONE',  ( 0.000000000000000000, 0.000000000000000000, -1.000000000000000000 ) ) ;
#4333 = CARTESIAN_POINT ( 'NONE',  ( 152.0777421034210874, -1.165244497598746376, 9.804599309964982597E-15 ) ) ;
#4334 = PLANE ( 'NONE',  #5825 ) ;
#4335 = EDGE_CURVE ( 'NONE', #5251, #2862, #4405, .T. ) ;
#4336 = ORIENTED_EDGE ( 'NONE', *, *, #1724, .T. ) ;
#4337 = ADVANCED_FACE ( 'NONE', ( #3923 ), #5372, .T. ) ;
#4338 = ORIENTED_EDGE ( 'NONE', *, *, #238, .T. ) ;
#4339 = AXIS2_PLACEMENT_3D ( 'NONE', #5123, #724, #2541 ) ;
#4340 = DIRECTION ( 'NONE',  ( 8.796262431460665264E-49, -1.048297769837185521E-48, -1.000000000000000000 ) ) ;
#4341 = ORIENTED_EDGE ( 'NONE', *, *, #1153, .T. ) ;
#4342 = CARTESIAN_POINT ( 'NONE',  ( 88.66911395920067207, 74.40221837649805536, -77.23147659367238305 ) ) ;
#4343 = VECTOR ( 'NONE', #2922, 1000.000000000000000 ) ;
#4344 = ORIENTED_EDGE ( 'NONE', *, *, #1995, .T. ) ;
#4345 = UNCERTAINTY_MEASURE_WITH_UNIT (LENGTH_MEASURE( 1.000000000000000082E-05 ), #5658, 'distance_accuracy_value', 'NONE');
#4346 = CARTESIAN_POINT ( 'NONE',  ( 152.0777421034210306, -1.165244497598687534, -123.5751837036883387 ) ) ;
#4347 = DIRECTION ( 'NONE',  ( -0.4545194689124504306, 0.5416752277698734241, -0.7071067811865473507 ) ) ;
#4348 = CARTESIAN_POINT ( 'NONE',  ( 148.0602579068340390, 6.734054597800062325, -21.26989883339205889 ) ) ;
#4349 = ORIENTED_EDGE ( 'NONE', *, *, #3932, .T. ) ;
#4350 = FACE_OUTER_BOUND ( 'NONE', #2567, .T. ) ;
#4351 = EDGE_LOOP ( 'NONE', ( #2406, #4617, #6195, #5280 ) ) ;
#4352 = ORIENTED_EDGE ( 'NONE', *, *, #2006, .T. ) ;
#4353 = VECTOR ( 'NONE', #680, 1000.000000000000000 ) ;
#4354 = CARTESIAN_POINT ( 'NONE',  ( 146.4960923206249106, 8.598154615796921973, -103.0000000000000142 ) ) ;
#4355 = CARTESIAN_POINT ( 'NONE',  ( 88.66911395920068628, 74.40221837649806957, -179.8757090794443059 ) ) ;
#4356 = CARTESIAN_POINT ( 'NONE',  ( 154.7820050311328828, -1.276611949175550320, -117.7950916893145035 ) ) ;
#4357 = DIRECTION ( 'NONE',  ( 0.000000000000000000, 0.000000000000000000, -1.000000000000000000 ) ) ;
#4358 = VECTOR ( 'NONE', #4899, 1000.000000000000000 ) ;
#4359 = CARTESIAN_POINT ( 'NONE',  ( 187.3164905826809843, -0.08178092353511093315, 0.000000000000000000 ) ) ;
#4360 = AXIS2_PLACEMENT_3D ( 'NONE', #1122, #4938, #3082 ) ;
#4361 = PLANE ( 'NONE',  #4159 ) ;
#4362 = CARTESIAN_POINT ( 'NONE',  ( 184.3164905826810127, 0.6289018800762310457, -227.7060122252388794 ) ) ;
#4363 = LINE ( 'NONE', #878, #6003 ) ;
#4364 = EDGE_CURVE ( 'NONE', #433, #3645, #2908, .T. ) ;
#4365 = PLANE ( 'NONE',  #852 ) ;
#4366 = CARTESIAN_POINT ( 'NONE',  ( 184.3164905826808990, -0.1919649918153026324, -217.7349694368951418 ) ) ;
#4367 = EDGE_CURVE ( 'NONE', #2725, #2057, #5196, .T. ) ;
#4368 = VECTOR ( 'NONE', #2542, 1000.000000000000114 ) ;
#4369 = ORIENTED_EDGE ( 'NONE', *, *, #2558, .T. ) ;
#4370 = ORIENTED_EDGE ( 'NONE', *, *, #1081, .T. ) ;
#4371 = CARTESIAN_POINT ( 'NONE',  ( 70.40460645904484238, 1.763418718043666678, -518.9999999999992042 ) ) ;
#4372 = DIRECTION ( 'NONE',  ( -0.4545194689124498200, 0.5416752277698725360, 0.7071067811865483499 ) ) ;
#4373 = ADVANCED_FACE ( 'NONE', ( #864 ), #1340, .T. ) ;
#4374 = PLANE ( 'NONE',  #1911 ) ;
#4375 = ORIENTED_EDGE ( 'NONE', *, *, #5437, .T. ) ;
#4376 = DIRECTION ( 'NONE',  ( -0.4545194689124502085, 0.5416752277698729801, 0.7071067811865477948 ) ) ;
#4377 = EDGE_LOOP ( 'NONE', ( #1520, #1656, #4960, #1213 ) ) ;
#4378 = EDGE_LOOP ( 'NONE', ( #5343, #304, #1452, #1737 ) ) ;
#4379 = AXIS2_PLACEMENT_3D ( 'NONE', #5527, #2067, #2929 ) ;
#4380 = CARTESIAN_POINT ( 'NONE',  ( 152.0777421034210590, -1.165244497598718620, 9.804599309964982597E-15 ) ) ;
#4381 = VECTOR ( 'NONE', #2785, 1000.000000000000114 ) ;
#4382 = CARTESIAN_POINT ( 'NONE',  ( 154.8467432889268878, -1.274234483071826185, -160.9999999999998863 ) ) ;
#4383 = ORIENTED_EDGE ( 'NONE', *, *, #5873, .T. ) ;
#4384 = CARTESIAN_POINT ( 'NONE',  ( 152.6837639432346805, -1.353669947958000774, -287.9999999999997158 ) ) ;
#4385 = EDGE_LOOP ( 'NONE', ( #5685, #3876, #3465 ) ) ;
#4386 = LINE ( 'NONE', #1872, #2407 ) ;
#4387 = CARTESIAN_POINT ( 'NONE',  ( 154.7820052418864805, -1.276612200341903369, -221.0000000000000000 ) ) ;
#4388 = LINE ( 'NONE', #3909, #2590 ) ;
#4389 = LINE ( 'NONE', #6361, #1092 ) ;
#4390 = CARTESIAN_POINT ( 'NONE',  ( 69.62096356171326761, -1.102681666168357388, -518.9999999999989768 ) ) ;
#4391 = ADVANCED_FACE ( 'NONE', ( #2739 ), #2255, .T. ) ;
#4392 = CARTESIAN_POINT ( 'NONE',  ( 148.0602579068340106, 6.734054597800090747, 9.804599309964982597E-15 ) ) ;
#4393 = DIRECTION ( 'NONE',  ( -0.6427875972986035746, 0.7660444535136902156, -6.018531076210112041E-33 ) ) ;
#4394 = LINE ( 'NONE', #4041, #259 ) ;
#4395 = LINE ( 'NONE', #3423, #28 ) ;
#4396 = EDGE_CURVE ( 'NONE', #2193, #3675, #5739, .T. ) ;
#4397 = LINE ( 'NONE', #1607, #5923 ) ;
#4398 = ORIENTED_EDGE ( 'NONE', *, *, #1941, .F. ) ;
#4399 = EDGE_CURVE ( 'NONE', #4939, #5222, #2705, .T. ) ;
#4400 = VERTEX_POINT ( 'NONE', #2801 ) ;
#4401 = ADVANCED_FACE ( 'NONE', ( #1806 ), #5714, .T. ) ;
#4402 = CARTESIAN_POINT ( 'NONE',  ( 69.31948282930540017, -0.4669110300025248184, -519.0000000000001137 ) ) ;
#4403 = B_SPLINE_CURVE_WITH_KNOTS ( 'NONE', 3,
 ( #6088, #5545, #5028, #211, #1676, #3634, #1706, #1204, #689, #4605, #1171 ),
 .UNSPECIFIED., .F., .F.,
 ( 4, 1, 1, 1, 1, 1, 1, 1, 4 ),
 ( 0.005234132932672462546, 0.006062836134950438244, 0.01106935004012687788, 0.01607586394530335222, 0.02608889175565638069, 0.03109540566083278043, 0.03610191956600926344, 0.04110843347118573604, 0.04373663003313003894 ),
 .UNSPECIFIED. ) ;
#4404 = DIRECTION ( 'NONE',  ( 0.6427875972986036857, -0.7660444535136901045, 0.000000000000000000 ) ) ;
#4405 = LINE ( 'NONE', #317, #3351 ) ;
#4406 = DIRECTION ( 'NONE',  ( -5.166133767769089039E-16, 6.156758679758506919E-16, -1.000000000000000000 ) ) ;
#4407 = EDGE_LOOP ( 'NONE', ( #491, #493, #6314, #3919, #3810, #5543, #591, #5066, #2338 ) ) ;
#4408 = CARTESIAN_POINT ( 'NONE',  ( 146.4980687892391700, 8.595799152147858280, -105.0000000000000142 ) ) ;
#4409 = ORIENTED_EDGE ( 'NONE', *, *, #4638, .F. ) ;
#4410 = ORIENTED_EDGE ( 'NONE', *, *, #4396, .T. ) ;
#4411 = ADVANCED_FACE ( 'NONE', ( #350 ), #834, .T. ) ;
#4412 = CARTESIAN_POINT ( 'NONE',  ( 185.1322146636000241, 0.4360065811357574650, -287.9999999999998295 ) ) ;
#4413 = LINE ( 'NONE', #3963, #2814 ) ;
#4414 = ORIENTED_EDGE ( 'NONE', *, *, #2634, .T. ) ;
#4415 = CARTESIAN_POINT ( 'NONE',  ( 154.6951820315655368, -1.279801095342261608, -287.9999999999997158 ) ) ;
#4416 = EDGE_CURVE ( 'NONE', #3238, #788, #2769, .T. ) ;
#4417 = EDGE_LOOP ( 'NONE', ( #1280, #927, #4023 ) ) ;
#4418 = ADVANCED_BREP_SHAPE_REPRESENTATION ( 'Mirror\X2\895f7ffc\X0\', ( #6316, #434 ), #3503 ) ;
#4419 = EDGE_CURVE ( 'NONE', #5525, #3797, #2287, .T. ) ;
#4420 = DIRECTION ( 'NONE',  ( 0.000000000000000000, 0.000000000000000000, -1.000000000000000000 ) ) ;
#4421 = LINE ( 'NONE', #117, #4087 ) ;
#4422 = CARTESIAN_POINT ( 'NONE',  ( 154.7820050345175105, -1.276611953209101147, -105.0000000000000142 ) ) ;
#4423 = CARTESIAN_POINT ( 'NONE',  ( 88.66911395920067207, 74.40221837649805536, -108.6989397439838712 ) ) ;
#4424 = CARTESIAN_POINT ( 'NONE',  ( 76.16017446853155093, -3.205133064337230664, -518.9999999999995453 ) ) ;
#4425 = ORIENTED_EDGE ( 'NONE', *, *, #2328, .F. ) ;
#4426 = EDGE_CURVE ( 'NONE', #1920, #5704, #3707, .T. ) ;
#4427 = CARTESIAN_POINT ( 'NONE',  ( 88.66911395920068628, 74.40221837649806957, -194.6307854632994179 ) ) ;
#4428 = DIRECTION ( 'NONE',  ( 1.000000000000000000, 0.000000000000000000, 0.000000000000000000 ) ) ;
#4429 = CARTESIAN_POINT ( 'NONE',  ( 88.66911395920060102, 74.40221837649814063, -64.47655302367222419 ) ) ;
#4430 = CARTESIAN_POINT ( 'NONE',  ( 153.6098310104484597, 0.1203306969984885288, 9.804599309964982597E-15 ) ) ;
#4431 = FACE_OUTER_BOUND ( 'NONE', #4570, .T. ) ;
#4432 = ORIENTED_EDGE ( 'NONE', *, *, #6101, .T. ) ;
#4433 = VECTOR ( 'NONE', #1100, 1000.000000000000000 ) ;
#4434 = VECTOR ( 'NONE', #4790, 1000.000000000000000 ) ;
#4435 = CARTESIAN_POINT ( 'NONE',  ( 72.91570931294501179, -2.706547063307939816, -519.0000000000002274 ) ) ;
#4436 = CARTESIAN_POINT ( 'NONE',  ( 184.3164905826810127, -0.1919652100024548391, -166.0000000000000284 ) ) ;
#4437 = LINE ( 'NONE', #5855, #4281 ) ;
#4438 = LINE ( 'NONE', #3036, #6241 ) ;
#4439 = ORIENTED_EDGE ( 'NONE', *, *, #4962, .F. ) ;
#4440 = CARTESIAN_POINT ( 'NONE',  ( 146.5281689998066099, 5.448479403202883375, 9.804599309964982597E-15 ) ) ;
#4441 = EDGE_LOOP ( 'NONE', ( #3085, #2913, #4714, #5994 ) ) ;
#4442 = ORIENTED_EDGE ( 'NONE', *, *, #4426, .F. ) ;
#4443 = FACE_BOUND ( 'NONE', #471, .T. ) ;
#4444 = VERTEX_POINT ( 'NONE', #4778 ) ;
#4445 = LINE ( 'NONE', #1494, #5477 ) ;
#4446 = VECTOR ( 'NONE', #3703, 1000.000000000000000 ) ;
#4447 = ORIENTED_EDGE ( 'NONE', *, *, #3332, .F. ) ;
#4448 = FACE_BOUND ( 'NONE', #4377, .T. ) ;
#4449 = PLANE ( 'NONE',  #6049 ) ;
#4450 = DIRECTION ( 'NONE',  ( 1.000000000000000000, 0.000000000000000000, 0.000000000000000000 ) ) ;
#4451 = CARTESIAN_POINT ( 'NONE',  ( 146.5281689998066099, 5.448479403202893145, -171.2421058068590298 ) ) ;
#4452 = VERTEX_POINT ( 'NONE', #5773 ) ;
#4453 = EDGE_CURVE ( 'NONE', #5435, #5702, #5746, .T. ) ;
#4454 = CARTESIAN_POINT ( 'NONE',  ( 0.3618704783485165444, 1.104453914242504498, 0.000000000000000000 ) ) ;
#4455 = VECTOR ( 'NONE', #3896, 1000.000000000000000 ) ;
#4456 = ORIENTED_EDGE ( 'NONE', *, *, #5992, .F. ) ;
#4457 = EDGE_CURVE ( 'NONE', #4684, #3675, #497, .T. ) ;
#4458 = PLANE ( 'NONE',  #2624 ) ;
#4459 = DIRECTION ( 'NONE',  ( 0.7660444535136902156, 0.6427875972986035746, 0.000000000000000000 ) ) ;
#4460 = VECTOR ( 'NONE', #2702, 1000.000000000000114 ) ;
#4461 = DIRECTION ( 'NONE',  ( 0.9993263278466425481, 0.03670000643793510514, 0.000000000000000000 ) ) ;
#4462 = CARTESIAN_POINT ( 'NONE',  ( 175.8298254284281654, 2.611293425515636368, -105.0000000000000284 ) ) ;
#4463 = CARTESIAN_POINT ( 'NONE',  ( 146.4477997770389948, 8.656399739515107328, -51.33333387567343919 ) ) ;
#4464 = ORIENTED_EDGE ( 'NONE', *, *, #1970, .F. ) ;
#4465 = AXIS2_PLACEMENT_3D ( 'NONE', #3311, #473, #3776 ) ;
#4466 = CARTESIAN_POINT ( 'NONE',  ( 0.1058519167028372926, 0.5357566850058824715, 0.000000000000000000 ) ) ;
#4467 = DIRECTION ( 'NONE',  ( 6.378601426329706152E-17, 5.352281928482944175E-17, -1.000000000000000000 ) ) ;
#4468 = LINE ( 'NONE', #3775, #692 ) ;
#4469 = DIRECTION ( 'NONE',  ( 0.7660444535136902156, 0.6427875972986035746, 0.000000000000000000 ) ) ;
#4470 = ORIENTED_EDGE ( 'NONE', *, *, #3555, .F. ) ;
#4471 = LINE ( 'NONE', #1423, #3211 ) ;
#4472 = ORIENTED_EDGE ( 'NONE', *, *, #1454, .T. ) ;
#4473 = VECTOR ( 'NONE', #2, 1000.000000000000000 ) ;
#4474 = ORIENTED_EDGE ( 'NONE', *, *, #129, .F. ) ;
#4475 = ORIENTED_EDGE ( 'NONE', *, *, #764, .F. ) ;
#4476 = FACE_BOUND ( 'NONE', #4990, .T. ) ;
#4477 = ORIENTED_EDGE ( 'NONE', *, *, #756, .F. ) ;
#4478 = EDGE_CURVE ( 'NONE', #5915, #5604, #1040, .T. ) ;
#4479 = CARTESIAN_POINT ( 'NONE',  ( 63.24426980890024197, 104.7023687288700415, -39.55403660112847319 ) ) ;
#4480 = ADVANCED_FACE ( 'NONE', ( #138 ), #647, .F. ) ;
#4481 = ADVANCED_FACE ( 'NONE', ( #3492 ), #3066, .T. ) ;
#4482 = LINE ( 'NONE', #4090, #2507 ) ;
#4483 = VECTOR ( 'NONE', #709, 1000.000000000000000 ) ;
#4484 = FACE_BOUND ( 'NONE', #5500, .T. ) ;
#4485 = CARTESIAN_POINT ( 'NONE',  ( 184.3164905826809843, -0.1919654473031343067, -103.0000000000000142 ) ) ;
#4486 = EDGE_CURVE ( 'NONE', #1703, #4319, #3565, .T. ) ;
#4487 = B_SPLINE_CURVE_WITH_KNOTS ( 'NONE', 3,
 ( #5044, #1477, #4463, #1000 ),
 .UNSPECIFIED., .F., .F.,
 ( 4, 4 ),
 ( 0.000000000000000000, 1.000000000000000000 ),
 .UNSPECIFIED. ) ;
#4488 = CARTESIAN_POINT ( 'NONE',  ( 90.20120286622807271, 75.68779357109528405, -157.7187869762735488 ) ) ;
#4489 = ORIENTED_EDGE ( 'NONE', *, *, #2245, .F. ) ;
#4490 = CARTESIAN_POINT ( 'NONE',  ( 73.37627989534971107, -2.795865212347633744, -519.0000000000003411 ) ) ;
#4491 = VECTOR ( 'NONE', #6086, 1000.000000000000114 ) ;
#4492 = ADVANCED_FACE ( 'NONE', ( #4924 ), #5472, .F. ) ;
#4493 = ORIENTED_EDGE ( 'NONE', *, *, #1618, .F. ) ;
#4494 = VECTOR ( 'NONE', #5919, 1000.000000000000000 ) ;
#4495 = LINE ( 'NONE', #2551, #6121 ) ;
#4496 = LINE ( 'NONE', #97, #5727 ) ;
#4497 = LINE ( 'NONE', #1062, #492 ) ;
#4498 = LINE ( 'NONE', #6009, #6294 ) ;
#4499 = CARTESIAN_POINT ( 'NONE',  ( 152.0777421034210306, -1.165244497598677098, 9.804599309964982597E-15 ) ) ;
#4500 = DIRECTION ( 'NONE',  ( 0.4545194689124503196, -0.5416752277698736462, 0.7071067811865472397 ) ) ;
#4501 = ORIENTED_EDGE ( 'NONE', *, *, #2123, .F. ) ;
#4502 = CARTESIAN_POINT ( 'NONE',  ( 3.558422940340653540, -3.768418143996747904, 0.000000000000000000 ) ) ;
#4503 = DIRECTION ( 'NONE',  ( -6.378601426329706152E-17, -5.352281928482944175E-17, 1.000000000000000000 ) ) ;
#4504 = CARTESIAN_POINT ( 'NONE',  ( 146.5281689998066099, 5.448479403202884264, -10.63629556339205706 ) ) ;
#4505 = B_SPLINE_CURVE_WITH_KNOTS ( 'NONE', 3,
 ( #4884, #431, #5820, #4272, #3391, #2818, #2337, #4308, #2845, #3760 ),
 .UNSPECIFIED., .F., .F.,
 ( 4, 1, 1, 1, 1, 1, 1, 4 ),
 ( 0.005056533016154825082, 0.005777666696986684391, 0.01153133485700109061, 0.02303867117702998804, 0.02879233933704430926, 0.03454600749705871721, 0.04029967565707311822, 0.04378037430977779754 ),
 .UNSPECIFIED. ) ;
#4506 = CARTESIAN_POINT ( 'NONE',  ( 184.3164905826809843, -0.1919649553590160596, -226.0000000000000000 ) ) ;
#4507 = VERTEX_POINT ( 'NONE', #3526 ) ;
#4508 = CARTESIAN_POINT ( 'NONE',  ( 174.7807451246909807, -0.5421507507284979432, -102.9999999999999574 ) ) ;
#4509 = VERTEX_POINT ( 'NONE', #2496 ) ;
#4510 = ORIENTED_EDGE ( 'NONE', *, *, #1941, .T. ) ;
#4511 = EDGE_LOOP ( 'NONE', ( #3630, #6292, #187 ) ) ;
#4512 = EDGE_CURVE ( 'NONE', #3433, #80, #4438, .T. ) ;
#4513 = FACE_BOUND ( 'NONE', #4417, .T. ) ;
#4514 = ORIENTED_EDGE ( 'NONE', *, *, #6179, .F. ) ;
#4515 = PLANE ( 'NONE',  #1766 ) ;
#4516 = FACE_OUTER_BOUND ( 'NONE', #4522, .T. ) ;
#4517 = CARTESIAN_POINT ( 'NONE',  ( 154.7820051163514279, -1.276612050735048465, -53.00000000000002132 ) ) ;
#4518 = DIRECTION ( 'NONE',  ( 0.000000000000000000, 0.000000000000000000, -1.000000000000000000 ) ) ;
#4519 = CARTESIAN_POINT ( 'NONE',  ( 172.8024409798648264, 3.265268672844262809, -285.9999999999999432 ) ) ;
#4520 = ORIENTED_EDGE ( 'NONE', *, *, #2709, .T. ) ;
#4521 = CARTESIAN_POINT ( 'NONE',  ( 7.203233957126763620, -4.529312457451410978, 0.000000000000000000 ) ) ;
#4522 = EDGE_LOOP ( 'NONE', ( #5630, #4274, #2228, #5718 ) ) ;
#4523 = DIRECTION ( 'NONE',  ( 0.000000000000000000, 0.000000000000000000, -1.000000000000000000 ) ) ;
#4524 = DIRECTION ( 'NONE',  ( 0.9993263279542508037, 0.03670000350780839443, 0.000000000000000000 ) ) ;
#4525 = DIRECTION ( 'NONE',  ( 0.6427875972986035746, -0.7660444535136903266, 0.000000000000000000 ) ) ;
#4526 = EDGE_CURVE ( 'NONE', #5383, #2150, #1011, .T. ) ;
#4527 = CARTESIAN_POINT ( 'NONE',  ( 178.8271530543888730, -33.04395214513932189, -140.2610123065356902 ) ) ;
#4528 = CARTESIAN_POINT ( 'NONE',  ( 149.8686016192806107, 7.981339765280607068, -105.0000000000000000 ) ) ;
#4529 = LINE ( 'NONE', #4946, #291 ) ;
#4530 = EDGE_LOOP ( 'NONE', ( #4019, #2309, #5540, #5445, #5675, #1190, #2468, #4971 ) ) ;
#4531 = VECTOR ( 'NONE', #4009, 1000.000000000000000 ) ;
#4532 = CARTESIAN_POINT ( 'NONE',  ( 74.79157597992076489, 17.01967439959732076, 0.000000000000000000 ) ) ;
#4533 = LINE ( 'NONE', #6017, #1877 ) ;
#4534 = CARTESIAN_POINT ( 'NONE',  ( 133.5226630771315968, 24.05928603276421995, -67.39622916336205094 ) ) ;
#4535 = CARTESIAN_POINT ( 'NONE',  ( 153.6098310104484312, 0.1203306969985336317, -192.6306326955890995 ) ) ;
#4536 = VERTEX_POINT ( 'NONE', #2112 ) ;
#4537 = EDGE_CURVE ( 'NONE', #4903, #1288, #75, .T. ) ;
#4538 = VERTEX_POINT ( 'NONE', #1137 ) ;
#4539 = ORIENTED_EDGE ( 'NONE', *, *, #4083, .T. ) ;
#4540 = VERTEX_POINT ( 'NONE', #4535 ) ;
#4541 = FACE_BOUND ( 'NONE', #318, .T. ) ;
#4542 = ORIENTED_EDGE ( 'NONE', *, *, #94, .T. ) ;
#4543 = DIRECTION ( 'NONE',  ( 0.000000000000000000, 0.7938448021158680534, 0.6081204076115339641 ) ) ;
#4544 = CARTESIAN_POINT ( 'NONE',  ( 184.3164905826809843, -0.1919656617857687653, -45.00000000000003553 ) ) ;
#4545 = VECTOR ( 'NONE', #4027, 1000.000000000000000 ) ;
#4546 = LINE ( 'NONE', #4577, #5584 ) ;
#4547 = CARTESIAN_POINT ( 'NONE',  ( 184.3164905826809843, -0.1919654473031343067, -100.0000000000000000 ) ) ;
#4548 = B_SPLINE_CURVE_WITH_KNOTS ( 'NONE', 3,
 ( #2027, #3994, #5480, #597, #5929, #5703, #654 ),
 .UNSPECIFIED., .F., .F.,
 ( 4, 3, 4 ),
 ( 5.551115123125782702E-17, 0.002559018337862928316, 0.003000000000000002665 ),
 .UNSPECIFIED. ) ;
#4549 = CARTESIAN_POINT ( 'NONE',  ( 177.4317634932539818, 2.235785551482357025, -286.0000000000000000 ) ) ;
#4550 = VERTEX_POINT ( 'NONE', #2020 ) ;
#4551 = CARTESIAN_POINT ( 'NONE',  ( 81.06612863422485304, 7.380224242437853910, -519.0000000000002274 ) ) ;
#4552 = ORIENTED_EDGE ( 'NONE', *, *, #1129, .T. ) ;
#4553 = VECTOR ( 'NONE', #1874, 1000.000000000000000 ) ;
#4554 = DIRECTION ( 'NONE',  ( 1.000000000000000000, 0.000000000000000000, 0.000000000000000000 ) ) ;
#4555 = CARTESIAN_POINT ( 'NONE',  ( 154.7820050840944646, -1.276612012292681619, -164.7060122252419774 ) ) ;
#4556 = CARTESIAN_POINT ( 'NONE',  ( 187.3164905826809843, -0.08178092353511093315, 0.000000000000000000 ) ) ;
#4557 = VECTOR ( 'NONE', #523, 999.9999999999998863 ) ;
#4558 = LINE ( 'NONE', #1159, #540 ) ;
#4559 = FACE_BOUND ( 'NONE', #3780, .T. ) ;
#4560 = VERTEX_POINT ( 'NONE', #4506 ) ;
#4561 = EDGE_CURVE ( 'NONE', #2847, #470, #1484, .T. ) ;
#4562 = VECTOR ( 'NONE', #3248, 1000.000000000000114 ) ;
#4563 = ADVANCED_FACE ( 'NONE', ( #5051 ), #169, .F. ) ;
#4564 = CARTESIAN_POINT ( 'NONE',  ( 56.92258549315099003, 16.95153070736420986, 0.000000000000000000 ) ) ;
#4565 = FACE_OUTER_BOUND ( 'NONE', #140, .T. ) ;
#4566 = CARTESIAN_POINT ( 'NONE',  ( 146.5281689998066099, 5.448479403202883375, 9.804599309964982597E-15 ) ) ;
#4567 = ADVANCED_FACE ( 'NONE', ( #107 ), #4018, .T. ) ;
#4568 = CARTESIAN_POINT ( 'NONE',  ( 146.5281689998066099, 5.448479403202883375, 9.804599309964982597E-15 ) ) ;
#4569 = VERTEX_POINT ( 'NONE', #3987 ) ;
#4570 = EDGE_LOOP ( 'NONE', ( #306, #3599, #210, #3744 ) ) ;
#4571 = VERTEX_POINT ( 'NONE', #2463 ) ;
#4572 = CARTESIAN_POINT ( 'NONE',  ( 184.3164905826809843, -0.1919654473031343067, -100.0000000000000000 ) ) ;
#4573 = EDGE_LOOP ( 'NONE', ( #1788, #1422, #4240 ) ) ;
#4574 = PLANE ( 'NONE',  #5989 ) ;
#4575 = VECTOR ( 'NONE', #1842, 1000.000000000000000 ) ;
#4576 = DIRECTION ( 'NONE',  ( 0.7660444535136902156, 0.6427875972986035746, 0.000000000000000000 ) ) ;
#4577 = CARTESIAN_POINT ( 'NONE',  ( 146.5281689998066099, 5.448479403202883375, 9.804599309964982597E-15 ) ) ;
#4578 = PLANE ( 'NONE',  #2297 ) ;
#4579 = PLANE ( 'NONE',  #4277 ) ;
#4580 = FACE_OUTER_BOUND ( 'NONE', #503, .T. ) ;
#4581 = EDGE_LOOP ( 'NONE', ( #1672, #2007, #5894, #3348, #408, #6326 ) ) ;
#4582 = CARTESIAN_POINT ( 'NONE',  ( 15.84230355733715001, 10.84825986389148156, 0.000000000000000000 ) ) ;
#4583 = ORIENTED_EDGE ( 'NONE', *, *, #5324, .F. ) ;
#4584 = ORIENTED_EDGE ( 'NONE', *, *, #4846, .F. ) ;
#4585 = VECTOR ( 'NONE', #5021, 1000.000000000000000 ) ;
#4586 = FACE_OUTER_BOUND ( 'NONE', #3307, .T. ) ;
#4587 = PLANE ( 'NONE',  #1028 ) ;
#4588 = VECTOR ( 'NONE', #579, 1000.000000000000000 ) ;
#4589 = LINE ( 'NONE', #194, #4898 ) ;
#4590 = VECTOR ( 'NONE', #5064, 1000.000000000000114 ) ;
#4591 = CARTESIAN_POINT ( 'NONE',  ( 148.0602579068340106, 6.734054597800094299, -64.47655302367236629 ) ) ;
#4592 = CARTESIAN_POINT ( 'NONE',  ( 148.0602579068340106, 6.734054597800090747, 9.804599309964982597E-15 ) ) ;
#4593 = VECTOR ( 'NONE', #4372, 1000.000000000000114 ) ;
#4594 = ORIENTED_EDGE ( 'NONE', *, *, #3613, .T. ) ;
#4595 = CARTESIAN_POINT ( 'NONE',  ( 18.67712515893336089, 11.76179189382898294, 0.000000000000000000 ) ) ;
#4596 = DIRECTION ( 'NONE',  ( 0.7660444535136902156, 0.6427875972986035746, 0.000000000000000000 ) ) ;
#4597 = CARTESIAN_POINT ( 'NONE',  ( 175.8723117156580997, -0.5020637137921206694, -225.9999999999998579 ) ) ;
#4598 = DIRECTION ( 'NONE',  ( 0.6427875972986036857, -0.7660444535136901045, 1.368455531567204475E-48 ) ) ;
#4599 = ORIENTED_EDGE ( 'NONE', *, *, #4906, .T. ) ;
#4600 = ORIENTED_EDGE ( 'NONE', *, *, #5896, .T. ) ;
#4601 = VERTEX_POINT ( 'NONE', #588 ) ;
#4602 = CARTESIAN_POINT ( 'NONE',  ( 88.66911395920068628, 74.40221837649806957, -244.3261105482872608 ) ) ;
#4603 = VERTEX_POINT ( 'NONE', #6019 ) ;
#4604 = AXIS2_PLACEMENT_3D ( 'NONE', #3880, #1347, #2262 ) ;
#4605 = CARTESIAN_POINT ( 'NONE',  ( 183.4640805786477813, 0.8304497520295537338, -224.0000000000001137 ) ) ;
#4606 = EDGE_CURVE ( 'NONE', #111, #4044, #918, .T. ) ;
#4607 = VECTOR ( 'NONE', #5556, 1000.000000000000114 ) ;
#4608 = CARTESIAN_POINT ( 'NONE',  ( 91.16253580404931256, -3.551460721522221586, -518.9999999999998863 ) ) ;
#4609 = DIRECTION ( 'NONE',  ( 1.000000000000000000, 0.000000000000000000, 0.000000000000000000 ) ) ;
#4610 = CARTESIAN_POINT ( 'NONE',  ( 154.7820052418864805, -1.276612200341903369, -224.0000000000000000 ) ) ;
#4611 = CARTESIAN_POINT ( 'NONE',  ( 90.20120286622805850, 75.68779357109526984, -53.77894174285809470 ) ) ;
#4612 = DIRECTION ( 'NONE',  ( -0.03670003166893780200, 0.9993263269200401977, 0.000000000000000000 ) ) ;
#4613 = ORIENTED_EDGE ( 'NONE', *, *, #4561, .F. ) ;
#4614 = EDGE_CURVE ( 'NONE', #4706, #5027, #3460, .T. ) ;
#4615 = CARTESIAN_POINT ( 'NONE',  ( 8.934645711413093494, 8.079503712207412036, 0.000000000000000000 ) ) ;
#4616 = VERTEX_POINT ( 'NONE', #4109 ) ;
#4617 = ORIENTED_EDGE ( 'NONE', *, *, #1543, .F. ) ;
#4618 = EDGE_CURVE ( 'NONE', #5415, #5604, #3690, .T. ) ;
#4619 = DIRECTION ( 'NONE',  ( 0.6427875972986036857, -0.7660444535136901045, 0.000000000000000000 ) ) ;
#4620 = LINE ( 'NONE', #6169, #3160 ) ;
#4621 = FACE_OUTER_BOUND ( 'NONE', #3496, .T. ) ;
#4622 = CARTESIAN_POINT ( 'NONE',  ( 176.3431536480961199, 2.490964935493922283, -163.0000000000000568 ) ) ;
#4623 = CARTESIAN_POINT ( 'NONE',  ( 184.3164905826809559, 0.3083718411603724729, -158.0000000000000000 ) ) ;
#4624 = ORIENTED_EDGE ( 'NONE', *, *, #6023, .T. ) ;
#4625 = B_SPLINE_CURVE_WITH_KNOTS ( 'NONE', 3,
 ( #3901, #3871, #5862, #5381, #1897, #3805, #2826, #5771, #2347, #4773 ),
 .UNSPECIFIED., .F., .F.,
 ( 4, 1, 1, 1, 1, 1, 1, 4 ),
 ( 0.000000000000000000, 0.08964512521812044443, 0.2380246832424899317, 0.3864042412668594606, 0.5347837992912268801, 0.8315429153399679363, 0.9799224733643374652, 1.000000000000000000 ),
 .UNSPECIFIED. ) ;
#4626 = CARTESIAN_POINT ( 'NONE',  ( 88.35940421778548171, 9.141411710763852838, -519.0000000000001137 ) ) ;
#4627 = CARTESIAN_POINT ( 'NONE',  ( 146.4131769771794040, 8.696969277474488891, -13.06830741319208933 ) ) ;
#4628 = LINE ( 'NONE', #3000, #182 ) ;
#4629 = DIRECTION ( 'NONE',  ( 0.7660444535136902156, 0.6427875972986035746, 0.000000000000000000 ) ) ;
#4630 = ORIENTED_EDGE ( 'NONE', *, *, #4226, .T. ) ;
#4631 = ORIENTED_EDGE ( 'NONE', *, *, #212, .T. ) ;
#4632 = VERTEX_POINT ( 'NONE', #1256 ) ;
#4633 = CARTESIAN_POINT ( 'NONE',  ( 184.3164905826809843, -0.1919646770075465747, -286.0000000000000568 ) ) ;
#4634 = ORIENTED_EDGE ( 'NONE', *, *, #4846, .T. ) ;
#4635 = CARTESIAN_POINT ( 'NONE',  ( 184.3164905826810127, 0.6292049992657218205, -4.559018337861776793 ) ) ;
#4636 = VECTOR ( 'NONE', #1221, 1000.000000000000000 ) ;
#4637 = CARTESIAN_POINT ( 'NONE',  ( 186.9082452913409327, -0.09677546176755549845, 0.000000000000000000 ) ) ;
#4638 = EDGE_CURVE ( 'NONE', #3478, #720, #3659, .T. ) ;
#4639 = DIRECTION ( 'NONE',  ( 0.000000000000000000, 0.000000000000000000, -1.000000000000000000 ) ) ;
#4640 = VECTOR ( 'NONE', #3516, 1000.000000000000000 ) ;
#4641 = CARTESIAN_POINT ( 'NONE',  ( 146.5281689998066099, 5.448479403202886928, -62.41254501415071587 ) ) ;
#4642 = LINE ( 'NONE', #4120, #3560 ) ;
#4643 = DIRECTION ( 'NONE',  ( 0.4545194688443996989, -0.5416752276887737416, -0.7071067812924155538 ) ) ;
#4644 = ORIENTED_EDGE ( 'NONE', *, *, #483, .F. ) ;
#4645 = EDGE_CURVE ( 'NONE', #5576, #835, #6082, .T. ) ;
#4646 = CARTESIAN_POINT ( 'NONE',  ( 78.39434029336256060, 6.495011661304368467, -518.9999999999992042 ) ) ;
#4647 = ORIENTED_EDGE ( 'NONE', *, *, #3617, .F. ) ;
#4648 = ORIENTED_EDGE ( 'NONE', *, *, #170, .T. ) ;
#4649 = VECTOR ( 'NONE', #4313, 1000.000000000000000 ) ;
#4650 = CARTESIAN_POINT ( 'NONE',  ( 90.20120286622798744, 75.68779357109535511, -64.47655302367222419 ) ) ;
#4651 = DIRECTION ( 'NONE',  ( 0.7660444535136902156, 0.6427875972986035746, 0.000000000000000000 ) ) ;
#4652 = CARTESIAN_POINT ( 'NONE',  ( 178.8271530543888730, -33.04395214513932189, -140.2610123065356902 ) ) ;
#4653 = EDGE_CURVE ( 'NONE', #2489, #433, #2691, .T. ) ;
#4654 = CARTESIAN_POINT ( 'NONE',  ( 171.2039481690432297, 3.633561816860939597, -163.0000000000000284 ) ) ;
#4655 = CARTESIAN_POINT ( 'NONE',  ( 88.66911395920067207, 74.40221837649805536, -53.77894174285809470 ) ) ;
#4656 = ORIENTED_EDGE ( 'NONE', *, *, #4486, .T. ) ;
#4657 = B_SPLINE_CURVE_WITH_KNOTS ( 'NONE', 3,
 ( #2808, #4263, #4786, #3260, #840, #6234, #1816 ),
 .UNSPECIFIED., .F., .F.,
 ( 4, 1, 1, 1, 4 ),
 ( 2.777468022149870801E-17, 0.007133191103798872806, 0.01661792705784386620, 0.02610266301188885613, 0.02955439532688876672 ),
 .UNSPECIFIED. ) ;
#4658 = CARTESIAN_POINT ( 'NONE',  ( 131.4033424095814269, 9.784364833522705140, -518.9999999999994316 ) ) ;
#4659 = PLANE ( 'NONE',  #4243 ) ;
#4660 = PLANE ( 'NONE',  #5569 ) ;
#4661 = CARTESIAN_POINT ( 'NONE',  ( 184.3164905826809559, 0.6290920072784035311, -106.7060122252405705 ) ) ;
#4662 = EDGE_LOOP ( 'NONE', ( #521, #1048, #5481, #2500 ) ) ;
#4663 = VECTOR ( 'NONE', #1796, 1000.000000000000114 ) ;
#4664 = ORIENTED_EDGE ( 'NONE', *, *, #2444, .T. ) ;
#4665 = VERTEX_POINT ( 'NONE', #5179 ) ;
#4666 = VECTOR ( 'NONE', #4740, 1000.000000000000000 ) ;
#4667 = DIRECTION ( 'NONE',  ( 0.4545194689124503196, -0.5416752277698736462, 0.7071067811865472397 ) ) ;
#4668 = ORIENTED_EDGE ( 'NONE', *, *, #5392, .T. ) ;
#4669 = LINE ( 'NONE', #278, #1172 ) ;
#4670 = EDGE_CURVE ( 'NONE', #1045, #2686, #6278, .T. ) ;
#4671 = VECTOR ( 'NONE', #4970, 1000.000000000000000 ) ;
#4672 = ORIENTED_EDGE ( 'NONE', *, *, #3333, .F. ) ;
#4673 = CARTESIAN_POINT ( 'NONE',  ( 186.9306712258070320, -0.09595177429610150799, -518.9999999999998863 ) ) ;
#4674 = LINE ( 'NONE', #3079, #871 ) ;
#4675 = CARTESIAN_POINT ( 'NONE',  ( 152.0777421034210306, -1.165244497598677098, 9.804599309964982597E-15 ) ) ;
#4676 = EDGE_CURVE ( 'NONE', #2804, #4571, #5215, .T. ) ;
#4677 = DIRECTION ( 'NONE',  ( 1.000000000000000000, 0.000000000000000000, 0.000000000000000000 ) ) ;
#4678 = FACE_BOUND ( 'NONE', #321, .T. ) ;
#4680 = EDGE_LOOP ( 'NONE', ( #1301, #1344, #78, #38 ) ) ;
#4679 = CARTESIAN_POINT ( 'NONE',  ( 88.66911395920068628, 74.40221837649806957, -181.8757090794443059 ) ) ;
#4681 = VECTOR ( 'NONE', #5526, 1000.000000000000000 ) ;
#4682 = CARTESIAN_POINT ( 'NONE',  ( 46.01172133595713376, 16.48707252421954195, 0.000000000000000000 ) ) ;
#4683 = ORIENTED_EDGE ( 'NONE', *, *, #5345, .T. ) ;
#4684 = VERTEX_POINT ( 'NONE', #6117 ) ;
#4685 = EDGE_CURVE ( 'NONE', #2548, #2150, #5637, .T. ) ;
#4686 = VECTOR ( 'NONE', #5785, 1000.000000000000114 ) ;
#4687 = EDGE_CURVE ( 'NONE', #2644, #4283, #5145, .T. ) ;
#4688 = CARTESIAN_POINT ( 'NONE',  ( 148.0602579068340106, 6.734054597800096076, -119.4538633601287501 ) ) ;
#4689 = CARTESIAN_POINT ( 'NONE',  ( 152.0777421025901788, -1.165244496608496938, 9.804599309964982597E-15 ) ) ;
#4690 = PLANE ( 'NONE',  #4775 ) ;
#4691 = FACE_OUTER_BOUND ( 'NONE', #783, .T. ) ;
#4692 = CARTESIAN_POINT ( 'NONE',  ( 131.9905741701041961, 22.77371083816701258, -67.39622916336205094 ) ) ;
#4693 = ORIENTED_EDGE ( 'NONE', *, *, #606, .T. ) ;
#4694 = VECTOR ( 'NONE', #741, 1000.000000000000114 ) ;
#4695 = LINE ( 'NONE', #2239, #3101 ) ;
#4696 = DIRECTION ( 'NONE',  ( 0.7660444535136902156, 0.6427875972986035746, 0.000000000000000000 ) ) ;
#4697 = DIRECTION ( 'NONE',  ( 0.000000000000000000, 1.000000000000000000, 0.000000000000000000 ) ) ;
#4698 = ORIENTED_EDGE ( 'NONE', *, *, #6304, .T. ) ;
#4699 = VECTOR ( 'NONE', #2127, 1000.000000000000000 ) ;
#4700 = ORIENTED_EDGE ( 'NONE', *, *, #189, .F. ) ;
#4701 = ORIENTED_EDGE ( 'NONE', *, *, #2041, .T. ) ;
#4702 = CARTESIAN_POINT ( 'NONE',  ( 184.3164905826810411, -0.1919655471098047350, -77.80327220712366909 ) ) ;
#4703 = EDGE_LOOP ( 'NONE', ( #3711, #1522, #1133, #500 ) ) ;
#4704 = LINE ( 'NONE', #4802, #6199 ) ;
#4705 = EDGE_CURVE ( 'NONE', #1245, #4779, #747, .T. ) ;
#4706 = VERTEX_POINT ( 'NONE', #269 ) ;
#4707 = CARTESIAN_POINT ( 'NONE',  ( 126.9725547312170448, -2.297953459282285227, 0.000000000000000000 ) ) ;
#4708 = EDGE_CURVE ( 'NONE', #5263, #1299, #2147, .T. ) ;
#4709 = CARTESIAN_POINT ( 'NONE',  ( 184.3164905826809843, -0.1919646894025336392, -283.4409816621370624 ) ) ;
#4710 = CARTESIAN_POINT ( 'NONE',  ( 154.3747233051220178, -0.7912324730635208470, -224.0000000000000000 ) ) ;
#4711 = CARTESIAN_POINT ( 'NONE',  ( 88.66911395920067207, 74.40221837649805536, -8.514975219832457753 ) ) ;
#4712 = LINE ( 'NONE', #5130, #3636 ) ;
#4714 = ORIENTED_EDGE ( 'NONE', *, *, #2197, .F. ) ;
#4713 = DIRECTION ( 'NONE',  ( 0.000000000000000000, 0.000000000000000000, -1.000000000000000000 ) ) ;
#4715 = LINE ( 'NONE', #3840, #141 ) ;
#4716 = ORIENTED_EDGE ( 'NONE', *, *, #5916, .T. ) ;
#4717 = VERTEX_POINT ( 'NONE', #6176 ) ;
#4718 = B_SPLINE_CURVE_WITH_KNOTS ( 'NONE', 3,
 ( #4998, #1932, #1020, #2506, #4868, #3996, #600, #5931, #507, #2949, #4415, #4384, #4932 ),
 .UNSPECIFIED., .F., .F.,
 ( 4, 1, 1, 1, 2, 1, 1, 1, 1, 4 ),
 ( 0.000000000000000000, 0.0001597921811201364034, 0.0003195843622402728067, 0.0004793765433604091288, 0.0006391687244805456134, 0.01010970888765434089, 0.01958024905082814474, 0.02905078921400193817, 0.03378605929558883142, 0.03509088914727665626 ),
 .UNSPECIFIED. ) ;
#4719 = CARTESIAN_POINT ( 'NONE',  ( 169.1116120508133065, 4.115636582606345684, -2.000000000000018652 ) ) ;
#4720 = CARTESIAN_POINT ( 'NONE',  ( 146.5281689998066099, 5.448479403202848736, -75.23147659367238305 ) ) ;
#4721 = CARTESIAN_POINT ( 'NONE',  ( 184.3164905826809843, 0.3083721082516452938, -221.0000000000000000 ) ) ;
#4722 = DIRECTION ( 'NONE',  ( 0.000000000000000000, -0.7938448021158673873, 0.6081204076115348522 ) ) ;
#4723 = CARTESIAN_POINT ( 'NONE',  ( 130.5446252940816123, -2.166539322569478898, -518.9999999999989768 ) ) ;
#4724 = ORIENTED_EDGE ( 'NONE', *, *, #5953, .F. ) ;
#4725 = EDGE_CURVE ( 'NONE', #4086, #1373, #236, .T. ) ;
#4726 = CARTESIAN_POINT ( 'NONE',  ( 153.6098310104484597, 0.1203306969985440400, -85.86507986625763067 ) ) ;
#4727 = LINE ( 'NONE', #2817, #5597 ) ;
#4728 = FACE_OUTER_BOUND ( 'NONE', #6068, .T. ) ;
#4729 = ORIENTED_EDGE ( 'NONE', *, *, #3039, .T. ) ;
#4730 = ORIENTED_EDGE ( 'NONE', *, *, #3360, .T. ) ;
#4731 = EDGE_LOOP ( 'NONE', ( #4974, #4182, #190, #4260 ) ) ;
#4732 = ADVANCED_FACE ( 'NONE', ( #4728 ), #1292, .T. ) ;
#4733 = LINE ( 'NONE', #339, #4174 ) ;
#4734 = ORIENTED_EDGE ( 'NONE', *, *, #4212, .T. ) ;
#4735 = CARTESIAN_POINT ( 'NONE',  ( 152.0777421034210590, -1.165244497598677098, -100.7413238259620698 ) ) ;
#4736 = ORIENTED_EDGE ( 'NONE', *, *, #5636, .F. ) ;
#4737 = ADVANCED_FACE ( 'NONE', ( #817, #2755, #334, #6053, #1641, #3594, #5601 ), #5570, .T. ) ;
#4738 = CARTESIAN_POINT ( 'NONE',  ( 130.5446252940816123, -2.166539322569478898, -518.9999999999989768 ) ) ;
#4739 = CARTESIAN_POINT ( 'NONE',  ( 152.0777421034210590, -1.165244497598718620, 9.804599309964982597E-15 ) ) ;
#4740 = DIRECTION ( 'NONE',  ( 0.7660444535136902156, 0.6427875972986035746, 0.000000000000000000 ) ) ;
#4741 = DIRECTION ( 'NONE',  ( 0.6427875972986036857, -0.7660444535136901045, 0.000000000000000000 ) ) ;
#4742 = DIRECTION ( 'NONE',  ( -0.6427875972986034636, 0.7660444535136902156, 0.000000000000000000 ) ) ;
#4744 = EDGE_LOOP ( 'NONE', ( #5293, #3367, #2237, #4656 ) ) ;
#4743 = CARTESIAN_POINT ( 'NONE',  ( 183.4672224300393282, 0.8297000030374014345, -226.0000000000000000 ) ) ;
#4745 = CARTESIAN_POINT ( 'NONE',  ( 127.6634988278498355, 10.09967979251546666, -519.0000000000005684 ) ) ;
#4746 = VECTOR ( 'NONE', #1188, 1000.000000000000000 ) ;
#4747 = EDGE_LOOP ( 'NONE', ( #3691, #6221, #6206 ) ) ;
#4748 = ORIENTED_EDGE ( 'NONE', *, *, #3303, .F. ) ;
#4749 = PLANE ( 'NONE',  #3993 ) ;
#4750 = PLANE ( 'NONE',  #4604 ) ;
#4751 = LINE ( 'NONE', #3192, #1989 ) ;
#4752 = LINE ( 'NONE', #360, #5156 ) ;
#4753 = CARTESIAN_POINT ( 'NONE',  ( 111.7920803194954260, -2.853370928900184733, -519.0000000000007958 ) ) ;
#4754 = ORIENTED_EDGE ( 'NONE', *, *, #5438, .F. ) ;
#4755 = LINE ( 'NONE', #5330, #4473 ) ;
#4756 = LINE ( 'NONE', #6275, #2593 ) ;
#4757 = CARTESIAN_POINT ( 'NONE',  ( 187.0259088579325635, -42.81484914970644695, -153.0160123065356572 ) ) ;
#4758 = CARTESIAN_POINT ( 'NONE',  ( 187.3164905826809843, -0.08178092353511093315, -288.0000000000000000 ) ) ;
#4759 = AXIS2_PLACEMENT_3D ( 'NONE', #4062, #1120, #4609 ) ;
#4760 = EDGE_CURVE ( 'NONE', #5378, #2023, #2658, .T. ) ;
#4761 = ORIENTED_EDGE ( 'NONE', *, *, #4089, .F. ) ;
#4762 = EDGE_CURVE ( 'NONE', #2829, #5969, #4045, .T. ) ;
#4763 = ORIENTED_EDGE ( 'NONE', *, *, #5942, .F. ) ;
#4764 = EDGE_CURVE ( 'NONE', #2829, #1725, #5761, .T. ) ;
#4765 = EDGE_CURVE ( 'NONE', #3988, #4571, #4505, .T. ) ;
#4766 = AXIS2_PLACEMENT_3D ( 'NONE', #5696, #1253, #3200 ) ;
#4767 = FACE_OUTER_BOUND ( 'NONE', #2456, .T. ) ;
#4768 = EDGE_LOOP ( 'NONE', ( #4994, #2502, #526 ) ) ;
#4769 = DIRECTION ( 'NONE',  ( 0.7660444535136902156, 0.6427875972986035746, 0.000000000000000000 ) ) ;
#4770 = VERTEX_POINT ( 'NONE', #1445 ) ;
#4771 = VECTOR ( 'NONE', #302, 1000.000000000000000 ) ;
#4772 = CARTESIAN_POINT ( 'NONE',  ( 146.5281689998066099, 5.448479403202883375, 9.804599309964982597E-15 ) ) ;
#4773 = CARTESIAN_POINT ( 'NONE',  ( 146.4478853129096478, 8.656688963823146565, -50.00000000000000000 ) ) ;
#4774 = DIRECTION ( 'NONE',  ( 0.9993263269200404197, 0.03670003166892941981, 0.000000000000000000 ) ) ;
#4775 = AXIS2_PLACEMENT_3D ( 'NONE', #5106, #294, #6202 ) ;
#4776 = B_SPLINE_CURVE_WITH_KNOTS ( 'NONE', 3,
 ( #1603, #126, #4555, #2451, #5910, #5040, #5462 ),
 .UNSPECIFIED., .F., .F.,
 ( 4, 3, 4 ),
 ( 0.000000000000000000, 0.002559018337862900561, 0.002999999999999947153 ),
 .UNSPECIFIED. ) ;
#4777 = DIRECTION ( 'NONE',  ( 0.4545194689124504306, -0.5416752277698734241, 0.7071067811865473507 ) ) ;
#4779 = VERTEX_POINT ( 'NONE', #1386 ) ;
#4778 = CARTESIAN_POINT ( 'NONE',  ( 146.5281689998066099, 5.448479403202890481, -216.0193123520296297 ) ) ;
#4780 = EDGE_CURVE ( 'NONE', #643, #271, #3329, .T. ) ;
#4781 = CARTESIAN_POINT ( 'NONE',  ( 179.4939268584717524, 1.752396962257196211, -519.0000000000002274 ) ) ;
#4782 = ORIENTED_EDGE ( 'NONE', *, *, #4843, .F. ) ;
#4783 = VECTOR ( 'NONE', #632, 1000.000000000000000 ) ;
#4784 = ORIENTED_EDGE ( 'NONE', *, *, #3696, .F. ) ;
#4785 = LINE ( 'NONE', #4650, #2848 ) ;
#4786 = CARTESIAN_POINT ( 'NONE',  ( 176.4047832163774956, -0.4825090583910602859, -285.9999999999998863 ) ) ;
#4787 = LINE ( 'NONE', #5327, #5694 ) ;
#4788 = FACE_OUTER_BOUND ( 'NONE', #4703, .T. ) ;
#4789 = CARTESIAN_POINT ( 'NONE',  ( 186.5669588114145370, -0.1093106539179982822, 0.000000000000000000 ) ) ;
#4790 = DIRECTION ( 'NONE',  ( 0.9993263279542508037, 0.03670000350780839443, 0.000000000000000000 ) ) ;
#4791 = DIRECTION ( 'NONE',  ( 0.000000000000000000, 0.000000000000000000, -1.000000000000000000 ) ) ;
#4792 = ADVANCED_FACE ( 'NONE', ( #2873 ), #969, .F. ) ;
#4793 = FACE_OUTER_BOUND ( 'NONE', #1840, .T. ) ;
#4794 = DIRECTION ( 'NONE',  ( 0.4545194689124509857, -0.5416752277698740903, -0.7071067811865465735 ) ) ;
#4795 = CARTESIAN_POINT ( 'NONE',  ( 88.66911395920068628, 74.40221837649805536, -121.4538633601287501 ) ) ;
#4796 = ORIENTED_EDGE ( 'NONE', *, *, #4889, .F. ) ;
#4797 = VERTEX_POINT ( 'NONE', #2902 ) ;
#4798 = VECTOR ( 'NONE', #780, 1000.000000000000000 ) ;
#4799 = VECTOR ( 'NONE', #2278, 1000.000000000000114 ) ;
#4800 = FACE_OUTER_BOUND ( 'NONE', #5978, .T. ) ;
#4801 = ORIENTED_EDGE ( 'NONE', *, *, #1848, .F. ) ;
#4802 = CARTESIAN_POINT ( 'NONE',  ( 55.04551400535657990, 114.4732657334371595, -52.30903660112844733 ) ) ;
#4803 = AXIS2_PLACEMENT_3D ( 'NONE', #5257, #2432, #12 ) ;
#4804 = ORIENTED_EDGE ( 'NONE', *, *, #4013, .T. ) ;
#4805 = EDGE_CURVE ( 'NONE', #3286, #1299, #489, .T. ) ;
#4806 = DIRECTION ( 'NONE',  ( 0.7660444535136902156, 0.6427875972986035746, 0.000000000000000000 ) ) ;
#4807 = CARTESIAN_POINT ( 'NONE',  ( 184.3164905826809843, -0.1919656617857687653, -45.00000000000003553 ) ) ;
#4808 = CARTESIAN_POINT ( 'NONE',  ( 74.46472052248944351, 91.33035584126638184, -22.09811374147070850 ) ) ;
#4809 = ORIENTED_EDGE ( 'NONE', *, *, #3061, .T. ) ;
#4810 = CARTESIAN_POINT ( 'NONE',  ( 150.0182597468836434, 7.437505460303684757, -518.9999999999994316 ) ) ;
#4811 = VERTEX_POINT ( 'NONE', #915 ) ;
#4812 = ORIENTED_EDGE ( 'NONE', *, *, #4111, .T. ) ;
#4813 = CARTESIAN_POINT ( 'NONE',  ( 184.3164905826809843, -0.1919652221612422049, -161.0000000000000000 ) ) ;
#4814 = CARTESIAN_POINT ( 'NONE',  ( 184.3164905826809559, 0.6289222490541981347, -216.7393850950454635 ) ) ;
#4815 = CARTESIAN_POINT ( 'NONE',  ( 154.7820051188861896, -1.276612053755953768, -50.00000000000000000 ) ) ;
#4816 = EDGE_CURVE ( 'NONE', #279, #622, #1853, .T. ) ;
#4817 = DIRECTION ( 'NONE',  ( -0.4545194689124505971, 0.5416752277698736462, -0.7071067811865470176 ) ) ;
#4818 = ADVANCED_FACE ( 'NONE', ( #3827 ), #4825, .T. ) ;
#4819 = CARTESIAN_POINT ( 'NONE',  ( 156.7981010113006448, -1.202570083322960004, -519.0000000000001137 ) ) ;
#4820 = VECTOR ( 'NONE', #2807, 1000.000000000000000 ) ;
#4821 = CARTESIAN_POINT ( 'NONE',  ( 148.0602579068339821, 6.734054597800125386, -130.0874666327140687 ) ) ;
#4822 = DIRECTION ( 'NONE',  ( 1.000000000000000000, 0.000000000000000000, 0.000000000000000000 ) ) ;
#4823 = FACE_BOUND ( 'NONE', #2243, .T. ) ;
#4824 = PLANE ( 'NONE',  #3601 ) ;
#4825 = PLANE ( 'NONE',  #4169 ) ;
#4826 = EDGE_LOOP ( 'NONE', ( #651, #1094, #4432, #2081 ) ) ;
#4827 = ORIENTED_EDGE ( 'NONE', *, *, #5539, .T. ) ;
#4828 = LINE ( 'NONE', #2877, #3137 ) ;
#4829 = ORIENTED_EDGE ( 'NONE', *, *, #2401, .T. ) ;
#4830 = CARTESIAN_POINT ( 'NONE',  ( 148.0602579068340390, 6.734054597800056108, -75.23147659367238305 ) ) ;
#4831 = ORIENTED_EDGE ( 'NONE', *, *, #4958, .T. ) ;
#4832 = CARTESIAN_POINT ( 'NONE',  ( 184.3164905826810127, -0.1919646811472983938, -285.1469938873790397 ) ) ;
#4833 = LINE ( 'NONE', #925, #3421 ) ;
#4834 = CARTESIAN_POINT ( 'NONE',  ( 154.7820052733295597, -1.276612237814304329, -4.559018337862929648 ) ) ;
#4835 = VERTEX_POINT ( 'NONE', #460 ) ;
#4836 = DIRECTION ( 'NONE',  ( -0.4545194689124500420, 0.5416752277698730911, 0.7071067811865480168 ) ) ;
#4837 = ORIENTED_EDGE ( 'NONE', *, *, #2377, .F. ) ;
#4838 = ORIENTED_EDGE ( 'NONE', *, *, #898, .F. ) ;
#4839 = ADVANCED_FACE ( 'NONE', ( #1326 ), #4334, .F. ) ;
#4840 = CARTESIAN_POINT ( 'NONE',  ( 180.4407208806337906, 1.544343149823919514, -103.0000000000000426 ) ) ;
#4841 = CARTESIAN_POINT ( 'NONE',  ( 88.66911395920067207, 74.40221837649805536, -21.26989883339205889 ) ) ;
#4842 = CARTESIAN_POINT ( 'NONE',  ( 184.3164905826810127, 0.3083714254295336077, -50.00000000000000000 ) ) ;
#4843 = EDGE_CURVE ( 'NONE', #2021, #6055, #1590, .T. ) ;
#4844 = FACE_OUTER_BOUND ( 'NONE', #5986, .T. ) ;
#4845 = CARTESIAN_POINT ( 'NONE',  ( 138.0456214846427656, -1.891207153308817279, -518.9999999999994316 ) ) ;
#4846 = EDGE_CURVE ( 'NONE', #231, #3620, #5851, .T. ) ;
#4847 = CARTESIAN_POINT ( 'NONE',  ( 152.2492416656317573, -1.369629723703938318, -290.0000000000000000 ) ) ;
#4848 = DIRECTION ( 'NONE',  ( 0.7660444535136902156, 0.6427875972986035746, 0.000000000000000000 ) ) ;
#4849 = LINE ( 'NONE', #3268, #2806 ) ;
#4850 = PLANE ( 'NONE',  #1658 ) ;
#4851 = PRESENTATION_LAYER_ASSIGNMENT (  '', '', ( #5866 ) ) ;
#4852 = CARTESIAN_POINT ( 'NONE',  ( 184.3164905826808990, -0.1919651984479403550, -168.8404099365859850 ) ) ;
#4853 = ORIENTED_EDGE ( 'NONE', *, *, #3666, .F. ) ;
#4854 = VERTEX_POINT ( 'NONE', #4758 ) ;
#4855 = VECTOR ( 'NONE', #986, 1000.000000000000000 ) ;
#4856 = CARTESIAN_POINT ( 'NONE',  ( 0.3618704783485165444, 1.104453914242504498, 0.000000000000000000 ) ) ;
#4857 = DIRECTION ( 'NONE',  ( -0.4545194689124505416, 0.5416752277698733131, 0.7071067811865473507 ) ) ;
#4858 = ORIENTED_EDGE ( 'NONE', *, *, #66, .F. ) ;
#4859 = CARTESIAN_POINT ( 'NONE',  ( 184.2981405747065082, 0.3076979415874339097, -166.0000000000000000 ) ) ;
#4860 = VECTOR ( 'NONE', #1248, 1000.000000000000000 ) ;
#4861 = ORIENTED_EDGE ( 'NONE', *, *, #5515, .T. ) ;
#4862 = ORIENTED_EDGE ( 'NONE', *, *, #5927, .F. ) ;
#4863 = VECTOR ( 'NONE', #2823, 1000.000000000000114 ) ;
#4864 = CARTESIAN_POINT ( 'NONE',  ( 153.6098310104484312, 0.1203306969985197539, -123.5751837036883387 ) ) ;
#4865 = PLANE ( 'NONE',  #4259 ) ;
#4866 = ORIENTED_EDGE ( 'NONE', *, *, #5709, .T. ) ;
#4867 = EDGE_CURVE ( 'NONE', #3611, #271, #4529, .T. ) ;
#4868 = CARTESIAN_POINT ( 'NONE',  ( 186.8298374647055766, -0.09965532144784199076, -287.9999999999996021 ) ) ;
#4869 = ORIENTED_EDGE ( 'NONE', *, *, #1910, .T. ) ;
#4870 = VECTOR ( 'NONE', #2435, 1000.000000000000114 ) ;
#4871 = EDGE_CURVE ( 'NONE', #3041, #2863, #70, .T. ) ;
#4872 = CARTESIAN_POINT ( 'NONE',  ( 146.6379746403446234, 8.429065845992257167, -232.2607211451309581 ) ) ;
#4873 = FACE_OUTER_BOUND ( 'NONE', #4896, .T. ) ;
#4874 = CARTESIAN_POINT ( 'NONE',  ( 154.7820050803711922, -1.276612007855474573, -158.0000000000000000 ) ) ;
#4875 = LINE ( 'NONE', #2810, #2301 ) ;
#4876 = CARTESIAN_POINT ( 'NONE',  ( 91.16253580404931256, -3.551460721522221586, -518.9999999999998863 ) ) ;
#4877 = EDGE_CURVE ( 'NONE', #3236, #2822, #37, .T. ) ;
#4878 = EDGE_CURVE ( 'NONE', #3253, #1311, #4918, .T. ) ;
#4879 = VECTOR ( 'NONE', #6270, 1000.000000000000000 ) ;
#4880 = DIRECTION ( 'NONE',  ( 0.000000000000000000, -0.7938448021158683865, 0.6081204076115336310 ) ) ;
#4881 = CARTESIAN_POINT ( 'NONE',  ( 88.66911395920067207, 74.40221837649805536, -62.41254501415071587 ) ) ;
#4882 = CARTESIAN_POINT ( 'NONE',  ( 146.5281689998066099, 5.448479403202883375, 9.804599309964982597E-15 ) ) ;
#4883 = DIRECTION ( 'NONE',  ( -8.796262431460665264E-49, 1.048297769837185521E-48, 1.000000000000000000 ) ) ;
#4884 = CARTESIAN_POINT ( 'NONE',  ( 146.4440854870231306, 8.660133948616792310, -48.00000000000000000 ) ) ;
#4885 = ORIENTED_EDGE ( 'NONE', *, *, #1724, .F. ) ;
#4886 = ORIENTED_EDGE ( 'NONE', *, *, #736, .T. ) ;
#4887 = CARTESIAN_POINT ( 'NONE',  ( 0.03112534431548428376, -0.6942191776496319244, 0.000000000000000000 ) ) ;
#4888 = FACE_OUTER_BOUND ( 'NONE', #5118, .T. ) ;
#4889 = EDGE_CURVE ( 'NONE', #80, #1311, #3981, .T. ) ;
#4890 = DIRECTION ( 'NONE',  ( 0.7660444535136902156, 0.6427875972986035746, 0.000000000000000000 ) ) ;
#4891 = DIRECTION ( 'NONE',  ( -6.378601426329706152E-17, -5.352281928482944175E-17, 1.000000000000000000 ) ) ;
#4892 = ORIENTED_EDGE ( 'NONE', *, *, #328, .T. ) ;
#4893 = EDGE_CURVE ( 'NONE', #2489, #3645, #1979, .T. ) ;
#4894 = LINE ( 'NONE', #4956, #4870 ) ;
#4895 = VECTOR ( 'NONE', #43, 1000.000000000000000 ) ;
#4896 = EDGE_LOOP ( 'NONE', ( #2340, #5316, #3811, #1885 ) ) ;
#4897 = ORIENTED_EDGE ( 'NONE', *, *, #1944, .T. ) ;
#4898 = VECTOR ( 'NONE', #4008, 1000.000000000000000 ) ;
#4899 = DIRECTION ( 'NONE',  ( -0.4545194689124505416, 0.5416752277698733131, 0.7071067811865473507 ) ) ;
#4900 = EDGE_CURVE ( 'NONE', #2318, #1406, #549, .T. ) ;
#4901 = VECTOR ( 'NONE', #1189, 1000.000000000000000 ) ;
#4902 = CARTESIAN_POINT ( 'NONE',  ( 152.0777421034210590, -1.165244497598663109, -85.86507986625763067 ) ) ;
#4903 = VERTEX_POINT ( 'NONE', #2455 ) ;
#4904 = LINE ( 'NONE', #5838, #5700 ) ;
#4905 = ORIENTED_EDGE ( 'NONE', *, *, #2006, .F. ) ;
#4906 = EDGE_CURVE ( 'NONE', #2379, #470, #5881, .T. ) ;
#4907 = CARTESIAN_POINT ( 'NONE',  ( 146.5281689998066383, 5.448479403202883375, -87.98640020981726195 ) ) ;
#4908 = DIRECTION ( 'NONE',  ( 0.000000000000000000, 0.7938448021158702739, 0.6081204076115311885 ) ) ;
#4909 = LINE ( 'NONE', #2327, #4241 ) ;
#4910 = LINE ( 'NONE', #513, #4983 ) ;
#4911 = CARTESIAN_POINT ( 'NONE',  ( 94.91451461309853244, -3.462919854750694970, -518.9999999999996589 ) ) ;
#4912 = VERTEX_POINT ( 'NONE', #5977 ) ;
#4913 = FACE_OUTER_BOUND ( 'NONE', #3334, .T. ) ;
#4914 = CARTESIAN_POINT ( 'NONE',  ( 146.5281689998066383, 5.448479403202890481, -242.3261105482872608 ) ) ;
#4915 = CARTESIAN_POINT ( 'NONE',  ( 165.5504947399569744, -0.8811428267180821949, -162.9999999999998295 ) ) ;
#4916 = DIRECTION ( 'NONE',  ( -6.378601426329706152E-17, -5.352281928482944175E-17, 1.000000000000000000 ) ) ;
#4917 = VECTOR ( 'NONE', #2383, 999.9999999999998863 ) ;
#4918 = LINE ( 'NONE', #101, #1412 ) ;
#4919 = ORIENTED_EDGE ( 'NONE', *, *, #5550, .F. ) ;
#4920 = EDGE_CURVE ( 'NONE', #1112, #643, #1574, .T. ) ;
#4921 = CARTESIAN_POINT ( 'NONE',  ( 14.35666264184537688, -5.281386247413163204, 0.000000000000000000 ) ) ;
#4922 = LINE ( 'NONE', #5982, #3316 ) ;
#4923 = CARTESIAN_POINT ( 'NONE',  ( 90.20120286622807271, 75.68779357109528405, -146.9638633601287552 ) ) ;
#4924 = FACE_OUTER_BOUND ( 'NONE', #2306, .T. ) ;
#4925 = EDGE_LOOP ( 'NONE', ( #4338, #1027, #3512 ) ) ;
#4926 = PLANE ( 'NONE',  #2086 ) ;
#4927 = VERTEX_POINT ( 'NONE', #1947 ) ;
#4928 = EDGE_LOOP ( 'NONE', ( #1485, #6185, #4001, #3663 ) ) ;
#4929 = EDGE_CURVE ( 'NONE', #971, #4509, #3556, .T. ) ;
#4930 = CARTESIAN_POINT ( 'NONE',  ( 146.5281689998066099, 5.448479403202883375, 9.804599309964982597E-15 ) ) ;
#4931 = ORIENTED_EDGE ( 'NONE', *, *, #772, .T. ) ;
#4932 = CARTESIAN_POINT ( 'NONE',  ( 152.2492416656317573, -1.369629723703938984, -288.0000000000000000 ) ) ;
#4933 = ORIENTED_EDGE ( 'NONE', *, *, #4760, .T. ) ;
#4934 = EDGE_CURVE ( 'NONE', #5805, #4797, #5561, .T. ) ;
#4935 = CARTESIAN_POINT ( 'NONE',  ( 183.2739978401863254, 0.8757804255899137580, -103.0000000000000284 ) ) ;
#4936 = DIRECTION ( 'NONE',  ( -0.4545194689124500420, 0.5416752277698730911, 0.7071067811865480168 ) ) ;
#4937 = CARTESIAN_POINT ( 'NONE',  ( 184.3164905826809843, -0.1919654579118456050, -102.1469938873790397 ) ) ;
#4938 = DIRECTION ( 'NONE',  ( 0.000000000000000000, 0.000000000000000000, -1.000000000000000000 ) ) ;
#4939 = VERTEX_POINT ( 'NONE', #5015 ) ;
#4940 = CARTESIAN_POINT ( 'NONE',  ( 31.72391033243065905, -5.631735114701944767, 0.000000000000000000 ) ) ;
#4941 = VERTEX_POINT ( 'NONE', #1035 ) ;
#4942 = CARTESIAN_POINT ( 'NONE',  ( 153.6098310104484597, 0.1203306969985197539, -36.14614279309652289 ) ) ;
#4943 = DIRECTION ( 'NONE',  ( 0.4545194689124502085, -0.5416752277698733131, 0.7071067811865476838 ) ) ;
#4944 = PLANE ( 'NONE',  #2275 ) ;
#4945 = DIRECTION ( 'NONE',  ( 0.000000000000000000, 1.000000000000000000, 0.000000000000000000 ) ) ;
#4946 = CARTESIAN_POINT ( 'NONE',  ( 148.0602579068340106, 6.734054597800090747, 9.804599309964982597E-15 ) ) ;
#4947 = VERTEX_POINT ( 'NONE', #1542 ) ;
#4948 = VECTOR ( 'NONE', #6010, 1000.000000000000000 ) ;
#4949 = EDGE_CURVE ( 'NONE', #5307, #2659, #4487, .T. ) ;
#4950 = CARTESIAN_POINT ( 'NONE',  ( 1.247712657388743374, 2.301766966073418352, 0.000000000000000000 ) ) ;
#4951 = CARTESIAN_POINT ( 'NONE',  ( 154.7820052418864805, -1.276612200341903369, -221.0000000000000000 ) ) ;
#4952 = LINE ( 'NONE', #5226, #596 ) ;
#4953 = DIRECTION ( 'NONE',  ( 0.7660444535136902156, 0.6427875972986035746, 0.000000000000000000 ) ) ;
#4954 = ADVANCED_FACE ( 'NONE', ( #4431 ), #2012, .F. ) ;
#4955 = ORIENTED_EDGE ( 'NONE', *, *, #2521, .F. ) ;
#4956 = CARTESIAN_POINT ( 'NONE',  ( 141.7775715112773867, 11.11002121306034773, -82.62209443862099079 ) ) ;
#4957 = ORIENTED_EDGE ( 'NONE', *, *, #3906, .F. ) ;
#4958 = EDGE_CURVE ( 'NONE', #4444, #5915, #616, .T. ) ;
#4959 = ADVANCED_FACE ( 'NONE', ( #5466 ), #4981, .T. ) ;
#4960 = ORIENTED_EDGE ( 'NONE', *, *, #2904, .F. ) ;
#4961 = ORIENTED_EDGE ( 'NONE', *, *, #2932, .F. ) ;
#4962 = EDGE_CURVE ( 'NONE', #1235, #171, #2524, .T. ) ;
#4963 = FACE_BOUND ( 'NONE', #987, .T. ) ;
#4964 = ORIENTED_EDGE ( 'NONE', *, *, #6015, .F. ) ;
#4965 = DIRECTION ( 'NONE',  ( -0.4545194689124502085, 0.5416752277698729801, 0.7071067811865477948 ) ) ;
#4966 = ORIENTED_EDGE ( 'NONE', *, *, #2202, .T. ) ;
#4967 = CARTESIAN_POINT ( 'NONE',  ( 179.5089322577574080, -33.85646498679395222, -141.3216724783158327 ) ) ;
#4968 = CARTESIAN_POINT ( 'NONE',  ( 186.5000000000003411, -0.1117699999999916260, 0.000000000000000000 ) ) ;
#4969 = LINE ( 'NONE', #5003, #265 ) ;
#4970 = DIRECTION ( 'NONE',  ( 0.7660444535136902156, 0.6427875972986035746, 0.000000000000000000 ) ) ;
#4971 = ORIENTED_EDGE ( 'NONE', *, *, #5524, .F. ) ;
#4972 = CARTESIAN_POINT ( 'NONE',  ( 9.409784400422468664, -4.877512206354990276, 0.000000000000000000 ) ) ;
#4973 = VECTOR ( 'NONE', #3483, 1000.000000000000114 ) ;
#4974 = ORIENTED_EDGE ( 'NONE', *, *, #4906, .F. ) ;
#4975 = CARTESIAN_POINT ( 'NONE',  ( 88.66911395920068628, 74.40221837649806957, -267.8361105482872517 ) ) ;
#4976 = CARTESIAN_POINT ( 'NONE',  ( 154.3747233051220178, -0.7912324730635189596, -221.0000000000000000 ) ) ;
#4977 = DIRECTION ( 'NONE',  ( 0.7660444535136902156, 0.6427875972986035746, 0.000000000000000000 ) ) ;
#4978 = VECTOR ( 'NONE', #5549, 1000.000000000000000 ) ;
#4979 = FILL_AREA_STYLE ('',( #2993 ) ) ;
#4980 = LINE ( 'NONE', #6074, #4433 ) ;
#4981 = PLANE ( 'NONE',  #3131 ) ;
#4982 = ORIENTED_EDGE ( 'NONE', *, *, #1046, .F. ) ;
#4983 = VECTOR ( 'NONE', #2839, 1000.000000000000000 ) ;
#4984 = EDGE_CURVE ( 'NONE', #5734, #5684, #4397, .T. ) ;
#4985 = CARTESIAN_POINT ( 'NONE',  ( 69.62096356171326761, -1.102681666168357388, -518.9999999999989768 ) ) ;
#4986 = CARTESIAN_POINT ( 'NONE',  ( 88.66911395920173788, 74.40221837649681902, -255.0810341644326229 ) ) ;
#4987 = FACE_BOUND ( 'NONE', #4768, .T. ) ;
#4988 = VECTOR ( 'NONE', #2476, 1000.000000000000000 ) ;
#4989 = DIRECTION ( 'NONE',  ( 0.4545194689124502085, -0.5416752277698733131, 0.7071067811865476838 ) ) ;
#4990 = EDGE_LOOP ( 'NONE', ( #1972, #1231, #4477 ) ) ;
#4991 = LINE ( 'NONE', #590, #6208 ) ;
#4992 = ORIENTED_EDGE ( 'NONE', *, *, #487, .T. ) ;
#4993 = AXIS2_PLACEMENT_3D ( 'NONE', #6286, #2372, #2312 ) ;
#4994 = ORIENTED_EDGE ( 'NONE', *, *, #5392, .F. ) ;
#4995 = ORIENTED_EDGE ( 'NONE', *, *, #4127, .T. ) ;
#4996 = FACE_BOUND ( 'NONE', #882, .T. ) ;
#4997 = EDGE_LOOP ( 'NONE', ( #718, #2537, #3006 ) ) ;
#4998 = CARTESIAN_POINT ( 'NONE',  ( 187.3164905826809843, -0.08178092353511093315, -288.0000000000000000 ) ) ;
#4999 = EDGE_CURVE ( 'NONE', #1550, #1433, #3164, .T. ) ;
#5000 = DIRECTION ( 'NONE',  ( -6.378601426329706152E-17, -5.352281928482944175E-17, 1.000000000000000000 ) ) ;
#5001 = VECTOR ( 'NONE', #2995, 1000.000000000000114 ) ;
#5002 = DIRECTION ( 'NONE',  ( 0.4545194689124502085, -0.5416752277698729801, -0.7071067811865477948 ) ) ;
#5003 = CARTESIAN_POINT ( 'NONE',  ( 141.7227456530524137, 14.28680784239818458, -224.0000000000000000 ) ) ;
#5004 = LINE ( 'NONE', #5456, #4671 ) ;
#5005 = ORIENTED_EDGE ( 'NONE', *, *, #1727, .F. ) ;
#5006 = CARTESIAN_POINT ( 'NONE',  ( 0.03112534431548428376, -0.6942191776496319244, 0.000000000000000000 ) ) ;
#5007 = VECTOR ( 'NONE', #3733, 1000.000000000000114 ) ;
#5008 = ORIENTED_EDGE ( 'NONE', *, *, #5632, .T. ) ;
#5009 = CARTESIAN_POINT ( 'NONE',  ( 185.5847931986703827, 0.3287218245284972418, -519.0000000000000000 ) ) ;
#5010 = CARTESIAN_POINT ( 'NONE',  ( 0.000000000000000000, 0.000000000000000000, -286.0000000000000568 ) ) ;
#5011 = CARTESIAN_POINT ( 'NONE',  ( 62.56249060553155061, 105.5148815705248779, -40.61469677290837410 ) ) ;
#5012 = EDGE_CURVE ( 'NONE', #3611, #643, #3125, .T. ) ;
#5013 = CARTESIAN_POINT ( 'NONE',  ( 184.3164905826810127, -0.1919649420281346053, -229.0000000000000000 ) ) ;
#5014 = CARTESIAN_POINT ( 'NONE',  ( 147.2799486773314470, 8.454453769680549513, -104.9999999999999858 ) ) ;
#5015 = CARTESIAN_POINT ( 'NONE',  ( 152.0777421034210306, -1.165244497598732609, -19.26989883339205889 ) ) ;
#5016 = ORIENTED_EDGE ( 'NONE', *, *, #4314, .F. ) ;
#5017 = B_SPLINE_CURVE_WITH_KNOTS ( 'NONE', 3,
 ( #4807, #4286, #1400, #3774, #2883, #5835, #2857 ),
 .UNSPECIFIED., .F., .F.,
 ( 4, 3, 4 ),
 ( 0.002999999999999974909, 0.01279509168931452362, 0.04600000000000000616 ),
 .UNSPECIFIED. ) ;
#5018 = CARTESIAN_POINT ( 'NONE',  ( 110.4191829968820571, 14.32427872526386636, 0.000000000000000000 ) ) ;
#5019 = DIRECTION ( 'NONE',  ( 0.6427875972986035746, -0.7660444535136903266, 0.000000000000000000 ) ) ;
#5020 = FACE_OUTER_BOUND ( 'NONE', #4407, .T. ) ;
#5021 = DIRECTION ( 'NONE',  ( 0.7660444535136902156, 0.6427875972986035746, 0.000000000000000000 ) ) ;
#5022 = ORIENTED_EDGE ( 'NONE', *, *, #3145, .T. ) ;
#5023 = ORIENTED_EDGE ( 'NONE', *, *, #2096, .T. ) ;
#5024 = ORIENTED_EDGE ( 'NONE', *, *, #11, .F. ) ;
#5025 = EDGE_LOOP ( 'NONE', ( #1079, #3627, #1655, #3502 ) ) ;
#5026 = FACE_BOUND ( 'NONE', #4573, .T. ) ;
#5027 = VERTEX_POINT ( 'NONE', #5595 ) ;
#5028 = CARTESIAN_POINT ( 'NONE',  ( 148.8157550405961729, 8.058843604618333600, -224.0000000000001421 ) ) ;
#5029 = DIRECTION ( 'NONE',  ( -6.378601426329706152E-17, -5.352281928482944175E-17, 1.000000000000000000 ) ) ;
#5030 = DIRECTION ( 'NONE',  ( 6.378601426329704920E-17, 5.352281928482943559E-17, -1.000000000000000000 ) ) ;
#5031 = CARTESIAN_POINT ( 'NONE',  ( 146.5281689998066383, 5.448479403202883375, -87.98640020981726195 ) ) ;
#5032 = DIRECTION ( 'NONE',  ( 0.6427875972986036857, -0.7660444535136901045, 0.000000000000000000 ) ) ;
#5033 = ORIENTED_EDGE ( 'NONE', *, *, #3944, .T. ) ;
#5034 = EDGE_CURVE ( 'NONE', #5537, #2822, #5140, .T. ) ;
#5035 = CARTESIAN_POINT ( 'NONE',  ( 74.79157597992076489, 17.01967439959732076, 0.000000000000000000 ) ) ;
#5036 = ORIENTED_EDGE ( 'NONE', *, *, #2320, .T. ) ;
#5037 = EDGE_CURVE ( 'NONE', #4684, #370, #196, .T. ) ;
#5038 = EDGE_CURVE ( 'NONE', #1733, #3153, #2617, .T. ) ;
#5039 = DIRECTION ( 'NONE',  ( 0.7660444535136902156, 0.6427875972986035746, 0.000000000000000000 ) ) ;
#5040 = CARTESIAN_POINT ( 'NONE',  ( 154.7820050866797601, -1.276612015373689069, -165.8530061126209887 ) ) ;
#5041 = LINE ( 'NONE', #2040, #3239 ) ;
#5042 = CARTESIAN_POINT ( 'NONE',  ( 146.5281689998066383, 5.448479403202855842, -21.26989883339205889 ) ) ;
#5043 = DIRECTION ( 'NONE',  ( 0.000000000000000000, 0.000000000000000000, -1.000000000000000000 ) ) ;
#5044 = CARTESIAN_POINT ( 'NONE',  ( 146.4478853129096478, 8.656688963823146565, -50.00000000000000000 ) ) ;
#5045 = ORIENTED_EDGE ( 'NONE', *, *, #3410, .F. ) ;
#5046 = ADVANCED_FACE ( 'NONE', ( #4104 ), #4074, .F. ) ;
#5047 = CARTESIAN_POINT ( 'NONE',  ( 77.51409341625841876, 6.170096182196631140, -519.0000000000007958 ) ) ;
#5048 = LINE ( 'NONE', #2018, #1082 ) ;
#5049 = DIRECTION ( 'NONE',  ( 0.7660444535136902156, 0.6427875972986035746, 0.000000000000000000 ) ) ;
#5050 = VECTOR ( 'NONE', #3684, 1000.000000000000000 ) ;
#5051 = FACE_OUTER_BOUND ( 'NONE', #5616, .T. ) ;
#5052 = ORIENTED_EDGE ( 'NONE', *, *, #144, .F. ) ;
#5053 = EDGE_LOOP ( 'NONE', ( #1857, #6173, #2481 ) ) ;
#5054 = ORIENTED_EDGE ( 'NONE', *, *, #5037, .F. ) ;
#5055 = EDGE_LOOP ( 'NONE', ( #702, #4464, #1178, #3197 ) ) ;
#5056 = ADVANCED_FACE ( 'NONE', ( #2685 ), #4131, .T. ) ;
#5057 = FACE_BOUND ( 'NONE', #3466, .T. ) ;
#5058 = ORIENTED_EDGE ( 'NONE', *, *, #4084, .F. ) ;
#5059 =( GEOMETRIC_REPRESENTATION_CONTEXT ( 3 ) GLOBAL_UNCERTAINTY_ASSIGNED_CONTEXT ( ( #4345 ) ) GLOBAL_UNIT_ASSIGNED_CONTEXT ( ( #5658, #162, #228 ) ) REPRESENTATION_CONTEXT ( 'NONE', 'WORKASPACE' ) );
#5060 = CARTESIAN_POINT ( 'NONE',  ( 146.5281689998066952, 5.448479403202796334, -23.39121917695166530 ) ) ;
#5061 = CARTESIAN_POINT ( 'NONE',  ( 148.0602579068340106, 6.734054597800056108, -108.6989397439838712 ) ) ;
#5062 = CARTESIAN_POINT ( 'NONE',  ( 146.6248960114692181, 8.444652349452612228, -221.4409861236309496 ) ) ;
#5063 = CARTESIAN_POINT ( 'NONE',  ( 154.3747231731879879, -0.7912323158307347226, -45.00000000000000711 ) ) ;
#5064 = DIRECTION ( 'NONE',  ( -0.6427875972986036857, 0.7660444535136901045, -1.368455531567204475E-48 ) ) ;
#5065 = CARTESIAN_POINT ( 'NONE',  ( 184.3164905826809843, -0.1919654473031343067, -100.0000000000000000 ) ) ;
#5066 = ORIENTED_EDGE ( 'NONE', *, *, #3333, .T. ) ;
#5067 = CARTESIAN_POINT ( 'NONE',  ( 83.17188132781984677, 7.979136955023103717, -518.9999999999998863 ) ) ;
#5068 = ORIENTED_EDGE ( 'NONE', *, *, #4212, .F. ) ;
#5069 = CARTESIAN_POINT ( 'NONE',  ( 152.0777421034210306, -1.165244497598677098, 9.804599309964982597E-15 ) ) ;
#5070 = CARTESIAN_POINT ( 'NONE',  ( 152.0777421034210306, -1.165244497598671547, -149.0851837036883296 ) ) ;
#5071 = DIRECTION ( 'NONE',  ( 0.4545194689124502085, -0.5416752277698733131, 0.7071067811865476838 ) ) ;
#5072 = EDGE_CURVE ( 'NONE', #5276, #1161, #6075, .T. ) ;
#5073 = AXIS2_PLACEMENT_3D ( 'NONE', #3688, #815, #5599 ) ;
#5074 = LINE ( 'NONE', #2994, #2975 ) ;
#5075 = DIRECTION ( 'NONE',  ( -6.378601426329706152E-17, -5.352281928482944175E-17, 1.000000000000000000 ) ) ;
#5076 = EDGE_CURVE ( 'NONE', #5131, #1112, #4164, .T. ) ;
#5077 = ORIENTED_EDGE ( 'NONE', *, *, #2414, .T. ) ;
#5078 = VECTOR ( 'NONE', #1913, 1000.000000000000000 ) ;
#5079 = CARTESIAN_POINT ( 'NONE',  ( 15.84230355733715001, 10.84825986389148156, 0.000000000000000000 ) ) ;
#5080 = AXIS2_PLACEMENT_3D ( 'NONE', #4652, #6139, #258 ) ;
#5081 = CARTESIAN_POINT ( 'NONE',  ( 146.4038160459663231, 8.708125201244095948, -2.000000000000000000 ) ) ;
#5082 = CARTESIAN_POINT ( 'NONE',  ( 154.7820052418864805, -1.276612200341903369, -225.9999999999999716 ) ) ;
#5083 = EDGE_CURVE ( 'NONE', #1235, #4014, #3619, .T. ) ;
#5084 = CARTESIAN_POINT ( 'NONE',  ( 184.3164905826809843, -6.647825509190094628, -48.00000000000000000 ) ) ;
#5085 = AXIS2_PLACEMENT_3D ( 'NONE', #5256, #2800, #21 ) ;
#5086 = EDGE_LOOP ( 'NONE', ( #2592, #868, #4869 ) ) ;
#5087 = ORIENTED_EDGE ( 'NONE', *, *, #1665, .F. ) ;
#5088 = EDGE_LOOP ( 'NONE', ( #4341, #1113, #623, #550 ) ) ;
#5089 = EDGE_CURVE ( 'NONE', #5937, #3895, #2584, .T. ) ;
#5090 = EDGE_CURVE ( 'NONE', #3406, #1242, #3685, .T. ) ;
#5091 = PLANE ( 'NONE',  #1413 ) ;
#5092 = ORIENTED_EDGE ( 'NONE', *, *, #4708, .F. ) ;
#5093 = CARTESIAN_POINT ( 'NONE',  ( 184.3164905826810127, 0.6292073933220555526, -2.000000000000009326 ) ) ;
#5094 = CARTESIAN_POINT ( 'NONE',  ( 152.0777421034210590, -1.165244497598718620, 9.804599309964982597E-15 ) ) ;
#5095 = CARTESIAN_POINT ( 'NONE',  ( 146.6269414969816296, 8.442214634664454209, -223.1469953810192237 ) ) ;
#5096 = DIRECTION ( 'NONE',  ( -1.000000000000000000, 0.000000000000000000, 0.000000000000000000 ) ) ;
#5097 = LINE ( 'NONE', #3114, #5412 ) ;
#5098 = DIRECTION ( 'NONE',  ( 0.000000000000000000, -0.7938448022037754015, 0.6081204074967789808 ) ) ;
#5099 = EDGE_LOOP ( 'NONE', ( #262, #4748, #6098, #1827 ) ) ;
#5100 = CARTESIAN_POINT ( 'NONE',  ( 7.611963091472162546, 7.394528130325286774, 0.000000000000000000 ) ) ;
#5101 = ORIENTED_EDGE ( 'NONE', *, *, #410, .T. ) ;
#5102 = VERTEX_POINT ( 'NONE', #5661 ) ;
#5103 = VECTOR ( 'NONE', #2305, 1000.000000000000227 ) ;
#5104 = FACE_OUTER_BOUND ( 'NONE', #2024, .T. ) ;
#5105 = DIRECTION ( 'NONE',  ( -0.9993263278466425481, -0.03670000643793608353, -0.000000000000000000 ) ) ;
#5106 = CARTESIAN_POINT ( 'NONE',  ( 88.66911395920067207, 74.40221837649805536, -21.26989883339205889 ) ) ;
#5107 = AXIS2_PLACEMENT_3D ( 'NONE', #722, #1234, #4085 ) ;
#5108 = APPLICATION_PROTOCOL_DEFINITION ( 'draft international standard', 'automotive_design', 1998, #3558 ) ;
#5109 = LINE ( 'NONE', #3162, #2470 ) ;
#5110 = CARTESIAN_POINT ( 'NONE',  ( 88.66911395920065786, 74.40221837649808379, -32.02482244953687740 ) ) ;
#5111 = VECTOR ( 'NONE', #3922, 1000.000000000000227 ) ;
#5112 = ORIENTED_EDGE ( 'NONE', *, *, #4920, .F. ) ;
#5113 = CARTESIAN_POINT ( 'NONE',  ( 86.69350627748987392, 16.49372675104632435, 0.000000000000000000 ) ) ;
#5114 = CARTESIAN_POINT ( 'NONE',  ( 148.0602579068340106, 6.734054597800095188, -79.35279693723198591 ) ) ;
#5115 = CARTESIAN_POINT ( 'NONE',  ( 181.7589880940857938, -0.2858923908486181165, -226.0000000000004832 ) ) ;
#5116 = DIRECTION ( 'NONE',  ( 0.7660444535136903266, 0.6427875972986035746, 0.000000000000000000 ) ) ;
#5117 = VERTEX_POINT ( 'NONE', #4623 ) ;
#5118 = EDGE_LOOP ( 'NONE', ( #5478, #5860, #3643, #767 ) ) ;
#5119 = VERTEX_POINT ( 'NONE', #230 ) ;
#5120 = PLANE ( 'NONE',  #5107 ) ;
#5121 = ORIENTED_EDGE ( 'NONE', *, *, #1233, .F. ) ;
#5122 = VECTOR ( 'NONE', #5002, 1000.000000000000000 ) ;
#5123 = CARTESIAN_POINT ( 'NONE',  ( 88.66911395920060102, 74.40221837649814063, -64.47655302367222419 ) ) ;
#5124 = VECTOR ( 'NONE', #4227, 1000.000000000000000 ) ;
#5125 = EDGE_CURVE ( 'NONE', #2565, #123, #1250, .T. ) ;
#5126 = CARTESIAN_POINT ( 'NONE',  ( 186.8442518379784190, -0.09912589250960590626, -519.0000000000000000 ) ) ;
#5127 = CARTESIAN_POINT ( 'NONE',  ( 184.3164905826809843, -0.1919649553590160596, -224.0000000000000000 ) ) ;
#5128 = CARTESIAN_POINT ( 'NONE',  ( 152.0777421034210590, -1.165244497598718620, 9.804599309964982597E-15 ) ) ;
#5129 = DIRECTION ( 'NONE',  ( -0.4545194688443997544, 0.5416752276887737416, -0.7071067812924154428 ) ) ;
#5130 = CARTESIAN_POINT ( 'NONE',  ( 152.0777421034210590, -1.165244497598739493, -134.2089397439838763 ) ) ;
#5131 = VERTEX_POINT ( 'NONE', #3652 ) ;
#5132 = CARTESIAN_POINT ( 'NONE',  ( 14.43648920517128431, 10.35681366495590616, 0.000000000000000000 ) ) ;
#5133 = ORIENTED_EDGE ( 'NONE', *, *, #4084, .T. ) ;
#5134 = EDGE_LOOP ( 'NONE', ( #1198, #4321, #2563, #4344 ) ) ;
#5135 = CARTESIAN_POINT ( 'NONE',  ( 154.7820052609511094, -1.276612223062195683, -235.5300611262097448 ) ) ;
#5136 = CARTESIAN_POINT ( 'NONE',  ( 154.3747230897488123, -0.7912322163916712947, -103.0000000000000142 ) ) ;
#5137 = LINE ( 'NONE', #3785, #371 ) ;
#5138 = CARTESIAN_POINT ( 'NONE',  ( 153.6098310104484312, 0.1203306969985336317, -157.7187869762735488 ) ) ;
#5139 = CARTESIAN_POINT ( 'NONE',  ( 186.8020647735157524, 0.04016486808356803384, -519.0000000000000000 ) ) ;
#5140 = LINE ( 'NONE', #5560, #5408 ) ;
#5141 = ORIENTED_EDGE ( 'NONE', *, *, #3308, .T. ) ;
#5142 = CARTESIAN_POINT ( 'NONE',  ( 6.322581031833100162, 6.648350067546798137, 0.000000000000000000 ) ) ;
#5143 = CARTESIAN_POINT ( 'NONE',  ( 146.4326036435566891, 8.673817477266901221, -35.20492077878845549 ) ) ;
#5144 = CARTESIAN_POINT ( 'NONE',  ( 152.0777421034210590, -1.165244497598708184, -34.02482244953695556 ) ) ;
#5145 = LINE ( 'NONE', #2623, #1306 ) ;
#5146 = ORIENTED_EDGE ( 'NONE', *, *, #4843, .T. ) ;
#5147 = ADVANCED_FACE ( 'NONE', ( #5627 ), #1222, .T. ) ;
#5148 = ORIENTED_EDGE ( 'NONE', *, *, #2115, .F. ) ;
#5149 = ORIENTED_EDGE ( 'NONE', *, *, #5762, .T. ) ;
#5150 = EDGE_CURVE ( 'NONE', #2874, #5222, #5173, .T. ) ;
#5151 = EDGE_CURVE ( 'NONE', #4086, #2727, #3230, .T. ) ;
#5152 = CARTESIAN_POINT ( 'NONE',  ( 186.6117465058092648, 0.08528024021588642700, -192.0000000000001705 ) ) ;
#5153 = ORIENTED_EDGE ( 'NONE', *, *, #736, .F. ) ;
#5154 = FACE_OUTER_BOUND ( 'NONE', #3835, .T. ) ;
#5155 = EDGE_CURVE ( 'NONE', #3253, #5583, #4198, .T. ) ;
#5156 = VECTOR ( 'NONE', #2296, 1000.000000000000000 ) ;
#5157 = CARTESIAN_POINT ( 'NONE',  ( 28.74557638053131825, -5.650797401801863629, 0.000000000000000000 ) ) ;
#5158 = LINE ( 'NONE', #3112, #1168 ) ;
#5159 = CARTESIAN_POINT ( 'NONE',  ( 148.0602579068340390, 6.734054597800096964, -218.1406326955891188 ) ) ;
#5160 = LINE ( 'NONE', #4611, #2834 ) ;
#5161 = B_SPLINE_CURVE_WITH_KNOTS ( 'NONE', 3,
 ( #893, #3739, #1399, #3342 ),
 .UNSPECIFIED., .F., .F.,
 ( 4, 4 ),
 ( 0.002000005921445610364, 0.2900005574900941241 ),
 .UNSPECIFIED. ) ;
#5162 = FACE_BOUND ( 'NONE', #822, .T. ) ;
#5164 = ORIENTED_EDGE ( 'NONE', *, *, #5314, .T. ) ;
#5163 = CARTESIAN_POINT ( 'NONE',  ( 152.4311025672873257, 7.405451493280757802, -226.0000000000000284 ) ) ;
#5165 = CARTESIAN_POINT ( 'NONE',  ( 86.51908653292211682, 8.773934304905397497, -518.9999999999998863 ) ) ;
#5166 = ORIENTED_EDGE ( 'NONE', *, *, #3612, .F. ) ;
#5167 = EDGE_LOOP ( 'NONE', ( #2916, #676, #2483, #2212 ) ) ;
#5168 = AXIS2_PLACEMENT_3D ( 'NONE', #6125, #3076, #3176 ) ;
#5169 = LINE ( 'NONE', #2712, #204 ) ;
#5170 = PLANE ( 'NONE',  #2035 ) ;
#5171 = LINE ( 'NONE', #3261, #5175 ) ;
#5172 = PLANE ( 'NONE',  #746 ) ;
#5173 = LINE ( 'NONE', #775, #4275 ) ;
#5174 = ORIENTED_EDGE ( 'NONE', *, *, #3099, .F. ) ;
#5175 = VECTOR ( 'NONE', #770, 1000.000000000000000 ) ;
#5176 = CARTESIAN_POINT ( 'NONE',  ( 116.3284827836789219, 13.57275766364352165, 0.000000000000000000 ) ) ;
#5177 = DIRECTION ( 'NONE',  ( -0.7660444535136902156, -0.6427875972986035746, -0.000000000000000000 ) ) ;
#5178 = PLANE ( 'NONE',  #637 ) ;
#5179 = CARTESIAN_POINT ( 'NONE',  ( 153.6098310104484312, 0.1203306969985336317, -100.7413238259620698 ) ) ;
#5180 = ORIENTED_EDGE ( 'NONE', *, *, #845, .F. ) ;
#5181 = AXIS2_PLACEMENT_3D ( 'NONE', #4440, #3368, #45 ) ;
#5182 = ADVANCED_FACE ( 'NONE', ( #4559, #392, #4300, #2298, #4232, #361 ), #2786, .F. ) ;
#5183 = ORIENTED_EDGE ( 'NONE', *, *, #4893, .F. ) ;
#5184 = ORIENTED_EDGE ( 'NONE', *, *, #1763, .F. ) ;
#5185 = AXIS2_PLACEMENT_3D ( 'NONE', #2798, #4347, #6320 ) ;
#5186 = CARTESIAN_POINT ( 'NONE',  ( 186.6676197587139256, 0.07203536032383085763, -288.0000000000000000 ) ) ;
#5187 = VERTEX_POINT ( 'NONE', #866 ) ;
#5188 = LINE ( 'NONE', #4246, #4863 ) ;
#5189 = VECTOR ( 'NONE', #1714, 1000.000000000000000 ) ;
#5190 = EDGE_LOOP ( 'NONE', ( #4472, #290, #5653, #5054 ) ) ;
#5191 = CARTESIAN_POINT ( 'NONE',  ( 160.5485961704257818, -1.064833115793934359, -519.0000000000001137 ) ) ;
#5192 = PLANE ( 'NONE',  #3016 ) ;
#5193 = CARTESIAN_POINT ( 'NONE',  ( 146.6303774828396911, 8.438119786039575132, -226.0000000000000000 ) ) ;
#5194 = PLANE ( 'NONE',  #1114 ) ;
#5195 = CARTESIAN_POINT ( 'NONE',  ( 154.7820052833510545, -1.276612249757582918, -2.000000000000027534 ) ) ;
#5197 = VERTEX_POINT ( 'NONE', #3221 ) ;
#5196 = LINE ( 'NONE', #798, #1511 ) ;
#5198 = VECTOR ( 'NONE', #6040, 1000.000000000000000 ) ;
#5199 = CARTESIAN_POINT ( 'NONE',  ( 142.5908565353081201, 8.521159497931883209, -518.9999999999989768 ) ) ;
#5200 = EDGE_LOOP ( 'NONE', ( #4734, #3103, #6357 ) ) ;
#5201 = EDGE_CURVE ( 'NONE', #5406, #271, #2830, .T. ) ;
#5202 = ORIENTED_EDGE ( 'NONE', *, *, #1881, .T. ) ;
#5203 = VECTOR ( 'NONE', #2415, 1000.000000000000000 ) ;
#5204 = CARTESIAN_POINT ( 'NONE',  ( 154.7820052661741386, -1.276612229286757438, -238.7950916893146029 ) ) ;
#5205 = CARTESIAN_POINT ( 'NONE',  ( 0.000000000000000000, 0.000000000000000000, -53.00000000000000711 ) ) ;
#5206 = CARTESIAN_POINT ( 'NONE',  ( 146.5281689998066383, 5.448479403202897586, -77.23147659367238305 ) ) ;
#5207 = CARTESIAN_POINT ( 'NONE',  ( 164.3405635361949066, 5.106105379864223970, -162.9999999999999432 ) ) ;
#5208 = CARTESIAN_POINT ( 'NONE',  ( 186.9306712258070320, -0.09595177429610150799, -518.9999999999998863 ) ) ;
#5209 = ORIENTED_EDGE ( 'NONE', *, *, #6023, .F. ) ;
#5210 = VECTOR ( 'NONE', #4977, 1000.000000000000000 ) ;
#5211 = EDGE_CURVE ( 'NONE', #2260, #1245, #4257, .T. ) ;
#5212 = AXIS2_PLACEMENT_3D ( 'NONE', #1549, #621, #2968 ) ;
#5213 = LINE ( 'NONE', #2753, #773 ) ;
#5214 = DIRECTION ( 'NONE',  ( 0.000000000000000000, 0.000000000000000000, -1.000000000000000000 ) ) ;
#5215 = LINE ( 'NONE', #5084, #592 ) ;
#5216 = ORIENTED_EDGE ( 'NONE', *, *, #5899, .F. ) ;
#5217 = VERTEX_POINT ( 'NONE', #4222 ) ;
#5218 = VERTEX_POINT ( 'NONE', #6229 ) ;
#5219 = CARTESIAN_POINT ( 'NONE',  ( 90.20120286622805850, 75.68779357109526984, -44.77974606568174920 ) ) ;
#5220 = EDGE_LOOP ( 'NONE', ( #1030, #3763, #405, #2643 ) ) ;
#5221 = CARTESIAN_POINT ( 'NONE',  ( 152.0777421034210874, -1.165244497598723949, -89.98640020981726195 ) ) ;
#5222 = VERTEX_POINT ( 'NONE', #4320 ) ;
#5223 = CARTESIAN_POINT ( 'NONE',  ( 100.5408625498985344, -3.273790224926115933, -518.9999999999997726 ) ) ;
#5224 = LINE ( 'NONE', #4216, #895 ) ;
#5225 = DIRECTION ( 'NONE',  ( -6.378601426329706152E-17, -5.352281928482944175E-17, 1.000000000000000000 ) ) ;
#5226 = CARTESIAN_POINT ( 'NONE',  ( 184.3164905826810127, 0.3083714254295336077, -45.00000000000000711 ) ) ;
#5227 = CARTESIAN_POINT ( 'NONE',  ( 153.6098310104484312, 0.1203306969985232233, -181.8757090794443059 ) ) ;
#5229 = EDGE_LOOP ( 'NONE', ( #1775, #3610, #2695, #3002 ) ) ;
#5228 = DIRECTION ( 'NONE',  ( 0.6427875972986035746, -0.7660444535136902156, 6.018531076210112041E-33 ) ) ;
#5230 = CARTESIAN_POINT ( 'NONE',  ( 128.1172092340753181, 11.85294538704665612, 0.000000000000000000 ) ) ;
#5231 = ORIENTED_EDGE ( 'NONE', *, *, #2747, .F. ) ;
#5232 = EDGE_LOOP ( 'NONE', ( #1361, #508, #4761 ) ) ;
#5233 = CARTESIAN_POINT ( 'NONE',  ( 154.7820052676700016, -1.276612231069491621, -286.0000000000000568 ) ) ;
#5234 = CARTESIAN_POINT ( 'NONE',  ( 184.3164905826809559, 0.6289978352597467293, -172.3830672388192511 ) ) ;
#5235 = FACE_OUTER_BOUND ( 'NONE', #272, .T. ) ;
#5236 = EDGE_CURVE ( 'NONE', #1279, #5102, #3254, .T. ) ;
#5237 = LINE ( 'NONE', #5659, #5050 ) ;
#5238 = CARTESIAN_POINT ( 'NONE',  ( 186.8442518379784190, -0.09912589250960590626, -519.0000000000000000 ) ) ;
#5239 = EDGE_CURVE ( 'NONE', #5276, #5027, #4715, .T. ) ;
#5240 = CARTESIAN_POINT ( 'NONE',  ( 184.3164905826810127, -0.1919656573455884863, -46.29398777475806526 ) ) ;
#5241 = ADVANCED_FACE ( 'NONE', ( #3347 ), #928, .F. ) ;
#5242 = CARTESIAN_POINT ( 'NONE',  ( 146.5281689998066099, 5.448479403202885152, -34.02482244953694845 ) ) ;
#5243 = DIRECTION ( 'NONE',  ( 6.378601426329706152E-17, 5.352281928482944175E-17, -1.000000000000000000 ) ) ;
#5244 = FACE_OUTER_BOUND ( 'NONE', #6076, .T. ) ;
#5245 = DIRECTION ( 'NONE',  ( 0.000000000000000000, 0.000000000000000000, -1.000000000000000000 ) ) ;
#5246 = ORIENTED_EDGE ( 'NONE', *, *, #5764, .T. ) ;
#5247 = EDGE_LOOP ( 'NONE', ( #1426, #3520, #3959, #50 ) ) ;
#5248 = LINE ( 'NONE', #3275, #2220 ) ;
#5249 = VERTEX_POINT ( 'NONE', #1777 ) ;
#5250 = LINE ( 'NONE', #1518, #2699 ) ;
#5251 = VERTEX_POINT ( 'NONE', #3779 ) ;
#5252 = CARTESIAN_POINT ( 'NONE',  ( 2.401864739266759141, -3.298481670053738934, 0.000000000000000000 ) ) ;
#5253 = DIRECTION ( 'NONE',  ( 0.6427875972986037967, -0.7660444535136899935, 0.000000000000000000 ) ) ;
#5254 = CARTESIAN_POINT ( 'NONE',  ( 153.6098310104484881, 0.1203306969984557911, -87.98640020981726195 ) ) ;
#5255 = PLANE ( 'NONE',  #4176 ) ;
#5256 = CARTESIAN_POINT ( 'NONE',  ( 146.5281689998066099, 5.448479403202883375, 9.804599309964982597E-15 ) ) ;
#5258 = ORIENTED_EDGE ( 'NONE', *, *, #3173, .F. ) ;
#5257 = CARTESIAN_POINT ( 'NONE',  ( 0.000000000000000000, 0.000000000000000000, -288.0000000000000000 ) ) ;
#5259 = CARTESIAN_POINT ( 'NONE',  ( 135.1383145951978406, 9.415730348435223718, -519.0000000000001137 ) ) ;
#5260 = AXIS2_PLACEMENT_3D ( 'NONE', #3124, #581, #3517 ) ;
#5261 = AXIS2_PLACEMENT_3D ( 'NONE', #393, #2332, #4302 ) ;
#5262 = ORIENTED_EDGE ( 'NONE', *, *, #1355, .F. ) ;
#5263 = VERTEX_POINT ( 'NONE', #3745 ) ;
#5264 = DIRECTION ( 'NONE',  ( 0.4545194689124504306, -0.5416752277698734241, 0.7071067811865473507 ) ) ;
#5265 = FACE_OUTER_BOUND ( 'NONE', #5335, .T. ) ;
#5266 = LINE ( 'NONE', #4815, #3730 ) ;
#5267 = DIRECTION ( 'NONE',  ( 1.000000000000000000, 0.000000000000000000, 0.000000000000000000 ) ) ;
#5268 = CARTESIAN_POINT ( 'NONE',  ( 96.79015346992061097, -3.405588130481424614, -519.0000000000005684 ) ) ;
#5269 = VERTEX_POINT ( 'NONE', #5717 ) ;
#5270 = LINE ( 'NONE', #5242, #1697 ) ;
#5271 = LINE ( 'NONE', #5759, #3732 ) ;
#5272 = LINE ( 'NONE', #4271, #3003 ) ;
#5273 = CARTESIAN_POINT ( 'NONE',  ( 111.6129376002121489, 50.17028094016109918, 33.31074654204535079 ) ) ;
#5274 = ORIENTED_EDGE ( 'NONE', *, *, #602, .T. ) ;
#5275 = B_SPLINE_CURVE_WITH_KNOTS ( 'NONE', 3,
 ( #2837, #6297, #4324, #1873, #2294, #5234, #3353, #1317, #903, #4814, #3318, #5354, #5809 ),
 .UNSPECIFIED., .F., .F.,
 ( 4, 3, 3, 3, 4 ),
 ( 0.000000000000000000, 0.002559018337862910535, 0.01279509168931455831, 0.05373938509512152240, 0.06100000000008846263 ),
 .UNSPECIFIED. ) ;
#5276 = VERTEX_POINT ( 'NONE', #1310 ) ;
#5277 = EDGE_CURVE ( 'NONE', #2369, #1447, #1523, .T. ) ;
#5278 = VECTOR ( 'NONE', #4503, 1000.000000000000000 ) ;
#5279 = CARTESIAN_POINT ( 'NONE',  ( 88.66911395920067207, 74.40221837649805536, -19.26989883339205889 ) ) ;
#5280 = ORIENTED_EDGE ( 'NONE', *, *, #4614, .T. ) ;
#5281 = CARTESIAN_POINT ( 'NONE',  ( 184.3164905826809843, -6.647825509190094628, -163.0000000000000000 ) ) ;
#5282 = EDGE_CURVE ( 'NONE', #374, #432, #3407, .T. ) ;
#5283 = ORIENTED_EDGE ( 'NONE', *, *, #4878, .T. ) ;
#5284 = EDGE_CURVE ( 'NONE', #1406, #4509, #2257, .T. ) ;
#5285 = VECTOR ( 'NONE', #2252, 1000.000000000000000 ) ;
#5286 = PLANE ( 'NONE',  #4993 ) ;
#5287 = DIRECTION ( 'NONE',  ( 0.6427875972986036857, -0.7660444535136901045, 0.000000000000000000 ) ) ;
#5288 = CARTESIAN_POINT ( 'NONE',  ( 153.6098310104484597, 0.1203306969985162844, -183.9970294230038803 ) ) ;
#5289 = ORIENTED_EDGE ( 'NONE', *, *, #1919, .T. ) ;
#5290 = CARTESIAN_POINT ( 'NONE',  ( 170.9373376840955530, 3.615633251725562491, -518.9999999999998863 ) ) ;
#5291 = ORIENTED_EDGE ( 'NONE', *, *, #1974, .T. ) ;
#5292 = VECTOR ( 'NONE', #1026, 1000.000000000000000 ) ;
#5293 = ORIENTED_EDGE ( 'NONE', *, *, #3061, .F. ) ;
#5294 = CARTESIAN_POINT ( 'NONE',  ( 153.6098310104485165, 0.1203306969984243441, -257.0811869321423728 ) ) ;
#5295 = LINE ( 'NONE', #6329, #3155 ) ;
#5296 = CARTESIAN_POINT ( 'NONE',  ( 184.3164905826809843, -6.647825509190094628, -2.000000000000000000 ) ) ;
#5297 = VECTOR ( 'NONE', #5588, 1000.000000000000000 ) ;
#5298 = CARTESIAN_POINT ( 'NONE',  ( 152.0777421034210306, -1.165244497598732609, -77.23147659367238305 ) ) ;
#5299 = CARTESIAN_POINT ( 'NONE',  ( 187.1878841303897332, -0.08650454045544138382, -519.0000000000001137 ) ) ;
#5300 = AXIS2_PLACEMENT_3D ( 'NONE', #4772, #4250, #4806 ) ;
#5301 = LINE ( 'NONE', #3852, #4686 ) ;
#5302 = CARTESIAN_POINT ( 'NONE',  ( 146.5281689998066099, 5.448479403202883375, 9.804599309964982597E-15 ) ) ;
#5303 = FACE_BOUND ( 'NONE', #5641, .T. ) ;
#5304 = DIRECTION ( 'NONE',  ( -0.03670000643793609046, 0.9993263278466426591, 0.000000000000000000 ) ) ;
#5305 = DIRECTION ( 'NONE',  ( -0.4545194689124503751, 0.5416752277698730911, 0.7071067811865476838 ) ) ;
#5306 = ORIENTED_EDGE ( 'NONE', *, *, #4134, .F. ) ;
#5307 = VERTEX_POINT ( 'NONE', #564 ) ;
#5308 = AXIS2_PLACEMENT_3D ( 'NONE', #4050, #2562, #3001 ) ;
#5309 = VECTOR ( 'NONE', #759, 1000.000000000000000 ) ;
#5310 = FACE_OUTER_BOUND ( 'NONE', #2996, .T. ) ;
#5311 = VERTEX_POINT ( 'NONE', #3470 ) ;
#5312 = LINE ( 'NONE', #1988, #3843 ) ;
#5313 = AXIS2_PLACEMENT_3D ( 'NONE', #3252, #5228, #3777 ) ;
#5314 = EDGE_CURVE ( 'NONE', #1493, #155, #23, .T. ) ;
#5315 = EDGE_CURVE ( 'NONE', #370, #5704, #5865, .T. ) ;
#5316 = ORIENTED_EDGE ( 'NONE', *, *, #305, .F. ) ;
#5317 = CARTESIAN_POINT ( 'NONE',  ( 152.0777421034210590, -1.165244497598718620, 9.804599309964982597E-15 ) ) ;
#5318 = DIRECTION ( 'NONE',  ( -0.6427875972986035746, 0.7660444535136902156, -6.018531076210112041E-33 ) ) ;
#5319 = DIRECTION ( 'NONE',  ( 0.000000000000000000, 0.7938448021158680534, 0.6081204076115339641 ) ) ;
#5320 = VERTEX_POINT ( 'NONE', #5895 ) ;
#5321 = CARTESIAN_POINT ( 'NONE',  ( 131.4033424095814269, 9.784364833522705140, -518.9999999999994316 ) ) ;
#5322 = ORIENTED_EDGE ( 'NONE', *, *, #2277, .T. ) ;
#5323 = EDGE_LOOP ( 'NONE', ( #2850, #3183, #3369, #4698 ) ) ;
#5324 = EDGE_CURVE ( 'NONE', #5583, #3433, #1996, .T. ) ;
#5325 = CARTESIAN_POINT ( 'NONE',  ( 146.6987099312824512, 8.356684342442697755, -280.0289700888458810 ) ) ;
#5326 = LINE ( 'NONE', #4841, #5743 ) ;
#5327 = CARTESIAN_POINT ( 'NONE',  ( 154.7636551171322878, -0.7769488897788283666, -53.00000000000000711 ) ) ;
#5328 = DIRECTION ( 'NONE',  ( 0.6427875972986036857, -0.7660444535136901045, 0.000000000000000000 ) ) ;
#5329 = CARTESIAN_POINT ( 'NONE',  ( 171.8000844268046308, -0.6516241677669137866, -518.9999999999998863 ) ) ;
#5330 = CARTESIAN_POINT ( 'NONE',  ( 153.6098310104503355, 0.1203306969962542050, -1.005233009473365598E-12 ) ) ;
#5331 = DIRECTION ( 'NONE',  ( 4.132907014215328818E-15, -4.925406943806873377E-15, -1.000000000000000000 ) ) ;
#5332 = CARTESIAN_POINT ( 'NONE',  ( 90.20120286622805850, 75.68779357109526984, -62.41254501415071587 ) ) ;
#5333 = CARTESIAN_POINT ( 'NONE',  ( 198.8983248096342606, -56.96384397759447893, -171.4862130409570682 ) ) ;
#5334 = CARTESIAN_POINT ( 'NONE',  ( 184.3164905826809559, -0.1919652042340390108, -167.4202049682929783 ) ) ;
#5335 = EDGE_LOOP ( 'NONE', ( #2213, #5422, #6240, #6087 ) ) ;
#5336 = ORIENTED_EDGE ( 'NONE', *, *, #1263, .T. ) ;
#5337 = EDGE_CURVE ( 'NONE', #1447, #542, #5416, .T. ) ;
#5338 = B_SPLINE_CURVE_WITH_KNOTS ( 'NONE', 3,
 ( #1668, #1290, #5567, #1729, #6147, #2209, #5143, #2656, #4627, #5081 ),
 .UNSPECIFIED., .F., .F.,
 ( 4, 3, 3, 4 ),
 ( 6.938893903907228378E-18, 0.002559018337872528710, 0.01279509169048763557, 0.04600004269069234153 ),
 .UNSPECIFIED. ) ;
#5339 = DIRECTION ( 'NONE',  ( 0.6427875972986035746, -0.7660444535136902156, 6.018531076210112041E-33 ) ) ;
#5340 = ORIENTED_EDGE ( 'NONE', *, *, #5632, .F. ) ;
#5341 = CARTESIAN_POINT ( 'NONE',  ( 154.3747233051219609, -0.7912324730634202608, -229.0000000000000000 ) ) ;
#5342 = EDGE_CURVE ( 'NONE', #2978, #4177, #4904, .T. ) ;
#5343 = ORIENTED_EDGE ( 'NONE', *, *, #4165, .T. ) ;
#5344 = ORIENTED_EDGE ( 'NONE', *, *, #5239, .F. ) ;
#5345 = EDGE_CURVE ( 'NONE', #4854, #6054, #4718, .T. ) ;
#5346 = DIRECTION ( 'NONE',  ( 8.796262431460665264E-49, -1.048297769837185521E-48, -1.000000000000000000 ) ) ;
#5347 = DIRECTION ( 'NONE',  ( 0.6427875972986036857, -0.7660444535136901045, -8.037077550158748476E-16 ) ) ;
#5348 = CARTESIAN_POINT ( 'NONE',  ( 90.20120286622805850, 75.68779357109526984, -108.6989397439838712 ) ) ;
#5349 = ORIENTED_EDGE ( 'NONE', *, *, #1462, .F. ) ;
#5350 = EDGE_CURVE ( 'NONE', #1820, #5187, #5482, .T. ) ;
#5351 = CARTESIAN_POINT ( 'NONE',  ( 184.3164905826809843, 0.3083716158436009547, -108.0000000000000142 ) ) ;
#5352 = ORIENTED_EDGE ( 'NONE', *, *, #3408, .T. ) ;
#5353 = CARTESIAN_POINT ( 'NONE',  ( 175.8121244553361748, 2.615442683792246648, -103.0000000000000568 ) ) ;
#5354 = CARTESIAN_POINT ( 'NONE',  ( 184.3164905826809843, 0.6289133621701141763, -221.5797950316818969 ) ) ;
#5355 = CARTESIAN_POINT ( 'NONE',  ( 88.66911395920068628, 74.40221837649806957, -179.8757090794443059 ) ) ;
#5356 = CARTESIAN_POINT ( 'NONE',  ( 0.000000000000000000, 0.000000000000000000, -229.0000000000000000 ) ) ;
#5357 = CARTESIAN_POINT ( 'NONE',  ( 34.70200647458120358, -5.588821766112088696, 0.000000000000000000 ) ) ;
#5358 = EDGE_CURVE ( 'NONE', #2787, #2565, #4445, .T. ) ;
#5359 = FACE_OUTER_BOUND ( 'NONE', #3301, .T. ) ;
#5360 = CARTESIAN_POINT ( 'NONE',  ( 88.66911395920068628, 74.40221837649806957, -132.2087869762735579 ) ) ;
#5361 = EDGE_CURVE ( 'NONE', #1334, #5537, #3965, .T. ) ;
#5362 = LINE ( 'NONE', #967, #1586 ) ;
#5363 = LINE ( 'NONE', #5, #4223 ) ;
#5364 = CARTESIAN_POINT ( 'NONE',  ( 184.3164905826808990, -0.1919651926440119616, -170.2606149048789348 ) ) ;
#5365 = ORIENTED_EDGE ( 'NONE', *, *, #4165, .F. ) ;
#5366 = B_SPLINE_CURVE_WITH_KNOTS ( 'NONE', 3,
 ( #902, #5901, #421, #3907, #5325, #3438, #2354, #1496, #4323, #4872, #5779, #3352, #4296 ),
 .UNSPECIFIED., .F., .F.,
 ( 4, 3, 3, 3, 4 ),
 ( 5.551115123125782702E-17, 0.002559018337891631918, 0.01279509169281079287, 0.05373938530485457277, 0.06000011760739374506 ),
 .UNSPECIFIED. ) ;
#5367 = ORIENTED_EDGE ( 'NONE', *, *, #6327, .F. ) ;
#5368 = VECTOR ( 'NONE', #3045, 999.9999999999998863 ) ;
#5369 = EDGE_CURVE ( 'NONE', #4213, #3236, #2029, .T. ) ;
#5370 = CARTESIAN_POINT ( 'NONE',  ( 70.29015320382269749, -1.760224377041226251, -518.9999999999989768 ) ) ;
#5371 = CARTESIAN_POINT ( 'NONE',  ( 154.7820050345175105, -1.276611953209101147, -100.0000000000000000 ) ) ;
#5372 = PLANE ( 'NONE',  #1208 ) ;
#5373 = CARTESIAN_POINT ( 'NONE',  ( 88.66911395920065786, 74.40221837649808379, -32.02482244953687740 ) ) ;
#5374 = EDGE_LOOP ( 'NONE', ( #3737, #1756, #684, #4995 ) ) ;
#5375 = FACE_OUTER_BOUND ( 'NONE', #532, .T. ) ;
#5376 = ADVANCED_FACE ( 'NONE', ( #4350 ), #1558, .T. ) ;
#5377 = VECTOR ( 'NONE', #3292, 1000.000000000000000 ) ;
#5378 = VERTEX_POINT ( 'NONE', #5351 ) ;
#5379 = ORIENTED_EDGE ( 'NONE', *, *, #4327, .F. ) ;
#5380 = VECTOR ( 'NONE', #2047, 1000.000000000000000 ) ;
#5381 = CARTESIAN_POINT ( 'NONE',  ( 175.3430486683982394, 2.725398028122429039, -50.00000000000226663 ) ) ;
#5382 = FACE_OUTER_BOUND ( 'NONE', #5088, .T. ) ;
#5383 = VERTEX_POINT ( 'NONE', #2412 ) ;
#5384 = DIRECTION ( 'NONE',  ( 0.6427875972986036857, -0.7660444535136901045, 1.368455531567204475E-48 ) ) ;
#5385 = VERTEX_POINT ( 'NONE', #6356 ) ;
#5386 = VECTOR ( 'NONE', #2637, 1000.000000000000000 ) ;
#5387 = LINE ( 'NONE', #510, #1396 ) ;
#5388 = B_SPLINE_CURVE_WITH_KNOTS ( 'NONE', 3,
 ( #5127, #2125, #2185, #2223, #695, #757, #1146 ),
 .UNSPECIFIED., .F., .F.,
 ( 4, 1, 1, 1, 4 ),
 ( 0.000000000000000000, 0.007695818465513350193, 0.01770707270463383817, 0.02771832694375431574, 0.02955439534098542459 ),
 .UNSPECIFIED. ) ;
#5389 = LINE ( 'NONE', #538, #2135 ) ;
#5390 = CARTESIAN_POINT ( 'NONE',  ( 148.0602579068340106, 6.734054597800090747, 9.804599309964982597E-15 ) ) ;
#5391 = CARTESIAN_POINT ( 'NONE',  ( 90.20120286622807271, 75.68779357109528405, -218.1406326955891188 ) ) ;
#5392 = EDGE_CURVE ( 'NONE', #3272, #1957, #4059, .T. ) ;
#5393 = CARTESIAN_POINT ( 'NONE',  ( 69.31948282930540017, -0.4669110300025248184, -519.0000000000001137 ) ) ;
#5394 = CARTESIAN_POINT ( 'NONE',  ( 154.7820050345175105, -1.276611953209101147, -100.0000000000000000 ) ) ;
#5395 = LINE ( 'NONE', #2361, #566 ) ;
#5396 = CARTESIAN_POINT ( 'NONE',  ( 184.3164905826809843, -0.1919652221612422049, -163.0000000000000000 ) ) ;
#5397 = DIRECTION ( 'NONE',  ( 0.000000000000000000, 0.000000000000000000, -1.000000000000000000 ) ) ;
#5398 = CARTESIAN_POINT ( 'NONE',  ( 186.5000000000003411, -0.1117699999999916260, 0.000000000000000000 ) ) ;
#5399 = ORIENTED_EDGE ( 'NONE', *, *, #1153, .F. ) ;
#5400 = EDGE_CURVE ( 'NONE', #3646, #6095, #4403, .T. ) ;
#5401 = CARTESIAN_POINT ( 'NONE',  ( 72.30287728956088245, -2.581130401391896090, -518.9999999999997726 ) ) ;
#5402 = CARTESIAN_POINT ( 'NONE',  ( 146.5281689998066099, 5.448479403202885152, -34.02482244953694845 ) ) ;
#5403 = CARTESIAN_POINT ( 'NONE',  ( 146.5281689998066099, 5.448479403202890481, -136.3302600875434791 ) ) ;
#5404 = CARTESIAN_POINT ( 'NONE',  ( 184.3164905826809843, -6.647825509190094628, -226.0000000000000000 ) ) ;
#5405 = EDGE_CURVE ( 'NONE', #1229, #4571, #3635, .T. ) ;
#5406 = VERTEX_POINT ( 'NONE', #5060 ) ;
#5407 = CARTESIAN_POINT ( 'NONE',  ( 184.3164905826809843, 0.6291427557895301614, -64.79509168930661644 ) ) ;
#5408 = VECTOR ( 'NONE', #675, 1000.000000000000114 ) ;
#5409 = EDGE_LOOP ( 'NONE', ( #3151, #594, #309, #2230 ) ) ;
#5410 = EDGE_LOOP ( 'NONE', ( #900, #624, #2875 ) ) ;
#5411 = VECTOR ( 'NONE', #3449, 1000.000000000000000 ) ;
#5412 = VECTOR ( 'NONE', #697, 1000.000000000000000 ) ;
#5413 = VECTOR ( 'NONE', #1837, 1000.000000000000000 ) ;
#5414 = FACE_BOUND ( 'NONE', #1203, .T. ) ;
#5415 = VERTEX_POINT ( 'NONE', #147 ) ;
#5416 = LINE ( 'NONE', #533, #3199 ) ;
#5417 = ORIENTED_EDGE ( 'NONE', *, *, #5896, .F. ) ;
#5418 = LINE ( 'NONE', #3936, #5564 ) ;
#5419 = FACE_BOUND ( 'NONE', #535, .T. ) ;
#5420 = CARTESIAN_POINT ( 'NONE',  ( 180.7028170026716225, 1.482001608384913904, -161.0000000000001137 ) ) ;
#5421 = CARTESIAN_POINT ( 'NONE',  ( 146.5560522104612176, 8.526697199326170207, -161.0000000000000000 ) ) ;
#5422 = ORIENTED_EDGE ( 'NONE', *, *, #2096, .F. ) ;
#5423 = B_SPLINE_CURVE_WITH_KNOTS ( 'NONE', 3,
 ( #2851, #2465, #5858, #1487, #2404, #947, #5407, #2942, #469, #1042 ),
 .UNSPECIFIED., .F., .F.,
 ( 4, 3, 3, 4 ),
 ( 6.938893903907228378E-18, 0.002559018337862897525, 0.01279509168931450280, 0.05100000000003568346 ),
 .UNSPECIFIED. ) ;
#5424 = CARTESIAN_POINT ( 'NONE',  ( 70.81193865535313137, -2.107929914808456040, -519.0000000000007958 ) ) ;
#5425 = VERTEX_POINT ( 'NONE', #2633 ) ;
#5426 = EDGE_CURVE ( 'NONE', #4322, #5276, #2153, .T. ) ;
#5427 = FACE_OUTER_BOUND ( 'NONE', #5229, .T. ) ;
#5428 = FACE_OUTER_BOUND ( 'NONE', #5538, .T. ) ;
#5429 = CARTESIAN_POINT ( 'NONE',  ( 153.6098310104484881, 0.1203306969984615088, -280.5910341644319601 ) ) ;
#5430 = EDGE_CURVE ( 'NONE', #1141, #6232, #5644, .T. ) ;
#5431 = PLANE ( 'NONE',  #2780 ) ;
#5432 = VECTOR ( 'NONE', #2355, 1000.000000000000000 ) ;
#5433 = CARTESIAN_POINT ( 'NONE',  ( 152.2492416656317573, -1.369629723703938318, 0.000000000000000000 ) ) ;
#5434 = ADVANCED_FACE ( 'NONE', ( #3144 ), #2058, .F. ) ;
#5435 = VERTEX_POINT ( 'NONE', #245 ) ;
#5436 = VECTOR ( 'NONE', #96, 1000.000000000000000 ) ;
#5437 = EDGE_CURVE ( 'NONE', #719, #5604, #2568, .T. ) ;
#5438 = EDGE_CURVE ( 'NONE', #1288, #4835, #1622, .T. ) ;
#5439 = CARTESIAN_POINT ( 'NONE',  ( 69.36424691922144348, 0.3079748919317497613, -519.0000000000005684 ) ) ;
#5440 = DIRECTION ( 'NONE',  ( -1.000000000000000000, 0.000000000000000000, 0.000000000000000000 ) ) ;
#5441 = CARTESIAN_POINT ( 'NONE',  ( 146.5281689998066099, 5.448479403202890481, -252.9597138208725653 ) ) ;
#5442 = CARTESIAN_POINT ( 'NONE',  ( 146.5281689998066099, 5.448479403202894034, -196.7521058068590207 ) ) ;
#5443 = EDGE_LOOP ( 'NONE', ( #4475, #4501, #6150 ) ) ;
#5444 = LINE ( 'NONE', #2022, #6312 ) ;
#5445 = ORIENTED_EDGE ( 'NONE', *, *, #2202, .F. ) ;
#5446 = ADVANCED_FACE ( 'NONE', ( #5995 ), #656, .F. ) ;
#5447 = ORIENTED_EDGE ( 'NONE', *, *, #5484, .F. ) ;
#5448 = ORIENTED_EDGE ( 'NONE', *, *, #5904, .F. ) ;
#5449 = CARTESIAN_POINT ( 'NONE',  ( 152.0777421034210874, -1.165244497598711737, -87.98640020981726195 ) ) ;
#5450 = ORIENTED_EDGE ( 'NONE', *, *, #4364, .T. ) ;
#5451 = DIRECTION ( 'NONE',  ( 0.6427875972986035746, -0.7660444535136903266, 0.000000000000000000 ) ) ;
#5452 = ORIENTED_EDGE ( 'NONE', *, *, #1471, .T. ) ;
#5453 = LINE ( 'NONE', #5094, #3014 ) ;
#5454 = DIRECTION ( 'NONE',  ( -0.4545194689124505416, 0.5416752277698733131, 0.7071067811865473507 ) ) ;
#5455 = CARTESIAN_POINT ( 'NONE',  ( 184.3164905826809843, 0.6290155530310499454, -161.0000000000000000 ) ) ;
#5456 = CARTESIAN_POINT ( 'NONE',  ( 152.0777421034210874, -1.165244497598656226, -157.7187869762735488 ) ) ;
#5457 = ORIENTED_EDGE ( 'NONE', *, *, #3561, .T. ) ;
#5458 = CARTESIAN_POINT ( 'NONE',  ( 89.28620356328218577, -3.578507280098233156, -519.0000000000001137 ) ) ;
#5459 = ORIENTED_EDGE ( 'NONE', *, *, #859, .T. ) ;
#5460 = ADVANCED_FACE ( 'NONE', ( #5154 ), #4515, .T. ) ;
#5461 = LINE ( 'NONE', #3614, #1601 ) ;
#5462 = CARTESIAN_POINT ( 'NONE',  ( 154.7820050870132036, -1.276612015771096065, -165.9999999999999716 ) ) ;
#5463 = DIRECTION ( 'NONE',  ( 0.7660444535136902156, 0.6427875972986035746, 0.000000000000000000 ) ) ;
#5464 = CARTESIAN_POINT ( 'NONE',  ( 154.7820050803711922, -1.276612007855474573, -163.0000000000000284 ) ) ;
#5465 = DIRECTION ( 'NONE',  ( -0.7660444535136902156, -0.6427875972986035746, -0.000000000000000000 ) ) ;
#5466 = FACE_OUTER_BOUND ( 'NONE', #984, .T. ) ;
#5467 = ORIENTED_EDGE ( 'NONE', *, *, #795, .T. ) ;
#5468 = VECTOR ( 'NONE', #2962, 1000.000000000000000 ) ;
#5469 = CARTESIAN_POINT ( 'NONE',  ( 70.73544075317292368, 2.096073633596527319, -519.0000000000013642 ) ) ;
#5470 = PLANE ( 'NONE',  #363 ) ;
#5471 = FACE_BOUND ( 'NONE', #2761, .T. ) ;
#5472 = PLANE ( 'NONE',  #1507 ) ;
#5473 = EDGE_LOOP ( 'NONE', ( #5571, #343, #4599 ) ) ;
#5474 = EDGE_CURVE ( 'NONE', #593, #1242, #3538, .T. ) ;
#5475 = DIRECTION ( 'NONE',  ( 4.132907014215328818E-15, -4.925406943806873377E-15, -1.000000000000000000 ) ) ;
#5476 = ORIENTED_EDGE ( 'NONE', *, *, #2508, .F. ) ;
#5477 = VECTOR ( 'NONE', #51, 1000.000000000000000 ) ;
#5478 = ORIENTED_EDGE ( 'NONE', *, *, #4010, .T. ) ;
#5479 = ORIENTED_EDGE ( 'NONE', *, *, #5511, .T. ) ;
#5480 = CARTESIAN_POINT ( 'NONE',  ( 154.7820052455426776, -1.276612204699173247, -227.7060122252419774 ) ) ;
#5481 = ORIENTED_EDGE ( 'NONE', *, *, #2668, .F. ) ;
#5482 = LINE ( 'NONE', #2474, #1573 ) ;
#5483 = ADVANCED_FACE ( 'NONE', ( #628 ), #4574, .T. ) ;
#5484 = EDGE_CURVE ( 'NONE', #5937, #627, #2089, .T. ) ;
#5485 = CARTESIAN_POINT ( 'NONE',  ( 153.6098310104484597, 0.1203306969984885288, 9.804599309964982597E-15 ) ) ;
#5486 = CARTESIAN_POINT ( 'NONE',  ( 186.7041226456701111, -0.1042727308837745337, 0.000000000000000000 ) ) ;
#5487 = PLANE ( 'NONE',  #3414 ) ;
#5488 = DIRECTION ( 'NONE',  ( 0.000000000000000000, 0.7938448021158684975, -0.6081204076115334090 ) ) ;
#5489 = VERTEX_POINT ( 'NONE', #4280 ) ;
#5490 = CARTESIAN_POINT ( 'NONE',  ( 43.63409746381768173, -5.357289352544243322, 0.000000000000000000 ) ) ;
#5491 = VECTOR ( 'NONE', #2762, 1000.000000000000000 ) ;
#5492 = VERTEX_POINT ( 'NONE', #6255 ) ;
#5493 = CARTESIAN_POINT ( 'NONE',  ( 170.9373376840955530, 3.615633251725562491, -518.9999999999998863 ) ) ;
#5494 = CARTESIAN_POINT ( 'NONE',  ( 88.66911395920067207, 74.40221837649805536, -108.6989397439838712 ) ) ;
#5495 = DIRECTION ( 'NONE',  ( 0.7660444535136902156, 0.6427875972986035746, 0.000000000000000000 ) ) ;
#5496 = AXIS2_PLACEMENT_3D ( 'NONE', #1626, #4518, #3577 ) ;
#5497 = DIRECTION ( 'NONE',  ( 0.7660444535136902156, 0.6427875972986035746, 0.000000000000000000 ) ) ;
#5498 = DIRECTION ( 'NONE',  ( -6.378601426329706152E-17, -5.352281928482944175E-17, 1.000000000000000000 ) ) ;
#5499 = DIRECTION ( 'NONE',  ( -0.4545194689124505971, 0.5416752277698736462, -0.7071067811865470176 ) ) ;
#5500 = EDGE_LOOP ( 'NONE', ( #6035, #462, #4801 ) ) ;
#5501 = AXIS2_PLACEMENT_3D ( 'NONE', #2128, #4094, #5488 ) ;
#5502 = CARTESIAN_POINT ( 'NONE',  ( 75.77833129410332447, 5.457046800937875197, -519.0000000000011369 ) ) ;
#5503 = CARTESIAN_POINT ( 'NONE',  ( 93.62723354542734455, 71.60480906673002721, 5.329957661905162958 ) ) ;
#5504 = CARTESIAN_POINT ( 'NONE',  ( 146.5281689998066383, 5.448479403202883375, -121.4538633601287501 ) ) ;
#5505 = VECTOR ( 'NONE', #2091, 1000.000000000000000 ) ;
#5506 = DIRECTION ( 'NONE',  ( 0.7660444535136902156, 0.6427875972986035746, 0.000000000000000000 ) ) ;
#5507 = ORIENTED_EDGE ( 'NONE', *, *, #1619, .F. ) ;
#5508 = VERTEX_POINT ( 'NONE', #2248 ) ;
#5509 = VECTOR ( 'NONE', #3756, 1000.000000000000000 ) ;
#5510 = EDGE_LOOP ( 'NONE', ( #5963, #2881, #3900 ) ) ;
#5511 = EDGE_CURVE ( 'NONE', #3471, #6178, #4181, .T. ) ;
#5512 = FACE_BOUND ( 'NONE', #102, .T. ) ;
#5513 = ORIENTED_EDGE ( 'NONE', *, *, #677, .T. ) ;
#5514 = CARTESIAN_POINT ( 'NONE',  ( 141.7227456530524137, 14.28680784239818458, -161.0000000000000000 ) ) ;
#5515 = EDGE_CURVE ( 'NONE', #5960, #1141, #6284, .T. ) ;
#5516 = CARTESIAN_POINT ( 'NONE',  ( 146.5281689998066099, 5.448479403202883375, 9.804599309964982597E-15 ) ) ;
#5517 = VECTOR ( 'NONE', #4629, 1000.000000000000000 ) ;
#5518 = CARTESIAN_POINT ( 'NONE',  ( 154.7820051171908915, -1.276612051735477538, -52.66666666666667851 ) ) ;
#5519 = CARTESIAN_POINT ( 'NONE',  ( 171.1779564160217433, 3.639550323267714216, -161.0000000000001137 ) ) ;
#5520 = CARTESIAN_POINT ( 'NONE',  ( 184.3164905826809843, -0.1919654473031343067, -105.0000000000000142 ) ) ;
#5521 = ORIENTED_EDGE ( 'NONE', *, *, #3532, .T. ) ;
#5522 = CARTESIAN_POINT ( 'NONE',  ( 68.83511447624589152, 17.10317051736442195, 0.000000000000000000 ) ) ;
#5523 = VECTOR ( 'NONE', #1264, 1000.000000000000000 ) ;
#5524 = EDGE_CURVE ( 'NONE', #1902, #971, #3795, .T. ) ;
#5525 = VERTEX_POINT ( 'NONE', #6186 ) ;
#5526 = DIRECTION ( 'NONE',  ( 0.7660444535136902156, 0.6427875972986035746, 0.000000000000000000 ) ) ;
#5527 = CARTESIAN_POINT ( 'NONE',  ( 88.66911395920067207, 74.40221837649805536, -75.23147659367238305 ) ) ;
#5528 = FACE_OUTER_BOUND ( 'NONE', #1216, .T. ) ;
#5529 = PLANE ( 'NONE',  #2183 ) ;
#5530 = CARTESIAN_POINT ( 'NONE',  ( 153.6098310104484597, 0.1203306969985162844, -265.7147902047275352 ) ) ;
#5531 = CARTESIAN_POINT ( 'NONE',  ( 152.0777421034210874, -1.165244497598704854, -32.02482244953694845 ) ) ;
#5532 = EDGE_LOOP ( 'NONE', ( #946, #544, #749 ) ) ;
#5533 = CARTESIAN_POINT ( 'NONE',  ( 81.96622457140422569, 7.645179277429976494, -519.0000000000001137 ) ) ;
#5534 = DIRECTION ( 'NONE',  ( 0.7660444535136902156, 0.6427875972986035746, 0.000000000000000000 ) ) ;
#5535 = DIRECTION ( 'NONE',  ( 0.6427875972985906960, -0.7660444535137010957, 0.000000000000000000 ) ) ;
#5536 = CARTESIAN_POINT ( 'NONE',  ( 164.4478255606340156, -0.9216381083164225663, -47.99999999999997158 ) ) ;
#5537 = VERTEX_POINT ( 'NONE', #1767 ) ;
#5538 = EDGE_LOOP ( 'NONE', ( #2756, #18, #3567, #6120 ) ) ;
#5539 = EDGE_CURVE ( 'NONE', #1019, #720, #6156, .T. ) ;
#5540 = ORIENTED_EDGE ( 'NONE', *, *, #5284, .F. ) ;
#5541 = ORIENTED_EDGE ( 'NONE', *, *, #5201, .T. ) ;
#5542 = DIRECTION ( 'NONE',  ( -0.4545194689124500420, 0.5416752277698730911, 0.7071067811865480168 ) ) ;
#5543 = ORIENTED_EDGE ( 'NONE', *, *, #6073, .T. ) ;
#5544 = EDGE_CURVE ( 'NONE', #2805, #2266, #4704, .T. ) ;
#5545 = CARTESIAN_POINT ( 'NONE',  ( 146.9000644429649185, 8.393646567575167694, -224.0000000000001705 ) ) ;
#5546 = EDGE_CURVE ( 'NONE', #3023, #2886, #1738, .T. ) ;
#5547 = DIRECTION ( 'NONE',  ( 0.6427875972986036857, -0.7660444535136901045, 0.000000000000000000 ) ) ;
#5548 = DIRECTION ( 'NONE',  ( 0.6427875972986036857, -0.7660444535136901045, 0.000000000000000000 ) ) ;
#5549 = DIRECTION ( 'NONE',  ( 0.7660444535136902156, 0.6427875972986035746, 0.000000000000000000 ) ) ;
#5550 = EDGE_CURVE ( 'NONE', #3988, #1628, #5674, .T. ) ;
#5551 = CARTESIAN_POINT ( 'NONE',  ( 146.5423388897009715, 8.543040099145256860, -148.2049260959452397 ) ) ;
#5552 = ORIENTED_EDGE ( 'NONE', *, *, #5076, .F. ) ;
#5553 = CARTESIAN_POINT ( 'NONE',  ( 76.64144045831724839, 5.825208241227493033, -518.9999999999992042 ) ) ;
#5554 = VERTEX_POINT ( 'NONE', #4735 ) ;
#5555 = CARTESIAN_POINT ( 'NONE',  ( 88.66911395920068628, 74.40221837649806957, -267.8361105482872517 ) ) ;
#5556 = DIRECTION ( 'NONE',  ( -0.4545194689124518739, 0.5416752277698750895, -0.7071067811865451302 ) ) ;
#5557 = CARTESIAN_POINT ( 'NONE',  ( 34.29256304674249378, 139.2056704075471600, -84.59489750732986124 ) ) ;
#5558 = DIRECTION ( 'NONE',  ( 0.6427875972986036857, -0.7660444535136901045, 0.000000000000000000 ) ) ;
#5559 = DIRECTION ( 'NONE',  ( -0.6427875972986035746, 0.7660444535136902156, -6.018531076210112041E-33 ) ) ;
#5560 = CARTESIAN_POINT ( 'NONE',  ( 148.0602579068340390, 6.734054597800104069, -269.8361105482872517 ) ) ;
#5561 = B_SPLINE_CURVE_WITH_KNOTS ( 'NONE', 3,
 ( #5398, #520, #3424, #2934, #1132, #5433 ),
 .UNSPECIFIED., .F., .F.,
 ( 4, 1, 1, 4 ),
 ( 0.000000000000000000, 0.03125000000000024980, 0.06250000000000051348, 0.08990275047588962287 ),
 .UNSPECIFIED. ) ;
#5562 = ORIENTED_EDGE ( 'NONE', *, *, #4052, .F. ) ;
#5563 = EDGE_CURVE ( 'NONE', #1891, #5969, #1394, .T. ) ;
#5564 = VECTOR ( 'NONE', #3845, 1000.000000000000000 ) ;
#5565 = EDGE_CURVE ( 'NONE', #2025, #3302, #5188, .T. ) ;
#5566 = CARTESIAN_POINT ( 'NONE',  ( 39.08907586378500554, 15.87556044444603209, 0.000000000000000000 ) ) ;
#5567 = CARTESIAN_POINT ( 'NONE',  ( 146.4425411714965435, 8.661974392254144561, -46.29398946645400770 ) ) ;
#5568 = LINE ( 'NONE', #4534, #2116 ) ;
#5569 = AXIS2_PLACEMENT_3D ( 'NONE', #268, #5397, #1915 ) ;
#5570 = PLANE ( 'NONE',  #3557 ) ;
#5571 = ORIENTED_EDGE ( 'NONE', *, *, #2855, .T. ) ;
#5572 = EDGE_CURVE ( 'NONE', #6066, #5222, #789, .T. ) ;
#5573 = ORIENTED_EDGE ( 'NONE', *, *, #5716, .T. ) ;
#5574 = ORIENTED_EDGE ( 'NONE', *, *, #5089, .F. ) ;
#5575 = CARTESIAN_POINT ( 'NONE',  ( 35.82465195376987310, 140.4912456021443745, -84.59489750732986124 ) ) ;
#5576 = VERTEX_POINT ( 'NONE', #406 ) ;
#5577 = CARTESIAN_POINT ( 'NONE',  ( 184.3164905826810127, 0.6292017944253979200, -7.971042788344151475 ) ) ;
#5578 = CARTESIAN_POINT ( 'NONE',  ( 148.0602579068340106, 6.734054597800091635, -23.39121917695166530 ) ) ;
#5579 = CARTESIAN_POINT ( 'NONE',  ( 146.5281689998066668, 5.448479403202841631, -255.0810341644320545 ) ) ;
#5580 = CARTESIAN_POINT ( 'NONE',  ( 186.8020647735157524, 0.04016486808356856120, -288.0000000000000000 ) ) ;
#5581 = CARTESIAN_POINT ( 'NONE',  ( 152.0777421034210306, -1.165244497598683981, -181.8757090794443059 ) ) ;
#5582 = DIRECTION ( 'NONE',  ( 0.000000000000000000, 0.000000000000000000, -1.000000000000000000 ) ) ;
#5583 = VERTEX_POINT ( 'NONE', #3769 ) ;
#5584 = VECTOR ( 'NONE', #2092, 1000.000000000000000 ) ;
#5585 = CARTESIAN_POINT ( 'NONE',  ( 92.06402861029685880, 9.742231251469100073, -519.0000000000001137 ) ) ;
#5586 = ORIENTED_EDGE ( 'NONE', *, *, #4478, .F. ) ;
#5587 = EDGE_LOOP ( 'NONE', ( #3726, #6262, #1585 ) ) ;
#5588 = DIRECTION ( 'NONE',  ( 0.7660444535136902156, 0.6427875972986035746, 0.000000000000000000 ) ) ;
#5589 = CARTESIAN_POINT ( 'NONE',  ( 148.0602579068340106, 6.734054597800094299, -207.3857090794443252 ) ) ;
#5590 = CARTESIAN_POINT ( 'NONE',  ( 152.0777421034210590, -1.165244497598703077, -64.47655302367238050 ) ) ;
#5591 = B_SPLINE_CURVE_WITH_KNOTS ( 'NONE', 3,
 ( #1578, #3525, #620, #2622, #587, #201, #2531, #106, #1107, #4108 ),
 .UNSPECIFIED., .F., .F.,
 ( 4, 3, 3, 4 ),
 ( 0.002999999999999947153, 0.01279509168931453056, 0.05373938509512099504, 0.05799999999999997519 ),
 .UNSPECIFIED. ) ;
#5592 = SURFACE_STYLE_USAGE ( .BOTH. , #2522 ) ;
#5593 = VECTOR ( 'NONE', #4467, 1000.000000000000000 ) ;
#5594 = DIRECTION ( 'NONE',  ( 0.7660444535136902156, 0.6427875972986035746, 0.000000000000000000 ) ) ;
#5595 = CARTESIAN_POINT ( 'NONE',  ( 148.0602579068340106, 6.734054597800100517, -196.7521058068590207 ) ) ;
#5596 = VERTEX_POINT ( 'NONE', #1300 ) ;
#5597 = VECTOR ( 'NONE', #3794, 1000.000000000000000 ) ;
#5598 = CARTESIAN_POINT ( 'NONE',  ( 83.17188132781984677, 7.979136955023103717, -518.9999999999998863 ) ) ;
#5599 = DIRECTION ( 'NONE',  ( 0.000000000000000000, -0.7938448022037754015, 0.6081204074967789808 ) ) ;
#5600 = LINE ( 'NONE', #1193, #3770 ) ;
#5601 = FACE_OUTER_BOUND ( 'NONE', #2413, .T. ) ;
#5602 = AXIS2_PLACEMENT_3D ( 'NONE', #2440, #1962, #2977 ) ;
#5603 = EDGE_CURVE ( 'NONE', #4315, #5596, #4669, .T. ) ;
#5604 = VERTEX_POINT ( 'NONE', #1267 ) ;
#5605 = EDGE_LOOP ( 'NONE', ( #2740, #6119, #3694 ) ) ;
#5606 = VERTEX_POINT ( 'NONE', #3242 ) ;
#5607 = EDGE_CURVE ( 'NONE', #5508, #4912, #1365, .T. ) ;
#5608 = CARTESIAN_POINT ( 'NONE',  ( 152.0777421025902072, -1.165244496608476066, -53.77894174285809470 ) ) ;
#5609 = ORIENTED_EDGE ( 'NONE', *, *, #1454, .F. ) ;
#5610 = CARTESIAN_POINT ( 'NONE',  ( 154.7820050345175105, -1.276611953209101147, -100.0000000000000000 ) ) ;
#5611 = CARTESIAN_POINT ( 'NONE',  ( 67.44498881865484918, -4.480818540547637063, 0.000000000000000000 ) ) ;
#5612 = DIRECTION ( 'NONE',  ( 0.7660444535136902156, 0.6427875972986035746, 0.000000000000000000 ) ) ;
#5613 = LINE ( 'NONE', #378, #777 ) ;
#5614 = DIRECTION ( 'NONE',  ( 0.000000000000000000, 0.000000000000000000, -1.000000000000000000 ) ) ;
#5615 = LINE ( 'NONE', #4121, #3110 ) ;
#5616 = EDGE_LOOP ( 'NONE', ( #2349, #2129, #1963, #3346 ) ) ;
#5617 = CARTESIAN_POINT ( 'NONE',  ( 17.25584284455819173, 11.31702282621730760, 0.000000000000000000 ) ) ;
#5618 = VERTEX_POINT ( 'NONE', #375 ) ;
#5619 = ORIENTED_EDGE ( 'NONE', *, *, #2894, .F. ) ;
#5620 = VECTOR ( 'NONE', #5698, 1000.000000000000000 ) ;
#5621 = DIRECTION ( 'NONE',  ( 0.4545194689124502085, -0.5416752277698733131, 0.7071067811865476838 ) ) ;
#5622 = FACE_OUTER_BOUND ( 'NONE', #4310, .T. ) ;
#5623 = CARTESIAN_POINT ( 'NONE',  ( 148.0602579068339821, 6.734054597800125386, -190.5093123520296103 ) ) ;
#5624 = AXIS2_PLACEMENT_3D ( 'NONE', #4218, #5614, #4677 ) ;
#5625 = FACE_OUTER_BOUND ( 'NONE', #953, .T. ) ;
#5626 = CARTESIAN_POINT ( 'NONE',  ( 88.66911395920068628, 74.40221837649805536, -121.4538633601287501 ) ) ;
#5627 = FACE_OUTER_BOUND ( 'NONE', #3927, .T. ) ;
#5628 = AXIS2_PLACEMENT_3D ( 'NONE', #1953, #3743, #1308 ) ;
#5629 = EDGE_CURVE ( 'NONE', #1733, #3364, #3306, .T. ) ;
#5630 = ORIENTED_EDGE ( 'NONE', *, *, #5524, .T. ) ;
#5631 = PRODUCT_RELATED_PRODUCT_CATEGORY ( 'part', '', ( #3355 ) ) ;
#5632 = EDGE_CURVE ( 'NONE', #4569, #1717, #310, .T. ) ;
#5633 = CARTESIAN_POINT ( 'NONE',  ( 68.83511447624589152, 17.10317051736442195, 0.000000000000000000 ) ) ;
#5634 = CARTESIAN_POINT ( 'NONE',  ( 146.4935724838667568, 8.601157640404800020, -100.4409846647886866 ) ) ;
#5635 = CARTESIAN_POINT ( 'NONE',  ( 184.3164905826810696, 0.6287949281298100823, -279.7393850950082879 ) ) ;
#5636 = EDGE_CURVE ( 'NONE', #3962, #4540, #1333, .T. ) ;
#5637 = LINE ( 'NONE', #683, #2218 ) ;
#5638 = ORIENTED_EDGE ( 'NONE', *, *, #806, .F. ) ;
#5639 = EDGE_CURVE ( 'NONE', #172, #719, #5250, .T. ) ;
#5640 = VERTEX_POINT ( 'NONE', #1014 ) ;
#5641 = EDGE_LOOP ( 'NONE', ( #6310, #3864, #3118 ) ) ;
#5642 = DIRECTION ( 'NONE',  ( 1.000000000000000000, 0.000000000000000000, 0.000000000000000000 ) ) ;
#5643 = ORIENTED_EDGE ( 'NONE', *, *, #5823, .F. ) ;
#5644 = LINE ( 'NONE', #5610, #4545 ) ;
#5645 = VECTOR ( 'NONE', #5655, 1000.000000000000000 ) ;
#5646 = CARTESIAN_POINT ( 'NONE',  ( 97.20881913628568327, -3.390685539450145836, 0.000000000000000000 ) ) ;
#5647 = CARTESIAN_POINT ( 'NONE',  ( 146.5966763892530196, 8.478283186714868691, -197.5568552925625170 ) ) ;
#5648 = CARTESIAN_POINT ( 'NONE',  ( 152.0777421034211159, -1.165244497598704854, -242.3261105482872608 ) ) ;
#5649 = FACE_OUTER_BOUND ( 'NONE', #2443, .T. ) ;
#5650 = FACE_OUTER_BOUND ( 'NONE', #5190, .T. ) ;
#5651 = EDGE_LOOP ( 'NONE', ( #3288, #858, #5052, #4336 ) ) ;
#5652 = CARTESIAN_POINT ( 'NONE',  ( 56.92258549315099003, 16.95153070736420986, 0.000000000000000000 ) ) ;
#5653 = ORIENTED_EDGE ( 'NONE', *, *, #5315, .F. ) ;
#5654 = EDGE_LOOP ( 'NONE', ( #4866, #1427, #4584, #1955 ) ) ;
#5655 = DIRECTION ( 'NONE',  ( -5.547375489508307898E-14, 1.000000000000000000, 0.000000000000000000 ) ) ;
#5656 = CARTESIAN_POINT ( 'NONE',  ( 81.98169712266442843, 82.37197167835410028, -10.40377391325058554 ) ) ;
#5657 = LINE ( 'NONE', #5206, #657 ) ;
#5658 =( LENGTH_UNIT ( ) NAMED_UNIT ( * ) SI_UNIT ( .MILLI., .METRE. ) );
#5659 = CARTESIAN_POINT ( 'NONE',  ( 146.5281689998066099, 5.448479403202848736, -19.26989883339205889 ) ) ;
#5660 = EDGE_CURVE ( 'NONE', #2318, #5606, #4471, .T. ) ;
#5661 = CARTESIAN_POINT ( 'NONE',  ( 153.6098310104484881, 0.1203306969985071806, -92.10772055337685060 ) ) ;
#5662 = VERTEX_POINT ( 'NONE', #527 ) ;
#5663 = CARTESIAN_POINT ( 'NONE',  ( 122.2277120901714937, 12.74610603783546381, 0.000000000000000000 ) ) ;
#5664 = CARTESIAN_POINT ( 'NONE',  ( 149.9762782248890289, 1.339182711598097431, -95.37701804350224677 ) ) ;
#5665 = DIRECTION ( 'NONE',  ( 0.7660444535136902156, 0.6427875972986035746, 0.000000000000000000 ) ) ;
#5666 = CARTESIAN_POINT ( 'NONE',  ( 188.5579977649599641, -41.52927395510923247, -153.0160123065356572 ) ) ;
#5667 = COLOUR_RGB ( '',1.000000000000000000, 1.000000000000000000, 1.000000000000000000 ) ;
#5668 = ORIENTED_EDGE ( 'NONE', *, *, #1935, .T. ) ;
#5669 = EDGE_LOOP ( 'NONE', ( #112, #6256, #3107, #2411 ) ) ;
#5670 = ORIENTED_EDGE ( 'NONE', *, *, #2330, .T. ) ;
#5671 = ADVANCED_FACE ( 'NONE', ( #5375 ), #979, .T. ) ;
#5672 = CARTESIAN_POINT ( 'NONE',  ( 187.3164905826809843, -0.08178092353511093315, -288.0000000000000000 ) ) ;
#5673 = VERTEX_POINT ( 'NONE', #3989 ) ;
#5674 = LINE ( 'NONE', #2698, #4235 ) ;
#5675 = ORIENTED_EDGE ( 'NONE', *, *, #3519, .T. ) ;
#5676 = CARTESIAN_POINT ( 'NONE',  ( 121.0198118588054683, -2.516610127583926992, 0.000000000000000000 ) ) ;
#5677 = LINE ( 'NONE', #2797, #5814 ) ;
#5678 = CARTESIAN_POINT ( 'NONE',  ( 146.5281689998066383, 5.448479403202855842, -110.8202600875434740 ) ) ;
#5679 = FACE_OUTER_BOUND ( 'NONE', #4378, .T. ) ;
#5680 = DIRECTION ( 'NONE',  ( -6.378601426329706152E-17, -5.352281928482944175E-17, 1.000000000000000000 ) ) ;
#5682 = VERTEX_POINT ( 'NONE', #4408 ) ;
#5681 = CARTESIAN_POINT ( 'NONE',  ( 152.0777421034210306, -1.165244497598732609, -19.26989883339205889 ) ) ;
#5683 = CARTESIAN_POINT ( 'NONE',  ( 139.8694997756333578, 9.899595000563286007, 0.000000000000000000 ) ) ;
#5684 = VERTEX_POINT ( 'NONE', #77 ) ;
#5685 = ORIENTED_EDGE ( 'NONE', *, *, #3070, .T. ) ;
#5686 = EDGE_CURVE ( 'NONE', #788, #5960, #5444, .T. ) ;
#5687 = AXIS2_PLACEMENT_3D ( 'NONE', #6323, #3904, #3504 ) ;
#5688 = LINE ( 'NONE', #869, #5124 ) ;
#5689 = FACE_OUTER_BOUND ( 'NONE', #5725, .T. ) ;
#5690 = LINE ( 'NONE', #1283, #4037 ) ;
#5691 = DIRECTION ( 'NONE',  ( 0.4545194689124509857, -0.5416752277698740903, -0.7071067811865465735 ) ) ;
#5692 = CARTESIAN_POINT ( 'NONE',  ( 110.0808486931847625, 48.88470574556389181, 33.31074654204535079 ) ) ;
#5693 = ORIENTED_EDGE ( 'NONE', *, *, #4705, .T. ) ;
#5694 = VECTOR ( 'NONE', #904, 1000.000000000000000 ) ;
#5695 = VECTOR ( 'NONE', #5019, 999.9999999999998863 ) ;
#5696 = CARTESIAN_POINT ( 'NONE',  ( 81.98169712266442843, 82.37197167835410028, -10.40377391325058554 ) ) ;
#5697 = CARTESIAN_POINT ( 'NONE',  ( 154.7820051188861896, -1.276612053755953768, -45.00000000000000711 ) ) ;
#5698 = DIRECTION ( 'NONE',  ( 0.7660444535136902156, 0.6427875972986035746, 0.000000000000000000 ) ) ;
#5699 = ORIENTED_EDGE ( 'NONE', *, *, #4780, .T. ) ;
#5700 = VECTOR ( 'NONE', #5384, 1000.000000000000114 ) ;
#5701 = ORIENTED_EDGE ( 'NONE', *, *, #5342, .T. ) ;
#5702 = VERTEX_POINT ( 'NONE', #5957 ) ;
#5703 = CARTESIAN_POINT ( 'NONE',  ( 154.7820052479132187, -1.276612207524277620, -228.8530061126210171 ) ) ;
#5704 = VERTEX_POINT ( 'NONE', #5341 ) ;
#5705 = DIRECTION ( 'NONE',  ( 0.000000000000000000, 0.000000000000000000, -1.000000000000000000 ) ) ;
#5706 = EDGE_CURVE ( 'NONE', #173, #3339, #1551, .T. ) ;
#5707 = ORIENTED_EDGE ( 'NONE', *, *, #5315, .T. ) ;
#5708 = CARTESIAN_POINT ( 'NONE',  ( 61.49220006642572400, -4.698234501061524959, 0.000000000000000000 ) ) ;
#5709 = EDGE_CURVE ( 'NONE', #1957, #6135, #5312, .T. ) ;
#5710 = DIRECTION ( 'NONE',  ( -6.378601426329706152E-17, -5.352281928482944175E-17, 1.000000000000000000 ) ) ;
#5711 = CARTESIAN_POINT ( 'NONE',  ( 184.3164905826810127, -0.1919652405385959548, -158.4409816621371192 ) ) ;
#5712 = CARTESIAN_POINT ( 'NONE',  ( 114.1802020361657100, 43.99928651130858981, 39.68820834723265989 ) ) ;
#5713 = CARTESIAN_POINT ( 'NONE',  ( 154.7636552260520091, -0.7769490368818829928, -221.0000000000000000 ) ) ;
#5715 = ORIENTED_EDGE ( 'NONE', *, *, #3410, .T. ) ;
#5714 = PLANE ( 'NONE',  #5313 ) ;
#5716 = EDGE_CURVE ( 'NONE', #5702, #3842, #15, .T. ) ;
#5717 = CARTESIAN_POINT ( 'NONE',  ( 152.0777421034210590, -1.165244497598690865, -146.9638633601287552 ) ) ;
#5718 = ORIENTED_EDGE ( 'NONE', *, *, #3213, .T. ) ;
#5719 = VERTEX_POINT ( 'NONE', #1956 ) ;
#5720 = LINE ( 'NONE', #3156, #4820 ) ;
#5721 = CARTESIAN_POINT ( 'NONE',  ( 88.66911395920067207, 74.40221837649805536, -87.98640020981726195 ) ) ;
#5722 = CARTESIAN_POINT ( 'NONE',  ( 55.89582370901524655, 116.5713537696892246, -53.36969677290838376 ) ) ;
#5723 = PLANE ( 'NONE',  #4329 ) ;
#5724 = CARTESIAN_POINT ( 'NONE',  ( 61.49220006642572400, -4.698234501061524959, 0.000000000000000000 ) ) ;
#5725 = EDGE_LOOP ( 'NONE', ( #3100, #563, #1110, #5379 ) ) ;
#5726 = VECTOR ( 'NONE', #2044, 1000.000000000000000 ) ;
#5727 = VECTOR ( 'NONE', #6007, 1000.000000000000000 ) ;
#5728 = FACE_OUTER_BOUND ( 'NONE', #5374, .T. ) ;
#5729 = VECTOR ( 'NONE', #496, 1000.000000000000000 ) ;
#5730 = CARTESIAN_POINT ( 'NONE',  ( 174.9005243410982757, 2.829129485037704228, 0.000000000000000000 ) ) ;
#5731 = CARTESIAN_POINT ( 'NONE',  ( 84.19556523306052043, 82.84503403129646415, -9.343113741470716604 ) ) ;
#5732 = CARTESIAN_POINT ( 'NONE',  ( 73.78294131912075215, 92.14286868292120403, -23.15877391325059520 ) ) ;
#5733 = ORIENTED_EDGE ( 'NONE', *, *, #5083, .T. ) ;
#5734 = VERTEX_POINT ( 'NONE', #3960 ) ;
#5735 = PLANE ( 'NONE',  #395 ) ;
#5736 = ORIENTED_EDGE ( 'NONE', *, *, #4060, .F. ) ;
#5737 = CARTESIAN_POINT ( 'NONE',  ( 90.20120286622807271, 75.68779357109528405, -192.6306326955890995 ) ) ;
#5738 = ORIENTED_EDGE ( 'NONE', *, *, #1780, .T. ) ;
#5739 = B_SPLINE_CURVE_WITH_KNOTS ( 'NONE', 3,
 ( #761, #3397, #4220, #5163, #6194, #381, #3182, #3807, #4288, #4743, #2227 ),
 .UNSPECIFIED., .F., .F.,
 ( 4, 1, 1, 1, 1, 1, 1, 1, 4 ),
 ( 0.005236459568635229780, 0.006131389326090856684, 0.01112941318390207879, 0.01612743704171333559, 0.02612348475733592551, 0.03112150861514711292, 0.03611953247295836972, 0.04111755633076962652, 0.04373606548473162048 ),
 .UNSPECIFIED. ) ;
#5740 = CARTESIAN_POINT ( 'NONE',  ( 119.2931736833405552, -2.580699207577747067, -519.0000000000010232 ) ) ;
#5741 = PLANE ( 'NONE',  #2721 ) ;
#5742 = CARTESIAN_POINT ( 'NONE',  ( 64.09457951255893704, 106.8004567651220924, -40.61469677290837410 ) ) ;
#5743 = VECTOR ( 'NONE', #3749, 1000.000000000000114 ) ;
#5744 = DIRECTION ( 'NONE',  ( -0.6427875972986035746, 0.7660444535136902156, -6.018531076210112041E-33 ) ) ;
#5745 = LINE ( 'NONE', #5348, #3226 ) ;
#5747 = EDGE_LOOP ( 'NONE', ( #6342, #6348, #3165, #1671 ) ) ;
#5746 = LINE ( 'NONE', #1370, #694 ) ;
#5748 = CARTESIAN_POINT ( 'NONE',  ( 186.8020647735157524, 0.04016486808356803384, -519.0000000000000000 ) ) ;
#5749 = VERTEX_POINT ( 'NONE', #1926 ) ;
#5750 = ORIENTED_EDGE ( 'NONE', *, *, #2172, .F. ) ;
#5751 = LINE ( 'NONE', #1346, #1531 ) ;
#5752 = CARTESIAN_POINT ( 'NONE',  ( 88.66911395920067207, 74.40221837649805536, -44.77974606568174920 ) ) ;
#5753 = LINE ( 'NONE', #3650, #3108 ) ;
#5754 = CARTESIAN_POINT ( 'NONE',  ( 88.66911395920067207, 74.40221837649805536, -62.41254501415071587 ) ) ;
#5755 = CARTESIAN_POINT ( 'NONE',  ( 186.7041226456699974, -0.1042727308837781419, 0.000000000000000000 ) ) ;
#5756 = CARTESIAN_POINT ( 'NONE',  ( 184.3164905826809843, -0.1919656544132020970, -47.14699388737903973 ) ) ;
#5757 = EDGE_CURVE ( 'NONE', #867, #3402, #3463, .T. ) ;
#5758 = PLANE ( 'NONE',  #582 ) ;
#5759 = CARTESIAN_POINT ( 'NONE',  ( 146.5281689998066383, 5.448479403202895810, -233.6925072757019848 ) ) ;
#5760 = DIRECTION ( 'NONE',  ( 0.03670000350780839443, -0.9993263279542508037, 0.000000000000000000 ) ) ;
#5761 = LINE ( 'NONE', #1883, #907 ) ;
#5762 = EDGE_CURVE ( 'NONE', #1617, #3895, #5423, .T. ) ;
#5763 = VERTEX_POINT ( 'NONE', #4830 ) ;
#5764 = EDGE_CURVE ( 'NONE', #4811, #1493, #4894, .T. ) ;
#5765 = ORIENTED_EDGE ( 'NONE', *, *, #1395, .F. ) ;
#5766 = CARTESIAN_POINT ( 'NONE',  ( 160.0897257406245160, -10.71355509462316569, -111.1107496186580050 ) ) ;
#5767 = ORIENTED_EDGE ( 'NONE', *, *, #1078, .T. ) ;
#5768 = CARTESIAN_POINT ( 'NONE',  ( 0.2369445089215563849, -6.451903118993597808, -103.0000000000000142 ) ) ;
#5769 = ORIENTED_EDGE ( 'NONE', *, *, #4006, .F. ) ;
#5770 = PLANE ( 'NONE',  #5300 ) ;
#5771 = CARTESIAN_POINT ( 'NONE',  ( 148.8408671149933866, 8.217155717336394716, -50.00000000000225242 ) ) ;
#5772 = DIRECTION ( 'NONE',  ( 0.000000000000000000, 0.000000000000000000, -1.000000000000000000 ) ) ;
#5774 = ORIENTED_EDGE ( 'NONE', *, *, #124, .F. ) ;
#5773 = CARTESIAN_POINT ( 'NONE',  ( 152.0777421034210590, -1.165244497598718176, -8.514975219832457753 ) ) ;
#5775 = CARTESIAN_POINT ( 'NONE',  ( 183.1500396633298919, 0.9050725398238210762, -519.0000000000001137 ) ) ;
#5776 = VECTOR ( 'NONE', #3856, 1000.000000000000000 ) ;
#5777 = ORIENTED_EDGE ( 'NONE', *, *, #606, .F. ) ;
#5778 = ORIENTED_EDGE ( 'NONE', *, *, #5953, .T. ) ;
#5779 = CARTESIAN_POINT ( 'NONE',  ( 146.6354287031678609, 8.432099975868801778, -230.1738141366596722 ) ) ;
#5780 = LINE ( 'NONE', #3998, #2339 ) ;
#5781 = B_SPLINE_CURVE_WITH_KNOTS ( 'NONE', 3,
 ( #2235, #1350, #3717, #1319, #5207, #4654, #4622, #326, #4197, #229 ),
 .UNSPECIFIED., .F., .F.,
 ( 4, 1, 1, 1, 1, 1, 1, 4 ),
 ( 0.005166781466188845838, 0.009236612514943606800, 0.01450207676546528754, 0.02503300526650871494, 0.03029846951703032282, 0.03556393376755199315, 0.04082939801807367736, 0.04375306168371501103 ),
 .UNSPECIFIED. ) ;
#5782 = CARTESIAN_POINT ( 'NONE',  ( 154.7820050439935358, -1.276611964502252672, -144.5983638964381726 ) ) ;
#5783 = CARTESIAN_POINT ( 'NONE',  ( 146.7066812140465117, 8.347184537259044745, -286.0000000000000568 ) ) ;
#5784 = CARTESIAN_POINT ( 'NONE',  ( 98.66558878361264817, -3.341966122760425151, -519.0000000000001137 ) ) ;
#5785 = DIRECTION ( 'NONE',  ( 0.6427875972986036857, -0.7660444535136901045, 1.368455531567204475E-48 ) ) ;
#5786 = FACE_OUTER_BOUND ( 'NONE', #3437, .T. ) ;
#5787 = CARTESIAN_POINT ( 'NONE',  ( 180.7040290666258784, 1.486459005793485000, 0.000000000000000000 ) ) ;
#5788 = ADVANCED_FACE ( 'NONE', ( #1453 ), #4926, .T. ) ;
#5789 = CARTESIAN_POINT ( 'NONE',  ( 152.0777421034210874, -1.165244497598656226, -218.1406326955891188 ) ) ;
#5790 = CARTESIAN_POINT ( 'NONE',  ( 184.3164905826810127, -0.1919652100024548391, -166.0000000000000284 ) ) ;
#5791 = ORIENTED_EDGE ( 'NONE', *, *, #66, .T. ) ;
#5792 = ORIENTED_EDGE ( 'NONE', *, *, #1474, .F. ) ;
#5793 = EDGE_CURVE ( 'NONE', #1181, #3067, #437, .T. ) ;
#5794 = AXIS2_PLACEMENT_3D ( 'NONE', #4, #3027, #2069 ) ;
#5795 = CARTESIAN_POINT ( 'NONE',  ( 152.0777421034210306, -1.165244497598677098, 9.804599309964982597E-15 ) ) ;
#5796 = ORIENTED_EDGE ( 'NONE', *, *, #3869, .T. ) ;
#5797 = DIRECTION ( 'NONE',  ( -0.9993263278466425481, -0.03670000643793608353, -0.000000000000000000 ) ) ;
#5798 = VERTEX_POINT ( 'NONE', #2370 ) ;
#5799 = AXIS2_PLACEMENT_3D ( 'NONE', #397, #6274, #4428 ) ;
#5800 = CARTESIAN_POINT ( 'NONE',  ( 154.7820050345175105, -1.276611953209101147, -100.0000000000000000 ) ) ;
#5801 = CARTESIAN_POINT ( 'NONE',  ( 152.0777421034210306, -1.165244497598683981, -181.8757090794443059 ) ) ;
#5802 = CARTESIAN_POINT ( 'NONE',  ( 181.5625030606320536, -0.2931092781849198303, -161.0000000000003695 ) ) ;
#5803 = ORIENTED_EDGE ( 'NONE', *, *, #3831, .F. ) ;
#5804 = DIRECTION ( 'NONE',  ( 0.7660444535136902156, 0.6427875972986035746, 0.000000000000000000 ) ) ;
#5805 = VERTEX_POINT ( 'NONE', #2499 ) ;
#5806 = AXIS2_PLACEMENT_3D ( 'NONE', #2639, #6131, #4742 ) ;
#5807 = ORIENTED_EDGE ( 'NONE', *, *, #4453, .F. ) ;
#5808 = PLANE ( 'NONE',  #785 ) ;
#5809 = CARTESIAN_POINT ( 'NONE',  ( 184.3164905826809843, 0.6289088413493783003, -224.0000000000000000 ) ) ;
#5810 = DIRECTION ( 'NONE',  ( 6.378601426329706152E-17, 5.352281928482944175E-17, -1.000000000000000000 ) ) ;
#5811 = VECTOR ( 'NONE', #5029, 1000.000000000000000 ) ;
#5812 = CARTESIAN_POINT ( 'NONE',  ( 90.20120286622923800, 75.68779357109389139, -280.5910341644325854 ) ) ;
#5813 = CARTESIAN_POINT ( 'NONE',  ( 126.9725547312170448, -2.297953459282285227, 0.000000000000000000 ) ) ;
#5814 = VECTOR ( 'NONE', #2856, 1000.000000000000000 ) ;
#5815 = CARTESIAN_POINT ( 'NONE',  ( 153.6098310104485165, 0.1203306969984746511, -271.9574308918468546 ) ) ;
#5816 = FACE_OUTER_BOUND ( 'NONE', #1080, .T. ) ;
#5817 = DIRECTION ( 'NONE',  ( -0.6427875972986035746, 0.7660444535136902156, 0.000000000000000000 ) ) ;
#5818 = FACE_OUTER_BOUND ( 'NONE', #2564, .T. ) ;
#5819 = EDGE_CURVE ( 'NONE', #2779, #1812, #6315, .T. ) ;
#5820 = CARTESIAN_POINT ( 'NONE',  ( 148.8027864148734807, 8.225864831853382242, -47.99999999999998579 ) ) ;
#5821 = ORIENTED_EDGE ( 'NONE', *, *, #3822, .T. ) ;
#5822 = PRODUCT_DEFINITION ( 'Êú', '', #3719, #5833 ) ;
#5823 = EDGE_CURVE ( 'NONE', #5320, #6232, #1200, .T. ) ;
#5824 = ORIENTED_EDGE ( 'NONE', *, *, #2458, .T. ) ;
#5825 = AXIS2_PLACEMENT_3D ( 'NONE', #3857, #2395, #6309 ) ;
#5826 = ADVANCED_FACE ( 'NONE', ( #2052 ), #3495, .F. ) ;
#5827 = VECTOR ( 'NONE', #1859, 1000.000000000000000 ) ;
#5828 = LINE ( 'NONE', #889, #6244 ) ;
#5829 = ORIENTED_EDGE ( 'NONE', *, *, #132, .F. ) ;
#5830 = DIRECTION ( 'NONE',  ( 0.7660444535136902156, 0.6427875972986035746, 0.000000000000000000 ) ) ;
#5831 = ORIENTED_EDGE ( 'NONE', *, *, #2141, .T. ) ;
#5832 = ORIENTED_EDGE ( 'NONE', *, *, #4134, .T. ) ;
#5833 = PRODUCT_DEFINITION_CONTEXT ( 'detailed design', #3558, 'design' ) ;
#5834 = CARTESIAN_POINT ( 'NONE',  ( 184.3164905826809559, 0.3083718411603724729, -158.0000000000000000 ) ) ;
#5835 = CARTESIAN_POINT ( 'NONE',  ( 184.3164905826809559, -0.1919657692373498148, -13.06830277022850950 ) ) ;
#5836 = CARTESIAN_POINT ( 'NONE',  ( 152.0777421034210306, -1.165244497598677098, -17.14857848983246313 ) ) ;
#5837 = ORIENTED_EDGE ( 'NONE', *, *, #2634, .F. ) ;
#5838 = CARTESIAN_POINT ( 'NONE',  ( 90.20120286622807271, 75.68779357109528405, -194.6307854632994179 ) ) ;
#5839 = ORIENTED_EDGE ( 'NONE', *, *, #4537, .T. ) ;
#5840 = EDGE_LOOP ( 'NONE', ( #4398, #5202, #2882, #1894, #5638 ) ) ;
#5841 = CARTESIAN_POINT ( 'NONE',  ( 153.6098310104485165, 0.1203306969984885288, -240.2047902047276295 ) ) ;
#5842 = LINE ( 'NONE', #870, #1022 ) ;
#5843 = PLANE ( 'NONE',  #2078 ) ;
#5844 = FACE_OUTER_BOUND ( 'NONE', #4680, .T. ) ;
#5845 = CARTESIAN_POINT ( 'NONE',  ( 187.0592776780984252, -0.09122815737577198714, -518.9999999999997726 ) ) ;
#5846 = DIRECTION ( 'NONE',  ( 0.000000000000000000, 0.7938448021158702739, 0.6081204076115311885 ) ) ;
#5847 = CARTESIAN_POINT ( 'NONE',  ( 184.3164905826809843, -0.1919654473031343067, -108.0000000000000142 ) ) ;
#5848 = EDGE_CURVE ( 'NONE', #5719, #2557, #4991, .T. ) ;
#5849 = CARTESIAN_POINT ( 'NONE',  ( 153.6098310096175794, 0.1203306979887311390, -62.41254501415071587 ) ) ;
#5850 = FACE_OUTER_BOUND ( 'NONE', #5651, .T. ) ;
#5851 = LINE ( 'NONE', #849, #4381 ) ;
#5852 = ORIENTED_EDGE ( 'NONE', *, *, #2222, .F. ) ;
#5853 = ORIENTED_EDGE ( 'NONE', *, *, #1808, .T. ) ;
#5854 = CARTESIAN_POINT ( 'NONE',  ( 4.494224318108876126, 5.364860341418883571, 0.000000000000000000 ) ) ;
#5855 = CARTESIAN_POINT ( 'NONE',  ( 153.6098310104501650, 0.1203306969964623718, -1.005233009473359337E-12 ) ) ;
#5856 = DIRECTION ( 'NONE',  ( -0.4545194689124502085, 0.5416752277698729801, 0.7071067811865477948 ) ) ;
#5857 = VERTEX_POINT ( 'NONE', #2460 ) ;
#5858 = CARTESIAN_POINT ( 'NONE',  ( 184.3164905826809843, 0.6291551108684032556, -53.70601222524092577 ) ) ;
#5859 = ORIENTED_EDGE ( 'NONE', *, *, #2860, .F. ) ;
#5860 = ORIENTED_EDGE ( 'NONE', *, *, #4645, .T. ) ;
#5861 = EDGE_CURVE ( 'NONE', #4014, #3498, #2076, .T. ) ;
#5862 = CARTESIAN_POINT ( 'NONE',  ( 180.2012209492899331, 1.601312607467513471, -50.00000000000225953 ) ) ;
#5863 = FACE_OUTER_BOUND ( 'NONE', #3720, .T. ) ;
#5864 = VERTEX_POINT ( 'NONE', #5402 ) ;
#5865 = LINE ( 'NONE', #3933, #2071 ) ;
#5866 = STYLED_ITEM ( 'NONE', ( #6105 ), #6316 ) ;
#5867 = ORIENTED_EDGE ( 'NONE', *, *, #6115, .T. ) ;
#5868 = LINE ( 'NONE', #3411, #786 ) ;
#5869 = FACE_OUTER_BOUND ( 'NONE', #1215, .T. ) ;
#5870 = DIRECTION ( 'NONE',  ( 0.000000000000000000, 0.000000000000000000, -1.000000000000000000 ) ) ;
#5871 = AXIS2_PLACEMENT_3D ( 'NONE', #5356, #4357, #905 ) ;
#5872 = DIRECTION ( 'NONE',  ( 0.9993263274973519517, 0.03670001594897783631, 0.000000000000000000 ) ) ;
#5873 = EDGE_CURVE ( 'NONE', #2742, #6027, #1513, .T. ) ;
#5874 = CARTESIAN_POINT ( 'NONE',  ( 19.81148263834618106, -5.527740210294637357, 0.000000000000000000 ) ) ;
#5875 = B_SPLINE_CURVE_WITH_KNOTS ( 'NONE', 3,
 ( #387, #6233, #5135, #5204, #3680, #1246, #1782, #2744, #1815, #5233 ),
 .UNSPECIFIED., .F., .F.,
 ( 4, 3, 3, 4 ),
 ( 0.003000000000000002665, 0.01279509168931455831, 0.05373938509512110606, 0.05999999999999999778 ),
 .UNSPECIFIED. ) ;
#5876 = CARTESIAN_POINT ( 'NONE',  ( 154.7820051124654128, -1.276612046103899223, -54.55901833786292343 ) ) ;
#5877 = CARTESIAN_POINT ( 'NONE',  ( 152.0777421034210874, -1.165244497598746376, 9.804599309964982597E-15 ) ) ;
#5878 = DIRECTION ( 'NONE',  ( 0.6427875972986035746, -0.7660444535136902156, 6.018531076210112041E-33 ) ) ;
#5879 = DIRECTION ( 'NONE',  ( 0.9993263274973519517, 0.03670001594897783631, 0.000000000000000000 ) ) ;
#5880 = AXIS2_PLACEMENT_3D ( 'NONE', #5975, #5878, #5497 ) ;
#5881 = LINE ( 'NONE', #4012, #3872 ) ;
#5882 = ORIENTED_EDGE ( 'NONE', *, *, #344, .T. ) ;
#5883 = CARTESIAN_POINT ( 'NONE',  ( 74.45325559964686590, -2.991547703241124623, -518.9999999999990905 ) ) ;
#5884 = PLANE ( 'NONE',  #466 ) ;
#5885 = DIRECTION ( 'NONE',  ( 0.7660444535136902156, 0.6427875972986035746, 0.000000000000000000 ) ) ;
#5886 = DIRECTION ( 'NONE',  ( -0.4545194689124505416, 0.5416752277698733131, 0.7071067811865473507 ) ) ;
#5887 = CARTESIAN_POINT ( 'NONE',  ( 148.0602579068340106, 6.734054597800090747, 9.804599309964982597E-15 ) ) ;
#5888 = ORIENTED_EDGE ( 'NONE', *, *, #2603, .T. ) ;
#5889 = DIRECTION ( 'NONE',  ( -0.9993263274973512855, -0.03670001594899838931, 0.000000000000000000 ) ) ;
#5890 = EDGE_LOOP ( 'NONE', ( #1705, #1564, #978, #5909 ) ) ;
#5891 = ORIENTED_EDGE ( 'NONE', *, *, #6238, .F. ) ;
#5892 = VECTOR ( 'NONE', #2494, 1000.000000000000114 ) ;
#5893 = FACE_BOUND ( 'NONE', #3607, .T. ) ;
#5894 = ORIENTED_EDGE ( 'NONE', *, *, #1921, .T. ) ;
#5895 = CARTESIAN_POINT ( 'NONE',  ( 184.3164905826809843, -0.1919654473031343067, -103.0000000000000142 ) ) ;
#5896 = EDGE_CURVE ( 'NONE', #1965, #5378, #5918, .T. ) ;
#5897 = EDGE_LOOP ( 'NONE', ( #3903, #3801, #3755, #4065 ) ) ;
#5898 = VECTOR ( 'NONE', #3604, 1000.000000000000000 ) ;
#5899 = EDGE_CURVE ( 'NONE', #3471, #5187, #3489, .T. ) ;
#5900 = VECTOR ( 'NONE', #4525, 999.9999999999998863 ) ;
#5901 = CARTESIAN_POINT ( 'NONE',  ( 146.7055383787496226, 8.348546515374591692, -285.1469957402638329 ) ) ;
#5902 = FACE_BOUND ( 'NONE', #4997, .T. ) ;
#5903 = LINE ( 'NONE', #5063, #53 ) ;
#5904 = EDGE_CURVE ( 'NONE', #4717, #6055, #3457, .T. ) ;
#5905 = DIRECTION ( 'NONE',  ( 0.6427875972986036857, -0.7660444535136901045, 0.000000000000000000 ) ) ;
#5906 = VECTOR ( 'NONE', #2947, 1000.000000000000000 ) ;
#5907 = CARTESIAN_POINT ( 'NONE',  ( 83.65682389923443907, -3.559650625416082015, -518.9999999999996589 ) ) ;
#5908 = ADVANCED_FACE ( 'NONE', ( #3524 ), #5884, .T. ) ;
#5909 = ORIENTED_EDGE ( 'NONE', *, *, #3163, .T. ) ;
#5910 = CARTESIAN_POINT ( 'NONE',  ( 154.7820050863473966, -1.276612014977639209, -165.7060122252419490 ) ) ;
#5911 = PLANE ( 'NONE',  #1389 ) ;
#5912 = DIRECTION ( 'NONE',  ( 0.7660444535136902156, 0.6427875972986035746, 0.000000000000000000 ) ) ;
#5913 = CARTESIAN_POINT ( 'NONE',  ( 88.66911395920068628, 74.40221837649806957, -157.7187869762735488 ) ) ;
#5914 = CARTESIAN_POINT ( 'NONE',  ( 148.0602579068340106, 6.734054597800090747, 9.804599309964982597E-15 ) ) ;
#5915 = VERTEX_POINT ( 'NONE', #2966 ) ;
#5916 = EDGE_CURVE ( 'NONE', #2886, #635, #73, .T. ) ;
#5917 = CARTESIAN_POINT ( 'NONE',  ( 83.65682389923443907, -3.559650625416082015, -518.9999999999996589 ) ) ;
#5918 = LINE ( 'NONE', #4016, #2083 ) ;
#5919 = DIRECTION ( 'NONE',  ( 0.6427875972986036857, -0.7660444535136901045, 0.000000000000000000 ) ) ;
#5920 = DIRECTION ( 'NONE',  ( 0.7660444535136902156, 0.6427875972986035746, 0.000000000000000000 ) ) ;
#5921 = VERTEX_POINT ( 'NONE', #1610 ) ;
#5922 = CARTESIAN_POINT ( 'NONE',  ( 88.66911395920068628, 74.40221837649806957, -169.1207854632994270 ) ) ;
#5923 = VECTOR ( 'NONE', #2170, 1000.000000000000000 ) ;
#5924 = EDGE_LOOP ( 'NONE', ( #4736, #1868, #2037, #6324 ) ) ;
#5925 = EDGE_LOOP ( 'NONE', ( #2903, #5291, #4414 ) ) ;
#5926 = VECTOR ( 'NONE', #5856, 1000.000000000000000 ) ;
#5927 = EDGE_CURVE ( 'NONE', #2259, #6027, #3427, .T. ) ;
#5928 = VECTOR ( 'NONE', #3396, 1000.000000000000000 ) ;
#5929 = CARTESIAN_POINT ( 'NONE',  ( 154.7820052476105843, -1.276612207163575485, -228.7060122252419774 ) ) ;
#5930 = ORIENTED_EDGE ( 'NONE', *, *, #6220, .T. ) ;
#5931 = CARTESIAN_POINT ( 'NONE',  ( 177.2062399616386301, -0.4530747457395346012, -287.9999999999998295 ) ) ;
#5932 = ORIENTED_EDGE ( 'NONE', *, *, #3337, .F. ) ;
#5933 = CARTESIAN_POINT ( 'NONE',  ( 187.2484497007908999, -0.08428001324051834220, 0.000000000000000000 ) ) ;
#5934 = CARTESIAN_POINT ( 'NONE',  ( 54.36373480198786723, 115.2857785750920101, -53.36969677290838376 ) ) ;
#5935 = CARTESIAN_POINT ( 'NONE',  ( 148.0602579068340106, 6.734054597800094299, -89.98640020981726195 ) ) ;
#5936 = CARTESIAN_POINT ( 'NONE',  ( 181.2676868583845646, 1.347655247064742490, -285.9999999999999432 ) ) ;
#5937 = VERTEX_POINT ( 'NONE', #645 ) ;
#5938 = CARTESIAN_POINT ( 'NONE',  ( 70.40460645904484238, 1.763418718043666678, -518.9999999999992042 ) ) ;
#5939 = ORIENTED_EDGE ( 'NONE', *, *, #4083, .F. ) ;
#5940 = DIRECTION ( 'NONE',  ( 0.6427875972986036857, -0.7660444535136901045, 1.368455531567204475E-48 ) ) ;
#5941 = CARTESIAN_POINT ( 'NONE',  ( 152.0777421034227928, -1.165244497600744777, -1.005233009473359337E-12 ) ) ;
#5942 = EDGE_CURVE ( 'NONE', #4560, #6293, #4922, .T. ) ;
#5943 = CARTESIAN_POINT ( 'NONE',  ( 154.8641043164111295, -1.273596901759298516, -162.9999999999999147 ) ) ;
#5944 = CARTESIAN_POINT ( 'NONE',  ( 183.2771397187927676, 0.8750315873672337430, -104.9999999999999858 ) ) ;
#5945 = AXIS2_PLACEMENT_3D ( 'NONE', #1024, #3507, #1088 ) ;
#5946 = DIRECTION ( 'NONE',  ( 0.4545194689124497089, -0.5416752277698725360, 0.7071067811865484609 ) ) ;
#5947 = ORIENTED_EDGE ( 'NONE', *, *, #5565, .F. ) ;
#5948 = EDGE_CURVE ( 'NONE', #2618, #2829, #1577, .T. ) ;
#5949 = VECTOR ( 'NONE', #3225, 1000.000000000000000 ) ;
#5950 = CARTESIAN_POINT ( 'NONE',  ( 79.90579673303629704, -3.437169118445009719, -518.9999999999990905 ) ) ;
#5951 = DIRECTION ( 'NONE',  ( 0.4545194689124508192, -0.5416752277698739793, 0.7071067811865466846 ) ) ;
#5952 = LINE ( 'NONE', #4566, #3662 ) ;
#5953 = EDGE_CURVE ( 'NONE', #3237, #3478, #2560, .T. ) ;
#5954 = CARTESIAN_POINT ( 'NONE',  ( 184.3164905826809843, -0.1919656514757029087, -48.00000000000000000 ) ) ;
#5955 = ORIENTED_EDGE ( 'NONE', *, *, #4764, .F. ) ;
#5956 = EDGE_CURVE ( 'NONE', #6132, #1373, #5048, .T. ) ;
#5957 = CARTESIAN_POINT ( 'NONE',  ( 148.0602579068340106, 6.734054597800091635, -8.514975219832457753 ) ) ;
#5958 = ORIENTED_EDGE ( 'NONE', *, *, #453, .T. ) ;
#5959 = ORIENTED_EDGE ( 'NONE', *, *, #5762, .F. ) ;
#5960 = VERTEX_POINT ( 'NONE', #3985 ) ;
#5961 = B_SPLINE_CURVE_WITH_KNOTS ( 'NONE', 3,
 ( #4078, #3592, #4107, #6079, #4270, #2393, #2782 ),
 .UNSPECIFIED., .F., .F.,
 ( 4, 3, 4 ),
 ( 0.000000000000000000, 0.002559018337862928316, 0.003000000000000030854 ),
 .UNSPECIFIED. ) ;
#5962 = FACE_BOUND ( 'NONE', #6264, .T. ) ;
#5963 = ORIENTED_EDGE ( 'NONE', *, *, #4871, .F. ) ;
#5964 = CARTESIAN_POINT ( 'NONE',  ( 146.5281689998066383, 5.448479403202897586, -278.4697138208725278 ) ) ;
#5965 = FACE_OUTER_BOUND ( 'NONE', #1403, .T. ) ;
#5966 = DIRECTION ( 'NONE',  ( 0.9993263269200404197, 0.03670003166892941981, 0.000000000000000000 ) ) ;
#5967 = CARTESIAN_POINT ( 'NONE',  ( 152.0777421034210590, -1.165244497598711515, -108.6989397439838712 ) ) ;
#5968 = CARTESIAN_POINT ( 'NONE',  ( 153.6098310104484597, 0.1203306969984885288, -29.90350210597731717 ) ) ;
#5969 = VERTEX_POINT ( 'NONE', #4436 ) ;
#5970 = CARTESIAN_POINT ( 'NONE',  ( 1.005837300054642336, -2.262218202314719484, 0.000000000000000000 ) ) ;
#5971 = ORIENTED_EDGE ( 'NONE', *, *, #2976, .T. ) ;
#5972 = CARTESIAN_POINT ( 'NONE',  ( 183.1500396633298919, 0.9050725398238210762, -519.0000000000001137 ) ) ;
#5973 = DIRECTION ( 'NONE',  ( 0.7660444535136902156, 0.6427875972986035746, 0.000000000000000000 ) ) ;
#5974 = CARTESIAN_POINT ( 'NONE',  ( 184.3164905826809843, -6.647825509190094628, -105.0000000000000142 ) ) ;
#5975 = CARTESIAN_POINT ( 'NONE',  ( 146.5281689998066099, 5.448479403202883375, 9.804599309964982597E-15 ) ) ;
#5976 = CARTESIAN_POINT ( 'NONE',  ( 146.5281689998066383, 5.448479403202876270, -132.2087869762735579 ) ) ;
#5977 = CARTESIAN_POINT ( 'NONE',  ( 148.0602579068340390, 6.734054597800096964, -179.8757090794443059 ) ) ;
#5978 = EDGE_LOOP ( 'NONE', ( #5121, #5479, #320, #980, #273, #5955, #336, #3208 ) ) ;
#5979 = VECTOR ( 'NONE', #4696, 1000.000000000000000 ) ;
#5980 = ADVANCED_FACE ( 'NONE', ( #4565 ), #5470, .F. ) ;
#5981 = CARTESIAN_POINT ( 'NONE',  ( 7.203233957126763620, -4.529312457451410978, 0.000000000000000000 ) ) ;
#5982 = CARTESIAN_POINT ( 'NONE',  ( 184.3164905826809843, -0.1919649553590160596, -221.0000000000000000 ) ) ;
#5983 = FACE_BOUND ( 'NONE', #3700, .T. ) ;
#5984 = ADVANCED_FACE ( 'NONE', ( #3034 ), #3563, .T. ) ;
#5985 = DIRECTION ( 'NONE',  ( -0.6427875972986035746, 0.7660444535136902156, -6.018531076210112041E-33 ) ) ;
#5986 = EDGE_LOOP ( 'NONE', ( #2859, #2133, #3679, #2114, #1309 ) ) ;
#5987 = CARTESIAN_POINT ( 'NONE',  ( 154.7820050345175105, -1.276611953209101147, -103.0000000000000142 ) ) ;
#5988 = ORIENTED_EDGE ( 'NONE', *, *, #3762, .T. ) ;
#5989 = AXIS2_PLACEMENT_3D ( 'NONE', #176, #1647, #4543 ) ;
#5990 = ORIENTED_EDGE ( 'NONE', *, *, #5848, .F. ) ;
#5991 = ORIENTED_EDGE ( 'NONE', *, *, #4010, .F. ) ;
#5992 = EDGE_CURVE ( 'NONE', #4603, #255, #4533, .T. ) ;
#5993 = FACE_BOUND ( 'NONE', #3119, .T. ) ;
#5994 = ORIENTED_EDGE ( 'NONE', *, *, #640, .T. ) ;
#5995 = FACE_OUTER_BOUND ( 'NONE', #3011, .T. ) ;
#5996 = VECTOR ( 'NONE', #6298, 1000.000000000000000 ) ;
#5997 = LINE ( 'NONE', #4967, #3539 ) ;
#5998 = DIRECTION ( 'NONE',  ( 0.000000000000000000, 0.000000000000000000, -1.000000000000000000 ) ) ;
#5999 = CARTESIAN_POINT ( 'NONE',  ( 183.3651120905094842, 0.8540585121335645402, -161.0000000000000853 ) ) ;
#6000 = CARTESIAN_POINT ( 'NONE',  ( 146.4980687892391700, 8.595799152147858280, -105.0000000000000142 ) ) ;
#6001 = ORIENTED_EDGE ( 'NONE', *, *, #2669, .T. ) ;
#6002 = CARTESIAN_POINT ( 'NONE',  ( -0.005861087495629316302, 0.04973143691726220755, 0.000000000000000000 ) ) ;
#6003 = VECTOR ( 'NONE', #6248, 1000.000000000000000 ) ;
#6004 = ORIENTED_EDGE ( 'NONE', *, *, #3220, .T. ) ;
#6005 = B_SPLINE_CURVE_WITH_KNOTS ( 'NONE', 3,
 ( #894, #3837, #1429, #3374, #1337, #2408, #20, #1961, #2439, #504, #4412, #3929 ),
 .UNSPECIFIED., .F., .F.,
 ( 4, 1, 1, 1, 1, 1, 1, 1, 1, 4 ),
 ( 0.0003401005223491989694, 0.001626135979539789249, 0.006360867385239755110, 0.01109559879093972162, 0.01583033019663971849, 0.02529979300803978509, 0.03003452441373971951, 0.03476925581943972332, 0.03950398722513971672, 0.04423871863083978645 ),
 .UNSPECIFIED. ) ;
#6006 = CARTESIAN_POINT ( 'NONE',  ( 152.0777421034211159, -1.165244497598704854, -242.3261105482872608 ) ) ;
#6007 = DIRECTION ( 'NONE',  ( 0.000000000000000000, 0.000000000000000000, -1.000000000000000000 ) ) ;
#6008 = DIRECTION ( 'NONE',  ( 0.6427875972986035746, -0.7660444535136902156, -1.028966569397394973E-14 ) ) ;
#6009 = CARTESIAN_POINT ( 'NONE',  ( 88.66911395920068628, 74.40221837649806957, -205.3857090794443252 ) ) ;
#6010 = DIRECTION ( 'NONE',  ( 0.4545194689124497089, -0.5416752277698725360, 0.7071067811865484609 ) ) ;
#6011 = CARTESIAN_POINT ( 'NONE',  ( 146.5281689998065815, 5.448479403202910909, -155.5974666327140596 ) ) ;
#6012 = EDGE_CURVE ( 'NONE', #1091, #5217, #1547, .T. ) ;
#6013 = ORIENTED_EDGE ( 'NONE', *, *, #1555, .F. ) ;
#6014 = VECTOR ( 'NONE', #3217, 1000.000000000000000 ) ;
#6015 = EDGE_CURVE ( 'NONE', #3890, #1021, #2530, .T. ) ;
#6016 = CARTESIAN_POINT ( 'NONE',  ( 11.65430740414862854, 9.293704109497070931, 0.000000000000000000 ) ) ;
#6017 = CARTESIAN_POINT ( 'NONE',  ( 146.5281689998066099, 5.448479403202848736, -108.6989397439838712 ) ) ;
#6018 = CARTESIAN_POINT ( 'NONE',  ( 154.3747231731879879, -0.7912323158307347226, -53.00000000000000711 ) ) ;
#6019 = CARTESIAN_POINT ( 'NONE',  ( 146.5281689998066099, 5.448479403202848736, -108.6989397439838712 ) ) ;
#6020 = EDGE_LOOP ( 'NONE', ( #1642, #5792, #4897, #5839 ) ) ;
#6021 = EDGE_LOOP ( 'NONE', ( #5791, #4258, #3789, #6285 ) ) ;
#6022 = EDGE_CURVE ( 'NONE', #3988, #4717, #5338, .T. ) ;
#6023 = EDGE_CURVE ( 'NONE', #474, #2862, #167, .T. ) ;
#6024 = ORIENTED_EDGE ( 'NONE', *, *, #4399, .T. ) ;
#6025 = ORIENTED_EDGE ( 'NONE', *, *, #4725, .T. ) ;
#6026 = PLANE ( 'NONE',  #5602 ) ;
#6027 = VERTEX_POINT ( 'NONE', #5114 ) ;
#6028 = DIRECTION ( 'NONE',  ( 0.7660444535136902156, 0.6427875972986035746, 0.000000000000000000 ) ) ;
#6029 = AXIS2_PLACEMENT_3D ( 'NONE', #1570, #1661, #3616 ) ;
#6030 = LINE ( 'NONE', #3111, #2719 ) ;
#6031 = VECTOR ( 'NONE', #1165, 999.9999999999998863 ) ;
#6032 = CARTESIAN_POINT ( 'NONE',  ( 146.5608514009248893, 8.520977746661662522, -165.4202336715860326 ) ) ;
#6033 = LINE ( 'NONE', #5031, #4978 ) ;
#6034 = CARTESIAN_POINT ( 'NONE',  ( 184.3164905826809843, 0.6287808212754242287, -286.0000000000000568 ) ) ;
#6035 = ORIENTED_EDGE ( 'NONE', *, *, #2377, .T. ) ;
#6036 = ADVANCED_FACE ( 'NONE', ( #3722 ), #2145, .T. ) ;
#6037 = CARTESIAN_POINT ( 'NONE',  ( 62.87816705955509633, 17.07634393986520394, 0.000000000000000000 ) ) ;
#6038 = ORIENTED_EDGE ( 'NONE', *, *, #3184, .T. ) ;
#6039 = ADVANCED_FACE ( 'NONE', ( #3132 ), #4659, .F. ) ;
#6040 = DIRECTION ( 'NONE',  ( -0.4545194689124502085, 0.5416752277698729801, 0.7071067811865477948 ) ) ;
#6041 = DIRECTION ( 'NONE',  ( -0.7660444535136902156, -0.6427875972986035746, -0.000000000000000000 ) ) ;
#6042 = PLANE ( 'NONE',  #669 ) ;
#6043 = DIRECTION ( 'NONE',  ( 0.000000000000000000, 0.000000000000000000, -1.000000000000000000 ) ) ;
#6044 = CARTESIAN_POINT ( 'NONE',  ( 148.0602579068340106, 6.734054597800094299, -10.63629556339205884 ) ) ;
#6045 = ADVANCED_FACE ( 'NONE', ( #1192 ), #3096, .F. ) ;
#6046 = DIRECTION ( 'NONE',  ( 0.4545194689124504306, -0.5416752277698734241, 0.7071067811865473507 ) ) ;
#6047 = ORIENTED_EDGE ( 'NONE', *, *, #3701, .F. ) ;
#6048 = EDGE_CURVE ( 'NONE', #5798, #2178, #5213, .T. ) ;
#6049 = AXIS2_PLACEMENT_3D ( 'NONE', #3937, #2416, #4908 ) ;
#6050 = CARTESIAN_POINT ( 'NONE',  ( 7.611963091472162546, 7.394528130325286774, 0.000000000000000000 ) ) ;
#6051 = LINE ( 'NONE', #2621, #2292 ) ;
#6052 = FACE_BOUND ( 'NONE', #3803, .T. ) ;
#6053 = FACE_BOUND ( 'NONE', #1341, .T. ) ;
#6054 = VERTEX_POINT ( 'NONE', #301 ) ;
#6055 = VERTEX_POINT ( 'NONE', #3167 ) ;
#6056 = EDGE_LOOP ( 'NONE', ( #3289, #1597, #1125, #3710 ) ) ;
#6057 = LINE ( 'NONE', #5575, #3350 ) ;
#6058 = ORIENTED_EDGE ( 'NONE', *, *, #2192, .F. ) ;
#6059 = DIRECTION ( 'NONE',  ( -0.4545194689124526510, 0.5416752277698759777, -0.7071067811865439090 ) ) ;
#6060 = EDGE_CURVE ( 'NONE', #171, #3498, #778, .T. ) ;
#6061 = LINE ( 'NONE', #3541, #5505 ) ;
#6062 = CARTESIAN_POINT ( 'NONE',  ( 152.0777421034210306, -1.165244497598732609, -21.26989883339205889 ) ) ;
#6063 = CARTESIAN_POINT ( 'NONE',  ( 184.3164905826809559, -0.1919652336778567558, -160.1469938873790397 ) ) ;
#6064 = DIRECTION ( 'NONE',  ( 0.7660444535136902156, 0.6427875972986035746, 0.000000000000000000 ) ) ;
#6065 = CARTESIAN_POINT ( 'NONE',  ( 88.66911395920065786, 74.40221837649808379, -34.02482244953687740 ) ) ;
#6066 = VERTEX_POINT ( 'NONE', #233 ) ;
#6067 = CARTESIAN_POINT ( 'NONE',  ( 5.288723860066889770, 5.960515702776803870, 0.000000000000000000 ) ) ;
#6068 = EDGE_LOOP ( 'NONE', ( #4668, #4051, #207, #949 ) ) ;
#6069 = ORIENTED_EDGE ( 'NONE', *, *, #5927, .T. ) ;
#6070 = LINE ( 'NONE', #4038, #2206 ) ;
#6071 = LINE ( 'NONE', #2613, #1329 ) ;
#6072 = DIRECTION ( 'NONE',  ( 0.000000000000000000, 0.7938448021158682755, 0.6081204076115337420 ) ) ;
#6073 = EDGE_CURVE ( 'NONE', #5618, #2659, #287, .T. ) ;
#6074 = CARTESIAN_POINT ( 'NONE',  ( 184.3164905826809843, 0.3083721082516452938, -221.0000000000000000 ) ) ;
#6075 = LINE ( 'NONE', #1663, #4901 ) ;
#6076 = EDGE_LOOP ( 'NONE', ( #827, #4208, #4831, #1495 ) ) ;
#6077 = ADVANCED_FACE ( 'NONE', ( #3657 ), #744, .T. ) ;
#6078 = CARTESIAN_POINT ( 'NONE',  ( 123.9195029661540985, 10.36153792711955290, -518.9999999999998863 ) ) ;
#6079 = CARTESIAN_POINT ( 'NONE',  ( 184.3164905826810127, -0.1919649755044014749, -221.4409816621370908 ) ) ;
#6080 = CARTESIAN_POINT ( 'NONE',  ( 152.0777421034210590, -1.165244497598739493, -169.1207854632994270 ) ) ;
#6081 = VECTOR ( 'NONE', #5214, 1000.000000000000000 ) ;
#6082 = LINE ( 'NONE', #1732, #6031 ) ;
#6083 = ORIENTED_EDGE ( 'NONE', *, *, #254, .F. ) ;
#6084 = ORIENTED_EDGE ( 'NONE', *, *, #3638, .T. ) ;
#6085 = ORIENTED_EDGE ( 'NONE', *, *, #5150, .F. ) ;
#6086 = DIRECTION ( 'NONE',  ( -0.4545194689124518739, 0.5416752277698750895, -0.7071067811865451302 ) ) ;
#6087 = ORIENTED_EDGE ( 'NONE', *, *, #57, .T. ) ;
#6088 = CARTESIAN_POINT ( 'NONE',  ( 146.6279675797218545, 8.440991796832367555, -224.0000000000000000 ) ) ;
#6089 = CARTESIAN_POINT ( 'NONE',  ( 115.5426461021848752, -2.717561068674976266, -518.9999999999994316 ) ) ;
#6090 = FACE_OUTER_BOUND ( 'NONE', #1643, .T. ) ;
#6091 = DIRECTION ( 'NONE',  ( 0.7660444535136902156, 0.6427875972986035746, 0.000000000000000000 ) ) ;
#6092 = EDGE_CURVE ( 'NONE', #3401, #3842, #6051, .T. ) ;
#6093 = LINE ( 'NONE', #1743, #5309 ) ;
#6094 = LINE ( 'NONE', #730, #4147 ) ;
#6095 = VERTEX_POINT ( 'NONE', #2722 ) ;
#6096 = CARTESIAN_POINT ( 'NONE',  ( 77.51409341625841876, 6.170096182196631140, -519.0000000000007958 ) ) ;
#6097 = EDGE_CURVE ( 'NONE', #1584, #542, #4695, .T. ) ;
#6098 = ORIENTED_EDGE ( 'NONE', *, *, #3781, .F. ) ;
#6099 = ORIENTED_EDGE ( 'NONE', *, *, #5369, .F. ) ;
#6100 = EDGE_CURVE ( 'NONE', #1833, #2829, #5961, .T. ) ;
#6101 = EDGE_CURVE ( 'NONE', #3023, #3392, #1914, .T. ) ;
#6102 = PLANE ( 'NONE',  #3467 ) ;
#6103 = DIRECTION ( 'NONE',  ( 0.7660444535136902156, 0.6427875972986035746, 0.000000000000000000 ) ) ;
#6104 = FACE_OUTER_BOUND ( 'NONE', #6056, .T. ) ;
#6105 = PRESENTATION_STYLE_ASSIGNMENT (( #5592 ) ) ;
#6106 = ADVANCED_FACE ( 'NONE', ( #913 ), #2871, .F. ) ;
#6107 = VECTOR ( 'NONE', #586, 1000.000000000000000 ) ;
#6108 = FACE_OUTER_BOUND ( 'NONE', #3102, .T. ) ;
#6109 = CARTESIAN_POINT ( 'NONE',  ( 90.20120286622807271, 75.68779357109528405, -257.0811869321423728 ) ) ;
#6110 = LINE ( 'NONE', #1694, #4434 ) ;
#6111 = VECTOR ( 'NONE', #6336, 1000.000000000000000 ) ;
#6112 = CARTESIAN_POINT ( 'NONE',  ( 86.51908653292211682, 8.773934304905397497, -518.9999999999998863 ) ) ;
#6113 = CARTESIAN_POINT ( 'NONE',  ( 146.4593306789417966, 8.641965435781267857, -64.73497514060463232 ) ) ;
#6114 = LINE ( 'NONE', #1254, #1987 ) ;
#6115 = EDGE_CURVE ( 'NONE', #608, #3645, #5271, .T. ) ;
#6116 = EDGE_CURVE ( 'NONE', #1112, #5406, #4756, .T. ) ;
#6117 = CARTESIAN_POINT ( 'NONE',  ( 184.3164905826809843, 0.3083721082516449608, -226.0000000000000000 ) ) ;
#6118 = VECTOR ( 'NONE', #5328, 1000.000000000000000 ) ;
#6119 = ORIENTED_EDGE ( 'NONE', *, *, #2854, .T. ) ;
#6120 = ORIENTED_EDGE ( 'NONE', *, *, #3753, .T. ) ;
#6121 = VECTOR ( 'NONE', #5039, 1000.000000000000000 ) ;
#6122 = CARTESIAN_POINT ( 'NONE',  ( 146.5281689998066383, 5.448479403202890481, -192.6306326955890995 ) ) ;
#6123 = ORIENTED_EDGE ( 'NONE', *, *, #3654, .F. ) ;
#6124 = VECTOR ( 'NONE', #937, 1000.000000000000000 ) ;
#6125 = CARTESIAN_POINT ( 'NONE',  ( 159.4079465372559810, -9.901042252968530022, -110.0500894468779762 ) ) ;
#6126 = CARTESIAN_POINT ( 'NONE',  ( 91.25609223061394459, -3.609783266169426241, 0.000000000000000000 ) ) ;
#6127 = EDGE_CURVE ( 'NONE', #3315, #80, #5362, .T. ) ;
#6128 = FACE_OUTER_BOUND ( 'NONE', #1180, .T. ) ;
#6129 = CARTESIAN_POINT ( 'NONE',  ( 90.20120286622805850, 75.68779357109526984, -89.98640020981726195 ) ) ;
#6130 = PLANE ( 'NONE',  #5624 ) ;
#6131 = DIRECTION ( 'NONE',  ( 0.7660444535136902156, 0.6427875972986034636, 0.000000000000000000 ) ) ;
#6132 = VERTEX_POINT ( 'NONE', #1384 ) ;
#6133 = CARTESIAN_POINT ( 'NONE',  ( 88.35940421778548171, 9.141411710763852838, -519.0000000000001137 ) ) ;
#6134 = EDGE_LOOP ( 'NONE', ( #803, #1583, #2473, #4594 ) ) ;
#6135 = VERTEX_POINT ( 'NONE', #5849 ) ;
#6136 = AXIS2_PLACEMENT_3D ( 'NONE', #3135, #3626, #3234 ) ;
#6137 = CARTESIAN_POINT ( 'NONE',  ( 55.04551400535657990, 114.4732657334371595, -52.30903660112844733 ) ) ;
#6138 = CARTESIAN_POINT ( 'NONE',  ( 165.6282183919842623, -0.3779505854770446316, -50.00000000000000000 ) ) ;
#6139 = DIRECTION ( 'NONE',  ( 0.4545194689124509857, -0.5416752277698740903, -0.7071067811865465735 ) ) ;
#6140 = VECTOR ( 'NONE', #2151, 1000.000000000000000 ) ;
#6141 = DIRECTION ( 'NONE',  ( 0.000000000000000000, 0.000000000000000000, 1.000000000000000000 ) ) ;
#6142 = DIRECTION ( 'NONE',  ( 0.000000000000000000, 1.000000000000000000, 0.000000000000000000 ) ) ;
#6143 = VECTOR ( 'NONE', #1984, 1000.000000000000114 ) ;
#6144 = ORIENTED_EDGE ( 'NONE', *, *, #129, .T. ) ;
#6145 = EDGE_CURVE ( 'NONE', #3966, #1265, #4363, .T. ) ;
#6146 = CARTESIAN_POINT ( 'NONE',  ( 98.57177095988701865, 15.57764301922061101, 0.000000000000000000 ) ) ;
#6147 = CARTESIAN_POINT ( 'NONE',  ( 146.4386916254757125, 8.666562102704993720, -42.02896310781769529 ) ) ;
#6148 = CARTESIAN_POINT ( 'NONE',  ( 153.6098310104485165, 0.1203306969985024066, -121.4538633601287501 ) ) ;
#6149 = CARTESIAN_POINT ( 'NONE',  ( 184.3164905826809559, 0.6290909023608159956, -107.5590183378608344 ) ) ;
#6150 = ORIENTED_EDGE ( 'NONE', *, *, #3731, .F. ) ;
#6151 = ORIENTED_EDGE ( 'NONE', *, *, #6127, .F. ) ;
#6152 = ORIENTED_EDGE ( 'NONE', *, *, #2085, .T. ) ;
#6153 = EDGE_CURVE ( 'NONE', #1990, #2082, #3479, .T. ) ;
#6154 = LINE ( 'NONE', #3697, #6140 ) ;
#6155 = ORIENTED_EDGE ( 'NONE', *, *, #3258, .F. ) ;
#6156 = LINE ( 'NONE', #891, #1866 ) ;
#6157 = ORIENTED_EDGE ( 'NONE', *, *, #1960, .T. ) ;
#6158 = CARTESIAN_POINT ( 'NONE',  ( 138.8780421716078877, -1.860682216793458688, 0.000000000000000000 ) ) ;
#6159 = CARTESIAN_POINT ( 'NONE',  ( 146.5281689998066099, 5.448479403202883375, 9.804599309964982597E-15 ) ) ;
#6160 = LINE ( 'NONE', #2672, #3849 ) ;
#6161 = PLANE ( 'NONE',  #3878 ) ;
#6162 = CARTESIAN_POINT ( 'NONE',  ( 141.0957923219085330, 11.92253403803084488, -81.56143428830338848 ) ) ;
#6164 = ORIENTED_EDGE ( 'NONE', *, *, #5314, .F. ) ;
#6163 = DIRECTION ( 'NONE',  ( -0.7660444535136902156, -0.6427875972986035746, -0.000000000000000000 ) ) ;
#6165 = CARTESIAN_POINT ( 'NONE',  ( 104.4998822574198556, 14.99257463012786573, 0.000000000000000000 ) ) ;
#6166 = ORIENTED_EDGE ( 'NONE', *, *, #4929, .F. ) ;
#6167 = ORIENTED_EDGE ( 'NONE', *, *, #677, .F. ) ;
#6168 = DIRECTION ( 'NONE',  ( 0.7660444535136902156, 0.6427875972986035746, 0.000000000000000000 ) ) ;
#6169 = CARTESIAN_POINT ( 'NONE',  ( 152.0777421034210306, -1.165244497598732609, -77.23147659367238305 ) ) ;
#6170 = DIRECTION ( 'NONE',  ( 0.6427875972986036857, -0.7660444535136901045, 6.429662040127087133E-15 ) ) ;
#6171 = CARTESIAN_POINT ( 'NONE',  ( 146.5281689998066383, 5.448479403202918014, -252.9597138208725653 ) ) ;
#6172 = DIRECTION ( 'NONE',  ( 0.000000000000000000, 0.000000000000000000, -1.000000000000000000 ) ) ;
#6173 = ORIENTED_EDGE ( 'NONE', *, *, #189, .T. ) ;
#6174 = DIRECTION ( 'NONE',  ( -0.4545194689124502085, 0.5416752277698729801, 0.7071067811865477948 ) ) ;
#6175 = DIRECTION ( 'NONE',  ( -6.378601426329706152E-17, -5.352281928482944175E-17, 1.000000000000000000 ) ) ;
#6176 = CARTESIAN_POINT ( 'NONE',  ( 146.4038160459663231, 8.708125201244095948, -2.000000000000000000 ) ) ;
#6177 = EDGE_CURVE ( 'NONE', #5763, #4507, #4849, .T. ) ;
#6178 = VERTEX_POINT ( 'NONE', #6337 ) ;
#6179 = EDGE_CURVE ( 'NONE', #1994, #5119, #1822, .T. ) ;
#6180 = VERTEX_POINT ( 'NONE', #4726 ) ;
#6181 = ORIENTED_EDGE ( 'NONE', *, *, #95, .F. ) ;
#6182 = ADVANCED_FACE ( 'NONE', ( #365 ), #2816, .T. ) ;
#6183 = VECTOR ( 'NONE', #1946, 1000.000000000000000 ) ;
#6184 = CARTESIAN_POINT ( 'NONE',  ( 92.77692384176870632, 69.50672103047794792, 6.390617833685062976 ) ) ;
#6185 = ORIENTED_EDGE ( 'NONE', *, *, #2330, .F. ) ;
#6186 = CARTESIAN_POINT ( 'NONE',  ( 148.0602579068340390, 6.734054597800049002, -255.0810341644320545 ) ) ;
#6187 = EDGE_LOOP ( 'NONE', ( #2181, #175, #4081, #2950, #1928, #1544, #2853, #2981, #4510 ) ) ;
#6188 = ADVANCED_FACE ( 'NONE', ( #4793, #3361, #5303, #4306, #3326, #2843, #4823, #429, #331 ), #2362, .T. ) ;
#6189 = CARTESIAN_POINT ( 'NONE',  ( 153.0476050576092746, -1.340307752904323246, -519.0000000000001137 ) ) ;
#6190 = LINE ( 'NONE', #1271, #277 ) ;
#6191 = FACE_OUTER_BOUND ( 'NONE', #4581, .T. ) ;
#6192 = CARTESIAN_POINT ( 'NONE',  ( 152.0777421034210306, -1.165244497598690865, -149.0851837036883296 ) ) ;
#6193 = DIRECTION ( 'NONE',  ( -6.378601426329706152E-17, -5.352281928482944175E-17, 1.000000000000000000 ) ) ;
#6195 = ORIENTED_EDGE ( 'NONE', *, *, #956, .T. ) ;
#6194 = CARTESIAN_POINT ( 'NONE',  ( 158.9777928515967460, 6.166322692924642190, -226.0000000000000284 ) ) ;
#6196 = CARTESIAN_POINT ( 'NONE',  ( 186.5000000000000000, 0.1117699999999999944, 0.000000000000000000 ) ) ;
#6197 = ORIENTED_EDGE ( 'NONE', *, *, #4364, .F. ) ;
#6198 = ORIENTED_EDGE ( 'NONE', *, *, #3500, .T. ) ;
#6199 = VECTOR ( 'NONE', #2792, 1000.000000000000000 ) ;
#6200 = PLANE ( 'NONE',  #103 ) ;
#6201 = LINE ( 'NONE', #1783, #1826 ) ;
#6202 = DIRECTION ( 'NONE',  ( 0.000000000000000000, -1.000000000000000000, 1.048297769837185521E-48 ) ) ;
#6203 = EDGE_CURVE ( 'NONE', #3272, #6135, #1416, .T. ) ;
#6204 = CARTESIAN_POINT ( 'NONE',  ( 148.0602579068339821, 6.734054597800100517, -42.65842572212225292 ) ) ;
#6205 = CARTESIAN_POINT ( 'NONE',  ( 153.0476050576092746, -1.340307752904323246, -519.0000000000001137 ) ) ;
#6206 = ORIENTED_EDGE ( 'NONE', *, *, #6220, .F. ) ;
#6207 = VECTOR ( 'NONE', #1409, 1000.000000000000000 ) ;
#6208 = VECTOR ( 'NONE', #2534, 1000.000000000000000 ) ;
#6209 = DIRECTION ( 'NONE',  ( 1.000000000000000000, 0.000000000000000000, 0.000000000000000000 ) ) ;
#6210 = DIRECTION ( 'NONE',  ( -6.378601426329706152E-17, -5.352281928482944175E-17, 1.000000000000000000 ) ) ;
#6211 = EDGE_CURVE ( 'NONE', #3596, #4058, #2424, .T. ) ;
#6212 = CARTESIAN_POINT ( 'NONE',  ( 184.3164905826810127, -0.1919650202439795450, -211.2049083106854255 ) ) ;
#6213 = EDGE_LOOP ( 'NONE', ( #856, #5699, #1314 ) ) ;
#6214 = VECTOR ( 'NONE', #6091, 1000.000000000000000 ) ;
#6215 = ORIENTED_EDGE ( 'NONE', *, *, #5239, .T. ) ;
#6216 = ADVANCED_FACE ( 'NONE', ( #2900 ), #3949, .T. ) ;
#6217 = DIRECTION ( 'NONE',  ( -6.378601426329706152E-17, -5.352281928482944175E-17, 1.000000000000000000 ) ) ;
#6218 = VERTEX_POINT ( 'NONE', #518 ) ;
#6219 = DIRECTION ( 'NONE',  ( 0.6427875972985983566, -0.7660444535136945454, 0.000000000000000000 ) ) ;
#6220 = EDGE_CURVE ( 'NONE', #1501, #3023, #35, .T. ) ;
#6221 = ORIENTED_EDGE ( 'NONE', *, *, #6101, .F. ) ;
#6222 = CARTESIAN_POINT ( 'NONE',  ( 31.72391033243065905, -5.631735114701944767, 0.000000000000000000 ) ) ;
#6223 = FACE_OUTER_BOUND ( 'NONE', #3349, .T. ) ;
#6224 = CARTESIAN_POINT ( 'NONE',  ( 90.20120286622807271, 75.68779357109528405, -267.8361105482872517 ) ) ;
#6225 = CARTESIAN_POINT ( 'NONE',  ( 154.7820052418864805, -1.276612200341903369, -229.0000000000000000 ) ) ;
#6226 = FACE_OUTER_BOUND ( 'NONE', #71, .T. ) ;
#6228 = ORIENTED_EDGE ( 'NONE', *, *, #3384, .F. ) ;
#6227 = DIRECTION ( 'NONE',  ( -0.9993263269200406418, -0.03670003166892618629, 0.000000000000000000 ) ) ;
#6229 = CARTESIAN_POINT ( 'NONE',  ( 184.3164905826809843, -0.1919656341984585235, -52.99999999999999289 ) ) ;
#6230 = ADVANCED_FACE ( 'NONE', ( #2010 ), #5529, .F. ) ;
#6231 = EDGE_LOOP ( 'NONE', ( #4493, #3279, #2380, #6279 ) ) ;
#6232 = VERTEX_POINT ( 'NONE', #3979 ) ;
#6233 = CARTESIAN_POINT ( 'NONE',  ( 154.7820052549080856, -1.276612215860443378, -232.2650305631048866 ) ) ;
#6234 = CARTESIAN_POINT ( 'NONE',  ( 155.9318076131123405, -1.234385674938330402, -285.9999999999998295 ) ) ;
#6235 = DIRECTION ( 'NONE',  ( 0.7660444535136902156, 0.6427875972986035746, 0.000000000000000000 ) ) ;
#6236 = ADVANCED_FACE ( 'NONE', ( #1571 ), #2453, .F. ) ;
#6237 = CARTESIAN_POINT ( 'NONE',  ( 184.3164905826809843, -0.1919656376633245842, -50.00000000000000000 ) ) ;
#6238 = EDGE_CURVE ( 'NONE', #5119, #3031, #4394, .T. ) ;
#6239 = CARTESIAN_POINT ( 'NONE',  ( 121.0198118588054683, -2.516610127583926992, 0.000000000000000000 ) ) ;
#6240 = ORIENTED_EDGE ( 'NONE', *, *, #2549, .T. ) ;
#6241 = VECTOR ( 'NONE', #1515, 1000.000000000000000 ) ;
#6242 = B_SPLINE_CURVE_WITH_KNOTS ( 'NONE', 3,
 ( #5783, #424, #4326, #934, #452, #541, #4519, #4549, #5936, #3051, #6034 ),
 .UNSPECIFIED., .F., .F.,
 ( 4, 1, 1, 1, 1, 1, 1, 1, 4 ),
 ( 0.003494752216372572912, 0.006371669153322385981, 0.01111482838836776350, 0.01585798762341317225, 0.02534430609350406260, 0.03008746532854940717, 0.03483062456359481418, 0.03957378379864022466, 0.04190158962293265288 ),
 .UNSPECIFIED. ) ;
#6243 = AXIS2_PLACEMENT_3D ( 'NONE', #5011, #4943, #2553 ) ;
#6244 = VECTOR ( 'NONE', #2849, 1000.000000000000114 ) ;
#6245 = PLANE ( 'NONE',  #2510 ) ;
#6246 = EDGE_CURVE ( 'NONE', #4322, #5492, #4498, .T. ) ;
#6247 = VECTOR ( 'NONE', #6227, 1000.000000000000114 ) ;
#6248 = DIRECTION ( 'NONE',  ( -0.4545194689124502085, 0.5416752277698729801, 0.7071067811865477948 ) ) ;
#6249 = CARTESIAN_POINT ( 'NONE',  ( 184.3164905826810127, 0.6291569725744867725, -50.00000000000000000 ) ) ;
#6250 = DIRECTION ( 'NONE',  ( 0.6427875972986036857, -0.7660444535136901045, 0.000000000000000000 ) ) ;
#6251 = EDGE_LOOP ( 'NONE', ( #4539, #6311, #3231, #3136 ) ) ;
#6252 = ORIENTED_EDGE ( 'NONE', *, *, #3625, .T. ) ;
#6253 = DIRECTION ( 'NONE',  ( -6.378601426329706152E-17, -5.352281928482944175E-17, 1.000000000000000000 ) ) ;
#6254 = ORIENTED_EDGE ( 'NONE', *, *, #5037, .T. ) ;
#6255 = CARTESIAN_POINT ( 'NONE',  ( 152.0777421034211159, -1.165244497598704854, -205.3857090794443252 ) ) ;
#6256 = ORIENTED_EDGE ( 'NONE', *, *, #2238, .F. ) ;
#6257 = LINE ( 'NONE', #4346, #3647 ) ;
#6258 = DIRECTION ( 'NONE',  ( 0.000000000000000000, -0.7938448021158678314, -0.6081204076115344082 ) ) ;
#6259 = AXIS2_PLACEMENT_3D ( 'NONE', #5721, #1843, #2775 ) ;
#6260 = DIRECTION ( 'NONE',  ( 0.6427875972986036857, -0.7660444535136901045, 1.368455531567204475E-48 ) ) ;
#6262 = ORIENTED_EDGE ( 'NONE', *, *, #2794, .F. ) ;
#6261 = CARTESIAN_POINT ( 'NONE',  ( 90.20120286622912431, 75.68779357109401928, -255.0810341644326229 ) ) ;
#6263 = CARTESIAN_POINT ( 'NONE',  ( 169.0856202977918485, 4.121625089013121190, 0.000000000000000000 ) ) ;
#6264 = EDGE_LOOP ( 'NONE', ( #6157, #1149, #3256 ) ) ;
#6265 = VECTOR ( 'NONE', #356, 1000.000000000000000 ) ;
#6266 = VERTEX_POINT ( 'NONE', #5429 ) ;
#6267 = LINE ( 'NONE', #2889, #992 ) ;
#6268 = DIRECTION ( 'NONE',  ( 0.6427875972986036857, -0.7660444535136901045, 0.000000000000000000 ) ) ;
#6269 = LINE ( 'NONE', #1844, #2892 ) ;
#6270 = DIRECTION ( 'NONE',  ( 0.7660444535136902156, 0.6427875972986035746, 0.000000000000000000 ) ) ;
#6271 = CARTESIAN_POINT ( 'NONE',  ( 97.20881913628568327, -3.390685539450145836, 0.000000000000000000 ) ) ;
#6272 = EDGE_CURVE ( 'NONE', #4538, #231, #1475, .T. ) ;
#6273 = CARTESIAN_POINT ( 'NONE',  ( 146.5281689998066952, 5.448479403202796334, -259.2025072757019757 ) ) ;
#6274 = DIRECTION ( 'NONE',  ( 0.000000000000000000, 0.000000000000000000, -1.000000000000000000 ) ) ;
#6275 = CARTESIAN_POINT ( 'NONE',  ( 110.0808486931847625, 48.88470574556389181, 33.31074654204535079 ) ) ;
#6276 = DIRECTION ( 'NONE',  ( 0.03670000350780838749, -0.9993263279542508037, 0.000000000000000000 ) ) ;
#6277 = CARTESIAN_POINT ( 'NONE',  ( 149.2944990215204655, 2.151695553252720217, -94.31635787172228902 ) ) ;
#6278 = B_SPLINE_CURVE_WITH_KNOTS ( 'NONE', 3,
 ( #4172, #3202, #4661, #6149, #1759, #2724, #1700, #2270, #3169, #3098 ),
 .UNSPECIFIED., .F., .F.,
 ( 4, 3, 3, 4 ),
 ( 0.000000000000000000, 0.002559018337862934821, 0.01279509168931460862, 0.05600000000005547762 ),
 .UNSPECIFIED. ) ;
#6279 = ORIENTED_EDGE ( 'NONE', *, *, #5236, .T. ) ;
#6280 = ADVANCED_FACE ( 'NONE', ( #99 ), #1945, .T. ) ;
#6281 = EDGE_LOOP ( 'NONE', ( #3394, #5821, #3276 ) ) ;
#6282 = CARTESIAN_POINT ( 'NONE',  ( 154.7820052482145741, -1.276612207883409233, -229.0000000000000284 ) ) ;
#6283 = ORIENTED_EDGE ( 'NONE', *, *, #254, .T. ) ;
#6284 = LINE ( 'NONE', #857, #2583 ) ;
#6285 = ORIENTED_EDGE ( 'NONE', *, *, #1046, .T. ) ;
#6286 = CARTESIAN_POINT ( 'NONE',  ( 154.7636552260520091, -0.7769490368818829928, -221.0000000000000000 ) ) ;
#6287 = FACE_OUTER_BOUND ( 'NONE', #5134, .T. ) ;
#6288 = CARTESIAN_POINT ( 'NONE',  ( 148.0602579068340106, 6.734054597800094299, -146.9638633601287552 ) ) ;
#6289 = ORIENTED_EDGE ( 'NONE', *, *, #426, .F. ) ;
#6290 = CARTESIAN_POINT ( 'NONE',  ( 86.69350627748987392, 16.49372675104632435, 0.000000000000000000 ) ) ;
#6291 = VECTOR ( 'NONE', #6175, 1000.000000000000000 ) ;
#6292 = ORIENTED_EDGE ( 'NONE', *, *, #386, .F. ) ;
#6293 = VERTEX_POINT ( 'NONE', #5013 ) ;
#6294 = VECTOR ( 'NONE', #3451, 1000.000000000000000 ) ;
#6295 = EDGE_CURVE ( 'NONE', #4927, #2300, #1033, .T. ) ;
#6296 = FACE_OUTER_BOUND ( 'NONE', #4125, .T. ) ;
#6297 = CARTESIAN_POINT ( 'NONE',  ( 184.3164905826809559, 0.6290111661823256650, -163.8530061126199655 ) ) ;
#6298 = DIRECTION ( 'NONE',  ( 0.000000000000000000, 1.000000000000000000, 0.000000000000000000 ) ) ;
#6299 = ADVANCED_FACE ( 'NONE', ( #2931 ), #2961, .T. ) ;
#6300 = PLANE ( 'NONE',  #2267 ) ;
#6301 = CARTESIAN_POINT ( 'NONE',  ( 187.3164905826809843, -0.08178092353511093315, -519.0000000000000000 ) ) ;
#6302 = ADVANCED_FACE ( 'NONE', ( #3422 ), #4944, .T. ) ;
#6303 = VECTOR ( 'NONE', #6059, 1000.000000000000114 ) ;
#6304 = EDGE_CURVE ( 'NONE', #1891, #1841, #2490, .T. ) ;
#6305 = FACE_OUTER_BOUND ( 'NONE', #1059, .T. ) ;
#6306 = DIRECTION ( 'NONE',  ( 0.000000000000000000, 0.000000000000000000, -1.000000000000000000 ) ) ;
#6307 = CARTESIAN_POINT ( 'NONE',  ( 141.7227456530524137, 14.28680784239818458, -161.0000000000000000 ) ) ;
#6308 = DIRECTION ( 'NONE',  ( -0.6427875972986035746, 0.7660444535136902156, -6.018531076210112041E-33 ) ) ;
#6309 = DIRECTION ( 'NONE',  ( 1.000000000000000000, 0.000000000000000000, 0.000000000000000000 ) ) ;
#6310 = ORIENTED_EDGE ( 'NONE', *, *, #63, .T. ) ;
#6311 = ORIENTED_EDGE ( 'NONE', *, *, #3220, .F. ) ;
#6312 = VECTOR ( 'NONE', #2879, 1000.000000000000227 ) ;
#6313 = DIRECTION ( 'NONE',  ( 0.000000000000000000, 0.000000000000000000, -1.000000000000000000 ) ) ;
#6314 = ORIENTED_EDGE ( 'NONE', *, *, #5515, .F. ) ;
#6315 = LINE ( 'NONE', #1892, #3521 ) ;
#6316 = MANIFOLD_SOLID_BREP ( '<ΩÛ“Ì>-<ÕπÃ®-¿≠…Ï5>', #853 ) ;
#6317 = EDGE_LOOP ( 'NONE', ( #2957, #4583, #897, #5283 ) ) ;
#6318 = VECTOR ( 'NONE', #3179, 999.9999999999998863 ) ;
#6319 = CARTESIAN_POINT ( 'NONE',  ( 184.3164905826809843, -0.1919648663940946298, -245.9087127068144980 ) ) ;
#6320 = DIRECTION ( 'NONE',  ( 0.000000000000000000, -0.7938448021158680534, -0.6081204076115339641 ) ) ;
#6321 = CARTESIAN_POINT ( 'NONE',  ( 146.5281689998066952, 5.448479403202862947, -280.5910341644320170 ) ) ;
#6322 = ORIENTED_EDGE ( 'NONE', *, *, #5151, .T. ) ;
#6323 = CARTESIAN_POINT ( 'NONE',  ( 0.000000000000000000, 0.000000000000000000, -108.0000000000000142 ) ) ;
#6324 = ORIENTED_EDGE ( 'NONE', *, *, #1354, .T. ) ;
#6325 = AXIS2_PLACEMENT_3D ( 'NONE', #3293, #2418, #5267 ) ;
#6326 = ORIENTED_EDGE ( 'NONE', *, *, #3812, .F. ) ;
#6327 = EDGE_CURVE ( 'NONE', #1265, #3478, #1063, .T. ) ;
#6328 = CARTESIAN_POINT ( 'NONE',  ( 153.6098310104484597, 0.1203306969984920954, -66.59787332367238832 ) ) ;
#6329 = CARTESIAN_POINT ( 'NONE',  ( 187.7076880613011269, -43.62736199136107729, -154.0766724783158281 ) ) ;
#6330 = LINE ( 'NONE', #2838, #970 ) ;
#6331 = VECTOR ( 'NONE', #4061, 1000.000000000000000 ) ;
#6332 = PLANE ( 'NONE',  #3077 ) ;
#6333 = CARTESIAN_POINT ( 'NONE',  ( 145.5466160636523796, -1.615832032559972653, -519.0000000000001137 ) ) ;
#6334 = VECTOR ( 'NONE', #846, 1000.000000000000000 ) ;
#6335 = LINE ( 'NONE', #1356, #5509 ) ;
#6336 = DIRECTION ( 'NONE',  ( 6.378601426329706152E-17, 5.352281928482944175E-17, -1.000000000000000000 ) ) ;
#6337 = CARTESIAN_POINT ( 'NONE',  ( 184.3164905826809559, 0.6290124806728307760, -163.0000000000000000 ) ) ;
#6338 = DIRECTION ( 'NONE',  ( 0.4545194689124505971, -0.5416752277698739793, -0.7071067811865470176 ) ) ;
#6339 = CARTESIAN_POINT ( 'NONE',  ( 181.0818704536822565, -0.3107629156115888081, -2.000000000000024869 ) ) ;
#6340 = EDGE_LOOP ( 'NONE', ( #1517, #5045, #4180, #5005 ) ) ;
#6341 = ADVANCED_FACE ( 'NONE', ( #5625 ), #3193, .F. ) ;
#6342 = ORIENTED_EDGE ( 'NONE', *, *, #4889, .T. ) ;
#6343 = VECTOR ( 'NONE', #2142, 1000.000000000000000 ) ;
#6344 = CARTESIAN_POINT ( 'NONE',  ( 69.52743368925803225, 0.6651765536073307450, -518.9999999999998863 ) ) ;
#6345 = CARTESIAN_POINT ( 'NONE',  ( 94.30901274879609275, 70.79229622507516240, 6.390617833685062976 ) ) ;
#6346 = VECTOR ( 'NONE', #919, 1000.000000000000000 ) ;
#6347 = DIRECTION ( 'NONE',  ( 0.6427875972986035746, -0.7660444535136902156, 6.018531076210112041E-33 ) ) ;
#6348 = ORIENTED_EDGE ( 'NONE', *, *, #4878, .F. ) ;
#6349 = CARTESIAN_POINT ( 'NONE',  ( 184.3164905826809843, -0.1919654473031343067, -103.0000000000000142 ) ) ;
#6350 = ORIENTED_EDGE ( 'NONE', *, *, #119, .T. ) ;
#6351 = ORIENTED_EDGE ( 'NONE', *, *, #342, .F. ) ;
#6352 = EDGE_CURVE ( 'NONE', #432, #4665, #1220, .T. ) ;
#6353 = DIRECTION ( 'NONE',  ( -0.7660444535136902156, -0.6427875972986035746, -0.000000000000000000 ) ) ;
#6354 = FACE_OUTER_BOUND ( 'NONE', #6134, .T. ) ;
#6355 = VERTEX_POINT ( 'NONE', #5138 ) ;
#6356 = CARTESIAN_POINT ( 'NONE',  ( 152.0777421034210874, -1.165244497598656226, -132.2087869762735579 ) ) ;
#6357 = ORIENTED_EDGE ( 'NONE', *, *, #3459, .T. ) ;
#6358 = CARTESIAN_POINT ( 'NONE',  ( 163.2287476685712022, 5.357308547528043086, -103.0000000000000000 ) ) ;
#6359 = CARTESIAN_POINT ( 'NONE',  ( 148.0602579068340390, 6.734054597800096964, -144.9638633601287552 ) ) ;
#6360 = CARTESIAN_POINT ( 'NONE',  ( 153.6098310104484597, 0.1203306969984885288, 9.804599309964982597E-15 ) ) ;
#6361 = CARTESIAN_POINT ( 'NONE',  ( 151.5083671319164011, 2.624757906195304802, -95.37701804350224677 ) ) ;
ENDSEC;
END-ISO-10303-21;
