ISO-10303-21;
HEADER;
FILE_DESCRIPTION (( 'STEP AP214' ),
    '1' );
FILE_NAME ('MirrorÉý½µ¶æ.STEP',
    '2026-02-11T02:19:13',
    ( '' ),
    ( '' ),
    'SwSTEP 2.0',
    'SolidWorks 2024',
    '' );
FILE_SCHEMA (( 'AUTOMOTIVE_DESIGN' ));
ENDSEC;

DATA;
#1 = CARTESIAN_POINT ( 'NONE',  ( 39.57649053553939922, -0.1481345034421840123, -329.0000000000001705 ) ) ;
#2 = CARTESIAN_POINT ( 'NONE',  ( 86.75727349766768270, -1.083740011416445048, -52.00000000000000711 ) ) ;
#3 = ORIENTED_EDGE ( 'NONE', *, *, #2067, .T. ) ;
#4 = CARTESIAN_POINT ( 'NONE',  ( 86.75727748948369822, -1.083744768677505910, -185.0000000000000000 ) ) ;
#5 = VECTOR ( 'NONE', #2451, 1000.000000000000000 ) ;
#6 = EDGE_CURVE ( 'NONE', #608, #1356, #309, .T. ) ;
#7 = ORIENTED_EDGE ( 'NONE', *, *, #154, .F. ) ;
#8 = CARTESIAN_POINT ( 'NONE',  ( 49.52940442741743965, 10.31209085187425600, 0.000000000000000000 ) ) ;
#9 = VECTOR ( 'NONE', #2727, 1000.000000000000000 ) ;
#10 = CARTESIAN_POINT ( 'NONE',  ( 105.5965905952907491, 0.1084748940666349637, -252.0000000000000000 ) ) ;
#11 = B_SPLINE_CURVE_WITH_KNOTS ( 'NONE', 3,
 ( #306, #1780, #2014, #293 ),
 .UNSPECIFIED., .F., .F.,
 ( 4, 4 ),
 ( 0.000000000000000000, 0.003000000000000009603 ),
 .UNSPECIFIED. ) ;
#12 = CARTESIAN_POINT ( 'NONE',  ( 86.75727333237441030, -1.083739814427592707, -117.0000000000000000 ) ) ;
#13 = CARTESIAN_POINT ( 'NONE',  ( 83.81705129401322552, 2.420280362814021480, -180.0000000000000000 ) ) ;
#14 = ORIENTED_EDGE ( 'NONE', *, *, #2078, .T. ) ;
#15 = VERTEX_POINT ( 'NONE', #961 ) ;
#16 = CARTESIAN_POINT ( 'NONE',  ( 24.58194743404095561, 9.812377243696429829, 0.000000000000000000 ) ) ;
#17 = CARTESIAN_POINT ( 'NONE',  ( 63.27982467727319715, -1.945789055886693042, 0.000000000000000000 ) ) ;
#18 = EDGE_CURVE ( 'NONE', #550, #132, #609, .T. ) ;
#19 = CARTESIAN_POINT ( 'NONE',  ( 111.9008294260164007, -0.1603477655009281910, -117.0000000000000000 ) ) ;
#20 = LINE ( 'NONE', #861, #2355 ) ;
#21 = EDGE_LOOP ( 'NONE', ( #1262, #2302, #2247, #45 ) ) ;
#22 = CARTESIAN_POINT ( 'NONE',  ( 39.62123792633239105, 0.1529066413896986998, -328.9999999999996589 ) ) ;
#23 = LINE ( 'NONE', #1024, #1330 ) ;
#24 = EDGE_LOOP ( 'NONE', ( #2263, #33, #2570, #825, #145, #636 ) ) ;
#25 = ADVANCED_FACE ( 'NONE', ( #2672 ), #89, .T. ) ;
#26 = CARTESIAN_POINT ( 'NONE',  ( 83.81705129401322552, 2.420280362814021480, -117.0000000000000000 ) ) ;
#27 = LINE ( 'NONE', #2760, #578 ) ;
#28 = DIRECTION ( 'NONE',  ( 0.000000000000000000, 0.000000000000000000, -1.000000000000000000 ) ) ;
#29 = EDGE_LOOP ( 'NONE', ( #1235, #900, #463, #2052, #688, #2293, #509, #2033 ) ) ;
#30 = CARTESIAN_POINT ( 'NONE',  ( 0.7655508419826408950, 1.411833302483730623, 0.000000000000000000 ) ) ;
#31 = CARTESIAN_POINT ( 'NONE',  ( 82.95812708819897807, -1.223265109721984878, -49.32772616221942741 ) ) ;
#32 = CARTESIAN_POINT ( 'NONE',  ( 85.12994035568503648, 5.594805470531590608, -328.9999999616568971 ) ) ;
#33 = ORIENTED_EDGE ( 'NONE', *, *, #1556, .T. ) ;
#34 = ADVANCED_FACE ( 'NONE', ( #301 ), #2038, .T. ) ;
#35 = CARTESIAN_POINT ( 'NONE',  ( 111.9008294260164007, 0.6581947252114525027, -252.0000000000000000 ) ) ;
#36 = LINE ( 'NONE', #1668, #2623 ) ;
#37 = CARTESIAN_POINT ( 'NONE',  ( 111.9008294260164007, -0.1603489315469414089, -2.000000000000000000 ) ) ;
#38 = CARTESIAN_POINT ( 'NONE',  ( 111.9008294260164007, -0.1603470302954478621, -179.0000000000000568 ) ) ;
#39 = DIRECTION ( 'NONE',  ( 0.000000000000000000, 0.000000000000000000, -1.000000000000000000 ) ) ;
#40 = EDGE_CURVE ( 'NONE', #2083, #1911, #2608, .T. ) ;
#41 = CARTESIAN_POINT ( 'NONE',  ( 40.94917484507263339, 1.753697705252455608, -328.9999999999999432 ) ) ;
#42 = DIRECTION ( 'NONE',  ( 0.6427876096865406952, -0.7660444431189769032, 0.000000000000000000 ) ) ;
#43 = DIRECTION ( 'NONE',  ( 0.000000000000000000, 0.000000000000000000, -1.000000000000000000 ) ) ;
#44 = CARTESIAN_POINT ( 'NONE',  ( 99.31070841828775997, -0.1223751819931885865, -249.0000000000000000 ) ) ;
#45 = ORIENTED_EDGE ( 'NONE', *, *, #1290, .F. ) ;
#46 = CARTESIAN_POINT ( 'NONE',  ( 111.9008294260164007, 0.3399910277142182968, -257.0000000000000000 ) ) ;
#47 = CARTESIAN_POINT ( 'NONE',  ( 87.97635880849250611, -1.038980753687999803, -251.9999999999999432 ) ) ;
#48 = CARTESIAN_POINT ( 'NONE',  ( 91.10296233170139146, 4.747540640056113759, -328.9999999999998863 ) ) ;
#49 = B_SPLINE_CURVE_WITH_KNOTS ( 'NONE', 3,
 ( #833, #2538, #1268, #214 ),
 .UNSPECIFIED., .F., .F.,
 ( 4, 4 ),
 ( 0.000000000000000000, 0.05800000000055181154 ),
 .UNSPECIFIED. ) ;
#50 = CARTESIAN_POINT ( 'NONE',  ( 111.9008294260163865, -0.1603460212006482255, -249.0000000000000000 ) ) ;
#51 = FACE_BOUND ( 'NONE', #1675, .T. ) ;
#52 = LINE ( 'NONE', #1548, #354 ) ;
#53 = CARTESIAN_POINT ( 'NONE',  ( 111.9008294260164007, 0.3399886607216017209, -52.00000000000000711 ) ) ;
#54 = LINE ( 'NONE', #2194, #1328 ) ;
#55 = VECTOR ( 'NONE', #2301, 1000.000000000000114 ) ;
#56 = VECTOR ( 'NONE', #2292, 1000.000000000000000 ) ;
#57 = DIRECTION ( 'NONE',  ( 0.6427876096865408062, -0.7660444431189767922, 0.000000000000000000 ) ) ;
#58 = VECTOR ( 'NONE', #1021, 1000.000000000000227 ) ;
#59 = B_SPLINE_SURFACE_WITH_KNOTS ( 'NONE', 3, 1, ( 
 ( #253, #446 ),
 ( #1128, #479 ),
 ( #1331, #1558 ),
 ( #1095, #675 ),
 ( #2176, #1714 ),
 ( #2598, #2164 ),
 ( #1317, #1948 ),
 ( #2350, #47 ),
 ( #889, #1738 ) ),
 .UNSPECIFIED., .F., .F., .F.,
 ( 4, 1, 1, 1, 1, 1, 4 ),
 ( 2, 2 ),
 ( 0.000000000000000000, 0.01586647660728743303, 0.04704758192846189568, 0.07822868724963639997, 0.1094097925708108349, 0.1250003452313981356, 0.1462767365976893330 ),
 ( 0.000000000000000000, 1.000000000000000000 ),
 .UNSPECIFIED. ) ;
#60 = CARTESIAN_POINT ( 'NONE',  ( 46.53712845855119440, 4.532078873252668672, -329.0000000000001705 ) ) ;
#61 = FACE_BOUND ( 'NONE', #29, .T. ) ;
#62 = CARTESIAN_POINT ( 'NONE',  ( 103.7821618126273933, -0.4585013028465348972, -252.0000000000006253 ) ) ;
#63 = UNCERTAINTY_MEASURE_WITH_UNIT (LENGTH_MEASURE( 1.000000000000000082E-05 ), #81, 'distance_accuracy_value', 'NONE');
#64 = DIRECTION ( 'NONE',  ( -0.9993263259286705447, -0.03670005866349869417, -0.000000000000000000 ) ) ;
#65 = CARTESIAN_POINT ( 'NONE',  ( 79.90082942601640070, 2.420280362814005493, -328.9999999981797032 ) ) ;
#66 = CARTESIAN_POINT ( 'NONE',  ( 111.9008294260163865, -0.1603460212006482255, -257.0000000000000000 ) ) ;
#67 = ADVANCED_FACE ( 'NONE', ( #2258 ), #1697, .T. ) ;
#68 = CARTESIAN_POINT ( 'NONE',  ( 27.61572202536024534, 10.08028678807874634, 0.000000000000000000 ) ) ;
#69 = CARTESIAN_POINT ( 'NONE',  ( 77.88559421760302826, -1.409569586346357983, 0.000000000000000000 ) ) ;
#70 = CARTESIAN_POINT ( 'NONE',  ( 110.6184131110788087, -0.2074442093758713523, -116.9999999999999147 ) ) ;
#71 = EDGE_CURVE ( 'NONE', #1359, #480, #177, .T. ) ;
#72 = LINE ( 'NONE', #2385, #846 ) ;
#73 = ORIENTED_EDGE ( 'NONE', *, *, #2294, .F. ) ;
#74 = CARTESIAN_POINT ( 'NONE',  ( 88.06118438317453467, 7.478241219270040929, -117.0000000000000000 ) ) ;
#75 = EDGE_CURVE ( 'NONE', #1680, #480, #1855, .T. ) ;
#76 = CARTESIAN_POINT ( 'NONE',  ( 83.31894911537024484, 6.493836782518506823, 0.000000000000000000 ) ) ;
#77 = ORIENTED_EDGE ( 'NONE', *, *, #655, .T. ) ;
#78 = VERTEX_POINT ( 'NONE', #1216 ) ;
#79 = B_SPLINE_CURVE_WITH_KNOTS ( 'NONE', 3,
 ( #1460, #633, #2509, #597 ),
 .UNSPECIFIED., .F., .F.,
 ( 4, 4 ),
 ( 1.647987302177966740E-17, 0.04999999999999999584 ),
 .UNSPECIFIED. ) ;
#80 = CARTESIAN_POINT ( 'NONE',  ( 42.14191595840375726, 2.655410382434052252, -329.0000000000002274 ) ) ;
#81 =( LENGTH_UNIT ( ) NAMED_UNIT ( * ) SI_UNIT ( .MILLI., .METRE. ) );
#82 = CARTESIAN_POINT ( 'NONE',  ( 0.1383122910852398468, -3.765264506753899010, -254.0000000000000000 ) ) ;
#83 = ADVANCED_FACE ( 'NONE', ( #632 ), #1479, .T. ) ;
#84 = CARTESIAN_POINT ( 'NONE',  ( 76.83962110388000610, 6.446060515922980905, -328.9999999999996021 ) ) ;
#85 = CARTESIAN_POINT ( 'NONE',  ( 111.9008294260164007, 0.6581947252114525027, -252.0000000000000000 ) ) ;
#86 = CARTESIAN_POINT ( 'NONE',  ( 88.21692839847337098, 5.177127623093825015, -328.9999999681601253 ) ) ;
#87 = ORIENTED_EDGE ( 'NONE', *, *, #1764, .F. ) ;
#88 = DIRECTION ( 'NONE',  ( 0.6427876096865374755, -0.7660444431189795678, 0.000000000000000000 ) ) ;
#89 = PLANE ( 'NONE',  #663 ) ;
#90 = ADVANCED_FACE ( 'NONE', ( #1249 ), #2735, .F. ) ;
#91 = CARTESIAN_POINT ( 'NONE',  ( 62.32586682994467253, -1.980536614428658249, -328.9999999999998295 ) ) ;
#92 = VERTEX_POINT ( 'NONE', #2754 ) ;
#93 = LINE ( 'NONE', #282, #1065 ) ;
#94 = VECTOR ( 'NONE', #769, 1000.000000000000114 ) ;
#95 = FACE_OUTER_BOUND ( 'NONE', #2272, .T. ) ;
#96 = CARTESIAN_POINT ( 'NONE',  ( 83.81705129401322552, 2.420280362814021480, -327.0000000000000000 ) ) ;
#97 = VERTEX_POINT ( 'NONE', #829 ) ;
#98 = EDGE_CURVE ( 'NONE', #1577, #137, #196, .T. ) ;
#99 = CARTESIAN_POINT ( 'NONE',  ( 86.34999562234368398, -0.5983651403149272685, -180.0000000000000000 ) ) ;
#100 = CARTESIAN_POINT ( 'NONE',  ( 100.1677781476864055, -0.5912352323141502053, -326.9999999999997158 ) ) ;
#101 = CARTESIAN_POINT ( 'NONE',  ( 92.49135363831337031, -0.8731494297108995939, 0.000000000000000000 ) ) ;
#102 = DIRECTION ( 'NONE',  ( 0.000000000000000000, 1.000000000000000000, 0.000000000000000000 ) ) ;
#103 = ORIENTED_EDGE ( 'NONE', *, *, #1835, .F. ) ;
#104 = EDGE_CURVE ( 'NONE', #2567, #1254, #160, .T. ) ;
#105 = CARTESIAN_POINT ( 'NONE',  ( 86.49654061833641094, 5.613571391394065913, -240.4710139343472974 ) ) ;
#106 = CARTESIAN_POINT ( 'NONE',  ( 90.20570364980177658, 4.883545500431777597, -328.9999999726500164 ) ) ;
#107 = CARTESIAN_POINT ( 'NONE',  ( 111.9008294260164007, 0.6574670334402099581, -327.0000000000000000 ) ) ;
#108 = ORIENTED_EDGE ( 'NONE', *, *, #2541, .F. ) ;
#109 = CARTESIAN_POINT ( 'NONE',  ( 81.07088799754794195, -1.292470784576979614, -329.0000000000002274 ) ) ;
#110 = FACE_OUTER_BOUND ( 'NONE', #1799, .T. ) ;
#111 = CARTESIAN_POINT ( 'NONE',  ( 98.45408093305573516, -0.6541702060449230416, -257.0000000000000000 ) ) ;
#112 = EDGE_CURVE ( 'NONE', #1827, #554, #596, .T. ) ;
#113 = CARTESIAN_POINT ( 'NONE',  ( 2.058063524610827422, 2.702498728062484812, 0.000000000000000000 ) ) ;
#114 = CARTESIAN_POINT ( 'NONE',  ( 86.47964504620668436, 5.593436032609519160, -252.0000000000000000 ) ) ;
#115 = CARTESIAN_POINT ( 'NONE',  ( 114.7367195227135142, -0.01126110739042009319, -329.0000000000000568 ) ) ;
#116 = CARTESIAN_POINT ( 'NONE',  ( 86.39184591628287535, 5.430087924230147856, -328.9999999642416810 ) ) ;
#117 = CARTESIAN_POINT ( 'NONE',  ( 111.9008294260163865, 0.6576978740434533677, -305.8428847974810765 ) ) ;
#118 = ORIENTED_EDGE ( 'NONE', *, *, #98, .F. ) ;
#119 = CARTESIAN_POINT ( 'NONE',  ( 86.73893716925522313, -0.5840986643999728223, -249.0000000000000000 ) ) ;
#120 = CARTESIAN_POINT ( 'NONE',  ( 86.75727748948369822, -1.083744768677505910, -177.0000000000000000 ) ) ;
#121 = CARTESIAN_POINT ( 'NONE',  ( 103.8138119759175169, -0.4573389353999083862, -257.0000000000000000 ) ) ;
#122 = LINE ( 'NONE', #2219, #923 ) ;
#123 = ORIENTED_EDGE ( 'NONE', *, *, #2221, .T. ) ;
#124 = CARTESIAN_POINT ( 'NONE',  ( 111.9008294260164007, -0.1603463975546255416, -227.6666666666666856 ) ) ;
#125 = ORIENTED_EDGE ( 'NONE', *, *, #393, .T. ) ;
#126 = DIRECTION ( 'NONE',  ( -0.6427876096865405842, 0.7660444431189769032, 0.000000000000000000 ) ) ;
#127 = CARTESIAN_POINT ( 'NONE',  ( 86.35154931622426489, 5.440777486206989977, -327.0000000000000000 ) ) ;
#128 = VECTOR ( 'NONE', #2419, 1000.000000000000114 ) ;
#129 = CARTESIAN_POINT ( 'NONE',  ( 86.35001255881995519, -0.5983853244293667606, -249.0000000000000000 ) ) ;
#130 = CARTESIAN_POINT ( 'NONE',  ( 86.47255895901193412, 5.419268276534938700, -328.9999999644104491 ) ) ;
#131 = CARTESIAN_POINT ( 'NONE',  ( 91.83841044334154446, -0.8971354012542680501, -181.9999999999998863 ) ) ;
#132 = VERTEX_POINT ( 'NONE', #1891 ) ;
#133 = AXIS2_PLACEMENT_3D ( 'NONE', #1116, #2206, #2611 ) ;
#134 = EDGE_CURVE ( 'NONE', #331, #2012, #2265, .T. ) ;
#135 = VECTOR ( 'NONE', #2714, 1000.000000000000000 ) ;
#136 = CARTESIAN_POINT ( 'NONE',  ( 94.29457636334515769, 4.473754769863122149, -56.99999999999993605 ) ) ;
#137 = VERTEX_POINT ( 'NONE', #1504 ) ;
#138 = DIRECTION ( 'NONE',  ( 0.000000000000000000, 0.000000000000000000, -1.000000000000000000 ) ) ;
#139 = B_SPLINE_CURVE_WITH_KNOTS ( 'NONE', 3,
 ( #37, #2180, #496, #2619, #265, #1299, #2146 ),
 .UNSPECIFIED., .F., .F.,
 ( 4, 1, 1, 1, 4 ),
 ( 0.000000000000000000, 0.004790584362597586146, 0.01208307936661891235, 0.01937557437064024377, 0.02516050572046991257 ),
 .UNSPECIFIED. ) ;
#140 = CARTESIAN_POINT ( 'NONE',  ( 99.31070844905764261, -0.1223754370173359279, -252.0000000000000000 ) ) ;
#141 = DIRECTION ( 'NONE',  ( -1.000000000000000000, 0.000000000000000000, 0.000000000000000000 ) ) ;
#142 = VECTOR ( 'NONE', #2362, 1000.000000000000114 ) ;
#143 = EDGE_CURVE ( 'NONE', #261, #628, #242, .T. ) ;
#144 = CARTESIAN_POINT ( 'NONE',  ( 111.9008294260164007, 0.6593884829589039542, -37.33333333335455961 ) ) ;
#145 = ORIENTED_EDGE ( 'NONE', *, *, #1546, .F. ) ;
#146 = DIRECTION ( 'NONE',  ( 0.000000000000000000, 0.000000000000000000, 1.000000000000000000 ) ) ;
#147 = ORIENTED_EDGE ( 'NONE', *, *, #2729, .F. ) ;
#148 = CARTESIAN_POINT ( 'NONE',  ( 0.000000000000000000, 0.000000000000000000, -254.0000000000000000 ) ) ;
#149 = CARTESIAN_POINT ( 'NONE',  ( 111.9008294260164007, -0.1603477655009281910, -120.0000000000000000 ) ) ;
#150 = CARTESIAN_POINT ( 'NONE',  ( 114.9008294260163723, -0.05016421021564967248, 0.000000000000000000 ) ) ;
#151 = CARTESIAN_POINT ( 'NONE',  ( 10.32698298502021572, -3.316928426618745984, 0.000000000000000000 ) ) ;
#152 = CARTESIAN_POINT ( 'NONE',  ( 109.2290242180569919, -0.2584605999930341680, -329.0000000441746124 ) ) ;
#153 = CARTESIAN_POINT ( 'NONE',  ( 89.47485071810737622, 5.365331540430541502, -55.00000000000003553 ) ) ;
#154 = EDGE_CURVE ( 'NONE', #2330, #243, #1105, .T. ) ;
#155 = CARTESIAN_POINT ( 'NONE',  ( 113.4802233694801714, 0.2862511310934471309, -329.0000000394164203 ) ) ;
#156 = ORIENTED_EDGE ( 'NONE', *, *, #143, .T. ) ;
#157 = ORIENTED_EDGE ( 'NONE', *, *, #1341, .T. ) ;
#158 = CARTESIAN_POINT ( 'NONE',  ( 3.969721568133258049, -2.693567244959053752, 0.000000000000000000 ) ) ;
#159 = CARTESIAN_POINT ( 'NONE',  ( 110.5144647506550655, 0.9855377324289630314, -56.99999999999999289 ) ) ;
#160 = LINE ( 'NONE', #1678, #529 ) ;
#161 = CARTESIAN_POINT ( 'NONE',  ( 85.89839378434405148, -4.727338508037932208, -329.0000000884057840 ) ) ;
#162 = ORIENTED_EDGE ( 'NONE', *, *, #593, .F. ) ;
#163 = CARTESIAN_POINT ( 'NONE',  ( 0.2227176076624322321, 0.6770619950843719259, 0.000000000000000000 ) ) ;
#164 = CARTESIAN_POINT ( 'NONE',  ( 14.98299591411970155, 8.170970946279783931, 0.000000000000000000 ) ) ;
#165 = ADVANCED_FACE ( 'NONE', ( #1113 ), #1308, .T. ) ;
#166 = PLANE ( 'NONE',  #659 ) ;
#167 = CARTESIAN_POINT ( 'NONE',  ( 109.7871838215895934, 0.2623695672188540162, -252.0000000000000000 ) ) ;
#168 = CARTESIAN_POINT ( 'NONE',  ( 86.75729166573823647, -1.083761663289079413, -249.0000000000000000 ) ) ;
#169 = CARTESIAN_POINT ( 'NONE',  ( 97.16421416162407354, 3.843755156883118307, -181.9999999999998295 ) ) ;
#170 = PLANE ( 'NONE',  #2037 ) ;
#171 = ORIENTED_EDGE ( 'NONE', *, *, #2239, .T. ) ;
#172 = VERTEX_POINT ( 'NONE', #2370 ) ;
#173 = CARTESIAN_POINT ( 'NONE',  ( 108.2960524859136484, -0.2927227069255809999, -249.0000000000000000 ) ) ;
#174 = B_SPLINE_CURVE_WITH_KNOTS ( 'NONE', 3,
 ( #2016, #693, #2618, #50 ),
 .UNSPECIFIED., .F., .F.,
 ( 4, 4 ),
 ( 0.000000000000000000, 0.003000000000000002231 ),
 .UNSPECIFIED. ) ;
#175 = CARTESIAN_POINT ( 'NONE',  ( 6.983004288650841218, -3.124332127504656054, 0.000000000000000000 ) ) ;
#176 = AXIS2_PLACEMENT_3D ( 'NONE', #2313, #2297, #405 ) ;
#177 = LINE ( 'NONE', #1004, #1381 ) ;
#178 = FACE_OUTER_BOUND ( 'NONE', #1432, .T. ) ;
#179 = VERTEX_POINT ( 'NONE', #1964 ) ;
#180 = ADVANCED_FACE ( 'NONE', ( #2191 ), #495, .F. ) ;
#181 = VECTOR ( 'NONE', #356, 1000.000000000000000 ) ;
#182 = DIRECTION ( 'NONE',  ( -1.000000000000000000, 0.000000000000000000, 0.000000000000000000 ) ) ;
#183 = VECTOR ( 'NONE', #396, 999.9999999999998863 ) ;
#184 = VERTEX_POINT ( 'NONE', #2155 ) ;
#185 = CARTESIAN_POINT ( 'NONE',  ( 86.63984742494912439, 5.784357793017956162, -117.0000000000000000 ) ) ;
#186 = CARTESIAN_POINT ( 'NONE',  ( 114.9008294260164007, -0.05016421021564968635, -329.0000000000000000 ) ) ;
#187 = CARTESIAN_POINT ( 'NONE',  ( 83.81705129401322552, 2.420280362814021480, -252.0000000000000000 ) ) ;
#188 = ADVANCED_FACE ( 'NONE', ( #1763 ), #59, .F. ) ;
#189 = PRESENTATION_STYLE_ASSIGNMENT (( #838 ) ) ;
#190 = EDGE_CURVE ( 'NONE', #1620, #2632, #1978, .T. ) ;
#191 = CARTESIAN_POINT ( 'NONE',  ( 0.1382511778156523818, -3.764494305237588545, -182.0000000000000000 ) ) ;
#192 = VECTOR ( 'NONE', #2402, 1000.000000000000000 ) ;
#193 = ORIENTED_EDGE ( 'NONE', *, *, #1166, .T. ) ;
#194 = CARTESIAN_POINT ( 'NONE',  ( 90.23873354805965619, -0.9558839813688388976, -114.9999999999998863 ) ) ;
#195 = CARTESIAN_POINT ( 'NONE',  ( 19.45964291083211961, -3.454549498035798027, 0.000000000000000000 ) ) ;
#196 = LINE ( 'NONE', #796, #2675 ) ;
#197 = DIRECTION ( 'NONE',  ( 0.000000000000000000, 0.000000000000000000, -1.000000000000000000 ) ) ;
#198 = ORIENTED_EDGE ( 'NONE', *, *, #519, .T. ) ;
#199 = CARTESIAN_POINT ( 'NONE',  ( 0.6168536626391639688, -1.387734131283472339, 0.000000000000000000 ) ) ;
#200 = EDGE_CURVE ( 'NONE', #1471, #839, #1346, .T. ) ;
#201 = ORIENTED_EDGE ( 'NONE', *, *, #763, .F. ) ;
#202 = CARTESIAN_POINT ( 'NONE',  ( 67.27178575627756629, 6.858110261790447915, -328.9999999999999432 ) ) ;
#203 = CARTESIAN_POINT ( 'NONE',  ( 111.9008294260164007, 0.3399910277142182968, -254.0000000000000000 ) ) ;
#204 = CARTESIAN_POINT ( 'NONE',  ( 111.9008294260164860, -0.1603470553232402007, -177.0000000000000853 ) ) ;
#205 = LINE ( 'NONE', #13, #1112 ) ;
#206 = CARTESIAN_POINT ( 'NONE',  ( 113.3827108336367644, 0.3092839633310101033, -329.0000000390905370 ) ) ;
#207 = ORIENTED_EDGE ( 'NONE', *, *, #2442, .F. ) ;
#208 = ORIENTED_EDGE ( 'NONE', *, *, #1012, .T. ) ;
#209 = CARTESIAN_POINT ( 'NONE',  ( 90.08871368539300306, -0.9613920350123963399, -249.0000000000000000 ) ) ;
#210 = CARTESIAN_POINT ( 'NONE',  ( 53.55041531621382234, -2.263972010991505357, -329.0000000000002842 ) ) ;
#211 = DIRECTION ( 'NONE',  ( 0.000000000000000000, 0.000000000000000000, -1.000000000000000000 ) ) ;
#212 = PLANE ( 'NONE',  #1693 ) ;
#213 = VERTEX_POINT ( 'NONE', #1390 ) ;
#214 = CARTESIAN_POINT ( 'NONE',  ( 111.9008294260164007, 0.6590583519349972885, -115.0000000000000000 ) ) ;
#215 = CARTESIAN_POINT ( 'NONE',  ( 2.182683916661980028, -2.312783756027203097, 0.000000000000000000 ) ) ;
#216 = ORIENTED_EDGE ( 'NONE', *, *, #280, .F. ) ;
#217 = CARTESIAN_POINT ( 'NONE',  ( 53.17823665351104268, 10.11732879380016925, 0.000000000000000000 ) ) ;
#218 = B_SPLINE_CURVE_WITH_KNOTS ( 'NONE', 3,
 ( #2558, #416, #637, #821, #1273, #1238, #1912, #2106 ),
 .UNSPECIFIED., .F., .F.,
 ( 4, 1, 1, 1, 1, 4 ),
 ( 0.000000000000000000, 0.004357024515695719774, 0.01124378446407198542, 0.01813054441244825801, 0.02501730436082452019, 0.02516050589211640126 ),
 .UNSPECIFIED. ) ;
#219 = CARTESIAN_POINT ( 'NONE',  ( 86.73892734346213729, -0.5840816099985942644, -177.0000000000000000 ) ) ;
#220 = CARTESIAN_POINT ( 'NONE',  ( 88.83423266298044041, -0.5071306002127375923, -249.0000000000000000 ) ) ;
#221 = VERTEX_POINT ( 'NONE', #2021 ) ;
#222 = ORIENTED_EDGE ( 'NONE', *, *, #6, .F. ) ;
#223 = CARTESIAN_POINT ( 'NONE',  ( 23.11297543502547569, -3.389936507706682089, 0.000000000000000000 ) ) ;
#224 = DIRECTION ( 'NONE',  ( 0.000000000000000000, 0.000000000000000000, -1.000000000000000000 ) ) ;
#225 = EDGE_CURVE ( 'NONE', #1124, #1680, #2474, .T. ) ;
#226 = LINE ( 'NONE', #1066, #792 ) ;
#227 = ORIENTED_EDGE ( 'NONE', *, *, #510, .F. ) ;
#228 = LINE ( 'NONE', #2369, #1968 ) ;
#229 = VECTOR ( 'NONE', #1405, 1000.000000000000000 ) ;
#230 = LINE ( 'NONE', #1700, #742 ) ;
#231 = ORIENTED_EDGE ( 'NONE', *, *, #1513, .T. ) ;
#232 = CARTESIAN_POINT ( 'NONE',  ( 60.46441972784471375, 9.555406564566125027, 0.000000000000000000 ) ) ;
#233 = VECTOR ( 'NONE', #2115, 1000.000000000000114 ) ;
#234 = CARTESIAN_POINT ( 'NONE',  ( 90.56240906990150563, 5.114850058982240100, -117.0000000000000568 ) ) ;
#235 = CARTESIAN_POINT ( 'NONE',  ( 83.81705129401322552, 2.420280362814021480, -254.0000000000000000 ) ) ;
#236 = CARTESIAN_POINT ( 'NONE',  ( 30.41705370958529997, -3.157874782130163371, 0.000000000000000000 ) ) ;
#237 = VERTEX_POINT ( 'NONE', #99 ) ;
#238 = EDGE_CURVE ( 'NONE', #2360, #1735, #1168, .T. ) ;
#239 = CARTESIAN_POINT ( 'NONE',  ( 13.21156810377354596, 7.723234188731626482, 0.000000000000000000 ) ) ;
#240 = DIRECTION ( 'NONE',  ( 1.000000000000000000, 0.000000000000000000, 0.000000000000000000 ) ) ;
#241 = CARTESIAN_POINT ( 'NONE',  ( 84.13682565372437239, 5.717804447980797455, -328.9999999597038709 ) ) ;
#242 = LINE ( 'NONE', #873, #1475 ) ;
#243 = VERTEX_POINT ( 'NONE', #1370 ) ;
#244 = LINE ( 'NONE', #2387, #451 ) ;
#245 = PLANE ( 'NONE',  #2669 ) ;
#246 = ADVANCED_FACE ( 'NONE', ( #110 ), #933, .T. ) ;
#247 = CARTESIAN_POINT ( 'NONE',  ( 86.75727748948369822, -1.083744768677505910, -183.0000000000000000 ) ) ;
#248 = CARTESIAN_POINT ( 'NONE',  ( 66.71296514936187805, -1.818563841680442827, -328.9999999999993747 ) ) ;
#249 = CARTESIAN_POINT ( 'NONE',  ( 42.66033257625031183, 2.955274456221979040, -329.0000000000000000 ) ) ;
#250 = CARTESIAN_POINT ( 'NONE',  ( 86.75727748948369822, -1.083744768677505910, -181.9999999999999432 ) ) ;
#251 = CARTESIAN_POINT ( 'NONE',  ( 0.1382427992404589856, -3.764374994924611695, -252.0000000000000000 ) ) ;
#252 = CARTESIAN_POINT ( 'NONE',  ( 86.69339607141658632, 5.848174584824118227, -57.00000000000000000 ) ) ;
#253 = CARTESIAN_POINT ( 'NONE',  ( 111.9008294260163865, -0.1603460212006482255, -249.0000000000000000 ) ) ;
#254 = DIRECTION ( 'NONE',  ( 0.7660444431189818992, -0.6427876096865348110, 0.000000000000000000 ) ) ;
#255 = CARTESIAN_POINT ( 'NONE',  ( 86.75729166573825069, -1.083761663289078525, -257.0000000000000000 ) ) ;
#256 = EDGE_CURVE ( 'NONE', #2022, #2497, #921, .T. ) ;
#257 = CARTESIAN_POINT ( 'NONE',  ( 44.84210253934904244, 3.938814450278936174, -329.0000000000004547 ) ) ;
#258 = CARTESIAN_POINT ( 'NONE',  ( 100.2147287563064282, -0.5895109864585127424, -328.9999999999995453 ) ) ;
#259 = DIRECTION ( 'NONE',  ( 0.000000000000000000, 0.000000000000000000, -1.000000000000000000 ) ) ;
#260 = CARTESIAN_POINT ( 'NONE',  ( 93.92794421182804854, -0.8203962837071752112, -252.0000000000000000 ) ) ;
#261 = VERTEX_POINT ( 'NONE', #960 ) ;
#262 = CARTESIAN_POINT ( 'NONE',  ( 111.8824798098075775, 0.3393171569353730099, -249.0000000000000000 ) ) ;
#263 = B_SPLINE_CURVE_WITH_KNOTS ( 'NONE', 3,
 ( #1983, #347, #1189, #168 ),
 .UNSPECIFIED., .F., .F.,
 ( 4, 4 ),
 ( 0.04285714285713335125, 0.9571428571428597376 ),
 .UNSPECIFIED. ) ;
#264 = ADVANCED_FACE ( 'NONE', ( #1603 ), #2177, .F. ) ;
#265 = CARTESIAN_POINT ( 'NONE',  ( 93.04048726818602688, -0.8529831110888853596, -1.999999999999979572 ) ) ;
#266 = CARTESIAN_POINT ( 'NONE',  ( 111.9008294260164007, -9.946594549830242826, -115.0000000000000000 ) ) ;
#267 = DIRECTION ( 'NONE',  ( 0.000000000000000000, 0.000000000000000000, -1.000000000000000000 ) ) ;
#268 = VECTOR ( 'NONE', #2484, 1000.000000000000227 ) ;
#269 = VECTOR ( 'NONE', #146, 1000.000000000000000 ) ;
#270 = EDGE_CURVE ( 'NONE', #874, #1271, #946, .T. ) ;
#271 = ADVANCED_FACE ( 'NONE', ( #517 ), #339, .T. ) ;
#272 = CARTESIAN_POINT ( 'NONE',  ( 20.35709721531501870, 9.244126943296109289, 0.000000000000000000 ) ) ;
#273 = CARTESIAN_POINT ( 'NONE',  ( 82.95815561244891967, -1.223299103599300830, -201.4957946216505604 ) ) ;
#274 = CARTESIAN_POINT ( 'NONE',  ( 86.34999562234368398, -0.5983651403149211623, -177.0000000000000000 ) ) ;
#275 = ORIENTED_EDGE ( 'NONE', *, *, #955, .F. ) ;
#276 = DIRECTION ( 'NONE',  ( 2.773687824619957966E-14, 1.000000000000000000, 0.000000000000000000 ) ) ;
#277 = VECTOR ( 'NONE', #64, 1000.000000000000114 ) ;
#278 = B_SPLINE_CURVE_WITH_KNOTS ( 'NONE', 3,
 ( #736, #1181, #2036, #136, #1034, #1665, #159, #1907 ),
 .UNSPECIFIED., .F., .F.,
 ( 4, 1, 1, 1, 1, 4 ),
 ( 0.002915815787490087015, 0.003768518535711364807, 0.01063887864957464499, 0.01750923876343792387, 0.02437959887730120276, 0.02865159730822880793 ),
 .UNSPECIFIED. ) ;
#279 = FACE_BOUND ( 'NONE', #1131, .T. ) ;
#280 = EDGE_CURVE ( 'NONE', #1006, #2182, #278, .T. ) ;
#281 = ORIENTED_EDGE ( 'NONE', *, *, #2585, .F. ) ;
#282 = CARTESIAN_POINT ( 'NONE',  ( 111.9008294260164007, -9.946594549830242826, -182.0000000000000000 ) ) ;
#283 = CARTESIAN_POINT ( 'NONE',  ( 54.12560397364830322, 6.217984373768853601, -328.9999999999990905 ) ) ;
#284 = CARTESIAN_POINT ( 'NONE',  ( 111.9008294260163581, -0.1603456396708612397, -280.3333333333332575 ) ) ;
#285 = CARTESIAN_POINT ( 'NONE',  ( 95.95778061237943746, 3.935662894211979346, -328.9999999868448981 ) ) ;
#286 = ORIENTED_EDGE ( 'NONE', *, *, #190, .F. ) ;
#287 = EDGE_CURVE ( 'NONE', #179, #1356, #1877, .T. ) ;
#288 = CARTESIAN_POINT ( 'NONE',  ( 83.46387047211773336, -1.204657313906701166, -328.9999999999996589 ) ) ;
#289 = CARTESIAN_POINT ( 'NONE',  ( 113.0192706485358514, 0.3958690462716250580, -329.0000000000000568 ) ) ;
#290 = CARTESIAN_POINT ( 'NONE',  ( 103.8138119759175169, -0.4573389353999084417, -254.0000000000003979 ) ) ;
#291 = DIRECTION ( 'NONE',  ( 0.000000000000000000, 1.000000000000000000, 0.000000000000000000 ) ) ;
#292 = ORIENTED_EDGE ( 'NONE', *, *, #2637, .T. ) ;
#293 = CARTESIAN_POINT ( 'NONE',  ( 86.75727349766768270, -1.083740011416445048, -60.00000000000000711 ) ) ;
#294 = DIRECTION ( 'NONE',  ( 0.000000000000000000, 0.000000000000000000, -1.000000000000000000 ) ) ;
#295 = EDGE_CURVE ( 'NONE', #1222, #221, #411, .T. ) ;
#296 = CARTESIAN_POINT ( 'NONE',  ( 114.9008294260164007, -0.05016421021564933247, -219.3333333333333428 ) ) ;
#297 = CARTESIAN_POINT ( 'NONE',  ( 110.2980221765062510, 1.028059632494453091, -329.0000000289010131 ) ) ;
#298 = ORIENTED_EDGE ( 'NONE', *, *, #2137, .T. ) ;
#299 = CARTESIAN_POINT ( 'NONE',  ( 86.58813027531105888, 5.722723694138049488, -167.1389354841308830 ) ) ;
#300 = CARTESIAN_POINT ( 'NONE',  ( 109.7871838215895934, 0.2623695672188540162, -254.0000000000000000 ) ) ;
#301 = FACE_OUTER_BOUND ( 'NONE', #21, .T. ) ;
#302 = CARTESIAN_POINT ( 'NONE',  ( 71.35645846617997279, 8.325554318525336228, 0.000000000000000000 ) ) ;
#303 = CARTESIAN_POINT ( 'NONE',  ( 86.75727349766768270, -1.083740011416445048, -52.00000000000000711 ) ) ;
#304 = ORIENTED_EDGE ( 'NONE', *, *, #75, .F. ) ;
#305 = CARTESIAN_POINT ( 'NONE',  ( 86.40017546677371740, 5.498727875818309130, -302.6666966032943833 ) ) ;
#306 = CARTESIAN_POINT ( 'NONE',  ( 86.75727349766768270, -1.083740011416445048, -56.99999999999999289 ) ) ;
#307 = VECTOR ( 'NONE', #2254, 1000.000000000000114 ) ;
#308 = CARTESIAN_POINT ( 'NONE',  ( 96.61407202835017927, 3.827585534024910974, -329.0000000000001705 ) ) ;
#309 = B_SPLINE_CURVE_WITH_KNOTS ( 'NONE', 3,
 ( #2631, #2218, #340, #549, #111, #121, #719, #1987, #710 ),
 .UNSPECIFIED., .F., .F.,
 ( 4, 1, 1, 1, 1, 1, 4 ),
 ( 0.01531462871388702615, 0.03659102008017822705, 0.05218157274076552776, 0.08336267806193996266, 0.1145437833831144669, 0.1457248887042889296, 0.1615913653115763626 ),
 .UNSPECIFIED. ) ;
#310 = CARTESIAN_POINT ( 'NONE',  ( 96.45358392321391250, 3.847902844072746298, -328.9999999881425765 ) ) ;
#311 = LINE ( 'NONE', #1600, #1643 ) ;
#312 = VERTEX_POINT ( 'NONE', #1003 ) ;
#313 = CARTESIAN_POINT ( 'NONE',  ( 86.73893716925522313, -0.5840986643999724892, -254.0000000000000000 ) ) ;
#314 = ORIENTED_EDGE ( 'NONE', *, *, #2273, .F. ) ;
#315 = LINE ( 'NONE', #1787, #2135 ) ;
#316 = VERTEX_POINT ( 'NONE', #2114 ) ;
#317 = AXIS2_PLACEMENT_3D ( 'NONE', #595, #1696, #631 ) ;
#318 = CARTESIAN_POINT ( 'NONE',  ( 86.75727333237441030, -1.083739814427592707, -111.9999999999999858 ) ) ;
#319 = PRODUCT_CONTEXT ( 'NONE', #1781, 'mechanical' ) ;
#320 = EDGE_LOOP ( 'NONE', ( #868, #1837, #1449, #2165 ) ) ;
#321 = CARTESIAN_POINT ( 'NONE',  ( 86.52735851178969995, 5.650298726633161905, -217.4130315665765067 ) ) ;
#322 = CARTESIAN_POINT ( 'NONE',  ( 111.9008294260164860, -0.1603470553232402007, -177.0000000000000853 ) ) ;
#323 = CARTESIAN_POINT ( 'NONE',  ( 114.6000664496678638, 0.02113321156946071019, -329.0000000000000000 ) ) ;
#324 = CARTESIAN_POINT ( 'NONE',  ( 98.44204034072379272, 3.487831586289633634, -328.9999999934461812 ) ) ;
#325 = CARTESIAN_POINT ( 'NONE',  ( 111.9008294260164007, -0.1603469925516940453, -182.0000000000000000 ) ) ;
#326 = ORIENTED_EDGE ( 'NONE', *, *, #959, .T. ) ;
#327 = CARTESIAN_POINT ( 'NONE',  ( 111.9008294260164007, 0.6587051109874335619, -180.0000000000000000 ) ) ;
#328 = CARTESIAN_POINT ( 'NONE',  ( 108.8800522374008324, -0.2712755722026948813, -326.9999999999999432 ) ) ;
#329 = ORIENTED_EDGE ( 'NONE', *, *, #676, .F. ) ;
#330 = DIRECTION ( 'NONE',  ( 0.000000000000000000, 0.000000000000000000, -1.000000000000000000 ) ) ;
#331 = VERTEX_POINT ( 'NONE', #394 ) ;
#332 = FACE_OUTER_BOUND ( 'NONE', #1792, .T. ) ;
#333 = ADVANCED_FACE ( 'NONE', ( #1650 ), #795, .T. ) ;
#334 = CARTESIAN_POINT ( 'NONE',  ( 114.8590936405149989, -0.04027052603101170802, 0.000000000000000000 ) ) ;
#335 = CARTESIAN_POINT ( 'NONE',  ( 111.9008294260164007, 7.478241219270040929, -327.0000000000000000 ) ) ;
#336 = CARTESIAN_POINT ( 'NONE',  ( 111.9008294260164007, 0.6581782794274511073, -254.0000000000000000 ) ) ;
#337 = ORIENTED_EDGE ( 'NONE', *, *, #2751, .T. ) ;
#338 = CARTESIAN_POINT ( 'NONE',  ( 102.9297552973039984, 2.674219630112077528, -180.0000000000002274 ) ) ;
#339 = PLANE ( 'NONE',  #896 ) ;
#340 = CARTESIAN_POINT ( 'NONE',  ( 90.08871368539300306, -0.9613920350123963399, -257.0000000000000000 ) ) ;
#341 = CARTESIAN_POINT ( 'NONE',  ( 111.9008294260164007, -0.1603477878692194381, -115.0000000000000000 ) ) ;
#342 = CARTESIAN_POINT ( 'NONE',  ( 81.53703329371893460, -1.275450830919147904, 0.000000000000000000 ) ) ;
#343 = CARTESIAN_POINT ( 'NONE',  ( 51.15595355233001129, -2.288861920351004109, -329.0000000000006253 ) ) ;
#344 = CARTESIAN_POINT ( 'NONE',  ( 86.75727334842889604, -1.083739833560568577, -118.0000000000000000 ) ) ;
#345 = ADVANCED_FACE ( 'NONE', ( #2533 ), #1282, .T. ) ;
#346 = CARTESIAN_POINT ( 'NONE',  ( 111.9008294260164007, -0.1603480137423504703, -94.66666666666662877 ) ) ;
#347 = CARTESIAN_POINT ( 'NONE',  ( 86.75728223970496344, -1.083750429770776513, -206.3333333333329733 ) ) ;
#348 = VECTOR ( 'NONE', #2601, 1000.000000000000000 ) ;
#349 = CARTESIAN_POINT ( 'NONE',  ( 88.78333707407909969, 5.343041997009144062, -182.0000000000000853 ) ) ;
#350 = DIRECTION ( 'NONE',  ( -1.000000000000000000, -0.000000000000000000, -0.000000000000000000 ) ) ;
#351 = PRODUCT_DEFINITION_SHAPE ( 'NONE', 'NONE',  #2285 ) ;
#352 = ORIENTED_EDGE ( 'NONE', *, *, #2253, .T. ) ;
#353 = DIRECTION ( 'NONE',  ( 0.000000000000000000, 0.000000000000000000, -1.000000000000000000 ) ) ;
#354 = VECTOR ( 'NONE', #915, 1000.000000000000000 ) ;
#355 = ORIENTED_EDGE ( 'NONE', *, *, #830, .T. ) ;
#356 = DIRECTION ( 'NONE',  ( 0.000000000000000000, 0.000000000000000000, -1.000000000000000000 ) ) ;
#357 = CARTESIAN_POINT ( 'NONE',  ( 109.7866448637809782, -0.2379797960760839381, -328.9999999999996021 ) ) ;
#358 = VERTEX_POINT ( 'NONE', #2753 ) ;
#359 = ADVANCED_FACE ( 'NONE', ( #1677 ), #1478, .T. ) ;
#360 = CARTESIAN_POINT ( 'NONE',  ( 93.23746950652456178, -0.8457549464208962142, -329.0000000441736461 ) ) ;
#361 = DIRECTION ( 'NONE',  ( 0.000000000000000000, 0.000000000000000000, -1.000000000000000000 ) ) ;
#362 = CARTESIAN_POINT ( 'NONE',  ( 111.9008294260164007, -0.1603484432302376972, -53.00000000000000711 ) ) ;
#363 = ORIENTED_EDGE ( 'NONE', *, *, #1323, .T. ) ;
#364 = ORIENTED_EDGE ( 'NONE', *, *, #1859, .F. ) ;
#365 = CARTESIAN_POINT ( 'NONE',  ( 24.93930376377214841, -3.342003278002095179, 0.000000000000000000 ) ) ;
#366 = CARTESIAN_POINT ( 'NONE',  ( 111.9008294260163865, -0.1603460212006482255, -249.0000000000000000 ) ) ;
#367 = CARTESIAN_POINT ( 'NONE',  ( 83.70157639734327404, -1.195960147318104294, 0.000000000000000000 ) ) ;
#368 = EDGE_LOOP ( 'NONE', ( #1879, #1291, #2438, #193 ) ) ;
#369 = CARTESIAN_POINT ( 'NONE',  ( 88.06118438317453467, 7.478241219270040929, -115.0000000000000000 ) ) ;
#370 = CARTESIAN_POINT ( 'NONE',  ( 109.7871838215895934, 0.2623695672188540162, -249.0000000000000000 ) ) ;
#371 = CARTESIAN_POINT ( 'NONE',  ( 95.10952211466835138, -0.7770023086656634437, -329.0000000441738166 ) ) ;
#372 = CARTESIAN_POINT ( 'NONE',  ( 111.9008294260164007, 0.3399892986060866207, -115.0000000000000000 ) ) ;
#373 = FILL_AREA_STYLE_COLOUR ( '', #1375 ) ;
#374 = CARTESIAN_POINT ( 'NONE',  ( 111.9008294260164007, -0.1603484231799644222, -55.00000000000000000 ) ) ;
#375 = DIRECTION ( 'NONE',  ( 0.03670004141730632413, -0.9993263265620335734, 0.000000000000000000 ) ) ;
#376 = VERTEX_POINT ( 'NONE', #1489 ) ;
#377 = ORIENTED_EDGE ( 'NONE', *, *, #200, .T. ) ;
#378 = CARTESIAN_POINT ( 'NONE',  ( 8.502418295216218169, -3.225009158134750642, 0.000000000000000000 ) ) ;
#379 = FACE_OUTER_BOUND ( 'NONE', #1929, .T. ) ;
#380 = ORIENTED_EDGE ( 'NONE', *, *, #1134, .F. ) ;
#381 = EDGE_CURVE ( 'NONE', #2524, #641, #2332, .T. ) ;
#382 = CARTESIAN_POINT ( 'NONE',  ( 40.00455234162344453, -0.9267609409446119217, -329.0000000000001137 ) ) ;
#383 = EDGE_LOOP ( 'NONE', ( #702, #2319, #848, #1170 ) ) ;
#384 = CARTESIAN_POINT ( 'NONE',  ( 111.9008294260164291, 0.6589468299414970032, -138.0000000000652562 ) ) ;
#385 = CARTESIAN_POINT ( 'NONE',  ( 91.19442379477432326, -0.9207951386598449695, -329.0000000441737029 ) ) ;
#386 = DIRECTION ( 'NONE',  ( -0.9993263259286709888, -0.03670005866349344142, -0.000000000000000000 ) ) ;
#387 = CARTESIAN_POINT ( 'NONE',  ( 82.87600341306348639, 5.965954650470063569, -301.5835001079206563 ) ) ;
#388 = B_SPLINE_CURVE_WITH_KNOTS ( 'NONE', 3,
 ( #1834, #558, #2187, #2251, #1821, #1848, #85 ),
 .UNSPECIFIED., .F., .F.,
 ( 4, 3, 4 ),
 ( 0.000000000000000000, 0.05712158175147701716, 0.07000000000177367121 ),
 .UNSPECIFIED. ) ;
#389 = ORIENTED_EDGE ( 'NONE', *, *, #225, .F. ) ;
#390 = ORIENTED_EDGE ( 'NONE', *, *, #1104, .F. ) ;
#391 = PLANE ( 'NONE',  #1241 ) ;
#392 = CARTESIAN_POINT ( 'NONE',  ( 1.473299293311520097, -2.022811161060689145, 0.000000000000000000 ) ) ;
#393 = EDGE_CURVE ( 'NONE', #15, #137, #1937, .T. ) ;
#394 = CARTESIAN_POINT ( 'NONE',  ( 86.64177355867150254, 5.786653269801419697, -115.0000000000000000 ) ) ;
#395 = AXIS2_PLACEMENT_3D ( 'NONE', #2512, #1448, #182 ) ;
#396 = DIRECTION ( 'NONE',  ( -0.9993263259286709888, -0.03670005866349344142, -0.000000000000000000 ) ) ;
#397 = DIRECTION ( 'NONE',  ( 0.7660444431189818992, -0.6427876096865347000, -8.271806125530276749E-25 ) ) ;
#398 = ORIENTED_EDGE ( 'NONE', *, *, #1258, .T. ) ;
#399 = CARTESIAN_POINT ( 'NONE',  ( 0.000000000000000000, 0.000000000000000000, -59.99999999999999289 ) ) ;
#400 = VECTOR ( 'NONE', #1856, 1000.000000000000114 ) ;
#401 = CARTESIAN_POINT ( 'NONE',  ( 5.772134182227188326, -2.991095775737271367, 0.000000000000000000 ) ) ;
#402 = CARTESIAN_POINT ( 'NONE',  ( 93.32360482735251139, 4.691751671416318104, -1.999999999999979572 ) ) ;
#403 = CLOSED_SHELL ( 'NONE', ( #1270, #1672, #965, #2504, #165, #271, #1656, #1753, #180, #246, #787, #1261, #90, #25, #1484, #2453, #703, #1146, #747, #333, #840, #359, #2757, #585, #2409, #462, #1357, #918, #1338, #2035, #927, #1397, #188, #942, #667, #892, #1845, #2424, #264, #1956, #1385, #640, #345, #866, #1093, #555, #1302, #2109, #1117, #2691, #2127, #34, #67, #1411, #1749, #1069, #83, #715, #1296, #985 ) ) ;
#404 = VERTEX_POINT ( 'NONE', #2161 ) ;
#405 = DIRECTION ( 'NONE',  ( 1.000000000000000000, 0.000000000000000000, 0.000000000000000000 ) ) ;
#406 = CARTESIAN_POINT ( 'NONE',  ( 87.23370088600069039, -1.066274290508760769, -329.0000000441736461 ) ) ;
#407 = DIRECTION ( 'NONE',  ( 2.773687716611303550E-14, 1.000000000000000000, 0.000000000000000000 ) ) ;
#408 = ORIENTED_EDGE ( 'NONE', *, *, #1764, .T. ) ;
#409 = LINE ( 'NONE', #2531, #1013 ) ;
#410 = CARTESIAN_POINT ( 'NONE',  ( 15.80574243117894717, -3.461350305964711271, 0.000000000000000000 ) ) ;
#411 = LINE ( 'NONE', #1459, #1255 ) ;
#412 = CARTESIAN_POINT ( 'NONE',  ( 95.62608830174656305, 4.181434949440400395, -114.9999999999998579 ) ) ;
#413 = CARTESIAN_POINT ( 'NONE',  ( 79.90082942601640070, 2.420280362814005493, -328.9999999981797032 ) ) ;
#414 = ORIENTED_EDGE ( 'NONE', *, *, #1499, .T. ) ;
#415 = ORIENTED_EDGE ( 'NONE', *, *, #537, .F. ) ;
#416 = CARTESIAN_POINT ( 'NONE',  ( 110.4494662935805849, -0.2136498800601913661, -54.99999999999995737 ) ) ;
#417 = CARTESIAN_POINT ( 'NONE',  ( 86.75729166573823647, -1.083761663289079413, -252.0000000000001705 ) ) ;
#418 = PLANE ( 'NONE',  #788 ) ;
#419 = EDGE_CURVE ( 'NONE', #1440, #172, #1748, .T. ) ;
#420 = ORIENTED_EDGE ( 'NONE', *, *, #1626, .F. ) ;
#421 = ORIENTED_EDGE ( 'NONE', *, *, #2530, .F. ) ;
#422 = AXIS2_PLACEMENT_3D ( 'NONE', #2568, #1737, #444 ) ;
#423 = CARTESIAN_POINT ( 'NONE',  ( 0.03206516888175714453, 0.2597402073430205016, 0.000000000000000000 ) ) ;
#424 = CARTESIAN_POINT ( 'NONE',  ( 81.07088799754794195, -1.292470784576979614, -329.0000000000002274 ) ) ;
#425 = CARTESIAN_POINT ( 'NONE',  ( 86.34999155101986901, -0.5983602883001503114, -52.00000000000000711 ) ) ;
#426 = LINE ( 'NONE', #2348, #1818 ) ;
#427 = ORIENTED_EDGE ( 'NONE', *, *, #559, .F. ) ;
#428 = CARTESIAN_POINT ( 'NONE',  ( 0.1382493686299775815, -3.764469013025363964, -115.0000000000000000 ) ) ;
#429 = CARTESIAN_POINT ( 'NONE',  ( 39.65060809292251065, -0.4437060276293071093, -329.0000000000001705 ) ) ;
#430 = CARTESIAN_POINT ( 'NONE',  ( 110.3683070456857820, 1.020431608612438312, -1.999999999999981792 ) ) ;
#431 = EDGE_LOOP ( 'NONE', ( #157, #2048, #171, #1454, #2130, #1616 ) ) ;
#432 = CARTESIAN_POINT ( 'NONE',  ( 45.87753826613575114, 10.43996042875145314, 0.000000000000000000 ) ) ;
#433 = LINE ( 'NONE', #187, #484 ) ;
#434 = DIRECTION ( 'NONE',  ( 0.7660444431189769032, 0.6427876096865406952, 0.000000000000000000 ) ) ;
#435 = CARTESIAN_POINT ( 'NONE',  ( 41.37111354396308371, -2.748543384104833009, 0.000000000000000000 ) ) ;
#436 = ORIENTED_EDGE ( 'NONE', *, *, #134, .T. ) ;
#437 = ORIENTED_EDGE ( 'NONE', *, *, #1954, .F. ) ;
#438 = CARTESIAN_POINT ( 'NONE',  ( 42.14191595840375726, 2.655410382434052252, -329.0000000000002274 ) ) ;
#439 = CARTESIAN_POINT ( 'NONE',  ( 0.1382427992404589856, -3.764374994924611695, -254.0000000000000000 ) ) ;
#440 = CARTESIAN_POINT ( 'NONE',  ( 114.9008294260163723, -0.05016421021564967248, 0.000000000000000000 ) ) ;
#441 = LINE ( 'NONE', #1234, #890 ) ;
#442 = ORIENTED_EDGE ( 'NONE', *, *, #2435, .F. ) ;
#443 = EDGE_CURVE ( 'NONE', #1173, #546, #898, .T. ) ;
#444 = DIRECTION ( 'NONE',  ( 1.000000000000000000, 0.000000000000000000, 0.000000000000000000 ) ) ;
#445 = VECTOR ( 'NONE', #267, 1000.000000000000000 ) ;
#446 = CARTESIAN_POINT ( 'NONE',  ( 111.9008294260163865, -0.1603460212006482255, -251.9999999999999432 ) ) ;
#447 = ORIENTED_EDGE ( 'NONE', *, *, #1197, .F. ) ;
#448 = VECTOR ( 'NONE', #967, 1000.000000000000227 ) ;
#449 = CARTESIAN_POINT ( 'NONE',  ( 87.08307149492985388, -1.071794547968487388, -254.0000000000000568 ) ) ;
#450 = DIRECTION ( 'NONE',  ( 2.773687824619957966E-14, 1.000000000000000000, 0.000000000000000000 ) ) ;
#451 = VECTOR ( 'NONE', #1927, 1000.000000000000000 ) ;
#452 = CARTESIAN_POINT ( 'NONE',  ( 64.31996693730249604, -1.905941910399539641, -329.0000000000006253 ) ) ;
#453 = CARTESIAN_POINT ( 'NONE',  ( 64.87711080975755351, 6.847358922850097507, -329.0000000000001705 ) ) ;
#454 = CARTESIAN_POINT ( 'NONE',  ( 90.64281113541035495, -0.9410529509888772015, -329.0000000000002274 ) ) ;
#455 = LINE ( 'NONE', #2154, #2214 ) ;
#456 = LINE ( 'NONE', #428, #277 ) ;
#457 = CARTESIAN_POINT ( 'NONE',  ( 114.4000000000000057, -0.06855999999999999595, 0.000000000000000000 ) ) ;
#458 = PLANE ( 'NONE',  #699 ) ;
#459 = CARTESIAN_POINT ( 'NONE',  ( 87.97635880849250611, -1.038980753687999803, -254.0000000000001137 ) ) ;
#460 = CARTESIAN_POINT ( 'NONE',  ( 8.855444408817431778, 6.352929093259298554, 0.000000000000000000 ) ) ;
#461 = CARTESIAN_POINT ( 'NONE',  ( 107.0971106942783138, -0.3367518057662812203, 0.000000000000000000 ) ) ;
#462 = ADVANCED_FACE ( 'NONE', ( #1976 ), #1723, .F. ) ;
#463 = ORIENTED_EDGE ( 'NONE', *, *, #519, .F. ) ;
#464 = FACE_OUTER_BOUND ( 'NONE', #739, .T. ) ;
#465 = CARTESIAN_POINT ( 'NONE',  ( 88.45883090362985968, -1.021249231171040384, -180.0000000000000284 ) ) ;
#466 = CARTESIAN_POINT ( 'NONE',  ( 114.6000664496678638, 0.02113321156946071019, -329.0000000000000000 ) ) ;
#467 = EDGE_CURVE ( 'NONE', #2195, #2318, #2105, .T. ) ;
#468 = LINE ( 'NONE', #2586, #2088 ) ;
#469 = CARTESIAN_POINT ( 'NONE',  ( 86.34999562234368398, -0.5983651403149211623, -182.0000000000000000 ) ) ;
#470 = CARTESIAN_POINT ( 'NONE',  ( 44.28531036956260891, 3.718762784259736609, -328.9999999999993179 ) ) ;
#471 = EDGE_CURVE ( 'NONE', #2195, #1421, #475, .T. ) ;
#472 = PLANE ( 'NONE',  #2395 ) ;
#473 = CARTESIAN_POINT ( 'NONE',  ( 52.94137930274265358, 6.040875232489733904, -329.0000000000004547 ) ) ;
#474 = CARTESIAN_POINT ( 'NONE',  ( 0.000000000000000000, 0.000000000000000000, -252.0000000000000000 ) ) ;
#475 = LINE ( 'NONE', #908, #2450 ) ;
#476 = CARTESIAN_POINT ( 'NONE',  ( 90.34459245260609350, -0.9519948709726480107, -252.0000000000002274 ) ) ;
#477 = EDGE_CURVE ( 'NONE', #1037, #628, #1327, .T. ) ;
#478 = CARTESIAN_POINT ( 'NONE',  ( 88.49503078749695817, 5.286158978305759426, -252.0000000000001705 ) ) ;
#479 = CARTESIAN_POINT ( 'NONE',  ( 110.9917313044413163, -0.1937317145176628008, -251.9999999999999432 ) ) ;
#480 = VERTEX_POINT ( 'NONE', #2615 ) ;
#481 =( GEOMETRIC_REPRESENTATION_CONTEXT ( 3 ) GLOBAL_UNCERTAINTY_ASSIGNED_CONTEXT ( ( #63 ) ) GLOBAL_UNIT_ASSIGNED_CONTEXT ( ( #81, #668, #1103 ) ) REPRESENTATION_CONTEXT ( 'NONE', 'WORKASPACE' ) );
#482 = CARTESIAN_POINT ( 'NONE',  ( 98.45408093305573516, -0.6541702060449232636, -253.9999999999995453 ) ) ;
#483 = CARTESIAN_POINT ( 'NONE',  ( 110.9917313044413163, -0.1937317145176628008, -257.0000000000000000 ) ) ;
#485 = ORIENTED_EDGE ( 'NONE', *, *, #1049, .F. ) ;
#484 = VECTOR ( 'NONE', #1704, 1000.000000000000000 ) ;
#486 = CARTESIAN_POINT ( 'NONE',  ( 40.94917484507263339, 1.753697705252455608, -328.9999999999999432 ) ) ;
#487 = VECTOR ( 'NONE', #1227, 1000.000000000000227 ) ;
#488 = CARTESIAN_POINT ( 'NONE',  ( 86.68864947684296851, 5.842517813688420603, -62.75336824614084463 ) ) ;
#489 = EDGE_CURVE ( 'NONE', #749, #541, #729, .T. ) ;
#490 = CARTESIAN_POINT ( 'NONE',  ( 85.89839378434405148, -4.727338508037930431, 0.000000000000000000 ) ) ;
#491 = CARTESIAN_POINT ( 'NONE',  ( 40.10202979910347665, 0.9079461835023510119, -329.0000000000001705 ) ) ;
#492 = CARTESIAN_POINT ( 'NONE',  ( 111.9008294260164007, -0.1603452794301968853, -303.6666666666666288 ) ) ;
#493 = CARTESIAN_POINT ( 'NONE',  ( 114.3999999988899248, 0.06856000026313635587, 0.000000000000000000 ) ) ;
#494 = ORIENTED_EDGE ( 'NONE', *, *, #2392, .T. ) ;
#495 = PLANE ( 'NONE',  #1868 ) ;
#496 = CARTESIAN_POINT ( 'NONE',  ( 106.2800535652953755, -0.3667593670196749867, -1.999999999999980460 ) ) ;
#497 = EDGE_CURVE ( 'NONE', #1751, #1910, #1671, .T. ) ;
#498 = ORIENTED_EDGE ( 'NONE', *, *, #1835, .T. ) ;
#499 = CARTESIAN_POINT ( 'NONE',  ( 111.9008294260164007, -0.1603475177642302296, -139.0000000000000568 ) ) ;
#500 = EDGE_CURVE ( 'NONE', #1186, #922, #1851, .T. ) ;
#501 = LINE ( 'NONE', #1718, #1114 ) ;
#502 = CARTESIAN_POINT ( 'NONE',  ( 91.22109145844591183, 4.725135079984920772, -328.9999999750465349 ) ) ;
#503 = DIRECTION ( 'NONE',  ( 0.000000000000000000, 0.000000000000000000, -1.000000000000000000 ) ) ;
#504 = CARTESIAN_POINT ( 'NONE',  ( 105.5965905952907491, 0.1084748940666349637, -254.0000000000000000 ) ) ;
#505 = ORIENTED_EDGE ( 'NONE', *, *, #443, .T. ) ;
#506 = EDGE_LOOP ( 'NONE', ( #1926, #571, #1154, #658, #2699 ) ) ;
#507 = CARTESIAN_POINT ( 'NONE',  ( 114.6546645710618009, 0.008190444022197807677, -328.9999999999998863 ) ) ;
#508 = CARTESIAN_POINT ( 'NONE',  ( 17.63271635543052440, -3.466193515785781276, 0.000000000000000000 ) ) ;
#509 = ORIENTED_EDGE ( 'NONE', *, *, #2243, .F. ) ;
#510 = EDGE_CURVE ( 'NONE', #1861, #642, #1627, .T. ) ;
#511 = CARTESIAN_POINT ( 'NONE',  ( 105.5965905952907491, 0.1084748940666349637, -257.0000000000000000 ) ) ;
#512 = DIRECTION ( 'NONE',  ( -0.9993263259286705447, -0.03670005866349869417, -0.000000000000000000 ) ) ;
#513 = CARTESIAN_POINT ( 'NONE',  ( 81.60888389212500726, 6.009684624304163947, -328.9999999999996589 ) ) ;
#514 = CARTESIAN_POINT ( 'NONE',  ( 100.0957879714227516, 3.174219510910125663, -328.9999999980304324 ) ) ;
#515 = LINE ( 'NONE', #1355, #925 ) ;
#516 = EDGE_LOOP ( 'NONE', ( #1699, #1999, #850, #1500 ) ) ;
#517 = FACE_OUTER_BOUND ( 'NONE', #2546, .T. ) ;
#518 = ORIENTED_EDGE ( 'NONE', *, *, #1477, .F. ) ;
#519 = EDGE_CURVE ( 'NONE', #531, #1786, #174, .T. ) ;
#520 = EDGE_LOOP ( 'NONE', ( #442, #408, #2238, #2334, #2556, #2446, #1455, #998 ) ) ;
#521 = CARTESIAN_POINT ( 'NONE',  ( 96.22643135716322149, -0.7359832544053732661, -328.9999999999998295 ) ) ;
#522 = ORIENTED_EDGE ( 'NONE', *, *, #1129, .T. ) ;
#523 = CARTESIAN_POINT ( 'NONE',  ( 40.73056263834868673, 1.549140884049841072, -328.9999999999999432 ) ) ;
#524 = CARTESIAN_POINT ( 'NONE',  ( 86.55717977167714139, 5.685838320239746224, -193.8043461087785317 ) ) ;
#525 = AXIS2_PLACEMENT_3D ( 'NONE', #723, #552, #2431 ) ;
#526 = VECTOR ( 'NONE', #407, 1000.000000000000000 ) ;
#527 = B_SPLINE_CURVE_WITH_KNOTS ( 'NONE', 3,
 ( #1598, #387, #1453, #2501, #2269, #2287, #589, #1228 ),
 .UNSPECIFIED., .F., .F.,
 ( 4, 2, 2, 4 ),
 ( 0.000000000000000000, 0.08225028659649510909, 0.1645005731929902182, 0.3290011463859803809 ),
 .UNSPECIFIED. ) ;
#528 = CARTESIAN_POINT ( 'NONE',  ( 53.17823665351104268, 10.11732879380016925, 0.000000000000000000 ) ) ;
#529 = VECTOR ( 'NONE', #2489, 1000.000000000000000 ) ;
#530 = CARTESIAN_POINT ( 'NONE',  ( 101.3897451853904101, 2.922992896073491220, -329.0000000016890453 ) ) ;
#531 = VERTEX_POINT ( 'NONE', #1229 ) ;
#532 = CARTESIAN_POINT ( 'NONE',  ( 109.7871838215895934, 0.2623695672188540162, -257.0000000000000000 ) ) ;
#533 = CARTESIAN_POINT ( 'NONE',  ( 96.16673039234932219, -0.7381758006210042966, -327.0000000000000000 ) ) ;
#534 = DIRECTION ( 'NONE',  ( 0.000000000000000000, 0.000000000000000000, -1.000000000000000000 ) ) ;
#535 = ORIENTED_EDGE ( 'NONE', *, *, #2196, .F. ) ;
#536 = AXIS2_PLACEMENT_3D ( 'NONE', #845, #1248, #2098 ) ;
#537 = EDGE_CURVE ( 'NONE', #1482, #2731, #1532, .T. ) ;
#538 = CARTESIAN_POINT ( 'NONE',  ( 112.9772959754905912, -0.1208168419519531217, -329.0000000000000000 ) ) ;
#539 = CARTESIAN_POINT ( 'NONE',  ( 55.94434127038287841, -2.207485649822813922, -329.0000000000001137 ) ) ;
#540 = CARTESIAN_POINT ( 'NONE',  ( 111.9008294260164007, -0.1603469925516940453, -182.0000000000000000 ) ) ;
#541 = VERTEX_POINT ( 'NONE', #1950 ) ;
#542 = CARTESIAN_POINT ( 'NONE',  ( 57.69833539419930446, 6.588840142674914802, -328.9999999999994884 ) ) ;
#543 = DIRECTION ( 'NONE',  ( 0.9993259977782117387, 0.03670899296605030504, 0.000000000000000000 ) ) ;
#544 = CARTESIAN_POINT ( 'NONE',  ( 114.7756220695123375, -0.02048315766173460298, 0.000000000000000000 ) ) ;
#545 = CARTESIAN_POINT ( 'NONE',  ( 87.04699505697381312, 5.341617744470121387, -328.9999999656196223 ) ) ;
#546 = VERTEX_POINT ( 'NONE', #1074 ) ;
#547 = EDGE_CURVE ( 'NONE', #2182, #2012, #49, .T. ) ;
#548 = CARTESIAN_POINT ( 'NONE',  ( 99.31070844905764261, -0.1223754370173359279, -254.0000000000000000 ) ) ;
#549 = CARTESIAN_POINT ( 'NONE',  ( 93.98764517664196205, -0.8182037374915439587, -257.0000000000000000 ) ) ;
#550 = VERTEX_POINT ( 'NONE', #1054 ) ;
#551 = CARTESIAN_POINT ( 'NONE',  ( 114.6504147130081037, 0.009197894892181835216, 0.000000000000000000 ) ) ;
#552 = DIRECTION ( 'NONE',  ( 0.7660444431189817882, -0.6427876096865348110, 0.000000000000000000 ) ) ;
#553 = DIRECTION ( 'NONE',  ( 0.7660444431189817882, -0.6427876096865348110, 0.000000000000000000 ) ) ;
#554 = VERTEX_POINT ( 'NONE', #2308 ) ;
#555 = ADVANCED_FACE ( 'NONE', ( #2278 ), #569, .T. ) ;
#556 = CARTESIAN_POINT ( 'NONE',  ( 13.21156810377354596, 7.723234188731626482, 0.000000000000000000 ) ) ;
#557 = CARTESIAN_POINT ( 'NONE',  ( 111.8824798098075775, 0.3393171569353730099, -252.0000000000000000 ) ) ;
#558 = CARTESIAN_POINT ( 'NONE',  ( 111.9008294260164149, 0.6585753360961015268, -201.0405272501299123 ) ) ;
#559 = EDGE_CURVE ( 'NONE', #1984, #2524, #992, .T. ) ;
#560 = CARTESIAN_POINT ( 'NONE',  ( 113.4386127136973812, 0.2960806543087541876, -329.0000000392773245 ) ) ;
#561 = ORIENTED_EDGE ( 'NONE', *, *, #2442, .T. ) ;
#562 = PLANE ( 'NONE',  #1771 ) ;
#563 = ORIENTED_EDGE ( 'NONE', *, *, #734, .T. ) ;
#564 = CARTESIAN_POINT ( 'NONE',  ( 88.83423266298044041, -0.5071306002127375923, -254.0000000000000000 ) ) ;
#565 = CARTESIAN_POINT ( 'NONE',  ( 86.71783858008188872, 5.877304032337975492, -26.46838032469700508 ) ) ;
#566 = ORIENTED_EDGE ( 'NONE', *, *, #955, .T. ) ;
#567 = EDGE_CURVE ( 'NONE', #2116, #2068, #456, .T. ) ;
#568 = B_SPLINE_CURVE_WITH_KNOTS ( 'NONE', 3,
 ( #2046, #2730, #144, #810 ),
 .UNSPECIFIED., .F., .F.,
 ( 4, 4 ),
 ( 1.908195823574487804E-17, 0.05300000000034370273 ),
 .UNSPECIFIED. ) ;
#569 = PLANE ( 'NONE',  #807 ) ;
#570 = CARTESIAN_POINT ( 'NONE',  ( 46.36812943917652063, -2.190963278361377942, -328.9999999999993179 ) ) ;
#571 = ORIENTED_EDGE ( 'NONE', *, *, #134, .F. ) ;
#572 = CARTESIAN_POINT ( 'NONE',  ( 8.855444408817431778, 6.352929093259298554, 0.000000000000000000 ) ) ;
#573 = CARTESIAN_POINT ( 'NONE',  ( 105.5965905952907491, 0.1084748940666349637, -252.0000000000000000 ) ) ;
#574 = DIRECTION ( 'NONE',  ( -0.9993263173578234015, -0.03670029204312422189, -0.000000000000000000 ) ) ;
#575 = AXIS2_PLACEMENT_3D ( 'NONE', #399, #1285, #2361 ) ;
#576 = CARTESIAN_POINT ( 'NONE',  ( 92.31713407561485951, 4.738771284227150105, -182.0000000000001421 ) ) ;
#577 = VERTEX_POINT ( 'NONE', #2554 ) ;
#578 = VECTOR ( 'NONE', #2299, 1000.000000000000000 ) ;
#579 = CARTESIAN_POINT ( 'NONE',  ( 58.33768954603930723, -2.130301504564653392, -329.0000000000000568 ) ) ;
#580 = CARTESIAN_POINT ( 'NONE',  ( 0.1383122910852398468, -3.765264506753899010, -252.0000000000000000 ) ) ;
#581 = VERTEX_POINT ( 'NONE', #2597 ) ;
#582 = CARTESIAN_POINT ( 'NONE',  ( 96.55561028749663421, 3.839982619061675262, -327.0000000000002842 ) ) ;
#583 = FACE_OUTER_BOUND ( 'NONE', #1084, .T. ) ;
#584 = CARTESIAN_POINT ( 'NONE',  ( 87.22477427187349974, -1.066602095507886316, -329.0000000441736461 ) ) ;
#585 = ADVANCED_FACE ( 'NONE', ( #2144 ), #1713, .T. ) ;
#586 = FACE_OUTER_BOUND ( 'NONE', #2386, .T. ) ;
#587 = CARTESIAN_POINT ( 'NONE',  ( 111.9008294260164007, -0.1603469925516940453, -185.0000000000000000 ) ) ;
#588 = CARTESIAN_POINT ( 'NONE',  ( 52.32553027587235306, -2.348838596796508860, 0.000000000000000000 ) ) ;
#589 = CARTESIAN_POINT ( 'NONE',  ( 83.26826253256668053, 6.433430865366007723, -54.83346196204509226 ) ) ;
#590 = ORIENTED_EDGE ( 'NONE', *, *, #1237, .T. ) ;
#591 = ORIENTED_EDGE ( 'NONE', *, *, #1822, .F. ) ;
#592 = LINE ( 'NONE', #1456, #1640 ) ;
#593 = EDGE_CURVE ( 'NONE', #2716, #2536, #2136, .T. ) ;
#594 = CARTESIAN_POINT ( 'NONE',  ( 45.02262327353100346, -2.616337607518693265, 0.000000000000000000 ) ) ;
#595 = CARTESIAN_POINT ( 'NONE',  ( 0.000000000000000000, 0.000000000000000000, -117.0000000000000000 ) ) ;
#596 = LINE ( 'NONE', #1430, #58 ) ;
#597 = CARTESIAN_POINT ( 'NONE',  ( 86.75727354306989980, -1.083740065524691820, -52.00000000000000711 ) ) ;
#598 = ORIENTED_EDGE ( 'NONE', *, *, #1888, .F. ) ;
#599 = VERTEX_POINT ( 'NONE', #46 ) ;
#600 = CARTESIAN_POINT ( 'NONE',  ( 109.7871838215895934, 0.2623695672188540162, -252.0000000000000000 ) ) ;
#601 = CARTESIAN_POINT ( 'NONE',  ( 91.32472253686520958, -0.9160080830273181762, -329.0000000441735892 ) ) ;
#602 = CARTESIAN_POINT ( 'NONE',  ( 114.9008294260164007, -0.05016421021564898552, -109.6666666666666572 ) ) ;
#603 = SURFACE_STYLE_FILL_AREA ( #2517 ) ;
#604 = EDGE_LOOP ( 'NONE', ( #1691, #1578, #447, #717, #1977, #856 ) ) ;
#605 = CARTESIAN_POINT ( 'NONE',  ( 12.15251598662525723, -3.390816979851185131, 0.000000000000000000 ) ) ;
#606 = DIRECTION ( 'NONE',  ( 0.9993263259286705447, 0.03670005866349869417, 0.000000000000000000 ) ) ;
#607 = CARTESIAN_POINT ( 'NONE',  ( 111.9008294260164007, -9.946594549830242826, -180.0000000000000000 ) ) ;
#608 = VERTEX_POINT ( 'NONE', #2349 ) ;
#609 = B_SPLINE_CURVE_WITH_KNOTS ( 'NONE', 3,
 ( #1567, #975, #565, #947, #1371, #1812, #1801 ),
 .UNSPECIFIED., .F., .F.,
 ( 4, 3, 4 ),
 ( 6.938893903907228378E-18, 0.04279746251516235861, 0.05300003802438453537 ),
 .UNSPECIFIED. ) ;
#610 = ORIENTED_EDGE ( 'NONE', *, *, #2137, .F. ) ;
#611 = CARTESIAN_POINT ( 'NONE',  ( 82.83194023991698884, 5.913442205571826094, -328.9999999567214672 ) ) ;
#612 = DIRECTION ( 'NONE',  ( 0.6427876096865406952, -0.7660444431189769032, 0.000000000000000000 ) ) ;
#613 = CARTESIAN_POINT ( 'NONE',  ( 73.89196646343162911, -1.556605947598363571, -329.0000000000007390 ) ) ;
#614 = CARTESIAN_POINT ( 'NONE',  ( 113.2715353784449519, 0.3355359392074874214, -329.0000000387189516 ) ) ;
#615 = ORIENTED_EDGE ( 'NONE', *, *, #1279, .T. ) ;
#616 = DIRECTION ( 'NONE',  ( -0.03670004141730632413, 0.9993263265620335734, 0.000000000000000000 ) ) ;
#617 = CARTESIAN_POINT ( 'NONE',  ( 42.79038841717878938, -1.892554132611953932, -328.9999999999994316 ) ) ;
#618 = AXIS2_PLACEMENT_3D ( 'NONE', #1717, #254, #891 ) ;
#619 = CARTESIAN_POINT ( 'NONE',  ( 86.75727375188954227, -1.083740314386239412, -139.0000000000000853 ) ) ;
#620 = ORIENTED_EDGE ( 'NONE', *, *, #2622, .F. ) ;
#621 = VECTOR ( 'NONE', #2168, 1000.000000000000000 ) ;
#622 = AXIS2_PLACEMENT_3D ( 'NONE', #2203, #1182, #1417 ) ;
#623 = ORIENTED_EDGE ( 'NONE', *, *, #1104, .T. ) ;
#624 = EDGE_CURVE ( 'NONE', #1786, #1157, #1963, .T. ) ;
#625 = DIRECTION ( 'NONE',  ( -0.03670029204312422882, 0.9993263173578235126, 0.000000000000000000 ) ) ;
#626 = CARTESIAN_POINT ( 'NONE',  ( 111.8824798098075775, 0.3393171569353730099, -249.0000000000000000 ) ) ;
#627 = CARTESIAN_POINT ( 'NONE',  ( 86.34999155101986901, -0.5983602883001503114, -52.00000000000000711 ) ) ;
#628 = VERTEX_POINT ( 'NONE', #2128 ) ;
#629 = EDGE_LOOP ( 'NONE', ( #1934, #778, #1155, #2003, #1079 ) ) ;
#630 = CARTESIAN_POINT ( 'NONE',  ( 44.17664738836662508, -2.064851365709543085, -328.9999999999993179 ) ) ;
#631 = DIRECTION ( 'NONE',  ( 1.000000000000000000, 0.000000000000000000, 0.000000000000000000 ) ) ;
#632 = FACE_OUTER_BOUND ( 'NONE', #2255, .T. ) ;
#633 = CARTESIAN_POINT ( 'NONE',  ( 86.75727371397864829, -1.083740269205811346, -18.66666666666667140 ) ) ;
#634 = ORIENTED_EDGE ( 'NONE', *, *, #1778, .F. ) ;
#635 = CARTESIAN_POINT ( 'NONE',  ( 83.81705129401322552, 2.420280362814021480, -115.0000000000000000 ) ) ;
#636 = ORIENTED_EDGE ( 'NONE', *, *, #497, .F. ) ;
#637 = CARTESIAN_POINT ( 'NONE',  ( 106.7040533121437136, -0.3511881670975301462, -54.99999999999993605 ) ) ;
#638 = LINE ( 'NONE', #1931, #2216 ) ;
#639 = CARTESIAN_POINT ( 'NONE',  ( 90.89733167363759492, 4.895142731468721031, -254.0000000000002274 ) ) ;
#640 = ADVANCED_FACE ( 'NONE', ( #2606 ), #686, .T. ) ;
#641 = VERTEX_POINT ( 'NONE', #1298 ) ;
#642 = VERTEX_POINT ( 'NONE', #674 ) ;
#643 = CARTESIAN_POINT ( 'NONE',  ( 38.56979445614752677, 10.47474869993192748, 0.000000000000000000 ) ) ;
#644 = FACE_BOUND ( 'NONE', #2288, .T. ) ;
#645 = CARTESIAN_POINT ( 'NONE',  ( 114.7756220695123375, -0.02048315766173460298, 0.000000000000000000 ) ) ;
#646 = CARTESIAN_POINT ( 'NONE',  ( 110.6685937716758588, 0.9487068053966714043, -114.9999999999999858 ) ) ;
#647 = ORIENTED_EDGE ( 'NONE', *, *, #2585, .T. ) ;
#648 = CARTESIAN_POINT ( 'NONE',  ( 111.9008294260164007, -0.1603466840601580345, -206.3333333333333144 ) ) ;
#649 = CARTESIAN_POINT ( 'NONE',  ( 111.9008294260164007, -0.1603470177296336674, -180.0000000000000000 ) ) ;
#650 = VERTEX_POINT ( 'NONE', #1530 ) ;
#651 = LINE ( 'NONE', #1274, #662 ) ;
#652 = DIRECTION ( 'NONE',  ( 1.000000000000000000, 0.000000000000000000, 0.000000000000000000 ) ) ;
#653 = CARTESIAN_POINT ( 'NONE',  ( 87.06786909045558787, 5.501480690035984722, -254.0000000000001705 ) ) ;
#654 = ORIENTED_EDGE ( 'NONE', *, *, #104, .F. ) ;
#655 = EDGE_CURVE ( 'NONE', #1529, #2765, #228, .T. ) ;
#656 = CARTESIAN_POINT ( 'NONE',  ( 0.2227176076624322321, 0.6770619950843719259, 0.000000000000000000 ) ) ;
#657 = CARTESIAN_POINT ( 'NONE',  ( 82.95808413683273841, -1.223213922276929155, -329.0000000441723955 ) ) ;
#658 = ORIENTED_EDGE ( 'NONE', *, *, #2196, .T. ) ;
#659 = AXIS2_PLACEMENT_3D ( 'NONE', #219, #625, #2085 ) ;
#660 = CARTESIAN_POINT ( 'NONE',  ( 84.14495494595391278, 6.354089722507964666, 0.000000000000000000 ) ) ;
#661 = B_SPLINE_CURVE_WITH_KNOTS ( 'NONE', 3,
 ( #1731, #2173, #31, #1761, #871, #2603, #273, #2579, #2141, #657 ),
 .UNSPECIFIED., .F., .F.,
 ( 4, 3, 3, 4 ),
 ( 0.000000000000000000, 0.07399158924332893683, 0.2014957946216575091, 0.3290000000001161995 ),
 .UNSPECIFIED. ) ;
#662 = VECTOR ( 'NONE', #1451, 1000.000000000000000 ) ;
#663 = AXIS2_PLACEMENT_3D ( 'NONE', #2415, #1171, #2688 ) ;
#664 = FACE_OUTER_BOUND ( 'NONE', #24, .T. ) ;
#665 = CARTESIAN_POINT ( 'NONE',  ( 93.98764517664196205, -0.8182037374915439587, -257.0000000000000000 ) ) ;
#666 = CARTESIAN_POINT ( 'NONE',  ( 111.9008294260164149, 0.3399892986060862321, -117.0000000000000000 ) ) ;
#667 = ADVANCED_FACE ( 'NONE', ( #464 ), #1316, .T. ) ;
#668 =( NAMED_UNIT ( * ) PLANE_ANGLE_UNIT ( ) SI_UNIT ( $, .RADIAN. ) );
#669 = CARTESIAN_POINT ( 'NONE',  ( 3.117443883882528688, 3.571704146890768428, 0.000000000000000000 ) ) ;
#670 = CARTESIAN_POINT ( 'NONE',  ( 86.75727748948369822, -1.083744768677505910, -180.0000000000000000 ) ) ;
#671 = EDGE_CURVE ( 'NONE', #132, #2486, #244, .T. ) ;
#672 = CARTESIAN_POINT ( 'NONE',  ( 108.2800524931421506, -0.2933102996025123144, -251.9999999999999432 ) ) ;
#673 = ORIENTED_EDGE ( 'NONE', *, *, #547, .F. ) ;
#674 = CARTESIAN_POINT ( 'NONE',  ( 111.9008294260164007, -0.1603489315469414089, -2.000000000000000000 ) ) ;
#675 = CARTESIAN_POINT ( 'NONE',  ( 103.8138119759175169, -0.4573389353999083862, -251.9999999999999432 ) ) ;
#676 = EDGE_CURVE ( 'NONE', #316, #922, #863, .T. ) ;
#677 = CARTESIAN_POINT ( 'NONE',  ( 110.7900849390821776, -0.2011384563851987550, -179.9999999999998863 ) ) ;
#678 = CARTESIAN_POINT ( 'NONE',  ( 86.82572552704712621, -1.081226124428694924, -56.99999999999999289 ) ) ;
#679 = CARTESIAN_POINT ( 'NONE',  ( 108.2960524859136484, -0.2927227069255809999, -254.0000000000001137 ) ) ;
#680 = CARTESIAN_POINT ( 'NONE',  ( 83.81705129401322552, 2.420280362814021480, -115.0000000000000000 ) ) ;
#681 = EDGE_CURVE ( 'NONE', #2471, #1620, #1794, .T. ) ;
#682 = CARTESIAN_POINT ( 'NONE',  ( 6.308538238988460556, 5.342362688645980739, 0.000000000000000000 ) ) ;
#683 = FACE_BOUND ( 'NONE', #756, .T. ) ;
#684 = DIRECTION ( 'NONE',  ( 0.000000000000000000, 1.000000000000000000, 0.000000000000000000 ) ) ;
#685 = ORIENTED_EDGE ( 'NONE', *, *, #256, .T. ) ;
#686 = PLANE ( 'NONE',  #422 ) ;
#687 = AXIS2_PLACEMENT_3D ( 'NONE', #635, #1307, #886 ) ;
#688 = ORIENTED_EDGE ( 'NONE', *, *, #2078, .F. ) ;
#689 = CARTESIAN_POINT ( 'NONE',  ( 109.9120242841669892, 1.130326364673033268, -328.9999999999997726 ) ) ;
#690 = EDGE_CURVE ( 'NONE', #642, #1946, #1585, .T. ) ;
#691 = CARTESIAN_POINT ( 'NONE',  ( 86.75727349766768270, -1.083740011416445048, -56.99999999999999289 ) ) ;
#692 = CARTESIAN_POINT ( 'NONE',  ( 103.8138119759175169, -0.4573389353999083862, -254.0000000000001137 ) ) ;
#693 = CARTESIAN_POINT ( 'NONE',  ( 111.9008294260163865, -0.1603460643313583955, -251.0000000000000000 ) ) ;
#694 = CARTESIAN_POINT ( 'NONE',  ( 43.19200510062093912, 3.230673047233286077, -328.9999999999998295 ) ) ;
#695 = CARTESIAN_POINT ( 'NONE',  ( 83.46387047211773336, -1.204657313906701166, -328.9999999999996589 ) ) ;
#696 = DIRECTION ( 'NONE',  ( -0.9993263562720425819, -0.03669923241761998550, -0.000000000000000000 ) ) ;
#697 = ORIENTED_EDGE ( 'NONE', *, *, #1795, .T. ) ;
#698 = B_SPLINE_CURVE_WITH_KNOTS ( 'NONE', 3,
 ( #2290, #2112, #209, #1048, #2717, #2076, #173, #813, #1662 ),
 .UNSPECIFIED., .F., .F.,
 ( 4, 1, 1, 1, 1, 1, 4 ),
 ( 0.01531462871388702615, 0.03659102008017822705, 0.05218157274076552776, 0.08336267806193996266, 0.1145437833831144669, 0.1457248887042889296, 0.1615913653115763626 ),
 .UNSPECIFIED. ) ;
#699 = AXIS2_PLACEMENT_3D ( 'NONE', #1320, #1755, #1310 ) ;
#700 = CARTESIAN_POINT ( 'NONE',  ( 100.6962708918386511, -0.5718321288926228041, -57.00000000000010658 ) ) ;
#702 = ORIENTED_EDGE ( 'NONE', *, *, #734, .F. ) ;
#701 = VECTOR ( 'NONE', #1005, 1000.000000000000000 ) ;
#703 = ADVANCED_FACE ( 'NONE', ( #2232 ), #418, .T. ) ;
#704 = CARTESIAN_POINT ( 'NONE',  ( 42.66033257625031183, 2.955274456221979040, -329.0000000000000000 ) ) ;
#705 = CARTESIAN_POINT ( 'NONE',  ( 111.9008294260163865, -0.1603460212006482255, -257.0000000000000000 ) ) ;
#706 = CARTESIAN_POINT ( 'NONE',  ( 71.35645846617997279, 8.325554318525336228, 0.000000000000000000 ) ) ;
#707 = DIRECTION ( 'NONE',  ( 0.000000000000000000, 0.000000000000000000, 1.000000000000000000 ) ) ;
#708 = CARTESIAN_POINT ( 'NONE',  ( 105.0403229906715694, 2.179051166629066838, -329.0000000124413191 ) ) ;
#709 = ORIENTED_EDGE ( 'NONE', *, *, #1663, .T. ) ;
#710 = CARTESIAN_POINT ( 'NONE',  ( 111.9008294260163865, -0.1603460212006482255, -257.0000000000000000 ) ) ;
#711 = CARTESIAN_POINT ( 'NONE',  ( 112.0297656323023006, 0.6304363369581543752, 0.000000000000000000 ) ) ;
#712 = ORIENTED_EDGE ( 'NONE', *, *, #951, .T. ) ;
#713 = LINE ( 'NONE', #82, #2624 ) ;
#714 = CARTESIAN_POINT ( 'NONE',  ( 111.9008294260164149, 0.3399892986060862321, -111.9999999999999858 ) ) ;
#715 = ADVANCED_FACE ( 'NONE', ( #2072 ), #1658, .T. ) ;
#716 = CARTESIAN_POINT ( 'NONE',  ( 111.9008294260163865, 0.6576246453720168139, -312.8952565316935761 ) ) ;
#717 = ORIENTED_EDGE ( 'NONE', *, *, #489, .F. ) ;
#718 = CARTESIAN_POINT ( 'NONE',  ( 86.73893716925522313, -0.5840986643999728223, -257.0000000000000000 ) ) ;
#719 = CARTESIAN_POINT ( 'NONE',  ( 108.2960524859136484, -0.2927227069255809999, -257.0000000000000000 ) ) ;
#720 = CARTESIAN_POINT ( 'NONE',  ( 107.0971106942783138, -0.3367518057662812203, 0.000000000000000000 ) ) ;
#721 = ORIENTED_EDGE ( 'NONE', *, *, #624, .T. ) ;
#722 = CARTESIAN_POINT ( 'NONE',  ( 8.502418295216218169, -3.225009158134750642, 0.000000000000000000 ) ) ;
#723 = CARTESIAN_POINT ( 'NONE',  ( 88.06118438317453467, 7.478241219270040929, -180.0000000000000000 ) ) ;
#724 = DIRECTION ( 'NONE',  ( 2.773687740400181649E-14, 1.000000000000000000, 0.000000000000000000 ) ) ;
#725 = CARTESIAN_POINT ( 'NONE',  ( 86.34999155101986901, -0.5983602883001503114, -60.00000000000000711 ) ) ;
#726 = ORIENTED_EDGE ( 'NONE', *, *, #1744, .T. ) ;
#727 = CARTESIAN_POINT ( 'NONE',  ( 86.54270586709233726, 5.668588992451891073, -205.6086902388627777 ) ) ;
#728 = CARTESIAN_POINT ( 'NONE',  ( 111.9008294260164007, -0.1603472927598631192, -158.0000000000000853 ) ) ;
#729 = B_SPLINE_CURVE_WITH_KNOTS ( 'NONE', 3,
 ( #493, #860, #1710, #2565, #645, #2347, #440 ),
 .UNSPECIFIED., .F., .F.,
 ( 4, 1, 1, 1, 4 ),
 ( 0.000000000000000000, 0.2499999999999622247, 0.4999999999999747979, 0.7499999999999874545, 1.000000000000000000 ),
 .UNSPECIFIED. ) ;
#730 = CARTESIAN_POINT ( 'NONE',  ( 105.2324863694495463, 2.150160186445706056, -329.0000000000002842 ) ) ;
#731 = CARTESIAN_POINT ( 'NONE',  ( 94.44654628171068111, 4.198762584302007994, -328.9999999829433364 ) ) ;
#732 = ORIENTED_EDGE ( 'NONE', *, *, #1237, .F. ) ;
#733 = CARTESIAN_POINT ( 'NONE',  ( 107.8558500808887999, 1.600648295050534076, -179.9999999999999716 ) ) ;
#734 = EDGE_CURVE ( 'NONE', #2471, #841, #1242, .T. ) ;
#735 = CARTESIAN_POINT ( 'NONE',  ( 86.63984742494912439, 5.784357793017956162, -117.0000000000000000 ) ) ;
#736 = CARTESIAN_POINT ( 'NONE',  ( 86.69339607141658632, 5.848174584824118227, -57.00000000000000000 ) ) ;
#737 = VERTEX_POINT ( 'NONE', #1915 ) ;
#738 = CARTESIAN_POINT ( 'NONE',  ( 86.87932011351082906, -1.079259850749960448, 0.000000000000000000 ) ) ;
#739 = EDGE_LOOP ( 'NONE', ( #125, #118, #634, #989 ) ) ;
#740 = APPLICATION_PROTOCOL_DEFINITION ( 'draft international standard', 'automotive_design', 1998, #2440 ) ;
#741 = EDGE_LOOP ( 'NONE', ( #1218, #2715, #591, #1623, #227, #2213 ) ) ;
#742 = VECTOR ( 'NONE', #2309, 1000.000000000000227 ) ;
#743 = EDGE_CURVE ( 'NONE', #841, #2632, #205, .T. ) ;
#744 = VECTOR ( 'NONE', #831, 1000.000000000000000 ) ;
#745 = CARTESIAN_POINT ( 'NONE',  ( 56.82334980667359758, 9.862391234211571600, 0.000000000000000000 ) ) ;
#746 = CARTESIAN_POINT ( 'NONE',  ( 87.62814893412797801, 5.261036220007668796, -328.9999999668679607 ) ) ;
#747 = ADVANCED_FACE ( 'NONE', ( #2108 ), #853, .T. ) ;
#748 = CARTESIAN_POINT ( 'NONE',  ( 86.73893716925522313, -0.5840986643999728223, -254.0000000000000000 ) ) ;
#749 = VERTEX_POINT ( 'NONE', #1705 ) ;
#750 = CARTESIAN_POINT ( 'NONE',  ( 111.9008294260164007, 0.3399892986060866207, -111.9999999999999574 ) ) ;
#751 = EDGE_LOOP ( 'NONE', ( #598, #2095, #314, #2236 ) ) ;
#752 = VECTOR ( 'NONE', #1646, 1000.000000000000000 ) ;
#753 = EDGE_CURVE ( 'NONE', #1271, #2567, #929, .T. ) ;
#754 = CARTESIAN_POINT ( 'NONE',  ( 53.55041531621382234, -2.263972010991505357, -329.0000000000002842 ) ) ;
#755 = B_SPLINE_CURVE_WITH_KNOTS ( 'NONE', 3,
 ( #1027, #346, #1450, #805 ),
 .UNSPECIFIED., .F., .F.,
 ( 4, 4 ),
 ( 0.003000000000000030854, 0.05500000000000002109 ),
 .UNSPECIFIED. ) ;
#756 = EDGE_LOOP ( 'NONE', ( #2145, #2100, #1150, #2111, #147, #566 ) ) ;
#757 = MANIFOLD_SOLID_BREP ( '<Éý½µ¶æ>-<Í¹Ì¨-À­Éì4>', #403 ) ;
#758 = CARTESIAN_POINT ( 'NONE',  ( 99.31070844905764261, -0.1223754370173359279, -257.0000000000000000 ) ) ;
#759 = CARTESIAN_POINT ( 'NONE',  ( 87.11158290946256955, -1.070758501587290468, -329.0000000441735324 ) ) ;
#760 = DIRECTION ( 'NONE',  ( -1.000000000000000000, 0.000000000000000000, 0.000000000000000000 ) ) ;
#761 = B_SPLINE_CURVE_WITH_KNOTS ( 'NONE', 3,
 ( #2679, #1382, #511, #758, #1571, #1610, #2467 ),
 .UNSPECIFIED., .F., .F.,
 ( 4, 1, 1, 1, 4 ),
 ( 0.01531462871388702615, 0.05188381286330936981, 0.08845299701273169612, 0.1250221811621540224, 0.1615913653115763626 ),
 .UNSPECIFIED. ) ;
#762 = CARTESIAN_POINT ( 'NONE',  ( 114.8187744743647869, -0.03071265880303271703, -328.9999999999999432 ) ) ;
#763 = EDGE_CURVE ( 'NONE', #2486, #581, #2694, .T. ) ;
#764 = CARTESIAN_POINT ( 'NONE',  ( 86.75727349766768270, -1.083740011416445048, -52.00000000000000711 ) ) ;
#765 = EDGE_LOOP ( 'NONE', ( #2510, #355, #987, #2641 ) ) ;
#766 = CARTESIAN_POINT ( 'NONE',  ( 86.57324567951830829, 5.704984923627746340, -180.0000000000000000 ) ) ;
#767 = CARTESIAN_POINT ( 'NONE',  ( 88.83423266298044041, -0.5071306002127375923, -254.0000000000000000 ) ) ;
#768 = CARTESIAN_POINT ( 'NONE',  ( 104.9690429360076536, -0.4149125235980395399, -327.0000000000007958 ) ) ;
#769 = DIRECTION ( 'NONE',  ( -0.9993259977782117387, -0.03670899296605030504, -0.000000000000000000 ) ) ;
#770 = CARTESIAN_POINT ( 'NONE',  ( 105.0006930992977914, -0.4137501561514130843, -329.0000000000006253 ) ) ;
#771 = CARTESIAN_POINT ( 'NONE',  ( 24.93930376377214841, -3.342003278002095179, 0.000000000000000000 ) ) ;
#772 = CARTESIAN_POINT ( 'NONE',  ( 90.02551508699829697, -0.9637376734456467586, -329.0000000441738734 ) ) ;
#773 = CARTESIAN_POINT ( 'NONE',  ( 86.69504196232624338, 5.850136081228721530, -55.00000000000000000 ) ) ;
#774 = DIRECTION ( 'NONE',  ( 0.6427876096855452692, -0.7660444431198121240, 0.000000000000000000 ) ) ;
#775 = LINE ( 'NONE', #191, #1469 ) ;
#776 = CARTESIAN_POINT ( 'NONE',  ( 113.7982583239457171, 0.2110970995369928771, -329.0000000404799039 ) ) ;
#777 = VERTEX_POINT ( 'NONE', #2762 ) ;
#778 = ORIENTED_EDGE ( 'NONE', *, *, #1058, .F. ) ;
#779 = CARTESIAN_POINT ( 'NONE',  ( 45.17238708059927177, -2.130771852478141160, -329.0000000000008527 ) ) ;
#780 = CARTESIAN_POINT ( 'NONE',  ( 0.000000000000000000, 0.000000000000000000, -51.99999999999999289 ) ) ;
#781 = LINE ( 'NONE', #2445, #1769 ) ;
#782 = EDGE_CURVE ( 'NONE', #2616, #2567, #1032, .T. ) ;
#783 = CARTESIAN_POINT ( 'NONE',  ( 20.35709721531501870, 9.244126943296109289, 0.000000000000000000 ) ) ;
#784 = CARTESIAN_POINT ( 'NONE',  ( 107.3644970499134388, 1.717121967488051348, -116.9999999999999716 ) ) ;
#785 = CARTESIAN_POINT ( 'NONE',  ( 95.43392307368847582, -0.7650885111259578819, -329.0000000441737029 ) ) ;
#786 = CARTESIAN_POINT ( 'NONE',  ( 106.8809482891225855, 1.831745721330978460, -54.99999999999998579 ) ) ;
#787 = ADVANCED_FACE ( 'NONE', ( #993 ), #2662, .T. ) ;
#788 = AXIS2_PLACEMENT_3D ( 'NONE', #1869, #28, #1470 ) ;
#789 = LINE ( 'NONE', #129, #268 ) ;
#790 = CARTESIAN_POINT ( 'NONE',  ( 113.4220778146455899, 0.2999863494352745796, -329.0000000392221295 ) ) ;
#791 = EDGE_LOOP ( 'NONE', ( #389, #2523, #1886, #2343, #1773, #1379, #2325, #1162 ) ) ;
#792 = VECTOR ( 'NONE', #1878, 1000.000000000000000 ) ;
#793 = CARTESIAN_POINT ( 'NONE',  ( 86.75727333237441030, -1.083739814427592707, -115.0000000000000000 ) ) ;
#794 = CARTESIAN_POINT ( 'NONE',  ( 0.9653009461774890720, -1.684278744193306698, 0.000000000000000000 ) ) ;
#795 = PLANE ( 'NONE',  #2103 ) ;
#796 = CARTESIAN_POINT ( 'NONE',  ( 111.8824798098075775, 0.3393171569353730099, -249.0000000000000000 ) ) ;
#797 = CARTESIAN_POINT ( 'NONE',  ( 111.9008294260164007, 0.3399900758465235762, -177.0000000000000000 ) ) ;
#798 = ORIENTED_EDGE ( 'NONE', *, *, #2374, .T. ) ;
#799 = CARTESIAN_POINT ( 'NONE',  ( 93.39841304428642843, 4.379852410106665594, -327.0000000000001705 ) ) ;
#800 = B_SPLINE_CURVE_WITH_KNOTS ( 'NONE', 3,
 ( #766, #2458, #1402, #2215, #2670, #338, #733, #2034, #327 ),
 .UNSPECIFIED., .F., .F.,
 ( 4, 1, 1, 1, 1, 1, 4 ),
 ( 0.002787390572392701212, 0.004598663517015597231, 0.007562915260572419460, 0.01349141874768599973, 0.01941992223479957480, 0.02534842572191315854, 0.02861257527989739119 ),
 .UNSPECIFIED. ) ;
#801 = CARTESIAN_POINT ( 'NONE',  ( 40.10202979910347665, 0.9079461835023510119, -329.0000000000001705 ) ) ;
#802 = CARTESIAN_POINT ( 'NONE',  ( 88.83614349393998566, 5.525394302663290347, -1.999999999999982236 ) ) ;
#803 = EDGE_LOOP ( 'NONE', ( #647, #2205, #2545, #1501 ) ) ;
#804 = CARTESIAN_POINT ( 'NONE',  ( 87.54814149391602029, 5.632175790463195497, -117.0000000000000426 ) ) ;
#805 = CARTESIAN_POINT ( 'NONE',  ( 111.9008294260164007, -0.1603484030683038353, -60.00000000000000711 ) ) ;
#806 = FACE_OUTER_BOUND ( 'NONE', #1278, .T. ) ;
#807 = AXIS2_PLACEMENT_3D ( 'NONE', #2692, #1621, #1219 ) ;
#808 = VECTOR ( 'NONE', #2687, 1000.000000000000000 ) ;
#809 = CARTESIAN_POINT ( 'NONE',  ( 111.9008294260164149, 0.6586928181967676155, -182.0000000000000284 ) ) ;
#810 = CARTESIAN_POINT ( 'NONE',  ( 111.9008294260164007, 0.6593192193646794097, -55.00000000000000000 ) ) ;
#811 = ORIENTED_EDGE ( 'NONE', *, *, #671, .F. ) ;
#812 = ORIENTED_EDGE ( 'NONE', *, *, #381, .T. ) ;
#813 = CARTESIAN_POINT ( 'NONE',  ( 110.9917313044413163, -0.1937317145176628008, -249.0000000000000000 ) ) ;
#814 = EDGE_CURVE ( 'NONE', #650, #1037, #761, .T. ) ;
#815 = CARTESIAN_POINT ( 'NONE',  ( 52.35323292868695688, -2.281243392917677415, -328.9999999999994316 ) ) ;
#816 = CARTESIAN_POINT ( 'NONE',  ( 111.9008294260164007, -9.946594549830242826, -180.0000000000000000 ) ) ;
#817 = DIRECTION ( 'NONE',  ( -0.9993263562720425819, -0.03669923241761998550, 0.000000000000000000 ) ) ;
#818 = EDGE_LOOP ( 'NONE', ( #2126, #732, #1110, #222, #421, #1472 ) ) ;
#819 = CARTESIAN_POINT ( 'NONE',  ( 41.03072190830199162, -1.532964104664938931, -329.0000000000006821 ) ) ;
#820 = ORIENTED_EDGE ( 'NONE', *, *, #1908, .T. ) ;
#821 = CARTESIAN_POINT ( 'NONE',  ( 100.6646207285485133, -0.5729944963392492596, -55.00000000000008527 ) ) ;
#822 = DIRECTION ( 'NONE',  ( -0.6427876096865347000, -0.7660444431189816772, -9.091718300011134665E-09 ) ) ;
#823 = CARTESIAN_POINT ( 'NONE',  ( 111.9008294260164007, -0.1603470428265769132, -178.0000000000000853 ) ) ;
#824 = CARTESIAN_POINT ( 'NONE',  ( 112.4074479804294384, 0.5388872301689056066, -329.0000000358400598 ) ) ;
#825 = ORIENTED_EDGE ( 'NONE', *, *, #2150, .F. ) ;
#826 = ORIENTED_EDGE ( 'NONE', *, *, #830, .F. ) ;
#827 = PLANE ( 'NONE',  #887 ) ;
#828 = CARTESIAN_POINT ( 'NONE',  ( 39.80588849278576191, -0.7016091822450429838, -328.9999999999996589 ) ) ;
#829 = CARTESIAN_POINT ( 'NONE',  ( 86.75729166573823647, -1.083761663289079413, -249.0000000000000000 ) ) ;
#830 = EDGE_CURVE ( 'NONE', #2716, #184, #2665, .T. ) ;
#831 = DIRECTION ( 'NONE',  ( 0.000000000000000000, 1.000000000000000000, 0.000000000000000000 ) ) ;
#832 = ORIENTED_EDGE ( 'NONE', *, *, #753, .F. ) ;
#833 = CARTESIAN_POINT ( 'NONE',  ( 111.9008294260164007, 0.6593113521493755291, -56.99999999999999289 ) ) ;
#834 = ORIENTED_EDGE ( 'NONE', *, *, #2253, .F. ) ;
#835 = CARTESIAN_POINT ( 'NONE',  ( 42.22382225212984252, 10.49114447452352472, 0.000000000000000000 ) ) ;
#836 = CARTESIAN_POINT ( 'NONE',  ( 111.9008294260163723, 0.6588336890374449917, -159.0000000000813145 ) ) ;
#837 = CARTESIAN_POINT ( 'NONE',  ( 83.81705129401322552, 2.420280362814021480, -55.00000000000000000 ) ) ;
#838 = SURFACE_STYLE_USAGE ( .BOTH. , #1452 ) ;
#839 = VERTEX_POINT ( 'NONE', #2013 ) ;
#840 = ADVANCED_FACE ( 'NONE', ( #583 ), #1496, .F. ) ;
#841 = VERTEX_POINT ( 'NONE', #1256 ) ;
#842 = DIRECTION ( 'NONE',  ( -1.000000000000000000, 0.000000000000000000, 0.000000000000000000 ) ) ;
#843 = AXIS2_PLACEMENT_3D ( 'NONE', #2418, #1362, #878 ) ;
#844 = CARTESIAN_POINT ( 'NONE',  ( 37.71964604796094278, -2.881914178377277924, 0.000000000000000000 ) ) ;
#845 = CARTESIAN_POINT ( 'NONE',  ( 86.75727748948369822, -1.083744768677505910, -177.0000000000000000 ) ) ;
#846 = VECTOR ( 'NONE', #684, 1000.000000000000000 ) ;
#847 = CARTESIAN_POINT ( 'NONE',  ( 83.81705129401322552, 2.420280362814021480, -57.00000000000000000 ) ) ;
#848 = ORIENTED_EDGE ( 'NONE', *, *, #190, .T. ) ;
#849 = CARTESIAN_POINT ( 'NONE',  ( 40.56585706084160847, -1.342962501914865214, -328.9999999999994316 ) ) ;
#850 = ORIENTED_EDGE ( 'NONE', *, *, #500, .F. ) ;
#851 = EDGE_CURVE ( 'NONE', #213, #312, #2426, .T. ) ;
#852 = LINE ( 'NONE', #2121, #1473 ) ;
#853 = PLANE ( 'NONE',  #2587 ) ;
#854 = CARTESIAN_POINT ( 'NONE',  ( 111.9008294260164007, -0.1603484532161225939, -52.00000000000000711 ) ) ;
#855 = ORIENTED_EDGE ( 'NONE', *, *, #1279, .F. ) ;
#856 = ORIENTED_EDGE ( 'NONE', *, *, #1539, .T. ) ;
#857 = CARTESIAN_POINT ( 'NONE',  ( 60.08964854817300250, 6.717886883962703948, -329.0000000000002842 ) ) ;
#858 = EDGE_CURVE ( 'NONE', #1651, #376, #218, .T. ) ;
#859 = CARTESIAN_POINT ( 'NONE',  ( 55.97695308608728482, -2.214253677260035857, 0.000000000000000000 ) ) ;
#860 = CARTESIAN_POINT ( 'NONE',  ( 114.4418962781348057, 0.05862827020509394499, 0.000000000000000000 ) ) ;
#861 = CARTESIAN_POINT ( 'NONE',  ( 83.81705129401322552, 2.420280362814021480, -252.0000000000000000 ) ) ;
#862 = ORIENTED_EDGE ( 'NONE', *, *, #2447, .F. ) ;
#863 = LINE ( 'NONE', #4, #2659 ) ;
#864 = CARTESIAN_POINT ( 'NONE',  ( 81.60888389212500726, 6.009684624304163947, -328.9999999999996589 ) ) ;
#865 = CARTESIAN_POINT ( 'NONE',  ( 111.9008294260164007, -0.1603470177296336674, -180.0000000000000000 ) ) ;
#866 = ADVANCED_FACE ( 'NONE', ( #1882 ), #166, .T. ) ;
#867 = CARTESIAN_POINT ( 'NONE',  ( 83.81705129401322552, 2.420280362814021480, -180.0000000000000000 ) ) ;
#868 = ORIENTED_EDGE ( 'NONE', *, *, #238, .T. ) ;
#869 = B_SPLINE_CURVE_WITH_KNOTS ( 'NONE', 3,
 ( #1092, #1962, #2686, #1839 ),
 .UNSPECIFIED., .F., .F.,
 ( 4, 4 ),
 ( 0.002999999999999961465, 0.07300000000000063383 ),
 .UNSPECIFIED. ) ;
#870 = CARTESIAN_POINT ( 'NONE',  ( 41.64338457337167654, 2.323384147518006149, -328.9999999999999432 ) ) ;
#871 = CARTESIAN_POINT ( 'NONE',  ( 82.95813513436492315, -1.223274698769154067, -116.4929910361039447 ) ) ;
#872 = CARTESIAN_POINT ( 'NONE',  ( 85.63177940027907198, 5.530729418190335700, -328.9999999626674025 ) ) ;
#873 = CARTESIAN_POINT ( 'NONE',  ( 86.35001255881995519, -0.5983853244293667606, -249.0000000000000000 ) ) ;
#874 = VERTEX_POINT ( 'NONE', #203 ) ;
#875 = CARTESIAN_POINT ( 'NONE',  ( 104.0424844059917859, 2.420982851964568638, -252.0000000000005116 ) ) ;
#876 = FACE_BOUND ( 'NONE', #2414, .T. ) ;
#877 = CARTESIAN_POINT ( 'NONE',  ( 93.98764517664196205, -0.8182037374915439587, -254.0000000000001137 ) ) ;
#878 = DIRECTION ( 'NONE',  ( 0.9993263259286705447, 0.03670005866349869417, 0.000000000000000000 ) ) ;
#879 = CARTESIAN_POINT ( 'NONE',  ( 86.75727307243060693, -1.083739504638602247, -94.66666666666664298 ) ) ;
#880 = CARTESIAN_POINT ( 'NONE',  ( 37.71964604796094278, -2.881914178377277924, 0.000000000000000000 ) ) ;
#881 = CARTESIAN_POINT ( 'NONE',  ( 44.28531036956260891, 3.718762784259736609, -328.9999999999993179 ) ) ;
#882 = DIRECTION ( 'NONE',  ( 0.000000000000000000, 0.000000000000000000, -1.000000000000000000 ) ) ;
#883 = DIRECTION ( 'NONE',  ( 0.6427876096865374755, -0.7660444431189795678, 0.000000000000000000 ) ) ;
#884 = DIRECTION ( 'NONE',  ( 1.000000000000000000, 0.000000000000000000, 0.000000000000000000 ) ) ;
#885 = ORIENTED_EDGE ( 'NONE', *, *, #2156, .T. ) ;
#886 = DIRECTION ( 'NONE',  ( -0.6427876096865406952, 0.7660444431189769032, 0.000000000000000000 ) ) ;
#887 = AXIS2_PLACEMENT_3D ( 'NONE', #1264, #1231, #842 ) ;
#888 = CARTESIAN_POINT ( 'NONE',  ( 85.85685239120496703, -1.116836645115019788, -329.0000000000003979 ) ) ;
#889 = CARTESIAN_POINT ( 'NONE',  ( 86.75729166573825069, -1.083761663289078525, -249.0000000000000000 ) ) ;
#890 = VECTOR ( 'NONE', #2566, 1000.000000000000000 ) ;
#891 = DIRECTION ( 'NONE',  ( 0.6427876096865347000, 0.7660444431189817882, 0.000000000000000000 ) ) ;
#892 = ADVANCED_FACE ( 'NONE', ( #1654 ), #1921, .F. ) ;
#893 = CARTESIAN_POINT ( 'NONE',  ( 87.97635880849250611, -1.038980753687999803, -257.0000000000000000 ) ) ;
#894 = CARTESIAN_POINT ( 'NONE',  ( 88.06118438317453467, 7.478241219270040929, -57.00000000000000000 ) ) ;
#895 = CARTESIAN_POINT ( 'NONE',  ( 47.29890150185652686, 4.770555349184927962, -328.9999999999999432 ) ) ;
#896 = AXIS2_PLACEMENT_3D ( 'NONE', #2653, #1785, #2217 ) ;
#897 = CARTESIAN_POINT ( 'NONE',  ( 81.53703329371893460, -1.275450830919147904, 0.000000000000000000 ) ) ;
#898 = LINE ( 'NONE', #1552, #1874 ) ;
#899 = CARTESIAN_POINT ( 'NONE',  ( 101.9252081852941956, 2.902836165939689739, -115.0000000000000853 ) ) ;
#900 = ORIENTED_EDGE ( 'NONE', *, *, #1220, .F. ) ;
#901 = CARTESIAN_POINT ( 'NONE',  ( 87.04444114684274325, 5.508736665875565208, -252.0000000000002274 ) ) ;
#902 = CARTESIAN_POINT ( 'NONE',  ( 112.0297656315621140, 0.6304363371331103139, 0.000000000000000000 ) ) ;
#903 = CARTESIAN_POINT ( 'NONE',  ( 74.97509498066744982, 7.818583178349564733, 0.000000000000000000 ) ) ;
#904 = PLANE ( 'NONE',  #618 ) ;
#905 = CARTESIAN_POINT ( 'NONE',  ( 111.9008294260163865, -0.1603460212006482255, -254.0000000000001137 ) ) ;
#906 = CARTESIAN_POINT ( 'NONE',  ( 1.398801286572756153, 2.070192600861033849, 0.000000000000000000 ) ) ;
#907 = CARTESIAN_POINT ( 'NONE',  ( 70.58271354325171387, -1.677793704903709049, 0.000000000000000000 ) ) ;
#908 = CARTESIAN_POINT ( 'NONE',  ( 111.9008294260164007, -0.1603477655009281910, -111.9999999999999858 ) ) ;
#909 = VERTEX_POINT ( 'NONE', #2132 ) ;
#910 = EDGE_CURVE ( 'NONE', #1620, #213, #1275, .T. ) ;
#911 = DIRECTION ( 'NONE',  ( 0.6427876096865408062, -0.7660444431189769032, -9.669965394686145875E-09 ) ) ;
#912 = B_SPLINE_SURFACE_WITH_KNOTS ( 'NONE', 3, 1, ( 
 ( #1528, #1975 ),
 ( #2149, #2367 ),
 ( #1722, #461 ),
 ( #1314, #2382 ),
 ( #258, #2358 ),
 ( #1281, #2614 ),
 ( #1107, #897 ),
 ( #454, #69 ),
 ( #1747, #1090 ),
 ( #1538, #907 ),
 ( #695, #1551 ),
 ( #424, #17 ),
 ( #1064, #2125 ),
 ( #1923, #859 ),
 ( #1503, #2346 ),
 ( #1247, #2487 ),
 ( #2704, #594 ),
 ( #2718, #1649 ),
 ( #1633, #844 ),
 ( #1457, #1233 ),
 ( #2320, #2291 ),
 ( #1664, #1429 ),
 ( #579, #1695 ),
 ( #2274, #1280 ),
 ( #2532, #365 ),
 ( #2124, #223 ),
 ( #210, #2734 ),
 ( #815, #195 ),
 ( #2097, #2077 ),
 ( #1214, #410 ),
 ( #2063, #1063 ),
 ( #2520, #605 ),
 ( #1033, #2548 ),
 ( #779, #378 ),
 ( #630, #175 ),
 ( #1020, #1265 ),
 ( #617, #1876 ),
 ( #1476, #158 ),
 ( #1001, #1854 ),
 ( #2305, #1889 ),
 ( #2113, #392 ),
 ( #2752, #794 ),
 ( #2506, #1442 ),
 ( #828, #1676 ),
 ( #1050, #1906 ),
 ( #1, #1488 ),
 ( #2331, #423 ),
 ( #1730, #656 ),
 ( #2602, #2148 ),
 ( #491, #30 ),
 ( #1760, #2613 ),
 ( #2590, #906 ),
 ( #1325, #1746 ),
 ( #41, #1303 ),
 ( #2345, #1957 ),
 ( #870, #669 ),
 ( #438, #2159 ),
 ( #249, #2140 ),
 ( #694, #1550 ),
 ( #1089, #682 ),
 ( #881, #2172 ),
 ( #257, #2397 ),
 ( #1527, #460 ),
 ( #1517, #1106 ),
 ( #60, #1118 ),
 ( #895, #2357 ),
 ( #2366, #239 ),
 ( #1537, #1313 ),
 ( #1080, #1342 ),
 ( #2186, #2381 ),
 ( #473, #272 ),
 ( #283, #1943 ),
 ( #1922, #16 ),
 ( #1974, #68 ),
 ( #857, #1708 ),
 ( #2564, #1721 ),
 ( #453, #643 ),
 ( #1502, #1293 ),
 ( #1935, #2578 ),
 ( #2030, #943 ),
 ( #1366, #528 ),
 ( #84, #745 ),
 ( #1352, #916 ),
 ( #513, #930 ),
 ( #1582, #2410 ),
 ( #1807, #706 ),
 ( #1796, #2244 ),
 ( #1562, #2210 ),
 ( #1782, #2197 ),
 ( #308, #1135 ),
 ( #1823, #2648 ),
 ( #730, #2436 ),
 ( #1384, #1597 ),
 ( #1991, #2229 ),
 ( #323, #1167 ),
 ( #2682, #2017 ),
 ( #115, #2666 ),
 ( #762, #544 ),
 ( #1398, #334 ),
 ( #1613, #1210 ) ),
 .UNSPECIFIED., .F., .F., .F.,
 ( 4, 1, 1, 1, 1, 1, 1, 1, 1, 1, 1, 1, 1, 1, 1, 1, 1, 1, 1, 1, 1, 1, 1, 1, 1, 1, 1, 1, 1, 1, 1, 1, 1, 1, 1, 1, 1, 1, 1, 1, 1, 1, 1, 1, 1, 1, 1, 1, 1, 1, 1, 1, 1, 1, 1, 1, 1, 1, 1, 1, 1, 1, 1, 1, 1, 1, 1, 1, 1, 1, 1, 1, 1, 1, 1, 1, 1, 1, 1, 1, 1, 1, 1, 1, 1, 1, 1, 1, 1, 1, 1, 1, 2, 1, 1, 1, 4 ),
 ( 2, 2 ),
 ( 0.000000000000000000, 0.03118110532117446612, 0.06236221064234893224, 0.09354331596352342959, 0.1247244212846978645, 0.1403149739452851652, 0.1559055266058723965, 0.1714960792664596279, 0.1870866319270468592, 0.2026771845876340905, 0.2182677372482213218, 0.2338582899088085532, 0.2494488425693957290, 0.2650393952299830991, 0.2806299478905703304, 0.2962205005511575617, 0.3118110532117447931, 0.3274016058723320244, 0.3429921585329192557, 0.3507874348632127326, 0.3585827111935064870, 0.3663779875238000194, 0.3741732638540937184, 0.3819685401843871952, 0.3897638165146809497, 0.3975590928449744821, 0.4053543691752681810, 0.4131496455055616579, 0.4209449218358554123, 0.4287401981661489447, 0.4365354744964426437, 0.4443307508267361206, 0.4521260271570298750, 0.4599213034873234074, 0.4638189416524702846, 0.4677165798176171063, 0.4716142179827639280, 0.4755118561479105832, 0.4794094943130575159, 0.4833071324782043376, 0.4852559515607776097, 0.4872047706433511594, 0.4891535897259245980, 0.4911024088084978700, 0.4930512278910713642, 0.4950000469736447473, 0.4969488660562181304, 0.4988976851387914579, 0.5008465042213651186, 0.5027953233039385017, 0.5047441423865116628, 0.5066929614690851569, 0.5086417805516585400, 0.5105905996342321451, 0.5144882377993786893, 0.5183858759645254555, 0.5222835141296725547, 0.5261811522948192099, 0.5300787904599661982, 0.5339764286251129644, 0.5378740667902596195, 0.5417717049554067188, 0.5456693431205532629, 0.5495669812857000291, 0.5534646194508470174, 0.5612598957811406608, 0.5690551721114340822, 0.5768504484417276146, 0.5846457247720214800, 0.5924410011023151235, 0.6002362774326085448, 0.6080315537629021883, 0.6236221064234895861, 0.6392126590840765399, 0.6548032117446640488, 0.6703937644052511136, 0.6859843170658385114, 0.7015748697264254652, 0.7171654223870129741, 0.7327559750476000389, 0.7483465277081874367, 0.7639370803687743905, 0.7795276330293618994, 0.7951181856899489642, 0.8107087383505363620, 0.8262992910111233158, 0.8418898436717108247, 0.8574803963322978895, 0.8730709489928852873, 0.9042520543140597500, 0.9354331596352342126, 0.9666142649564086753, 0.9977953702775829159, 0.9983465277081871037, 0.9988976851387914024, 0.9994488425693957012, 1.000000000000000000 ),
 ( 0.000000000000000000, 1.000000000000000000 ),
 .UNSPECIFIED. ) ;
#913 = FACE_OUTER_BOUND ( 'NONE', #2050, .T. ) ;
#914 = EDGE_LOOP ( 'NONE', ( #2457, #1060, #978, #826 ) ) ;
#915 = DIRECTION ( 'NONE',  ( 0.000000000000000000, 0.000000000000000000, -1.000000000000000000 ) ) ;
#916 = CARTESIAN_POINT ( 'NONE',  ( 60.46441972784471375, 9.555406564566125027, 0.000000000000000000 ) ) ;
#917 = LINE ( 'NONE', #2267, #448 ) ;
#918 = ADVANCED_FACE ( 'NONE', ( #1009 ), #904, .T. ) ;
#919 = CARTESIAN_POINT ( 'NONE',  ( 95.45312207424647966, 4.024179180307635662, -328.9999999855338615 ) ) ;
#920 = CARTESIAN_POINT ( 'NONE',  ( 111.9008294260163865, -0.1603460212006482255, -251.9999999999999432 ) ) ;
#921 = LINE ( 'NONE', #120, #808 ) ;
#922 = VERTEX_POINT ( 'NONE', #1098 ) ;
#923 = VECTOR ( 'NONE', #534, 1000.000000000000000 ) ;
#924 = LINE ( 'NONE', #2634, #128 ) ;
#926 = ORIENTED_EDGE ( 'NONE', *, *, #1712, .T. ) ;
#925 = VECTOR ( 'NONE', #2212, 1000.000000000000227 ) ;
#927 = ADVANCED_FACE ( 'NONE', ( #1951 ), #458, .F. ) ;
#928 = DIRECTION ( 'NONE',  ( 0.000000000000000000, 1.000000000000000000, 0.000000000000000000 ) ) ;
#929 = B_SPLINE_CURVE_WITH_KNOTS ( 'NONE', 3,
 ( #1078, #2528, #2092, #1044, #2561, #1059, #639, #1900, #653, #2341 ),
 .UNSPECIFIED., .F., .F.,
 ( 4, 1, 1, 1, 1, 1, 1, 4 ),
 ( 0.000000000000000000, 0.002657844430372932089, 0.008019644997334153882, 0.01338144556429537654, 0.01874324613125659747, 0.02142414641473723916, 0.02410504669821781840, 0.02589776646398803811 ),
 .UNSPECIFIED. ) ;
#930 = CARTESIAN_POINT ( 'NONE',  ( 64.10074671622415110, 9.196499964264669202, 0.000000000000000000 ) ) ;
#931 = CARTESIAN_POINT ( 'NONE',  ( 102.6887280717280362, 2.665393769978721128, -329.0000000054278644 ) ) ;
#932 = ORIENTED_EDGE ( 'NONE', *, *, #104, .T. ) ;
#933 = PLANE ( 'NONE',  #2002 ) ;
#934 = ORIENTED_EDGE ( 'NONE', *, *, #1309, .F. ) ;
#935 = FACE_OUTER_BOUND ( 'NONE', #2023, .T. ) ;
#936 = ORIENTED_EDGE ( 'NONE', *, *, #143, .F. ) ;
#937 = CARTESIAN_POINT ( 'NONE',  ( 21.28641903153024373, -3.428209951193292859, 0.000000000000000000 ) ) ;
#938 = FACE_OUTER_BOUND ( 'NONE', #383, .T. ) ;
#939 = CARTESIAN_POINT ( 'NONE',  ( 5.480573283650038263, 4.956038311977170707, 0.000000000000000000 ) ) ;
#940 = CARTESIAN_POINT ( 'NONE',  ( 86.51236914995851635, 5.632435100820131879, -228.9420240119270318 ) ) ;
#941 = CARTESIAN_POINT ( 'NONE',  ( 86.64177355867150254, 5.786653269801419697, -115.0000000000000000 ) ) ;
#942 = ADVANCED_FACE ( 'NONE', ( #913 ), #2390, .T. ) ;
#943 = CARTESIAN_POINT ( 'NONE',  ( 49.52940442741743965, 10.31209085187425600, 0.000000000000000000 ) ) ;
#944 = CARTESIAN_POINT ( 'NONE',  ( 79.90082942585196690, 2.420280363009968738, 0.000000000000000000 ) ) ;
#945 = ORIENTED_EDGE ( 'NONE', *, *, #256, .F. ) ;
#946 = LINE ( 'NONE', #1156, #2101 ) ;
#947 = CARTESIAN_POINT ( 'NONE',  ( 86.72839126230479678, 5.889880229288626090, -12.20256893266122766 ) ) ;
#948 = CARTESIAN_POINT ( 'NONE',  ( 82.95812720334009782, -1.223265246941791062, 0.000000000000000000 ) ) ;
#949 = CARTESIAN_POINT ( 'NONE',  ( 88.24983287386916686, -1.028961692777800474, -328.9999999999998295 ) ) ;
#950 = CARTESIAN_POINT ( 'NONE',  ( 52.35323292868695688, -2.281243392917677415, -328.9999999999994316 ) ) ;
#951 = EDGE_CURVE ( 'NONE', #92, #1852, #1199, .T. ) ;
#952 = CARTESIAN_POINT ( 'NONE',  ( 54.12560397364830322, 6.217984373768853601, -328.9999999999990905 ) ) ;
#953 = CARTESIAN_POINT ( 'NONE',  ( 86.47670326935653407, 5.589930159479743921, -254.0000000000000000 ) ) ;
#954 = CARTESIAN_POINT ( 'NONE',  ( 86.67884055950665356, 5.830828001213376410, -74.26010410100136028 ) ) ;
#955 = EDGE_CURVE ( 'NONE', #2119, #179, #2257, .T. ) ;
#956 = DIRECTION ( 'NONE',  ( -0.9993263562720425819, -0.03669923241761998550, -0.000000000000000000 ) ) ;
#957 = B_SPLINE_CURVE_WITH_KNOTS ( 'NONE', 3,
 ( #322, #728, #499, #1133 ),
 .UNSPECIFIED., .F., .F.,
 ( 4, 4 ),
 ( 0.002999999999999919398, 0.05999999999999999084 ),
 .UNSPECIFIED. ) ;
#958 = ORIENTED_EDGE ( 'NONE', *, *, #1002, .T. ) ;
#959 = EDGE_CURVE ( 'NONE', #642, #581, #139, .T. ) ;
#960 = CARTESIAN_POINT ( 'NONE',  ( 86.35001255881995519, -0.5983853244293667606, -254.0000000000000000 ) ) ;
#961 = CARTESIAN_POINT ( 'NONE',  ( 111.9008294260164007, 0.3399910277142182968, -252.0000000000000000 ) ) ;
#962 = ORIENTED_EDGE ( 'NONE', *, *, #910, .T. ) ;
#963 = CARTESIAN_POINT ( 'NONE',  ( 19.45964291083211961, -3.454549498035798027, 0.000000000000000000 ) ) ;
#964 = ORIENTED_EDGE ( 'NONE', *, *, #112, .F. ) ;
#965 = ADVANCED_FACE ( 'NONE', ( #51, #279, #876, #1122, #664, #1559 ), #2466, .F. ) ;
#966 = CARTESIAN_POINT ( 'NONE',  ( 111.9008294260164007, -0.1603484030683038353, -52.00000000000000711 ) ) ;
#967 = DIRECTION ( 'NONE',  ( 0.6427876096865372535, -0.7660444431189796788, 0.000000000000000000 ) ) ;
#968 = VECTOR ( 'NONE', #1745, 1000.000000000000000 ) ;
#969 = AXIS2_PLACEMENT_3D ( 'NONE', #474, #224, #240 ) ;
#970 = CARTESIAN_POINT ( 'NONE',  ( 83.81705129401322552, 2.420280362814021480, -55.00000000000000000 ) ) ;
#971 = CARTESIAN_POINT ( 'NONE',  ( 90.97020967206994158, 4.764409554389506418, -328.9999999744526917 ) ) ;
#972 = CARTESIAN_POINT ( 'NONE',  ( 111.9008294260163865, 0.6578773118137143383, -288.5619231985103852 ) ) ;
#973 = VERTEX_POINT ( 'NONE', #1433 ) ;
#974 = DIRECTION ( 'NONE',  ( 0.6427876096865348110, 0.7660444431189817882, 0.000000000000000000 ) ) ;
#975 = CARTESIAN_POINT ( 'NONE',  ( 86.70675254984544722, 5.864092215976113742, -40.73419079472136417 ) ) ;
#976 = EDGE_CURVE ( 'NONE', #1981, #2616, #2500, .T. ) ;
#977 = CARTESIAN_POINT ( 'NONE',  ( 111.9008294260164007, -0.1603484231799644222, -55.00000000000000000 ) ) ;
#978 = ORIENTED_EDGE ( 'NONE', *, *, #2521, .F. ) ;
#979 = CARTESIAN_POINT ( 'NONE',  ( 48.76144562227371182, -2.269136682365686219, -328.9999999999994884 ) ) ;
#980 = CARTESIAN_POINT ( 'NONE',  ( 83.81705129401322552, 2.420280362814021480, -327.0000000000000000 ) ) ;
#981 = CARTESIAN_POINT ( 'NONE',  ( 111.9008294260163865, -0.1603460212006482255, -257.0000000000000000 ) ) ;
#982 = CARTESIAN_POINT ( 'NONE',  ( 87.19083752790582764, 5.602957226360887333, -182.0000000000000568 ) ) ;
#983 = FACE_OUTER_BOUND ( 'NONE', #2081, .T. ) ;
#984 = EDGE_LOOP ( 'NONE', ( #1284, #377, #1993, #610, #2303, #535, #1464, #1350 ) ) ;
#985 = ADVANCED_FACE ( 'NONE', ( #1394 ), #2237, .F. ) ;
#986 = LINE ( 'NONE', #2018, #1687 ) ;
#987 = ORIENTED_EDGE ( 'NONE', *, *, #1042, .T. ) ;
#988 = DIRECTION ( 'NONE',  ( -1.000000000000000000, 0.000000000000000000, 0.000000000000000000 ) ) ;
#989 = ORIENTED_EDGE ( 'NONE', *, *, #991, .T. ) ;
#990 = PRODUCT ( 'Mirror\X2\5347964d8235\X0\', 'Mirror\X2\5347964d8235\X0\', '', ( #319 ) ) ;
#991 = EDGE_CURVE ( 'NONE', #1157, #15, #455, .T. ) ;
#992 = LINE ( 'NONE', #2708, #142 ) ;
#993 = FACE_OUTER_BOUND ( 'NONE', #2491, .T. ) ;
#994 = CARTESIAN_POINT ( 'NONE',  ( 87.22848254067072560, -1.066465919722465294, -329.0000000441737029 ) ) ;
#995 = CARTESIAN_POINT ( 'NONE',  ( 94.24866215857271357, 4.483834763670802026, -54.99999999999995026 ) ) ;
#996 = CARTESIAN_POINT ( 'NONE',  ( 86.35001255881995519, -0.5983853244293667606, -257.0000000000000000 ) ) ;
#997 = CARTESIAN_POINT ( 'NONE',  ( 111.6017684957175646, 0.7272532187517072311, -329.0000000331709771 ) ) ;
#998 = ORIENTED_EDGE ( 'NONE', *, *, #1867, .T. ) ;
#999 = ORIENTED_EDGE ( 'NONE', *, *, #2537, .T. ) ;
#1000 = DIRECTION ( 'NONE',  ( 0.000000000000000000, 0.000000000000000000, -1.000000000000000000 ) ) ;
#1001 = CARTESIAN_POINT ( 'NONE',  ( 41.61443685122392822, -1.667117332913258698, -328.9999999999993179 ) ) ;
#1002 = EDGE_CURVE ( 'NONE', #608, #2083, #869, .T. ) ;
#1003 = CARTESIAN_POINT ( 'NONE',  ( 111.9008294260164007, 0.6587051109874335619, -180.0000000000000000 ) ) ;
#1004 = CARTESIAN_POINT ( 'NONE',  ( 86.34999139119773304, -0.5983600978315388730, -111.9999999999999858 ) ) ;
#1005 = DIRECTION ( 'NONE',  ( 0.6427876096865406952, -0.7660444431189769032, 0.000000000000000000 ) ) ;
#1006 = VERTEX_POINT ( 'NONE', #252 ) ;
#1007 = CARTESIAN_POINT ( 'NONE',  ( 39.91182844379118677, 0.6764899373294523954, -328.9999999999995453 ) ) ;
#1008 = ORIENTED_EDGE ( 'NONE', *, *, #1759, .T. ) ;
#1009 = FACE_OUTER_BOUND ( 'NONE', #1206, .T. ) ;
#1010 = CARTESIAN_POINT ( 'NONE',  ( 114.5726096194103718, -0.06221993668006624290, -329.0000000000000000 ) ) ;
#1011 = PLANE ( 'NONE',  #1866 ) ;
#1012 = EDGE_CURVE ( 'NONE', #2471, #312, #800, .T. ) ;
#1013 = VECTOR ( 'NONE', #1000, 1000.000000000000000 ) ;
#1014 = CARTESIAN_POINT ( 'NONE',  ( 111.9008294260164007, -0.1603484332182439909, -54.00000000000000711 ) ) ;
#1015 = CARTESIAN_POINT ( 'NONE',  ( 111.2829974067907415, 0.8012272875122115057, -329.0000000321218181 ) ) ;
#1016 = ORIENTED_EDGE ( 'NONE', *, *, #1349, .F. ) ;
#1017 = ORIENTED_EDGE ( 'NONE', *, *, #1323, .F. ) ;
#1018 = VECTOR ( 'NONE', #612, 1000.000000000000000 ) ;
#1019 = CARTESIAN_POINT ( 'NONE',  ( 87.42748549068824104, -1.059125872690042103, -114.9999999999999574 ) ) ;
#1020 = CARTESIAN_POINT ( 'NONE',  ( 43.38308934373491610, -1.977501026367053605, -329.0000000000007390 ) ) ;
#1021 = DIRECTION ( 'NONE',  ( -0.9993263173578232905, -0.03670029204312849624, -0.000000000000000000 ) ) ;
#1022 = LINE ( 'NONE', #847, #701 ) ;
#1023 = VERTEX_POINT ( 'NONE', #119 ) ;
#1024 = CARTESIAN_POINT ( 'NONE',  ( 111.9008294260164149, 0.3399900758465234651, -177.0000000000000000 ) ) ;
#1025 = ORIENTED_EDGE ( 'NONE', *, *, #1466, .F. ) ;
#1026 = CARTESIAN_POINT ( 'NONE',  ( 95.67200250651903559, 4.171354955632720518, -116.9999999999998721 ) ) ;
#1027 = CARTESIAN_POINT ( 'NONE',  ( 111.9008294260164007, -0.1603478212713536633, -111.9999999999999858 ) ) ;
#1028 = B_SPLINE_CURVE_WITH_KNOTS ( 'NONE', 3,
 ( #374, #1014, #362, #1225 ),
 .UNSPECIFIED., .F., .F.,
 ( 4, 4 ),
 ( 6.938893903907228378E-18, 0.003000000000000002665 ),
 .UNSPECIFIED. ) ;
#1029 = CARTESIAN_POINT ( 'NONE',  ( 111.9008294260164007, 0.6593113521493755291, -56.99999999999999289 ) ) ;
#1030 = ORIENTED_EDGE ( 'NONE', *, *, #1778, .T. ) ;
#1031 = FACE_OUTER_BOUND ( 'NONE', #1481, .T. ) ;
#1032 = B_SPLINE_CURVE_WITH_KNOTS ( 'NONE', 3,
 ( #1178, #305, #2026, #953 ),
 .UNSPECIFIED., .F., .F.,
 ( 4, 4 ),
 ( 1.110223024625156417E-16, 0.07300026162371625604 ),
 .UNSPECIFIED. ) ;
#1033 = CARTESIAN_POINT ( 'NONE',  ( 46.36812943917652063, -2.190963278361377942, -328.9999999999993179 ) ) ;
#1034 = CARTESIAN_POINT ( 'NONE',  ( 101.0288430699623632, 3.106832459447404826, -57.00000000000004974 ) ) ;
#1035 = DIRECTION ( 'NONE',  ( 0.000000000000000000, 0.000000000000000000, -1.000000000000000000 ) ) ;
#1036 = FACE_OUTER_BOUND ( 'NONE', #1336, .T. ) ;
#1037 = VERTEX_POINT ( 'NONE', #1617 ) ;
#1038 = CARTESIAN_POINT ( 'NONE',  ( 42.79038841717878938, -1.892554132611953932, -328.9999999999994316 ) ) ;
#1039 = FACE_OUTER_BOUND ( 'NONE', #2344, .T. ) ;
#1040 = ORIENTED_EDGE ( 'NONE', *, *, #2595, .T. ) ;
#1041 = CARTESIAN_POINT ( 'NONE',  ( 88.83423266298044041, -0.5071306002127375923, -252.0000000000000000 ) ) ;
#1042 = EDGE_CURVE ( 'NONE', #184, #737, #2473, .T. ) ;
#1043 = DIRECTION ( 'NONE',  ( 0.6427876096865406952, -0.7660444431189769032, 0.000000000000000000 ) ) ;
#1044 = CARTESIAN_POINT ( 'NONE',  ( 104.0733935478997694, 2.413948497016026984, -254.0000000000003979 ) ) ;
#1045 = CARTESIAN_POINT ( 'NONE',  ( 32.24270362492447362, -3.088928656566213959, 0.000000000000000000 ) ) ;
#1046 = EDGE_LOOP ( 'NONE', ( #2485, #2094, #1143, #275 ) ) ;
#1047 = ORIENTED_EDGE ( 'NONE', *, *, #1795, .F. ) ;
#1048 = CARTESIAN_POINT ( 'NONE',  ( 93.98764517664196205, -0.8182037374915439587, -249.0000000000000000 ) ) ;
#1049 = EDGE_CURVE ( 'NONE', #1984, #1589, #409, .T. ) ;
#1050 = CARTESIAN_POINT ( 'NONE',  ( 39.65060809292251065, -0.4437060276293071093, -329.0000000000001705 ) ) ;
#1051 = DIRECTION ( 'NONE',  ( -1.000000000000000000, 0.000000000000000000, 0.000000000000000000 ) ) ;
#1052 = CARTESIAN_POINT ( 'NONE',  ( 111.8824798098075775, 0.3393171569353730099, -254.0000000000000000 ) ) ;
#1053 = VERTEX_POINT ( 'NONE', #1887 ) ;
#1054 = CARTESIAN_POINT ( 'NONE',  ( 86.69504196232624338, 5.850136081228721530, -55.00000000000000000 ) ) ;
#1055 = ORIENTED_EDGE ( 'NONE', *, *, #1462, .T. ) ;
#1056 = CARTESIAN_POINT ( 'NONE',  ( 93.02482611820536818, -0.3532242379564230483, -252.0000000000000000 ) ) ;
#1057 = DIRECTION ( 'NONE',  ( 0.000000000000000000, 1.000000000000000000, 0.000000000000000000 ) ) ;
#1058 = EDGE_CURVE ( 'NONE', #737, #1440, #592, .T. ) ;
#1059 = CARTESIAN_POINT ( 'NONE',  ( 94.42175674634236771, 4.292476222903603755, -254.0000000000002842 ) ) ;
#1060 = ORIENTED_EDGE ( 'NONE', *, *, #2024, .F. ) ;
#1061 = ORIENTED_EDGE ( 'NONE', *, *, #2156, .F. ) ;
#1062 = AXIS2_PLACEMENT_3D ( 'NONE', #1322, #2169, #1395 ) ;
#1063 = CARTESIAN_POINT ( 'NONE',  ( 13.97894128556851356, -3.436172981939851656, 0.000000000000000000 ) ) ;
#1064 = CARTESIAN_POINT ( 'NONE',  ( 78.67790748511153254, -1.380333514832436714, -329.0000000000001705 ) ) ;
#1065 = VECTOR ( 'NONE', #928, 1000.000000000000000 ) ;
#1066 = CARTESIAN_POINT ( 'NONE',  ( 83.81705129401322552, 2.420280362814021480, -180.0000000000000000 ) ) ;
#1067 = ORIENTED_EDGE ( 'NONE', *, *, #1012, .F. ) ;
#1068 = DIRECTION ( 'NONE',  ( 0.6427876096865406952, -0.7660444431189769032, 0.000000000000000000 ) ) ;
#1069 = ADVANCED_FACE ( 'NONE', ( #1694 ), #391, .T. ) ;
#1070 = CARTESIAN_POINT ( 'NONE',  ( 42.20186211193854575, -1.782597617946420687, -329.0000000000006253 ) ) ;
#1071 = ORIENTED_EDGE ( 'NONE', *, *, #2163, .F. ) ;
#1072 = VECTOR ( 'NONE', #696, 1000.000000000000227 ) ;
#1073 = B_SPLINE_CURVE_WITH_KNOTS ( 'NONE', 3,
 ( #2462, #344, #1205, #1803 ),
 .UNSPECIFIED., .F., .F.,
 ( 4, 4 ),
 ( 1.387778780781445676E-17, 0.003000000000000002665 ),
 .UNSPECIFIED. ) ;
#1074 = CARTESIAN_POINT ( 'NONE',  ( 111.9008294260164007, -0.1603478212713536633, -111.9999999999999858 ) ) ;
#1075 = CARTESIAN_POINT ( 'NONE',  ( 86.73893716925522313, -0.5840986643999728223, -249.0000000000000000 ) ) ;
#1076 = LINE ( 'NONE', #1497, #1378 ) ;
#1077 = DIRECTION ( 'NONE',  ( -0.9993259977782117387, -0.03670899296605030504, -0.000000000000000000 ) ) ;
#1078 = CARTESIAN_POINT ( 'NONE',  ( 111.9008294260164007, 0.6581782794274511073, -254.0000000000000000 ) ) ;
#1079 = ORIENTED_EDGE ( 'NONE', *, *, #2713, .F. ) ;
#1080 = CARTESIAN_POINT ( 'NONE',  ( 50.58768895881086536, 5.600175431413876304, -329.0000000000001137 ) ) ;
#1081 = CARTESIAN_POINT ( 'NONE',  ( 86.57324567951830829, 5.704984923627746340, -180.0000000000000000 ) ) ;
#1082 = CARTESIAN_POINT ( 'NONE',  ( 84.46471920241981479, 5.677825585414177922, -328.9999999603409719 ) ) ;
#1083 = CARTESIAN_POINT ( 'NONE',  ( 86.75729166573823647, -1.083761663289079413, -252.0000000000001705 ) ) ;
#1084 = EDGE_LOOP ( 'NONE', ( #1506, #1067, #563, #926, #2750 ) ) ;
#1085 = CARTESIAN_POINT ( 'NONE',  ( 90.82880889635953281, 4.909260274519735567, -252.0000000000003411 ) ) ;
#1086 = DIRECTION ( 'NONE',  ( 0.03670589649598998694, -0.9993261115183700305, 3.117218792905650401E-18 ) ) ;
#1087 = EDGE_CURVE ( 'NONE', #1648, #404, #2062, .T. ) ;
#1088 = DIRECTION ( 'NONE',  ( 0.000000000000000000, 0.000000000000000000, 1.000000000000000000 ) ) ;
#1089 = CARTESIAN_POINT ( 'NONE',  ( 43.73461712113001454, 3.483849596880337796, -329.0000000000007390 ) ) ;
#1090 = CARTESIAN_POINT ( 'NONE',  ( 74.23415448507184067, -1.543708215947299678, 0.000000000000000000 ) ) ;
#1091 = ORIENTED_EDGE ( 'NONE', *, *, #1888, .T. ) ;
#1092 = CARTESIAN_POINT ( 'NONE',  ( 86.75729166573823647, -1.083761663289079413, -257.0000000000000000 ) ) ;
#1093 = ADVANCED_FACE ( 'NONE', ( #1031 ), #827, .T. ) ;
#1094 = CARTESIAN_POINT ( 'NONE',  ( 108.4174051083683139, 1.467533569652849090, -252.0000000000001705 ) ) ;
#1095 = CARTESIAN_POINT ( 'NONE',  ( 103.8138119759175169, -0.4573389353999083862, -249.0000000000000000 ) ) ;
#1096 = CARTESIAN_POINT ( 'NONE',  ( 114.7914228235719349, -0.02422880827468336731, -329.0000000438082566 ) ) ;
#1097 = DIRECTION ( 'NONE',  ( 0.000000000000000000, 0.000000000000000000, 1.000000000000000000 ) ) ;
#1098 = CARTESIAN_POINT ( 'NONE',  ( 111.9008294260164007, -0.1603469925516940453, -185.0000000000000000 ) ) ;
#1099 = CARTESIAN_POINT ( 'NONE',  ( 111.9008294260164007, 0.3399886607216017209, -60.00000000000000711 ) ) ;
#1100 = PLANE ( 'NONE',  #133 ) ;
#1101 = VECTOR ( 'NONE', #276, 1000.000000000000000 ) ;
#1102 = B_SPLINE_CURVE_WITH_KNOTS ( 'NONE', 3,
 ( #1734, #2593, #2152, #1750 ),
 .UNSPECIFIED., .F., .F.,
 ( 4, 4 ),
 ( 1.387778780781445676E-17, 0.003000000000000030854 ),
 .UNSPECIFIED. ) ;
#1103 =( NAMED_UNIT ( * ) SI_UNIT ( $, .STERADIAN. ) SOLID_ANGLE_UNIT ( ) );
#1104 = EDGE_CURVE ( 'NONE', #97, #1786, #698, .T. ) ;
#1105 = B_SPLINE_CURVE_WITH_KNOTS ( 'NONE', 1,
 ( #2384, #457 ),
 .UNSPECIFIED., .F., .F.,
 ( 2, 2 ),
 ( 0.000000000000000000, 1.000000000000000000 ),
 .UNSPECIFIED. ) ;
#1106 = CARTESIAN_POINT ( 'NONE',  ( 9.717777982398256853, 6.654389372503429989, 0.000000000000000000 ) ) ;
#1107 = CARTESIAN_POINT ( 'NONE',  ( 93.03579108448828094, -0.8531611054334398148, -329.0000000000001705 ) ) ;
#1108 = CARTESIAN_POINT ( 'NONE',  ( 90.27513410979135244, -0.9545471735834930582, -116.9999999999998863 ) ) ;
#1109 = CARTESIAN_POINT ( 'NONE',  ( 110.9862814012627581, -0.1939318964601579043, -252.0000000000000000 ) ) ;
#1110 = ORIENTED_EDGE ( 'NONE', *, *, #2327, .F. ) ;
#1111 = DIRECTION ( 'NONE',  ( -0.9993263562720425819, -0.03669923241761998550, -0.000000000000000000 ) ) ;
#1112 = VECTOR ( 'NONE', #1259, 1000.000000000000000 ) ;
#1113 = FACE_OUTER_BOUND ( 'NONE', #2281, .T. ) ;
#1114 = VECTOR ( 'NONE', #2340, 1000.000000000000000 ) ;
#1115 = LINE ( 'NONE', #2600, #621 ) ;
#1116 = CARTESIAN_POINT ( 'NONE',  ( 0.000000000000000000, 0.000000000000000000, -119.9999999999999716 ) ) ;
#1117 = ADVANCED_FACE ( 'NONE', ( #1209 ), #2181, .T. ) ;
#1118 = CARTESIAN_POINT ( 'NONE',  ( 10.58485183240993699, 6.941914879003064698, 0.000000000000000000 ) ) ;
#1119 = FACE_OUTER_BOUND ( 'NONE', #2122, .T. ) ;
#1120 = ORIENTED_EDGE ( 'NONE', *, *, #690, .T. ) ;
#1121 = CARTESIAN_POINT ( 'NONE',  ( 82.83194023991698884, 5.913442205571826094, 0.000000000000000000 ) ) ;
#1122 = FACE_BOUND ( 'NONE', #914, .T. ) ;
#1123 = CARTESIAN_POINT ( 'NONE',  ( 111.9008294260164007, -0.1603477655009281910, -120.0000000000000000 ) ) ;
#1124 = VERTEX_POINT ( 'NONE', #666 ) ;
#1125 = CARTESIAN_POINT ( 'NONE',  ( 86.34999139119773304, -0.5983600978315372076, -115.0000000000000000 ) ) ;
#1126 = CARTESIAN_POINT ( 'NONE',  ( 105.3823533687942842, 2.107091218528344800, -329.0000000134762104 ) ) ;
#1127 = ORIENTED_EDGE ( 'NONE', *, *, #1049, .T. ) ;
#1128 = CARTESIAN_POINT ( 'NONE',  ( 110.9917313044413163, -0.1937317145176628008, -249.0000000000000000 ) ) ;
#1129 = EDGE_CURVE ( 'NONE', #2318, #2139, #1073, .T. ) ;
#1130 = LINE ( 'NONE', #1121, #1423 ) ;
#1131 = EDGE_LOOP ( 'NONE', ( #436, #673, #216, #1667 ) ) ;
#1132 = CARTESIAN_POINT ( 'NONE',  ( 43.73461712113001454, 3.483849596880337796, -329.0000000000007390 ) ) ;
#1133 = CARTESIAN_POINT ( 'NONE',  ( 111.9008294260164007, -0.1603477655009281910, -120.0000000000000000 ) ) ;
#1134 = EDGE_CURVE ( 'NONE', #2616, #1413, #2280, .T. ) ;
#1135 = CARTESIAN_POINT ( 'NONE',  ( 86.99711565794254398, 5.866906022572778490, 0.000000000000000000 ) ) ;
#1136 = CARTESIAN_POINT ( 'NONE',  ( 110.5423970934324984, 0.9721200613895979448, -329.0000000296960252 ) ) ;
#1137 = CARTESIAN_POINT ( 'NONE',  ( 111.9008294260164007, -0.1603448949044220251, -327.0000000000000000 ) ) ;
#1138 = ORIENTED_EDGE ( 'NONE', *, *, #1569, .F. ) ;
#1139 = CARTESIAN_POINT ( 'NONE',  ( 86.60215336130544017, 5.739435757251139414, -154.2778685060352757 ) ) ;
#1140 = DIRECTION ( 'NONE',  ( 0.000000000000000000, 0.000000000000000000, -1.000000000000000000 ) ) ;
#1141 = CARTESIAN_POINT ( 'NONE',  ( 86.75729754709490749, -1.083768672407736444, -327.0000000000000000 ) ) ;
#1142 = CARTESIAN_POINT ( 'NONE',  ( 114.6820162211274550, 0.001706593666282532574, -329.0000000434414460 ) ) ;
#1143 = ORIENTED_EDGE ( 'NONE', *, *, #287, .F. ) ;
#1144 = CARTESIAN_POINT ( 'NONE',  ( 78.58769751963801298, 7.270530063779243157, 0.000000000000000000 ) ) ;
#1145 = VECTOR ( 'NONE', #1933, 1000.000000000000000 ) ;
#1146 = ADVANCED_FACE ( 'NONE', ( #938 ), #2657, .T. ) ;
#1147 = DIRECTION ( 'NONE',  ( -0.6427876096865348110, -0.7660444431189817882, 0.000000000000000000 ) ) ;
#1148 = LINE ( 'NONE', #1757, #1187 ) ;
#1150 = ORIENTED_EDGE ( 'NONE', *, *, #40, .F. ) ;
#1149 = VECTOR ( 'NONE', #2065, 1000.000000000000000 ) ;
#1151 = CARTESIAN_POINT ( 'NONE',  ( 86.47964504620668436, 5.593436032609519160, -252.0000000000000000 ) ) ;
#1152 = PLANE ( 'NONE',  #2493 ) ;
#1153 = CARTESIAN_POINT ( 'NONE',  ( 89.45826345810306179, 4.996307229467639388, -328.9999999709330041 ) ) ;
#1154 = ORIENTED_EDGE ( 'NONE', *, *, #2204, .T. ) ;
#1155 = ORIENTED_EDGE ( 'NONE', *, *, #1042, .F. ) ;
#1156 = CARTESIAN_POINT ( 'NONE',  ( 111.9008294260164007, 7.478241219270040929, -254.0000000000000000 ) ) ;
#1157 = VERTEX_POINT ( 'NONE', #1592 ) ;
#1158 = LINE ( 'NONE', #149, #229 ) ;
#1159 = CARTESIAN_POINT ( 'NONE',  ( 87.11868833927339040, 5.337914715876807215, -327.0000000000002274 ) ) ;
#1160 = CARTESIAN_POINT ( 'NONE',  ( 6.983004288650841218, -3.124332127504656054, 0.000000000000000000 ) ) ;
#1161 = CARTESIAN_POINT ( 'NONE',  ( 86.75727326472873813, -1.083739733810586303, -111.9999999999999716 ) ) ;
#1162 = ORIENTED_EDGE ( 'NONE', *, *, #1569, .T. ) ;
#1163 = EDGE_CURVE ( 'NONE', #1023, #2123, #2676, .T. ) ;
#1164 = CARTESIAN_POINT ( 'NONE',  ( 86.57092401492739953, 5.702218071510724684, -182.0000000000000000 ) ) ;
#1165 = CARTESIAN_POINT ( 'NONE',  ( 111.9008294260164007, -0.1603489315469414089, -2.000000000000000000 ) ) ;
#1166 = EDGE_CURVE ( 'NONE', #1173, #404, #2448, .T. ) ;
#1167 = CARTESIAN_POINT ( 'NONE',  ( 114.4418962788706153, 0.05862827003066970605, 0.000000000000000000 ) ) ;
#1168 = B_SPLINE_CURVE_WITH_KNOTS ( 'NONE', 3,
 ( #313, #564, #2630, #548, #2005, #300, #1200 ),
 .UNSPECIFIED., .F., .F.,
 ( 4, 1, 1, 1, 4 ),
 ( 0.01531462871388702615, 0.05188381286330936981, 0.08845299701273169612, 0.1250221811621540224, 0.1615913653115763626 ),
 .UNSPECIFIED. ) ;
#1169 = CARTESIAN_POINT ( 'NONE',  ( 107.0664452761846803, 1.748311301469956502, -329.0000000186273041 ) ) ;
#1170 = ORIENTED_EDGE ( 'NONE', *, *, #743, .F. ) ;
#1171 = DIRECTION ( 'NONE',  ( 0.7660444431189817882, -0.6427876096865348110, 0.000000000000000000 ) ) ;
#1172 = CARTESIAN_POINT ( 'NONE',  ( 99.79424123806964531, -0.6049596011214792846, 0.000000000000000000 ) ) ;
#1173 = VERTEX_POINT ( 'NONE', #1161 ) ;
#1174 = CARTESIAN_POINT ( 'NONE',  ( 99.79424123806964531, -0.6049596011214792846, 0.000000000000000000 ) ) ;
#1175 = CARTESIAN_POINT ( 'NONE',  ( 114.7338862840109215, -0.05629614014376602832, 0.000000000000000000 ) ) ;
#1176 = ORIENTED_EDGE ( 'NONE', *, *, #2465, .T. ) ;
#1177 = CARTESIAN_POINT ( 'NONE',  ( 51.76189107869360839, 5.834639574928984551, -328.9999999999996021 ) ) ;
#1178 = CARTESIAN_POINT ( 'NONE',  ( 86.35154931622426489, 5.440777486206989977, -327.0000000000000000 ) ) ;
#1179 = CARTESIAN_POINT ( 'NONE',  ( 111.9008294260164007, -9.946594549830242826, -55.00000000000000000 ) ) ;
#1180 = LINE ( 'NONE', #2058, #55 ) ;
#1181 = CARTESIAN_POINT ( 'NONE',  ( 86.97350075058052710, 5.799640397016278648, -57.00000000000001421 ) ) ;
#1182 = DIRECTION ( 'NONE',  ( -0.03670005866349870111, 0.9993263259286706557, 0.000000000000000000 ) ) ;
#1183 = ORIENTED_EDGE ( 'NONE', *, *, #1985, .T. ) ;
#1184 = CARTESIAN_POINT ( 'NONE',  ( 111.9008294260164007, 0.3399886607216017209, -57.00000000000000000 ) ) ;
#1185 =( NAMED_UNIT ( * ) PLANE_ANGLE_UNIT ( ) SI_UNIT ( $, .RADIAN. ) );
#1186 = VERTEX_POINT ( 'NONE', #540 ) ;
#1187 = VECTOR ( 'NONE', #102, 1000.000000000000000 ) ;
#1188 = CARTESIAN_POINT ( 'NONE',  ( 95.84918766041297999, -0.7498377119452512840, -329.0000000441737598 ) ) ;
#1189 = CARTESIAN_POINT ( 'NONE',  ( 86.75728640428251026, -1.083755392921036398, -227.6666666666666288 ) ) ;
#1190 = VECTOR ( 'NONE', #822, 1000.000000000000114 ) ;
#1191 = B_SPLINE_CURVE_WITH_KNOTS ( 'NONE', 3,
 ( #2416, #1142, #1096, #2582 ),
 .UNSPECIFIED., .F., .F.,
 ( 4, 4 ),
 ( 0.000000000000000000, 1.000000000000000000 ),
 .UNSPECIFIED. ) ;
#1192 = LINE ( 'NONE', #1628, #487 ) ;
#1193 = CARTESIAN_POINT ( 'NONE',  ( 112.1939012408937373, 0.5889270875862118171, -329.0000000351313361 ) ) ;
#1194 = ORIENTED_EDGE ( 'NONE', *, *, #2607, .F. ) ;
#1195 = CARTESIAN_POINT ( 'NONE',  ( 110.7955348394975346, -0.2009382739298174181, -181.9999999999999147 ) ) ;
#1196 = CARTESIAN_POINT ( 'NONE',  ( 88.06118438317453467, 7.478241219270040929, -182.0000000000000000 ) ) ;
#1197 = EDGE_CURVE ( 'NONE', #541, #243, #2742, .T. ) ;
#1198 = AXIS2_PLACEMENT_3D ( 'NONE', #1732, #43, #2592 ) ;
#1199 = B_SPLINE_CURVE_WITH_KNOTS ( 'NONE', 3,
 ( #1512, #2352, #1969, #700, #2599, #1524, #678, #691 ),
 .UNSPECIFIED., .F., .F.,
 ( 4, 1, 1, 1, 1, 4 ),
 ( 1.388734011074935400E-17, 0.004340663768702957871, 0.01121211296203638262, 0.01808356215536981518, 0.02495501134870323212, 0.02516050589285449141 ),
 .UNSPECIFIED. ) ;
#1200 = CARTESIAN_POINT ( 'NONE',  ( 111.8824798098075775, 0.3393171569353730099, -254.0000000000000000 ) ) ;
#1201 = DIRECTION ( 'NONE',  ( 0.000000000000000000, 0.000000000000000000, 1.000000000000000000 ) ) ;
#1202 = CARTESIAN_POINT ( 'NONE',  ( 114.4000000000000057, -0.06855999999999999595, 0.000000000000000000 ) ) ;
#1203 = ORIENTED_EDGE ( 'NONE', *, *, #419, .F. ) ;
#1204 = CARTESIAN_POINT ( 'NONE',  ( 114.9008294260164007, -0.05016421021564968635, -329.0000000000000000 ) ) ;
#1205 = CARTESIAN_POINT ( 'NONE',  ( 86.75727336605287121, -1.083739854563986249, -119.0000000000000142 ) ) ;
#1206 = EDGE_LOOP ( 'NONE', ( #1071, #1396, #1213, #1511 ) ) ;
#1207 = CARTESIAN_POINT ( 'NONE',  ( 91.29879063699419817, -0.9169608016676749074, -329.0000000441735892 ) ) ;
#1208 = CARTESIAN_POINT ( 'NONE',  ( 111.9008294260164007, -0.1603448949044220251, -327.0000000000000000 ) ) ;
#1209 = FACE_OUTER_BOUND ( 'NONE', #368, .T. ) ;
#1210 = CARTESIAN_POINT ( 'NONE',  ( 114.9008294260163723, -0.05016421021564967248, 0.000000000000000000 ) ) ;
#1211 = CARTESIAN_POINT ( 'NONE',  ( 111.9784034922777778, 0.6393699915414481350, -329.0000000344166438 ) ) ;
#1212 = ORIENTED_EDGE ( 'NONE', *, *, #270, .T. ) ;
#1213 = ORIENTED_EDGE ( 'NONE', *, *, #671, .T. ) ;
#1214 = CARTESIAN_POINT ( 'NONE',  ( 49.95864061414656732, -2.285718532545727211, -328.9999999999999432 ) ) ;
#1215 = CARTESIAN_POINT ( 'NONE',  ( 63.27982467727319715, -1.945789055886693042, 0.000000000000000000 ) ) ;
#1216 = CARTESIAN_POINT ( 'NONE',  ( 86.34999139119773304, -0.5983600978315311014, -111.9999999999999574 ) ) ;
#1217 = LINE ( 'NONE', #1802, #56 ) ;
#1218 = ORIENTED_EDGE ( 'NONE', *, *, #858, .T. ) ;
#1219 = DIRECTION ( 'NONE',  ( -0.9993263173578234015, -0.03670029204312422189, -0.000000000000000000 ) ) ;
#1220 = EDGE_CURVE ( 'NONE', #1786, #922, #2703, .T. ) ;
#1221 = CARTESIAN_POINT ( 'NONE',  ( 0.03206516888175714453, 0.2597402073430205016, 0.000000000000000000 ) ) ;
#1222 = VERTEX_POINT ( 'NONE', #1184 ) ;
#1223 = CARTESIAN_POINT ( 'NONE',  ( 47.29890150185652686, 4.770555349184927962, -328.9999999999999432 ) ) ;
#1224 = CARTESIAN_POINT ( 'NONE',  ( 111.9008294260164291, 0.6590486857787354325, -117.0000000000000000 ) ) ;
#1225 = CARTESIAN_POINT ( 'NONE',  ( 111.9008294260164007, -0.1603484532161225939, -52.00000000000000711 ) ) ;
#1226 = CARTESIAN_POINT ( 'NONE',  ( 86.35001255881995519, -0.5983853244293667606, -249.0000000000000000 ) ) ;
#1227 = DIRECTION ( 'NONE',  ( -0.9993263173578232905, -0.03670029204312849624, -0.000000000000000000 ) ) ;
#1228 = CARTESIAN_POINT ( 'NONE',  ( 83.31894911537024484, 6.493836782518506823, 0.000000000000000000 ) ) ;
#1229 = CARTESIAN_POINT ( 'NONE',  ( 111.9008294260163865, -0.1603460212006482255, -251.9999999999999432 ) ) ;
#1230 = ORIENTED_EDGE ( 'NONE', *, *, #1058, .T. ) ;
#1231 = DIRECTION ( 'NONE',  ( 0.000000000000000000, 0.000000000000000000, 1.000000000000000000 ) ) ;
#1232 = B_SPLINE_CURVE_WITH_KNOTS ( 'NONE', 3,
 ( #325, #1195, #1809, #2032, #1573, #131, #2049, #2422, #1825 ),
 .UNSPECIFIED., .F., .F.,
 ( 4, 1, 1, 1, 1, 1, 4 ),
 ( 0.000000000000000000, 0.003318117227095160153, 0.009232644267436267496, 0.01514717130777738612, 0.02106169834811848912, 0.02401896186828905363, 0.02516050213007951439 ),
 .UNSPECIFIED. ) ;
#1233 = CARTESIAN_POINT ( 'NONE',  ( 34.67685276963516827, -2.995672032723854628, 0.000000000000000000 ) ) ;
#1234 = CARTESIAN_POINT ( 'NONE',  ( 111.9008294260164007, -9.946594549830242826, -57.00000000000000000 ) ) ;
#1235 = ORIENTED_EDGE ( 'NONE', *, *, #500, .T. ) ;
#1236 = ORIENTED_EDGE ( 'NONE', *, *, #40, .T. ) ;
#1237 = EDGE_CURVE ( 'NONE', #599, #650, #230, .T. ) ;
#1238 = CARTESIAN_POINT ( 'NONE',  ( 89.14671676569618342, -0.9959881122633391648, -54.99999999999994316 ) ) ;
#1239 = CARTESIAN_POINT ( 'NONE',  ( 87.34328613757561754, -1.062250067401363296, -329.0000000441736461 ) ) ;
#1240 = CARTESIAN_POINT ( 'NONE',  ( 109.7871838215895934, 0.2623695672188540162, -249.0000000000000000 ) ) ;
#1241 = AXIS2_PLACEMENT_3D ( 'NONE', #2733, #616, #1246 ) ;
#1242 = LINE ( 'NONE', #1498, #1145 ) ;
#1243 = VERTEX_POINT ( 'NONE', #1463 ) ;
#1244 = ORIENTED_EDGE ( 'NONE', *, *, #2560, .T. ) ;
#1245 = AXIS2_PLACEMENT_3D ( 'NONE', #2, #2306, #1445 ) ;
#1246 = DIRECTION ( 'NONE',  ( -0.9993263265620334623, -0.03670004141730631719, -0.000000000000000000 ) ) ;
#1247 = CARTESIAN_POINT ( 'NONE',  ( 71.49898996834531317, -1.644580723308460612, -328.9999999999994316 ) ) ;
#1248 = DIRECTION ( 'NONE',  ( 0.03670029204312422189, -0.9993263173578235126, 0.000000000000000000 ) ) ;
#1249 = FACE_OUTER_BOUND ( 'NONE', #1777, .T. ) ;
#1250 = CARTESIAN_POINT ( 'NONE',  ( 0.1382492562241071365, -3.764467723658242004, -55.00000000000000000 ) ) ;
#1251 = ORIENTED_EDGE ( 'NONE', *, *, #2541, .T. ) ;
#1252 = EDGE_CURVE ( 'NONE', #132, #1946, #2572, .T. ) ;
#1253 = DIRECTION ( 'NONE',  ( 0.000000000000000000, 0.000000000000000000, -1.000000000000000000 ) ) ;
#1254 = VERTEX_POINT ( 'NONE', #1715 ) ;
#1255 = VECTOR ( 'NONE', #1890, 1000.000000000000114 ) ;
#1256 = CARTESIAN_POINT ( 'NONE',  ( 83.81705129401322552, 2.420280362814021480, -180.0000000000000000 ) ) ;
#1257 = CARTESIAN_POINT ( 'NONE',  ( 86.75727349766768270, -1.083740011416445048, -60.00000000000000711 ) ) ;
#1258 = EDGE_CURVE ( 'NONE', #1827, #1857, #23, .T. ) ;
#1259 = DIRECTION ( 'NONE',  ( 0.000000000000000000, 0.000000000000000000, 1.000000000000000000 ) ) ;
#1260 = CARTESIAN_POINT ( 'NONE',  ( 34.67685276963516827, -2.995672032723854628, 0.000000000000000000 ) ) ;
#1261 = ADVANCED_FACE ( 'NONE', ( #1039 ), #1652, .T. ) ;
#1262 = ORIENTED_EDGE ( 'NONE', *, *, #225, .T. ) ;
#1263 = ORIENTED_EDGE ( 'NONE', *, *, #951, .F. ) ;
#1264 = CARTESIAN_POINT ( 'NONE',  ( 0.000000000000000000, 0.000000000000000000, -177.0000000000000000 ) ) ;
#1265 = CARTESIAN_POINT ( 'NONE',  ( 5.772134182227188326, -2.991095775737271367, 0.000000000000000000 ) ) ;
#1266 = LINE ( 'NONE', #2333, #1149 ) ;
#1267 = VERTEX_POINT ( 'NONE', #944 ) ;
#1268 = CARTESIAN_POINT ( 'NONE',  ( 111.9008294260163723, 0.6591514599650808437, -95.66666666670694497 ) ) ;
#1269 = CARTESIAN_POINT ( 'NONE',  ( 74.23415448507184067, -1.543708215947299678, 0.000000000000000000 ) ) ;
#1270 = ADVANCED_FACE ( 'NONE', ( #1386 ), #245, .T. ) ;
#1271 = VERTEX_POINT ( 'NONE', #1885 ) ;
#1272 = CARTESIAN_POINT ( 'NONE',  ( 69.66625662955186726, 6.824566089578421035, -328.9999999999998863 ) ) ;
#1273 = CARTESIAN_POINT ( 'NONE',  ( 93.78249537536387948, -0.8257326686808652561, -54.99999999999990763 ) ) ;
#1274 = CARTESIAN_POINT ( 'NONE',  ( 88.06118438317453467, 7.478241219270040929, -55.00000000000000000 ) ) ;
#1275 = B_SPLINE_CURVE_WITH_KNOTS ( 'NONE', 3,
 ( #185, #804, #234, #1026, #1930, #784, #2282, #1224 ),
 .UNSPECIFIED., .F., .F.,
 ( 4, 1, 1, 1, 1, 4 ),
 ( 0.002858476491985773287, 0.005620833177779690701, 0.01203176148402324529, 0.01844268979026679814, 0.02485361809651035273, 0.02863397404902522439 ),
 .UNSPECIFIED. ) ;
#1276 = DIRECTION ( 'NONE',  ( -0.6427876096865406952, 0.7660444431189769032, 0.000000000000000000 ) ) ;
#1277 = ORIENTED_EDGE ( 'NONE', *, *, #1539, .F. ) ;
#1278 = EDGE_LOOP ( 'NONE', ( #108, #2539, #329, #2594 ) ) ;
#1279 = EDGE_CURVE ( 'NONE', #1946, #2323, #568, .T. ) ;
#1280 = CARTESIAN_POINT ( 'NONE',  ( 26.76540489896219199, -3.286186257312697645, 0.000000000000000000 ) ) ;
#1281 = CARTESIAN_POINT ( 'NONE',  ( 96.22643135716322149, -0.7359832544053732661, -328.9999999999998295 ) ) ;
#1282 = PLANE ( 'NONE',  #536 ) ;
#1283 = DIRECTION ( 'NONE',  ( 0.000000000000000000, 0.000000000000000000, -1.000000000000000000 ) ) ;
#1284 = ORIENTED_EDGE ( 'NONE', *, *, #1636, .T. ) ;
#1285 = DIRECTION ( 'NONE',  ( 0.000000000000000000, 0.000000000000000000, 1.000000000000000000 ) ) ;
#1286 = CARTESIAN_POINT ( 'NONE',  ( 111.9008294260163865, -0.1603460212006482255, -249.0000000000000000 ) ) ;
#1287 = CARTESIAN_POINT ( 'NONE',  ( 39.57649053553939922, -0.1481345034421840123, -329.0000000000001705 ) ) ;
#1288 = ORIENTED_EDGE ( 'NONE', *, *, #2404, .F. ) ;
#1289 = CARTESIAN_POINT ( 'NONE',  ( 111.9008294260164007, -0.1603469925516940453, -177.0000000000000000 ) ) ;
#1290 = EDGE_CURVE ( 'NONE', #1124, #1359, #1180, .T. ) ;
#1291 = ORIENTED_EDGE ( 'NONE', *, *, #1859, .T. ) ;
#1292 = AXIS2_PLACEMENT_3D ( 'NONE', #2007, #138, #1829 ) ;
#1293 = CARTESIAN_POINT ( 'NONE',  ( 42.22382225212984252, 10.49114447452352472, 0.000000000000000000 ) ) ;
#1294 = CARTESIAN_POINT ( 'NONE',  ( 82.79876929128081997, 5.873910608364916186, -328.9999999571906528 ) ) ;
#1295 = VECTOR ( 'NONE', #724, 1000.000000000000000 ) ;
#1296 = ADVANCED_FACE ( 'NONE', ( #983 ), #1871, .T. ) ;
#1297 = ORIENTED_EDGE ( 'NONE', *, *, #2713, .T. ) ;
#1298 = CARTESIAN_POINT ( 'NONE',  ( 86.75727354306989980, -1.083740065524691820, -52.00000000000000711 ) ) ;
#1299 = CARTESIAN_POINT ( 'NONE',  ( 88.68428442200497841, -1.012970017075041973, -1.999999999999980460 ) ) ;
#1300 = CARTESIAN_POINT ( 'NONE',  ( 83.81705129401322552, 2.420280362814021480, -115.0000000000000000 ) ) ;
#1301 = B_SPLINE_CURVE_WITH_KNOTS ( 'NONE', 3,
 ( #865, #38, #823, #204 ),
 .UNSPECIFIED., .F., .F.,
 ( 4, 4 ),
 ( 0.000000000000000000, 0.002999999999999918964 ),
 .UNSPECIFIED. ) ;
#1302 = ADVANCED_FACE ( 'NONE', ( #2747 ), #1659, .T. ) ;
#1303 = CARTESIAN_POINT ( 'NONE',  ( 2.058063524610827422, 2.702498728062484812, 0.000000000000000000 ) ) ;
#1304 = FACE_OUTER_BOUND ( 'NONE', #1979, .T. ) ;
#1305 = CARTESIAN_POINT ( 'NONE',  ( 101.6457757905428707, -0.5369611054938266959, -117.0000000000001563 ) ) ;
#1306 = ORIENTED_EDGE ( 'NONE', *, *, #2435, .T. ) ;
#1307 = DIRECTION ( 'NONE',  ( 0.7660444431189769032, 0.6427876096865406952, 0.000000000000000000 ) ) ;
#1308 = PLANE ( 'NONE',  #1595 ) ;
#1309 = EDGE_CURVE ( 'NONE', #1487, #1440, #775, .T. ) ;
#1310 = DIRECTION ( 'NONE',  ( 1.000000000000000000, 0.000000000000000000, 0.000000000000000000 ) ) ;
#1311 = CARTESIAN_POINT ( 'NONE',  ( 86.75729166573825069, -1.083761663289078525, -254.0000000000001137 ) ) ;
#1312 = CARTESIAN_POINT ( 'NONE',  ( 111.9008294260164007, 0.6590583519349972885, -115.0000000000000000 ) ) ;
#1313 = CARTESIAN_POINT ( 'NONE',  ( 14.98299591411970155, 8.170970946279783931, 0.000000000000000000 ) ) ;
#1314 = CARTESIAN_POINT ( 'NONE',  ( 105.0006930992977914, -0.4137501561514130843, -329.0000000000006253 ) ) ;
#1315 = EDGE_LOOP ( 'NONE', ( #304, #1138, #1521, #1660 ) ) ;
#1316 = PLANE ( 'NONE',  #2664 ) ;
#1317 = CARTESIAN_POINT ( 'NONE',  ( 90.08871368539300306, -0.9613920350123963399, -249.0000000000000000 ) ) ;
#1318 = DIRECTION ( 'NONE',  ( -0.6427876096865348110, -0.7660444431189817882, -0.000000000000000000 ) ) ;
#1319 = CARTESIAN_POINT ( 'NONE',  ( 114.4418962788706153, 0.05862827003066970605, 0.000000000000000000 ) ) ;
#1320 = CARTESIAN_POINT ( 'NONE',  ( 0.000000000000000000, 0.000000000000000000, -55.00000000000000000 ) ) ;
#1321 = DIRECTION ( 'NONE',  ( 0.000000000000000000, 0.000000000000000000, -1.000000000000000000 ) ) ;
#1322 = CARTESIAN_POINT ( 'NONE',  ( 83.81705129401322552, 2.420280362814021480, -252.0000000000000000 ) ) ;
#1323 = EDGE_CURVE ( 'NONE', #2123, #97, #789, .T. ) ;
#1324 = CARTESIAN_POINT ( 'NONE',  ( 7.148837281125505427, 5.700820457083032089, 0.000000000000000000 ) ) ;
#1325 = CARTESIAN_POINT ( 'NONE',  ( 40.73056263834868673, 1.549140884049841072, -328.9999999999999432 ) ) ;
#1326 = FACE_BOUND ( 'NONE', #741, .T. ) ;
#1327 = LINE ( 'NONE', #2174, #2226 ) ;
#1328 = VECTOR ( 'NONE', #291, 1000.000000000000000 ) ;
#1329 = B_SPLINE_CURVE_WITH_KNOTS ( 'NONE', 3,
 ( #941, #2421, #1982, #954, #2394, #488, #2001 ),
 .UNSPECIFIED., .F., .F.,
 ( 4, 3, 4 ),
 ( 1.387778780781445676E-17, 0.04073993671117682319, 0.05800005562582637164 ),
 .UNSPECIFIED. ) ;
#1330 = VECTOR ( 'NONE', #1253, 1000.000000000000000 ) ;
#1331 = CARTESIAN_POINT ( 'NONE',  ( 108.2960524859136484, -0.2927227069255809999, -249.0000000000000000 ) ) ;
#1332 = EDGE_CURVE ( 'NONE', #1751, #2075, #527, .T. ) ;
#1333 = VECTOR ( 'NONE', #2087, 1000.000000000000114 ) ;
#1334 = CARTESIAN_POINT ( 'NONE',  ( 108.2960524859136484, -0.2927227069255811664, -253.9999999999997726 ) ) ;
#1335 = CARTESIAN_POINT ( 'NONE',  ( 98.45408093305573516, -0.6541702060449230416, -257.0000000000000000 ) ) ;
#1336 = EDGE_LOOP ( 'NONE', ( #2685, #1720, #363, #623, #721, #1030 ) ) ;
#1337 = CARTESIAN_POINT ( 'NONE',  ( 41.24918983354890401, 2.016931498215861485, -329.0000000000001137 ) ) ;
#1338 = ADVANCED_FACE ( 'NONE', ( #2073 ), #170, .T. ) ;
#1339 = FACE_OUTER_BOUND ( 'NONE', #1647, .T. ) ;
#1340 = DIRECTION ( 'NONE',  ( 1.000000000000000000, 0.000000000000000000, 0.000000000000000000 ) ) ;
#1341 = EDGE_CURVE ( 'NONE', #2524, #2765, #1485, .T. ) ;
#1342 = CARTESIAN_POINT ( 'NONE',  ( 16.76560634619016810, 8.571669894868692907, 0.000000000000000000 ) ) ;
#1343 = DIRECTION ( 'NONE',  ( 0.6427876096865450251, -0.7660444431189733505, 0.000000000000000000 ) ) ;
#1344 = CARTESIAN_POINT ( 'NONE',  ( 88.47089650901951075, 5.140453851748310043, -328.9999999687237278 ) ) ;
#1345 = ORIENTED_EDGE ( 'NONE', *, *, #2051, .T. ) ;
#1346 = LINE ( 'NONE', #1986, #2505 ) ;
#1347 = CARTESIAN_POINT ( 'NONE',  ( 91.77870947852764516, -0.8993279474698993026, -179.9999999999998863 ) ) ;
#1348 = CARTESIAN_POINT ( 'NONE',  ( 88.30213863824107534, -1.027013408905829150, -254.0000000000001137 ) ) ;
#1349 = EDGE_CURVE ( 'NONE', #1267, #2420, #1383, .T. ) ;
#1350 = ORIENTED_EDGE ( 'NONE', *, *, #1719, .T. ) ;
#1351 = CARTESIAN_POINT ( 'NONE',  ( 43.19200510062093912, 3.230673047233286077, -328.9999999999998295 ) ) ;
#1352 = CARTESIAN_POINT ( 'NONE',  ( 79.22579948065114763, 6.244855569757276292, -329.0000000000004547 ) ) ;
#1353 = CARTESIAN_POINT ( 'NONE',  ( 114.9008294260164007, -0.05016421021564968635, -329.0000000000000000 ) ) ;
#1354 = CARTESIAN_POINT ( 'NONE',  ( 109.8209888384518820, 1.136689586157410004, -329.0000000273560659 ) ) ;
#1355 = CARTESIAN_POINT ( 'NONE',  ( 86.34999562234368398, -0.5983651403149211623, -185.0000000000000000 ) ) ;
#1356 = VERTEX_POINT ( 'NONE', #705 ) ;
#1357 = ADVANCED_FACE ( 'NONE', ( #1973 ), #1990, .T. ) ;
#1358 = CARTESIAN_POINT ( 'NONE',  ( 99.31070844905764261, -0.1223754370173359279, -257.0000000000000000 ) ) ;
#1359 = VERTEX_POINT ( 'NONE', #2408 ) ;
#1360 = CARTESIAN_POINT ( 'NONE',  ( 114.5252073565041400, 0.03887894744609002307, 0.000000000000000000 ) ) ;
#1361 = B_SPLINE_CURVE_WITH_KNOTS ( 'NONE', 3,
 ( #2575, #2354, #879, #1727 ),
 .UNSPECIFIED., .F., .F.,
 ( 4, 4 ),
 ( 0.003000000000000009603, 0.05499999999999997946 ),
 .UNSPECIFIED. ) ;
#1362 = DIRECTION ( 'NONE',  ( 0.03670005866349870111, -0.9993263259286706557, 0.000000000000000000 ) ) ;
#1363 = LINE ( 'NONE', #303, #445 ) ;
#1364 = ORIENTED_EDGE ( 'NONE', *, *, #1163, .F. ) ;
#1365 = CARTESIAN_POINT ( 'NONE',  ( 83.81705129401322552, 2.420280362814021480, -57.00000000000000000 ) ) ;
#1366 = CARTESIAN_POINT ( 'NONE',  ( 74.45078548670593932, 6.613124417782024977, -328.9999999999998863 ) ) ;
#1367 = CARTESIAN_POINT ( 'NONE',  ( 108.3801330970393195, 1.460762000035984443, -329.0000000227395844 ) ) ;
#1368 = ORIENTED_EDGE ( 'NONE', *, *, #2576, .T. ) ;
#1369 = EDGE_CURVE ( 'NONE', #1574, #2116, #2646, .T. ) ;
#1370 = CARTESIAN_POINT ( 'NONE',  ( 114.4000000000000057, -0.06855999999999999595, 0.000000000000000000 ) ) ;
#1371 = CARTESIAN_POINT ( 'NONE',  ( 86.73090693802643614, 5.892878294867693434, -8.801712675418842835 ) ) ;
#1372 = DIRECTION ( 'NONE',  ( 0.000000000000000000, 1.000000000000000000, 0.000000000000000000 ) ) ;
#1373 = ORIENTED_EDGE ( 'NONE', *, *, #1466, .T. ) ;
#1374 = CARTESIAN_POINT ( 'NONE',  ( 88.67817298530637515, 5.119020290113331484, -327.0000000000001705 ) ) ;
#1375 = COLOUR_RGB ( '',1.000000000000000000, 1.000000000000000000, 1.000000000000000000 ) ;
#1376 = CARTESIAN_POINT ( 'NONE',  ( 93.03579108448828094, -0.8531611054334398148, -329.0000000000001705 ) ) ;
#1377 = DIRECTION ( 'NONE',  ( -0.9993259977782117387, -0.03670899296605031198, -0.000000000000000000 ) ) ;
#1379 = ORIENTED_EDGE ( 'NONE', *, *, #2328, .F. ) ;
#1378 = VECTOR ( 'NONE', #2516, 1000.000000000000227 ) ;
#1380 = CARTESIAN_POINT ( 'NONE',  ( 41.64338457337167654, 2.323384147518006149, -328.9999999999999432 ) ) ;
#1381 = VECTOR ( 'NONE', #1443, 1000.000000000000000 ) ;
#1382 = CARTESIAN_POINT ( 'NONE',  ( 109.7871838215895934, 0.2623695672188540162, -257.0000000000000000 ) ) ;
#1383 = LINE ( 'NONE', #490, #1814 ) ;
#1384 = CARTESIAN_POINT ( 'NONE',  ( 109.9120242841669892, 1.130326364673033268, -328.9999999999997726 ) ) ;
#1385 = ADVANCED_FACE ( 'NONE', ( #95 ), #472, .T. ) ;
#1386 = FACE_OUTER_BOUND ( 'NONE', #2207, .T. ) ;
#1387 = CARTESIAN_POINT ( 'NONE',  ( 104.0245932488198406, 2.391067993209222919, -329.0000000093880317 ) ) ;
#1388 = CARTESIAN_POINT ( 'NONE',  ( 111.9008294260164007, 0.6580355753756402803, -271.2809615993130592 ) ) ;
#1389 = DIRECTION ( 'NONE',  ( 0.000000000000000000, 1.000000000000000000, 0.000000000000000000 ) ) ;
#1390 = CARTESIAN_POINT ( 'NONE',  ( 111.9008294260164291, 0.6590486857787354325, -117.0000000000000000 ) ) ;
#1391 = ORIENTED_EDGE ( 'NONE', *, *, #1332, .F. ) ;
#1392 = CARTESIAN_POINT ( 'NONE',  ( 111.9008294260164149, 0.3399892986060862321, -120.0000000000000000 ) ) ;
#1393 = ORIENTED_EDGE ( 'NONE', *, *, #1444, .T. ) ;
#1394 = FACE_OUTER_BOUND ( 'NONE', #751, .T. ) ;
#1395 = DIRECTION ( 'NONE',  ( -0.6427876096865406952, 0.7660444431189769032, 0.000000000000000000 ) ) ;
#1396 = ORIENTED_EDGE ( 'NONE', *, *, #18, .T. ) ;
#1397 = ADVANCED_FACE ( 'NONE', ( #2089 ), #1932, .T. ) ;
#1398 = CARTESIAN_POINT ( 'NONE',  ( 114.8734777754659149, -0.04368035974477781774, -329.0000000000000000 ) ) ;
#1399 = CARTESIAN_POINT ( 'NONE',  ( 93.11541035991599813, 4.421743783506729919, -328.9999999796138468 ) ) ;
#1400 = CARTESIAN_POINT ( 'NONE',  ( 86.73892347695903027, -0.5840768481354281505, -60.00000000000000711 ) ) ;
#1401 = EDGE_LOOP ( 'NONE', ( #1393, #2329, #2642, #77, #2019 ) ) ;
#1402 = CARTESIAN_POINT ( 'NONE',  ( 88.74090354092093946, 5.352698338224096020, -180.0000000000001137 ) ) ;
#1403 = CARTESIAN_POINT ( 'NONE',  ( 111.8824798098075775, 0.3393171569353730099, -254.0000000000000000 ) ) ;
#1404 = ORIENTED_EDGE ( 'NONE', *, *, #2465, .F. ) ;
#1405 = DIRECTION ( 'NONE',  ( 2.773687740400181649E-14, 1.000000000000000000, 0.000000000000000000 ) ) ;
#1406 = CARTESIAN_POINT ( 'NONE',  ( 92.49135363831337031, -0.8731494297108995939, 0.000000000000000000 ) ) ;
#1407 = CARTESIAN_POINT ( 'NONE',  ( 114.4000000000000057, -0.06855999999999999595, 0.000000000000000000 ) ) ;
#1408 = CARTESIAN_POINT ( 'NONE',  ( 52.94137930274265358, 6.040875232489733904, -329.0000000000004547 ) ) ;
#1409 = CARTESIAN_POINT ( 'NONE',  ( 86.73893716925522313, -0.5840986643999728223, -252.0000000000000000 ) ) ;
#1410 = CARTESIAN_POINT ( 'NONE',  ( 86.75727690884998822, -1.083744076705211112, -177.0000000000000000 ) ) ;
#1411 = ADVANCED_FACE ( 'NONE', ( #1526 ), #1100, .F. ) ;
#1412 = CARTESIAN_POINT ( 'NONE',  ( 112.6596561492928856, 0.4796955669981469716, -329.0000000366783297 ) ) ;
#1413 = VERTEX_POINT ( 'NONE', #1953 ) ;
#1414 = DIRECTION ( 'NONE',  ( -0.03669923241761999244, 0.9993263562720426929, 0.000000000000000000 ) ) ;
#1415 = EDGE_LOOP ( 'NONE', ( #1176, #1632, #590, #1541 ) ) ;
#1416 = DIRECTION ( 'NONE',  ( 0.7660444431189817882, -0.6427876096865348110, 0.000000000000000000 ) ) ;
#1417 = DIRECTION ( 'NONE',  ( -0.9993263259286705447, -0.03670005866349869417, -0.000000000000000000 ) ) ;
#1418 = CARTESIAN_POINT ( 'NONE',  ( 111.9008294260164007, -9.946594549830242826, -252.0000000000000000 ) ) ;
#1419 = CARTESIAN_POINT ( 'NONE',  ( 114.7756220695123375, -0.02048315766173460298, 0.000000000000000000 ) ) ;
#1420 = EDGE_CURVE ( 'NONE', #641, #376, #1363, .T. ) ;
#1421 = VERTEX_POINT ( 'NONE', #1123 ) ;
#1422 = CARTESIAN_POINT ( 'NONE',  ( 9.717777982398256853, 6.654389372503429989, 0.000000000000000000 ) ) ;
#1423 = VECTOR ( 'NONE', #1318, 1000.000000000000000 ) ;
#1424 = CARTESIAN_POINT ( 'NONE',  ( 103.2174907312397920, -0.4792337904864473752, -329.0000000441742714 ) ) ;
#1425 = CARTESIAN_POINT ( 'NONE',  ( 86.75727333237441030, -1.083739814427592707, -120.0000000000000000 ) ) ;
#1426 = AXIS2_PLACEMENT_3D ( 'NONE', #2284, #2625, #760 ) ;
#1427 = LINE ( 'NONE', #996, #2544 ) ;
#1428 = CARTESIAN_POINT ( 'NONE',  ( 114.1785651324419320, 0.1210522826004446079, -329.0000000417535375 ) ) ;
#1429 = CARTESIAN_POINT ( 'NONE',  ( 30.41705370958529997, -3.157874782130163371, 0.000000000000000000 ) ) ;
#1430 = CARTESIAN_POINT ( 'NONE',  ( 86.73892734346213729, -0.5840816099985942644, -177.0000000000000000 ) ) ;
#1431 = LINE ( 'NONE', #2275, #181 ) ;
#1432 = EDGE_LOOP ( 'NONE', ( #1873, #2271, #1288, #2190 ) ) ;
#1433 = CARTESIAN_POINT ( 'NONE',  ( 111.9008294260164007, -0.1603470177296336674, -180.0000000000000000 ) ) ;
#1434 = CARTESIAN_POINT ( 'NONE',  ( 111.8824798098075775, 0.3393171569353730099, -252.0000000000000000 ) ) ;
#1435 = DIRECTION ( 'NONE',  ( 0.6427876096865406952, -0.7660444431189769032, 0.000000000000000000 ) ) ;
#1436 = CARTESIAN_POINT ( 'NONE',  ( 83.81705129401322552, 2.420280362814021480, -252.0000000000000000 ) ) ;
#1437 = LINE ( 'NONE', #587, #135 ) ;
#1438 = CARTESIAN_POINT ( 'NONE',  ( 71.49898996834531317, -1.644580723308460612, -328.9999999999994316 ) ) ;
#1439 = ORIENTED_EDGE ( 'NONE', *, *, #467, .F. ) ;
#1440 = VERTEX_POINT ( 'NONE', #469 ) ;
#1441 = CARTESIAN_POINT ( 'NONE',  ( 107.1840530412764849, -0.3335603922514119302, -114.9999999999998721 ) ) ;
#1442 = CARTESIAN_POINT ( 'NONE',  ( 0.6168536626391639688, -1.387734131283472339, 0.000000000000000000 ) ) ;
#1443 = DIRECTION ( 'NONE',  ( 0.000000000000000000, 0.000000000000000000, -1.000000000000000000 ) ) ;
#1444 = EDGE_CURVE ( 'NONE', #1589, #2323, #54, .T. ) ;
#1445 = DIRECTION ( 'NONE',  ( 0.9993263265620334623, 0.03670004141730631719, 0.000000000000000000 ) ) ;
#1446 = ORIENTED_EDGE ( 'NONE', *, *, #2673, .F. ) ;
#1447 = CARTESIAN_POINT ( 'NONE',  ( 39.74627317458354980, 0.4264348129665656573, -329.0000000000001137 ) ) ;
#1448 = DIRECTION ( 'NONE',  ( 0.000000000000000000, 0.000000000000000000, 1.000000000000000000 ) ) ;
#1449 = ORIENTED_EDGE ( 'NONE', *, *, #814, .T. ) ;
#1450 = CARTESIAN_POINT ( 'NONE',  ( 111.9008294260164007, -0.1603481972445013060, -77.33333333333332860 ) ) ;
#1451 = DIRECTION ( 'NONE',  ( -0.6427876096865348110, -0.7660444431189817882, -0.000000000000000000 ) ) ;
#1452 = SURFACE_SIDE_STYLE ('',( #603 ) ) ;
#1453 = CARTESIAN_POINT ( 'NONE',  ( 82.93816760802143051, 6.040039053142089998, -274.1669054100932499 ) ) ;
#1454 = ORIENTED_EDGE ( 'NONE', *, *, #763, .T. ) ;
#1455 = ORIENTED_EDGE ( 'NONE', *, *, #2622, .T. ) ;
#1456 = CARTESIAN_POINT ( 'NONE',  ( 83.81705129401322552, 2.420280362814021480, -182.0000000000000000 ) ) ;
#1457 = CARTESIAN_POINT ( 'NONE',  ( 62.32586682994467253, -1.980536614428658249, -328.9999999999998295 ) ) ;
#1458 = CARTESIAN_POINT ( 'NONE',  ( 78.67790748511153254, -1.380333514832436714, -329.0000000000001705 ) ) ;
#1459 = CARTESIAN_POINT ( 'NONE',  ( 0.1382492562241071365, -3.764467723658242004, -57.00000000000000000 ) ) ;
#1460 = CARTESIAN_POINT ( 'NONE',  ( 86.75727365776731403, -1.083740202215841331, -2.000000000000026201 ) ) ;
#1461 = ORIENTED_EDGE ( 'NONE', *, *, #743, .T. ) ;
#1462 = EDGE_CURVE ( 'NONE', #480, #2139, #924, .T. ) ;
#1463 = CARTESIAN_POINT ( 'NONE',  ( 82.95808413683273841, -1.223213922276929155, -329.0000000441723955 ) ) ;
#1464 = ORIENTED_EDGE ( 'NONE', *, *, #537, .T. ) ;
#1465 = CARTESIAN_POINT ( 'NONE',  ( 64.87711080975755351, 6.847358922850097507, -329.0000000000001705 ) ) ;
#1466 = EDGE_CURVE ( 'NONE', #1911, #1981, #1148, .T. ) ;
#1467 = CARTESIAN_POINT ( 'NONE',  ( 91.35225213568733693, -0.9149966866300677237, -329.0000000441735892 ) ) ;
#1468 = CARTESIAN_POINT ( 'NONE',  ( 86.73892330304266807, -0.5840766514632573791, -111.9999999999999858 ) ) ;
#1469 = VECTOR ( 'NONE', #1630, 1000.000000000000114 ) ;
#1470 = DIRECTION ( 'NONE',  ( 1.000000000000000000, 0.000000000000000000, 0.000000000000000000 ) ) ;
#1471 = VERTEX_POINT ( 'NONE', #725 ) ;
#1472 = ORIENTED_EDGE ( 'NONE', *, *, #477, .F. ) ;
#1473 = VECTOR ( 'NONE', #1057, 1000.000000000000000 ) ;
#1474 = CARTESIAN_POINT ( 'NONE',  ( 101.6141256272527187, -0.5381234729404531514, -115.0000000000001705 ) ) ;
#1475 = VECTOR ( 'NONE', #1540, 1000.000000000000000 ) ;
#1476 = CARTESIAN_POINT ( 'NONE',  ( 42.20186211193854575, -1.782597617946420687, -329.0000000000006253 ) ) ;
#1477 = EDGE_CURVE ( 'NONE', #1006, #2731, #1581, .T. ) ;
#1478 = PLANE ( 'NONE',  #317 ) ;
#1479 = PLANE ( 'NONE',  #2317 ) ;
#1480 = CARTESIAN_POINT ( 'NONE',  ( 86.75727479171995071, -1.083741553607876273, -158.0000000000001990 ) ) ;
#1481 = EDGE_LOOP ( 'NONE', ( #2645, #2668, #352, #2502 ) ) ;
#1482 = VERTEX_POINT ( 'NONE', #680 ) ;
#1483 = CARTESIAN_POINT ( 'NONE',  ( 111.9008294260164007, 0.6593192193646794097, -55.00000000000000000 ) ) ;
#1484 = ADVANCED_FACE ( 'NONE', ( #1535 ), #2377, .T. ) ;
#1485 = LINE ( 'NONE', #627, #2256 ) ;
#1486 = EDGE_LOOP ( 'NONE', ( #2460, #1716, #427, #1127 ) ) ;
#1487 = VERTEX_POINT ( 'NONE', #1895 ) ;
#1488 = CARTESIAN_POINT ( 'NONE',  ( -0.03642451569615721280, -0.1997153173902917467, -0.000000000000000000 ) ) ;
#1489 = CARTESIAN_POINT ( 'NONE',  ( 86.75727349766768270, -1.083740011416445048, -55.00000000000000000 ) ) ;
#1490 = DIRECTION ( 'NONE',  ( -0.6427876096865347000, -0.7660444431189817882, -9.091718300011134665E-09 ) ) ;
#1491 = ORIENTED_EDGE ( 'NONE', *, *, #991, .F. ) ;
#1492 = CARTESIAN_POINT ( 'NONE',  ( 86.47964504620668436, 5.593436032609519160, -252.0000000000000000 ) ) ;
#1493 = CARTESIAN_POINT ( 'NONE',  ( 4.867712567459363981, -2.861476354840538416, 0.000000000000000000 ) ) ;
#1494 = ORIENTED_EDGE ( 'NONE', *, *, #270, .F. ) ;
#1495 = CARTESIAN_POINT ( 'NONE',  ( 56.82334980667359758, 9.862391234211571600, 0.000000000000000000 ) ) ;
#1496 = PLANE ( 'NONE',  #176 ) ;
#1497 = CARTESIAN_POINT ( 'NONE',  ( 86.75727748948369822, -1.083744768677505910, -177.0000000000000000 ) ) ;
#1498 = CARTESIAN_POINT ( 'NONE',  ( 88.06118438317453467, 7.478241219270040929, -180.0000000000000000 ) ) ;
#1499 = EDGE_CURVE ( 'NONE', #2123, #2674, #36, .T. ) ;
#1500 = ORIENTED_EDGE ( 'NONE', *, *, #1970, .T. ) ;
#1501 = ORIENTED_EDGE ( 'NONE', *, *, #98, .T. ) ;
#1502 = CARTESIAN_POINT ( 'NONE',  ( 67.27178575627756629, 6.858110261790447915, -328.9999999999999432 ) ) ;
#1503 = CARTESIAN_POINT ( 'NONE',  ( 73.89196646343162911, -1.556605947598363571, -329.0000000000007390 ) ) ;
#1504 = CARTESIAN_POINT ( 'NONE',  ( 111.8824798098075775, 0.3393171569353730099, -252.0000000000000000 ) ) ;
#1505 = CARTESIAN_POINT ( 'NONE',  ( 86.73893716925522313, -0.5840986643999728223, -249.0000000000000000 ) ) ;
#1506 = ORIENTED_EDGE ( 'NONE', *, *, #1811, .T. ) ;
#1507 = UNCERTAINTY_MEASURE_WITH_UNIT (LENGTH_MEASURE( 1.000000000000000082E-05 ), #1607, 'distance_accuracy_value', 'NONE');
#1508 = CARTESIAN_POINT ( 'NONE',  ( 94.36329500548882265, 4.304873307940367155, -252.0000000000003979 ) ) ;
#1509 = DIRECTION ( 'NONE',  ( -0.9993261115183700305, -0.03670589649598998694, -0.000000000000000000 ) ) ;
#1510 = CARTESIAN_POINT ( 'NONE',  ( 106.4675950968968863, 1.929729864249945637, -1.999999999999981348 ) ) ;
#1511 = ORIENTED_EDGE ( 'NONE', *, *, #2239, .F. ) ;
#1512 = CARTESIAN_POINT ( 'NONE',  ( 111.9008294260164007, -0.1603484030683038353, -57.00000000000000000 ) ) ;
#1513 = EDGE_CURVE ( 'NONE', #973, #2497, #1899, .T. ) ;
#1514 = CARTESIAN_POINT ( 'NONE',  ( 86.73893716925522313, -0.5840986643999728223, -249.0000000000000000 ) ) ;
#1515 = ORIENTED_EDGE ( 'NONE', *, *, #910, .F. ) ;
#1516 = PRESENTATION_LAYER_ASSIGNMENT (  '', '', ( #1913 ) ) ;
#1517 = CARTESIAN_POINT ( 'NONE',  ( 45.96886028273485181, 4.343707445770133901, -329.0000000000001705 ) ) ;
#1518 = LINE ( 'NONE', #439, #2138 ) ;
#1519 = CARTESIAN_POINT ( 'NONE',  ( 95.23796424258446791, -0.7722810471560994650, -116.9999999999997868 ) ) ;
#1520 = AXIS2_PLACEMENT_3D ( 'NONE', #1179, #141, #361 ) ;
#1521 = ORIENTED_EDGE ( 'NONE', *, *, #2067, .F. ) ;
#1522 = CARTESIAN_POINT ( 'NONE',  ( 92.98602152732998150, 4.761034593382004410, 0.000000000000000000 ) ) ;
#1523 = VECTOR ( 'NONE', #259, 1000.000000000000000 ) ;
#1524 = CARTESIAN_POINT ( 'NONE',  ( 89.18311732534415626, -0.9946513108045713647, -56.99999999999996447 ) ) ;
#1525 = FACE_OUTER_BOUND ( 'NONE', #520, .T. ) ;
#1526 = FACE_OUTER_BOUND ( 'NONE', #1315, .T. ) ;
#1527 = CARTESIAN_POINT ( 'NONE',  ( 45.40374366568970999, 4.146112782043347877, -328.9999999999998295 ) ) ;
#1528 = CARTESIAN_POINT ( 'NONE',  ( 114.5726096194103718, -0.06221993668006624290, -329.0000000000000000 ) ) ;
#1529 = VERTEX_POINT ( 'NONE', #1568 ) ;
#1530 = CARTESIAN_POINT ( 'NONE',  ( 111.8824798098075775, 0.3393171569353730099, -257.0000000000000000 ) ) ;
#1531 = CARTESIAN_POINT ( 'NONE',  ( 86.36394300601318719, 5.438954427976055328, -329.0000000000001137 ) ) ;
#1532 = LINE ( 'NONE', #2389, #2551 ) ;
#1533 = CARTESIAN_POINT ( 'NONE',  ( 93.98764517664196205, -0.8182037374915440697, -253.9999999999997726 ) ) ;
#1534 = CARTESIAN_POINT ( 'NONE',  ( 103.8138119759175169, -0.4573389353999083862, -257.0000000000000000 ) ) ;
#1535 = FACE_OUTER_BOUND ( 'NONE', #2721, .T. ) ;
#1536 = CARTESIAN_POINT ( 'NONE',  ( 40.30589049035867788, 1.127191150727815172, -329.0000000000001705 ) ) ;
#1537 = CARTESIAN_POINT ( 'NONE',  ( 49.41944550399089309, 5.337591357823739280, -329.0000000000002274 ) ) ;
#1538 = CARTESIAN_POINT ( 'NONE',  ( 85.85685239120496703, -1.116836645115019788, -329.0000000000003979 ) ) ;
#1539 = EDGE_CURVE ( 'NONE', #2075, #1267, #1130, .T. ) ;
#1540 = DIRECTION ( 'NONE',  ( 0.000000000000000000, 0.000000000000000000, -1.000000000000000000 ) ) ;
#1541 = ORIENTED_EDGE ( 'NONE', *, *, #1703, .F. ) ;
#1542 = DIRECTION ( 'NONE',  ( -0.03669923241761999244, 0.9993263562720426929, 0.000000000000000000 ) ) ;
#1543 = CARTESIAN_POINT ( 'NONE',  ( 114.9008294260164007, -0.05016421021564967248, -329.0000000000000000 ) ) ;
#1544 = CARTESIAN_POINT ( 'NONE',  ( 87.37103389952002885, 5.797860773034389403, 0.000000000000000000 ) ) ;
#1545 = CARTESIAN_POINT ( 'NONE',  ( 64.10074671622415110, 9.196499964264669202, 0.000000000000000000 ) ) ;
#1546 = EDGE_CURVE ( 'NONE', #1910, #358, #1191, .T. ) ;
#1547 = DIRECTION ( 'NONE',  ( -0.03670899296605030504, 0.9993259977782117387, 0.000000000000000000 ) ) ;
#1548 = CARTESIAN_POINT ( 'NONE',  ( 111.9008294260164007, -0.1603484030683038353, -52.00000000000000711 ) ) ;
#1549 = CARTESIAN_POINT ( 'NONE',  ( 98.45408093305573516, -0.6541702060449230416, -254.0000000000001137 ) ) ;
#1550 = CARTESIAN_POINT ( 'NONE',  ( 5.480573283650038263, 4.956038311977170707, 0.000000000000000000 ) ) ;
#1551 = CARTESIAN_POINT ( 'NONE',  ( 66.93126953965411019, -1.811805735371522230, 0.000000000000000000 ) ) ;
#1552 = CARTESIAN_POINT ( 'NONE',  ( 86.75727333237441030, -1.083739814427592707, -111.9999999999999858 ) ) ;
#1553 = CARTESIAN_POINT ( 'NONE',  ( 98.40713032443571251, -0.6558944519005606155, -251.9999999999997726 ) ) ;
#1554 = EDGE_LOOP ( 'NONE', ( #1560, #2690, #1903, #231, #945, #103, #2260, #1439 ) ) ;
#1555 = VECTOR ( 'NONE', #1147, 1000.000000000000000 ) ;
#1556 = EDGE_CURVE ( 'NONE', #2075, #749, #1972, .T. ) ;
#1557 = VECTOR ( 'NONE', #1435, 1000.000000000000000 ) ;
#1558 = CARTESIAN_POINT ( 'NONE',  ( 108.2960524859136484, -0.2927227069255809999, -251.9999999999999432 ) ) ;
#1559 = FACE_BOUND ( 'NONE', #2651, .T. ) ;
#1560 = ORIENTED_EDGE ( 'NONE', *, *, #471, .T. ) ;
#1561 = B_SPLINE_CURVE_WITH_KNOTS ( 'NONE', 1,
 ( #2398, #1768 ),
 .UNSPECIFIED., .F., .F.,
 ( 2, 2 ),
 ( 0.000000000000000000, 1.000000000000000000 ),
 .UNSPECIFIED. ) ;
#1562 = CARTESIAN_POINT ( 'NONE',  ( 91.10296233170139146, 4.747540640056113759, -328.9999999999998863 ) ) ;
#1563 = CARTESIAN_POINT ( 'NONE',  ( 86.34999139119773304, -0.5983600978315388730, -111.9999999999999858 ) ) ;
#1564 = CARTESIAN_POINT ( 'NONE',  ( 106.0589535763143516, 1.963625607686218633, -329.0000000155375801 ) ) ;
#1565 = CARTESIAN_POINT ( 'NONE',  ( 88.25298756622031249, -1.028818397291937803, -252.0000000000002842 ) ) ;
#1566 = EDGE_LOOP ( 'NONE', ( #2153, #1061, #964, #398 ) ) ;
#1567 = CARTESIAN_POINT ( 'NONE',  ( 86.69504196232624338, 5.850136081228721530, -55.00000000000000000 ) ) ;
#1568 = CARTESIAN_POINT ( 'NONE',  ( 83.81705129401322552, 2.420280362814021480, -55.00000000000000000 ) ) ;
#1569 = EDGE_CURVE ( 'NONE', #1421, #1680, #1158, .T. ) ;
#1570 = EDGE_LOOP ( 'NONE', ( #1692, #1055, #498, #2338, #885, #1604, #1461, #1661 ) ) ;
#1571 = CARTESIAN_POINT ( 'NONE',  ( 93.02482611820536818, -0.3532242379564230483, -257.0000000000000000 ) ) ;
#1572 = EDGE_CURVE ( 'NONE', #243, #2420, #2461, .T. ) ;
#1573 = CARTESIAN_POINT ( 'NONE',  ( 96.76385902273506190, -0.7162430568478771464, -181.9999999999997442 ) ) ;
#1574 = VERTEX_POINT ( 'NONE', #750 ) ;
#1575 = CARTESIAN_POINT ( 'NONE',  ( 70.58271354325171387, -1.677793704903709049, 0.000000000000000000 ) ) ;
#1576 = CARTESIAN_POINT ( 'NONE',  ( 88.83423266298044041, -0.5071306002127375923, -257.0000000000000000 ) ) ;
#1577 = VERTEX_POINT ( 'NONE', #1605 ) ;
#1578 = ORIENTED_EDGE ( 'NONE', *, *, #1572, .F. ) ;
#1579 = CARTESIAN_POINT ( 'NONE',  ( 86.73893716925522313, -0.5840986643999728223, -249.0000000000000000 ) ) ;
#1580 = CARTESIAN_POINT ( 'NONE',  ( 0.000000000000000000, 0.000000000000000000, 0.000000000000000000 ) ) ;
#1581 = LINE ( 'NONE', #894, #348 ) ;
#1582 = CARTESIAN_POINT ( 'NONE',  ( 83.98840671691165483, 5.740985834281852718, -329.0000000000000000 ) ) ;
#1583 = ORIENTED_EDGE ( 'NONE', *, *, #1908, .F. ) ;
#1584 = ORIENTED_EDGE ( 'NONE', *, *, #2273, .T. ) ;
#1585 = LINE ( 'NONE', #2439, #1728 ) ;
#1586 = CARTESIAN_POINT ( 'NONE',  ( 99.31070844905764261, -0.1223754370173359279, -254.0000000000000000 ) ) ;
#1587 = CARTESIAN_POINT ( 'NONE',  ( 92.96588982132251999, -0.8557282162266658387, -327.0000000000003411 ) ) ;
#1588 = EDGE_CURVE ( 'NONE', #1838, #1267, #781, .T. ) ;
#1589 = VERTEX_POINT ( 'NONE', #2490 ) ;
#1590 = AXIS2_PLACEMENT_3D ( 'NONE', #2167, #1547, #1765 ) ;
#1591 = CARTESIAN_POINT ( 'NONE',  ( 57.14108108902176042, -2.170887459994777835, -328.9999999999998863 ) ) ;
#1592 = CARTESIAN_POINT ( 'NONE',  ( 111.9008294260164007, 0.3399910277142182968, -249.0000000000000000 ) ) ;
#1593 = CARTESIAN_POINT ( 'NONE',  ( 86.34999155101986901, -0.5983602883001433170, -55.00000000000000000 ) ) ;
#1594 = VECTOR ( 'NONE', #817, 1000.000000000000227 ) ;
#1595 = AXIS2_PLACEMENT_3D ( 'NONE', #1543, #1086, #1509 ) ;
#1596 = CARTESIAN_POINT ( 'NONE',  ( 86.75729217541433513, -1.083762270687981477, -255.9999999999998863 ) ) ;
#1597 = CARTESIAN_POINT ( 'NONE',  ( 107.2884274752132114, 1.751138820406879848, 0.000000000000000000 ) ) ;
#1598 = CARTESIAN_POINT ( 'NONE',  ( 82.79876929128081997, 5.873910608364916186, -328.9999999571906528 ) ) ;
#1599 = CARTESIAN_POINT ( 'NONE',  ( 88.72599289357708585, 5.103402987831141324, -328.9999999692921619 ) ) ;
#1600 = CARTESIAN_POINT ( 'NONE',  ( 86.34999139119773304, -0.5983600978315388730, -111.9999999999999858 ) ) ;
#1601 = ORIENTED_EDGE ( 'NONE', *, *, #477, .T. ) ;
#1602 = CARTESIAN_POINT ( 'NONE',  ( 66.93126953965411019, -1.811805735371522230, 0.000000000000000000 ) ) ;
#1603 = FACE_OUTER_BOUND ( 'NONE', #320, .T. ) ;
#1604 = ORIENTED_EDGE ( 'NONE', *, *, #1712, .F. ) ;
#1605 = CARTESIAN_POINT ( 'NONE',  ( 111.8824798098075775, 0.3393171569353730099, -249.0000000000000000 ) ) ;
#1606 = CARTESIAN_POINT ( 'NONE',  ( 83.81705129401322552, 2.420280362814021480, -327.0000000000000000 ) ) ;
#1607 =( LENGTH_UNIT ( ) NAMED_UNIT ( * ) SI_UNIT ( .MILLI., .METRE. ) );
#1608 = ORIENTED_EDGE ( 'NONE', *, *, #753, .T. ) ;
#1609 = CARTESIAN_POINT ( 'NONE',  ( 49.41944550399089309, 5.337591357823739280, -329.0000000000002274 ) ) ;
#1610 = CARTESIAN_POINT ( 'NONE',  ( 88.83423266298044041, -0.5071306002127375923, -257.0000000000000000 ) ) ;
#1611 = CARTESIAN_POINT ( 'NONE',  ( 86.44989715551373877, -1.095052598021747148, -329.0000000441734755 ) ) ;
#1612 = CARTESIAN_POINT ( 'NONE',  ( 86.95426391968116775, 5.805174946561743710, -55.00000000000003553 ) ) ;
#1613 = CARTESIAN_POINT ( 'NONE',  ( 114.9008294260164007, -0.05016421021564968635, -329.0000000000000000 ) ) ;
#1614 = ORIENTED_EDGE ( 'NONE', *, *, #1919, .T. ) ;
#1615 = FACE_OUTER_BOUND ( 'NONE', #1415, .T. ) ;
#1616 = ORIENTED_EDGE ( 'NONE', *, *, #381, .F. ) ;
#1617 = CARTESIAN_POINT ( 'NONE',  ( 86.73893716925522313, -0.5840986643999728223, -257.0000000000000000 ) ) ;
#1618 = CARTESIAN_POINT ( 'NONE',  ( 111.1906528288210154, -0.1864250866392591910, -327.0000000000000568 ) ) ;
#1619 = DIRECTION ( 'NONE',  ( 0.000000000000000000, 0.000000000000000000, 1.000000000000000000 ) ) ;
#1620 = VERTEX_POINT ( 'NONE', #2705 ) ;
#1621 = DIRECTION ( 'NONE',  ( -0.03670029204312422882, 0.9993263173578235126, 0.000000000000000000 ) ) ;
#1622 = CARTESIAN_POINT ( 'NONE',  ( 111.9008294260164007, -0.1603477655009281910, -111.9999999999999858 ) ) ;
#1623 = ORIENTED_EDGE ( 'NONE', *, *, #959, .F. ) ;
#1624 = CARTESIAN_POINT ( 'NONE',  ( 87.21405384616043932, -1.066995771501622947, -329.0000000441735892 ) ) ;
#1625 = LINE ( 'NONE', #1425, #1733 ) ;
#1626 = EDGE_CURVE ( 'NONE', #1124, #213, #315, .T. ) ;
#1627 = B_SPLINE_CURVE_WITH_KNOTS ( 'NONE', 3,
 ( #854, #1917, #2228, #1165 ),
 .UNSPECIFIED., .F., .F.,
 ( 4, 4 ),
 ( 0.003000000000000002665, 0.05300000000000001238 ),
 .UNSPECIFIED. ) ;
#1628 = CARTESIAN_POINT ( 'NONE',  ( 86.73892734346213729, -0.5840816099985942644, -185.0000000000000000 ) ) ;
#1629 = CARTESIAN_POINT ( 'NONE',  ( 76.28493433132902624, -1.468398909378350492, -328.9999999999995453 ) ) ;
#1630 = DIRECTION ( 'NONE',  ( -0.9993263173578234015, -0.03670029204312422189, -0.000000000000000000 ) ) ;
#1631 = ORIENTED_EDGE ( 'NONE', *, *, #2560, .F. ) ;
#1632 = ORIENTED_EDGE ( 'NONE', *, *, #1681, .T. ) ;
#1633 = CARTESIAN_POINT ( 'NONE',  ( 64.31996693730249604, -1.905941910399539641, -329.0000000000006253 ) ) ;
#1634 = DIRECTION ( 'NONE',  ( -1.000000000000000000, 0.000000000000000000, 0.000000000000000000 ) ) ;
#1635 = CARTESIAN_POINT ( 'NONE',  ( 105.2015772275415486, 2.157194541394247267, -327.0000000000003979 ) ) ;
#1636 = EDGE_CURVE ( 'NONE', #221, #1471, #122, .T. ) ;
#1637 = CARTESIAN_POINT ( 'NONE',  ( 15.80574243117894717, -3.461350305964711271, 0.000000000000000000 ) ) ;
#1638 = ORIENTED_EDGE ( 'NONE', *, *, #1546, .T. ) ;
#1639 = CARTESIAN_POINT ( 'NONE',  ( 55.71014408297985909, 6.413282511314649881, -329.0000000000011369 ) ) ;
#1640 = VECTOR ( 'NONE', #2304, 1000.000000000000000 ) ;
#1641 = CARTESIAN_POINT ( 'NONE',  ( 94.62726441432093338, -0.7947135312129676166, -329.0000000441737598 ) ) ;
#1642 = CARTESIAN_POINT ( 'NONE',  ( 111.9008294260164007, 0.6593192193646794097, -55.00000000000000000 ) ) ;
#1643 = VECTOR ( 'NONE', #503, 1000.000000000000000 ) ;
#1644 = AXIS2_PLACEMENT_3D ( 'NONE', #1580, #2432, #1804 ) ;
#1645 = CARTESIAN_POINT ( 'NONE',  ( 107.8714486924224758, 1.596950695061185144, -181.9999999999999716 ) ) ;
#1646 = DIRECTION ( 'NONE',  ( 0.000000000000000000, 0.000000000000000000, -1.000000000000000000 ) ) ;
#1647 = EDGE_LOOP ( 'NONE', ( #1961, #2739, #2295, #2706 ) ) ;
#1648 = VERTEX_POINT ( 'NONE', #341 ) ;
#1649 = CARTESIAN_POINT ( 'NONE',  ( 41.37111354396308371, -2.748543384104833009, 0.000000000000000000 ) ) ;
#1650 = FACE_OUTER_BOUND ( 'NONE', #791, .T. ) ;
#1651 = VERTEX_POINT ( 'NONE', #977 ) ;
#1652 = PLANE ( 'NONE',  #395 ) ;
#1653 = ORIENTED_EDGE ( 'NONE', *, *, #2761, .T. ) ;
#1654 = FACE_OUTER_BOUND ( 'NONE', #803, .T. ) ;
#1655 = CARTESIAN_POINT ( 'NONE',  ( 95.48390351508442109, -0.7632529543615075296, -329.0000000441737029 ) ) ;
#1656 = ADVANCED_FACE ( 'NONE', ( #2039 ), #2476, .F. ) ;
#1657 = LINE ( 'NONE', #837, #2671 ) ;
#1658 = PLANE ( 'NONE',  #2719 ) ;
#1659 = PLANE ( 'NONE',  #2488 ) ;
#1660 = ORIENTED_EDGE ( 'NONE', *, *, #1462, .F. ) ;
#1661 = ORIENTED_EDGE ( 'NONE', *, *, #2447, .T. ) ;
#1662 = CARTESIAN_POINT ( 'NONE',  ( 111.9008294260163865, -0.1603460212006482255, -249.0000000000000000 ) ) ;
#1663 = EDGE_CURVE ( 'NONE', #1053, #2674, #2689, .T. ) ;
#1664 = CARTESIAN_POINT ( 'NONE',  ( 59.53419843897284380, -2.086833362003901016, -329.0000000000002274 ) ) ;
#1665 = CARTESIAN_POINT ( 'NONE',  ( 106.8965465723044304, 1.828048195314267543, -56.99999999999997158 ) ) ;
#1666 = LINE ( 'NONE', #161, #400 ) ;
#1667 = ORIENTED_EDGE ( 'NONE', *, *, #2647, .F. ) ;
#1668 = CARTESIAN_POINT ( 'NONE',  ( 86.35001255881995519, -0.5983853244293667606, -249.0000000000000000 ) ) ;
#1669 = LINE ( 'NONE', #966, #9 ) ;
#1670 = LINE ( 'NONE', #235, #1018 ) ;
#1671 = B_SPLINE_CURVE_WITH_KNOTS ( 'NONE', 3,
 ( #1294, #2142, #2151, #241, #1082, #32, #872, #1797, #116, #130, #2454, #545, #746, #86, #1344, #2626, #1599, #1153, #106, #971, #1824, #502, #1808, #2684, #1399, #731, #919, #285, #1783, #310, #2649, #324, #2188, #514, #2211, #530, #931, #1387, #708, #1126, #1564, #1169, #1367, #2412, #1354, #2199, #297, #1136, #1992, #2638, #1690, #1015, #997, #1211, #1193, #2748, #1836, #2059, #824, #1412, #2047, #614, #206, #2698, #790, #560, #155, #776, #1428, #2270 ),
 .UNSPECIFIED., .F., .F.,
 ( 4, 2, 2, 1, 2, 2, 1, 1, 1, 2, 2, 1, 2, 2, 1, 1, 1, 2, 2, 1, 1, 2, 2, 1, 2, 2, 1, 1, 2, 2, 1, 2, 2, 1, 1, 2, 2, 1, 1, 1, 1, 2, 2, 1, 1, 4 ),
 ( 0.7890654155567830008, 0.7956571213206331539, 0.8022488270844833069, 0.8088405328483334600, 0.8121363857302583700, 0.8137843121712208250, 0.8154322386121832800, 0.8220239443760336551, 0.8253197972579587871, 0.8269677236989213531, 0.8286156501398838081, 0.8417990616675846693, 0.8434469881085471243, 0.8450949145495096904, 0.8483907674314348224, 0.8549824731952855306, 0.8681658847229870579, 0.8747575904868376551, 0.8780534433687628981, 0.8813492962506881412, 0.8945327077783888914, 0.9011244135422391555, 0.9077161193060894195, 0.9208995308337903918, 0.9340829423614912530, 0.9406746481253417391, 0.9472663538891922252, 0.9604497654168928644, 0.9670414711807431285, 0.9703373240626683716, 0.9736331769445935036, 0.9752811033855559586, 0.9769290298265184136, 0.9802248827084429905, 0.9835207355903676785, 0.9843446988108489615, 0.9847566804210895475, 0.9851686620313302445, 0.9868165884722930326, 0.9901124413542190528, 0.9917603677951819519, 0.9921723494054226489, 0.9923783402105429419, 0.9925843310156632349, 0.9934082942361451840, 1.000000000000000000 ),
 .UNSPECIFIED. ) ;
#1672 = ADVANCED_FACE ( 'NONE', ( #935 ), #2428, .T. ) ;
#1673 = DIRECTION ( 'NONE',  ( -0.03670004141730632413, 0.9993263265620335734, 0.000000000000000000 ) ) ;
#1674 = ORIENTED_EDGE ( 'NONE', *, *, #497, .T. ) ;
#1675 = EDGE_LOOP ( 'NONE', ( #1682, #855, #1904, #1872 ) ) ;
#1676 = CARTESIAN_POINT ( 'NONE',  ( 0.3137817602093665448, -1.044106458370537283, 0.000000000000000000 ) ) ;
#1677 = FACE_OUTER_BOUND ( 'NONE', #1841, .T. ) ;
#1678 = CARTESIAN_POINT ( 'NONE',  ( 83.81705129401322552, 2.420280362814021480, -254.0000000000000000 ) ) ;
#1679 = LINE ( 'NONE', #1250, #233 ) ;
#1680 = VERTEX_POINT ( 'NONE', #1392 ) ;
#1681 = EDGE_CURVE ( 'NONE', #874, #599, #1431, .T. ) ;
#1682 = ORIENTED_EDGE ( 'NONE', *, *, #2090, .T. ) ;
#1683 = CARTESIAN_POINT ( 'NONE',  ( 86.73893716925522313, -0.5840986643999728223, -252.0000000000000000 ) ) ;
#1684 = LINE ( 'NONE', #1289, #526 ) ;
#1685 = MECHANICAL_DESIGN_GEOMETRIC_PRESENTATION_REPRESENTATION (  '', ( #1913 ), #481 ) ;
#1686 = LINE ( 'NONE', #2482, #2396 ) ;
#1687 = VECTOR ( 'NONE', #353, 1000.000000000000000 ) ;
#1688 = DIRECTION ( 'NONE',  ( -0.9993263265620334623, -0.03670004141730631719, -0.000000000000000000 ) ) ;
#1689 = CARTESIAN_POINT ( 'NONE',  ( 58.33768954603930723, -2.130301504564653392, -329.0000000000000568 ) ) ;
#1690 = CARTESIAN_POINT ( 'NONE',  ( 111.0499249306015201, 0.8551537057976958955, -329.0000000313565920 ) ) ;
#1691 = ORIENTED_EDGE ( 'NONE', *, *, #1349, .T. ) ;
#1692 = ORIENTED_EDGE ( 'NONE', *, *, #71, .T. ) ;
#1693 = AXIS2_PLACEMENT_3D ( 'NONE', #44, #2400, #884 ) ;
#1694 = FACE_OUTER_BOUND ( 'NONE', #1486, .T. ) ;
#1695 = CARTESIAN_POINT ( 'NONE',  ( 28.59130757462041217, -3.224236759125266083, 0.000000000000000000 ) ) ;
#1696 = DIRECTION ( 'NONE',  ( 0.000000000000000000, 0.000000000000000000, -1.000000000000000000 ) ) ;
#1697 = PLANE ( 'NONE',  #2091 ) ;
#1698 = LINE ( 'NONE', #1505, #2722 ) ;
#1699 = ORIENTED_EDGE ( 'NONE', *, *, #2243, .T. ) ;
#1700 = CARTESIAN_POINT ( 'NONE',  ( 111.8824798098075775, 0.3393171569353730099, -257.0000000000000000 ) ) ;
#1701 = EDGE_LOOP ( 'NONE', ( #820, #1251, #1203, #934 ) ) ;
#1702 = CARTESIAN_POINT ( 'NONE',  ( 62.48300084354158201, 6.797132144301675893, -328.9999999999998295 ) ) ;
#1703 = EDGE_CURVE ( 'NONE', #1735, #650, #1217, .T. ) ;
#1704 = DIRECTION ( 'NONE',  ( 0.000000000000000000, 0.000000000000000000, 1.000000000000000000 ) ) ;
#1705 = CARTESIAN_POINT ( 'NONE',  ( 114.3999999988899248, 0.06856000026313635587, 0.000000000000000000 ) ) ;
#1706 = ORIENTED_EDGE ( 'NONE', *, *, #471, .F. ) ;
#1707 = ORIENTED_EDGE ( 'NONE', *, *, #1880, .F. ) ;
#1708 = CARTESIAN_POINT ( 'NONE',  ( 31.26462458074870554, 10.27710262299535415, 0.000000000000000000 ) ) ;
#1709 = PLANE ( 'NONE',  #969 ) ;
#1710 = CARTESIAN_POINT ( 'NONE',  ( 114.5252073561355246, 0.03887894753347014704, 0.000000000000000000 ) ) ;
#1711 = CARTESIAN_POINT ( 'NONE',  ( 111.9008294260164007, 0.6590583519349972885, -115.0000000000000000 ) ) ;
#1712 = EDGE_CURVE ( 'NONE', #841, #237, #226, .T. ) ;
#1713 = PLANE ( 'NONE',  #687 ) ;
#1714 = CARTESIAN_POINT ( 'NONE',  ( 98.45408093305573516, -0.6541702060449230416, -251.9999999999999432 ) ) ;
#1715 = CARTESIAN_POINT ( 'NONE',  ( 83.81705129401322552, 2.420280362814021480, -254.0000000000000000 ) ) ;
#1716 = ORIENTED_EDGE ( 'NONE', *, *, #1341, .F. ) ;
#1717 = CARTESIAN_POINT ( 'NONE',  ( 88.06118438317453467, 7.478241219270040929, -55.00000000000000000 ) ) ;
#1718 = CARTESIAN_POINT ( 'NONE',  ( 86.34999562234368398, -0.5983651403149211623, -177.0000000000000000 ) ) ;
#1719 = EDGE_CURVE ( 'NONE', #2731, #221, #1022, .T. ) ;
#1720 = ORIENTED_EDGE ( 'NONE', *, *, #1163, .T. ) ;
#1721 = CARTESIAN_POINT ( 'NONE',  ( 34.91663026607916009, 10.39809544279013664, 0.000000000000000000 ) ) ;
#1722 = CARTESIAN_POINT ( 'NONE',  ( 109.7866448637809782, -0.2379797960760839381, -328.9999999999996021 ) ) ;
#1723 = PLANE ( 'NONE',  #1198 ) ;
#1724 = ORIENTED_EDGE ( 'NONE', *, *, #2365, .T. ) ;
#1725 = CARTESIAN_POINT ( 'NONE',  ( 90.41449371577185445, -0.9494277601794218757, -254.0000000000000568 ) ) ;
#1726 = CARTESIAN_POINT ( 'NONE',  ( 110.9917313044413163, -0.1937317145176628008, -254.0000000000001137 ) ) ;
#1727 = CARTESIAN_POINT ( 'NONE',  ( 86.75727326472873813, -1.083739733810586303, -111.9999999999999716 ) ) ;
#1728 = VECTOR ( 'NONE', #1389, 1000.000000000000000 ) ;
#1729 = B_SPLINE_CURVE_WITH_KNOTS ( 'NONE', 3,
 ( #2535, #619, #1480, #2322 ),
 .UNSPECIFIED., .F., .F.,
 ( 4, 4 ),
 ( 0.003000000000000002665, 0.06000000000000027534 ),
 .UNSPECIFIED. ) ;
#1730 = CARTESIAN_POINT ( 'NONE',  ( 39.74627317458354980, 0.4264348129665656573, -329.0000000000001137 ) ) ;
#1731 = CARTESIAN_POINT ( 'NONE',  ( 82.95812720334009782, -1.223265246941791062, 0.000000000000000000 ) ) ;
#1732 = CARTESIAN_POINT ( 'NONE',  ( 0.000000000000000000, 0.000000000000000000, -115.0000000000000000 ) ) ;
#1733 = VECTOR ( 'NONE', #2696, 1000.000000000000114 ) ;
#1734 = CARTESIAN_POINT ( 'NONE',  ( 111.9008294260164007, -0.1603477878692194381, -115.0000000000000000 ) ) ;
#1735 = VERTEX_POINT ( 'NONE', #1052 ) ;
#1736 = AXIS2_PLACEMENT_3D ( 'NONE', #148, #2099, #1051 ) ;
#1737 = DIRECTION ( 'NONE',  ( 0.000000000000000000, 0.000000000000000000, -1.000000000000000000 ) ) ;
#1738 = CARTESIAN_POINT ( 'NONE',  ( 86.75729166573825069, -1.083761663289078525, -251.9999999999999432 ) ) ;
#1739 = CARTESIAN_POINT ( 'NONE',  ( 96.71690841411503925, -0.7179673027035147204, -179.9999999999997158 ) ) ;
#1740 = ORIENTED_EDGE ( 'NONE', *, *, #2024, .T. ) ;
#1741 = CARTESIAN_POINT ( 'NONE',  ( 96.61407202835017927, 3.827585534024910974, -329.0000000000001705 ) ) ;
#1742 = DIRECTION ( 'NONE',  ( -1.000000000000000000, 0.000000000000000000, 0.000000000000000000 ) ) ;
#1743 = VECTOR ( 'NONE', #1140, 1000.000000000000000 ) ;
#1744 = EDGE_CURVE ( 'NONE', #1023, #1053, #426, .T. ) ;
#1745 = DIRECTION ( 'NONE',  ( 0.000000000000000000, 0.000000000000000000, -1.000000000000000000 ) ) ;
#1746 = CARTESIAN_POINT ( 'NONE',  ( 1.724844354326835916, 2.390037063171115417, 0.000000000000000000 ) ) ;
#1747 = CARTESIAN_POINT ( 'NONE',  ( 88.24983287386916686, -1.028961692777800474, -328.9999999999998295 ) ) ;
#1748 = LINE ( 'NONE', #274, #1523 ) ;
#1749 = ADVANCED_FACE ( 'NONE', ( #178 ), #1892, .T. ) ;
#1750 = CARTESIAN_POINT ( 'NONE',  ( 111.9008294260164007, -0.1603478212713536633, -111.9999999999999858 ) ) ;
#1751 = VERTEX_POINT ( 'NONE', #1925 ) ;
#1752 = DIRECTION ( 'NONE',  ( 0.7660444431189769032, 0.6427876096865408062, 0.000000000000000000 ) ) ;
#1753 = ADVANCED_FACE ( 'NONE', ( #379 ), #1909, .F. ) ;
#1754 = CARTESIAN_POINT ( 'NONE',  ( 100.5389082124000453, 3.102875612018633600, -328.9999999999996021 ) ) ;
#1755 = DIRECTION ( 'NONE',  ( 0.000000000000000000, 0.000000000000000000, -1.000000000000000000 ) ) ;
#1756 = FACE_OUTER_BOUND ( 'NONE', #1046, .T. ) ;
#1757 = CARTESIAN_POINT ( 'NONE',  ( 111.9008294260164007, 7.478241219270040929, -327.0000000000000000 ) ) ;
#1758 = CARTESIAN_POINT ( 'NONE',  ( 86.73893716925522313, -0.5840986643999728223, -249.0000000000000000 ) ) ;
#1759 = EDGE_CURVE ( 'NONE', #2104, #2674, #20, .T. ) ;
#1760 = CARTESIAN_POINT ( 'NONE',  ( 40.30589049035867788, 1.127191150727815172, -329.0000000000001705 ) ) ;
#1761 = CARTESIAN_POINT ( 'NONE',  ( 82.95813004284430292, -1.223268630931153123, -73.99158924332864729 ) ) ;
#1762 = DIRECTION ( 'NONE',  ( -0.9993259977782117387, -0.03670899296605031198, -0.000000000000000000 ) ) ;
#1763 = FACE_OUTER_BOUND ( 'NONE', #2444, .T. ) ;
#1764 = EDGE_CURVE ( 'NONE', #1222, #2182, #441, .T. ) ;
#1765 = DIRECTION ( 'NONE',  ( -0.9993259977782117387, -0.03670899296605030504, -0.000000000000000000 ) ) ;
#1766 = ORIENTED_EDGE ( 'NONE', *, *, #2404, .T. ) ;
#1767 = CARTESIAN_POINT ( 'NONE',  ( 1.724844354326835916, 2.390037063171115417, 0.000000000000000000 ) ) ;
#1768 = CARTESIAN_POINT ( 'NONE',  ( 86.75729166573823647, -1.083761663289079413, -252.0000000000001705 ) ) ;
#1769 = VECTOR ( 'NONE', #1619, 1000.000000000000000 ) ;
#1770 = EDGE_CURVE ( 'NONE', #2360, #1037, #1698, .T. ) ;
#1771 = AXIS2_PLACEMENT_3D ( 'NONE', #2456, #1414, #956 ) ;
#1772 = CARTESIAN_POINT ( 'NONE',  ( 93.02482611820536818, -0.3532242379564230483, -254.0000000000000000 ) ) ;
#1773 = ORIENTED_EDGE ( 'NONE', *, *, #1258, .F. ) ;
#1774 = CARTESIAN_POINT ( 'NONE',  ( 93.46693582156449054, 4.365734867055651058, -329.0000000000000568 ) ) ;
#1775 = PRODUCT_DEFINITION_FORMATION_WITH_SPECIFIED_SOURCE ( 'ä»', '', #990, .NOT_KNOWN. ) ;
#1776 = CARTESIAN_POINT ( 'NONE',  ( 107.0971106942783138, -0.3367518057662812203, 0.000000000000000000 ) ) ;
#1777 = EDGE_LOOP ( 'NONE', ( #2702, #2732, #2401, #654, #832, #1494, #1404 ) ) ;
#1778 = EDGE_CURVE ( 'NONE', #1157, #1577, #2755, .T. ) ;
#1779 = CARTESIAN_POINT ( 'NONE',  ( 1.076734832603033709, 1.746284163018664515, 0.000000000000000000 ) ) ;
#1780 = CARTESIAN_POINT ( 'NONE',  ( 86.75727348812677064, -1.083740000046037100, -57.99999999999999289 ) ) ;
#1781 = APPLICATION_CONTEXT ( 'automotive_design' ) ;
#1782 = CARTESIAN_POINT ( 'NONE',  ( 93.46693582156449054, 4.365734867055651058, -329.0000000000000568 ) ) ;
#1783 = CARTESIAN_POINT ( 'NONE',  ( 96.12188358025261437, 3.906719642296764938, -328.9999999872732133 ) ) ;
#1784 = CARTESIAN_POINT ( 'NONE',  ( 86.61545008690234226, 5.755282177750976835, -141.4167997796593852 ) ) ;
#1785 = DIRECTION ( 'NONE',  ( -4.497969081221714089E-10, 1.224581982940488085E-08, -1.000000000000000000 ) ) ;
#1786 = VERTEX_POINT ( 'NONE', #2552 ) ;
#1787 = CARTESIAN_POINT ( 'NONE',  ( 111.9008294260164007, -9.946594549830242826, -117.0000000000000000 ) ) ;
#1788 = ORIENTED_EDGE ( 'NONE', *, *, #2628, .T. ) ;
#1789 = EDGE_CURVE ( 'NONE', #2116, #2012, #1266, .T. ) ;
#1790 = CARTESIAN_POINT ( 'NONE',  ( 13.97894128556851356, -3.436172981939851656, 0.000000000000000000 ) ) ;
#1791 = DIRECTION ( 'NONE',  ( 0.6427876096865348110, 0.7660444431189817882, 0.000000000000000000 ) ) ;
#1792 = EDGE_LOOP ( 'NONE', ( #2660, #2427, #2061, #415 ) ) ;
#1793 = DIRECTION ( 'NONE',  ( 0.000000000000000000, 0.000000000000000000, -1.000000000000000000 ) ) ;
#1794 = B_SPLINE_CURVE_WITH_KNOTS ( 'NONE', 3,
 ( #2201, #299, #1139, #1784, #2004, #2652, #735 ),
 .UNSPECIFIED., .F., .F.,
 ( 4, 3, 4 ),
 ( 0.000000000000000000, 0.03858325608691764302, 0.06300008529639700150 ),
 .UNSPECIFIED. ) ;
#1795 = EDGE_CURVE ( 'NONE', #1838, #1243, #1666, .T. ) ;
#1796 = CARTESIAN_POINT ( 'NONE',  ( 88.73537980206369014, 5.106543261798527134, -329.0000000000000568 ) ) ;
#1797 = CARTESIAN_POINT ( 'NONE',  ( 86.13800321434078455, 5.463936916580096614, -328.9999999637131509 ) ) ;
#1798 = CARTESIAN_POINT ( 'NONE',  ( 111.9008294260163723, 0.6575478657283496675, -319.9476282658703781 ) ) ;
#1799 = EDGE_LOOP ( 'NONE', ( #380, #1918, #932, #437 ) ) ;
#1800 = CARTESIAN_POINT ( 'NONE',  ( 111.8824798098075775, 0.3393171569353730099, -257.0000000000000000 ) ) ;
#1801 = CARTESIAN_POINT ( 'NONE',  ( 86.73584785656774443, 5.898766652290043488, -2.000000000000000000 ) ) ;
#1802 = CARTESIAN_POINT ( 'NONE',  ( 111.8824798098075775, 0.3393171569353730099, -249.0000000000000000 ) ) ;
#1803 = CARTESIAN_POINT ( 'NONE',  ( 86.75727333237441030, -1.083739814427592707, -120.0000000000000000 ) ) ;
#1804 = DIRECTION ( 'NONE',  ( 1.000000000000000000, 0.000000000000000000, 0.000000000000000000 ) ) ;
#1805 = ORIENTED_EDGE ( 'NONE', *, *, #2000, .F. ) ;
#1806 = CARTESIAN_POINT ( 'NONE',  ( 86.73892330304266807, -0.5840766514632573791, -111.9999999999999858 ) ) ;
#1807 = CARTESIAN_POINT ( 'NONE',  ( 86.36394300601318719, 5.438954427976055328, -329.0000000000001137 ) ) ;
#1808 = CARTESIAN_POINT ( 'NONE',  ( 91.46725283911992221, 4.686387565380216280, -328.9999999756316242 ) ) ;
#1809 = CARTESIAN_POINT ( 'NONE',  ( 107.7200527603824582, -0.3138760416862525493, -181.9999999999998579 ) ) ;
#1810 = ORIENTED_EDGE ( 'NONE', *, *, #2628, .F. ) ;
#1811 = EDGE_CURVE ( 'NONE', #1857, #312, #2522, .T. ) ;
#1812 = CARTESIAN_POINT ( 'NONE',  ( 86.73339213380866397, 5.895840035869485796, -5.400856363298541574 ) ) ;
#1813 = ORIENTED_EDGE ( 'NONE', *, *, #1919, .F. ) ;
#1814 = VECTOR ( 'NONE', #57, 1000.000000000000000 ) ;
#1815 = CARTESIAN_POINT ( 'NONE',  ( 100.2147287563064282, -0.5895109864585127424, -328.9999999999995453 ) ) ;
#1816 = CARTESIAN_POINT ( 'NONE',  ( 114.5669431420054565, -0.06242807007188238416, 0.000000000000000000 ) ) ;
#1817 = LINE ( 'NONE', #1622, #1295 ) ;
#1818 = VECTOR ( 'NONE', #1283, 1000.000000000000000 ) ;
#1819 = CARTESIAN_POINT ( 'NONE',  ( 24.58194743404095561, 9.812377243696429829, 0.000000000000000000 ) ) ;
#1820 = CARTESIAN_POINT ( 'NONE',  ( 114.5726096194103718, -0.06221993668006624290, -329.0000000000000000 ) ) ;
#1821 = CARTESIAN_POINT ( 'NONE',  ( 111.9008294260163865, 0.6582640652792164371, -243.4143878334126327 ) ) ;
#1822 = EDGE_CURVE ( 'NONE', #581, #641, #79, .T. ) ;
#1823 = CARTESIAN_POINT ( 'NONE',  ( 100.5389082124000453, 3.102875612018633600, -328.9999999999996021 ) ) ;
#1824 = CARTESIAN_POINT ( 'NONE',  ( 91.14052127777323165, 4.737777511639214900, -328.9999999748557116 ) ) ;
#1825 = CARTESIAN_POINT ( 'NONE',  ( 86.75727748948369822, -1.083744768677505910, -181.9999999999999432 ) ) ;
#1826 = B_SPLINE_CURVE_WITH_KNOTS ( 'NONE', 3,
 ( #186, #2711, #2468, #1010 ),
 .UNSPECIFIED., .F., .F.,
 ( 4, 4 ),
 ( 0.000000000000000000, 1.000000000000000000 ),
 .UNSPECIFIED. ) ;
#1827 = VERTEX_POINT ( 'NONE', #797 ) ;
#1828 = CARTESIAN_POINT ( 'NONE',  ( 88.49572992220858225, -1.019927568110287064, -327.0000000000000568 ) ) ;
#1829 = DIRECTION ( 'NONE',  ( 1.000000000000000000, 0.000000000000000000, 0.000000000000000000 ) ) ;
#1830 = ORIENTED_EDGE ( 'NONE', *, *, #1759, .F. ) ;
#1831 = EDGE_CURVE ( 'NONE', #1589, #2765, #1679, .T. ) ;
#1832 = CARTESIAN_POINT ( 'NONE',  ( 47.56448808505673753, -2.239545804184050137, -329.0000000000006821 ) ) ;
#1833 = CARTESIAN_POINT ( 'NONE',  ( 95.43693841068957795, -0.7649777713679193347, -329.0000000441737029 ) ) ;
#1834 = CARTESIAN_POINT ( 'NONE',  ( 111.9008294260164149, 0.6586928181967676155, -182.0000000000000284 ) ) ;
#1835 = EDGE_CURVE ( 'NONE', #2139, #2022, #1729, .T. ) ;
#1836 = CARTESIAN_POINT ( 'NONE',  ( 112.2752599652098979, 0.5698701455048914566, -329.0000000354013423 ) ) ;
#1837 = ORIENTED_EDGE ( 'NONE', *, *, #1703, .T. ) ;
#1838 = VERTEX_POINT ( 'NONE', #413 ) ;
#1839 = CARTESIAN_POINT ( 'NONE',  ( 86.75729754709490749, -1.083768672407736444, -327.0000000000000000 ) ) ;
#1840 = DIRECTION ( 'NONE',  ( -1.000000000000000000, 0.000000000000000000, 0.000000000000000000 ) ) ;
#1841 = EDGE_LOOP ( 'NONE', ( #2737, #862, #286, #962, #420 ) ) ;
#1842 = CARTESIAN_POINT ( 'NONE',  ( 111.9008294260164007, 0.6574670334402099581, -327.0000000000000000 ) ) ;
#1843 = CARTESIAN_POINT ( 'NONE',  ( 23.11297543502547569, -3.389936507706682089, 0.000000000000000000 ) ) ;
#1844 = CARTESIAN_POINT ( 'NONE',  ( 46.53712845855119440, 4.532078873252668672, -329.0000000000001705 ) ) ;
#1845 = ADVANCED_FACE ( 'NONE', ( #1036 ), #212, .F. ) ;
#1846 = DIRECTION ( 'NONE',  ( 0.7660444431189769032, 0.6427876096865405842, 0.000000000000000000 ) ) ;
#1847 = CARTESIAN_POINT ( 'NONE',  ( 93.02482611820536818, -0.3532242379564230483, -252.0000000000000000 ) ) ;
#1848 = CARTESIAN_POINT ( 'NONE',  ( 111.9008294260164291, 0.6582298748761823415, -247.7071939167102812 ) ) ;
#1849 = CARTESIAN_POINT ( 'NONE',  ( 111.9008294260164007, 0.6581947252114525027, -252.0000000000000000 ) ) ;
#1850 = CARTESIAN_POINT ( 'NONE',  ( 86.75727748948369822, -1.083744768677505910, -177.0000000000000000 ) ) ;
#1851 = LINE ( 'NONE', #1902, #752 ) ;
#1852 = VERTEX_POINT ( 'NONE', #2162 ) ;
#1853 = ORIENTED_EDGE ( 'NONE', *, *, #1444, .F. ) ;
#1854 = CARTESIAN_POINT ( 'NONE',  ( 3.073299380197674235, -2.517653936882200849, 0.000000000000000000 ) ) ;
#1855 = LINE ( 'NONE', #2508, #183 ) ;
#1856 = DIRECTION ( 'NONE',  ( 0.6427876096865405842, -0.7660444431189767922, -9.669965394686145875E-09 ) ) ;
#1857 = VERTEX_POINT ( 'NONE', #1960 ) ;
#1858 = CARTESIAN_POINT ( 'NONE',  ( 100.4929940076276011, 3.112955605826313477, -326.9999999999997158 ) ) ;
#1859 = EDGE_CURVE ( 'NONE', #1648, #546, #1102, .T. ) ;
#1860 = CARTESIAN_POINT ( 'NONE',  ( 0.4754099004171334353, 1.058598959152681429, 0.000000000000000000 ) ) ;
#1861 = VERTEX_POINT ( 'NONE', #2413 ) ;
#1862 = CARTESIAN_POINT ( 'NONE',  ( 11.74727668091271759, 7.305703337800452779, 0.000000000000000000 ) ) ;
#1863 = AXIS2_PLACEMENT_3D ( 'NONE', #2434, #1846, #126 ) ;
#1864 = CARTESIAN_POINT ( 'NONE',  ( 88.83423266298044041, -0.5071306002127375923, -252.0000000000000000 ) ) ;
#1865 = DIRECTION ( 'NONE',  ( -1.000000000000000000, 0.000000000000000000, 0.000000000000000000 ) ) ;
#1866 = AXIS2_PLACEMENT_3D ( 'NONE', #2198, #707, #1865 ) ;
#1867 = EDGE_CURVE ( 'NONE', #577, #2429, #72, .T. ) ;
#1868 = AXIS2_PLACEMENT_3D ( 'NONE', #65, #1752, #911 ) ;
#1869 = CARTESIAN_POINT ( 'NONE',  ( 0.000000000000000000, 0.000000000000000000, -182.0000000000000000 ) ) ;
#1870 = CARTESIAN_POINT ( 'NONE',  ( 110.8466386022883512, 0.9061074076134705280, -182.0000000000000568 ) ) ;
#1871 = PLANE ( 'NONE',  #2312 ) ;
#1872 = ORIENTED_EDGE ( 'NONE', *, *, #18, .F. ) ;
#1873 = ORIENTED_EDGE ( 'NONE', *, *, #858, .F. ) ;
#1874 = VECTOR ( 'NONE', #1924, 1000.000000000000114 ) ;
#1875 = VECTOR ( 'NONE', #883, 1000.000000000000000 ) ;
#1876 = CARTESIAN_POINT ( 'NONE',  ( 4.867712567459363981, -2.861476354840538416, 0.000000000000000000 ) ) ;
#1877 = LINE ( 'NONE', #366, #2452 ) ;
#1878 = DIRECTION ( 'NONE',  ( 0.6427876096865406952, -0.7660444431189769032, 0.000000000000000000 ) ) ;
#1879 = ORIENTED_EDGE ( 'NONE', *, *, #1087, .F. ) ;
#1880 = EDGE_CURVE ( 'NONE', #531, #2289, #2629, .T. ) ;
#1881 = ORIENTED_EDGE ( 'NONE', *, *, #782, .F. ) ;
#1882 = FACE_OUTER_BOUND ( 'NONE', #1566, .T. ) ;
#1883 = CARTESIAN_POINT ( 'NONE',  ( 91.33544830332490960, -0.9156140299845171304, -329.0000000441735892 ) ) ;
#1884 = CARTESIAN_POINT ( 'NONE',  ( 86.75727748948369822, -1.083744768677505910, -181.9999999999999432 ) ) ;
#1885 = CARTESIAN_POINT ( 'NONE',  ( 111.9008294260164007, 0.6581782794274511073, -254.0000000000000000 ) ) ;
#1886 = ORIENTED_EDGE ( 'NONE', *, *, #851, .T. ) ;
#1887 = CARTESIAN_POINT ( 'NONE',  ( 86.73893716925522313, -0.5840986643999728223, -252.0000000000000000 ) ) ;
#1888 = EDGE_CURVE ( 'NONE', #2429, #1471, #2580, .T. ) ;
#1889 = CARTESIAN_POINT ( 'NONE',  ( 2.182683916661980028, -2.312783756027203097, 0.000000000000000000 ) ) ;
#1890 = DIRECTION ( 'NONE',  ( -0.9993263265620334623, -0.03670004141730631719, -0.000000000000000000 ) ) ;
#1891 = CARTESIAN_POINT ( 'NONE',  ( 86.73584785656774443, 5.898766652290043488, -2.000000000000000000 ) ) ;
#1892 = PLANE ( 'NONE',  #1245 ) ;
#1893 = ORIENTED_EDGE ( 'NONE', *, *, #1134, .T. ) ;
#1894 = CARTESIAN_POINT ( 'NONE',  ( 0.07695410240669155189, -0.6505380176043250584, 0.000000000000000000 ) ) ;
#1895 = CARTESIAN_POINT ( 'NONE',  ( 111.9008294260164149, 0.3399900758465234651, -182.0000000000000000 ) ) ;
#1896 = CARTESIAN_POINT ( 'NONE',  ( 72.05951599416565045, 6.740760187875653564, -329.0000000000002842 ) ) ;
#1897 = CARTESIAN_POINT ( 'NONE',  ( 93.02482611820536818, -0.3532242379564230483, -249.0000000000000000 ) ) ;
#1898 = CARTESIAN_POINT ( 'NONE',  ( 111.9008294260164007, -0.1603477655009281910, -117.0000000000000000 ) ) ;
#1899 = B_SPLINE_CURVE_WITH_KNOTS ( 'NONE', 3,
 ( #649, #677, #2388, #1965, #1739, #1347, #465, #2192, #2178 ),
 .UNSPECIFIED., .F., .F.,
 ( 4, 1, 1, 1, 1, 1, 4 ),
 ( 0.000000000000000000, 0.003334477970616306700, 0.009264315766938004820, 0.01519415356325970815, 0.02112399135958140106, 0.02408891025774226660, 0.02516050212915587475 ),
 .UNSPECIFIED. ) ;
#1900 = CARTESIAN_POINT ( 'NONE',  ( 88.54229832319423110, 5.275474804931442385, -254.0000000000001137 ) ) ;
#1901 = CARTESIAN_POINT ( 'NONE',  ( 59.53419843897284380, -2.086833362003901016, -329.0000000000002274 ) ) ;
#1902 = CARTESIAN_POINT ( 'NONE',  ( 111.9008294260164007, -0.1603469925516940453, -177.0000000000000000 ) ) ;
#1903 = ORIENTED_EDGE ( 'NONE', *, *, #2365, .F. ) ;
#1904 = ORIENTED_EDGE ( 'NONE', *, *, #1252, .F. ) ;
#1905 = CARTESIAN_POINT ( 'NONE',  ( 111.9008294260164007, -0.1603477878692194381, -115.0000000000000000 ) ) ;
#1906 = CARTESIAN_POINT ( 'NONE',  ( 0.07695410240669155189, -0.6505380176043250584, 0.000000000000000000 ) ) ;
#1907 = CARTESIAN_POINT ( 'NONE',  ( 111.9008294260164007, 0.6593113521493755291, -56.99999999999999289 ) ) ;
#1908 = EDGE_CURVE ( 'NONE', #1487, #777, #986, .T. ) ;
#1909 = PLANE ( 'NONE',  #2588 ) ;
#1910 = VERTEX_POINT ( 'NONE', #2230 ) ;
#1911 = VERTEX_POINT ( 'NONE', #1137 ) ;
#1912 = CARTESIAN_POINT ( 'NONE',  ( 86.80497518020163739, -1.081988198953732994, -54.99999999999996447 ) ) ;
#1913 = STYLED_ITEM ( 'NONE', ( #189 ), #757 ) ;
#1914 = AXIS2_PLACEMENT_3D ( 'NONE', #1806, #1989, #512 ) ;
#1915 = CARTESIAN_POINT ( 'NONE',  ( 83.81705129401322552, 2.420280362814021480, -182.0000000000000000 ) ) ;
#1916 = CARTESIAN_POINT ( 'NONE',  ( 28.59130757462041217, -3.224236759125266083, 0.000000000000000000 ) ) ;
#1917 = CARTESIAN_POINT ( 'NONE',  ( 111.9008294260164007, -0.1603486196475379377, -35.33333333333334281 ) ) ;
#1918 = ORIENTED_EDGE ( 'NONE', *, *, #782, .T. ) ;
#1919 = EDGE_CURVE ( 'NONE', #1271, #1981, #2393, .T. ) ;
#1920 = ORIENTED_EDGE ( 'NONE', *, *, #2576, .F. ) ;
#1921 = B_SPLINE_SURFACE_WITH_KNOTS ( 'NONE', 3, 1, ( 
 ( #1075, #1683 ),
 ( #2726, #1041 ),
 ( #1897, #1056 ),
 ( #2120, #2514 ),
 ( #2759, #10 ),
 ( #370, #600 ),
 ( #2542, #1434 ) ),
 .UNSPECIFIED., .F., .F., .F.,
 ( 4, 1, 1, 1, 4 ),
 ( 2, 2 ),
 ( 0.000000000000000000, 0.03656918414942234019, 0.07313836829884466650, 0.1097075524482669928, 0.1462767365976893330 ),
 ( 0.000000000000000000, 1.000000000000000000 ),
 .UNSPECIFIED. ) ;
#1922 = CARTESIAN_POINT ( 'NONE',  ( 55.71014408297985909, 6.413282511314649881, -329.0000000000011369 ) ) ;
#1923 = CARTESIAN_POINT ( 'NONE',  ( 76.28493433132902624, -1.468398909378350492, -328.9999999999995453 ) ) ;
#1924 = DIRECTION ( 'NONE',  ( 0.9993263259286705447, 0.03670005866349869417, 0.000000000000000000 ) ) ;
#1925 = CARTESIAN_POINT ( 'NONE',  ( 82.79876929128081997, 5.873910608364916186, -328.9999999571906528 ) ) ;
#1926 = ORIENTED_EDGE ( 'NONE', *, *, #1789, .T. ) ;
#1927 = DIRECTION ( 'NONE',  ( -0.6427876096865348110, -0.7660444431189817882, -0.000000000000000000 ) ) ;
#1928 = CARTESIAN_POINT ( 'NONE',  ( 111.9008294260164007, 0.6595100947987294626, -1.999999999999991340 ) ) ;
#1929 = EDGE_LOOP ( 'NONE', ( #1391, #1244, #2368, #1277 ) ) ;
#1930 = CARTESIAN_POINT ( 'NONE',  ( 101.9561173272021790, 2.895801810991147640, -117.0000000000001137 ) ) ;
#1931 = CARTESIAN_POINT ( 'NONE',  ( 111.9008294260163865, -0.1603460212006482255, -257.0000000000000000 ) ) ;
#1932 = PLANE ( 'NONE',  #2540 ) ;
#1933 = DIRECTION ( 'NONE',  ( -0.6427876096865348110, -0.7660444431189817882, -0.000000000000000000 ) ) ;
#1934 = ORIENTED_EDGE ( 'NONE', *, *, #1309, .T. ) ;
#1935 = CARTESIAN_POINT ( 'NONE',  ( 69.66625662955186726, 6.824566089578421035, -328.9999999999998863 ) ) ;
#1936 = FACE_BOUND ( 'NONE', #1554, .T. ) ;
#1937 = LINE ( 'NONE', #251, #1072 ) ;
#1938 = ORIENTED_EDGE ( 'NONE', *, *, #2294, .T. ) ;
#1939 = DIRECTION ( 'NONE',  ( 0.9993263173578234015, 0.03670029204312421495, 0.000000000000000000 ) ) ;
#1940 = CARTESIAN_POINT ( 'NONE',  ( 111.9008294260163865, -0.1603460212006482255, -254.0000000000000000 ) ) ;
#1941 = CARTESIAN_POINT ( 'NONE',  ( 86.75727748948369822, -1.083744768677505910, -185.0000000000000000 ) ) ;
#1942 = EDGE_CURVE ( 'NONE', #78, #2068, #311, .T. ) ;
#1943 = CARTESIAN_POINT ( 'NONE',  ( 22.16410296333171814, 9.514379223235044591, 0.000000000000000000 ) ) ;
#1944 = CARTESIAN_POINT ( 'NONE',  ( 83.81705129401322552, 2.420280362814021480, -117.0000000000000000 ) ) ;
#1945 = CARTESIAN_POINT ( 'NONE',  ( 107.3488986330008998, 1.720819523673493556, -114.9999999999999432 ) ) ;
#1946 = VERTEX_POINT ( 'NONE', #2700 ) ;
#1947 = CARTESIAN_POINT ( 'NONE',  ( 98.77121132866025732, 3.490955373614314627, -251.9999999999999432 ) ) ;
#1948 = CARTESIAN_POINT ( 'NONE',  ( 90.08871368539300306, -0.9613920350123963399, -251.9999999999999432 ) ) ;
#1949 = CARTESIAN_POINT ( 'NONE',  ( 83.98840671691165483, 5.740985834281852718, -329.0000000000000000 ) ) ;
#1950 = CARTESIAN_POINT ( 'NONE',  ( 114.9008294260163723, -0.05016421021564967248, 0.000000000000000000 ) ) ;
#1951 = FACE_OUTER_BOUND ( 'NONE', #1401, .T. ) ;
#1952 = LINE ( 'NONE', #53, #2441 ) ;
#1953 = CARTESIAN_POINT ( 'NONE',  ( 83.81705129401322552, 2.420280362814021480, -327.0000000000000000 ) ) ;
#1954 = EDGE_CURVE ( 'NONE', #1413, #1254, #2667, .T. ) ;
#1955 = VECTOR ( 'NONE', #2547, 1000.000000000000000 ) ;
#1956 = ADVANCED_FACE ( 'NONE', ( #1615 ), #562, .T. ) ;
#1957 = CARTESIAN_POINT ( 'NONE',  ( 2.516187955659561215, 3.103863637544818754, 0.000000000000000000 ) ) ;
#1958 = DIRECTION ( 'NONE',  ( 0.9993263562720425819, 0.03669923241761998550, 0.000000000000000000 ) ) ;
#1959 = AXIS2_PLACEMENT_3D ( 'NONE', #1418, #988, #2259 ) ;
#1960 = CARTESIAN_POINT ( 'NONE',  ( 111.9008294260164007, 0.3399900758465235762, -180.0000000000000000 ) ) ;
#1961 = ORIENTED_EDGE ( 'NONE', *, *, #567, .T. ) ;
#1962 = CARTESIAN_POINT ( 'NONE',  ( 86.75729833211674702, -1.083769607960202386, -280.3333333333316091 ) ) ;
#1963 = LINE ( 'NONE', #1286, #1101 ) ;
#1964 = CARTESIAN_POINT ( 'NONE',  ( 111.9008294260163865, -0.1603460212006482255, -254.0000000000000000 ) ) ;
#1965 = CARTESIAN_POINT ( 'NONE',  ( 102.6427559341823184, -0.5003465309250905158, -180.0000000000003126 ) ) ;
#1966 = ORIENTED_EDGE ( 'NONE', *, *, #2673, .T. ) ;
#1967 = CARTESIAN_POINT ( 'NONE',  ( 88.73537980206369014, 5.106543261798527134, -329.0000000000000568 ) ) ;
#1968 = VECTOR ( 'NONE', #1068, 1000.000000000000000 ) ;
#1969 = CARTESIAN_POINT ( 'NONE',  ( 106.7200533028379965, -0.3506005746268442413, -56.99999999999995026 ) ) ;
#1970 = EDGE_CURVE ( 'NONE', #1186, #2477, #1232, .T. ) ;
#1971 = CARTESIAN_POINT ( 'NONE',  ( 82.95812720334009782, -1.223265246941791062, 0.000000000000000000 ) ) ;
#1972 = B_SPLINE_CURVE_WITH_KNOTS ( 'NONE', 3,
 ( #76, #660, #1544, #1522, #2363, #2371, #902, #2235 ),
 .UNSPECIFIED., .F., .F.,
 ( 4, 1, 1, 1, 1, 4 ),
 ( 0.8642527461669270439, 0.8750000000038827830, 0.9062500000029121150, 0.9375000000019414470, 0.9687500000009708900, 1.000000000000000000 ),
 .UNSPECIFIED. ) ;
#1973 = FACE_OUTER_BOUND ( 'NONE', #2529, .T. ) ;
#1974 = CARTESIAN_POINT ( 'NONE',  ( 57.69833539419930446, 6.588840142674914802, -328.9999999999994884 ) ) ;
#1975 = CARTESIAN_POINT ( 'NONE',  ( 114.4000000000000057, -0.06855999999999999595, 0.000000000000000000 ) ) ;
#1976 = FACE_OUTER_BOUND ( 'NONE', #506, .T. ) ;
#1977 = ORIENTED_EDGE ( 'NONE', *, *, #1556, .F. ) ;
#1978 = LINE ( 'NONE', #74, #192 ) ;
#1979 = EDGE_LOOP ( 'NONE', ( #561, #1810, #1997, #2200 ) ) ;
#1980 = CARTESIAN_POINT ( 'NONE',  ( 114.5726096194103718, -0.06221993668006624290, -329.0000000000000000 ) ) ;
#1981 = VERTEX_POINT ( 'NONE', #107 ) ;
#1982 = CARTESIAN_POINT ( 'NONE',  ( 86.66713433583291248, 5.816877067094473830, -87.84007079320636535 ) ) ;
#1983 = CARTESIAN_POINT ( 'NONE',  ( 86.75727748948369822, -1.083744768677505910, -185.0000000000000000 ) ) ;
#1984 = VERTEX_POINT ( 'NONE', #2650 ) ;
#1985 = EDGE_CURVE ( 'NONE', #172, #316, #515, .T. ) ;
#1986 = CARTESIAN_POINT ( 'NONE',  ( 86.34999155101986901, -0.5983602883001503114, -60.00000000000000711 ) ) ;
#1987 = CARTESIAN_POINT ( 'NONE',  ( 110.9917313044413163, -0.1937317145176628008, -257.0000000000000000 ) ) ;
#1988 = EDGE_LOOP ( 'NONE', ( #522, #3, #1706, #2749 ) ) ;
#1989 = DIRECTION ( 'NONE',  ( -0.03670005866349870111, 0.9993263259286706557, 0.000000000000000000 ) ) ;
#1990 = PLANE ( 'NONE',  #2171 ) ;
#1991 = CARTESIAN_POINT ( 'NONE',  ( 113.0192706485358514, 0.3958690462716250580, -329.0000000000000568 ) ) ;
#1992 = CARTESIAN_POINT ( 'NONE',  ( 110.7933596029449603, 0.9143531331653640404, -329.0000000305162757 ) ) ;
#1993 = ORIENTED_EDGE ( 'NONE', *, *, #2000, .T. ) ;
#1994 = VECTOR ( 'NONE', #330, 1000.000000000000000 ) ;
#1995 = VECTOR ( 'NONE', #1043, 1000.000000000000000 ) ;
#1996 = CARTESIAN_POINT ( 'NONE',  ( 87.22640874518445742, -1.066543249104467517, -327.0000000000002842 ) ) ;
#1997 = ORIENTED_EDGE ( 'NONE', *, *, #154, .T. ) ;
#1998 = CARTESIAN_POINT ( 'NONE',  ( 105.2324863694495463, 2.150160186445706056, -329.0000000000002842 ) ) ;
#1999 = ORIENTED_EDGE ( 'NONE', *, *, #676, .T. ) ;
#2000 = EDGE_CURVE ( 'NONE', #839, #1173, #1361, .T. ) ;
#2001 = CARTESIAN_POINT ( 'NONE',  ( 86.69339607141658632, 5.848174584824118227, -57.00000000000000000 ) ) ;
#2002 = AXIS2_PLACEMENT_3D ( 'NONE', #2459, #1416, #974 ) ;
#2003 = ORIENTED_EDGE ( 'NONE', *, *, #2521, .T. ) ;
#2004 = CARTESIAN_POINT ( 'NONE',  ( 86.62386471832054724, 5.765310344973984868, -133.2778672140348988 ) ) ;
#2005 = CARTESIAN_POINT ( 'NONE',  ( 105.5965905952907491, 0.1084748940666349637, -254.0000000000000000 ) ) ;
#2006 = ORIENTED_EDGE ( 'NONE', *, *, #690, .F. ) ;
#2007 = CARTESIAN_POINT ( 'NONE',  ( 0.6406691664474319925, 1.257446560864240670, 0.000000000000000000 ) ) ;
#2008 = ORIENTED_EDGE ( 'NONE', *, *, #393, .F. ) ;
#2009 = CARTESIAN_POINT ( 'NONE',  ( 86.35154931622426489, 5.440777486206989977, -327.0000000000000000 ) ) ;
#2010 = CARTESIAN_POINT ( 'NONE',  ( 43.38308934373491610, -1.977501026367053605, -329.0000000000007390 ) ) ;
#2011 = CARTESIAN_POINT ( 'NONE',  ( 114.9008294260163723, -0.05016421021564967248, 0.000000000000000000 ) ) ;
#2012 = VERTEX_POINT ( 'NONE', #1312 ) ;
#2013 = CARTESIAN_POINT ( 'NONE',  ( 86.75727349766768270, -1.083740011416445048, -60.00000000000000711 ) ) ;
#2014 = CARTESIAN_POINT ( 'NONE',  ( 86.75727347835422165, -1.083739988399543108, -59.00000000000000711 ) ) ;
#2015 = EDGE_CURVE ( 'NONE', #1857, #237, #1686, .T. ) ;
#2016 = CARTESIAN_POINT ( 'NONE',  ( 111.9008294260163865, -0.1603460212006482255, -251.9999999999999432 ) ) ;
#2017 = CARTESIAN_POINT ( 'NONE',  ( 114.5252073565041400, 0.03887894744609002307, 0.000000000000000000 ) ) ;
#2018 = CARTESIAN_POINT ( 'NONE',  ( 111.9008294260164149, 0.3399900758465234651, -177.0000000000000000 ) ) ;
#2019 = ORIENTED_EDGE ( 'NONE', *, *, #1831, .F. ) ;
#2020 = B_SPLINE_CURVE_WITH_KNOTS ( 'NONE', 3,
 ( #557, #167, #573, #140, #1847, #1864, #1409 ),
 .UNSPECIFIED., .F., .F.,
 ( 4, 1, 1, 1, 4 ),
 ( 0.01531462871388702615, 0.05188381286330936981, 0.08845299701273169612, 0.1250221811621540224, 0.1615913653115763626 ),
 .UNSPECIFIED. ) ;
#2021 = CARTESIAN_POINT ( 'NONE',  ( 86.34999155101986901, -0.5983602883001503114, -57.00000000000000000 ) ) ;
#2022 = VERTEX_POINT ( 'NONE', #1410 ) ;
#2023 = EDGE_LOOP ( 'NONE', ( #1583, #1297, #1740, #73, #1491, #2423, #2406, #999 ) ) ;
#2024 = EDGE_CURVE ( 'NONE', #909, #2536, #388, .T. ) ;
#2025 = CARTESIAN_POINT ( 'NONE',  ( 22.16410296333171814, 9.514379223235044591, 0.000000000000000000 ) ) ;
#2026 = CARTESIAN_POINT ( 'NONE',  ( 86.44077955361514398, 5.547117942185607831, -278.3333566240589221 ) ) ;
#2027 = CARTESIAN_POINT ( 'NONE',  ( 90.94394336866481865, -0.9299974172585100396, -329.0000000441735324 ) ) ;
#2028 = CARTESIAN_POINT ( 'NONE',  ( 86.75729754709490749, -1.083768672407736444, -327.0000000000000000 ) ) ;
#2029 = EDGE_CURVE ( 'NONE', #316, #97, #263, .T. ) ;
#2030 = CARTESIAN_POINT ( 'NONE',  ( 72.05951599416565045, 6.740760187875653564, -329.0000000000002842 ) ) ;
#2031 = DIRECTION ( 'NONE',  ( 0.03670029204312422189, -0.9993263173578235126, 0.000000000000000000 ) ) ;
#2032 = CARTESIAN_POINT ( 'NONE',  ( 102.6744060974724420, -0.4991841634784638937, -182.0000000000003411 ) ) ;
#2033 = ORIENTED_EDGE ( 'NONE', *, *, #1970, .F. ) ;
#2034 = CARTESIAN_POINT ( 'NONE',  ( 110.8413238359585478, 0.9073799926278581784, -180.0000000000000568 ) ) ;
#2035 = ADVANCED_FACE ( 'NONE', ( #586 ), #2045, .T. ) ;
#2036 = CARTESIAN_POINT ( 'NONE',  ( 89.50996784996186761, 5.357245121977248559, -57.00000000000000711 ) ) ;
#2037 = AXIS2_PLACEMENT_3D ( 'NONE', #970, #2683, #2763 ) ;
#2038 = PLANE ( 'NONE',  #622 ) ;
#2039 = FACE_OUTER_BOUND ( 'NONE', #604, .T. ) ;
#2040 = VECTOR ( 'NONE', #386, 999.9999999999998863 ) ;
#2041 = CARTESIAN_POINT ( 'NONE',  ( 54.74745293117266698, -2.238889660876244747, -328.9999999999998295 ) ) ;
#2042 = CARTESIAN_POINT ( 'NONE',  ( 111.9008294260163865, -0.1603460212006482255, -249.0000000000000000 ) ) ;
#2043 = EDGE_CURVE ( 'NONE', #554, #2022, #917, .T. ) ;
#2044 = CARTESIAN_POINT ( 'NONE',  ( 95.33375551430664530, -0.7687672155075206959, -329.0000000441737598 ) ) ;
#2045 = PLANE ( 'NONE',  #1520 ) ;
#2046 = CARTESIAN_POINT ( 'NONE',  ( 111.9008294260164007, 0.6595100947987294626, -1.999999999999991340 ) ) ;
#2047 = CARTESIAN_POINT ( 'NONE',  ( 112.9888323009177640, 0.4022284085366562012, -329.0000000377751803 ) ) ;
#2048 = ORIENTED_EDGE ( 'NONE', *, *, #655, .F. ) ;
#2049 = CARTESIAN_POINT ( 'NONE',  ( 88.50288166694309666, -1.019631464438663038, -182.0000000000000568 ) ) ;
#2050 = EDGE_LOOP ( 'NONE', ( #709, #2581, #1364, #726 ) ) ;
#2051 = EDGE_CURVE ( 'NONE', #1911, #1356, #2571, .T. ) ;
#2052 = ORIENTED_EDGE ( 'NONE', *, *, #1880, .T. ) ;
#2053 = CARTESIAN_POINT ( 'NONE',  ( 16.76560634619016810, 8.571669894868692907, 0.000000000000000000 ) ) ;
#2054 = CARTESIAN_POINT ( 'NONE',  ( 87.77119044390758518, -1.046536179983947656, -329.0000000441737029 ) ) ;
#2055 = B_SPLINE_CURVE_WITH_KNOTS ( 'NONE', 3,
 ( #1884, #247, #2527, #1941 ),
 .UNSPECIFIED., .F., .F.,
 ( 4, 4 ),
 ( 0.000000000000000000, 1.000000000000000000 ),
 .UNSPECIFIED. ) ;
#2056 = CARTESIAN_POINT ( 'NONE',  ( 83.31894911537024484, 6.493836782518506823, 0.000000000000000000 ) ) ;
#2057 = CARTESIAN_POINT ( 'NONE',  ( 86.34999155101986901, -0.5983602883001428729, -51.99999999999999289 ) ) ;
#2058 = CARTESIAN_POINT ( 'NONE',  ( 0.1382493686299775815, -3.764469013025363964, -117.0000000000000000 ) ) ;
#2059 = CARTESIAN_POINT ( 'NONE',  ( 112.3128883408556646, 0.5610522283308668756, -329.0000000355262273 ) ) ;
#2060 = ORIENTED_EDGE ( 'NONE', *, *, #1087, .T. ) ;
#2061 = ORIENTED_EDGE ( 'NONE', *, *, #1477, .T. ) ;
#2062 = B_SPLINE_CURVE_WITH_KNOTS ( 'NONE', 3,
 ( #1905, #2096, #1441, #1474, #2766, #194, #1019, #793 ),
 .UNSPECIFIED., .F., .F.,
 ( 4, 1, 1, 1, 1, 4 ),
 ( 0.000000000000000000, 0.003866202151829401055, 0.01029363948144779509, 0.01672107681106619129, 0.02314851414068458055, 0.02516050607338361084 ),
 .UNSPECIFIED. ) ;
#2063 = CARTESIAN_POINT ( 'NONE',  ( 48.76144562227371182, -2.269136682365686219, -328.9999999999994884 ) ) ;
#2064 = CARTESIAN_POINT ( 'NONE',  ( 86.64177355867150254, 5.786653269801419697, -115.0000000000000000 ) ) ;
#2065 = DIRECTION ( 'NONE',  ( 0.000000000000000000, 1.000000000000000000, 0.000000000000000000 ) ) ;
#2066 = ORIENTED_EDGE ( 'NONE', *, *, #510, .T. ) ;
#2067 = EDGE_CURVE ( 'NONE', #2139, #1421, #1625, .T. ) ;
#2068 = VERTEX_POINT ( 'NONE', #1125 ) ;
#2069 = CARTESIAN_POINT ( 'NONE',  ( 48.25854694237339260, 5.044138682044165378, -328.9999999999997158 ) ) ;
#2070 = CARTESIAN_POINT ( 'NONE',  ( 86.47670326935653407, 5.589930159479743921, -254.0000000000000000 ) ) ;
#2071 = FACE_OUTER_BOUND ( 'NONE', #2234, .T. ) ;
#2072 = FACE_OUTER_BOUND ( 'NONE', #2220, .T. ) ;
#2073 = FACE_OUTER_BOUND ( 'NONE', #431, .T. ) ;
#2074 = ORIENTED_EDGE ( 'NONE', *, *, #976, .F. ) ;
#2075 = VERTEX_POINT ( 'NONE', #2056 ) ;
#2076 = CARTESIAN_POINT ( 'NONE',  ( 103.8138119759175169, -0.4573389353999083862, -249.0000000000000000 ) ) ;
#2077 = CARTESIAN_POINT ( 'NONE',  ( 17.63271635543052440, -3.466193515785781276, 0.000000000000000000 ) ) ;
#2078 = EDGE_CURVE ( 'NONE', #97, #2289, #1561, .T. ) ;
#2079 = DIRECTION ( 'NONE',  ( 0.03670005866349870111, -0.9993263259286706557, 0.000000000000000000 ) ) ;
#2080 = CARTESIAN_POINT ( 'NONE',  ( 111.8824798098075775, 0.3393171569353730099, -249.0000000000000000 ) ) ;
#2081 = EDGE_LOOP ( 'NONE', ( #1966, #1584, #2563, #712 ) ) ;
#2082 = CARTESIAN_POINT ( 'NONE',  ( 3.969721568133258049, -2.693567244959053752, 0.000000000000000000 ) ) ;
#2083 = VERTEX_POINT ( 'NONE', #2028 ) ;
#2084 = VECTOR ( 'NONE', #1377, 1000.000000000000000 ) ;
#2085 = DIRECTION ( 'NONE',  ( -0.9993263173578234015, -0.03670029204312422189, -0.000000000000000000 ) ) ;
#2086 = CARTESIAN_POINT ( 'NONE',  ( 87.22231214458663828, -1.066692510162668972, -329.0000000441736461 ) ) ;
#2087 = DIRECTION ( 'NONE',  ( 0.9993263265620334623, 0.03670004141730631719, 0.000000000000000000 ) ) ;
#2088 = VECTOR ( 'NONE', #2391, 1000.000000000000114 ) ;
#2089 = FACE_OUTER_BOUND ( 'NONE', #2245, .T. ) ;
#2090 = EDGE_CURVE ( 'NONE', #550, #2323, #2701, .T. ) ;
#2091 = AXIS2_PLACEMENT_3D ( 'NONE', #2550, #2079, #606 ) ;
#2092 = CARTESIAN_POINT ( 'NONE',  ( 108.4330040265039372, 1.463835900832928028, -254.0000000000000568 ) ) ;
#2093 = DIRECTION ( 'NONE',  ( 0.9993263265620334623, 0.03670004141730631719, 0.000000000000000000 ) ) ;
#2094 = ORIENTED_EDGE ( 'NONE', *, *, #6, .T. ) ;
#2095 = ORIENTED_EDGE ( 'NONE', *, *, #1867, .F. ) ;
#2096 = CARTESIAN_POINT ( 'NONE',  ( 110.6129632128405973, -0.2076443921737557430, -114.9999999999999147 ) ) ;
#2097 = CARTESIAN_POINT ( 'NONE',  ( 51.15595355233001129, -2.288861920351004109, -329.0000000000006253 ) ) ;
#2098 = DIRECTION ( 'NONE',  ( 0.9993263173578234015, 0.03670029204312421495, 0.000000000000000000 ) ) ;
#2099 = DIRECTION ( 'NONE',  ( 0.000000000000000000, 0.000000000000000000, 1.000000000000000000 ) ) ;
#2100 = ORIENTED_EDGE ( 'NONE', *, *, #2051, .F. ) ;
#2101 = VECTOR ( 'NONE', #2233, 1000.000000000000000 ) ;
#2102 = CARTESIAN_POINT ( 'NONE',  ( 1.473299293311520097, -2.022811161060689145, 0.000000000000000000 ) ) ;
#2103 = AXIS2_PLACEMENT_3D ( 'NONE', #816, #1840, #2507 ) ;
#2104 = VERTEX_POINT ( 'NONE', #1436 ) ;
#2105 = B_SPLINE_CURVE_WITH_KNOTS ( 'NONE', 3,
 ( #19, #70, #2399, #1305, #1519, #1108, #2604, #2383 ),
 .UNSPECIFIED., .F., .F.,
 ( 4, 1, 1, 1, 1, 4 ),
 ( 0.000000000000000000, 0.003849841407461921522, 0.01026196798339217009, 0.01667409455932242907, 0.02308622113525267416, 0.02516050607420442647 ),
 .UNSPECIFIED. ) ;
#2106 = CARTESIAN_POINT ( 'NONE',  ( 86.75727349766768270, -1.083740011416445048, -55.00000000000000000 ) ) ;
#2107 = CARTESIAN_POINT ( 'NONE',  ( 86.73893716925522313, -0.5840986643999724892, -254.0000000000000000 ) ) ;
#2108 = FACE_OUTER_BOUND ( 'NONE', #1570, .T. ) ;
#2109 = ADVANCED_FACE ( 'NONE', ( #806 ), #2499, .F. ) ;
#2110 = CARTESIAN_POINT ( 'NONE',  ( 60.73063956535964536, -2.041588610783982904, -329.0000000000000000 ) ) ;
#2111 = ORIENTED_EDGE ( 'NONE', *, *, #1002, .F. ) ;
#2112 = CARTESIAN_POINT ( 'NONE',  ( 87.97635880849250611, -1.038980753687999803, -249.0000000000000000 ) ) ;
#2113 = CARTESIAN_POINT ( 'NONE',  ( 40.56585706084160847, -1.342962501914865214, -328.9999999999994316 ) ) ;
#2114 = CARTESIAN_POINT ( 'NONE',  ( 86.75727748948369822, -1.083744768677505910, -185.0000000000000000 ) ) ;
#2115 = DIRECTION ( 'NONE',  ( -0.9993263265620334623, -0.03670004141730631719, -0.000000000000000000 ) ) ;
#2116 = VERTEX_POINT ( 'NONE', #372 ) ;
#2117 = CARTESIAN_POINT ( 'NONE',  ( 111.9008294260164007, -0.1603469925516940453, -185.0000000000000000 ) ) ;
#2118 = DIRECTION ( 'NONE',  ( 0.000000000000000000, 0.000000000000000000, -1.000000000000000000 ) ) ;
#2119 = VERTEX_POINT ( 'NONE', #2469 ) ;
#2120 = CARTESIAN_POINT ( 'NONE',  ( 99.31070844905764261, -0.1223754370173359279, -249.0000000000000000 ) ) ;
#2121 = CARTESIAN_POINT ( 'NONE',  ( 111.9008294260164007, -9.946594549830242826, -252.0000000000000000 ) ) ;
#2122 = EDGE_LOOP ( 'NONE', ( #1938, #162, #494, #1008, #2356, #281, #2008 ) ) ;
#2123 = VERTEX_POINT ( 'NONE', #1226 ) ;
#2124 = CARTESIAN_POINT ( 'NONE',  ( 54.74745293117266698, -2.238889660876244747, -328.9999999999998295 ) ) ;
#2125 = CARTESIAN_POINT ( 'NONE',  ( 59.62838314100746118, -2.079865976872766087, 0.000000000000000000 ) ) ;
#2126 = ORIENTED_EDGE ( 'NONE', *, *, #814, .F. ) ;
#2127 = ADVANCED_FACE ( 'NONE', ( #2071 ), #1011, .T. ) ;
#2128 = CARTESIAN_POINT ( 'NONE',  ( 86.35001255881995519, -0.5983853244293667606, -257.0000000000000000 ) ) ;
#2129 = CARTESIAN_POINT ( 'NONE',  ( -0.03642451569615721280, -0.1997153173902917467, -0.000000000000000000 ) ) ;
#2130 = ORIENTED_EDGE ( 'NONE', *, *, #1822, .T. ) ;
#2131 = CARTESIAN_POINT ( 'NONE',  ( 74.45078548670593932, 6.613124417782024977, -328.9999999999998863 ) ) ;
#2132 = CARTESIAN_POINT ( 'NONE',  ( 111.9008294260164149, 0.6586928181967676155, -182.0000000000000284 ) ) ;
#2133 = CARTESIAN_POINT ( 'NONE',  ( 114.5726096194103718, -0.06221993668006624290, -329.0000000000000000 ) ) ;
#2134 = DIRECTION ( 'NONE',  ( -0.03670899296605030504, 0.9993259977782117387, 0.000000000000000000 ) ) ;
#2135 = VECTOR ( 'NONE', #1372, 1000.000000000000000 ) ;
#2136 = B_SPLINE_CURVE_WITH_KNOTS ( 'NONE', 3,
 ( #1492, #901, #478, #1085, #1508, #1947, #875, #1094, #2335, #35 ),
 .UNSPECIFIED., .F., .F.,
 ( 4, 1, 1, 1, 1, 1, 1, 4 ),
 ( 0.002687552611829819183, 0.004400395827773326100, 0.007088954756248311978, 0.009777513684723355969, 0.01515463154167338670, 0.02053174939862341744, 0.02590886725557344644, 0.02858309777744358002 ),
 .UNSPECIFIED. ) ;
#2137 = EDGE_CURVE ( 'NONE', #78, #1173, #2728, .T. ) ;
#2138 = VECTOR ( 'NONE', #1958, 1000.000000000000227 ) ;
#2139 = VERTEX_POINT ( 'NONE', #2411 ) ;
#2140 = CARTESIAN_POINT ( 'NONE',  ( 4.669276236003135239, 4.535820751416180130, 0.000000000000000000 ) ) ;
#2141 = CARTESIAN_POINT ( 'NONE',  ( 82.95813276116298596, -1.223271870497178115, -286.4985982072618071 ) ) ;
#2142 = CARTESIAN_POINT ( 'NONE',  ( 83.13337503895618852, 5.836129057822232902, -328.9999999578035954 ) ) ;
#2143 = ORIENTED_EDGE ( 'NONE', *, *, #2595, .F. ) ;
#2144 = FACE_OUTER_BOUND ( 'NONE', #984, .T. ) ;
#2145 = ORIENTED_EDGE ( 'NONE', *, *, #287, .T. ) ;
#2146 = CARTESIAN_POINT ( 'NONE',  ( 86.75727365776731403, -1.083740202215841331, -2.000000000000026201 ) ) ;
#2147 = CARTESIAN_POINT ( 'NONE',  ( 93.02482611820536818, -0.3532242379564230483, -249.0000000000000000 ) ) ;
#2148 = CARTESIAN_POINT ( 'NONE',  ( 0.4754099004171334353, 1.058598959152681429, 0.000000000000000000 ) ) ;
#2149 = CARTESIAN_POINT ( 'NONE',  ( 112.9772959754905912, -0.1208168419519531217, -329.0000000000000000 ) ) ;
#2150 = EDGE_CURVE ( 'NONE', #358, #541, #2158, .T. ) ;
#2151 = CARTESIAN_POINT ( 'NONE',  ( 83.46790746098002955, 5.797351515636868236, -328.9999999584290435 ) ) ;
#2152 = CARTESIAN_POINT ( 'NONE',  ( 111.9008294260164007, -0.1603478101672565770, -112.9999999999999716 ) ) ;
#2153 = ORIENTED_EDGE ( 'NONE', *, *, #2015, .T. ) ;
#2154 = CARTESIAN_POINT ( 'NONE',  ( 111.9008294260164007, 0.3399910277142182968, -249.0000000000000000 ) ) ;
#2155 = CARTESIAN_POINT ( 'NONE',  ( 86.57092401492739953, 5.702218071510724684, -182.0000000000000000 ) ) ;
#2156 = EDGE_CURVE ( 'NONE', #554, #237, #501, .T. ) ;
#2157 = CARTESIAN_POINT ( 'NONE',  ( 90.08871368539300306, -0.9613920350123963399, -257.0000000000000000 ) ) ;
#2158 = B_SPLINE_CURVE_WITH_KNOTS ( 'NONE', 3,
 ( #1353, #296, #602, #2573 ),
 .UNSPECIFIED., .F., .F.,
 ( 4, 4 ),
 ( 0.000000000000000000, 1.000000000000000000 ),
 .UNSPECIFIED. ) ;
#2159 = CARTESIAN_POINT ( 'NONE',  ( 3.878272337368041001, 4.078224712737445579, 0.000000000000000000 ) ) ;
#2160 = LINE ( 'NONE', #1944, #2262 ) ;
#2161 = CARTESIAN_POINT ( 'NONE',  ( 86.75727333237441030, -1.083739814427592707, -115.0000000000000000 ) ) ;
#2162 = CARTESIAN_POINT ( 'NONE',  ( 86.75727349766768270, -1.083740011416445048, -56.99999999999999289 ) ) ;
#2163 = EDGE_CURVE ( 'NONE', #550, #1529, #651, .T. ) ;
#2164 = CARTESIAN_POINT ( 'NONE',  ( 93.98764517664196205, -0.8182037374915439587, -251.9999999999999432 ) ) ;
#2165 = ORIENTED_EDGE ( 'NONE', *, *, #1770, .F. ) ;
#2166 = CARTESIAN_POINT ( 'NONE',  ( 114.7367195227135142, -0.01126110739042009319, -329.0000000000000568 ) ) ;
#2167 = CARTESIAN_POINT ( 'NONE',  ( 86.73893716925522313, -0.5840986643999728223, -249.0000000000000000 ) ) ;
#2168 = DIRECTION ( 'NONE',  ( -0.6427876096865348110, -0.7660444431189817882, -0.000000000000000000 ) ) ;
#2169 = DIRECTION ( 'NONE',  ( 0.7660444431189769032, 0.6427876096865406952, 0.000000000000000000 ) ) ;
#2170 = CARTESIAN_POINT ( 'NONE',  ( 44.84210253934904244, 3.938814450278936174, -329.0000000000004547 ) ) ;
#2171 = AXIS2_PLACEMENT_3D ( 'NONE', #2380, #1793, #1340 ) ;
#2172 = CARTESIAN_POINT ( 'NONE',  ( 7.148837281125505427, 5.700820457083032089, 0.000000000000000000 ) ) ;
#2173 = CARTESIAN_POINT ( 'NONE',  ( 82.95812594815424745, -1.223263751066145932, -24.66386308110964265 ) ) ;
#2174 = CARTESIAN_POINT ( 'NONE',  ( 86.73893716925522313, -0.5840986643999728223, -257.0000000000000000 ) ) ;
#2175 = AXIS2_PLACEMENT_3D ( 'NONE', #266, #1742, #1321 ) ;
#2176 = CARTESIAN_POINT ( 'NONE',  ( 98.45408093305573516, -0.6541702060449230416, -249.0000000000000000 ) ) ;
#2177 = B_SPLINE_SURFACE_WITH_KNOTS ( 'NONE', 3, 1, ( 
 ( #748, #718 ),
 ( #767, #1576 ),
 ( #1772, #2425 ),
 ( #1586, #1358 ),
 ( #504, #2443 ),
 ( #2202, #532 ),
 ( #1403, #1800 ) ),
 .UNSPECIFIED., .F., .F., .F.,
 ( 4, 1, 1, 1, 4 ),
 ( 2, 2 ),
 ( 0.000000000000000000, 0.03656918414942234019, 0.07313836829884466650, 0.1097075524482669928, 0.1462767365976893330 ),
 ( 0.000000000000000000, 1.000000000000000000 ),
 .UNSPECIFIED. ) ;
#2178 = CARTESIAN_POINT ( 'NONE',  ( 86.75727748948369822, -1.083744768677505910, -180.0000000000000000 ) ) ;
#2179 = CARTESIAN_POINT ( 'NONE',  ( 82.19493895932512828, 6.688070698947657711, 0.000000000000000000 ) ) ;
#2180 = CARTESIAN_POINT ( 'NONE',  ( 110.3050440563262811, -0.2189547332005238878, -1.999999999999981792 ) ) ;
#2181 = PLANE ( 'NONE',  #843 ) ;
#2182 = VERTEX_POINT ( 'NONE', #1029 ) ;
#2183 = CARTESIAN_POINT ( 'NONE',  ( 3.117443883882528688, 3.571704146890768428, 0.000000000000000000 ) ) ;
#2184 = PLANE ( 'NONE',  #1914 ) ;
#2185 = EDGE_CURVE ( 'NONE', #1577, #1023, #2741, .T. ) ;
#2186 = CARTESIAN_POINT ( 'NONE',  ( 51.76189107869360839, 5.834639574928984551, -328.9999999999996021 ) ) ;
#2187 = CARTESIAN_POINT ( 'NONE',  ( 111.9008294260163865, 0.6584450552295915138, -220.0810545001886283 ) ) ;
#2188 = CARTESIAN_POINT ( 'NONE',  ( 99.43446719729718097, 3.300396644221657461, -328.9999999961879666 ) ) ;
#2189 = CARTESIAN_POINT ( 'NONE',  ( 87.05722066346547194, -1.072743511390048532, -252.0000000000002274 ) ) ;
#2190 = ORIENTED_EDGE ( 'NONE', *, *, #1420, .T. ) ;
#2191 = FACE_OUTER_BOUND ( 'NONE', #2756, .T. ) ;
#2192 = CARTESIAN_POINT ( 'NONE',  ( 87.11423403281776245, -1.070633770656467032, -180.0000000000000568 ) ) ;
#2193 = CARTESIAN_POINT ( 'NONE',  ( 45.02262327353100346, -2.616337607518693265, 0.000000000000000000 ) ) ;
#2194 = CARTESIAN_POINT ( 'NONE',  ( 111.9008294260164007, -9.946594549830242826, -55.00000000000000000 ) ) ;
#2195 = VERTEX_POINT ( 'NONE', #1898 ) ;
#2196 = EDGE_CURVE ( 'NONE', #1482, #2068, #2559, .T. ) ;
#2197 = CARTESIAN_POINT ( 'NONE',  ( 82.19493895932512828, 6.688070698947657711, 0.000000000000000000 ) ) ;
#2198 = CARTESIAN_POINT ( 'NONE',  ( 0.000000000000000000, 0.000000000000000000, -111.9999999999999574 ) ) ;
#2199 = CARTESIAN_POINT ( 'NONE',  ( 109.9780445917923117, 1.101021409861468126, -329.0000000278635071 ) ) ;
#2200 = ORIENTED_EDGE ( 'NONE', *, *, #1572, .T. ) ;
#2201 = CARTESIAN_POINT ( 'NONE',  ( 86.57324567951830829, 5.704984923627746340, -180.0000000000000000 ) ) ;
#2202 = CARTESIAN_POINT ( 'NONE',  ( 109.7871838215895934, 0.2623695672188540162, -254.0000000000000000 ) ) ;
#2203 = CARTESIAN_POINT ( 'NONE',  ( 86.73892330304266807, -0.5840766514632573791, -111.9999999999999858 ) ) ;
#2204 = EDGE_CURVE ( 'NONE', #331, #1482, #27, .T. ) ;
#2205 = ORIENTED_EDGE ( 'NONE', *, *, #1744, .F. ) ;
#2206 = DIRECTION ( 'NONE',  ( 0.000000000000000000, 0.000000000000000000, 1.000000000000000000 ) ) ;
#2207 = EDGE_LOOP ( 'NONE', ( #1212, #1614, #1025, #1345, #2518, #2437 ) ) ;
#2208 = CARTESIAN_POINT ( 'NONE',  ( 4.669276236003135239, 4.535820751416180130, 0.000000000000000000 ) ) ;
#2209 = CARTESIAN_POINT ( 'NONE',  ( 86.75729166573823647, -1.083761663289079413, -257.0000000000000000 ) ) ;
#2210 = CARTESIAN_POINT ( 'NONE',  ( 78.58769751963801298, 7.270530063779243157, 0.000000000000000000 ) ) ;
#2211 = CARTESIAN_POINT ( 'NONE',  ( 100.4293388796701265, 3.109919746641539362, -328.9999999989681214 ) ) ;
#2212 = DIRECTION ( 'NONE',  ( 0.6427876096865372535, -0.7660444431189796788, 0.000000000000000000 ) ) ;
#2213 = ORIENTED_EDGE ( 'NONE', *, *, #2549, .F. ) ;
#2214 = VECTOR ( 'NONE', #2627, 1000.000000000000000 ) ;
#2215 = CARTESIAN_POINT ( 'NONE',  ( 92.25867233476131446, 4.751168369263914393, -180.0000000000001705 ) ) ;
#2216 = VECTOR ( 'NONE', #450, 1000.000000000000000 ) ;
#2217 = DIRECTION ( 'NONE',  ( 0.000000000000000000, -0.9999999999999998890, -1.224581982940487920E-08 ) ) ;
#2218 = CARTESIAN_POINT ( 'NONE',  ( 87.97635880849250611, -1.038980753687999803, -257.0000000000000000 ) ) ;
#2219 = CARTESIAN_POINT ( 'NONE',  ( 86.34999155101986901, -0.5983602883001503114, -52.00000000000000711 ) ) ;
#2220 = EDGE_LOOP ( 'NONE', ( #1306, #1091, #2635, #2758 ) ) ;
#2221 = EDGE_CURVE ( 'NONE', #1574, #78, #2353, .T. ) ;
#2222 = CARTESIAN_POINT ( 'NONE',  ( 44.17664738836662508, -2.064851365709543085, -328.9999999999993179 ) ) ;
#2223 = APPLICATION_PROTOCOL_DEFINITION ( 'draft international standard', 'automotive_design', 1998, #1781 ) ;
#2224 = ORIENTED_EDGE ( 'NONE', *, *, #2607, .T. ) ;
#2225 = CARTESIAN_POINT ( 'NONE',  ( 6.308538238988460556, 5.342362688645980739, 0.000000000000000000 ) ) ;
#2226 = VECTOR ( 'NONE', #1762, 1000.000000000000000 ) ;
#2227 = B_SPLINE_CURVE_WITH_KNOTS ( 'NONE', 3,
 ( #1820, #152, #1424, #2298, #1188, #1655, #2266, #1833, #785, #2515, #2044, #371, #1641, #360, #2695, #2526, #1467, #1883, #601, #1207, #385, #2027, #772, #2744, #2054, #1239, #2314, #406, #994, #584, #2086, #1624, #2680, #759, #1611, #2481, #2498 ),
 .UNSPECIFIED., .F., .F.,
 ( 4, 1, 1, 1, 1, 2, 2, 1, 1, 1, 1, 1, 1, 1, 2, 2, 1, 1, 1, 1, 1, 1, 2, 2, 1, 1, 1, 1, 4 ),
 ( 0.000000000000000000, 0.1046730772950454080, 0.1177572119569260806, 0.1242992792878664376, 0.1247081584960501449, 0.1249125981001421443, 0.1250148179021880190, 0.1251170377042338799, 0.1259347961206003230, 0.1275703129533330149, 0.1308413466187984264, 0.1439254812806598227, 0.1504675486115905347, 0.1512853070279562284, 0.1516941862361391169, 0.1521030654443219776, 0.1537385822770539479, 0.1570096159425181381, 0.1700937506043744274, 0.1766358179353025304, 0.1782713347680346672, 0.1784757743721260004, 0.1785268842731487782, 0.1785779941741715560, 0.1786802139762170838, 0.1790890931843983624, 0.1799068516007617802, 0.1831778852662138968, 0.2093461545898301357 ),
 .UNSPECIFIED. ) ;
#2228 = CARTESIAN_POINT ( 'NONE',  ( 111.9008294260163154, -0.1603487788341976805, -18.66666666666668206 ) ) ;
#2229 = CARTESIAN_POINT ( 'NONE',  ( 112.0297656323023006, 0.6304363369581543752, 0.000000000000000000 ) ) ;
#2230 = CARTESIAN_POINT ( 'NONE',  ( 114.5726096186829466, 0.02764199560724800442, -329.0000000000000000 ) ) ;
#2231 = ORIENTED_EDGE ( 'NONE', *, *, #419, .T. ) ;
#2232 = FACE_OUTER_BOUND ( 'NONE', #629, .T. ) ;
#2233 = DIRECTION ( 'NONE',  ( 0.000000000000000000, 1.000000000000000000, 0.000000000000000000 ) ) ;
#2234 = EDGE_LOOP ( 'NONE', ( #123, #298, #505, #1653 ) ) ;
#2235 = CARTESIAN_POINT ( 'NONE',  ( 114.3999999988899248, 0.06856000026313635587, 0.000000000000000000 ) ) ;
#2236 = ORIENTED_EDGE ( 'NONE', *, *, #200, .F. ) ;
#2237 = PLANE ( 'NONE',  #575 ) ;
#2238 = ORIENTED_EDGE ( 'NONE', *, *, #547, .T. ) ;
#2239 = EDGE_CURVE ( 'NONE', #1529, #2486, #1657, .T. ) ;
#2240 = CARTESIAN_POINT ( 'NONE',  ( 7.998449001008253845, 6.036591760347016944, 0.000000000000000000 ) ) ;
#2241 = CARTESIAN_POINT ( 'NONE',  ( 83.81705129401322552, 2.420280362814021480, -2.000000000000000000 ) ) ;
#2242 = CARTESIAN_POINT ( 'NONE',  ( 86.35001255882649218, -0.5983853244291374995, -252.0000000000000000 ) ) ;
#2243 = EDGE_CURVE ( 'NONE', #2477, #316, #2055, .T. ) ;
#2244 = CARTESIAN_POINT ( 'NONE',  ( 74.97509498066744982, 7.818583178349564733, 0.000000000000000000 ) ) ;
#2245 = EDGE_LOOP ( 'NONE', ( #811, #2372, #2006, #326, #201 ) ) ;
#2246 = CARTESIAN_POINT ( 'NONE',  ( 111.9657166291606529, -0.1579728077131725139, 0.000000000000000000 ) ) ;
#2247 = ORIENTED_EDGE ( 'NONE', *, *, #71, .F. ) ;
#2248 = CARTESIAN_POINT ( 'NONE',  ( 90.64281113541035495, -0.9410529509888772015, -329.0000000000002274 ) ) ;
#2249 = CARTESIAN_POINT ( 'NONE',  ( 26.76540489896219199, -3.286186257312697645, 0.000000000000000000 ) ) ;
#2250 = LINE ( 'NONE', #611, #1190 ) ;
#2251 = CARTESIAN_POINT ( 'NONE',  ( 111.9008294260163865, 0.6582973633403589320, -239.1215817501081631 ) ) ;
#2252 = B_SPLINE_CURVE_WITH_KNOTS ( 'NONE', 3,
 ( #2286, #982, #349, #576, #169, #2268, #1645, #1870, #809 ),
 .UNSPECIFIED., .F., .F.,
 ( 4, 1, 1, 1, 1, 1, 4 ),
 ( 0.002784914970181696578, 0.004667917225468634808, 0.007624511196764498407, 0.01353769913935616229, 0.01945088708194783050, 0.02536407502453949525, 0.02861183744784533134 ),
 .UNSPECIFIED. ) ;
#2253 = EDGE_CURVE ( 'NONE', #2022, #2639, #1076, .T. ) ;
#2254 = DIRECTION ( 'NONE',  ( -0.9993263265620333513, -0.03670004141730801722, -0.000000000000000000 ) ) ;
#2255 = EDGE_LOOP ( 'NONE', ( #2710, #812, #1766, #1040 ) ) ;
#2256 = VECTOR ( 'NONE', #294, 1000.000000000000000 ) ;
#2257 = B_SPLINE_CURVE_WITH_KNOTS ( 'NONE', 3,
 ( #2584, #449, #1348, #1725, #1533, #482, #290, #1334, #2375, #1940 ),
 .UNSPECIFIED., .F., .F.,
 ( 4, 1, 1, 1, 1, 1, 1, 4 ),
 ( 0.000000000000000000, 0.03887042354070271294, 0.1454530081895969718, 0.2520355928384916955, 0.4652007621362800327, 0.6783659314340687585, 0.8915311007318572623, 1.000000000000000000 ),
 .UNSPECIFIED. ) ;
#2258 = FACE_OUTER_BOUND ( 'NONE', #1988, .T. ) ;
#2259 = DIRECTION ( 'NONE',  ( 0.000000000000000000, 0.000000000000000000, -1.000000000000000000 ) ) ;
#2260 = ORIENTED_EDGE ( 'NONE', *, *, #1129, .F. ) ;
#2261 = CARTESIAN_POINT ( 'NONE',  ( 114.8590936405149989, -0.04027052603101170802, 0.000000000000000000 ) ) ;
#2262 = VECTOR ( 'NONE', #42, 1000.000000000000000 ) ;
#2263 = ORIENTED_EDGE ( 'NONE', *, *, #1332, .T. ) ;
#2264 = CARTESIAN_POINT ( 'NONE',  ( 50.58768895881086536, 5.600175431413876304, -329.0000000000001137 ) ) ;
#2265 = B_SPLINE_CURVE_WITH_KNOTS ( 'NONE', 3,
 ( #2064, #2534, #2321, #412, #899, #1945, #646, #1711 ),
 .UNSPECIFIED., .F., .F.,
 ( 4, 1, 1, 1, 1, 4 ),
 ( 0.002860535872059452416, 0.005559128471381503261, 0.01198537146085247584, 0.01841161445032344843, 0.02483785743979442448, 0.02863460123722235545 ),
 .UNSPECIFIED. ) ;
#2266 = CARTESIAN_POINT ( 'NONE',  ( 95.45259344548757952, -0.7644028323574939554, -329.0000000441737598 ) ) ;
#2267 = CARTESIAN_POINT ( 'NONE',  ( 86.34999562234368398, -0.5983651403149211623, -177.0000000000000000 ) ) ;
#2268 = CARTESIAN_POINT ( 'NONE',  ( 102.9606644392120103, 2.667185275163535874, -182.0000000000002274 ) ) ;
#2269 = CARTESIAN_POINT ( 'NONE',  ( 83.08973798770817609, 6.220673597664625909, -191.9169736631683065 ) ) ;
#2270 = CARTESIAN_POINT ( 'NONE',  ( 114.5726096186829466, 0.02764199560724800442, -329.0000000000000000 ) ) ;
#2271 = ORIENTED_EDGE ( 'NONE', *, *, #2549, .T. ) ;
#2272 = EDGE_LOOP ( 'NONE', ( #337, #2620, #1601, #936 ) ) ;
#2273 = EDGE_CURVE ( 'NONE', #839, #577, #2315, .T. ) ;
#2274 = CARTESIAN_POINT ( 'NONE',  ( 57.14108108902176042, -2.170887459994777835, -328.9999999999998863 ) ) ;
#2275 = CARTESIAN_POINT ( 'NONE',  ( 111.9008294260164007, 0.3399910277142182968, -249.0000000000000000 ) ) ;
#2276 = EDGE_LOOP ( 'NONE', ( #2764, #1724, #834, #685 ) ) ;
#2277 = CARTESIAN_POINT ( 'NONE',  ( 91.02688169454600597, 4.762877961780874081, -327.0000000000000000 ) ) ;
#2278 = FACE_OUTER_BOUND ( 'NONE', #1701, .T. ) ;
#2279 = CARTESIAN_POINT ( 'NONE',  ( 0.9653009461774890720, -1.684278744193306698, 0.000000000000000000 ) ) ;
#2280 = LINE ( 'NONE', #1606, #1555 ) ;
#2281 = EDGE_LOOP ( 'NONE', ( #1920, #2577, #2655, #7 ) ) ;
#2282 = CARTESIAN_POINT ( 'NONE',  ( 110.6739085516764760, 0.9474360694730572519, -117.0000000000000000 ) ) ;
#2283 = LINE ( 'NONE', #980, #1557 ) ;
#2284 = CARTESIAN_POINT ( 'NONE',  ( 0.000000000000000000, 0.000000000000000000, -185.0000000000000000 ) ) ;
#2285 = PRODUCT_DEFINITION ( 'æœ', '', #1775, #2596 ) ;
#2286 = CARTESIAN_POINT ( 'NONE',  ( 86.57092401492739953, 5.702218071510724684, -182.0000000000000000 ) ) ;
#2287 = CARTESIAN_POINT ( 'NONE',  ( 83.20848678555256583, 6.362192904111884317, -109.6669056401305795 ) ) ;
#2288 = EDGE_LOOP ( 'NONE', ( #292, #620, #364, #2060, #2724, #1805, #1446, #1263 ) ) ;
#2289 = VERTEX_POINT ( 'NONE', #417 ) ;
#2290 = CARTESIAN_POINT ( 'NONE',  ( 86.75729166573823647, -1.083761663289079413, -249.0000000000000000 ) ) ;
#2291 = CARTESIAN_POINT ( 'NONE',  ( 32.24270362492447362, -3.088928656566213959, 0.000000000000000000 ) ) ;
#2292 = DIRECTION ( 'NONE',  ( 0.000000000000000000, 0.000000000000000000, -1.000000000000000000 ) ) ;
#2293 = ORIENTED_EDGE ( 'NONE', *, *, #2029, .F. ) ;
#2294 = EDGE_CURVE ( 'NONE', #15, #2536, #852, .T. ) ;
#2295 = ORIENTED_EDGE ( 'NONE', *, *, #2221, .F. ) ;
#2296 = CARTESIAN_POINT ( 'NONE',  ( 18.55732212555012239, 8.929428025217005072, 0.000000000000000000 ) ) ;
#2297 = DIRECTION ( 'NONE',  ( 0.000000000000000000, 0.000000000000000000, -1.000000000000000000 ) ) ;
#2298 = CARTESIAN_POINT ( 'NONE',  ( 96.87198326834659667, -0.7122750607957540891, -329.0000000441737598 ) ) ;
#2299 = DIRECTION ( 'NONE',  ( -0.6427876096865348110, -0.7660444431189817882, -0.000000000000000000 ) ) ;
#2300 = CARTESIAN_POINT ( 'NONE',  ( 55.97695308608728482, -2.214253677260035857, 0.000000000000000000 ) ) ;
#2301 = DIRECTION ( 'NONE',  ( -0.9993263259286705447, -0.03670005866349869417, -0.000000000000000000 ) ) ;
#2302 = ORIENTED_EDGE ( 'NONE', *, *, #75, .T. ) ;
#2303 = ORIENTED_EDGE ( 'NONE', *, *, #1942, .T. ) ;
#2304 = DIRECTION ( 'NONE',  ( 0.6427876096865406952, -0.7660444431189769032, 0.000000000000000000 ) ) ;
#2305 = CARTESIAN_POINT ( 'NONE',  ( 41.03072190830199162, -1.532964104664938931, -329.0000000000006821 ) ) ;
#2306 = DIRECTION ( 'NONE',  ( 0.03670004141730632413, -0.9993263265620335734, 0.000000000000000000 ) ) ;
#2307 = ORIENTED_EDGE ( 'NONE', *, *, #851, .F. ) ;
#2308 = CARTESIAN_POINT ( 'NONE',  ( 86.34999562234368398, -0.5983651403149311543, -177.0000000000000000 ) ) ;
#2309 = DIRECTION ( 'NONE',  ( -0.9993263562720425819, -0.03669923241761998550, 0.000000000000000000 ) ) ;
#2310 = ORIENTED_EDGE ( 'NONE', *, *, #280, .T. ) ;
#2311 = CARTESIAN_POINT ( 'NONE',  ( 38.56979445614752677, 10.47474869993192748, 0.000000000000000000 ) ) ;
#2312 = AXIS2_PLACEMENT_3D ( 'NONE', #764, #375, #2093 ) ;
#2313 = CARTESIAN_POINT ( 'NONE',  ( 0.000000000000000000, 0.000000000000000000, -180.0000000000000000 ) ) ;
#2314 = CARTESIAN_POINT ( 'NONE',  ( 87.24674674931765139, -1.065795217262614836, -329.0000000441735892 ) ) ;
#2315 = LINE ( 'NONE', #1257, #1333 ) ;
#2316 = VECTOR ( 'NONE', #1343, 1000.000000000000114 ) ;
#2317 = AXIS2_PLACEMENT_3D ( 'NONE', #780, #1201, #1634 ) ;
#2318 = VERTEX_POINT ( 'NONE', #12 ) ;
#2319 = ORIENTED_EDGE ( 'NONE', *, *, #681, .T. ) ;
#2320 = CARTESIAN_POINT ( 'NONE',  ( 60.73063956535964536, -2.041588610783982904, -329.0000000000000000 ) ) ;
#2321 = CARTESIAN_POINT ( 'NONE',  ( 90.52736408405640134, 5.122923195087877524, -115.0000000000000426 ) ) ;
#2322 = CARTESIAN_POINT ( 'NONE',  ( 86.75727690884998822, -1.083744076705211112, -177.0000000000000000 ) ) ;
#2323 = VERTEX_POINT ( 'NONE', #1483 ) ;
#2324 = EDGE_CURVE ( 'NONE', #2104, #737, #433, .T. ) ;
#2325 = ORIENTED_EDGE ( 'NONE', *, *, #2644, .T. ) ;
#2326 = CARTESIAN_POINT ( 'NONE',  ( 99.31070844905764261, -0.1223754370173359279, -249.0000000000000000 ) ) ;
#2327 = EDGE_CURVE ( 'NONE', #1356, #599, #638, .T. ) ;
#2328 = EDGE_CURVE ( 'NONE', #2639, #1827, #1684, .T. ) ;
#2329 = ORIENTED_EDGE ( 'NONE', *, *, #2090, .F. ) ;
#2330 = VERTEX_POINT ( 'NONE', #2133 ) ;
#2331 = CARTESIAN_POINT ( 'NONE',  ( 39.62123792633239105, 0.1529066413896986998, -328.9999999999996589 ) ) ;
#2332 = LINE ( 'NONE', #425, #1875 ) ;
#2333 = CARTESIAN_POINT ( 'NONE',  ( 111.9008294260164007, -9.946594549830242826, -115.0000000000000000 ) ) ;
#2334 = ORIENTED_EDGE ( 'NONE', *, *, #1789, .F. ) ;
#2335 = CARTESIAN_POINT ( 'NONE',  ( 111.0326557508295906, 0.8615222799916419927, -252.0000000000002274 ) ) ;
#2336 = CARTESIAN_POINT ( 'NONE',  ( 41.61443685122392822, -1.667117332913258698, -328.9999999999993179 ) ) ;
#2337 = CARTESIAN_POINT ( 'NONE',  ( 86.73584785656774443, 5.898766652290043488, -2.000000000000000000 ) ) ;
#2338 = ORIENTED_EDGE ( 'NONE', *, *, #2043, .F. ) ;
#2339 = CARTESIAN_POINT ( 'NONE',  ( 79.22579948065114763, 6.244855569757276292, -329.0000000000004547 ) ) ;
#2340 = DIRECTION ( 'NONE',  ( 0.000000000000000000, 0.000000000000000000, -1.000000000000000000 ) ) ;
#2341 = CARTESIAN_POINT ( 'NONE',  ( 86.47670326935653407, 5.589930159479743921, -254.0000000000000000 ) ) ;
#2342 = CARTESIAN_POINT ( 'NONE',  ( 69.10598983996402467, -1.731908369154807836, -329.0000000000007390 ) ) ;
#2343 = ORIENTED_EDGE ( 'NONE', *, *, #1811, .F. ) ;
#2344 = EDGE_LOOP ( 'NONE', ( #1373, #2513, #1893, #2224, #1236 ) ) ;
#2345 = CARTESIAN_POINT ( 'NONE',  ( 41.24918983354890401, 2.016931498215861485, -329.0000000000001137 ) ) ;
#2346 = CARTESIAN_POINT ( 'NONE',  ( 52.32553027587235306, -2.348838596796508860, 0.000000000000000000 ) ) ;
#2347 = CARTESIAN_POINT ( 'NONE',  ( 114.8590936405149989, -0.04027052603101170802, 0.000000000000000000 ) ) ;
#2348 = CARTESIAN_POINT ( 'NONE',  ( 86.73893716925522313, -0.5840986643999728223, -249.0000000000000000 ) ) ;
#2349 = CARTESIAN_POINT ( 'NONE',  ( 86.75729166573823647, -1.083761663289079413, -257.0000000000000000 ) ) ;
#2350 = CARTESIAN_POINT ( 'NONE',  ( 87.97635880849250611, -1.038980753687999803, -249.0000000000000000 ) ) ;
#2351 = ORIENTED_EDGE ( 'NONE', *, *, #1954, .T. ) ;
#2352 = CARTESIAN_POINT ( 'NONE',  ( 110.4549161900557550, -0.2134496970166618879, -56.99999999999999289 ) ) ;
#2353 = LINE ( 'NONE', #1468, #2040 ) ;
#2354 = CARTESIAN_POINT ( 'NONE',  ( 86.75727329643405028, -1.083739771595525703, -77.33333333333332860 ) ) ;
#2355 = VECTOR ( 'NONE', #2736, 1000.000000000000000 ) ;
#2356 = ORIENTED_EDGE ( 'NONE', *, *, #1663, .F. ) ;
#2357 = CARTESIAN_POINT ( 'NONE',  ( 11.74727668091271759, 7.305703337800452779, 0.000000000000000000 ) ) ;
#2358 = CARTESIAN_POINT ( 'NONE',  ( 92.49135363831337031, -0.8731494297108995939, 0.000000000000000000 ) ) ;
#2359 = DIRECTION ( 'NONE',  ( 0.000000000000000000, 0.000000000000000000, -1.000000000000000000 ) ) ;
#2360 = VERTEX_POINT ( 'NONE', #2107 ) ;
#2361 = DIRECTION ( 'NONE',  ( -1.000000000000000000, 0.000000000000000000, 0.000000000000000000 ) ) ;
#2362 = DIRECTION ( 'NONE',  ( -0.9993263265620333513, -0.03670004141730801722, -0.000000000000000000 ) ) ;
#2363 = CARTESIAN_POINT ( 'NONE',  ( 100.1479325255845367, 3.307311575480849086, 0.000000000000000000 ) ) ;
#2364 = CARTESIAN_POINT ( 'NONE',  ( 90.08871368539300306, -0.9613920350123963399, -254.0000000000001137 ) ) ;
#2365 = EDGE_CURVE ( 'NONE', #973, #2639, #1301, .T. ) ;
#2366 = CARTESIAN_POINT ( 'NONE',  ( 48.25854694237339260, 5.044138682044165378, -328.9999999999997158 ) ) ;
#2367 = CARTESIAN_POINT ( 'NONE',  ( 111.9657166291606529, -0.1579728077131725139, 0.000000000000000000 ) ) ;
#2368 = ORIENTED_EDGE ( 'NONE', *, *, #1588, .T. ) ;
#2369 = CARTESIAN_POINT ( 'NONE',  ( 83.81705129401322552, 2.420280362814021480, -55.00000000000000000 ) ) ;
#2370 = CARTESIAN_POINT ( 'NONE',  ( 86.34999562234368398, -0.5983651403149211623, -185.0000000000000000 ) ) ;
#2371 = CARTESIAN_POINT ( 'NONE',  ( 107.2884274748416260, 1.751138820487859293, 0.000000000000000000 ) ) ;
#2372 = ORIENTED_EDGE ( 'NONE', *, *, #1252, .T. ) ;
#2373 = CARTESIAN_POINT ( 'NONE',  ( 92.98602152732998150, 4.761034593382004410, 0.000000000000000000 ) ) ;
#2374 = EDGE_CURVE ( 'NONE', #1254, #261, #1670, .T. ) ;
#2375 = CARTESIAN_POINT ( 'NONE',  ( 110.9917313044413163, -0.1937317145176629951, -253.9999999999998295 ) ) ;
#2376 = PLANE ( 'NONE',  #2175 ) ;
#2377 = PLANE ( 'NONE',  #1062 ) ;
#2378 = CARTESIAN_POINT ( 'NONE',  ( 2.516187955659561215, 3.103863637544818754, 0.000000000000000000 ) ) ;
#2379 = B_SPLINE_SURFACE_WITH_KNOTS ( 'NONE', 3, 1, ( 
 ( #905, #66 ),
 ( #1726, #483 ),
 ( #679, #2610 ),
 ( #692, #1534 ),
 ( #1549, #1335 ),
 ( #877, #665 ),
 ( #2364, #2157 ),
 ( #459, #893 ),
 ( #1311, #255 ) ),
 .UNSPECIFIED., .F., .F., .F.,
 ( 4, 1, 1, 1, 1, 1, 4 ),
 ( 2, 2 ),
 ( 0.000000000000000000, 0.01586647660728743303, 0.04704758192846189568, 0.07822868724963639997, 0.1094097925708108349, 0.1250003452313981356, 0.1462767365976893330 ),
 ( 0.000000000000000000, 1.000000000000000000 ),
 .UNSPECIFIED. ) ;
#2380 = CARTESIAN_POINT ( 'NONE',  ( 0.000000000000000000, 0.000000000000000000, -57.00000000000000000 ) ) ;
#2381 = CARTESIAN_POINT ( 'NONE',  ( 18.55732212555012239, 8.929428025217005072, 0.000000000000000000 ) ) ;
#2382 = CARTESIAN_POINT ( 'NONE',  ( 99.79424123806964531, -0.6049596011214792846, 0.000000000000000000 ) ) ;
#2383 = CARTESIAN_POINT ( 'NONE',  ( 86.75727333237441030, -1.083739814427592707, -117.0000000000000000 ) ) ;
#2384 = CARTESIAN_POINT ( 'NONE',  ( 114.5726096194103718, -0.06221993668006624290, -329.0000000000000000 ) ) ;
#2385 = CARTESIAN_POINT ( 'NONE',  ( 111.9008294260164007, -0.1603484030683038353, -60.00000000000000711 ) ) ;
#2386 = EDGE_LOOP ( 'NONE', ( #485, #2143, #2066, #1120, #615, #1853 ) ) ;
#2387 = CARTESIAN_POINT ( 'NONE',  ( 88.06118438317453467, 7.478241219270040929, -2.000000000000000000 ) ) ;
#2388 = CARTESIAN_POINT ( 'NONE',  ( 107.7040527684196292, -0.3144636342744042690, -179.9999999999998295 ) ) ;
#2389 = CARTESIAN_POINT ( 'NONE',  ( 83.81705129401322552, 2.420280362814021480, -115.0000000000000000 ) ) ;
#2390 = PLANE ( 'NONE',  #1590 ) ;
#2391 = DIRECTION ( 'NONE',  ( 0.9993263265620334623, 0.03670004141730631719, 0.000000000000000000 ) ) ;
#2392 = EDGE_CURVE ( 'NONE', #2716, #2104, #1115, .T. ) ;
#2393 = B_SPLINE_CURVE_WITH_KNOTS ( 'NONE', 3,
 ( #336, #1388, #972, #117, #716, #1798, #2472 ),
 .UNSPECIFIED., .F., .F.,
 ( 4, 3, 4 ),
 ( 0.000000000000000000, 0.05184288479970691060, 0.07300000000347492413 ),
 .UNSPECIFIED. ) ;
#2394 = CARTESIAN_POINT ( 'NONE',  ( 86.68380008643367773, 5.836738535246213999, -68.50673628957112271 ) ) ;
#2395 = AXIS2_PLACEMENT_3D ( 'NONE', #1758, #2134, #1077 ) ;
#2396 = VECTOR ( 'NONE', #574, 1000.000000000000114 ) ;
#2397 = CARTESIAN_POINT ( 'NONE',  ( 7.998449001008253845, 6.036591760347016944, 0.000000000000000000 ) ) ;
#2398 = CARTESIAN_POINT ( 'NONE',  ( 86.75729166573823647, -1.083761663289079413, -249.0000000000000000 ) ) ;
#2399 = CARTESIAN_POINT ( 'NONE',  ( 107.2000530325525745, -0.3329727997292817876, -116.9999999999998579 ) ) ;
#2400 = DIRECTION ( 'NONE',  ( 0.000000000000000000, 0.000000000000000000, -1.000000000000000000 ) ) ;
#2401 = ORIENTED_EDGE ( 'NONE', *, *, #2374, .F. ) ;
#2402 = DIRECTION ( 'NONE',  ( -0.6427876096865348110, -0.7660444431189817882, -0.000000000000000000 ) ) ;
#2403 = CARTESIAN_POINT ( 'NONE',  ( 86.99711565794254398, 5.866906022572778490, 0.000000000000000000 ) ) ;
#2404 = EDGE_CURVE ( 'NONE', #641, #1861, #468, .T. ) ;
#2405 = CARTESIAN_POINT ( 'NONE',  ( 114.4000000000000057, -0.06855999999999999595, 0.000000000000000000 ) ) ;
#2406 = ORIENTED_EDGE ( 'NONE', *, *, #1220, .T. ) ;
#2407 = CARTESIAN_POINT ( 'NONE',  ( 111.9008294260164860, -0.1603470553232402007, -177.0000000000000853 ) ) ;
#2408 = CARTESIAN_POINT ( 'NONE',  ( 86.34999139119773304, -0.5983600978315388730, -117.0000000000000000 ) ) ;
#2409 = ADVANCED_FACE ( 'NONE', ( #1525 ), #2376, .T. ) ;
#2410 = CARTESIAN_POINT ( 'NONE',  ( 67.73167966670993678, 8.786602010964271514, 0.000000000000000000 ) ) ;
#2411 = CARTESIAN_POINT ( 'NONE',  ( 86.75727333237441030, -1.083739814427592707, -120.0000000000000000 ) ) ;
#2412 = CARTESIAN_POINT ( 'NONE',  ( 109.3431731284509283, 1.244752354101293257, -329.0000000258179966 ) ) ;
#2413 = CARTESIAN_POINT ( 'NONE',  ( 111.9008294260164007, -0.1603484532161225939, -52.00000000000000711 ) ) ;
#2414 = EDGE_LOOP ( 'NONE', ( #208, #2307, #1515, #2605 ) ) ;
#2415 = CARTESIAN_POINT ( 'NONE',  ( 88.06118438317453467, 7.478241219270040929, -252.0000000000000000 ) ) ;
#2416 = CARTESIAN_POINT ( 'NONE',  ( 114.5726096186829466, 0.02764199560724800442, -329.0000000000000000 ) ) ;
#2417 = CARTESIAN_POINT ( 'NONE',  ( 107.2884274752132114, 1.751138820406879848, 0.000000000000000000 ) ) ;
#2418 = CARTESIAN_POINT ( 'NONE',  ( 86.75727333237441030, -1.083739814427592707, -111.9999999999999858 ) ) ;
#2419 = DIRECTION ( 'NONE',  ( 0.6427876096865450251, -0.7660444431189733505, 0.000000000000000000 ) ) ;
#2420 = VERTEX_POINT ( 'NONE', #1971 ) ;
#2421 = CARTESIAN_POINT ( 'NONE',  ( 86.65481619985473571, 5.802196884288462364, -101.4200362551591610 ) ) ;
#2422 = CARTESIAN_POINT ( 'NONE',  ( 87.13753445678672449, -1.069778208228427507, -182.0000000000000568 ) ) ;
#2423 = ORIENTED_EDGE ( 'NONE', *, *, #624, .F. ) ;
#2424 = ADVANCED_FACE ( 'NONE', ( #1756 ), #2379, .F. ) ;
#2425 = CARTESIAN_POINT ( 'NONE',  ( 93.02482611820536818, -0.3532242379564230483, -257.0000000000000000 ) ) ;
#2426 = B_SPLINE_CURVE_WITH_KNOTS ( 'NONE', 3,
 ( #2743, #384, #836, #2525 ),
 .UNSPECIFIED., .F., .F.,
 ( 4, 4 ),
 ( 0.000000000000000000, 0.06300000000093684827 ),
 .UNSPECIFIED. ) ;
#2427 = ORIENTED_EDGE ( 'NONE', *, *, #2647, .T. ) ;
#2428 = PLANE ( 'NONE',  #1959 ) ;
#2429 = VERTEX_POINT ( 'NONE', #1099 ) ;
#2430 = CARTESIAN_POINT ( 'NONE',  ( 111.9657166291606529, -0.1579728077131725139, 0.000000000000000000 ) ) ;
#2431 = DIRECTION ( 'NONE',  ( 0.6427876096865348110, 0.7660444431189817882, 0.000000000000000000 ) ) ;
#2432 = DIRECTION ( 'NONE',  ( 0.000000000000000000, 0.000000000000000000, 1.000000000000000000 ) ) ;
#2433 = CARTESIAN_POINT ( 'NONE',  ( 1.398801286572756153, 2.070192600861033849, 0.000000000000000000 ) ) ;
#2434 = CARTESIAN_POINT ( 'NONE',  ( 83.81705129401322552, 2.420280362814021480, -327.0000000000000000 ) ) ;
#2435 = EDGE_CURVE ( 'NONE', #1222, #2429, #1952, .T. ) ;
#2436 = CARTESIAN_POINT ( 'NONE',  ( 100.1479325255845367, 3.307311575480849086, 0.000000000000000000 ) ) ;
#2437 = ORIENTED_EDGE ( 'NONE', *, *, #1681, .F. ) ;
#2438 = ORIENTED_EDGE ( 'NONE', *, *, #443, .F. ) ;
#2439 = CARTESIAN_POINT ( 'NONE',  ( 111.9008294260164007, -9.946594549830242826, -2.000000000000000000 ) ) ;
#2440 = APPLICATION_CONTEXT ( 'automotive_design' ) ;
#2441 = VECTOR ( 'NONE', #882, 1000.000000000000000 ) ;
#2442 = EDGE_CURVE ( 'NONE', #2420, #1243, #661, .T. ) ;
#2443 = CARTESIAN_POINT ( 'NONE',  ( 105.5965905952907491, 0.1084748940666349637, -257.0000000000000000 ) ) ;
#2444 = EDGE_LOOP ( 'NONE', ( #198, #390, #14, #1707 ) ) ;
#2445 = CARTESIAN_POINT ( 'NONE',  ( 79.90082942601640070, 2.420280362814005493, -164.4999999990898516 ) ) ;
#2446 = ORIENTED_EDGE ( 'NONE', *, *, #2761, .F. ) ;
#2447 = EDGE_CURVE ( 'NONE', #2632, #1359, #2160, .T. ) ;
#2448 = LINE ( 'NONE', #318, #1994 ) ;
#2449 = SHAPE_DEFINITION_REPRESENTATION ( #351, #2455 ) ;
#2450 = VECTOR ( 'NONE', #2359, 1000.000000000000000 ) ;
#2451 = DIRECTION ( 'NONE',  ( 0.6427876096865406952, -0.7660444431189769032, 0.000000000000000000 ) ) ;
#2452 = VECTOR ( 'NONE', #211, 1000.000000000000000 ) ;
#2453 = ADVANCED_FACE ( 'NONE', ( #1119 ), #1709, .F. ) ;
#2454 = CARTESIAN_POINT ( 'NONE',  ( 86.63642418471559381, 5.397195575960344271, -328.9999999647544655 ) ) ;
#2455 = ADVANCED_BREP_SHAPE_REPRESENTATION ( 'Mirror\X2\5347964d8235\X0\', ( #757, #1644 ), #2589 ) ;
#2456 = CARTESIAN_POINT ( 'NONE',  ( 111.8824798098075775, 0.3393171569353730099, -249.0000000000000000 ) ) ;
#2457 = ORIENTED_EDGE ( 'NONE', *, *, #593, .T. ) ;
#2458 = CARTESIAN_POINT ( 'NONE',  ( 87.16952057863976222, 5.609359686962248404, -180.0000000000000568 ) ) ;
#2459 = CARTESIAN_POINT ( 'NONE',  ( 83.81705129401322552, 2.420280362814021480, -327.0000000000000000 ) ) ;
#2460 = ORIENTED_EDGE ( 'NONE', *, *, #1831, .T. ) ;
#2461 = B_SPLINE_CURVE_WITH_KNOTS ( 'NONE', 3,
 ( #1202, #2246, #720, #1172, #101, #738, #367, #948 ),
 .UNSPECIFIED., .F., .F.,
 ( 4, 1, 1, 1, 1, 4 ),
 ( 0.000000000000000000, 0.03125000000015246832, 0.06250000000030493663, 0.09375000000045743964, 0.1250000000006098733, 0.1345439532458555520 ),
 .UNSPECIFIED. ) ;
#2462 = CARTESIAN_POINT ( 'NONE',  ( 86.75727333237441030, -1.083739814427592707, -117.0000000000000000 ) ) ;
#2463 = ORIENTED_EDGE ( 'NONE', *, *, #1588, .F. ) ;
#2464 = CARTESIAN_POINT ( 'NONE',  ( 60.08964854817300250, 6.717886883962703948, -329.0000000000002842 ) ) ;
#2465 = EDGE_CURVE ( 'NONE', #1735, #874, #1518, .T. ) ;
#2466 = B_SPLINE_SURFACE_WITH_KNOTS ( 'NONE', 3, 1, ( 
 ( #1980, #2405 ),
 ( #538, #2430 ),
 ( #357, #1776 ),
 ( #770, #1174 ),
 ( #1815, #1406 ),
 ( #521, #2633 ),
 ( #1376, #342 ),
 ( #2248, #2479 ),
 ( #949, #1269 ),
 ( #888, #1575 ),
 ( #288, #1602 ),
 ( #109, #1215 ),
 ( #1458, #2746 ),
 ( #1629, #2300 ),
 ( #613, #588 ),
 ( #1438, #2483 ),
 ( #2342, #2193 ),
 ( #248, #435 ),
 ( #452, #880 ),
 ( #91, #1260 ),
 ( #2110, #1045 ),
 ( #1901, #236 ),
 ( #1689, #1916 ),
 ( #1591, #2249 ),
 ( #539, #771 ),
 ( #2041, #1843 ),
 ( #754, #937 ),
 ( #950, #963 ),
 ( #343, #508 ),
 ( #2709, #1637 ),
 ( #979, #1790 ),
 ( #1832, #2480 ),
 ( #570, #151 ),
 ( #2643, #722 ),
 ( #2222, #1160 ),
 ( #2010, #401 ),
 ( #1038, #1493 ),
 ( #1070, #2082 ),
 ( #2336, #2738 ),
 ( #819, #215 ),
 ( #849, #2102 ),
 ( #2494, #2279 ),
 ( #382, #199 ),
 ( #2511, #2555 ),
 ( #429, #1894 ),
 ( #1287, #2129 ),
 ( #22, #1221 ),
 ( #1447, #163 ),
 ( #1007, #1860 ),
 ( #801, #2723 ),
 ( #1536, #1779 ),
 ( #2621, #2433 ),
 ( #523, #1767 ),
 ( #486, #113 ),
 ( #1337, #2378 ),
 ( #1380, #2183 ),
 ( #80, #2612 ),
 ( #704, #2208 ),
 ( #1351, #939 ),
 ( #1132, #2225 ),
 ( #470, #1324 ),
 ( #2170, #2240 ),
 ( #2725, #572 ),
 ( #2661, #1422 ),
 ( #1844, #2693 ),
 ( #1223, #1862 ),
 ( #2069, #556 ),
 ( #1609, #164 ),
 ( #2264, #2053 ),
 ( #1177, #2296 ),
 ( #1408, #783 ),
 ( #952, #2025 ),
 ( #1639, #1819 ),
 ( #542, #2678 ),
 ( #2464, #2583 ),
 ( #1702, #2740 ),
 ( #1465, #2311 ),
 ( #202, #835 ),
 ( #1272, #432 ),
 ( #1896, #8 ),
 ( #2131, #217 ),
 ( #2557, #1495 ),
 ( #2339, #232 ),
 ( #864, #1545 ),
 ( #1949, #2617 ),
 ( #1531, #302 ),
 ( #1967, #903 ),
 ( #48, #1144 ),
 ( #1774, #2179 ),
 ( #1741, #2403 ),
 ( #1754, #2373 ),
 ( #1998, #2609 ),
 ( #689, #2417 ),
 ( #289, #711 ),
 ( #466, #1319 ),
 ( #507, #1360 ),
 ( #2166, #551 ),
 ( #2478, #1419 ),
 ( #2492, #2261 ),
 ( #1204, #150 ) ),
 .UNSPECIFIED., .F., .F., .F.,
 ( 4, 1, 1, 1, 1, 1, 1, 1, 1, 1, 1, 1, 1, 1, 1, 1, 1, 1, 1, 1, 1, 1, 1, 1, 1, 1, 1, 1, 1, 1, 1, 1, 1, 1, 1, 1, 1, 1, 1, 1, 1, 1, 1, 1, 1, 1, 1, 1, 1, 1, 1, 1, 1, 1, 1, 1, 1, 1, 1, 1, 1, 1, 1, 1, 1, 1, 1, 1, 1, 1, 1, 1, 1, 1, 1, 1, 1, 1, 1, 1, 1, 1, 1, 1, 1, 1, 1, 1, 1, 1, 1, 1, 2, 1, 1, 1, 4 ),
 ( 2, 2 ),
 ( 0.000000000000000000, 0.03118110532117446612, 0.06236221064234893224, 0.09354331596352342959, 0.1247244212846978645, 0.1403149739452851652, 0.1559055266058723965, 0.1714960792664596279, 0.1870866319270468592, 0.2026771845876340905, 0.2182677372482213218, 0.2338582899088085532, 0.2494488425693957290, 0.2650393952299830991, 0.2806299478905703304, 0.2962205005511575617, 0.3118110532117447931, 0.3274016058723320244, 0.3429921585329192557, 0.3507874348632127326, 0.3585827111935064870, 0.3663779875238000194, 0.3741732638540937184, 0.3819685401843871952, 0.3897638165146809497, 0.3975590928449744821, 0.4053543691752681810, 0.4131496455055616579, 0.4209449218358554123, 0.4287401981661489447, 0.4365354744964426437, 0.4443307508267361206, 0.4521260271570298750, 0.4599213034873234074, 0.4638189416524702846, 0.4677165798176171063, 0.4716142179827639280, 0.4755118561479105832, 0.4794094943130575159, 0.4833071324782043376, 0.4852559515607776097, 0.4872047706433511594, 0.4891535897259245980, 0.4911024088084978700, 0.4930512278910713642, 0.4950000469736447473, 0.4969488660562181304, 0.4988976851387914579, 0.5008465042213651186, 0.5027953233039385017, 0.5047441423865116628, 0.5066929614690851569, 0.5086417805516585400, 0.5105905996342321451, 0.5144882377993786893, 0.5183858759645254555, 0.5222835141296725547, 0.5261811522948192099, 0.5300787904599661982, 0.5339764286251129644, 0.5378740667902596195, 0.5417717049554067188, 0.5456693431205532629, 0.5495669812857000291, 0.5534646194508470174, 0.5612598957811406608, 0.5690551721114340822, 0.5768504484417276146, 0.5846457247720214800, 0.5924410011023151235, 0.6002362774326085448, 0.6080315537629021883, 0.6236221064234895861, 0.6392126590840765399, 0.6548032117446640488, 0.6703937644052511136, 0.6859843170658385114, 0.7015748697264254652, 0.7171654223870129741, 0.7327559750476000389, 0.7483465277081874367, 0.7639370803687743905, 0.7795276330293618994, 0.7951181856899489642, 0.8107087383505363620, 0.8262992910111233158, 0.8418898436717108247, 0.8574803963322978895, 0.8730709489928852873, 0.9042520543140597500, 0.9354331596352342126, 0.9666142649564086753, 0.9977953702775829159, 0.9983465277081871037, 0.9988976851387914024, 0.9994488425693957012, 1.000000000000000000 ),
 ( 0.000000000000000000, 1.000000000000000000 ),
 .UNSPECIFIED. ) ;
#2467 = CARTESIAN_POINT ( 'NONE',  ( 86.73893716925522313, -0.5840986643999728223, -257.0000000000000000 ) ) ;
#2468 = CARTESIAN_POINT ( 'NONE',  ( 114.6820162216124004, -0.05820136119192700214, -329.0000000441750672 ) ) ;
#2469 = CARTESIAN_POINT ( 'NONE',  ( 86.75729166573823647, -1.083761663289079413, -254.0000000000000000 ) ) ;
#2470 = DIRECTION ( 'NONE',  ( 0.000000000000000000, 0.000000000000000000, -1.000000000000000000 ) ) ;
#2471 = VERTEX_POINT ( 'NONE', #1081 ) ;
#2472 = CARTESIAN_POINT ( 'NONE',  ( 111.9008294260164007, 0.6574670334402099581, -327.0000000000000000 ) ) ;
#2473 = LINE ( 'NONE', #1196, #1955 ) ;
#2474 = LINE ( 'NONE', #2640, #1743 ) ;
#2475 = CARTESIAN_POINT ( 'NONE',  ( 111.9008294260164007, -0.1603448949044220251, -327.0000000000000000 ) ) ;
#2476 = PLANE ( 'NONE',  #1292 ) ;
#2477 = VERTEX_POINT ( 'NONE', #250 ) ;
#2478 = CARTESIAN_POINT ( 'NONE',  ( 114.8187744743647869, -0.03071265880303271703, -328.9999999999999432 ) ) ;
#2479 = CARTESIAN_POINT ( 'NONE',  ( 77.88559421760302826, -1.409569586346357983, 0.000000000000000000 ) ) ;
#2480 = CARTESIAN_POINT ( 'NONE',  ( 12.15251598662525723, -3.390816979851185131, 0.000000000000000000 ) ) ;
#2481 = CARTESIAN_POINT ( 'NONE',  ( 84.95662432027481259, -1.149863046020435764, -329.0000000441730208 ) ) ;
#2482 = CARTESIAN_POINT ( 'NONE',  ( 0.1382511778156523818, -3.764494305237588545, -180.0000000000000000 ) ) ;
#2483 = CARTESIAN_POINT ( 'NONE',  ( 48.67409492730666187, -2.483083282847240447, 0.000000000000000000 ) ) ;
#2484 = DIRECTION ( 'NONE',  ( 0.6427876096855452692, -0.7660444431198121240, 0.000000000000000000 ) ) ;
#2485 = ORIENTED_EDGE ( 'NONE', *, *, #2729, .T. ) ;
#2486 = VERTEX_POINT ( 'NONE', #2591 ) ;
#2487 = CARTESIAN_POINT ( 'NONE',  ( 48.67409492730666187, -2.483083282847240447, 0.000000000000000000 ) ) ;
#2488 = AXIS2_PLACEMENT_3D ( 'NONE', #1850, #2031, #2697 ) ;
#2489 = DIRECTION ( 'NONE',  ( -0.6427876096865348110, -0.7660444431189817882, 0.000000000000000000 ) ) ;
#2490 = CARTESIAN_POINT ( 'NONE',  ( 111.9008294260164007, 0.3399886607216018319, -55.00000000000000000 ) ) ;
#2491 = EDGE_LOOP ( 'NONE', ( #2677, #958, #1194, #2351, #798, #156 ) ) ;
#2492 = CARTESIAN_POINT ( 'NONE',  ( 114.8734777754659149, -0.04368035974477781774, -329.0000000000000000 ) ) ;
#2493 = AXIS2_PLACEMENT_3D ( 'NONE', #369, #553, #1791 ) ;
#2494 = CARTESIAN_POINT ( 'NONE',  ( 40.23288382593308654, -1.121111976646177677, -329.0000000000001705 ) ) ;
#2495 = PRODUCT_RELATED_PRODUCT_CATEGORY ( 'part', '', ( #990 ) ) ;
#2496 = B_SPLINE_CURVE_WITH_KNOTS ( 'NONE', 3,
 ( #2663, #2636, #1596, #2209 ),
 .UNSPECIFIED., .F., .F.,
 ( 4, 4 ),
 ( 0.000000000000000000, 0.002999999999999961465 ),
 .UNSPECIFIED. ) ;
#2497 = VERTEX_POINT ( 'NONE', #670 ) ;
#2498 = CARTESIAN_POINT ( 'NONE',  ( 82.95808413683273841, -1.223213922276929155, -329.0000000441723955 ) ) ;
#2499 = PLANE ( 'NONE',  #1426 ) ;
#2500 = B_SPLINE_CURVE_WITH_KNOTS ( 'NONE', 3,
 ( #1842, #2656, #2707, #1635, #1858, #582, #799, #2277, #1374, #1159, #2009 ),
 .UNSPECIFIED., .F., .F.,
 ( 4, 1, 1, 1, 1, 1, 1, 1, 4 ),
 ( 1.408127789288683377E-17, 0.002059774958622168084, 0.006862425699062689802, 0.01166507643950321152, 0.01646772717994373497, 0.01886905255016401925, 0.02127037792038425149, 0.02367170329060455658, 0.02599282747855458098 ),
 .UNSPECIFIED. ) ;
#2501 = CARTESIAN_POINT ( 'NONE',  ( 83.04503470101595042, 6.167398295148396770, -219.3336473921999072 ) ) ;
#2502 = ORIENTED_EDGE ( 'NONE', *, *, #2328, .T. ) ;
#2503 = ORIENTED_EDGE ( 'NONE', *, *, #2324, .T. ) ;
#2504 = ADVANCED_FACE ( 'NONE', ( #1326, #644, #1936, #61, #683, #1304 ), #912, .F. ) ;
#2505 = VECTOR ( 'NONE', #88, 1000.000000000000000 ) ;
#2506 = CARTESIAN_POINT ( 'NONE',  ( 40.00455234162344453, -0.9267609409446119217, -329.0000000000001137 ) ) ;
#2507 = DIRECTION ( 'NONE',  ( 0.000000000000000000, 0.000000000000000000, -1.000000000000000000 ) ) ;
#2508 = CARTESIAN_POINT ( 'NONE',  ( 86.73892330304266807, -0.5840766514632573791, -120.0000000000000000 ) ) ;
#2509 = CARTESIAN_POINT ( 'NONE',  ( 86.75727368550165863, -1.083740235268253693, -35.33333333333334281 ) ) ;
#2510 = ORIENTED_EDGE ( 'NONE', *, *, #2392, .F. ) ;
#2511 = CARTESIAN_POINT ( 'NONE',  ( 39.80588849278576191, -0.7016091822450429838, -328.9999999999996589 ) ) ;
#2512 = CARTESIAN_POINT ( 'NONE',  ( 0.000000000000000000, 0.000000000000000000, -327.0000000000000000 ) ) ;
#2513 = ORIENTED_EDGE ( 'NONE', *, *, #976, .T. ) ;
#2514 = CARTESIAN_POINT ( 'NONE',  ( 99.31070844905764261, -0.1223754370173359279, -252.0000000000000000 ) ) ;
#2515 = CARTESIAN_POINT ( 'NONE',  ( 95.41568640893702025, -0.7657582618245459827, -329.0000000441737598 ) ) ;
#2516 = DIRECTION ( 'NONE',  ( 0.9993263173578234015, 0.03670029204312421495, 0.000000000000000000 ) ) ;
#2517 = FILL_AREA_STYLE ('',( #373 ) ) ;
#2518 = ORIENTED_EDGE ( 'NONE', *, *, #2327, .T. ) ;
#2519 = ORIENTED_EDGE ( 'NONE', *, *, #1719, .F. ) ;
#2520 = CARTESIAN_POINT ( 'NONE',  ( 47.56448808505673753, -2.239545804184050137, -329.0000000000006821 ) ) ;
#2521 = EDGE_CURVE ( 'NONE', #184, #909, #2252, .T. ) ;
#2522 = LINE ( 'NONE', #607, #744 ) ;
#2523 = ORIENTED_EDGE ( 'NONE', *, *, #1626, .T. ) ;
#2524 = VERTEX_POINT ( 'NONE', #2057 ) ;
#2525 = CARTESIAN_POINT ( 'NONE',  ( 111.9008294260164007, 0.6587051109874335619, -180.0000000000000000 ) ) ;
#2526 = CARTESIAN_POINT ( 'NONE',  ( 91.47226487810205242, -0.9105878333705164085, -329.0000000441736461 ) ) ;
#2527 = CARTESIAN_POINT ( 'NONE',  ( 86.75727748948369822, -1.083744768677505910, -184.0000000000000000 ) ) ;
#2528 = CARTESIAN_POINT ( 'NONE',  ( 111.0379705469618301, 0.8602470064437187647, -254.0000000000001705 ) ) ;
#2529 = EDGE_LOOP ( 'NONE', ( #2553, #2519, #518, #2310, #87 ) ) ;
#2530 = EDGE_CURVE ( 'NONE', #628, #608, #1427, .T. ) ;
#2531 = CARTESIAN_POINT ( 'NONE',  ( 111.9008294260164007, 0.3399886607216017209, -52.00000000000000711 ) ) ;
#2532 = CARTESIAN_POINT ( 'NONE',  ( 55.94434127038287841, -2.207485649822813922, -329.0000000000001137 ) ) ;
#2533 = FACE_OUTER_BOUND ( 'NONE', #2276, .T. ) ;
#2534 = CARTESIAN_POINT ( 'NONE',  ( 87.52907026855218930, 5.637805660900503391, -115.0000000000000284 ) ) ;
#2535 = CARTESIAN_POINT ( 'NONE',  ( 86.75727333237441030, -1.083739814427592707, -120.0000000000000000 ) ) ;
#2536 = VERTEX_POINT ( 'NONE', #1849 ) ;
#2537 = EDGE_CURVE ( 'NONE', #922, #777, #1437, .T. ) ;
#2538 = CARTESIAN_POINT ( 'NONE',  ( 111.9008294260164007, 0.6592350498050423280, -76.33333333336669568 ) ) ;
#2539 = ORIENTED_EDGE ( 'NONE', *, *, #2537, .F. ) ;
#2540 = AXIS2_PLACEMENT_3D ( 'NONE', #2574, #39, #652 ) ;
#2541 = EDGE_CURVE ( 'NONE', #777, #172, #1192, .T. ) ;
#2542 = CARTESIAN_POINT ( 'NONE',  ( 111.8824798098075775, 0.3393171569353730099, -249.0000000000000000 ) ) ;
#2543 = CARTESIAN_POINT ( 'NONE',  ( 105.5965905952907491, 0.1084748940666349637, -249.0000000000000000 ) ) ;
#2544 = VECTOR ( 'NONE', #774, 1000.000000000000227 ) ;
#2545 = ORIENTED_EDGE ( 'NONE', *, *, #2185, .F. ) ;
#2546 = EDGE_LOOP ( 'NONE', ( #1631, #1674, #1638, #1368, #1788, #1047 ) ) ;
#2547 = DIRECTION ( 'NONE',  ( -0.6427876096865348110, -0.7660444431189817882, -0.000000000000000000 ) ) ;
#2548 = CARTESIAN_POINT ( 'NONE',  ( 10.32698298502021572, -3.316928426618745984, 0.000000000000000000 ) ) ;
#2549 = EDGE_CURVE ( 'NONE', #1651, #1861, #1028, .T. ) ;
#2550 = CARTESIAN_POINT ( 'NONE',  ( 86.75727333237441030, -1.083739814427592707, -111.9999999999999858 ) ) ;
#2551 = VECTOR ( 'NONE', #1097, 1000.000000000000000 ) ;
#2552 = CARTESIAN_POINT ( 'NONE',  ( 111.9008294260163865, -0.1603460212006482255, -249.0000000000000000 ) ) ;
#2553 = ORIENTED_EDGE ( 'NONE', *, *, #295, .T. ) ;
#2554 = CARTESIAN_POINT ( 'NONE',  ( 111.9008294260164007, -0.1603484030683038353, -60.00000000000000711 ) ) ;
#2555 = CARTESIAN_POINT ( 'NONE',  ( 0.3137817602093665448, -1.044106458370537283, 0.000000000000000000 ) ) ;
#2556 = ORIENTED_EDGE ( 'NONE', *, *, #1369, .F. ) ;
#2557 = CARTESIAN_POINT ( 'NONE',  ( 76.83962110388000610, 6.446060515922980905, -328.9999999999996021 ) ) ;
#2558 = CARTESIAN_POINT ( 'NONE',  ( 111.9008294260164007, -0.1603484231799644222, -55.00000000000000000 ) ) ;
#2559 = LINE ( 'NONE', #1300, #1995 ) ;
#2560 = EDGE_CURVE ( 'NONE', #1751, #1838, #2250, .T. ) ;
#2561 = CARTESIAN_POINT ( 'NONE',  ( 98.81712553343271566, 3.480875379806634751, -253.9999999999998863 ) ) ;
#2562 = ORIENTED_EDGE ( 'NONE', *, *, #2029, .T. ) ;
#2563 = ORIENTED_EDGE ( 'NONE', *, *, #2637, .F. ) ;
#2564 = CARTESIAN_POINT ( 'NONE',  ( 62.48300084354158201, 6.797132144301675893, -328.9999999999998295 ) ) ;
#2565 = CARTESIAN_POINT ( 'NONE',  ( 114.6504147130081037, 0.009197894892181835216, 0.000000000000000000 ) ) ;
#2566 = DIRECTION ( 'NONE',  ( 0.000000000000000000, 1.000000000000000000, 0.000000000000000000 ) ) ;
#2567 = VERTEX_POINT ( 'NONE', #2070 ) ;
#2568 = CARTESIAN_POINT ( 'NONE',  ( 99.31070841828775997, -0.1223751819931885865, -257.0000000000000000 ) ) ;
#2569 = CARTESIAN_POINT ( 'NONE',  ( 100.1788416674925202, 3.300277220532306988, -1.999999999999984013 ) ) ;
#2570 = ORIENTED_EDGE ( 'NONE', *, *, #489, .T. ) ;
#2571 = B_SPLINE_CURVE_WITH_KNOTS ( 'NONE', 3,
 ( #1208, #492, #284, #981 ),
 .UNSPECIFIED., .F., .F.,
 ( 4, 4 ),
 ( 0.000000000000000000, 0.07000000000000007605 ),
 .UNSPECIFIED. ) ;
#2572 = B_SPLINE_CURVE_WITH_KNOTS ( 'NONE', 3,
 ( #2337, #802, #402, #2569, #1510, #430, #1928 ),
 .UNSPECIFIED., .F., .F.,
 ( 4, 1, 1, 1, 4 ),
 ( 0.002961389212180294637, 0.009360171151219677868, 0.01665166216120484918, 0.02394315317119002223, 0.02866583347726279346 ),
 .UNSPECIFIED. ) ;
#2573 = CARTESIAN_POINT ( 'NONE',  ( 114.9008294260163723, -0.05016421021564967248, 0.000000000000000000 ) ) ;
#2574 = CARTESIAN_POINT ( 'NONE',  ( 0.000000000000000000, 0.000000000000000000, -2.000000000000000000 ) ) ;
#2575 = CARTESIAN_POINT ( 'NONE',  ( 86.75727349766768270, -1.083740011416445048, -60.00000000000000711 ) ) ;
#2576 = EDGE_CURVE ( 'NONE', #358, #2330, #1826, .T. ) ;
#2577 = ORIENTED_EDGE ( 'NONE', *, *, #2150, .T. ) ;
#2578 = CARTESIAN_POINT ( 'NONE',  ( 45.87753826613575114, 10.43996042875145314, 0.000000000000000000 ) ) ;
#2579 = CARTESIAN_POINT ( 'NONE',  ( 82.95816034734441757, -1.223304746428029333, -243.9971964144479841 ) ) ;
#2580 = LINE ( 'NONE', #1400, #307 ) ;
#2581 = ORIENTED_EDGE ( 'NONE', *, *, #1499, .F. ) ;
#2582 = CARTESIAN_POINT ( 'NONE',  ( 114.9008294260164007, -0.05016421021564968635, -329.0000000000000000 ) ) ;
#2583 = CARTESIAN_POINT ( 'NONE',  ( 31.26462458074870554, 10.27710262299535415, 0.000000000000000000 ) ) ;
#2584 = CARTESIAN_POINT ( 'NONE',  ( 86.75729166573823647, -1.083761663289079413, -254.0000000000000000 ) ) ;
#2585 = EDGE_CURVE ( 'NONE', #137, #1053, #2020, .T. ) ;
#2586 = CARTESIAN_POINT ( 'NONE',  ( 86.75727349766768270, -1.083740011416445048, -52.00000000000000711 ) ) ;
#2587 = AXIS2_PLACEMENT_3D ( 'NONE', #867, #434, #1276 ) ;
#2588 = AXIS2_PLACEMENT_3D ( 'NONE', #2720, #397, #1490 ) ;
#2589 =( GEOMETRIC_REPRESENTATION_CONTEXT ( 3 ) GLOBAL_UNCERTAINTY_ASSIGNED_CONTEXT ( ( #1507 ) ) GLOBAL_UNIT_ASSIGNED_CONTEXT ( ( #1607, #1185, #2658 ) ) REPRESENTATION_CONTEXT ( 'NONE', 'WORKASPACE' ) );
#2590 = CARTESIAN_POINT ( 'NONE',  ( 40.51707809920026904, 1.339356946647962232, -329.0000000000002842 ) ) ;
#2591 = CARTESIAN_POINT ( 'NONE',  ( 83.81705129401322552, 2.420280362814021480, -2.000000000000000000 ) ) ;
#2592 = DIRECTION ( 'NONE',  ( 1.000000000000000000, 0.000000000000000000, 0.000000000000000000 ) ) ;
#2593 = CARTESIAN_POINT ( 'NONE',  ( 111.9008294260164007, -0.1603477990332813075, -113.9999999999999858 ) ) ;
#2594 = ORIENTED_EDGE ( 'NONE', *, *, #1985, .F. ) ;
#2595 = EDGE_CURVE ( 'NONE', #1861, #1984, #1669, .T. ) ;
#2596 = PRODUCT_DEFINITION_CONTEXT ( 'detailed design', #2440, 'design' ) ;
#2597 = CARTESIAN_POINT ( 'NONE',  ( 86.75727365776731403, -1.083740202215841331, -2.000000000000026201 ) ) ;
#2598 = CARTESIAN_POINT ( 'NONE',  ( 93.98764517664196205, -0.8182037374915439587, -249.0000000000000000 ) ) ;
#2599 = CARTESIAN_POINT ( 'NONE',  ( 93.82944598398388791, -0.8240084228252276821, -56.99999999999992895 ) ) ;
#2600 = CARTESIAN_POINT ( 'NONE',  ( 88.06118438317453467, 7.478241219270040929, -252.0000000000000000 ) ) ;
#2601 = DIRECTION ( 'NONE',  ( -0.6427876096865348110, -0.7660444431189817882, -0.000000000000000000 ) ) ;
#2602 = CARTESIAN_POINT ( 'NONE',  ( 39.91182844379118677, 0.6764899373294523954, -328.9999999999995453 ) ) ;
#2603 = CARTESIAN_POINT ( 'NONE',  ( 82.95815087755340755, -1.223293460770572105, -158.9943928288751636 ) ) ;
#2604 = CARTESIAN_POINT ( 'NONE',  ( 87.44823583605742101, -1.058363793175231216, -116.9999999999999574 ) ) ;
#2605 = ORIENTED_EDGE ( 'NONE', *, *, #681, .F. ) ;
#2606 = FACE_OUTER_BOUND ( 'NONE', #818, .T. ) ;
#2607 = EDGE_CURVE ( 'NONE', #1413, #2083, #2283, .T. ) ;
#2608 = B_SPLINE_CURVE_WITH_KNOTS ( 'NONE', 3,
 ( #1141, #1996, #1828, #2654, #1587, #533, #100, #768, #328, #1618, #2475 ),
 .UNSPECIFIED., .F., .F.,
 ( 4, 1, 1, 1, 1, 1, 1, 1, 4 ),
 ( 0.002942226484673667996, 0.004350508520527859857, 0.006752757130078603995, 0.009155005739629346398, 0.01155725434918010094, 0.01636175156828158228, 0.02116624878738307750, 0.02597074600648456230, 0.02810270952488565580 ),
 .UNSPECIFIED. ) ;
#2609 = CARTESIAN_POINT ( 'NONE',  ( 100.1479325255845367, 3.307311575480849086, 0.000000000000000000 ) ) ;
#2610 = CARTESIAN_POINT ( 'NONE',  ( 108.2960524859136484, -0.2927227069255809999, -257.0000000000000000 ) ) ;
#2611 = DIRECTION ( 'NONE',  ( -1.000000000000000000, 0.000000000000000000, 0.000000000000000000 ) ) ;
#2612 = CARTESIAN_POINT ( 'NONE',  ( 3.878272337368041001, 4.078224712737445579, 0.000000000000000000 ) ) ;
#2613 = CARTESIAN_POINT ( 'NONE',  ( 1.076734832603033709, 1.746284163018664515, 0.000000000000000000 ) ) ;
#2614 = CARTESIAN_POINT ( 'NONE',  ( 86.40562264527662251, -1.096657106876709031, 0.000000000000000000 ) ) ;
#2615 = CARTESIAN_POINT ( 'NONE',  ( 86.34999139119773304, -0.5983600978315388730, -120.0000000000000000 ) ) ;
#2616 = VERTEX_POINT ( 'NONE', #127 ) ;
#2617 = CARTESIAN_POINT ( 'NONE',  ( 67.73167966670993678, 8.786602010964271514, 0.000000000000000000 ) ) ;
#2618 = CARTESIAN_POINT ( 'NONE',  ( 111.9008294260164007, -0.1603460786504450064, -250.0000000000000568 ) ) ;
#2619 = CARTESIAN_POINT ( 'NONE',  ( 99.82589140135978312, -0.6037972336748528290, -1.999999999999985789 ) ) ;
#2620 = ORIENTED_EDGE ( 'NONE', *, *, #1770, .T. ) ;
#2621 = CARTESIAN_POINT ( 'NONE',  ( 40.51707809920026904, 1.339356946647962232, -329.0000000000002842 ) ) ;
#2622 = EDGE_CURVE ( 'NONE', #546, #577, #755, .T. ) ;
#2623 = VECTOR ( 'NONE', #2118, 1000.000000000000000 ) ;
#2624 = VECTOR ( 'NONE', #543, 1000.000000000000114 ) ;
#2625 = DIRECTION ( 'NONE',  ( 0.000000000000000000, 0.000000000000000000, 1.000000000000000000 ) ) ;
#2626 = CARTESIAN_POINT ( 'NONE',  ( 88.64057170591654256, 5.115846238829807824, -328.9999999691012817 ) ) ;
#2627 = DIRECTION ( 'NONE',  ( 0.000000000000000000, 0.000000000000000000, -1.000000000000000000 ) ) ;
#2628 = EDGE_CURVE ( 'NONE', #2330, #1243, #2227, .T. ) ;
#2629 = B_SPLINE_CURVE_WITH_KNOTS ( 'NONE', 3,
 ( #920, #1109, #672, #62, #1553, #260, #476, #1565, #2189, #1083 ),
 .UNSPECIFIED., .F., .F.,
 ( 4, 1, 1, 1, 1, 1, 1, 4 ),
 ( 0.000000000000000000, 0.002745491246801274807, 0.008124141819771169004, 0.01350279239274106494, 0.01888144296571095393, 0.02157076825219591404, 0.02426009353868086374, 0.02516048910655696580 ),
 .UNSPECIFIED. ) ;
#2630 = CARTESIAN_POINT ( 'NONE',  ( 93.02482611820536818, -0.3532242379564230483, -254.0000000000000000 ) ) ;
#2631 = CARTESIAN_POINT ( 'NONE',  ( 86.75729166573823647, -1.083761663289079413, -257.0000000000000000 ) ) ;
#2632 = VERTEX_POINT ( 'NONE', #26 ) ;
#2633 = CARTESIAN_POINT ( 'NONE',  ( 86.40562264527662251, -1.096657106876709031, 0.000000000000000000 ) ) ;
#2634 = CARTESIAN_POINT ( 'NONE',  ( 86.34999139119773304, -0.5983600978315388730, -120.0000000000000000 ) ) ;
#2635 = ORIENTED_EDGE ( 'NONE', *, *, #1636, .F. ) ;
#2636 = CARTESIAN_POINT ( 'NONE',  ( 86.75729192095890596, -1.083761967439931695, -254.9999999999999432 ) ) ;
#2637 = EDGE_CURVE ( 'NONE', #92, #577, #52, .T. ) ;
#2638 = CARTESIAN_POINT ( 'NONE',  ( 110.9621318520835871, 0.8754357683226762221, -329.0000000310686232 ) ) ;
#2639 = VERTEX_POINT ( 'NONE', #2407 ) ;
#2640 = CARTESIAN_POINT ( 'NONE',  ( 111.9008294260164149, 0.3399892986060862321, -111.9999999999999858 ) ) ;
#2641 = ORIENTED_EDGE ( 'NONE', *, *, #2324, .F. ) ;
#2642 = ORIENTED_EDGE ( 'NONE', *, *, #2163, .T. ) ;
#2643 = CARTESIAN_POINT ( 'NONE',  ( 45.17238708059927177, -2.130771852478141160, -329.0000000000008527 ) ) ;
#2644 = EDGE_CURVE ( 'NONE', #2639, #1421, #957, .T. ) ;
#2645 = ORIENTED_EDGE ( 'NONE', *, *, #112, .T. ) ;
#2646 = LINE ( 'NONE', #714, #968 ) ;
#2647 = EDGE_CURVE ( 'NONE', #331, #1006, #1329, .T. ) ;
#2648 = CARTESIAN_POINT ( 'NONE',  ( 92.98602152732998150, 4.761034593382004410, 0.000000000000000000 ) ) ;
#2649 = CARTESIAN_POINT ( 'NONE',  ( 97.28264907420687280, 3.700098032721318653, -328.9999999903254775 ) ) ;
#2650 = CARTESIAN_POINT ( 'NONE',  ( 111.9008294260164007, 0.3399886607216018319, -51.99999999999999289 ) ) ;
#2651 = EDGE_LOOP ( 'NONE', ( #1813, #1608, #1881, #2074 ) ) ;
#2652 = CARTESIAN_POINT ( 'NONE',  ( 86.63198758732724514, 5.774990803294903330, -125.1389339080986645 ) ) ;
#2653 = CARTESIAN_POINT ( 'NONE',  ( 40.02016108569902997, 0.8067866947254482834, -328.9999999999998863 ) ) ;
#2654 = CARTESIAN_POINT ( 'NONE',  ( 90.56525966478538692, -0.9439010764317795621, -327.0000000000003979 ) ) ;
#2655 = ORIENTED_EDGE ( 'NONE', *, *, #1197, .T. ) ;
#2656 = CARTESIAN_POINT ( 'NONE',  ( 111.2319626028694302, 0.8136331697542578123, -327.0000000000000568 ) ) ;
#2657 = PLANE ( 'NONE',  #525 ) ;
#2658 =( NAMED_UNIT ( * ) SI_UNIT ( $, .STERADIAN. ) SOLID_ANGLE_UNIT ( ) );
#2659 = VECTOR ( 'NONE', #1939, 1000.000000000000227 ) ;
#2660 = ORIENTED_EDGE ( 'NONE', *, *, #2204, .F. ) ;
#2661 = CARTESIAN_POINT ( 'NONE',  ( 45.96886028273485181, 4.343707445770133901, -329.0000000000001705 ) ) ;
#2662 = PLANE ( 'NONE',  #1863 ) ;
#2663 = CARTESIAN_POINT ( 'NONE',  ( 86.75729166573823647, -1.083761663289079413, -254.0000000000000000 ) ) ;
#2664 = AXIS2_PLACEMENT_3D ( 'NONE', #262, #1542, #1111 ) ;
#2665 = B_SPLINE_CURVE_WITH_KNOTS ( 'NONE', 3,
 ( #1151, #105, #940, #321, #727, #524, #1164 ),
 .UNSPECIFIED., .F., .F.,
 ( 4, 3, 4 ),
 ( 0.000000000000000000, 0.03458704808675354403, 0.07000014444992888607 ),
 .UNSPECIFIED. ) ;
#2666 = CARTESIAN_POINT ( 'NONE',  ( 114.6504147130081037, 0.009197894892181835216, 0.000000000000000000 ) ) ;
#2667 = LINE ( 'NONE', #96, #269 ) ;
#2668 = ORIENTED_EDGE ( 'NONE', *, *, #2043, .T. ) ;
#2669 = AXIS2_PLACEMENT_3D ( 'NONE', #335, #350, #2470 ) ;
#2670 = CARTESIAN_POINT ( 'NONE',  ( 97.11829995685160100, 3.853835150690798184, -179.9999999999998579 ) ) ;
#2671 = VECTOR ( 'NONE', #1088, 1000.000000000000000 ) ;
#2672 = FACE_OUTER_BOUND ( 'NONE', #765, .T. ) ;
#2673 = EDGE_CURVE ( 'NONE', #1852, #839, #11, .T. ) ;
#2674 = VERTEX_POINT ( 'NONE', #2242 ) ;
#2675 = VECTOR ( 'NONE', #1035, 1000.000000000000000 ) ;
#2676 = LINE ( 'NONE', #1579, #2084 ) ;
#2677 = ORIENTED_EDGE ( 'NONE', *, *, #2530, .T. ) ;
#2678 = CARTESIAN_POINT ( 'NONE',  ( 27.61572202536024534, 10.08028678807874634, 0.000000000000000000 ) ) ;
#2679 = CARTESIAN_POINT ( 'NONE',  ( 111.8824798098075775, 0.3393171569353730099, -257.0000000000000000 ) ) ;
#2680 = CARTESIAN_POINT ( 'NONE',  ( 87.19191657314081567, -1.067808680015380762, -329.0000000441735892 ) ) ;
#2681 = CARTESIAN_POINT ( 'NONE',  ( 110.5091499410925451, 0.9868071095937444026, -55.00000000000001421 ) ) ;
#2682 = CARTESIAN_POINT ( 'NONE',  ( 114.6546645710618009, 0.008190444022197807677, -328.9999999999998863 ) ) ;
#2683 = DIRECTION ( 'NONE',  ( 0.7660444431189769032, 0.6427876096865406952, 0.000000000000000000 ) ) ;
#2684 = CARTESIAN_POINT ( 'NONE',  ( 91.96026092140053265, 4.608280244121566227, -328.9999999768099315 ) ) ;
#2685 = ORIENTED_EDGE ( 'NONE', *, *, #2185, .T. ) ;
#2686 = CARTESIAN_POINT ( 'NONE',  ( 86.75730335210270994, -1.083775590546644185, -303.6666666666682772 ) ) ;
#2687 = DIRECTION ( 'NONE',  ( 0.000000000000000000, 0.000000000000000000, -1.000000000000000000 ) ) ;
#2688 = DIRECTION ( 'NONE',  ( 0.6427876096865348110, 0.7660444431189817882, 0.000000000000000000 ) ) ;
#2689 = LINE ( 'NONE', #580, #94 ) ;
#2690 = ORIENTED_EDGE ( 'NONE', *, *, #2644, .F. ) ;
#2691 = ADVANCED_FACE ( 'NONE', ( #1339 ), #2184, .T. ) ;
#2692 = CARTESIAN_POINT ( 'NONE',  ( 86.73892734346213729, -0.5840816099985942644, -177.0000000000000000 ) ) ;
#2693 = CARTESIAN_POINT ( 'NONE',  ( 10.58485183240993699, 6.941914879003064698, 0.000000000000000000 ) ) ;
#2694 = LINE ( 'NONE', #2241, #5 ) ;
#2695 = CARTESIAN_POINT ( 'NONE',  ( 92.00264268633979725, -0.8911064508763327785, -329.0000000441735892 ) ) ;
#2696 = DIRECTION ( 'NONE',  ( 0.9993263259286705447, 0.03670005866349869417, 0.000000000000000000 ) ) ;
#2697 = DIRECTION ( 'NONE',  ( 0.9993263173578234015, 0.03670029204312421495, 0.000000000000000000 ) ) ;
#2698 = CARTESIAN_POINT ( 'NONE',  ( 113.4162100803321209, 0.3013723089999983396, -329.0000000392025186 ) ) ;
#2699 = ORIENTED_EDGE ( 'NONE', *, *, #567, .F. ) ;
#2700 = CARTESIAN_POINT ( 'NONE',  ( 111.9008294260164007, 0.6595100947987294626, -1.999999999999991340 ) ) ;
#2701 = B_SPLINE_CURVE_WITH_KNOTS ( 'NONE', 3,
 ( #773, #1612, #153, #995, #2712, #786, #2681, #1642 ),
 .UNSPECIFIED., .F., .F.,
 ( 4, 1, 1, 1, 1, 4 ),
 ( 0.002917580891453473019, 0.003706735636074432773, 0.01059240984427214753, 0.01747808405246986316, 0.02436375826066758052, 0.02865214499132506462 ),
 .UNSPECIFIED. ) ;
#2702 = ORIENTED_EDGE ( 'NONE', *, *, #238, .F. ) ;
#2703 = B_SPLINE_CURVE_WITH_KNOTS ( 'NONE', 3,
 ( #2042, #124, #648, #2117 ),
 .UNSPECIFIED., .F., .F.,
 ( 4, 4 ),
 ( 0.003000000000000002231, 0.06700000000000005951 ),
 .UNSPECIFIED. ) ;
#2704 = CARTESIAN_POINT ( 'NONE',  ( 69.10598983996402467, -1.731908369154807836, -329.0000000000007390 ) ) ;
#2705 = CARTESIAN_POINT ( 'NONE',  ( 86.63984742494912439, 5.784357793017956162, -117.0000000000000000 ) ) ;
#2706 = ORIENTED_EDGE ( 'NONE', *, *, #1369, .T. ) ;
#2707 = CARTESIAN_POINT ( 'NONE',  ( 109.0023727052958549, 1.328869159642859232, -327.0000000000000000 ) ) ;
#2708 = CARTESIAN_POINT ( 'NONE',  ( 86.73892347695903027, -0.5840768481354281505, -52.00000000000000711 ) ) ;
#2709 = CARTESIAN_POINT ( 'NONE',  ( 49.95864061414656732, -2.285718532545727211, -328.9999999999999432 ) ) ;
#2710 = ORIENTED_EDGE ( 'NONE', *, *, #559, .T. ) ;
#2711 = CARTESIAN_POINT ( 'NONE',  ( 114.7914228238144290, -0.05418278570378813608, -329.0000000441750672 ) ) ;
#2712 = CARTESIAN_POINT ( 'NONE',  ( 100.9979339280543797, 3.113866814395946925, -55.00000000000006395 ) ) ;
#2713 = EDGE_CURVE ( 'NONE', #1487, #909, #93, .T. ) ;
#2714 = DIRECTION ( 'NONE',  ( 2.773687716611303550E-14, 1.000000000000000000, 0.000000000000000000 ) ) ;
#2715 = ORIENTED_EDGE ( 'NONE', *, *, #1420, .F. ) ;
#2716 = VERTEX_POINT ( 'NONE', #114 ) ;
#2717 = CARTESIAN_POINT ( 'NONE',  ( 98.45408093305573516, -0.6541702060449230416, -249.0000000000000000 ) ) ;
#2718 = CARTESIAN_POINT ( 'NONE',  ( 66.71296514936187805, -1.818563841680442827, -328.9999999999993747 ) ) ;
#2719 = AXIS2_PLACEMENT_3D ( 'NONE', #2745, #1673, #1688 ) ;
#2720 = CARTESIAN_POINT ( 'NONE',  ( 85.76305105381759120, 9.406604048329645806, -328.9999999152632313 ) ) ;
#2721 = EDGE_LOOP ( 'NONE', ( #2231, #1183, #2562, #1017, #414, #1830, #2503, #1230 ) ) ;
#2722 = VECTOR ( 'NONE', #197, 1000.000000000000000 ) ;
#2723 = CARTESIAN_POINT ( 'NONE',  ( 0.7655508419826408950, 1.411833302483730623, 0.000000000000000000 ) ) ;
#2724 = ORIENTED_EDGE ( 'NONE', *, *, #1166, .F. ) ;
#2725 = CARTESIAN_POINT ( 'NONE',  ( 45.40374366568970999, 4.146112782043347877, -328.9999999999998295 ) ) ;
#2726 = CARTESIAN_POINT ( 'NONE',  ( 88.83423266298044041, -0.5071306002127375923, -249.0000000000000000 ) ) ;
#2727 = DIRECTION ( 'NONE',  ( 0.000000000000000000, 1.000000000000000000, 0.000000000000000000 ) ) ;
#2728 = LINE ( 'NONE', #1563, #2316 ) ;
#2729 = EDGE_CURVE ( 'NONE', #2119, #608, #2496, .T. ) ;
#2730 = CARTESIAN_POINT ( 'NONE',  ( 111.9008294260164007, 0.6594516961751538675, -19.66666666668472629 ) ) ;
#2731 = VERTEX_POINT ( 'NONE', #1365 ) ;
#2732 = ORIENTED_EDGE ( 'NONE', *, *, #2751, .F. ) ;
#2733 = CARTESIAN_POINT ( 'NONE',  ( 86.73892347695903027, -0.5840768481354281505, -52.00000000000000711 ) ) ;
#2734 = CARTESIAN_POINT ( 'NONE',  ( 21.28641903153024373, -3.428209951193292859, 0.000000000000000000 ) ) ;
#2735 = PLANE ( 'NONE',  #1736 ) ;
#2736 = DIRECTION ( 'NONE',  ( 0.6427876096865406952, -0.7660444431189769032, 0.000000000000000000 ) ) ;
#2737 = ORIENTED_EDGE ( 'NONE', *, *, #1290, .T. ) ;
#2738 = CARTESIAN_POINT ( 'NONE',  ( 3.073299380197674235, -2.517653936882200849, 0.000000000000000000 ) ) ;
#2739 = ORIENTED_EDGE ( 'NONE', *, *, #1942, .F. ) ;
#2740 = CARTESIAN_POINT ( 'NONE',  ( 34.91663026607916009, 10.39809544279013664, 0.000000000000000000 ) ) ;
#2741 = B_SPLINE_CURVE_WITH_KNOTS ( 'NONE', 3,
 ( #626, #1240, #2543, #2326, #2147, #220, #1514 ),
 .UNSPECIFIED., .F., .F.,
 ( 4, 1, 1, 1, 4 ),
 ( 0.01531462871388702615, 0.05188381286330936981, 0.08845299701273169612, 0.1250221811621540224, 0.1615913653115763626 ),
 .UNSPECIFIED. ) ;
#2742 = B_SPLINE_CURVE_WITH_KNOTS ( 'NONE', 3,
 ( #2011, #1175, #1816, #1407 ),
 .UNSPECIFIED., .F., .F.,
 ( 4, 4 ),
 ( 0.000000000000000000, 1.000000000000000000 ),
 .UNSPECIFIED. ) ;
#2743 = CARTESIAN_POINT ( 'NONE',  ( 111.9008294260164291, 0.6590486857787354325, -117.0000000000000000 ) ) ;
#2744 = CARTESIAN_POINT ( 'NONE',  ( 88.85660614173164618, -1.006673742498504831, -329.0000000441737029 ) ) ;
#2745 = CARTESIAN_POINT ( 'NONE',  ( 86.73892347695903027, -0.5840768481354281505, -52.00000000000000711 ) ) ;
#2746 = CARTESIAN_POINT ( 'NONE',  ( 59.62838314100746118, -2.079865976872766087, 0.000000000000000000 ) ) ;
#2747 = FACE_OUTER_BOUND ( 'NONE', #516, .T. ) ;
#2748 = CARTESIAN_POINT ( 'NONE',  ( 112.2589259305101450, 0.5736970830693340906, -329.0000000353471137 ) ) ;
#2749 = ORIENTED_EDGE ( 'NONE', *, *, #467, .T. ) ;
#2750 = ORIENTED_EDGE ( 'NONE', *, *, #2015, .F. ) ;
#2751 = EDGE_CURVE ( 'NONE', #261, #2360, #713, .T. ) ;
#2752 = CARTESIAN_POINT ( 'NONE',  ( 40.23288382593308654, -1.121111976646177677, -329.0000000000001705 ) ) ;
#2753 = CARTESIAN_POINT ( 'NONE',  ( 114.9008294260164007, -0.05016421021564968635, -329.0000000000000000 ) ) ;
#2754 = CARTESIAN_POINT ( 'NONE',  ( 111.9008294260164007, -0.1603484030683038353, -57.00000000000000000 ) ) ;
#2755 = LINE ( 'NONE', #2080, #1594 ) ;
#2756 = EDGE_LOOP ( 'NONE', ( #207, #1016, #2463, #697 ) ) ;
#2757 = ADVANCED_FACE ( 'NONE', ( #332 ), #1152, .T. ) ;
#2758 = ORIENTED_EDGE ( 'NONE', *, *, #295, .F. ) ;
#2759 = CARTESIAN_POINT ( 'NONE',  ( 105.5965905952907491, 0.1084748940666349637, -249.0000000000000000 ) ) ;
#2760 = CARTESIAN_POINT ( 'NONE',  ( 88.06118438317453467, 7.478241219270040929, -115.0000000000000000 ) ) ;
#2761 = EDGE_CURVE ( 'NONE', #546, #1574, #1817, .T. ) ;
#2762 = CARTESIAN_POINT ( 'NONE',  ( 111.9008294260164149, 0.3399900758465234651, -185.0000000000000000 ) ) ;
#2763 = DIRECTION ( 'NONE',  ( -0.6427876096865406952, 0.7660444431189769032, 0.000000000000000000 ) ) ;
#2764 = ORIENTED_EDGE ( 'NONE', *, *, #1513, .F. ) ;
#2765 = VERTEX_POINT ( 'NONE', #1593 ) ;
#2766 = CARTESIAN_POINT ( 'NONE',  ( 95.19101363396444526, -0.7740052930117370389, -114.9999999999998010 ) ) ;
ENDSEC;
END-ISO-10303-21;
