ISO-10303-21;
HEADER;
FILE_DESCRIPTION (( 'STEP AP214' ),
    '1' );
FILE_NAME ('∏±“Ì.STEP',
    '2026-02-11T01:33:21',
    ( '' ),
    ( '' ),
    'SwSTEP 2.0',
    'SolidWorks 2024',
    '' );
FILE_SCHEMA (( 'AUTOMOTIVE_DESIGN' ));
ENDSEC;

DATA;
#1 = CARTESIAN_POINT ( 'NONE',  ( 4.655900333956482839, -4.027682162981619740, 0.000000000000000000 ) ) ;
#2 = LINE ( 'NONE', #672, #2273 ) ;
#3 = CARTESIAN_POINT ( 'NONE',  ( 0.1908648120222484479, -1.166401211495562862, 0.000000000000000000 ) ) ;
#4 = DIRECTION ( 'NONE',  ( 3.237103374064762881E-11, 1.365460013478974005E-10, 1.000000000000000000 ) ) ;
#5 = CARTESIAN_POINT ( 'NONE',  ( 146.8514252468254426, 7.914136289758087806, 519.0000000000000000 ) ) ;
#6 = VERTEX_POINT ( 'NONE', #160 ) ;
#7 = PLANE ( 'NONE',  #1147 ) ;
#8 = CARTESIAN_POINT ( 'NONE',  ( 158.5826465846359099, -1.137032831244688236, 473.9999999969160172 ) ) ;
#9 = CARTESIAN_POINT ( 'NONE',  ( 4.767688113470523348, -4.051642974039905809, 0.000000000000000000 ) ) ;
#10 = EDGE_LOOP ( 'NONE', ( #105, #915, #2703, #1258 ) ) ;
#11 = CARTESIAN_POINT ( 'NONE',  ( 158.2810765249901124, -1.148107840960993054, 503.6798014116727700 ) ) ;
#12 = CARTESIAN_POINT ( 'NONE',  ( 0.2723202859128955877, -1.286439555938088786, 0.000000000000000000 ) ) ;
#13 = CARTESIAN_POINT ( 'NONE',  ( 126.8199995296016596, -2.303543861451585961, 0.000000000000000000 ) ) ;
#14 = EDGE_CURVE ( 'NONE', #776, #6, #1672, .T. ) ;
#15 = DIRECTION ( 'NONE',  ( -3.237103374064737031E-11, -1.365460013478973488E-10, -1.000000000000000000 ) ) ;
#16 = CARTESIAN_POINT ( 'NONE',  ( 13.03937251214231452, 9.841104693651841373, 0.000000000000000000 ) ) ;
#17 = CARTESIAN_POINT ( 'NONE',  ( 158.2810770255683508, -1.148108467076813799, 334.9417820732221003 ) ) ;
#18 = CARTESIAN_POINT ( 'NONE',  ( 119.8253421028808248, 10.56626761419985527, 519.0000000000000000 ) ) ;
#19 = ORIENTED_EDGE ( 'NONE', *, *, #406, .F. ) ;
#20 = CARTESIAN_POINT ( 'NONE',  ( 155.7483121748318808, -1.241124518256211839, 291.9999999974976390 ) ) ;
#21 = CARTESIAN_POINT ( 'NONE',  ( 49.58718133786975102, -5.148102930934729926, 0.000000000000000000 ) ) ;
#22 = ORIENTED_EDGE ( 'NONE', *, *, #1915, .T. ) ;
#23 = CARTESIAN_POINT ( 'NONE',  ( 184.2981405691224097, 0.3076991382082872040, 402.9999999963619075 ) ) ;
#24 = CARTESIAN_POINT ( 'NONE',  ( 27.35326182154722829, -5.650190671009181820, 0.000000000000000000 ) ) ;
#25 = CARTESIAN_POINT ( 'NONE',  ( 80.19500268461352732, -4.016836534526572855, 0.000000000000000000 ) ) ;
#26 = CARTESIAN_POINT ( 'NONE',  ( 1.094140940441552979E-08, 4.615254845591291423E-08, 338.0000000023699727 ) ) ;
#27 = CARTESIAN_POINT ( 'NONE',  ( 72.30290594963643969, -2.581129778582611500, 518.9999999999996589 ) ) ;
#28 = VECTOR ( 'NONE', #833, 1000.000000000000227 ) ;
#29 = EDGE_CURVE ( 'NONE', #2538, #2549, #1737, .T. ) ;
#30 = CARTESIAN_POINT ( 'NONE',  ( 184.3164905789585930, -0.1919640482653068025, 403.9999999966178166 ) ) ;
#31 = CARTESIAN_POINT ( 'NONE',  ( 184.6350432914452711, 0.5537491015847311182, 0.000000000000000000 ) ) ;
#32 = VECTOR ( 'NONE', #237, 1000.000000000000114 ) ;
#33 = CARTESIAN_POINT ( 'NONE',  ( 92.79744190689976335, 9.833571730291394530, 519.0000000000000000 ) ) ;
#34 = EDGE_LOOP ( 'NONE', ( #1781, #1458, #1468, #1114 ) ) ;
#35 = CARTESIAN_POINT ( 'NONE',  ( 184.3164905791861088, -0.1919640069148545181, 411.0291089571066436 ) ) ;
#36 = CARTESIAN_POINT ( 'NONE',  ( 158.2810766148618313, -1.148107953263616698, 473.9999999969162445 ) ) ;
#37 = CARTESIAN_POINT ( 'NONE',  ( 119.2931906339720598, -2.580698584875936064, 519.0000000000007958 ) ) ;
#38 = ORIENTED_EDGE ( 'NONE', *, *, #674, .T. ) ;
#39 = CARTESIAN_POINT ( 'NONE',  ( 158.2810765730128821, -1.148107901313969226, 485.8544551855654277 ) ) ;
#40 = CARTESIAN_POINT ( 'NONE',  ( 3.774067576385821798, -3.806958741810412050, 0.000000000000000000 ) ) ;
#41 = CARTESIAN_POINT ( 'NONE',  ( 85.79000084186831998, -3.811186198415251969, 0.000000000000000000 ) ) ;
#42 = CARTESIAN_POINT ( 'NONE',  ( 167.8150954254027738, -0.7979744687257741553, 291.9999999969073770 ) ) ;
#43 = CARTESIAN_POINT ( 'NONE',  ( 91.25609223061373143, -3.609783266169436899, 0.000000000000000000 ) ) ;
#44 = CARTESIAN_POINT ( 'NONE',  ( 186.5000000000000000, 0.1117699999999999944, 0.000000000000000000 ) ) ;
#45 = CARTESIAN_POINT ( 'NONE',  ( 69.79564202486648128, 1.060467640189105998, 519.0000000000000000 ) ) ;
#46 = FACE_BOUND ( 'NONE', #1048, .T. ) ;
#47 = VECTOR ( 'NONE', #986, 1000.000000000000000 ) ;
#48 = CARTESIAN_POINT ( 'NONE',  ( 0.2369446434940388202, -6.451903841915163973, 476.0000000032426328 ) ) ;
#49 = LINE ( 'NONE', #2702, #1800 ) ;
#50 = EDGE_CURVE ( 'NONE', #386, #2602, #191, .T. ) ;
#51 = ORIENTED_EDGE ( 'NONE', *, *, #2650, .F. ) ;
#52 = CARTESIAN_POINT ( 'NONE',  ( 157.8440840003547407, 6.324842889168839299, 297.0873259362040244 ) ) ;
#53 = CARTESIAN_POINT ( 'NONE',  ( 87.65500059961293289, -3.742506279199127484, 0.000000000000000000 ) ) ;
#54 = PLANE ( 'NONE',  #1205 ) ;
#55 = CARTESIAN_POINT ( 'NONE',  ( 96.79017602804735532, -3.405587302226732671, 518.9999999999998863 ) ) ;
#56 = B_SPLINE_CURVE_WITH_KNOTS ( 'NONE', 3,
 ( #2727, #1358, #2283, #1156, #748, #312, #1194 ),
 .UNSPECIFIED., .F., .F.,
 ( 4, 1, 1, 1, 4 ),
 ( 0.003532486747254120173, 0.003691264672396585983, 0.01310806165475815813, 0.02252485863711959496, 0.02958545147038230821 ),
 .UNSPECIFIED. ) ;
#57 = LINE ( 'NONE', #1138, #32 ) ;
#58 = CARTESIAN_POINT ( 'NONE',  ( 167.8508068370961723, 4.383814531849536955, 0.000000000000000000 ) ) ;
#59 = CARTESIAN_POINT ( 'NONE',  ( 81.04255740370818728, 7.375042323401748590, 519.0000000000000000 ) ) ;
#60 = ORIENTED_EDGE ( 'NONE', *, *, #2618, .T. ) ;
#61 = DIRECTION ( 'NONE',  ( -0.03670001960757906384, 0.9993263273629907628, -1.352672111332491170E-10 ) ) ;
#62 = PLANE ( 'NONE',  #2260 ) ;
#63 = CARTESIAN_POINT ( 'NONE',  ( 187.1878841624368306, -0.08650453927837001289, 518.9999999999992042 ) ) ;
#64 = ORIENTED_EDGE ( 'NONE', *, *, #1030, .T. ) ;
#65 = CARTESIAN_POINT ( 'NONE',  ( 158.2810766378973142, -1.148107981241599740, 470.9999999973763920 ) ) ;
#66 = ADVANCED_FACE ( 'NONE', ( #2414 ), #1320, .F. ) ;
#67 = CARTESIAN_POINT ( 'NONE',  ( 151.0656556154715702, 7.827831197293621202, 0.000000000000000000 ) ) ;
#68 = DIRECTION ( 'NONE',  ( 0.6427876096865403621, -0.7660444431189771253, 8.379507715750921749E-11 ) ) ;
#69 = CARTESIAN_POINT ( 'NONE',  ( 115.5426639874051347, -2.717560411868735759, 518.9999999999989768 ) ) ;
#70 = CARTESIAN_POINT ( 'NONE',  ( 156.6608174119221246, 6.724681314146203626, 0.000000000000000000 ) ) ;
#71 = CARTESIAN_POINT ( 'NONE',  ( 95.14817199756330979, 10.09436185624157112, 519.0000000000000000 ) ) ;
#72 = DIRECTION ( 'NONE',  ( -0.9993263273629904297, -0.03670001960758453863, 3.627709553123780699E-11 ) ) ;
#73 = VECTOR ( 'NONE', #2768, 1000.000000000000114 ) ;
#74 = PRESENTATION_LAYER_ASSIGNMENT (  '', '', ( #2345 ) ) ;
#75 = CARTESIAN_POINT ( 'NONE',  ( 154.9273051534894989, 2.848761210750151207, 337.9999999969657551 ) ) ;
#76 = DIRECTION ( 'NONE',  ( 3.237103374064762881E-11, 1.365460013478974005E-10, 1.000000000000000000 ) ) ;
#77 = EDGE_LOOP ( 'NONE', ( #1242, #2839, #1264, #1634 ) ) ;
#78 = CARTESIAN_POINT ( 'NONE',  ( 184.3164905771201916, 0.6286269270593498604, 347.2037627282315952 ) ) ;
#79 = LINE ( 'NONE', #2466, #2623 ) ;
#80 = EDGE_CURVE ( 'NONE', #1044, #1073, #1335, .T. ) ;
#81 = CARTESIAN_POINT ( 'NONE',  ( 178.7291664911655289, -0.3971518873810101491, 0.000000000000000000 ) ) ;
#82 = ADVANCED_FACE ( 'NONE', ( #204 ), #2455, .T. ) ;
#83 = CARTESIAN_POINT ( 'NONE',  ( 184.3164905768869914, 0.6286465954010244106, 339.9999999963175696 ) ) ;
#84 = CARTESIAN_POINT ( 'NONE',  ( 77.09538448985230730, -3.280705621508590131, 518.9999999999998863 ) ) ;
#85 = AXIS2_PLACEMENT_3D ( 'NONE', #2431, #2210, #162 ) ;
#86 = CARTESIAN_POINT ( 'NONE',  ( 106.3056083418047848, 14.78498761272376960, 0.000000000000000000 ) ) ;
#87 = CARTESIAN_POINT ( 'NONE',  ( 75.17246288525049636, -3.092752601863962614, 519.0000000000000000 ) ) ;
#88 = LINE ( 'NONE', #1641, #1704 ) ;
#89 = DIRECTION ( 'NONE',  ( 0.000000000000000000, 1.000000000000000000, -1.365763845818031077E-10 ) ) ;
#90 = CARTESIAN_POINT ( 'NONE',  ( 0.1948241827675285254, -1.130119523988558194, 0.000000000000000000 ) ) ;
#91 = DIRECTION ( 'NONE',  ( 0.6427876096865403621, -0.7660444431189771253, 0.000000000000000000 ) ) ;
#92 = ORIENTED_EDGE ( 'NONE', *, *, #726, .T. ) ;
#93 = FACE_OUTER_BOUND ( 'NONE', #2135, .T. ) ;
#94 = VECTOR ( 'NONE', #229, 1000.000000000000114 ) ;
#95 = CARTESIAN_POINT ( 'NONE',  ( 160.3899999544526622, -1.070658759825990902, 0.000000000000000000 ) ) ;
#96 = DIRECTION ( 'NONE',  ( 0.6427876082896982757, 0.7660444442910668839, -1.254074828630005997E-10 ) ) ;
#97 = CARTESIAN_POINT ( 'NONE',  ( 31.72391033243043879, -5.631735114701937661, 0.000000000000000000 ) ) ;
#98 = EDGE_CURVE ( 'NONE', #869, #1400, #2008, .T. ) ;
#99 = CARTESIAN_POINT ( 'NONE',  ( 124.9556290558779068, 12.33078419755006117, 0.000000000000000000 ) ) ;
#100 = CARTESIAN_POINT ( 'NONE',  ( 172.7016611537537187, -0.6185069427309485279, 519.0000000000000000 ) ) ;
#101 = VERTEX_POINT ( 'NONE', #2193 ) ;
#102 = LINE ( 'NONE', #309, #1061 ) ;
#103 = DIRECTION ( 'NONE',  ( 0.000000000000000000, 0.000000000000000000, 1.000000000000000000 ) ) ;
#104 = CARTESIAN_POINT ( 'NONE',  ( 187.3164905826809843, -0.08178092353511093315, 519.0000000000000000 ) ) ;
#105 = ORIENTED_EDGE ( 'NONE', *, *, #946, .F. ) ;
#106 = CARTESIAN_POINT ( 'NONE',  ( 155.7483114795440713, -1.241123655478464149, 487.0976221645970554 ) ) ;
#107 = CARTESIAN_POINT ( 'NONE',  ( 158.2810770269124419, -1.148108468668430193, 334.9999999974029947 ) ) ;
#108 = CARTESIAN_POINT ( 'NONE',  ( 147.3349997443873463, -1.550096373443657694, 0.000000000000000000 ) ) ;
#109 = CARTESIAN_POINT ( 'NONE',  ( 170.1034795109202378, 3.804034786021498693, 473.9999999963674782 ) ) ;
#110 = CARTESIAN_POINT ( 'NONE',  ( 183.1500407015618919, 0.9050722939112513243, 519.0000000000001137 ) ) ;
#111 = CARTESIAN_POINT ( 'NONE',  ( 87.65540232746393201, 16.41825791061272710, 0.000000000000000000 ) ) ;
#112 = CARTESIAN_POINT ( 'NONE',  ( 89.66605436104582338, -3.573997396151205930, 519.0000000000000000 ) ) ;
#113 = ORIENTED_EDGE ( 'NONE', *, *, #406, .T. ) ;
#114 = CARTESIAN_POINT ( 'NONE',  ( 139.8694997756330167, 9.899595000563314429, 0.000000000000000000 ) ) ;
#115 = ADVANCED_FACE ( 'NONE', ( #2399 ), #1776, .F. ) ;
#116 = LINE ( 'NONE', #341, #1948 ) ;
#117 = CARTESIAN_POINT ( 'NONE',  ( 104.4400001047967663, -3.125222854956259066, 0.000000000000000000 ) ) ;
#118 = ORIENTED_EDGE ( 'NONE', *, *, #622, .F. ) ;
#119 = DIRECTION ( 'NONE',  ( -0.6427876082896981647, -0.7660444442910668839, 1.254072553480010699E-10 ) ) ;
#120 = LINE ( 'NONE', #1678, #2031 ) ;
#121 = CARTESIAN_POINT ( 'NONE',  ( 70.08502365231794329, 1.419874877865304974, 519.0000000000005684 ) ) ;
#122 = ORIENTED_EDGE ( 'NONE', *, *, #1121, .T. ) ;
#123 = B_SPLINE_CURVE_WITH_KNOTS ( 'NONE', 3,
 ( #999, #1031, #2342, #2788, #375, #1711, #2586, #608, #389, #1882 ),
 .UNSPECIFIED., .F., .F.,
 ( 4, 1, 1, 1, 1, 1, 1, 4 ),
 ( 0.000000000000000000, 0.001218348358650728864, 0.004988613316916020585, 0.008758878275181314690, 0.01252914323344660359, 0.02006967314997718660, 0.02383993810824247550, 0.02718751708831208813 ),
 .UNSPECIFIED. ) ;
#124 = CARTESIAN_POINT ( 'NONE',  ( 186.5000000000000000, 0.1117699999999999944, 0.000000000000000000 ) ) ;
#125 = CARTESIAN_POINT ( 'NONE',  ( 184.3164905768869914, 0.6286465954010244106, 339.9999999963175696 ) ) ;
#126 = CARTESIAN_POINT ( 'NONE',  ( 187.1878841624368306, -0.08650453927837001289, 518.9999999999992042 ) ) ;
#127 = CARTESIAN_POINT ( 'NONE',  ( 82.06042033411902992, 16.73404595456871391, 0.000000000000000000 ) ) ;
#128 = CARTESIAN_POINT ( 'NONE',  ( 147.2425998175274913, -1.553550205637698189, 519.0000000000000000 ) ) ;
#129 = EDGE_LOOP ( 'NONE', ( #2025, #600, #681, #619, #200, #900, #2372, #2124 ) ) ;
#130 = CARTESIAN_POINT ( 'NONE',  ( 17.25584284455811002, 11.31702282621729871, 0.000000000000000000 ) ) ;
#131 = PLANE ( 'NONE',  #697 ) ;
#132 = CARTESIAN_POINT ( 'NONE',  ( 154.7950002565042951, -1.276143650835164012, 0.000000000000000000 ) ) ;
#133 = ORIENTED_EDGE ( 'NONE', *, *, #2022, .F. ) ;
#134 = CARTESIAN_POINT ( 'NONE',  ( 166.7309699478518610, 4.566018051030103386, 291.9999999963640676 ) ) ;
#135 = CARTESIAN_POINT ( 'NONE',  ( 184.3164905768869914, -0.1919644039091550070, 339.9999999969163014 ) ) ;
#136 = EDGE_CURVE ( 'NONE', #391, #1414, #2637, .T. ) ;
#137 = CARTESIAN_POINT ( 'NONE',  ( 72.13029010851545308, 3.349873926273364777, 519.0000000000005684 ) ) ;
#138 = ORIENTED_EDGE ( 'NONE', *, *, #962, .F. ) ;
#139 = AXIS2_PLACEMENT_3D ( 'NONE', #2019, #742, #1187 ) ;
#140 = CARTESIAN_POINT ( 'NONE',  ( 106.9280585982023126, 14.71782186095644107, 0.000000000000000000 ) ) ;
#141 = CARTESIAN_POINT ( 'NONE',  ( 154.9273051578916238, 2.848761229320553756, 473.9999999969658120 ) ) ;
#142 = CARTESIAN_POINT ( 'NONE',  ( 184.3164905811272831, 0.3083734615938455992, 470.9999999963613391 ) ) ;
#143 = CARTESIAN_POINT ( 'NONE',  ( 115.6308335639530185, 13.65400273110130591, 0.000000000000000000 ) ) ;
#144 = CARTESIAN_POINT ( 'NONE',  ( 128.0503823736404456, -2.258329312449343096, 519.0000000000000000 ) ) ;
#145 = EDGE_LOOP ( 'NONE', ( #2673, #92, #1815, #2423 ) ) ;
#146 = CARTESIAN_POINT ( 'NONE',  ( 104.4998822574197703, 14.99257463012792968, 0.000000000000000000 ) ) ;
#147 = LINE ( 'NONE', #1221, #551 ) ;
#148 = CARTESIAN_POINT ( 'NONE',  ( 186.5000000000000284, -0.1117700000000000082, 0.000000000000000000 ) ) ;
#149 = ORIENTED_EDGE ( 'NONE', *, *, #2559, .F. ) ;
#150 = CARTESIAN_POINT ( 'NONE',  ( 157.7736132326410825, 6.240859110237445329, 419.3201927990516538 ) ) ;
#151 = CARTESIAN_POINT ( 'NONE',  ( 157.8737949796898477, -0.6627286132580574307, 405.9999999973499030 ) ) ;
#152 = CARTESIAN_POINT ( 'NONE',  ( 4.494224318108914318, 5.364860341418900447, 0.000000000000000000 ) ) ;
#153 = EDGE_LOOP ( 'NONE', ( #2617, #2564, #2770, #1695 ) ) ;
#154 = EDGE_CURVE ( 'NONE', #1315, #2831, #2, .T. ) ;
#155 = CARTESIAN_POINT ( 'NONE',  ( 20.50780648685196894, 12.29899829123418264, 0.000000000000000000 ) ) ;
#156 = CARTESIAN_POINT ( 'NONE',  ( 182.1263192119054679, 1.143486367301047579, 475.9999999963683308 ) ) ;
#157 = CARTESIAN_POINT ( 'NONE',  ( 152.7677784200772066, -1.350582513633443948, 0.000000000000000000 ) ) ;
#158 = CARTESIAN_POINT ( 'NONE',  ( 8.382677127957194330, 7.796507068466770995, 0.000000000000000000 ) ) ;
#159 = CARTESIAN_POINT ( 'NONE',  ( 184.0603200099086791, -0.2013822611189996503, 519.0000000000000000 ) ) ;
#160 = CARTESIAN_POINT ( 'NONE',  ( 184.3164905768869914, 0.3083726597117971702, 339.9999999963613391 ) ) ;
#161 = CARTESIAN_POINT ( 'NONE',  ( 153.7233709727833002, 6.839260619896246673, 519.0000000000000000 ) ) ;
#162 = DIRECTION ( 'NONE',  ( 0.000000000000000000, -1.000000000000000000, 1.366069433417221728E-10 ) ) ;
#163 = CARTESIAN_POINT ( 'NONE',  ( 73.35667238837228865, -4.266524083114624055, 0.000000000000000000 ) ) ;
#164 = VERTEX_POINT ( 'NONE', #1514 ) ;
#165 = CARTESIAN_POINT ( 'NONE',  ( 182.0802051695013972, 1.159358967513142824, 291.9999999963642381 ) ) ;
#166 = DIRECTION ( 'NONE',  ( -3.237103374064737031E-11, -1.365460013478974005E-10, -1.000000000000000000 ) ) ;
#167 = CARTESIAN_POINT ( 'NONE',  ( 69.31951223280866259, -0.4669109340324240631, 519.0000000000002274 ) ) ;
#168 = VERTEX_POINT ( 'NONE', #1081 ) ;
#169 = VECTOR ( 'NONE', #1857, 1000.000000000000114 ) ;
#170 = AXIS2_PLACEMENT_3D ( 'NONE', #1464, #2348, #2807 ) ;
#171 = CARTESIAN_POINT ( 'NONE',  ( 90.14250184463395499, 16.25201691652719660, 0.000000000000000000 ) ) ;
#172 = ADVANCED_FACE ( 'NONE', ( #1964 ), #409, .T. ) ;
#173 = CARTESIAN_POINT ( 'NONE',  ( 187.3164905826809843, -0.08178092353511093315, 519.0000000000000000 ) ) ;
#174 = B_SPLINE_CURVE_WITH_KNOTS ( 'NONE', 3,
 ( #506, #1404, #2058, #1150, #2250, #261, #2071, #2263, #42, #2276, #964, #2695 ),
 .UNSPECIFIED., .F., .F.,
 ( 4, 1, 1, 1, 2, 1, 1, 1, 4 ),
 ( 0.000000000000000000, 0.0001592238624463530796, 0.0003184477248927397152, 0.0004776715873391264322, 0.0006368954497854794304, 0.01007375258299117796, 0.01951060971619674247, 0.02894746684940243883, 0.03158945972250706835 ),
 .UNSPECIFIED. ) ;
#175 = CARTESIAN_POINT ( 'NONE',  ( 20.50780648685196894, 12.29899829123418264, 0.000000000000000000 ) ) ;
#176 = EDGE_CURVE ( 'NONE', #1719, #1183, #1002, .T. ) ;
#177 = CARTESIAN_POINT ( 'NONE',  ( 184.3164905790880539, -0.08178093869183689080, 407.9999999964146014 ) ) ;
#178 = CARTESIAN_POINT ( 'NONE',  ( 98.57177095988629389, 15.57764301922063233, 0.000000000000000000 ) ) ;
#179 = DIRECTION ( 'NONE',  ( -0.7660444431189765702, -0.6427876096865410283, 1.125667018947118518E-10 ) ) ;
#180 = CARTESIAN_POINT ( 'NONE',  ( 186.2145811773390278, 0.1794291719391976070, 519.0000000000000000 ) ) ;
#181 = UNCERTAINTY_MEASURE_WITH_UNIT (LENGTH_MEASURE( 1.000000000000000082E-05 ), #1537, 'distance_accuracy_value', 'NONE');
#182 = EDGE_LOOP ( 'NONE', ( #2336, #824, #118, #2403, #419 ) ) ;
#183 = CARTESIAN_POINT ( 'NONE',  ( 154.9273051579563685, 2.848761229593647748, 475.9999999969658120 ) ) ;
#184 = FACE_OUTER_BOUND ( 'NONE', #691, .T. ) ;
#185 = CARTESIAN_POINT ( 'NONE',  ( 27.33199083377591165, 13.97392873730580831, 0.000000000000000000 ) ) ;
#186 = VERTEX_POINT ( 'NONE', #644 ) ;
#187 = CARTESIAN_POINT ( 'NONE',  ( 29.83545894252426578, 14.47093503650057578, 0.000000000000000000 ) ) ;
#188 = CARTESIAN_POINT ( 'NONE',  ( 101.4114474931833456, 10.52563680225611797, 519.0000000000017053 ) ) ;
#189 = VECTOR ( 'NONE', #1498, 1000.000000000000000 ) ;
#190 = CARTESIAN_POINT ( 'NONE',  ( 6.510854260470939181, 6.755293320404903490, 0.000000000000000000 ) ) ;
#191 = LINE ( 'NONE', #894, #2228 ) ;
#192 = CARTESIAN_POINT ( 'NONE',  ( 72.91573782030977213, -2.706546409246261664, 518.9999999999998863 ) ) ;
#193 = EDGE_CURVE ( 'NONE', #1356, #2495, #2848, .T. ) ;
#194 = CARTESIAN_POINT ( 'NONE',  ( 184.3164905767251298, 0.3083726586194291963, 334.9999999963613391 ) ) ;
#195 = CARTESIAN_POINT ( 'NONE',  ( 103.3745464372941427, 10.58894437057901605, 519.0000000000000000 ) ) ;
#196 = VERTEX_POINT ( 'NONE', #1545 ) ;
#197 = CARTESIAN_POINT ( 'NONE',  ( 182.0975473575161629, -0.2734571378851125556, 337.9999999969163014 ) ) ;
#198 = LINE ( 'NONE', #2615, #1885 ) ;
#199 = CARTESIAN_POINT ( 'NONE',  ( 46.61076787400220667, -5.256312205029081142, 0.000000000000000000 ) ) ;
#200 = ORIENTED_EDGE ( 'NONE', *, *, #136, .F. ) ;
#201 = CARTESIAN_POINT ( 'NONE',  ( 27.97101816477380609, 14.10062904394222549, 0.000000000000000000 ) ) ;
#202 = CARTESIAN_POINT ( 'NONE',  ( 105.1625223394918578, 10.64991523568352605, 518.9999999999992042 ) ) ;
#203 = CARTESIAN_POINT ( 'NONE',  ( 35.43218063773086612, 15.40499870412437211, 0.000000000000000000 ) ) ;
#204 = FACE_OUTER_BOUND ( 'NONE', #1880, .T. ) ;
#205 = CARTESIAN_POINT ( 'NONE',  ( 79.28009213917073339, 6.804649636918277622, 518.9999999999998863 ) ) ;
#206 = CARTESIAN_POINT ( 'NONE',  ( 184.3164905816080932, -0.1919635358896313038, 485.8544551844560715 ) ) ;
#207 = CARTESIAN_POINT ( 'NONE',  ( 132.7509381648730482, 9.649474186009717513, 519.0000000000000000 ) ) ;
#208 = ADVANCED_FACE ( 'NONE', ( #2428 ), #439, .T. ) ;
#209 = ORIENTED_EDGE ( 'NONE', *, *, #581, .T. ) ;
#210 = FACE_OUTER_BOUND ( 'NONE', #1301, .T. ) ;
#211 = DIRECTION ( 'NONE',  ( 3.236706039475319645E-11, 1.365489264352208951E-10, 1.000000000000000000 ) ) ;
#212 = CARTESIAN_POINT ( 'NONE',  ( 89.28622799130725696, -3.578506408754059898, 518.9999999999996589 ) ) ;
#213 = EDGE_LOOP ( 'NONE', ( #2568, #1284, #2472, #2715 ) ) ;
#214 = CARTESIAN_POINT ( 'NONE',  ( 157.7822482039383658, 6.251149867020478368, 405.9999999964088033 ) ) ;
#215 = CARTESIAN_POINT ( 'NONE',  ( 0.1356412032321439864, -0.9912452172076186008, 0.000000000000000000 ) ) ;
#216 = CARTESIAN_POINT ( 'NONE',  ( 116.4207704735421061, 10.69291319937285856, 518.9999999999998863 ) ) ;
#217 = VECTOR ( 'NONE', #1768, 1000.000000000000000 ) ;
#218 = AXIS2_PLACEMENT_3D ( 'NONE', #993, #969, #773 ) ;
#219 = CARTESIAN_POINT ( 'NONE',  ( 16.78460250266593690, -5.402415139756741702, 0.000000000000000000 ) ) ;
#220 = CARTESIAN_POINT ( 'NONE',  ( 165.5000076670110332, -0.8829931013648057991, 516.9999999969084001 ) ) ;
#221 = CARTESIAN_POINT ( 'NONE',  ( 69.31951223280866259, -0.4669109340324240631, 519.0000000000002274 ) ) ;
#222 = CARTESIAN_POINT ( 'NONE',  ( 165.9850672507342608, 4.621734664869277864, 516.9999999963818027 ) ) ;
#223 = CARTESIAN_POINT ( 'NONE',  ( 150.3764004808220704, 7.375867443996116712, 519.0000000000000000 ) ) ;
#224 = ORIENTED_EDGE ( 'NONE', *, *, #1273, .F. ) ;
#225 =( NAMED_UNIT ( * ) SI_UNIT ( $, .STERADIAN. ) SOLID_ANGLE_UNIT ( ) );
#226 = CARTESIAN_POINT ( 'NONE',  ( 171.0101117335541971, -0.6806362281184541452, 473.9999999969159035 ) ) ;
#227 = CARTESIAN_POINT ( 'NONE',  ( 94.91453763861252924, -3.462919012209586089, 518.9999999999997726 ) ) ;
#228 = ORIENTED_EDGE ( 'NONE', *, *, #1185, .T. ) ;
#229 = DIRECTION ( 'NONE',  ( -0.9993263273629904297, -0.03670001960758453863, 3.627709553123780699E-11 ) ) ;
#230 = VECTOR ( 'NONE', #1266, 1000.000000000000000 ) ;
#231 = PRODUCT_DEFINITION ( 'Êú', '', #2162, #881 ) ;
#232 = CARTESIAN_POINT ( 'NONE',  ( 4.634494385416400242, 5.481927275477763928, 0.000000000000000000 ) ) ;
#233 = B_SPLINE_CURVE_WITH_KNOTS ( 'NONE', 3,
 ( #1636, #1650, #1899, #2776, #2070, #2528, #1419, #975, #2717, #741, #1434, #2288, #2303, #798, #2097, #362, #2761, #1243, #67, #1623, #302, #2731, #1200, #2084, #332, #861, #2129, #1480, #1497, #1274, #1929, #2633, #393, #830, #2394, #436, #2606, #1713, #1303, #140, #2791, #2619, #874, #625, #654, #2363, #171, #848, #1916, #1961, #1034, #812, #1731, #611, #1696, #1759, #1541, #1511, #2572, #2159, #595, #641, #2832, #2190, #1065, #2590, #1527, #1947, #2378, #1259, #377, #420, #2145, #2818, #405, #1289, #2175, #187, #201, #1078, #1745, #1092, #155, #2408, #1976, #2845, #1049, #2805, #2425, #450, #2078, #2234, #1122, #246, #232, #2467, #477, #2247, #1107, #1991, #683, #259, #1817, #1802, #2204, #2680, #1195, #935, #2005, #1146, #2693, #698, #215, #90, #12, #2017, #906, #2033, #983, #888, #2648, #1772, #1362, #40, #1866, #1597, #1584, #2439, #669, #1317, #1555, #712, #1787, #1332, #2478, #2453, #762, #526, #1570, #24, #466, #2859, #1412, #2219, #2664, #2295, #313, #2741, #1643, #2521, #1348, #1133, #921, #2339, #163, #841, #1058, #1443, #1708, #1222, #1724, #2552, #342, #1941, #1675, #2107, #806, #541, #1026, #117, #2583, #1427, #1209, #356, #1043, #2153, #1910, #2813, #775, #1457, #2122, #2311, #1011, #2769, #571, #604, #1892, #2138, #2784, #2800, #132, #2325, #371, #1237, #1924, #1251, #1490, #1689, #790, #823, #2567, #587, #1473, #2371, #326, #2355, #148 ),
 .UNSPECIFIED., .F., .F.,
 ( 4, 1, 1, 1, 1, 1, 1, 1, 1, 1, 1, 1, 1, 1, 1, 1, 1, 1, 1, 1, 1, 1, 1, 1, 1, 1, 1, 1, 1, 1, 1, 1, 1, 1, 1, 1, 1, 1, 1, 1, 1, 1, 1, 1, 1, 1, 1, 1, 1, 1, 1, 1, 1, 1, 1, 1, 1, 1, 1, 1, 1, 1, 1, 1, 1, 1, 1, 1, 1, 1, 1, 1, 1, 1, 1, 1, 1, 1, 1, 1, 1, 1, 1, 1, 1, 1, 1, 1, 1, 1, 1, 1, 1, 1, 1, 1, 1, 1, 1, 1, 1, 1, 1, 1, 1, 1, 1, 1, 1, 1, 1, 1, 1, 1, 1, 1, 1, 1, 1, 1, 1, 1, 1, 1, 1, 1, 1, 1, 1, 1, 1, 1, 1, 1, 1, 1, 1, 1, 1, 1, 1, 1, 1, 1, 1, 1, 1, 1, 1, 1, 1, 1, 1, 1, 1, 1, 1, 1, 1, 1, 1, 1, 1, 1, 1, 1, 1, 1, 1, 1, 1, 1, 1, 1, 1, 1, 1, 1, 1, 1, 1, 1, 1, 1, 1, 1, 1, 1, 1, 1, 1, 1, 1, 1, 1, 1, 1, 1, 1, 1, 1, 1, 1, 1, 4 ),
 ( 0.000000000000000000, 0.005027579216848870360, 0.007541082358484186947, 0.01005457242472231234, 0.01256744431269664342, 0.01508030713330505909, 0.01759223862063014412, 0.02010415579391899160, 0.02512403019227490986, 0.03014389165204229767, 0.03515785292094190939, 0.04017180779899999499, 0.05018861634104948566, 0.06019502439212026657, 0.07019112304066744967, 0.08516439965241145993, 0.09015198858071628296, 0.09513433338289842278, 0.1001166677086819806, 0.1050937675239287800, 0.1100708790877491378, 0.1150428350425547336, 0.1200147964111807353, 0.1249817050087147635, 0.1349105930250104890, 0.1398725763053449977, 0.1448297689298276569, 0.1497869349841448317, 0.1547393953712030146, 0.1596918564957973963, 0.1646394355077178129, 0.1695870045325187370, 0.1745294829934305181, 0.1794719693970697194, 0.1844092164523681299, 0.1893464719892944959, 0.1992103785558749507, 0.2041370511378983732, 0.2139854145339817049, 0.2189071229036504140, 0.2238242012324627439, 0.2287412778734525809, 0.2336541330764510538, 0.2385669632939287632, 0.2483849371397243988, 0.2581959108766988531, 0.2630981236145729096, 0.2680003254353096054, 0.2728995100449082001, 0.2777986747213476160, 0.2826951940546270636, 0.2875917063246218319, 0.2924860631094937102, 0.2973804326390905861, 0.3071661741720163041, 0.3120583576282385252, 0.3169505469398637421, 0.3218427490261219215, 0.3267349488018431725, 0.3316276876956982811, 0.3365204417878524534, 0.3414141105547633948, 0.3463077809144370356, 0.3512027235858669050, 0.3560976378871105186, 0.3609949257513951348, 0.3658921867222564295, 0.3707939341935646005, 0.3756956843527919365, 0.3806052380776939192, 0.3855148200083032828, 0.3904372033518798135, 0.3953595348030058410, 0.4003012483294876578, 0.4052429884520616921, 0.4102094991510428224, 0.4151760003021921497, 0.4201717130615482687, 0.4251673962931984407, 0.4301994693558904292, 0.4352315924189654739, 0.4403136625792506975, 0.4453955687244731676, 0.4505447392854423083, 0.4556943742191915114, 0.4609352001239701013, 0.4661752236368338354, 0.4688558995627764014, 0.4715365458776992202, 0.4742878236812075321, 0.4770392569342619682, 0.4799060564023177045, 0.4827728139695170451, 0.4858538841006949105, 0.4889343143068846098, 0.4916193520804431616, 0.4943049103649858056, 0.4957100975466200432, 0.4971153668954162996, 0.4986467582829344214, 0.5001775813167267382, 0.5010849404977270050, 0.5019920023862676217, 0.5025558649890720098, 0.5031194903398201745, 0.5034804290636593072, 0.5038414526865889753, 0.5044269223427354509, 0.5050129009974141381, 0.5061682757652695708, 0.5073235069872933378, 0.5076580746689920431, 0.5079922781127018672, 0.5085109648004720873, 0.5090300004263547118, 0.5098526054286940390, 0.5106756002688621621, 0.5120216574410966226, 0.5133689093139228721, 0.5145490573390292255, 0.5157279886934792446, 0.5178454967361779682, 0.5199679029418199372, 0.5224806839939261094, 0.5249927929493788392, 0.5274835438728434633, 0.5299739229326682066, 0.5324482833303607610, 0.5349228304471892459, 0.5373832951691674964, 0.5398437417958841245, 0.5447465455671146595, 0.5496500262929494562, 0.5545474768899836260, 0.5594446108356625480, 0.5643387911202782936, 0.5692330735290141996, 0.5741256743479795643, 0.5839103732904274979, 0.5888025099571129184, 0.5936948870921310295, 0.6034802570695237955, 0.6083732629279983151, 0.6132670174491504644, 0.6181607888084421631, 0.6328448977697437305, 0.6377400048144529210, 0.6475310188594384231, 0.6524266639442962701, 0.6573223070325384665, 0.6720088366686755021, 0.6866949943413086510, 0.6964856408231802076, 0.7013809593034652234, 0.7111716334332569556, 0.7160669967857112850, 0.7209623754845436716, 0.7258577676409336821, 0.7307531674997088667, 0.7356485760344052549, 0.7405439893939705920, 0.7454394056501415511, 0.7503348219063126212, 0.7552302362312728334, 0.7601256438014164507, 0.7699164473735281566, 0.7748118433799877636, 0.7797072374611319079, 0.7846026286553553497, 0.7894980198495789026, 0.7943934100817763300, 0.8041841905461709628, 0.8090795817403945156, 0.8139749748590914269, 0.8286611590276989903, 0.8335565540714305888, 0.8384519510407586473, 0.8433473489730952677, 0.8482427449795548746, 0.8580335369924741995, 0.8629289329989339175, 0.8678243280426656270, 0.8727197240491252339, 0.8776151190928569434, 0.8874059091803203625, 0.8923013042240519610, 0.8971967002305117900, 0.9020920952742434995, 0.9118828853617069186, 0.9167782804054386281, 0.9216736764118982350, 0.9265690714556299445, 0.9314644664993616541, 0.9363598615430933636, 0.9412552575495530816, 0.9461506525932847911, 0.9559414426807482101, 0.9608368377244799197, 0.9657322337309395266, 0.9755230238184029457, 0.9804184188621346552, 0.9853138129432787995, 0.9877615099838508161, 0.9926569059903105341, 1.000000000000000000 ),
 .UNSPECIFIED. ) ;
#234 = CARTESIAN_POINT ( 'NONE',  ( 134.2799997347833312, -2.029546111950618403, 0.000000000000000000 ) ) ;
#235 = DIRECTION ( 'NONE',  ( 3.237210070271188716E-11, 1.364977322153203897E-10, 1.000000000000000000 ) ) ;
#236 = CARTESIAN_POINT ( 'NONE',  ( 73.37630828794547710, -2.795864536028896730, 519.0000000000001137 ) ) ;
#237 = DIRECTION ( 'NONE',  ( 0.9730344131650560113, -0.2306599895875640904, -3.794619245946443717E-16 ) ) ;
#238 = CARTESIAN_POINT ( 'NONE',  ( 158.2810770270742751, -1.148108467985700321, 339.9999999974029947 ) ) ;
#239 = CARTESIAN_POINT ( 'NONE',  ( 140.1932413103921817, 8.825440789857415425, 519.0000000000000000 ) ) ;
#240 = EDGE_LOOP ( 'NONE', ( #1562, #19, #396, #1238 ) ) ;
#241 = CARTESIAN_POINT ( 'NONE',  ( 158.2810769331593974, -1.148108345029575705, 402.9999999974028810 ) ) ;
#242 = CARTESIAN_POINT ( 'NONE',  ( 184.3164905791851709, -0.1919640070870521076, 410.9999999963954451 ) ) ;
#243 = CARTESIAN_POINT ( 'NONE',  ( 3.558422940340768115, -3.768418143996778102, 0.000000000000000000 ) ) ;
#244 = ORIENTED_EDGE ( 'NONE', *, *, #779, .F. ) ;
#245 = CARTESIAN_POINT ( 'NONE',  ( 157.8456345169163626, 6.326690722555857960, 293.9999999963964115 ) ) ;
#246 = CARTESIAN_POINT ( 'NONE',  ( 5.566720684578323919, 6.151736426088713294, 0.000000000000000000 ) ) ;
#247 = ADVANCED_FACE ( 'NONE', ( #2441 ), #1572, .F. ) ;
#248 = CARTESIAN_POINT ( 'NONE',  ( 27.97499318628119269, -5.648687086065865337, 0.000000000000000000 ) ) ;
#249 = CARTESIAN_POINT ( 'NONE',  ( 152.3164905658815940, 2.848761162216896903, -2.949751554126578412E-09 ) ) ;
#250 = CARTESIAN_POINT ( 'NONE',  ( 75.77835908813581511, 5.457045420725484597, 519.0000000000001137 ) ) ;
#251 = FACE_OUTER_BOUND ( 'NONE', #1898, .T. ) ;
#252 = CARTESIAN_POINT ( 'NONE',  ( 173.4457206968982064, 3.149421175158712671, 0.000000000000000000 ) ) ;
#253 = CARTESIAN_POINT ( 'NONE',  ( 69.42144965384913746, -0.7422812524686428493, 519.0000000000000000 ) ) ;
#254 = VERTEX_POINT ( 'NONE', #1136 ) ;
#255 = LINE ( 'NONE', #945, #73 ) ;
#256 = CARTESIAN_POINT ( 'NONE',  ( 76.16020216741267745, -3.205132286033631761, 519.0000000000001137 ) ) ;
#257 = ORIENTED_EDGE ( 'NONE', *, *, #2828, .F. ) ;
#258 = DIRECTION ( 'NONE',  ( -0.6427876082896981647, -0.7660444442910668839, 1.254072553480010699E-10 ) ) ;
#259 = CARTESIAN_POINT ( 'NONE',  ( 0.7887380528272963653, 1.731182989137081130, 0.000000000000000000 ) ) ;
#260 = CARTESIAN_POINT ( 'NONE',  ( 37.30011936909586012, -5.533679482725345267, 0.000000000000000000 ) ) ;
#261 = CARTESIAN_POINT ( 'NONE',  ( 186.7229695977677864, -0.1035804967054898135, 291.9999999969076043 ) ) ;
#262 = CARTESIAN_POINT ( 'NONE',  ( 43.63409746381734777, -5.357289352544244210, 0.000000000000000000 ) ) ;
#263 = AXIS2_PLACEMENT_3D ( 'NONE', #2747, #768, #2592 ) ;
#264 = CARTESIAN_POINT ( 'NONE',  ( 154.9273051557552776, 2.848761220308446696, 407.9999999969658120 ) ) ;
#265 = EDGE_CURVE ( 'NONE', #1248, #1868, #2237, .T. ) ;
#266 = AXIS2_PLACEMENT_3D ( 'NONE', #1101, #1507, #1755 ) ;
#267 = CARTESIAN_POINT ( 'NONE',  ( 76.53609271669773761, 5.782334730455495730, 519.0000000000000000 ) ) ;
#268 = FACE_BOUND ( 'NONE', #1505, .T. ) ;
#269 = CARTESIAN_POINT ( 'NONE',  ( 158.2810766331547825, -1.148107975414535131, 471.9999999977271727 ) ) ;
#270 = CARTESIAN_POINT ( 'NONE',  ( 138.0456337623793388, -1.891206702420519248, 519.0000000000005684 ) ) ;
#271 = ORIENTED_EDGE ( 'NONE', *, *, #907, .F. ) ;
#272 = CARTESIAN_POINT ( 'NONE',  ( 157.8174600104636340, 6.293113658359342999, 347.2037600459532882 ) ) ;
#273 = B_SPLINE_CURVE_WITH_KNOTS ( 'NONE', 3,
 ( #1055, #363, #596, #1450, #109, #1917, #2331, #1884, #2529, #378 ),
 .UNSPECIFIED., .F., .F.,
 ( 4, 1, 1, 1, 1, 1, 1, 4 ),
 ( 0.003030192517171713569, 0.005110304884257070752, 0.009054657690478761650, 0.01694336330292215559, 0.02088771610914385082, 0.02483206891536554606, 0.02877642172158723782, 0.03019334926735827568 ),
 .UNSPECIFIED. ) ;
#274 = CARTESIAN_POINT ( 'NONE',  ( 184.2981405711888669, 0.3076995629499202356, 478.9999999963620780 ) ) ;
#275 = CARTESIAN_POINT ( 'NONE',  ( 39.16509674751331005, -5.487787961482684551, 0.000000000000000000 ) ) ;
#276 = VECTOR ( 'NONE', #4, 1000.000000000000000 ) ;
#277 = DIRECTION ( 'NONE',  ( 0.000000000000000000, 1.000000000000000000, -1.365763845818031077E-10 ) ) ;
#278 = CARTESIAN_POINT ( 'NONE',  ( 100.5408841733914613, -3.273789429513953131, 518.9999999999995453 ) ) ;
#279 = CARTESIAN_POINT ( 'NONE',  ( 169.7156626174939049, 3.977154496513389592, 0.000000000000000000 ) ) ;
#280 = CARTESIAN_POINT ( 'NONE',  ( 69.42149564777868420, 0.4230601318362575691, 519.0000000000000000 ) ) ;
#281 = ORIENTED_EDGE ( 'NONE', *, *, #2861, .F. ) ;
#282 = CARTESIAN_POINT ( 'NONE',  ( 184.3164905757645329, 0.6287355255228006534, 305.3201985779560346 ) ) ;
#283 = EDGE_CURVE ( 'NONE', #588, #634, #2489, .T. ) ;
#284 = PLANE ( 'NONE',  #1375 ) ;
#285 = CARTESIAN_POINT ( 'NONE',  ( 126.9725547312169880, -2.297953459282296329, 0.000000000000000000 ) ) ;
#286 = ORIENTED_EDGE ( 'NONE', *, *, #1216, .F. ) ;
#287 = CARTESIAN_POINT ( 'NONE',  ( 184.3164905773866451, 0.6286037134671477178, 355.4366344276577365 ) ) ;
#288 = CARTESIAN_POINT ( 'NONE',  ( 24.24487909507622874, -5.622791166913996719, 0.000000000000000000 ) ) ;
#289 = DIRECTION ( 'NONE',  ( 0.6427876082896982757, 0.7660444442910668839, 0.000000000000000000 ) ) ;
#290 = CARTESIAN_POINT ( 'NONE',  ( 126.9725547312169880, -2.297953459282296329, 0.000000000000000000 ) ) ;
#291 =( NAMED_UNIT ( * ) PLANE_ANGLE_UNIT ( ) SI_UNIT ( $, .RADIAN. ) );
#292 = CARTESIAN_POINT ( 'NONE',  ( 82.21953940048780396, 7.718665173051872053, 519.0000000000000000 ) ) ;
#293 = ORIENTED_EDGE ( 'NONE', *, *, #1543, .F. ) ;
#294 = DIRECTION ( 'NONE',  ( 3.236706039475319645E-11, 1.365489264352208951E-10, 1.000000000000000000 ) ) ;
#295 = TRIMMED_CURVE ( 'NONE', #385, ( PARAMETER_VALUE ( 0.000000000000000000 ), #104 ), ( PARAMETER_VALUE ( 0.9999999999999713562 ), #2536 ), .T., .PARAMETER. ) ;
#296 = DIRECTION ( 'NONE',  ( -0.9993263277176600567, -0.03670000995007626637, 3.930019718118133743E-11 ) ) ;
#297 = EDGE_CURVE ( 'NONE', #1893, #2313, #174, .T. ) ;
#298 = CARTESIAN_POINT ( 'NONE',  ( 165.5492619388357980, -0.8811842448348465862, 519.0000000000009095 ) ) ;
#299 = ORIENTED_EDGE ( 'NONE', *, *, #1990, .F. ) ;
#300 = CARTESIAN_POINT ( 'NONE',  ( 155.7483116785984123, -1.241123887528995162, 516.6375577025662551 ) ) ;
#301 = ADVANCED_FACE ( 'NONE', ( #924 ), #1390, .T. ) ;
#302 = CARTESIAN_POINT ( 'NONE',  ( 147.3356516442727013, 8.536941453396611479, 0.000000000000000000 ) ) ;
#303 = PLANE ( 'NONE',  #139 ) ;
#304 = CARTESIAN_POINT ( 'NONE',  ( 149.2971202465986664, -1.478067672338626792, 518.9999999999992042 ) ) ;
#305 = B_SPLINE_CURVE_WITH_KNOTS ( 'NONE', 3,
 ( #2287, #300, #1635, #344, #1211, #2095, #1661, #106, #1445, #2327, #2802, #1741, #2771 ),
 .UNSPECIFIED., .F., .F.,
 ( 4, 3, 3, 3, 4 ),
 ( 0.002000000002502222863, 0.003087326887296959910, 0.01543663443648524147, 0.06483386463323832782, 0.2270000000036824228 ),
 .UNSPECIFIED. ) ;
#306 = CARTESIAN_POINT ( 'NONE',  ( 63.40991376398628887, 17.06779289638516772, 0.000000000000000000 ) ) ;
#307 = PRODUCT_RELATED_PRODUCT_CATEGORY ( 'part', '', ( #1905 ) ) ;
#308 = CARTESIAN_POINT ( 'NONE',  ( 69.54484481052756450, -0.9698001219950926899, 519.0000000000000000 ) ) ;
#309 = CARTESIAN_POINT ( 'NONE',  ( 184.2981405693813883, 0.3076991393006641706, 410.9999999963619643 ) ) ;
#310 = VECTOR ( 'NONE', #1538, 1000.000000000000000 ) ;
#311 = VECTOR ( 'NONE', #1298, 1000.000000000000000 ) ;
#312 = CARTESIAN_POINT ( 'NONE',  ( 181.9645420430443892, -0.2783424092574739994, 293.9999999969162445 ) ) ;
#313 = CARTESIAN_POINT ( 'NONE',  ( 45.38192303525772786, -5.299704420642469493, 0.000000000000000000 ) ) ;
#314 = DIRECTION ( 'NONE',  ( 0.000000000000000000, 1.000000000000000000, -1.364654370235560788E-10 ) ) ;
#315 = ORIENTED_EDGE ( 'NONE', *, *, #265, .T. ) ;
#316 = DIRECTION ( 'NONE',  ( -0.6427876082896981647, -0.7660444442910669949, 0.000000000000000000 ) ) ;
#317 = EDGE_CURVE ( 'NONE', #2185, #2356, #1978, .T. ) ;
#318 = DIRECTION ( 'NONE',  ( 0.9993261632555366925, 0.03670448791317491855, 0.000000000000000000 ) ) ;
#319 = CARTESIAN_POINT ( 'NONE',  ( 164.9977883652322816, 4.839356961339421836, 475.9999999963690698 ) ) ;
#320 = CARTESIAN_POINT ( 'NONE',  ( 75.22741423254433357, -3.102491599857875038, 519.0000000000001137 ) ) ;
#321 = CARTESIAN_POINT ( 'NONE',  ( 110.0356515311825518, 14.35742611136421765, 0.000000000000000000 ) ) ;
#322 = CARTESIAN_POINT ( 'NONE',  ( 168.7848821104279580, -0.7623451471078529496, 519.0000000000000000 ) ) ;
#323 = EDGE_LOOP ( 'NONE', ( #2392, #1607, #1474, #2081 ) ) ;
#324 = LINE ( 'NONE', #2076, #2672 ) ;
#325 = CARTESIAN_POINT ( 'NONE',  ( 184.3164905789243448, -0.1919640544441086616, 402.9417820719754673 ) ) ;
#326 = CARTESIAN_POINT ( 'NONE',  ( 184.0133332123739649, -0.2031000395788941093, 0.000000000000000000 ) ) ;
#327 = DIRECTION ( 'NONE',  ( 3.236595578333391206E-11, 1.366069433417221728E-10, 1.000000000000000000 ) ) ;
#328 = EDGE_LOOP ( 'NONE', ( #2578, #572, #2628, #1344 ) ) ;
#329 = CARTESIAN_POINT ( 'NONE',  ( 184.3164905790233377, 37.87342866141124631, 405.9999999912319595 ) ) ;
#330 = VECTOR ( 'NONE', #277, 1000.000000000000000 ) ;
#331 = CARTESIAN_POINT ( 'NONE',  ( 184.3164905813862049, -0.1919636007171223457, 478.9999999964296649 ) ) ;
#332 = CARTESIAN_POINT ( 'NONE',  ( 139.2547329543069168, 10.00021856727265401, 0.000000000000000000 ) ) ;
#333 = EDGE_CURVE ( 'NONE', #1183, #576, #1377, .T. ) ;
#334 = CARTESIAN_POINT ( 'NONE',  ( 158.2810769493940199, -1.148108364377225188, 402.9999999973764488 ) ) ;
#335 = CARTESIAN_POINT ( 'NONE',  ( 185.5847936301895515, 0.3287217222359261060, 519.0000000000000000 ) ) ;
#336 = CARTESIAN_POINT ( 'NONE',  ( 147.3356516442727013, 8.536941453396611479, 0.000000000000000000 ) ) ;
#337 = CARTESIAN_POINT ( 'NONE',  ( 175.8350842787930333, -0.5034363346386764304, 519.0000000000000000 ) ) ;
#338 = ORIENTED_EDGE ( 'NONE', *, *, #2739, .T. ) ;
#339 = CARTESIAN_POINT ( 'NONE',  ( 74.79157597992012541, 17.01967439959730655, 0.000000000000000000 ) ) ;
#340 = B_SPLINE_CURVE_WITH_KNOTS ( 'NONE', 3,
 ( #1812, #473, #269, #2713 ),
 .UNSPECIFIED., .F., .F.,
 ( 4, 4 ),
 ( 1.512567848749313473E-12, 0.003000000001052383070 ),
 .UNSPECIFIED. ) ;
#341 = CARTESIAN_POINT ( 'NONE',  ( 187.3164905826809843, -0.08178092353511093315, 259.5000000000000000 ) ) ;
#342 = CARTESIAN_POINT ( 'NONE',  ( 89.51999994725915144, -3.673788567377311409, 0.000000000000000000 ) ) ;
#343 = VERTEX_POINT ( 'NONE', #2682 ) ;
#344 = CARTESIAN_POINT ( 'NONE',  ( 155.7483116712213871, -1.241123878864410335, 515.9126731127030325 ) ) ;
#345 = CARTESIAN_POINT ( 'NONE',  ( 158.2544543702621240, 6.248453788491034722, 293.9999999963572463 ) ) ;
#346 = CARTESIAN_POINT ( 'NONE',  ( 76.64146803727241775, 5.825206769273492569, 519.0000000000000000 ) ) ;
#347 = CARTESIAN_POINT ( 'NONE',  ( 152.9299999664222582, -1.344629085735297380, 0.000000000000000000 ) ) ;
#348 = CARTESIAN_POINT ( 'NONE',  ( 154.9273051520652587, 2.848761204742080277, 293.9999999969658120 ) ) ;
#349 = CARTESIAN_POINT ( 'NONE',  ( 186.9306713219489211, -0.09595177076488752010, 518.9999999999998863 ) ) ;
#350 = CARTESIAN_POINT ( 'NONE',  ( 128.6856002384853923, 11.75491363938067124, 0.000000000000000000 ) ) ;
#351 = CARTESIAN_POINT ( 'NONE',  ( 77.52297355036017734, -3.310627103792414427, 519.0000000000000000 ) ) ;
#352 = VERTEX_POINT ( 'NONE', #83 ) ;
#353 = CARTESIAN_POINT ( 'NONE',  ( 146.3076680109873280, 8.000423823607430762, 518.9999999999994316 ) ) ;
#354 = ADVANCED_FACE ( 'NONE', ( #1163 ), #54, .F. ) ;
#355 = CARTESIAN_POINT ( 'NONE',  ( 184.3164905811577228, 0.6281993193796788777, 471.9417820722159149 ) ) ;
#356 = CARTESIAN_POINT ( 'NONE',  ( 113.7650004060434696, -2.783004394769736489, 0.000000000000000000 ) ) ;
#357 = ORIENTED_EDGE ( 'NONE', *, *, #2601, .T. ) ;
#358 = CARTESIAN_POINT ( 'NONE',  ( 157.8737946615448777, -0.6627282221993342493, 473.9999999973498461 ) ) ;
#359 = CARTESIAN_POINT ( 'NONE',  ( 154.9273051520652587, 2.848761204742080277, 293.9999999969658120 ) ) ;
#360 = CARTESIAN_POINT ( 'NONE',  ( 70.73546980383574123, 2.096073090900146152, 519.0000000000011369 ) ) ;
#361 = ORIENTED_EDGE ( 'NONE', *, *, #1814, .T. ) ;
#362 = CARTESIAN_POINT ( 'NONE',  ( 159.7715808827860826, 6.095851714772187790, 0.000000000000000000 ) ) ;
#363 = CARTESIAN_POINT ( 'NONE',  ( 158.4174975723121293, 6.072254896661444690, 473.9999999963675918 ) ) ;
#364 = CARTESIAN_POINT ( 'NONE',  ( 158.2627266045674048, -0.6484447900062213499, 470.9999999973352942 ) ) ;
#365 = CARTESIAN_POINT ( 'NONE',  ( 41.02798491655703828, 16.06967701289098471, 0.000000000000000000 ) ) ;
#366 = CARTESIAN_POINT ( 'NONE',  ( 78.69843771001174559, -3.375311029355241743, 519.0000000000000000 ) ) ;
#367 = ORIENTED_EDGE ( 'NONE', *, *, #2654, .F. ) ;
#368 = CARTESIAN_POINT ( 'NONE',  ( 175.8304830690504161, 2.567607016257641206, 518.9999999999998863 ) ) ;
#369 = LINE ( 'NONE', #995, #838 ) ;
#370 = B_SPLINE_CURVE_WITH_KNOTS ( 'NONE', 3,
 ( #2152, #1722, #646, #1954, #2599, #617, #1503, #2626, #1738 ),
 .UNSPECIFIED., .F., .F.,
 ( 4, 1, 1, 1, 1, 1, 4 ),
 ( 2.843525609543741372E-17, 0.001746273865065726960, 0.005979323035047443176, 0.01021237220502916113, 0.01444542137501087474, 0.02291151971497431064, 0.02712766679637675094 ),
 .UNSPECIFIED. ) ;
#371 = CARTESIAN_POINT ( 'NONE',  ( 158.5250000455471593, -1.139151240169913315, 0.000000000000000000 ) ) ;
#372 = ADVANCED_FACE ( 'NONE', ( #1833 ), #728, .F. ) ;
#373 = EDGE_LOOP ( 'NONE', ( #856, #2362, #746, #1856, #2801, #1210 ) ) ;
#374 = FACE_OUTER_BOUND ( 'NONE', #373, .T. ) ;
#375 = CARTESIAN_POINT ( 'NONE',  ( 175.7784995409010662, 2.579584034170282703, 514.9999999963711161 ) ) ;
#376 = CARTESIAN_POINT ( 'NONE',  ( 75.77835908813581511, 5.457045420725484597, 519.0000000000001137 ) ) ;
#377 = CARTESIAN_POINT ( 'NONE',  ( 42.89374309746268921, 16.23802986701625883, 0.000000000000000000 ) ) ;
#378 = CARTESIAN_POINT ( 'NONE',  ( 184.3164905812244001, 0.6281906656577322945, 473.9999999963176833 ) ) ;
#379 = CARTESIAN_POINT ( 'NONE',  ( 182.5314947306296460, -0.2575301722529238502, 0.000000000000000000 ) ) ;
#380 = CARTESIAN_POINT ( 'NONE',  ( 3.761120103131833758, 4.772947774574916480, 0.000000000000000000 ) ) ;
#381 = CARTESIAN_POINT ( 'NONE',  ( 148.8093103599878475, -1.495975580187852039, 519.0000000000000000 ) ) ;
#382 = VERTEX_POINT ( 'NONE', #2491 ) ;
#383 = CARTESIAN_POINT ( 'NONE',  ( 93.92662808862401391, 9.971790665057401526, 519.0000000000007958 ) ) ;
#384 = LINE ( 'NONE', #1426, #1811 ) ;
#385 = LINE ( 'NONE', #1267, #1855 ) ;
#386 = VERTEX_POINT ( 'NONE', #1848 ) ;
#387 = LINE ( 'NONE', #2357, #2396 ) ;
#388 = ADVANCED_FACE ( 'NONE', ( #2720 ), #303, .F. ) ;
#389 = CARTESIAN_POINT ( 'NONE',  ( 158.8015077627209735, 5.962365817662217182, 514.9999999963708888 ) ) ;
#390 = CARTESIAN_POINT ( 'NONE',  ( 0.1058519167028005720, 0.5357566850057770003, 0.000000000000000000 ) ) ;
#391 = VERTEX_POINT ( 'NONE', #1587 ) ;
#392 = EDGE_CURVE ( 'NONE', #1942, #2281, #977, .T. ) ;
#393 = CARTESIAN_POINT ( 'NONE',  ( 123.0907996887146112, 12.60924782168897984, 0.000000000000000000 ) ) ;
#394 = FACE_BOUND ( 'NONE', #213, .T. ) ;
#395 = CARTESIAN_POINT ( 'NONE',  ( 0.2723202859128955877, -1.286439555938088786, 0.000000000000000000 ) ) ;
#396 = ORIENTED_EDGE ( 'NONE', *, *, #2160, .F. ) ;
#397 = CARTESIAN_POINT ( 'NONE',  ( 122.2277120901711385, 12.74610603783550467, 0.000000000000000000 ) ) ;
#398 = LINE ( 'NONE', #412, #784 ) ;
#399 = CARTESIAN_POINT ( 'NONE',  ( 138.2349169785410652, 9.063024953461702893, 519.0000000000000000 ) ) ;
#400 = ORIENTED_EDGE ( 'NONE', *, *, #1877, .T. ) ;
#401 = CARTESIAN_POINT ( 'NONE',  ( 184.3164905791851709, -0.1919640243808310442, 410.9999999964295512 ) ) ;
#402 = CARTESIAN_POINT ( 'NONE',  ( 157.8737946617067109, -0.6627282215165855028, 478.9999999973498461 ) ) ;
#403 = CARTESIAN_POINT ( 'NONE',  ( 80.17068749683056694, 7.099976324627711222, 519.0000000000004547 ) ) ;
#404 = VERTEX_POINT ( 'NONE', #2515 ) ;
#405 = CARTESIAN_POINT ( 'NONE',  ( 35.43218063773086612, 15.40499870412437211, 0.000000000000000000 ) ) ;
#406 = EDGE_CURVE ( 'NONE', #2340, #2613, #2469, .T. ) ;
#407 = CARTESIAN_POINT ( 'NONE',  ( 92.63593509028642359, 16.07812253983296458, 0.000000000000000000 ) ) ;
#408 = CARTESIAN_POINT ( 'NONE',  ( 14.90671704943204112, 10.52718434432603800, 0.000000000000000000 ) ) ;
#409 = PLANE ( 'NONE',  #2593 ) ;
#410 = CARTESIAN_POINT ( 'NONE',  ( 5.741414752532628896, -4.245057524540873928, 0.000000000000000000 ) ) ;
#411 = B_SPLINE_CURVE_WITH_KNOTS ( 'NONE', 3,
 ( #2146, #2793, #156, #1051, #1420, #2304, #319, #2016, #2044, #2203 ),
 .UNSPECIFIED., .F., .F.,
 ( 4, 1, 1, 1, 1, 1, 1, 4 ),
 ( 0.000000000000000000, 0.001407238301008202413, 0.005343092463006547839, 0.009278946625004894783, 0.01321480078700323739, 0.02108650911099993128, 0.02502236327299826868, 0.02716424144280001063 ),
 .UNSPECIFIED. ) ;
#412 = CARTESIAN_POINT ( 'NONE',  ( 158.2810770271713920, -1.148108467576062219, 342.9999999974029947 ) ) ;
#413 = CARTESIAN_POINT ( 'NONE',  ( 105.7246598012034013, 10.65801917585687697, 519.0000000000000000 ) ) ;
#414 = EDGE_LOOP ( 'NONE', ( #667, #2756, #2553, #842, #2368 ) ) ;
#415 = CARTESIAN_POINT ( 'NONE',  ( 184.3164905789262207, 0.3083730379156788826, 402.9999999963612822 ) ) ;
#416 = CARTESIAN_POINT ( 'NONE',  ( 184.3164905790233377, -0.1919640365446505237, 405.9999999964296649 ) ) ;
#417 = VECTOR ( 'NONE', #540, 1000.000000000000000 ) ;
#418 = CARTESIAN_POINT ( 'NONE',  ( 72.91573782030977213, -2.706546409246261664, 518.9999999999998863 ) ) ;
#419 = ORIENTED_EDGE ( 'NONE', *, *, #602, .T. ) ;
#420 = CARTESIAN_POINT ( 'NONE',  ( 41.02798491655703828, 16.06967701289098471, 0.000000000000000000 ) ) ;
#421 = CARTESIAN_POINT ( 'NONE',  ( 179.4939288077652009, 1.752396505201057053, 519.0000000000002274 ) ) ;
#422 = VECTOR ( 'NONE', #549, 1000.000000000000000 ) ;
#423 = EDGE_CURVE ( 'NONE', #576, #404, #2318, .T. ) ;
#424 = CARTESIAN_POINT ( 'NONE',  ( 6.526095906553403658, -4.401952341291249127, 0.000000000000000000 ) ) ;
#425 = DIRECTION ( 'NONE',  ( 0.000000000000000000, 0.000000000000000000, 1.000000000000000000 ) ) ;
#426 = CARTESIAN_POINT ( 'NONE',  ( 158.2810766147647428, -1.148107953673263459, 470.9999999974029379 ) ) ;
#427 = CARTESIAN_POINT ( 'NONE',  ( 3.558422940340768115, -3.768418143996778102, 0.000000000000000000 ) ) ;
#428 = LINE ( 'NONE', #194, #276 ) ;
#429 = CARTESIAN_POINT ( 'NONE',  ( 162.5189617324028859, 5.275540002451347021, 519.0000000000000000 ) ) ;
#430 = EDGE_LOOP ( 'NONE', ( #1540, #1131, #1154, #2419 ) ) ;
#431 = DIRECTION ( 'NONE',  ( 3.236706039475319645E-11, 1.365489264352208951E-10, 1.000000000000000000 ) ) ;
#432 = CARTESIAN_POINT ( 'NONE',  ( 177.4697277261538488, -0.4433996832267049215, 405.9999999969164151 ) ) ;
#433 = CARTESIAN_POINT ( 'NONE',  ( 9.409784400422310569, -4.877512206354972513, 0.000000000000000000 ) ) ;
#434 = ORIENTED_EDGE ( 'NONE', *, *, #492, .T. ) ;
#435 = LINE ( 'NONE', #1786, #891 ) ;
#436 = CARTESIAN_POINT ( 'NONE',  ( 117.4956653109314857, 13.40376137598837403, 0.000000000000000000 ) ) ;
#437 = CARTESIAN_POINT ( 'NONE',  ( 139.8694997756330167, 9.899595000563314429, 0.000000000000000000 ) ) ;
#438 = CARTESIAN_POINT ( 'NONE',  ( 7.457378027516017305, -4.576319088549287706, 0.000000000000000000 ) ) ;
#439 = PLANE ( 'NONE',  #2640 ) ;
#440 = CARTESIAN_POINT ( 'NONE',  ( -0.01967624726082713507, -0.3235909649903231378, 0.000000000000000000 ) ) ;
#441 = FACE_OUTER_BOUND ( 'NONE', #328, .T. ) ;
#442 = CARTESIAN_POINT ( 'NONE',  ( 181.9064069372916492, 1.193217269745689091, 519.0000000000000000 ) ) ;
#443 = VERTEX_POINT ( 'NONE', #1001 ) ;
#444 = PRESENTATION_STYLE_ASSIGNMENT (( #664 ) ) ;
#445 = EDGE_CURVE ( 'NONE', #1591, #443, #273, .T. ) ;
#446 = CARTESIAN_POINT ( 'NONE',  ( 154.9273051535542152, 2.848761211023245199, 339.9999999969658120 ) ) ;
#447 = CARTESIAN_POINT ( 'NONE',  ( 78.34410725482320004, -3.358482448414405575, 518.9999999999998863 ) ) ;
#448 = ORIENTED_EDGE ( 'NONE', *, *, #1256, .T. ) ;
#449 = CARTESIAN_POINT ( 'NONE',  ( 157.8420100144358003, 6.322371209393076619, 301.2037605216281122 ) ) ;
#450 = CARTESIAN_POINT ( 'NONE',  ( 9.314897154339250918, 8.257678079015390082, 0.000000000000000000 ) ) ;
#451 = VECTOR ( 'NONE', #794, 1000.000000000000000 ) ;
#452 = VECTOR ( 'NONE', #2282, 1000.000000000000227 ) ;
#453 = CARTESIAN_POINT ( 'NONE',  ( 132.4150000423255449, -2.098051152421996246, 0.000000000000000000 ) ) ;
#454 = CARTESIAN_POINT ( 'NONE',  ( 9.517182605014063241E-09, 4.014447704982593411E-08, 294.0000000023699727 ) ) ;
#455 = CARTESIAN_POINT ( 'NONE',  ( 6.471609468543356058, -4.390733250623552131, 0.000000000000000000 ) ) ;
#456 = DIRECTION ( 'NONE',  ( -0.9993263273340851072, -0.03670002039466488397, 0.000000000000000000 ) ) ;
#457 =( NAMED_UNIT ( * ) SI_UNIT ( $, .STERADIAN. ) SOLID_ANGLE_UNIT ( ) );
#458 = CARTESIAN_POINT ( 'NONE',  ( 179.7524444840647959, 1.688530127207719556, 519.0000000000000000 ) ) ;
#459 = ORIENTED_EDGE ( 'NONE', *, *, #946, .T. ) ;
#460 =( NAMED_UNIT ( * ) PLANE_ANGLE_UNIT ( ) SI_UNIT ( $, .RADIAN. ) );
#461 = CARTESIAN_POINT ( 'NONE',  ( 183.6431662265477485, 0.7876845168549038156, 337.9999999963593496 ) ) ;
#462 = EDGE_CURVE ( 'NONE', #2549, #1595, #2762, .T. ) ;
#463 = CARTESIAN_POINT ( 'NONE',  ( 79.90582349855121436, -3.437168282320685719, 519.0000000000007958 ) ) ;
#464 = ORIENTED_EDGE ( 'NONE', *, *, #994, .T. ) ;
#465 = CARTESIAN_POINT ( 'NONE',  ( 158.2810765495142959, -1.148107872109035643, 492.7089103737543496 ) ) ;
#466 = CARTESIAN_POINT ( 'NONE',  ( 29.84003961220892265, -5.644176688354449745, 0.000000000000000000 ) ) ;
#467 = CARTESIAN_POINT ( 'NONE',  ( 69.00499817281827575, -4.424423016946223974, 0.000000000000000000 ) ) ;
#468 = DIRECTION ( 'NONE',  ( -0.9993263273340851072, -0.03670002039466488397, 3.735800493294763389E-11 ) ) ;
#469 = CARTESIAN_POINT ( 'NONE',  ( 11.65430740414875466, 9.293704109497131327, 0.000000000000000000 ) ) ;
#470 = CLOSED_SHELL ( 'NONE', ( #1416, #1580, #2509, #372, #2755, #2249, #208, #1397, #247, #873, #388, #2493, #855, #115, #1727, #1699, #2689, #2040, #1626, #1791, #1471, #1935, #1050, #479, #354, #66, #301, #1292, #1172, #2141, #1721, #1135, #1861, #2285, #1564, #760, #2144, #2299, #82, #744, #1758, #1631, #1491, #172, #2705 ) ) ;
#471 = CARTESIAN_POINT ( 'NONE',  ( 182.1035930536550325, -0.2732350801793161921, 339.9999999969161877 ) ) ;
#472 = CARTESIAN_POINT ( 'NONE',  ( 74.58016417720824620, 4.881893797494500475, 519.0000000000000000 ) ) ;
#473 = CARTESIAN_POINT ( 'NONE',  ( 158.2810766284947022, -1.148107969685736585, 472.9999999980780103 ) ) ;
#474 = CARTESIAN_POINT ( 'NONE',  ( 72.30290594963643969, -2.581129778582611500, 518.9999999999996589 ) ) ;
#475 = ORIENTED_EDGE ( 'NONE', *, *, #1662, .F. ) ;
#476 = CARTESIAN_POINT ( 'NONE',  ( 154.9273051520652587, 2.848761204742080277, 293.9999999969658120 ) ) ;
#477 = CARTESIAN_POINT ( 'NONE',  ( 2.967434481146856484, 4.048937811638571915, 0.000000000000000000 ) ) ;
#478 = B_SPLINE_CURVE_WITH_KNOTS ( 'NONE', 3,
 ( #1742, #884, #870, #242 ),
 .UNSPECIFIED., .F., .F.,
 ( 4, 4 ),
 ( 5.197731134387595375E-12, 0.003000000005163538930 ),
 .UNSPECIFIED. ) ;
#479 = ADVANCED_FACE ( 'NONE', ( #1666 ), #1201, .F. ) ;
#480 = CARTESIAN_POINT ( 'NONE',  ( 111.9000001793108368, -2.851451552831979264, 0.000000000000000000 ) ) ;
#481 = CARTESIAN_POINT ( 'NONE',  ( 154.9273051579563685, 2.848761229593647748, 475.9999999969658120 ) ) ;
#482 = CARTESIAN_POINT ( 'NONE',  ( 93.03866594725826644, -3.512153589331145742, 519.0000000000003411 ) ) ;
#483 = CARTESIAN_POINT ( 'NONE',  ( 158.2810770139587930, -1.148108457076238764, 313.0422437069510124 ) ) ;
#484 = CARTESIAN_POINT ( 'NONE',  ( 69.64359048623546755, 0.8398363576061369518, 519.0000000000000000 ) ) ;
#485 = VERTEX_POINT ( 'NONE', #782 ) ;
#486 = LINE ( 'NONE', #2629, #1937 ) ;
#487 = DIRECTION ( 'NONE',  ( 0.000000000000000000, -1.000000000000000000, 1.365473910498702627E-10 ) ) ;
#488 = PLANE ( 'NONE',  #1373 ) ;
#489 = EDGE_LOOP ( 'NONE', ( #2377, #1168, #1740, #2487 ) ) ;
#490 = CARTESIAN_POINT ( 'NONE',  ( 181.8190141971495848, 1.216550781712945506, 407.9999999963632717 ) ) ;
#491 = CARTESIAN_POINT ( 'NONE',  ( 57.81498407851582044, -4.835908129179578019, 0.000000000000000000 ) ) ;
#492 = EDGE_CURVE ( 'NONE', #164, #2356, #1228, .T. ) ;
#493 = CARTESIAN_POINT ( 'NONE',  ( 155.5495213003265746, 6.701737205182904944, 367.0000228955669286 ) ) ;
#494 = CARTESIAN_POINT ( 'NONE',  ( 130.5446394409806032, -2.166538803071555552, 519.0000000000001137 ) ) ;
#495 = VECTOR ( 'NONE', #857, 1000.000000000000000 ) ;
#496 = DIRECTION ( 'NONE',  ( 0.6427876096865403621, -0.7660444431189771253, 0.000000000000000000 ) ) ;
#497 = CARTESIAN_POINT ( 'NONE',  ( 158.2810770240506031, -1.148108465994026384, 330.7962372614023252 ) ) ;
#498 = CARTESIAN_POINT ( 'NONE',  ( 75.75731051171894137, 5.444658542118991029, 519.0000000000000000 ) ) ;
#499 = ORIENTED_EDGE ( 'NONE', *, *, #2580, .F. ) ;
#500 = CARTESIAN_POINT ( 'NONE',  ( 183.1500407015618919, 0.9050722939112513243, 519.0000000000001137 ) ) ;
#501 = LINE ( 'NONE', #1827, #1009 ) ;
#502 = CARTESIAN_POINT ( 'NONE',  ( 162.6890253046869077, -0.9862314261816695904, 0.000000000000000000 ) ) ;
#503 = VERTEX_POINT ( 'NONE', #2115 ) ;
#504 = LINE ( 'NONE', #1224, #2316 ) ;
#505 = CARTESIAN_POINT ( 'NONE',  ( 74.60000310842843874, -4.221288741058917715, 0.000000000000000000 ) ) ;
#506 = CARTESIAN_POINT ( 'NONE',  ( 187.3164905826809843, -0.08178092353511093315, 291.9999999963175128 ) ) ;
#507 = CARTESIAN_POINT ( 'NONE',  ( 138.0456337623793388, -1.891206702420519248, 519.0000000000005684 ) ) ;
#508 = EDGE_CURVE ( 'NONE', #352, #1330, #1933, .T. ) ;
#509 = CARTESIAN_POINT ( 'NONE',  ( 178.7296674295402568, 1.941881689446232295, 0.000000000000000000 ) ) ;
#510 = CARTESIAN_POINT ( 'NONE',  ( 72.21864096964881696, 3.423604735209768712, 519.0000000000000000 ) ) ;
#511 = CARTESIAN_POINT ( 'NONE',  ( 184.3164905760144165, -0.1919645436065246513, 313.0422437041287367 ) ) ;
#512 = AXIS2_PLACEMENT_3D ( 'NONE', #249, #1611, #289 ) ;
#513 = DIRECTION ( 'NONE',  ( 0.03670000994969945668, -0.9993263277176740456, 1.352659968311630259E-10 ) ) ;
#514 = CARTESIAN_POINT ( 'NONE',  ( 152.3164905826162681, 2.848761232811736210, 516.9999999972740170 ) ) ;
#515 = ORIENTED_EDGE ( 'NONE', *, *, #50, .T. ) ;
#516 = CARTESIAN_POINT ( 'NONE',  ( 158.2810765139451803, -1.148107825815798844, 514.9999999974029379 ) ) ;
#517 = DIRECTION ( 'NONE',  ( -0.9993263273340851072, -0.03670002039466463417, 3.930018598151339874E-11 ) ) ;
#518 = CARTESIAN_POINT ( 'NONE',  ( 145.4700002555863136, -1.618603625837736759, 0.000000000000000000 ) ) ;
#519 = CARTESIAN_POINT ( 'NONE',  ( 182.5147003947564315, -0.2581351762817644113, 475.9999999969164719 ) ) ;
#520 = CARTESIAN_POINT ( 'NONE',  ( 79.35064051868548063, -4.048034973760190169, 0.000000000000000000 ) ) ;
#521 = CARTESIAN_POINT ( 'NONE',  ( 76.46523789417254591, 16.95478606688891432, 0.000000000000000000 ) ) ;
#522 = CARTESIAN_POINT ( 'NONE',  ( 72.23212767713603455, -2.567875650435691881, 519.0000000000000000 ) ) ;
#523 = VERTEX_POINT ( 'NONE', #1715 ) ;
#524 = PLANE ( 'NONE',  #218 ) ;
#525 = LINE ( 'NONE', #75, #590 ) ;
#526 = CARTESIAN_POINT ( 'NONE',  ( 22.37973747820756287, -5.590496226495408116, 0.000000000000000000 ) ) ;
#527 = CARTESIAN_POINT ( 'NONE',  ( 152.7677784200772066, -1.350582513633443948, 0.000000000000000000 ) ) ;
#528 = EDGE_CURVE ( 'NONE', #1656, #776, #1435, .T. ) ;
#529 = EDGE_LOOP ( 'NONE', ( #51, #2090, #1219, #2271, #1725 ) ) ;
#530 = CARTESIAN_POINT ( 'NONE',  ( 1.084465907029553163E-08, 4.572649894679296918E-08, 335.0000000023702000 ) ) ;
#531 = CARTESIAN_POINT ( 'NONE',  ( 177.1750000294207439, -0.4542308012281213725, 0.000000000000000000 ) ) ;
#532 = CARTESIAN_POINT ( 'NONE',  ( 158.2810766380353584, -1.148107981411219392, 470.9708910352948692 ) ) ;
#533 = CARTESIAN_POINT ( 'NONE',  ( 138.8780421716079729, -1.860682216793467125, 0.000000000000000000 ) ) ;
#534 = CARTESIAN_POINT ( 'NONE',  ( 113.7656699224008747, 13.89659074921911497, 0.000000000000000000 ) ) ;
#535 = CARTESIAN_POINT ( 'NONE',  ( 166.8264933159989596, -0.8342830005419246131, 519.0000000000000000 ) ) ;
#536 = EDGE_LOOP ( 'NONE', ( #985, #2407, #2852, #1440 ) ) ;
#537 = VECTOR ( 'NONE', #2198, 1000.000000000000114 ) ;
#538 = CARTESIAN_POINT ( 'NONE',  ( 184.3164905758977739, 0.6287254238199148082, 309.4366344276730842 ) ) ;
#539 = AXIS2_PLACEMENT_3D ( 'NONE', #866, #1533, #2581 ) ;
#540 = DIRECTION ( 'NONE',  ( 0.6427876096865403621, -0.7660444431189771253, 8.379189768199575069E-11 ) ) ;
#541 = CARTESIAN_POINT ( 'NONE',  ( 100.7099997185779472, -3.262149003720056228, 0.000000000000000000 ) ) ;
#542 = CARTESIAN_POINT ( 'NONE',  ( 97.20881913628569748, -3.390685539450152497, 0.000000000000000000 ) ) ;
#543 = ORIENTED_EDGE ( 'NONE', *, *, #317, .F. ) ;
#544 = DIRECTION ( 'NONE',  ( -0.7660444442910669949, 0.6427876082896981647, -6.297483687410074289E-11 ) ) ;
#545 = EDGE_CURVE ( 'NONE', #869, #1414, #753, .T. ) ;
#546 = DIRECTION ( 'NONE',  ( 0.6427876096865214883, -0.7660444431189931125, 8.375494403066302232E-11 ) ) ;
#547 = B_SPLINE_CURVE_WITH_KNOTS ( 'NONE', 3,
 ( #2477, #2452, #2261, #949, #272, #1554, #1596, #1331, #2591, #214 ),
 .UNSPECIFIED., .F., .F.,
 ( 4, 3, 3, 4 ),
 ( 5.169144807116376849E-12, 0.003087326887309884901, 0.01543663443814474040, 0.06600002828691653445 ),
 .UNSPECIFIED. ) ;
#548 = CARTESIAN_POINT ( 'NONE',  ( 181.8375002287669417, -0.2830228960492232604, 0.000000000000000000 ) ) ;
#549 = DIRECTION ( 'NONE',  ( -0.6427876096865410283, 0.7660444431189765702, -8.379558851393717294E-11 ) ) ;
#550 = CARTESIAN_POINT ( 'NONE',  ( 186.5000000000000000, 0.1117699999999999944, 0.000000000000000000 ) ) ;
#551 = VECTOR ( 'NONE', #2106, 1000.000000000000000 ) ;
#552 = CARTESIAN_POINT ( 'NONE',  ( 72.73513643474268520, 17.04393875459618002, 0.000000000000000000 ) ) ;
#553 = CARTESIAN_POINT ( 'NONE',  ( 91.23278780370245045, -3.549968973409880491, 519.0000000000000000 ) ) ;
#554 = ORIENTED_EDGE ( 'NONE', *, *, #1449, .T. ) ;
#555 = CARTESIAN_POINT ( 'NONE',  ( 184.3164905765140702, 0.6286776202188806284, 328.4788781406023759 ) ) ;
#556 = CARTESIAN_POINT ( 'NONE',  ( 184.3164905789234069, -0.1919640546140483628, 402.9126731097654215 ) ) ;
#557 = CARTESIAN_POINT ( 'NONE',  ( 187.3164905826809843, -0.08178092353511093315, 519.0000000000000000 ) ) ;
#558 = VERTEX_POINT ( 'NONE', #141 ) ;
#559 = CARTESIAN_POINT ( 'NONE',  ( 184.3164905812891163, 37.87342867096953825, 475.9999999912319595 ) ) ;
#560 = CARTESIAN_POINT ( 'NONE',  ( 1.314263969877955118E-08, 5.543767654756995360E-08, 406.0000000023699727 ) ) ;
#561 = CARTESIAN_POINT ( 'NONE',  ( 20.10574056168345081, 12.18236301235736008, 0.000000000000000000 ) ) ;
#562 = CARTESIAN_POINT ( 'NONE',  ( 162.2550002588989742, -1.002173716036702356, 0.000000000000000000 ) ) ;
#563 = EDGE_CURVE ( 'NONE', #2297, #1360, #2278, .T. ) ;
#564 = CARTESIAN_POINT ( 'NONE',  ( 184.2981405709299452, 0.3076995618575288360, 470.9999999963620780 ) ) ;
#565 = PLANE ( 'NONE',  #170 ) ;
#566 = CARTESIAN_POINT ( 'NONE',  ( 151.0656556154715702, 7.827831197293621202, 0.000000000000000000 ) ) ;
#567 = CARTESIAN_POINT ( 'NONE',  ( 126.8753494921335800, -2.301616988450885248, 519.0000000000000000 ) ) ;
#568 = EDGE_LOOP ( 'NONE', ( #2589, #515, #1577, #22, #2150 ) ) ;
#569 = CARTESIAN_POINT ( 'NONE',  ( 46.01172133595694191, 16.48707252421954905, 0.000000000000000000 ) ) ;
#570 = CARTESIAN_POINT ( 'NONE',  ( 184.3164905780105016, -0.1919642167138861932, 374.7089103725166979 ) ) ;
#571 = CARTESIAN_POINT ( 'NONE',  ( 140.4966667610159163, -1.801242568965738977, 0.000000000000000000 ) ) ;
#572 = ORIENTED_EDGE ( 'NONE', *, *, #912, .T. ) ;
#573 = CARTESIAN_POINT ( 'NONE',  ( 158.2810769331593974, -1.148108345029575705, 402.9999999974028810 ) ) ;
#574 = FACE_OUTER_BOUND ( 'NONE', #2499, .T. ) ;
#575 = CARTESIAN_POINT ( 'NONE',  ( 69.36427631157002338, 0.3079747948091366427, 519.0000000000003411 ) ) ;
#576 = VERTEX_POINT ( 'NONE', #2098 ) ;
#577 = CARTESIAN_POINT ( 'NONE',  ( 187.3164905826809843, -0.08178092353511093315, 0.000000000000000000 ) ) ;
#578 = B_SPLINE_CURVE_WITH_KNOTS ( 'NONE', 3,
 ( #1792, #717, #2668, #1806, #934, #2300, #2083 ),
 .UNSPECIFIED., .F., .F.,
 ( 4, 1, 1, 1, 4 ),
 ( 5.554836188715818015E-17, 0.006026084057041412520, 0.01447476643663821519, 0.02292344881623514102, 0.02605296481528250260 ),
 .UNSPECIFIED. ) ;
#579 = DIRECTION ( 'NONE',  ( -0.7660444431189773473, -0.6427876096865402511, 1.125667018947118130E-10 ) ) ;
#580 = CARTESIAN_POINT ( 'NONE',  ( 156.7981086161338737, -1.202569804035134249, 518.9999999999993179 ) ) ;
#581 = EDGE_CURVE ( 'NONE', #1099, #2015, #411, .T. ) ;
#582 = CARTESIAN_POINT ( 'NONE',  ( 44.75876882989183514, 16.38371798889331643, 0.000000000000000000 ) ) ;
#583 = CARTESIAN_POINT ( 'NONE',  ( 119.8251495580166761, -2.561042418158494982, 519.0000000000000000 ) ) ;
#584 = ORIENTED_EDGE ( 'NONE', *, *, #283, .F. ) ;
#585 = CARTESIAN_POINT ( 'NONE',  ( 116.3284827836787230, 13.57275766364356606, 0.000000000000000000 ) ) ;
#586 = CARTESIAN_POINT ( 'NONE',  ( 187.3164905826808990, -0.08178092353509124057, 291.9999999963175128 ) ) ;
#587 = CARTESIAN_POINT ( 'NONE',  ( 179.0399997346188457, -0.3857361064073472345, 0.000000000000000000 ) ) ;
#588 = VERTEX_POINT ( 'NONE', #1145 ) ;
#589 = CARTESIAN_POINT ( 'NONE',  ( 184.3164905812244001, 0.3083734626862369432, 473.9999999963613391 ) ) ;
#590 = VECTOR ( 'NONE', #2294, 1000.000000000000000 ) ;
#591 = COLOUR_RGB ( '',1.000000000000000000, 1.000000000000000000, 1.000000000000000000 ) ;
#592 = DIRECTION ( 'NONE',  ( -0.6427876082896981647, -0.7660444442910668839, 1.254072553480010699E-10 ) ) ;
#593 = CARTESIAN_POINT ( 'NONE',  ( 8.934645711413207181, 8.079503712207472432, 0.000000000000000000 ) ) ;
#594 = VERTEX_POINT ( 'NONE', #2218 ) ;
#595 = CARTESIAN_POINT ( 'NONE',  ( 61.54490356752512525, 17.04221064453826173, 0.000000000000000000 ) ) ;
#596 = CARTESIAN_POINT ( 'NONE',  ( 160.3929972463198794, 5.712208256315671306, 473.9999999963679329 ) ) ;
#597 = CARTESIAN_POINT ( 'NONE',  ( 154.9273051520652587, 2.848761204742080277, 293.9999999969658120 ) ) ;
#598 = CARTESIAN_POINT ( 'NONE',  ( 8.390334547347086058, -4.729441440724706958, 0.000000000000000000 ) ) ;
#599 = CARTESIAN_POINT ( 'NONE',  ( 131.1838051471935671, -2.143093679523720319, 519.0000000000000000 ) ) ;
#600 = ORIENTED_EDGE ( 'NONE', *, *, #1256, .F. ) ;
#601 = CARTESIAN_POINT ( 'NONE',  ( 105.1625223394918578, 10.64991523568352605, 518.9999999999992042 ) ) ;
#602 = EDGE_CURVE ( 'NONE', #2495, #2831, #435, .T. ) ;
#603 = DIRECTION ( 'NONE',  ( 0.6427876096865214883, -0.7660444431189931125, 8.375494403066302232E-11 ) ) ;
#604 = CARTESIAN_POINT ( 'NONE',  ( 142.9833332446354177, -1.709917584911105681, 0.000000000000000000 ) ) ;
#605 = ORIENTED_EDGE ( 'NONE', *, *, #1380, .T. ) ;
#606 = CARTESIAN_POINT ( 'NONE',  ( 157.7351173344421795, 6.194981490429676718, 473.9999999964178414 ) ) ;
#607 = EDGE_CURVE ( 'NONE', #2751, #1252, #2692, .T. ) ;
#608 = CARTESIAN_POINT ( 'NONE',  ( 161.1362241427906952, 5.540715458388788761, 514.9999999963714572 ) ) ;
#609 = CARTESIAN_POINT ( 'NONE',  ( 36.13289284619084185, 15.51048799562106062, 0.000000000000000000 ) ) ;
#610 = ORIENTED_EDGE ( 'NONE', *, *, #797, .T. ) ;
#611 = CARTESIAN_POINT ( 'NONE',  ( 76.46523789417254591, 16.95478606688891432, 0.000000000000000000 ) ) ;
#612 = CARTESIAN_POINT ( 'NONE',  ( 158.2810765143110814, -1.148107826432076761, 513.9708910359963738 ) ) ;
#613 = CARTESIAN_POINT ( 'NONE',  ( 157.7822482039383658, 6.251149867020478368, 405.9999999964088033 ) ) ;
#614 = CARTESIAN_POINT ( 'NONE',  ( 0.5474035822410554530, 1.380999529921037583, 0.000000000000000000 ) ) ;
#615 = CARTESIAN_POINT ( 'NONE',  ( 187.1875931557873685, -0.08651522773069082739, 516.9999999969066948 ) ) ;
#616 = CARTESIAN_POINT ( 'NONE',  ( 157.4226967843343630, 6.206647290009669860, 518.9999999999994316 ) ) ;
#617 = CARTESIAN_POINT ( 'NONE',  ( 168.8434209928506959, 4.088731830090661212, 405.9999999963630444 ) ) ;
#618 = CARTESIAN_POINT ( 'NONE',  ( 182.6895324481227476, 1.010606003027099131, 519.0000000000000000 ) ) ;
#619 = ORIENTED_EDGE ( 'NONE', *, *, #545, .T. ) ;
#620 = CARTESIAN_POINT ( 'NONE',  ( 157.7708730857546584, 6.237593530732516989, 423.4366264419155073 ) ) ;
#621 = CARTESIAN_POINT ( 'NONE',  ( 173.4782284223790896, 3.109567076323914936, 337.9999999963592359 ) ) ;
#622 = EDGE_CURVE ( 'NONE', #1356, #2383, #1037, .T. ) ;
#623 = CARTESIAN_POINT ( 'NONE',  ( 71.07030554441909942, 2.424663045229637603, 518.9999999999989768 ) ) ;
#624 = EDGE_LOOP ( 'NONE', ( #554, #1496, #1526, #209, #2351 ) ) ;
#625 = CARTESIAN_POINT ( 'NONE',  ( 98.84551176274203499, 15.53968484951176876, 0.000000000000000000 ) ) ;
#626 = CARTESIAN_POINT ( 'NONE',  ( 122.2277120901711385, 12.74610603783550467, 0.000000000000000000 ) ) ;
#627 = CARTESIAN_POINT ( 'NONE',  ( 18.63971406477083192, 11.75360401736957883, 0.000000000000000000 ) ) ;
#628 = CARTESIAN_POINT ( 'NONE',  ( 186.8020649017047958, -0.1006753865081469607, 519.0000000000000000 ) ) ;
#629 = DIRECTION ( 'NONE',  ( 0.000000000000000000, 1.000000000000000000, -1.365460013478973488E-10 ) ) ;
#630 = CARTESIAN_POINT ( 'NONE',  ( 8.934645711413207181, 8.079503712207472432, 0.000000000000000000 ) ) ;
#631 = CARTESIAN_POINT ( 'NONE',  ( 186.6699478830379348, 0.07148347323221003469, 291.9999999963175128 ) ) ;
#632 = CARTESIAN_POINT ( 'NONE',  ( 156.0664072115678778, 6.439961507612119718, 516.9999999963805521 ) ) ;
#633 = CARTESIAN_POINT ( 'NONE',  ( 177.0109781724783602, 2.303637802827921188, 519.0000000000000000 ) ) ;
#634 = VERTEX_POINT ( 'NONE', #2232 ) ;
#635 = CARTESIAN_POINT ( 'NONE',  ( 184.3164905820429738, 0.6280798544527399496, 499.2910896174080335 ) ) ;
#636 = CARTESIAN_POINT ( 'NONE',  ( 158.2810769399377193, -1.148108352582298153, 405.9999999974029947 ) ) ;
#637 = CARTESIAN_POINT ( 'NONE',  ( 22.78903382164060076, -5.601876018064479545, 0.000000000000000000 ) ) ;
#638 = ORIENTED_EDGE ( 'NONE', *, *, #545, .F. ) ;
#639 = EDGE_CURVE ( 'NONE', #2678, #846, #1691, .T. ) ;
#640 = VECTOR ( 'NONE', #296, 1000.000000000000227 ) ;
#641 = CARTESIAN_POINT ( 'NONE',  ( 59.67985373236170688, 17.00756120849420583, 0.000000000000000000 ) ) ;
#642 = CARTESIAN_POINT ( 'NONE',  ( 131.4033563424975739, 9.784362374992159772, 518.9999999999990905 ) ) ;
#643 = CARTESIAN_POINT ( 'NONE',  ( -0.01618436370992069190, -0.07097642517224030112, 0.000000000000000000 ) ) ;
#644 = CARTESIAN_POINT ( 'NONE',  ( 184.3164905790233377, -0.1919640365446505237, 405.9999999964296649 ) ) ;
#645 = CARTESIAN_POINT ( 'NONE',  ( 2.401864739266748927, -3.298481670053740711, 0.000000000000000000 ) ) ;
#646 = CARTESIAN_POINT ( 'NONE',  ( 181.8099759140459639, 1.218699857821669896, 405.9999999963633854 ) ) ;
#647 = CARTESIAN_POINT ( 'NONE',  ( 158.6017551585840977, 5.993042161947935931, 519.0000000000000000 ) ) ;
#648 = ORIENTED_EDGE ( 'NONE', *, *, #2178, .F. ) ;
#649 = DIRECTION ( 'NONE',  ( 0.000000000000000000, 1.000000000000000000, -1.365489264352208951E-10 ) ) ;
#650 = B_SPLINE_CURVE_WITH_KNOTS ( 'NONE', 3,
 ( #1750, #2824, #853, #1517, #1534, #2416, #1764, #1338, #2224, #941 ),
 .UNSPECIFIED., .F., .F.,
 ( 4, 3, 3, 4 ),
 ( 0.003000000001052272047, 0.003087326887297014988, 0.01543663443648513045, 0.06300000000105226983 ),
 .UNSPECIFIED. ) ;
#651 = PLANE ( 'NONE',  #826 ) ;
#652 = CARTESIAN_POINT ( 'NONE',  ( 1.573479809773997928, -2.745523579270811698, 0.000000000000000000 ) ) ;
#653 = ORIENTED_EDGE ( 'NONE', *, *, #1123, .F. ) ;
#654 = CARTESIAN_POINT ( 'NONE',  ( 96.35929930227685247, 15.76320650520235667, 0.000000000000000000 ) ) ;
#655 = CARTESIAN_POINT ( 'NONE',  ( 170.9373417655923220, 3.615632330372299474, 518.9999999999997726 ) ) ;
#656 = VECTOR ( 'NONE', #1936, 1000.000000000000000 ) ;
#657 = CARTESIAN_POINT ( 'NONE',  ( 2.967434481146856484, 4.048937811638571915, 0.000000000000000000 ) ) ;
#658 = EDGE_CURVE ( 'NONE', #1330, #1567, #547, .T. ) ;
#659 = DIRECTION ( 'NONE',  ( -0.6427876082896981647, -0.7660444442910668839, 1.254072553480010699E-10 ) ) ;
#660 = CARTESIAN_POINT ( 'NONE',  ( 4.494224318108914318, 5.364860341418900447, 0.000000000000000000 ) ) ;
#661 = FACE_OUTER_BOUND ( 'NONE', #1766, .T. ) ;
#662 = CARTESIAN_POINT ( 'NONE',  ( 183.8645402939823725, 0.7349648098334726765, 519.0000000000000000 ) ) ;
#663 = ORIENTED_EDGE ( 'NONE', *, *, #912, .F. ) ;
#664 = SURFACE_STYLE_USAGE ( .BOTH. , #1550 ) ;
#665 = CARTESIAN_POINT ( 'NONE',  ( 182.5086546985378675, -0.2583572333677887634, 473.9999999969162445 ) ) ;
#666 = CARTESIAN_POINT ( 'NONE',  ( 37.67974063823108111, -5.526428527003958813, 0.000000000000000000 ) ) ;
#667 = ORIENTED_EDGE ( 'NONE', *, *, #2718, .F. ) ;
#668 = CARTESIAN_POINT ( 'NONE',  ( 163.3603502136683971, 5.200291501826402651, 407.9999999963639539 ) ) ;
#669 = CARTESIAN_POINT ( 'NONE',  ( 8.390334547347086058, -4.729441440724706958, 0.000000000000000000 ) ) ;
#670 = CARTESIAN_POINT ( 'NONE',  ( 62.87816705955476237, 17.07634393986515065, 0.000000000000000000 ) ) ;
#671 = CARTESIAN_POINT ( 'NONE',  ( 95.11499935664416228, -3.467765839829485497, 0.000000000000000000 ) ) ;
#672 = CARTESIAN_POINT ( 'NONE',  ( 0.2369446460855460790, -6.451904120237697882, 408.0000000032426897 ) ) ;
#673 = CARTESIAN_POINT ( 'NONE',  ( 71.41264800960124148, 2.745487678761292738, 519.0000000000009095 ) ) ;
#674 = EDGE_CURVE ( 'NONE', #931, #2119, #2719, .T. ) ;
#675 = CARTESIAN_POINT ( 'NONE',  ( 184.3164905821851107, -0.1919634144069856108, 503.6798014103066521 ) ) ;
#676 = CARTESIAN_POINT ( 'NONE',  ( 175.0529440144699151, 2.733046076238702327, 519.0000000000000000 ) ) ;
#677 = ORIENTED_EDGE ( 'NONE', *, *, #2178, .T. ) ;
#678 = CARTESIAN_POINT ( 'NONE',  ( 158.2810770269124419, -1.148108468668430193, 334.9999999974029947 ) ) ;
#679 = CARTESIAN_POINT ( 'NONE',  ( 157.8225573988781605, 6.299188488406476161, 337.9999999964008452 ) ) ;
#680 = CARTESIAN_POINT ( 'NONE',  ( 6.471609468543356058, -4.390733250623552131, 0.000000000000000000 ) ) ;
#681 = ORIENTED_EDGE ( 'NONE', *, *, #813, .T. ) ;
#682 = CARTESIAN_POINT ( 'NONE',  ( 178.5115243842262203, 1.982680437312405619, 407.9999999963633286 ) ) ;
#683 = CARTESIAN_POINT ( 'NONE',  ( 1.101448849624132809, 2.127581385228859201, 0.000000000000000000 ) ) ;
#684 = VECTOR ( 'NONE', #2067, 1000.000000000000000 ) ;
#685 = CARTESIAN_POINT ( 'NONE',  ( 91.38499973394564790, -3.605079446773360452, 0.000000000000000000 ) ) ;
#686 = CARTESIAN_POINT ( 'NONE',  ( 184.3164905767251298, -0.1919644045918850184, 334.9999999964296649 ) ) ;
#687 = CARTESIAN_POINT ( 'NONE',  ( 69.41828068892009185, -0.7658115317506771769, 519.0000000000006821 ) ) ;
#688 = CARTESIAN_POINT ( 'NONE',  ( 177.1757084933140334, 2.301428311403351579, 0.000000000000000000 ) ) ;
#689 = CARTESIAN_POINT ( 'NONE',  ( 86.92169743037983665, 8.853773337785780129, 519.0000000000000000 ) ) ;
#690 = EDGE_CURVE ( 'NONE', #1444, #1311, #2464, .T. ) ;
#691 = EDGE_LOOP ( 'NONE', ( #708, #1975, #2062, #1297 ) ) ;
#692 = FACE_OUTER_BOUND ( 'NONE', #153, .T. ) ;
#693 = CARTESIAN_POINT ( 'NONE',  ( 157.7328351483788822, 6.192261687292774930, 477.0291082444791186 ) ) ;
#694 = CARTESIAN_POINT ( 'NONE',  ( 108.0415766987038495, -2.990349811421789461, 518.9999999999992042 ) ) ;
#695 = EDGE_LOOP ( 'NONE', ( #1429, #677, #948, #2646, #956, #904, #1660, #1509 ) ) ;
#696 = CARTESIAN_POINT ( 'NONE',  ( 158.2810765148782366, -1.148107827288211480, 512.9417820735640134 ) ) ;
#697 = AXIS2_PLACEMENT_3D ( 'NONE', #1865, #2740, #1442 ) ;
#698 = CARTESIAN_POINT ( 'NONE',  ( 0.05631658127147678300, -0.7733632735088061816, 0.000000000000000000 ) ) ;
#699 = CARTESIAN_POINT ( 'NONE',  ( 70.86999996868733831, -4.356749137916177794, 0.000000000000000000 ) ) ;
#700 = CARTESIAN_POINT ( 'NONE',  ( 155.4221683477642557, 6.549963880572948760, 516.9999999964443305 ) ) ;
#701 = CARTESIAN_POINT ( 'NONE',  ( 98.66561087440214806, -3.341965310359598540, 519.0000000000007958 ) ) ;
#702 = CARTESIAN_POINT ( 'NONE',  ( 158.2810770255576927, -1.148108467069210770, 334.9126731111317099 ) ) ;
#703 = CARTESIAN_POINT ( 'NONE',  ( 69.38416172279950445, -0.6547842116561118919, 519.0000000000000000 ) ) ;
#704 = ORIENTED_EDGE ( 'NONE', *, *, #2053, .F. ) ;
#705 = CARTESIAN_POINT ( 'NONE',  ( 184.3164905811273115, -0.1919636339456435581, 470.9999999963955020 ) ) ;
#706 = CARTESIAN_POINT ( 'NONE',  ( 158.2810770269124419, -1.148108468668430193, 334.9999999974029947 ) ) ;
#707 = CARTESIAN_POINT ( 'NONE',  ( 174.5945035064747231, -0.5489890037486421237, 0.000000000000000000 ) ) ;
#708 = ORIENTED_EDGE ( 'NONE', *, *, #2542, .F. ) ;
#709 = CARTESIAN_POINT ( 'NONE',  ( 174.3879401641674178, 2.899969263042820433, 407.9999999963630444 ) ) ;
#710 = EDGE_CURVE ( 'NONE', #2495, #558, #1372, .T. ) ;
#711 = LINE ( 'NONE', #274, #2301 ) ;
#712 = CARTESIAN_POINT ( 'NONE',  ( 11.49868375120770736, -5.092031725093606909, 0.000000000000000000 ) ) ;
#713 = CARTESIAN_POINT ( 'NONE',  ( 138.0099997365017828, -1.892556158734664873, 0.000000000000000000 ) ) ;
#714 = CARTESIAN_POINT ( 'NONE',  ( 171.0452218028745506, -0.6793467969029890474, 475.9999999969160740 ) ) ;
#715 = CARTESIAN_POINT ( 'NONE',  ( 121.0198118588053120, -2.516610127583926992, 0.000000000000000000 ) ) ;
#716 = B_SPLINE_CURVE_WITH_KNOTS ( 'NONE', 3,
 ( #44, #718, #2698, #31, #2048, #2060, #913, #1793, #2669, #509, #688, #1354, #252, #1367, #279, #58, #926, #1614, #1393, #2279, #1178, #70, #769, #1919, #566, #1873, #336, #1654, #2531, #1887, #1437, #2088, #785, #2101, #2764, #2320, #350, #2506, #99, #1217, #1668, #2132, #2795, #143, #534, #801, #321, #816, #86, #2547, #1465, #756, #990, #1246, #1684, #2073, #1004, #2517, #111, #1452, #2334, #127, #1038, #1230, #521, #2735, #552, #2117, #2291, #1021, #1406, #306, #1903, #2748, #1190, #979, #1862, #2779, #1639, #2562, #1423, #582, #2349, #365, #2306, #1203, #203, #1733, #1276, #834, #2148, #2847, #2809, #2397, #175, #627, #1513, #408, #876, #1291, #850, #1761, #158, #2179, #190, #2636, #1717, #380, #657, #2594, #2427, #2608, #1500, #1080, #614, #2834, #863, #2622, #1484, #2366, #1068, #643, #2192, #1963, #2576, #1544, #395, #1700, #1053, #1950, #1747, #2381, #2207, #2821, #2163, #1529, #1, #2411, #424, #438, #598, #1305, #1094, #1979, #1319, #1934, #219, #1109, #1993, #1262, #288, #1571, #248, #2018, #2045, #1350, #2480, #260, #275, #2468, #1788, #1333, #2057, #727, #1819, #1149, #1774, #1599, #491, #1609, #2454, #2665, #1832, #2651, #467, #699, #2490, #505, #1586, #2034, #25, #923, #892, #41, #53, #1376, #685, #2262, #671, #950, #1162, #1803, #2706, #2681, #1389, #1556, #936, #480, #2220, #1364, #2275, #1134, #2694, #2236, #1175, #13, #2440, #2248, #453, #234, #1124, #713, #2007, #908, #1462, #518, #108, #781, #1681, #347, #2317, #1665, #1858, #95, #562, #1870, #752, #2745, #1227, #2330, #1186, #987, #531, #81, #963, #1846, #548, #2502, #2514, #1448, #1213, #766, #2544 ),
 .UNSPECIFIED., .F., .F.,
 ( 4, 1, 1, 1, 1, 1, 1, 1, 1, 1, 1, 1, 1, 1, 1, 1, 1, 1, 1, 1, 1, 1, 1, 1, 1, 1, 1, 1, 1, 1, 1, 1, 1, 1, 1, 1, 1, 1, 1, 1, 1, 1, 1, 1, 1, 1, 1, 1, 1, 1, 1, 1, 1, 1, 1, 1, 1, 1, 1, 1, 1, 1, 1, 1, 1, 1, 1, 1, 1, 1, 1, 1, 1, 1, 1, 1, 1, 1, 1, 1, 1, 1, 1, 1, 1, 1, 1, 1, 1, 1, 1, 1, 1, 1, 1, 1, 1, 1, 1, 1, 1, 1, 1, 1, 1, 1, 1, 1, 1, 1, 1, 1, 1, 1, 1, 1, 1, 1, 1, 1, 1, 1, 1, 1, 1, 1, 1, 1, 1, 1, 1, 1, 1, 1, 1, 1, 1, 1, 1, 1, 1, 1, 1, 1, 1, 1, 1, 1, 1, 1, 1, 1, 1, 1, 1, 1, 1, 1, 1, 1, 1, 1, 1, 1, 1, 1, 1, 1, 1, 1, 1, 1, 1, 1, 1, 1, 1, 1, 1, 1, 1, 1, 1, 1, 1, 1, 1, 1, 1, 1, 1, 1, 1, 1, 1, 1, 1, 1, 1, 1, 1, 1, 1, 1, 1, 1, 1, 1, 1, 1, 1, 1, 1, 1, 1, 1, 1, 1, 1, 1, 1, 1, 1, 1, 1, 1, 1, 1, 1, 1, 1, 1, 1, 1, 1, 1, 1, 1, 1, 1, 4 ),
 ( 0.000000000000000000, 0.002513797350884104664, 0.005027579216848870360, 0.007541082358484186947, 0.01005457242472231234, 0.01256744431269664342, 0.01508030713330505909, 0.01759223862063014412, 0.02010415579391899160, 0.02512403019227490986, 0.03014389165204229767, 0.03515785292094190939, 0.04017180779899999499, 0.04518020110795717414, 0.05018861634104948566, 0.05519181787100675002, 0.06019502439212026657, 0.06519308232668062641, 0.07019112304066744967, 0.07518395952293110973, 0.08017680353554879069, 0.08516439965241145993, 0.09015198858071628296, 0.09513433338289842278, 0.1001166677086819806, 0.1050937675239287800, 0.1100708790877491378, 0.1150428350425547336, 0.1200147964111807353, 0.1249817050087147635, 0.1299486202335577434, 0.1349105930250104890, 0.1398725763053449977, 0.1448297689298276569, 0.1497869349841448317, 0.1547393953712030146, 0.1596918564957973963, 0.1646394355077178129, 0.1695870045325187370, 0.1745294829934305181, 0.1794719693970697194, 0.1844092164523681299, 0.1893464719892944959, 0.1942784337222024371, 0.1992103785558749507, 0.2041370511378983732, 0.2090637327700224646, 0.2139854145339817049, 0.2189071229036504140, 0.2238242012324627439, 0.2287412778734525809, 0.2336541330764510538, 0.2385669632939287632, 0.2434759437117532677, 0.2483849371397243988, 0.2532904270427120963, 0.2581959108766988531, 0.2630981236145729096, 0.2680003254353096054, 0.2728995100449082001, 0.2777986747213476160, 0.2826951940546270636, 0.2875917063246218319, 0.2924860631094937102, 0.2973804326390905861, 0.3022733121380340449, 0.3071661741720163041, 0.3120583576282385252, 0.3169505469398637421, 0.3218427490261219215, 0.3267349488018431725, 0.3316276876956982811, 0.3365204417878524534, 0.3414141105547633948, 0.3463077809144370356, 0.3512027235858669050, 0.3560976378871105186, 0.3609949257513951348, 0.3658921867222564295, 0.3707939341935646005, 0.3756956843527919365, 0.3806052380776939192, 0.3855148200083032828, 0.3904372033518798135, 0.3953595348030058410, 0.4003012483294876578, 0.4052429884520616921, 0.4102094991510428224, 0.4151760003021921497, 0.4201717130615482687, 0.4251673962931984407, 0.4301994693558904292, 0.4352315924189654739, 0.4403136625792506975, 0.4453955687244731676, 0.4505447392854423083, 0.4556943742191915114, 0.4609352001239701013, 0.4661752236368338354, 0.4688558995627764014, 0.4715365458776992202, 0.4742878236812075321, 0.4770392569342619682, 0.4799060564023177045, 0.4827728139695170451, 0.4858538841006949105, 0.4889343143068846098, 0.4916193520804431616, 0.4943049103649858056, 0.4957100975466200432, 0.4971153668954162996, 0.4986467582829344214, 0.5001775813167267382, 0.5010849404977270050, 0.5019920023862676217, 0.5025558649890720098, 0.5031194903398201745, 0.5034804290636593072, 0.5038414526865889753, 0.5044269223427354509, 0.5050129009974141381, 0.5061682757652695708, 0.5073235069872933378, 0.5076580746689920431, 0.5079922781127018672, 0.5085109648004720873, 0.5090300004263547118, 0.5098526054286940390, 0.5106756002688621621, 0.5120216574410966226, 0.5133689093139228721, 0.5145490573390292255, 0.5157279886934792446, 0.5178454967361779682, 0.5199679029418199372, 0.5224806839939261094, 0.5249927929493788392, 0.5274835438728434633, 0.5299739229326682066, 0.5324482833303607610, 0.5349228304471892459, 0.5373832951691674964, 0.5398437417958841245, 0.5447465455671146595, 0.5496500262929494562, 0.5545474768899836260, 0.5594446108356625480, 0.5643387911202782936, 0.5692330735290141996, 0.5741256743479795643, 0.5790182680456871234, 0.5839103732904274979, 0.5888025099571129184, 0.5936948870921310295, 0.5985872515893956303, 0.6034802570695237955, 0.6083732629279983151, 0.6132670174491504644, 0.6181607888084421631, 0.6230552990103644939, 0.6279497870315381425, 0.6328448977697437305, 0.6377400048144529210, 0.6426355219594492851, 0.6475310188594384231, 0.6524266639442962701, 0.6573223070325384665, 0.6622178622917244128, 0.6671134039968915630, 0.6720088366686755021, 0.6769042743111989280, 0.6817996219969004734, 0.6866949943413086510, 0.6915903223428951918, 0.6964856408231802076, 0.7013809593034652234, 0.7062762882579540769, 0.7111716334332569556, 0.7160669967857112850, 0.7209623754845436716, 0.7258577676409336821, 0.7307531674997088667, 0.7356485760344052549, 0.7405439893939705920, 0.7454394056501415511, 0.7503348219063126212, 0.7552302362312728334, 0.7601256438014164507, 0.7650210475147529721, 0.7699164473735281566, 0.7748118433799877636, 0.7797072374611319079, 0.7846026286553553497, 0.7894980198495789026, 0.7943934100817763300, 0.7992888003139736464, 0.8041841905461709628, 0.8090795817403945156, 0.8139749748590914269, 0.8188703689402355712, 0.8237657639839672807, 0.8286611590276989903, 0.8335565540714305888, 0.8384519510407586473, 0.8433473489730952677, 0.8482427449795548746, 0.8531381409860145926, 0.8580335369924741995, 0.8629289329989339175, 0.8678243280426656270, 0.8727197240491252339, 0.8776151190928569434, 0.8825105141365886530, 0.8874059091803203625, 0.8923013042240519610, 0.8971967002305117900, 0.9020920952742434995, 0.9069874903179752090, 0.9118828853617069186, 0.9167782804054386281, 0.9216736764118982350, 0.9265690714556299445, 0.9314644664993616541, 0.9363598615430933636, 0.9412552575495530816, 0.9461506525932847911, 0.9510460476370165006, 0.9559414426807482101, 0.9608368377244799197, 0.9657322337309395266, 0.9706276287746712361, 0.9755230238184029457, 0.9804184188621346552, 0.9828661159027066718, 0.9853138129432787995, 0.9877615099838508161, 0.9902092079870806751, 0.9926569059903105341, 0.9951046039935402820, 0.9975523019967701410, 1.000000000000000000 ),
 .UNSPECIFIED. ) ;
#717 = CARTESIAN_POINT ( 'NONE',  ( 182.3091467235089453, -0.2656851229674526138, 407.9999999969163014 ) ) ;
#718 = CARTESIAN_POINT ( 'NONE',  ( 186.1891714098126727, 0.1854526143105504343, -0.000000000000000000 ) ) ;
#719 = CARTESIAN_POINT ( 'NONE',  ( 98.67407272518596528, 10.37130283637957184, 519.0000000000000000 ) ) ;
#720 = VERTEX_POINT ( 'NONE', #1105 ) ;
#721 = CARTESIAN_POINT ( 'NONE',  ( 184.3164905767223445, -0.1919644306560817915, 334.9126731097653646 ) ) ;
#722 = PLANE ( 'NONE',  #1754 ) ;
#723 = CARTESIAN_POINT ( 'NONE',  ( 186.9082452913404211, -0.09677546176755572049, 0.000000000000000000 ) ) ;
#724 = EDGE_LOOP ( 'NONE', ( #2189, #464, #2050, #2790 ) ) ;
#725 = CARTESIAN_POINT ( 'NONE',  ( 158.2810766147647428, -1.148107953673263459, 470.9999999974029379 ) ) ;
#726 = EDGE_CURVE ( 'NONE', #1591, #558, #2246, .T. ) ;
#727 = CARTESIAN_POINT ( 'NONE',  ( 48.49006480670854558, -5.188105917358401875, 0.000000000000000000 ) ) ;
#728 = PLANE ( 'NONE',  #512 ) ;
#729 = CARTESIAN_POINT ( 'NONE',  ( 108.0415766987038495, -2.990349811421789461, 518.9999999999992042 ) ) ;
#730 = VECTOR ( 'NONE', #2373, 1000.000000000000000 ) ;
#731 = PLANE ( 'NONE',  #2164 ) ;
#732 = CARTESIAN_POINT ( 'NONE',  ( 176.8840088404365645, -0.4649098193671882262, 339.9999999969163582 ) ) ;
#733 = CARTESIAN_POINT ( 'NONE',  ( 70.22586090405066273, -1.703667852028289298, 519.0000000000000000 ) ) ;
#734 = ORIENTED_EDGE ( 'NONE', *, *, #2479, .F. ) ;
#735 = CARTESIAN_POINT ( 'NONE',  ( 184.3164905767241635, -0.1919644303512085814, 334.9708910342082504 ) ) ;
#736 = DIRECTION ( 'NONE',  ( 0.03670000994969945668, -0.9993263277176740456, 1.352659968311630259E-10 ) ) ;
#737 = CARTESIAN_POINT ( 'NONE',  ( 184.3164905789262207, -0.1919640254732080387, 402.9999999964295512 ) ) ;
#738 = ORIENTED_EDGE ( 'NONE', *, *, #2739, .F. ) ;
#739 = DIRECTION ( 'NONE',  ( 3.236706039475319645E-11, 1.365489264352208951E-10, 1.000000000000000000 ) ) ;
#740 =( GEOMETRIC_REPRESENTATION_CONTEXT ( 3 ) GLOBAL_UNCERTAINTY_ASSIGNED_CONTEXT ( ( #1576 ) ) GLOBAL_UNIT_ASSIGNED_CONTEXT ( ( #1602, #291, #457 ) ) REPRESENTATION_CONTEXT ( 'NONE', 'WORKASPACE' ) );
#741 = CARTESIAN_POINT ( 'NONE',  ( 177.1757084933140334, 2.301428311403351579, 0.000000000000000000 ) ) ;
#742 = DIRECTION ( 'NONE',  ( -3.236706039475293149E-11, -1.365489264352208951E-10, -1.000000000000000000 ) ) ;
#743 = CARTESIAN_POINT ( 'NONE',  ( 83.65684973003635605, -3.559649758770776717, 519.0000000000009095 ) ) ;
#744 = ADVANCED_FACE ( 'NONE', ( #2857 ), #887, .T. ) ;
#745 = CARTESIAN_POINT ( 'NONE',  ( 71.67653349584016098, -2.428809997197455495, 519.0000000000000000 ) ) ;
#746 = ORIENTED_EDGE ( 'NONE', *, *, #1329, .F. ) ;
#747 = CARTESIAN_POINT ( 'NONE',  ( 184.3164905812244001, -0.08178092967972977467, 473.9999999964146014 ) ) ;
#748 = CARTESIAN_POINT ( 'NONE',  ( 176.4757805208319610, -0.4799017302441641042, 293.9999999969164151 ) ) ;
#749 = CARTESIAN_POINT ( 'NONE',  ( 184.3017286149109566, -0.1925108316230077776, 519.0000000000000000 ) ) ;
#750 = ORIENTED_EDGE ( 'NONE', *, *, #2085, .T. ) ;
#751 = DIRECTION ( 'NONE',  ( -0.6427876082896982757, -0.7660444442910668839, 0.000000000000000000 ) ) ;
#752 = CARTESIAN_POINT ( 'NONE',  ( 165.9850000335884488, -0.8651809145555101610, 0.000000000000000000 ) ) ;
#753 = B_SPLINE_CURVE_WITH_KNOTS ( 'NONE', 3,
 ( #988, #532, #767, #2347, #2364, #1244, #2086, #1482, #1871, #2130 ),
 .UNSPECIFIED., .F., .F.,
 ( 4, 3, 3, 4 ),
 ( 0.003000000001052383070, 0.003087326887297014988, 0.01543663443648535250, 0.06300000000105243636 ),
 .UNSPECIFIED. ) ;
#754 = CARTESIAN_POINT ( 'NONE',  ( 160.2355810702968313, -1.076328932103991720, 475.9999999969163582 ) ) ;
#755 = CARTESIAN_POINT ( 'NONE',  ( 40.65710486259138889, -5.448287774127232197, 0.000000000000000000 ) ) ;
#756 = CARTESIAN_POINT ( 'NONE',  ( 100.7106671654294843, 15.36355636898016108, 0.000000000000000000 ) ) ;
#757 = CARTESIAN_POINT ( 'NONE',  ( 162.1263584645623439, -1.006885500647215714, 519.0000000000000000 ) ) ;
#758 = ORIENTED_EDGE ( 'NONE', *, *, #1324, .T. ) ;
#759 = CARTESIAN_POINT ( 'NONE',  ( 154.9273051534894989, 2.848761210750151207, 337.9999999969657551 ) ) ;
#760 = ADVANCED_FACE ( 'NONE', ( #93 ), #2730, .F. ) ;
#761 = CARTESIAN_POINT ( 'NONE',  ( 157.8737946614477607, -0.6627282226089538097, 470.9999999973497893 ) ) ;
#762 = CARTESIAN_POINT ( 'NONE',  ( 20.51468756514057645, -5.544152707065430619, 0.000000000000000000 ) ) ;
#763 = CARTESIAN_POINT ( 'NONE',  ( 134.2951351940940867, -2.028833786847825671, 518.9999999999996589 ) ) ;
#764 = ORIENTED_EDGE ( 'NONE', *, *, #1610, .T. ) ;
#765 = DIRECTION ( 'NONE',  ( 0.9993263273340848851, 0.03670002039467184368, 0.000000000000000000 ) ) ;
#766 = CARTESIAN_POINT ( 'NONE',  ( 186.1891666668365417, -0.1231866712927269791, -0.000000000000000000 ) ) ;
#767 = CARTESIAN_POINT ( 'NONE',  ( 158.2810766381735164, -1.148107981580918091, 470.9417820732132896 ) ) ;
#768 = DIRECTION ( 'NONE',  ( -0.03670000995007255407, 0.9993263277176602788, -1.352659968311491189E-10 ) ) ;
#769 = CARTESIAN_POINT ( 'NONE',  ( 154.7956547975466037, 7.097585267326795844, 0.000000000000000000 ) ) ;
#770 = CARTESIAN_POINT ( 'NONE',  ( 121.0001823149350884, -2.517898247958086255, 519.0000000000000000 ) ) ;
#771 = ORIENTED_EDGE ( 'NONE', *, *, #2542, .T. ) ;
#772 = VECTOR ( 'NONE', #1677, 1000.000000000000000 ) ;
#773 = DIRECTION ( 'NONE',  ( 3.236879089548785614E-11, 0.000000000000000000, 1.000000000000000000 ) ) ;
#774 = CARTESIAN_POINT ( 'NONE',  ( 187.3164905826809843, -0.08178092353511093315, 516.9999999963175696 ) ) ;
#775 = CARTESIAN_POINT ( 'NONE',  ( 126.8199995296016596, -2.303543861451585961, 0.000000000000000000 ) ) ;
#776 = VERTEX_POINT ( 'NONE', #1401 ) ;
#777 = LINE ( 'NONE', #1388, #1818 ) ;
#778 = CARTESIAN_POINT ( 'NONE',  ( 158.9965388983447951, -1.121832455774970594, 514.9999999969157898 ) ) ;
#779 = EDGE_CURVE ( 'NONE', #352, #1646, #1901, .T. ) ;
#780 = CARTESIAN_POINT ( 'NONE',  ( 72.63086343374887122, 3.725153340290250803, 519.0000000000002274 ) ) ;
#781 = CARTESIAN_POINT ( 'NONE',  ( 149.2000000333229934, -1.481610907327898019, 0.000000000000000000 ) ) ;
#782 = CARTESIAN_POINT ( 'NONE',  ( 157.8737946616096224, -0.6627282219262395913, 475.9999999973499030 ) ) ;
#783 = LINE ( 'NONE', #1872, #1649 ) ;
#784 = VECTOR ( 'NONE', #2182, 1000.000000000000114 ) ;
#785 = CARTESIAN_POINT ( 'NONE',  ( 136.1456116211236917, 10.53408183788774188, 0.000000000000000000 ) ) ;
#786 = CARTESIAN_POINT ( 'NONE',  ( 108.0747583364888555, -2.989199536864903806, 519.0000000000000000 ) ) ;
#787 = ORIENTED_EDGE ( 'NONE', *, *, #1969, .F. ) ;
#788 = CARTESIAN_POINT ( 'NONE',  ( 128.1172092340751760, 11.85294538704668632, 0.000000000000000000 ) ) ;
#789 = CARTESIAN_POINT ( 'NONE',  ( 184.3164905790880539, 0.6284403580623996177, 407.9999999963176265 ) ) ;
#790 = CARTESIAN_POINT ( 'NONE',  ( 171.5800002550574561, -0.6597136114384350991, 0.000000000000000000 ) ) ;
#791 = ORIENTED_EDGE ( 'NONE', *, *, #2069, .F. ) ;
#792 = CARTESIAN_POINT ( 'NONE',  ( 157.7803056493049780, 6.248834820861172368, 409.0291084399456736 ) ) ;
#793 = VECTOR ( 'NONE', #1931, 1000.000000000000000 ) ;
#794 = DIRECTION ( 'NONE',  ( 0.6427876096865402511, -0.7660444431189772363, 8.379507715750921749E-11 ) ) ;
#795 = CARTESIAN_POINT ( 'NONE',  ( 10.28439103035847602, 8.709359799856482454, 0.000000000000000000 ) ) ;
#796 = ORIENTED_EDGE ( 'NONE', *, *, #817, .F. ) ;
#797 = EDGE_CURVE ( 'NONE', #1330, #1656, #504, .T. ) ;
#798 = CARTESIAN_POINT ( 'NONE',  ( 167.8519291241387634, 4.385880435886273965, 0.000000000000000000 ) ) ;
#799 = CARTESIAN_POINT ( 'NONE',  ( 181.5117153187547672, 1.289622810136441533, 339.9999999963593496 ) ) ;
#800 = CARTESIAN_POINT ( 'NONE',  ( 187.2484497007908999, -0.08428001324051807852, -0.000000000000000000 ) ) ;
#801 = CARTESIAN_POINT ( 'NONE',  ( 111.9008334941469087, 14.13114199211323729, 0.000000000000000000 ) ) ;
#802 = CARTESIAN_POINT ( 'NONE',  ( 82.22387478837781316, -3.523320096297100967, 519.0000000000000000 ) ) ;
#803 = ORIENTED_EDGE ( 'NONE', *, *, #2450, .T. ) ;
#804 = CARTESIAN_POINT ( 'NONE',  ( 133.9977788660428075, 10.90288465965367060, 0.000000000000000000 ) ) ;
#805 = CARTESIAN_POINT ( 'NONE',  ( 184.3164905807246896, 0.6282540815888291164, 458.5633655607073251 ) ) ;
#806 = CARTESIAN_POINT ( 'NONE',  ( 98.22333148592855423, -3.353473056072111547, 0.000000000000000000 ) ) ;
#807 = ORIENTED_EDGE ( 'NONE', *, *, #423, .F. ) ;
#808 = DIRECTION ( 'NONE',  ( -1.000000000000000000, 4.419889429360114124E-21, 3.236879089548785614E-11 ) ) ;
#809 = PLANE ( 'NONE',  #2760 ) ;
#810 = CARTESIAN_POINT ( 'NONE',  ( 71.41264800960124148, 2.745487678761292738, 519.0000000000009095 ) ) ;
#811 = VERTEX_POINT ( 'NONE', #1869 ) ;
#812 = CARTESIAN_POINT ( 'NONE',  ( 80.19530828962925284, 16.81868045796526445, 0.000000000000000000 ) ) ;
#813 = EDGE_CURVE ( 'NONE', #2613, #869, #777, .T. ) ;
#814 = CARTESIAN_POINT ( 'NONE',  ( 158.2810769431837343, -1.148108356625868520, 404.9999999980779535 ) ) ;
#815 = LINE ( 'NONE', #142, #1007 ) ;
#816 = CARTESIAN_POINT ( 'NONE',  ( 108.1707885568185503, 14.57536007556212354, 0.000000000000000000 ) ) ;
#817 = EDGE_CURVE ( 'NONE', #6, #352, #1830, .T. ) ;
#818 = CARTESIAN_POINT ( 'NONE',  ( 93.97446891357159870, -3.487807779015684506, 519.0000000000000000 ) ) ;
#819 = EDGE_LOOP ( 'NONE', ( #2766, #1340, #750, #1957 ) ) ;
#820 = CARTESIAN_POINT ( 'NONE',  ( 120.1717021489750721, 10.56155750028774065, 519.0000000000007958 ) ) ;
#821 = CARTESIAN_POINT ( 'NONE',  ( 184.3164905767251298, -0.1919644045918850184, 334.9999999964296649 ) ) ;
#822 = CARTESIAN_POINT ( 'NONE',  ( 154.9273051557552776, 2.848761220308446696, 407.9999999969658120 ) ) ;
#823 = CARTESIAN_POINT ( 'NONE',  ( 174.0666662028758935, -0.5683707051282478329, 0.000000000000000000 ) ) ;
#824 = ORIENTED_EDGE ( 'NONE', *, *, #2772, .F. ) ;
#825 = CARTESIAN_POINT ( 'NONE',  ( 157.7809666145365952, 6.249622528452590586, 407.9999999964090875 ) ) ;
#826 = AXIS2_PLACEMENT_3D ( 'NONE', #844, #2390, #1986 ) ;
#827 = CARTESIAN_POINT ( 'NONE',  ( 184.3164905812891163, 0.3083734626862369432, 475.9999999963613959 ) ) ;
#828 = CARTESIAN_POINT ( 'NONE',  ( 78.39436743551512166, 6.495010022442989417, 519.0000000000002274 ) ) ;
#829 = ORIENTED_EDGE ( 'NONE', *, *, #1199, .T. ) ;
#830 = CARTESIAN_POINT ( 'NONE',  ( 121.2256521590347234, 12.88112351781555098, 0.000000000000000000 ) ) ;
#831 = CARTESIAN_POINT ( 'NONE',  ( 177.9096910436994960, 2.123755278601230145, 339.9999999963594064 ) ) ;
#832 = B_SPLINE_CURVE_WITH_KNOTS ( 'NONE', 3,
 ( #2125, #1060, #1028, #134, #1253, #2155, #165, #2815, #843 ),
 .UNSPECIFIED., .F., .F.,
 ( 4, 1, 1, 1, 1, 1, 4 ),
 ( 0.01271847997075850785, 0.01620794745336713583, 0.02564348268744091192, 0.03036125030447779649, 0.03507901792151469494, 0.03979678553855157952, 0.04451455315558846410 ),
 .UNSPECIFIED. ) ;
#833 = DIRECTION ( 'NONE',  ( -0.9993263277176600567, -0.03670000995007626637, 3.930019718118133743E-11 ) ) ;
#834 = CARTESIAN_POINT ( 'NONE',  ( 29.83545894252426578, 14.47093503650057578, 0.000000000000000000 ) ) ;
#835 = SHAPE_DEFINITION_REPRESENTATION ( #2750, #2205 ) ;
#836 = CARTESIAN_POINT ( 'NONE',  ( 187.2735247737165025, -0.08335902493363737953, 516.9999999969074906 ) ) ;
#837 = CARTESIAN_POINT ( 'NONE',  ( 108.9147871680202542, 10.72864289341759481, 519.0000000000006821 ) ) ;
#838 = VECTOR ( 'NONE', #1489, 1000.000000000000000 ) ;
#839 = EDGE_CURVE ( 'NONE', #1567, #1248, #2704, .T. ) ;
#840 = DIRECTION ( 'NONE',  ( 0.6427876096865410283, -0.7660444431189765702, 0.000000000000000000 ) ) ;
#841 = CARTESIAN_POINT ( 'NONE',  ( 75.84334136396989834, -4.176046874377543183, 0.000000000000000000 ) ) ;
#842 = ORIENTED_EDGE ( 'NONE', *, *, #29, .F. ) ;
#843 = CARTESIAN_POINT ( 'NONE',  ( 186.6699478830379348, 0.07148347323221003469, 291.9999999963175128 ) ) ;
#844 = CARTESIAN_POINT ( 'NONE',  ( 158.2627270219453806, -0.6484453048190982338, 334.9999999973353511 ) ) ;
#845 = CARTESIAN_POINT ( 'NONE',  ( 11.65430740414875466, 9.293704109497131327, 0.000000000000000000 ) ) ;
#846 = VERTEX_POINT ( 'NONE', #1881 ) ;
#847 = AXIS2_PLACEMENT_3D ( 'NONE', #454, #15, #629 ) ;
#848 = CARTESIAN_POINT ( 'NONE',  ( 87.65540232746393201, 16.41825791061272710, 0.000000000000000000 ) ) ;
#849 = CARTESIAN_POINT ( 'NONE',  ( 157.4226967843343630, 6.206647290009669860, 518.9999999999994316 ) ) ;
#850 = CARTESIAN_POINT ( 'NONE',  ( 10.25103038501368502, 8.689720862495859066, 0.000000000000000000 ) ) ;
#851 = CARTESIAN_POINT ( 'NONE',  ( 158.2810766147647428, -1.148107953673263459, 470.9999999974029379 ) ) ;
#852 = CARTESIAN_POINT ( 'NONE',  ( 88.35942887675841462, 9.141409412449855054, 519.0000000000005684 ) ) ;
#853 = CARTESIAN_POINT ( 'NONE',  ( 158.2810769495719398, -1.148108364599492059, 402.9417820732132896 ) ) ;
#854 = CARTESIAN_POINT ( 'NONE',  ( 110.4248537375047192, 10.73338822123560554, 519.0000000000000000 ) ) ;
#855 = ADVANCED_FACE ( 'NONE', ( #1174 ), #961, .F. ) ;
#856 = ORIENTED_EDGE ( 'NONE', *, *, #423, .T. ) ;
#857 = DIRECTION ( 'NONE',  ( 0.000000000000000000, 1.000000000000000000, -1.364654370235560788E-10 ) ) ;
#858 = DIRECTION ( 'NONE',  ( -1.000000000000000000, 4.419889429360114124E-21, 3.236879089548785614E-11 ) ) ;
#859 = CARTESIAN_POINT ( 'NONE',  ( 14.35666264184509799, -5.281386247413150770, 0.000000000000000000 ) ) ;
#860 = ORIENTED_EDGE ( 'NONE', *, *, #2085, .F. ) ;
#861 = CARTESIAN_POINT ( 'NONE',  ( 136.7680506130828348, 10.42943150096511218, 0.000000000000000000 ) ) ;
#862 = CARTESIAN_POINT ( 'NONE',  ( 146.3076680109873280, 8.000423823607430762, 518.9999999999994316 ) ) ;
#863 = CARTESIAN_POINT ( 'NONE',  ( 0.2724549242567372298, 0.8921470380263091249, 0.000000000000000000 ) ) ;
#864 = DIRECTION ( 'NONE',  ( 0.9993263273340848851, 0.03670002039467185062, -3.735762933031144449E-11 ) ) ;
#865 = CARTESIAN_POINT ( 'NONE',  ( 8.181474534706021373, -4.698689226439968003, 0.000000000000000000 ) ) ;
#866 = CARTESIAN_POINT ( 'NONE',  ( 1.320634229098196697E-08, 5.571123005779425135E-08, 408.0000000023694042 ) ) ;
#867 = CARTESIAN_POINT ( 'NONE',  ( 179.4762278271294633, 1.756545765246471769, 516.9999999963810069 ) ) ;
#868 = CARTESIAN_POINT ( 'NONE',  ( 101.0243534310931466, 10.49690946723285911, 519.0000000000000000 ) ) ;
#869 = VERTEX_POINT ( 'NONE', #65 ) ;
#870 = CARTESIAN_POINT ( 'NONE',  ( 184.3164905791527985, -0.1919640130026739611, 409.9999999946742832 ) ) ;
#871 = CARTESIAN_POINT ( 'NONE',  ( 75.22741423254433357, -3.102491599857875038, 519.0000000000001137 ) ) ;
#872 = ORIENTED_EDGE ( 'NONE', *, *, #2358, .T. ) ;
#873 = ADVANCED_FACE ( 'NONE', ( #2082 ), #973, .F. ) ;
#874 = CARTESIAN_POINT ( 'NONE',  ( 100.7106671654294843, 15.36355636898016108, 0.000000000000000000 ) ) ;
#875 = CARTESIAN_POINT ( 'NONE',  ( 68.83511447624557889, 17.10317051736445748, 0.000000000000000000 ) ) ;
#876 = CARTESIAN_POINT ( 'NONE',  ( 13.04061724211855378, 9.846269934776294974, 0.000000000000000000 ) ) ;
#877 = CARTESIAN_POINT ( 'NONE',  ( 184.3164905767898745, -0.1919644197118398898, 336.9999999968514999 ) ) ;
#878 = CARTESIAN_POINT ( 'NONE',  ( 70.73546980383574123, 2.096073090900146152, 519.0000000000011369 ) ) ;
#879 = CARTESIAN_POINT ( 'NONE',  ( 184.3164905813862049, -0.1919635813016739023, 478.9999999963955588 ) ) ;
#880 = CARTESIAN_POINT ( 'NONE',  ( 104.5495867601748188, 10.62574460121861186, 519.0000000000000000 ) ) ;
#881 = PRODUCT_DEFINITION_CONTEXT ( 'detailed design', #1386, 'design' ) ;
#882 = ORIENTED_EDGE ( 'NONE', *, *, #1930, .F. ) ;
#883 = LINE ( 'NONE', #2420, #2621 ) ;
#884 = CARTESIAN_POINT ( 'NONE',  ( 184.3164905791204262, -0.1919640189037825628, 408.9999999929531214 ) ) ;
#885 = CARTESIAN_POINT ( 'NONE',  ( 31.72391033243043879, -5.631735114701937661, 0.000000000000000000 ) ) ;
#886 = ORIENTED_EDGE ( 'NONE', *, *, #445, .F. ) ;
#887 = PLANE ( 'NONE',  #1254 ) ;
#888 = CARTESIAN_POINT ( 'NONE',  ( 1.471576558632201603, -2.656021386754295222, 0.000000000000000000 ) ) ;
#889 = EDGE_CURVE ( 'NONE', #588, #2119, #1430, .T. ) ;
#890 = CARTESIAN_POINT ( 'NONE',  ( 161.1163626545794614, 5.541461946526776927, 519.0000000000001137 ) ) ;
#891 = VECTOR ( 'NONE', #2679, 1000.000000000000000 ) ;
#892 = CARTESIAN_POINT ( 'NONE',  ( 83.92500179146483674, -3.879828715142262130, 0.000000000000000000 ) ) ;
#893 = APPLICATION_PROTOCOL_DEFINITION ( 'draft international standard', 'automotive_design', 1998, #1386 ) ;
#894 = CARTESIAN_POINT ( 'NONE',  ( 184.3164905753980349, -0.08178095425820369746, 293.9999999964146014 ) ) ;
#895 = CARTESIAN_POINT ( 'NONE',  ( 0.5108284000138234582, -1.702787476244044251, 0.000000000000000000 ) ) ;
#896 = B_SPLINE_CURVE_WITH_KNOTS ( 'NONE', 3,
 ( #238, #1589, #1381, #1807, #732, #471, #2723 ),
 .UNSPECIFIED., .F., .F.,
 ( 4, 1, 1, 1, 4 ),
 ( 0.003356032773234995676, 0.004713529506082501583, 0.01373968375751283451, 0.02276583800894303733, 0.02940899748325124380 ),
 .UNSPECIFIED. ) ;
#897 = FACE_OUTER_BOUND ( 'NONE', #2259, .T. ) ;
#898 = CARTESIAN_POINT ( 'NONE',  ( 184.3164905825514666, -0.1919633353132239872, 514.9999999964296649 ) ) ;
#899 = CARTESIAN_POINT ( 'NONE',  ( 153.9015960363447846, 6.804231734199712278, 519.0000000000000000 ) ) ;
#900 = ORIENTED_EDGE ( 'NONE', *, *, #1845, .F. ) ;
#901 = CARTESIAN_POINT ( 'NONE',  ( 184.3164905791851709, -0.1919640070870521076, 410.9999999963954451 ) ) ;
#902 = CARTESIAN_POINT ( 'NONE',  ( 158.2810766148618313, -1.148107953263616698, 473.9999999969162445 ) ) ;
#903 = CARTESIAN_POINT ( 'NONE',  ( 1.005837300054627903, -2.262218202314709270, 0.000000000000000000 ) ) ;
#904 = ORIENTED_EDGE ( 'NONE', *, *, #1088, .T. ) ;
#905 = CARTESIAN_POINT ( 'NONE',  ( 157.8377812226809453, 6.317331532414743656, 309.4366295932836124 ) ) ;
#906 = CARTESIAN_POINT ( 'NONE',  ( 0.5460460781586984336, -1.718682563007690955, 0.000000000000000000 ) ) ;
#907 = EDGE_CURVE ( 'NONE', #164, #2313, #2757, .T. ) ;
#908 = CARTESIAN_POINT ( 'NONE',  ( 141.7399999994348718, -1.755579984612315236, 0.000000000000000000 ) ) ;
#909 = CARTESIAN_POINT ( 'NONE',  ( 155.7483116824156184, -1.241123892014757368, 516.9999999974976390 ) ) ;
#910 = CARTESIAN_POINT ( 'NONE',  ( 72.63086343374887122, 3.725153340290250803, 519.0000000000002274 ) ) ;
#911 = DIRECTION ( 'NONE',  ( -0.7660444442910669949, 0.6427876082896981647, -6.297483687410074289E-11 ) ) ;
#912 = EDGE_CURVE ( 'NONE', #2119, #1616, #2500, .T. ) ;
#913 = CARTESIAN_POINT ( 'NONE',  ( 181.8375943944955111, 1.214548603549969297, 0.000000000000000000 ) ) ;
#914 = CARTESIAN_POINT ( 'NONE',  ( 185.4312879557994336, 0.3651220568991943027, 519.0000000000000000 ) ) ;
#915 = ORIENTED_EDGE ( 'NONE', *, *, #462, .T. ) ;
#916 = DIRECTION ( 'NONE',  ( 0.03670001960758588477, -0.9993263273629905408, 1.352672111332488844E-10 ) ) ;
#917 = CARTESIAN_POINT ( 'NONE',  ( 158.2810770269124419, -1.148108468668430193, 334.9999999974029947 ) ) ;
#918 = CARTESIAN_POINT ( 'NONE',  ( 52.56343919785991403, -5.035712289587562118, 0.000000000000000000 ) ) ;
#919 = ORIENTED_EDGE ( 'NONE', *, *, #2465, .F. ) ;
#920 = CARTESIAN_POINT ( 'NONE',  ( 157.8225573988781605, 6.299188488406476161, 337.9999999964008452 ) ) ;
#921 = CARTESIAN_POINT ( 'NONE',  ( 66.51830426465129165, -4.514667560110615874, 0.000000000000000000 ) ) ;
#922 = AXIS2_PLACEMENT_3D ( 'NONE', #1379, #1127, #456 ) ;
#923 = CARTESIAN_POINT ( 'NONE',  ( 82.06000129538449528, -3.948358598900632899, 0.000000000000000000 ) ) ;
#924 = FACE_OUTER_BOUND ( 'NONE', #1064, .T. ) ;
#925 = CARTESIAN_POINT ( 'NONE',  ( 10.28439103035847602, 8.709359799856482454, 0.000000000000000000 ) ) ;
#926 = CARTESIAN_POINT ( 'NONE',  ( 165.9856391180754258, 4.785925351949894768, 0.000000000000000000 ) ) ;
#927 = CARTESIAN_POINT ( 'NONE',  ( 69.28928364144040586, -0.3088111571420191770, 519.0000000000000000 ) ) ;
#928 = FACE_OUTER_BOUND ( 'NONE', #2197, .T. ) ;
#929 = CARTESIAN_POINT ( 'NONE',  ( 184.3164905811272831, 0.3083734615938455992, 470.9999999963613391 ) ) ;
#930 = CARTESIAN_POINT ( 'NONE',  ( 187.2484497007908999, -0.08428001324051807852, -0.000000000000000000 ) ) ;
#931 = VERTEX_POINT ( 'NONE', #516 ) ;
#932 = CARTESIAN_POINT ( 'NONE',  ( 157.8451193305345157, 6.326076747432996861, 295.0291086415614359 ) ) ;
#933 = B_SPLINE_CURVE_WITH_KNOTS ( 'NONE', 3,
 ( #1010, #1658, #355, #1674, #1236, #1891, #805, #2077, #2535, #789 ),
 .UNSPECIFIED., .F., .F.,
 ( 4, 3, 3, 4 ),
 ( 7.447376049251921422E-13, 0.003087326887297073535, 0.01543663443648544270, 0.06600000000122079047 ),
 .UNSPECIFIED. ) ;
#934 = CARTESIAN_POINT ( 'NONE',  ( 163.1803459419047329, -0.9681824488744240620, 407.9999999969167561 ) ) ;
#935 = CARTESIAN_POINT ( 'NONE',  ( 0.08314008650521180488, 0.4095031063674242078, 0.000000000000000000 ) ) ;
#936 = CARTESIAN_POINT ( 'NONE',  ( 110.0349999762777742, -2.919889353549494082, 0.000000000000000000 ) ) ;
#937 = CARTESIAN_POINT ( 'NONE',  ( 154.9273051556905614, 2.848761220035352260, 405.9999999969658120 ) ) ;
#938 = CARTESIAN_POINT ( 'NONE',  ( 14.35666264184509799, -5.281386247413150770, 0.000000000000000000 ) ) ;
#939 = AXIS2_PLACEMENT_3D ( 'NONE', #348, #579, #2746 ) ;
#940 = CARTESIAN_POINT ( 'NONE',  ( 184.3164905789262491, -0.1919640541041923443, 402.9999999963955020 ) ) ;
#941 = CARTESIAN_POINT ( 'NONE',  ( 158.2810770276310564, -1.148108468123861581, 342.9999999973764488 ) ) ;
#942 = CARTESIAN_POINT ( 'NONE',  ( 70.47030349594599841, 1.829239257869014645, 519.0000000000000000 ) ) ;
#943 = ORIENTED_EDGE ( 'NONE', *, *, #976, .T. ) ;
#944 = CARTESIAN_POINT ( 'NONE',  ( 184.3164905790880539, 0.3083730390080558492, 407.9999999963613391 ) ) ;
#945 = CARTESIAN_POINT ( 'NONE',  ( 158.2810770269124419, -1.148108468668430193, 334.9999999974029947 ) ) ;
#946 = EDGE_CURVE ( 'NONE', #2549, #2313, #305, .T. ) ;
#947 = CARTESIAN_POINT ( 'NONE',  ( 187.3164905826809843, -0.08178092353511093315, 519.0000000000000000 ) ) ;
#948 = ORIENTED_EDGE ( 'NONE', *, *, #1308, .T. ) ;
#949 = CARTESIAN_POINT ( 'NONE',  ( 157.8197467849871884, 6.295838929720071420, 343.0873257332469848 ) ) ;
#950 = CARTESIAN_POINT ( 'NONE',  ( 96.97999925525151355, -3.399183075962660450, 0.000000000000000000 ) ) ;
#951 = DIRECTION ( 'NONE',  ( -0.6427876082896981647, -0.7660444442910669949, 0.000000000000000000 ) ) ;
#952 = CARTESIAN_POINT ( 'NONE',  ( 102.4160592655408664, -3.202977292661430830, 518.9999999999996589 ) ) ;
#953 = FACE_OUTER_BOUND ( 'NONE', #489, .T. ) ;
#954 = LINE ( 'NONE', #2684, #2176 ) ;
#955 = CARTESIAN_POINT ( 'NONE',  ( 75.16750459737158963, 5.172452214431756623, 519.0000000000000000 ) ) ;
#956 = ORIENTED_EDGE ( 'NONE', *, *, #2772, .T. ) ;
#957 = CARTESIAN_POINT ( 'NONE',  ( 184.3164905762059789, 0.6287020590578621393, 318.9577562841390090 ) ) ;
#958 = CARTESIAN_POINT ( 'NONE',  ( 157.7312731487366477, 6.190400168802365322, 479.0873247348624773 ) ) ;
#959 = CARTESIAN_POINT ( 'NONE',  ( 171.8000882933160653, -0.6516240257685036452, 518.9999999999996589 ) ) ;
#960 = VERTEX_POINT ( 'NONE', #1726 ) ;
#961 = PLANE ( 'NONE',  #1189 ) ;
#962 = EDGE_CURVE ( 'NONE', #1356, #1591, #1973, .T. ) ;
#963 = CARTESIAN_POINT ( 'NONE',  ( 179.9725000166441191, -0.3515004532412000504, 0.000000000000000000 ) ) ;
#964 = CARTESIAN_POINT ( 'NONE',  ( 156.6280963687259202, -1.208814345079451957, 291.9999999969077180 ) ) ;
#965 = VECTOR ( 'NONE', #2243, 1000.000000000000114 ) ;
#966 = CARTESIAN_POINT ( 'NONE',  ( 132.9252984366975454, -2.079301641002746504, 0.000000000000000000 ) ) ;
#967 = CARTESIAN_POINT ( 'NONE',  ( 158.2810770269124419, -1.148108468668430193, 334.9999999974029947 ) ) ;
#968 = CARTESIAN_POINT ( 'NONE',  ( 73.98887459149398182, 4.566380030332566342, 519.0000000000000000 ) ) ;
#969 = DIRECTION ( 'NONE',  ( -1.000000000000000000, 4.419510722357341626E-21, 3.236879089548785614E-11 ) ) ;
#970 = CARTESIAN_POINT ( 'NONE',  ( 184.3164905790880539, 0.6284403580623996177, 407.9999999963176265 ) ) ;
#971 = FACE_OUTER_BOUND ( 'NONE', #2662, .T. ) ;
#972 = ORIENTED_EDGE ( 'NONE', *, *, #2233, .F. ) ;
#973 = PLANE ( 'NONE',  #1519 ) ;
#974 = AXIS2_PLACEMENT_3D ( 'NONE', #1560, #179, #840 ) ;
#975 = CARTESIAN_POINT ( 'NONE',  ( 179.9726353222733621, 1.652043166446703681, 0.000000000000000000 ) ) ;
#976 = EDGE_CURVE ( 'NONE', #2038, #523, #2603, .T. ) ;
#977 = LINE ( 'NONE', #1859, #2501 ) ;
#978 = CARTESIAN_POINT ( 'NONE',  ( 87.40974187183054767, -3.590499863371654055, 519.0000000000007958 ) ) ;
#979 = CARTESIAN_POINT ( 'NONE',  ( 55.94980336656773545, 16.91308165445082778, 0.000000000000000000 ) ) ;
#980 = CARTESIAN_POINT ( 'NONE',  ( 139.4090419045026579, -1.841172542883578345, 519.0000000000000000 ) ) ;
#981 = CARTESIAN_POINT ( 'NONE',  ( 157.8737946617067109, -0.6627282215165773982, 478.9999999973498461 ) ) ;
#982 = CARTESIAN_POINT ( 'NONE',  ( 187.3164905826809843, -0.08178092353511090540, 0.000000000000000000 ) ) ;
#983 = CARTESIAN_POINT ( 'NONE',  ( 1.096502557123213206, -2.336350228143042607, 0.000000000000000000 ) ) ;
#984 = PLANE ( 'NONE',  #2166 ) ;
#985 = ORIENTED_EDGE ( 'NONE', *, *, #2235, .T. ) ;
#986 = DIRECTION ( 'NONE',  ( 0.000000000000000000, 1.000000000000000000, -1.365460013478974005E-10 ) ) ;
#987 = CARTESIAN_POINT ( 'NONE',  ( 175.3100000254591748, -0.5227206931695668191, 0.000000000000000000 ) ) ;
#988 = CARTESIAN_POINT ( 'NONE',  ( 158.2810766378973142, -1.148107981241599740, 470.9999999973763920 ) ) ;
#989 = CARTESIAN_POINT ( 'NONE',  ( 37.67974063823108111, -5.526428527003958813, 0.000000000000000000 ) ) ;
#990 = CARTESIAN_POINT ( 'NONE',  ( 98.84551176274203499, 15.53968484951176876, 0.000000000000000000 ) ) ;
#991 = CARTESIAN_POINT ( 'NONE',  ( 174.2683728813689754, -0.5609750838775476867, 519.0000000000000000 ) ) ;
#992 = ORIENTED_EDGE ( 'NONE', *, *, #622, .T. ) ;
#993 = CARTESIAN_POINT ( 'NONE',  ( 184.3164905812891163, -0.08178092940663561627, 475.9999999964146582 ) ) ;
#994 = EDGE_CURVE ( 'NONE', #1099, #168, #1347, .T. ) ;
#995 = CARTESIAN_POINT ( 'NONE',  ( 184.3164905768222468, -0.08178094825013229596, 337.9999999964146014 ) ) ;
#996 = LINE ( 'NONE', #1879, #1116 ) ;
#997 = ORIENTED_EDGE ( 'NONE', *, *, #265, .F. ) ;
#998 = CARTESIAN_POINT ( 'NONE',  ( 184.3164905790233377, 0.6284471035214979073, 405.9999999963176265 ) ) ;
#999 = CARTESIAN_POINT ( 'NONE',  ( 184.3164905825514950, 0.6280053245710122134, 514.9999999963176833 ) ) ;
#1000 = LINE ( 'NONE', #577, #2722 ) ;
#1001 = CARTESIAN_POINT ( 'NONE',  ( 184.3164905812244001, 0.6281906656577322945, 473.9999999963176833 ) ) ;
#1002 = B_SPLINE_CURVE_WITH_KNOTS ( 'NONE', 3,
 ( #1789, #877, #1980, #686 ),
 .UNSPECIFIED., .F., .F.,
 ( 4, 4 ),
 ( 6.327161017338767124E-13, 0.003000000000632774277 ),
 .UNSPECIFIED. ) ;
#1003 = FACE_OUTER_BOUND ( 'NONE', #34, .T. ) ;
#1004 = CARTESIAN_POINT ( 'NONE',  ( 91.38542794912309830, 16.15989652886333872, 0.000000000000000000 ) ) ;
#1005 = CARTESIAN_POINT ( 'NONE',  ( 83.39893986804327142, -3.552518591720428276, 519.0000000000000000 ) ) ;
#1006 = EDGE_LOOP ( 'NONE', ( #2729, #2094, #228, #1023 ) ) ;
#1007 = VECTOR ( 'NONE', #1036, 1000.000000000000000 ) ;
#1008 = CARTESIAN_POINT ( 'NONE',  ( 42.05291443342858315, 16.17083096281027466, 0.000000000000000000 ) ) ;
#1009 = VECTOR ( 'NONE', #2474, 1000.000000000000227 ) ;
#1010 = CARTESIAN_POINT ( 'NONE',  ( 184.3164905812244001, 0.6281906656577322945, 473.9999999963176833 ) ) ;
#1011 = CARTESIAN_POINT ( 'NONE',  ( 136.1450002849998384, -1.961064426716090159, 0.000000000000000000 ) ) ;
#1012 = EDGE_CURVE ( 'NONE', #811, #2281, #2172, .T. ) ;
#1013 = ORIENTED_EDGE ( 'NONE', *, *, #2650, .T. ) ;
#1014 = LINE ( 'NONE', #1912, #1844 ) ;
#1015 = CARTESIAN_POINT ( 'NONE',  ( 184.3164905753980349, 37.87342864611797921, 293.9999999912320163 ) ) ;
#1016 = CARTESIAN_POINT ( 'NONE',  ( 69.78701890552888187, 1.057059536078394757, 518.9999999999996589 ) ) ;
#1017 = VERTEX_POINT ( 'NONE', #2554 ) ;
#1018 = CARTESIAN_POINT ( 'NONE',  ( 187.3164905826809843, -0.08178092353511093315, 0.000000000000000000 ) ) ;
#1019 = CARTESIAN_POINT ( 'NONE',  ( 167.6204230194302340, 4.365055431687199672, 339.9999999963591222 ) ) ;
#1020 = CARTESIAN_POINT ( 'NONE',  ( 186.5669588114145654, -0.1093106539179986153, 0.000000000000000000 ) ) ;
#1021 = CARTESIAN_POINT ( 'NONE',  ( 67.13999733432717676, 17.09009698842428904, 0.000000000000000000 ) ) ;
#1022 = CARTESIAN_POINT ( 'NONE',  ( 140.9757535019253680, -1.783672841377045515, 519.0000000000000000 ) ) ;
#1023 = ORIENTED_EDGE ( 'NONE', *, *, #2430, .T. ) ;
#1024 = CARTESIAN_POINT ( 'NONE',  ( 145.7318967508188905, 8.843203441691509070, 0.000000000000000000 ) ) ;
#1025 = LINE ( 'NONE', #2566, #1432 ) ;
#1026 = CARTESIAN_POINT ( 'NONE',  ( 102.5749993414639079, -3.193662061127134688, 0.000000000000000000 ) ) ;
#1027 = EDGE_LOOP ( 'NONE', ( #1676, #1091, #972, #1033 ) ) ;
#1028 = CARTESIAN_POINT ( 'NONE',  ( 160.9682755674570558, 5.734643002767384701, 291.9999999963646928 ) ) ;
#1029 = AXIS2_PLACEMENT_3D ( 'NONE', #177, #1735, #1125 ) ;
#1030 = EDGE_CURVE ( 'NONE', #960, #1414, #2585, .T. ) ;
#1031 = CARTESIAN_POINT ( 'NONE',  ( 183.9212243408569520, 0.7211373812571851838, 514.9999999963712298 ) ) ;
#1032 = CARTESIAN_POINT ( 'NONE',  ( 70.40463559214776978, 1.763418258241103320, 518.9999999999992042 ) ) ;
#1033 = ORIENTED_EDGE ( 'NONE', *, *, #2734, .F. ) ;
#1034 = CARTESIAN_POINT ( 'NONE',  ( 82.06042033411902992, 16.73404595456871391, 0.000000000000000000 ) ) ;
#1035 = CARTESIAN_POINT ( 'NONE',  ( 152.3164905826160123, 2.848761232812019539, 516.9999999970502813 ) ) ;
#1036 = DIRECTION ( 'NONE',  ( 3.236706039475319645E-11, 1.365489264352208951E-10, 1.000000000000000000 ) ) ;
#1037 = B_SPLINE_CURVE_WITH_KNOTS ( 'NONE', 3,
 ( #2647, #1771, #1159, #668, #2663, #709, #682, #490, #1345, #1569 ),
 .UNSPECIFIED., .F., .F.,
 ( 4, 1, 1, 1, 1, 1, 1, 4 ),
 ( 0.002900256590225142560, 0.002944950346770912331, 0.007169527428451698790, 0.01561868159181328472, 0.01984325867349407552, 0.02406783575517486978, 0.02829241283685566058, 0.03002900774444803786 ),
 .UNSPECIFIED. ) ;
#1038 = CARTESIAN_POINT ( 'NONE',  ( 80.19530828962925284, 16.81868045796526445, 0.000000000000000000 ) ) ;
#1039 = CARTESIAN_POINT ( 'NONE',  ( 88.09926475479271346, -3.586339689884575854, 519.0000000000000000 ) ) ;
#1040 = ORIENTED_EDGE ( 'NONE', *, *, #2123, .T. ) ;
#1041 = CARTESIAN_POINT ( 'NONE',  ( 170.9373417655923220, 3.615632330372299474, 518.9999999999997726 ) ) ;
#1042 = CARTESIAN_POINT ( 'NONE',  ( 184.3164905789252828, -0.1919640542741562483, 402.9708910341855130 ) ) ;
#1043 = CARTESIAN_POINT ( 'NONE',  ( 116.8733338857183242, -2.668881709747158215, 0.000000000000000000 ) ) ;
#1044 = VERTEX_POINT ( 'NONE', #589 ) ;
#1045 = PLANE ( 'NONE',  #1233 ) ;
#1046 = CARTESIAN_POINT ( 'NONE',  ( 177.5025684898137683, 2.219188259473082070, 293.9999999963570758 ) ) ;
#1047 = CARTESIAN_POINT ( 'NONE',  ( 2.280316609713611165, 3.374884095302324916, 0.000000000000000000 ) ) ;
#1048 = EDGE_LOOP ( 'NONE', ( #829, #2533, #1795, #2217, #2557, #2158 ) ) ;
#1049 = CARTESIAN_POINT ( 'NONE',  ( 13.04061724211855378, 9.846269934776294974, 0.000000000000000000 ) ) ;
#1050 = ADVANCED_FACE ( 'NONE', ( #374 ), #1045, .T. ) ;
#1051 = CARTESIAN_POINT ( 'NONE',  ( 179.1133577247529445, 1.841605596023578872, 475.9999999963683308 ) ) ;
#1052 = LINE ( 'NONE', #2561, #1422 ) ;
#1053 = CARTESIAN_POINT ( 'NONE',  ( 0.5460460781586984336, -1.718682563007690955, 0.000000000000000000 ) ) ;
#1054 = APPLICATION_PROTOCOL_DEFINITION ( 'draft international standard', 'automotive_design', 1998, #1235 ) ;
#1055 = CARTESIAN_POINT ( 'NONE',  ( 157.7351173344421795, 6.194981490429676718, 473.9999999964178414 ) ) ;
#1056 = CARTESIAN_POINT ( 'NONE',  ( 142.5908676804241111, 8.521157354177651300, 519.0000000000007958 ) ) ;
#1057 = CARTESIAN_POINT ( 'NONE',  ( 155.4221683477642557, 6.549963880572948760, 516.9999999964443305 ) ) ;
#1058 = CARTESIAN_POINT ( 'NONE',  ( 78.33000285598967594, -4.085154716956501453, 0.000000000000000000 ) ) ;
#1059 = ORIENTED_EDGE ( 'NONE', *, *, #1411, .F. ) ;
#1060 = CARTESIAN_POINT ( 'NONE',  ( 156.7367571421762023, 6.540476005166010687, 291.9999999963644086 ) ) ;
#1061 = VECTOR ( 'NONE', #72, 1000.000000000000114 ) ;
#1062 = DIRECTION ( 'NONE',  ( 3.237328527715044763E-11, 1.364654370235560788E-10, 1.000000000000000000 ) ) ;
#1063 = CARTESIAN_POINT ( 'NONE',  ( 0.1908648120222484479, -1.166401211495562862, 0.000000000000000000 ) ) ;
#1064 = EDGE_LOOP ( 'NONE', ( #2446, #1408, #257, #860, #60 ) ) ;
#1065 = CARTESIAN_POINT ( 'NONE',  ( 54.08479274718764174, 16.85467274745244382, 0.000000000000000000 ) ) ;
#1066 = CARTESIAN_POINT ( 'NONE',  ( 56.92258549315066318, 16.95153070736424539, 0.000000000000000000 ) ) ;
#1067 = EDGE_CURVE ( 'NONE', #1252, #1360, #2827, .T. ) ;
#1068 = CARTESIAN_POINT ( 'NONE',  ( 0.03268493629786724947, 0.2211495890942757059, 0.000000000000000000 ) ) ;
#1069 = CARTESIAN_POINT ( 'NONE',  ( 186.8431833886234301, -0.09916513583964003953, 516.9999999969076043 ) ) ;
#1070 = CARTESIAN_POINT ( 'NONE',  ( 116.4207704735421061, 10.69291319937285856, 518.9999999999998863 ) ) ;
#1071 = CARTESIAN_POINT ( 'NONE',  ( 184.3164905818299815, -0.1919634896856834416, 492.7089103725166979 ) ) ;
#1072 = CARTESIAN_POINT ( 'NONE',  ( 133.9259046720893025, 9.533263469836120052, 519.0000000000000000 ) ) ;
#1073 = VERTEX_POINT ( 'NONE', #358 ) ;
#1074 = CARTESIAN_POINT ( 'NONE',  ( 184.3164905753980349, -0.08178095425820369746, 293.9999999964146014 ) ) ;
#1075 = DIRECTION ( 'NONE',  ( 3.236706039475319645E-11, 1.365489264352208951E-10, 1.000000000000000000 ) ) ;
#1076 = CARTESIAN_POINT ( 'NONE',  ( 17.25584284455811002, 11.31702282621729871, 0.000000000000000000 ) ) ;
#1077 = ORIENTED_EDGE ( 'NONE', *, *, #1814, .F. ) ;
#1078 = CARTESIAN_POINT ( 'NONE',  ( 26.10439167237072766, 13.69971984350353189, 0.000000000000000000 ) ) ;
#1079 = CARTESIAN_POINT ( 'NONE',  ( 98.28820779561067411, 10.35717570941179666, 518.9999999999987494 ) ) ;
#1080 = CARTESIAN_POINT ( 'NONE',  ( 0.7887380528272963653, 1.731182989137081130, 0.000000000000000000 ) ) ;
#1081 = CARTESIAN_POINT ( 'NONE',  ( 184.3164905825514950, 0.6280053245710122134, 514.9999999963176833 ) ) ;
#1082 = CARTESIAN_POINT ( 'NONE',  ( 3.355181935654437009, 4.405589825678212890, 0.000000000000000000 ) ) ;
#1083 = CARTESIAN_POINT ( 'NONE',  ( 154.9273051535542152, 2.848761211023245199, 339.9999999969658120 ) ) ;
#1084 = CARTESIAN_POINT ( 'NONE',  ( 184.3164905820518413, -0.1919634426526339588, 499.5633655605772105 ) ) ;
#1085 = CARTESIAN_POINT ( 'NONE',  ( 126.0925201045343726, 10.20924417220068392, 519.0000000000000000 ) ) ;
#1086 = ORIENTED_EDGE ( 'NONE', *, *, #726, .F. ) ;
#1087 = CARTESIAN_POINT ( 'NONE',  ( 184.3164905791870183, -0.1919640067426439112, 411.0582179178177853 ) ) ;
#1088 = EDGE_CURVE ( 'NONE', #1315, #523, #2341, .T. ) ;
#1089 = LINE ( 'NONE', #2644, #1148 ) ;
#1090 = CARTESIAN_POINT ( 'NONE',  ( 73.83728211514979023, -2.883125568502303615, 519.0000000000000000 ) ) ;
#1091 = ORIENTED_EDGE ( 'NONE', *, *, #2654, .T. ) ;
#1092 = CARTESIAN_POINT ( 'NONE',  ( 22.37234624683081208, 12.80193350148657139, 0.000000000000000000 ) ) ;
#1093 = CARTESIAN_POINT ( 'NONE',  ( 74.79157597992012541, 17.01967439959730655, 0.000000000000000000 ) ) ;
#1094 = CARTESIAN_POINT ( 'NONE',  ( 10.25619537429731132, -4.970493350674743738, 0.000000000000000000 ) ) ;
#1095 = DIRECTION ( 'NONE',  ( 0.6427876096865374755, -0.7660444431189795678, 8.384255443380292248E-11 ) ) ;
#1096 = CARTESIAN_POINT ( 'NONE',  ( 70.40463559214776978, 1.763418258241103320, 518.9999999999992042 ) ) ;
#1097 = CARTESIAN_POINT ( 'NONE',  ( 1.534268249008416597E-08, 6.472333716692471161E-08, 474.0000000023694042 ) ) ;
#1098 = CARTESIAN_POINT ( 'NONE',  ( 121.0004463281288025, 10.51294408179499307, 519.0000000000000000 ) ) ;
#1099 = VERTEX_POINT ( 'NONE', #1475 ) ;
#1100 = LINE ( 'NONE', #1312, #537 ) ;
#1101 = CARTESIAN_POINT ( 'NONE',  ( 1.304645775085446201E-08, 5.499516268181407791E-08, 403.0000000023703137 ) ) ;
#1102 = EDGE_CURVE ( 'NONE', #2185, #1595, #1014, .T. ) ;
#1103 = CARTESIAN_POINT ( 'NONE',  ( 10.89045217061282855, -5.037991088537374651, 0.000000000000000000 ) ) ;
#1104 = VERTEX_POINT ( 'NONE', #1239 ) ;
#1105 = CARTESIAN_POINT ( 'NONE',  ( 184.3164905769841084, 0.3083726597117972257, 342.9999999963613959 ) ) ;
#1106 =( GEOMETRIC_REPRESENTATION_CONTEXT ( 3 ) GLOBAL_UNCERTAINTY_ASSIGNED_CONTEXT ( ( #181 ) ) GLOBAL_UNIT_ASSIGNED_CONTEXT ( ( #1537, #460, #225 ) ) REPRESENTATION_CONTEXT ( 'NONE', 'WORKASPACE' ) );
#1107 = CARTESIAN_POINT ( 'NONE',  ( 1.859553056830957063, 2.951368546119584213, 0.000000000000000000 ) ) ;
#1108 = CARTESIAN_POINT ( 'NONE',  ( 112.6679391504886212, 10.74548916711959201, 518.9999999999998863 ) ) ;
#1109 = CARTESIAN_POINT ( 'NONE',  ( 18.64951430455423420, -5.481997777100042768, 0.000000000000000000 ) ) ;
#1110 = CARTESIAN_POINT ( 'NONE',  ( 1.673506116617235649E-08, 7.059565687783633453E-08, 517.0000000023696884 ) ) ;
#1111 = CARTESIAN_POINT ( 'NONE',  ( 70.08502365231794329, 1.419874877865304974, 519.0000000000005684 ) ) ;
#1112 = CARTESIAN_POINT ( 'NONE',  ( 183.1406148378263765, 0.9073127051364315854, 516.9999999963808932 ) ) ;
#1113 = CARTESIAN_POINT ( 'NONE',  ( 109.2497908442790475, 10.72321962135347206, 519.0000000000000000 ) ) ;
#1114 = ORIENTED_EDGE ( 'NONE', *, *, #1510, .F. ) ;
#1115 = PLANE ( 'NONE',  #1469 ) ;
#1116 = VECTOR ( 'NONE', #2754, 0.5147725536378873201 ) ;
#1117 = CARTESIAN_POINT ( 'NONE',  ( 160.1980301644007341, -1.077708000111551323, 473.9999999969161877 ) ) ;
#1118 = CARTESIAN_POINT ( 'NONE',  ( 81.78087867555831281, -3.513058501134209255, 518.9999999999992042 ) ) ;
#1119 = ORIENTED_EDGE ( 'NONE', *, *, #528, .T. ) ;
#1120 = CARTESIAN_POINT ( 'NONE',  ( 157.8277886876803962, 6.305422894750249974, 328.4788767343053451 ) ) ;
#1121 = EDGE_CURVE ( 'NONE', #382, #594, #387, .T. ) ;
#1122 = CARTESIAN_POINT ( 'NONE',  ( 6.510854260470939181, 6.755293320404903490, 0.000000000000000000 ) ) ;
#1123 = EDGE_CURVE ( 'NONE', #2356, #1680, #832, .T. ) ;
#1124 = CARTESIAN_POINT ( 'NONE',  ( 136.1450002849998384, -1.961064426716090159, 0.000000000000000000 ) ) ;
#1125 = DIRECTION ( 'NONE',  ( -3.236879089548785614E-11, 0.000000000000000000, -1.000000000000000000 ) ) ;
#1126 = CARTESIAN_POINT ( 'NONE',  ( 77.51412077775893295, 6.170094624300490160, 518.9999999999998863 ) ) ;
#1127 = DIRECTION ( 'NONE',  ( -0.03670002039466489091, 0.9993263273340852182, -1.352690653793187256E-10 ) ) ;
#1128 = CARTESIAN_POINT ( 'NONE',  ( 131.5758066220162448, 9.760443026874082051, 519.0000000000000000 ) ) ;
#1129 = PLANE ( 'NONE',  #266 ) ;
#1130 = CARTESIAN_POINT ( 'NONE',  ( 25.76715289772003814, -5.642793565112111942, 0.000000000000000000 ) ) ;
#1131 = ORIENTED_EDGE ( 'NONE', *, *, #1775, .T. ) ;
#1132 = CARTESIAN_POINT ( 'NONE',  ( 157.8446024968344545, 6.325460809112749772, 296.0582172898980957 ) ) ;
#1133 = CARTESIAN_POINT ( 'NONE',  ( 61.54491554862880776, -4.696402637579984329, 0.000000000000000000 ) ) ;
#1134 = CARTESIAN_POINT ( 'NONE',  ( 119.3599999877914541, -2.577559667476766236, 0.000000000000000000 ) ) ;
#1135 = ADVANCED_FACE ( 'NONE', ( #692 ), #7, .T. ) ;
#1136 = CARTESIAN_POINT ( 'NONE',  ( 158.2810770031074981, -1.148108447478842331, 293.9999999974029947 ) ) ;
#1137 = CARTESIAN_POINT ( 'NONE',  ( 1.247712657388687418, 2.301766966073359733, 0.000000000000000000 ) ) ;
#1138 = CARTESIAN_POINT ( 'NONE',  ( 187.3164905826811832, -0.08178092353515614699, 516.9999999963175696 ) ) ;
#1139 = CARTESIAN_POINT ( 'NONE',  ( 71.16831847399173228, 2.520757113444550779, 519.0000000000000000 ) ) ;
#1140 = EDGE_LOOP ( 'NONE', ( #475, #281, #764, #1686, #2463, #2267, #2043, #1921 ) ) ;
#1141 = DIRECTION ( 'NONE',  ( -0.9993263273629906518, -0.03670001960757905690, 0.000000000000000000 ) ) ;
#1142 = DIRECTION ( 'NONE',  ( 3.236856513486276372E-11, 1.365473910498702627E-10, 1.000000000000000000 ) ) ;
#1143 = CARTESIAN_POINT ( 'NONE',  ( 73.39784499682883734, -4.265261773012131385, 0.000000000000000000 ) ) ;
#1144 = ORIENTED_EDGE ( 'NONE', *, *, #563, .T. ) ;
#1145 = CARTESIAN_POINT ( 'NONE',  ( 158.2810766149265760, -1.148107952990518710, 475.9999999974029947 ) ) ;
#1146 = CARTESIAN_POINT ( 'NONE',  ( -0.01618436370992069190, -0.07097642517224030112, 0.000000000000000000 ) ) ;
#1147 = AXIS2_PLACEMENT_3D ( 'NONE', #1578, #2434, #1141 ) ;
#1148 = VECTOR ( 'NONE', #1551, 1000.000000000000000 ) ;
#1149 = CARTESIAN_POINT ( 'NONE',  ( 52.22002326134434469, -5.048595922600950026, 0.000000000000000000 ) ) ;
#1150 = CARTESIAN_POINT ( 'NONE',  ( 186.9932192328595875, -0.09365443369473600010, 291.9999999969078317 ) ) ;
#1151 = CARTESIAN_POINT ( 'NONE',  ( 46.61076787400220667, -5.256312205029081142, 0.000000000000000000 ) ) ;
#1152 = EDGE_CURVE ( 'NONE', #1984, #1099, #883, .T. ) ;
#1153 = CARTESIAN_POINT ( 'NONE',  ( 72.80598534194476201, 3.845614536346407597, 519.0000000000000000 ) ) ;
#1154 = ORIENTED_EDGE ( 'NONE', *, *, #2601, .F. ) ;
#1155 = DIRECTION ( 'NONE',  ( 0.000000000000000000, 1.000000000000000000, -1.365460013478973488E-10 ) ) ;
#1156 = CARTESIAN_POINT ( 'NONE',  ( 167.8502054947232693, -0.7966850375103035065, 293.9999999969160172 ) ) ;
#1157 = DIRECTION ( 'NONE',  ( 0.000000000000000000, -1.000000000000000000, 1.366069433417221728E-10 ) ) ;
#1158 = ORIENTED_EDGE ( 'NONE', *, *, #1847, .F. ) ;
#1159 = CARTESIAN_POINT ( 'NONE',  ( 159.1949825727385814, 5.988553968731868515, 407.9999999963633854 ) ) ;
#1160 = AXIS2_PLACEMENT_3D ( 'NONE', #1097, #1322, #1295 ) ;
#1161 = MANIFOLD_SOLID_BREP ( 'ÕπÃ®-¿≠…Ï4', #470 ) ;
#1162 = CARTESIAN_POINT ( 'NONE',  ( 98.84499921693614510, -3.330642018273542337, 0.000000000000000000 ) ) ;
#1163 = FACE_OUTER_BOUND ( 'NONE', #77, .T. ) ;
#1164 = CARTESIAN_POINT ( 'NONE',  ( 28.74557638053105890, -5.650797401801871622, 0.000000000000000000 ) ) ;
#1165 = VECTOR ( 'NONE', #258, 1000.000000000000114 ) ;
#1166 = CARTESIAN_POINT ( 'NONE',  ( 158.2810770219218455, -1.148108464177980403, 326.6798014116728837 ) ) ;
#1167 = CARTESIAN_POINT ( 'NONE',  ( 69.31929465776302379, 0.1090788837343804885, 519.0000000000000000 ) ) ;
#1168 = ORIENTED_EDGE ( 'NONE', *, *, #839, .T. ) ;
#1169 = CARTESIAN_POINT ( 'NONE',  ( 184.3164905763225931, -0.1919644947026549198, 322.5633655605771537 ) ) ;
#1170 = CARTESIAN_POINT ( 'NONE',  ( 155.5936445787499167, 6.754321273607824416, 291.9999999964109065 ) ) ;
#1171 = CARTESIAN_POINT ( 'NONE',  ( 138.8780421716079729, -1.860682216793467125, 0.000000000000000000 ) ) ;
#1172 = ADVANCED_FACE ( 'NONE', ( #928 ), #1115, .T. ) ;
#1173 = VERTEX_POINT ( 'NONE', #1341 ) ;
#1174 = FACE_OUTER_BOUND ( 'NONE', #145, .T. ) ;
#1175 = CARTESIAN_POINT ( 'NONE',  ( 124.9550002288720663, -2.372072896419606725, 0.000000000000000000 ) ) ;
#1176 = CARTESIAN_POINT ( 'NONE',  ( 184.3164905753980349, 37.87342864611797921, 293.9999999912320163 ) ) ;
#1177 = CARTESIAN_POINT ( 'NONE',  ( 79.90582349855121436, -3.437168282320685719, 519.0000000000007958 ) ) ;
#1178 = CARTESIAN_POINT ( 'NONE',  ( 158.5256518817483311, 6.346768305042879810, 0.000000000000000000 ) ) ;
#1179 = CARTESIAN_POINT ( 'NONE',  ( 93.97313903278158875, 9.972679586423508269, 519.0000000000000000 ) ) ;
#1180 = CARTESIAN_POINT ( 'NONE',  ( 184.3164905754313736, 0.6287599765580953459, 295.0291089536615345 ) ) ;
#1181 = CARTESIAN_POINT ( 'NONE',  ( 157.7249660642362414, 6.182883678968926766, 487.3201905896040671 ) ) ;
#1182 = CARTESIAN_POINT ( 'NONE',  ( 187.0592777421928474, -0.09122815502162903711, 519.0000000000004547 ) ) ;
#1183 = VERTEX_POINT ( 'NONE', #1971 ) ;
#1184 = CARTESIAN_POINT ( 'NONE',  ( 184.3164905768869914, -0.08178094797703815144, 339.9999999964146014 ) ) ;
#1185 = EDGE_CURVE ( 'NONE', #2775, #2003, #2659, .T. ) ;
#1186 = CARTESIAN_POINT ( 'NONE',  ( 173.4449997464855073, -0.5912064305830767585, 0.000000000000000000 ) ) ;
#1187 = DIRECTION ( 'NONE',  ( 0.000000000000000000, 1.000000000000000000, -1.365489264352208951E-10 ) ) ;
#1188 = CARTESIAN_POINT ( 'NONE',  ( 153.0476135970230018, -1.340307439293848102, 519.0000000000010232 ) ) ;
#1189 = AXIS2_PLACEMENT_3D ( 'NONE', #2716, #544, #316 ) ;
#1190 = CARTESIAN_POINT ( 'NONE',  ( 57.81486591581965939, 16.96430749178105302, 0.000000000000000000 ) ) ;
#1191 = CARTESIAN_POINT ( 'NONE',  ( 69.98954746365656376, -1.502260687089434388, 519.0000000000000000 ) ) ;
#1192 = DIRECTION ( 'NONE',  ( -0.9993263273629906518, -0.03670001960757905690, 0.000000000000000000 ) ) ;
#1193 = B_SPLINE_CURVE_WITH_KNOTS ( 'NONE', 3,
 ( #898, #2386, #2812, #1779, #2168, #675, #1084, #1071, #206, #879 ),
 .UNSPECIFIED., .F., .F.,
 ( 4, 3, 3, 4 ),
 ( 6.328271240363392280E-13, 0.003087326887297070499, 0.01543663443648524147, 0.03600000000066694295 ),
 .UNSPECIFIED. ) ;
#1194 = CARTESIAN_POINT ( 'NONE',  ( 184.3164905753980349, -0.1919646382104054638, 293.9999999964296649 ) ) ;
#1195 = CARTESIAN_POINT ( 'NONE',  ( 0.1360065701164855367, 0.5670587147807295558, 0.000000000000000000 ) ) ;
#1196 = CARTESIAN_POINT ( 'NONE',  ( 179.3010722407348680, -0.3761434446096183493, 519.0000000000003411 ) ) ;
#1197 = ORIENTED_EDGE ( 'NONE', *, *, #1324, .F. ) ;
#1198 = DIRECTION ( 'NONE',  ( -0.7660444442910668839, 0.6427876082896982757, -6.297483687410076874E-11 ) ) ;
#1199 = EDGE_CURVE ( 'NONE', #2775, #1719, #2385, .T. ) ;
#1200 = CARTESIAN_POINT ( 'NONE',  ( 143.6056394855133647, 9.224512873663096357, 0.000000000000000000 ) ) ;
#1201 = PLANE ( 'NONE',  #939 ) ;
#1202 = CARTESIAN_POINT ( 'NONE',  ( 10.89045217061282855, -5.037991088537374651, 0.000000000000000000 ) ) ;
#1203 = CARTESIAN_POINT ( 'NONE',  ( 37.29693288624375924, 15.65575389480242485, 0.000000000000000000 ) ) ;
#1204 = CARTESIAN_POINT ( 'NONE',  ( 170.7432723593285857, -0.6904447962682416229, 519.0000000000000000 ) ) ;
#1205 = AXIS2_PLACEMENT_3D ( 'NONE', #1176, #2046, #951 ) ;
#1206 = ORIENTED_EDGE ( 'NONE', *, *, #14, .T. ) ;
#1207 = CARTESIAN_POINT ( 'NONE',  ( 184.3164905764558625, -0.1919644735591756191, 326.6798014103065384 ) ) ;
#1208 = FACE_OUTER_BOUND ( 'NONE', #529, .T. ) ;
#1209 = CARTESIAN_POINT ( 'NONE',  ( 111.2783335999749994, -2.874267266207179539, 0.000000000000000000 ) ) ;
#1210 = ORIENTED_EDGE ( 'NONE', *, *, #333, .T. ) ;
#1211 = CARTESIAN_POINT ( 'NONE',  ( 155.7483116298055279, -1.241123830227799818, 511.7962372629736478 ) ) ;
#1212 = CARTESIAN_POINT ( 'NONE',  ( 178.4370513145214261, -0.4078753573991498182, 514.9999999969164719 ) ) ;
#1213 = CARTESIAN_POINT ( 'NONE',  ( 185.5675000005097104, -0.1460200138781808932, 0.000000000000000000 ) ) ;
#1214 = CARTESIAN_POINT ( 'NONE',  ( 173.5042201864301887, 3.103578567373026953, 339.9999999963591790 ) ) ;
#1215 = CARTESIAN_POINT ( 'NONE',  ( 180.7040290666257931, 1.486459005793488553, 0.000000000000000000 ) ) ;
#1216 = EDGE_CURVE ( 'NONE', #2038, #1400, #2100, .T. ) ;
#1217 = CARTESIAN_POINT ( 'NONE',  ( 123.0907996887146112, 12.60924782168897984, 0.000000000000000000 ) ) ;
#1218 = CARTESIAN_POINT ( 'NONE',  ( 177.4017960048423959, -0.4459044331497287739, 519.0000000000000000 ) ) ;
#1219 = ORIENTED_EDGE ( 'NONE', *, *, #2006, .F. ) ;
#1220 = CARTESIAN_POINT ( 'NONE',  ( 86.69350627748926286, 16.49372675104633501, 0.000000000000000000 ) ) ;
#1221 = CARTESIAN_POINT ( 'NONE',  ( 184.3164905790233377, -0.08178093896493103532, 405.9999999964146014 ) ) ;
#1222 = CARTESIAN_POINT ( 'NONE',  ( 83.92500179146483674, -3.879828715142262130, 0.000000000000000000 ) ) ;
#1223 = ORIENTED_EDGE ( 'NONE', *, *, #674, .F. ) ;
#1224 = CARTESIAN_POINT ( 'NONE',  ( 184.3164905768869914, 37.87342865239913436, 339.9999999912319595 ) ) ;
#1225 = CARTESIAN_POINT ( 'NONE',  ( 184.3164905790233377, 0.3083730383253202589, 405.9999999963954451 ) ) ;
#1226 = CARTESIAN_POINT ( 'NONE',  ( 90.20802910819989506, 9.464635066285239873, 518.9999999999998863 ) ) ;
#1227 = CARTESIAN_POINT ( 'NONE',  ( 169.7149999668257578, -0.7281990967229315936, 0.000000000000000000 ) ) ;
#1228 = LINE ( 'NONE', #2777, #1349 ) ;
#1229 = CARTESIAN_POINT ( 'NONE',  ( 160.5486028406783987, -1.064832870828584133, 518.9999999999997726 ) ) ;
#1230 = CARTESIAN_POINT ( 'NONE',  ( 78.33034229766373358, 16.89236589472353600, 0.000000000000000000 ) ) ;
#1231 = CARTESIAN_POINT ( 'NONE',  ( 117.0834077844625938, -2.661352071733876556, 519.0000000000000000 ) ) ;
#1232 = EDGE_LOOP ( 'NONE', ( #122, #1841, #807, #2632 ) ) ;
#1233 = AXIS2_PLACEMENT_3D ( 'NONE', #1074, #808, #1958 ) ;
#1234 = CARTESIAN_POINT ( 'NONE',  ( 81.96625082348428748, 7.645177351959976164, 519.0000000000000000 ) ) ;
#1235 = APPLICATION_CONTEXT ( 'automotive_design' ) ;
#1236 = CARTESIAN_POINT ( 'NONE',  ( 184.3164905809911716, 0.6282207862764735973, 466.7962372600989056 ) ) ;
#1237 = CARTESIAN_POINT ( 'NONE',  ( 160.3899999544526622, -1.070658759825990902, 0.000000000000000000 ) ) ;
#1238 = ORIENTED_EDGE ( 'NONE', *, *, #98, .F. ) ;
#1239 = CARTESIAN_POINT ( 'NONE',  ( 184.3164905825514666, -0.1919633353132239872, 514.9999999964296649 ) ) ;
#1240 = DIRECTION ( 'NONE',  ( 0.000000000000000000, 1.000000000000000000, -1.365460013478974005E-10 ) ) ;
#1241 = CARTESIAN_POINT ( 'NONE',  ( 77.51412077775893295, 6.170094624300490160, 518.9999999999998863 ) ) ;
#1242 = ORIENTED_EDGE ( 'NONE', *, *, #639, .T. ) ;
#1243 = CARTESIAN_POINT ( 'NONE',  ( 152.9308174229624910, 7.465276715481427239, 0.000000000000000000 ) ) ;
#1244 = CARTESIAN_POINT ( 'NONE',  ( 158.2810766787967509, -1.148108031440724153, 462.6798014116728837 ) ) ;
#1245 = CARTESIAN_POINT ( 'NONE',  ( 162.6890253046869077, -0.9862314261816695904, 0.000000000000000000 ) ) ;
#1246 = CARTESIAN_POINT ( 'NONE',  ( 96.98060923560068147, 15.70734795441399534, 0.000000000000000000 ) ) ;
#1247 = CARTESIAN_POINT ( 'NONE',  ( 92.79944953398802454, -3.516721495312048251, 519.0000000000000000 ) ) ;
#1248 = VERTEX_POINT ( 'NONE', #1592 ) ;
#1249 = CARTESIAN_POINT ( 'NONE',  ( 153.5357213043733964, 7.365898744728829328, 0.000000000000000000 ) ) ;
#1250 = CARTESIAN_POINT ( 'NONE',  ( 184.3164905790880539, -0.1919640247904724206, 407.9999999964296649 ) ) ;
#1251 = CARTESIAN_POINT ( 'NONE',  ( 164.1199997434927695, -0.9336663490870151794, 0.000000000000000000 ) ) ;
#1252 = VERTEX_POINT ( 'NONE', #2473 ) ;
#1253 = CARTESIAN_POINT ( 'NONE',  ( 172.8804178492039796, 3.247302782194326110, 291.9999999963641244 ) ) ;
#1254 = AXIS2_PLACEMENT_3D ( 'NONE', #725, #2513, #765 ) ;
#1255 = CARTESIAN_POINT ( 'NONE',  ( 158.2810765139451803, -1.148107825815798844, 514.9999999974029379 ) ) ;
#1256 = EDGE_CURVE ( 'NONE', #2613, #1073, #486, .T. ) ;
#1257 = CARTESIAN_POINT ( 'NONE',  ( 73.28223991044859531, 4.158522856093605391, 518.9999999999994316 ) ) ;
#1258 = ORIENTED_EDGE ( 'NONE', *, *, #907, .T. ) ;
#1259 = CARTESIAN_POINT ( 'NONE',  ( 44.75876882989183514, 16.38371798889331643, 0.000000000000000000 ) ) ;
#1260 = CARTESIAN_POINT ( 'NONE',  ( 158.2810769463360998, -1.148108360557824170, 403.9999999977272296 ) ) ;
#1261 = CARTESIAN_POINT ( 'NONE',  ( 171.8000882933160653, -0.6516240257685036452, 518.9999999999996589 ) ) ;
#1262 = CARTESIAN_POINT ( 'NONE',  ( 22.37973747820756287, -5.590496226495408116, 0.000000000000000000 ) ) ;
#1263 = CARTESIAN_POINT ( 'NONE',  ( 155.0761570120024544, -1.265813803249261182, 519.0000000000000000 ) ) ;
#1264 = ORIENTED_EDGE ( 'NONE', *, *, #690, .F. ) ;
#1265 = CARTESIAN_POINT ( 'NONE',  ( 135.1383275974019966, 9.415727981764161925, 519.0000000000007958 ) ) ;
#1266 = DIRECTION ( 'NONE',  ( 0.000000000000000000, -1.000000000000000000, 1.365478693236032279E-10 ) ) ;
#1267 = CARTESIAN_POINT ( 'NONE',  ( 187.3164905826809843, -0.08178092353511093315, 519.0000000000000000 ) ) ;
#1268 = ORIENTED_EDGE ( 'NONE', *, *, #1662, .T. ) ;
#1269 = CARTESIAN_POINT ( 'NONE',  ( 184.3164905813890471, 0.6281690362343240741, 479.0873268785009600 ) ) ;
#1270 = CARTESIAN_POINT ( 'NONE',  ( 157.7336117459075808, 6.193187200090238598, 475.9999999964182962 ) ) ;
#1271 = CARTESIAN_POINT ( 'NONE',  ( 74.92795895584860943, 5.060209039235067152, 518.9999999999994316 ) ) ;
#1272 = ORIENTED_EDGE ( 'NONE', *, *, #2634, .T. ) ;
#1273 = EDGE_CURVE ( 'NONE', #1680, #1173, #1100, .T. ) ;
#1274 = CARTESIAN_POINT ( 'NONE',  ( 128.6856002384853923, 11.75491363938067124, 0.000000000000000000 ) ) ;
#1275 = FACE_BOUND ( 'NONE', #724, .T. ) ;
#1276 = CARTESIAN_POINT ( 'NONE',  ( 31.70162641108408863, 14.81240230836588978, 0.000000000000000000 ) ) ;
#1277 = CARTESIAN_POINT ( 'NONE',  ( 182.1019302057227378, -0.2732863190068853254, 519.0000000000000000 ) ) ;
#1278 = ORIENTED_EDGE ( 'NONE', *, *, #1123, .T. ) ;
#1279 = CARTESIAN_POINT ( 'NONE',  ( 98.28820779561067411, 10.35717570941179666, 518.9999999999987494 ) ) ;
#1280 = DIRECTION ( 'NONE',  ( 0.9993263277176602788, 0.03670000995007255407, -3.736046588057606882E-11 ) ) ;
#1281 = CARTESIAN_POINT ( 'NONE',  ( 170.9002812208761668, 3.624005772860073638, 516.9999999963805521 ) ) ;
#1282 = CARTESIAN_POINT ( 'NONE',  ( 117.4752304861963665, 10.65202025120557572, 519.0000000000000000 ) ) ;
#1283 = AXIS2_PLACEMENT_3D ( 'NONE', #1864, #61, #1192 ) ;
#1284 = ORIENTED_EDGE ( 'NONE', *, *, #779, .T. ) ;
#1285 = CARTESIAN_POINT ( 'NONE',  ( 184.3164905817887416, 0.6281149653441286951, 491.4366344275708229 ) ) ;
#1286 = AXIS2_PLACEMENT_3D ( 'NONE', #264, #1613, #496 ) ;
#1287 = CARTESIAN_POINT ( 'NONE',  ( 162.3635950232902871, 5.432127318798078086, 337.9999999963598611 ) ) ;
#1288 = CARTESIAN_POINT ( 'NONE',  ( 83.17190727946392315, 7.979134946334658807, 519.0000000000002274 ) ) ;
#1289 = CARTESIAN_POINT ( 'NONE',  ( 33.56610730132103271, 15.12375055081397157, 0.000000000000000000 ) ) ;
#1290 = CARTESIAN_POINT ( 'NONE',  ( 142.5908676804241111, 8.521157354177651300, 519.0000000000007958 ) ) ;
#1291 = CARTESIAN_POINT ( 'NONE',  ( 11.48710463215866007, 9.225676663242735387, 0.000000000000000000 ) ) ;
#1292 = ADVANCED_FACE ( 'NONE', ( #210 ), #2853, .T. ) ;
#1293 = CARTESIAN_POINT ( 'NONE',  ( 157.8737949798516809, -0.6627286125753180102, 410.9999999973497893 ) ) ;
#1294 = CARTESIAN_POINT ( 'NONE',  ( 69.28463681449620992, -0.2342761186725464684, 518.9999999999996589 ) ) ;
#1295 = DIRECTION ( 'NONE',  ( 0.000000000000000000, -1.000000000000000000, 1.365471248240531236E-10 ) ) ;
#1296 = CARTESIAN_POINT ( 'NONE',  ( 178.5772835477038711, 1.954021295437709638, 519.0000000000000000 ) ) ;
#1297 = ORIENTED_EDGE ( 'NONE', *, *, #1598, .F. ) ;
#1298 = DIRECTION ( 'NONE',  ( 3.236852845993130080E-11, 1.365471248240533046E-10, 1.000000000000000000 ) ) ;
#1299 = CARTESIAN_POINT ( 'NONE',  ( 184.3164905768869914, -0.08178094797703815144, 339.9999999964146014 ) ) ;
#1300 = CARTESIAN_POINT ( 'NONE',  ( 34.70200647458090515, -5.588821766112102907, 0.000000000000000000 ) ) ;
#1301 = EDGE_LOOP ( 'NONE', ( #758, #1799, #1757, #1621 ) ) ;
#1302 = AXIS2_PLACEMENT_3D ( 'NONE', #26, #2289, #1351 ) ;
#1303 = CARTESIAN_POINT ( 'NONE',  ( 109.4147758881605768, 14.43275082543250143, 0.000000000000000000 ) ) ;
#1304 = CARTESIAN_POINT ( 'NONE',  ( 46.01172133595694191, 16.48707252421954905, 0.000000000000000000 ) ) ;
#1305 = CARTESIAN_POINT ( 'NONE',  ( 9.322766892396767702, -4.860760883107372088, 0.000000000000000000 ) ) ;
#1306 = DIRECTION ( 'NONE',  ( 0.03670002039467185062, -0.9993263273340849961, 1.352690653793184412E-10 ) ) ;
#1307 = CARTESIAN_POINT ( 'NONE',  ( 5.288723860066914639, 5.960515702776831404, 0.000000000000000000 ) ) ;
#1308 = EDGE_CURVE ( 'NONE', #1044, #443, #2738, .T. ) ;
#1309 = CARTESIAN_POINT ( 'NONE',  ( 184.3164905789262207, 0.3083730379156788826, 402.9999999963613391 ) ) ;
#1310 = CARTESIAN_POINT ( 'NONE',  ( 141.7599506863630836, 8.624895427973722661, 519.0000000000000000 ) ) ;
#1311 = VERTEX_POINT ( 'NONE', #759 ) ;
#1312 = CARTESIAN_POINT ( 'NONE',  ( 186.6510324508523695, 0.07596741884803651090, 259.5000000000000000 ) ) ;
#1313 = CARTESIAN_POINT ( 'NONE',  ( 177.8919900630957898, 2.127904538639136867, 337.9999999963594064 ) ) ;
#1314 = CARTESIAN_POINT ( 'NONE',  ( 12.37476417433992459, -5.160025936651740253, 0.000000000000000000 ) ) ;
#1315 = VERTEX_POINT ( 'NONE', #944 ) ;
#1316 = CARTESIAN_POINT ( 'NONE',  ( 158.2810765187112736, -1.148107832757327085, 507.7962372614022115 ) ) ;
#1317 = CARTESIAN_POINT ( 'NONE',  ( 9.322766892396767702, -4.860760883107372088, 0.000000000000000000 ) ) ;
#1318 = CARTESIAN_POINT ( 'NONE',  ( 135.1383275974019966, 9.415727981764161925, 519.0000000000007958 ) ) ;
#1319 = CARTESIAN_POINT ( 'NONE',  ( 13.05347065296971110, -5.206568811462167545, 0.000000000000000000 ) ) ;
#1320 = PLANE ( 'NONE',  #847 ) ;
#1321 = CARTESIAN_POINT ( 'NONE',  ( 0.03112534431550203692, -0.6942191776496630107, 0.000000000000000000 ) ) ;
#1322 = DIRECTION ( 'NONE',  ( 3.236852845993137835E-11, 1.365471248240531236E-10, 1.000000000000000000 ) ) ;
#1323 = CARTESIAN_POINT ( 'NONE',  ( 180.9273431232885514, 1.419747764727842698, 519.0000000000000000 ) ) ;
#1324 = EDGE_CURVE ( 'NONE', #1252, #1868, #88, .T. ) ;
#1325 = ORIENTED_EDGE ( 'NONE', *, *, #528, .F. ) ;
#1326 = FILL_AREA_STYLE_COLOUR ( '', #591 ) ;
#1327 = CARTESIAN_POINT ( 'NONE',  ( 155.4221683477642557, 6.549963880572948760, 516.9999999964443305 ) ) ;
#1328 = CARTESIAN_POINT ( 'NONE',  ( 102.4160592655408664, -3.202977292661430830, 518.9999999999996589 ) ) ;
#1329 = EDGE_CURVE ( 'NONE', #2602, #196, #2787, .T. ) ;
#1330 = VERTEX_POINT ( 'NONE', #1630 ) ;
#1331 = CARTESIAN_POINT ( 'NONE',  ( 157.8031746317841169, 6.276089009391254692, 372.2910864962621531 ) ) ;
#1332 = CARTESIAN_POINT ( 'NONE',  ( 14.91915398124600856, -5.309234401509425716, 0.000000000000000000 ) ) ;
#1333 = CARTESIAN_POINT ( 'NONE',  ( 44.76009875730591858, -5.319213206140921635, 0.000000000000000000 ) ) ;
#1334 = DIRECTION ( 'NONE',  ( 1.000000000000000000, 0.000000000000000000, 0.000000000000000000 ) ) ;
#1335 = LINE ( 'NONE', #2165, #2460 ) ;
#1336 = CARTESIAN_POINT ( 'NONE',  ( 69.36427631157002338, 0.3079747948091366427, 519.0000000000003411 ) ) ;
#1337 = CARTESIAN_POINT ( 'NONE',  ( 184.3164905790233377, -0.1919640365446505237, 405.9999999964296649 ) ) ;
#1338 = CARTESIAN_POINT ( 'NONE',  ( 158.2810770185828630, -1.148108451787634321, 374.7089103737545202 ) ) ;
#1339 = CARTESIAN_POINT ( 'NONE',  ( 165.6519745353168389, 4.673203821751014786, 519.0000000000000000 ) ) ;
#1340 = ORIENTED_EDGE ( 'NONE', *, *, #1329, .T. ) ;
#1341 = CARTESIAN_POINT ( 'NONE',  ( 186.8009008751064641, 0.04044077281143245578, 516.9999999963175696 ) ) ;
#1342 = CARTESIAN_POINT ( 'NONE',  ( 181.5026771960254734, 1.291772088072925984, 337.9999999963593496 ) ) ;
#1343 = CARTESIAN_POINT ( 'NONE',  ( 19.81148263834581869, -5.527740210294628476, 0.000000000000000000 ) ) ;
#1344 = ORIENTED_EDGE ( 'NONE', *, *, #1831, .T. ) ;
#1345 = CARTESIAN_POINT ( 'NONE',  ( 183.7531315347568750, 0.7613911310796431797, 407.9999999963631581 ) ) ;
#1346 = EDGE_CURVE ( 'NONE', #2066, #2119, #2710, .T. ) ;
#1347 = B_SPLINE_CURVE_WITH_KNOTS ( 'NONE', 3,
 ( #2186, #2614, #1943, #1269, #1894, #1506, #1285, #635, #2569, #1522 ),
 .UNSPECIFIED., .F., .F.,
 ( 4, 3, 3, 4 ),
 ( 5.085765142400375133E-12, 0.003087326887297073535, 0.01543663443648536811, 0.03900000000548772827 ),
 .UNSPECIFIED. ) ;
#1348 = CARTESIAN_POINT ( 'NONE',  ( 57.19327467542034071, -4.858866963981833820, 0.000000000000000000 ) ) ;
#1349 = VECTOR ( 'NONE', #96, 1000.000000000000000 ) ;
#1350 = CARTESIAN_POINT ( 'NONE',  ( 33.57010253789299981, -5.605521891424841918, 0.000000000000000000 ) ) ;
#1351 = DIRECTION ( 'NONE',  ( 0.000000000000000000, 1.000000000000000000, -1.365460013478973488E-10 ) ) ;
#1352 = CARTESIAN_POINT ( 'NONE',  ( 0.3618704783484876786, 1.104453914242464529, 0.000000000000000000 ) ) ;
#1353 = FACE_OUTER_BOUND ( 'NONE', #129, .T. ) ;
#1354 = CARTESIAN_POINT ( 'NONE',  ( 175.3109227526206553, 2.728036616298050721, 0.000000000000000000 ) ) ;
#1355 = CARTESIAN_POINT ( 'NONE',  ( 84.57087449936415169, 8.329371216890203655, 519.0000000000000000 ) ) ;
#1356 = VERTEX_POINT ( 'NONE', #1425 ) ;
#1357 = SURFACE_STYLE_FILL_AREA ( #1782 ) ;
#1358 = CARTESIAN_POINT ( 'NONE',  ( 158.3339673308447004, -1.146166047496413265, 293.9999999969164151 ) ) ;
#1359 = CARTESIAN_POINT ( 'NONE',  ( 70.81196768695349419, -2.107929409915281216, 519.0000000000001137 ) ) ;
#1360 = VERTEX_POINT ( 'NONE', #2063 ) ;
#1361 = CARTESIAN_POINT ( 'NONE',  ( 154.9273051557552776, 2.848761220308446696, 407.9999999969658120 ) ) ;
#1362 = CARTESIAN_POINT ( 'NONE',  ( 2.961229421719349997, -3.528410340963362035, 0.000000000000000000 ) ) ;
#1363 = EDGE_CURVE ( 'NONE', #1183, #386, #1619, .T. ) ;
#1364 = CARTESIAN_POINT ( 'NONE',  ( 115.6300001516287494, -2.714530796320807404, 0.000000000000000000 ) ) ;
#1365 = DIRECTION ( 'NONE',  ( 0.6427876096865403621, -0.7660444431189771253, 0.000000000000000000 ) ) ;
#1366 = CARTESIAN_POINT ( 'NONE',  ( 119.2931906339720598, -2.580698584875936064, 519.0000000000007958 ) ) ;
#1367 = CARTESIAN_POINT ( 'NONE',  ( 171.5808611136160380, 3.565678250306921093, 0.000000000000000000 ) ) ;
#1368 = CARTESIAN_POINT ( 'NONE',  ( 83.39428306083092934, 8.035536908634508535, 519.0000000000000000 ) ) ;
#1369 = CARTESIAN_POINT ( 'NONE',  ( 157.7281432402045027, 6.186670089454197274, 483.2037577053692985 ) ) ;
#1370 = CARTESIAN_POINT ( 'NONE',  ( 141.7961319697793101, -1.753567620391217163, 518.9999999999994316 ) ) ;
#1371 = ORIENTED_EDGE ( 'NONE', *, *, #136, .T. ) ;
#1372 = LINE ( 'NONE', #1361, #189 ) ;
#1373 = AXIS2_PLACEMENT_3D ( 'NONE', #1854, #1867, #91 ) ;
#1374 = B_SPLINE_CURVE_WITH_KNOTS ( 'NONE', 3,
 ( #2604, #461, #1342, #1313, #621, #2841, #1287, #2013, #679 ),
 .UNSPECIFIED., .F., .F.,
 ( 4, 1, 1, 1, 1, 1, 4 ),
 ( 2.843525609543741372E-17, 0.002075632378112533469, 0.006597389981724439967, 0.01111914758533634646, 0.01564090518894824949, 0.02468442039617206943, 0.02709753961429535798 ),
 .UNSPECIFIED. ) ;
#1375 = AXIS2_PLACEMENT_3D ( 'NONE', #917, #736, #1618 ) ;
#1376 = CARTESIAN_POINT ( 'NONE',  ( 89.51999994725915144, -3.673788567377311409, 0.000000000000000000 ) ) ;
#1377 = LINE ( 'NONE', #1600, #330 ) ;
#1378 = CARTESIAN_POINT ( 'NONE',  ( 141.7961319697793101, -1.753567620391217163, 518.9999999999994316 ) ) ;
#1379 = CARTESIAN_POINT ( 'NONE',  ( 158.2627266045674048, -0.6484447900062213499, 470.9999999973352942 ) ) ;
#1380 = EDGE_CURVE ( 'NONE', #523, #391, #102, .T. ) ;
#1381 = CARTESIAN_POINT ( 'NONE',  ( 162.1921567667064608, -1.004473790999988791, 339.9999999969165856 ) ) ;
#1382 = CARTESIAN_POINT ( 'NONE',  ( 69.35108366495394705, 0.2277500459532391108, 519.0000000000000000 ) ) ;
#1383 = CARTESIAN_POINT ( 'NONE',  ( 169.0856202977915075, 4.121625089013101650, 0.000000000000000000 ) ) ;
#1384 = FACE_OUTER_BOUND ( 'NONE', #1006, .T. ) ;
#1385 = CARTESIAN_POINT ( 'NONE',  ( 132.9252984366975454, -2.079301641002746504, 0.000000000000000000 ) ) ;
#1386 = APPLICATION_CONTEXT ( 'automotive_design' ) ;
#1387 = ORIENTED_EDGE ( 'NONE', *, *, #2675, .T. ) ;
#1388 = CARTESIAN_POINT ( 'NONE',  ( 157.8737946614477607, -0.6627282226089689088, 470.9999999973497893 ) ) ;
#1389 = CARTESIAN_POINT ( 'NONE',  ( 106.3049997505705448, -3.056766536985469518, 0.000000000000000000 ) ) ;
#1390 = PLANE ( 'NONE',  #1302 ) ;
#1391 = CARTESIAN_POINT ( 'NONE',  ( 89.28622799130725696, -3.578506408754059898, 518.9999999999996589 ) ) ;
#1392 = VECTOR ( 'NONE', #68, 1000.000000000000000 ) ;
#1393 = CARTESIAN_POINT ( 'NONE',  ( 162.2556432217760971, 5.575989266341150774, 0.000000000000000000 ) ) ;
#1394 = CARTESIAN_POINT ( 'NONE',  ( 70.46577291064643589, -1.878721749843997646, 519.0000000000000000 ) ) ;
#1395 = ORIENTED_EDGE ( 'NONE', *, *, #2634, .F. ) ;
#1396 = CARTESIAN_POINT ( 'NONE',  ( 184.3164905757061831, -0.1919645914215137861, 303.5211218476803197 ) ) ;
#1397 = ADVANCED_FACE ( 'NONE', ( #1617 ), #524, .T. ) ;
#1398 = LINE ( 'NONE', #1579, #2211 ) ;
#1399 = CARTESIAN_POINT ( 'NONE',  ( 109.1143167513361618, -2.953682490736261546, 0.000000000000000000 ) ) ;
#1400 = VERTEX_POINT ( 'NONE', #2051 ) ;
#1401 = CARTESIAN_POINT ( 'NONE',  ( 157.8737950704518482, -0.6627287329821324180, 339.9999999973499030 ) ) ;
#1402 = B_SPLINE_CURVE_WITH_KNOTS ( 'NONE', 3,
 ( #2354, #1042, #325, #556, #1707, #2137, #2520, #570, #2092, #2551 ),
 .UNSPECIFIED., .F., .F.,
 ( 4, 3, 3, 4 ),
 ( 0.003000000000666969147, 0.003087326887297070499, 0.01543663443648524147, 0.06300000000066696693 ),
 .UNSPECIFIED. ) ;
#1403 = DIRECTION ( 'NONE',  ( -0.9730344131650561224, 0.2306599895875641459, 0.000000000000000000 ) ) ;
#1404 = CARTESIAN_POINT ( 'NONE',  ( 187.2626120243774324, -0.08375984189504820376, 291.9999999969075475 ) ) ;
#1405 = CARTESIAN_POINT ( 'NONE',  ( 134.2951351940940867, -2.028833786847825671, 518.9999999999996589 ) ) ;
#1406 = CARTESIAN_POINT ( 'NONE',  ( 65.27496020676093735, 17.08393238232035571, 0.000000000000000000 ) ) ;
#1407 = CARTESIAN_POINT ( 'NONE',  ( 74.58498869480553140, -3.010015464405128682, 519.0000000000000000 ) ) ;
#1408 = ORIENTED_EDGE ( 'NONE', *, *, #2358, .F. ) ;
#1409 = CARTESIAN_POINT ( 'NONE',  ( 184.3164905765890751, -0.1919644522121014274, 330.7962372600359231 ) ) ;
#1410 = CARTESIAN_POINT ( 'NONE',  ( 157.7155834756405568, 6.171701946433543640, 499.2910826062980050 ) ) ;
#1411 = EDGE_CURVE ( 'NONE', #485, #2066, #324, .T. ) ;
#1412 = CARTESIAN_POINT ( 'NONE',  ( 34.81353171157958570, -5.586449501347389379, 0.000000000000000000 ) ) ;
#1413 = CARTESIAN_POINT ( 'NONE',  ( 123.0436795168392479, -2.442806501860487867, 518.9999999999994316 ) ) ;
#1414 = VERTEX_POINT ( 'NONE', #1657 ) ;
#1415 = CARTESIAN_POINT ( 'NONE',  ( 184.3164905768869914, 0.6286465954010244106, 339.9999999963175696 ) ) ;
#1416 = ADVANCED_FACE ( 'NONE', ( #268, #2039, #46, #1604, #2496 ), #1670, .T. ) ;
#1417 = AXIS2_PLACEMENT_3D ( 'NONE', #1734, #425, #1334 ) ;
#1418 = AXIS2_PLACEMENT_3D ( 'NONE', #364, #2794, #2131 ) ;
#1419 = CARTESIAN_POINT ( 'NONE',  ( 180.9051449323233385, 1.433689586266239768, 0.000000000000000000 ) ) ;
#1420 = CARTESIAN_POINT ( 'NONE',  ( 175.2716601419046754, 2.696359958712609917, 475.9999999963680466 ) ) ;
#1421 = CARTESIAN_POINT ( 'NONE',  ( 12.37476417433992459, -5.160025936651740253, 0.000000000000000000 ) ) ;
#1422 = VECTOR ( 'NONE', #1667, 1000.000000000000000 ) ;
#1423 = CARTESIAN_POINT ( 'NONE',  ( 46.62425439927172022, 16.50923458282414913, 0.000000000000000000 ) ) ;
#1424 = CARTESIAN_POINT ( 'NONE',  ( 123.7419276920540767, -2.417057503353893466, 519.0000000000000000 ) ) ;
#1425 = CARTESIAN_POINT ( 'NONE',  ( 157.7809666145365952, 6.249622528452590586, 407.9999999964090875 ) ) ;
#1426 = CARTESIAN_POINT ( 'NONE',  ( 157.8737950702900434, -0.6627287336648607363, 334.9999999973499030 ) ) ;
#1427 = CARTESIAN_POINT ( 'NONE',  ( 108.7916667594150368, -2.965519193815128851, 0.000000000000000000 ) ) ;
#1428 = CARTESIAN_POINT ( 'NONE',  ( 149.2971202465986664, -1.478067672338626792, 518.9999999999992042 ) ) ;
#1429 = ORIENTED_EDGE ( 'NONE', *, *, #2160, .T. ) ;
#1430 = LINE ( 'NONE', #1842, #2525 ) ;
#1431 = LINE ( 'NONE', #2540, #1652 ) ;
#1432 = VECTOR ( 'NONE', #1688, 1000.000000000000227 ) ;
#1433 = EDGE_CURVE ( 'NONE', #2751, #1875, #1052, .T. ) ;
#1434 = CARTESIAN_POINT ( 'NONE',  ( 175.3109227526206553, 2.728036616298050721, 0.000000000000000000 ) ) ;
#1435 = LINE ( 'NONE', #1463, #793 ) ;
#1436 = CARTESIAN_POINT ( 'NONE',  ( 186.8020649017047674, 0.04016483769607302745, 519.0000000000000000 ) ) ;
#1437 = CARTESIAN_POINT ( 'NONE',  ( 139.8756256096705783, 9.890301222363060418, 0.000000000000000000 ) ) ;
#1438 = CARTESIAN_POINT ( 'NONE',  ( 104.9413403435087560, -3.106182683773718978, 519.0000000000000000 ) ) ;
#1439 = VECTOR ( 'NONE', #864, 1000.000000000000114 ) ;
#1440 = ORIENTED_EDGE ( 'NONE', *, *, #2858, .F. ) ;
#1441 = CARTESIAN_POINT ( 'NONE',  ( 24.42589257288653215, 13.32067908522997435, 0.000000000000000000 ) ) ;
#1442 = DIRECTION ( 'NONE',  ( 0.000000000000000000, 1.000000000000000000, -1.365489264352208951E-10 ) ) ;
#1443 = CARTESIAN_POINT ( 'NONE',  ( 80.19500268461352732, -4.016836534526572855, 0.000000000000000000 ) ) ;
#1444 = VERTEX_POINT ( 'NONE', #597 ) ;
#1445 = CARTESIAN_POINT ( 'NONE',  ( 155.7483114581938821, -1.241123632917779052, 470.6318787656794029 ) ) ;
#1446 = CARTESIAN_POINT ( 'NONE',  ( 172.9064096132549935, 3.241314273243460331, 293.9999999963568484 ) ) ;
#1447 = CARTESIAN_POINT ( 'NONE',  ( 3.355181935654437009, 4.405589825678212890, 0.000000000000000000 ) ) ;
#1448 = CARTESIAN_POINT ( 'NONE',  ( 184.6349999979613585, -0.1802699444872758738, 0.000000000000000000 ) ) ;
#1449 = EDGE_CURVE ( 'NONE', #811, #485, #783, .T. ) ;
#1450 = CARTESIAN_POINT ( 'NONE',  ( 164.9496284195980422, 4.849972683118450867, 473.9999999963686719 ) ) ;
#1451 = CARTESIAN_POINT ( 'NONE',  ( 186.8442519556548973, -0.09912588818743847674, 519.0000000000001137 ) ) ;
#1452 = CARTESIAN_POINT ( 'NONE',  ( 85.79047915500117938, 16.53346528281337413, 0.000000000000000000 ) ) ;
#1453 = CARTESIAN_POINT ( 'NONE',  ( 133.9255510380225189, -2.042405586303938758, 519.0000000000000000 ) ) ;
#1454 = ORIENTED_EDGE ( 'NONE', *, *, #2215, .F. ) ;
#1455 = CARTESIAN_POINT ( 'NONE',  ( 83.17190727946392315, 7.979134946334658807, 519.0000000000002274 ) ) ;
#1456 = CARTESIAN_POINT ( 'NONE',  ( 157.8737950705489936, -0.6627287325724926514, 342.9999999973499030 ) ) ;
#1457 = CARTESIAN_POINT ( 'NONE',  ( 129.3066668260014751, -2.212221004069390151, 0.000000000000000000 ) ) ;
#1458 = ORIENTED_EDGE ( 'NONE', *, *, #1411, .T. ) ;
#1459 = DIRECTION ( 'NONE',  ( -0.6427876082896982757, -0.7660444442910668839, 1.254090856629465562E-10 ) ) ;
#1460 = CARTESIAN_POINT ( 'NONE',  ( 183.5740454827803489, 0.8041978526556137208, 293.9999999963569053 ) ) ;
#1461 = CARTESIAN_POINT ( 'NONE',  ( 86.51911165048093721, 8.773932098162562809, 519.0000000000001137 ) ) ;
#1462 = CARTESIAN_POINT ( 'NONE',  ( 143.6049999668088901, -1.687089096265125709, 0.000000000000000000 ) ) ;
#1463 = CARTESIAN_POINT ( 'NONE',  ( 154.9273051535542152, 2.848761211023245199, 339.9999999969658120 ) ) ;
#1464 = CARTESIAN_POINT ( 'NONE',  ( 1.100629949967735384E-08, 4.642556943843948011E-08, 340.0000000023699727 ) ) ;
#1465 = CARTESIAN_POINT ( 'NONE',  ( 102.5755606254276557, 15.17910804365104305, 0.000000000000000000 ) ) ;
#1466 = CARTESIAN_POINT ( 'NONE',  ( 150.7677002814461673, -1.424053709596238226, 519.0000000000000000 ) ) ;
#1467 = VECTOR ( 'NONE', #2598, 1000.000000000000000 ) ;
#1468 = ORIENTED_EDGE ( 'NONE', *, *, #1831, .F. ) ;
#1469 = AXIS2_PLACEMENT_3D ( 'NONE', #241, #916, #1985 ) ;
#1470 = CARTESIAN_POINT ( 'NONE',  ( 62.87816705955476237, 17.07634393986515065, 0.000000000000000000 ) ) ;
#1471 = ADVANCED_FACE ( 'NONE', ( #1932 ), #565, .F. ) ;
#1472 = PLANE ( 'NONE',  #2587 ) ;
#1473 = CARTESIAN_POINT ( 'NONE',  ( 180.5941665901060844, -0.3286712485612692247, 0.000000000000000000 ) ) ;
#1474 = ORIENTED_EDGE ( 'NONE', *, *, #98, .T. ) ;
#1475 = CARTESIAN_POINT ( 'NONE',  ( 184.3164905812891163, 0.6281822064800001160, 475.9999999963177402 ) ) ;
#1476 = B_SPLINE_CURVE_WITH_KNOTS ( 'NONE', 3,
 ( #967, #1574, #17, #702, #497, #1166, #2239, #483, #1835, #2253 ),
 .UNSPECIFIED., .F., .F.,
 ( 4, 3, 3, 4 ),
 ( 0.003000000001025793228, 0.003087326887297070499, 0.01543663443648524147, 0.04400000000102577413 ),
 .UNSPECIFIED. ) ;
#1477 = CARTESIAN_POINT ( 'NONE',  ( 157.7027193340182691, 6.156371060910848847, 514.9999999964243216 ) ) ;
#1478 = CARTESIAN_POINT ( 'NONE',  ( 93.92662808862401391, 9.971790665057401526, 519.0000000000007958 ) ) ;
#1479 = ORIENTED_EDGE ( 'NONE', *, *, #29, .T. ) ;
#1480 = CARTESIAN_POINT ( 'NONE',  ( 132.4155919446419318, 11.15565756141425524, 0.000000000000000000 ) ) ;
#1481 = B_SPLINE_CURVE_WITH_KNOTS ( 'NONE', 3,
 ( #2676, #693, #2257, #958, #1369, #1181, #2028, #1410, #1605, #2064 ),
 .UNSPECIFIED., .F., .F.,
 ( 4, 3, 3, 4 ),
 ( 5.186410470424195363E-12, 0.003087326887327268132, 0.01543663444044304431, 0.03900002965182953335 ),
 .UNSPECIFIED. ) ;
#1482 = CARTESIAN_POINT ( 'NONE',  ( 158.2810767827892278, -1.148108158871469664, 442.7089103737544065 ) ) ;
#1483 = CARTESIAN_POINT ( 'NONE',  ( 187.1123679370108448, -0.08927819265133241089, 0.000000000000000000 ) ) ;
#1484 = CARTESIAN_POINT ( 'NONE',  ( 0.1360065701164855367, 0.5670587147807295558, 0.000000000000000000 ) ) ;
#1485 = CARTESIAN_POINT ( 'NONE',  ( 135.1005851511514209, -1.999285817396964759, 519.0000000000000000 ) ) ;
#1486 = ORIENTED_EDGE ( 'NONE', *, *, #2333, .T. ) ;
#1487 = CARTESIAN_POINT ( 'NONE',  ( 101.4114474931833456, 10.52563680225611797, 519.0000000000017053 ) ) ;
#1488 = CARTESIAN_POINT ( 'NONE',  ( 184.3164905768222468, -0.1919644144498019733, 337.9999999964297217 ) ) ;
#1489 = DIRECTION ( 'NONE',  ( 0.000000000000000000, -1.000000000000000000, 1.365478693236032279E-10 ) ) ;
#1490 = CARTESIAN_POINT ( 'NONE',  ( 166.6066667562013777, -0.8423524378748240560, 0.000000000000000000 ) ) ;
#1491 = ADVANCED_FACE ( 'NONE', ( #1003 ), #1653, .T. ) ;
#1492 = ORIENTED_EDGE ( 'NONE', *, *, #2861, .T. ) ;
#1493 = CARTESIAN_POINT ( 'NONE',  ( 157.8737949795927307, -0.6627286136676949768, 402.9999999973497324 ) ) ;
#1494 = FACE_OUTER_BOUND ( 'NONE', #2844, .T. ) ;
#1495 = CARTESIAN_POINT ( 'NONE',  ( 5.288723860066914639, 5.960515702776831404, 0.000000000000000000 ) ) ;
#1496 = ORIENTED_EDGE ( 'NONE', *, *, #2412, .T. ) ;
#1497 = CARTESIAN_POINT ( 'NONE',  ( 130.5507359734182273, 11.45805107477334062, 0.000000000000000000 ) ) ;
#1498 = DIRECTION ( 'NONE',  ( 3.236879089548785614E-11, 1.365470774110677113E-10, 1.000000000000000000 ) ) ;
#1499 = FACE_OUTER_BOUND ( 'NONE', #1232, .T. ) ;
#1500 = CARTESIAN_POINT ( 'NONE',  ( 1.101448849624132809, 2.127581385228859201, 0.000000000000000000 ) ) ;
#1501 = CARTESIAN_POINT ( 'NONE',  ( 187.0586957288938947, -0.09124953192627066612, 516.9999999969079454 ) ) ;
#1502 = CARTESIAN_POINT ( 'NONE',  ( 56.92258549315066318, 16.95153070736424539, 0.000000000000000000 ) ) ;
#1503 = CARTESIAN_POINT ( 'NONE',  ( 163.3177116633634398, 5.209787043615722091, 405.9999999963640676 ) ) ;
#1504 = CARTESIAN_POINT ( 'NONE',  ( 172.7028717281500860, 3.236790127199136613, 519.0000000000000000 ) ) ;
#1505 = EDGE_LOOP ( 'NONE', ( #1454, #299, #286, #2691, #361, #64, #638, #1629 ) ) ;
#1506 = CARTESIAN_POINT ( 'NONE',  ( 184.3164905816554722, 0.6281333665862943727, 487.3201985778825360 ) ) ;
#1507 = DIRECTION ( 'NONE',  ( 3.237328527715044763E-11, 1.364654370235560788E-10, 1.000000000000000000 ) ) ;
#1508 = CARTESIAN_POINT ( 'NONE',  ( 0.03112534431550203692, -0.6942191776496630107, 0.000000000000000000 ) ) ;
#1509 = ORIENTED_EDGE ( 'NONE', *, *, #1216, .T. ) ;
#1510 = EDGE_CURVE ( 'NONE', #1984, #2286, #815, .T. ) ;
#1511 = CARTESIAN_POINT ( 'NONE',  ( 67.13999733432717676, 17.09009698842428904, 0.000000000000000000 ) ) ;
#1512 = CARTESIAN_POINT ( 'NONE',  ( 127.6635136926924332, 10.09967725541201666, 519.0000000000007958 ) ) ;
#1513 = CARTESIAN_POINT ( 'NONE',  ( 16.77605407382776548, 11.16406677515033863, 0.000000000000000000 ) ) ;
#1514 = CARTESIAN_POINT ( 'NONE',  ( 152.3164905753332903, 2.848761202088614830, 291.9999999970502813 ) ) ;
#1515 = CARTESIAN_POINT ( 'NONE',  ( 0.1058519167028005720, 0.5357566850057770003, 0.000000000000000000 ) ) ;
#1516 = CARTESIAN_POINT ( 'NONE',  ( 184.3164905790233377, 0.6284471035214979073, 405.9999999963176265 ) ) ;
#1517 = CARTESIAN_POINT ( 'NONE',  ( 158.2810769496607861, -1.148108364710479945, 402.9126731111317099 ) ) ;
#1518 = CARTESIAN_POINT ( 'NONE',  ( 106.8996857572735593, 10.68527095701258389, 519.0000000000000000 ) ) ;
#1519 = AXIS2_PLACEMENT_3D ( 'NONE', #559, #1198, #751 ) ;
#1520 = ORIENTED_EDGE ( 'NONE', *, *, #1102, .F. ) ;
#1521 = B_SPLINE_CURVE_WITH_KNOTS ( 'NONE', 3,
 ( #2187, #665, #2214, #226, #2001, #1117, #8, #902 ),
 .UNSPECIFIED., .F., .F.,
 ( 4, 1, 1, 1, 1, 4 ),
 ( 0.000000000000000000, 0.005427157921197178596, 0.01331535292515191420, 0.02120354792910676342, 0.02514764543108415767, 0.02605296513638271846 ),
 .UNSPECIFIED. ) ;
#1522 = CARTESIAN_POINT ( 'NONE',  ( 184.3164905825514950, 0.6280053245710122134, 514.9999999963176833 ) ) ;
#1523 = VECTOR ( 'NONE', #1913, 1000.000000000000000 ) ;
#1524 = CARTESIAN_POINT ( 'NONE',  ( 182.3031010273103050, -0.2659071803916917554, 405.9999999969163014 ) ) ;
#1525 = CARTESIAN_POINT ( 'NONE',  ( 111.7920991393135637, -2.853370238251706770, 519.0000000000012506 ) ) ;
#1526 = ORIENTED_EDGE ( 'NONE', *, *, #1152, .T. ) ;
#1527 = CARTESIAN_POINT ( 'NONE',  ( 50.35459317121714662, 16.70859599693429587, 0.000000000000000000 ) ) ;
#1528 = CARTESIAN_POINT ( 'NONE',  ( 138.8677572284837254, 8.994697813932708286, 518.9999999999994316 ) ) ;
#1529 = CARTESIAN_POINT ( 'NONE',  ( 3.774067576385821798, -3.806958741810412050, 0.000000000000000000 ) ) ;
#1530 = CARTESIAN_POINT ( 'NONE',  ( 186.2145480859283566, -0.1222544311247729526, 519.0000000000000000 ) ) ;
#1531 = CARTESIAN_POINT ( 'NONE',  ( 156.0752252433032936, -1.229117878426334354, 516.9999999969072633 ) ) ;
#1532 = CARTESIAN_POINT ( 'NONE',  ( 4.767688113470523348, -4.051642974039905809, 0.000000000000000000 ) ) ;
#1533 = DIRECTION ( 'NONE',  ( 3.236852845993137835E-11, 1.365471248240531236E-10, 1.000000000000000000 ) ) ;
#1534 = CARTESIAN_POINT ( 'NONE',  ( 158.2810769622258533, -1.148108380405831630, 398.7962372614023252 ) ) ;
#1535 = CARTESIAN_POINT ( 'NONE',  ( 145.2851389135700799, 8.142448088375118687, 519.0000000000000000 ) ) ;
#1536 = EDGE_LOOP ( 'NONE', ( #543, #2226, #224, #653 ) ) ;
#1537 =( LENGTH_UNIT ( ) NAMED_UNIT ( * ) SI_UNIT ( .MILLI., .METRE. ) );
#1538 = DIRECTION ( 'NONE',  ( 0.000000000000000000, 1.000000000000000000, -1.365763845293807690E-10 ) ) ;
#1539 = CARTESIAN_POINT ( 'NONE',  ( 96.79017602804735532, -3.405587302226732671, 518.9999999999998863 ) ) ;
#1540 = ORIENTED_EDGE ( 'NONE', *, *, #1273, .T. ) ;
#1541 = CARTESIAN_POINT ( 'NONE',  ( 69.00503864203069782, 17.08583966084117023, 0.000000000000000000 ) ) ;
#1542 = CARTESIAN_POINT ( 'NONE',  ( 166.0332271964556412, 4.611118943071039311, 519.0000000000010232 ) ) ;
#1543 = EDGE_CURVE ( 'NONE', #576, #382, #1918, .T. ) ;
#1544 = CARTESIAN_POINT ( 'NONE',  ( 0.1948241827675285254, -1.130119523988558194, 0.000000000000000000 ) ) ;
#1545 = CARTESIAN_POINT ( 'NONE',  ( 184.3164905768222468, 0.6286519955889912081, 337.9999999963175696 ) ) ;
#1546 = CARTESIAN_POINT ( 'NONE',  ( 0.7755697061579233109, 1.725372692037589806, 0.000000000000000000 ) ) ;
#1547 = CARTESIAN_POINT ( 'NONE',  ( 157.8456345169163626, 6.326690722555857960, 293.9999999963964115 ) ) ;
#1548 = CARTESIAN_POINT ( 'NONE',  ( 128.0512183625509124, 10.06407550435643117, 519.0000000000000000 ) ) ;
#1549 = ORIENTED_EDGE ( 'NONE', *, *, #2430, .F. ) ;
#1550 = SURFACE_SIDE_STYLE ('',( #1357 ) ) ;
#1551 = DIRECTION ( 'NONE',  ( 0.000000000000000000, 1.000000000000000000, -1.365763845293807690E-10 ) ) ;
#1552 = CARTESIAN_POINT ( 'NONE',  ( 40.65710486259138889, -5.448287774127232197, 0.000000000000000000 ) ) ;
#1553 = ORIENTED_EDGE ( 'NONE', *, *, #445, .T. ) ;
#1554 = CARTESIAN_POINT ( 'NONE',  ( 157.8151426089536074, 6.290351887177342505, 351.3201943177786006 ) ) ;
#1555 = CARTESIAN_POINT ( 'NONE',  ( 10.25619537429731132, -4.970493350674743738, 0.000000000000000000 ) ) ;
#1556 = CARTESIAN_POINT ( 'NONE',  ( 108.1700000377459077, -2.988331028486987062, 0.000000000000000000 ) ) ;
#1557 = CARTESIAN_POINT ( 'NONE',  ( 157.6551325484344375, -1.171095589740799747, 516.9999999969069222 ) ) ;
#1558 = CARTESIAN_POINT ( 'NONE',  ( 69.52746304094233665, 0.6651763674741159038, 519.0000000000001137 ) ) ;
#1559 = DIRECTION ( 'NONE',  ( 0.9993263273629904297, 0.03670001960758587783, 0.000000000000000000 ) ) ;
#1560 = CARTESIAN_POINT ( 'NONE',  ( 152.3164905658815940, 2.848761162216896903, -2.949751554126578412E-09 ) ) ;
#1561 = CARTESIAN_POINT ( 'NONE',  ( 143.7184375590809964, 8.362086512480992440, 519.0000000000000000 ) ) ;
#1562 = ORIENTED_EDGE ( 'NONE', *, *, #813, .F. ) ;
#1563 = CARTESIAN_POINT ( 'NONE',  ( 184.3164905791879846, -0.1919640065704217025, 411.0873268785289270 ) ) ;
#1564 = ADVANCED_FACE ( 'NONE', ( #1499 ), #2147, .T. ) ;
#1565 = FACE_OUTER_BOUND ( 'NONE', #2139, .T. ) ;
#1566 = CARTESIAN_POINT ( 'NONE',  ( 43.63409746381734777, -5.357289352544244210, 0.000000000000000000 ) ) ;
#1567 = VERTEX_POINT ( 'NONE', #613 ) ;
#1568 = AXIS2_PLACEMENT_3D ( 'NONE', #2021, #911, #2697 ) ;
#1569 = CARTESIAN_POINT ( 'NONE',  ( 184.3164905790880539, 0.6284403580623996177, 407.9999999963176265 ) ) ;
#1570 = CARTESIAN_POINT ( 'NONE',  ( 24.86645908273049699, -5.633553828840109468, 0.000000000000000000 ) ) ;
#1571 = CARTESIAN_POINT ( 'NONE',  ( 26.10992408072059945, -5.641874684010351970, 0.000000000000000000 ) ) ;
#1572 = PLANE ( 'NONE',  #2183 ) ;
#1573 = CARTESIAN_POINT ( 'NONE',  ( 1.005837300054627903, -2.262218202314709270, 0.000000000000000000 ) ) ;
#1574 = CARTESIAN_POINT ( 'NONE',  ( 158.2810770255789237, -1.148108467084397954, 334.9708910353126043 ) ) ;
#1575 = CARTESIAN_POINT ( 'NONE',  ( 73.40083183253906896, 4.225882445067418836, 519.0000000000000000 ) ) ;
#1576 = UNCERTAINTY_MEASURE_WITH_UNIT (LENGTH_MEASURE( 1.000000000000000082E-05 ), #1602, 'distance_accuracy_value', 'NONE');
#1577 = ORIENTED_EDGE ( 'NONE', *, *, #1953, .T. ) ;
#1578 = CARTESIAN_POINT ( 'NONE',  ( 158.2627269233556149, -0.6484451813480670568, 402.9999999973352374 ) ) ;
#1579 = CARTESIAN_POINT ( 'NONE',  ( 184.3164905825514950, -0.08178092408129959690, 514.9999999964146582 ) ) ;
#1580 = ADVANCED_FACE ( 'NONE', ( #2380, #394, #1275, #2161, #2530 ), #2110, .T. ) ;
#1581 = CARTESIAN_POINT ( 'NONE',  ( 73.37630828794547710, -2.795864536028896730, 519.0000000000001137 ) ) ;
#1582 = ORIENTED_EDGE ( 'NONE', *, *, #2792, .F. ) ;
#1583 = CARTESIAN_POINT ( 'NONE',  ( 158.2810765341919250, -1.148107852648186045, 499.5633655619433853 ) ) ;
#1584 = CARTESIAN_POINT ( 'NONE',  ( 6.526095906553403658, -4.401952341291249127, 0.000000000000000000 ) ) ;
#1585 = VECTOR ( 'NONE', #659, 1000.000000000000114 ) ;
#1586 = CARTESIAN_POINT ( 'NONE',  ( 76.46500355067423982, -4.153323951487567278, 0.000000000000000000 ) ) ;
#1587 = CARTESIAN_POINT ( 'NONE',  ( 157.8737949798516809, -0.6627286125753442114, 410.9999999973498461 ) ) ;
#1588 = CARTESIAN_POINT ( 'NONE',  ( 91.16255976451363097, -3.551459856917749569, 519.0000000000001137 ) ) ;
#1589 = CARTESIAN_POINT ( 'NONE',  ( 158.7332711345288772, -1.131501601506765597, 339.9999999969164151 ) ) ;
#1590 = CARTESIAN_POINT ( 'NONE',  ( 70.23038306098044359, 1.577628899313727961, 519.0000000000000000 ) ) ;
#1591 = VERTEX_POINT ( 'NONE', #1633 ) ;
#1592 = CARTESIAN_POINT ( 'NONE',  ( 154.9273051556905614, 2.848761220035352260, 405.9999999969658120 ) ) ;
#1593 = CARTESIAN_POINT ( 'NONE',  ( 152.3164905658815940, 2.848761162216896903, -2.949751554126578412E-09 ) ) ;
#1594 = LINE ( 'NONE', #737, #2027 ) ;
#1595 = VERTEX_POINT ( 'NONE', #514 ) ;
#1596 = CARTESIAN_POINT ( 'NONE',  ( 157.8127933817277722, 6.287552187584073415, 355.4366285453693877 ) ) ;
#1597 = CARTESIAN_POINT ( 'NONE',  ( 5.592311077551358700, -4.215562825217257448, 0.000000000000000000 ) ) ;
#1598 = EDGE_CURVE ( 'NONE', #101, #2751, #1594, .T. ) ;
#1599 = CARTESIAN_POINT ( 'NONE',  ( 55.94998405850100198, -4.906294385221132259, 0.000000000000000000 ) ) ;
#1600 = CARTESIAN_POINT ( 'NONE',  ( 184.3164905767251298, -0.1919644045918850184, 334.9999999964296649 ) ) ;
#1601 = CARTESIAN_POINT ( 'NONE',  ( 109.1143167513361618, -2.953682490736261546, 0.000000000000000000 ) ) ;
#1602 =( LENGTH_UNIT ( ) NAMED_UNIT ( * ) SI_UNIT ( .MILLI., .METRE. ) );
#1603 = CARTESIAN_POINT ( 'NONE',  ( 96.32368331772796921, 10.20043170378753139, 519.0000000000000000 ) ) ;
#1604 = FACE_BOUND ( 'NONE', #1140, .T. ) ;
#1605 = CARTESIAN_POINT ( 'NONE',  ( 157.7092481655043912, 6.164151818560124951, 507.1455414987609061 ) ) ;
#1606 = CARTESIAN_POINT ( 'NONE',  ( 144.8307883243990091, -1.642073391034677199, 0.000000000000000000 ) ) ;
#1607 = ORIENTED_EDGE ( 'NONE', *, *, #2353, .T. ) ;
#1608 = DIRECTION ( 'NONE',  ( 3.237210070271188716E-11, 1.364977322153203897E-10, 1.000000000000000000 ) ) ;
#1609 = CARTESIAN_POINT ( 'NONE',  ( 59.67998258040476145, -4.766194489072918650, 0.000000000000000000 ) ) ;
#1610 = EDGE_CURVE ( 'NONE', #2255, #1988, #2079, .T. ) ;
#1611 = DIRECTION ( 'NONE',  ( 0.7660444442910668839, -0.6427876082896982757, 6.297483687410075581E-11 ) ) ;
#1612 = CARTESIAN_POINT ( 'NONE',  ( 67.44498881865496287, -4.480818540547657491, 0.000000000000000000 ) ) ;
#1613 = DIRECTION ( 'NONE',  ( -0.7660444431189771253, -0.6427876096865403621, 1.125667018947118001E-10 ) ) ;
#1614 = CARTESIAN_POINT ( 'NONE',  ( 164.1207998999993265, 5.183289012890316627, 0.000000000000000000 ) ) ;
#1615 = CARTESIAN_POINT ( 'NONE',  ( 69.28850480731209416, -0.07497360506038235062, 519.0000000000000000 ) ) ;
#1616 = VERTEX_POINT ( 'NONE', #1813 ) ;
#1617 = FACE_OUTER_BOUND ( 'NONE', #1911, .T. ) ;
#1618 = DIRECTION ( 'NONE',  ( 0.9993263277176739345, 0.03670000994969944974, 0.000000000000000000 ) ) ;
#1619 = B_SPLINE_CURVE_WITH_KNOTS ( 'NONE', 3,
 ( #2309, #735, #2256, #721, #1409, #1207, #1169, #511, #1396, #2519 ),
 .UNSPECIFIED., .F., .F.,
 ( 4, 3, 3, 4 ),
 ( 0.003000000000632774277, 0.003087326887297070499, 0.01543663443648529698, 0.04400000000063275518 ),
 .UNSPECIFIED. ) ;
#1620 = CARTESIAN_POINT ( 'NONE',  ( 158.2810770269124419, -1.148108468668430193, 334.9999999974029947 ) ) ;
#1621 = ORIENTED_EDGE ( 'NONE', *, *, #607, .T. ) ;
#1622 = CARTESIAN_POINT ( 'NONE',  ( 158.2810766150236645, -1.148107952580871949, 478.9999999974029379 ) ) ;
#1623 = CARTESIAN_POINT ( 'NONE',  ( 149.2008167269510750, 8.185024438486792064, 0.000000000000000000 ) ) ;
#1624 = CARTESIAN_POINT ( 'NONE',  ( 155.4958597427915095, 6.637785858317287513, 442.0000327931492166 ) ) ;
#1625 = CARTESIAN_POINT ( 'NONE',  ( 52.56343919785991403, -5.035712289587562118, 0.000000000000000000 ) ) ;
#1626 = ADVANCED_FACE ( 'NONE', ( #971 ), #488, .F. ) ;
#1627 = CARTESIAN_POINT ( 'NONE',  ( 157.8737949797545639, -0.6627286129849593310, 407.9999999968554789 ) ) ;
#1628 = CARTESIAN_POINT ( 'NONE',  ( 73.41043475305214372, -2.803682646168363934, 519.0000000000000000 ) ) ;
#1629 = ORIENTED_EDGE ( 'NONE', *, *, #2353, .F. ) ;
#1630 = CARTESIAN_POINT ( 'NONE',  ( 157.8214561407654344, 6.297876060314871793, 339.9999999964011295 ) ) ;
#1631 = ADVANCED_FACE ( 'NONE', ( #1644 ), #984, .F. ) ;
#1632 = CARTESIAN_POINT ( 'NONE',  ( 158.2810770270742751, -1.148108467985700321, 339.9999999974029947 ) ) ;
#1633 = CARTESIAN_POINT ( 'NONE',  ( 157.7351173344421795, 6.194981490429676718, 473.9999999964178414 ) ) ;
#1634 = ORIENTED_EDGE ( 'NONE', *, *, #1915, .F. ) ;
#1635 = CARTESIAN_POINT ( 'NONE',  ( 155.7483116748679493, -1.241123883146747042, 516.2751154076347575 ) ) ;
#1636 = CARTESIAN_POINT ( 'NONE',  ( 186.5000000000000000, 0.1117699999999999944, 0.000000000000000000 ) ) ;
#1637 = DIRECTION ( 'NONE',  ( -0.6427876082896982757, -0.7660444442910668839, 1.254084694639971399E-10 ) ) ;
#1638 = CARTESIAN_POINT ( 'NONE',  ( 97.20881913628569748, -3.390685539450152497, 0.000000000000000000 ) ) ;
#1639 = CARTESIAN_POINT ( 'NONE',  ( 50.35459317121714662, 16.70859599693429587, 0.000000000000000000 ) ) ;
#1640 = CARTESIAN_POINT ( 'NONE',  ( 163.6930701912031054, -0.9493536152611530277, 519.0000000000000000 ) ) ;
#1641 = CARTESIAN_POINT ( 'NONE',  ( 157.8737949795927307, -0.6627286136676949768, 402.9999999973497324 ) ) ;
#1642 = FACE_OUTER_BOUND ( 'NONE', #430, .T. ) ;
#1643 = CARTESIAN_POINT ( 'NONE',  ( 51.59837435704009323, -5.072315063856375872, 0.000000000000000000 ) ) ;
#1644 = FACE_OUTER_BOUND ( 'NONE', #240, .T. ) ;
#1645 = EDGE_CURVE ( 'NONE', #594, #404, #49, .T. ) ;
#1646 = VERTEX_POINT ( 'NONE', #1516 ) ;
#1647 = DIRECTION ( 'NONE',  ( 0.000000000000000000, -1.000000000000000000, 1.364977322153203897E-10 ) ) ;
#1648 = CARTESIAN_POINT ( 'NONE',  ( 158.2810770276310564, -1.148108468123861581, 342.9999999973764488 ) ) ;
#1649 = VECTOR ( 'NONE', #2365, 1000.000000000000000 ) ;
#1650 = CARTESIAN_POINT ( 'NONE',  ( 185.8783447343205353, 0.2591347747383171973, 0.000000000000000000 ) ) ;
#1651 = CARTESIAN_POINT ( 'NONE',  ( 158.2810769399377193, -1.148108352582298153, 405.9999999974029947 ) ) ;
#1652 = VECTOR ( 'NONE', #2096, 1000.000000000000114 ) ;
#1653 = PLANE ( 'NONE',  #1418 ) ;
#1654 = CARTESIAN_POINT ( 'NONE',  ( 145.4708042027563977, 8.883388676456528188, 0.000000000000000000 ) ) ;
#1655 = CARTESIAN_POINT ( 'NONE',  ( 152.3344117562310771, -1.366508666772342506, 519.0000000000000000 ) ) ;
#1656 = VERTEX_POINT ( 'NONE', #1083 ) ;
#1657 = CARTESIAN_POINT ( 'NONE',  ( 158.2810769229330390, -1.148108331441298535, 410.9999999973763352 ) ) ;
#1658 = CARTESIAN_POINT ( 'NONE',  ( 184.3164905811910899, 0.6281950037624860483, 472.9708910346392372 ) ) ;
#1659 = CARTESIAN_POINT ( 'NONE',  ( 186.8020649017047958, -0.1006753865081469607, 519.0000000000000000 ) ) ;
#1660 = ORIENTED_EDGE ( 'NONE', *, *, #976, .F. ) ;
#1661 = CARTESIAN_POINT ( 'NONE',  ( 155.7483115752267793, -1.241123766625153335, 503.5633655635147647 ) ) ;
#1662 = EDGE_CURVE ( 'NONE', #1946, #1017, #1939, .T. ) ;
#1663 = CARTESIAN_POINT ( 'NONE',  ( 171.7298681546212435, -0.6542028882014218061, 514.9999999969159035 ) ) ;
#1664 = CARTESIAN_POINT ( 'NONE',  ( 3.915125652207668061, 4.896618974382620948, 0.000000000000000000 ) ) ;
#1665 = CARTESIAN_POINT ( 'NONE',  ( 156.6599997411017853, -1.207636283983775982, 0.000000000000000000 ) ) ;
#1666 = FACE_OUTER_BOUND ( 'NONE', #1752, .T. ) ;
#1667 = DIRECTION ( 'NONE',  ( 3.236852845993130080E-11, 1.365471248240533046E-10, 1.000000000000000000 ) ) ;
#1668 = CARTESIAN_POINT ( 'NONE',  ( 121.2256521590347234, 12.88112351781555098, 0.000000000000000000 ) ) ;
#1669 = CARTESIAN_POINT ( 'NONE',  ( 115.5166948201392216, -2.718356770507709186, 519.0000000000000000 ) ) ;
#1670 = B_SPLINE_SURFACE_WITH_KNOTS ( 'NONE', 3, 1, ( 
 ( #1852, #1826 ),
 ( #2268, #2293 ),
 ( #2484, #500 ),
 ( #2726, #2508 ),
 ( #1383, #368 ),
 ( #2579, #1041 ),
 ( #1249, #2151 ),
 ( #1024, #2136 ),
 ( #114, #616 ),
 ( #804, #161 ),
 ( #788, #1687 ),
 ( #397, #353 ),
 ( #585, #1056 ),
 ( #2811, #1922 ),
 ( #146, #1265 ),
 ( #178, #2798 ),
 ( #1673, #2352 ),
 ( #1220, #1938 ),
 ( #2323, #820 ),
 ( #339, #1070 ),
 ( #1705, #2104 ),
 ( #1470, #837 ),
 ( #1502, #601 ),
 ( #1720, #1487 ),
 ( #569, #1279 ),
 ( #1008, #2597 ),
 ( #2369, #383 ),
 ( #2384, #2167 ),
 ( #2610, #1952 ),
 ( #2823, #852 ),
 ( #1890, #1736 ),
 ( #1441, #2767 ),
 ( #2550, #1455 ),
 ( #2337, #1234 ),
 ( #2120, #1908 ),
 ( #130, #2782 ),
 ( #2565, #205 ),
 ( #1777, #2009 ),
 ( #16, #1126 ),
 ( #469, #2429 ),
 ( #925, #250 ),
 ( #630, #2836 ),
 ( #2653, #2456 ),
 ( #1763, #2638 ),
 ( #1307, #910 ),
 ( #660, #2209 ),
 ( #2625, #2849 ),
 ( #1082, #673 ),
 ( #1790, #1995 ),
 ( #2194, #878 ),
 ( #2667, #1096 ),
 ( #1137, #1111 ),
 ( #1546, #1965 ),
 ( #1352, #1558 ),
 ( #1515, #1336 ),
 ( #2238, #1981 ),
 ( #440, #1294 ),
 ( #1321, #221 ),
 ( #3, #687 ),
 ( #895, #1805 ),
 ( #1573, #2222 ),
 ( #1749, #2181 ),
 ( #645, #2020 ),
 ( #427, #2442 ),
 ( #1532, #27 ),
 ( #410, #192 ),
 ( #455, #236 ),
 ( #2415, #2400 ),
 ( #865, #2072 ),
 ( #2721, #320 ),
 ( #1202, #2733 ),
 ( #1421, #84 ),
 ( #938, #2251 ),
 ( #2036, #1177 ),
 ( #2696, #1849 ),
 ( #2087, #743 ),
 ( #2470, #2047 ),
 ( #1164, #978 ),
 ( #97, #1391 ),
 ( #1860, #1588 ),
 ( #989, #482 ),
 ( #755, #2683 ),
 ( #262, #55 ),
 ( #1151, #701 ),
 ( #2059, #278 ),
 ( #1625, #952 ),
 ( #2504, #1834 ),
 ( #2708, #729 ),
 ( #1612, #2264 ),
 ( #2277, #69 ),
 ( #520, #1366 ),
 ( #2516, #2492 ),
 ( #43, #2305 ),
 ( #1638, #494 ),
 ( #1821, #1405 ),
 ( #1601, #507 ),
 ( #2290, #1378 ),
 ( #715, #2482 ),
 ( #290, #304 ),
 ( #966, #1188 ),
 ( #533, #580 ),
 ( #2546, #1229 ),
 ( #157, #2332 ),
 ( #1245, #1261 ),
 ( #2763, #1698 ),
 ( #379, #2574 ),
 ( #1020, #1451 ),
 ( #1902, #349 ),
 ( #1716, #2116 ),
 ( #1483, #126 ),
 ( #800, #1683 ),
 ( #2778, #173 ) ),
 .UNSPECIFIED., .F., .F., .F.,
 ( 4, 1, 1, 1, 1, 1, 1, 1, 1, 1, 1, 1, 1, 1, 1, 1, 1, 1, 1, 1, 1, 1, 1, 1, 1, 1, 1, 1, 1, 1, 1, 1, 1, 1, 1, 1, 1, 1, 1, 1, 1, 1, 1, 1, 1, 1, 1, 1, 1, 1, 1, 1, 1, 1, 1, 1, 1, 1, 1, 1, 1, 1, 1, 1, 1, 1, 1, 1, 1, 1, 1, 1, 1, 1, 1, 1, 1, 1, 1, 1, 1, 1, 1, 1, 1, 1, 1, 1, 1, 1, 1, 1, 1, 1, 1, 1, 1, 1, 1, 1, 1, 1, 1, 1, 2, 1, 1, 1, 4 ),
 ( 2, 2 ),
 ( 0.000000000000000000, 0.01559211515333733949, 0.03118423030667467899, 0.04677634546001202542, 0.06236846061334935798, 0.09355269092002405085, 0.1091448060733613695, 0.1247369212266987160, 0.1403290363800360208, 0.1559211515333734366, 0.1715132666867107136, 0.1871053818400481017, 0.2026974969933854620, 0.2182896121467227391, 0.2338817273000601271, 0.2494738424533974319, 0.2650659576067347922, 0.2806580727600720415, 0.2962501879134095129, 0.3118423030667468732, 0.3274344182200841225, 0.3430265333734214273, 0.3586186485267588431, 0.3742107636800962034, 0.3820068212567647725, 0.3898028788334334527, 0.3975989364101021328, 0.4053949939867709240, 0.4131910515634396042, 0.4209871091401082843, 0.4287831667167768535, 0.4365792242934454781, 0.4404772530817797627, 0.4443752818701141027, 0.4482733106584484428, 0.4521713394467827829, 0.4560693682351171230, 0.4599673970234515741, 0.4638654258117859142, 0.4677634546001202542, 0.4716614833884545943, 0.4755595121767888234, 0.4794575409651231634, 0.4833555697534575035, 0.4853045841476246736, 0.4872535985417918436, 0.4892026129359590136, 0.4911516273301261837, 0.4931006417242933537, 0.4950496561184605238, 0.4969986705126276938, 0.4989476849067948638, 0.5008966993009620339, 0.5028457136951292039, 0.5038202208922127889, 0.5047947280892963740, 0.5057692352863799590, 0.5067437424834635440, 0.5086927568776307140, 0.5106417712717978841, 0.5125907856659650541, 0.5145398000601322241, 0.5184378288484665642, 0.5223358576368009043, 0.5242848720309680743, 0.5262338864251352444, 0.5281829008193024144, 0.5301319152134695845, 0.5340299440018039245, 0.5379279727901382646, 0.5418260015784726047, 0.5457240303668069448, 0.5535200879434754029, 0.5613161455201440830, 0.5691122030968127632, 0.5769082606734814433, 0.5847043182501501235, 0.5925003758268190257, 0.6002964334034877059, 0.6080924909801563860, 0.6158885485568250662, 0.6236846061334937463, 0.6314806637101624265, 0.6392767212868311066, 0.6470727788634997868, 0.6548688364401682449, 0.6704609515935056052, 0.6860530667468428545, 0.7016451819001803258, 0.7172372970535176862, 0.7328294122068550465, 0.7484215273601924068, 0.7640136425135295450, 0.7796057576668669054, 0.7951978728202042657, 0.8107899879735418480, 0.8263821031268792083, 0.8419742182802165686, 0.8575663334335537069, 0.8731584485868909562, 0.8887505637402282055, 0.9043426788935655658, 0.9355269092002405085, 0.9667111395069150070, 0.9978953698135899497, 0.9984215273601924068, 0.9989476849067949749, 0.9994738424533975429, 1.000000000000000000 ),
 ( 0.000000000000000000, 1.000000000000000000 ),
 .UNSPECIFIED. ) ;
#1671 = VECTOR ( 'NONE', #2744, 1000.000000000000114 ) ;
#1672 = LINE ( 'NONE', #2596, #656 ) ;
#1673 = CARTESIAN_POINT ( 'NONE',  ( 92.63593509028642359, 16.07812253983296458, 0.000000000000000000 ) ) ;
#1674 = CARTESIAN_POINT ( 'NONE',  ( 184.3164905811244125, 0.6282036127590379104, 470.9126731097925358 ) ) ;
#1675 = CARTESIAN_POINT ( 'NONE',  ( 93.24999854246195241, -3.536373740374074259, 0.000000000000000000 ) ) ;
#1676 = ORIENTED_EDGE ( 'NONE', *, *, #14, .F. ) ;
#1677 = DIRECTION ( 'NONE',  ( 3.236879089548785614E-11, 1.365470774110677113E-10, 1.000000000000000000 ) ) ;
#1678 = CARTESIAN_POINT ( 'NONE',  ( 157.8737950702900434, -0.6627287336648607363, 334.9999999973499030 ) ) ;
#1679 = CARTESIAN_POINT ( 'NONE',  ( -0.005861087495634559504, 0.04973143691721227527, 0.000000000000000000 ) ) ;
#1680 = VERTEX_POINT ( 'NONE', #631 ) ;
#1681 = CARTESIAN_POINT ( 'NONE',  ( 151.0650000000636908, -1.413120001734201159, 0.000000000000000000 ) ) ;
#1682 = CARTESIAN_POINT ( 'NONE',  ( 162.3916780383090668, 5.425582681595429335, 339.9999999963597475 ) ) ;
#1683 = CARTESIAN_POINT ( 'NONE',  ( 187.2736217759329804, -0.08335546211619709878, 519.0000000000000000 ) ) ;
#1684 = CARTESIAN_POINT ( 'NONE',  ( 95.11546424556084389, 15.86662417855304241, 0.000000000000000000 ) ) ;
#1685 = CARTESIAN_POINT ( 'NONE',  ( 86.53248323209939485, -3.590128768642081081, 519.0000000000000000 ) ) ;
#1686 = ORIENTED_EDGE ( 'NONE', *, *, #2808, .F. ) ;
#1687 = CARTESIAN_POINT ( 'NONE',  ( 150.0182690411753867, 7.437503586583634529, 519.0000000000005684 ) ) ;
#1688 = DIRECTION ( 'NONE',  ( 0.9993263273629904297, 0.03670001960758587090, -3.735976049521140763E-11 ) ) ;
#1689 = CARTESIAN_POINT ( 'NONE',  ( 169.0933332448341844, -0.7510275903212806359, 0.000000000000000000 ) ) ;
#1690 = ORIENTED_EDGE ( 'NONE', *, *, #2479, .T. ) ;
#1691 = B_SPLINE_CURVE_WITH_KNOTS ( 'NONE', 3,
 ( #245, #932, #1132, #52, #449, #2004, #905, #1816, #1120, #920 ),
 .UNSPECIFIED., .F., .F.,
 ( 4, 3, 3, 4 ),
 ( 5.164370502770756190E-12, 0.003087326887306694745, 0.01543663443773628588, 0.04400001466868309202 ),
 .UNSPECIFIED. ) ;
#1692 = CARTESIAN_POINT ( 'NONE',  ( 157.7596537397395196, 6.224222836414153193, 440.2910854552335422 ) ) ;
#1693 = CARTESIAN_POINT ( 'NONE',  ( 184.3164905825514666, -0.1919633353132239872, 514.9999999964296649 ) ) ;
#1694 = CARTESIAN_POINT ( 'NONE',  ( 6.322581031833241383, 6.648350067546889619, 0.000000000000000000 ) ) ;
#1695 = ORIENTED_EDGE ( 'NONE', *, *, #1380, .F. ) ;
#1696 = CARTESIAN_POINT ( 'NONE',  ( 73.97869900682418631, 17.02234233956718157, 0.000000000000000000 ) ) ;
#1697 = CARTESIAN_POINT ( 'NONE',  ( 183.6463080820411733, 0.7869336680621883406, 339.9999999963592927 ) ) ;
#1698 = CARTESIAN_POINT ( 'NONE',  ( 179.3010722407348680, -0.3761434446096183493, 519.0000000000003411 ) ) ;
#1699 = ADVANCED_FACE ( 'NONE', ( #1706 ), #1966, .T. ) ;
#1700 = CARTESIAN_POINT ( 'NONE',  ( 0.3906755702511247041, -1.491234882766996561, 0.000000000000000000 ) ) ;
#1701 = CARTESIAN_POINT ( 'NONE',  ( 113.5583008840010422, -2.789414059281388969, 519.0000000000000000 ) ) ;
#1702 = VECTOR ( 'NONE', #2783, 1000.000000000000114 ) ;
#1703 = ORIENTED_EDGE ( 'NONE', *, *, #690, .T. ) ;
#1704 = VECTOR ( 'NONE', #1838, 1000.000000000000000 ) ;
#1705 = CARTESIAN_POINT ( 'NONE',  ( 68.83511447624557889, 17.10317051736445748, 0.000000000000000000 ) ) ;
#1706 = FACE_OUTER_BOUND ( 'NONE', #182, .T. ) ;
#1707 = CARTESIAN_POINT ( 'NONE',  ( 184.3164905787901660, -0.1919640786460282966, 398.7962372600360368 ) ) ;
#1708 = CARTESIAN_POINT ( 'NONE',  ( 82.06000129538449528, -3.948358598900632899, 0.000000000000000000 ) ) ;
#1709 = ORIENTED_EDGE ( 'NONE', *, *, #889, .T. ) ;
#1710 = CARTESIAN_POINT ( 'NONE',  ( 157.7796423358302036, 6.248044314742468686, 410.0582168850156677 ) ) ;
#1711 = CARTESIAN_POINT ( 'NONE',  ( 170.8632206762268879, 3.632379215332735889, 514.9999999963710025 ) ) ;
#1712 = CARTESIAN_POINT ( 'NONE',  ( 0.7755697061579233109, 1.725372692037589806, 0.000000000000000000 ) ) ;
#1713 = CARTESIAN_POINT ( 'NONE',  ( 112.5230059667156297, 14.05565994651503381, 0.000000000000000000 ) ) ;
#1714 = VECTOR ( 'NONE', #603, 1000.000000000000000 ) ;
#1715 = CARTESIAN_POINT ( 'NONE',  ( 184.3164905791851709, 0.3083730390080558492, 410.9999999963612822 ) ) ;
#1716 = CARTESIAN_POINT ( 'NONE',  ( 186.9082452913404211, -0.09677546176755572049, 0.000000000000000000 ) ) ;
#1717 = CARTESIAN_POINT ( 'NONE',  ( 4.634494385416400242, 5.481927275477763928, 0.000000000000000000 ) ) ;
#1718 = PRODUCT_CONTEXT ( 'NONE', #1235, 'mechanical' ) ;
#1719 = VERTEX_POINT ( 'NONE', #1488 ) ;
#1720 = CARTESIAN_POINT ( 'NONE',  ( 50.96896239776891235, 16.75416886135024441, 0.000000000000000000 ) ) ;
#1721 = ADVANCED_FACE ( 'NONE', ( #897 ), #731, .T. ) ;
#1722 = CARTESIAN_POINT ( 'NONE',  ( 183.7499896548121399, 0.7621427815565906538, 405.9999999963633286 ) ) ;
#1723 = AXIS2_PLACEMENT_3D ( 'NONE', #530, #1608, #1647 ) ;
#1724 = CARTESIAN_POINT ( 'NONE',  ( 85.79000084186831998, -3.811186198415251969, 0.000000000000000000 ) ) ;
#1725 = ORIENTED_EDGE ( 'NONE', *, *, #1877, .F. ) ;
#1726 = CARTESIAN_POINT ( 'NONE',  ( 158.2810769333212590, -1.148108344346840282, 407.9999999974029947 ) ) ;
#1727 = ADVANCED_FACE ( 'NONE', ( #1353 ), #2443, .F. ) ;
#1728 = CARTESIAN_POINT ( 'NONE',  ( 184.3164905811272831, -0.1919636018095137731, 470.9999999964296649 ) ) ;
#1729 = CARTESIAN_POINT ( 'NONE',  ( 1.247712657388687418, 2.301766966073359733, 0.000000000000000000 ) ) ;
#1730 = EDGE_LOOP ( 'NONE', ( #1520, #2814, #1999, #1486 ) ) ;
#1731 = CARTESIAN_POINT ( 'NONE',  ( 78.33034229766373358, 16.89236589472353600, 0.000000000000000000 ) ) ;
#1732 = CARTESIAN_POINT ( 'NONE',  ( 153.7233709727833002, 6.839260619896246673, 519.0000000000000000 ) ) ;
#1733 = CARTESIAN_POINT ( 'NONE',  ( 33.56610730132103271, 15.12375055081397157, 0.000000000000000000 ) ) ;
#1734 = CARTESIAN_POINT ( 'NONE',  ( 0.000000000000000000, 0.000000000000000000, 0.000000000000000000 ) ) ;
#1735 = DIRECTION ( 'NONE',  ( 1.000000000000000000, -4.419828965245092577E-21, -3.236879089548785614E-11 ) ) ;
#1736 = CARTESIAN_POINT ( 'NONE',  ( 86.51911165048093721, 8.773932098162562809, 519.0000000000001137 ) ) ;
#1737 = B_SPLINE_CURVE_WITH_KNOTS ( 'NONE', 3,
 ( #2810, #836, #615, #1501, #2221, #1069, #2208, #2666, #1951, #220, #2180, #1557, #1531, #909 ),
 .UNSPECIFIED., .F., .F.,
 ( 4, 1, 1, 1, 2, 1, 1, 1, 1, 1, 4 ),
 ( 0.000000000000000000, 0.0001269657029334669016, 0.0002539314058669605288, 0.0003808971088004542644, 0.0005078628117339210575, 0.008032847955238116983, 0.01555783309874220546, 0.02308281824224640150, 0.02684531081399847349, 0.03060780338575051426, 0.03158946019156035068 ),
 .UNSPECIFIED. ) ;
#1738 = CARTESIAN_POINT ( 'NONE',  ( 157.7822482039383658, 6.251149867020478368, 405.9999999964088033 ) ) ;
#1739 = CARTESIAN_POINT ( 'NONE',  ( 123.3505506523122648, 10.38656926395006508, 519.0000000000000000 ) ) ;
#1740 = ORIENTED_EDGE ( 'NONE', *, *, #2105, .F. ) ;
#1741 = CARTESIAN_POINT ( 'NONE',  ( 155.7483121746411427, -1.241124508562585715, 346.0553784531323345 ) ) ;
#1742 = CARTESIAN_POINT ( 'NONE',  ( 184.3164905790880539, -0.1919640247904724206, 407.9999999964296649 ) ) ;
#1743 = EDGE_CURVE ( 'NONE', #186, #101, #2379, .T. ) ;
#1744 = CARTESIAN_POINT ( 'NONE',  ( 115.5426639874051347, -2.717560411868735759, 518.9999999999989768 ) ) ;
#1745 = CARTESIAN_POINT ( 'NONE',  ( 24.23981877931089812, 13.26830396943070056, 0.000000000000000000 ) ) ;
#1746 = CARTESIAN_POINT ( 'NONE',  ( 50.96896239776891235, 16.75416886135024441, 0.000000000000000000 ) ) ;
#1747 = CARTESIAN_POINT ( 'NONE',  ( 1.096502557123213206, -2.336350228143042607, 0.000000000000000000 ) ) ;
#1748 = DIRECTION ( 'NONE',  ( -0.9993263273629906518, -0.03670001960757905690, 3.735800482640896173E-11 ) ) ;
#1749 = CARTESIAN_POINT ( 'NONE',  ( 1.573479809773997928, -2.745523579270811698, 0.000000000000000000 ) ) ;
#1750 = CARTESIAN_POINT ( 'NONE',  ( 158.2810769493940199, -1.148108364377225188, 402.9999999973764488 ) ) ;
#1751 = CARTESIAN_POINT ( 'NONE',  ( 186.8020649017047674, 0.04016483769607302745, 519.0000000000000000 ) ) ;
#1752 = EDGE_LOOP ( 'NONE', ( #872, #2512, #2781, #2459, #1158, #1703 ) ) ;
#1753 = CARTESIAN_POINT ( 'NONE',  ( 184.3164905795877075, -0.1919639327615562385, 423.4366344277173084 ) ) ;
#1754 = AXIS2_PLACEMENT_3D ( 'NONE', #706, #513, #2510 ) ;
#1755 = DIRECTION ( 'NONE',  ( 0.000000000000000000, -1.000000000000000000, 1.364654370235560788E-10 ) ) ;
#1756 = CARTESIAN_POINT ( 'NONE',  ( 77.09538448985230730, -3.280705621508590131, 518.9999999999998863 ) ) ;
#1757 = ORIENTED_EDGE ( 'NONE', *, *, #1433, .F. ) ;
#1758 = ADVANCED_FACE ( 'NONE', ( #251 ), #1822, .T. ) ;
#1759 = CARTESIAN_POINT ( 'NONE',  ( 71.49185656832746361, 17.06552455364372278, 0.000000000000000000 ) ) ;
#1760 = CARTESIAN_POINT ( 'NONE',  ( 153.5357213043733964, 7.365898744728829328, 0.000000000000000000 ) ) ;
#1761 = CARTESIAN_POINT ( 'NONE',  ( 9.314897154339250918, 8.257678079015390082, 0.000000000000000000 ) ) ;
#1762 = CARTESIAN_POINT ( 'NONE',  ( 184.3164905790880539, 37.87342866168434341, 407.9999999912319595 ) ) ;
#1763 = CARTESIAN_POINT ( 'NONE',  ( 6.322581031833241383, 6.648350067546889619, 0.000000000000000000 ) ) ;
#1764 = CARTESIAN_POINT ( 'NONE',  ( 158.2810769825403554, -1.148108406057385844, 390.5633655619436126 ) ) ;
#1765 = CARTESIAN_POINT ( 'NONE',  ( 155.4687066581406043, 6.540754258198781201, 519.0000000000000000 ) ) ;
#1766 = EDGE_LOOP ( 'NONE', ( #1837, #1770, #704, #1086, #1553 ) ) ;
#1767 = CARTESIAN_POINT ( 'NONE',  ( 158.2810770270095588, -1.148108468258792092, 337.9999999969163014 ) ) ;
#1768 = DIRECTION ( 'NONE',  ( 0.6427876096865403621, -0.7660444431189771253, 8.379507715750921749E-11 ) ) ;
#1769 = CARTESIAN_POINT ( 'NONE',  ( 93.03866594725826644, -3.512153589331145742, 519.0000000000003411 ) ) ;
#1770 = ORIENTED_EDGE ( 'NONE', *, *, #80, .T. ) ;
#1771 = CARTESIAN_POINT ( 'NONE',  ( 157.7956162998454488, 6.246918469060434020, 407.9999999963632149 ) ) ;
#1772 = CARTESIAN_POINT ( 'NONE',  ( 2.336493212065380742, -3.233689886415513470, 0.000000000000000000 ) ) ;
#1773 = CARTESIAN_POINT ( 'NONE',  ( 133.9977788660428075, 10.90288465965367060, 0.000000000000000000 ) ) ;
#1774 = CARTESIAN_POINT ( 'NONE',  ( 54.08499964239319979, -4.977437366840860911, 0.000000000000000000 ) ) ;
#1775 = EDGE_CURVE ( 'NONE', #1173, #2538, #57, .T. ) ;
#1776 = PLANE ( 'NONE',  #1029 ) ;
#1777 = CARTESIAN_POINT ( 'NONE',  ( 14.43648920517137668, 10.35681366495597189, 0.000000000000000000 ) ) ;
#1778 = CARTESIAN_POINT ( 'NONE',  ( 158.2810769331593974, -1.148108345029575705, 402.9999999974028810 ) ) ;
#1779 = CARTESIAN_POINT ( 'NONE',  ( 184.3164905824515927, -0.1919633570101224318, 511.9126731097654215 ) ) ;
#1780 = CARTESIAN_POINT ( 'NONE',  ( 124.5255358797136296, 10.31398345321946408, 519.0000000000000000 ) ) ;
#1781 = ORIENTED_EDGE ( 'NONE', *, *, #2412, .F. ) ;
#1782 = FILL_AREA_STYLE ('',( #1326 ) ) ;
#1783 = CARTESIAN_POINT ( 'NONE',  ( 159.3061852121467155, -1.110461259626480235, 405.9999999969163582 ) ) ;
#1784 = CARTESIAN_POINT ( 'NONE',  ( 70.29018236544588660, -1.760223958792290100, 519.0000000000000000 ) ) ;
#1785 = ORIENTED_EDGE ( 'NONE', *, *, #1067, .T. ) ;
#1786 = CARTESIAN_POINT ( 'NONE',  ( 154.9273051557552776, 2.848761220308446696, 407.9999999969658120 ) ) ;
#1787 = CARTESIAN_POINT ( 'NONE',  ( 13.05347065296971110, -5.206568811462167545, 0.000000000000000000 ) ) ;
#1788 = CARTESIAN_POINT ( 'NONE',  ( 42.89508922082366382, -5.379839663832538754, 0.000000000000000000 ) ) ;
#1789 = CARTESIAN_POINT ( 'NONE',  ( 184.3164905768222468, -0.1919644144498019733, 337.9999999964297217 ) ) ;
#1790 = CARTESIAN_POINT ( 'NONE',  ( 2.811851801130159423, 3.896369691959321813, 0.000000000000000000 ) ) ;
#1791 = ADVANCED_FACE ( 'NONE', ( #953 ), #2010, .F. ) ;
#1792 = CARTESIAN_POINT ( 'NONE',  ( 184.3164905790880539, -0.1919640247904724206, 407.9999999964296649 ) ) ;
#1793 = CARTESIAN_POINT ( 'NONE',  ( 180.9051449323233385, 1.433689586266239768, 0.000000000000000000 ) ) ;
#1794 = CARTESIAN_POINT ( 'NONE',  ( 77.51487532513844769, 6.173336320785714371, 519.0000000000000000 ) ) ;
#1795 = ORIENTED_EDGE ( 'NONE', *, *, #1363, .T. ) ;
#1796 = VECTOR ( 'NONE', #2404, 1000.000000000000114 ) ;
#1797 = LINE ( 'NONE', #48, #965 ) ;
#1798 = CARTESIAN_POINT ( 'NONE',  ( 104.9162403016483012, -3.107187817137721630, 519.0000000000005684 ) ) ;
#1799 = ORIENTED_EDGE ( 'NONE', *, *, #1930, .T. ) ;
#1800 = VECTOR ( 'NONE', #1280, 1000.000000000000000 ) ;
#1801 = CARTESIAN_POINT ( 'NONE',  ( 158.2810766019386790, -1.148107936986786148, 478.9999999973763920 ) ) ;
#1802 = CARTESIAN_POINT ( 'NONE',  ( 0.3915933895305262480, 1.121721321274747440, 0.000000000000000000 ) ) ;
#1803 = CARTESIAN_POINT ( 'NONE',  ( 100.7099997185779472, -3.262149003720056228, 0.000000000000000000 ) ) ;
#1804 = CARTESIAN_POINT ( 'NONE',  ( 155.5936445787499167, 6.754321273607824416, 291.9999999964109065 ) ) ;
#1805 = CARTESIAN_POINT ( 'NONE',  ( 69.62099289009069025, -1.102681411771485376, 518.9999999999985221 ) ) ;
#1806 = CARTESIAN_POINT ( 'NONE',  ( 169.8514794459828749, -0.7231874582287990405, 407.9999999969159603 ) ) ;
#1807 = CARTESIAN_POINT ( 'NONE',  ( 168.6577370890911425, -0.7670281195546087005, 339.9999999969160172 ) ) ;
#1808 = CARTESIAN_POINT ( 'NONE',  ( 89.27214791722089160, 9.302222412421185638, 519.0000000000000000 ) ) ;
#1809 = ORIENTED_EDGE ( 'NONE', *, *, #508, .T. ) ;
#1810 = CARTESIAN_POINT ( 'NONE',  ( 184.3164905794544666, -0.1919639576149496374, 419.3201985779878669 ) ) ;
#1811 = VECTOR ( 'NONE', #2310, 1000.000000000000000 ) ;
#1812 = CARTESIAN_POINT ( 'NONE',  ( 158.2810766148618313, -1.148107953263616698, 473.9999999969162445 ) ) ;
#1813 = CARTESIAN_POINT ( 'NONE',  ( 184.3164905813862049, -0.1919635813016739023, 478.9999999963955588 ) ) ;
#1814 = EDGE_CURVE ( 'NONE', #2476, #960, #578, .T. ) ;
#1815 = ORIENTED_EDGE ( 'NONE', *, *, #710, .F. ) ;
#1816 = CARTESIAN_POINT ( 'NONE',  ( 157.8328587827963361, 6.311465197909035929, 318.9577532545266649 ) ) ;
#1817 = CARTESIAN_POINT ( 'NONE',  ( 0.5474035822410554530, 1.380999529921037583, 0.000000000000000000 ) ) ;
#1818 = VECTOR ( 'NONE', #2272, 1000.000000000000227 ) ;
#1819 = CARTESIAN_POINT ( 'NONE',  ( 50.35503620784132295, -5.119054048500416343, 0.000000000000000000 ) ) ;
#1820 = CARTESIAN_POINT ( 'NONE',  ( 184.3164905812891163, -0.1919636011267691622, 475.9999999969163582 ) ) ;
#1821 = CARTESIAN_POINT ( 'NONE',  ( 103.1615656577616562, -3.172122366968167739, 0.000000000000000000 ) ) ;
#1822 = PLANE ( 'NONE',  #922 ) ;
#1823 = DIRECTION ( 'NONE',  ( -0.6427876082896981647, -0.7660444442910668839, 1.254072553480010699E-10 ) ) ;
#1824 = CARTESIAN_POINT ( 'NONE',  ( 69.33418365381024273, -0.5175088166458587935, 519.0000000000000000 ) ) ;
#1825 = EDGE_LOOP ( 'NONE', ( #791, #584, #1709, #1223, #400, #338 ) ) ;
#1826 = CARTESIAN_POINT ( 'NONE',  ( 186.8020649017047674, 0.04016483769607302745, 519.0000000000000000 ) ) ;
#1827 = CARTESIAN_POINT ( 'NONE',  ( 158.2810769334183760, -1.148108343937198850, 410.9999999974028810 ) ) ;
#1828 = CARTESIAN_POINT ( 'NONE',  ( 186.7041226456702532, -0.1042727308837781836, 0.000000000000000000 ) ) ;
#1829 = ORIENTED_EDGE ( 'NONE', *, *, #1610, .F. ) ;
#1830 = LINE ( 'NONE', #1184, #47 ) ;
#1831 = EDGE_CURVE ( 'NONE', #2286, #2066, #711, .T. ) ;
#1832 = CARTESIAN_POINT ( 'NONE',  ( 65.27499135149135157, -4.560161122154756441, 0.000000000000000000 ) ) ;
#1833 = FACE_OUTER_BOUND ( 'NONE', #1730, .T. ) ;
#1834 = CARTESIAN_POINT ( 'NONE',  ( 104.9162403016483012, -3.107187817137721630, 519.0000000000005684 ) ) ;
#1835 = CARTESIAN_POINT ( 'NONE',  ( 158.2810770068926161, -1.148108450322374852, 303.5211218519584691 ) ) ;
#1836 = CARTESIAN_POINT ( 'NONE',  ( 69.47027567398846770, -0.8407698824560397854, 519.0000000000000000 ) ) ;
#1837 = ORIENTED_EDGE ( 'NONE', *, *, #1308, .F. ) ;
#1838 = DIRECTION ( 'NONE',  ( 3.236852845993130080E-11, 1.365471248240533046E-10, 1.000000000000000000 ) ) ;
#1839 = CARTESIAN_POINT ( 'NONE',  ( 184.2981405720090606, 0.3076987603593140941, 342.9999999963620212 ) ) ;
#1840 = CARTESIAN_POINT ( 'NONE',  ( 187.3164905826809843, -0.08178092353511093315, 0.000000000000000000 ) ) ;
#1841 = ORIENTED_EDGE ( 'NONE', *, *, #1645, .T. ) ;
#1842 = CARTESIAN_POINT ( 'NONE',  ( 158.2810766147647428, -1.148107953673263459, 470.9999999974029379 ) ) ;
#1843 = VECTOR ( 'NONE', #2485, 1000.000000000000000 ) ;
#1844 = VECTOR ( 'NONE', #1459, 1000.000000000000000 ) ;
#1845 = EDGE_CURVE ( 'NONE', #2831, #391, #79, .T. ) ;
#1846 = CARTESIAN_POINT ( 'NONE',  ( 180.9049999692092854, -0.3172591615553263522, 0.000000000000000000 ) ) ;
#1847 = EDGE_CURVE ( 'NONE', #1444, #254, #2126, .T. ) ;
#1848 = CARTESIAN_POINT ( 'NONE',  ( 184.3164905753980349, -0.1919646382104054638, 293.9999999964296649 ) ) ;
#1849 = CARTESIAN_POINT ( 'NONE',  ( 81.78087867555831281, -3.513058501134209255, 518.9999999999992042 ) ) ;
#1850 = LINE ( 'NONE', #2457, #2537 ) ;
#1851 = CARTESIAN_POINT ( 'NONE',  ( 69.64273519778903676, -1.113102359983055178, 519.0000000000000000 ) ) ;
#1852 = CARTESIAN_POINT ( 'NONE',  ( 186.5000000000000000, 0.1117699999999999944, 0.000000000000000000 ) ) ;
#1853 = CARTESIAN_POINT ( 'NONE',  ( 9.451621470977876183E-09, 3.987183755960805846E-08, 292.0000000023695179 ) ) ;
#1854 = CARTESIAN_POINT ( 'NONE',  ( 154.9273051535542152, 2.848761211023245199, 339.9999999969658120 ) ) ;
#1855 = VECTOR ( 'NONE', #2093, 0.5286818986215752192 ) ;
#1856 = ORIENTED_EDGE ( 'NONE', *, *, #50, .F. ) ;
#1857 = DIRECTION ( 'NONE',  ( 0.9993263273340848851, 0.03670002039467185062, -3.735762933031144449E-11 ) ) ;
#1858 = CARTESIAN_POINT ( 'NONE',  ( 158.5250000455471593, -1.139151240169913315, 0.000000000000000000 ) ) ;
#1859 = CARTESIAN_POINT ( 'NONE',  ( 184.3164905825514950, 37.87342867629487841, 514.9999999912319026 ) ) ;
#1860 = CARTESIAN_POINT ( 'NONE',  ( 34.70200647458090515, -5.588821766112102907, 0.000000000000000000 ) ) ;
#1861 = ADVANCED_FACE ( 'NONE', ( #1494 ), #809, .T. ) ;
#1862 = CARTESIAN_POINT ( 'NONE',  ( 54.08479274718764174, 16.85467274745244382, 0.000000000000000000 ) ) ;
#1863 = CARTESIAN_POINT ( 'NONE',  ( 157.8179020336723397, -1.165118865974972717, 519.0000000000000000 ) ) ;
#1864 = CARTESIAN_POINT ( 'NONE',  ( 158.2627269233556149, -0.6484451813480670568, 402.9999999973352374 ) ) ;
#1865 = CARTESIAN_POINT ( 'NONE',  ( 1.666903610337444542E-08, 7.032269711446227513E-08, 515.0000000023692337 ) ) ;
#1866 = CARTESIAN_POINT ( 'NONE',  ( 4.655900333956482839, -4.027682162981619740, 0.000000000000000000 ) ) ;
#1867 = DIRECTION ( 'NONE',  ( -0.7660444431189771253, -0.6427876096865403621, 1.125667018947118001E-10 ) ) ;
#1868 = VERTEX_POINT ( 'NONE', #151 ) ;
#1869 = CARTESIAN_POINT ( 'NONE',  ( 154.9273051579563685, 2.848761229593647748, 475.9999999969658120 ) ) ;
#1870 = CARTESIAN_POINT ( 'NONE',  ( 164.1199997434927695, -0.9336663490870151794, 0.000000000000000000 ) ) ;
#1871 = CARTESIAN_POINT ( 'NONE',  ( 158.2810768665763135, -1.148108261501501248, 426.8544551855653708 ) ) ;
#1872 = CARTESIAN_POINT ( 'NONE',  ( 154.9273051579563685, 2.848761229593647748, 475.9999999969658120 ) ) ;
#1873 = CARTESIAN_POINT ( 'NONE',  ( 149.2008167269510750, 8.185024438486792064, 0.000000000000000000 ) ) ;
#1874 = CARTESIAN_POINT ( 'NONE',  ( 81.04873199424389441, -3.484159703205381931, 519.0000000000000000 ) ) ;
#1875 = VERTEX_POINT ( 'NONE', #1225 ) ;
#1876 = CARTESIAN_POINT ( 'NONE',  ( 184.3164905754647123, 0.6287575615466598489, 296.0582179160910528 ) ) ;
#1877 = EDGE_CURVE ( 'NONE', #931, #1104, #2274, .T. ) ;
#1878 = CARTESIAN_POINT ( 'NONE',  ( 155.7483116824156184, -1.241123892014757368, 516.9999999974976390 ) ) ;
#1879 = CARTESIAN_POINT ( 'NONE',  ( 186.8020649017047958, -0.1006753865081469607, 519.0000000000000000 ) ) ;
#1880 = EDGE_LOOP ( 'NONE', ( #2797, #1387, #1690, #2213 ) ) ;
#1881 = CARTESIAN_POINT ( 'NONE',  ( 157.8225573988781605, 6.299188488406476161, 337.9999999964008452 ) ) ;
#1882 = CARTESIAN_POINT ( 'NONE',  ( 157.7027193340182691, 6.156371060910848847, 514.9999999964243216 ) ) ;
#1883 = CARTESIAN_POINT ( 'NONE',  ( 186.5000000000000284, -0.1117700000000000082, 0.000000000000000000 ) ) ;
#1884 = CARTESIAN_POINT ( 'NONE',  ( 182.1172807276413153, 1.145635196609931405, 473.9999999963678192 ) ) ;
#1885 = VECTOR ( 'NONE', #1075, 1000.000000000000000 ) ;
#1886 = CARTESIAN_POINT ( 'NONE',  ( 174.9005243410982757, 2.829129485037760183, 0.000000000000000000 ) ) ;
#1887 = CARTESIAN_POINT ( 'NONE',  ( 141.7407895145319685, 9.560109099018484713, 0.000000000000000000 ) ) ;
#1888 = CARTESIAN_POINT ( 'NONE',  ( 118.6501160337963228, -2.604085936681605151, 519.0000000000000000 ) ) ;
#1889 = ORIENTED_EDGE ( 'NONE', *, *, #2375, .F. ) ;
#1890 = CARTESIAN_POINT ( 'NONE',  ( 27.33199083377591165, 13.97392873730580831, 0.000000000000000000 ) ) ;
#1891 = CARTESIAN_POINT ( 'NONE',  ( 184.3164905808579306, 0.6282376040457132715, 462.6798014104037406 ) ) ;
#1892 = CARTESIAN_POINT ( 'NONE',  ( 145.4700002555863136, -1.618603625837736759, 0.000000000000000000 ) ) ;
#1893 = VERTEX_POINT ( 'NONE', #2142 ) ;
#1894 = CARTESIAN_POINT ( 'NONE',  ( 184.3164905815222880, 0.6281513846241020271, 483.2037627281925438 ) ) ;
#1895 = B_SPLINE_CURVE_WITH_KNOTS ( 'NONE', 3,
 ( #636, #1783, #1959, #2405, #432, #1524, #416 ),
 .UNSPECIFIED., .F., .F.,
 ( 4, 1, 1, 1, 4 ),
 ( 0.003532486652738934564, 0.006609884435086613337, 0.01507555128115733306, 0.02354121812722793569, 0.02958545146121292074 ),
 .UNSPECIFIED. ) ;
#1896 = CARTESIAN_POINT ( 'NONE',  ( 182.6325914708912137, -0.2538050653737245477, 514.9999999969162445 ) ) ;
#1897 = CARTESIAN_POINT ( 'NONE',  ( 13.03937251214231452, 9.841104693651841373, 0.000000000000000000 ) ) ;
#1898 = EDGE_LOOP ( 'NONE', ( #2113, #648, #113, #448 ) ) ;
#1899 = CARTESIAN_POINT ( 'NONE',  ( 184.9458979926444613, 0.4801767041433799843, 0.000000000000000000 ) ) ;
#1900 = DIRECTION ( 'NONE',  ( -0.9993263273340851072, -0.03670002039466463417, 3.930018598151339874E-11 ) ) ;
#1901 = B_SPLINE_CURVE_WITH_KNOTS ( 'NONE', 3,
 ( #1415, #2524, #2314, #2056, #78, #2539, #287, #2488, #2298, #998 ),
 .UNSPECIFIED., .F., .F.,
 ( 4, 3, 3, 4 ),
 ( 5.085598608919390054E-12, 0.003087326887297075703, 0.01543663443648531954, 0.06600000000538935874 ),
 .UNSPECIFIED. ) ;
#1902 = CARTESIAN_POINT ( 'NONE',  ( 186.7041226456702532, -0.1042727308837781836, 0.000000000000000000 ) ) ;
#1903 = CARTESIAN_POINT ( 'NONE',  ( 61.54490356752512525, 17.04221064453826173, 0.000000000000000000 ) ) ;
#1904 = CARTESIAN_POINT ( 'NONE',  ( 156.2511902986190648, -1.222650522304701948, 519.0000000000000000 ) ) ;
#1905 = PRODUCT ( '\X2\526f7ffc\X0\', '\X2\526f7ffc\X0\', '', ( #1718 ) ) ;
#1906 = VECTOR ( 'NONE', #1095, 1000.000000000000114 ) ;
#1907 = ORIENTED_EDGE ( 'NONE', *, *, #889, .F. ) ;
#1908 = CARTESIAN_POINT ( 'NONE',  ( 81.06615511059855805, 7.380222382991620478, 518.9999999999998863 ) ) ;
#1909 = LINE ( 'NONE', #2753, #2080 ) ;
#1910 = CARTESIAN_POINT ( 'NONE',  ( 123.0900004109218031, -2.440584521422289654, 0.000000000000000000 ) ) ;
#1911 = EDGE_LOOP ( 'NONE', ( #2743, #133, #738, #1889, #2108, #2642 ) ) ;
#1912 = CARTESIAN_POINT ( 'NONE',  ( 152.3164905826168081, 2.848761232812408561, 516.9999999970502813 ) ) ;
#1913 = DIRECTION ( 'NONE',  ( 3.236706039475319645E-11, 1.365489264352208951E-10, 1.000000000000000000 ) ) ;
#1914 = CARTESIAN_POINT ( 'NONE',  ( 69.28463681449620992, -0.2342761186725464684, 518.9999999999996589 ) ) ;
#1915 = EDGE_CURVE ( 'NONE', #2678, #1444, #2816, .T. ) ;
#1916 = CARTESIAN_POINT ( 'NONE',  ( 85.79047915500117938, 16.53346528281337413, 0.000000000000000000 ) ) ;
#1917 = CARTESIAN_POINT ( 'NONE',  ( 175.2456683778536046, 2.702348467663499232, 473.9999999963675918 ) ) ;
#1918 = LINE ( 'NONE', #2099, #28 ) ;
#1919 = CARTESIAN_POINT ( 'NONE',  ( 152.9308174229624910, 7.465276715481427239, 0.000000000000000000 ) ) ;
#1920 = CARTESIAN_POINT ( 'NONE',  ( 100.2413147173944594, -3.284930659440742584, 519.0000000000000000 ) ) ;
#1921 = ORIENTED_EDGE ( 'NONE', *, *, #2559, .T. ) ;
#1922 = CARTESIAN_POINT ( 'NONE',  ( 138.8677572284837254, 8.994697813932708286, 518.9999999999994316 ) ) ;
#1923 = LINE ( 'NONE', #2799, #417 ) ;
#1924 = CARTESIAN_POINT ( 'NONE',  ( 162.2550002588989742, -1.002173716036702356, 0.000000000000000000 ) ) ;
#1925 = EDGE_LOOP ( 'NONE', ( #357, #1479, #459, #2202 ) ) ;
#1926 = DIRECTION ( 'NONE',  ( 3.237103374064762881E-11, 1.365460013478974005E-10, 1.000000000000000000 ) ) ;
#1927 = PLANE ( 'NONE',  #2527 ) ;
#1928 = CARTESIAN_POINT ( 'NONE',  ( 1.755424937789630269, 2.846770284889458935, 0.000000000000000000 ) ) ;
#1929 = CARTESIAN_POINT ( 'NONE',  ( 126.8207659510598120, 12.04586483901193361, 0.000000000000000000 ) ) ;
#1930 = EDGE_CURVE ( 'NONE', #1868, #1875, #1431, .T. ) ;
#1931 = DIRECTION ( 'NONE',  ( 0.6427876096865403621, -0.7660444431189771253, 8.379507715750921749E-11 ) ) ;
#1932 = FACE_OUTER_BOUND ( 'NONE', #2326, .T. ) ;
#1933 = B_SPLINE_CURVE_WITH_KNOTS ( 'NONE', 3,
 ( #125, #1697, #799, #831, #1214, #1019, #1682, #2573, #2560 ),
 .UNSPECIFIED., .F., .F.,
 ( 4, 1, 1, 1, 1, 1, 4 ),
 ( 0.000000000000000000, 0.002065943677850424435, 0.006579206381718249660, 0.01109246908558607705, 0.01560573178945390098, 0.02463225719718955403, 0.02709833995693507885 ),
 .UNSPECIFIED. ) ;
#1934 = CARTESIAN_POINT ( 'NONE',  ( 14.91915398124600856, -5.309234401509425716, 0.000000000000000000 ) ) ;
#1935 = ADVANCED_FACE ( 'NONE', ( #574 ), #1927, .T. ) ;
#1936 = DIRECTION ( 'NONE',  ( 0.9993263277176602788, 0.03670000995007255407, -3.736046588057606882E-11 ) ) ;
#1937 = VECTOR ( 'NONE', #431, 1000.000000000000000 ) ;
#1938 = CARTESIAN_POINT ( 'NONE',  ( 123.9195187639573987, 10.36153532476409289, 518.9999999999993179 ) ) ;
#1939 = LINE ( 'NONE', #821, #1467 ) ;
#1940 = CARTESIAN_POINT ( 'NONE',  ( 186.8009008751064641, 0.04044077281143245578, 516.9999999963175696 ) ) ;
#1941 = CARTESIAN_POINT ( 'NONE',  ( 91.38499973394564790, -3.605079446773360452, 0.000000000000000000 ) ) ;
#1942 = VERTEX_POINT ( 'NONE', #1477 ) ;
#1943 = CARTESIAN_POINT ( 'NONE',  ( 184.3164905813557368, 0.6281734491368795581, 478.0582179160780356 ) ) ;
#1944 = CARTESIAN_POINT ( 'NONE',  ( 160.9678236872253194, -1.049437072157227480, 514.9999999969161308 ) ) ;
#1945 = CARTESIAN_POINT ( 'NONE',  ( 88.35942887675841462, 9.141409412449855054, 519.0000000000005684 ) ) ;
#1946 = VERTEX_POINT ( 'NONE', #135 ) ;
#1947 = CARTESIAN_POINT ( 'NONE',  ( 48.48929257520501324, 16.61674414810286393, 0.000000000000000000 ) ) ;
#1948 = VECTOR ( 'NONE', #103, 1000.000000000000000 ) ;
#1949 = CARTESIAN_POINT ( 'NONE',  ( 175.8304830690504161, 2.567607016257641206, 518.9999999999998863 ) ) ;
#1950 = CARTESIAN_POINT ( 'NONE',  ( 0.7850909927725194803, -2.014683493385044599, 0.000000000000000000 ) ) ;
#1951 = CARTESIAN_POINT ( 'NONE',  ( 171.7649782239413980, -0.6529134569859623705, 516.9999999969071496 ) ) ;
#1952 = CARTESIAN_POINT ( 'NONE',  ( 90.20802910819989506, 9.464635066285239873, 518.9999999999998863 ) ) ;
#1953 = EDGE_CURVE ( 'NONE', #2602, #2678, #2820, .T. ) ;
#1954 = CARTESIAN_POINT ( 'NONE',  ( 178.4938234036224856, 1.986829697350311896, 405.9999999963634423 ) ) ;
#1955 = VECTOR ( 'NONE', #2545, 1000.000000000000000 ) ;
#1956 = CARTESIAN_POINT ( 'NONE',  ( 112.7749704196319271, 10.73458989223180815, 519.0000000000000000 ) ) ;
#1957 = ORIENTED_EDGE ( 'NONE', *, *, #639, .F. ) ;
#1958 = DIRECTION ( 'NONE',  ( 3.236879089548785614E-11, 0.000000000000000000, 1.000000000000000000 ) ) ;
#1959 = CARTESIAN_POINT ( 'NONE',  ( 163.1512815547508239, -0.9692498399589508651, 405.9999999969168698 ) ) ;
#1960 = CARTESIAN_POINT ( 'NONE',  ( 74.09460925080537663, 4.628644425345608937, 519.0000000000005684 ) ) ;
#1961 = CARTESIAN_POINT ( 'NONE',  ( 83.92536418632423079, 16.63888226076240073, 0.000000000000000000 ) ) ;
#1962 = CARTESIAN_POINT ( 'NONE',  ( 42.05291443342858315, 16.17083096281027466, 0.000000000000000000 ) ) ;
#1963 = CARTESIAN_POINT ( 'NONE',  ( 0.05631658127147678300, -0.7733632735088061816, 0.000000000000000000 ) ) ;
#1964 = FACE_OUTER_BOUND ( 'NONE', #2103, .T. ) ;
#1965 = CARTESIAN_POINT ( 'NONE',  ( 69.78701890552888187, 1.057059536078394757, 518.9999999999996589 ) ) ;
#1966 = PLANE ( 'NONE',  #539 ) ;
#1967 = PLANE ( 'NONE',  #974 ) ;
#1968 = CARTESIAN_POINT ( 'NONE',  ( 130.0093812826978024, 9.901271693340760294, 519.0000000000000000 ) ) ;
#1969 = EDGE_CURVE ( 'NONE', #382, #2003, #120, .T. ) ;
#1970 = ORIENTED_EDGE ( 'NONE', *, *, #283, .T. ) ;
#1971 = CARTESIAN_POINT ( 'NONE',  ( 184.3164905767251298, -0.1919644045918850184, 334.9999999964296649 ) ) ;
#1972 = LINE ( 'NONE', #1728, #2711 ) ;
#1973 = B_SPLINE_CURVE_WITH_KNOTS ( 'NONE', 3,
 ( #825, #792, #1710, #2786, #2140, #150, #620, #1692, #2389, #606 ),
 .UNSPECIFIED., .F., .F.,
 ( 4, 3, 3, 4 ),
 ( 5.177028073836905202E-12, 0.003087326887316681114, 0.01543663443903374455, 0.06600003869621384744 ),
 .UNSPECIFIED. ) ;
#1974 = CARTESIAN_POINT ( 'NONE',  ( 69.62099289009069025, -1.102681411771485376, 518.9999999999985221 ) ) ;
#1975 = ORIENTED_EDGE ( 'NONE', *, *, #1067, .F. ) ;
#1976 = CARTESIAN_POINT ( 'NONE',  ( 16.77605407382776548, 11.16406677515033863, 0.000000000000000000 ) ) ;
#1977 = CARTESIAN_POINT ( 'NONE',  ( 120.1717021489750721, 10.56155750028774065, 519.0000000000007958 ) ) ;
#1978 = B_SPLINE_CURVE_WITH_KNOTS ( 'NONE', 3,
 ( #700, #1624, #493, #1804 ),
 .UNSPECIFIED., .F., .F.,
 ( 4, 4 ),
 ( 0.002000002352095440767, 0.2270001668240110848 ),
 .UNSPECIFIED. ) ;
#1979 = CARTESIAN_POINT ( 'NONE',  ( 11.49868375120770736, -5.092031725093606909, 0.000000000000000000 ) ) ;
#1980 = CARTESIAN_POINT ( 'NONE',  ( 184.3164905767574737, -0.1919644249614647913, 335.9999999966406108 ) ) ;
#1981 = CARTESIAN_POINT ( 'NONE',  ( 69.29646259131344266, 0.0005750839789036383751, 518.9999999999998863 ) ) ;
#1982 = FACE_OUTER_BOUND ( 'NONE', #10, .T. ) ;
#1983 = CARTESIAN_POINT ( 'NONE',  ( 160.9518316772141588, 5.566677949559993621, 519.0000000000000000 ) ) ;
#1984 = VERTEX_POINT ( 'NONE', #827 ) ;
#1985 = DIRECTION ( 'NONE',  ( 0.9993263273629904297, 0.03670001960758587783, 0.000000000000000000 ) ) ;
#1986 = DIRECTION ( 'NONE',  ( -0.9993263277176602788, -0.03670000995007255407, 0.000000000000000000 ) ) ;
#1987 = CARTESIAN_POINT ( 'NONE',  ( 83.65684973003635605, -3.559649758770776717, 519.0000000000009095 ) ) ;
#1988 = VERTEX_POINT ( 'NONE', #1648 ) ;
#1989 = CARTESIAN_POINT ( 'NONE',  ( 184.3164905812244001, 37.87342867069644825, 473.9999999912320163 ) ) ;
#1990 = EDGE_CURVE ( 'NONE', #1400, #343, #2374, .T. ) ;
#1991 = CARTESIAN_POINT ( 'NONE',  ( 1.478754074613835456, 2.552015450303059207, 0.000000000000000000 ) ) ;
#1992 = CARTESIAN_POINT ( 'NONE',  ( 169.0856202977915075, 4.121625089013101650, 0.000000000000000000 ) ) ;
#1993 = CARTESIAN_POINT ( 'NONE',  ( 20.51468756514057645, -5.544152707065430619, 0.000000000000000000 ) ) ;
#1994 = DIRECTION ( 'NONE',  ( 3.236955442752721536E-11, 1.365486532414930541E-10, 1.000000000000000000 ) ) ;
#1995 = CARTESIAN_POINT ( 'NONE',  ( 71.07030554441909942, 2.424663045229637603, 518.9999999999989768 ) ) ;
#1996 = CARTESIAN_POINT ( 'NONE',  ( 185.5808751996445096, 0.3296505949833759552, 516.9999999963807795 ) ) ;
#1997 = TRIMMED_CURVE ( 'NONE', #996, ( PARAMETER_VALUE ( 0.000000000000000000 ), #1659 ), ( PARAMETER_VALUE ( 0.9999999999999679146 ), #557 ), .T., .PARAMETER. ) ;
#1998 = CARTESIAN_POINT ( 'NONE',  ( 118.6503298972725702, 10.61269274363360537, 519.0000000000000000 ) ) ;
#1999 = ORIENTED_EDGE ( 'NONE', *, *, #492, .F. ) ;
#2000 = CARTESIAN_POINT ( 'NONE',  ( 168.6226270197708175, -0.7683175507700737983, 337.9999999969160740 ) ) ;
#2001 = CARTESIAN_POINT ( 'NONE',  ( 164.4410408244166319, -0.9218835166987857654, 473.9999999969169835 ) ) ;
#2002 = CARTESIAN_POINT ( 'NONE',  ( 56.53169983454674963, -4.883681907971684666, 0.000000000000000000 ) ) ;
#2003 = VERTEX_POINT ( 'NONE', #107 ) ;
#2004 = CARTESIAN_POINT ( 'NONE',  ( 157.8399094275207233, 6.319867827784411141, 305.3201950748388072 ) ) ;
#2005 = CARTESIAN_POINT ( 'NONE',  ( 0.03268493629786724947, 0.2211495890942757059, 0.000000000000000000 ) ) ;
#2006 = EDGE_CURVE ( 'NONE', #168, #1942, #123, .T. ) ;
#2007 = CARTESIAN_POINT ( 'NONE',  ( 139.8750000354516203, -1.824070965285612633, 0.000000000000000000 ) ) ;
#2008 = LINE ( 'NONE', #851, #1439 ) ;
#2009 = CARTESIAN_POINT ( 'NONE',  ( 78.39436743551512166, 6.495010022442989417, 519.0000000000002274 ) ) ;
#2010 = PLANE ( 'NONE',  #1568 ) ;
#2011 = CARTESIAN_POINT ( 'NONE',  ( 122.1754445846952422, 10.45298668727149405, 519.0000000000000000 ) ) ;
#2012 = CARTESIAN_POINT ( 'NONE',  ( 158.2810770262808262, -1.148108467565493784, 336.9999999980868211 ) ) ;
#2013 = CARTESIAN_POINT ( 'NONE',  ( 158.6129159441344996, 6.149860621923351367, 337.9999999963595769 ) ) ;
#2014 = CARTESIAN_POINT ( 'NONE',  ( 91.16255976451363097, -3.551459856917749569, 519.0000000000001137 ) ) ;
#2015 = VERTEX_POINT ( 'NONE', #1270 ) ;
#2016 = CARTESIAN_POINT ( 'NONE',  ( 160.4292712763249824, 5.703839370005834297, 475.9999999963683877 ) ) ;
#2017 = CARTESIAN_POINT ( 'NONE',  ( 0.3906755702511247041, -1.491234882766996561, 0.000000000000000000 ) ) ;
#2018 = CARTESIAN_POINT ( 'NONE',  ( 29.84003961220892265, -5.644176688354449745, 0.000000000000000000 ) ) ;
#2019 = CARTESIAN_POINT ( 'NONE',  ( 1.540665325845042062E-08, 6.499736109543064494E-08, 476.0000000023692337 ) ) ;
#2020 = CARTESIAN_POINT ( 'NONE',  ( 70.81196768695349419, -2.107929409915281216, 519.0000000000001137 ) ) ;
#2021 = CARTESIAN_POINT ( 'NONE',  ( 184.3164905768869914, 37.87342865239913436, 339.9999999912319595 ) ) ;
#2022 = EDGE_CURVE ( 'NONE', #1616, #2286, #2315, .T. ) ;
#2023 = DIRECTION ( 'NONE',  ( -0.6427876082896982757, -0.7660444442910668839, 1.254084694639971399E-10 ) ) ;
#2024 = CARTESIAN_POINT ( 'NONE',  ( 75.76056468658123322, -3.161888977164449610, 519.0000000000000000 ) ) ;
#2025 = ORIENTED_EDGE ( 'NONE', *, *, #2053, .T. ) ;
#2026 = CARTESIAN_POINT ( 'NONE',  ( 176.8662597831460346, -0.4655616416143112390, 337.9999999969164719 ) ) ;
#2027 = VECTOR ( 'NONE', #314, 1000.000000000000000 ) ;
#2028 = CARTESIAN_POINT ( 'NONE',  ( 157.7217396718087912, 6.179038614591443768, 491.4366233798202188 ) ) ;
#2029 = CARTESIAN_POINT ( 'NONE',  ( 115.0670669981767276, -2.735221934985893721, 0.000000000000000000 ) ) ;
#2030 = ORIENTED_EDGE ( 'NONE', *, *, #2734, .T. ) ;
#2031 = VECTOR ( 'NONE', #546, 1000.000000000000000 ) ;
#2032 = DIRECTION ( 'NONE',  ( 3.236879089548785614E-11, 1.365470774110677371E-10, 1.000000000000000000 ) ) ;
#2033 = CARTESIAN_POINT ( 'NONE',  ( 0.7850909927725194803, -2.014683493385044599, 0.000000000000000000 ) ) ;
#2034 = CARTESIAN_POINT ( 'NONE',  ( 78.33000285598967594, -4.085154716956501453, 0.000000000000000000 ) ) ;
#2035 = CARTESIAN_POINT ( 'NONE',  ( 164.4902950961651982, -0.9200746601716233153, 475.9999999969171540 ) ) ;
#2036 = CARTESIAN_POINT ( 'NONE',  ( 16.83547113299177767, -5.407696804887157427, 0.000000000000000000 ) ) ;
#2037 = CARTESIAN_POINT ( 'NONE',  ( 70.78070139504966107, 2.141149244721257006, 519.0000000000000000 ) ) ;
#2038 = VERTEX_POINT ( 'NONE', #2630 ) ;
#2039 = FACE_BOUND ( 'NONE', #1825, .T. ) ;
#2040 = ADVANCED_FACE ( 'NONE', ( #1565 ), #2200, .T. ) ;
#2041 = CARTESIAN_POINT ( 'NONE',  ( 158.2810769399377193, -1.148108352582298153, 405.9999999974029947 ) ) ;
#2042 = CARTESIAN_POINT ( 'NONE',  ( 145.5466264722265350, -1.615831650292000043, 519.0000000000007958 ) ) ;
#2043 = ORIENTED_EDGE ( 'NONE', *, *, #1743, .T. ) ;
#2044 = CARTESIAN_POINT ( 'NONE',  ( 158.4362740468516506, 6.066920975581001407, 475.9999999963681034 ) ) ;
#2045 = CARTESIAN_POINT ( 'NONE',  ( 31.70506465315576961, -5.629485062380171101, 0.000000000000000000 ) ) ;
#2046 = DIRECTION ( 'NONE',  ( -0.7660444442910669949, 0.6427876082896981647, -6.297483687410075581E-11 ) ) ;
#2047 = CARTESIAN_POINT ( 'NONE',  ( 85.53320771684502688, -3.585489398057466470, 518.9999999999990905 ) ) ;
#2048 = CARTESIAN_POINT ( 'NONE',  ( 183.7025554830848364, 0.7744482365222143949, 0.000000000000000000 ) ) ;
#2049 = CARTESIAN_POINT ( 'NONE',  ( 69.54542307783135868, 0.6764794593462638561, 519.0000000000000000 ) ) ;
#2050 = ORIENTED_EDGE ( 'NONE', *, *, #2006, .T. ) ;
#2051 = CARTESIAN_POINT ( 'NONE',  ( 184.3164905811273115, -0.1919636339456435581, 470.9999999963955020 ) ) ;
#2052 = FACE_OUTER_BOUND ( 'NONE', #2523, .T. ) ;
#2053 = EDGE_CURVE ( 'NONE', #558, #1073, #2829, .T. ) ;
#2054 = CARTESIAN_POINT ( 'NONE',  ( 186.8442519556548973, -0.09912588818743847674, 519.0000000000001137 ) ) ;
#2055 = ORIENTED_EDGE ( 'NONE', *, *, #2069, .T. ) ;
#2056 = CARTESIAN_POINT ( 'NONE',  ( 184.3164905769869222, 0.6286381902193064475, 343.0873268785176151 ) ) ;
#2057 = CARTESIAN_POINT ( 'NONE',  ( 46.62506607956137827, -5.255069100469307308, 0.000000000000000000 ) ) ;
#2058 = CARTESIAN_POINT ( 'NONE',  ( 187.1548549077702717, -0.08771767861492309193, 291.9999999969071496 ) ) ;
#2059 = CARTESIAN_POINT ( 'NONE',  ( 49.58718133786975102, -5.148102930934729926, 0.000000000000000000 ) ) ;
#2060 = CARTESIAN_POINT ( 'NONE',  ( 182.7700970122592139, 0.9947690544743923446, 0.000000000000000000 ) ) ;
#2061 = CARTESIAN_POINT ( 'NONE',  ( 70.77079718117107632, -2.067624911203386873, 519.0000000000000000 ) ) ;
#2062 = ORIENTED_EDGE ( 'NONE', *, *, #607, .F. ) ;
#2063 = CARTESIAN_POINT ( 'NONE',  ( 158.2810769493940199, -1.148108364377225188, 402.9999999973764488 ) ) ;
#2064 = CARTESIAN_POINT ( 'NONE',  ( 157.7027193340182691, 6.156371060910848847, 514.9999999964243216 ) ) ;
#2065 = CARTESIAN_POINT ( 'NONE',  ( 91.25609223061373143, -3.609783266169436899, 0.000000000000000000 ) ) ;
#2066 = VERTEX_POINT ( 'NONE', #402 ) ;
#2067 = DIRECTION ( 'NONE',  ( 0.6427876096865410283, -0.7660444431189765702, 8.379525752412544948E-11 ) ) ;
#2068 = VECTOR ( 'NONE', #2229, 1000.000000000000000 ) ;
#2069 = EDGE_CURVE ( 'NONE', #634, #1616, #1972, .T. ) ;
#2070 = CARTESIAN_POINT ( 'NONE',  ( 182.7700970122592139, 0.9947690544743923446, 0.000000000000000000 ) ) ;
#2071 = CARTESIAN_POINT ( 'NONE',  ( 183.5274644689816057, -0.2209489632669230375, 291.9999999969075475 ) ) ;
#2072 = CARTESIAN_POINT ( 'NONE',  ( 74.45328372387274385, -2.991546978160558368, 518.9999999999997726 ) ) ;
#2073 = CARTESIAN_POINT ( 'NONE',  ( 93.25055345775884064, 16.01745877253195971, 0.000000000000000000 ) ) ;
#2074 = CARTESIAN_POINT ( 'NONE',  ( 72.82210843706778292, -2.686248892776679664, 519.0000000000000000 ) ) ;
#2075 = ORIENTED_EDGE ( 'NONE', *, *, #1449, .F. ) ;
#2076 = CARTESIAN_POINT ( 'NONE',  ( 157.8737946614477607, -0.6627282226089689088, 470.9999999973497893 ) ) ;
#2077 = CARTESIAN_POINT ( 'NONE',  ( 184.3164905801791349, 0.6283215477226941070, 441.7089103709027995 ) ) ;
#2078 = CARTESIAN_POINT ( 'NONE',  ( 8.382677127957194330, 7.796507068466770995, 0.000000000000000000 ) ) ;
#2079 = LINE ( 'NONE', #1620, #2758 ) ;
#2080 = VECTOR ( 'NONE', #89, 1000.000000000000000 ) ;
#2081 = ORIENTED_EDGE ( 'NONE', *, *, #1990, .T. ) ;
#2082 = FACE_OUTER_BOUND ( 'NONE', #536, .T. ) ;
#2083 = CARTESIAN_POINT ( 'NONE',  ( 158.2810769333212590, -1.148108344346840282, 407.9999999974029947 ) ) ;
#2084 = CARTESIAN_POINT ( 'NONE',  ( 141.7407895145319685, 9.560109099018484713, 0.000000000000000000 ) ) ;
#2085 = EDGE_CURVE ( 'NONE', #196, #846, #1374, .T. ) ;
#2086 = CARTESIAN_POINT ( 'NONE',  ( 158.2810767002318642, -1.148108057706977769, 458.5633655619434421 ) ) ;
#2087 = CARTESIAN_POINT ( 'NONE',  ( 22.78903382164060076, -5.601876018064479545, 0.000000000000000000 ) ) ;
#2088 = CARTESIAN_POINT ( 'NONE',  ( 138.0107732536765752, 10.21492739101851122, 0.000000000000000000 ) ) ;
#2089 = CARTESIAN_POINT ( 'NONE',  ( 129.6170938729253521, -2.200694599419934949, 519.0000000000000000 ) ) ;
#2090 = ORIENTED_EDGE ( 'NONE', *, *, #392, .F. ) ;
#2091 = CARTESIAN_POINT ( 'NONE',  ( 184.3164905753980349, 0.6287623796581117697, 293.9999999963175696 ) ) ;
#2092 = CARTESIAN_POINT ( 'NONE',  ( 184.3164905774972908, -0.1919643039496624348, 358.8544551844560715 ) ) ;
#2093 = DIRECTION ( 'NONE',  ( -0.9730344131650571216, 0.2306599895875599271, 0.000000000000000000 ) ) ;
#2094 = ORIENTED_EDGE ( 'NONE', *, *, #1199, .F. ) ;
#2095 = CARTESIAN_POINT ( 'NONE',  ( 155.7483115991474563, -1.241123794411825632, 507.6798014132442063 ) ) ;
#2096 = DIRECTION ( 'NONE',  ( 0.9993263273629906518, 0.03670001960757905690, -3.736046718778893265E-11 ) ) ;
#2097 = CARTESIAN_POINT ( 'NONE',  ( 164.1219211533889109, 5.185417257046215589, 0.000000000000000000 ) ) ;
#2098 = CARTESIAN_POINT ( 'NONE',  ( 184.3164905767251298, 0.3083726586194291963, 334.9999999963613391 ) ) ;
#2099 = CARTESIAN_POINT ( 'NONE',  ( 184.2981405717500820, 0.3076987592669461202, 334.9999999963620212 ) ) ;
#2100 = B_SPLINE_CURVE_WITH_KNOTS ( 'NONE', 3,
 ( #901, #35, #1087, #1563, #2447, #1810, #1753, #2686, #2840, #705 ),
 .UNSPECIFIED., .F., .F.,
 ( 4, 3, 3, 4 ),
 ( 0.003000000005163538930, 0.003087326887297014988, 0.01543663443648535250, 0.06300000000516359222 ),
 .UNSPECIFIED. ) ;
#2101 = CARTESIAN_POINT ( 'NONE',  ( 134.2807504800734364, 10.84761995045128735, 0.000000000000000000 ) ) ;
#2102 = CARTESIAN_POINT ( 'NONE',  ( 178.9685070615291238, -0.3883543060843631656, 519.0000000000000000 ) ) ;
#2103 = EDGE_LOOP ( 'NONE', ( #1970, #2055, #663, #1907 ) ) ;
#2104 = CARTESIAN_POINT ( 'NONE',  ( 112.6679391504886212, 10.74548916711959201, 518.9999999999998863 ) ) ;
#2105 = EDGE_CURVE ( 'NONE', #1656, #1248, #2421, .T. ) ;
#2106 = DIRECTION ( 'NONE',  ( 0.000000000000000000, -1.000000000000000000, 1.365478693236032279E-10 ) ) ;
#2107 = CARTESIAN_POINT ( 'NONE',  ( 95.73666519276723363, -3.444896580185004886, 0.000000000000000000 ) ) ;
#2108 = ORIENTED_EDGE ( 'NONE', *, *, #994, .F. ) ;
#2109 = CARTESIAN_POINT ( 'NONE',  ( 90.78572683960145184, 76.17826993921221401, 291.9999999890289928 ) ) ;
#2110 = B_SPLINE_SURFACE_WITH_KNOTS ( 'NONE', 3, 1, ( 
 ( #550, #1436 ),
 ( #2319, #335 ),
 ( #1215, #110 ),
 ( #1886, #421 ),
 ( #1992, #1949 ),
 ( #2860, #655 ),
 ( #1760, #1542 ),
 ( #2819, #890 ),
 ( #437, #849 ),
 ( #1773, #1732 ),
 ( #2607, #2846 ),
 ( #626, #862 ),
 ( #2635, #1290 ),
 ( #2426, #1528 ),
 ( #2409, #1318 ),
 ( #2395, #642 ),
 ( #407, #1512 ),
 ( #2191, #2177 ),
 ( #2206, #1977 ),
 ( #1093, #216 ),
 ( #875, #1108 ),
 ( #670, #2649 ),
 ( #1066, #202 ),
 ( #1746, #188 ),
 ( #1304, #1079 ),
 ( #1962, #2833 ),
 ( #2620, #1478 ),
 ( #609, #2774 ),
 ( #2556, #1226 ),
 ( #2174, #1945 ),
 ( #185, #1461 ),
 ( #2361, #2127 ),
 ( #2391, #1288 ),
 ( #561, #2789 ),
 ( #2571, #2804 ),
 ( #1076, #403 ),
 ( #2817, #2343 ),
 ( #2112, #828 ),
 ( #1897, #1241 ),
 ( #845, #346 ),
 ( #795, #376 ),
 ( #593, #1271 ),
 ( #2143, #1960 ),
 ( #1694, #1257 ),
 ( #1495, #780 ),
 ( #152, #137 ),
 ( #1664, #2541 ),
 ( #1447, #810 ),
 ( #2329, #623 ),
 ( #1047, #360 ),
 ( #1928, #1032 ),
 ( #1729, #121 ),
 ( #1712, #1016 ),
 ( #2588, #2376 ),
 ( #390, #575 ),
 ( #1679, #2157 ),
 ( #2605, #1914 ),
 ( #1508, #167 ),
 ( #1063, #2631 ),
 ( #2449, #1974 ),
 ( #903, #2616 ),
 ( #652, #1784 ),
 ( #2843, #1359 ),
 ( #243, #2230 ),
 ( #9, #474 ),
 ( #2244, #418 ),
 ( #680, #1581 ),
 ( #2216, #1090 ),
 ( #2830, #2188 ),
 ( #433, #871 ),
 ( #1103, #256 ),
 ( #1314, #1756 ),
 ( #859, #447 ),
 ( #2422, #463 ),
 ( #1343, #1118 ),
 ( #637, #1987 ),
 ( #1130, #2661 ),
 ( #2855, #2201 ),
 ( #885, #212 ),
 ( #1300, #2014 ),
 ( #666, #1769 ),
 ( #1552, #227 ),
 ( #1566, #1539 ),
 ( #199, #2645 ),
 ( #21, #2436 ),
 ( #918, #1328 ),
 ( #2002, #1798 ),
 ( #2677, #694 ),
 ( #2462, #1525 ),
 ( #1143, #1744 ),
 ( #2406, #37 ),
 ( #2296, #1413 ),
 ( #2065, #2522 ),
 ( #542, #2475 ),
 ( #2728, #763 ),
 ( #1399, #270 ),
 ( #2029, #1370 ),
 ( #2486, #2042 ),
 ( #285, #1428 ),
 ( #1385, #2714 ),
 ( #1171, #2284 ),
 ( #1606, #2511 ),
 ( #527, #298 ),
 ( #502, #959 ),
 ( #707, #1196 ),
 ( #2270, #749 ),
 ( #2258, #2054 ),
 ( #1828, #2312 ),
 ( #723, #1182 ),
 ( #2498, #63 ),
 ( #930, #2690 ),
 ( #1840, #947 ) ),
 .UNSPECIFIED., .F., .F., .F.,
 ( 4, 1, 1, 1, 1, 1, 1, 1, 1, 1, 1, 1, 1, 1, 1, 1, 1, 1, 1, 1, 1, 1, 1, 1, 1, 1, 1, 1, 1, 1, 1, 1, 1, 1, 1, 1, 1, 1, 1, 1, 1, 1, 1, 1, 1, 1, 1, 1, 1, 1, 1, 1, 1, 1, 1, 1, 1, 1, 1, 1, 1, 1, 1, 1, 1, 1, 1, 1, 1, 1, 1, 1, 1, 1, 1, 1, 1, 1, 1, 1, 1, 1, 1, 1, 1, 1, 1, 1, 1, 1, 1, 1, 1, 1, 1, 1, 1, 1, 1, 1, 1, 1, 1, 1, 2, 1, 1, 1, 4 ),
 ( 2, 2 ),
 ( 0.000000000000000000, 0.01559211515333733949, 0.03118423030667467899, 0.04677634546001202542, 0.06236846061334935798, 0.09355269092002405085, 0.1091448060733613695, 0.1247369212266987160, 0.1403290363800360208, 0.1559211515333734366, 0.1715132666867107136, 0.1871053818400481017, 0.2026974969933854620, 0.2182896121467227391, 0.2338817273000601271, 0.2494738424533974319, 0.2650659576067347922, 0.2806580727600720415, 0.2962501879134095129, 0.3118423030667468732, 0.3274344182200841225, 0.3430265333734214273, 0.3586186485267588431, 0.3742107636800962034, 0.3820068212567647725, 0.3898028788334334527, 0.3975989364101021328, 0.4053949939867709240, 0.4131910515634396042, 0.4209871091401082843, 0.4287831667167768535, 0.4365792242934454781, 0.4404772530817797627, 0.4443752818701141027, 0.4482733106584484428, 0.4521713394467827829, 0.4560693682351171230, 0.4599673970234515741, 0.4638654258117859142, 0.4677634546001202542, 0.4716614833884545943, 0.4755595121767888234, 0.4794575409651231634, 0.4833555697534575035, 0.4853045841476246736, 0.4872535985417918436, 0.4892026129359590136, 0.4911516273301261837, 0.4931006417242933537, 0.4950496561184605238, 0.4969986705126276938, 0.4989476849067948638, 0.5008966993009620339, 0.5028457136951292039, 0.5038202208922127889, 0.5047947280892963740, 0.5057692352863799590, 0.5067437424834635440, 0.5086927568776307140, 0.5106417712717978841, 0.5125907856659650541, 0.5145398000601322241, 0.5184378288484665642, 0.5223358576368009043, 0.5242848720309680743, 0.5262338864251352444, 0.5281829008193024144, 0.5301319152134695845, 0.5340299440018039245, 0.5379279727901382646, 0.5418260015784726047, 0.5457240303668069448, 0.5535200879434754029, 0.5613161455201440830, 0.5691122030968127632, 0.5769082606734814433, 0.5847043182501501235, 0.5925003758268190257, 0.6002964334034877059, 0.6080924909801563860, 0.6158885485568250662, 0.6236846061334937463, 0.6314806637101624265, 0.6392767212868311066, 0.6470727788634997868, 0.6548688364401682449, 0.6704609515935056052, 0.6860530667468428545, 0.7016451819001803258, 0.7172372970535176862, 0.7328294122068550465, 0.7484215273601924068, 0.7640136425135295450, 0.7796057576668669054, 0.7951978728202042657, 0.8107899879735418480, 0.8263821031268792083, 0.8419742182802165686, 0.8575663334335537069, 0.8731584485868909562, 0.8887505637402282055, 0.9043426788935655658, 0.9355269092002405085, 0.9667111395069150070, 0.9978953698135899497, 0.9984215273601924068, 0.9989476849067949749, 0.9994738424533975429, 1.000000000000000000 ),
 ( 0.000000000000000000, 1.000000000000000000 ),
 .UNSPECIFIED. ) ;
#2111 = CARTESIAN_POINT ( 'NONE',  ( 161.7454865199890435, 5.576180418323922083, 293.9999999963574169 ) ) ;
#2112 = CARTESIAN_POINT ( 'NONE',  ( 14.43648920517137668, 10.35681366495597189, 0.000000000000000000 ) ) ;
#2113 = ORIENTED_EDGE ( 'NONE', *, *, #80, .F. ) ;
#2114 = LINE ( 'NONE', #2558, #2360 ) ;
#2115 = CARTESIAN_POINT ( 'NONE',  ( 157.8737950705489936, -0.6627287325725351730, 342.9999999973499030 ) ) ;
#2116 = CARTESIAN_POINT ( 'NONE',  ( 187.0592777421928474, -0.09122815502162903711, 519.0000000000004547 ) ) ;
#2117 = CARTESIAN_POINT ( 'NONE',  ( 70.87010749409226662, 17.07060369472575800, 0.000000000000000000 ) ) ;
#2118 = CARTESIAN_POINT ( 'NONE',  ( 142.9341429811187538, -1.711770432209256843, 519.0000000000000000 ) ) ;
#2119 = VERTEX_POINT ( 'NONE', #2173 ) ;
#2120 = CARTESIAN_POINT ( 'NONE',  ( 18.67712515893349945, 11.76179189382900070, 0.000000000000000000 ) ) ;
#2121 = DIRECTION ( 'NONE',  ( 0.2306599895875640904, 0.9730344131650560113, -0.000000000000000000 ) ) ;
#2122 = CARTESIAN_POINT ( 'NONE',  ( 131.7933334374206140, -2.120886167409365530, 0.000000000000000000 ) ) ;
#2123 = EDGE_CURVE ( 'NONE', #2476, #2038, #478, .T. ) ;
#2124 = ORIENTED_EDGE ( 'NONE', *, *, #710, .T. ) ;
#2125 = CARTESIAN_POINT ( 'NONE',  ( 155.5936445787499167, 6.754321273607824416, 291.9999999964109065 ) ) ;
#2126 = LINE ( 'NONE', #359, #451 ) ;
#2127 = CARTESIAN_POINT ( 'NONE',  ( 84.68814074713922935, 8.362375796855181065, 518.9999999999997726 ) ) ;
#2128 = ORIENTED_EDGE ( 'NONE', *, *, #1030, .F. ) ;
#2129 = CARTESIAN_POINT ( 'NONE',  ( 134.2807504800734364, 10.84761995045128735, 0.000000000000000000 ) ) ;
#2130 = CARTESIAN_POINT ( 'NONE',  ( 158.2810769229330390, -1.148108331441298535, 410.9999999973763352 ) ) ;
#2131 = DIRECTION ( 'NONE',  ( -0.9993263273340851072, -0.03670002039466488397, 0.000000000000000000 ) ) ;
#2132 = CARTESIAN_POINT ( 'NONE',  ( 119.3608239838982996, 13.14601217225882124, 0.000000000000000000 ) ) ;
#2133 = CARTESIAN_POINT ( 'NONE',  ( 132.7505176434262637, -2.085555431297446027, 519.0000000000000000 ) ) ;
#2134 = VECTOR ( 'NONE', #1900, 1000.000000000000114 ) ;
#2135 = EDGE_LOOP ( 'NONE', ( #787, #293, #2322, #1549 ) ) ;
#2136 = CARTESIAN_POINT ( 'NONE',  ( 161.1163626545794614, 5.541461946526776927, 519.0000000000001137 ) ) ;
#2137 = CARTESIAN_POINT ( 'NONE',  ( 184.3164905786569534, -0.1919641024363731574, 394.6798014103065952 ) ) ;
#2138 = CARTESIAN_POINT ( 'NONE',  ( 147.3349997443873463, -1.550096373443657694, 0.000000000000000000 ) ) ;
#2139 = EDGE_LOOP ( 'NONE', ( #2030, #734, #149, #2657, #2388, #1395, #244, #796 ) ) ;
#2140 = CARTESIAN_POINT ( 'NONE',  ( 157.7763139110118971, 6.244077652997011008, 415.2037590921779042 ) ) ;
#2141 = ADVANCED_FACE ( 'NONE', ( #184 ), #1129, .F. ) ;
#2142 = CARTESIAN_POINT ( 'NONE',  ( 187.3164905826809843, -0.08178092353511093315, 291.9999999963175128 ) ) ;
#2143 = CARTESIAN_POINT ( 'NONE',  ( 7.611963091472166987, 7.394528130325286774, 0.000000000000000000 ) ) ;
#2144 = ADVANCED_FACE ( 'NONE', ( #2435 ), #651, .T. ) ;
#2145 = CARTESIAN_POINT ( 'NONE',  ( 39.16298597586779806, 15.87654429992619853, 0.000000000000000000 ) ) ;
#2146 = CARTESIAN_POINT ( 'NONE',  ( 184.3164905812891163, 0.6281822064800001160, 475.9999999963177402 ) ) ;
#2147 = PLANE ( 'NONE',  #263 ) ;
#2148 = CARTESIAN_POINT ( 'NONE',  ( 27.97101816477380609, 14.10062904394222549, 0.000000000000000000 ) ) ;
#2149 = CARTESIAN_POINT ( 'NONE',  ( 159.3846134279377509, -1.107580030734293786, 519.0000000000000000 ) ) ;
#2150 = ORIENTED_EDGE ( 'NONE', *, *, #1847, .T. ) ;
#2151 = CARTESIAN_POINT ( 'NONE',  ( 166.0332271964556412, 4.611118943071039311, 519.0000000000010232 ) ) ;
#2152 = CARTESIAN_POINT ( 'NONE',  ( 184.3164905790233377, 0.6284471035214979073, 405.9999999963176265 ) ) ;
#2153 = CARTESIAN_POINT ( 'NONE',  ( 119.9816666137366497, -2.554725226127443793, 0.000000000000000000 ) ) ;
#2154 = ORIENTED_EDGE ( 'NONE', *, *, #2675, .F. ) ;
#2155 = CARTESIAN_POINT ( 'NONE',  ( 177.4848675092101189, 2.223337519510972804, 291.9999999963642949 ) ) ;
#2156 = CARTESIAN_POINT ( 'NONE',  ( 165.4507533952626659, -0.8848019578919600336, 514.9999999969171540 ) ) ;
#2157 = CARTESIAN_POINT ( 'NONE',  ( 69.29646259131344266, 0.0005750839789036383751, 518.9999999999998863 ) ) ;
#2158 = ORIENTED_EDGE ( 'NONE', *, *, #1185, .F. ) ;
#2159 = CARTESIAN_POINT ( 'NONE',  ( 63.40991376398628887, 17.06779289638516772, 0.000000000000000000 ) ) ;
#2160 = EDGE_CURVE ( 'NONE', #1400, #2340, #1089, .T. ) ;
#2161 = FACE_OUTER_BOUND ( 'NONE', #1536, .T. ) ;
#2162 = PRODUCT_DEFINITION_FORMATION_WITH_SPECIFIED_SOURCE ( '‰ª', '', #1905, .NOT_KNOWN. ) ;
#2163 = CARTESIAN_POINT ( 'NONE',  ( 2.961229421719349997, -3.528410340963362035, 0.000000000000000000 ) ) ;
#2164 = AXIS2_PLACEMENT_3D ( 'NONE', #1778, #2252, #1559 ) ;
#2165 = CARTESIAN_POINT ( 'NONE',  ( 0.2369446434300330195, -6.451903842188235316, 474.0000000032426897 ) ) ;
#2166 = AXIS2_PLACEMENT_3D ( 'NONE', #2742, #327, #1157 ) ;
#2167 = CARTESIAN_POINT ( 'NONE',  ( 92.06405234611963806, 9.742228803437724238, 518.9999999999996589 ) ) ;
#2168 = CARTESIAN_POINT ( 'NONE',  ( 184.3164905823183233, -0.1919633858622778466, 507.7962372600359799 ) ) ;
#2169 = B_SPLINE_CURVE_WITH_KNOTS ( 'NONE', 3,
 ( #1057, #632, #2195, #2611, #222, #1281, #2655, #867, #1112, #1996, #1940 ),
 .UNSPECIFIED., .F., .F.,
 ( 4, 1, 1, 1, 1, 1, 1, 1, 4 ),
 ( 0.0002679819989281176677, 0.002228829375639175894, 0.005990630409349315122, 0.009752431443059447411, 0.01727603351047972760, 0.02103783454418986509, 0.02479963557790000259, 0.02856143661161014008, 0.03232323764532027410 ),
 .UNSPECIFIED. ) ;
#2170 = CARTESIAN_POINT ( 'NONE',  ( 114.3417772295751718, 10.72179046370706601, 519.0000000000000000 ) ) ;
#2171 = ORIENTED_EDGE ( 'NONE', *, *, #1743, .F. ) ;
#2172 = LINE ( 'NONE', #183, #772 ) ;
#2173 = CARTESIAN_POINT ( 'NONE',  ( 158.2810766019386790, -1.148107936986786148, 478.9999999973763920 ) ) ;
#2174 = CARTESIAN_POINT ( 'NONE',  ( 30.25293213377084101, 14.55707463803127943, 0.000000000000000000 ) ) ;
#2175 = CARTESIAN_POINT ( 'NONE',  ( 31.70162641108408863, 14.81240230836588978, 0.000000000000000000 ) ) ;
#2176 = VECTOR ( 'NONE', #1823, 1000.000000000000114 ) ;
#2177 = CARTESIAN_POINT ( 'NONE',  ( 123.9195187639573987, 10.36153532476409289, 518.9999999999993179 ) ) ;
#2178 = EDGE_CURVE ( 'NONE', #2340, #1044, #198, .T. ) ;
#2179 = CARTESIAN_POINT ( 'NONE',  ( 7.444189030984896149, 7.295727210227484605, 0.000000000000000000 ) ) ;
#2180 = CARTESIAN_POINT ( 'NONE',  ( 160.4880332278052606, -1.067057304435900633, 516.9999999969072633 ) ) ;
#2181 = CARTESIAN_POINT ( 'NONE',  ( 70.29018236544588660, -1.760223958792290100, 519.0000000000000000 ) ) ;
#2182 = DIRECTION ( 'NONE',  ( 0.9993263277176739345, 0.03670000994969944974, -3.735976064616147151E-11 ) ) ;
#2183 = AXIS2_PLACEMENT_3D ( 'NONE', #481, #2732, #1365 ) ;
#2184 = CARTESIAN_POINT ( 'NONE',  ( 169.9619622753615431, 3.810404662178886515, 519.0000000000000000 ) ) ;
#2185 = VERTEX_POINT ( 'NONE', #1327 ) ;
#2186 = CARTESIAN_POINT ( 'NONE',  ( 184.3164905812891163, 0.6281822064800001160, 475.9999999963177402 ) ) ;
#2187 = CARTESIAN_POINT ( 'NONE',  ( 184.3164905812243433, -0.1919636142876418317, 473.9999999964294943 ) ) ;
#2188 = CARTESIAN_POINT ( 'NONE',  ( 74.45328372387274385, -2.991546978160558368, 518.9999999999997726 ) ) ;
#2189 = ORIENTED_EDGE ( 'NONE', *, *, #581, .F. ) ;
#2190 = CARTESIAN_POINT ( 'NONE',  ( 55.94980336656773545, 16.91308165445082778, 0.000000000000000000 ) ) ;
#2191 = CARTESIAN_POINT ( 'NONE',  ( 86.69350627748926286, 16.49372675104633501, 0.000000000000000000 ) ) ;
#2192 = CARTESIAN_POINT ( 'NONE',  ( -0.01494820705065468165, -0.4421207249465292644, 0.000000000000000000 ) ) ;
#2193 = CARTESIAN_POINT ( 'NONE',  ( 184.3164905789262491, -0.1919640541041923443, 402.9999999963955020 ) ) ;
#2194 = CARTESIAN_POINT ( 'NONE',  ( 2.280316609713611165, 3.374884095302324916, 0.000000000000000000 ) ) ;
#2195 = CARTESIAN_POINT ( 'NONE',  ( 157.9458327942047617, 6.114485737341657234, 516.9999999963803248 ) ) ;
#2196 = CARTESIAN_POINT ( 'NONE',  ( 135.1010455925363374, 9.411734080789436518, 519.0000000000000000 ) ) ;
#2197 = EDGE_LOOP ( 'NONE', ( #2171, #2433, #1144, #771 ) ) ;
#2198 = DIRECTION ( 'NONE',  ( 0.0005820131939676458045, -0.0001379675327450460376, 0.9999998211127849590 ) ) ;
#2199 = EDGE_CURVE ( 'NONE', #2297, #186, #1895, .T. ) ;
#2200 = PLANE ( 'NONE',  #2398 ) ;
#2201 = CARTESIAN_POINT ( 'NONE',  ( 87.40974187183054767, -3.590499863371654055, 519.0000000000007958 ) ) ;
#2202 = ORIENTED_EDGE ( 'NONE', *, *, #297, .F. ) ;
#2203 = CARTESIAN_POINT ( 'NONE',  ( 157.7336117459075808, 6.193187200090238598, 475.9999999964182962 ) ) ;
#2204 = CARTESIAN_POINT ( 'NONE',  ( 0.2724549242567372298, 0.8921470380263091249, 0.000000000000000000 ) ) ;
#2205 = ADVANCED_BREP_SHAPE_REPRESENTATION ( '\X2\526f7ffc\X0\', ( #1161, #2543, #1417 ), #740 ) ;
#2206 = CARTESIAN_POINT ( 'NONE',  ( 80.74501047614973004, 16.81121638947345787, 0.000000000000000000 ) ) ;
#2207 = CARTESIAN_POINT ( 'NONE',  ( 1.852362163436769960, -2.933864939892795398, 0.000000000000000000 ) ) ;
#2208 = CARTESIAN_POINT ( 'NONE',  ( 184.2949069043636712, -0.1927613878493293631, 516.9999999969074906 ) ) ;
#2209 = CARTESIAN_POINT ( 'NONE',  ( 72.13029010851545308, 3.349873926273364777, 519.0000000000005684 ) ) ;
#2210 = DIRECTION ( 'NONE',  ( 3.236595578333391206E-11, 1.366069433417221728E-10, 1.000000000000000000 ) ) ;
#2211 = VECTOR ( 'NONE', #2688, 1000.000000000000000 ) ;
#2212 = CARTESIAN_POINT ( 'NONE',  ( 152.7264625197187513, 6.998309242436969946, 519.0000000000000000 ) ) ;
#2213 = ORIENTED_EDGE ( 'NONE', *, *, #2233, .T. ) ;
#2214 = CARTESIAN_POINT ( 'NONE',  ( 178.0731956573036143, -0.4212377201715082342, 473.9999999969164719 ) ) ;
#2215 = EDGE_CURVE ( 'NONE', #343, #2245, #1521, .T. ) ;
#2216 = CARTESIAN_POINT ( 'NONE',  ( 7.203233957126673026, -4.529312457451401208, 0.000000000000000000 ) ) ;
#2217 = ORIENTED_EDGE ( 'NONE', *, *, #2393, .F. ) ;
#2218 = CARTESIAN_POINT ( 'NONE',  ( 157.8737950703871604, -0.6627287332552227461, 337.9999999968555926 ) ) ;
#2219 = CARTESIAN_POINT ( 'NONE',  ( 37.30011936909586012, -5.533679482725345267, 0.000000000000000000 ) ) ;
#2220 = CARTESIAN_POINT ( 'NONE',  ( 113.7650004060434696, -2.783004394769736489, 0.000000000000000000 ) ) ;
#2221 = CARTESIAN_POINT ( 'NONE',  ( 186.9297983020004494, -0.09598383612184999136, 516.9999999969073770 ) ) ;
#2222 = CARTESIAN_POINT ( 'NONE',  ( 69.93228481527188478, -1.455631447792919753, 519.0000000000006821 ) ) ;
#2223 = CARTESIAN_POINT ( 'NONE',  ( 184.3164905789909653, -0.1919640424121569211, 404.9999999968401880 ) ) ;
#2224 = CARTESIAN_POINT ( 'NONE',  ( 158.2810770297805618, -1.148108467909053410, 358.8544551855655413 ) ) ;
#2225 = CARTESIAN_POINT ( 'NONE',  ( 164.0856764226742825, 4.977664484794754429, 519.0000000000000000 ) ) ;
#2226 = ORIENTED_EDGE ( 'NONE', *, *, #2718, .T. ) ;
#2227 = CARTESIAN_POINT ( 'NONE',  ( 158.2810770270095588, -1.148108468258792092, 337.9999999969163014 ) ) ;
#2228 = VECTOR ( 'NONE', #2835, 1000.000000000000000 ) ;
#2229 = DIRECTION ( 'NONE',  ( 3.236879089548785614E-11, 1.365470774110677113E-10, 1.000000000000000000 ) ) ;
#2230 = CARTESIAN_POINT ( 'NONE',  ( 71.54059053552671799, -2.405779994950609790, 518.9999999999998863 ) ) ;
#2231 = ORIENTED_EDGE ( 'NONE', *, *, #2808, .T. ) ;
#2232 = CARTESIAN_POINT ( 'NONE',  ( 184.3164905812891163, -0.1919636011267691622, 475.9999999969163582 ) ) ;
#2233 = EDGE_CURVE ( 'NONE', #720, #503, #2660, .T. ) ;
#2234 = CARTESIAN_POINT ( 'NONE',  ( 7.444189030984896149, 7.295727210227484605, 0.000000000000000000 ) ) ;
#2235 = EDGE_CURVE ( 'NONE', #2015, #1942, #1481, .T. ) ;
#2236 = CARTESIAN_POINT ( 'NONE',  ( 123.0900004109218031, -2.440584521422289654, 0.000000000000000000 ) ) ;
#2237 = LINE ( 'NONE', #937, #1392 ) ;
#2238 = CARTESIAN_POINT ( 'NONE',  ( -0.005861087495634559504, 0.04973143691721227527, 0.000000000000000000 ) ) ;
#2239 = CARTESIAN_POINT ( 'NONE',  ( 158.2810770195182499, -1.148108462034351351, 322.5633655619435558 ) ) ;
#2240 = CARTESIAN_POINT ( 'NONE',  ( 69.47036050218268599, 0.5318373661001640773, 519.0000000000000000 ) ) ;
#2241 = ORIENTED_EDGE ( 'NONE', *, *, #2265, .T. ) ;
#2242 = CARTESIAN_POINT ( 'NONE',  ( 158.2810770259535218, -1.148108467350580808, 335.9999999977449079 ) ) ;
#2243 = DIRECTION ( 'NONE',  ( 0.9993263273340851072, 0.03670002039466488397, -3.735660397593116874E-11 ) ) ;
#2244 = CARTESIAN_POINT ( 'NONE',  ( 5.741414752532628896, -4.245057524540873928, 0.000000000000000000 ) ) ;
#2245 = VERTEX_POINT ( 'NONE', #36 ) ;
#2246 = LINE ( 'NONE', #1989, #1165 ) ;
#2247 = CARTESIAN_POINT ( 'NONE',  ( 2.352213067546507386, 3.446428525290371692, 0.000000000000000000 ) ) ;
#2248 = CARTESIAN_POINT ( 'NONE',  ( 130.5499999736578047, -2.166549282852126002, 0.000000000000000000 ) ) ;
#2249 = ADVANCED_FACE ( 'NONE', ( #2052 ), #62, .F. ) ;
#2250 = CARTESIAN_POINT ( 'NONE',  ( 186.8315835579489885, -0.09959118877454824215, 291.9999999969074906 ) ) ;
#2251 = CARTESIAN_POINT ( 'NONE',  ( 78.34410725482320004, -3.358482448414405575, 518.9999999999998863 ) ) ;
#2252 = DIRECTION ( 'NONE',  ( 0.03670001960758588477, -0.9993263273629905408, 1.352672111332488844E-10 ) ) ;
#2253 = CARTESIAN_POINT ( 'NONE',  ( 158.2810770031074981, -1.148108447478842331, 293.9999999974029947 ) ) ;
#2254 = CARTESIAN_POINT ( 'NONE',  ( 90.44685448698673724, 9.498385766952713638, 519.0000000000000000 ) ) ;
#2255 = VERTEX_POINT ( 'NONE', #1632 ) ;
#2256 = CARTESIAN_POINT ( 'NONE',  ( 184.3164905767232824, -0.1919644305036505572, 334.9417820719867791 ) ) ;
#2257 = CARTESIAN_POINT ( 'NONE',  ( 157.7320556258695490, 6.191332688639264781, 478.0582164923944788 ) ) ;
#2258 = CARTESIAN_POINT ( 'NONE',  ( 186.5669588114145654, -0.1093106539179986153, 0.000000000000000000 ) ) ;
#2259 = EDGE_LOOP ( 'NONE', ( #2128, #1077, #1040, #2344 ) ) ;
#2260 = AXIS2_PLACEMENT_3D ( 'NONE', #1853, #1142, #487 ) ;
#2261 = CARTESIAN_POINT ( 'NONE',  ( 157.8203184786180486, 6.296520247560209782, 342.0582171551368447 ) ) ;
#2262 = CARTESIAN_POINT ( 'NONE',  ( 93.24999854246195241, -3.536373740374074259, 0.000000000000000000 ) ) ;
#2263 = CARTESIAN_POINT ( 'NONE',  ( 177.2425152027934416, -0.4517425619990073637, 291.9999999969077749 ) ) ;
#2264 = CARTESIAN_POINT ( 'NONE',  ( 111.7920991393135637, -2.853370238251706770, 519.0000000000012506 ) ) ;
#2265 = EDGE_CURVE ( 'NONE', #1414, #2038, #501, .T. ) ;
#2266 = CARTESIAN_POINT ( 'NONE',  ( 85.74563903503408824, 8.601182563538127823, 519.0000000000000000 ) ) ;
#2267 = ORIENTED_EDGE ( 'NONE', *, *, #2199, .T. ) ;
#2268 = CARTESIAN_POINT ( 'NONE',  ( 184.5679609055902120, 0.5697641997629901978, 0.000000000000000000 ) ) ;
#2269 = LINE ( 'NONE', #1593, #1843 ) ;
#2270 = CARTESIAN_POINT ( 'NONE',  ( 182.5314947306296460, -0.2575301722529238502, 0.000000000000000000 ) ) ;
#2271 = ORIENTED_EDGE ( 'NONE', *, *, #2375, .T. ) ;
#2272 = DIRECTION ( 'NONE',  ( 0.6427876096865260402, -0.7660444431189891157, 8.384255448520785485E-11 ) ) ;
#2273 = VECTOR ( 'NONE', #1748, 1000.000000000000227 ) ;
#2274 = B_SPLINE_CURVE_WITH_KNOTS ( 'NONE', 3,
 ( #1255, #778, #1944, #2156, #1663, #1212, #1896, #1693 ),
 .UNSPECIFIED., .F., .F.,
 ( 4, 1, 1, 1, 1, 4 ),
 ( 0.002795705960439663889, 0.004943539813451817456, 0.008713546543629421826, 0.01625356000398468781, 0.02379357346433984277, 0.02884867120454626815 ),
 .UNSPECIFIED. ) ;
#2275 = CARTESIAN_POINT ( 'NONE',  ( 117.4950002096186807, -2.646052375073284502, 0.000000000000000000 ) ) ;
#2276 = CARTESIAN_POINT ( 'NONE',  ( 160.6503560408360727, -1.061096140885074313, 291.9999999969080022 ) ) ;
#2277 = CARTESIAN_POINT ( 'NONE',  ( 73.39784499682883734, -4.265261773012131385, 0.000000000000000000 ) ) ;
#2278 = B_SPLINE_CURVE_WITH_KNOTS ( 'NONE', 3,
 ( #1651, #814, #1260, #334 ),
 .UNSPECIFIED., .F., .F.,
 ( 4, 4 ),
 ( 1.025735052451182128E-12, 0.003000000001052272047 ),
 .UNSPECIFIED. ) ;
#2279 = CARTESIAN_POINT ( 'NONE',  ( 160.3908099099999163, 5.963801337740230579, 0.000000000000000000 ) ) ;
#2280 = CARTESIAN_POINT ( 'NONE',  ( 99.84913040993087918, 10.43903868355659803, 519.0000000000000000 ) ) ;
#2281 = VERTEX_POINT ( 'NONE', #2461 ) ;
#2282 = DIRECTION ( 'NONE',  ( 0.6427876096865260402, -0.7660444431189891157, 8.384255448520785485E-11 ) ) ;
#2283 = CARTESIAN_POINT ( 'NONE',  ( 161.5236758396627579, -1.029023864156914048, 293.9999999969165287 ) ) ;
#2284 = CARTESIAN_POINT ( 'NONE',  ( 156.7981086161338737, -1.202569804035134249, 518.9999999999993179 ) ) ;
#2285 = ADVANCED_FACE ( 'NONE', ( #1384 ), #284, .T. ) ;
#2286 = VERTEX_POINT ( 'NONE', #2701 ) ;
#2287 = CARTESIAN_POINT ( 'NONE',  ( 155.7483116824156184, -1.241123892014757368, 516.9999999974976390 ) ) ;
#2288 = CARTESIAN_POINT ( 'NONE',  ( 173.4457206968982064, 3.149421175158712671, 0.000000000000000000 ) ) ;
#2289 = DIRECTION ( 'NONE',  ( -3.237103374064737031E-11, -1.365460013478973488E-10, -1.000000000000000000 ) ) ;
#2290 = CARTESIAN_POINT ( 'NONE',  ( 115.0670669981767276, -2.735221934985893721, 0.000000000000000000 ) ) ;
#2291 = CARTESIAN_POINT ( 'NONE',  ( 69.00503864203069782, 17.08583966084117023, 0.000000000000000000 ) ) ;
#2292 = CARTESIAN_POINT ( 'NONE',  ( 69.99266384973873301, 1.310216405420201902, 519.0000000000000000 ) ) ;
#2293 = CARTESIAN_POINT ( 'NONE',  ( 185.5847936301895515, 0.3287217222359261060, 519.0000000000000000 ) ) ;
#2294 = DIRECTION ( 'NONE',  ( 0.6427876096865402511, -0.7660444431189772363, 8.379507715750921749E-11 ) ) ;
#2295 = CARTESIAN_POINT ( 'NONE',  ( 42.27366482432712758, -5.401908077968735178, 0.000000000000000000 ) ) ;
#2296 = CARTESIAN_POINT ( 'NONE',  ( 85.30337629867948124, -3.829177956191696541, 0.000000000000000000 ) ) ;
#2297 = VERTEX_POINT ( 'NONE', #2041 ) ;
#2298 = CARTESIAN_POINT ( 'NONE',  ( 184.3164905784778114, 0.6285037617022699585, 389.1455448072753711 ) ) ;
#2299 = ADVANCED_FACE ( 'NONE', ( #2497 ), #722, .T. ) ;
#2300 = CARTESIAN_POINT ( 'NONE',  ( 159.3235462429845768, -1.109823671660303823, 407.9999999969163582 ) ) ;
#2301 = VECTOR ( 'NONE', #517, 1000.000000000000114 ) ;
#2302 = VECTOR ( 'NONE', #1155, 1000.000000000000000 ) ;
#2303 = CARTESIAN_POINT ( 'NONE',  ( 170.9596986420752103, 3.704328514333952160, 0.000000000000000000 ) ) ;
#2304 = CARTESIAN_POINT ( 'NONE',  ( 170.1405400555693461, 3.795661343548875521, 475.9999999963679329 ) ) ;
#2305 = CARTESIAN_POINT ( 'NONE',  ( 126.7941560222862734, -2.304578809342749945, 519.0000000000003411 ) ) ;
#2306 = CARTESIAN_POINT ( 'NONE',  ( 39.16298597586779806, 15.87654429992619853, 0.000000000000000000 ) ) ;
#2307 = CARTESIAN_POINT ( 'NONE',  ( 144.8925319867348094, -1.639846728409641852, 519.0000000000000000 ) ) ;
#2308 = ORIENTED_EDGE ( 'NONE', *, *, #1012, .T. ) ;
#2309 = CARTESIAN_POINT ( 'NONE',  ( 184.3164905767251298, -0.1919644045918850184, 334.9999999964296649 ) ) ;
#2310 = DIRECTION ( 'NONE',  ( 3.237103374064762881E-11, 1.365460013478974005E-10, 1.000000000000000000 ) ) ;
#2311 = CARTESIAN_POINT ( 'NONE',  ( 134.2799997347833312, -2.029546111950618403, 0.000000000000000000 ) ) ;
#2312 = CARTESIAN_POINT ( 'NONE',  ( 186.9306713219489211, -0.09595177076488752010, 518.9999999999998863 ) ) ;
#2313 = VERTEX_POINT ( 'NONE', #20 ) ;
#2314 = CARTESIAN_POINT ( 'NONE',  ( 184.3164905769536119, 0.6286410060092957330, 342.0582179160890632 ) ) ;
#2315 = LINE ( 'NONE', #331, #310 ) ;
#2316 = VECTOR ( 'NONE', #119, 1000.000000000000114 ) ;
#2317 = CARTESIAN_POINT ( 'NONE',  ( 154.7950002565042951, -1.276143650835164012, 0.000000000000000000 ) ) ;
#2318 = LINE ( 'NONE', #2806, #1955 ) ;
#2319 = CARTESIAN_POINT ( 'NONE',  ( 184.5679609055902120, 0.5697641997629901978, 0.000000000000000000 ) ) ;
#2320 = CARTESIAN_POINT ( 'NONE',  ( 130.5507359734182273, 11.45805107477334062, 0.000000000000000000 ) ) ;
#2321 = CARTESIAN_POINT ( 'NONE',  ( 160.9513251544456125, -1.050048141726204642, 519.0000000000000000 ) ) ;
#2322 = ORIENTED_EDGE ( 'NONE', *, *, #333, .F. ) ;
#2323 = CARTESIAN_POINT ( 'NONE',  ( 80.74501047614973004, 16.81121638947345787, 0.000000000000000000 ) ) ;
#2324 = LINE ( 'NONE', #1456, #1714 ) ;
#2325 = CARTESIAN_POINT ( 'NONE',  ( 156.6599997411017853, -1.207636283983775982, 0.000000000000000000 ) ) ;
#2326 = EDGE_LOOP ( 'NONE', ( #1119, #1206, #2785, #1809, #610 ) ) ;
#2327 = CARTESIAN_POINT ( 'NONE',  ( 155.7483114818866454, -1.241123664037262042, 454.1661353667616936 ) ) ;
#2328 = CARTESIAN_POINT ( 'NONE',  ( 184.3164905753980349, 0.6287623796581117697, 293.9999999963175696 ) ) ;
#2329 = CARTESIAN_POINT ( 'NONE',  ( 2.811851801130159423, 3.896369691959321813, 0.000000000000000000 ) ) ;
#2330 = CARTESIAN_POINT ( 'NONE',  ( 171.5800002550574561, -0.6597136114384350991, 0.000000000000000000 ) ) ;
#2331 = CARTESIAN_POINT ( 'NONE',  ( 179.0956567441492098, 1.845754856061486038, 473.9999999963679329 ) ) ;
#2332 = CARTESIAN_POINT ( 'NONE',  ( 165.5492619388357980, -0.8811842448348465862, 519.0000000000009095 ) ) ;
#2333 = EDGE_CURVE ( 'NONE', #164, #1595, #2269, .T. ) ;
#2334 = CARTESIAN_POINT ( 'NONE',  ( 83.92536418632423079, 16.63888226076240073, 0.000000000000000000 ) ) ;
#2335 = CARTESIAN_POINT ( 'NONE',  ( 136.2756185601679988, -1.956155267288700594, 519.0000000000000000 ) ) ;
#2336 = ORIENTED_EDGE ( 'NONE', *, *, #154, .F. ) ;
#2337 = CARTESIAN_POINT ( 'NONE',  ( 20.10574056168345081, 12.18236301235736008, 0.000000000000000000 ) ) ;
#2338 = LINE ( 'NONE', #586, #1702 ) ;
#2339 = CARTESIAN_POINT ( 'NONE',  ( 70.24833183468540199, -4.379305402671714198, 0.000000000000000000 ) ) ;
#2340 = VERTEX_POINT ( 'NONE', #929 ) ;
#2341 = LINE ( 'NONE', #415, #730 ) ;
#2342 = CARTESIAN_POINT ( 'NONE',  ( 182.3025710430164565, 1.101585877101733280, 514.9999999963713435 ) ) ;
#2343 = CARTESIAN_POINT ( 'NONE',  ( 79.28009213917073339, 6.804649636918277622, 518.9999999999998863 ) ) ;
#2344 = ORIENTED_EDGE ( 'NONE', *, *, #2265, .F. ) ;
#2345 = STYLED_ITEM ( 'NONE', ( #444 ), #1161 ) ;
#2346 = CARTESIAN_POINT ( 'NONE',  ( 187.3164905826809843, -0.08178092353511093315, 0.000000000000000000 ) ) ;
#2347 = CARTESIAN_POINT ( 'NONE',  ( 158.2810766383117027, -1.148107981750703832, 470.9126731111317667 ) ) ;
#2348 = DIRECTION ( 'NONE',  ( -3.237103374064737031E-11, -1.365460013478974005E-10, -1.000000000000000000 ) ) ;
#2349 = CARTESIAN_POINT ( 'NONE',  ( 42.89374309746268921, 16.23802986701625883, 0.000000000000000000 ) ) ;
#2350 = CARTESIAN_POINT ( 'NONE',  ( 84.96568599094962337, -3.579646812029652292, 519.0000000000000000 ) ) ;
#2351 = ORIENTED_EDGE ( 'NONE', *, *, #2858, .T. ) ;
#2352 = CARTESIAN_POINT ( 'NONE',  ( 127.6635136926924332, 10.09967725541201666, 519.0000000000007958 ) ) ;
#2353 = EDGE_CURVE ( 'NONE', #2245, #869, #340, .T. ) ;
#2354 = CARTESIAN_POINT ( 'NONE',  ( 184.3164905789262491, -0.1919640541041923443, 402.9999999963955020 ) ) ;
#2355 = CARTESIAN_POINT ( 'NONE',  ( 185.5675000005096535, -0.1460200138781804213, 0.000000000000000000 ) ) ;
#2356 = VERTEX_POINT ( 'NONE', #1170 ) ;
#2357 = CARTESIAN_POINT ( 'NONE',  ( 157.8737950702900434, -0.6627287336648607363, 334.9999999973499030 ) ) ;
#2358 = EDGE_CURVE ( 'NONE', #1311, #594, #525, .T. ) ;
#2359 = CARTESIAN_POINT ( 'NONE',  ( 184.3164905811272831, -0.1919636018095137731, 470.9999999964296649 ) ) ;
#2360 = VECTOR ( 'NONE', #318, 0.8170411350194761724 ) ;
#2361 = CARTESIAN_POINT ( 'NONE',  ( 24.42589257288653215, 13.32067908522997435, 0.000000000000000000 ) ) ;
#2362 = ORIENTED_EDGE ( 'NONE', *, *, #2618, .F. ) ;
#2363 = CARTESIAN_POINT ( 'NONE',  ( 93.25132541454058810, 16.02160686007308144, 0.000000000000000000 ) ) ;
#2364 = CARTESIAN_POINT ( 'NONE',  ( 158.2810766578537880, -1.148108005760931638, 466.7962372614023252 ) ) ;
#2365 = DIRECTION ( 'NONE',  ( 0.6427876096865403621, -0.7660444431189771253, 8.379189768199575069E-11 ) ) ;
#2366 = CARTESIAN_POINT ( 'NONE',  ( 0.08314008650521180488, 0.4095031063674242078, 0.000000000000000000 ) ) ;
#2367 = CARTESIAN_POINT ( 'NONE',  ( 137.8423302853487371, -1.898665349286776216, 519.0000000000000000 ) ) ;
#2368 = ORIENTED_EDGE ( 'NONE', *, *, #1775, .F. ) ;
#2369 = CARTESIAN_POINT ( 'NONE',  ( 39.08907586378500554, 15.87556044444599834, 0.000000000000000000 ) ) ;
#2370 = CARTESIAN_POINT ( 'NONE',  ( 184.3164905753980349, 0.6287623796581117697, 293.9999999963175696 ) ) ;
#2371 = CARTESIAN_POINT ( 'NONE',  ( 182.1483337301181962, -0.2716108045550064132, 0.000000000000000000 ) ) ;
#2372 = ORIENTED_EDGE ( 'NONE', *, *, #602, .F. ) ;
#2373 = DIRECTION ( 'NONE',  ( 3.236852845993130080E-11, 1.365471248240533046E-10, 1.000000000000000000 ) ) ;
#2374 = LINE ( 'NONE', #2359, #1523 ) ;
#2375 = EDGE_CURVE ( 'NONE', #168, #1104, #1398, .T. ) ;
#2376 = CARTESIAN_POINT ( 'NONE',  ( 69.52746304094233665, 0.6651763674741159038, 519.0000000000001137 ) ) ;
#2377 = ORIENTED_EDGE ( 'NONE', *, *, #658, .T. ) ;
#2378 = CARTESIAN_POINT ( 'NONE',  ( 46.62425439927172022, 16.50923458282414913, 0.000000000000000000 ) ) ;
#2379 = B_SPLINE_CURVE_WITH_KNOTS ( 'NONE', 3,
 ( #1337, #2223, #30, #940 ),
 .UNSPECIFIED., .F., .F.,
 ( 4, 4 ),
 ( 6.328271240363392280E-13, 0.003000000000666969147 ),
 .UNSPECIFIED. ) ;
#2380 = FACE_BOUND ( 'NONE', #819, .T. ) ;
#2381 = CARTESIAN_POINT ( 'NONE',  ( 1.471576558632201603, -2.656021386754295222, 0.000000000000000000 ) ) ;
#2382 = CARTESIAN_POINT ( 'NONE',  ( 185.2353533159015910, -0.1582174069558150986, 519.0000000000000000 ) ) ;
#2383 = VERTEX_POINT ( 'NONE', #970 ) ;
#2384 = CARTESIAN_POINT ( 'NONE',  ( 36.13289284619084185, 15.51048799562106062, 0.000000000000000000 ) ) ;
#2385 = B_SPLINE_CURVE_WITH_KNOTS ( 'NONE', 3,
 ( #2227, #2658, #2674, #2000, #2026, #197, #2643 ),
 .UNSPECIFIED., .F., .F.,
 ( 4, 1, 1, 1, 4 ),
 ( 0.003532486759219650736, 0.004837865281045762404, 0.01388100399937921767, 0.02292414271771254716, 0.02958545146885886018 ),
 .UNSPECIFIED. ) ;
#2386 = CARTESIAN_POINT ( 'NONE',  ( 184.3164905825182132, -0.1919633425648281655, 513.9708910346300854 ) ) ;
#2387 = CARTESIAN_POINT ( 'NONE',  ( 149.2014712549800208, 7.559179746888457174, 519.0000000000000000 ) ) ;
#2388 = ORIENTED_EDGE ( 'NONE', *, *, #1433, .T. ) ;
#2389 = CARTESIAN_POINT ( 'NONE',  ( 157.7477743739849245, 6.210065561197295025, 457.1455434482968485 ) ) ;
#2390 = DIRECTION ( 'NONE',  ( -0.03670000995007255407, 0.9993263277176602788, -1.352659968311491189E-10 ) ) ;
#2391 = CARTESIAN_POINT ( 'NONE',  ( 22.01935212871653746, 12.71238653461005796, 0.000000000000000000 ) ) ;
#2392 = ORIENTED_EDGE ( 'NONE', *, *, #2215, .T. ) ;
#2393 = EDGE_CURVE ( 'NONE', #254, #386, #56, .T. ) ;
#2394 = CARTESIAN_POINT ( 'NONE',  ( 119.3608239838982996, 13.14601217225882124, 0.000000000000000000 ) ) ;
#2395 = CARTESIAN_POINT ( 'NONE',  ( 98.57177095988629389, 15.57764301922063233, 0.000000000000000000 ) ) ;
#2396 = VECTOR ( 'NONE', #1926, 1000.000000000000000 ) ;
#2397 = CARTESIAN_POINT ( 'NONE',  ( 22.37234624683081208, 12.80193350148657139, 0.000000000000000000 ) ) ;
#2398 = AXIS2_PLACEMENT_3D ( 'NONE', #1299, #858, #2854 ) ;
#2399 = FACE_OUTER_BOUND ( 'NONE', #695, .T. ) ;
#2400 = CARTESIAN_POINT ( 'NONE',  ( 73.83728211514979023, -2.883125568502303615, 519.0000000000000000 ) ) ;
#2401 = CARTESIAN_POINT ( 'NONE',  ( 158.2810770270095588, -1.148108468258792092, 337.9999999969163014 ) ) ;
#2402 = CARTESIAN_POINT ( 'NONE',  ( 151.5515196321115070, 7.188830716085512940, 519.0000000000000000 ) ) ;
#2403 = ORIENTED_EDGE ( 'NONE', *, *, #193, .T. ) ;
#2404 = DIRECTION ( 'NONE',  ( 0.6427876096865374755, -0.7660444431189795678, 8.384255443380292248E-11 ) ) ;
#2405 = CARTESIAN_POINT ( 'NONE',  ( 169.8163693766624931, -0.7244768894442639162, 405.9999999969159603 ) ) ;
#2406 = CARTESIAN_POINT ( 'NONE',  ( 79.35064051868548063, -4.048034973760190169, 0.000000000000000000 ) ) ;
#2407 = ORIENTED_EDGE ( 'NONE', *, *, #392, .T. ) ;
#2408 = CARTESIAN_POINT ( 'NONE',  ( 18.63971406477083192, 11.75360401736957883, 0.000000000000000000 ) ) ;
#2409 = CARTESIAN_POINT ( 'NONE',  ( 104.4998822574197703, 14.99257463012792968, 0.000000000000000000 ) ) ;
#2410 = B_SPLINE_CURVE_WITH_KNOTS ( 'NONE', 3,
 ( #1751, #180, #914, #2445, #662, #2851, #618, #442, #1323, #458, #1296, #633, #676, #1504, #2184, #2418, #1339, #2225, #429, #1983, #2627, #647, #2600, #1765, #899, #2212, #2402, #223, #2387, #2656, #5, #1535, #1561, #1310, #239, #399, #2641, #2196, #1072, #207, #1128, #1968, #1548, #1085, #1780, #1739, #2011, #1098, #18, #1998, #1282, #2432, #2170, #1956, #2825, #854, #1113, #2612, #1518, #413, #880, #195, #2838, #868, #2280, #719, #2471, #1603, #71, #1179, #33, #2699, #2254, #1808, #2671, #689, #2266, #1355, #1368, #292, #59, #2483, #2494, #1794, #267, #498, #955, #472, #968, #1575, #1153, #510, #2458, #1139, #2037, #942, #1590, #2292, #45, #484, #2049, #2240, #280, #2685, #1382, #1167, #1615, #927, #1824, #703, #253, #1836, #308, #1851, #2709, #1191, #733, #1394, #2061, #2724, #745, #522, #2074, #1628, #2507, #1407, #87, #2024, #2563, #351, #366, #2548, #1874, #802, #1005, #2350, #1685, #1039, #112, #553, #1247, #818, #2532, #2749, #1920, #2736, #1438, #786, #2577, #1701, #1669, #1231, #1888, #583, #770, #2796, #1424, #2765, #567, #144, #2089, #599, #2133, #1453, #1485, #2335, #2367, #980, #1022, #2118, #2307, #128, #381, #1466, #1655, #2780, #1263, #1904, #1863, #2149, #2321, #757, #1640, #2518, #535, #322, #1204, #100, #991, #337, #1218, #2102, #2413, #1277, #2595, #159, #2382, #1530, #628 ),
 .UNSPECIFIED., .F., .F.,
 ( 4, 1, 1, 1, 1, 1, 1, 1, 1, 1, 1, 1, 1, 1, 1, 1, 1, 1, 1, 1, 1, 1, 1, 1, 1, 1, 1, 1, 1, 1, 1, 1, 1, 1, 1, 1, 1, 1, 1, 1, 1, 1, 1, 1, 1, 1, 1, 1, 1, 1, 1, 1, 1, 1, 1, 1, 1, 1, 1, 1, 1, 1, 1, 1, 1, 1, 1, 1, 1, 1, 1, 1, 1, 1, 1, 1, 1, 1, 1, 1, 1, 1, 1, 1, 1, 1, 1, 1, 1, 1, 1, 1, 1, 1, 1, 1, 1, 1, 1, 1, 1, 1, 1, 1, 1, 1, 1, 1, 1, 1, 1, 1, 1, 1, 1, 1, 1, 1, 1, 1, 1, 1, 1, 1, 1, 1, 1, 1, 1, 1, 1, 1, 1, 1, 1, 1, 1, 1, 1, 1, 1, 1, 1, 1, 1, 1, 1, 1, 1, 1, 1, 1, 1, 1, 1, 1, 1, 1, 1, 1, 1, 1, 1, 1, 1, 1, 1, 1, 1, 1, 1, 1, 1, 1, 1, 1, 1, 1, 1, 1, 1, 1, 1, 1, 1, 1, 1, 1, 1, 1, 1, 1, 1, 1, 1, 1, 4 ),
 ( 0.000000000000000000, 0.007541082358484186947, 0.01005457242472231234, 0.01256744431269664342, 0.01508030713330505909, 0.01759223862063014412, 0.02010415579391899160, 0.02512403019227490986, 0.03014389165204229767, 0.03515785292094190939, 0.04017180779899999499, 0.05018861634104948566, 0.06019502439212026657, 0.07019112304066744967, 0.08516439965241145993, 0.09015198858071628296, 0.09513433338289842278, 0.1050937675239287800, 0.1100708790877491378, 0.1150428350425547336, 0.1200147964111807353, 0.1249817050087147635, 0.1349105930250104890, 0.1398725763053449977, 0.1448297689298276569, 0.1497869349841448317, 0.1547393953712030146, 0.1596918564957973963, 0.1646394355077178129, 0.1695870045325187370, 0.1745294829934305181, 0.1844092164523681299, 0.1893464719892944959, 0.1992103785558749507, 0.2041370511378983732, 0.2139854145339817049, 0.2189071229036504140, 0.2238242012324627439, 0.2287412778734525809, 0.2336541330764510538, 0.2385669632939287632, 0.2483849371397243988, 0.2581959108766988531, 0.2630981236145729096, 0.2680003254353096054, 0.2728995100449082001, 0.2777986747213476160, 0.2826951940546270636, 0.2875917063246218319, 0.2924860631094937102, 0.2973804326390905861, 0.3071661741720163041, 0.3120583576282385252, 0.3169505469398637421, 0.3218427490261219215, 0.3267349488018431725, 0.3316276876956982811, 0.3365204417878524534, 0.3414141105547633948, 0.3463077809144370356, 0.3512027235858669050, 0.3560976378871105186, 0.3609949257513951348, 0.3658921867222564295, 0.3707939341935646005, 0.3756956843527919365, 0.3806052380776939192, 0.3855148200083032828, 0.3904372033518798135, 0.3953595348030058410, 0.4003012483294876578, 0.4052429884520616921, 0.4102094991510428224, 0.4151760003021921497, 0.4201717130615482687, 0.4251673962931984407, 0.4301994693558904292, 0.4352315924189654739, 0.4403136625792506975, 0.4453955687244731676, 0.4505447392854423083, 0.4556943742191915114, 0.4609352001239701013, 0.4661752236368338354, 0.4688558995627764014, 0.4715365458776992202, 0.4742878236812075321, 0.4770392569342619682, 0.4799060564023177045, 0.4827728139695170451, 0.4858538841006949105, 0.4889343143068846098, 0.4916193520804431616, 0.4943049103649858056, 0.4957100975466200432, 0.4971153668954162996, 0.4986467582829344214, 0.5001775813167267382, 0.5010849404977270050, 0.5019920023862676217, 0.5025558649890720098, 0.5031194903398201745, 0.5034804290636593072, 0.5038414526865889753, 0.5044269223427354509, 0.5050129009974141381, 0.5061682757652695708, 0.5073235069872933378, 0.5076580746689920431, 0.5079922781127018672, 0.5085109648004720873, 0.5090300004263547118, 0.5098526054286940390, 0.5106756002688621621, 0.5120216574410966226, 0.5133689093139228721, 0.5145490573390292255, 0.5157279886934792446, 0.5178454967361779682, 0.5199679029418199372, 0.5224806839939261094, 0.5249927929493788392, 0.5274835438728434633, 0.5299739229326682066, 0.5324482833303607610, 0.5349228304471892459, 0.5373832951691674964, 0.5398437417958841245, 0.5447465455671146595, 0.5496500262929494562, 0.5545474768899836260, 0.5594446108356625480, 0.5643387911202782936, 0.5692330735290141996, 0.5741256743479795643, 0.5839103732904274979, 0.5888025099571129184, 0.5936948870921310295, 0.6034802570695237955, 0.6083732629279983151, 0.6132670174491504644, 0.6181607888084421631, 0.6328448977697437305, 0.6377400048144529210, 0.6475310188594384231, 0.6573223070325384665, 0.6720088366686755021, 0.6866949943413086510, 0.6964856408231802076, 0.7013809593034652234, 0.7111716334332569556, 0.7160669967857112850, 0.7209623754845436716, 0.7258577676409336821, 0.7307531674997088667, 0.7356485760344052549, 0.7454394056501415511, 0.7503348219063126212, 0.7552302362312728334, 0.7601256438014164507, 0.7699164473735281566, 0.7748118433799877636, 0.7797072374611319079, 0.7846026286553553497, 0.7894980198495789026, 0.7943934100817763300, 0.8041841905461709628, 0.8090795817403945156, 0.8139749748590914269, 0.8286611590276989903, 0.8335565540714305888, 0.8433473489730952677, 0.8482427449795548746, 0.8580335369924741995, 0.8629289329989339175, 0.8678243280426656270, 0.8727197240491252339, 0.8776151190928569434, 0.8874059091803203625, 0.8923013042240519610, 0.8971967002305117900, 0.9020920952742434995, 0.9118828853617069186, 0.9167782804054386281, 0.9216736764118982350, 0.9363598615430933636, 0.9412552575495530816, 0.9461506525932847911, 0.9559414426807482101, 0.9608368377244799197, 0.9657322337309395266, 0.9755230238184029457, 0.9804184188621346552, 0.9853138129432787995, 0.9877615099838508161, 0.9926569059903105341, 1.000000000000000000 ),
 .UNSPECIFIED. ) ;
#2411 = CARTESIAN_POINT ( 'NONE',  ( 5.592311077551358700, -4.215562825217257448, 0.000000000000000000 ) ) ;
#2412 = EDGE_CURVE ( 'NONE', #485, #1984, #1797, .T. ) ;
#2413 = CARTESIAN_POINT ( 'NONE',  ( 180.5352189181085976, -0.3308259589426429947, 519.0000000000000000 ) ) ;
#2414 = FACE_OUTER_BOUND ( 'NONE', #568, .T. ) ;
#2415 = CARTESIAN_POINT ( 'NONE',  ( 7.203233957126673026, -4.529312457451401208, 0.000000000000000000 ) ) ;
#2416 = CARTESIAN_POINT ( 'NONE',  ( 158.2810769731823086, -1.148108394184026881, 394.6798014116729973 ) ) ;
#2417 = VECTOR ( 'NONE', #2032, 1000.000000000000000 ) ;
#2418 = CARTESIAN_POINT ( 'NONE',  ( 167.6112923927607312, 4.286883582668801651, 519.0000000000000000 ) ) ;
#2419 = ORIENTED_EDGE ( 'NONE', *, *, #2450, .F. ) ;
#2420 = CARTESIAN_POINT ( 'NONE',  ( 184.3164905812891163, -0.08178092940663561627, 475.9999999964146582 ) ) ;
#2421 = LINE ( 'NONE', #446, #2068 ) ;
#2422 = CARTESIAN_POINT ( 'NONE',  ( 16.83547113299177767, -5.407696804887157427, 0.000000000000000000 ) ) ;
#2423 = ORIENTED_EDGE ( 'NONE', *, *, #193, .F. ) ;
#2424 = CARTESIAN_POINT ( 'NONE',  ( 158.2810765156448554, -1.148107828382034512, 511.9126731111316531 ) ) ;
#2425 = CARTESIAN_POINT ( 'NONE',  ( 10.25103038501368502, 8.689720862495859066, 0.000000000000000000 ) ) ;
#2426 = CARTESIAN_POINT ( 'NONE',  ( 110.4191829968815171, 14.32427872526388057, 0.000000000000000000 ) ) ;
#2427 = CARTESIAN_POINT ( 'NONE',  ( 1.859553056830957063, 2.951368546119584213, 0.000000000000000000 ) ) ;
#2428 = FACE_OUTER_BOUND ( 'NONE', #414, .T. ) ;
#2429 = CARTESIAN_POINT ( 'NONE',  ( 76.64146803727241775, 5.825206769273492569, 519.0000000000000000 ) ) ;
#2430 = EDGE_CURVE ( 'NONE', #2003, #1183, #255, .T. ) ;
#2431 = CARTESIAN_POINT ( 'NONE',  ( 1.550329613412787728E-08, 6.543455181028903100E-08, 479.0000000023690063 ) ) ;
#2432 = CARTESIAN_POINT ( 'NONE',  ( 115.9085994833035613, 10.69458373241882043, 519.0000000000000000 ) ) ;
#2433 = ORIENTED_EDGE ( 'NONE', *, *, #2199, .F. ) ;
#2434 = DIRECTION ( 'NONE',  ( -0.03670001960757906384, 0.9993263273629907628, -1.352672111332491170E-10 ) ) ;
#2435 = FACE_OUTER_BOUND ( 'NONE', #1027, .T. ) ;
#2436 = CARTESIAN_POINT ( 'NONE',  ( 100.5408841733914613, -3.273789429513953131, 518.9999999999995453 ) ) ;
#2437 = EDGE_LOOP ( 'NONE', ( #138, #992, #919, #886 ) ) ;
#2438 = CARTESIAN_POINT ( 'NONE',  ( 158.2810765139451803, -1.148107825815798844, 514.9999999974029379 ) ) ;
#2439 = CARTESIAN_POINT ( 'NONE',  ( 7.457378027516017305, -4.576319088549287706, 0.000000000000000000 ) ) ;
#2440 = CARTESIAN_POINT ( 'NONE',  ( 128.6850000630433328, -2.235051716169505376, 0.000000000000000000 ) ) ;
#2441 = FACE_OUTER_BOUND ( 'NONE', #2451, .T. ) ;
#2442 = CARTESIAN_POINT ( 'NONE',  ( 71.54059053552671799, -2.405779994950609790, 518.9999999999998863 ) ) ;
#2443 = PLANE ( 'NONE',  #1286 ) ;
#2444 = CARTESIAN_POINT ( 'NONE',  ( 184.3164905790880539, -0.08178093869183689080, 407.9999999964146014 ) ) ;
#2445 = CARTESIAN_POINT ( 'NONE',  ( 184.4520587593883931, 0.5964938383415401280, 519.0000000000000000 ) ) ;
#2446 = ORIENTED_EDGE ( 'NONE', *, *, #1645, .F. ) ;
#2447 = CARTESIAN_POINT ( 'NONE',  ( 184.3164905793212256, -0.1919639822156654352, 415.2037627282583685 ) ) ;
#2448 = CARTESIAN_POINT ( 'NONE',  ( 154.9273051578916238, 2.848761229320553756, 473.9999999969658120 ) ) ;
#2449 = CARTESIAN_POINT ( 'NONE',  ( 0.5108284000138234582, -1.702787476244044251, 0.000000000000000000 ) ) ;
#2450 = EDGE_CURVE ( 'NONE', #1680, #1893, #2338, .T. ) ;
#2451 = EDGE_LOOP ( 'NONE', ( #2856, #1059, #2075, #2308, #1013, #38 ) ) ;
#2452 = CARTESIAN_POINT ( 'NONE',  ( 157.8208882578035457, 6.297199283853182727, 341.0291085744485144 ) ) ;
#2453 = CARTESIAN_POINT ( 'NONE',  ( 18.64951430455423420, -5.481997777100042768, 0.000000000000000000 ) ) ;
#2454 = CARTESIAN_POINT ( 'NONE',  ( 61.54498758858610330, -4.697057563393483903, 0.000000000000000000 ) ) ;
#2455 = PLANE ( 'NONE',  #2687 ) ;
#2456 = CARTESIAN_POINT ( 'NONE',  ( 74.09460925080537663, 4.628644425345608937, 519.0000000000005684 ) ) ;
#2457 = CARTESIAN_POINT ( 'NONE',  ( 184.3164905812891163, 37.87342867096953825, 475.9999999912319595 ) ) ;
#2458 = CARTESIAN_POINT ( 'NONE',  ( 71.66837600708662137, 2.976915856873215915, 519.0000000000000000 ) ) ;
#2459 = ORIENTED_EDGE ( 'NONE', *, *, #2842, .T. ) ;
#2460 = VECTOR ( 'NONE', #468, 1000.000000000000227 ) ;
#2461 = CARTESIAN_POINT ( 'NONE',  ( 154.9273051592187471, 2.848761234918983920, 514.9999999969658120 ) ) ;
#2462 = CARTESIAN_POINT ( 'NONE',  ( 67.44498881865496287, -4.480818540547657491, 0.000000000000000000 ) ) ;
#2463 = ORIENTED_EDGE ( 'NONE', *, *, #563, .F. ) ;
#2464 = LINE ( 'NONE', #476, #2417 ) ;
#2465 = EDGE_CURVE ( 'NONE', #443, #2383, #933, .T. ) ;
#2466 = CARTESIAN_POINT ( 'NONE',  ( 157.8737949795927307, -0.6627286136676949768, 402.9999999973497324 ) ) ;
#2467 = CARTESIAN_POINT ( 'NONE',  ( 3.761120103131833758, 4.772947774574916480, 0.000000000000000000 ) ) ;
#2468 = CARTESIAN_POINT ( 'NONE',  ( 41.03011757523570679, -5.436263347101372823, 0.000000000000000000 ) ) ;
#2469 = LINE ( 'NONE', #564, #2134 ) ;
#2470 = CARTESIAN_POINT ( 'NONE',  ( 25.76715289772003814, -5.642793565112111942, 0.000000000000000000 ) ) ;
#2471 = CARTESIAN_POINT ( 'NONE',  ( 97.49873316250726418, 10.29222175366252756, 519.0000000000000000 ) ) ;
#2472 = ORIENTED_EDGE ( 'NONE', *, *, #2792, .T. ) ;
#2473 = CARTESIAN_POINT ( 'NONE',  ( 157.8737949795927307, -0.6627286136676852069, 402.9999999973497893 ) ) ;
#2474 = DIRECTION ( 'NONE',  ( 0.9993263273629904297, 0.03670001960758587090, -3.735976049521140763E-11 ) ) ;
#2475 = CARTESIAN_POINT ( 'NONE',  ( 130.5446394409806032, -2.166538803071555552, 519.0000000000001137 ) ) ;
#2476 = VERTEX_POINT ( 'NONE', #1250 ) ;
#2477 = CARTESIAN_POINT ( 'NONE',  ( 157.8214561407654344, 6.297876060314871793, 339.9999999964011295 ) ) ;
#2478 = CARTESIAN_POINT ( 'NONE',  ( 16.78460250266593690, -5.402415139756741702, 0.000000000000000000 ) ) ;
#2479 = EDGE_CURVE ( 'NONE', #1017, #720, #1909, .T. ) ;
#2480 = CARTESIAN_POINT ( 'NONE',  ( 35.43509374662938427, -5.573258797989239177, 0.000000000000000000 ) ) ;
#2481 = CARTESIAN_POINT ( 'NONE',  ( 178.0909447138895700, -0.4205858976477620526, 475.9999999969165856 ) ) ;
#2482 = CARTESIAN_POINT ( 'NONE',  ( 145.5466264722265350, -1.615831650292000043, 519.0000000000007958 ) ) ;
#2483 = CARTESIAN_POINT ( 'NONE',  ( 79.86836803730909651, 7.003607424185073427, 519.0000000000000000 ) ) ;
#2484 = CARTESIAN_POINT ( 'NONE',  ( 180.7040290666257931, 1.486459005793488553, 0.000000000000000000 ) ) ;
#2485 = DIRECTION ( 'NONE',  ( 3.236879089548786260E-11, 1.365470774110677113E-10, 1.000000000000000000 ) ) ;
#2486 = CARTESIAN_POINT ( 'NONE',  ( 121.0198118588053120, -2.516610127583926992, 0.000000000000000000 ) ) ;
#2487 = ORIENTED_EDGE ( 'NONE', *, *, #797, .F. ) ;
#2488 = CARTESIAN_POINT ( 'NONE',  ( 184.3164905779321998, 0.6285557076774589413, 372.2910896174718118 ) ) ;
#2489 = B_SPLINE_CURVE_WITH_KNOTS ( 'NONE', 3,
 ( #2503, #2707, #754, #2035, #714, #2481, #519, #1820 ),
 .UNSPECIFIED., .F., .F.,
 ( 4, 1, 1, 1, 1, 4 ),
 ( 0.003532486340075095734, 0.004498416486677477705, 0.008434021755869974130, 0.01630523229425502596, 0.02417644283263995983, 0.02958545147691869770 ),
 .UNSPECIFIED. ) ;
#2490 = CARTESIAN_POINT ( 'NONE',  ( 72.73500207344352475, -4.289080427001710660, 0.000000000000000000 ) ) ;
#2491 = CARTESIAN_POINT ( 'NONE',  ( 157.8737950702900434, -0.6627287336648607363, 334.9999999973499030 ) ) ;
#2492 = CARTESIAN_POINT ( 'NONE',  ( 123.0436795168392479, -2.442806501860487867, 518.9999999999994316 ) ) ;
#2493 = ADVANCED_FACE ( 'NONE', ( #1208 ), #131, .T. ) ;
#2494 = CARTESIAN_POINT ( 'NONE',  ( 78.69060188525959632, 6.602342933046919882, 519.0000000000000000 ) ) ;
#2495 = VERTEX_POINT ( 'NONE', #822 ) ;
#2496 = FACE_OUTER_BOUND ( 'NONE', #1925, .T. ) ;
#2497 = FACE_OUTER_BOUND ( 'NONE', #2737, .T. ) ;
#2498 = CARTESIAN_POINT ( 'NONE',  ( 187.1123679370108448, -0.08927819265133241089, 0.000000000000000000 ) ) ;
#2499 = EDGE_LOOP ( 'NONE', ( #882, #997, #2725, #1582, #1272 ) ) ;
#2500 = LINE ( 'NONE', #1622, #169 ) ;
#2501 = VECTOR ( 'NONE', #1637, 1000.000000000000114 ) ;
#2502 = CARTESIAN_POINT ( 'NONE',  ( 182.7699999714590717, -0.2487692228218772450, 0.000000000000000000 ) ) ;
#2503 = CARTESIAN_POINT ( 'NONE',  ( 158.2810766149265760, -1.148107952990518710, 475.9999999974029947 ) ) ;
#2504 = CARTESIAN_POINT ( 'NONE',  ( 56.53169983454674963, -4.883681907971684666, 0.000000000000000000 ) ) ;
#2505 = TRIMMED_CURVE ( 'NONE', #1000, ( PARAMETER_VALUE ( 0.000000000000000000 ), #2346 ), ( PARAMETER_VALUE ( 0.9999999999999938938 ), #124 ), .T., .PARAMETER. ) ;
#2506 = CARTESIAN_POINT ( 'NONE',  ( 126.8207659510598120, 12.04586483901193361, 0.000000000000000000 ) ) ;
#2507 = CARTESIAN_POINT ( 'NONE',  ( 73.99718425074274819, -2.913541516068975490, 519.0000000000000000 ) ) ;
#2508 = CARTESIAN_POINT ( 'NONE',  ( 179.4939288077652009, 1.752396505201057053, 519.0000000000002274 ) ) ;
#2509 = ADVANCED_FACE ( 'NONE', ( #1642 ), #1472, .T. ) ;
#2510 = DIRECTION ( 'NONE',  ( 0.9993263277176739345, 0.03670000994969944974, 0.000000000000000000 ) ) ;
#2511 = CARTESIAN_POINT ( 'NONE',  ( 160.5486028406783987, -1.064832870828584133, 518.9999999999997726 ) ) ;
#2512 = ORIENTED_EDGE ( 'NONE', *, *, #1121, .F. ) ;
#2513 = DIRECTION ( 'NONE',  ( 0.03670002039467185062, -0.9993263273340849961, 1.352690653793184412E-10 ) ) ;
#2514 = CARTESIAN_POINT ( 'NONE',  ( 183.7025000076448578, -0.2145202081727125010, 0.000000000000000000 ) ) ;
#2515 = CARTESIAN_POINT ( 'NONE',  ( 184.3164905768222468, 0.3083726590290671865, 337.9999999963955020 ) ) ;
#2516 = CARTESIAN_POINT ( 'NONE',  ( 85.30337629867948124, -3.829177956191696541, 0.000000000000000000 ) ) ;
#2517 = CARTESIAN_POINT ( 'NONE',  ( 89.52051866564437432, 16.29359108807356193, 0.000000000000000000 ) ) ;
#2518 = CARTESIAN_POINT ( 'NONE',  ( 165.2597815883951569, -0.8918148597049952997, 519.0000000000000000 ) ) ;
#2519 = CARTESIAN_POINT ( 'NONE',  ( 184.3164905753980349, -0.1919646382104054638, 293.9999999964296649 ) ) ;
#2520 = CARTESIAN_POINT ( 'NONE',  ( 184.3164905785237124, -0.1919641259914589559, 390.5633655605772674 ) ) ;
#2521 = CARTESIAN_POINT ( 'NONE',  ( 54.08499964239319979, -4.977437366840860911, 0.000000000000000000 ) ) ;
#2522 = CARTESIAN_POINT ( 'NONE',  ( 126.7941560222862734, -2.304578809342749945, 519.0000000000003411 ) ) ;
#2523 = EDGE_LOOP ( 'NONE', ( #271, #434, #1278, #803, #2826 ) ) ;
#2524 = CARTESIAN_POINT ( 'NONE',  ( 184.3164905769203017, 0.6286438076862063129, 341.0291089536605682 ) ) ;
#2525 = VECTOR ( 'NONE', #739, 1000.000000000000000 ) ;
#2526 = CARTESIAN_POINT ( 'NONE',  ( 157.8456345169163626, 6.326690722555857960, 293.9999999963964115 ) ) ;
#2527 = AXIS2_PLACEMENT_3D ( 'NONE', #560, #166, #1240 ) ;
#2528 = CARTESIAN_POINT ( 'NONE',  ( 181.8375943944955111, 1.214548603549969297, 0.000000000000000000 ) ) ;
#2529 = CARTESIAN_POINT ( 'NONE',  ( 183.8568143222926778, 0.7365716087488101138, 473.9999999963677624 ) ) ;
#2530 = FACE_BOUND ( 'NONE', #2437, .T. ) ;
#2531 = CARTESIAN_POINT ( 'NONE',  ( 143.6056394855133647, 9.224512873663096357, 0.000000000000000000 ) ) ;
#2532 = CARTESIAN_POINT ( 'NONE',  ( 95.93300619948259111, -3.433699601290280068, 519.0000000000000000 ) ) ;
#2533 = ORIENTED_EDGE ( 'NONE', *, *, #176, .T. ) ;
#2534 = CARTESIAN_POINT ( 'NONE',  ( 184.3164905754980225, 0.6287551344971665790, 297.0873268785205710 ) ) ;
#2535 = CARTESIAN_POINT ( 'NONE',  ( 184.3164905796336654, 0.6283833247597180316, 424.8544551810749681 ) ) ;
#2536 = CARTESIAN_POINT ( 'NONE',  ( 186.8020649017047674, 0.04016483769607302745, 519.0000000000000000 ) ) ;
#2537 = VECTOR ( 'NONE', #2023, 1000.000000000000114 ) ;
#2538 = VERTEX_POINT ( 'NONE', #774 ) ;
#2539 = CARTESIAN_POINT ( 'NONE',  ( 184.3164905772533757, 0.6286154381269746239, 351.3201985779450069 ) ) ;
#2540 = CARTESIAN_POINT ( 'NONE',  ( 0.2369446460218252726, -6.451904120510756790, 406.0000000032432581 ) ) ;
#2541 = CARTESIAN_POINT ( 'NONE',  ( 71.76543391621295598, 3.054852319014812245, 518.9999999999987494 ) ) ;
#2542 = EDGE_CURVE ( 'NONE', #1360, #101, #1025, .T. ) ;
#2543 = GEOMETRIC_CURVE_SET ( 'NONE', ( #716, #2505, #2575, #233, #295, #1997, #2410 ) ) ;
#2544 = CARTESIAN_POINT ( 'NONE',  ( 186.5000000000000284, -0.1117700000000000082, 0.000000000000000000 ) ) ;
#2545 = DIRECTION ( 'NONE',  ( 3.237103374064762881E-11, 1.365460013478974005E-10, 1.000000000000000000 ) ) ;
#2546 = CARTESIAN_POINT ( 'NONE',  ( 144.8307883243990091, -1.642073391034677199, 0.000000000000000000 ) ) ;
#2547 = CARTESIAN_POINT ( 'NONE',  ( 104.4407309121194629, 14.98621798130561800, 0.000000000000000000 ) ) ;
#2548 = CARTESIAN_POINT ( 'NONE',  ( 79.87375393081433117, -3.434019072954896057, 519.0000000000000000 ) ) ;
#2549 = VERTEX_POINT ( 'NONE', #1878 ) ;
#2550 = CARTESIAN_POINT ( 'NONE',  ( 22.01935212871653746, 12.71238653461005796, 0.000000000000000000 ) ) ;
#2551 = CARTESIAN_POINT ( 'NONE',  ( 184.3164905769841084, -0.1919643880358186394, 342.9999999963955020 ) ) ;
#2552 = CARTESIAN_POINT ( 'NONE',  ( 87.65500059961293289, -3.742506279199127484, 0.000000000000000000 ) ) ;
#2553 = ORIENTED_EDGE ( 'NONE', *, *, #462, .F. ) ;
#2554 = CARTESIAN_POINT ( 'NONE',  ( 184.3164905769841084, -0.1919643880358186394, 342.9999999963955020 ) ) ;
#2555 = CARTESIAN_POINT ( 'NONE',  ( 166.7680304925008272, 4.557644608557512633, 293.9999999963567916 ) ) ;
#2556 = CARTESIAN_POINT ( 'NONE',  ( 33.18698623854006513, 15.07032967291207015, 0.000000000000000000 ) ) ;
#2557 = ORIENTED_EDGE ( 'NONE', *, *, #2842, .F. ) ;
#2558 = CARTESIAN_POINT ( 'NONE',  ( 186.5000000000000284, -0.1117700000000000082, 0.000000000000000000 ) ) ;
#2559 = EDGE_CURVE ( 'NONE', #101, #1017, #1402, .T. ) ;
#2560 = CARTESIAN_POINT ( 'NONE',  ( 157.8214561407654344, 6.297876060314871793, 339.9999999964011295 ) ) ;
#2561 = CARTESIAN_POINT ( 'NONE',  ( 184.3164905789262207, 0.3083730379156788826, 402.9999999963612822 ) ) ;
#2562 = CARTESIAN_POINT ( 'NONE',  ( 48.48929257520501324, 16.61674414810286393, 0.000000000000000000 ) ) ;
#2563 = CARTESIAN_POINT ( 'NONE',  ( 76.54338808094107094, -3.238463603193657558, 519.0000000000000000 ) ) ;
#2564 = ORIENTED_EDGE ( 'NONE', *, *, #154, .T. ) ;
#2565 = CARTESIAN_POINT ( 'NONE',  ( 15.84230355733726192, 10.84825986389148689, 0.000000000000000000 ) ) ;
#2566 = CARTESIAN_POINT ( 'NONE',  ( 158.2810769331593974, -1.148108345029575705, 402.9999999974028810 ) ) ;
#2567 = CARTESIAN_POINT ( 'NONE',  ( 176.5533334202750098, -0.4770623676648457212, 0.000000000000000000 ) ) ;
#2568 = ORIENTED_EDGE ( 'NONE', *, *, #508, .F. ) ;
#2569 = CARTESIAN_POINT ( 'NONE',  ( 184.3164905822972912, 0.6280433490798938978, 507.1455448072390482 ) ) ;
#2570 = DIRECTION ( 'NONE',  ( 0.000000000000000000, -1.000000000000000000, 1.364654370235560788E-10 ) ) ;
#2571 = CARTESIAN_POINT ( 'NONE',  ( 18.67712515893349945, 11.76179189382900070, 0.000000000000000000 ) ) ;
#2572 = CARTESIAN_POINT ( 'NONE',  ( 65.27496020676093735, 17.08393238232035571, 0.000000000000000000 ) ) ;
#2573 = CARTESIAN_POINT ( 'NONE',  ( 158.6291791591383742, 6.145361061174845041, 339.9999999963595769 ) ) ;
#2574 = CARTESIAN_POINT ( 'NONE',  ( 184.3017286149109566, -0.1925108316230077776, 519.0000000000000000 ) ) ;
#2575 = TRIMMED_CURVE ( 'NONE', #2114, ( PARAMETER_VALUE ( 0.000000000000000000 ), #1883 ), ( PARAMETER_VALUE ( 0.9999999999999925615 ), #1018 ), .T., .PARAMETER. ) ;
#2576 = CARTESIAN_POINT ( 'NONE',  ( 0.1356412032321439864, -0.9912452172076186008, 0.000000000000000000 ) ) ;
#2577 = CARTESIAN_POINT ( 'NONE',  ( 111.2082162492532262, -2.874698288513122701, 519.0000000000000000 ) ) ;
#2578 = ORIENTED_EDGE ( 'NONE', *, *, #1346, .T. ) ;
#2579 = CARTESIAN_POINT ( 'NONE',  ( 161.3201304291503391, 5.788540652017673871, 0.000000000000000000 ) ) ;
#2580 = EDGE_CURVE ( 'NONE', #503, #1988, #2324, .T. ) ;
#2581 = DIRECTION ( 'NONE',  ( 0.000000000000000000, -1.000000000000000000, 1.365471248240531236E-10 ) ) ;
#2582 = DIRECTION ( 'NONE',  ( -0.9730344131650560113, 0.2306599895875640904, 0.000000000000000000 ) ) ;
#2583 = CARTESIAN_POINT ( 'NONE',  ( 106.3049997505705448, -3.056766536985469518, 0.000000000000000000 ) ) ;
#2584 = ORIENTED_EDGE ( 'NONE', *, *, #2105, .T. ) ;
#2585 = LINE ( 'NONE', #573, #311 ) ;
#2586 = CARTESIAN_POINT ( 'NONE',  ( 165.9369073050997940, 4.632350386648356633, 514.9999999963722530 ) ) ;
#2587 = AXIS2_PLACEMENT_3D ( 'NONE', #982, #2121, #2582 ) ;
#2588 = CARTESIAN_POINT ( 'NONE',  ( 0.3618704783484876786, 1.104453914242464529, 0.000000000000000000 ) ) ;
#2589 = ORIENTED_EDGE ( 'NONE', *, *, #2393, .T. ) ;
#2590 = CARTESIAN_POINT ( 'NONE',  ( 52.21962783935892105, 16.78711222807805115, 0.000000000000000000 ) ) ;
#2591 = CARTESIAN_POINT ( 'NONE',  ( 157.7930236414783849, 6.263991531832505011, 389.1455437397972901 ) ) ;
#2592 = DIRECTION ( 'NONE',  ( -0.9993263277176602788, -0.03670000995007255407, 0.000000000000000000 ) ) ;
#2593 = AXIS2_PLACEMENT_3D ( 'NONE', #426, #1306, #2624 ) ;
#2594 = CARTESIAN_POINT ( 'NONE',  ( 2.352213067546507386, 3.446428525290371692, 0.000000000000000000 ) ) ;
#2595 = CARTESIAN_POINT ( 'NONE',  ( 183.0811250181839966, -0.2373328996044357930, 519.0000000000000000 ) ) ;
#2596 = CARTESIAN_POINT ( 'NONE',  ( 0.2369445297730161659, -6.451902722377443666, 340.0000000032432581 ) ) ;
#2597 = CARTESIAN_POINT ( 'NONE',  ( 95.79391594411373489, 10.15838016769554741, 519.0000000000000000 ) ) ;
#2598 = DIRECTION ( 'NONE',  ( 3.237103374064762881E-11, 1.365460013478974005E-10, 1.000000000000000000 ) ) ;
#2599 = CARTESIAN_POINT ( 'NONE',  ( 174.3619484001163471, 2.905957771993707528, 405.9999999963631581 ) ) ;
#2600 = CARTESIAN_POINT ( 'NONE',  ( 157.0354280434079897, 6.270330862776947178, 519.0000000000000000 ) ) ;
#2601 = EDGE_CURVE ( 'NONE', #1893, #2538, #116, .T. ) ;
#2602 = VERTEX_POINT ( 'NONE', #2370 ) ;
#2603 = LINE ( 'NONE', #401, #495 ) ;
#2604 = CARTESIAN_POINT ( 'NONE',  ( 184.3164905768222468, 0.6286519955889912081, 337.9999999963175696 ) ) ;
#2605 = CARTESIAN_POINT ( 'NONE',  ( -0.01967624726082713507, -0.3235909649903231378, 0.000000000000000000 ) ) ;
#2606 = CARTESIAN_POINT ( 'NONE',  ( 115.0096692469210637, 13.73735663189891376, 0.000000000000000000 ) ) ;
#2607 = CARTESIAN_POINT ( 'NONE',  ( 128.1172092340751760, 11.85294538704668632, 0.000000000000000000 ) ) ;
#2608 = CARTESIAN_POINT ( 'NONE',  ( 1.478754074613835456, 2.552015450303059207, 0.000000000000000000 ) ) ;
#2609 = DIRECTION ( 'NONE',  ( 0.000000000000000000, -1.000000000000000000, 1.364977322153203897E-10 ) ) ;
#2610 = CARTESIAN_POINT ( 'NONE',  ( 33.18698623854006513, 15.07032967291207015, 0.000000000000000000 ) ) ;
#2611 = CARTESIAN_POINT ( 'NONE',  ( 161.0570776220877462, 5.554185420519607952, 516.9999999963808932 ) ) ;
#2612 = CARTESIAN_POINT ( 'NONE',  ( 108.0747507878562743, 10.70710165550499937, 519.0000000000000000 ) ) ;
#2613 = VERTEX_POINT ( 'NONE', #761 ) ;
#2614 = CARTESIAN_POINT ( 'NONE',  ( 184.3164905813224550, 0.6281778391339137846, 477.0291089536550544 ) ) ;
#2615 = CARTESIAN_POINT ( 'NONE',  ( 184.3164905811272831, 0.3083734615938455992, 470.9999999963613391 ) ) ;
#2616 = CARTESIAN_POINT ( 'NONE',  ( 69.93228481527188478, -1.455631447792919753, 519.0000000000006821 ) ) ;
#2617 = ORIENTED_EDGE ( 'NONE', *, *, #1088, .F. ) ;
#2618 = EDGE_CURVE ( 'NONE', #196, #404, #369, .T. ) ;
#2619 = CARTESIAN_POINT ( 'NONE',  ( 102.5755606254276557, 15.17910804365104305, 0.000000000000000000 ) ) ;
#2620 = CARTESIAN_POINT ( 'NONE',  ( 39.08907586378500554, 15.87556044444599834, 0.000000000000000000 ) ) ;
#2621 = VECTOR ( 'NONE', #649, 1000.000000000000000 ) ;
#2622 = CARTESIAN_POINT ( 'NONE',  ( 0.1948971838087218689, 0.7194970505334246091, 0.000000000000000000 ) ) ;
#2623 = VECTOR ( 'NONE', #2759, 1000.000000000000000 ) ;
#2624 = DIRECTION ( 'NONE',  ( 0.9993263273340848851, 0.03670002039467184368, 0.000000000000000000 ) ) ;
#2625 = CARTESIAN_POINT ( 'NONE',  ( 3.915125652207668061, 4.896618974382620948, 0.000000000000000000 ) ) ;
#2626 = CARTESIAN_POINT ( 'NONE',  ( 159.1641874342957692, 5.995885248737709006, 405.9999999963634991 ) ) ;
#2627 = CARTESIAN_POINT ( 'NONE',  ( 159.7766942657696347, 5.781601490832506407, 519.0000000000000000 ) ) ;
#2628 = ORIENTED_EDGE ( 'NONE', *, *, #2022, .T. ) ;
#2629 = CARTESIAN_POINT ( 'NONE',  ( 157.8737946614477607, -0.6627282226089689088, 470.9999999973497893 ) ) ;
#2630 = CARTESIAN_POINT ( 'NONE',  ( 184.3164905791851709, -0.1919640070870521076, 410.9999999963954451 ) ) ;
#2631 = CARTESIAN_POINT ( 'NONE',  ( 69.41828068892009185, -0.7658115317506771769, 519.0000000000006821 ) ) ;
#2632 = ORIENTED_EDGE ( 'NONE', *, *, #1543, .T. ) ;
#2633 = CARTESIAN_POINT ( 'NONE',  ( 124.9556290558779068, 12.33078419755006117, 0.000000000000000000 ) ) ;
#2634 = EDGE_CURVE ( 'NONE', #1646, #1875, #147, .T. ) ;
#2635 = CARTESIAN_POINT ( 'NONE',  ( 116.3284827836787230, 13.57275766364356606, 0.000000000000000000 ) ) ;
#2636 = CARTESIAN_POINT ( 'NONE',  ( 5.566720684578323919, 6.151736426088713294, 0.000000000000000000 ) ) ;
#2637 = LINE ( 'NONE', #1293, #1906 ) ;
#2638 = CARTESIAN_POINT ( 'NONE',  ( 73.28223991044859531, 4.158522856093605391, 518.9999999999994316 ) ) ;
#2639 = PLANE ( 'NONE',  #1160 ) ;
#2640 = AXIS2_PLACEMENT_3D ( 'NONE', #1110, #1994, #2652 ) ;
#2641 = CARTESIAN_POINT ( 'NONE',  ( 136.6681735740039585, 9.242632489282229358, 519.0000000000000000 ) ) ;
#2642 = ORIENTED_EDGE ( 'NONE', *, *, #1152, .F. ) ;
#2643 = CARTESIAN_POINT ( 'NONE',  ( 184.3164905768222468, -0.1919644144498019733, 337.9999999964297217 ) ) ;
#2644 = CARTESIAN_POINT ( 'NONE',  ( 184.3164905811272831, -0.1919636018095137731, 470.9999999964296649 ) ) ;
#2645 = CARTESIAN_POINT ( 'NONE',  ( 98.66561087440214806, -3.341965310359598540, 519.0000000000007958 ) ) ;
#2646 = ORIENTED_EDGE ( 'NONE', *, *, #2465, .T. ) ;
#2647 = CARTESIAN_POINT ( 'NONE',  ( 157.7809666145365952, 6.249622528452590586, 407.9999999964090875 ) ) ;
#2648 = CARTESIAN_POINT ( 'NONE',  ( 1.852362163436769960, -2.933864939892795398, 0.000000000000000000 ) ) ;
#2649 = CARTESIAN_POINT ( 'NONE',  ( 108.9147871680202542, 10.72864289341759481, 519.0000000000006821 ) ) ;
#2650 = EDGE_CURVE ( 'NONE', #2281, #931, #1923, .T. ) ;
#2651 = CARTESIAN_POINT ( 'NONE',  ( 67.13999324495854637, -4.492199306297233186, 0.000000000000000000 ) ) ;
#2652 = DIRECTION ( 'NONE',  ( 0.000000000000000000, -1.000000000000000000, 1.365486532414930541E-10 ) ) ;
#2653 = CARTESIAN_POINT ( 'NONE',  ( 7.611963091472166987, 7.394528130325286774, 0.000000000000000000 ) ) ;
#2654 = EDGE_CURVE ( 'NONE', #776, #503, #384, .T. ) ;
#2655 = CARTESIAN_POINT ( 'NONE',  ( 175.8044913049522791, 2.573595525219365854, 516.9999999963806658 ) ) ;
#2656 = CARTESIAN_POINT ( 'NONE',  ( 148.0263513726816029, 7.738691719406271652, 519.0000000000000000 ) ) ;
#2657 = ORIENTED_EDGE ( 'NONE', *, *, #1598, .T. ) ;
#2658 = CARTESIAN_POINT ( 'NONE',  ( 158.7159101005107686, -1.132139186385034968, 337.9999999969165287 ) ) ;
#2659 = B_SPLINE_CURVE_WITH_KNOTS ( 'NONE', 3,
 ( #1767, #2012, #2242, #678 ),
 .UNSPECIFIED., .F., .F.,
 ( 4, 4 ),
 ( 1.512456826446850755E-12, 0.003000000001025793228 ),
 .UNSPECIFIED. ) ;
#2660 = LINE ( 'NONE', #1839, #640 ) ;
#2661 = CARTESIAN_POINT ( 'NONE',  ( 85.53320771684502688, -3.585489398057466470, 518.9999999999990905 ) ) ;
#2662 = EDGE_LOOP ( 'NONE', ( #499, #367, #1325, #2584, #315, #1197, #1785, #2231 ) ) ;
#2663 = CARTESIAN_POINT ( 'NONE',  ( 168.8804815374998043, 4.080358387618040261, 407.9999999963629875 ) ) ;
#2664 = CARTESIAN_POINT ( 'NONE',  ( 39.16509674751331005, -5.487787961482684551, 0.000000000000000000 ) ) ;
#2665 = CARTESIAN_POINT ( 'NONE',  ( 63.40998621428492754, -4.628416027865373650, 0.000000000000000000 ) ) ;
#2666 = CARTESIAN_POINT ( 'NONE',  ( 179.2829351742934705, -0.3768095161294884310, 516.9999999969078317 ) ) ;
#2667 = CARTESIAN_POINT ( 'NONE',  ( 1.755424937789630269, 2.846770284889458935, 0.000000000000000000 ) ) ;
#2668 = CARTESIAN_POINT ( 'NONE',  ( 177.4874767831362590, -0.4427478608551159156, 407.9999999969163582 ) ) ;
#2669 = CARTESIAN_POINT ( 'NONE',  ( 179.9726353222733621, 1.652043166446703681, 0.000000000000000000 ) ) ;
#2670 = VECTOR ( 'NONE', #592, 1000.000000000000114 ) ;
#2671 = CARTESIAN_POINT ( 'NONE',  ( 88.09637872748041332, 9.087082718729165620, 519.0000000000000000 ) ) ;
#2672 = VECTOR ( 'NONE', #294, 1000.000000000000000 ) ;
#2673 = ORIENTED_EDGE ( 'NONE', *, *, #962, .T. ) ;
#2674 = CARTESIAN_POINT ( 'NONE',  ( 162.1630923789059011, -1.005541184734892290, 337.9999999969167561 ) ) ;
#2675 = EDGE_CURVE ( 'NONE', #1988, #1017, #398, .T. ) ;
#2676 = CARTESIAN_POINT ( 'NONE',  ( 157.7336117459075808, 6.193187200090238598, 475.9999999964182962 ) ) ;
#2677 = CARTESIAN_POINT ( 'NONE',  ( 61.49220006642526215, -4.698234501061530288, 0.000000000000000000 ) ) ;
#2678 = VERTEX_POINT ( 'NONE', #1547 ) ;
#2679 = DIRECTION ( 'NONE',  ( 0.6427876096865403621, -0.7660444431189771253, 8.379507715750921749E-11 ) ) ;
#2680 = CARTESIAN_POINT ( 'NONE',  ( 0.1948971838087218689, 0.7194970505334246091, 0.000000000000000000 ) ) ;
#2681 = CARTESIAN_POINT ( 'NONE',  ( 104.4400001047967663, -3.125222854956259066, 0.000000000000000000 ) ) ;
#2682 = CARTESIAN_POINT ( 'NONE',  ( 184.3164905812243433, -0.1919636142876418317, 473.9999999964294943 ) ) ;
#2683 = CARTESIAN_POINT ( 'NONE',  ( 94.91453763861252924, -3.462919012209586089, 518.9999999999997726 ) ) ;
#2684 = CARTESIAN_POINT ( 'NONE',  ( 184.3164905768222468, 37.87342865212605147, 337.9999999912319595 ) ) ;
#2685 = CARTESIAN_POINT ( 'NONE',  ( 69.38439192032078040, 0.3270171445197695426, 519.0000000000000000 ) ) ;
#2686 = CARTESIAN_POINT ( 'NONE',  ( 184.3164905801009184, -0.1919638370386963222, 439.2910896172767252 ) ) ;
#2687 = AXIS2_PLACEMENT_3D ( 'NONE', #2822, #235, #2609 ) ;
#2688 = DIRECTION ( 'NONE',  ( 0.000000000000000000, -1.000000000000000000, 1.365361695661425540E-10 ) ) ;
#2689 = ADVANCED_FACE ( 'NONE', ( #661 ), #2639, .F. ) ;
#2690 = CARTESIAN_POINT ( 'NONE',  ( 187.2736217759329804, -0.08335546211619709878, 519.0000000000000000 ) ) ;
#2691 = ORIENTED_EDGE ( 'NONE', *, *, #2123, .F. ) ;
#2692 = LINE ( 'NONE', #23, #94 ) ;
#2693 = CARTESIAN_POINT ( 'NONE',  ( -0.01494820705065468165, -0.4421207249465292644, 0.000000000000000000 ) ) ;
#2694 = CARTESIAN_POINT ( 'NONE',  ( 121.2249999614545857, -2.509068950530383368, 0.000000000000000000 ) ) ;
#2695 = CARTESIAN_POINT ( 'NONE',  ( 155.7483121748318808, -1.241124518256211839, 291.9999999974976390 ) ) ;
#2696 = CARTESIAN_POINT ( 'NONE',  ( 19.81148263834581869, -5.527740210294628476, 0.000000000000000000 ) ) ;
#2697 = DIRECTION ( 'NONE',  ( -0.6427876082896981647, -0.7660444442910669949, 0.000000000000000000 ) ) ;
#2698 = CARTESIAN_POINT ( 'NONE',  ( 185.5675161441331795, 0.3328173890488675957, 0.000000000000000000 ) ) ;
#2699 = CARTESIAN_POINT ( 'NONE',  ( 91.62256436925154901, 9.675584715549204518, 519.0000000000000000 ) ) ;
#2700 = CARTESIAN_POINT ( 'NONE',  ( 184.3164905768222468, 0.6286519955889912081, 337.9999999963175696 ) ) ;
#2701 = CARTESIAN_POINT ( 'NONE',  ( 184.3164905813862333, 0.3083734626862369432, 478.9999999963613391 ) ) ;
#2702 = CARTESIAN_POINT ( 'NONE',  ( 0.2369445297081288759, -6.451902722650539879, 338.0000000032432581 ) ) ;
#2703 = ORIENTED_EDGE ( 'NONE', *, *, #2333, .F. ) ;
#2704 = LINE ( 'NONE', #329, #1671 ) ;
#2705 = ADVANCED_FACE ( 'NONE', ( #441 ), #2837, .T. ) ;
#2706 = CARTESIAN_POINT ( 'NONE',  ( 102.5749993414639079, -3.193662061127134688, 0.000000000000000000 ) ) ;
#2707 = CARTESIAN_POINT ( 'NONE',  ( 158.6028364563877346, -1.136291347525292483, 475.9999999969161308 ) ) ;
#2708 = CARTESIAN_POINT ( 'NONE',  ( 61.49220006642526215, -4.698234501061530288, 0.000000000000000000 ) ) ;
#2709 = CARTESIAN_POINT ( 'NONE',  ( 69.79334421348684714, -1.299596219690509091, 519.0000000000000000 ) ) ;
#2710 = LINE ( 'NONE', #981, #452 ) ;
#2711 = VECTOR ( 'NONE', #211, 1000.000000000000000 ) ;
#2712 = MECHANICAL_DESIGN_GEOMETRIC_PRESENTATION_REPRESENTATION (  '', ( #2345 ), #1106 ) ;
#2713 = CARTESIAN_POINT ( 'NONE',  ( 158.2810766378973142, -1.148107981241599740, 470.9999999973763920 ) ) ;
#2714 = CARTESIAN_POINT ( 'NONE',  ( 153.0476135970230018, -1.340307439293848102, 519.0000000000010232 ) ) ;
#2715 = ORIENTED_EDGE ( 'NONE', *, *, #658, .F. ) ;
#2716 = CARTESIAN_POINT ( 'NONE',  ( 184.3164905790880539, 37.87342866168434341, 407.9999999912319595 ) ) ;
#2717 = CARTESIAN_POINT ( 'NONE',  ( 178.7296674295402568, 1.941881689446232295, 0.000000000000000000 ) ) ;
#2718 = EDGE_CURVE ( 'NONE', #2185, #1173, #2169, .T. ) ;
#2719 = B_SPLINE_CURVE_WITH_KNOTS ( 'NONE', 3,
 ( #2438, #612, #696, #2424, #1316, #11, #1583, #465, #39, #1801 ),
 .UNSPECIFIED., .F., .F.,
 ( 4, 3, 3, 4 ),
 ( 1.025735052451182128E-12, 0.003087326887297070499, 0.01543663443648535250, 0.03600000000105230136 ),
 .UNSPECIFIED. ) ;
#2720 = FACE_OUTER_BOUND ( 'NONE', #624, .T. ) ;
#2721 = CARTESIAN_POINT ( 'NONE',  ( 9.409784400422310569, -4.877512206354972513, 0.000000000000000000 ) ) ;
#2722 = VECTOR ( 'NONE', #1403, 0.8391178889810635422 ) ;
#2723 = CARTESIAN_POINT ( 'NONE',  ( 184.3164905768869914, -0.1919644039091550070, 339.9999999969163014 ) ) ;
#2724 = CARTESIAN_POINT ( 'NONE',  ( 71.16440900829891802, -2.253312013717875040, 519.0000000000000000 ) ) ;
#2725 = ORIENTED_EDGE ( 'NONE', *, *, #839, .F. ) ;
#2726 = CARTESIAN_POINT ( 'NONE',  ( 174.9005243410982757, 2.829129485037760183, 0.000000000000000000 ) ) ;
#2727 = CARTESIAN_POINT ( 'NONE',  ( 158.2810770031074981, -1.148108447478842331, 293.9999999974029947 ) ) ;
#2728 = CARTESIAN_POINT ( 'NONE',  ( 103.1615656577616562, -3.172122366968167739, 0.000000000000000000 ) ) ;
#2729 = ORIENTED_EDGE ( 'NONE', *, *, #176, .F. ) ;
#2730 = PLANE ( 'NONE',  #1723 ) ;
#2731 = CARTESIAN_POINT ( 'NONE',  ( 145.4708042027563977, 8.883388676456528188, 0.000000000000000000 ) ) ;
#2732 = DIRECTION ( 'NONE',  ( -0.7660444431189771253, -0.6427876096865403621, 1.125667018947118259E-10 ) ) ;
#2733 = CARTESIAN_POINT ( 'NONE',  ( 76.16020216741267745, -3.205132286033631761, 519.0000000000001137 ) ) ;
#2734 = EDGE_CURVE ( 'NONE', #6, #720, #428, .T. ) ;
#2735 = CARTESIAN_POINT ( 'NONE',  ( 74.60023783039667933, 17.00545587683819093, 0.000000000000000000 ) ) ;
#2736 = CARTESIAN_POINT ( 'NONE',  ( 102.1996766369143756, -3.211318257097415252, 519.0000000000000000 ) ) ;
#2737 = EDGE_LOOP ( 'NONE', ( #1492, #1268, #2154, #1829 ) ) ;
#2738 = LINE ( 'NONE', #747, #2302 ) ;
#2739 = EDGE_CURVE ( 'NONE', #1104, #1616, #1193, .T. ) ;
#2740 = DIRECTION ( 'NONE',  ( -3.236706039475293149E-11, -1.365489264352208951E-10, -1.000000000000000000 ) ) ;
#2741 = CARTESIAN_POINT ( 'NONE',  ( 49.11176304190414044, -5.165783707612548348, 0.000000000000000000 ) ) ;
#2742 = CARTESIAN_POINT ( 'NONE',  ( 1.524435965096985310E-08, 6.434216039880725805E-08, 471.0000000023690063 ) ) ;
#2743 = ORIENTED_EDGE ( 'NONE', *, *, #1510, .T. ) ;
#2744 = DIRECTION ( 'NONE',  ( -0.6427876082896981647, -0.7660444442910668839, 1.254072553480010699E-10 ) ) ;
#2745 = CARTESIAN_POINT ( 'NONE',  ( 167.8499999998964540, -0.7966899971803896863, 0.000000000000000000 ) ) ;
#2746 = DIRECTION ( 'NONE',  ( 0.6427876096865401401, -0.7660444431189772363, 0.000000000000000000 ) ) ;
#2747 = CARTESIAN_POINT ( 'NONE',  ( 158.2627270219453806, -0.6484453048190982338, 334.9999999973353511 ) ) ;
#2748 = CARTESIAN_POINT ( 'NONE',  ( 59.67985373236170688, 17.00756120849420583, 0.000000000000000000 ) ) ;
#2749 = CARTESIAN_POINT ( 'NONE',  ( 97.89134825599180090, -3.369306714056127028, 519.0000000000000000 ) ) ;
#2750 = PRODUCT_DEFINITION_SHAPE ( 'NONE', 'NONE',  #231 ) ;
#2751 = VERTEX_POINT ( 'NONE', #1309 ) ;
#2752 = CARTESIAN_POINT ( 'NONE',  ( 184.3164905756312635, 0.6287454262991936105, 301.2037627282385870 ) ) ;
#2753 = CARTESIAN_POINT ( 'NONE',  ( 184.3164905769841084, -0.1919644034995170168, 342.9999999964296649 ) ) ;
#2754 = DIRECTION ( 'NONE',  ( 0.9993261632555366925, 0.03670448791317493936, 0.000000000000000000 ) ) ;
#2755 = ADVANCED_FACE ( 'NONE', ( #1982 ), #1967, .T. ) ;
#2756 = ORIENTED_EDGE ( 'NONE', *, *, #1102, .T. ) ;
#2757 = LINE ( 'NONE', #2109, #684 ) ;
#2758 = VECTOR ( 'NONE', #76, 1000.000000000000000 ) ;
#2759 = DIRECTION ( 'NONE',  ( 3.236852845993130080E-11, 1.365471248240533046E-10, 1.000000000000000000 ) ) ;
#2760 = AXIS2_PLACEMENT_3D ( 'NONE', #2773, #1062, #2570 ) ;
#2761 = CARTESIAN_POINT ( 'NONE',  ( 156.0406244140244212, 6.852113631338520250, 0.000000000000000000 ) ) ;
#2762 = LINE ( 'NONE', #1035, #422 ) ;
#2763 = CARTESIAN_POINT ( 'NONE',  ( 174.5945035064747231, -0.5489890037486421237, 0.000000000000000000 ) ) ;
#2764 = CARTESIAN_POINT ( 'NONE',  ( 132.4155919446419318, 11.15565756141425524, 0.000000000000000000 ) ) ;
#2765 = CARTESIAN_POINT ( 'NONE',  ( 125.3086383419864092, -2.359336751281676303, 519.0000000000000000 ) ) ;
#2766 = ORIENTED_EDGE ( 'NONE', *, *, #1953, .F. ) ;
#2767 = CARTESIAN_POINT ( 'NONE',  ( 84.68814074713922935, 8.362375796855181065, 518.9999999999997726 ) ) ;
#2768 = DIRECTION ( 'NONE',  ( 0.9993263277176739345, 0.03670000994969944974, -3.735976064616147151E-11 ) ) ;
#2769 = CARTESIAN_POINT ( 'NONE',  ( 138.0099997365017828, -1.892556158734664873, 0.000000000000000000 ) ) ;
#2770 = ORIENTED_EDGE ( 'NONE', *, *, #1845, .T. ) ;
#2771 = CARTESIAN_POINT ( 'NONE',  ( 155.7483121748318808, -1.241124518256211839, 291.9999999974976390 ) ) ;
#2772 = EDGE_CURVE ( 'NONE', #2383, #1315, #2850, .T. ) ;
#2773 = CARTESIAN_POINT ( 'NONE',  ( 1.330540597853391144E-08, 5.608753968040650621E-08, 411.0000000023703137 ) ) ;
#2774 = CARTESIAN_POINT ( 'NONE',  ( 92.06405234611963806, 9.742228803437724238, 518.9999999999996589 ) ) ;
#2775 = VERTEX_POINT ( 'NONE', #2401 ) ;
#2776 = CARTESIAN_POINT ( 'NONE',  ( 183.7025554830848364, 0.7744482365222143949, 0.000000000000000000 ) ) ;
#2777 = CARTESIAN_POINT ( 'NONE',  ( 87.98024503499411253, -73.82419083856538577, 292.0000000096022177 ) ) ;
#2778 = CARTESIAN_POINT ( 'NONE',  ( 187.3164905826809843, -0.08178092353511093315, 0.000000000000000000 ) ) ;
#2779 = CARTESIAN_POINT ( 'NONE',  ( 52.21962783935892105, 16.78711222807805115, 0.000000000000000000 ) ) ;
#2780 = CARTESIAN_POINT ( 'NONE',  ( 153.9011230331463480, -1.308960335871224734, 519.0000000000000000 ) ) ;
#2781 = ORIENTED_EDGE ( 'NONE', *, *, #1969, .T. ) ;
#2782 = CARTESIAN_POINT ( 'NONE',  ( 80.17068749683056694, 7.099976324627711222, 519.0000000000004547 ) ) ;
#2783 = DIRECTION ( 'NONE',  ( 0.9730344131650560113, -0.2306599895875640904, 2.920167760376188722E-16 ) ) ;
#2784 = CARTESIAN_POINT ( 'NONE',  ( 149.8216667555492165, -1.458782420119128176, 0.000000000000000000 ) ) ;
#2785 = ORIENTED_EDGE ( 'NONE', *, *, #817, .T. ) ;
#2786 = CARTESIAN_POINT ( 'NONE',  ( 157.7789766508666105, 6.247250982393440566, 411.0873253263663969 ) ) ;
#2787 = B_SPLINE_CURVE_WITH_KNOTS ( 'NONE', 3,
 ( #2091, #1180, #1876, #2534, #2752, #282, #538, #957, #555, #2700 ),
 .UNSPECIFIED., .F., .F.,
 ( 4, 3, 3, 4 ),
 ( 5.085654120065669537E-12, 0.003087326887297134250, 0.01543663443648542188, 0.04400000000522447108 ),
 .UNSPECIFIED. ) ;
#2788 = CARTESIAN_POINT ( 'NONE',  ( 179.4585268465256434, 1.760695025284397808, 514.9999999963714572 ) ) ;
#2789 = CARTESIAN_POINT ( 'NONE',  ( 81.96625082348428748, 7.645177351959976164, 519.0000000000000000 ) ) ;
#2790 = ORIENTED_EDGE ( 'NONE', *, *, #2235, .F. ) ;
#2791 = CARTESIAN_POINT ( 'NONE',  ( 104.4407309121194629, 14.98621798130561800, 0.000000000000000000 ) ) ;
#2792 = EDGE_CURVE ( 'NONE', #1646, #1567, #370, .T. ) ;
#2793 = CARTESIAN_POINT ( 'NONE',  ( 183.8599562529841194, 0.7358190201308226763, 475.9999999963682171 ) ) ;
#2794 = DIRECTION ( 'NONE',  ( -0.03670002039466489091, 0.9993263273340852182, -1.352690653793187256E-10 ) ) ;
#2795 = CARTESIAN_POINT ( 'NONE',  ( 117.4956653109314857, 13.40376137598837403, 0.000000000000000000 ) ) ;
#2796 = CARTESIAN_POINT ( 'NONE',  ( 122.1752162596829407, -2.474721348104734542, 519.0000000000000000 ) ) ;
#2797 = ORIENTED_EDGE ( 'NONE', *, *, #2580, .T. ) ;
#2798 = CARTESIAN_POINT ( 'NONE',  ( 131.4033563424975739, 9.784362374992159772, 518.9999999999990905 ) ) ;
#2799 = CARTESIAN_POINT ( 'NONE',  ( 154.9273051592187471, 2.848761234918983920, 514.9999999969658120 ) ) ;
#2800 = CARTESIAN_POINT ( 'NONE',  ( 152.3083332438138768, -1.367457562538859639, 0.000000000000000000 ) ) ;
#2801 = ORIENTED_EDGE ( 'NONE', *, *, #1363, .F. ) ;
#2802 = CARTESIAN_POINT ( 'NONE',  ( 155.7483115596676555, -1.241123766199392797, 400.1107569099470425 ) ) ;
#2803 = CARTESIAN_POINT ( 'NONE',  ( 181.3038395129664195, 1.339057511512381726, 293.9999999963569621 ) ) ;
#2804 = CARTESIAN_POINT ( 'NONE',  ( 81.06615511059855805, 7.380222382991620478, 518.9999999999998863 ) ) ;
#2805 = CARTESIAN_POINT ( 'NONE',  ( 11.48710463215866007, 9.225676663242735387, 0.000000000000000000 ) ) ;
#2806 = CARTESIAN_POINT ( 'NONE',  ( 184.3164905767251298, 0.3083726586194291963, 334.9999999963613391 ) ) ;
#2807 = DIRECTION ( 'NONE',  ( 0.000000000000000000, 1.000000000000000000, -1.365460013478974005E-10 ) ) ;
#2808 = EDGE_CURVE ( 'NONE', #1360, #1988, #650, .T. ) ;
#2809 = CARTESIAN_POINT ( 'NONE',  ( 24.23981877931089812, 13.26830396943070056, 0.000000000000000000 ) ) ;
#2810 = CARTESIAN_POINT ( 'NONE',  ( 187.3164905826809843, -0.08178092353511093315, 516.9999999963175696 ) ) ;
#2811 = CARTESIAN_POINT ( 'NONE',  ( 110.4191829968815171, 14.32427872526388057, 0.000000000000000000 ) ) ;
#2812 = CARTESIAN_POINT ( 'NONE',  ( 184.3164905824849029, -0.1919633497970835989, 512.9417820721977250 ) ) ;
#2813 = CARTESIAN_POINT ( 'NONE',  ( 124.9550002288720663, -2.372072896419606725, 0.000000000000000000 ) ) ;
#2814 = ORIENTED_EDGE ( 'NONE', *, *, #317, .T. ) ;
#2815 = CARTESIAN_POINT ( 'NONE',  ( 185.1400517641245358, 0.4341487788823999439, 291.9999999963641812 ) ) ;
#2816 = LINE ( 'NONE', #1015, #2670 ) ;
#2817 = CARTESIAN_POINT ( 'NONE',  ( 15.84230355733726192, 10.84825986389148689, 0.000000000000000000 ) ) ;
#2818 = CARTESIAN_POINT ( 'NONE',  ( 37.29693288624375924, 15.65575389480242485, 0.000000000000000000 ) ) ;
#2819 = CARTESIAN_POINT ( 'NONE',  ( 145.7318967508188905, 8.843203441691509070, 0.000000000000000000 ) ) ;
#2820 = B_SPLINE_CURVE_WITH_KNOTS ( 'NONE', 3,
 ( #2328, #1460, #2803, #1046, #1446, #2555, #2111, #345, #2526 ),
 .UNSPECIFIED., .F., .F.,
 ( 4, 1, 1, 1, 1, 1, 4 ),
 ( 2.843525609543741372E-17, 0.002288751694045137227, 0.006997324036285337660, 0.01170589637852554113, 0.01641446872076574026, 0.02583161340524614547, 0.02708037464905242719 ),
 .UNSPECIFIED. ) ;
#2821 = CARTESIAN_POINT ( 'NONE',  ( 2.336493212065380742, -3.233689886415513470, 0.000000000000000000 ) ) ;
#2822 = CARTESIAN_POINT ( 'NONE',  ( 1.110362734022071266E-08, 4.681886695757614756E-08, 343.0000000023702000 ) ) ;
#2823 = CARTESIAN_POINT ( 'NONE',  ( 30.25293213377084101, 14.55707463803127943, 0.000000000000000000 ) ) ;
#2824 = CARTESIAN_POINT ( 'NONE',  ( 158.2810769494830367, -1.148108364488404032, 402.9708910352948692 ) ) ;
#2825 = CARTESIAN_POINT ( 'NONE',  ( 111.5999107617313513, 10.73727219952051470, 519.0000000000000000 ) ) ;
#2826 = ORIENTED_EDGE ( 'NONE', *, *, #297, .T. ) ;
#2827 = LINE ( 'NONE', #1493, #1796 ) ;
#2828 = EDGE_CURVE ( 'NONE', #846, #1311, #954, .T. ) ;
#2829 = LINE ( 'NONE', #2448, #217 ) ;
#2830 = CARTESIAN_POINT ( 'NONE',  ( 8.181474534706021373, -4.698689226439968003, 0.000000000000000000 ) ) ;
#2831 = VERTEX_POINT ( 'NONE', #1627 ) ;
#2832 = CARTESIAN_POINT ( 'NONE',  ( 57.81486591581965939, 16.96430749178105302, 0.000000000000000000 ) ) ;
#2833 = CARTESIAN_POINT ( 'NONE',  ( 95.79391594411373489, 10.15838016769554741, 519.0000000000000000 ) ) ;
#2834 = CARTESIAN_POINT ( 'NONE',  ( 0.3915933895305262480, 1.121721321274747440, 0.000000000000000000 ) ) ;
#2835 = DIRECTION ( 'NONE',  ( 0.000000000000000000, 1.000000000000000000, -1.365460013478973488E-10 ) ) ;
#2836 = CARTESIAN_POINT ( 'NONE',  ( 74.92795895584860943, 5.060209039235067152, 518.9999999999994316 ) ) ;
#2837 = PLANE ( 'NONE',  #85 ) ;
#2838 = CARTESIAN_POINT ( 'NONE',  ( 102.1994089057720885, 10.54637821375677831, 519.0000000000000000 ) ) ;
#2839 = ORIENTED_EDGE ( 'NONE', *, *, #2828, .T. ) ;
#2840 = CARTESIAN_POINT ( 'NONE',  ( 184.3164905806141007, -0.1919637375714849659, 455.1455448068360852 ) ) ;
#2841 = CARTESIAN_POINT ( 'NONE',  ( 167.5833624747811257, 4.373428874159821511, 337.9999999963591790 ) ) ;
#2842 = EDGE_CURVE ( 'NONE', #2003, #254, #1476, .T. ) ;
#2843 = CARTESIAN_POINT ( 'NONE',  ( 2.401864739266748927, -3.298481670053740711, 0.000000000000000000 ) ) ;
#2844 = EDGE_LOOP ( 'NONE', ( #2241, #943, #605, #1371 ) ) ;
#2845 = CARTESIAN_POINT ( 'NONE',  ( 14.90671704943204112, 10.52718434432603800, 0.000000000000000000 ) ) ;
#2846 = CARTESIAN_POINT ( 'NONE',  ( 150.0182690411753867, 7.437503586583634529, 519.0000000000005684 ) ) ;
#2847 = CARTESIAN_POINT ( 'NONE',  ( 26.10439167237072766, 13.69971984350353189, 0.000000000000000000 ) ) ;
#2848 = LINE ( 'NONE', #1762, #1585 ) ;
#2849 = CARTESIAN_POINT ( 'NONE',  ( 71.76543391621295598, 3.054852319014812245, 518.9999999999987494 ) ) ;
#2850 = LINE ( 'NONE', #2444, #230 ) ;
#2851 = CARTESIAN_POINT ( 'NONE',  ( 183.2770553189826614, 0.8730334558838109826, 519.0000000000000000 ) ) ;
#2852 = ORIENTED_EDGE ( 'NONE', *, *, #1012, .F. ) ;
#2853 = PLANE ( 'NONE',  #1283 ) ;
#2854 = DIRECTION ( 'NONE',  ( 3.236879089548785614E-11, 0.000000000000000000, 1.000000000000000000 ) ) ;
#2855 = CARTESIAN_POINT ( 'NONE',  ( 28.74557638053105890, -5.650797401801871622, 0.000000000000000000 ) ) ;
#2856 = ORIENTED_EDGE ( 'NONE', *, *, #1346, .F. ) ;
#2857 = FACE_OUTER_BOUND ( 'NONE', #323, .T. ) ;
#2858 = EDGE_CURVE ( 'NONE', #2015, #811, #1850, .T. ) ;
#2859 = CARTESIAN_POINT ( 'NONE',  ( 32.32683023300464242, -5.624587140292121923, 0.000000000000000000 ) ) ;
#2860 = CARTESIAN_POINT ( 'NONE',  ( 161.3201304291503391, 5.788540652017673871, 0.000000000000000000 ) ) ;
#2861 = EDGE_CURVE ( 'NONE', #2255, #1946, #896, .T. ) ;
ENDSEC;
END-ISO-10303-21;
