ISO-10303-21;
HEADER;
FILE_DESCRIPTION (( 'STEP AP214' ),
    '1' );
FILE_NAME ('Éý½µ¶æ.STEP',
    '2026-02-11T02:17:25',
    ( '' ),
    ( '' ),
    'SwSTEP 2.0',
    'SolidWorks 2024',
    '' );
FILE_SCHEMA (( 'AUTOMOTIVE_DESIGN' ));
ENDSEC;

DATA;
#1 = CARTESIAN_POINT ( 'NONE',  ( 0.6756232115428826290, 1.305075416194367843, 0.000000000000000000 ) ) ;
#2 = CARTESIAN_POINT ( 'NONE',  ( 110.8242802014319750, 0.9078768231677002420, 329.0000000000000000 ) ) ;
#3 = CARTESIAN_POINT ( 'NONE',  ( 53.55041531621382234, -2.263972010991505357, 329.0000000000002842 ) ) ;
#4 = VECTOR ( 'NONE', #3356, 1000.000000000000227 ) ;
#5 = DIRECTION ( 'NONE',  ( 0.000000000000000000, 0.000000000000000000, 1.000000000000000000 ) ) ;
#6 = CARTESIAN_POINT ( 'NONE',  ( 112.9772959754905912, -0.1208168419519531217, 329.0000000000000000 ) ) ;
#7 = EDGE_CURVE ( 'NONE', #522, #2772, #602, .T. ) ;
#8 = CARTESIAN_POINT ( 'NONE',  ( 91.83841044334154446, -0.8971354012542680501, 181.9999999999998863 ) ) ;
#9 = CARTESIAN_POINT ( 'NONE',  ( 6.308538238988460556, 5.342362688645980739, 0.000000000000000000 ) ) ;
#10 = CARTESIAN_POINT ( 'NONE',  ( 55.71014408297985909, 6.413282511314649881, 329.0000000000011369 ) ) ;
#11 = CARTESIAN_POINT ( 'NONE',  ( 32.24270362492447362, -3.088928656566213959, 0.000000000000000000 ) ) ;
#12 = B_SPLINE_CURVE_WITH_KNOTS ( 'NONE', 3,
 ( #1374, #1057, #1307, #2863, #508, #2880, #554, #1569 ),
 .UNSPECIFIED., .F., .F.,
 ( 4, 1, 1, 1, 1, 4 ),
 ( 0.000000000000000000, 0.003866202151829401055, 0.01029363948144779509, 0.01672107681106619129, 0.02314851414068458055, 0.02516050607338361084 ),
 .UNSPECIFIED. ) ;
#13 = VERTEX_POINT ( 'NONE', #2589 ) ;
#14 = VERTEX_POINT ( 'NONE', #515 ) ;
#15 = CARTESIAN_POINT ( 'NONE',  ( 86.49654061833641094, 5.613571391394065913, 240.4710139343472974 ) ) ;
#16 = CARTESIAN_POINT ( 'NONE',  ( 46.90400225734931894, -2.547671854417416171, 0.000000000000000000 ) ) ;
#17 = CARTESIAN_POINT ( 'NONE',  ( 86.34999139119773304, -0.5983600978315388730, 111.9999999999999858 ) ) ;
#18 = EDGE_CURVE ( 'NONE', #2040, #2356, #1259, .T. ) ;
#19 = CARTESIAN_POINT ( 'NONE',  ( 111.9008294260164007, -0.1603470428265769132, 178.0000000000000853 ) ) ;
#20 = ORIENTED_EDGE ( 'NONE', *, *, #932, .F. ) ;
#21 = CARTESIAN_POINT ( 'NONE',  ( 93.03579108448828094, -0.8531611054334398148, 329.0000000000001705 ) ) ;
#22 = CARTESIAN_POINT ( 'NONE',  ( 111.9008294260164007, 0.3399910277142182968, 257.0000000000000000 ) ) ;
#23 = CARTESIAN_POINT ( 'NONE',  ( 43.34800501743460899, -1.971296825013915344, 329.0000000000000000 ) ) ;
#24 = CARTESIAN_POINT ( 'NONE',  ( 111.8824798098075775, 0.3393171569353730099, 252.0000000000000000 ) ) ;
#25 = CARTESIAN_POINT ( 'NONE',  ( 86.75727479171995071, -1.083741553607876273, 158.0000000000001990 ) ) ;
#26 = EDGE_CURVE ( 'NONE', #1844, #3205, #536, .T. ) ;
#27 = CARTESIAN_POINT ( 'NONE',  ( 30.88774995508384436, 10.24914534720665849, 0.000000000000000000 ) ) ;
#28 = CARTESIAN_POINT ( 'NONE',  ( 13.21156810377354596, 7.723234188731626482, 0.000000000000000000 ) ) ;
#29 = CARTESIAN_POINT ( 'NONE',  ( 44.99733691385524281, -2.617108511535638726, 0.000000000000000000 ) ) ;
#30 = CARTESIAN_POINT ( 'NONE',  ( 66.93126953965411019, -1.811805735371522230, 0.000000000000000000 ) ) ;
#31 = ORIENTED_EDGE ( 'NONE', *, *, #1471, .T. ) ;
#32 = ORIENTED_EDGE ( 'NONE', *, *, #1369, .T. ) ;
#33 = CARTESIAN_POINT ( 'NONE',  ( 38.89599223843707421, -2.839089367023430732, 0.000000000000000000 ) ) ;
#34 = CARTESIAN_POINT ( 'NONE',  ( 93.02482611820536818, -0.3532242379564230483, 249.0000000000000000 ) ) ;
#35 = CARTESIAN_POINT ( 'NONE',  ( 114.7367195227133863, -0.05619207344785795422, 329.0000000000000000 ) ) ;
#36 = ORIENTED_EDGE ( 'NONE', *, *, #2477, .T. ) ;
#37 = CARTESIAN_POINT ( 'NONE',  ( 93.02482611820536818, -0.3532242379564230483, 252.0000000000000000 ) ) ;
#38 = CARTESIAN_POINT ( 'NONE',  ( 40.79068862381816984, -1.435699171917680594, 329.0000000000000000 ) ) ;
#39 = DIRECTION ( 'NONE',  ( -0.9993259977782117387, -0.03670899296605030504, 0.000000000000000000 ) ) ;
#40 = CARTESIAN_POINT ( 'NONE',  ( 52.94137930274265358, 6.040875232489733904, 329.0000000000004547 ) ) ;
#41 = CARTESIAN_POINT ( 'NONE',  ( 24.58194743404095561, 9.812377243696429829, 0.000000000000000000 ) ) ;
#42 = DIRECTION ( 'NONE',  ( 0.000000000000000000, 0.000000000000000000, -1.000000000000000000 ) ) ;
#43 = CARTESIAN_POINT ( 'NONE',  ( 65.84058279742706077, 6.850394717211198525, 329.0000000000000000 ) ) ;
#44 = CARTESIAN_POINT ( 'NONE',  ( 47.09338355252128139, 4.707612574072491896, 329.0000000000000000 ) ) ;
#45 = ADVANCED_FACE ( 'NONE', ( #1558 ), #795, .T. ) ;
#46 = ORIENTED_EDGE ( 'NONE', *, *, #673, .T. ) ;
#47 = CARTESIAN_POINT ( 'NONE',  ( 66.35199949863569202, -1.833043003831130724, 0.000000000000000000 ) ) ;
#48 = VECTOR ( 'NONE', #194, 1000.000000000000227 ) ;
#49 = FACE_OUTER_BOUND ( 'NONE', #1773, .T. ) ;
#50 = ORIENTED_EDGE ( 'NONE', *, *, #606, .F. ) ;
#51 = CARTESIAN_POINT ( 'NONE',  ( 81.83516801831758869, 5.981256192060362409, 329.0000000000000000 ) ) ;
#52 = CARTESIAN_POINT ( 'NONE',  ( 52.35323292868695688, -2.281243392917677415, 328.9999999999994316 ) ) ;
#53 = CARTESIAN_POINT ( 'NONE',  ( 105.5965905952907491, 0.1084748940666349637, 257.0000000000000000 ) ) ;
#54 = CARTESIAN_POINT ( 'NONE',  ( 39.62293235632411381, -0.3281760516395478833, 329.0000000000000000 ) ) ;
#55 = LINE ( 'NONE', #1587, #1946 ) ;
#56 = AXIS2_PLACEMENT_3D ( 'NONE', #1040, #1826, #2076 ) ;
#57 = CARTESIAN_POINT ( 'NONE',  ( 86.65481619985473571, 5.802196884288462364, 101.4200362551591610 ) ) ;
#58 = VECTOR ( 'NONE', #1235, 1000.000000000000000 ) ;
#59 = B_SPLINE_CURVE_WITH_KNOTS ( 'NONE', 3,
 ( #2319, #3336, #1505, #1015, #2770, #752, #245, #2073 ),
 .UNSPECIFIED., .F., .F.,
 ( 4, 1, 1, 1, 1, 4 ),
 ( 0.000000000000000000, 0.004357024515695719774, 0.01124378446407198542, 0.01813054441244825801, 0.02501730436082452019, 0.02516050589211640126 ),
 .UNSPECIFIED. ) ;
#60 = CARTESIAN_POINT ( 'NONE',  ( 99.31070841828775997, -0.1223751819931885865, 257.0000000000000000 ) ) ;
#61 = CARTESIAN_POINT ( 'NONE',  ( 79.22579948065114763, 6.244855569757276292, 329.0000000000004547 ) ) ;
#62 = CARTESIAN_POINT ( 'NONE',  ( 29.74356751701375856, 10.19278607518044844, 0.000000000000000000 ) ) ;
#63 = CARTESIAN_POINT ( 'NONE',  ( 111.9008294260163154, -0.1603487788341976805, 18.66666666666668206 ) ) ;
#64 = CARTESIAN_POINT ( 'NONE',  ( 83.89333286064749018, -1.188907129531944440, 0.000000000000000000 ) ) ;
#65 = EDGE_CURVE ( 'NONE', #427, #1303, #475, .T. ) ;
#66 = CARTESIAN_POINT ( 'NONE',  ( 83.81705129401322552, 2.420280362814021480, 254.0000000000000000 ) ) ;
#67 = CARTESIAN_POINT ( 'NONE',  ( 82.93816760802143051, 6.040039053142089998, 274.1669054100932499 ) ) ;
#68 = ORIENTED_EDGE ( 'NONE', *, *, #1305, .F. ) ;
#69 = CARTESIAN_POINT ( 'NONE',  ( 29.74404034901049343, -3.182416244285726226, 0.000000000000000000 ) ) ;
#70 =( NAMED_UNIT ( * ) PLANE_ANGLE_UNIT ( ) SI_UNIT ( $, .RADIAN. ) );
#71 = ORIENTED_EDGE ( 'NONE', *, *, #2552, .T. ) ;
#72 = CARTESIAN_POINT ( 'NONE',  ( 42.20186211193854575, -1.782597617946420687, 329.0000000000006253 ) ) ;
#73 = CARTESIAN_POINT ( 'NONE',  ( 39.67106972945865806, 0.2551139483534871633, 329.0000000000000000 ) ) ;
#74 = FACE_BOUND ( 'NONE', #1839, .T. ) ;
#75 = CARTESIAN_POINT ( 'NONE',  ( 87.97635880849250611, -1.038980753687999803, 249.0000000000000000 ) ) ;
#76 = CARTESIAN_POINT ( 'NONE',  ( 114.6546645710618009, 0.008190444022197807677, 328.9999999999998863 ) ) ;
#77 = CARTESIAN_POINT ( 'NONE',  ( 106.7733328896397893, -0.3486379189689540747, 0.000000000000000000 ) ) ;
#78 = ADVANCED_FACE ( 'NONE', ( #3308 ), #1296, .T. ) ;
#79 = CARTESIAN_POINT ( 'NONE',  ( 53.55041531621382234, -2.263972010991505357, 329.0000000000002842 ) ) ;
#80 = VERTEX_POINT ( 'NONE', #2275 ) ;
#81 = CARTESIAN_POINT ( 'NONE',  ( 70.92799998131863504, -1.665099491318611014, 0.000000000000000000 ) ) ;
#82 = CARTESIAN_POINT ( 'NONE',  ( 111.8824798098075775, 0.3393171569353730099, 257.0000000000000000 ) ) ;
#83 = DIRECTION ( 'NONE',  ( 0.6427876096865406952, -0.7660444431189769032, 0.000000000000000000 ) ) ;
#84 = VERTEX_POINT ( 'NONE', #778 ) ;
#85 = EDGE_CURVE ( 'NONE', #877, #556, #1103, .T. ) ;
#86 = CARTESIAN_POINT ( 'NONE',  ( 80.83528952787385435, 6.084651875396351883, 329.0000000000000000 ) ) ;
#87 = CARTESIAN_POINT ( 'NONE',  ( 17.63271635543052440, -3.466193515785781276, 0.000000000000000000 ) ) ;
#88 = PLANE ( 'NONE',  #1626 ) ;
#89 = CARTESIAN_POINT ( 'NONE',  ( 39.91736077582623210, 0.6786373043097119195, 329.0000000000000000 ) ) ;
#90 = CARTESIAN_POINT ( 'NONE',  ( 90.08871368539300306, -0.9613920350123963399, 249.0000000000000000 ) ) ;
#91 = EDGE_CURVE ( 'NONE', #2280, #1016, #1028, .T. ) ;
#92 = CARTESIAN_POINT ( 'NONE',  ( 104.9690429360076536, -0.4149125235980395399, 327.0000000000007958 ) ) ;
#93 = CARTESIAN_POINT ( 'NONE',  ( 109.9120242839234862, 1.130326364726097932, 328.9999999999997726 ) ) ;
#94 = CARTESIAN_POINT ( 'NONE',  ( 47.66668479835479388, -2.519986278121298717, 0.000000000000000000 ) ) ;
#95 = CARTESIAN_POINT ( 'NONE',  ( 65.09083942990008609, 6.843898016526018147, 329.0000000000000000 ) ) ;
#96 = EDGE_LOOP ( 'NONE', ( #71, #187, #2732, #1948, #2179, #666, #523, #2176 ) ) ;
#97 = PLANE ( 'NONE',  #1737 ) ;
#98 = CARTESIAN_POINT ( 'NONE',  ( 57.14108108902176042, -2.170887459994777835, 328.9999999999998863 ) ) ;
#99 = CARTESIAN_POINT ( 'NONE',  ( 14.86882330225007998, 8.138835406405846129, 0.000000000000000000 ) ) ;
#100 = ORIENTED_EDGE ( 'NONE', *, *, #1432, .F. ) ;
#101 = CARTESIAN_POINT ( 'NONE',  ( 101.8160002445294481, -0.5307133248053563790, 0.000000000000000000 ) ) ;
#102 = CARTESIAN_POINT ( 'NONE',  ( 110.9680858860419050, 0.8794273381795743028, 0.000000000000000000 ) ) ;
#103 = CARTESIAN_POINT ( 'NONE',  ( 86.75728898863111738, -1.083758472827749619, 243.5107731802209514 ) ) ;
#104 = VERTEX_POINT ( 'NONE', #2350 ) ;
#105 = EDGE_CURVE ( 'NONE', #1286, #341, #2471, .T. ) ;
#106 = CARTESIAN_POINT ( 'NONE',  ( 88.83423266298044041, -0.5071306002127375923, 257.0000000000000000 ) ) ;
#107 = CARTESIAN_POINT ( 'NONE',  ( 70.83876597551598309, -1.668768228607990123, 329.0000000000000000 ) ) ;
#108 = CARTESIAN_POINT ( 'NONE',  ( 87.97635880849250611, -1.038980753687999803, 251.9999999999999432 ) ) ;
#109 = CARTESIAN_POINT ( 'NONE',  ( 86.75727334842889604, -1.083739833560568577, 118.0000000000000000 ) ) ;
#110 = VECTOR ( 'NONE', #3174, 1000.000000000000114 ) ;
#111 = EDGE_CURVE ( 'NONE', #1564, #1204, #2513, .T. ) ;
#112 = CARTESIAN_POINT ( 'NONE',  ( 94.57066711496374012, -0.7968022063995596760, 0.000000000000000000 ) ) ;
#113 = EDGE_LOOP ( 'NONE', ( #2056, #2154, #1710, #1388 ) ) ;
#114 = CARTESIAN_POINT ( 'NONE',  ( 12.57958544553577696, 7.544262120501744384, 0.000000000000000000 ) ) ;
#115 = CARTESIAN_POINT ( 'NONE',  ( 83.26826253256668053, 6.433430865366007723, 54.83346196204509226 ) ) ;
#116 = VERTEX_POINT ( 'NONE', #484 ) ;
#117 = ORIENTED_EDGE ( 'NONE', *, *, #673, .F. ) ;
#118 = CARTESIAN_POINT ( 'NONE',  ( 39.80588849278576191, -0.7016091822450429838, 328.9999999999996589 ) ) ;
#119 = CARTESIAN_POINT ( 'NONE',  ( 86.47964504620668436, 5.593436032609519160, 252.0000000000000000 ) ) ;
#120 = SHAPE_DEFINITION_REPRESENTATION ( #313, #1748 ) ;
#121 = EDGE_CURVE ( 'NONE', #2877, #1328, #3094, .T. ) ;
#122 = DIRECTION ( 'NONE',  ( 0.000000000000000000, 1.000000000000000000, 0.000000000000000000 ) ) ;
#123 = DIRECTION ( 'NONE',  ( -0.03670029204312422882, 0.9993263173578235126, 0.000000000000000000 ) ) ;
#124 = CARTESIAN_POINT ( 'NONE',  ( 91.77870947852764516, -0.8993279474698993026, 179.9999999999998863 ) ) ;
#125 = CARTESIAN_POINT ( 'NONE',  ( 90.08871368539300306, -0.9613920350123963399, 257.0000000000000000 ) ) ;
#126 = ORIENTED_EDGE ( 'NONE', *, *, #882, .F. ) ;
#127 = EDGE_CURVE ( 'NONE', #1468, #2762, #1143, .T. ) ;
#128 = CARTESIAN_POINT ( 'NONE',  ( 48.76144562227371182, -2.269136682365686219, 328.9999999999994884 ) ) ;
#129 = ORIENTED_EDGE ( 'NONE', *, *, #1622, .T. ) ;
#130 = AXIS2_PLACEMENT_3D ( 'NONE', #2769, #2517, #2283 ) ;
#131 = PLANE ( 'NONE',  #912 ) ;
#132 = ORIENTED_EDGE ( 'NONE', *, *, #2737, .F. ) ;
#133 = CARTESIAN_POINT ( 'NONE',  ( 39.91182844379118677, 0.6764899373294523954, 328.9999999999995453 ) ) ;
#134 = CARTESIAN_POINT ( 'NONE',  ( 86.34999562234368398, -0.5983651403149211623, 177.0000000000000000 ) ) ;
#135 = CARTESIAN_POINT ( 'NONE',  ( 113.0731633169945525, -0.1172982796997445731, 329.0000000000000000 ) ) ;
#136 = CARTESIAN_POINT ( 'NONE',  ( 114.9008294260164007, -0.05016421021564968635, 329.0000000000000000 ) ) ;
#137 = LINE ( 'NONE', #1174, #365 ) ;
#138 = CARTESIAN_POINT ( 'NONE',  ( 86.73090693802643614, 5.892878294867693434, 8.801712675418842835 ) ) ;
#139 = B_SPLINE_CURVE_WITH_KNOTS ( 'NONE', 3,
 ( #2428, #109, #1686, #3230 ),
 .UNSPECIFIED., .F., .F.,
 ( 4, 4 ),
 ( 1.387778780781445676E-17, 0.003000000000000002665 ),
 .UNSPECIFIED. ) ;
#140 = CARTESIAN_POINT ( 'NONE',  ( 0.000000000000000000, 0.000000000000000000, 59.99999999999999289 ) ) ;
#141 = CARTESIAN_POINT ( 'NONE',  ( 5.141975944104347107, 4.782409496610251054, 0.000000000000000000 ) ) ;
#142 = CARTESIAN_POINT ( 'NONE',  ( 93.80799999993830340, -0.8247999983189502338, 0.000000000000000000 ) ) ;
#143 = CARTESIAN_POINT ( 'NONE',  ( 89.50996784996186761, 5.357245121977248559, 57.00000000000000711 ) ) ;
#144 = ORIENTED_EDGE ( 'NONE', *, *, #2600, .T. ) ;
#145 = CARTESIAN_POINT ( 'NONE',  ( 1.398801286572756153, 2.070192600861033849, 0.000000000000000000 ) ) ;
#146 = CARTESIAN_POINT ( 'NONE',  ( 85.89839378434405148, -4.727338508037930431, 0.000000000000000000 ) ) ;
#147 = DIRECTION ( 'NONE',  ( 0.000000000000000000, 0.000000000000000000, 1.000000000000000000 ) ) ;
#148 = DIRECTION ( 'NONE',  ( -1.000000000000000000, 0.000000000000000000, 0.000000000000000000 ) ) ;
#149 = LINE ( 'NONE', #2172, #3184 ) ;
#150 = CARTESIAN_POINT ( 'NONE',  ( 86.73339213380866397, 5.895840035869485796, 5.400856363298541574 ) ) ;
#151 = CARTESIAN_POINT ( 'NONE',  ( 111.9008294260163865, 0.6576978740434533677, 305.8428847974810765 ) ) ;
#152 = DIRECTION ( 'NONE',  ( 0.000000000000000000, 0.000000000000000000, -1.000000000000000000 ) ) ;
#153 = AXIS2_PLACEMENT_3D ( 'NONE', #1529, #2560, #1234 ) ;
#154 = LINE ( 'NONE', #654, #231 ) ;
#155 = ORIENTED_EDGE ( 'NONE', *, *, #3340, .F. ) ;
#156 = CARTESIAN_POINT ( 'NONE',  ( 12.15251598662525723, -3.390816979851185131, 0.000000000000000000 ) ) ;
#157 = CARTESIAN_POINT ( 'NONE',  ( 88.08839220714851592, 5.658365643361007002, 0.000000000000000000 ) ) ;
#158 = EDGE_CURVE ( 'NONE', #672, #3355, #1707, .T. ) ;
#159 = VECTOR ( 'NONE', #1937, 1000.000000000000114 ) ;
#160 = ORIENTED_EDGE ( 'NONE', *, *, #3025, .F. ) ;
#161 = LINE ( 'NONE', #2502, #2354 ) ;
#162 = CARTESIAN_POINT ( 'NONE',  ( 90.52736408405640134, 5.122923195087877524, 115.0000000000000426 ) ) ;
#163 = ORIENTED_EDGE ( 'NONE', *, *, #2421, .F. ) ;
#164 = CARTESIAN_POINT ( 'NONE',  ( 3.073299380197674235, -2.517653936882200849, 0.000000000000000000 ) ) ;
#165 = CARTESIAN_POINT ( 'NONE',  ( 90.82880889635953281, 4.909260274519735567, 252.0000000000003411 ) ) ;
#166 = EDGE_CURVE ( 'NONE', #1692, #1152, #1460, .T. ) ;
#167 = CARTESIAN_POINT ( 'NONE',  ( 111.9008294260164007, -0.1603478212713536633, 111.9999999999999858 ) ) ;
#168 = CARTESIAN_POINT ( 'NONE',  ( 86.57092401492739953, 5.702218071510724684, 182.0000000000000000 ) ) ;
#169 = DIRECTION ( 'NONE',  ( -0.6427876096865348110, -0.7660444431189817882, 0.000000000000000000 ) ) ;
#170 = CARTESIAN_POINT ( 'NONE',  ( 0.4815827054842298782, -1.235815210231370642, 0.000000000000000000 ) ) ;
#171 = CARTESIAN_POINT ( 'NONE',  ( 64.44605524613710656, 9.153158555011062347, 0.000000000000000000 ) ) ;
#172 = CARTESIAN_POINT ( 'NONE',  ( 59.48837486831683918, 9.634968819951772900, 0.000000000000000000 ) ) ;
#173 = EDGE_CURVE ( 'NONE', #116, #2642, #1408, .T. ) ;
#174 = VECTOR ( 'NONE', #2156, 1000.000000000000114 ) ;
#175 = B_SPLINE_CURVE_WITH_KNOTS ( 'NONE', 3,
 ( #361, #1717, #891, #1402 ),
 .UNSPECIFIED., .F., .F.,
 ( 4, 4 ),
 ( 1.908195823574487804E-17, 0.05300000000034370273 ),
 .UNSPECIFIED. ) ;
#176 = DIRECTION ( 'NONE',  ( -0.6427876096865348110, -0.7660444431189817882, 0.000000000000000000 ) ) ;
#177 = ORIENTED_EDGE ( 'NONE', *, *, #3066, .T. ) ;
#178 = ORIENTED_EDGE ( 'NONE', *, *, #2147, .F. ) ;
#179 = CARTESIAN_POINT ( 'NONE',  ( 2.516187955659561215, 3.103863637544818754, 0.000000000000000000 ) ) ;
#180 = LINE ( 'NONE', #438, #2333 ) ;
#181 = ORIENTED_EDGE ( 'NONE', *, *, #1933, .T. ) ;
#182 = CARTESIAN_POINT ( 'NONE',  ( 86.75727349766768270, -1.083740011416445048, 60.00000000000000711 ) ) ;
#183 = DIRECTION ( 'NONE',  ( 0.000000000000000000, 0.000000000000000000, 1.000000000000000000 ) ) ;
#184 = CARTESIAN_POINT ( 'NONE',  ( 105.2015772275415486, 2.157194541394247267, 327.0000000000003979 ) ) ;
#185 = CARTESIAN_POINT ( 'NONE',  ( 89.23248988995833031, 5.449104069315406917, 0.000000000000000000 ) ) ;
#186 = CARTESIAN_POINT ( 'NONE',  ( 99.52839755425976875, 3.420345277289288166, 0.000000000000000000 ) ) ;
#187 = ORIENTED_EDGE ( 'NONE', *, *, #1838, .F. ) ;
#188 = CARTESIAN_POINT ( 'NONE',  ( 111.9008294260164007, -0.1603489315469414089, 2.000000000000000000 ) ) ;
#189 = ORIENTED_EDGE ( 'NONE', *, *, #340, .T. ) ;
#190 = ORIENTED_EDGE ( 'NONE', *, *, #1314, .T. ) ;
#191 = CARTESIAN_POINT ( 'NONE',  ( 86.73584785656774443, 5.898766652290043488, 2.000000000000000000 ) ) ;
#192 = CARTESIAN_POINT ( 'NONE',  ( 3.430353240784099533, -2.585848918159089127, 0.000000000000000000 ) ) ;
#193 = EDGE_CURVE ( 'NONE', #692, #3104, #2961, .T. ) ;
#194 = DIRECTION ( 'NONE',  ( 0.6427876096865372535, -0.7660444431189796788, 0.000000000000000000 ) ) ;
#195 = VERTEX_POINT ( 'NONE', #1157 ) ;
#196 = CARTESIAN_POINT ( 'NONE',  ( 82.95816034734441757, -1.223304746428029333, 243.9971964144479841 ) ) ;
#197 = CARTESIAN_POINT ( 'NONE',  ( 52.32553027587235306, -2.348838596796508860, 0.000000000000000000 ) ) ;
#198 = CARTESIAN_POINT ( 'NONE',  ( 114.9008294260163865, -0.05016421021564967941, 164.5000000000000000 ) ) ;
#199 = CARTESIAN_POINT ( 'NONE',  ( 88.78333707407909969, 5.343041997009144062, 182.0000000000000853 ) ) ;
#200 = DIRECTION ( 'NONE',  ( 0.03670029204312422189, -0.9993263173578235126, 0.000000000000000000 ) ) ;
#201 = ADVANCED_FACE ( 'NONE', ( #896 ), #1476, .T. ) ;
#202 = VECTOR ( 'NONE', #679, 1000.000000000000227 ) ;
#203 = CARTESIAN_POINT ( 'NONE',  ( 40.94917484507263339, 1.753697705252455608, 328.9999999999999432 ) ) ;
#204 = CARTESIAN_POINT ( 'NONE',  ( 53.00581146076255123, 10.12016577452680366, 0.000000000000000000 ) ) ;
#205 = CARTESIAN_POINT ( 'NONE',  ( 78.93636952780775573, 7.210515860485408268, 0.000000000000000000 ) ) ;
#206 = ORIENTED_EDGE ( 'NONE', *, *, #2774, .F. ) ;
#207 = CARTESIAN_POINT ( 'NONE',  ( 51.48022411051837821, 10.20635754093291681, 0.000000000000000000 ) ) ;
#208 = FACE_OUTER_BOUND ( 'NONE', #431, .T. ) ;
#209 = ORIENTED_EDGE ( 'NONE', *, *, #1354, .T. ) ;
#210 = ORIENTED_EDGE ( 'NONE', *, *, #1049, .T. ) ;
#211 = CARTESIAN_POINT ( 'NONE',  ( 111.9008294260164007, -0.1603477655009281910, 111.9999999999999858 ) ) ;
#212 = DIRECTION ( 'NONE',  ( 0.000000000000000000, 0.000000000000000000, 1.000000000000000000 ) ) ;
#213 = AXIS2_PLACEMENT_3D ( 'NONE', #701, #2022, #3319 ) ;
#214 = CARTESIAN_POINT ( 'NONE',  ( 2.855951788231237298, -2.470602547177901176, 0.000000000000000000 ) ) ;
#215 = VERTEX_POINT ( 'NONE', #2458 ) ;
#216 = LINE ( 'NONE', #3055, #58 ) ;
#217 = CARTESIAN_POINT ( 'NONE',  ( 83.46387047211773336, -1.204657313906701166, 328.9999999999996589 ) ) ;
#218 = CARTESIAN_POINT ( 'NONE',  ( 111.9008294260164007, 0.3399892986060866207, 111.9999999999999574 ) ) ;
#219 = DIRECTION ( 'NONE',  ( 0.000000000000000000, 0.000000000000000000, -1.000000000000000000 ) ) ;
#220 = B_SPLINE_CURVE_WITH_KNOTS ( 'NONE', 3,
 ( #1254, #2008, #3038, #3105 ),
 .UNSPECIFIED., .F., .F.,
 ( 4, 4 ),
 ( 0.000000000000000000, 0.06300000000093684827 ),
 .UNSPECIFIED. ) ;
#221 = CARTESIAN_POINT ( 'NONE',  ( 86.75727690884998822, -1.083744076705211112, 177.0000000000000000 ) ) ;
#222 = CARTESIAN_POINT ( 'NONE',  ( 45.96886028273485181, 4.343707445770133901, 329.0000000000001705 ) ) ;
#223 = CARTESIAN_POINT ( 'NONE',  ( 76.64838609317732221, 7.563759496871438337, 0.000000000000000000 ) ) ;
#224 = CARTESIAN_POINT ( 'NONE',  ( 20.35709721531501870, 9.244126943296109289, 0.000000000000000000 ) ) ;
#225 = CARTESIAN_POINT ( 'NONE',  ( 34.31998862094260261, -3.009537950107590287, 0.000000000000000000 ) ) ;
#226 = ADVANCED_FACE ( 'NONE', ( #917 ), #3272, .F. ) ;
#227 = CARTESIAN_POINT ( 'NONE',  ( 66.71296514936187805, -1.818563841680442827, 328.9999999999993747 ) ) ;
#228 = EDGE_CURVE ( 'NONE', #441, #672, #668, .T. ) ;
#229 = DIRECTION ( 'NONE',  ( 0.000000000000000000, 0.000000000000000000, 1.000000000000000000 ) ) ;
#230 = ORIENTED_EDGE ( 'NONE', *, *, #193, .T. ) ;
#231 = VECTOR ( 'NONE', #401, 1000.000000000000000 ) ;
#232 = ORIENTED_EDGE ( 'NONE', *, *, #1067, .F. ) ;
#233 = LINE ( 'NONE', #1482, #713 ) ;
#234 = CARTESIAN_POINT ( 'NONE',  ( 0.1670456940203048357, -0.7891041856379324981, 0.000000000000000000 ) ) ;
#235 = DIRECTION ( 'NONE',  ( -1.000000000000000000, 0.000000000000000000, -0.000000000000000000 ) ) ;
#236 = CARTESIAN_POINT ( 'NONE',  ( 97.32923218858748271, 3.690934988864302824, 329.0000000000000000 ) ) ;
#237 = CARTESIAN_POINT ( 'NONE',  ( 86.40562264527662251, -1.096657106876709031, 0.000000000000000000 ) ) ;
#238 = CARTESIAN_POINT ( 'NONE',  ( 111.9008294260163723, 0.6591514599650808437, 95.66666666670694497 ) ) ;
#239 = CARTESIAN_POINT ( 'NONE',  ( 110.8466386022883512, 0.9061074076134705280, 182.0000000000000568 ) ) ;
#240 = DIRECTION ( 'NONE',  ( -1.000000000000000000, 0.000000000000000000, -0.000000000000000000 ) ) ;
#241 = DIRECTION ( 'NONE',  ( 0.000000000000000000, 0.000000000000000000, -1.000000000000000000 ) ) ;
#242 = CARTESIAN_POINT ( 'NONE',  ( 2.516187955659561215, 3.103863637544818754, 0.000000000000000000 ) ) ;
#243 = CARTESIAN_POINT ( 'NONE',  ( 60.46441972784471375, 9.555406564566125027, 0.000000000000000000 ) ) ;
#244 = CARTESIAN_POINT ( 'NONE',  ( 34.67685276963516827, -2.995672032723854628, 0.000000000000000000 ) ) ;
#245 = CARTESIAN_POINT ( 'NONE',  ( 86.80497518020163739, -1.081988198953732994, 54.99999999999996447 ) ) ;
#246 = ORIENTED_EDGE ( 'NONE', *, *, #2248, .F. ) ;
#247 = CARTESIAN_POINT ( 'NONE',  ( 44.84256760754227145, 3.940875545263442081, 329.0000000000000000 ) ) ;
#248 = ORIENTED_EDGE ( 'NONE', *, *, #1335, .T. ) ;
#249 = FACE_OUTER_BOUND ( 'NONE', #992, .T. ) ;
#250 = DIRECTION ( 'NONE',  ( 0.7660444431189817882, -0.6427876096865348110, 0.000000000000000000 ) ) ;
#251 = CARTESIAN_POINT ( 'NONE',  ( 0.4815827054842298782, -1.235815210231370642, 0.000000000000000000 ) ) ;
#252 = CARTESIAN_POINT ( 'NONE',  ( 111.9008294260164007, -0.1603477655009281910, 120.0000000000000000 ) ) ;
#253 = ORIENTED_EDGE ( 'NONE', *, *, #3134, .T. ) ;
#254 = CARTESIAN_POINT ( 'NONE',  ( 23.11297543502547569, -3.389936507706682089, 0.000000000000000000 ) ) ;
#255 = CARTESIAN_POINT ( 'NONE',  ( 86.57324567951830829, 5.704984923627746340, 180.0000000000000000 ) ) ;
#256 = CARTESIAN_POINT ( 'NONE',  ( 85.89839378434405148, -4.727338508037932208, 329.0000000884057840 ) ) ;
#257 = CARTESIAN_POINT ( 'NONE',  ( 86.75727748948369822, -1.083744768677505910, 181.9999999999999432 ) ) ;
#258 = CARTESIAN_POINT ( 'NONE',  ( 103.8138119759175169, -0.4573389353999083862, 249.0000000000000000 ) ) ;
#259 = CARTESIAN_POINT ( 'NONE',  ( 3.117443883882528688, 3.571704146890768428, 0.000000000000000000 ) ) ;
#260 = CARTESIAN_POINT ( 'NONE',  ( 49.41944550399089309, 5.337591357823739280, 329.0000000000002274 ) ) ;
#261 = EDGE_CURVE ( 'NONE', #1152, #3205, #2759, .T. ) ;
#262 = AXIS2_PLACEMENT_3D ( 'NONE', #2365, #1599, #1313 ) ;
#263 = ORIENTED_EDGE ( 'NONE', *, *, #2664, .F. ) ;
#264 = VERTEX_POINT ( 'NONE', #688 ) ;
#265 = CARTESIAN_POINT ( 'NONE',  ( 86.57092401492739953, 5.702218071510724684, 182.0000000000000000 ) ) ;
#266 = CARTESIAN_POINT ( 'NONE',  ( -0.009167782124440811142, -0.2711998493894691165, 0.000000000000000000 ) ) ;
#267 = CARTESIAN_POINT ( 'NONE',  ( 86.34999562234368398, -0.5983651403149211623, 182.0000000000000000 ) ) ;
#268 = ORIENTED_EDGE ( 'NONE', *, *, #1545, .F. ) ;
#269 = EDGE_CURVE ( 'NONE', #2752, #854, #1455, .T. ) ;
#270 = FACE_BOUND ( 'NONE', #2469, .T. ) ;
#271 = VECTOR ( 'NONE', #2757, 1000.000000000000000 ) ;
#272 = CARTESIAN_POINT ( 'NONE',  ( 86.75729166573823647, -1.083761663289079413, 252.0000000000001705 ) ) ;
#273 = CARTESIAN_POINT ( 'NONE',  ( 86.47670326935653407, 5.589930159479743921, 254.0000000000000000 ) ) ;
#274 = CARTESIAN_POINT ( 'NONE',  ( 83.81705129401322552, 2.420280362814021480, 180.0000000000000000 ) ) ;
#275 = CARTESIAN_POINT ( 'NONE',  ( 86.75727349766768270, -1.083740011416445048, 52.00000000000000711 ) ) ;
#276 = LINE ( 'NONE', #881, #856 ) ;
#277 = CARTESIAN_POINT ( 'NONE',  ( 1.076734832603033709, 1.746284163018664515, 0.000000000000000000 ) ) ;
#278 = CARTESIAN_POINT ( 'NONE',  ( 14.98299591411970155, 8.170970946279783931, 0.000000000000000000 ) ) ;
#279 = CARTESIAN_POINT ( 'NONE',  ( 50.09415656421158047, 5.489953763679944032, 329.0000000000000000 ) ) ;
#280 = CARTESIAN_POINT ( 'NONE',  ( 86.57092401492739953, 5.702218071510724684, 182.0000000000000000 ) ) ;
#281 = ORIENTED_EDGE ( 'NONE', *, *, #710, .F. ) ;
#282 = VERTEX_POINT ( 'NONE', #1192 ) ;
#283 = CARTESIAN_POINT ( 'NONE',  ( 51.48000068995009570, -2.379895428093629306, 0.000000000000000000 ) ) ;
#284 = LINE ( 'NONE', #17, #1160 ) ;
#285 = CARTESIAN_POINT ( 'NONE',  ( 111.9008294260164007, -0.1603470177296336674, 180.0000000000000000 ) ) ;
#286 = VERTEX_POINT ( 'NONE', #2219 ) ;
#287 = CARTESIAN_POINT ( 'NONE',  ( 109.7871838215895934, 0.2623695672188540162, 249.0000000000000000 ) ) ;
#288 = CARTESIAN_POINT ( 'NONE',  ( 66.84022502381422726, -1.814026112531589519, 329.0000000000000000 ) ) ;
#289 = AXIS2_PLACEMENT_3D ( 'NONE', #1232, #2323, #1041 ) ;
#290 = CARTESIAN_POINT ( 'NONE',  ( 84.09293576074328769, -1.181571082489708324, 328.9999999999998295 ) ) ;
#291 = CARTESIAN_POINT ( 'NONE',  ( 111.9008294260164007, -9.946594549830242826, 182.0000000000000000 ) ) ;
#292 = EDGE_CURVE ( 'NONE', #1754, #2616, #639, .T. ) ;
#293 = CARTESIAN_POINT ( 'NONE',  ( 11.74727668091271759, 7.305703337800452779, 0.000000000000000000 ) ) ;
#294 = CARTESIAN_POINT ( 'NONE',  ( 60.59238673595397273, 6.731064359389899110, 329.0000000000000000 ) ) ;
#295 = B_SPLINE_CURVE_WITH_KNOTS ( 'NONE', 3,
 ( #1617, #3041, #3290, #184, #2252, #2272, #1758, #2731, #1425, #2459, #669 ),
 .UNSPECIFIED., .F., .F.,
 ( 4, 1, 1, 1, 1, 1, 1, 1, 4 ),
 ( 1.408127789288683377E-17, 0.002059774958622168084, 0.006862425699062689802, 0.01166507643950321152, 0.01646772717994373497, 0.01886905255016401925, 0.02127037792038425149, 0.02367170329060455658, 0.02599282747855458098 ),
 .UNSPECIFIED. ) ;
#296 = EDGE_LOOP ( 'NONE', ( #68, #3245, #2878, #2859, #617 ) ) ;
#297 = CARTESIAN_POINT ( 'NONE',  ( 48.04800180918229557, -2.505856103317667838, 0.000000000000000000 ) ) ;
#298 = CARTESIAN_POINT ( 'NONE',  ( 114.3999999988899248, 0.06856000026313635587, 0.000000000000000000 ) ) ;
#299 = DIRECTION ( 'NONE',  ( 0.000000000000000000, 0.000000000000000000, 1.000000000000000000 ) ) ;
#300 = ORIENTED_EDGE ( 'NONE', *, *, #2600, .F. ) ;
#301 = CARTESIAN_POINT ( 'NONE',  ( 77.08666978735629982, 6.421667839378972786, 329.0000000000000000 ) ) ;
#302 = CARTESIAN_POINT ( 'NONE',  ( 39.82033554066626380, 0.5378711805504298171, 329.0000000000000000 ) ) ;
#303 = FACE_OUTER_BOUND ( 'NONE', #772, .T. ) ;
#304 = EDGE_CURVE ( 'NONE', #838, #2169, #3128, .T. ) ;
#305 = DIRECTION ( 'NONE',  ( -0.6427876096865406952, 0.7660444431189769032, 0.000000000000000000 ) ) ;
#306 = CARTESIAN_POINT ( 'NONE',  ( 42.22382225212984252, 10.49114447452352472, 0.000000000000000000 ) ) ;
#307 = CARTESIAN_POINT ( 'NONE',  ( 114.7367195227135142, -0.01126110739042009319, 329.0000000000000568 ) ) ;
#308 = EDGE_CURVE ( 'NONE', #2934, #282, #1294, .T. ) ;
#309 = VERTEX_POINT ( 'NONE', #2526 ) ;
#310 = CARTESIAN_POINT ( 'NONE',  ( 18.30402613859457972, -3.462175065770511040, 0.000000000000000000 ) ) ;
#311 = VECTOR ( 'NONE', #1849, 1000.000000000000000 ) ;
#312 = CARTESIAN_POINT ( 'NONE',  ( 83.31894911537024484, 6.493836782518506823, 0.000000000000000000 ) ) ;
#313 = PRODUCT_DEFINITION_SHAPE ( 'NONE', 'NONE',  #600 ) ;
#314 = CARTESIAN_POINT ( 'NONE',  ( 111.9008294260164149, 0.3399892986060862321, 120.0000000000000000 ) ) ;
#315 = EDGE_LOOP ( 'NONE', ( #1712, #1414, #1792, #1396 ) ) ;
#316 = CARTESIAN_POINT ( 'NONE',  ( 46.36812943917652063, -2.190963278361377942, 328.9999999999993179 ) ) ;
#317 = FILL_AREA_STYLE ('',( #2883 ) ) ;
#318 = CARTESIAN_POINT ( 'NONE',  ( 60.34264494457138284, -2.056334148144881357, 329.0000000000000000 ) ) ;
#319 = CARTESIAN_POINT ( 'NONE',  ( 109.7866448637809782, -0.2379797960760839381, 328.9999999999996021 ) ) ;
#320 = VECTOR ( 'NONE', #2215, 1000.000000000000000 ) ;
#321 = CARTESIAN_POINT ( 'NONE',  ( 60.46441972784471375, 9.555406564566125027, 0.000000000000000000 ) ) ;
#322 = CARTESIAN_POINT ( 'NONE',  ( 86.75727748948369822, -1.083744768677505910, 181.9999999999999432 ) ) ;
#323 = CARTESIAN_POINT ( 'NONE',  ( 110.9917313044413163, -0.1937317145176628008, 257.0000000000000000 ) ) ;
#324 = EDGE_CURVE ( 'NONE', #2446, #2895, #2586, .T. ) ;
#325 = ORIENTED_EDGE ( 'NONE', *, *, #2766, .T. ) ;
#326 = ADVANCED_FACE ( 'NONE', ( #3075 ), #1061, .T. ) ;
#327 = CARTESIAN_POINT ( 'NONE',  ( 52.62400078038660212, -2.337807867023334651, 0.000000000000000000 ) ) ;
#328 = FACE_OUTER_BOUND ( 'NONE', #2583, .T. ) ;
#329 = LINE ( 'NONE', #3121, #473 ) ;
#330 = ORIENTED_EDGE ( 'NONE', *, *, #2575, .T. ) ;
#331 = CARTESIAN_POINT ( 'NONE',  ( 83.81705129401322552, 2.420280362814021480, 180.0000000000000000 ) ) ;
#332 = CARTESIAN_POINT ( 'NONE',  ( 41.47194094799620956, -1.636404478041954214, 329.0000000000000000 ) ) ;
#333 = LINE ( 'NONE', #2851, #573 ) ;
#334 = B_SPLINE_CURVE_WITH_KNOTS ( 'NONE', 3,
 ( #924, #2674, #143, #344, #1680, #1198, #2212, #376 ),
 .UNSPECIFIED., .F., .F.,
 ( 4, 1, 1, 1, 1, 4 ),
 ( 0.002915815787490087015, 0.003768518535711364807, 0.01063887864957464499, 0.01750923876343792387, 0.02437959887730120276, 0.02865159730822880793 ),
 .UNSPECIFIED. ) ;
#335 = CARTESIAN_POINT ( 'NONE',  ( 38.56979445614752677, 10.47474869993192748, 0.000000000000000000 ) ) ;
#336 = CARTESIAN_POINT ( 'NONE',  ( 110.7773338126892213, -0.2016197203047890851, 0.000000000000000000 ) ) ;
#337 = ORIENTED_EDGE ( 'NONE', *, *, #2014, .F. ) ;
#338 = AXIS2_PLACEMENT_3D ( 'NONE', #2473, #147, #1187 ) ;
#339 = CARTESIAN_POINT ( 'NONE',  ( 6.288033833096451808, 5.330308871231748569, 0.000000000000000000 ) ) ;
#340 = EDGE_CURVE ( 'NONE', #1371, #2980, #2778, .T. ) ;
#341 = VERTEX_POINT ( 'NONE', #272 ) ;
#342 = CARTESIAN_POINT ( 'NONE',  ( 14.87192747705027607, -3.449052522815100996, 0.000000000000000000 ) ) ;
#343 = CARTESIAN_POINT ( 'NONE',  ( 106.3924436462557281, 1.931875778657422993, 0.000000000000000000 ) ) ;
#344 = CARTESIAN_POINT ( 'NONE',  ( 94.29457636334515769, 4.473754769863122149, 56.99999999999993605 ) ) ;
#345 = ORIENTED_EDGE ( 'NONE', *, *, #419, .T. ) ;
#346 = CARTESIAN_POINT ( 'NONE',  ( 88.83423266298044041, -0.5071306002127375923, 252.0000000000000000 ) ) ;
#347 = CARTESIAN_POINT ( 'NONE',  ( 94.57998964035857625, -0.7964422069476765342, 329.0000000000000000 ) ) ;
#348 = EDGE_CURVE ( 'NONE', #3317, #84, #1025, .T. ) ;
#349 = CARTESIAN_POINT ( 'NONE',  ( 114.9008294260163723, -0.05016421021564967248, 0.000000000000000000 ) ) ;
#350 = DIRECTION ( 'NONE',  ( 2.773687824619957966E-14, 1.000000000000000000, 0.000000000000000000 ) ) ;
#351 = CARTESIAN_POINT ( 'NONE',  ( 45.87753826613575114, 10.43996042875145314, 0.000000000000000000 ) ) ;
#352 = DIRECTION ( 'NONE',  ( 0.000000000000000000, 0.000000000000000000, 1.000000000000000000 ) ) ;
#353 = ORIENTED_EDGE ( 'NONE', *, *, #2279, .T. ) ;
#354 = CARTESIAN_POINT ( 'NONE',  ( 2.842816086547467869, 3.362647340539301588, 0.000000000000000000 ) ) ;
#355 = DIRECTION ( 'NONE',  ( -0.9993263173578234015, -0.03670029204312422189, 0.000000000000000000 ) ) ;
#356 = ORIENTED_EDGE ( 'NONE', *, *, #763, .T. ) ;
#357 = EDGE_CURVE ( 'NONE', #1625, #2075, #2271, .T. ) ;
#358 = CARTESIAN_POINT ( 'NONE',  ( 73.21650572640163546, 8.063821503722556017, 0.000000000000000000 ) ) ;
#359 = CARTESIAN_POINT ( 'NONE',  ( 111.8824798098075775, 0.3393171569353730099, 249.0000000000000000 ) ) ;
#360 = VERTEX_POINT ( 'NONE', #255 ) ;
#361 = CARTESIAN_POINT ( 'NONE',  ( 111.9008294260164007, 0.6595100947987294626, 1.999999999999991340 ) ) ;
#362 = CARTESIAN_POINT ( 'NONE',  ( 109.5744544113157133, -0.2457696955865978916, 329.0000000000000000 ) ) ;
#363 = CARTESIAN_POINT ( 'NONE',  ( 103.8138119759175169, -0.4573389353999083862, 249.0000000000000000 ) ) ;
#364 = PLANE ( 'NONE',  #2755 ) ;
#365 = VECTOR ( 'NONE', #2202, 1000.000000000000000 ) ;
#366 = CARTESIAN_POINT ( 'NONE',  ( 86.64177355867150254, 5.786653269801419697, 115.0000000000000000 ) ) ;
#367 = CARTESIAN_POINT ( 'NONE',  ( 61.77599986613864758, -2.001019688377183581, 0.000000000000000000 ) ) ;
#368 = CARTESIAN_POINT ( 'NONE',  ( 87.97635880849250611, -1.038980753687999803, 254.0000000000001137 ) ) ;
#369 = VERTEX_POINT ( 'NONE', #1046 ) ;
#370 = VECTOR ( 'NONE', #1818, 1000.000000000000000 ) ;
#371 = B_SPLINE_CURVE_WITH_KNOTS ( 'NONE', 3,
 ( #914, #1955, #2990, #647 ),
 .UNSPECIFIED., .F., .F.,
 ( 4, 4 ),
 ( 0.002999999999999919398, 0.05999999999999999084 ),
 .UNSPECIFIED. ) ;
#372 = CARTESIAN_POINT ( 'NONE',  ( 6.983004288650841218, -3.124332127504656054, 0.000000000000000000 ) ) ;
#373 = CARTESIAN_POINT ( 'NONE',  ( 0.1671209118636181878, 0.5472522012638345590, 0.000000000000000000 ) ) ;
#374 = ORIENTED_EDGE ( 'NONE', *, *, #1637, .T. ) ;
#375 = CARTESIAN_POINT ( 'NONE',  ( 110.9680002581441158, -0.1946136963498612538, 0.000000000000000000 ) ) ;
#376 = CARTESIAN_POINT ( 'NONE',  ( 111.9008294260164007, 0.6593113521493755291, 56.99999999999999289 ) ) ;
#377 = EDGE_LOOP ( 'NONE', ( #2408, #3042, #387, #1005 ) ) ;
#378 = CARTESIAN_POINT ( 'NONE',  ( 41.24918983354890401, 2.016931498215861485, 329.0000000000001137 ) ) ;
#379 = CARTESIAN_POINT ( 'NONE',  ( 108.4174051083683139, 1.467533569652849090, 252.0000000000001705 ) ) ;
#380 = CARTESIAN_POINT ( 'NONE',  ( 112.1984863478309506, -0.1494209544254951894, 329.0000000000000000 ) ) ;
#381 = CARTESIAN_POINT ( 'NONE',  ( 103.8138119759175169, -0.4573389353999083862, 251.9999999999999432 ) ) ;
#382 = PLANE ( 'NONE',  #2386 ) ;
#383 = LINE ( 'NONE', #2204, #2892 ) ;
#384 = DIRECTION ( 'NONE',  ( 0.6427876096865347000, 0.7660444431189817882, 0.000000000000000000 ) ) ;
#385 = CARTESIAN_POINT ( 'NONE',  ( 83.81705129401322552, 2.420280362814021480, 327.0000000000000000 ) ) ;
#386 = CARTESIAN_POINT ( 'NONE',  ( 9.151483621225622755, -3.256714167194110221, 0.000000000000000000 ) ) ;
#387 = ORIENTED_EDGE ( 'NONE', *, *, #121, .T. ) ;
#388 = CARTESIAN_POINT ( 'NONE',  ( 42.20186211193854575, -1.782597617946420687, 329.0000000000006253 ) ) ;
#389 = CARTESIAN_POINT ( 'NONE',  ( 18.30121651909700731, 8.876541422035137074, 0.000000000000000000 ) ) ;
#390 = ORIENTED_EDGE ( 'NONE', *, *, #3310, .F. ) ;
#391 = VECTOR ( 'NONE', #704, 1000.000000000000000 ) ;
#392 = CARTESIAN_POINT ( 'NONE',  ( 114.2093333324916102, -0.07556331041301944662, -0.000000000000000000 ) ) ;
#393 = CARTESIAN_POINT ( 'NONE',  ( 86.34999139119773304, -0.5983600978315372076, 115.0000000000000000 ) ) ;
#394 = CARTESIAN_POINT ( 'NONE',  ( 40.30589049035867788, 1.127191150727815172, 329.0000000000001705 ) ) ;
#395 = CARTESIAN_POINT ( 'NONE',  ( 98.77121132866025732, 3.490955373614314627, 251.9999999999999432 ) ) ;
#396 = APPLICATION_PROTOCOL_DEFINITION ( 'draft international standard', 'automotive_design', 1998, #2573 ) ;
#397 = DIRECTION ( 'NONE',  ( 0.000000000000000000, 0.000000000000000000, -1.000000000000000000 ) ) ;
#398 = CARTESIAN_POINT ( 'NONE',  ( 85.76305105381759120, 9.406604048329645806, 328.9999999152632313 ) ) ;
#399 = CARTESIAN_POINT ( 'NONE',  ( 86.75727349766768270, -1.083740011416445048, 60.00000000000000711 ) ) ;
#400 = EDGE_CURVE ( 'NONE', #1118, #458, #3233, .T. ) ;
#401 = DIRECTION ( 'NONE',  ( -0.6427876096865348110, -0.7660444431189817882, 0.000000000000000000 ) ) ;
#402 = ORIENTED_EDGE ( 'NONE', *, *, #2766, .F. ) ;
#403 = TRIMMED_CURVE ( 'NONE', #1775, ( PARAMETER_VALUE ( 0.000000000000000000 ), #774 ), ( PARAMETER_VALUE ( 1.000000000000017764 ), #1023 ), .T., .PARAMETER. ) ;
#404 = CARTESIAN_POINT ( 'NONE',  ( 4.566299630012237820, 4.475233609691198211, 0.000000000000000000 ) ) ;
#405 = EDGE_CURVE ( 'NONE', #1204, #2669, #2310, .T. ) ;
#406 = CARTESIAN_POINT ( 'NONE',  ( 114.4000000000000057, 0.06855999999999999595, 0.000000000000000000 ) ) ;
#407 = CARTESIAN_POINT ( 'NONE',  ( 114.5726096186829466, 0.02764199560724800442, 329.0000000000000000 ) ) ;
#408 = VERTEX_POINT ( 'NONE', #22 ) ;
#409 = CARTESIAN_POINT ( 'NONE',  ( 0.2227176076624322321, 0.6770619950843719259, 0.000000000000000000 ) ) ;
#410 = CARTESIAN_POINT ( 'NONE',  ( 106.4675950968968863, 1.929729864249945637, 1.999999999999981348 ) ) ;
#411 = CARTESIAN_POINT ( 'NONE',  ( 87.58257302758420337, -1.053459180839880771, 329.0000000000000000 ) ) ;
#412 = LINE ( 'NONE', #2491, #2701 ) ;
#413 = CARTESIAN_POINT ( 'NONE',  ( 110.3050440563262811, -0.2189547332005238878, 1.999999999999981792 ) ) ;
#414 = CARTESIAN_POINT ( 'NONE',  ( 111.9008294260163865, -0.1603460212006482255, 251.9999999999999432 ) ) ;
#415 = CARTESIAN_POINT ( 'NONE',  ( 88.06118438317453467, 7.478241219270040929, 252.0000000000000000 ) ) ;
#416 = CARTESIAN_POINT ( 'NONE',  ( 114.6546645710618009, 0.008190444022197807677, 328.9999999999998863 ) ) ;
#417 = AXIS2_PLACEMENT_3D ( 'NONE', #2337, #1052, #2719 ) ;
#418 = PLANE ( 'NONE',  #993 ) ;
#419 = EDGE_CURVE ( 'NONE', #974, #1328, #2036, .T. ) ;
#420 = CARTESIAN_POINT ( 'NONE',  ( 67.49640033467966305, 8.806921853577966530, 0.000000000000000000 ) ) ;
#421 = CARTESIAN_POINT ( 'NONE',  ( 69.78441242560552382, 8.524236325322787522, 0.000000000000000000 ) ) ;
#422 = CARTESIAN_POINT ( 'NONE',  ( 41.18399838533454016, 10.48314338092421316, 0.000000000000000000 ) ) ;
#423 = DIRECTION ( 'NONE',  ( -0.6427876096865347000, -0.7660444431189816772, 9.091718300011134665E-09 ) ) ;
#424 = VERTEX_POINT ( 'NONE', #218 ) ;
#425 = ORIENTED_EDGE ( 'NONE', *, *, #2939, .T. ) ;
#426 = CARTESIAN_POINT ( 'NONE',  ( 39.74627317458354980, 0.4264348129665656573, 329.0000000000001137 ) ) ;
#427 = VERTEX_POINT ( 'NONE', #1257 ) ;
#428 = CARTESIAN_POINT ( 'NONE',  ( 111.9008294260164007, -0.1603484030683038353, 57.00000000000000000 ) ) ;
#429 = CARTESIAN_POINT ( 'NONE',  ( 86.75729754709490749, -1.083768672407736444, 327.0000000000000000 ) ) ;
#430 = CARTESIAN_POINT ( 'NONE',  ( 114.8187744743647869, -0.03071265880303271703, 328.9999999999999432 ) ) ;
#431 = EDGE_LOOP ( 'NONE', ( #719, #2611, #818, #584 ) ) ;
#432 = CARTESIAN_POINT ( 'NONE',  ( 70.92851341857644343, 8.375428333573697870, 0.000000000000000000 ) ) ;
#433 = CARTESIAN_POINT ( 'NONE',  ( 92.66440376991342021, 4.801637588005328361, 0.000000000000000000 ) ) ;
#434 = ORIENTED_EDGE ( 'NONE', *, *, #499, .T. ) ;
#435 = CARTESIAN_POINT ( 'NONE',  ( 29.74356751701375856, 10.19278607518044844, 0.000000000000000000 ) ) ;
#436 = ORIENTED_EDGE ( 'NONE', *, *, #357, .F. ) ;
#437 = EDGE_LOOP ( 'NONE', ( #2722, #2520, #2815, #2789, #2226, #1385, #2230, #1479 ) ) ;
#438 = CARTESIAN_POINT ( 'NONE',  ( 111.9008294260164007, -9.946594549830242826, 115.0000000000000000 ) ) ;
#439 = CARTESIAN_POINT ( 'NONE',  ( 1.140658389513708793, 1.810383649060120614, 0.000000000000000000 ) ) ;
#440 = CARTESIAN_POINT ( 'NONE',  ( 108.2960524859136342, -0.2927227069255814440, 254.0000000000000568 ) ) ;
#441 = VERTEX_POINT ( 'NONE', #2291 ) ;
#442 = B_SPLINE_CURVE_WITH_KNOTS ( 'NONE', 3,
 ( #1029, #2085, #3111, #2604, #1559, #258, #1834, #2854, #516 ),
 .UNSPECIFIED., .F., .F.,
 ( 4, 1, 1, 1, 1, 1, 4 ),
 ( 0.01531462871388702615, 0.03659102008017822705, 0.05218157274076552776, 0.08336267806193996266, 0.1145437833831144669, 0.1457248887042889296, 0.1615913653115763626 ),
 .UNSPECIFIED. ) ;
#443 = CARTESIAN_POINT ( 'NONE',  ( 86.75729166573823647, -1.083761663289079413, 257.0000000000000000 ) ) ;
#444 = CARTESIAN_POINT ( 'NONE',  ( 111.8824798098075775, 0.3393171569353730099, 249.0000000000000000 ) ) ;
#445 = CARTESIAN_POINT ( 'NONE',  ( 13.72783855266412800, -3.429230999650205725, 0.000000000000000000 ) ) ;
#446 = B_SPLINE_SURFACE_WITH_KNOTS ( 'NONE', 3, 1, ( 
 ( #2081, #2543 ),
 ( #2796, #496 ),
 ( #3306, #1310 ),
 ( #3089, #1794 ),
 ( #775, #530 ),
 ( #2345, #237 ),
 ( #21, #1293 ),
 ( #2048, #1045 ),
 ( #2309, #2329 ),
 ( #3345, #510 ),
 ( #217, #1024 ),
 ( #2525, #1236 ),
 ( #2849, #459 ),
 ( #1256, #3124 ),
 ( #2270, #197 ),
 ( #2835, #1554 ),
 ( #3057, #982 ),
 ( #1060, #480 ),
 ( #727, #1776 ),
 ( #2290, #3325 ),
 ( #2817, #1007 ),
 ( #3106, #3074 ),
 ( #743, #2062 ),
 ( #1572, #1830 ),
 ( #759, #1817 ),
 ( #2585, #254 ),
 ( #3, #1907 ),
 ( #52, #1091 ),
 ( #1330, #87 ),
 ( #3141, #2630 ),
 ( #2935, #1139 ),
 ( #2917, #2950 ),
 ( #316, #1921 ),
 ( #2143, #2123 ),
 ( #3155, #2677 ),
 ( #824, #2643 ),
 ( #1361, #2395 ),
 ( #72, #843 ),
 ( #576, #164 ),
 ( #682, #2708 ),
 ( #1401, #2199 ),
 ( #1200, #625 ),
 ( #890, #1966 ),
 ( #118, #1734 ),
 ( #1185, #3225 ),
 ( #2232, #3283 ),
 ( #2753, #1701 ),
 ( #426, #409 ),
 ( #133, #2489 ),
 ( #2723, #1984 ),
 ( #394, #3017 ),
 ( #2470, #145 ),
 ( #610, #1936 ),
 ( #1469, #2965 ),
 ( #378, #179 ),
 ( #2214, #1662 ),
 ( #3002, #1716 ),
 ( #3246, #1216 ),
 ( #2506, #2875 ),
 ( #2071, #1084 ),
 ( #2119, #1605 ),
 ( #3079, #1521 ),
 ( #517, #1805 ),
 ( #2623, #3097 ),
 ( #2352, #1578 ),
 ( #1782, #293 ),
 ( #1033, #28 ),
 ( #260, #278 ),
 ( #2826, #487 ),
 ( #2034, #2088 ),
 ( #466, #224 ),
 ( #2803, #501 ),
 ( #10, #41 ),
 ( #765, #796 ),
 ( #2069, #1820 ),
 ( #1050, #1265 ),
 ( #2607, #1540 ),
 ( #780, #2572 ),
 ( #1065, #2839 ),
 ( #1561, #1299 ),
 ( #1336, #1319 ),
 ( #1013, #2550 ),
 ( #1589, #243 ),
 ( #3065, #2591 ),
 ( #3113, #1836 ),
 ( #2368, #2296 ),
 ( #3350, #748 ),
 ( #2052, #2855 ),
 ( #733, #1282 ),
 ( #2103, #2315 ),
 ( #3131, #1855 ),
 ( #2874, #538 ),
 ( #1367, #1350 ),
 ( #583, #3148 ),
 ( #1117, #2130 ),
 ( #76, #3162 ),
 ( #307, #2150 ),
 ( #2651, #835 ),
 ( #1868, #1901 ),
 ( #2926, #2889 ) ),
 .UNSPECIFIED., .F., .F., .F.,
 ( 4, 1, 1, 1, 1, 1, 1, 1, 1, 1, 1, 1, 1, 1, 1, 1, 1, 1, 1, 1, 1, 1, 1, 1, 1, 1, 1, 1, 1, 1, 1, 1, 1, 1, 1, 1, 1, 1, 1, 1, 1, 1, 1, 1, 1, 1, 1, 1, 1, 1, 1, 1, 1, 1, 1, 1, 1, 1, 1, 1, 1, 1, 1, 1, 1, 1, 1, 1, 1, 1, 1, 1, 1, 1, 1, 1, 1, 1, 1, 1, 1, 1, 1, 1, 1, 1, 1, 1, 1, 1, 1, 1, 2, 1, 1, 1, 4 ),
 ( 2, 2 ),
 ( 0.000000000000000000, 0.03118110532117446612, 0.06236221064234893224, 0.09354331596352342959, 0.1247244212846978645, 0.1403149739452851652, 0.1559055266058723965, 0.1714960792664596279, 0.1870866319270468592, 0.2026771845876340905, 0.2182677372482213218, 0.2338582899088085532, 0.2494488425693957290, 0.2650393952299830991, 0.2806299478905703304, 0.2962205005511575617, 0.3118110532117447931, 0.3274016058723320244, 0.3429921585329192557, 0.3507874348632127326, 0.3585827111935064870, 0.3663779875238000194, 0.3741732638540937184, 0.3819685401843871952, 0.3897638165146809497, 0.3975590928449744821, 0.4053543691752681810, 0.4131496455055616579, 0.4209449218358554123, 0.4287401981661489447, 0.4365354744964426437, 0.4443307508267361206, 0.4521260271570298750, 0.4599213034873234074, 0.4638189416524702846, 0.4677165798176171063, 0.4716142179827639280, 0.4755118561479105832, 0.4794094943130575159, 0.4833071324782043376, 0.4852559515607776097, 0.4872047706433511594, 0.4891535897259245980, 0.4911024088084978700, 0.4930512278910713642, 0.4950000469736447473, 0.4969488660562181304, 0.4988976851387914579, 0.5008465042213651186, 0.5027953233039385017, 0.5047441423865116628, 0.5066929614690851569, 0.5086417805516585400, 0.5105905996342321451, 0.5144882377993786893, 0.5183858759645254555, 0.5222835141296725547, 0.5261811522948192099, 0.5300787904599661982, 0.5339764286251129644, 0.5378740667902596195, 0.5417717049554067188, 0.5456693431205532629, 0.5495669812857000291, 0.5534646194508470174, 0.5612598957811406608, 0.5690551721114340822, 0.5768504484417276146, 0.5846457247720214800, 0.5924410011023151235, 0.6002362774326085448, 0.6080315537629021883, 0.6236221064234895861, 0.6392126590840765399, 0.6548032117446640488, 0.6703937644052511136, 0.6859843170658385114, 0.7015748697264254652, 0.7171654223870129741, 0.7327559750476000389, 0.7483465277081874367, 0.7639370803687743905, 0.7795276330293618994, 0.7951181856899489642, 0.8107087383505363620, 0.8262992910111233158, 0.8418898436717108247, 0.8574803963322978895, 0.8730709489928852873, 0.9042520543140597500, 0.9354331596352342126, 0.9666142649564086753, 0.9977953702775829159, 0.9983465277081871037, 0.9988976851387914024, 0.9994488425693957012, 1.000000000000000000 ),
 ( 0.000000000000000000, 1.000000000000000000 ),
 .UNSPECIFIED. ) ;
#447 = B_SPLINE_CURVE_WITH_KNOTS ( 'NONE', 3,
 ( #119, #626, #2200, #165, #2709, #395, #1985, #379, #683, #1420 ),
 .UNSPECIFIED., .F., .F.,
 ( 4, 1, 1, 1, 1, 1, 1, 4 ),
 ( 0.002687552611829819183, 0.004400395827773326100, 0.007088954756248311978, 0.009777513684723355969, 0.01515463154167338670, 0.02053174939862341744, 0.02590886725557344644, 0.02858309777744358002 ),
 .UNSPECIFIED. ) ;
#448 = CARTESIAN_POINT ( 'NONE',  ( 0.3137817602093665448, -1.044106458370537283, 0.000000000000000000 ) ) ;
#449 = CARTESIAN_POINT ( 'NONE',  ( 94.95240349021919712, 4.353701875351719153, 0.000000000000000000 ) ) ;
#450 = CARTESIAN_POINT ( 'NONE',  ( 76.64838609317732221, 7.563759496871438337, 0.000000000000000000 ) ) ;
#451 = CARTESIAN_POINT ( 'NONE',  ( 48.67409492730666187, -2.483083282847240447, 0.000000000000000000 ) ) ;
#452 = CARTESIAN_POINT ( 'NONE',  ( 36.60790838405258540, 10.43251722327340936, 0.000000000000000000 ) ) ;
#453 = LINE ( 'NONE', #1784, #1760 ) ;
#454 = VERTEX_POINT ( 'NONE', #1008 ) ;
#455 = ORIENTED_EDGE ( 'NONE', *, *, #694, .T. ) ;
#456 = CARTESIAN_POINT ( 'NONE',  ( 111.9008294260164291, 0.6582298748761823415, 247.7071939167102812 ) ) ;
#457 = CARTESIAN_POINT ( 'NONE',  ( 3.414655002642845272, 3.773500161956798049, 0.000000000000000000 ) ) ;
#458 = VERTEX_POINT ( 'NONE', #3326 ) ;
#459 = CARTESIAN_POINT ( 'NONE',  ( 59.62838314100746118, -2.079865976872766087, 0.000000000000000000 ) ) ;
#460 = CARTESIAN_POINT ( 'NONE',  ( 90.89733167363759492, 4.895142731468721031, 254.0000000000002274 ) ) ;
#461 = EDGE_CURVE ( 'NONE', #1862, #3205, #657, .T. ) ;
#462 = CARTESIAN_POINT ( 'NONE',  ( 0.1382493686299775815, -3.764469013025363964, 117.0000000000000000 ) ) ;
#463 = VECTOR ( 'NONE', #642, 1000.000000000000000 ) ;
#464 = CARTESIAN_POINT ( 'NONE',  ( 39.65060809292251065, -0.4437060276293071093, 329.0000000000001705 ) ) ;
#465 = CARTESIAN_POINT ( 'NONE',  ( 34.70114829852016669, 10.38652338511074014, 0.000000000000000000 ) ) ;
#466 = CARTESIAN_POINT ( 'NONE',  ( 52.94137930274265358, 6.040875232489733904, 329.0000000000004547 ) ) ;
#467 = PRESENTATION_LAYER_ASSIGNMENT (  '', '', ( #971 ) ) ;
#468 = CARTESIAN_POINT ( 'NONE',  ( 83.81705129401322552, 2.420280362814021480, 252.0000000000000000 ) ) ;
#469 = ORIENTED_EDGE ( 'NONE', *, *, #1305, .T. ) ;
#470 = ORIENTED_EDGE ( 'NONE', *, *, #3050, .T. ) ;
#471 = CARTESIAN_POINT ( 'NONE',  ( 82.83194023991698884, 5.913442205571826094, 0.000000000000000000 ) ) ;
#472 = CARTESIAN_POINT ( 'NONE',  ( 114.5726096194103718, -0.06221993668006624290, 329.0000000000000000 ) ) ;
#473 = VECTOR ( 'NONE', #83, 1000.000000000000000 ) ;
#474 = CARTESIAN_POINT ( 'NONE',  ( 0.08343586013839590643, 0.3478354621431921645, 0.000000000000000000 ) ) ;
#475 = B_SPLINE_CURVE_WITH_KNOTS ( 'NONE', 3,
 ( #2529, #2292, #1279, #1316 ),
 .UNSPECIFIED., .F., .F.,
 ( 4, 4 ),
 ( 0.003000000000000002231, 0.06700000000000005951 ),
 .UNSPECIFIED. ) ;
#476 = PLANE ( 'NONE',  #153 ) ;
#477 = ORIENTED_EDGE ( 'NONE', *, *, #2177, .F. ) ;
#478 = CARTESIAN_POINT ( 'NONE',  ( 86.75727326472873813, -1.083739733810586303, 111.9999999999999716 ) ) ;
#479 = CARTESIAN_POINT ( 'NONE',  ( 99.57847173473869873, 3.273055524999116006, 329.0000000000000000 ) ) ;
#480 = CARTESIAN_POINT ( 'NONE',  ( 41.37111354396308371, -2.748543384104833009, 0.000000000000000000 ) ) ;
#481 = CARTESIAN_POINT ( 'NONE',  ( 108.4330040265039372, 1.463835900832928028, 254.0000000000000568 ) ) ;
#482 = CARTESIAN_POINT ( 'NONE',  ( 88.06118438317453467, 7.478241219270040929, 117.0000000000000000 ) ) ;
#483 = LINE ( 'NONE', #291, #2998 ) ;
#484 = CARTESIAN_POINT ( 'NONE',  ( 86.35001255881995519, -0.5983853244293667606, 249.0000000000000000 ) ) ;
#485 = CARTESIAN_POINT ( 'NONE',  ( 2.058063524610827422, 2.702498728062484812, 0.000000000000000000 ) ) ;
#486 = CARTESIAN_POINT ( 'NONE',  ( 104.8675013552834940, 2.272241633118058157, 0.000000000000000000 ) ) ;
#487 = CARTESIAN_POINT ( 'NONE',  ( 16.76560634619016810, 8.571669894868692907, 0.000000000000000000 ) ) ;
#488 = ORIENTED_EDGE ( 'NONE', *, *, #1567, .T. ) ;
#489 = ORIENTED_EDGE ( 'NONE', *, *, #2612, .T. ) ;
#490 = CARTESIAN_POINT ( 'NONE',  ( 111.9008294260164291, 0.6590486857787354325, 117.0000000000000000 ) ) ;
#491 = CARTESIAN_POINT ( 'NONE',  ( 42.59282164848444552, 2.915566475937155122, 329.0000000000000000 ) ) ;
#492 = CARTESIAN_POINT ( 'NONE',  ( 7.046245935859546172, 5.659075138816917594, 0.000000000000000000 ) ) ;
#493 = CARTESIAN_POINT ( 'NONE',  ( 90.41449371577186866, -0.9494277601794216537, 254.0000000000003979 ) ) ;
#494 = ORIENTED_EDGE ( 'NONE', *, *, #2421, .T. ) ;
#495 = CARTESIAN_POINT ( 'NONE',  ( 114.9008294260164007, -0.05016421021564967248, 329.0000000000000000 ) ) ;
#496 = CARTESIAN_POINT ( 'NONE',  ( 111.9657166291606529, -0.1579728077131725139, 0.000000000000000000 ) ) ;
#497 = DIRECTION ( 'NONE',  ( -8.436345171923681240E-17, 4.119309165978359980E-20, -1.000000000000000000 ) ) ;
#498 = DIRECTION ( 'NONE',  ( -0.9993263259286705447, -0.03670005866349869417, 0.000000000000000000 ) ) ;
#499 = EDGE_CURVE ( 'NONE', #1016, #195, #2049, .T. ) ;
#500 = CARTESIAN_POINT ( 'NONE',  ( 0.9653009461774890720, -1.684278744193306698, 0.000000000000000000 ) ) ;
#501 = CARTESIAN_POINT ( 'NONE',  ( 22.16410296333171814, 9.514379223235044591, 0.000000000000000000 ) ) ;
#502 = CARTESIAN_POINT ( 'NONE',  ( 70.58271354325171387, -1.677793704903709049, 0.000000000000000000 ) ) ;
#503 = ADVANCED_FACE ( 'NONE', ( #1376 ), #3170, .T. ) ;
#504 = ORIENTED_EDGE ( 'NONE', *, *, #324, .T. ) ;
#505 = ORIENTED_EDGE ( 'NONE', *, *, #18, .F. ) ;
#506 = DIRECTION ( 'NONE',  ( 0.03670004141730632413, -0.9993263265620335734, 0.000000000000000000 ) ) ;
#507 = CARTESIAN_POINT ( 'NONE',  ( 2.307090194263638594, 2.927749122346178012, 0.000000000000000000 ) ) ;
#508 = CARTESIAN_POINT ( 'NONE',  ( 95.19101363396444526, -0.7740052930117370389, 114.9999999999998010 ) ) ;
#509 = CARTESIAN_POINT ( 'NONE',  ( 98.45408093305574937, -0.6541702060449229306, 253.9999999999998863 ) ) ;
#510 = CARTESIAN_POINT ( 'NONE',  ( 70.58271354325171387, -1.677793704903709049, 0.000000000000000000 ) ) ;
#511 = B_SPLINE_CURVE_WITH_KNOTS ( 'NONE', 3,
 ( #981, #2328, #790, #2026, #2308, #1846, #2865, #2, #1329, #2617, #2047, #2362, #3056, #2795, #1255, #3324, #742, #1793, #2816, #479, #1532, #2563, #236, #1275, #3182, #2898, #823, #558, #2111, #1595, #807, #594, #1863, #1878, #1109, #1646, #2629, #2142, #51, #86, #1610, #3169, #2160, #301, #861, #1375, #2676, #1341, #842, #1893, #2916, #575, #2665, #2417, #43, #95, #1083, #1871, #2891, #1066, #294, #1523, #2070, #3114, #2298, #2593, #3133, #781, #518, #3332, #798, #2053, #749, #279, #1542, #3150, #2625, #44, #2828, #1547, #247, #1138, #821, #1168, #906, #491, #2580, #1364, #1848, #1076, #3171, #1598, #2919, #596, #1630, #89, #302, #1094, #1377, #73, #1648, #810, #845, #3142, #54, #1111, #2112, #2376, #2659, #2124, #2364, #1343, #2900, #577, #2397, #38, #2097, #332, #3156, #1894, #1865, #2884, #23, #2679, #826, #1612, #1312, #2413, #544, #3126, #792, #1124, #2631, #1880, #1909, #2867, #2644, #2347, #1062, #532, #560, #1586, #318, #2161, #2145, #3183, #2936, #863, #2619, #288, #1332, #3213, #107, #1140, #942, #1702, #3196, #2453, #1950, #1968, #1421, #2170, #2184, #646, #2234, #2987, #411, #1736, #892, #1986, #879, #2201, #1173, #2725, #347, #684, #2952, #2967, #1403, #1923, #1938, #3004, #1438, #1202, #664, #3266, #926, #3018, #362, #1718, #1390, #380, #2425, #135, #1450, #2740, #611 ),
 .UNSPECIFIED., .F., .F.,
 ( 4, 1, 1, 1, 1, 1, 1, 1, 1, 1, 1, 1, 1, 1, 1, 1, 1, 1, 1, 1, 1, 1, 1, 1, 1, 1, 1, 1, 1, 1, 1, 1, 1, 1, 1, 1, 1, 1, 1, 1, 1, 1, 1, 1, 1, 1, 1, 1, 1, 1, 1, 1, 1, 1, 1, 1, 1, 1, 1, 1, 1, 1, 1, 1, 1, 1, 1, 1, 1, 1, 1, 1, 1, 1, 1, 1, 1, 1, 1, 1, 1, 1, 1, 1, 1, 1, 1, 1, 1, 1, 1, 1, 1, 1, 1, 1, 1, 1, 1, 1, 1, 1, 1, 1, 1, 1, 1, 1, 1, 1, 1, 1, 1, 1, 1, 1, 1, 1, 1, 1, 1, 1, 1, 1, 1, 1, 1, 1, 1, 1, 1, 1, 1, 1, 1, 1, 1, 1, 1, 1, 1, 1, 1, 1, 1, 1, 1, 1, 1, 1, 1, 1, 1, 1, 1, 1, 1, 1, 1, 1, 1, 1, 1, 1, 1, 1, 1, 1, 1, 1, 1, 1, 1, 1, 1, 1, 1, 1, 1, 1, 1, 1, 1, 1, 1, 1, 1, 1, 1, 1, 1, 1, 1, 1, 4 ),
 ( 0.000000000000000000, 0.005027575022706618976, 0.01005456896811453976, 0.01508030639055485227, 0.01759225086520776679, 0.02010415021544499289, 0.02512400431907225659, 0.03014388634762196068, 0.03515785946644207904, 0.04017180330842334141, 0.05018861798421854481, 0.06019502021774087580, 0.06519306186177017959, 0.07518396325477694209, 0.08017680028475633602, 0.08516440484347209683, 0.09015198607707627931, 0.09513433813367729031, 0.1001166655124658134, 0.1050937728381539094, 0.1100708759978646784, 0.1150428545283558729, 0.1200147925963497009, 0.1249816966305422467, 0.1349105997710063898, 0.1398725751368034009, 0.1448297703021412530, 0.1497869307534685224, 0.1547393747411626164, 0.1596918546565901098, 0.1745294865733598433, 0.1794719672867670923, 0.1844092008393173332, 0.1893464708756708026, 0.1992103761295673237, 0.2041370551641571163, 0.2090637332722830588, 0.2189071228680659065, 0.2238241881685081314, 0.2287412751872313632, 0.2336541025823678785, 0.2434759639967533362, 0.2483849359227048303, 0.2532904106059158389, 0.2581959091056699185, 0.2680003271124420383, 0.2728994896999340503, 0.2826951998247915765, 0.2875917072836248756, 0.2973804333091297214, 0.3022733184920101124, 0.3120583510036216701, 0.3169505471727991353, 0.3218427560211091776, 0.3267349491505793235, 0.3316277180079225673, 0.3365204422794491057, 0.3463077805409139343, 0.3512027323075803120, 0.3560976387633774110, 0.3609949241801126418, 0.3658921875002391078, 0.3707939203423512020, 0.3756956847625516072, 0.3806052532834737212, 0.3855148224701912540, 0.3904371962555375775, 0.3953595352887876446, 0.4052429857717518291, 0.4102094907376717114, 0.4151759997797805912, 0.4201716929883292928, 0.4251673915542240612, 0.4301994713844803364, 0.4352315923648873430, 0.4403136880464593728, 0.4453955737943010584, 0.4505447265332485074, 0.4556943735851848865, 0.4609351784989004219, 0.4661752259394986164, 0.4688559023014085003, 0.4715365468793828452, 0.4742878352334554126, 0.4770392508274886034, 0.4799060669242563582, 0.4827728112408793404, 0.4858538852427399246, 0.4889343127693367430, 0.4916193391347221664, 0.4943049071276996442, 0.4957100845806194367, 0.4971153828238760175, 0.4986467481596240092, 0.5001775925657868660, 0.5010849271580147812, 0.5019919960990594232, 0.5025558500711817533, 0.5031194825828309014, 0.5038414509459487878, 0.5044269176023011836, 0.5050129012566352271, 0.5061682747991462783, 0.5073235000312636966, 0.5076580874972252966, 0.5079922589809166000, 0.5085109705867997265, 0.5090299816039326464, 0.5098526146963903161, 0.5106755923724176638, 0.5120216669103486717, 0.5133688960290888614, 0.5145490425118172118, 0.5157279956087722494, 0.5178454862002014325, 0.5199679044185563370, 0.5224806903812310166, 0.5249927952774509077, 0.5274835760705943732, 0.5299739182431691953, 0.5324482923933354650, 0.5349228298677612958, 0.5373832979498864848, 0.5398437408454691555, 0.5447465671433222578, 0.5496500260728054421, 0.5545474898451852042, 0.5594446097861422995, 0.5643387612909689377, 0.5692330722163171375, 0.5741256958455261961, 0.5790182672036990885, 0.5888025089458869266, 0.5985872506827537576, 0.6034802435855989300, 0.6083732625307763930, 0.6132670043227288481, 0.6181607883671603743, 0.6279497868969824426, 0.6328448953198164695, 0.6377400037084686168, 0.6475310185652440875, 0.6524266626359649379, 0.6573223067066857883, 0.6622178448566632403, 0.6671134042535777908, 0.6720088193123842091, 0.6769042740537944969, 0.6915903222488274382, 0.6964856405240109627, 0.7013809587991943761, 0.7111716326368439089, 0.7307531676838151524, 0.7356485749725910628, 0.7503348220117158629, 0.7601256444538082579, 0.7650210470274410035, 0.7748118427515078288, 0.7846026290587179153, 0.7894980190750495730, 0.7943934106597381195, 0.7992887991080858123, 0.8041841891244173590, 0.8090795822778360513, 0.8188703685846732139, 0.8237657633071948649, 0.8286611580297164048, 0.8335565543217142714, 0.8384519506137119160, 0.8433473484755588112, 0.8531381410595543224, 0.8580335373515520780, 0.8629289320740737290, 0.8678243283660714846, 0.8776151178111147866, 0.8825105141031125422, 0.8874059088256341932, 0.8923013051176319488, 0.9020920945626751397, 0.9069874908546730063, 0.9167782802997161973, 0.9216736765917139529, 0.9314644660367572548, 0.9363598623287550105, 0.9461506517737983124, 0.9510460480657959570, 0.9608368375108392589, 0.9657322338028369035, 0.9755230232478800945, 0.9804184195398777391, 0.9853138126932963203, 0.9877615108392951981, 0.9902092074160043778, 0.9926569055620032556, 1.000000000000000000 ),
 .UNSPECIFIED. ) ;
#512 = CARTESIAN_POINT ( 'NONE',  ( 111.9008294260164007, 0.6592350498050423280, 76.33333333336669568 ) ) ;
#513 = CARTESIAN_POINT ( 'NONE',  ( 86.73893716925522313, -0.5840986643999728223, 249.0000000000000000 ) ) ;
#514 = CARTESIAN_POINT ( 'NONE',  ( 111.9008294260164007, -0.1603477878692194381, 115.0000000000000000 ) ) ;
#515 = CARTESIAN_POINT ( 'NONE',  ( 111.9008294260164007, -0.1603477655009281910, 120.0000000000000000 ) ) ;
#516 = CARTESIAN_POINT ( 'NONE',  ( 111.9008294260163865, -0.1603460212006482255, 249.0000000000000000 ) ) ;
#517 = CARTESIAN_POINT ( 'NONE',  ( 45.40374366568970999, 4.146112782043347877, 328.9999999999998295 ) ) ;
#518 = CARTESIAN_POINT ( 'NONE',  ( 54.34281276481409861, 6.246606947617173056, 329.0000000000000000 ) ) ;
#519 = CARTESIAN_POINT ( 'NONE',  ( 90.64281113541035495, -0.9410529509888772015, 329.0000000000002274 ) ) ;
#520 = CARTESIAN_POINT ( 'NONE',  ( 86.75727349766768270, -1.083740011416445048, 56.99999999999999289 ) ) ;
#521 = VECTOR ( 'NONE', #1409, 1000.000000000000000 ) ;
#522 = VERTEX_POINT ( 'NONE', #2144 ) ;
#523 = ORIENTED_EDGE ( 'NONE', *, *, #304, .F. ) ;
#524 = CARTESIAN_POINT ( 'NONE',  ( 86.52735851178969995, 5.650298726633161905, 217.4130315665765067 ) ) ;
#525 = CARTESIAN_POINT ( 'NONE',  ( 19.44803943951302827, -3.453156788033263425, 0.000000000000000000 ) ) ;
#526 = DIRECTION ( 'NONE',  ( -0.9993263173578234015, -0.03670029204312422189, 0.000000000000000000 ) ) ;
#527 = PLANE ( 'NONE',  #3138 ) ;
#528 = EDGE_LOOP ( 'NONE', ( #1444, #1249, #738, #2666 ) ) ;
#529 = DIRECTION ( 'NONE',  ( 0.9993261115183700305, 0.03670589649598998000, 0.000000000000000000 ) ) ;
#530 = CARTESIAN_POINT ( 'NONE',  ( 92.49135363831337031, -0.8731494297108995939, 0.000000000000000000 ) ) ;
#531 =( GEOMETRIC_REPRESENTATION_CONTEXT ( 3 ) GLOBAL_UNCERTAINTY_ASSIGNED_CONTEXT ( ( #3285 ) ) GLOBAL_UNIT_ASSIGNED_CONTEXT ( ( #1647, #1093, #1123 ) ) REPRESENTATION_CONTEXT ( 'NONE', 'WORKASPACE' ) );
#532 = CARTESIAN_POINT ( 'NONE',  ( 57.34379986558339937, -2.164188677856633269, 329.0000000000000000 ) ) ;
#533 = EDGE_CURVE ( 'NONE', #2762, #2446, #1864, .T. ) ;
#534 = CARTESIAN_POINT ( 'NONE',  ( 93.03579108448828094, -0.8531611054334398148, 329.0000000000001705 ) ) ;
#535 = CARTESIAN_POINT ( 'NONE',  ( 98.45408093305573516, -0.6541702060449230416, 249.0000000000000000 ) ) ;
#536 = LINE ( 'NONE', #730, #1244 ) ;
#537 = CARTESIAN_POINT ( 'NONE',  ( 56.82334980667359758, 9.862391234211571600, 0.000000000000000000 ) ) ;
#538 = CARTESIAN_POINT ( 'NONE',  ( 100.1479325255845367, 3.307311575480849086, 0.000000000000000000 ) ) ;
#539 = CARTESIAN_POINT ( 'NONE',  ( 93.02482611820536818, -0.3532242379564230483, 257.0000000000000000 ) ) ;
#540 = EDGE_CURVE ( 'NONE', #3282, #672, #2649, .T. ) ;
#541 = CARTESIAN_POINT ( 'NONE',  ( 43.47199996356269480, -2.672448997473165555, 0.000000000000000000 ) ) ;
#542 = CARTESIAN_POINT ( 'NONE',  ( 112.0297656315621140, 0.6304363371331103139, 0.000000000000000000 ) ) ;
#543 = ORIENTED_EDGE ( 'NONE', *, *, #111, .F. ) ;
#544 = CARTESIAN_POINT ( 'NONE',  ( 47.09732217778442021, -2.221031828203314351, 329.0000000000000000 ) ) ;
#545 = CARTESIAN_POINT ( 'NONE',  ( 83.81705129401322552, 2.420280362814021480, 117.0000000000000000 ) ) ;
#546 = CARTESIAN_POINT ( 'NONE',  ( 86.34999562234368398, -0.5983651403149311543, 177.0000000000000000 ) ) ;
#547 = MANIFOLD_SOLID_BREP ( 'Í¹Ì¨-À­Éì4', #1034 ) ;
#548 = CARTESIAN_POINT ( 'NONE',  ( 86.75729166573823647, -1.083761663289079413, 254.0000000000000000 ) ) ;
#549 = AXIS2_PLACEMENT_3D ( 'NONE', #2903, #3144, #562 ) ;
#550 = CARTESIAN_POINT ( 'NONE',  ( 18.55732212555012239, 8.929428025217005072, 0.000000000000000000 ) ) ;
#551 = LINE ( 'NONE', #1634, #1822 ) ;
#552 = CARTESIAN_POINT ( 'NONE',  ( 57.19999947077512559, -2.169235625566498182, 0.000000000000000000 ) ) ;
#553 = CARTESIAN_POINT ( 'NONE',  ( 76.64800026396765986, -1.455043852416827432, 0.000000000000000000 ) ) ;
#554 = CARTESIAN_POINT ( 'NONE',  ( 87.42748549068824104, -1.059125872690042103, 114.9999999999999574 ) ) ;
#555 = ADVANCED_FACE ( 'NONE', ( #595 ), #2893, .T. ) ;
#556 = VERTEX_POINT ( 'NONE', #1075 ) ;
#557 = TRIMMED_CURVE ( 'NONE', #2983, ( PARAMETER_VALUE ( 0.000000000000000000 ), #2211 ), ( PARAMETER_VALUE ( 0.9999999999999950040 ), #3259 ), .T., .PARAMETER. ) ;
#558 = CARTESIAN_POINT ( 'NONE',  ( 92.83087464812386713, 4.467249462761234469, 329.0000000000000000 ) ) ;
#559 = CARTESIAN_POINT ( 'NONE',  ( 109.7871838215895934, 0.2623695672188540162, 252.0000000000000000 ) ) ;
#560 = CARTESIAN_POINT ( 'NONE',  ( 58.34339300007565043, -2.129799992246175222, 329.0000000000000000 ) ) ;
#561 = CARTESIAN_POINT ( 'NONE',  ( 114.5726096194103718, -0.06221993668006624290, 329.0000000000000000 ) ) ;
#562 = DIRECTION ( 'NONE',  ( -0.9993263259286705447, -0.03670005866349869417, 0.000000000000000000 ) ) ;
#563 = LINE ( 'NONE', #1669, #521 ) ;
#564 = ADVANCED_FACE ( 'NONE', ( #2396 ), #88, .F. ) ;
#565 = CARTESIAN_POINT ( 'NONE',  ( 111.9008294260164007, -0.1603486196475379377, 35.33333333333334281 ) ) ;
#566 = CARTESIAN_POINT ( 'NONE',  ( 71.69066707854086928, -1.637107883816408815, 0.000000000000000000 ) ) ;
#567 = CARTESIAN_POINT ( 'NONE',  ( 108.2960524859136484, -0.2927227069255809999, 257.0000000000000000 ) ) ;
#568 = CARTESIAN_POINT ( 'NONE',  ( 87.16952057863976222, 5.609359686962248404, 180.0000000000000568 ) ) ;
#569 = ADVANCED_FACE ( 'NONE', ( #1153 ), #1922, .T. ) ;
#570 = CARTESIAN_POINT ( 'NONE',  ( 83.04503470101595042, 6.167398295148396770, 219.3336473921999072 ) ) ;
#571 = EDGE_LOOP ( 'NONE', ( #1785, #469, #2035, #2561, #1965, #3193 ) ) ;
#572 = CARTESIAN_POINT ( 'NONE',  ( 50.33600111121547371, -2.421950249547875522, 0.000000000000000000 ) ) ;
#573 = VECTOR ( 'NONE', #3172, 1000.000000000000114 ) ;
#574 = LINE ( 'NONE', #2412, #964 ) ;
#575 = CARTESIAN_POINT ( 'NONE',  ( 68.58968634275814225, 6.839471425203214494, 329.0000000000000000 ) ) ;
#576 = CARTESIAN_POINT ( 'NONE',  ( 41.61443685122392822, -1.667117332913258698, 328.9999999999993179 ) ) ;
#577 = CARTESIAN_POINT ( 'NONE',  ( 40.34492723947709436, -1.196693275736059991, 329.0000000000000000 ) ) ;
#578 = CARTESIAN_POINT ( 'NONE',  ( 86.35154931622426489, 5.440777486206989977, 327.0000000000000000 ) ) ;
#579 = AXIS2_PLACEMENT_3D ( 'NONE', #2057, #506, #3284 ) ;
#580 = CARTESIAN_POINT ( 'NONE',  ( 111.9008294260164149, 0.3399900758465234651, 182.0000000000000000 ) ) ;
#581 = CARTESIAN_POINT ( 'NONE',  ( 114.5726096186829466, 0.02764199560724800442, 329.0000000000000000 ) ) ;
#582 = CARTESIAN_POINT ( 'NONE',  ( 51.76189107869360839, 5.834639574928984551, 328.9999999999996021 ) ) ;
#583 = CARTESIAN_POINT ( 'NONE',  ( 113.0192706485358514, 0.3958690462716250580, 329.0000000000000568 ) ) ;
#584 = ORIENTED_EDGE ( 'NONE', *, *, #324, .F. ) ;
#585 = PLANE ( 'NONE',  #2484 ) ;
#586 = CARTESIAN_POINT ( 'NONE',  ( 22.49556894297889542, 9.558056321458341387, 0.000000000000000000 ) ) ;
#587 = EDGE_CURVE ( 'NONE', #873, #2285, #2444, .T. ) ;
#588 = CARTESIAN_POINT ( 'NONE',  ( 0.1382511778156523818, -3.764494305237588545, 182.0000000000000000 ) ) ;
#589 = ORIENTED_EDGE ( 'NONE', *, *, #533, .F. ) ;
#590 = CARTESIAN_POINT ( 'NONE',  ( 85.80000025578912926, -1.118903631387891728, 0.000000000000000000 ) ) ;
#591 = CARTESIAN_POINT ( 'NONE',  ( 65.20837263634749092, 9.069185689778208825, 0.000000000000000000 ) ) ;
#592 = CARTESIAN_POINT ( 'NONE',  ( 86.73892734346213729, -0.5840816099985942644, 177.0000000000000000 ) ) ;
#593 = ORIENTED_EDGE ( 'NONE', *, *, #193, .F. ) ;
#594 = CARTESIAN_POINT ( 'NONE',  ( 88.83302034003170888, 5.089794320585247611, 329.0000000000000000 ) ) ;
#595 = FACE_OUTER_BOUND ( 'NONE', #3117, .T. ) ;
#596 = CARTESIAN_POINT ( 'NONE',  ( 40.19474392312587696, 1.008608374253953333, 329.0000000000000000 ) ) ;
#597 = CARTESIAN_POINT ( 'NONE',  ( 0.1382492562241071365, -3.764467723658242004, 57.00000000000000000 ) ) ;
#598 = CARTESIAN_POINT ( 'NONE',  ( 96.61407202835017927, 3.827585534024910974, 329.0000000000001705 ) ) ;
#599 = CARTESIAN_POINT ( 'NONE',  ( 96.47733288504835514, -0.7267577939297161782, 0.000000000000000000 ) ) ;
#600 = PRODUCT_DEFINITION ( 'æœ', '', #2570, #1665 ) ;
#601 = ORIENTED_EDGE ( 'NONE', *, *, #2227, .T. ) ;
#602 = B_SPLINE_CURVE_WITH_KNOTS ( 'NONE', 3,
 ( #2084, #2547, #1800, #2799 ),
 .UNSPECIFIED., .F., .F.,
 ( 4, 4 ),
 ( 0.000000000000000000, 0.07000000000000007605 ),
 .UNSPECIFIED. ) ;
#603 = CARTESIAN_POINT ( 'NONE',  ( 11.43369090190965842, 7.209710325172834722, 0.000000000000000000 ) ) ;
#604 = B_SPLINE_CURVE_WITH_KNOTS ( 'NONE', 3,
 ( #280, #950, #199, #1778, #1239, #2566, #1047, #239, #1315 ),
 .UNSPECIFIED., .F., .F.,
 ( 4, 1, 1, 1, 1, 1, 4 ),
 ( 0.002784914970181696578, 0.004667917225468634808, 0.007624511196764498407, 0.01353769913935616229, 0.01945088708194783050, 0.02536407502453949525, 0.02861183744784533134 ),
 .UNSPECIFIED. ) ;
#605 = ORIENTED_EDGE ( 'NONE', *, *, #2447, .T. ) ;
#606 = EDGE_CURVE ( 'NONE', #2463, #1322, #2724, .T. ) ;
#607 = CARTESIAN_POINT ( 'NONE',  ( 108.6804375813312902, 1.411707167417233011, 0.000000000000000000 ) ) ;
#608 = DIRECTION ( 'NONE',  ( 0.9993263259286705447, 0.03670005866349869417, 0.000000000000000000 ) ) ;
#609 = ORIENTED_EDGE ( 'NONE', *, *, #1711, .F. ) ;
#610 = CARTESIAN_POINT ( 'NONE',  ( 40.73056263834868673, 1.549140884049841072, 328.9999999999999432 ) ) ;
#611 = CARTESIAN_POINT ( 'NONE',  ( 114.5726096194103718, -0.06221993668006624290, 329.0000000000000000 ) ) ;
#612 = CARTESIAN_POINT ( 'NONE',  ( 108.2960524859136484, -0.2927227069255809999, 249.0000000000000000 ) ) ;
#613 = CARTESIAN_POINT ( 'NONE',  ( 105.5965905952907491, 0.1084748940666349637, 254.0000000000000000 ) ) ;
#614 = CARTESIAN_POINT ( 'NONE',  ( 99.79424123806964531, -0.6049596011214792846, 0.000000000000000000 ) ) ;
#615 = CARTESIAN_POINT ( 'NONE',  ( 111.9008294260164007, 0.6595100947987294626, 1.999999999999991340 ) ) ;
#616 = CARTESIAN_POINT ( 'NONE',  ( 98.00266711493895855, -0.6707622057235982371, 0.000000000000000000 ) ) ;
#617 = ORIENTED_EDGE ( 'NONE', *, *, #292, .T. ) ;
#618 = CARTESIAN_POINT ( 'NONE',  ( 44.17664738836662508, -2.064851365709543085, 328.9999999999993179 ) ) ;
#619 = CARTESIAN_POINT ( 'NONE',  ( 0.6756232115428826290, 1.305075416194367843, 0.000000000000000000 ) ) ;
#620 = ORIENTED_EDGE ( 'NONE', *, *, #2670, .F. ) ;
#621 = CARTESIAN_POINT ( 'NONE',  ( 89.23199974351045682, -0.9928463495405535078, 0.000000000000000000 ) ) ;
#622 = CARTESIAN_POINT ( 'NONE',  ( 87.52907026855218930, 5.637805660900503391, 115.0000000000000284 ) ) ;
#623 = ORIENTED_EDGE ( 'NONE', *, *, #127, .T. ) ;
#624 = ORIENTED_EDGE ( 'NONE', *, *, #85, .T. ) ;
#625 = CARTESIAN_POINT ( 'NONE',  ( 0.9653009461774890720, -1.684278744193306698, 0.000000000000000000 ) ) ;
#626 = CARTESIAN_POINT ( 'NONE',  ( 87.04444114684274325, 5.508736665875565208, 252.0000000000002274 ) ) ;
#627 = AXIS2_PLACEMENT_3D ( 'NONE', #1365, #3108, #1333 ) ;
#628 = CARTESIAN_POINT ( 'NONE',  ( 86.63984742494912439, 5.784357793017956162, 117.0000000000000000 ) ) ;
#629 = PLANE ( 'NONE',  #1036 ) ;
#630 = EDGE_CURVE ( 'NONE', #2183, #1858, #3247, .T. ) ;
#631 = CARTESIAN_POINT ( 'NONE',  ( 86.75727348812677064, -1.083740000046037100, 57.99999999999999289 ) ) ;
#632 = VECTOR ( 'NONE', #762, 1000.000000000000114 ) ;
#633 = CARTESIAN_POINT ( 'NONE',  ( 109.9120242841669892, 1.130326364673033268, 328.9999999999997726 ) ) ;
#634 = CARTESIAN_POINT ( 'NONE',  ( 0.9026752007988486648, -1.629211667638454930, 0.000000000000000000 ) ) ;
#635 = ORIENTED_EDGE ( 'NONE', *, *, #2240, .F. ) ;
#636 = CARTESIAN_POINT ( 'NONE',  ( 92.25867233476131446, 4.751168369263914393, 180.0000000000001705 ) ) ;
#637 = VECTOR ( 'NONE', #3101, 1000.000000000000000 ) ;
#638 = CARTESIAN_POINT ( 'NONE',  ( 49.95864061414656732, -2.285718532545727211, 328.9999999999999432 ) ) ;
#639 = B_SPLINE_CURVE_WITH_KNOTS ( 'NONE', 3,
 ( #3251, #931, #3040, #3090, #744, #1494, #1237, #1573 ),
 .UNSPECIFIED., .F., .F.,
 ( 4, 1, 1, 1, 1, 4 ),
 ( 0.002917580891453473019, 0.003706735636074432773, 0.01059240984427214753, 0.01747808405246986316, 0.02436375826066758052, 0.02865214499132506462 ),
 .UNSPECIFIED. ) ;
#640 = ORIENTED_EDGE ( 'NONE', *, *, #678, .F. ) ;
#641 = CARTESIAN_POINT ( 'NONE',  ( 114.9008294260163723, -0.05016421021564966554, 0.000000000000000000 ) ) ;
#642 = DIRECTION ( 'NONE',  ( 0.6427876096865406952, -0.7660444431189769032, 0.000000000000000000 ) ) ;
#643 = ORIENTED_EDGE ( 'NONE', *, *, #3066, .F. ) ;
#644 = EDGE_CURVE ( 'NONE', #2752, #2642, #2692, .T. ) ;
#645 = DIRECTION ( 'NONE',  ( 0.6427876096865406952, -0.7660444431189769032, 0.000000000000000000 ) ) ;
#646 = CARTESIAN_POINT ( 'NONE',  ( 84.58368038285237844, -1.163568908867459450, 329.0000000000000000 ) ) ;
#647 = CARTESIAN_POINT ( 'NONE',  ( 111.9008294260164007, -0.1603477655009281910, 120.0000000000000000 ) ) ;
#648 = B_SPLINE_CURVE_WITH_KNOTS ( 'NONE', 3,
 ( #3087, #2024, #3053, #724 ),
 .UNSPECIFIED., .F., .F.,
 ( 4, 4 ),
 ( 1.387778780781445676E-17, 0.003000000000000030854 ),
 .UNSPECIFIED. ) ;
#649 = CARTESIAN_POINT ( 'NONE',  ( 111.9008294260164007, -0.1603484030683038353, 52.00000000000000711 ) ) ;
#650 = CARTESIAN_POINT ( 'NONE',  ( 111.9008294260163865, 0.6576246453720168139, 312.8952565316935761 ) ) ;
#651 = DIRECTION ( 'NONE',  ( 0.000000000000000000, 0.000000000000000000, 1.000000000000000000 ) ) ;
#652 = EDGE_CURVE ( 'NONE', #2285, #2616, #175, .T. ) ;
#653 = CARTESIAN_POINT ( 'NONE',  ( 113.0192706485358514, 0.3958690462716250580, 329.0000000000000568 ) ) ;
#654 = CARTESIAN_POINT ( 'NONE',  ( 88.06118438317453467, 7.478241219270040929, 180.0000000000000000 ) ) ;
#655 = VERTEX_POINT ( 'NONE', #1735 ) ;
#656 = PLANE ( 'NONE',  #2923 ) ;
#657 = B_SPLINE_CURVE_WITH_KNOTS ( 'NONE', 3,
 ( #1534, #2836, #2564, #3346 ),
 .UNSPECIFIED., .F., .F.,
 ( 4, 4 ),
 ( 0.003000000000000030854, 0.05500000000000002109 ),
 .UNSPECIFIED. ) ;
#658 = CARTESIAN_POINT ( 'NONE',  ( 17.15755919981010891, 8.649394338238563407, 0.000000000000000000 ) ) ;
#659 = VECTOR ( 'NONE', #1981, 0.5011671567907017844 ) ;
#660 = DIRECTION ( 'NONE',  ( -0.9730337714183164843, 0.2306626967661816741, 0.000000000000000000 ) ) ;
#661 = DIRECTION ( 'NONE',  ( -0.9993263259286709888, -0.03670005866349344142, 0.000000000000000000 ) ) ;
#662 = ORIENTED_EDGE ( 'NONE', *, *, #3296, .F. ) ;
#663 = CARTESIAN_POINT ( 'NONE',  ( 111.9008294260164007, -9.946594549830242826, 180.0000000000000000 ) ) ;
#664 = CARTESIAN_POINT ( 'NONE',  ( 105.0761149827283987, -0.4109708671441277272, 329.0000000000000000 ) ) ;
#665 = CARTESIAN_POINT ( 'NONE',  ( 93.04048726818602688, -0.8529831110888853596, 1.999999999999979572 ) ) ;
#666 = ORIENTED_EDGE ( 'NONE', *, *, #822, .T. ) ;
#667 = CARTESIAN_POINT ( 'NONE',  ( 86.73584785656774443, 5.898766652290043488, 2.000000000000000000 ) ) ;
#668 = LINE ( 'NONE', #3023, #1951 ) ;
#669 = CARTESIAN_POINT ( 'NONE',  ( 86.35154931622426489, 5.440777486206989977, 327.0000000000000000 ) ) ;
#670 = CARTESIAN_POINT ( 'NONE',  ( 101.6457757905428707, -0.5369611054938266959, 117.0000000000001563 ) ) ;
#671 = CARTESIAN_POINT ( 'NONE',  ( 10.29575755497944201, -3.313860163418798077, 0.000000000000000000 ) ) ;
#672 = VERTEX_POINT ( 'NONE', #2438 ) ;
#673 = EDGE_CURVE ( 'NONE', #2844, #700, #447, .T. ) ;
#674 = LINE ( 'NONE', #3276, #3029 ) ;
#675 = CARTESIAN_POINT ( 'NONE',  ( 74.36040027379372930, 7.901346676731407115, 0.000000000000000000 ) ) ;
#676 = CARTESIAN_POINT ( 'NONE',  ( 101.8163900723733803, 2.935705614026472343, 0.000000000000000000 ) ) ;
#677 = ORIENTED_EDGE ( 'NONE', *, *, #1039, .T. ) ;
#678 = EDGE_CURVE ( 'NONE', #1640, #1204, #2452, .T. ) ;
#679 = DIRECTION ( 'NONE',  ( 0.6427876096855452692, -0.7660444431198121240, 0.000000000000000000 ) ) ;
#680 = ORIENTED_EDGE ( 'NONE', *, *, #1067, .T. ) ;
#681 = ORIENTED_EDGE ( 'NONE', *, *, #1064, .F. ) ;
#682 = CARTESIAN_POINT ( 'NONE',  ( 41.03072190830199162, -1.532964104664938931, 329.0000000000006821 ) ) ;
#683 = CARTESIAN_POINT ( 'NONE',  ( 111.0326557508295906, 0.8615222799916419927, 252.0000000000002274 ) ) ;
#684 = CARTESIAN_POINT ( 'NONE',  ( 95.57962124696229012, -0.7597463280809617636, 329.0000000000000000 ) ) ;
#685 = LINE ( 'NONE', #3198, #1624 ) ;
#686 = VERTEX_POINT ( 'NONE', #1172 ) ;
#687 = CARTESIAN_POINT ( 'NONE',  ( 86.75727333237441030, -1.083739814427592707, 117.0000000000000000 ) ) ;
#688 = CARTESIAN_POINT ( 'NONE',  ( 86.34999155101986901, -0.5983602883001503114, 57.00000000000000000 ) ) ;
#689 = DIRECTION ( 'NONE',  ( 2.773687716611303550E-14, 1.000000000000000000, 0.000000000000000000 ) ) ;
#690 = VECTOR ( 'NONE', #608, 1000.000000000000114 ) ;
#691 = CARTESIAN_POINT ( 'NONE',  ( 2.315030989328294542, -2.335207148412724809, 0.000000000000000000 ) ) ;
#692 = VERTEX_POINT ( 'NONE', #3226 ) ;
#693 = LINE ( 'NONE', #1745, #1451 ) ;
#694 = EDGE_CURVE ( 'NONE', #2356, #3104, #2233, .T. ) ;
#695 = CARTESIAN_POINT ( 'NONE',  ( 69.78441242560552382, 8.524236325322787522, 0.000000000000000000 ) ) ;
#696 = CARTESIAN_POINT ( 'NONE',  ( 100.6724897191532193, 3.179446835999173437, 0.000000000000000000 ) ) ;
#697 = AXIS2_PLACEMENT_3D ( 'NONE', #1941, #2972, #384 ) ;
#698 = ORIENTED_EDGE ( 'NONE', *, *, #1159, .T. ) ;
#699 = CARTESIAN_POINT ( 'NONE',  ( 37.75193839971203147, 10.45378014313575754, 0.000000000000000000 ) ) ;
#700 = VERTEX_POINT ( 'NONE', #1949 ) ;
#701 = CARTESIAN_POINT ( 'NONE',  ( 86.73892347695903027, -0.5840768481354281505, 52.00000000000000711 ) ) ;
#702 = CARTESIAN_POINT ( 'NONE',  ( 0.9026752007988486648, -1.629211667638454930, 0.000000000000000000 ) ) ;
#703 = EDGE_LOOP ( 'NONE', ( #698, #2007, #1814, #455 ) ) ;
#704 = DIRECTION ( 'NONE',  ( 0.000000000000000000, 0.000000000000000000, 1.000000000000000000 ) ) ;
#705 = CARTESIAN_POINT ( 'NONE',  ( 111.9008294260164007, 0.3399910277142182968, 249.0000000000000000 ) ) ;
#706 = CARTESIAN_POINT ( 'NONE',  ( 79.90082942585196690, 2.420280363009968738, 0.000000000000000000 ) ) ;
#707 = CARTESIAN_POINT ( 'NONE',  ( 8.007063706261646985, -3.193733083395483341, 0.000000000000000000 ) ) ;
#708 = CARTESIAN_POINT ( 'NONE',  ( -0.03642451569615721280, -0.1997153173902917467, 0.000000000000000000 ) ) ;
#709 = CARTESIAN_POINT ( 'NONE',  ( 44.23482225115827760, 10.46270610199807116, 0.000000000000000000 ) ) ;
#710 = EDGE_CURVE ( 'NONE', #2370, #1016, #2986, .T. ) ;
#711 = CARTESIAN_POINT ( 'NONE',  ( 97.24040009385478811, 3.893141181800230388, 0.000000000000000000 ) ) ;
#712 = VERTEX_POINT ( 'NONE', #754 ) ;
#713 = VECTOR ( 'NONE', #2956, 1000.000000000000000 ) ;
#714 = CARTESIAN_POINT ( 'NONE',  ( 35.46391840698854026, 10.40598030628700599, 0.000000000000000000 ) ) ;
#715 = VECTOR ( 'NONE', #2193, 1000.000000000000000 ) ;
#716 = CARTESIAN_POINT ( 'NONE',  ( 105.5965905952907491, 0.1084748940666349637, 254.0000000000000000 ) ) ;
#717 = CARTESIAN_POINT ( 'NONE',  ( 111.9008294260164007, 0.6574670334402099581, 327.0000000000000000 ) ) ;
#718 = ORIENTED_EDGE ( 'NONE', *, *, #2388, .T. ) ;
#719 = ORIENTED_EDGE ( 'NONE', *, *, #1261, .T. ) ;
#720 = LINE ( 'NONE', #2521, #637 ) ;
#721 = DIRECTION ( 'NONE',  ( 0.6427876096865408062, -0.7660444431189769032, 9.669965394686145875E-09 ) ) ;
#722 = EDGE_CURVE ( 'NONE', #2877, #2012, #3070, .T. ) ;
#723 = CARTESIAN_POINT ( 'NONE',  ( 16.01255968070439550, 8.403481941187493476, 0.000000000000000000 ) ) ;
#724 = CARTESIAN_POINT ( 'NONE',  ( 111.9008294260164007, -0.1603478212713536633, 111.9999999999999858 ) ) ;
#725 = ORIENTED_EDGE ( 'NONE', *, *, #269, .F. ) ;
#726 = PLANE ( 'NONE',  #3242 ) ;
#727 = CARTESIAN_POINT ( 'NONE',  ( 64.31996693730249604, -1.905941910399539641, 329.0000000000006253 ) ) ;
#728 = CARTESIAN_POINT ( 'NONE',  ( 111.9008294260164007, -0.1603484332182439909, 54.00000000000000711 ) ) ;
#729 = CARTESIAN_POINT ( 'NONE',  ( 28.60003997925500130, -3.223472993154923305, 0.000000000000000000 ) ) ;
#730 = CARTESIAN_POINT ( 'NONE',  ( 111.9008294260164007, -0.1603484030683038353, 52.00000000000000711 ) ) ;
#731 = CARTESIAN_POINT ( 'NONE',  ( 5.480573283650038263, 4.956038311977170707, 0.000000000000000000 ) ) ;
#732 = CARTESIAN_POINT ( 'NONE',  ( 49.57377926917942546, 10.30159189869835501, 0.000000000000000000 ) ) ;
#733 = CARTESIAN_POINT ( 'NONE',  ( 93.46693582156449054, 4.365734867055651058, 329.0000000000000568 ) ) ;
#734 = CARTESIAN_POINT ( 'NONE',  ( 41.56532549755041828, -2.741634762355335209, 0.000000000000000000 ) ) ;
#735 = B_SPLINE_CURVE_WITH_KNOTS ( 'NONE', 3,
 ( #2943, #2912, #67, #570, #2135, #2433, #115, #2407 ),
 .UNSPECIFIED., .F., .F.,
 ( 4, 2, 2, 4 ),
 ( 0.000000000000000000, 0.08225028659649510909, 0.1645005731929902182, 0.3290011463859803809 ),
 .UNSPECIFIED. ) ;
#736 = CARTESIAN_POINT ( 'NONE',  ( 73.89196646343162911, -1.556605947598363571, 329.0000000000007390 ) ) ;
#737 = EDGE_LOOP ( 'NONE', ( #1914, #2390, #1436, #189 ) ) ;
#738 = ORIENTED_EDGE ( 'NONE', *, *, #1803, .T. ) ;
#739 = CARTESIAN_POINT ( 'NONE',  ( 5.713800960062855872, 5.065299185312630570, 0.000000000000000000 ) ) ;
#740 = ORIENTED_EDGE ( 'NONE', *, *, #7, .T. ) ;
#741 = CARTESIAN_POINT ( 'NONE',  ( 83.81705129401322552, 2.420280362814021480, 327.0000000000000000 ) ) ;
#742 = CARTESIAN_POINT ( 'NONE',  ( 101.8275790085629353, 2.835920352388312971, 329.0000000000000000 ) ) ;
#743 = CARTESIAN_POINT ( 'NONE',  ( 58.33768954603930723, -2.130301504564653392, 329.0000000000000568 ) ) ;
#744 = CARTESIAN_POINT ( 'NONE',  ( 100.9979339280543797, 3.113866814395946925, 55.00000000000006395 ) ) ;
#745 = CARTESIAN_POINT ( 'NONE',  ( 96.76385902273506190, -0.7162430568478771464, 181.9999999999997442 ) ) ;
#746 = VECTOR ( 'NONE', #2582, 1000.000000000000000 ) ;
#747 = CARTESIAN_POINT ( 'NONE',  ( 68.64051124425516548, 8.668102187506427470, 0.000000000000000000 ) ) ;
#748 = CARTESIAN_POINT ( 'NONE',  ( 74.97509498066744982, 7.818583178349564733, 0.000000000000000000 ) ) ;
#749 = CARTESIAN_POINT ( 'NONE',  ( 50.84453483913457461, 5.651113063052825680, 329.0000000000000000 ) ) ;
#750 = VECTOR ( 'NONE', #1201, 1000.000000000000227 ) ;
#751 = CARTESIAN_POINT ( 'NONE',  ( 99.31070844905764261, -0.1223754370173359279, 254.0000000000000000 ) ) ;
#752 = CARTESIAN_POINT ( 'NONE',  ( 89.14671676569618342, -0.9959881122633391648, 54.99999999999994316 ) ) ;
#753 = ORIENTED_EDGE ( 'NONE', *, *, #1656, .F. ) ;
#754 = CARTESIAN_POINT ( 'NONE',  ( 111.9008294260164007, -0.1603470177296336674, 180.0000000000000000 ) ) ;
#755 = CARTESIAN_POINT ( 'NONE',  ( 101.9561173272021790, 2.895801810991147640, 117.0000000000001137 ) ) ;
#756 = CARTESIAN_POINT ( 'NONE',  ( 11.43970083607612587, -3.362683324515828520, 0.000000000000000000 ) ) ;
#757 = ADVANCED_FACE ( 'NONE', ( #2846 ), #3339, .T. ) ;
#758 = ORIENTED_EDGE ( 'NONE', *, *, #2477, .F. ) ;
#759 = CARTESIAN_POINT ( 'NONE',  ( 55.94434127038287841, -2.207485649822813922, 329.0000000000001137 ) ) ;
#760 = CARTESIAN_POINT ( 'NONE',  ( 86.34999139119773304, -0.5983600978315388730, 111.9999999999999858 ) ) ;
#761 = CARTESIAN_POINT ( 'NONE',  ( 24.02405842580981954, -3.366236877182564591, 0.000000000000000000 ) ) ;
#762 = DIRECTION ( 'NONE',  ( 0.9993263265620334623, 0.03670004141730631719, 0.000000000000000000 ) ) ;
#763 = EDGE_CURVE ( 'NONE', #116, #2020, #1566, .T. ) ;
#764 = CARTESIAN_POINT ( 'NONE',  ( 40.51707809920026904, 1.339356946647962232, 329.0000000000002842 ) ) ;
#765 = CARTESIAN_POINT ( 'NONE',  ( 57.69833539419930446, 6.588840142674914802, 328.9999999999994884 ) ) ;
#766 = LINE ( 'NONE', #1823, #715 ) ;
#767 = ORIENTED_EDGE ( 'NONE', *, *, #1614, .T. ) ;
#768 = ORIENTED_EDGE ( 'NONE', *, *, #1372, .F. ) ;
#769 = CARTESIAN_POINT ( 'NONE',  ( 98.45408093305573516, -0.6541702060449230416, 257.0000000000000000 ) ) ;
#770 = CARTESIAN_POINT ( 'NONE',  ( 9.151483621225622755, -3.256714167194110221, 0.000000000000000000 ) ) ;
#771 = CARTESIAN_POINT ( 'NONE',  ( 111.9008294260163865, -0.1603460212006482255, 254.0000000000000000 ) ) ;
#772 = EDGE_LOOP ( 'NONE', ( #860, #268, #3224, #640 ) ) ;
#773 = DIRECTION ( 'NONE',  ( -0.6427876096865405842, 0.7660444431189769032, 0.000000000000000000 ) ) ;
#774 = CARTESIAN_POINT ( 'NONE',  ( 114.9008294260164007, -0.05016421021564967248, 329.0000000000000000 ) ) ;
#775 = CARTESIAN_POINT ( 'NONE',  ( 100.2147287563064282, -0.5895109864585127424, 328.9999999999995453 ) ) ;
#776 = DIRECTION ( 'NONE',  ( 0.9993263173578234015, 0.03670029204312421495, 0.000000000000000000 ) ) ;
#777 = PLANE ( 'NONE',  #1677 ) ;
#778 = CARTESIAN_POINT ( 'NONE',  ( 86.34999562234368398, -0.5983651403149211623, 185.0000000000000000 ) ) ;
#779 = CARTESIAN_POINT ( 'NONE',  ( 3.878272337368041001, 4.078224712737445579, 0.000000000000000000 ) ) ;
#780 = CARTESIAN_POINT ( 'NONE',  ( 67.27178575627756629, 6.858110261790447915, 328.9999999999999432 ) ) ;
#781 = CARTESIAN_POINT ( 'NONE',  ( 55.34366509591625061, 6.365017702547697276, 329.0000000000000000 ) ) ;
#782 = CARTESIAN_POINT ( 'NONE',  ( 52.32553027587235306, -2.348838596796508860, 0.000000000000000000 ) ) ;
#783 = EDGE_CURVE ( 'NONE', #1862, #424, #2830, .T. ) ;
#784 = ORIENTED_EDGE ( 'NONE', *, *, #888, .T. ) ;
#785 = ORIENTED_EDGE ( 'NONE', *, *, #1892, .T. ) ;
#786 = FACE_OUTER_BOUND ( 'NONE', #1932, .T. ) ;
#787 = CARTESIAN_POINT ( 'NONE',  ( 44.61600134429141207, -2.630943681345744523, 0.000000000000000000 ) ) ;
#788 = PLANE ( 'NONE',  #830 ) ;
#789 = DIRECTION ( 'NONE',  ( -0.9993263173578232905, -0.03670029204312849624, 0.000000000000000000 ) ) ;
#790 = CARTESIAN_POINT ( 'NONE',  ( 113.8229283973516175, 0.2053500937244912006, 329.0000000000000000 ) ) ;
#791 = PRESENTATION_STYLE_ASSIGNMENT (( #3125 ) ) ;
#792 = CARTESIAN_POINT ( 'NONE',  ( 48.59685890588766455, -2.264644012168659959, 329.0000000000000000 ) ) ;
#793 = CARTESIAN_POINT ( 'NONE',  ( 86.73893716925522313, -0.5840986643999728223, 252.0000000000000000 ) ) ;
#794 = LINE ( 'NONE', #2312, #3260 ) ;
#795 = PLANE ( 'NONE',  #918 ) ;
#796 = CARTESIAN_POINT ( 'NONE',  ( 27.61572202536024534, 10.08028678807874634, 0.000000000000000000 ) ) ;
#797 = CARTESIAN_POINT ( 'NONE',  ( 111.9008294260164007, 7.478241219270040929, 327.0000000000000000 ) ) ;
#798 = CARTESIAN_POINT ( 'NONE',  ( 52.34422552316303268, 5.937240861977383766, 329.0000000000000000 ) ) ;
#799 = CARTESIAN_POINT ( 'NONE',  ( 99.79424123806964531, -0.6049596011214792846, 0.000000000000000000 ) ) ;
#800 = VECTOR ( 'NONE', #2518, 1000.000000000000000 ) ;
#801 = ORIENTED_EDGE ( 'NONE', *, *, #2798, .F. ) ;
#802 = ORIENTED_EDGE ( 'NONE', *, *, #2612, .F. ) ;
#803 = EDGE_CURVE ( 'NONE', #1054, #2772, #1357, .T. ) ;
#804 = CARTESIAN_POINT ( 'NONE',  ( 22.88007114780590712, -3.394381013022006677, 0.000000000000000000 ) ) ;
#805 = CARTESIAN_POINT ( 'NONE',  ( 88.06118438317453467, 7.478241219270040929, 180.0000000000000000 ) ) ;
#806 = ORIENTED_EDGE ( 'NONE', *, *, #348, .T. ) ;
#807 = CARTESIAN_POINT ( 'NONE',  ( 90.08259021509235254, 4.902987278052745701, 329.0000000000000000 ) ) ;
#808 = VECTOR ( 'NONE', #3265, 1000.000000000000000 ) ;
#809 = DIRECTION ( 'NONE',  ( 0.7660444431189769032, 0.6427876096865406952, 0.000000000000000000 ) ) ;
#810 = CARTESIAN_POINT ( 'NONE',  ( 39.61342669931302396, 0.07161228374393052709, 329.0000000000000000 ) ) ;
#811 = CARTESIAN_POINT ( 'NONE',  ( 86.75729754709490749, -1.083768672407736444, 327.0000000000000000 ) ) ;
#812 = CARTESIAN_POINT ( 'NONE',  ( 88.73537980206369014, 5.106543261798527134, 329.0000000000000568 ) ) ;
#813 = CARTESIAN_POINT ( 'NONE',  ( 111.9008294260164007, -0.1603484532161225939, 52.00000000000000711 ) ) ;
#814 = CARTESIAN_POINT ( 'NONE',  ( 0.1382427992404589856, -3.764374994924611695, 254.0000000000000000 ) ) ;
#815 = CARTESIAN_POINT ( 'NONE',  ( 88.08800028921054093, -1.034874541398394188, 0.000000000000000000 ) ) ;
#816 = EDGE_CURVE ( 'NONE', #1308, #2356, #1488, .T. ) ;
#817 = CARTESIAN_POINT ( 'NONE',  ( 55.94434127038287841, -2.207485649822813922, 329.0000000000001137 ) ) ;
#818 = ORIENTED_EDGE ( 'NONE', *, *, #1462, .F. ) ;
#819 = CARTESIAN_POINT ( 'NONE',  ( 74.36000024509304751, -1.539083340133363231, 0.000000000000000000 ) ) ;
#820 = ORIENTED_EDGE ( 'NONE', *, *, #3073, .T. ) ;
#821 = CARTESIAN_POINT ( 'NONE',  ( 43.72116442909567269, 3.475942169531569093, 329.0000000000000000 ) ) ;
#822 = EDGE_CURVE ( 'NONE', #2463, #2169, #180, .T. ) ;
#823 = CARTESIAN_POINT ( 'NONE',  ( 93.58065995835701756, 4.343412811310883193, 329.0000000000000000 ) ) ;
#824 = CARTESIAN_POINT ( 'NONE',  ( 43.38308934373491610, -1.977501026367053605, 329.0000000000007390 ) ) ;
#825 = CARTESIAN_POINT ( 'NONE',  ( 111.8824798098075775, 0.3393171569353730099, 252.0000000000000000 ) ) ;
#826 = CARTESIAN_POINT ( 'NONE',  ( 44.22271620986150964, -2.064268144879904732, 329.0000000000000000 ) ) ;
#827 = VECTOR ( 'NONE', #1942, 1000.000000000000114 ) ;
#828 = LINE ( 'NONE', #2901, #3082 ) ;
#829 = CARTESIAN_POINT ( 'NONE',  ( 0.1382427992404589856, -3.764374994924611695, 252.0000000000000000 ) ) ;
#830 = AXIS2_PLACEMENT_3D ( 'NONE', #805, #1106, #1905 ) ;
#831 = ADVANCED_FACE ( 'NONE', ( #249 ), #1018, .T. ) ;
#832 = PLANE ( 'NONE',  #3160 ) ;
#833 = APPLICATION_CONTEXT ( 'automotive_design' ) ;
#834 = CARTESIAN_POINT ( 'NONE',  ( 53.17823665351104268, 10.11732879380016925, 0.000000000000000000 ) ) ;
#835 = CARTESIAN_POINT ( 'NONE',  ( 114.7756220695123375, -0.02048315766173460298, 0.000000000000000000 ) ) ;
#836 = CARTESIAN_POINT ( 'NONE',  ( 58.34399919947087199, -2.127131569181710979, 0.000000000000000000 ) ) ;
#837 = CARTESIAN_POINT ( 'NONE',  ( 98.45408093305573516, -0.6541702060449230416, 257.0000000000000000 ) ) ;
#838 = VERTEX_POINT ( 'NONE', #1287 ) ;
#839 = CARTESIAN_POINT ( 'NONE',  ( 21.73605661719944848, -3.418669910414882551, 0.000000000000000000 ) ) ;
#840 = DIRECTION ( 'NONE',  ( -0.9993263562720425819, -0.03669923241761998550, -0.000000000000000000 ) ) ;
#841 = ORIENTED_EDGE ( 'NONE', *, *, #927, .T. ) ;
#842 = CARTESIAN_POINT ( 'NONE',  ( 72.08858506736179095, 6.733884832440222290, 329.0000000000000000 ) ) ;
#843 = CARTESIAN_POINT ( 'NONE',  ( 3.969721568133258049, -2.693567244959053752, 0.000000000000000000 ) ) ;
#844 = SURFACE_STYLE_FILL_AREA ( #317 ) ;
#845 = CARTESIAN_POINT ( 'NONE',  ( 39.59377885780013884, -0.04582056849071392685, 329.0000000000000000 ) ) ;
#846 = CARTESIAN_POINT ( 'NONE',  ( 82.95808413683273841, -1.223213922276929155, 329.0000000441723955 ) ) ;
#847 = CARTESIAN_POINT ( 'NONE',  ( 113.0192706480508207, 0.3958690463862728492, 329.0000000000000568 ) ) ;
#848 = CARTESIAN_POINT ( 'NONE',  ( 86.68864947684296851, 5.842517813688420603, 62.75336824614084463 ) ) ;
#849 = ADVANCED_FACE ( 'NONE', ( #2322 ), #1217, .T. ) ;
#850 = CARTESIAN_POINT ( 'NONE',  ( 24.58194743404095561, 9.812377243696429829, 0.000000000000000000 ) ) ;
#851 = CARTESIAN_POINT ( 'NONE',  ( 86.75727761034033847, -1.083744912708842101, 182.9999999999998295 ) ) ;
#852 = CARTESIAN_POINT ( 'NONE',  ( 76.64800026396765986, -1.455043852416827432, 0.000000000000000000 ) ) ;
#853 = DIRECTION ( 'NONE',  ( 0.6427876096865406952, -0.7660444431189769032, 0.000000000000000000 ) ) ;
#854 = VERTEX_POINT ( 'NONE', #1000 ) ;
#855 = CARTESIAN_POINT ( 'NONE',  ( 83.51199974640097423, -1.202916428244111158, 0.000000000000000000 ) ) ;
#856 = VECTOR ( 'NONE', #350, 1000.000000000000000 ) ;
#857 = CARTESIAN_POINT ( 'NONE',  ( 86.73893716925522313, -0.5840986643999728223, 249.0000000000000000 ) ) ;
#858 = B_SPLINE_SURFACE_WITH_KNOTS ( 'NONE', 3, 1, ( 
 ( #2454, #2186 ),
 ( #913, #1952 ),
 ( #2988, #1703 ),
 ( #2726, #799 ),
 ( #2281, #1051 ),
 ( #1524, #2090 ),
 ( #3351, #1321 ),
 ( #519, #1837 ),
 ( #2355, #3333 ),
 ( #2054, #502 ),
 ( #1563, #30 ),
 ( #1068, #3116 ),
 ( #3067, #2553 ),
 ( #1543, #2037 ),
 ( #736, #782 ),
 ( #1035, #451 ),
 ( #2533, #2857 ),
 ( #227, #3081 ),
 ( #1783, #1807 ),
 ( #2574, #244 ),
 ( #1300, #11 ),
 ( #1284, #2317 ),
 ( #2072, #2335 ),
 ( #98, #2894 ),
 ( #817, #1384 ),
 ( #1872, #2876 ),
 ( #79, #2134 ),
 ( #1130, #1590 ),
 ( #1353, #2387 ),
 ( #638, #1977 ),
 ( #128, #1223 ),
 ( #2256, #156 ),
 ( #1931, #1415 ),
 ( #1429, #2735 ),
 ( #618, #372 ),
 ( #1164, #901 ),
 ( #2978, #1694 ),
 ( #388, #2464 ),
 ( #3256, #935 ),
 ( #1180, #3239 ),
 ( #2997, #1446 ),
 ( #2480, #500 ),
 ( #3077, #3096 ),
 ( #1560, #448 ),
 ( #464, #2824 ),
 ( #1318, #708 ),
 ( #1298, #3311 ),
 ( #989, #2606 ),
 ( #1761, #2351 ),
 ( #1280, #3349 ),
 ( #1499, #277 ),
 ( #764, #3112 ),
 ( #2294, #967 ),
 ( #203, #485 ),
 ( #2784, #242 ),
 ( #2032, #259 ),
 ( #1241, #779 ),
 ( #2334, #2590 ),
 ( #3063, #731 ),
 ( #3330, #9 ),
 ( #2571, #1835 ),
 ( #2801, #1519 ),
 ( #2548, #2314 ),
 ( #222, #1263 ),
 ( #1011, #1539 ),
 ( #1032, #2068 ),
 ( #3161, #2163 ),
 ( #2382, #2367 ),
 ( #1098, #1127 ),
 ( #582, #550 ),
 ( #40, #2907 ),
 ( #1633, #1079 ),
 ( #2662, #850 ),
 ( #3188, #867 ),
 ( #1854, #2873 ),
 ( #1899, #2149 ),
 ( #1116, #335 ),
 ( #1912, #306 ),
 ( #1349, #351 ),
 ( #2102, #2940 ),
 ( #2115, #834 ),
 ( #1602, #537 ),
 ( #61, #321 ),
 ( #1884, #1588 ),
 ( #2622, #2925 ),
 ( #3147, #1618 ),
 ( #812, #1867 ),
 ( #2650, #2404 ),
 ( #1380, #2416 ),
 ( #598, #1652 ),
 ( #2175, #1725 ),
 ( #2973, #3202 ),
 ( #633, #1177 ),
 ( #653, #1442 ),
 ( #2220, #1690 ),
 ( #416, #2745 ),
 ( #949, #3026 ),
 ( #430, #1557 ),
 ( #1096, #1969 ),
 ( #136, #349 ) ),
 .UNSPECIFIED., .F., .F., .F.,
 ( 4, 1, 1, 1, 1, 1, 1, 1, 1, 1, 1, 1, 1, 1, 1, 1, 1, 1, 1, 1, 1, 1, 1, 1, 1, 1, 1, 1, 1, 1, 1, 1, 1, 1, 1, 1, 1, 1, 1, 1, 1, 1, 1, 1, 1, 1, 1, 1, 1, 1, 1, 1, 1, 1, 1, 1, 1, 1, 1, 1, 1, 1, 1, 1, 1, 1, 1, 1, 1, 1, 1, 1, 1, 1, 1, 1, 1, 1, 1, 1, 1, 1, 1, 1, 1, 1, 1, 1, 1, 1, 1, 1, 2, 1, 1, 1, 4 ),
 ( 2, 2 ),
 ( 0.000000000000000000, 0.03118110532117446612, 0.06236221064234893224, 0.09354331596352342959, 0.1247244212846978645, 0.1403149739452851652, 0.1559055266058723965, 0.1714960792664596279, 0.1870866319270468592, 0.2026771845876340905, 0.2182677372482213218, 0.2338582899088085532, 0.2494488425693957290, 0.2650393952299830991, 0.2806299478905703304, 0.2962205005511575617, 0.3118110532117447931, 0.3274016058723320244, 0.3429921585329192557, 0.3507874348632127326, 0.3585827111935064870, 0.3663779875238000194, 0.3741732638540937184, 0.3819685401843871952, 0.3897638165146809497, 0.3975590928449744821, 0.4053543691752681810, 0.4131496455055616579, 0.4209449218358554123, 0.4287401981661489447, 0.4365354744964426437, 0.4443307508267361206, 0.4521260271570298750, 0.4599213034873234074, 0.4638189416524702846, 0.4677165798176171063, 0.4716142179827639280, 0.4755118561479105832, 0.4794094943130575159, 0.4833071324782043376, 0.4852559515607776097, 0.4872047706433511594, 0.4891535897259245980, 0.4911024088084978700, 0.4930512278910713642, 0.4950000469736447473, 0.4969488660562181304, 0.4988976851387914579, 0.5008465042213651186, 0.5027953233039385017, 0.5047441423865116628, 0.5066929614690851569, 0.5086417805516585400, 0.5105905996342321451, 0.5144882377993786893, 0.5183858759645254555, 0.5222835141296725547, 0.5261811522948192099, 0.5300787904599661982, 0.5339764286251129644, 0.5378740667902596195, 0.5417717049554067188, 0.5456693431205532629, 0.5495669812857000291, 0.5534646194508470174, 0.5612598957811406608, 0.5690551721114340822, 0.5768504484417276146, 0.5846457247720214800, 0.5924410011023151235, 0.6002362774326085448, 0.6080315537629021883, 0.6236221064234895861, 0.6392126590840765399, 0.6548032117446640488, 0.6703937644052511136, 0.6859843170658385114, 0.7015748697264254652, 0.7171654223870129741, 0.7327559750476000389, 0.7483465277081874367, 0.7639370803687743905, 0.7795276330293618994, 0.7951181856899489642, 0.8107087383505363620, 0.8262992910111233158, 0.8418898436717108247, 0.8574803963322978895, 0.8730709489928852873, 0.9042520543140597500, 0.9354331596352342126, 0.9666142649564086753, 0.9977953702775829159, 0.9983465277081871037, 0.9988976851387914024, 0.9994488425693957012, 1.000000000000000000 ),
 ( 0.000000000000000000, 1.000000000000000000 ),
 .UNSPECIFIED. ) ;
#859 = CARTESIAN_POINT ( 'NONE',  ( 111.9008294260164007, -0.1603469925516940453, 185.0000000000000000 ) ) ;
#860 = ORIENTED_EDGE ( 'NONE', *, *, #1221, .F. ) ;
#861 = CARTESIAN_POINT ( 'NONE',  ( 76.33689759684038734, 6.478932240567511158, 329.0000000000000000 ) ) ;
#862 = DIRECTION ( 'NONE',  ( -0.6427876096865406952, 0.7660444431189769032, 0.000000000000000000 ) ) ;
#863 = CARTESIAN_POINT ( 'NONE',  ( 64.34114705621641406, -1.905492977773682206, 329.0000000000000000 ) ) ;
#864 = EDGE_CURVE ( 'NONE', #1754, #1994, #720, .T. ) ;
#865 = VECTOR ( 'NONE', #3301, 1000.000000000000000 ) ;
#866 = B_SPLINE_CURVE_WITH_KNOTS ( 'NONE', 3,
 ( #548, #1334, #2633, #1631 ),
 .UNSPECIFIED., .F., .F.,
 ( 4, 4 ),
 ( 0.000000000000000000, 0.002999999999999961465 ),
 .UNSPECIFIED. ) ;
#867 = CARTESIAN_POINT ( 'NONE',  ( 27.61572202536024534, 10.08028678807874634, 0.000000000000000000 ) ) ;
#868 = CARTESIAN_POINT ( 'NONE',  ( 53.38666897776941767, -2.309749438879790340, 0.000000000000000000 ) ) ;
#869 = EDGE_LOOP ( 'NONE', ( #2756, #330, #1393, #802, #1459 ) ) ;
#870 = EDGE_CURVE ( 'NONE', #2075, #1152, #1526, .T. ) ;
#871 = DIRECTION ( 'NONE',  ( 0.000000000000000000, 0.000000000000000000, 1.000000000000000000 ) ) ;
#872 = CARTESIAN_POINT ( 'NONE',  ( 114.9008294260163723, -0.05016421021564967248, 0.000000000000000000 ) ) ;
#873 = VERTEX_POINT ( 'NONE', #191 ) ;
#874 = CARTESIAN_POINT ( 'NONE',  ( 97.24000000000125965, -0.6987600000346685380, 0.000000000000000000 ) ) ;
#875 = CARTESIAN_POINT ( 'NONE',  ( 113.2560287619030674, 0.3396651538873501353, 0.000000000000000000 ) ) ;
#876 = LINE ( 'NONE', #2948, #690 ) ;
#877 = VERTEX_POINT ( 'NONE', #2041 ) ;
#878 = DIRECTION ( 'NONE',  ( 0.000000000000000000, 0.000000000000000000, 1.000000000000000000 ) ) ;
#879 = CARTESIAN_POINT ( 'NONE',  ( 90.83137345404955454, -0.9341230727893783392, 329.0000000000000000 ) ) ;
#880 = CARTESIAN_POINT ( 'NONE',  ( 86.75727349766768270, -1.083740011416445048, 56.99999999999999289 ) ) ;
#881 = CARTESIAN_POINT ( 'NONE',  ( 111.9008294260163865, -0.1603460212006482255, 249.0000000000000000 ) ) ;
#882 = EDGE_CURVE ( 'NONE', #1546, #700, #1856, .T. ) ;
#883 = CARTESIAN_POINT ( 'NONE',  ( 103.3413328849716777, -0.4746777918420607700, 0.000000000000000000 ) ) ;
#884 = ORIENTED_EDGE ( 'NONE', *, *, #2733, .T. ) ;
#885 = CARTESIAN_POINT ( 'NONE',  ( 5.713800960062855872, 5.065299185312630570, 0.000000000000000000 ) ) ;
#886 = FACE_OUTER_BOUND ( 'NONE', #315, .T. ) ;
#887 = EDGE_LOOP ( 'NONE', ( #1606, #3164, #2344, #3337 ) ) ;
#888 = EDGE_CURVE ( 'NONE', #2844, #1038, #905, .T. ) ;
#889 = EDGE_LOOP ( 'NONE', ( #2483, #1645, #2357, #2423, #589, #1145 ) ) ;
#890 = CARTESIAN_POINT ( 'NONE',  ( 40.00455234162344453, -0.9267609409446119217, 329.0000000000001137 ) ) ;
#891 = CARTESIAN_POINT ( 'NONE',  ( 111.9008294260164007, 0.6593884829589039542, 37.33333333335455961 ) ) ;
#892 = CARTESIAN_POINT ( 'NONE',  ( 89.08201949774525019, -0.9983897750712301677, 329.0000000000000000 ) ) ;
#893 = CARTESIAN_POINT ( 'NONE',  ( 110.9917313044413163, -0.1937317145176628008, 249.0000000000000000 ) ) ;
#894 = LINE ( 'NONE', #1940, #271 ) ;
#895 = CARTESIAN_POINT ( 'NONE',  ( 110.7900849390821776, -0.2011384563851987550, 179.9999999999998863 ) ) ;
#896 = FACE_OUTER_BOUND ( 'NONE', #3318, .T. ) ;
#897 = LINE ( 'NONE', #2461, #2132 ) ;
#898 = CARTESIAN_POINT ( 'NONE',  ( 0.03455620810984126601, -0.4743814821892029521, 0.000000000000000000 ) ) ;
#899 = CARTESIAN_POINT ( 'NONE',  ( 93.98764517664196205, -0.8182037374915439587, 254.0000000000001137 ) ) ;
#900 = ORIENTED_EDGE ( 'NONE', *, *, #1245, .T. ) ;
#901 = CARTESIAN_POINT ( 'NONE',  ( 5.772134182227188326, -2.991095775737271367, 0.000000000000000000 ) ) ;
#902 = CARTESIAN_POINT ( 'NONE',  ( 13.72330266735512794, 7.852767986748538931, 0.000000000000000000 ) ) ;
#903 = EDGE_CURVE ( 'NONE', #2235, #1980, #1055, .T. ) ;
#904 = EDGE_LOOP ( 'NONE', ( #2897, #2017, #2941, #767, #1808, #3293, #46 ) ) ;
#905 = B_SPLINE_CURVE_WITH_KNOTS ( 'NONE', 3,
 ( #2861, #15, #1304, #524, #2596, #3119, #265 ),
 .UNSPECIFIED., .F., .F.,
 ( 4, 3, 4 ),
 ( 0.000000000000000000, 0.03458704808675354403, 0.07000014444992888607 ),
 .UNSPECIFIED. ) ;
#906 = CARTESIAN_POINT ( 'NONE',  ( 42.97009254884242324, 3.116874955354063559, 329.0000000000000000 ) ) ;
#907 = CARTESIAN_POINT ( 'NONE',  ( 113.8279999974749472, -0.08956993123905866716, 0.000000000000000000 ) ) ;
#908 = CARTESIAN_POINT ( 'NONE',  ( 83.81705129401322552, 2.420280362814021480, 180.0000000000000000 ) ) ;
#909 = ORIENTED_EDGE ( 'NONE', *, *, #1410, .F. ) ;
#910 = CARTESIAN_POINT ( 'NONE',  ( 86.73584785656774443, 5.898766652290043488, 2.000000000000000000 ) ) ;
#911 = ADVANCED_FACE ( 'NONE', ( #786 ), #2173, .T. ) ;
#912 = AXIS2_PLACEMENT_3D ( 'NONE', #1399, #2437, #3223 ) ;
#913 = CARTESIAN_POINT ( 'NONE',  ( 112.9772959754905912, -0.1208168419519531217, 329.0000000000000000 ) ) ;
#914 = CARTESIAN_POINT ( 'NONE',  ( 111.9008294260164860, -0.1603470553232402007, 177.0000000000000853 ) ) ;
#915 = LINE ( 'NONE', #649, #1806 ) ;
#916 = CARTESIAN_POINT ( 'NONE',  ( 88.45883090362985968, -1.021249231171040384, 180.0000000000000284 ) ) ;
#917 = FACE_OUTER_BOUND ( 'NONE', #2707, .T. ) ;
#918 = AXIS2_PLACEMENT_3D ( 'NONE', #1780, #3110, #1010 ) ;
#919 = CARTESIAN_POINT ( 'NONE',  ( -0.009929010753440528983, -0.04353626288238063302, 0.000000000000000000 ) ) ;
#920 = EDGE_LOOP ( 'NONE', ( #1629, #31, #1268, #3218, #841 ) ) ;
#921 = AXIS2_PLACEMENT_3D ( 'NONE', #741, #2080, #773 ) ;
#922 = ORIENTED_EDGE ( 'NONE', *, *, #1724, .T. ) ;
#923 = CARTESIAN_POINT ( 'NONE',  ( 96.09599975548270834, -0.7407666755254284086, 0.000000000000000000 ) ) ;
#924 = CARTESIAN_POINT ( 'NONE',  ( 86.69339607141658632, 5.848174584824118227, 57.00000000000000000 ) ) ;
#925 = ORIENTED_EDGE ( 'NONE', *, *, #3115, .T. ) ;
#926 = CARTESIAN_POINT ( 'NONE',  ( 107.3252846954629263, -0.3283702389055200288, 329.0000000000000000 ) ) ;
#927 = EDGE_CURVE ( 'NONE', #1980, #264, #2188, .T. ) ;
#928 = LINE ( 'NONE', #3268, #1352 ) ;
#929 = CARTESIAN_POINT ( 'NONE',  ( 86.71783858008188872, 5.877304032337975492, 26.46838032469700508 ) ) ;
#930 = CARTESIAN_POINT ( 'NONE',  ( 108.8800522374008324, -0.2712755722026948813, 326.9999999999999432 ) ) ;
#931 = CARTESIAN_POINT ( 'NONE',  ( 86.95426391968116775, 5.805174946561743710, 55.00000000000003553 ) ) ;
#932 = EDGE_CURVE ( 'NONE', #1754, #873, #3209, .T. ) ;
#933 = VERTEX_POINT ( 'NONE', #947 ) ;
#934 = AXIS2_PLACEMENT_3D ( 'NONE', #1320, #42, #2353 ) ;
#935 = CARTESIAN_POINT ( 'NONE',  ( 3.073299380197674235, -2.517653936882200849, 0.000000000000000000 ) ) ;
#936 = CARTESIAN_POINT ( 'NONE',  ( 99.14756199325101704, 3.500533478773387053, 0.000000000000000000 ) ) ;
#937 = CARTESIAN_POINT ( 'NONE',  ( 77.79247188552963621, 7.388989141953653750, 0.000000000000000000 ) ) ;
#938 = CARTESIAN_POINT ( 'NONE',  ( 110.3959999841243729, -0.2156095676732558974, 0.000000000000000000 ) ) ;
#939 = CARTESIAN_POINT ( 'NONE',  ( 114.4000000000000057, 0.06855999999999999595, 0.000000000000000000 ) ) ;
#940 = ORIENTED_EDGE ( 'NONE', *, *, #2240, .T. ) ;
#941 = CARTESIAN_POINT ( 'NONE',  ( 83.81705129401322552, 2.420280362814021480, 117.0000000000000000 ) ) ;
#942 = CARTESIAN_POINT ( 'NONE',  ( 74.58737179544536389, -1.530988994535890324, 329.0000000000000000 ) ) ;
#943 = CARTESIAN_POINT ( 'NONE',  ( 86.63198758732724514, 5.774990803294903330, 125.1389339080986645 ) ) ;
#944 = ADVANCED_FACE ( 'NONE', ( #1175 ), #382, .T. ) ;
#945 = DIRECTION ( 'NONE',  ( -0.6427876096865348110, -0.7660444431189817882, 0.000000000000000000 ) ) ;
#946 = ORIENTED_EDGE ( 'NONE', *, *, #1929, .F. ) ;
#947 = CARTESIAN_POINT ( 'NONE',  ( 86.73893716925522313, -0.5840986643999728223, 252.0000000000000000 ) ) ;
#948 = CARTESIAN_POINT ( 'NONE',  ( 86.75727307243060693, -1.083739504638602247, 94.66666666666664298 ) ) ;
#949 = CARTESIAN_POINT ( 'NONE',  ( 114.7367195227135142, -0.01126110739042009319, 329.0000000000000568 ) ) ;
#950 = CARTESIAN_POINT ( 'NONE',  ( 87.19083752790582764, 5.602957226360887333, 182.0000000000000568 ) ) ;
#951 = CARTESIAN_POINT ( 'NONE',  ( 110.3960855444045990, 1.013383862233782295, 0.000000000000000000 ) ) ;
#952 = CARTESIAN_POINT ( 'NONE',  ( 52.62429802596422945, 10.14172030357272725, 0.000000000000000000 ) ) ;
#953 = CARTESIAN_POINT ( 'NONE',  ( 49.19218891744558420, 10.31666805131538389, 0.000000000000000000 ) ) ;
#954 = LINE ( 'NONE', #939, #1924 ) ;
#955 = LINE ( 'NONE', #1750, #800 ) ;
#956 = ORIENTED_EDGE ( 'NONE', *, *, #1898, .T. ) ;
#957 = VERTEX_POINT ( 'NONE', #687 ) ;
#958 = CARTESIAN_POINT ( 'NONE',  ( 108.2960524859136484, -0.2927227069255809999, 257.0000000000000000 ) ) ;
#959 = CARTESIAN_POINT ( 'NONE',  ( 6.291200493406497785, -3.048918922729645153, 0.000000000000000000 ) ) ;
#960 = ORIENTED_EDGE ( 'NONE', *, *, #1874, .F. ) ;
#961 = PLANE ( 'NONE',  #921 ) ;
#962 = CARTESIAN_POINT ( 'NONE',  ( 83.81705129401322552, 2.420280362814021480, 180.0000000000000000 ) ) ;
#963 = EDGE_CURVE ( 'NONE', #441, #454, #1078, .T. ) ;
#964 = VECTOR ( 'NONE', #3154, 1000.000000000000000 ) ;
#965 = CARTESIAN_POINT ( 'NONE',  ( 2.855951788231237298, -2.470602547177901176, 0.000000000000000000 ) ) ;
#966 = CARTESIAN_POINT ( 'NONE',  ( 111.9008294260164007, 0.3399900758465235762, 180.0000000000000000 ) ) ;
#967 = CARTESIAN_POINT ( 'NONE',  ( 1.724844354326835916, 2.390037063171115417, 0.000000000000000000 ) ) ;
#968 = CARTESIAN_POINT ( 'NONE',  ( 97.62223309987136588, 3.815765856331620576, 0.000000000000000000 ) ) ;
#969 = CARTESIAN_POINT ( 'NONE',  ( 112.6840363231147251, 0.4750479789593652913, 0.000000000000000000 ) ) ;
#970 = EDGE_CURVE ( 'NONE', #1286, #427, #994, .T. ) ;
#971 = STYLED_ITEM ( 'NONE', ( #791 ), #547 ) ;
#972 = DIRECTION ( 'NONE',  ( 0.000000000000000000, 0.000000000000000000, 1.000000000000000000 ) ) ;
#973 = PLANE ( 'NONE',  #417 ) ;
#974 = VERTEX_POINT ( 'NONE', #1439 ) ;
#975 = CARTESIAN_POINT ( 'NONE',  ( 103.8138119759175169, -0.4573389353999083862, 257.0000000000000000 ) ) ;
#976 = CARTESIAN_POINT ( 'NONE',  ( 111.9008294260164007, -0.1603477655009281910, 111.9999999999999858 ) ) ;
#977 = CARTESIAN_POINT ( 'NONE',  ( 0.08319251503279755100, -0.6080381055200382301, 0.000000000000000000 ) ) ;
#978 = CARTESIAN_POINT ( 'NONE',  ( 86.34999155101986901, -0.5983602883001503114, 60.00000000000000711 ) ) ;
#979 = ORIENTED_EDGE ( 'NONE', *, *, #3250, .T. ) ;
#980 = DIRECTION ( 'NONE',  ( 0.000000000000000000, 0.000000000000000000, -1.000000000000000000 ) ) ;
#981 = CARTESIAN_POINT ( 'NONE',  ( 114.5726096194103718, 0.02764199543480878526, 329.0000000000000000 ) ) ;
#982 = CARTESIAN_POINT ( 'NONE',  ( 45.02262327353100346, -2.616337607518693265, 0.000000000000000000 ) ) ;
#983 = DIRECTION ( 'NONE',  ( -0.9993263265620333513, -0.03670004141730801722, 0.000000000000000000 ) ) ;
#984 = PLANE ( 'NONE',  #3297 ) ;
#985 = B_SPLINE_CURVE_WITH_KNOTS ( 'NONE', 3,
 ( #561, #6, #319, #1881, #2869, #1345, #534, #2377, #2620, #1575, #290, #1095, #846 ),
 .UNSPECIFIED., .F., .F.,
 ( 4, 1, 1, 1, 1, 1, 1, 1, 1, 1, 4 ),
 ( 0.000000000000000000, 0.03118110532117446612, 0.06236221064234893224, 0.09354331596352342959, 0.1247244212846978645, 0.1403149739452851652, 0.1559055266058723688, 0.1714960792664596279, 0.1870866319270468592, 0.2026771845876340905, 0.2059724389456687454 ),
 .UNSPECIFIED. ) ;
#986 = DIRECTION ( 'NONE',  ( 0.000000000000000000, 0.000000000000000000, 1.000000000000000000 ) ) ;
#987 = CARTESIAN_POINT ( 'NONE',  ( 27.07476439953164160, -3.275946565221881546, 0.000000000000000000 ) ) ;
#988 = CARTESIAN_POINT ( 'NONE',  ( 103.7821618126273933, -0.4585013028465348972, 252.0000000000006253 ) ) ;
#989 = CARTESIAN_POINT ( 'NONE',  ( 39.74627317458354980, 0.4264348129665656573, 329.0000000000001137 ) ) ;
#990 = CARTESIAN_POINT ( 'NONE',  ( 37.75193839971203147, 10.45378014313575754, 0.000000000000000000 ) ) ;
#991 = CARTESIAN_POINT ( 'NONE',  ( 88.08839220714851592, 5.658365643361007002, 0.000000000000000000 ) ) ;
#992 = EDGE_LOOP ( 'NONE', ( #1017, #922, #2244, #436 ) ) ;
#993 = AXIS2_PLACEMENT_3D ( 'NONE', #2497, #2205, #1478 ) ;
#994 = B_SPLINE_CURVE_WITH_KNOTS ( 'NONE', 3,
 ( #414, #1406, #2991, #3270 ),
 .UNSPECIFIED., .F., .F.,
 ( 4, 4 ),
 ( 0.000000000000000000, 0.003000000000000002231 ),
 .UNSPECIFIED. ) ;
#995 = CARTESIAN_POINT ( 'NONE',  ( 46.90414568165084575, 10.40014822989167520, 0.000000000000000000 ) ) ;
#996 = AXIS2_PLACEMENT_3D ( 'NONE', #1381, #352, #1672 ) ;
#997 = CARTESIAN_POINT ( 'NONE',  ( 86.75727368550165863, -1.083740235268253693, 35.33333333333334281 ) ) ;
#998 = EDGE_LOOP ( 'NONE', ( #1184, #1037, #2720, #3122 ) ) ;
#999 = ORIENTED_EDGE ( 'NONE', *, *, #644, .T. ) ;
#1000 = CARTESIAN_POINT ( 'NONE',  ( 83.81705129401322552, 2.420280362814021480, 182.0000000000000000 ) ) ;
#1001 = PLANE ( 'NONE',  #3051 ) ;
#1002 = EDGE_CURVE ( 'NONE', #1844, #1692, #1518, .T. ) ;
#1003 = CARTESIAN_POINT ( 'NONE',  ( 18.30121651909700731, 8.876541422035137074, 0.000000000000000000 ) ) ;
#1004 = CARTESIAN_POINT ( 'NONE',  ( 86.75727349766768270, -1.083740011416445048, 55.00000000000000000 ) ) ;
#1005 = ORIENTED_EDGE ( 'NONE', *, *, #419, .F. ) ;
#1006 = DIRECTION ( 'NONE',  ( -0.9730337714183198150, 0.2306626967661670191, 0.000000000000000000 ) ) ;
#1007 = CARTESIAN_POINT ( 'NONE',  ( 32.24270362492447362, -3.088928656566213959, 0.000000000000000000 ) ) ;
#1008 = CARTESIAN_POINT ( 'NONE',  ( 111.8824798098075775, 0.3393171569353730099, 254.0000000000000000 ) ) ;
#1009 = CARTESIAN_POINT ( 'NONE',  ( 22.88007114780590712, -3.394381013022006677, 0.000000000000000000 ) ) ;
#1010 = DIRECTION ( 'NONE',  ( -1.000000000000000000, 0.000000000000000000, 0.000000000000000000 ) ) ;
#1011 = CARTESIAN_POINT ( 'NONE',  ( 46.53712845855119440, 4.532078873252668672, 329.0000000000001705 ) ) ;
#1012 = CARTESIAN_POINT ( 'NONE',  ( 113.2560641113604305, 0.3397241499798965281, 0.000000000000000000 ) ) ;
#1013 = CARTESIAN_POINT ( 'NONE',  ( 76.83962110388000610, 6.446060515922980905, 328.9999999999996021 ) ) ;
#1014 = ADVANCED_FACE ( 'NONE', ( #2695 ), #364, .T. ) ;
#1015 = CARTESIAN_POINT ( 'NONE',  ( 100.6646207285485133, -0.5729944963392492596, 55.00000000000008527 ) ) ;
#1016 = VERTEX_POINT ( 'NONE', #1956 ) ;
#1017 = ORIENTED_EDGE ( 'NONE', *, *, #2552, .F. ) ;
#1018 = PLANE ( 'NONE',  #213 ) ;
#1019 = CARTESIAN_POINT ( 'NONE',  ( 111.9008294260164007, 0.3399892986060866207, 115.0000000000000000 ) ) ;
#1020 = CARTESIAN_POINT ( 'NONE',  ( 4.003140474712063579, -2.700181421260601233, 0.000000000000000000 ) ) ;
#1021 = FACE_OUTER_BOUND ( 'NONE', #1108, .T. ) ;
#1022 = ADVANCED_FACE ( 'NONE', ( #1989 ), #629, .F. ) ;
#1023 = CARTESIAN_POINT ( 'NONE',  ( 114.5726096194103718, 0.02764199543480878526, 329.0000000000000000 ) ) ;
#1024 = CARTESIAN_POINT ( 'NONE',  ( 66.93126953965411019, -1.811805735371522230, 0.000000000000000000 ) ) ;
#1025 = LINE ( 'NONE', #1777, #2979 ) ;
#1026 = B_SPLINE_CURVE_WITH_KNOTS ( 'NONE', 3,
 ( #1339, #2342, #1326, #2359, #34, #1891, #1072 ),
 .UNSPECIFIED., .F., .F.,
 ( 4, 1, 1, 1, 4 ),
 ( 0.01531462871388702615, 0.05188381286330936981, 0.08845299701273169612, 0.1250221811621540224, 0.1615913653115763626 ),
 .UNSPECIFIED. ) ;
#1027 = DIRECTION ( 'NONE',  ( 0.000000000000000000, 0.000000000000000000, 1.000000000000000000 ) ) ;
#1028 = LINE ( 'NONE', #462, #1802 ) ;
#1029 = CARTESIAN_POINT ( 'NONE',  ( 86.75729166573823647, -1.083761663289079413, 249.0000000000000000 ) ) ;
#1030 = B_SPLINE_CURVE_WITH_KNOTS ( 'NONE', 3,
 ( #811, #1866, #1616, #2888, #2401, #1114, #2922, #92, #930, #1207, #1740 ),
 .UNSPECIFIED., .F., .F.,
 ( 4, 1, 1, 1, 1, 1, 1, 1, 4 ),
 ( 0.002942226484673667996, 0.004350508520527859857, 0.006752757130078603995, 0.009155005739629346398, 0.01155725434918010094, 0.01636175156828158228, 0.02116624878738307750, 0.02597074600648456230, 0.02810270952488565580 ),
 .UNSPECIFIED. ) ;
#1031 = AXIS2_PLACEMENT_3D ( 'NONE', #3191, #871, #2800 ) ;
#1032 = CARTESIAN_POINT ( 'NONE',  ( 47.29890150185652686, 4.770555349184927962, 328.9999999999999432 ) ) ;
#1033 = CARTESIAN_POINT ( 'NONE',  ( 48.25854694237339260, 5.044138682044165378, 328.9999999999997158 ) ) ;
#1034 = CLOSED_SHELL ( 'NONE', ( #78, #1289, #3165, #1664, #2750, #1632, #226, #1022, #2460, #2527, #1119, #849, #1147, #2065, #1743, #2945, #944, #3264, #503, #1183, #1391, #2327, #2466, #2746, #569, #2133, #2841, #201, #1911, #2366, #564, #2485, #1797, #1584, #1641, #555, #1765, #2968, #1683, #2493, #911, #1535, #2159, #3221, #2391, #1014, #2994, #2195, #1166, #3011, #2921, #2098, #1206, #1510, #2141, #326, #45, #831, #757, #2104 ) ) ;
#1035 = CARTESIAN_POINT ( 'NONE',  ( 71.49898996834531317, -1.644580723308460612, 328.9999999999994316 ) ) ;
#1036 = AXIS2_PLACEMENT_3D ( 'NONE', #398, #3215, #2218 ) ;
#1037 = ORIENTED_EDGE ( 'NONE', *, *, #1002, .F. ) ;
#1038 = VERTEX_POINT ( 'NONE', #168 ) ;
#1039 = EDGE_CURVE ( 'NONE', #458, #2962, #894, .T. ) ;
#1040 = CARTESIAN_POINT ( 'NONE',  ( 0.000000000000000000, 0.000000000000000000, 327.0000000000000000 ) ) ;
#1041 = DIRECTION ( 'NONE',  ( 1.000000000000000000, 0.000000000000000000, -0.000000000000000000 ) ) ;
#1042 = CARTESIAN_POINT ( 'NONE',  ( 0.03455620810984126601, -0.4743814821892029521, 0.000000000000000000 ) ) ;
#1043 = CARTESIAN_POINT ( 'NONE',  ( 103.8138119759175169, -0.4573389353999082751, 254.0000000000007390 ) ) ;
#1044 = ORIENTED_EDGE ( 'NONE', *, *, #652, .T. ) ;
#1045 = CARTESIAN_POINT ( 'NONE',  ( 77.88559421760302826, -1.409569586346357983, 0.000000000000000000 ) ) ;
#1046 = CARTESIAN_POINT ( 'NONE',  ( 86.34999562234368398, -0.5983651403149272685, 180.0000000000000000 ) ) ;
#1047 = CARTESIAN_POINT ( 'NONE',  ( 107.8714486924224758, 1.596950695061185144, 181.9999999999999716 ) ) ;
#1048 = DIRECTION ( 'NONE',  ( 0.000000000000000000, 0.000000000000000000, -1.000000000000000000 ) ) ;
#1049 = EDGE_CURVE ( 'NONE', #957, #1564, #139, .T. ) ;
#1050 = CARTESIAN_POINT ( 'NONE',  ( 62.48300084354158201, 6.797132144301675893, 328.9999999999998295 ) ) ;
#1051 = CARTESIAN_POINT ( 'NONE',  ( 92.49135363831337031, -0.8731494297108995939, 0.000000000000000000 ) ) ;
#1052 = DIRECTION ( 'NONE',  ( 0.000000000000000000, 0.000000000000000000, -1.000000000000000000 ) ) ;
#1053 = ORIENTED_EDGE ( 'NONE', *, *, #822, .F. ) ;
#1054 = VERTEX_POINT ( 'NONE', #2712 ) ;
#1055 = LINE ( 'NONE', #2093, #2546 ) ;
#1056 = CARTESIAN_POINT ( 'NONE',  ( 33.17600013627659195, -3.053193638117756681, 0.000000000000000000 ) ) ;
#1057 = CARTESIAN_POINT ( 'NONE',  ( 110.6129632128405973, -0.2076443921737557430, 114.9999999999999147 ) ) ;
#1058 = DIRECTION ( 'NONE',  ( 0.9993263259286705447, 0.03670005866349869417, 0.000000000000000000 ) ) ;
#1059 = ORIENTED_EDGE ( 'NONE', *, *, #111, .T. ) ;
#1060 = CARTESIAN_POINT ( 'NONE',  ( 66.71296514936187805, -1.818563841680442827, 328.9999999999993747 ) ) ;
#1061 = PLANE ( 'NONE',  #1456 ) ;
#1062 = CARTESIAN_POINT ( 'NONE',  ( 56.34417852457709586, -2.195739980726497897, 329.0000000000000000 ) ) ;
#1063 = DIRECTION ( 'NONE',  ( 0.000000000000000000, 0.000000000000000000, 1.000000000000000000 ) ) ;
#1064 = EDGE_CURVE ( 'NONE', #1328, #686, #915, .T. ) ;
#1065 = CARTESIAN_POINT ( 'NONE',  ( 69.66625662955186726, 6.824566089578421035, 328.9999999999998863 ) ) ;
#1066 = CARTESIAN_POINT ( 'NONE',  ( 61.34217612666633102, 6.758224345297657365, 329.0000000000000000 ) ) ;
#1067 = EDGE_CURVE ( 'NONE', #2595, #2555, #216, .T. ) ;
#1068 = CARTESIAN_POINT ( 'NONE',  ( 81.07088799754794195, -1.292470784576979614, 329.0000000000002274 ) ) ;
#1069 = ORIENTED_EDGE ( 'NONE', *, *, #400, .F. ) ;
#1070 = ORIENTED_EDGE ( 'NONE', *, *, #7, .F. ) ;
#1071 = CARTESIAN_POINT ( 'NONE',  ( 59.48799969052381442, -2.085078246339008956, 0.000000000000000000 ) ) ;
#1072 = CARTESIAN_POINT ( 'NONE',  ( 86.73893716925522313, -0.5840986643999728223, 249.0000000000000000 ) ) ;
#1073 = CARTESIAN_POINT ( 'NONE',  ( 86.75727690884998822, -1.083744076705211112, 177.0000000000000000 ) ) ;
#1074 = ORIENTED_EDGE ( 'NONE', *, *, #2575, .F. ) ;
#1075 = CARTESIAN_POINT ( 'NONE',  ( 86.75727748948369822, -1.083744768677505910, 181.9999999999999432 ) ) ;
#1076 = CARTESIAN_POINT ( 'NONE',  ( 41.11224314098353005, 1.901418678747683666, 329.0000000000000000 ) ) ;
#1077 = FACE_OUTER_BOUND ( 'NONE', #737, .T. ) ;
#1078 = B_SPLINE_CURVE_WITH_KNOTS ( 'NONE', 3,
 ( #1971, #1722, #2953, #2456, #613, #3249, #2742 ),
 .UNSPECIFIED., .F., .F.,
 ( 4, 1, 1, 1, 4 ),
 ( 0.01531462871388702615, 0.05188381286330936981, 0.08845299701273169612, 0.1250221811621540224, 0.1615913653115763626 ),
 .UNSPECIFIED. ) ;
#1079 = CARTESIAN_POINT ( 'NONE',  ( 22.16410296333171814, 9.514379223235044591, 0.000000000000000000 ) ) ;
#1080 = CARTESIAN_POINT ( 'NONE',  ( 111.9008294260164007, -0.1603484030683038353, 60.00000000000000711 ) ) ;
#1081 = LINE ( 'NONE', #814, #1158 ) ;
#1082 = CARTESIAN_POINT ( 'NONE',  ( 30.12539277788459913, -3.168729980437499538, 0.000000000000000000 ) ) ;
#1083 = CARTESIAN_POINT ( 'NONE',  ( 64.34111233045300082, 6.833621775922689601, 329.0000000000000000 ) ) ;
#1084 = CARTESIAN_POINT ( 'NONE',  ( 6.308538238988460556, 5.342362688645980739, 0.000000000000000000 ) ) ;
#1085 = VECTOR ( 'NONE', #1027, 1000.000000000000000 ) ;
#1086 = CARTESIAN_POINT ( 'NONE',  ( 93.02482611820536818, -0.3532242379564230483, 254.0000000000000000 ) ) ;
#1087 = VECTOR ( 'NONE', #1555, 1000.000000000000000 ) ;
#1088 = CARTESIAN_POINT ( 'NONE',  ( 24.02405842580981954, -3.366236877182564591, 0.000000000000000000 ) ) ;
#1089 = LINE ( 'NONE', #2933, #1362 ) ;
#1090 = ORIENTED_EDGE ( 'NONE', *, *, #2814, .T. ) ;
#1091 = CARTESIAN_POINT ( 'NONE',  ( 19.45964291083211961, -3.454549498035798027, 0.000000000000000000 ) ) ;
#1092 = AXIS2_PLACEMENT_3D ( 'NONE', #1107, #2139, #3167 ) ;
#1093 =( NAMED_UNIT ( * ) PLANE_ANGLE_UNIT ( ) SI_UNIT ( $, .RADIAN. ) );
#1094 = CARTESIAN_POINT ( 'NONE',  ( 39.75770730081498527, 0.4336396491852735902, 329.0000000000000000 ) ) ;
#1095 = CARTESIAN_POINT ( 'NONE',  ( 83.12667963412495453, -1.217030203181731052, 328.9999999999998295 ) ) ;
#1096 = CARTESIAN_POINT ( 'NONE',  ( 114.8734777754659149, -0.04368035974477781774, 329.0000000000000000 ) ) ;
#1097 = DIRECTION ( 'NONE',  ( 1.000000000000000000, 0.000000000000000000, -0.000000000000000000 ) ) ;
#1098 = CARTESIAN_POINT ( 'NONE',  ( 50.58768895881086536, 5.600175431413876304, 329.0000000000001137 ) ) ;
#1099 = FACE_OUTER_BOUND ( 'NONE', #1340, .T. ) ;
#1100 = CARTESIAN_POINT ( 'NONE',  ( 91.13866711371692020, -0.9228421724492916756, 0.000000000000000000 ) ) ;
#1101 = FACE_OUTER_BOUND ( 'NONE', #1873, .T. ) ;
#1102 = EDGE_LOOP ( 'NONE', ( #477, #3072, #2268, #177, #2167, #740 ) ) ;
#1103 = B_SPLINE_CURVE_WITH_KNOTS ( 'NONE', 3,
 ( #2332, #3062, #3076, #1537, #745, #8, #1833, #2853, #257 ),
 .UNSPECIFIED., .F., .F.,
 ( 4, 1, 1, 1, 1, 1, 4 ),
 ( 0.000000000000000000, 0.003318117227095160153, 0.009232644267436267496, 0.01514717130777738612, 0.02106169834811848912, 0.02401896186828905363, 0.02516050213007951439 ),
 .UNSPECIFIED. ) ;
#1104 = CARTESIAN_POINT ( 'NONE',  ( 25.16807011924688098, -3.334627954495781754, 0.000000000000000000 ) ) ;
#1105 = VECTOR ( 'NONE', #219, 1000.000000000000000 ) ;
#1106 = DIRECTION ( 'NONE',  ( 0.7660444431189817882, -0.6427876096865348110, 0.000000000000000000 ) ) ;
#1107 = CARTESIAN_POINT ( 'NONE',  ( 111.9008294260164007, -9.946594549830242826, 180.0000000000000000 ) ) ;
#1108 = EDGE_LOOP ( 'NONE', ( #1696, #1486, #1090, #2832, #677, #900, #2207 ) ) ;
#1109 = CARTESIAN_POINT ( 'NONE',  ( 85.83375658177810408, 5.505076550746377251, 329.0000000000000000 ) ) ;
#1110 = CARTESIAN_POINT ( 'NONE',  ( 93.02482611820536818, -0.3532242379564230483, 257.0000000000000000 ) ) ;
#1111 = CARTESIAN_POINT ( 'NONE',  ( 39.65480628070442748, -0.4157682512636649563, 329.0000000000000000 ) ) ;
#1112 = VECTOR ( 'NONE', #1593, 1000.000000000000000 ) ;
#1113 = FACE_BOUND ( 'NONE', #3016, .T. ) ;
#1114 = CARTESIAN_POINT ( 'NONE',  ( 96.16673039234932219, -0.7381758006210042966, 327.0000000000000000 ) ) ;
#1115 = CARTESIAN_POINT ( 'NONE',  ( 86.68380008643367773, 5.836738535246213999, 68.50673628957112271 ) ) ;
#1116 = CARTESIAN_POINT ( 'NONE',  ( 64.87711080975755351, 6.847358922850097507, 329.0000000000001705 ) ) ;
#1117 = CARTESIAN_POINT ( 'NONE',  ( 114.6000664496678638, 0.02113321156946071019, 329.0000000000000000 ) ) ;
#1118 = VERTEX_POINT ( 'NONE', #2541 ) ;
#1119 = ADVANCED_FACE ( 'NONE', ( #1274 ), #961, .T. ) ;
#1120 = CARTESIAN_POINT ( 'NONE',  ( 49.19200146677210483, -2.463943331223862998, 0.000000000000000000 ) ) ;
#1121 = DIRECTION ( 'NONE',  ( -0.03670029204312422882, 0.9993263173578235126, 0.000000000000000000 ) ) ;
#1122 = CARTESIAN_POINT ( 'NONE',  ( 83.31894911537024484, 6.493836782518506823, 0.000000000000000000 ) ) ;
#1123 =( NAMED_UNIT ( * ) SI_UNIT ( $, .STERADIAN. ) SOLID_ANGLE_UNIT ( ) );
#1124 = CARTESIAN_POINT ( 'NONE',  ( 49.34664042030254905, -2.277634096540431141, 329.0000000000000000 ) ) ;
#1125 = EDGE_CURVE ( 'NONE', #2306, #1858, #220, .T. ) ;
#1126 = CARTESIAN_POINT ( 'NONE',  ( 93.98764517664196205, -0.8182037374915439587, 249.0000000000000000 ) ) ;
#1127 = CARTESIAN_POINT ( 'NONE',  ( 16.76560634619016810, 8.571669894868692907, 0.000000000000000000 ) ) ;
#1128 = CARTESIAN_POINT ( 'NONE',  ( 67.49600023711182928, -1.791083129298912668, 0.000000000000000000 ) ) ;
#1129 = EDGE_LOOP ( 'NONE', ( #1525, #1700, #725, #999, #3037, #356, #768, #2913 ) ) ;
#1130 = CARTESIAN_POINT ( 'NONE',  ( 52.35323292868695688, -2.281243392917677415, 328.9999999999994316 ) ) ;
#1131 = CARTESIAN_POINT ( 'NONE',  ( 2.307090194263638594, 2.927749122346178012, 0.000000000000000000 ) ) ;
#1132 = ORIENTED_EDGE ( 'NONE', *, *, #405, .T. ) ;
#1133 = CARTESIAN_POINT ( 'NONE',  ( 102.9599997554252013, -0.4886866739600638776, 0.000000000000000000 ) ) ;
#1134 = VECTOR ( 'NONE', #661, 999.9999999999998863 ) ;
#1135 = CARTESIAN_POINT ( 'NONE',  ( 114.2093376535274842, 0.1137574970457787965, -0.000000000000000000 ) ) ;
#1136 = CARTESIAN_POINT ( 'NONE',  ( 86.75728406053850961, -1.083752599755672508, 224.0071821201478031 ) ) ;
#1137 = ORIENTED_EDGE ( 'NONE', *, *, #1462, .T. ) ;
#1138 = CARTESIAN_POINT ( 'NONE',  ( 44.21806061132419075, 3.691399958471178522, 329.0000000000000000 ) ) ;
#1139 = CARTESIAN_POINT ( 'NONE',  ( 13.97894128556851356, -3.436172981939851656, 0.000000000000000000 ) ) ;
#1140 = CARTESIAN_POINT ( 'NONE',  ( 72.58811319039261889, -1.604541365150969234, 329.0000000000000000 ) ) ;
#1141 = CARTESIAN_POINT ( 'NONE',  ( 86.73892347695903027, -0.5840768481354281505, 52.00000000000000711 ) ) ;
#1142 = DIRECTION ( 'NONE',  ( 0.000000000000000000, 1.000000000000000000, 0.000000000000000000 ) ) ;
#1143 = B_SPLINE_CURVE_WITH_KNOTS ( 'NONE', 3,
 ( #1819, #2128, #2415, #3185, #3200, #2621, #2904, #2114, #2647, #2402, #93, #847, #581 ),
 .UNSPECIFIED., .F., .F.,
 ( 4, 1, 1, 1, 1, 1, 1, 1, 1, 1, 4 ),
 ( 0.7873247520265890254, 0.7951181856897687750, 0.8107087383499955724, 0.8262992910102220367, 0.8418898436704489452, 0.8574803963306755206, 0.8730709489909023180, 0.9042520543113556908, 0.9354331596318090636, 0.9666142649522624364, 0.9977953702727155871 ),
 .UNSPECIFIED. ) ;
#1144 = DIRECTION ( 'NONE',  ( -0.9993263259286709888, -0.03670005866349344142, 0.000000000000000000 ) ) ;
#1145 = ORIENTED_EDGE ( 'NONE', *, *, #127, .F. ) ;
#1146 = B_SPLINE_CURVE_WITH_KNOTS ( 'NONE', 3,
 ( #1475, #3271, #948, #2758 ),
 .UNSPECIFIED., .F., .F.,
 ( 4, 4 ),
 ( 0.003000000000000009603, 0.05499999999999997946 ),
 .UNSPECIFIED. ) ;
#1147 = ADVANCED_FACE ( 'NONE', ( #1021 ), #726, .F. ) ;
#1148 = CARTESIAN_POINT ( 'NONE',  ( 24.02276592629426233, 9.738738867826448597, 0.000000000000000000 ) ) ;
#1149 = VERTEX_POINT ( 'NONE', #478 ) ;
#1150 = CARTESIAN_POINT ( 'NONE',  ( 112.1120002636441626, -0.1526038461216675246, 0.000000000000000000 ) ) ;
#1151 = LINE ( 'NONE', #2181, #3234 ) ;
#1152 = VERTEX_POINT ( 'NONE', #182 ) ;
#1153 = FACE_OUTER_BOUND ( 'NONE', #96, .T. ) ;
#1154 = DIRECTION ( 'NONE',  ( 0.000000000000000000, 0.000000000000000000, 1.000000000000000000 ) ) ;
#1155 = CARTESIAN_POINT ( 'NONE',  ( 0.000000000000000000, 0.000000000000000000, 182.0000000000000000 ) ) ;
#1156 = CARTESIAN_POINT ( 'NONE',  ( 86.75727333237441030, -1.083739814427592707, 115.0000000000000000 ) ) ;
#1157 = CARTESIAN_POINT ( 'NONE',  ( 86.34999139119773304, -0.5983600978315388730, 120.0000000000000000 ) ) ;
#1158 = VECTOR ( 'NONE', #2663, 1000.000000000000227 ) ;
#1159 = EDGE_CURVE ( 'NONE', #3104, #2194, #2812, .T. ) ;
#1160 = VECTOR ( 'NONE', #2656, 1000.000000000000114 ) ;
#1161 = CARTESIAN_POINT ( 'NONE',  ( 86.75729754709490749, -1.083768672407736444, 327.0000000000000000 ) ) ;
#1162 = CARTESIAN_POINT ( 'NONE',  ( 65.20800030248726387, -1.875044909168553708, 0.000000000000000000 ) ) ;
#1163 = DIRECTION ( 'NONE',  ( 0.000000000000000000, 0.000000000000000000, -1.000000000000000000 ) ) ;
#1164 = CARTESIAN_POINT ( 'NONE',  ( 43.38308934373491610, -1.977501026367053605, 329.0000000000007390 ) ) ;
#1165 = CARTESIAN_POINT ( 'NONE',  ( 25.16676371117460320, 9.857210598338410179, 0.000000000000000000 ) ) ;
#1166 = ADVANCED_FACE ( 'NONE', ( #2061 ), #1492, .T. ) ;
#1167 = ORIENTED_EDGE ( 'NONE', *, *, #587, .T. ) ;
#1168 = CARTESIAN_POINT ( 'NONE',  ( 43.34483949141572623, 3.302267414529759471, 329.0000000000000000 ) ) ;
#1169 = CARTESIAN_POINT ( 'NONE',  ( 92.66399975571752634, -0.8668066819203505968, 0.000000000000000000 ) ) ;
#1170 = DIRECTION ( 'NONE',  ( 0.000000000000000000, 1.000000000000000000, 0.000000000000000000 ) ) ;
#1171 = ORIENTED_EDGE ( 'NONE', *, *, #2279, .F. ) ;
#1172 = CARTESIAN_POINT ( 'NONE',  ( 111.9008294260164007, 0.3399886607216018319, 51.99999999999999289 ) ) ;
#1173 = CARTESIAN_POINT ( 'NONE',  ( 92.83063555819681767, -0.8606923771192330763, 329.0000000000000000 ) ) ;
#1174 = CARTESIAN_POINT ( 'NONE',  ( 83.81705129401322552, 2.420280362814021480, 2.000000000000000000 ) ) ;
#1175 = FACE_OUTER_BOUND ( 'NONE', #3354, .T. ) ;
#1176 = CARTESIAN_POINT ( 'NONE',  ( 111.9008294260164007, 0.6581782794274511073, 254.0000000000000000 ) ) ;
#1177 = CARTESIAN_POINT ( 'NONE',  ( 107.2884274752132114, 1.751138820406879848, 0.000000000000000000 ) ) ;
#1178 = EDGE_CURVE ( 'NONE', #195, #1564, #2374, .T. ) ;
#1179 = FACE_OUTER_BOUND ( 'NONE', #377, .T. ) ;
#1180 = CARTESIAN_POINT ( 'NONE',  ( 41.03072190830199162, -1.532964104664938931, 329.0000000000006821 ) ) ;
#1181 = CARTESIAN_POINT ( 'NONE',  ( 3.993782664441969832, 4.143738911617548482, 0.000000000000000000 ) ) ;
#1182 = VERTEX_POINT ( 'NONE', #2641 ) ;
#1183 = ADVANCED_FACE ( 'NONE', ( #1906 ), #2881, .T. ) ;
#1184 = ORIENTED_EDGE ( 'NONE', *, *, #166, .F. ) ;
#1185 = CARTESIAN_POINT ( 'NONE',  ( 39.65060809292251065, -0.4437060276293071093, 329.0000000000001705 ) ) ;
#1186 = DIRECTION ( 'NONE',  ( 1.000000000000000000, 0.000000000000000000, -0.000000000000000000 ) ) ;
#1187 = DIRECTION ( 'NONE',  ( 1.000000000000000000, 0.000000000000000000, 0.000000000000000000 ) ) ;
#1188 = EDGE_CURVE ( 'NONE', #712, #2669, #1434, .T. ) ;
#1189 = VECTOR ( 'NONE', #689, 1000.000000000000000 ) ;
#1190 = DIRECTION ( 'NONE',  ( 0.6427876096865374755, -0.7660444431189795678, 0.000000000000000000 ) ) ;
#1191 = CARTESIAN_POINT ( 'NONE',  ( 86.72839126230479678, 5.889880229288626090, 12.20256893266122766 ) ) ;
#1192 = CARTESIAN_POINT ( 'NONE',  ( 111.9008294260164007, 0.3399910277142182968, 252.0000000000000000 ) ) ;
#1193 = VERTEX_POINT ( 'NONE', #1628 ) ;
#1194 = CARTESIAN_POINT ( 'NONE',  ( 81.22436456572339125, 6.842941115482718217, 0.000000000000000000 ) ) ;
#1195 = CARTESIAN_POINT ( 'NONE',  ( 105.2485245640761491, 2.187197568960483895, 0.000000000000000000 ) ) ;
#1196 = VERTEX_POINT ( 'NONE', #314 ) ;
#1197 = DIRECTION ( 'NONE',  ( 0.7660444431189769032, 0.6427876096865406952, 0.000000000000000000 ) ) ;
#1198 = CARTESIAN_POINT ( 'NONE',  ( 106.8965465723044304, 1.828048195314267543, 56.99999999999997158 ) ) ;
#1199 = ORIENTED_EDGE ( 'NONE', *, *, #261, .T. ) ;
#1200 = CARTESIAN_POINT ( 'NONE',  ( 40.23288382593308654, -1.121111976646177677, 329.0000000000001705 ) ) ;
#1201 = DIRECTION ( 'NONE',  ( 0.6427876096865372535, -0.7660444431189796788, 0.000000000000000000 ) ) ;
#1202 = CARTESIAN_POINT ( 'NONE',  ( 103.8265768409508922, -0.4568746459140364258, 329.0000000000000000 ) ) ;
#1203 = CARTESIAN_POINT ( 'NONE',  ( 98.45408093305573516, -0.6541702060449230416, 251.9999999999999432 ) ) ;
#1204 = VERTEX_POINT ( 'NONE', #1073 ) ;
#1205 = DIRECTION ( 'NONE',  ( 0.6427876096865406952, -0.7660444431189769032, 0.000000000000000000 ) ) ;
#1206 = ADVANCED_FACE ( 'NONE', ( #49 ), #2628, .T. ) ;
#1207 = CARTESIAN_POINT ( 'NONE',  ( 111.1906528288210154, -0.1864250866392591910, 327.0000000000000568 ) ) ;
#1208 = CARTESIAN_POINT ( 'NONE',  ( 92.49135363831337031, -0.8731494297108995939, 0.000000000000000000 ) ) ;
#1209 = CARTESIAN_POINT ( 'NONE',  ( 75.50449131336061726, 7.734576958451603090, 0.000000000000000000 ) ) ;
#1210 = CARTESIAN_POINT ( 'NONE',  ( 66.35248245206310003, 8.940595663290919148, 0.000000000000000000 ) ) ;
#1211 = CARTESIAN_POINT ( 'NONE',  ( 45.76014534491054775, 10.43123326949767993, 0.000000000000000000 ) ) ;
#1212 = LINE ( 'NONE', #2534, #2837 ) ;
#1213 = ORIENTED_EDGE ( 'NONE', *, *, #3347, .T. ) ;
#1214 = ORIENTED_EDGE ( 'NONE', *, *, #1049, .F. ) ;
#1215 = EDGE_CURVE ( 'NONE', #854, #3317, #1089, .T. ) ;
#1216 = CARTESIAN_POINT ( 'NONE',  ( 4.669276236003135239, 4.535820751416180130, 0.000000000000000000 ) ) ;
#1217 = PLANE ( 'NONE',  #56 ) ;
#1218 = ORIENTED_EDGE ( 'NONE', *, *, #105, .F. ) ;
#1219 = LINE ( 'NONE', #962, #2293 ) ;
#1220 = CARTESIAN_POINT ( 'NONE',  ( 86.73893716925522313, -0.5840986643999728223, 257.0000000000000000 ) ) ;
#1221 = EDGE_CURVE ( 'NONE', #2845, #1640, #2096, .T. ) ;
#1222 = DIRECTION ( 'NONE',  ( 0.6427876096865405842, -0.7660444431189767922, 9.669965394686145875E-09 ) ) ;
#1223 = CARTESIAN_POINT ( 'NONE',  ( 13.97894128556851356, -3.436172981939851656, 0.000000000000000000 ) ) ;
#1224 = CARTESIAN_POINT ( 'NONE',  ( 61.77641217050859979, 9.424072916820321666, 0.000000000000000000 ) ) ;
#1225 = CARTESIAN_POINT ( 'NONE',  ( 113.8280118836372736, 0.2041527464327725916, 0.000000000000000000 ) ) ;
#1226 = ORIENTED_EDGE ( 'NONE', *, *, #3115, .F. ) ;
#1227 = CARTESIAN_POINT ( 'NONE',  ( 25.16676371117460320, 9.857210598338410179, 0.000000000000000000 ) ) ;
#1228 = DIRECTION ( 'NONE',  ( 0.000000000000000000, 0.000000000000000000, 1.000000000000000000 ) ) ;
#1229 = EDGE_LOOP ( 'NONE', ( #50, #1497, #425, #1400 ) ) ;
#1230 = ORIENTED_EDGE ( 'NONE', *, *, #963, .F. ) ;
#1231 = CARTESIAN_POINT ( 'NONE',  ( 111.9008294260164149, 0.6586928181967676155, 182.0000000000000284 ) ) ;
#1232 = CARTESIAN_POINT ( 'NONE',  ( 0.000000000000000000, 0.000000000000000000, 2.000000000000000000 ) ) ;
#1233 = CARTESIAN_POINT ( 'NONE',  ( 1.442859585747228390, 2.114058064154976879, 0.000000000000000000 ) ) ;
#1234 = DIRECTION ( 'NONE',  ( 0.6427876096865348110, 0.7660444431189817882, 0.000000000000000000 ) ) ;
#1235 = DIRECTION ( 'NONE',  ( 0.6427876096865406952, -0.7660444431189769032, 0.000000000000000000 ) ) ;
#1236 = CARTESIAN_POINT ( 'NONE',  ( 63.27982467727319715, -1.945789055886693042, 0.000000000000000000 ) ) ;
#1237 = CARTESIAN_POINT ( 'NONE',  ( 110.5091499410925451, 0.9868071095937444026, 55.00000000000001421 ) ) ;
#1238 = VECTOR ( 'NONE', #2398, 1000.000000000000000 ) ;
#1239 = CARTESIAN_POINT ( 'NONE',  ( 97.16421416162407354, 3.843755156883118307, 181.9999999999998295 ) ) ;
#1240 = CARTESIAN_POINT ( 'NONE',  ( 108.2800524931421506, -0.2933102996025123144, 251.9999999999999432 ) ) ;
#1241 = CARTESIAN_POINT ( 'NONE',  ( 42.14191595840375726, 2.655410382434052252, 329.0000000000002274 ) ) ;
#1242 = CARTESIAN_POINT ( 'NONE',  ( 42.70941778564990443, 10.47966217687156387, 0.000000000000000000 ) ) ;
#1243 = CARTESIAN_POINT ( 'NONE',  ( 70.92851341857644343, 8.375428333573697870, 0.000000000000000000 ) ) ;
#1244 = VECTOR ( 'NONE', #3130, 1000.000000000000000 ) ;
#1245 = EDGE_CURVE ( 'NONE', #2962, #104, #329, .T. ) ;
#1246 = CARTESIAN_POINT ( 'NONE',  ( 50.33625903570458604, 10.26474613753927834, 0.000000000000000000 ) ) ;
#1247 = LINE ( 'NONE', #2019, #1398 ) ;
#1248 = ORIENTED_EDGE ( 'NONE', *, *, #308, .T. ) ;
#1249 = ORIENTED_EDGE ( 'NONE', *, *, #1541, .F. ) ;
#1250 = CARTESIAN_POINT ( 'NONE',  ( 87.97635880849250611, -1.038980753687999803, 257.0000000000000000 ) ) ;
#1251 = DIRECTION ( 'NONE',  ( 0.6427876096865348110, 0.7660444431189817882, 0.000000000000000000 ) ) ;
#1252 = CARTESIAN_POINT ( 'NONE',  ( 5.718631224864580531, -2.981613578613247384, 0.000000000000000000 ) ) ;
#1253 = ORIENTED_EDGE ( 'NONE', *, *, #803, .F. ) ;
#1254 = CARTESIAN_POINT ( 'NONE',  ( 111.9008294260164291, 0.6590486857787354325, 117.0000000000000000 ) ) ;
#1255 = CARTESIAN_POINT ( 'NONE',  ( 103.5772584655411066, 2.483382648017468775, 329.0000000000000000 ) ) ;
#1256 = CARTESIAN_POINT ( 'NONE',  ( 76.28493433132902624, -1.468398909378350492, 328.9999999999995453 ) ) ;
#1257 = CARTESIAN_POINT ( 'NONE',  ( 111.9008294260163865, -0.1603460212006482255, 249.0000000000000000 ) ) ;
#1258 = CARTESIAN_POINT ( 'NONE',  ( 109.7871838215895934, 0.2623695672188540162, 252.0000000000000000 ) ) ;
#1259 = LINE ( 'NONE', #2101, #1454 ) ;
#1260 = TRIMMED_CURVE ( 'NONE', #1433, ( PARAMETER_VALUE ( 0.000000000000000000 ), #1713 ), ( PARAMETER_VALUE ( 0.9999999999999946709 ), #2738 ), .T., .PARAMETER. ) ;
#1261 = EDGE_CURVE ( 'NONE', #2446, #2500, #2360, .T. ) ;
#1262 = VECTOR ( 'NONE', #212, 1000.000000000000000 ) ;
#1263 = CARTESIAN_POINT ( 'NONE',  ( 9.717777982398256853, 6.654389372503429989, 0.000000000000000000 ) ) ;
#1264 = CARTESIAN_POINT ( 'NONE',  ( 72.07240936793074582, 8.221930420467581158, 0.000000000000000000 ) ) ;
#1265 = CARTESIAN_POINT ( 'NONE',  ( 34.91663026607916009, 10.39809544279013664, 0.000000000000000000 ) ) ;
#1266 = VECTOR ( 'NONE', #2405, 1000.000000000000000 ) ;
#1267 = ORIENTED_EDGE ( 'NONE', *, *, #1383, .T. ) ;
#1268 = ORIENTED_EDGE ( 'NONE', *, *, #1335, .F. ) ;
#1269 = PLANE ( 'NONE',  #289 ) ;
#1270 =( GEOMETRIC_REPRESENTATION_CONTEXT ( 3 ) GLOBAL_UNCERTAINTY_ASSIGNED_CONTEXT ( ( #2440 ) ) GLOBAL_UNIT_ASSIGNED_CONTEXT ( ( #2138, #70, #3153 ) ) REPRESENTATION_CONTEXT ( 'NONE', 'WORKASPACE' ) );
#1271 = CARTESIAN_POINT ( 'NONE',  ( 5.141975944104347107, 4.782409496610251054, 0.000000000000000000 ) ) ;
#1272 = LINE ( 'NONE', #252, #746 ) ;
#1273 = ORIENTED_EDGE ( 'NONE', *, *, #1215, .T. ) ;
#1274 = FACE_OUTER_BOUND ( 'NONE', #2984, .T. ) ;
#1275 = CARTESIAN_POINT ( 'NONE',  ( 96.57956788899274159, 3.825834321129724991, 329.0000000000000000 ) ) ;
#1276 = FACE_BOUND ( 'NONE', #1449, .T. ) ;
#1277 = CARTESIAN_POINT ( 'NONE',  ( 98.81712553343271566, 3.480875379806634751, 253.9999999999998863 ) ) ;
#1278 = CARTESIAN_POINT ( 'NONE',  ( 111.9008294260164860, -0.1603470553232402007, 177.0000000000000853 ) ) ;
#1279 = CARTESIAN_POINT ( 'NONE',  ( 111.9008294260164007, -0.1603466840601580345, 206.3333333333333144 ) ) ;
#1280 = CARTESIAN_POINT ( 'NONE',  ( 40.10202979910347665, 0.9079461835023510119, 329.0000000000001705 ) ) ;
#1281 = PRODUCT_RELATED_PRODUCT_CATEGORY ( 'part', '', ( #2751 ) ) ;
#1282 = CARTESIAN_POINT ( 'NONE',  ( 82.19493895932512828, 6.688070698947657711, 0.000000000000000000 ) ) ;
#1283 = CARTESIAN_POINT ( 'NONE',  ( 33.17600013627659195, -3.053193638117756681, 0.000000000000000000 ) ) ;
#1284 = CARTESIAN_POINT ( 'NONE',  ( 59.53419843897284380, -2.086833362003901016, 329.0000000000002274 ) ) ;
#1285 = ORIENTED_EDGE ( 'NONE', *, *, #1998, .T. ) ;
#1286 = VERTEX_POINT ( 'NONE', #2915 ) ;
#1287 = CARTESIAN_POINT ( 'NONE',  ( 111.9008294260164007, 0.6593113521493755291, 56.99999999999999289 ) ) ;
#1288 = LINE ( 'NONE', #976, #1262 ) ;
#1289 = ADVANCED_FACE ( 'NONE', ( #2864 ), #527, .T. ) ;
#1290 = CARTESIAN_POINT ( 'NONE',  ( 14.86882330225007998, 8.138835406405846129, 0.000000000000000000 ) ) ;
#1291 = ORIENTED_EDGE ( 'NONE', *, *, #3217, .T. ) ;
#1292 = CARTESIAN_POINT ( 'NONE',  ( 82.95815087755340755, -1.223293460770572105, 158.9943928288751636 ) ) ;
#1293 = CARTESIAN_POINT ( 'NONE',  ( 81.53703329371893460, -1.275450830919147904, 0.000000000000000000 ) ) ;
#1294 = LINE ( 'NONE', #705, #2818 ) ;
#1295 = CARTESIAN_POINT ( 'NONE',  ( 86.75727333237441030, -1.083739814427592707, 120.0000000000000000 ) ) ;
#1296 = PLANE ( 'NONE',  #1301 ) ;
#1297 = AXIS2_PLACEMENT_3D ( 'NONE', #2530, #200, #2276 ) ;
#1298 = CARTESIAN_POINT ( 'NONE',  ( 39.62123792633239105, 0.1529066413896986998, 328.9999999999996589 ) ) ;
#1299 = CARTESIAN_POINT ( 'NONE',  ( 49.52940442741743965, 10.31209085187425600, 0.000000000000000000 ) ) ;
#1300 = CARTESIAN_POINT ( 'NONE',  ( 60.73063956535964536, -2.041588610783982904, 329.0000000000000000 ) ) ;
#1301 = AXIS2_PLACEMENT_3D ( 'NONE', #3328, #240, #1576 ) ;
#1302 = ORIENTED_EDGE ( 'NONE', *, *, #2447, .F. ) ;
#1303 = VERTEX_POINT ( 'NONE', #859 ) ;
#1304 = CARTESIAN_POINT ( 'NONE',  ( 86.51236914995851635, 5.632435100820131879, 228.9420240119270318 ) ) ;
#1305 = EDGE_CURVE ( 'NONE', #309, #2616, #574, .T. ) ;
#1306 = CARTESIAN_POINT ( 'NONE',  ( 4.566299630012237820, 4.475233609691198211, 0.000000000000000000 ) ) ;
#1307 = CARTESIAN_POINT ( 'NONE',  ( 107.1840530412764849, -0.3335603922514119302, 114.9999999999998721 ) ) ;
#1308 = VERTEX_POINT ( 'NONE', #1122 ) ;
#1309 = CARTESIAN_POINT ( 'NONE',  ( 114.4000000000000057, -0.06855999999999999595, 0.000000000000000000 ) ) ;
#1310 = CARTESIAN_POINT ( 'NONE',  ( 107.0971106942783138, -0.3367518057662812203, 0.000000000000000000 ) ) ;
#1311 = CARTESIAN_POINT ( 'NONE',  ( 86.73892347695903027, -0.5840768481354281505, 60.00000000000000711 ) ) ;
#1312 = CARTESIAN_POINT ( 'NONE',  ( 45.59773335029766628, -2.151584678104752957, 329.0000000000000000 ) ) ;
#1313 = DIRECTION ( 'NONE',  ( -0.9993263562720425819, -0.03669923241761998550, 0.000000000000000000 ) ) ;
#1314 = EDGE_CURVE ( 'NONE', #2691, #2169, #2764, .T. ) ;
#1315 = CARTESIAN_POINT ( 'NONE',  ( 111.9008294260164149, 0.6586928181967676155, 182.0000000000000284 ) ) ;
#1316 = CARTESIAN_POINT ( 'NONE',  ( 111.9008294260164007, -0.1603469925516940453, 185.0000000000000000 ) ) ;
#1317 = DIRECTION ( 'NONE',  ( 0.000000000000000000, 0.000000000000000000, 1.000000000000000000 ) ) ;
#1318 = CARTESIAN_POINT ( 'NONE',  ( 39.57649053553939922, -0.1481345034421840123, 329.0000000000001705 ) ) ;
#1319 = CARTESIAN_POINT ( 'NONE',  ( 53.17823665351104268, 10.11732879380016925, 0.000000000000000000 ) ) ;
#1320 = CARTESIAN_POINT ( 'NONE',  ( 0.000000000000000000, 0.000000000000000000, 111.9999999999999574 ) ) ;
#1321 = CARTESIAN_POINT ( 'NONE',  ( 81.53703329371893460, -1.275450830919147904, 0.000000000000000000 ) ) ;
#1322 = VERTEX_POINT ( 'NONE', #393 ) ;
#1323 = ORIENTED_EDGE ( 'NONE', *, *, #1821, .F. ) ;
#1324 = VECTOR ( 'NONE', #355, 1000.000000000000114 ) ;
#1325 = CARTESIAN_POINT ( 'NONE',  ( 57.19999947077512559, -2.169235625566498182, 0.000000000000000000 ) ) ;
#1326 = CARTESIAN_POINT ( 'NONE',  ( 105.5965905952907491, 0.1084748940666349637, 249.0000000000000000 ) ) ;
#1327 = CARTESIAN_POINT ( 'NONE',  ( 86.75727333237441030, -1.083739814427592707, 111.9999999999999858 ) ) ;
#1328 = VERTEX_POINT ( 'NONE', #1644 ) ;
#1329 = CARTESIAN_POINT ( 'NONE',  ( 110.0746409268369348, 1.079365136051509522, 329.0000000000000000 ) ) ;
#1330 = CARTESIAN_POINT ( 'NONE',  ( 51.15595355233001129, -2.288861920351004109, 329.0000000000006253 ) ) ;
#1331 = CARTESIAN_POINT ( 'NONE',  ( 105.5965905952907491, 0.1084748940666349637, 252.0000000000000000 ) ) ;
#1332 = CARTESIAN_POINT ( 'NONE',  ( 68.08976886446446031, -1.768685049906463691, 329.0000000000000000 ) ) ;
#1333 = DIRECTION ( 'NONE',  ( 0.000000000000000000, -0.9999999999999998890, 1.224581982940487920E-08 ) ) ;
#1334 = CARTESIAN_POINT ( 'NONE',  ( 86.75729192095890596, -1.083761967439931695, 254.9999999999999432 ) ) ;
#1335 = EDGE_CURVE ( 'NONE', #2675, #838, #334, .T. ) ;
#1336 = CARTESIAN_POINT ( 'NONE',  ( 74.45078548670593932, 6.613124417782024977, 328.9999999999998863 ) ) ;
#1337 = EDGE_LOOP ( 'NONE', ( #2245, #2209, #2106, #1975, #718, #1355 ) ) ;
#1338 = CARTESIAN_POINT ( 'NONE',  ( 62.91999959958330635, -1.959005760463631951, 0.000000000000000000 ) ) ;
#1339 = CARTESIAN_POINT ( 'NONE',  ( 111.8824798098075775, 0.3393171569353730099, 249.0000000000000000 ) ) ;
#1340 = EDGE_LOOP ( 'NONE', ( #1074, #263, #2523, #488 ) ) ;
#1341 = CARTESIAN_POINT ( 'NONE',  ( 73.08824154331711043, 6.685582252038263285, 329.0000000000000000 ) ) ;
#1342 = CARTESIAN_POINT ( 'NONE',  ( 111.8824798098075775, 0.3393171569353730099, 257.0000000000000000 ) ) ;
#1343 = CARTESIAN_POINT ( 'NONE',  ( 40.04107487224987949, -0.9564942333562747034, 329.0000000000000000 ) ) ;
#1344 = PLANE ( 'NONE',  #2266 ) ;
#1345 = CARTESIAN_POINT ( 'NONE',  ( 96.22643135716322149, -0.7359832544053732661, 328.9999999999998295 ) ) ;
#1346 = LINE ( 'NONE', #597, #1514 ) ;
#1347 = DIRECTION ( 'NONE',  ( 0.9993263173578234015, 0.03670029204312421495, 0.000000000000000000 ) ) ;
#1348 = FACE_OUTER_BOUND ( 'NONE', #1337, .T. ) ;
#1349 = CARTESIAN_POINT ( 'NONE',  ( 69.66625662955186726, 6.824566089578421035, 328.9999999999998863 ) ) ;
#1350 = CARTESIAN_POINT ( 'NONE',  ( 107.2884274752132114, 1.751138820406879848, 0.000000000000000000 ) ) ;
#1351 = CARTESIAN_POINT ( 'NONE',  ( 86.75729166573825069, -1.083761663289078525, 257.0000000000000000 ) ) ;
#1352 = VECTOR ( 'NONE', #945, 1000.000000000000000 ) ;
#1353 = CARTESIAN_POINT ( 'NONE',  ( 51.15595355233001129, -2.288861920351004109, 329.0000000000006253 ) ) ;
#1354 = EDGE_CURVE ( 'NONE', #1196, #195, #1919, .T. ) ;
#1355 = ORIENTED_EDGE ( 'NONE', *, *, #3340, .T. ) ;
#1356 = MECHANICAL_DESIGN_GEOMETRIC_PRESENTATION_REPRESENTATION (  '', ( #971 ), #531 ) ;
#1357 = B_SPLINE_CURVE_WITH_KNOTS ( 'NONE', 3,
 ( #2004, #1250, #1810, #2810, #769, #975, #958, #1549, #2557 ),
 .UNSPECIFIED., .F., .F.,
 ( 4, 1, 1, 1, 1, 1, 4 ),
 ( 0.01531462871388702615, 0.03659102008017822705, 0.05218157274076552776, 0.08336267806193996266, 0.1145437833831144669, 0.1457248887042889296, 0.1615913653115763626 ),
 .UNSPECIFIED. ) ;
#1358 = CARTESIAN_POINT ( 'NONE',  ( 58.34399919947087199, -2.127131569181710979, 0.000000000000000000 ) ) ;
#1359 = LINE ( 'NONE', #857, #2239 ) ;
#1360 = DIRECTION ( 'NONE',  ( 0.6427876096865406952, -0.7660444431189769032, 0.000000000000000000 ) ) ;
#1361 = CARTESIAN_POINT ( 'NONE',  ( 42.79038841717878938, -1.892554132611953932, 328.9999999999994316 ) ) ;
#1362 = VECTOR ( 'NONE', #1360, 1000.000000000000000 ) ;
#1363 = CARTESIAN_POINT ( 'NONE',  ( 86.73893716925522313, -0.5840986643999728223, 252.0000000000000000 ) ) ;
#1364 = CARTESIAN_POINT ( 'NONE',  ( 41.83808848537819358, 2.455683720372352052, 329.0000000000000000 ) ) ;
#1365 = CARTESIAN_POINT ( 'NONE',  ( 40.02016108569902997, 0.8067866947254482834, 328.9999999999998863 ) ) ;
#1366 = FACE_OUTER_BOUND ( 'NONE', #2717, .T. ) ;
#1367 = CARTESIAN_POINT ( 'NONE',  ( 109.9120242841669892, 1.130326364673033268, 328.9999999999997726 ) ) ;
#1368 = CARTESIAN_POINT ( 'NONE',  ( 62.91999959958330635, -1.959005760463631951, 0.000000000000000000 ) ) ;
#1369 = EDGE_CURVE ( 'NONE', #1994, #1182, #1418, .T. ) ;
#1370 = CARTESIAN_POINT ( 'NONE',  ( 86.73892330304266807, -0.5840766514632573791, 111.9999999999999858 ) ) ;
#1371 = VERTEX_POINT ( 'NONE', #359 ) ;
#1372 = EDGE_CURVE ( 'NONE', #3083, #2020, #2804, .T. ) ;
#1373 = CARTESIAN_POINT ( 'NONE',  ( 68.64000040795747282, -1.749104447600823287, 0.000000000000000000 ) ) ;
#1374 = CARTESIAN_POINT ( 'NONE',  ( 111.9008294260164007, -0.1603477878692194381, 115.0000000000000000 ) ) ;
#1375 = CARTESIAN_POINT ( 'NONE',  ( 75.33742615393612141, 6.550573941092312502, 329.0000000000000000 ) ) ;
#1376 = FACE_OUTER_BOUND ( 'NONE', #3190, .T. ) ;
#1377 = CARTESIAN_POINT ( 'NONE',  ( 39.70980896374498315, 0.3413541168896716549, 329.0000000000000000 ) ) ;
#1378 = VECTOR ( 'NONE', #2681, 1000.000000000000227 ) ;
#1379 = CARTESIAN_POINT ( 'NONE',  ( 86.75727748948369822, -1.083744768677505910, 177.0000000000000000 ) ) ;
#1380 = CARTESIAN_POINT ( 'NONE',  ( 93.46693582156449054, 4.365734867055651058, 329.0000000000000568 ) ) ;
#1381 = CARTESIAN_POINT ( 'NONE',  ( 0.000000000000000000, 0.000000000000000000, 252.0000000000000000 ) ) ;
#1382 = ORIENTED_EDGE ( 'NONE', *, *, #166, .T. ) ;
#1383 = EDGE_CURVE ( 'NONE', #1149, #1862, #876, .T. ) ;
#1384 = CARTESIAN_POINT ( 'NONE',  ( 24.93930376377214841, -3.342003278002095179, 0.000000000000000000 ) ) ;
#1385 = ORIENTED_EDGE ( 'NONE', *, *, #630, .T. ) ;
#1386 = CARTESIAN_POINT ( 'NONE',  ( 96.09649925381408764, 4.124943300546681790, 0.000000000000000000 ) ) ;
#1387 = CARTESIAN_POINT ( 'NONE',  ( 111.9008294260164007, 0.6590583519349972885, 115.0000000000000000 ) ) ;
#1388 = ORIENTED_EDGE ( 'NONE', *, *, #173, .T. ) ;
#1389 = CARTESIAN_POINT ( 'NONE',  ( 114.5726096194103718, 0.02764199543480878526, 329.0000000000000000 ) ) ;
#1390 = CARTESIAN_POINT ( 'NONE',  ( 111.5737163190067491, -0.1723467587064360651, 329.0000000000000000 ) ) ;
#1391 = ADVANCED_FACE ( 'NONE', ( #2690 ), #131, .F. ) ;
#1392 = CARTESIAN_POINT ( 'NONE',  ( 99.90933288506171550, -0.6007177942938114468, 0.000000000000000000 ) ) ;
#1393 = ORIENTED_EDGE ( 'NONE', *, *, #3157, .F. ) ;
#1394 = CARTESIAN_POINT ( 'NONE',  ( 102.9297552973039984, 2.674219630112077528, 180.0000000000002274 ) ) ;
#1395 = CARTESIAN_POINT ( 'NONE',  ( 1.442859585747228390, 2.114058064154976879, 0.000000000000000000 ) ) ;
#1396 = ORIENTED_EDGE ( 'NONE', *, *, #3250, .F. ) ;
#1397 = CARTESIAN_POINT ( 'NONE',  ( 109.6333329976084627, -0.2436075243775239763, 0.000000000000000000 ) ) ;
#1398 = VECTOR ( 'NONE', #1228, 1000.000000000000000 ) ;
#1399 = CARTESIAN_POINT ( 'NONE',  ( 0.000000000000000000, 0.000000000000000000, 180.0000000000000000 ) ) ;
#1400 = ORIENTED_EDGE ( 'NONE', *, *, #2162, .T. ) ;
#1401 = CARTESIAN_POINT ( 'NONE',  ( 40.56585706084160847, -1.342962501914865214, 328.9999999999994316 ) ) ;
#1402 = CARTESIAN_POINT ( 'NONE',  ( 111.9008294260164007, 0.6593192193646794097, 55.00000000000000000 ) ) ;
#1403 = CARTESIAN_POINT ( 'NONE',  ( 98.32860582411694850, -0.6587721961883478139, 329.0000000000000000 ) ) ;
#1404 = FACE_OUTER_BOUND ( 'NONE', #3338, .T. ) ;
#1405 = LINE ( 'NONE', #1141, #2210 ) ;
#1406 = CARTESIAN_POINT ( 'NONE',  ( 111.9008294260163865, -0.1603460643313583955, 251.0000000000000000 ) ) ;
#1407 = DIRECTION ( 'NONE',  ( 0.03670029204312422189, -0.9993263173578235126, 0.000000000000000000 ) ) ;
#1408 = LINE ( 'NONE', #2714, #1517 ) ;
#1409 = DIRECTION ( 'NONE',  ( 0.000000000000000000, 1.000000000000000000, 0.000000000000000000 ) ) ;
#1410 = EDGE_CURVE ( 'NONE', #264, #2075, #1151, .T. ) ;
#1411 = DIRECTION ( 'NONE',  ( 0.000000000000000000, 0.000000000000000000, 1.000000000000000000 ) ) ;
#1412 = CARTESIAN_POINT ( 'NONE',  ( 79.69866675017757984, -1.342978940621442296, 0.000000000000000000 ) ) ;
#1413 = CARTESIAN_POINT ( 'NONE',  ( 90.08871368539300306, -0.9613920350123963399, 254.0000000000001137 ) ) ;
#1414 = ORIENTED_EDGE ( 'NONE', *, *, #783, .F. ) ;
#1415 = CARTESIAN_POINT ( 'NONE',  ( 10.32698298502021572, -3.316928426618745984, 0.000000000000000000 ) ) ;
#1416 = CARTESIAN_POINT ( 'NONE',  ( 0.1080088531717236372, 0.4156586373221556885, 0.000000000000000000 ) ) ;
#1417 = VERTEX_POINT ( 'NONE', #908 ) ;
#1418 = LINE ( 'NONE', #1660, #463 ) ;
#1419 = ORIENTED_EDGE ( 'NONE', *, *, #3091, .T. ) ;
#1420 = CARTESIAN_POINT ( 'NONE',  ( 111.9008294260164007, 0.6581947252114525027, 252.0000000000000000 ) ) ;
#1421 = CARTESIAN_POINT ( 'NONE',  ( 82.33451060093865692, -1.246104302740821623, 329.0000000000000000 ) ) ;
#1422 = CARTESIAN_POINT ( 'NONE',  ( 111.9008294260164007, -0.1603489315469414089, 2.000000000000000000 ) ) ;
#1423 = CARTESIAN_POINT ( 'NONE',  ( 110.4549161900557550, -0.2134496970166618879, 56.99999999999999289 ) ) ;
#1424 = CARTESIAN_POINT ( 'NONE',  ( 86.75727748948369822, -1.083744768677505910, 185.0000000000000000 ) ) ;
#1425 = CARTESIAN_POINT ( 'NONE',  ( 88.67817298530637515, 5.119020290113331484, 327.0000000000001705 ) ) ;
#1426 = CARTESIAN_POINT ( 'NONE',  ( 88.06118438317453467, 7.478241219270040929, 115.0000000000000000 ) ) ;
#1427 = EDGE_LOOP ( 'NONE', ( #2264, #3069, #2776, #2699 ) ) ;
#1428 = EDGE_CURVE ( 'NONE', #974, #2012, #59, .T. ) ;
#1429 = CARTESIAN_POINT ( 'NONE',  ( 45.17238708059927177, -2.130771852478141160, 329.0000000000008527 ) ) ;
#1430 = LINE ( 'NONE', #2467, #2113 ) ;
#1431 = ORIENTED_EDGE ( 'NONE', *, *, #722, .T. ) ;
#1432 = EDGE_CURVE ( 'NONE', #3355, #1054, #1466, .T. ) ;
#1433 = LINE ( 'NONE', #1962, #659 ) ;
#1434 = B_SPLINE_CURVE_WITH_KNOTS ( 'NONE', 3,
 ( #285, #2343, #19, #1594 ),
 .UNSPECIFIED., .F., .F.,
 ( 4, 4 ),
 ( 0.000000000000000000, 0.002999999999999918964 ),
 .UNSPECIFIED. ) ;
#1435 = CARTESIAN_POINT ( 'NONE',  ( 107.3488986330008998, 1.720819523673493556, 114.9999999999999432 ) ) ;
#1436 = ORIENTED_EDGE ( 'NONE', *, *, #2147, .T. ) ;
#1437 = DIRECTION ( 'NONE',  ( 0.6427876096865406952, -0.7660444431189769032, 0.000000000000000000 ) ) ;
#1438 = CARTESIAN_POINT ( 'NONE',  ( 102.8269452699260853, -0.4935714935373640144, 329.0000000000000000 ) ) ;
#1439 = CARTESIAN_POINT ( 'NONE',  ( 111.9008294260164007, -0.1603484231799644222, 55.00000000000000000 ) ) ;
#1440 = CARTESIAN_POINT ( 'NONE',  ( 86.75727748948369822, -1.083744768677505910, 180.0000000000000000 ) ) ;
#1441 = DIRECTION ( 'NONE',  ( 0.9993263265620334623, 0.03670004141730631719, 0.000000000000000000 ) ) ;
#1442 = CARTESIAN_POINT ( 'NONE',  ( 112.0297656323023006, 0.6304363369581543752, 0.000000000000000000 ) ) ;
#1443 = FACE_OUTER_BOUND ( 'NONE', #1988, .T. ) ;
#1444 = ORIENTED_EDGE ( 'NONE', *, *, #3315, .F. ) ;
#1445 = CARTESIAN_POINT ( 'NONE',  ( 86.34999139119773304, -0.5983600978315388730, 111.9999999999999858 ) ) ;
#1446 = CARTESIAN_POINT ( 'NONE',  ( 1.473299293311520097, -2.022811161060689145, 0.000000000000000000 ) ) ;
#1447 = CARTESIAN_POINT ( 'NONE',  ( 62.92034424279058413, 9.310929657471966436, 0.000000000000000000 ) ) ;
#1448 = DIRECTION ( 'NONE',  ( 0.9730337714183163733, -0.2306626967661816741, 0.000000000000000000 ) ) ;
#1449 = EDGE_LOOP ( 'NONE', ( #2949, #2418, #1167, #1044 ) ) ;
#1450 = CARTESIAN_POINT ( 'NONE',  ( 113.6979324057308389, -0.09434469087298562318, 329.0000000000000000 ) ) ;
#1451 = VECTOR ( 'NONE', #2763, 1000.000000000000000 ) ;
#1452 = CARTESIAN_POINT ( 'NONE',  ( 99.82589140135978312, -0.6037972336748528290, 1.999999999999985789 ) ) ;
#1453 = DIRECTION ( 'NONE',  ( 1.000000000000000000, 0.000000000000000000, -0.000000000000000000 ) ) ;
#1454 = VECTOR ( 'NONE', #1048, 1000.000000000000000 ) ;
#1455 = LINE ( 'NONE', #2476, #3303 ) ;
#1456 = AXIS2_PLACEMENT_3D ( 'NONE', #2797, #2819, #1831 ) ;
#1457 = DIRECTION ( 'NONE',  ( -0.6427876096865348110, -0.7660444431189817882, 0.000000000000000000 ) ) ;
#1458 = CARTESIAN_POINT ( 'NONE',  ( 12.58380620416369133, -3.400804308010229260, 0.000000000000000000 ) ) ;
#1459 = ORIENTED_EDGE ( 'NONE', *, *, #2118, .T. ) ;
#1460 = B_SPLINE_CURVE_WITH_KNOTS ( 'NONE', 3,
 ( #3289, #631, #2238, #2744 ),
 .UNSPECIFIED., .F., .F.,
 ( 4, 4 ),
 ( 0.000000000000000000, 0.003000000000000009603 ),
 .UNSPECIFIED. ) ;
#1461 = CARTESIAN_POINT ( 'NONE',  ( 82.36845928213502077, 6.653979213070415177, 0.000000000000000000 ) ) ;
#1462 = EDGE_CURVE ( 'NONE', #2895, #692, #1485, .T. ) ;
#1463 = B_SPLINE_CURVE_WITH_KNOTS ( 'NONE', 3,
 ( #1756, #895, #1972, #1723, #2496, #124, #916, #2743, #3288 ),
 .UNSPECIFIED., .F., .F.,
 ( 4, 1, 1, 1, 1, 1, 4 ),
 ( 0.000000000000000000, 0.003334477970616306700, 0.009264315766938004820, 0.01519415356325970815, 0.02112399135958140106, 0.02408891025774226660, 0.02516050212915587475 ),
 .UNSPECIFIED. ) ;
#1464 = ORIENTED_EDGE ( 'NONE', *, *, #1125, .T. ) ;
#1465 = CARTESIAN_POINT ( 'NONE',  ( 32.03177145671104853, 10.29728814898411571, 0.000000000000000000 ) ) ;
#1466 = LINE ( 'NONE', #2503, #202 ) ;
#1467 = ORIENTED_EDGE ( 'NONE', *, *, #540, .F. ) ;
#1468 = VERTEX_POINT ( 'NONE', #3280 ) ;
#1469 = CARTESIAN_POINT ( 'NONE',  ( 40.94917484507263339, 1.753697705252455608, 328.9999999999999432 ) ) ;
#1470 = CARTESIAN_POINT ( 'NONE',  ( 86.58813027531105888, 5.722723694138049488, 167.1389354841308830 ) ) ;
#1471 = EDGE_CURVE ( 'NONE', #13, #838, #955, .T. ) ;
#1472 = B_SPLINE_CURVE_WITH_KNOTS ( 'NONE', 3,
 ( #1422, #413, #1473, #1452, #665, #1685, #2474 ),
 .UNSPECIFIED., .F., .F.,
 ( 4, 1, 1, 1, 4 ),
 ( 0.000000000000000000, 0.004790584362597586146, 0.01208307936661891235, 0.01937557437064024377, 0.02516050572046991257 ),
 .UNSPECIFIED. ) ;
#1473 = CARTESIAN_POINT ( 'NONE',  ( 106.2800535652953755, -0.3667593670196749867, 1.999999999999980460 ) ) ;
#1474 = CARTESIAN_POINT ( 'NONE',  ( 82.95808413683273841, -1.223213922276929155, 329.0000000441723955 ) ) ;
#1475 = CARTESIAN_POINT ( 'NONE',  ( 86.75727349766768270, -1.083740011416445048, 60.00000000000000711 ) ) ;
#1476 = PLANE ( 'NONE',  #697 ) ;
#1477 = CARTESIAN_POINT ( 'NONE',  ( 0.000000000000000000, 0.000000000000000000, 117.0000000000000000 ) ) ;
#1478 = DIRECTION ( 'NONE',  ( 0.6427876096865348110, 0.7660444431189817882, 0.000000000000000000 ) ) ;
#1479 = ORIENTED_EDGE ( 'NONE', *, *, #2303, .F. ) ;
#1480 = CARTESIAN_POINT ( 'NONE',  ( 80.08045168301792671, 7.028413706107350833, 0.000000000000000000 ) ) ;
#1481 = CARTESIAN_POINT ( 'NONE',  ( 104.1044035000463879, 2.439600351615105023, 0.000000000000000000 ) ) ;
#1482 = CARTESIAN_POINT ( 'NONE',  ( 83.81705129401322552, 2.420280362814021480, 327.0000000000000000 ) ) ;
#1483 = VERTEX_POINT ( 'NONE', #188 ) ;
#1484 = CARTESIAN_POINT ( 'NONE',  ( 42.32802423065467678, 10.48053256621434315, 0.000000000000000000 ) ) ;
#1485 = LINE ( 'NONE', #1731, #1577 ) ;
#1486 = ORIENTED_EDGE ( 'NONE', *, *, #2509, .T. ) ;
#1487 = EDGE_LOOP ( 'NONE', ( #1506, #160, #232, #2808, #2321 ) ) ;
#1488 = LINE ( 'NONE', #471, #3146 ) ;
#1489 = CARTESIAN_POINT ( 'NONE',  ( 9.143854589302334190, 6.457425580615410610, 0.000000000000000000 ) ) ;
#1490 = FACE_OUTER_BOUND ( 'NONE', #2074, .T. ) ;
#1491 = ORIENTED_EDGE ( 'NONE', *, *, #2634, .F. ) ;
#1492 = PLANE ( 'NONE',  #2821 ) ;
#1493 = LINE ( 'NONE', #1687, #391 ) ;
#1494 = CARTESIAN_POINT ( 'NONE',  ( 106.8809482891225855, 1.831745721330978460, 54.99999999999998579 ) ) ;
#1495 = DIRECTION ( 'NONE',  ( 0.000000000000000000, 0.000000000000000000, 1.000000000000000000 ) ) ;
#1496 = EDGE_CURVE ( 'NONE', #2280, #1196, #1247, .T. ) ;
#1497 = ORIENTED_EDGE ( 'NONE', *, *, #2426, .F. ) ;
#1498 = DIRECTION ( 'NONE',  ( 0.03670004141730632413, -0.9993263265620335734, 0.000000000000000000 ) ) ;
#1499 = CARTESIAN_POINT ( 'NONE',  ( 40.30589049035867788, 1.127191150727815172, 329.0000000000001705 ) ) ;
#1500 = CARTESIAN_POINT ( 'NONE',  ( 58.72599015451832827, 9.701794998118494107, 0.000000000000000000 ) ) ;
#1501 = CARTESIAN_POINT ( 'NONE',  ( 75.50449131336061726, 7.734576958451603090, 0.000000000000000000 ) ) ;
#1502 = ORIENTED_EDGE ( 'NONE', *, *, #2087, .F. ) ;
#1503 = CARTESIAN_POINT ( 'NONE',  ( 33.17587239951127742, 10.33873147409436477, 0.000000000000000000 ) ) ;
#1504 = FACE_OUTER_BOUND ( 'NONE', #920, .T. ) ;
#1505 = CARTESIAN_POINT ( 'NONE',  ( 106.7040533121437136, -0.3511881670975301462, 54.99999999999993605 ) ) ;
#1506 = ORIENTED_EDGE ( 'NONE', *, *, #2928, .F. ) ;
#1507 = ORIENTED_EDGE ( 'NONE', *, *, #882, .T. ) ;
#1508 = CARTESIAN_POINT ( 'NONE',  ( 90.56240906990150563, 5.114850058982240100, 117.0000000000000568 ) ) ;
#1509 = CARTESIAN_POINT ( 'NONE',  ( 0.1671209118636181878, 0.5472522012638345590, 0.000000000000000000 ) ) ;
#1510 = ADVANCED_FACE ( 'NONE', ( #2262 ), #973, .F. ) ;
#1511 = ORIENTED_EDGE ( 'NONE', *, *, #3273, .T. ) ;
#1512 = FACE_BOUND ( 'NONE', #3237, .T. ) ;
#1513 = CARTESIAN_POINT ( 'NONE',  ( 111.9008294260164007, -0.1603484432302376972, 53.00000000000000711 ) ) ;
#1514 = VECTOR ( 'NONE', #1600, 1000.000000000000114 ) ;
#1515 = CARTESIAN_POINT ( 'NONE',  ( 86.75727375188954227, -1.083740314386239412, 139.0000000000000853 ) ) ;
#1516 = EDGE_CURVE ( 'NONE', #2235, #1322, #1430, .T. ) ;
#1517 = VECTOR ( 'NONE', #3231, 1000.000000000000000 ) ;
#1518 = B_SPLINE_CURVE_WITH_KNOTS ( 'NONE', 3,
 ( #428, #1423, #2728, #2475, #2203, #1668, #1739, #880 ),
 .UNSPECIFIED., .F., .F.,
 ( 4, 1, 1, 1, 1, 4 ),
 ( 1.388734011074935400E-17, 0.004340663768702957871, 0.01121211296203638262, 0.01808356215536981518, 0.02495501134870323212, 0.02516050589285449141 ),
 .UNSPECIFIED. ) ;
#1519 = CARTESIAN_POINT ( 'NONE',  ( 7.998449001008253845, 6.036591760347016944, 0.000000000000000000 ) ) ;
#1520 = CARTESIAN_POINT ( 'NONE',  ( 33.17587239951127742, 10.33873147409436477, 0.000000000000000000 ) ) ;
#1521 = CARTESIAN_POINT ( 'NONE',  ( 7.998449001008253845, 6.036591760347016944, 0.000000000000000000 ) ) ;
#1522 = VECTOR ( 'NONE', #789, 1000.000000000000227 ) ;
#1523 = CARTESIAN_POINT ( 'NONE',  ( 59.84264940721140391, 6.699513854830785320, 329.0000000000000000 ) ) ;
#1524 = CARTESIAN_POINT ( 'NONE',  ( 96.22643135716322149, -0.7359832544053732661, 328.9999999999998295 ) ) ;
#1525 = ORIENTED_EDGE ( 'NONE', *, *, #348, .F. ) ;
#1526 = LINE ( 'NONE', #2246, #865 ) ;
#1527 = CARTESIAN_POINT ( 'NONE',  ( 114.9008294260164007, -0.05016421021564968635, 329.0000000000000000 ) ) ;
#1528 = CARTESIAN_POINT ( 'NONE',  ( 20.58960981770341903, 9.276987498422094802, 0.000000000000000000 ) ) ;
#1529 = CARTESIAN_POINT ( 'NONE',  ( 88.06118438317453467, 7.478241219270040929, 252.0000000000000000 ) ) ;
#1530 = ORIENTED_EDGE ( 'NONE', *, *, #2388, .F. ) ;
#1531 = CARTESIAN_POINT ( 'NONE',  ( 82.95813513436492315, -1.223274698769154067, 116.4929910361039447 ) ) ;
#1532 = CARTESIAN_POINT ( 'NONE',  ( 98.82868478026202297, 3.414536748962225587, 329.0000000000000000 ) ) ;
#1533 = FACE_BOUND ( 'NONE', #1786, .T. ) ;
#1534 = CARTESIAN_POINT ( 'NONE',  ( 111.9008294260164007, -0.1603478212713536633, 111.9999999999999858 ) ) ;
#1535 = ADVANCED_FACE ( 'NONE', ( #1348 ), #2381, .T. ) ;
#1536 = CARTESIAN_POINT ( 'NONE',  ( 111.9008294260164149, 0.3399900758465234651, 177.0000000000000000 ) ) ;
#1537 = CARTESIAN_POINT ( 'NONE',  ( 102.6744060974724420, -0.4991841634784638937, 182.0000000000003411 ) ) ;
#1538 = VECTOR ( 'NONE', #423, 1000.000000000000114 ) ;
#1539 = CARTESIAN_POINT ( 'NONE',  ( 10.58485183240993699, 6.941914879003064698, 0.000000000000000000 ) ) ;
#1540 = CARTESIAN_POINT ( 'NONE',  ( 38.56979445614752677, 10.47474869993192748, 0.000000000000000000 ) ) ;
#1541 = EDGE_CURVE ( 'NONE', #686, #309, #2924, .T. ) ;
#1542 = CARTESIAN_POINT ( 'NONE',  ( 49.34460609164758438, 5.316517000676841853, 329.0000000000000000 ) ) ;
#1543 = CARTESIAN_POINT ( 'NONE',  ( 76.28493433132902624, -1.468398909378350492, 328.9999999999995453 ) ) ;
#1544 = CARTESIAN_POINT ( 'NONE',  ( 88.83423266298044041, -0.5071306002127375923, 257.0000000000000000 ) ) ;
#1545 = EDGE_CURVE ( 'NONE', #2669, #2845, #2820, .T. ) ;
#1546 = VERTEX_POINT ( 'NONE', #2780 ) ;
#1547 = CARTESIAN_POINT ( 'NONE',  ( 45.59273364530355366, 4.214600900746387602, 329.0000000000000000 ) ) ;
#1548 = ORIENTED_EDGE ( 'NONE', *, *, #2177, .T. ) ;
#1549 = CARTESIAN_POINT ( 'NONE',  ( 110.9917313044413163, -0.1937317145176628008, 257.0000000000000000 ) ) ;
#1550 = FACE_OUTER_BOUND ( 'NONE', #703, .T. ) ;
#1551 = CARTESIAN_POINT ( 'NONE',  ( 19.44593183719235441, 9.085995720661331987, 0.000000000000000000 ) ) ;
#1552 = EDGE_LOOP ( 'NONE', ( #2488, #1657, #1382, #925, #2860, #2002, #2055, #2284 ) ) ;
#1553 = CARTESIAN_POINT ( 'NONE',  ( 114.5726096194103718, -0.06221993668006624290, 329.0000000000000000 ) ) ;
#1554 = CARTESIAN_POINT ( 'NONE',  ( 48.67409492730666187, -2.483083282847240447, 0.000000000000000000 ) ) ;
#1555 = DIRECTION ( 'NONE',  ( 0.000000000000000000, 0.000000000000000000, 1.000000000000000000 ) ) ;
#1556 = LINE ( 'NONE', #256, #2064 ) ;
#1557 = CARTESIAN_POINT ( 'NONE',  ( 114.7756220695123375, -0.02048315766173460298, 0.000000000000000000 ) ) ;
#1558 = FACE_OUTER_BOUND ( 'NONE', #1829, .T. ) ;
#1559 = CARTESIAN_POINT ( 'NONE',  ( 98.45408093305573516, -0.6541702060449230416, 249.0000000000000000 ) ) ;
#1560 = CARTESIAN_POINT ( 'NONE',  ( 39.80588849278576191, -0.7016091822450429838, 328.9999999999996589 ) ) ;
#1561 = CARTESIAN_POINT ( 'NONE',  ( 72.05951599416565045, 6.740760187875653564, 329.0000000000002842 ) ) ;
#1562 = EDGE_CURVE ( 'NONE', #2040, #2194, #1556, .T. ) ;
#1563 = CARTESIAN_POINT ( 'NONE',  ( 83.46387047211773336, -1.204657313906701166, 328.9999999999996589 ) ) ;
#1564 = VERTEX_POINT ( 'NONE', #1295 ) ;
#1565 = ORIENTED_EDGE ( 'NONE', *, *, #228, .T. ) ;
#1566 = LINE ( 'NONE', #3035, #4 ) ;
#1567 = EDGE_CURVE ( 'NONE', #1640, #369, #3291, .T. ) ;
#1568 = CARTESIAN_POINT ( 'NONE',  ( 0.4838234777087248029, 1.061911407566169752, 0.000000000000000000 ) ) ;
#1569 = CARTESIAN_POINT ( 'NONE',  ( 86.75727333237441030, -1.083739814427592707, 115.0000000000000000 ) ) ;
#1570 = DIRECTION ( 'NONE',  ( 0.000000000000000000, 0.000000000000000000, -1.000000000000000000 ) ) ;
#1571 = VERTEX_POINT ( 'NONE', #1992 ) ;
#1572 = CARTESIAN_POINT ( 'NONE',  ( 57.14108108902176042, -2.170887459994777835, 328.9999999999998863 ) ) ;
#1573 = CARTESIAN_POINT ( 'NONE',  ( 111.9008294260164007, 0.6593192193646794097, 55.00000000000000000 ) ) ;
#1574 = LINE ( 'NONE', #482, #1853 ) ;
#1575 = CARTESIAN_POINT ( 'NONE',  ( 85.85685239120496703, -1.116836645115019788, 329.0000000000003979 ) ) ;
#1576 = DIRECTION ( 'NONE',  ( -0.000000000000000000, 0.000000000000000000, 1.000000000000000000 ) ) ;
#1577 = VECTOR ( 'NONE', #2243, 1000.000000000000114 ) ;
#1578 = CARTESIAN_POINT ( 'NONE',  ( 10.58485183240993699, 6.941914879003064698, 0.000000000000000000 ) ) ;
#1579 = EDGE_CURVE ( 'NONE', #104, #3355, #55, .T. ) ;
#1580 = VECTOR ( 'NONE', #2251, 1000.000000000000000 ) ;
#1581 = ORIENTED_EDGE ( 'NONE', *, *, #2162, .F. ) ;
#1582 = ORIENTED_EDGE ( 'NONE', *, *, #3073, .F. ) ;
#1583 = CARTESIAN_POINT ( 'NONE',  ( 60.63199959104140646, -2.043035535417921267, 0.000000000000000000 ) ) ;
#1584 = ADVANCED_FACE ( 'NONE', ( #1832 ), #777, .T. ) ;
#1585 = DIRECTION ( 'NONE',  ( 0.9730337714183199260, -0.2306626967661669914, 0.000000000000000000 ) ) ;
#1586 = CARTESIAN_POINT ( 'NONE',  ( 59.34303674016963726, -2.093924023076274565, 329.0000000000000000 ) ) ;
#1587 = CARTESIAN_POINT ( 'NONE',  ( 86.35001255881995519, -0.5983853244293667606, 249.0000000000000000 ) ) ;
#1588 = CARTESIAN_POINT ( 'NONE',  ( 64.10074671622415110, 9.196499964264669202, 0.000000000000000000 ) ) ;
#1589 = CARTESIAN_POINT ( 'NONE',  ( 79.22579948065114763, 6.244855569757276292, 329.0000000000004547 ) ) ;
#1590 = CARTESIAN_POINT ( 'NONE',  ( 19.45964291083211961, -3.454549498035798027, 0.000000000000000000 ) ) ;
#1591 = ORIENTED_EDGE ( 'NONE', *, *, #91, .T. ) ;
#1592 = CARTESIAN_POINT ( 'NONE',  ( 16.01595722334111827, -3.460755887031069289, 0.000000000000000000 ) ) ;
#1593 = DIRECTION ( 'NONE',  ( 0.000000000000000000, 0.000000000000000000, 1.000000000000000000 ) ) ;
#1594 = CARTESIAN_POINT ( 'NONE',  ( 111.9008294260164860, -0.1603470553232402007, 177.0000000000000853 ) ) ;
#1595 = CARTESIAN_POINT ( 'NONE',  ( 91.33143142484247790, 4.708140483637650142, 329.0000000000000000 ) ) ;
#1596 = SURFACE_SIDE_STYLE ('',( #844 ) ) ;
#1597 = VECTOR ( 'NONE', #840, 1000.000000000000227 ) ;
#1598 = CARTESIAN_POINT ( 'NONE',  ( 40.54586746803939690, 1.368164225468376349, 329.0000000000000000 ) ) ;
#1599 = DIRECTION ( 'NONE',  ( -0.03669923241761999244, 0.9993263562720426929, 0.000000000000000000 ) ) ;
#1600 = DIRECTION ( 'NONE',  ( -0.9993263265620334623, -0.03670004141730631719, 0.000000000000000000 ) ) ;
#1601 = EDGE_CURVE ( 'NONE', #877, #1303, #3127, .T. ) ;
#1602 = CARTESIAN_POINT ( 'NONE',  ( 76.83962110388000610, 6.446060515922980905, 328.9999999999996021 ) ) ;
#1603 = CARTESIAN_POINT ( 'NONE',  ( 111.9008294260164007, -9.946594549830242826, 2.000000000000000000 ) ) ;
#1604 = CARTESIAN_POINT ( 'NONE',  ( 73.21599994155262436, -1.581088408419284441, 0.000000000000000000 ) ) ;
#1605 = CARTESIAN_POINT ( 'NONE',  ( 7.148837281125505427, 5.700820457083032089, 0.000000000000000000 ) ) ;
#1606 = ORIENTED_EDGE ( 'NONE', *, *, #970, .F. ) ;
#1607 = CARTESIAN_POINT ( 'NONE',  ( 78.93600002643253788, -1.370990719482517051, 0.000000000000000000 ) ) ;
#1608 = CARTESIAN_POINT ( 'NONE',  ( 92.98602152732998150, 4.761034593382004410, 0.000000000000000000 ) ) ;
#1609 = ORIENTED_EDGE ( 'NONE', *, *, #2569, .T. ) ;
#1610 = CARTESIAN_POINT ( 'NONE',  ( 80.08561080687451295, 6.158800591052838058, 329.0000000000000000 ) ) ;
#1611 = CARTESIAN_POINT ( 'NONE',  ( 88.83423266298044041, -0.5071306002127375923, 249.0000000000000000 ) ) ;
#1612 = CARTESIAN_POINT ( 'NONE',  ( 44.84773492038660692, -2.110309868617927798, 329.0000000000000000 ) ) ;
#1613 = FACE_BOUND ( 'NONE', #1552, .T. ) ;
#1614 = EDGE_CURVE ( 'NONE', #933, #2642, #333, .T. ) ;
#1615 = CARTESIAN_POINT ( 'NONE',  ( 86.75729166573825069, -1.083761663289078525, 249.0000000000000000 ) ) ;
#1616 = CARTESIAN_POINT ( 'NONE',  ( 88.49572992220858225, -1.019927568110287064, 327.0000000000000568 ) ) ;
#1617 = CARTESIAN_POINT ( 'NONE',  ( 111.9008294260164007, 0.6574670334402099581, 327.0000000000000000 ) ) ;
#1618 = CARTESIAN_POINT ( 'NONE',  ( 71.35645846617997279, 8.325554318525336228, 0.000000000000000000 ) ) ;
#1619 = CARTESIAN_POINT ( 'NONE',  ( 86.73892734346213729, -0.5840816099985942644, 177.0000000000000000 ) ) ;
#1620 = CARTESIAN_POINT ( 'NONE',  ( 78.17333286321132846, -1.398993869043403393, 0.000000000000000000 ) ) ;
#1621 = CARTESIAN_POINT ( 'NONE',  ( 103.8138119759175169, -0.4573389353999083862, 254.0000000000001137 ) ) ;
#1622 = EDGE_CURVE ( 'NONE', #2500, #2194, #985, .T. ) ;
#1623 = CARTESIAN_POINT ( 'NONE',  ( 107.8558500808887999, 1.600648295050534076, 179.9999999999999716 ) ) ;
#1624 = VECTOR ( 'NONE', #1154, 1000.000000000000000 ) ;
#1625 = VERTEX_POINT ( 'NONE', #2125 ) ;
#1626 = AXIS2_PLACEMENT_3D ( 'NONE', #2490, #878, #1186 ) ;
#1627 = CARTESIAN_POINT ( 'NONE',  ( 53.76800035430469649, -2.295672950472749108, 0.000000000000000000 ) ) ;
#1628 = CARTESIAN_POINT ( 'NONE',  ( 86.35154931622426489, 5.440777486206989977, 327.0000000000000000 ) ) ;
#1629 = ORIENTED_EDGE ( 'NONE', *, *, #1724, .F. ) ;
#1630 = CARTESIAN_POINT ( 'NONE',  ( 40.04305720713789896, 0.8379954405125122907, 329.0000000000000000 ) ) ;
#1631 = CARTESIAN_POINT ( 'NONE',  ( 86.75729166573823647, -1.083761663289079413, 257.0000000000000000 ) ) ;
#1632 = ADVANCED_FACE ( 'NONE', ( #2920 ), #2348, .T. ) ;
#1633 = CARTESIAN_POINT ( 'NONE',  ( 54.12560397364830322, 6.217984373768853601, 328.9999999999990905 ) ) ;
#1634 = CARTESIAN_POINT ( 'NONE',  ( 83.81705129401322552, 2.420280362814021480, 327.0000000000000000 ) ) ;
#1635 = ORIENTED_EDGE ( 'NONE', *, *, #870, .F. ) ;
#1636 = DIRECTION ( 'NONE',  ( -0.03670005866349870111, 0.9993263259286706557, 0.000000000000000000 ) ) ;
#1637 = EDGE_CURVE ( 'NONE', #1193, #458, #2324, .T. ) ;
#1638 = CARTESIAN_POINT ( 'NONE',  ( 20.96956696850719837, 9.340439530324026407, 0.000000000000000000 ) ) ;
#1639 = CARTESIAN_POINT ( 'NONE',  ( 86.75727354306989980, -1.083740065524691820, 52.00000000000000711 ) ) ;
#1640 = VERTEX_POINT ( 'NONE', #546 ) ;
#1641 = ADVANCED_FACE ( 'NONE', ( #1077 ), #1895, .T. ) ;
#1642 = CARTESIAN_POINT ( 'NONE',  ( 35.46398928171450393, -2.966376690437794394, 0.000000000000000000 ) ) ;
#1643 = CARTESIAN_POINT ( 'NONE',  ( 64.06444869924710872, 9.192619819612993126, 0.000000000000000000 ) ) ;
#1644 = CARTESIAN_POINT ( 'NONE',  ( 111.9008294260164007, -0.1603484532161225939, 52.00000000000000711 ) ) ;
#1645 = ORIENTED_EDGE ( 'NONE', *, *, #1562, .T. ) ;
#1646 = CARTESIAN_POINT ( 'NONE',  ( 84.83412511154953961, 5.633026433000093647, 329.0000000000000000 ) ) ;
#1647 =( LENGTH_UNIT ( ) NAMED_UNIT ( * ) SI_UNIT ( .MILLI., .METRE. ) );
#1648 = CARTESIAN_POINT ( 'NONE',  ( 39.63848153642518923, 0.1651653164182532718, 329.0000000000000000 ) ) ;
#1649 = VECTOR ( 'NONE', #2788, 1000.000000000000114 ) ;
#1650 = FACE_OUTER_BOUND ( 'NONE', #1129, .T. ) ;
#1651 = CARTESIAN_POINT ( 'NONE',  ( 86.73892734346213729, -0.5840816099985942644, 185.0000000000000000 ) ) ;
#1652 = CARTESIAN_POINT ( 'NONE',  ( 86.99711565794254398, 5.866906022572778490, 0.000000000000000000 ) ) ;
#1653 = CARTESIAN_POINT ( 'NONE',  ( 111.5399997167505575, -0.1735956199933121058, 0.000000000000000000 ) ) ;
#1654 = ORIENTED_EDGE ( 'NONE', *, *, #678, .T. ) ;
#1655 = FACE_OUTER_BOUND ( 'NONE', #1915, .T. ) ;
#1656 = EDGE_CURVE ( 'NONE', #1204, #3136, #828, .T. ) ;
#1657 = ORIENTED_EDGE ( 'NONE', *, *, #1002, .T. ) ;
#1658 = CARTESIAN_POINT ( 'NONE',  ( 108.6800002893520798, -0.2786345454737079730, 0.000000000000000000 ) ) ;
#1659 = CARTESIAN_POINT ( 'NONE',  ( 98.38449875883139839, 3.658229114884198108, 0.000000000000000000 ) ) ;
#1660 = CARTESIAN_POINT ( 'NONE',  ( 83.81705129401322552, 2.420280362814021480, 55.00000000000000000 ) ) ;
#1661 = ORIENTED_EDGE ( 'NONE', *, *, #499, .F. ) ;
#1662 = CARTESIAN_POINT ( 'NONE',  ( 3.117443883882528688, 3.571704146890768428, 0.000000000000000000 ) ) ;
#1663 = CARTESIAN_POINT ( 'NONE',  ( 0.1382493686299775815, -3.764469013025363964, 115.0000000000000000 ) ) ;
#1664 = ADVANCED_FACE ( 'NONE', ( #74, #1613, #1113, #2693, #3228, #1404 ), #858, .T. ) ;
#1665 = PRODUCT_DEFINITION_CONTEXT ( 'detailed design', #2573, 'design' ) ;
#1666 = B_SPLINE_SURFACE_WITH_KNOTS ( 'NONE', 3, 1, ( 
 ( #2910, #1351 ),
 ( #368, #2385 ),
 ( #1413, #125 ),
 ( #899, #1944 ),
 ( #3163, #837 ),
 ( #1621, #1887 ),
 ( #2152, #567 ),
 ( #2652, #323 ),
 ( #3176, #1709 ) ),
 .UNSPECIFIED., .F., .F., .F.,
 ( 4, 1, 1, 1, 1, 1, 4 ),
 ( 2, 2 ),
 ( 0.01531462871388702615, 0.03659102008017822705, 0.05218157274076552776, 0.08336267806193996266, 0.1145437833831144669, 0.1457248887042889296, 0.1615913653115763626 ),
 ( 0.000000000000000000, 1.000000000000000000 ),
 .UNSPECIFIED. ) ;
#1667 = CARTESIAN_POINT ( 'NONE',  ( 110.9917313044413163, -0.1937317145176628008, 251.9999999999999432 ) ) ;
#1668 = CARTESIAN_POINT ( 'NONE',  ( 89.18311732534415626, -0.9946513108045713647, 56.99999999999996447 ) ) ;
#1669 = CARTESIAN_POINT ( 'NONE',  ( 111.9008294260164007, -9.946594549830242826, 117.0000000000000000 ) ) ;
#1670 = CARTESIAN_POINT ( 'NONE',  ( 86.73893716925522313, -0.5840986643999728223, 249.0000000000000000 ) ) ;
#1671 = CARTESIAN_POINT ( 'NONE',  ( 101.4346671149829717, -0.5447222069233594866, 0.000000000000000000 ) ) ;
#1672 = DIRECTION ( 'NONE',  ( 1.000000000000000000, 0.000000000000000000, -0.000000000000000000 ) ) ;
#1673 = ORIENTED_EDGE ( 'NONE', *, *, #763, .F. ) ;
#1674 = CARTESIAN_POINT ( 'NONE',  ( 0.3357730192773761835, 0.8471168840609525352, 0.000000000000000000 ) ) ;
#1675 = B_SPLINE_CURVE_WITH_KNOTS ( 'NONE', 3,
 ( #813, #565, #63, #2635 ),
 .UNSPECIFIED., .F., .F.,
 ( 4, 4 ),
 ( 0.003000000000000002665, 0.05300000000000001238 ),
 .UNSPECIFIED. ) ;
#1676 = ORIENTED_EDGE ( 'NONE', *, *, #2255, .F. ) ;
#1677 = AXIS2_PLACEMENT_3D ( 'NONE', #513, #2886, #39 ) ;
#1678 = CARTESIAN_POINT ( 'NONE',  ( 91.52000024365297293, -0.9088333009398763540, 0.000000000000000000 ) ) ;
#1679 = AXIS2_PLACEMENT_3D ( 'NONE', #1771, #250, #1251 ) ;
#1680 = CARTESIAN_POINT ( 'NONE',  ( 101.0288430699623632, 3.106832459447404826, 57.00000000000004974 ) ) ;
#1681 = ORIENTED_EDGE ( 'NONE', *, *, #2856, .T. ) ;
#1682 = DIRECTION ( 'NONE',  ( -1.000000000000000000, 0.000000000000000000, 0.000000000000000000 ) ) ;
#1683 = ADVANCED_FACE ( 'NONE', ( #1490 ), #2673, .T. ) ;
#1684 = VECTOR ( 'NONE', #497, 1000.000000000000000 ) ;
#1685 = CARTESIAN_POINT ( 'NONE',  ( 88.68428442200497841, -1.012970017075041973, 1.999999999999980460 ) ) ;
#1686 = CARTESIAN_POINT ( 'NONE',  ( 86.75727336605287121, -1.083739854563986249, 119.0000000000000142 ) ) ;
#1687 = CARTESIAN_POINT ( 'NONE',  ( 111.9008294260164007, 0.3399910277142182968, 249.0000000000000000 ) ) ;
#1688 = CARTESIAN_POINT ( 'NONE',  ( 82.95812720334009782, -1.223265246941791062, 0.000000000000000000 ) ) ;
#1689 = DIRECTION ( 'NONE',  ( -1.000000000000000000, 0.000000000000000000, 0.000000000000000000 ) ) ;
#1690 = CARTESIAN_POINT ( 'NONE',  ( 114.4418962788706153, 0.05862827003066970605, 0.000000000000000000 ) ) ;
#1691 = LINE ( 'NONE', #1959, #827 ) ;
#1692 = VERTEX_POINT ( 'NONE', #520 ) ;
#1693 = CARTESIAN_POINT ( 'NONE',  ( 97.11829995685160100, 3.853835150690798184, 179.9999999999998579 ) ) ;
#1694 = CARTESIAN_POINT ( 'NONE',  ( 4.867712567459363981, -2.861476354840538416, 0.000000000000000000 ) ) ;
#1695 = CARTESIAN_POINT ( 'NONE',  ( 111.9008294260164007, 0.3399900758465235762, 177.0000000000000000 ) ) ;
#1696 = ORIENTED_EDGE ( 'NONE', *, *, #963, .T. ) ;
#1697 = CARTESIAN_POINT ( 'NONE',  ( 113.2560000101001805, -0.1105802750437671622, 0.000000000000000000 ) ) ;
#1698 = LINE ( 'NONE', #3014, #1538 ) ;
#1699 = CARTESIAN_POINT ( 'NONE',  ( 95.62608830174656305, 4.181434949440400395, 114.9999999999998579 ) ) ;
#1700 = ORIENTED_EDGE ( 'NONE', *, *, #1215, .F. ) ;
#1701 = CARTESIAN_POINT ( 'NONE',  ( 0.03206516888175714453, 0.2597402073430205016, 0.000000000000000000 ) ) ;
#1702 = CARTESIAN_POINT ( 'NONE',  ( 76.08681572001158600, -1.475706278352547418, 329.0000000000000000 ) ) ;
#1703 = CARTESIAN_POINT ( 'NONE',  ( 107.0971106942783138, -0.3367518057662812203, 0.000000000000000000 ) ) ;
#1704 = CARTESIAN_POINT ( 'NONE',  ( 87.08307149492985388, -1.071794547968486722, 254.0000000000002842 ) ) ;
#1705 = CARTESIAN_POINT ( 'NONE',  ( 86.73892734346213729, -0.5840816099985942644, 177.0000000000000000 ) ) ;
#1706 = CARTESIAN_POINT ( 'NONE',  ( 111.9008294260164007, 0.6574670334402099581, 327.0000000000000000 ) ) ;
#1707 = LINE ( 'NONE', #1220, #1580 ) ;
#1708 = DIRECTION ( 'NONE',  ( 0.000000000000000000, 0.000000000000000000, 1.000000000000000000 ) ) ;
#1709 = CARTESIAN_POINT ( 'NONE',  ( 111.9008294260163865, -0.1603460212006482255, 257.0000000000000000 ) ) ;
#1710 = ORIENTED_EDGE ( 'NONE', *, *, #3310, .T. ) ;
#1711 = EDGE_CURVE ( 'NONE', #1038, #1546, #604, .T. ) ;
#1712 = ORIENTED_EDGE ( 'NONE', *, *, #2939, .F. ) ;
#1713 = CARTESIAN_POINT ( 'NONE',  ( 114.4000000000000057, -0.06855999999999999595, 0.000000000000000000 ) ) ;
#1714 = CARTESIAN_POINT ( 'NONE',  ( 86.75728991813154778, -1.083759580563233849, 247.1702577267408003 ) ) ;
#1715 = ORIENTED_EDGE ( 'NONE', *, *, #3109, .F. ) ;
#1716 = CARTESIAN_POINT ( 'NONE',  ( 3.878272337368041001, 4.078224712737445579, 0.000000000000000000 ) ) ;
#1717 = CARTESIAN_POINT ( 'NONE',  ( 111.9008294260164007, 0.6594516961751538675, 19.66666666668472629 ) ) ;
#1718 = CARTESIAN_POINT ( 'NONE',  ( 110.5740860550690741, -0.2090748286027968861, 329.0000000000000000 ) ) ;
#1719 = CARTESIAN_POINT ( 'NONE',  ( 86.63984742494912439, 5.784357793017956162, 117.0000000000000000 ) ) ;
#1720 = CARTESIAN_POINT ( 'NONE',  ( 111.9008294260164007, -0.1603484030683038353, 57.00000000000000000 ) ) ;
#1721 = VERTEX_POINT ( 'NONE', #580 ) ;
#1722 = CARTESIAN_POINT ( 'NONE',  ( 88.83423266298044041, -0.5071306002127375923, 254.0000000000000000 ) ) ;
#1723 = CARTESIAN_POINT ( 'NONE',  ( 102.6427559341823184, -0.5003465309250905158, 180.0000000000003126 ) ) ;
#1724 = EDGE_CURVE ( 'NONE', #13, #264, #1346, .T. ) ;
#1725 = CARTESIAN_POINT ( 'NONE',  ( 92.98602152732998150, 4.761034593382004410, 0.000000000000000000 ) ) ;
#1726 = CARTESIAN_POINT ( 'NONE',  ( 95.23796424258446791, -0.7722810471560994650, 116.9999999999997868 ) ) ;
#1727 = DIRECTION ( 'NONE',  ( 0.9993263173578234015, 0.03670029204312421495, 0.000000000000000000 ) ) ;
#1728 = CARTESIAN_POINT ( 'NONE',  ( 73.21650572640163546, 8.063821503722556017, 0.000000000000000000 ) ) ;
#1729 = CARTESIAN_POINT ( 'NONE',  ( 72.07240936793074582, 8.221930420467581158, 0.000000000000000000 ) ) ;
#1730 = EDGE_CURVE ( 'NONE', #215, #1054, #866, .T. ) ;
#1731 = CARTESIAN_POINT ( 'NONE',  ( 114.6504147130081890, -0.05936210510782483074, 0.000000000000000000 ) ) ;
#1732 = ORIENTED_EDGE ( 'NONE', *, *, #888, .F. ) ;
#1733 = ORIENTED_EDGE ( 'NONE', *, *, #3134, .F. ) ;
#1734 = CARTESIAN_POINT ( 'NONE',  ( 0.3137817602093665448, -1.044106458370537283, 0.000000000000000000 ) ) ;
#1735 = CARTESIAN_POINT ( 'NONE',  ( 111.9008294260164007, -0.1603477655009281910, 117.0000000000000000 ) ) ;
#1736 = CARTESIAN_POINT ( 'NONE',  ( 88.33229646410801195, -1.025931055148587179, 329.0000000000000000 ) ) ;
#1737 = AXIS2_PLACEMENT_3D ( 'NONE', #140, #1163, #1888 ) ;
#1738 = CARTESIAN_POINT ( 'NONE',  ( 111.9008294260164007, -0.1603484030683038353, 60.00000000000000711 ) ) ;
#1739 = CARTESIAN_POINT ( 'NONE',  ( 86.82572552704712621, -1.081226124428694924, 56.99999999999999289 ) ) ;
#1740 = CARTESIAN_POINT ( 'NONE',  ( 111.9008294260164007, -0.1603448949044220251, 327.0000000000000000 ) ) ;
#1741 = FACE_OUTER_BOUND ( 'NONE', #2519, .T. ) ;
#1742 = VECTOR ( 'NONE', #1205, 1000.000000000000000 ) ;
#1743 = ADVANCED_FACE ( 'NONE', ( #1650 ), #2645, .T. ) ;
#1744 = ORIENTED_EDGE ( 'NONE', *, *, #2814, .F. ) ;
#1745 = CARTESIAN_POINT ( 'NONE',  ( 111.9008294260163865, -0.1603460212006482255, 249.0000000000000000 ) ) ;
#1746 = CARTESIAN_POINT ( 'NONE',  ( 57.20033882200036857, 9.825181108489315918, 0.000000000000000000 ) ) ;
#1747 = CARTESIAN_POINT ( 'NONE',  ( 102.9604927071886777, 2.689058659037129928, 0.000000000000000000 ) ) ;
#1748 = ADVANCED_BREP_SHAPE_REPRESENTATION ( '\X2\5347964d8235\X0\', ( #547, #2686, #338 ), #1270 ) ;
#1749 = CARTESIAN_POINT ( 'NONE',  ( 30.88774995508384436, 10.24914534720665849, 0.000000000000000000 ) ) ;
#1750 = CARTESIAN_POINT ( 'NONE',  ( 111.9008294260164007, -9.946594549830242826, 57.00000000000000000 ) ) ;
#1751 = VERTEX_POINT ( 'NONE', #2378 ) ;
#1752 = CARTESIAN_POINT ( 'NONE',  ( 10.29051302847985028, 6.848091670726701885, 0.000000000000000000 ) ) ;
#1753 = B_SPLINE_CURVE_WITH_KNOTS ( 'NONE', 3,
 ( #312, #2393, #3139, #1608, #1860, #2372, #542, #298 ),
 .UNSPECIFIED., .F., .F.,
 ( 4, 1, 1, 1, 1, 4 ),
 ( 0.8623473888708396151, 0.8730709489924999289, 0.9042520543125537325, 0.9354331596326076470, 0.9666142649526614505, 0.9977953702727151430 ),
 .UNSPECIFIED. ) ;
#1754 = VERTEX_POINT ( 'NONE', #2937 ) ;
#1755 = CARTESIAN_POINT ( 'NONE',  ( 0.000000000000000000, 0.000000000000000000, 254.0000000000000000 ) ) ;
#1756 = CARTESIAN_POINT ( 'NONE',  ( 111.9008294260164007, -0.1603470177296336674, 180.0000000000000000 ) ) ;
#1757 = CARTESIAN_POINT ( 'NONE',  ( 111.9008294260164007, -0.1603484231799644222, 55.00000000000000000 ) ) ;
#1758 = CARTESIAN_POINT ( 'NONE',  ( 93.39841304428642843, 4.379852410106665594, 327.0000000000001705 ) ) ;
#1759 = B_SPLINE_CURVE_WITH_KNOTS ( 'NONE', 3,
 ( #2247, #1470, #3248, #3267, #3005, #943, #1719 ),
 .UNSPECIFIED., .F., .F.,
 ( 4, 3, 4 ),
 ( 0.000000000000000000, 0.03858325608691764302, 0.06300008529639700150 ),
 .UNSPECIFIED. ) ;
#1760 = VECTOR ( 'NONE', #3335, 1000.000000000000000 ) ;
#1761 = CARTESIAN_POINT ( 'NONE',  ( 39.91182844379118677, 0.6764899373294523954, 328.9999999999995453 ) ) ;
#1762 = CARTESIAN_POINT ( 'NONE',  ( 107.5365657001762116, 1.673380569148326558, 0.000000000000000000 ) ) ;
#1763 = CARTESIAN_POINT ( 'NONE',  ( 85.80038502316313043, 6.066759183364103691, 0.000000000000000000 ) ) ;
#1764 = ORIENTED_EDGE ( 'NONE', *, *, #1874, .T. ) ;
#1765 = ADVANCED_FACE ( 'NONE', ( #1366 ), #2660, .F. ) ;
#1766 = CARTESIAN_POINT ( 'NONE',  ( 28.59954395003912708, 10.12684013182770215, 0.000000000000000000 ) ) ;
#1767 = CARTESIAN_POINT ( 'NONE',  ( 105.5965905952907491, 0.1084748940666349637, 257.0000000000000000 ) ) ;
#1768 = VERTEX_POINT ( 'NONE', #2870 ) ;
#1769 = ORIENTED_EDGE ( 'NONE', *, *, #1821, .T. ) ;
#1770 = CARTESIAN_POINT ( 'NONE',  ( 111.9008294260163865, 0.6582973633403589320, 239.1215817501081631 ) ) ;
#1771 = CARTESIAN_POINT ( 'NONE',  ( 88.06118438317453467, 7.478241219270040929, 115.0000000000000000 ) ) ;
#1772 = CARTESIAN_POINT ( 'NONE',  ( 3.993782664441969832, 4.143738911617548482, 0.000000000000000000 ) ) ;
#1773 = EDGE_LOOP ( 'NONE', ( #1214, #1491, #36, #635 ) ) ;
#1774 = EDGE_CURVE ( 'NONE', #282, #2980, #3159, .T. ) ;
#1775 = LINE ( 'NONE', #495, #1925 ) ;
#1776 = CARTESIAN_POINT ( 'NONE',  ( 37.71964604796094278, -2.881914178377277924, 0.000000000000000000 ) ) ;
#1777 = CARTESIAN_POINT ( 'NONE',  ( 86.34999562234368398, -0.5983651403149211623, 177.0000000000000000 ) ) ;
#1778 = CARTESIAN_POINT ( 'NONE',  ( 92.31713407561485951, 4.738771284227150105, 182.0000000000001421 ) ) ;
#1779 = CARTESIAN_POINT ( 'NONE',  ( 90.27513410979135244, -0.9545471735834930582, 116.9999999999998863 ) ) ;
#1780 = CARTESIAN_POINT ( 'NONE',  ( 0.000000000000000000, 0.000000000000000000, 51.99999999999999289 ) ) ;
#1781 = CARTESIAN_POINT ( 'NONE',  ( 54.53117423395263330, 10.02187846688060269, 0.000000000000000000 ) ) ;
#1782 = CARTESIAN_POINT ( 'NONE',  ( 47.29890150185652686, 4.770555349184927962, 328.9999999999999432 ) ) ;
#1783 = CARTESIAN_POINT ( 'NONE',  ( 64.31996693730249604, -1.905941910399539641, 329.0000000000006253 ) ) ;
#1784 = CARTESIAN_POINT ( 'NONE',  ( 111.9008294260164007, 7.478241219270040929, 254.0000000000000000 ) ) ;
#1785 = ORIENTED_EDGE ( 'NONE', *, *, #1541, .T. ) ;
#1786 = EDGE_LOOP ( 'NONE', ( #117, #784, #2192, #1507 ) ) ;
#1787 = DIRECTION ( 'NONE',  ( 2.773687740400181649E-14, 1.000000000000000000, 0.000000000000000000 ) ) ;
#1788 = CARTESIAN_POINT ( 'NONE',  ( 79.90082942601640070, 2.420280362814005493, 328.9999999981797032 ) ) ;
#1789 = CARTESIAN_POINT ( 'NONE',  ( 1.820241540752808529, 2.483636608793380329, 0.000000000000000000 ) ) ;
#1790 = CARTESIAN_POINT ( 'NONE',  ( 111.8824798098075775, 0.3393171569353730099, 254.0000000000000000 ) ) ;
#1791 = CARTESIAN_POINT ( 'NONE',  ( 86.34999562234368398, -0.5983651403149211623, 185.0000000000000000 ) ) ;
#1792 = ORIENTED_EDGE ( 'NONE', *, *, #1383, .F. ) ;
#1793 = CARTESIAN_POINT ( 'NONE',  ( 101.0779184478015083, 2.983719396340414498, 329.0000000000000000 ) ) ;
#1794 = CARTESIAN_POINT ( 'NONE',  ( 99.79424123806964531, -0.6049596011214792846, 0.000000000000000000 ) ) ;
#1795 = CARTESIAN_POINT ( 'NONE',  ( 111.9008294260164007, 0.6593113521493755291, 56.99999999999999289 ) ) ;
#1796 = AXIS2_PLACEMENT_3D ( 'NONE', #60, #1317, #1883 ) ;
#1797 = ADVANCED_FACE ( 'NONE', ( #2902 ), #2273, .T. ) ;
#1798 = CARTESIAN_POINT ( 'NONE',  ( 99.31070844905764261, -0.1223754370173359279, 252.0000000000000000 ) ) ;
#1799 = CARTESIAN_POINT ( 'NONE',  ( 18.30406218405385843, -3.465312146626557066, 0.000000000000000000 ) ) ;
#1800 = CARTESIAN_POINT ( 'NONE',  ( 111.9008294260163581, -0.1603456396708612397, 280.3333333333332575 ) ) ;
#1801 = FACE_OUTER_BOUND ( 'NONE', #2259, .T. ) ;
#1802 = VECTOR ( 'NONE', #498, 1000.000000000000114 ) ;
#1803 = EDGE_CURVE ( 'NONE', #686, #3299, #1405, .T. ) ;
#1804 = CARTESIAN_POINT ( 'NONE',  ( 51.09915150141416973, 10.22788716445950286, 0.000000000000000000 ) ) ;
#1805 = CARTESIAN_POINT ( 'NONE',  ( 8.855444408817431778, 6.352929093259298554, 0.000000000000000000 ) ) ;
#1806 = VECTOR ( 'NONE', #1142, 1000.000000000000000 ) ;
#1807 = CARTESIAN_POINT ( 'NONE',  ( 37.71964604796094278, -2.881914178377277924, 0.000000000000000000 ) ) ;
#1808 = ORIENTED_EDGE ( 'NONE', *, *, #644, .F. ) ;
#1809 = ORIENTED_EDGE ( 'NONE', *, *, #1372, .T. ) ;
#1810 = CARTESIAN_POINT ( 'NONE',  ( 90.08871368539300306, -0.9613920350123963399, 257.0000000000000000 ) ) ;
#1811 = CARTESIAN_POINT ( 'NONE',  ( 107.3644970499134388, 1.717121967488051348, 116.9999999999999716 ) ) ;
#1812 = CARTESIAN_POINT ( 'NONE',  ( 12.58380620416369133, -3.400804308010229260, 0.000000000000000000 ) ) ;
#1813 = CARTESIAN_POINT ( 'NONE',  ( 110.9917313044413021, -0.1937317145176637723, 254.0000000000001705 ) ) ;
#1814 = ORIENTED_EDGE ( 'NONE', *, *, #18, .T. ) ;
#1815 = DIRECTION ( 'NONE',  ( 0.9993263259286705447, 0.03670005866349869417, 0.000000000000000000 ) ) ;
#1816 = CARTESIAN_POINT ( 'NONE',  ( 112.1120002636441626, -0.1526038461216675246, 0.000000000000000000 ) ) ;
#1817 = CARTESIAN_POINT ( 'NONE',  ( 24.93930376377214841, -3.342003278002095179, 0.000000000000000000 ) ) ;
#1818 = DIRECTION ( 'NONE',  ( 0.000000000000000000, 0.000000000000000000, 1.000000000000000000 ) ) ;
#1819 = CARTESIAN_POINT ( 'NONE',  ( 82.79876929128081997, 5.873910608364916186, 328.9999999571906528 ) ) ;
#1820 = CARTESIAN_POINT ( 'NONE',  ( 31.26462458074870554, 10.27710262299535415, 0.000000000000000000 ) ) ;
#1821 = EDGE_CURVE ( 'NONE', #1483, #1571, #1472, .T. ) ;
#1822 = VECTOR ( 'NONE', #1885, 1000.000000000000000 ) ;
#1823 = CARTESIAN_POINT ( 'NONE',  ( 88.06118438317453467, 7.478241219270040929, 57.00000000000000000 ) ) ;
#1824 = ORIENTED_EDGE ( 'NONE', *, *, #269, .T. ) ;
#1825 = ORIENTED_EDGE ( 'NONE', *, *, #2014, .T. ) ;
#1826 = DIRECTION ( 'NONE',  ( 0.000000000000000000, 0.000000000000000000, -1.000000000000000000 ) ) ;
#1827 = CARTESIAN_POINT ( 'NONE',  ( 7.999178922120686153, 6.039749042169288096, 0.000000000000000000 ) ) ;
#1828 = CARTESIAN_POINT ( 'NONE',  ( 86.75729166573823647, -1.083761663289079413, 249.0000000000000000 ) ) ;
#1829 = EDGE_LOOP ( 'NONE', ( #3151, #681, #3034, #960 ) ) ;
#1830 = CARTESIAN_POINT ( 'NONE',  ( 26.76540489896219199, -3.286186257312697645, 0.000000000000000000 ) ) ;
#1831 = DIRECTION ( 'NONE',  ( -0.9993263265620334623, -0.03670004141730631719, 0.000000000000000000 ) ) ;
#1832 = FACE_OUTER_BOUND ( 'NONE', #113, .T. ) ;
#1833 = CARTESIAN_POINT ( 'NONE',  ( 88.50288166694309666, -1.019631464438663038, 182.0000000000000568 ) ) ;
#1834 = CARTESIAN_POINT ( 'NONE',  ( 108.2960524859136484, -0.2927227069255809999, 249.0000000000000000 ) ) ;
#1835 = CARTESIAN_POINT ( 'NONE',  ( 7.148837281125505427, 5.700820457083032089, 0.000000000000000000 ) ) ;
#1836 = CARTESIAN_POINT ( 'NONE',  ( 67.73167966670993678, 8.786602010964271514, 0.000000000000000000 ) ) ;
#1837 = CARTESIAN_POINT ( 'NONE',  ( 77.88559421760302826, -1.409569586346357983, 0.000000000000000000 ) ) ;
#1838 = EDGE_CURVE ( 'NONE', #3205, #1625, #3006, .T. ) ;
#1839 = EDGE_LOOP ( 'NONE', ( #1935, #345, #1291, #1769, #325, #1431 ) ) ;
#1840 = ORIENTED_EDGE ( 'NONE', *, *, #1656, .T. ) ;
#1841 = DIRECTION ( 'NONE',  ( 0.000000000000000000, 0.000000000000000000, -1.000000000000000000 ) ) ;
#1842 = CARTESIAN_POINT ( 'NONE',  ( 28.60003997925500130, -3.223472993154923305, 0.000000000000000000 ) ) ;
#1843 = CARTESIAN_POINT ( 'NONE',  ( 86.75727333237441030, -1.083739814427592707, 111.9999999999999858 ) ) ;
#1844 = VERTEX_POINT ( 'NONE', #1720 ) ;
#1845 = B_SPLINE_CURVE_WITH_KNOTS ( 'NONE', 3,
 ( #406, #2747, #1012, #3277, #3257, #951, #2785, #2051, #1762, #2549, #486, #1995, #3078, #936, #968, #3294, #449, #2481, #2241, #3027, #2514, #185, #157, #3043, #3331, #1978, #3012, #1461, #1194, #1480, #2531, #2825, #223, #1209, #675, #1728, #1264, #432, #695, #747, #420, #2498, #171, #2257, #1224, #2224, #1500, #1746, #2765, #1781, #204, #1804, #732, #2015, #3064, #709, #1242, #2802, #2277, #3312, #990, #2033, #465, #1520, #2295, #27, #62, #1900, #2465, #2929, #1165, #1148, #586, #1638, #1961, #389, #658, #2668, #99, #902, #114, #603, #2178, #2736, #3206, #2419, #339, #885, #141, #404, #1181, #2942, #354, #1131, #2960, #1395, #2432, #2208, #619, #3240, #1674, #2702, #373, #1416, #2448, #2761, #919, #2976, #898, #2253, #2510, #2206, #2222, #2462, #170, #3292, #634, #1993, #2528, #3275, #691, #965, #2191, #3236, #3253, #2011, #1943, #1974, #2716, #707, #386, #671, #2782, #1458, #445, #1960, #2996, #1799, #3093, #2311, #1009, #761, #3061, #987, #729, #1082, #2608, #1283, #225, #3098, #2117, #2840, #2297, #734, #2592, #29, #94, #2429, #868, #1886, #552, #836, #2890, #2909, #367, #1368, #1869, #1162, #2151, #1128, #3149, #3203, #566, #1604, #2636, #1928, #852, #1620, #1412, #2384, #3189, #64, #2927, #1902, #815, #1913, #1100, #2406, #112, #599, #616, #1392, #1671, #883, #2445, #77, #2957, #2131, #336, #1653, #1816, #2834, #2584, #1309 ),
 .UNSPECIFIED., .F., .F.,
 ( 4, 1, 1, 1, 1, 1, 1, 1, 1, 1, 1, 1, 1, 1, 1, 1, 1, 1, 1, 1, 1, 1, 1, 1, 1, 1, 1, 1, 1, 1, 1, 1, 1, 1, 1, 1, 1, 1, 1, 1, 1, 1, 1, 1, 1, 1, 1, 1, 1, 1, 1, 1, 1, 1, 1, 1, 1, 1, 1, 1, 1, 1, 1, 1, 1, 1, 1, 1, 1, 1, 1, 1, 1, 1, 1, 1, 1, 1, 1, 1, 1, 1, 1, 1, 1, 1, 1, 1, 1, 1, 1, 1, 1, 1, 1, 1, 1, 1, 1, 1, 1, 1, 1, 1, 1, 1, 1, 1, 1, 1, 1, 1, 1, 1, 1, 1, 1, 1, 1, 1, 1, 1, 1, 1, 1, 1, 1, 1, 1, 1, 1, 1, 1, 1, 1, 1, 1, 1, 1, 1, 1, 1, 1, 1, 1, 1, 1, 1, 1, 1, 1, 1, 1, 1, 1, 1, 1, 1, 1, 1, 1, 1, 1, 1, 1, 1, 1, 1, 1, 1, 1, 1, 1, 1, 1, 1, 1, 1, 1, 1, 1, 1, 1, 1, 1, 1, 1, 1, 1, 1, 1, 1, 1, 1, 1, 1, 1, 1, 1, 1, 1, 4 ),
 ( 0.000000000000000000, 0.005027575022706618976, 0.01005456896811453976, 0.01508030639055485227, 0.01759225086520776679, 0.02010415021544499289, 0.02512400431907225659, 0.03014388634762196068, 0.03515785946644207904, 0.04017180330842334141, 0.05018861798421854481, 0.06019502021774087580, 0.06519306186177017959, 0.07518396325477694209, 0.08017680028475633602, 0.08516440484347209683, 0.09015198607707627931, 0.09513433813367729031, 0.1001166655124658134, 0.1050937728381539094, 0.1100708759978646784, 0.1150428545283558729, 0.1200147925963497009, 0.1249816966305422467, 0.1299486183281883256, 0.1349105997710063898, 0.1398725751368034009, 0.1448297703021412530, 0.1497869307534685224, 0.1547393747411626164, 0.1596918546565901098, 0.1646394269481031569, 0.1695870060036947236, 0.1745294865733598433, 0.1794719672867670923, 0.1844092008393173332, 0.1893464708756708026, 0.1942784186326689810, 0.1992103761295673237, 0.2041370551641571163, 0.2090637332722830588, 0.2189071228680659065, 0.2238241881685081314, 0.2287412751872313632, 0.2336541025823678785, 0.2434759639967533362, 0.2483849359227048303, 0.2532904106059158389, 0.2581959091056699185, 0.2680003271124420383, 0.2728994896999340503, 0.2826951998247915765, 0.2875917072836248756, 0.2973804333091297214, 0.3022733184920101124, 0.3120583510036216701, 0.3169505471727991353, 0.3218427560211091776, 0.3267349491505793235, 0.3316277180079225673, 0.3365204422794491057, 0.3463077805409139343, 0.3512027323075803120, 0.3560976387633774110, 0.3609949241801126418, 0.3658921875002391078, 0.3707939203423512020, 0.3756956847625516072, 0.3806052532834737212, 0.3855148224701912540, 0.3904371962555375775, 0.3953595352887876446, 0.4052429857717518291, 0.4102094907376717114, 0.4151759997797805912, 0.4201716929883292928, 0.4251673915542240612, 0.4301994713844803364, 0.4352315923648873430, 0.4403136880464593728, 0.4453955737943010584, 0.4505447265332485074, 0.4556943735851848865, 0.4609351784989004219, 0.4661752259394986164, 0.4688559023014085003, 0.4715365468793828452, 0.4742878352334554126, 0.4770392508274886034, 0.4799060669242563582, 0.4827728112408793404, 0.4858538852427399246, 0.4889343127693367430, 0.4916193391347221664, 0.4943049071276996442, 0.4957100845806194367, 0.4971153828238760175, 0.4986467481596240092, 0.5001775925657868660, 0.5010849271580147812, 0.5019919960990594232, 0.5025558500711817533, 0.5031194825828309014, 0.5038414509459487878, 0.5044269176023011836, 0.5050129012566352271, 0.5061682747991462783, 0.5073235000312636966, 0.5076580874972252966, 0.5079922589809166000, 0.5085109705867997265, 0.5090299816039326464, 0.5098526146963903161, 0.5106755923724176638, 0.5120216669103486717, 0.5133688960290888614, 0.5145490425118172118, 0.5157279956087722494, 0.5178454862002014325, 0.5199679044185563370, 0.5224806903812310166, 0.5249927952774509077, 0.5274835760705943732, 0.5299739182431691953, 0.5324482923933354650, 0.5349228298677612958, 0.5373832979498864848, 0.5398437408454691555, 0.5447465671433222578, 0.5496500260728054421, 0.5545474898451852042, 0.5594446097861422995, 0.5643387612909689377, 0.5692330722163171375, 0.5741256958455261961, 0.5790182672036990885, 0.5888025089458869266, 0.5985872506827537576, 0.6034802435855989300, 0.6083732625307763930, 0.6132670043227288481, 0.6181607883671603743, 0.6279497868969824426, 0.6328448953198164695, 0.6377400037084686168, 0.6475310185652440875, 0.6524266626359649379, 0.6573223067066857883, 0.6622178448566632403, 0.6671134042535777908, 0.6720088193123842091, 0.6769042740537944969, 0.6915903222488274382, 0.6964856405240109627, 0.7013809587991943761, 0.7111716326368439089, 0.7307531676838151524, 0.7356485749725910628, 0.7503348220117158629, 0.7552302355925719635, 0.7601256444538082579, 0.7650210470274410035, 0.7699164464595100732, 0.7748118427515078288, 0.7797072374740294798, 0.7846026290587179153, 0.7894980190750495730, 0.7943934106597381195, 0.7992887991080858123, 0.8041841891244173590, 0.8090795822778360513, 0.8188703685846732139, 0.8237657633071948649, 0.8286611580297164048, 0.8335565543217142714, 0.8384519506137119160, 0.8433473484755588112, 0.8531381410595543224, 0.8580335373515520780, 0.8629289320740737290, 0.8678243283660714846, 0.8776151178111147866, 0.8825105141031125422, 0.8874059088256341932, 0.8923013051176319488, 0.9020920945626751397, 0.9069874908546730063, 0.9167782802997161973, 0.9216736765917139529, 0.9314644660367572548, 0.9363598623287550105, 0.9461506517737983124, 0.9510460480657959570, 0.9608368375108392589, 0.9657322338028369035, 0.9755230232478800945, 0.9804184195398777391, 0.9853138126932963203, 0.9877615108392951981, 0.9902092074160043778, 0.9926569055620032556, 1.000000000000000000 ),
 .UNSPECIFIED. ) ;
#1846 = CARTESIAN_POINT ( 'NONE',  ( 111.9486343495556468, 0.6468346571075492824, 329.0000000000000000 ) ) ;
#1847 = FACE_OUTER_BOUND ( 'NONE', #2511, .T. ) ;
#1848 = CARTESIAN_POINT ( 'NONE',  ( 41.46333243331572049, 2.186430304769785504, 329.0000000000000000 ) ) ;
#1849 = DIRECTION ( 'NONE',  ( 0.000000000000000000, 0.000000000000000000, 1.000000000000000000 ) ) ;
#1850 = CARTESIAN_POINT ( 'NONE',  ( 93.98764517664196205, -0.8182037374915439587, 251.9999999999999432 ) ) ;
#1851 = CARTESIAN_POINT ( 'NONE',  ( 86.35001255882649218, -0.5983853244291374995, 252.0000000000000000 ) ) ;
#1852 = CARTESIAN_POINT ( 'NONE',  ( 111.9008294260163865, -0.1603460212006482255, 251.9999999999999432 ) ) ;
#1853 = VECTOR ( 'NONE', #2885, 1000.000000000000000 ) ;
#1854 = CARTESIAN_POINT ( 'NONE',  ( 60.08964854817300250, 6.717886883962703948, 329.0000000000002842 ) ) ;
#1855 = CARTESIAN_POINT ( 'NONE',  ( 92.98602152732998150, 4.761034593382004410, 0.000000000000000000 ) ) ;
#1856 = B_SPLINE_CURVE_WITH_KNOTS ( 'NONE', 3,
 ( #1231, #2265, #3049, #1770, #2791, #456, #2340 ),
 .UNSPECIFIED., .F., .F.,
 ( 4, 3, 4 ),
 ( 0.000000000000000000, 0.05712158175147701716, 0.07000000000177367121 ),
 .UNSPECIFIED. ) ;
#1857 = VECTOR ( 'NONE', #776, 1000.000000000000227 ) ;
#1858 = VERTEX_POINT ( 'NONE', #2494 ) ;
#1859 = CARTESIAN_POINT ( 'NONE',  ( 20.59206167128834863, -3.438457032448611006, 0.000000000000000000 ) ) ;
#1860 = CARTESIAN_POINT ( 'NONE',  ( 100.1479325255845367, 3.307311575480849086, 0.000000000000000000 ) ) ;
#1861 = CARTESIAN_POINT ( 'NONE',  ( 86.34999139119773304, -0.5983600978315388730, 120.0000000000000000 ) ) ;
#1862 = VERTEX_POINT ( 'NONE', #167 ) ;
#1863 = CARTESIAN_POINT ( 'NONE',  ( 87.58290449493955521, 5.267356453487535894, 329.0000000000000000 ) ) ;
#1864 = LINE ( 'NONE', #1389, #2435 ) ;
#1865 = CARTESIAN_POINT ( 'NONE',  ( 42.59812785456950479, -1.856945653410695840, 329.0000000000000000 ) ) ;
#1866 = CARTESIAN_POINT ( 'NONE',  ( 87.22640874518445742, -1.066543249104467517, 327.0000000000002842 ) ) ;
#1867 = CARTESIAN_POINT ( 'NONE',  ( 74.97509498066744982, 7.818583178349564733, 0.000000000000000000 ) ) ;
#1868 = CARTESIAN_POINT ( 'NONE',  ( 114.8734777754659149, -0.04368035974477781774, 329.0000000000000000 ) ) ;
#1869 = CARTESIAN_POINT ( 'NONE',  ( 64.06399978012183283, -1.917017341559688282, 0.000000000000000000 ) ) ;
#1870 = DIRECTION ( 'NONE',  ( -0.000000000000000000, 1.000000000000000000, -0.000000000000000000 ) ) ;
#1871 = CARTESIAN_POINT ( 'NONE',  ( 63.34142330175518509, 6.815041574867197305, 329.0000000000000000 ) ) ;
#1872 = CARTESIAN_POINT ( 'NONE',  ( 54.74745293117266698, -2.238889660876244747, 328.9999999999998295 ) ) ;
#1873 = EDGE_LOOP ( 'NONE', ( #3263, #3181, #1548, #1253 ) ) ;
#1874 = EDGE_CURVE ( 'NONE', #3299, #2877, #149, .T. ) ;
#1875 = CARTESIAN_POINT ( 'NONE',  ( 75.50399993387027564, -1.497058199616914775, 0.000000000000000000 ) ) ;
#1876 = CARTESIAN_POINT ( 'NONE',  ( 0.1382492562241071365, -3.764467723658242004, 55.00000000000000000 ) ) ;
#1877 = ORIENTED_EDGE ( 'NONE', *, *, #2774, .T. ) ;
#1878 = CARTESIAN_POINT ( 'NONE',  ( 86.83311810857880175, 5.370973524252543818, 329.0000000000000000 ) ) ;
#1879 = CARTESIAN_POINT ( 'NONE',  ( 99.31070844905764261, -0.1223754370173359279, 249.0000000000000000 ) ) ;
#1880 = CARTESIAN_POINT ( 'NONE',  ( 51.59589841366501872, -2.288289881335927589, 329.0000000000000000 ) ) ;
#1881 = CARTESIAN_POINT ( 'NONE',  ( 105.0006930992977914, -0.4137501561514130843, 329.0000000000006253 ) ) ;
#1882 = DIRECTION ( 'NONE',  ( -0.0005246492268156104262, -1.927070652335459514E-05, -0.9999998621859048642 ) ) ;
#1883 = DIRECTION ( 'NONE',  ( 1.000000000000000000, 0.000000000000000000, -0.000000000000000000 ) ) ;
#1884 = CARTESIAN_POINT ( 'NONE',  ( 81.60888389212500726, 6.009684624304163947, 328.9999999999996589 ) ) ;
#1885 = DIRECTION ( 'NONE',  ( 0.000000000000000000, 0.000000000000000000, -1.000000000000000000 ) ) ;
#1886 = CARTESIAN_POINT ( 'NONE',  ( 55.29333270752982088, -2.239453012249557062, 0.000000000000000000 ) ) ;
#1887 = CARTESIAN_POINT ( 'NONE',  ( 103.8138119759175169, -0.4573389353999083862, 257.0000000000000000 ) ) ;
#1888 = DIRECTION ( 'NONE',  ( -1.000000000000000000, 0.000000000000000000, 0.000000000000000000 ) ) ;
#1889 = VERTEX_POINT ( 'NONE', #628 ) ;
#1890 = CARTESIAN_POINT ( 'NONE',  ( 27.45605943348463995, -3.262828993086795748, 0.000000000000000000 ) ) ;
#1891 = CARTESIAN_POINT ( 'NONE',  ( 88.83423266298044041, -0.5071306002127375923, 249.0000000000000000 ) ) ;
#1892 = EDGE_CURVE ( 'NONE', #1038, #854, #928, .T. ) ;
#1893 = CARTESIAN_POINT ( 'NONE',  ( 70.83896883448227300, 6.783255590778337840, 329.0000000000000000 ) ) ;
#1894 = CARTESIAN_POINT ( 'NONE',  ( 42.22375389918853728, -1.786859562623554609, 329.0000000000000000 ) ) ;
#1895 = PLANE ( 'NONE',  #262 ) ;
#1896 = FACE_OUTER_BOUND ( 'NONE', #1427, .T. ) ;
#1897 = LINE ( 'NONE', #2129, #2005 ) ;
#1898 = EDGE_CURVE ( 'NONE', #2505, #933, #685, .T. ) ;
#1899 = CARTESIAN_POINT ( 'NONE',  ( 62.48300084354158201, 6.797132144301675893, 328.9999999999998295 ) ) ;
#1900 = CARTESIAN_POINT ( 'NONE',  ( 28.59954395003912708, 10.12684013182770215, 0.000000000000000000 ) ) ;
#1901 = CARTESIAN_POINT ( 'NONE',  ( 114.8590936405149989, -0.04027052603101170802, -0.000000000000000000 ) ) ;
#1902 = CARTESIAN_POINT ( 'NONE',  ( 86.94399971092957458, -1.076875462415916029, 0.000000000000000000 ) ) ;
#1903 = ORIENTED_EDGE ( 'NONE', *, *, #2118, .F. ) ;
#1904 = CARTESIAN_POINT ( 'NONE',  ( 42.32799892246674744, -2.713960324375107369, 0.000000000000000000 ) ) ;
#1905 = DIRECTION ( 'NONE',  ( 0.6427876096865348110, 0.7660444431189817882, 0.000000000000000000 ) ) ;
#1906 = FACE_OUTER_BOUND ( 'NONE', #437, .T. ) ;
#1907 = CARTESIAN_POINT ( 'NONE',  ( 21.28641903153024373, -3.428209951193292859, 0.000000000000000000 ) ) ;
#1908 = CARTESIAN_POINT ( 'NONE',  ( 86.73893716925522313, -0.5840986643999728223, 257.0000000000000000 ) ) ;
#1909 = CARTESIAN_POINT ( 'NONE',  ( 52.84545930069479169, -2.275012458849169139, 329.0000000000000000 ) ) ;
#1910 = DIRECTION ( 'NONE',  ( 0.7660444431189769032, 0.6427876096865406952, 0.000000000000000000 ) ) ;
#1911 = ADVANCED_FACE ( 'NONE', ( #2187 ), #3214, .T. ) ;
#1912 = CARTESIAN_POINT ( 'NONE',  ( 67.27178575627756629, 6.858110261790447915, 328.9999999999999432 ) ) ;
#1913 = CARTESIAN_POINT ( 'NONE',  ( 89.61333285419162564, -0.9788369537517565000, 0.000000000000000000 ) ) ;
#1914 = ORIENTED_EDGE ( 'NONE', *, *, #1774, .F. ) ;
#1915 = EDGE_LOOP ( 'NONE', ( #2105, #2790, #1199, #2508 ) ) ;
#1916 = B_SPLINE_CURVE_WITH_KNOTS ( 'NONE', 3,
 ( #3261, #2261, #997, #2487 ),
 .UNSPECIFIED., .F., .F.,
 ( 4, 4 ),
 ( 1.647987302177966740E-17, 0.04999999999999999584 ),
 .UNSPECIFIED. ) ;
#1917 = CARTESIAN_POINT ( 'NONE',  ( 104.1040000002311530, -0.4466800062946136851, 0.000000000000000000 ) ) ;
#1918 = CARTESIAN_POINT ( 'NONE',  ( 110.3960855444045990, 1.013383862233782295, 0.000000000000000000 ) ) ;
#1919 = LINE ( 'NONE', #1964, #1134 ) ;
#1920 = ORIENTED_EDGE ( 'NONE', *, *, #304, .T. ) ;
#1921 = CARTESIAN_POINT ( 'NONE',  ( 10.32698298502021572, -3.316928426618745984, 0.000000000000000000 ) ) ;
#1922 = PLANE ( 'NONE',  #2217 ) ;
#1923 = CARTESIAN_POINT ( 'NONE',  ( 99.32823741456294897, -0.6220758773713309653, 329.0000000000000000 ) ) ;
#1924 = VECTOR ( 'NONE', #1448, 1000.000000000000227 ) ;
#1925 = VECTOR ( 'NONE', #1006, 0.3373159454965276027 ) ;
#1926 = CARTESIAN_POINT ( 'NONE',  ( 83.81705129401322552, 2.420280362814021480, 57.00000000000000000 ) ) ;
#1927 = FACE_OUTER_BOUND ( 'NONE', #1229, .T. ) ;
#1928 = CARTESIAN_POINT ( 'NONE',  ( 75.50399993387027564, -1.497058199616914775, 0.000000000000000000 ) ) ;
#1929 = EDGE_CURVE ( 'NONE', #1768, #1571, #137, .T. ) ;
#1930 = ORIENTED_EDGE ( 'NONE', *, *, #2696, .T. ) ;
#1931 = CARTESIAN_POINT ( 'NONE',  ( 46.36812943917652063, -2.190963278361377942, 328.9999999999993179 ) ) ;
#1932 = EDGE_LOOP ( 'NONE', ( #801, #2420, #2638, #2451 ) ) ;
#1933 = EDGE_CURVE ( 'NONE', #2669, #14, #371, .T. ) ;
#1934 = EDGE_LOOP ( 'NONE', ( #209, #2140, #940, #1285 ) ) ;
#1935 = ORIENTED_EDGE ( 'NONE', *, *, #1428, .F. ) ;
#1936 = CARTESIAN_POINT ( 'NONE',  ( 1.724844354326835916, 2.390037063171115417, 0.000000000000000000 ) ) ;
#1937 = DIRECTION ( 'NONE',  ( -0.9993263259286705447, -0.03670005866349869417, 0.000000000000000000 ) ) ;
#1938 = CARTESIAN_POINT ( 'NONE',  ( 100.5777755575291650, -0.5761721309702185767, 329.0000000000000000 ) ) ;
#1939 = CARTESIAN_POINT ( 'NONE',  ( 83.81705129401322552, 2.420280362814021480, 55.00000000000000000 ) ) ;
#1940 = CARTESIAN_POINT ( 'NONE',  ( 83.81705129401322552, 2.420280362814021480, 254.0000000000000000 ) ) ;
#1941 = CARTESIAN_POINT ( 'NONE',  ( 88.06118438317453467, 7.478241219270040929, 55.00000000000000000 ) ) ;
#1942 = DIRECTION ( 'NONE',  ( -0.9993263173578234015, -0.03670029204312422189, 0.000000000000000000 ) ) ;
#1943 = CARTESIAN_POINT ( 'NONE',  ( 5.718631224864580531, -2.981613578613247384, 0.000000000000000000 ) ) ;
#1944 = CARTESIAN_POINT ( 'NONE',  ( 93.98764517664196205, -0.8182037374915439587, 257.0000000000000000 ) ) ;
#1945 = ORIENTED_EDGE ( 'NONE', *, *, #2303, .T. ) ;
#1946 = VECTOR ( 'NONE', #1063, 1000.000000000000000 ) ;
#1947 = CARTESIAN_POINT ( 'NONE',  ( 106.3919997587064898, -0.3626467633192672069, 0.000000000000000000 ) ) ;
#1948 = ORIENTED_EDGE ( 'NONE', *, *, #783, .T. ) ;
#1949 = CARTESIAN_POINT ( 'NONE',  ( 111.9008294260164007, 0.6581947252114525027, 252.0000000000000000 ) ) ;
#1950 = CARTESIAN_POINT ( 'NONE',  ( 80.08534009607195969, -1.328659329381714826, 329.0000000000000000 ) ) ;
#1951 = VECTOR ( 'NONE', #651, 1000.000000000000000 ) ;
#1952 = CARTESIAN_POINT ( 'NONE',  ( 111.9657166291606529, -0.1579728077131725139, 0.000000000000000000 ) ) ;
#1953 = B_SPLINE_CURVE_WITH_KNOTS ( 'NONE', 3,
 ( #2278, #1135, #1225, #875, #969, #2258, #2482, #102, #1918, #1996, #607, #2672, #343, #1195, #1481, #1747, #676, #696, #186, #1659, #711, #1386, #2767, #3313, #433, #2515, #3258, #3295, #991, #2016, #1763, #1979, #2748, #3044, #2786, #2932, #205, #937, #450, #1501, #3028, #358, #1729, #1243, #421, #2689, #2499, #1210, #591, #1643, #1447, #2422, #2168, #172, #3278, #3194, #2947, #2225, #2242, #952, #207, #1246, #953, #2768, #995, #1211, #2000, #2516, #1484, #422, #3298, #3030, #699, #452, #714, #2282, #1503, #1465, #1749, #435, #1766, #2260, #2018, #1227, #2787, #2775, #2044, #1528, #1551, #1003, #3052, #723, #1290, #3286, #3341, #3071, #1752, #1489, #1827, #492, #2847, #739, #1271, #1306, #1772, #457, #3321, #507, #1789, #1233, #439, #2813, #1, #1568, #2581, #2793, #1509, #3304, #474, #2597, #2522, #2559, #266, #1042, #977, #2078, #234, #2304, #3086, #251, #2023, #702, #2006, #2325, #2831, #2540, #214, #192, #1020, #3103, #2267, #1252, #959, #3036, #2287, #770, #2058, #756, #1812, #2914, #342, #1592, #2094, #310, #525, #1859, #839, #804, #1088, #1104, #3137, #1890, #1842, #69, #2879, #3152, #1056, #2671, #1642, #3179, #2896, #33, #3120, #2358, #1904, #541, #787, #2341, #16, #297, #1120, #572, #283, #327, #1627, #2626, #2862, #1325, #1358, #1071, #1583, #2613, #1338, #2655, #2137, #47, #3166, #1373, #2107, #81, #2371, #2120, #819, #1875, #553, #2410, #1607, #2639, #2392, #2155, #855, #2931, #590, #2721, #2946, #621, #3243, #1678, #1169, #142, #2180, #923, #874, #2468, #2705, #2196, #101, #1133, #1917, #2228, #1947, #2436, #1658, #1397, #938, #375, #2688, #1150, #3222, #1697, #907, #392, #2486 ),
 .UNSPECIFIED., .F., .F.,
 ( 4, 1, 1, 1, 1, 1, 1, 1, 1, 1, 1, 1, 1, 1, 1, 1, 1, 1, 1, 1, 1, 1, 1, 1, 1, 1, 1, 1, 1, 1, 1, 1, 1, 1, 1, 1, 1, 1, 1, 1, 1, 1, 1, 1, 1, 1, 1, 1, 1, 1, 1, 1, 1, 1, 1, 1, 1, 1, 1, 1, 1, 1, 1, 1, 1, 1, 1, 1, 1, 1, 1, 1, 1, 1, 1, 1, 1, 1, 1, 1, 1, 1, 1, 1, 1, 1, 1, 1, 1, 1, 1, 1, 1, 1, 1, 1, 1, 1, 1, 1, 1, 1, 1, 1, 1, 1, 1, 1, 1, 1, 1, 1, 1, 1, 1, 1, 1, 1, 1, 1, 1, 1, 1, 1, 1, 1, 1, 1, 1, 1, 1, 1, 1, 1, 1, 1, 1, 1, 1, 1, 1, 1, 1, 1, 1, 1, 1, 1, 1, 1, 1, 1, 1, 1, 1, 1, 1, 1, 1, 1, 1, 1, 1, 1, 1, 1, 1, 1, 1, 1, 1, 1, 1, 1, 1, 1, 1, 1, 1, 1, 1, 1, 1, 1, 1, 1, 1, 1, 1, 1, 1, 1, 1, 1, 1, 1, 1, 1, 1, 1, 1, 1, 1, 1, 1, 1, 1, 1, 1, 1, 1, 1, 1, 1, 1, 1, 1, 1, 1, 1, 1, 1, 1, 1, 1, 1, 1, 1, 1, 1, 1, 1, 1, 1, 1, 1, 1, 1, 1, 1, 4 ),
 ( 0.000000000000000000, 0.002513780411882003945, 0.005027575022706618976, 0.007541055389199726768, 0.01005456896811453976, 0.01256745729811959734, 0.01508030639055485227, 0.01759225086520776679, 0.02010415021544499289, 0.02512400431907225659, 0.03014388634762196068, 0.03515785946644207904, 0.04017180330842334141, 0.04518022651079819929, 0.05018861798421854481, 0.05519183427042351209, 0.06019502021774087580, 0.06519306186177017959, 0.07019112751037402675, 0.07518396325477694209, 0.08017680028475633602, 0.08516440484347209683, 0.09015198607707627931, 0.09513433813367729031, 0.1001166655124658134, 0.1050937728381539094, 0.1100708759978646784, 0.1150428545283558729, 0.1200147925963497009, 0.1249816966305422467, 0.1299486183281883256, 0.1349105997710063898, 0.1398725751368034009, 0.1448297703021412530, 0.1497869307534685224, 0.1547393747411626164, 0.1596918546565901098, 0.1646394269481031569, 0.1695870060036947236, 0.1745294865733598433, 0.1794719672867670923, 0.1844092008393173332, 0.1893464708756708026, 0.1942784186326689810, 0.1992103761295673237, 0.2041370551641571163, 0.2090637332722830588, 0.2139854247361159534, 0.2189071228680659065, 0.2238241881685081314, 0.2287412751872313632, 0.2336541025823678785, 0.2385669644723044935, 0.2434759639967533362, 0.2483849359227048303, 0.2532904106059158389, 0.2581959091056699185, 0.2630980986683904010, 0.2680003271124420383, 0.2728994896999340503, 0.2777986745740442798, 0.2826951998247915765, 0.2875917072836248756, 0.2924860653376509245, 0.2973804333091297214, 0.3022733184920101124, 0.3071661744153956208, 0.3120583510036216701, 0.3169505471727991353, 0.3218427560211091776, 0.3267349491505793235, 0.3316277180079225673, 0.3365204422794491057, 0.3414141054798298103, 0.3463077805409139343, 0.3512027323075803120, 0.3560976387633774110, 0.3609949241801126418, 0.3658921875002391078, 0.3707939203423512020, 0.3756956847625516072, 0.3806052532834737212, 0.3855148224701912540, 0.3904371962555375775, 0.3953595352887876446, 0.4003012744442141502, 0.4052429857717518291, 0.4102094907376717114, 0.4151759997797805912, 0.4201716929883292928, 0.4251673915542240612, 0.4301994713844803364, 0.4352315923648873430, 0.4403136880464593728, 0.4453955737943010584, 0.4505447265332485074, 0.4556943735851848865, 0.4609351784989004219, 0.4661752259394986164, 0.4688559023014085003, 0.4715365468793828452, 0.4742878352334554126, 0.4770392508274886034, 0.4799060669242563582, 0.4827728112408793404, 0.4858538852427399246, 0.4889343127693367430, 0.4916193391347221664, 0.4943049071276996442, 0.4957100845806194367, 0.4971153828238760175, 0.4986467481596240092, 0.5001775925657868660, 0.5010849271580147812, 0.5019919960990594232, 0.5025558500711817533, 0.5031194825828309014, 0.5034804167140650710, 0.5038414509459487878, 0.5044269176023011836, 0.5050129012566352271, 0.5061682747991462783, 0.5073235000312636966, 0.5076580874972252966, 0.5079922589809166000, 0.5085109705867997265, 0.5090299816039326464, 0.5098526146963903161, 0.5106755923724176638, 0.5120216669103486717, 0.5133688960290888614, 0.5145490425118172118, 0.5157279956087722494, 0.5178454862002014325, 0.5199679044185563370, 0.5224806903812310166, 0.5249927952774509077, 0.5274835760705943732, 0.5299739182431691953, 0.5324482923933354650, 0.5349228298677612958, 0.5373832979498864848, 0.5398437408454691555, 0.5447465671433222578, 0.5496500260728054421, 0.5545474898451852042, 0.5594446097861422995, 0.5643387612909689377, 0.5692330722163171375, 0.5741256958455261961, 0.5790182672036990885, 0.5839103986003869595, 0.5888025089458869266, 0.5936948832590982494, 0.5985872506827537576, 0.6034802435855989300, 0.6083732625307763930, 0.6132670043227288481, 0.6181607883671603743, 0.6230552859108050567, 0.6279497868969824426, 0.6328448953198164695, 0.6377400037084686168, 0.6426355279851324598, 0.6475310185652440875, 0.6524266626359649379, 0.6573223067066857883, 0.6622178448566632403, 0.6671134042535777908, 0.6720088193123842091, 0.6769042740537944969, 0.6817996484070741881, 0.6866949946608701394, 0.6915903222488274382, 0.6964856405240109627, 0.7013809587991943761, 0.7062762879405862781, 0.7111716326368439089, 0.7160669960481839125, 0.7209623750964622158, 0.7258577666811507623, 0.7307531676838151524, 0.7356485749725910628, 0.7405439885534470523, 0.7454394052825814576, 0.7503348220117158629, 0.7552302355925719635, 0.7601256444538082579, 0.7650210470274410035, 0.7699164464595100732, 0.7748118427515078288, 0.7797072374740294798, 0.7846026290587179153, 0.7894980190750495730, 0.7943934106597381195, 0.7992887991080858123, 0.8041841891244173590, 0.8090795822778360513, 0.8139749754312545216, 0.8188703685846732139, 0.8237657633071948649, 0.8286611580297164048, 0.8335565543217142714, 0.8384519506137119160, 0.8433473484755588112, 0.8482427447675566778, 0.8531381410595543224, 0.8580335373515520780, 0.8629289320740737290, 0.8678243283660714846, 0.8727197230885931356, 0.8776151178111147866, 0.8825105141031125422, 0.8874059088256341932, 0.8923013051176319488, 0.8971966998401535998, 0.9020920945626751397, 0.9069874908546730063, 0.9118828855771945463, 0.9167782802997161973, 0.9216736765917139529, 0.9265690713142356039, 0.9314644660367572548, 0.9363598623287550105, 0.9412552570512766614, 0.9461506517737983124, 0.9510460480657959570, 0.9559414427883176080, 0.9608368375108392589, 0.9657322338028369035, 0.9706276285253584435, 0.9755230232478800945, 0.9804184195398777391, 0.9828661161165870297, 0.9853138126932963203, 0.9877615108392951981, 0.9902092074160043778, 0.9926569055620032556, 0.9951046037080021334, 0.9975523018540011222, 1.000000000000000000 ),
 .UNSPECIFIED. ) ;
#1954 = VECTOR ( 'NONE', #2657, 1000.000000000000114 ) ;
#1955 = CARTESIAN_POINT ( 'NONE',  ( 111.9008294260164007, -0.1603472927598631192, 158.0000000000000853 ) ) ;
#1956 = CARTESIAN_POINT ( 'NONE',  ( 86.34999139119773304, -0.5983600978315388730, 117.0000000000000000 ) ) ;
#1957 = EDGE_CURVE ( 'NONE', #215, #1751, #3013, .T. ) ;
#1958 = CARTESIAN_POINT ( 'NONE',  ( 0.6406691664474319925, 1.257446560864240670, 0.000000000000000000 ) ) ;
#1959 = CARTESIAN_POINT ( 'NONE',  ( 0.1382511778156523818, -3.764494305237588545, 180.0000000000000000 ) ) ;
#1960 = CARTESIAN_POINT ( 'NONE',  ( 14.87192747705027607, -3.449052522815100996, 0.000000000000000000 ) ) ;
#1961 = CARTESIAN_POINT ( 'NONE',  ( 19.44593183719235441, 9.085995720661331987, 0.000000000000000000 ) ) ;
#1962 = CARTESIAN_POINT ( 'NONE',  ( 114.4000000000000057, -0.06855999999999999595, 0.000000000000000000 ) ) ;
#1963 = PLANE ( 'NONE',  #2999 ) ;
#1964 = CARTESIAN_POINT ( 'NONE',  ( 86.73892330304266807, -0.5840766514632573791, 120.0000000000000000 ) ) ;
#1965 = ORIENTED_EDGE ( 'NONE', *, *, #3217, .F. ) ;
#1966 = CARTESIAN_POINT ( 'NONE',  ( 0.6168536626391639688, -1.387734131283472339, 0.000000000000000000 ) ) ;
#1967 = CARTESIAN_POINT ( 'NONE',  ( 111.9008294260164007, 0.6595100947987294626, 1.999999999999991340 ) ) ;
#1968 = CARTESIAN_POINT ( 'NONE',  ( 81.33487897415702150, -1.282779959832637040, 329.0000000000000000 ) ) ;
#1969 = CARTESIAN_POINT ( 'NONE',  ( 114.8590936405149989, -0.04027052603101170802, -0.000000000000000000 ) ) ;
#1970 = CARTESIAN_POINT ( 'NONE',  ( 111.9008294260163865, -0.1603460212006482255, 251.9999999999999432 ) ) ;
#1971 = CARTESIAN_POINT ( 'NONE',  ( 86.73893716925522313, -0.5840986643999724892, 254.0000000000000000 ) ) ;
#1972 = CARTESIAN_POINT ( 'NONE',  ( 107.7040527684196292, -0.3144636342744042690, 179.9999999999998295 ) ) ;
#1973 = CARTESIAN_POINT ( 'NONE',  ( 110.6184131110788087, -0.2074442093758713523, 116.9999999999999147 ) ) ;
#1974 = CARTESIAN_POINT ( 'NONE',  ( 6.291200493406497785, -3.048918922729645153, 0.000000000000000000 ) ) ;
#1975 = ORIENTED_EDGE ( 'NONE', *, *, #803, .T. ) ;
#1976 = DIRECTION ( 'NONE',  ( 0.9993263265620334623, 0.03670004141730631719, 0.000000000000000000 ) ) ;
#1977 = CARTESIAN_POINT ( 'NONE',  ( 15.80574243117894717, -3.461350305964711271, 0.000000000000000000 ) ) ;
#1978 = CARTESIAN_POINT ( 'NONE',  ( 84.65647404589881830, 6.265882435882254242, 0.000000000000000000 ) ) ;
#1979 = CARTESIAN_POINT ( 'NONE',  ( 84.65647404589881830, 6.265882435882254242, 0.000000000000000000 ) ) ;
#1980 = VERTEX_POINT ( 'NONE', #2326 ) ;
#1981 = DIRECTION ( 'NONE',  ( 0.9993261115183699195, 0.03670589649599246412, 0.000000000000000000 ) ) ;
#1982 = ORIENTED_EDGE ( 'NONE', *, *, #816, .F. ) ;
#1983 = ORIENTED_EDGE ( 'NONE', *, *, #2733, .F. ) ;
#1984 = CARTESIAN_POINT ( 'NONE',  ( 0.7655508419826408950, 1.411833302483730623, 0.000000000000000000 ) ) ;
#1985 = CARTESIAN_POINT ( 'NONE',  ( 104.0424844059917859, 2.420982851964568638, 252.0000000000005116 ) ) ;
#1986 = CARTESIAN_POINT ( 'NONE',  ( 89.83174295167323464, -0.9708555684205225633, 329.0000000000000000 ) ) ;
#1987 = DIRECTION ( 'NONE',  ( 0.000000000000000000, 0.000000000000000000, 1.000000000000000000 ) ) ;
#1988 = EDGE_LOOP ( 'NONE', ( #2683, #2060, #3305, #2250 ) ) ;
#1989 = FACE_OUTER_BOUND ( 'NONE', #3244, .T. ) ;
#1990 = CARTESIAN_POINT ( 'NONE',  ( 111.9008294260163865, 0.6578773118137143383, 288.5619231985103852 ) ) ;
#1991 = DIRECTION ( 'NONE',  ( 1.000000000000000000, 0.000000000000000000, -0.000000000000000000 ) ) ;
#1992 = CARTESIAN_POINT ( 'NONE',  ( 86.75727365776731403, -1.083740202215841331, 2.000000000000026201 ) ) ;
#1993 = CARTESIAN_POINT ( 'NONE',  ( 1.136245611486793816, -1.799648800232994672, 0.000000000000000000 ) ) ;
#1994 = VERTEX_POINT ( 'NONE', #2288 ) ;
#1995 = CARTESIAN_POINT ( 'NONE',  ( 102.9611867082373777, 2.690333014779174636, 0.000000000000000000 ) ) ;
#1996 = CARTESIAN_POINT ( 'NONE',  ( 109.6336381647456193, 1.191142675334583956, 0.000000000000000000 ) ) ;
#1997 = EDGE_LOOP ( 'NONE', ( #3140, #1824, #2361, #1732 ) ) ;
#1998 = EDGE_CURVE ( 'NONE', #14, #1196, #1272, .T. ) ;
#1999 = B_SPLINE_CURVE_WITH_KNOTS ( 'NONE', 3,
 ( #2977, #568, #2165, #636, #1693, #1394, #1623, #2718, #3177 ),
 .UNSPECIFIED., .F., .F.,
 ( 4, 1, 1, 1, 1, 1, 4 ),
 ( 0.002787390572392701212, 0.004598663517015597231, 0.007562915260572419460, 0.01349141874768599973, 0.01941992223479957480, 0.02534842572191315854, 0.02861257527989739119 ),
 .UNSPECIFIED. ) ;
#2000 = CARTESIAN_POINT ( 'NONE',  ( 44.61608328812083357, 10.45483933278412714, 0.000000000000000000 ) ) ;
#2001 = LINE ( 'NONE', #2038, #1649 ) ;
#2002 = ORIENTED_EDGE ( 'NONE', *, *, #3273, .F. ) ;
#2003 = ORIENTED_EDGE ( 'NONE', *, *, #1567, .F. ) ;
#2004 = CARTESIAN_POINT ( 'NONE',  ( 86.75729166573823647, -1.083761663289079413, 257.0000000000000000 ) ) ;
#2005 = VECTOR ( 'NONE', #2661, 1000.000000000000000 ) ;
#2006 = CARTESIAN_POINT ( 'NONE',  ( 1.136245611486793816, -1.799648800232994672, 0.000000000000000000 ) ) ;
#2007 = ORIENTED_EDGE ( 'NONE', *, *, #1562, .F. ) ;
#2008 = CARTESIAN_POINT ( 'NONE',  ( 111.9008294260164291, 0.6589468299414970032, 138.0000000000652562 ) ) ;
#2009 = DIRECTION ( 'NONE',  ( 1.000000000000000000, 0.000000000000000000, -0.000000000000000000 ) ) ;
#2010 = VECTOR ( 'NONE', #983, 1000.000000000000114 ) ;
#2011 = CARTESIAN_POINT ( 'NONE',  ( 5.146671522331094373, -2.901064932681186370, 0.000000000000000000 ) ) ;
#2012 = VERTEX_POINT ( 'NONE', #1004 ) ;
#2013 = CARTESIAN_POINT ( 'NONE',  ( 82.95808413683273841, -1.223213922276929155, 329.0000000441723955 ) ) ;
#2014 = EDGE_CURVE ( 'NONE', #1994, #1768, #2305, .T. ) ;
#2015 = CARTESIAN_POINT ( 'NONE',  ( 47.66699434012407011, 10.37692656181986806, 0.000000000000000000 ) ) ;
#2016 = CARTESIAN_POINT ( 'NONE',  ( 86.94448214043613632, 5.864208050762047542, 0.000000000000000000 ) ) ;
#2017 = ORIENTED_EDGE ( 'NONE', *, *, #1774, .T. ) ;
#2018 = CARTESIAN_POINT ( 'NONE',  ( 26.31122766102313193, 9.960485213085146228, 0.000000000000000000 ) ) ;
#2019 = CARTESIAN_POINT ( 'NONE',  ( 111.9008294260164149, 0.3399892986060862321, 111.9999999999999858 ) ) ;
#2020 = VERTEX_POINT ( 'NONE', #1828 ) ;
#2021 = ORIENTED_EDGE ( 'NONE', *, *, #1579, .F. ) ;
#2022 = DIRECTION ( 'NONE',  ( -0.03670004141730632413, 0.9993263265620335734, 0.000000000000000000 ) ) ;
#2023 = CARTESIAN_POINT ( 'NONE',  ( 0.6725983738452301353, -1.433129942737116691, 0.000000000000000000 ) ) ;
#2024 = CARTESIAN_POINT ( 'NONE',  ( 111.9008294260164007, -0.1603477990332813075, 113.9999999999999858 ) ) ;
#2025 = ORIENTED_EDGE ( 'NONE', *, *, #2928, .T. ) ;
#2026 = CARTESIAN_POINT ( 'NONE',  ( 113.0732576463349659, 0.3826952673228857238, 329.0000000000000000 ) ) ;
#2027 = CARTESIAN_POINT ( 'NONE',  ( 111.0379705469618301, 0.8602470064437187647, 254.0000000000001705 ) ) ;
#2028 = CARTESIAN_POINT ( 'NONE',  ( 105.5965905952907491, 0.1084748940666349637, 252.0000000000000000 ) ) ;
#2029 = VECTOR ( 'NONE', #1411, 1000.000000000000000 ) ;
#2030 = CARTESIAN_POINT ( 'NONE',  ( 87.05722066346547194, -1.072743511390048532, 252.0000000000002274 ) ) ;
#2031 = VECTOR ( 'NONE', #1870, 1000.000000000000000 ) ;
#2032 = CARTESIAN_POINT ( 'NONE',  ( 41.64338457337167654, 2.323384147518006149, 328.9999999999999432 ) ) ;
#2033 = CARTESIAN_POINT ( 'NONE',  ( 36.22651649536423690, 10.42542868096741415, 0.000000000000000000 ) ) ;
#2034 = CARTESIAN_POINT ( 'NONE',  ( 51.76189107869360839, 5.834639574928984551, 328.9999999999996021 ) ) ;
#2035 = ORIENTED_EDGE ( 'NONE', *, *, #652, .F. ) ;
#2036 = B_SPLINE_CURVE_WITH_KNOTS ( 'NONE', 3,
 ( #1757, #728, #1513, #2545 ),
 .UNSPECIFIED., .F., .F.,
 ( 4, 4 ),
 ( 6.938893903907228378E-18, 0.003000000000000002665 ),
 .UNSPECIFIED. ) ;
#2037 = CARTESIAN_POINT ( 'NONE',  ( 55.97695308608728482, -2.214253677260035857, 0.000000000000000000 ) ) ;
#2038 = CARTESIAN_POINT ( 'NONE',  ( 0.1383122910852398468, -3.765264506753899010, 254.0000000000000000 ) ) ;
#2039 = EDGE_LOOP ( 'NONE', ( #909, #2338, #2741, #3118, #1581, #979, #1226, #1635 ) ) ;
#2040 = VERTEX_POINT ( 'NONE', #2249 ) ;
#2041 = CARTESIAN_POINT ( 'NONE',  ( 111.9008294260164007, -0.1603469925516940453, 182.0000000000000000 ) ) ;
#2042 = CARTESIAN_POINT ( 'NONE',  ( 111.8824798098075775, 0.3393171569353730099, 249.0000000000000000 ) ) ;
#2043 = EDGE_CURVE ( 'NONE', #84, #3083, #2045, .T. ) ;
#2044 = CARTESIAN_POINT ( 'NONE',  ( 21.73426962159988207, 9.449492386775524722, 0.000000000000000000 ) ) ;
#2045 = LINE ( 'NONE', #1791, #48 ) ;
#2046 = ORIENTED_EDGE ( 'NONE', *, *, #2634, .T. ) ;
#2047 = CARTESIAN_POINT ( 'NONE',  ( 108.3254629880170654, 1.471830219749656443, 329.0000000000000000 ) ) ;
#2048 = CARTESIAN_POINT ( 'NONE',  ( 90.64281113541035495, -0.9410529509888772015, 329.0000000000002274 ) ) ;
#2049 = LINE ( 'NONE', #760, #370 ) ;
#2050 = CARTESIAN_POINT ( 'NONE',  ( 111.8824798098075775, 0.3393171569353730099, 252.0000000000000000 ) ) ;
#2051 = CARTESIAN_POINT ( 'NONE',  ( 108.6804375813312902, 1.411707167417233011, 0.000000000000000000 ) ) ;
#2052 = CARTESIAN_POINT ( 'NONE',  ( 91.10296233170139146, 4.747540640056113759, 328.9999999999998863 ) ) ;
#2053 = CARTESIAN_POINT ( 'NONE',  ( 51.59403350007710998, 5.799974467838556969, 329.0000000000000000 ) ) ;
#2054 = CARTESIAN_POINT ( 'NONE',  ( 85.85685239120496703, -1.116836645115019788, 329.0000000000003979 ) ) ;
#2055 = ORIENTED_EDGE ( 'NONE', *, *, #2087, .T. ) ;
#2056 = ORIENTED_EDGE ( 'NONE', *, *, #1614, .F. ) ;
#2057 = CARTESIAN_POINT ( 'NONE',  ( 86.75727349766768270, -1.083740011416445048, 52.00000000000000711 ) ) ;
#2058 = CARTESIAN_POINT ( 'NONE',  ( 10.29575755497944201, -3.313860163418798077, 0.000000000000000000 ) ) ;
#2059 = FACE_OUTER_BOUND ( 'NONE', #1997, .T. ) ;
#2060 = ORIENTED_EDGE ( 'NONE', *, *, #3201, .T. ) ;
#2061 = FACE_OUTER_BOUND ( 'NONE', #3168, .T. ) ;
#2062 = CARTESIAN_POINT ( 'NONE',  ( 28.59130757462041217, -3.224236759125266083, 0.000000000000000000 ) ) ;
#2063 = CARTESIAN_POINT ( 'NONE',  ( 86.47670326935653407, 5.589930159479743921, 254.0000000000000000 ) ) ;
#2064 = VECTOR ( 'NONE', #1222, 1000.000000000000114 ) ;
#2065 = ADVANCED_FACE ( 'NONE', ( #2059 ), #476, .T. ) ;
#2066 = CARTESIAN_POINT ( 'NONE',  ( 86.75727333237441030, -1.083739814427592707, 120.0000000000000000 ) ) ;
#2067 = AXIS2_PLACEMENT_3D ( 'NONE', #331, #809, #862 ) ;
#2068 = CARTESIAN_POINT ( 'NONE',  ( 11.74727668091271759, 7.305703337800452779, 0.000000000000000000 ) ) ;
#2069 = CARTESIAN_POINT ( 'NONE',  ( 60.08964854817300250, 6.717886883962703948, 329.0000000000002842 ) ) ;
#2070 = CARTESIAN_POINT ( 'NONE',  ( 59.09280660837179511, 6.662578666113872394, 329.0000000000000000 ) ) ;
#2071 = CARTESIAN_POINT ( 'NONE',  ( 43.73461712113001454, 3.483849596880337796, 329.0000000000007390 ) ) ;
#2072 = CARTESIAN_POINT ( 'NONE',  ( 58.33768954603930723, -2.130301504564653392, 329.0000000000000568 ) ) ;
#2073 = CARTESIAN_POINT ( 'NONE',  ( 86.75727349766768270, -1.083740011416445048, 55.00000000000000000 ) ) ;
#2074 = EDGE_LOOP ( 'NONE', ( #1230, #1565, #1467, #132 ) ) ;
#2075 = VERTEX_POINT ( 'NONE', #978 ) ;
#2076 = DIRECTION ( 'NONE',  ( -1.000000000000000000, 0.000000000000000000, -0.000000000000000000 ) ) ;
#2077 = DIRECTION ( 'NONE',  ( -0.03669923241761999244, 0.9993263562720426929, 0.000000000000000000 ) ) ;
#2078 = CARTESIAN_POINT ( 'NONE',  ( 0.1195125240556126206, -0.6932183893966826771, 0.000000000000000000 ) ) ;
#2079 = CARTESIAN_POINT ( 'NONE',  ( 83.81705129401322552, 2.420280362814021480, 55.00000000000000000 ) ) ;
#2080 = DIRECTION ( 'NONE',  ( 0.7660444431189769032, 0.6427876096865405842, 0.000000000000000000 ) ) ;
#2081 = CARTESIAN_POINT ( 'NONE',  ( 114.5726096194103718, -0.06221993668006624290, 329.0000000000000000 ) ) ;
#2082 = CARTESIAN_POINT ( 'NONE',  ( 104.0733935478997694, 2.413948497016026984, 254.0000000000003979 ) ) ;
#2083 = CARTESIAN_POINT ( 'NONE',  ( 86.75727333237441030, -1.083739814427592707, 117.0000000000000000 ) ) ;
#2084 = CARTESIAN_POINT ( 'NONE',  ( 111.9008294260164007, -0.1603448949044220251, 327.0000000000000000 ) ) ;
#2085 = CARTESIAN_POINT ( 'NONE',  ( 87.97635880849250611, -1.038980753687999803, 249.0000000000000000 ) ) ;
#2086 = B_SPLINE_CURVE_WITH_KNOTS ( 'NONE', 3,
 ( #443, #2189, #2971, #429 ),
 .UNSPECIFIED., .F., .F.,
 ( 4, 4 ),
 ( 0.002999999999999961465, 0.07300000000000063383 ),
 .UNSPECIFIED. ) ;
#2087 = EDGE_CURVE ( 'NONE', #2654, #1862, #648, .T. ) ;
#2088 = CARTESIAN_POINT ( 'NONE',  ( 18.55732212555012239, 8.929428025217005072, 0.000000000000000000 ) ) ;
#2089 = VECTOR ( 'NONE', #1144, 999.9999999999998863 ) ;
#2090 = CARTESIAN_POINT ( 'NONE',  ( 86.40562264527662251, -1.096657106876709031, 0.000000000000000000 ) ) ;
#2091 = EDGE_LOOP ( 'NONE', ( #3287, #2985, #155, #3001 ) ) ;
#2092 = ORIENTED_EDGE ( 'NONE', *, *, #2216, .F. ) ;
#2093 = CARTESIAN_POINT ( 'NONE',  ( 83.81705129401322552, 2.420280362814021480, 115.0000000000000000 ) ) ;
#2094 = CARTESIAN_POINT ( 'NONE',  ( 17.15999785829532343, -3.464922216443131031, 0.000000000000000000 ) ) ;
#2095 = CARTESIAN_POINT ( 'NONE',  ( 111.9008294260164007, 0.3399910277142182968, 254.0000000000000000 ) ) ;
#2096 = LINE ( 'NONE', #592, #1522 ) ;
#2097 = CARTESIAN_POINT ( 'NONE',  ( 41.11744716072563222, -1.547672767624052259, 329.0000000000000000 ) ) ;
#2098 = ADVANCED_FACE ( 'NONE', ( #3342 ), #585, .T. ) ;
#2099 = CARTESIAN_POINT ( 'NONE',  ( 111.9008294260164007, -0.1603469925516940453, 177.0000000000000000 ) ) ;
#2100 = CARTESIAN_POINT ( 'NONE',  ( 93.02482611820536818, -0.3532242379564230483, 252.0000000000000000 ) ) ;
#2101 = CARTESIAN_POINT ( 'NONE',  ( 79.90082942601640070, 2.420280362814005493, 164.4999999990898516 ) ) ;
#2102 = CARTESIAN_POINT ( 'NONE',  ( 72.05951599416565045, 6.740760187875653564, 329.0000000000002842 ) ) ;
#2103 = CARTESIAN_POINT ( 'NONE',  ( 96.61407202835017927, 3.827585534024910974, 329.0000000000001705 ) ) ;
#2104 = ADVANCED_FACE ( 'NONE', ( #1655 ), #97, .F. ) ;
#2105 = ORIENTED_EDGE ( 'NONE', *, *, #357, .T. ) ;
#2106 = ORIENTED_EDGE ( 'NONE', *, *, #1432, .T. ) ;
#2107 = CARTESIAN_POINT ( 'NONE',  ( 69.78399996377288517, -1.707099013026966761, 0.000000000000000000 ) ) ;
#2108 = CARTESIAN_POINT ( 'NONE',  ( 86.35001255881995519, -0.5983853244293667606, 257.0000000000000000 ) ) ;
#2109 = DIRECTION ( 'NONE',  ( -0.9993261115183700305, -0.03670589649598998694, 0.000000000000000000 ) ) ;
#2110 = ORIENTED_EDGE ( 'NONE', *, *, #3173, .T. ) ;
#2111 = CARTESIAN_POINT ( 'NONE',  ( 92.08120850306109162, 4.588799385076583803, 329.0000000000000000 ) ) ;
#2112 = CARTESIAN_POINT ( 'NONE',  ( 39.67860868870632629, -0.4715913615849077201, 329.0000000000000000 ) ) ;
#2113 = VECTOR ( 'NONE', #853, 1000.000000000000000 ) ;
#2114 = CARTESIAN_POINT ( 'NONE',  ( 96.61407202835017927, 3.827585534024910974, 329.0000000000001705 ) ) ;
#2115 = CARTESIAN_POINT ( 'NONE',  ( 74.45078548670593932, 6.613124417782024977, 328.9999999999998863 ) ) ;
#2116 = CARTESIAN_POINT ( 'NONE',  ( 86.75727748948369822, -1.083744768677505910, 185.0000000000000000 ) ) ;
#2117 = CARTESIAN_POINT ( 'NONE',  ( 36.60798634358899761, -2.923595584709475226, 0.000000000000000000 ) ) ;
#2118 = EDGE_CURVE ( 'NONE', #360, #1858, #1999, .T. ) ;
#2119 = CARTESIAN_POINT ( 'NONE',  ( 44.28531036956260891, 3.718762784259736609, 328.9999999999993179 ) ) ;
#2120 = CARTESIAN_POINT ( 'NONE',  ( 73.21599994155262436, -1.581088408419284441, 0.000000000000000000 ) ) ;
#2121 = LINE ( 'NONE', #1843, #1112 ) ;
#2122 = DIRECTION ( 'NONE',  ( -1.000000000000000000, 0.000000000000000000, 0.000000000000000000 ) ) ;
#2123 = CARTESIAN_POINT ( 'NONE',  ( 8.502418295216218169, -3.225009158134750642, 0.000000000000000000 ) ) ;
#2124 = CARTESIAN_POINT ( 'NONE',  ( 39.81979162030098962, -0.7081947225103447652, 329.0000000000000000 ) ) ;
#2125 = CARTESIAN_POINT ( 'NONE',  ( 111.9008294260164007, 0.3399886607216017209, 60.00000000000000711 ) ) ;
#2126 = CARTESIAN_POINT ( 'NONE',  ( 99.31070841828775997, -0.1223751819931885865, 249.0000000000000000 ) ) ;
#2127 = LINE ( 'NONE', #1651, #1378 ) ;
#2128 = CARTESIAN_POINT ( 'NONE',  ( 83.19525375031173553, 5.829141410031718706, 328.9999999999998863 ) ) ;
#2129 = CARTESIAN_POINT ( 'NONE',  ( 111.9008294260164007, -0.1603469925516940453, 185.0000000000000000 ) ) ;
#2130 = CARTESIAN_POINT ( 'NONE',  ( 114.4418962788706153, 0.05862827003066970605, 0.000000000000000000 ) ) ;
#2131 = CARTESIAN_POINT ( 'NONE',  ( 109.8239994659175807, -0.2366021228530005571, 0.000000000000000000 ) ) ;
#2132 = VECTOR ( 'NONE', #2975, 1000.000000000000000 ) ;
#2133 = ADVANCED_FACE ( 'NONE', ( #2653 ), #2667, .F. ) ;
#2134 = CARTESIAN_POINT ( 'NONE',  ( 21.28641903153024373, -3.428209951193292859, 0.000000000000000000 ) ) ;
#2135 = CARTESIAN_POINT ( 'NONE',  ( 83.08973798770817609, 6.220673597664625909, 191.9169736631683065 ) ) ;
#2136 = ORIENTED_EDGE ( 'NONE', *, *, #2843, .F. ) ;
#2137 = CARTESIAN_POINT ( 'NONE',  ( 65.20800030248726387, -1.875044909168553708, 0.000000000000000000 ) ) ;
#2138 =( LENGTH_UNIT ( ) NAMED_UNIT ( * ) SI_UNIT ( .MILLI., .METRE. ) );
#2139 = DIRECTION ( 'NONE',  ( -1.000000000000000000, 0.000000000000000000, 0.000000000000000000 ) ) ;
#2140 = ORIENTED_EDGE ( 'NONE', *, *, #1178, .T. ) ;
#2141 = ADVANCED_FACE ( 'NONE', ( #1179 ), #656, .T. ) ;
#2142 = CARTESIAN_POINT ( 'NONE',  ( 82.83482836436949981, 5.871134054648520895, 329.0000000000000000 ) ) ;
#2143 = CARTESIAN_POINT ( 'NONE',  ( 45.17238708059927177, -2.130771852478141160, 329.0000000000008527 ) ) ;
#2144 = CARTESIAN_POINT ( 'NONE',  ( 111.9008294260164007, -0.1603448949044220251, 327.0000000000000000 ) ) ;
#2145 = CARTESIAN_POINT ( 'NONE',  ( 62.09197553026747585, -1.989597131136837893, 329.0000000000000000 ) ) ;
#2146 = CARTESIAN_POINT ( 'NONE',  ( 90.08871368539300306, -0.9613920350123963399, 251.9999999999999432 ) ) ;
#2147 = EDGE_CURVE ( 'NONE', #2934, #1371, #2512, .T. ) ;
#2148 = CARTESIAN_POINT ( 'NONE',  ( 86.67884055950665356, 5.830828001213376410, 74.26010410100136028 ) ) ;
#2149 = CARTESIAN_POINT ( 'NONE',  ( 34.91663026607916009, 10.39809544279013664, 0.000000000000000000 ) ) ;
#2150 = CARTESIAN_POINT ( 'NONE',  ( 114.6504147130081037, 0.009197894892181835216, 0.000000000000000000 ) ) ;
#2151 = CARTESIAN_POINT ( 'NONE',  ( 66.35199949863569202, -1.833043003831130724, 0.000000000000000000 ) ) ;
#2152 = CARTESIAN_POINT ( 'NONE',  ( 108.2960524859136484, -0.2927227069255809999, 254.0000000000001137 ) ) ;
#2153 = LINE ( 'NONE', #588, #1324 ) ;
#2154 = ORIENTED_EDGE ( 'NONE', *, *, #1898, .F. ) ;
#2155 = CARTESIAN_POINT ( 'NONE',  ( 82.36800028140504537, -1.244944328872028994, 0.000000000000000000 ) ) ;
#2156 = DIRECTION ( 'NONE',  ( -0.9993263265620334623, -0.03670004141730631719, 0.000000000000000000 ) ) ;
#2157 = CARTESIAN_POINT ( 'NONE',  ( 86.64177355867150254, 5.786653269801419697, 115.0000000000000000 ) ) ;
#2158 = EDGE_LOOP ( 'NONE', ( #2964, #624, #2809, #1809, #1609, #1218, #2504, #3047 ) ) ;
#2159 = ADVANCED_FACE ( 'NONE', ( #3255 ), #2478, .T. ) ;
#2160 = CARTESIAN_POINT ( 'NONE',  ( 78.08650917237451949, 6.340806445898361510, 329.0000000000000000 ) ) ;
#2161 = CARTESIAN_POINT ( 'NONE',  ( 61.34225983927231596, -2.018206994558641831, 329.0000000000000000 ) ) ;
#2162 = EDGE_CURVE ( 'NONE', #286, #1322, #2734, .T. ) ;
#2163 = CARTESIAN_POINT ( 'NONE',  ( 13.21156810377354596, 7.723234188731626482, 0.000000000000000000 ) ) ;
#2164 = ORIENTED_EDGE ( 'NONE', *, *, #606, .T. ) ;
#2165 = CARTESIAN_POINT ( 'NONE',  ( 88.74090354092093946, 5.352698338224096020, 180.0000000000001137 ) ) ;
#2166 = VECTOR ( 'NONE', #2254, 1000.000000000000227 ) ;
#2167 = ORIENTED_EDGE ( 'NONE', *, *, #3025, .T. ) ;
#2168 = CARTESIAN_POINT ( 'NONE',  ( 60.63231616006882518, 9.532115453349476297, 0.000000000000000000 ) ) ;
#2169 = VERTEX_POINT ( 'NONE', #2223 ) ;
#2170 = CARTESIAN_POINT ( 'NONE',  ( 83.08423331173040083, -1.218578249895672094, 329.0000000000000000 ) ) ;
#2171 = EDGE_CURVE ( 'NONE', #3083, #1303, #674, .T. ) ;
#2172 = CARTESIAN_POINT ( 'NONE',  ( 86.34999155101986901, -0.5983602883001503114, 52.00000000000000711 ) ) ;
#2173 = PLANE ( 'NONE',  #2544 ) ;
#2174 = CARTESIAN_POINT ( 'NONE',  ( 83.81705129401322552, 2.420280362814021480, 115.0000000000000000 ) ) ;
#2175 = CARTESIAN_POINT ( 'NONE',  ( 100.5389082124000453, 3.102875612018633600, 328.9999999999996021 ) ) ;
#2176 = ORIENTED_EDGE ( 'NONE', *, *, #1471, .F. ) ;
#2177 = EDGE_CURVE ( 'NONE', #1751, #2772, #693, .T. ) ;
#2178 = CARTESIAN_POINT ( 'NONE',  ( 10.29051302847985028, 6.848091670726701885, 0.000000000000000000 ) ) ;
#2179 = ORIENTED_EDGE ( 'NONE', *, *, #2426, .T. ) ;
#2180 = CARTESIAN_POINT ( 'NONE',  ( 94.95200024452937271, -0.7827933248038478897, 0.000000000000000000 ) ) ;
#2181 = CARTESIAN_POINT ( 'NONE',  ( 86.34999155101986901, -0.5983602883001503114, 52.00000000000000711 ) ) ;
#2182 = ORIENTED_EDGE ( 'NONE', *, *, #3201, .F. ) ;
#2183 = VERTEX_POINT ( 'NONE', #966 ) ;
#2184 = CARTESIAN_POINT ( 'NONE',  ( 83.83395703329041737, -1.191079742042967515, 329.0000000000000000 ) ) ;
#2185 = VECTOR ( 'NONE', #2729, 1000.000000000000000 ) ;
#2186 = CARTESIAN_POINT ( 'NONE',  ( 114.4000000000000057, -0.06855999999999999595, 0.000000000000000000 ) ) ;
#2187 = FACE_OUTER_BOUND ( 'NONE', #2213, .T. ) ;
#2188 = LINE ( 'NONE', #1926, #1742 ) ;
#2189 = CARTESIAN_POINT ( 'NONE',  ( 86.75729833211674702, -1.083769607960202386, 280.3333333333316091 ) ) ;
#2190 = CARTESIAN_POINT ( 'NONE',  ( 107.0971106942783138, -0.3367518057662812203, 0.000000000000000000 ) ) ;
#2191 = CARTESIAN_POINT ( 'NONE',  ( 3.430353240784099533, -2.585848918159089127, 0.000000000000000000 ) ) ;
#2192 = ORIENTED_EDGE ( 'NONE', *, *, #1711, .T. ) ;
#2193 = DIRECTION ( 'NONE',  ( -0.6427876096865348110, -0.7660444431189817882, 0.000000000000000000 ) ) ;
#2194 = VERTEX_POINT ( 'NONE', #2013 ) ;
#2195 = ADVANCED_FACE ( 'NONE', ( #1801 ), #3145, .F. ) ;
#2196 = CARTESIAN_POINT ( 'NONE',  ( 100.6719999999955206, -0.5727199998782829260, 0.000000000000000000 ) ) ;
#2197 = CARTESIAN_POINT ( 'NONE',  ( 86.75727748948369822, -1.083744768677505910, 185.0000000000000000 ) ) ;
#2198 = EDGE_LOOP ( 'NONE', ( #1744, #470, #1530, #1070, #2025, #1733 ) ) ;
#2199 = CARTESIAN_POINT ( 'NONE',  ( 1.473299293311520097, -2.022811161060689145, 0.000000000000000000 ) ) ;
#2200 = CARTESIAN_POINT ( 'NONE',  ( 88.49503078749695817, 5.286158978305759426, 252.0000000000001705 ) ) ;
#2201 = CARTESIAN_POINT ( 'NONE',  ( 91.83100480033805013, -0.8974135505076261676, 329.0000000000000000 ) ) ;
#2202 = DIRECTION ( 'NONE',  ( 0.6427876096865406952, -0.7660444431189769032, 0.000000000000000000 ) ) ;
#2203 = CARTESIAN_POINT ( 'NONE',  ( 93.82944598398388791, -0.8240084228252276821, 56.99999999999992895 ) ) ;
#2204 = CARTESIAN_POINT ( 'NONE',  ( 111.9008294260164149, 0.3399900758465234651, 177.0000000000000000 ) ) ;
#2205 = DIRECTION ( 'NONE',  ( 0.7660444431189817882, -0.6427876096865348110, 0.000000000000000000 ) ) ;
#2206 = CARTESIAN_POINT ( 'NONE',  ( 0.1670456940203048357, -0.7891041856379324981, 0.000000000000000000 ) ) ;
#2207 = ORIENTED_EDGE ( 'NONE', *, *, #2798, .T. ) ;
#2208 = CARTESIAN_POINT ( 'NONE',  ( 0.9070814275723657616, 1.565413080030930937, 0.000000000000000000 ) ) ;
#2209 = ORIENTED_EDGE ( 'NONE', *, *, #158, .T. ) ;
#2210 = VECTOR ( 'NONE', #3019, 1000.000000000000114 ) ;
#2211 = CARTESIAN_POINT ( 'NONE',  ( 114.9008294260163723, -0.05016421021564966554, 0.000000000000000000 ) ) ;
#2212 = CARTESIAN_POINT ( 'NONE',  ( 110.5144647506550655, 0.9855377324289630314, 56.99999999999999289 ) ) ;
#2213 = EDGE_LOOP ( 'NONE', ( #1715, #1764, #402, #946, #337, #32 ) ) ;
#2214 = CARTESIAN_POINT ( 'NONE',  ( 41.64338457337167654, 2.323384147518006149, 328.9999999999999432 ) ) ;
#2215 = DIRECTION ( 'NONE',  ( 0.000000000000000000, 1.000000000000000000, 0.000000000000000000 ) ) ;
#2216 = EDGE_CURVE ( 'NONE', #2020, #427, #442, .T. ) ;
#2217 = AXIS2_PLACEMENT_3D ( 'NONE', #2951, #1682, #3003 ) ;
#2218 = DIRECTION ( 'NONE',  ( -0.6427876096865347000, -0.7660444431189817882, 9.091718300011134665E-09 ) ) ;
#2219 = CARTESIAN_POINT ( 'NONE',  ( 86.34999139119773304, -0.5983600978315311014, 111.9999999999999574 ) ) ;
#2220 = CARTESIAN_POINT ( 'NONE',  ( 114.6000664496678638, 0.02113321156946071019, 329.0000000000000000 ) ) ;
#2221 = CARTESIAN_POINT ( 'NONE',  ( 111.9008294260164007, 0.6593192193646794097, 55.00000000000000000 ) ) ;
#2222 = CARTESIAN_POINT ( 'NONE',  ( 0.2396443975691565087, -0.9147298622272367341, 0.000000000000000000 ) ) ;
#2223 = CARTESIAN_POINT ( 'NONE',  ( 111.9008294260164007, 0.6590583519349972885, 115.0000000000000000 ) ) ;
#2224 = CARTESIAN_POINT ( 'NONE',  ( 60.25135896073002328, 9.568091089790849324, 0.000000000000000000 ) ) ;
#2225 = CARTESIAN_POINT ( 'NONE',  ( 54.91232080252775205, 9.994558038152225876, 0.000000000000000000 ) ) ;
#2226 = ORIENTED_EDGE ( 'NONE', *, *, #2664, .T. ) ;
#2227 = EDGE_CURVE ( 'NONE', #427, #2934, #276, .T. ) ;
#2228 = CARTESIAN_POINT ( 'NONE',  ( 105.2480002436502105, -0.4046733008614775140, 0.000000000000000000 ) ) ;
#2229 = CARTESIAN_POINT ( 'NONE',  ( 86.75728033000814321, -1.083748153882703846, 204.5035910600738021 ) ) ;
#2230 = ORIENTED_EDGE ( 'NONE', *, *, #1125, .F. ) ;
#2231 = ORIENTED_EDGE ( 'NONE', *, *, #1178, .F. ) ;
#2232 = CARTESIAN_POINT ( 'NONE',  ( 39.57649053553939922, -0.1481345034421840123, 329.0000000000001705 ) ) ;
#2233 = LINE ( 'NONE', #146, #808 ) ;
#2234 = CARTESIAN_POINT ( 'NONE',  ( 85.58331103156852748, -1.126864419255364513, 329.0000000000000000 ) ) ;
#2235 = VERTEX_POINT ( 'NONE', #2174 ) ;
#2236 = DIRECTION ( 'NONE',  ( 0.000000000000000000, 0.000000000000000000, 1.000000000000000000 ) ) ;
#2237 = LINE ( 'NONE', #2777, #2185 ) ;
#2238 = CARTESIAN_POINT ( 'NONE',  ( 86.75727347835422165, -1.083739988399543108, 59.00000000000000711 ) ) ;
#2239 = VECTOR ( 'NONE', #2411, 1000.000000000000000 ) ;
#2240 = EDGE_CURVE ( 'NONE', #1564, #14, #2648, .T. ) ;
#2241 = CARTESIAN_POINT ( 'NONE',  ( 92.66440376991342021, 4.801637588005328361, 0.000000000000000000 ) ) ;
#2242 = CARTESIAN_POINT ( 'NONE',  ( 53.76824897014071070, 10.07104276950426680, 0.000000000000000000 ) ) ;
#2243 = DIRECTION ( 'NONE',  ( -0.9993261115183699195, -0.03670589649599245718, 0.000000000000000000 ) ) ;
#2244 = ORIENTED_EDGE ( 'NONE', *, *, #1410, .T. ) ;
#2245 = ORIENTED_EDGE ( 'NONE', *, *, #540, .T. ) ;
#2246 = CARTESIAN_POINT ( 'NONE',  ( 86.34999155101986901, -0.5983602883001503114, 60.00000000000000711 ) ) ;
#2247 = CARTESIAN_POINT ( 'NONE',  ( 86.57324567951830829, 5.704984923627746340, 180.0000000000000000 ) ) ;
#2248 = EDGE_CURVE ( 'NONE', #2500, #692, #2380, .T. ) ;
#2249 = CARTESIAN_POINT ( 'NONE',  ( 79.90082942601640070, 2.420280362814005493, 328.9999999981797032 ) ) ;
#2250 = ORIENTED_EDGE ( 'NONE', *, *, #1637, .F. ) ;
#2251 = DIRECTION ( 'NONE',  ( -0.9993259977782117387, -0.03670899296605031198, 0.000000000000000000 ) ) ;
#2252 = CARTESIAN_POINT ( 'NONE',  ( 100.4929940076276011, 3.112955605826313477, 326.9999999999997158 ) ) ;
#2253 = CARTESIAN_POINT ( 'NONE',  ( 0.08319251503279755100, -0.6080381055200382301, 0.000000000000000000 ) ) ;
#2254 = DIRECTION ( 'NONE',  ( -0.9993263562720425819, -0.03669923241761998550, -0.000000000000000000 ) ) ;
#2255 = EDGE_CURVE ( 'NONE', #2691, #2675, #2684, .T. ) ;
#2256 = CARTESIAN_POINT ( 'NONE',  ( 47.56448808505673753, -2.239545804184050137, 329.0000000000006821 ) ) ;
#2257 = CARTESIAN_POINT ( 'NONE',  ( 62.92034424279058413, 9.310929657471966436, 0.000000000000000000 ) ) ;
#2258 = CARTESIAN_POINT ( 'NONE',  ( 112.1120595778616291, 0.6101902522463514833, 0.000000000000000000 ) ) ;
#2259 = EDGE_LOOP ( 'NONE', ( #2930, #2537, #2963, #353 ) ) ;
#2260 = CARTESIAN_POINT ( 'NONE',  ( 27.45524470566927278, 10.04985143728860031, 0.000000000000000000 ) ) ;
#2261 = CARTESIAN_POINT ( 'NONE',  ( 86.75727371397864829, -1.083740269205811346, 18.66666666666667140 ) ) ;
#2262 = FACE_OUTER_BOUND ( 'NONE', #1934, .T. ) ;
#2263 = EDGE_LOOP ( 'NONE', ( #820, #753, #1132, #2536 ) ) ;
#2264 = ORIENTED_EDGE ( 'NONE', *, *, #3207, .F. ) ;
#2265 = CARTESIAN_POINT ( 'NONE',  ( 111.9008294260164149, 0.6585753360961015268, 201.0405272501299123 ) ) ;
#2266 = AXIS2_PLACEMENT_3D ( 'NONE', #2710, #397, #148 ) ;
#2267 = CARTESIAN_POINT ( 'NONE',  ( 5.146671522331094373, -2.901064932681186370, 0.000000000000000000 ) ) ;
#2268 = ORIENTED_EDGE ( 'NONE', *, *, #1730, .T. ) ;
#2269 = CARTESIAN_POINT ( 'NONE',  ( 82.95812594815424745, -1.223263751066145932, 24.66386308110964265 ) ) ;
#2270 = CARTESIAN_POINT ( 'NONE',  ( 73.89196646343162911, -1.556605947598363571, 329.0000000000007390 ) ) ;
#2271 = LINE ( 'NONE', #1311, #2010 ) ;
#2272 = CARTESIAN_POINT ( 'NONE',  ( 96.55561028749663421, 3.839982619061675262, 327.0000000000002842 ) ) ;
#2273 = B_SPLINE_SURFACE_WITH_KNOTS ( 'NONE', 3, 1, ( 
 ( #1615, #2400 ),
 ( #75, #108 ),
 ( #90, #2146 ),
 ( #1126, #1850 ),
 ( #535, #1203 ),
 ( #363, #381 ),
 ( #612, #2969 ),
 ( #893, #1667 ),
 ( #2694, #1970 ) ),
 .UNSPECIFIED., .F., .F., .F.,
 ( 4, 1, 1, 1, 1, 1, 4 ),
 ( 2, 2 ),
 ( 0.01531462871388702615, 0.03659102008017822705, 0.05218157274076552776, 0.08336267806193996266, 0.1145437833831144669, 0.1457248887042889296, 0.1615913653115763626 ),
 ( 0.000000000000000000, 1.000000000000000000 ),
 .UNSPECIFIED. ) ;
#2274 = VECTOR ( 'NONE', #1437, 1000.000000000000000 ) ;
#2275 = CARTESIAN_POINT ( 'NONE',  ( 111.9008294260164149, 0.3399900758465234651, 185.0000000000000000 ) ) ;
#2276 = DIRECTION ( 'NONE',  ( 0.9993263173578234015, 0.03670029204312421495, 0.000000000000000000 ) ) ;
#2277 = CARTESIAN_POINT ( 'NONE',  ( 40.03997500868061366, 10.47937391410587615, 0.000000000000000000 ) ) ;
#2278 = CARTESIAN_POINT ( 'NONE',  ( 114.4000000000000057, 0.06855999999999999595, 0.000000000000000000 ) ) ;
#2279 = EDGE_CURVE ( 'NONE', #1303, #80, #1897, .T. ) ;
#2280 = VERTEX_POINT ( 'NONE', #2905 ) ;
#2281 = CARTESIAN_POINT ( 'NONE',  ( 100.2147287563064282, -0.5895109864585127424, 328.9999999999995453 ) ) ;
#2282 = CARTESIAN_POINT ( 'NONE',  ( 34.31987886887863937, 10.37457695976793381, 0.000000000000000000 ) ) ;
#2283 = DIRECTION ( 'NONE',  ( -0.9993261115183700305, -0.03670589649598998694, 0.000000000000000000 ) ) ;
#2284 = ORIENTED_EDGE ( 'NONE', *, *, #461, .T. ) ;
#2285 = VERTEX_POINT ( 'NONE', #615 ) ;
#2286 = DIRECTION ( 'NONE',  ( -0.6427876096865348110, -0.7660444431189817882, 0.000000000000000000 ) ) ;
#2287 = CARTESIAN_POINT ( 'NONE',  ( 8.007063706261646985, -3.193733083395483341, 0.000000000000000000 ) ) ;
#2288 = CARTESIAN_POINT ( 'NONE',  ( 83.81705129401322552, 2.420280362814021480, 55.00000000000000000 ) ) ;
#2289 = CARTESIAN_POINT ( 'NONE',  ( 114.9008294260164007, -0.05016421021564967248, 329.0000000000000000 ) ) ;
#2290 = CARTESIAN_POINT ( 'NONE',  ( 62.32586682994467253, -1.980536614428658249, 328.9999999999998295 ) ) ;
#2291 = CARTESIAN_POINT ( 'NONE',  ( 86.73893716925522313, -0.5840986643999724892, 254.0000000000000000 ) ) ;
#2292 = CARTESIAN_POINT ( 'NONE',  ( 111.9008294260164007, -0.1603463975546255416, 227.6666666666666856 ) ) ;
#2293 = VECTOR ( 'NONE', #3039, 1000.000000000000000 ) ;
#2294 = CARTESIAN_POINT ( 'NONE',  ( 40.73056263834868673, 1.549140884049841072, 328.9999999999999432 ) ) ;
#2295 = CARTESIAN_POINT ( 'NONE',  ( 32.03177145671104853, 10.29728814898411571, 0.000000000000000000 ) ) ;
#2296 = CARTESIAN_POINT ( 'NONE',  ( 71.35645846617997279, 8.325554318525336228, 0.000000000000000000 ) ) ;
#2297 = CARTESIAN_POINT ( 'NONE',  ( 39.65864735215275516, -2.811013575181421587, 0.000000000000000000 ) ) ;
#2298 = CARTESIAN_POINT ( 'NONE',  ( 57.59314857796078968, 6.568906096633842395, 329.0000000000000000 ) ) ;
#2299 = CARTESIAN_POINT ( 'NONE',  ( 83.81705129401322552, 2.420280362814021480, 115.0000000000000000 ) ) ;
#2300 = ORIENTED_EDGE ( 'NONE', *, *, #3157, .T. ) ;
#2301 = ORIENTED_EDGE ( 'NONE', *, *, #1314, .F. ) ;
#2302 = FACE_OUTER_BOUND ( 'NONE', #2091, .T. ) ;
#2303 = EDGE_CURVE ( 'NONE', #2280, #2306, #563, .T. ) ;
#2304 = CARTESIAN_POINT ( 'NONE',  ( 0.2396443975691565087, -0.9147298622272367341, 0.000000000000000000 ) ) ;
#2305 = LINE ( 'NONE', #2079, #2646 ) ;
#2306 = VERTEX_POINT ( 'NONE', #2443 ) ;
#2307 = CARTESIAN_POINT ( 'NONE',  ( 82.95812720334009782, -1.223265246941791062, 0.000000000000000000 ) ) ;
#2308 = CARTESIAN_POINT ( 'NONE',  ( 112.4484828356197568, 0.5297753463469265789, 329.0000000000000000 ) ) ;
#2309 = CARTESIAN_POINT ( 'NONE',  ( 88.24983287386916686, -1.028961692777800474, 328.9999999999998295 ) ) ;
#2310 = LINE ( 'NONE', #2850, #1857 ) ;
#2311 = CARTESIAN_POINT ( 'NONE',  ( 21.73605661719944848, -3.418669910414882551, 0.000000000000000000 ) ) ;
#2312 = CARTESIAN_POINT ( 'NONE',  ( 111.9008294260164007, -9.946594549830242826, 252.0000000000000000 ) ) ;
#2313 = DIRECTION ( 'NONE',  ( -1.000000000000000000, 0.000000000000000000, 0.000000000000000000 ) ) ;
#2314 = CARTESIAN_POINT ( 'NONE',  ( 8.855444408817431778, 6.352929093259298554, 0.000000000000000000 ) ) ;
#2315 = CARTESIAN_POINT ( 'NONE',  ( 86.99711565794254398, 5.866906022572778490, 0.000000000000000000 ) ) ;
#2316 = EDGE_CURVE ( 'NONE', #2783, #1193, #295, .T. ) ;
#2317 = CARTESIAN_POINT ( 'NONE',  ( 30.41705370958529997, -3.157874782130163371, 0.000000000000000000 ) ) ;
#2318 = CARTESIAN_POINT ( 'NONE',  ( 99.31070844905764261, -0.1223754370173359279, 257.0000000000000000 ) ) ;
#2319 = CARTESIAN_POINT ( 'NONE',  ( 111.9008294260164007, -0.1603484231799644222, 55.00000000000000000 ) ) ;
#2320 = ORIENTED_EDGE ( 'NONE', *, *, #2989, .F. ) ;
#2321 = ORIENTED_EDGE ( 'NONE', *, *, #2316, .F. ) ;
#2322 = FACE_OUTER_BOUND ( 'NONE', #1487, .T. ) ;
#2323 = DIRECTION ( 'NONE',  ( 0.000000000000000000, 0.000000000000000000, 1.000000000000000000 ) ) ;
#2324 = B_SPLINE_CURVE_WITH_KNOTS ( 'NONE', 3,
 ( #578, #2602, #3158, #273 ),
 .UNSPECIFIED., .F., .F.,
 ( 4, 4 ),
 ( 1.110223024625156417E-16, 0.07300026162371625604 ),
 .UNSPECIFIED. ) ;
#2325 = CARTESIAN_POINT ( 'NONE',  ( 1.433213215000508800, -1.983564949949873313, 0.000000000000000000 ) ) ;
#2326 = CARTESIAN_POINT ( 'NONE',  ( 83.81705129401322552, 2.420280362814021480, 57.00000000000000000 ) ) ;
#2327 = ADVANCED_FACE ( 'NONE', ( #1741 ), #3024, .T. ) ;
#2328 = CARTESIAN_POINT ( 'NONE',  ( 114.3227068302656591, 0.08688274633855171125, 329.0000000000000000 ) ) ;
#2329 = CARTESIAN_POINT ( 'NONE',  ( 74.23415448507184067, -1.543708215947299678, 0.000000000000000000 ) ) ;
#2330 = DIRECTION ( 'NONE',  ( 0.000000000000000000, 0.000000000000000000, 1.000000000000000000 ) ) ;
#2331 = AXIS2_PLACEMENT_3D ( 'NONE', #3329, #241, #2313 ) ;
#2332 = CARTESIAN_POINT ( 'NONE',  ( 111.9008294260164007, -0.1603469925516940453, 182.0000000000000000 ) ) ;
#2333 = VECTOR ( 'NONE', #2578, 1000.000000000000000 ) ;
#2334 = CARTESIAN_POINT ( 'NONE',  ( 42.66033257625031183, 2.955274456221979040, 329.0000000000000000 ) ) ;
#2335 = CARTESIAN_POINT ( 'NONE',  ( 28.59130757462041217, -3.224236759125266083, 0.000000000000000000 ) ) ;
#2336 = CARTESIAN_POINT ( 'NONE',  ( 86.73893716925522313, -0.5840986643999728223, 257.0000000000000000 ) ) ;
#2337 = CARTESIAN_POINT ( 'NONE',  ( 0.000000000000000000, 0.000000000000000000, 119.9999999999999716 ) ) ;
#2338 = ORIENTED_EDGE ( 'NONE', *, *, #927, .F. ) ;
#2339 = ORIENTED_EDGE ( 'NONE', *, *, #1496, .F. ) ;
#2340 = CARTESIAN_POINT ( 'NONE',  ( 111.9008294260164007, 0.6581947252114525027, 252.0000000000000000 ) ) ;
#2341 = CARTESIAN_POINT ( 'NONE',  ( 45.76000179610780094, -2.589356017912950669, 0.000000000000000000 ) ) ;
#2342 = CARTESIAN_POINT ( 'NONE',  ( 109.7871838215895934, 0.2623695672188540162, 249.0000000000000000 ) ) ;
#2343 = CARTESIAN_POINT ( 'NONE',  ( 111.9008294260164007, -0.1603470302954478621, 179.0000000000000568 ) ) ;
#2344 = ORIENTED_EDGE ( 'NONE', *, *, #2569, .F. ) ;
#2345 = CARTESIAN_POINT ( 'NONE',  ( 96.22643135716322149, -0.7359832544053732661, 328.9999999999998295 ) ) ;
#2346 = CARTESIAN_POINT ( 'NONE',  ( 94.42175674634236771, 4.292476222903603755, 254.0000000000002842 ) ) ;
#2347 = CARTESIAN_POINT ( 'NONE',  ( 55.34451213867971120, -2.223360657757754932, 329.0000000000000000 ) ) ;
#2348 = PLANE ( 'NONE',  #627 ) ;
#2349 = CARTESIAN_POINT ( 'NONE',  ( 86.69339607141658632, 5.848174584824118227, 57.00000000000000000 ) ) ;
#2350 = CARTESIAN_POINT ( 'NONE',  ( 86.35001255881995519, -0.5983853244293667606, 254.0000000000000000 ) ) ;
#2351 = CARTESIAN_POINT ( 'NONE',  ( 0.4754099004171334353, 1.058598959152681429, 0.000000000000000000 ) ) ;
#2352 = CARTESIAN_POINT ( 'NONE',  ( 46.53712845855119440, 4.532078873252668672, 329.0000000000001705 ) ) ;
#2353 = DIRECTION ( 'NONE',  ( -1.000000000000000000, 0.000000000000000000, 0.000000000000000000 ) ) ;
#2354 = VECTOR ( 'NONE', #176, 1000.000000000000000 ) ;
#2355 = CARTESIAN_POINT ( 'NONE',  ( 88.24983287386916686, -1.028961692777800474, 328.9999999999998295 ) ) ;
#2356 = VERTEX_POINT ( 'NONE', #706 ) ;
#2357 = ORIENTED_EDGE ( 'NONE', *, *, #1622, .F. ) ;
#2358 = CARTESIAN_POINT ( 'NONE',  ( 41.18399781445641139, -2.755529942254743681, 0.000000000000000000 ) ) ;
#2359 = CARTESIAN_POINT ( 'NONE',  ( 99.31070844905764261, -0.1223754370173359279, 249.0000000000000000 ) ) ;
#2360 = LINE ( 'NONE', #35, #2389 ) ;
#2361 = ORIENTED_EDGE ( 'NONE', *, *, #1892, .F. ) ;
#2362 = CARTESIAN_POINT ( 'NONE',  ( 107.0761549556188186, 1.745827443762532072, 329.0000000000000000 ) ) ;
#2363 = CARTESIAN_POINT ( 'NONE',  ( 86.73893716925522313, -0.5840986643999728223, 249.0000000000000000 ) ) ;
#2364 = CARTESIAN_POINT ( 'NONE',  ( 39.91589228019086022, -0.8271835339856790092, 329.0000000000000000 ) ) ;
#2365 = CARTESIAN_POINT ( 'NONE',  ( 111.8824798098075775, 0.3393171569353730099, 249.0000000000000000 ) ) ;
#2366 = ADVANCED_FACE ( 'NONE', ( #2779 ), #984, .T. ) ;
#2367 = CARTESIAN_POINT ( 'NONE',  ( 14.98299591411970155, 8.170970946279783931, 0.000000000000000000 ) ) ;
#2368 = CARTESIAN_POINT ( 'NONE',  ( 86.36394300601318719, 5.438954427976055328, 329.0000000000001137 ) ) ;
#2369 = EDGE_CURVE ( 'NONE', #1889, #2370, #1574, .T. ) ;
#2370 = VERTEX_POINT ( 'NONE', #545 ) ;
#2371 = CARTESIAN_POINT ( 'NONE',  ( 72.07200023318011972, -1.623103017211593224, 0.000000000000000000 ) ) ;
#2372 = CARTESIAN_POINT ( 'NONE',  ( 107.2884274748416260, 1.751138820487859293, 0.000000000000000000 ) ) ;
#2373 = ORIENTED_EDGE ( 'NONE', *, *, #91, .F. ) ;
#2374 = LINE ( 'NONE', #1861, #1954 ) ;
#2375 = CARTESIAN_POINT ( 'NONE',  ( 109.7871838215895934, 0.2623695672188540162, 257.0000000000000000 ) ) ;
#2376 = CARTESIAN_POINT ( 'NONE',  ( 39.70975966954480185, -0.5344303559884370225, 329.0000000000000000 ) ) ;
#2377 = CARTESIAN_POINT ( 'NONE',  ( 90.64281113541035495, -0.9410529509888772015, 329.0000000000002274 ) ) ;
#2378 = CARTESIAN_POINT ( 'NONE',  ( 111.9008294260163865, -0.1603460212006482255, 254.0000000000000000 ) ) ;
#2379 = AXIS2_PLACEMENT_3D ( 'NONE', #2427, #1910, #305 ) ;
#2380 = LINE ( 'NONE', #2938, #2749 ) ;
#2381 = PLANE ( 'NONE',  #1796 ) ;
#2382 = CARTESIAN_POINT ( 'NONE',  ( 49.41944550399089309, 5.337591357823739280, 329.0000000000002274 ) ) ;
#2383 = CARTESIAN_POINT ( 'NONE',  ( 86.75727773405411369, -1.083745060145163919, 183.9999999999996589 ) ) ;
#2384 = CARTESIAN_POINT ( 'NONE',  ( 81.22399973926098937, -1.286946233817634733, 0.000000000000000000 ) ) ;
#2385 = CARTESIAN_POINT ( 'NONE',  ( 87.97635880849250611, -1.038980753687999803, 257.0000000000000000 ) ) ;
#2386 = AXIS2_PLACEMENT_3D ( 'NONE', #1155, #2236, #1453 ) ;
#2387 = CARTESIAN_POINT ( 'NONE',  ( 17.63271635543052440, -3.466193515785781276, 0.000000000000000000 ) ) ;
#2388 = EDGE_CURVE ( 'NONE', #2772, #408, #3197, .T. ) ;
#2389 = VECTOR ( 'NONE', #2109, 1000.000000000000114 ) ;
#2390 = ORIENTED_EDGE ( 'NONE', *, *, #308, .F. ) ;
#2391 = ADVANCED_FACE ( 'NONE', ( #303 ), #1344, .T. ) ;
#2392 = CARTESIAN_POINT ( 'NONE',  ( 81.22399973926098937, -1.286946233817634733, 0.000000000000000000 ) ) ;
#2393 = CARTESIAN_POINT ( 'NONE',  ( 84.14495494595387015, 6.354089722507969107, 0.000000000000000000 ) ) ;
#2394 = ORIENTED_EDGE ( 'NONE', *, *, #340, .F. ) ;
#2395 = CARTESIAN_POINT ( 'NONE',  ( 4.867712567459363981, -2.861476354840538416, 0.000000000000000000 ) ) ;
#2396 = FACE_OUTER_BOUND ( 'NONE', #296, .T. ) ;
#2397 = CARTESIAN_POINT ( 'NONE',  ( 40.53954569504350758, -1.317223180641889257, 329.0000000000000000 ) ) ;
#2398 = DIRECTION ( 'NONE',  ( 2.773687824619957966E-14, 1.000000000000000000, 0.000000000000000000 ) ) ;
#2399 = DIRECTION ( 'NONE',  ( 0.000000000000000000, 0.000000000000000000, 1.000000000000000000 ) ) ;
#2400 = CARTESIAN_POINT ( 'NONE',  ( 86.75729166573825069, -1.083761663289078525, 251.9999999999999432 ) ) ;
#2401 = CARTESIAN_POINT ( 'NONE',  ( 92.96588982132251999, -0.8557282162266658387, 327.0000000000003411 ) ) ;
#2402 = CARTESIAN_POINT ( 'NONE',  ( 105.2324863694495463, 2.150160186445706056, 329.0000000000002842 ) ) ;
#2403 = CARTESIAN_POINT ( 'NONE',  ( 86.75727333237441030, -1.083739814427592707, 120.0000000000000000 ) ) ;
#2404 = CARTESIAN_POINT ( 'NONE',  ( 78.58769751963801298, 7.270530063779243157, 0.000000000000000000 ) ) ;
#2405 = DIRECTION ( 'NONE',  ( 0.000000000000000000, 1.000000000000000000, 0.000000000000000000 ) ) ;
#2406 = CARTESIAN_POINT ( 'NONE',  ( 93.04533288565359328, -0.8527978104109351642, 0.000000000000000000 ) ) ;
#2407 = CARTESIAN_POINT ( 'NONE',  ( 83.31894911537024484, 6.493836782518506823, 0.000000000000000000 ) ) ;
#2408 = ORIENTED_EDGE ( 'NONE', *, *, #1428, .T. ) ;
#2409 = VECTOR ( 'NONE', #529, 0.3284411393066948848 ) ;
#2410 = CARTESIAN_POINT ( 'NONE',  ( 77.79199974397177186, -1.413006363763382289, 0.000000000000000000 ) ) ;
#2411 = DIRECTION ( 'NONE',  ( -0.9993259977782117387, -0.03670899296605031198, 0.000000000000000000 ) ) ;
#2412 = CARTESIAN_POINT ( 'NONE',  ( 111.9008294260164007, -9.946594549830242826, 55.00000000000000000 ) ) ;
#2413 = CARTESIAN_POINT ( 'NONE',  ( 46.34763611106054526, -2.189035448476542634, 329.0000000000000000 ) ) ;
#2414 = DIRECTION ( 'NONE',  ( 0.000000000000000000, 0.000000000000000000, 1.000000000000000000 ) ) ;
#2415 = CARTESIAN_POINT ( 'NONE',  ( 84.38442302096440528, 5.690635367407566036, 329.0000000000000000 ) ) ;
#2416 = CARTESIAN_POINT ( 'NONE',  ( 82.19493895932512828, 6.688070698947657711, 0.000000000000000000 ) ) ;
#2417 = CARTESIAN_POINT ( 'NONE',  ( 66.59032135497304239, 6.852865046640449265, 329.0000000000000000 ) ) ;
#2418 = ORIENTED_EDGE ( 'NONE', *, *, #932, .T. ) ;
#2419 = CARTESIAN_POINT ( 'NONE',  ( 7.046245935859546172, 5.659075138816917594, 0.000000000000000000 ) ) ;
#2420 = ORIENTED_EDGE ( 'NONE', *, *, #1579, .T. ) ;
#2421 = EDGE_CURVE ( 'NONE', #360, #1889, #1759, .T. ) ;
#2422 = CARTESIAN_POINT ( 'NONE',  ( 61.77641217050859979, 9.424072916820321666, 0.000000000000000000 ) ) ;
#2423 = ORIENTED_EDGE ( 'NONE', *, *, #1261, .F. ) ;
#2424 = CARTESIAN_POINT ( 'NONE',  ( 99.31070844905764261, -0.1223754370173359279, 257.0000000000000000 ) ) ;
#2425 = CARTESIAN_POINT ( 'NONE',  ( 112.6983013397875339, -0.1310552907748943063, 329.0000000000000000 ) ) ;
#2426 = EDGE_CURVE ( 'NONE', #424, #2463, #412, .T. ) ;
#2427 = CARTESIAN_POINT ( 'NONE',  ( 83.81705129401322552, 2.420280362814021480, 252.0000000000000000 ) ) ;
#2428 = CARTESIAN_POINT ( 'NONE',  ( 86.75727333237441030, -1.083739814427592707, 117.0000000000000000 ) ) ;
#2429 = CARTESIAN_POINT ( 'NONE',  ( 50.33600744097552138, -2.421982737467748947, 0.000000000000000000 ) ) ;
#2430 = ORIENTED_EDGE ( 'NONE', *, *, #2906, .F. ) ;
#2431 = AXIS2_PLACEMENT_3D ( 'NONE', #1477, #2760, #2009 ) ;
#2432 = CARTESIAN_POINT ( 'NONE',  ( 1.140658389513708793, 1.810383649060120614, 0.000000000000000000 ) ) ;
#2433 = CARTESIAN_POINT ( 'NONE',  ( 83.20848678555256583, 6.362192904111884317, 109.6669056401305795 ) ) ;
#2434 = ORIENTED_EDGE ( 'NONE', *, *, #816, .T. ) ;
#2435 = VECTOR ( 'NONE', #1585, 1000.000000000000114 ) ;
#2436 = CARTESIAN_POINT ( 'NONE',  ( 107.5359999879853774, -0.3206396728018082176, 0.000000000000000000 ) ) ;
#2437 = DIRECTION ( 'NONE',  ( 0.000000000000000000, 0.000000000000000000, 1.000000000000000000 ) ) ;
#2438 = CARTESIAN_POINT ( 'NONE',  ( 86.73893716925522313, -0.5840986643999728223, 257.0000000000000000 ) ) ;
#2439 = APPLICATION_PROTOCOL_DEFINITION ( 'draft international standard', 'automotive_design', 1998, #833 ) ;
#2440 = UNCERTAINTY_MEASURE_WITH_UNIT (LENGTH_MEASURE( 1.000000000000000082E-05 ), #2138, 'distance_accuracy_value', 'NONE');
#2441 = DIRECTION ( 'NONE',  ( -0.9993259977782117387, -0.03670899296605030504, 0.000000000000000000 ) ) ;
#2442 = CARTESIAN_POINT ( 'NONE',  ( 111.9657166291606529, -0.1579728077131725139, 0.000000000000000000 ) ) ;
#2443 = CARTESIAN_POINT ( 'NONE',  ( 111.9008294260164291, 0.6590486857787354325, 117.0000000000000000 ) ) ;
#2444 = B_SPLINE_CURVE_WITH_KNOTS ( 'NONE', 3,
 ( #910, #3212, #2472, #2507, #410, #2754, #1967 ),
 .UNSPECIFIED., .F., .F.,
 ( 4, 1, 1, 1, 4 ),
 ( 0.002961389212180294637, 0.009360171151219677868, 0.01665166216120484918, 0.02394315317119002223, 0.02866583347726279346 ),
 .UNSPECIFIED. ) ;
#2445 = CARTESIAN_POINT ( 'NONE',  ( 104.8666671127168968, -0.4186821452117907016, 0.000000000000000000 ) ) ;
#2446 = VERTEX_POINT ( 'NONE', #1527 ) ;
#2447 = EDGE_CURVE ( 'NONE', #1889, #2306, #2887, .T. ) ;
#2448 = CARTESIAN_POINT ( 'NONE',  ( 0.05828264627204730181, 0.2784063423771458989, 0.000000000000000000 ) ) ;
#2449 = ORIENTED_EDGE ( 'NONE', *, *, #2715, .F. ) ;
#2450 = VECTOR ( 'NONE', #1457, 1000.000000000000000 ) ;
#2451 = ORIENTED_EDGE ( 'NONE', *, *, #228, .F. ) ;
#2452 = LINE ( 'NONE', #134, #750 ) ;
#2453 = CARTESIAN_POINT ( 'NONE',  ( 78.83580149082570188, -1.374563601836835014, 329.0000000000000000 ) ) ;
#2454 = CARTESIAN_POINT ( 'NONE',  ( 114.5726096194103718, -0.06221993668006624290, 329.0000000000000000 ) ) ;
#2455 = DIRECTION ( 'NONE',  ( -0.6427876096865406952, 0.7660444431189769032, 0.000000000000000000 ) ) ;
#2456 = CARTESIAN_POINT ( 'NONE',  ( 99.31070844905764261, -0.1223754370173359279, 254.0000000000000000 ) ) ;
#2457 = LINE ( 'NONE', #415, #3327 ) ;
#2458 = CARTESIAN_POINT ( 'NONE',  ( 86.75729166573823647, -1.083761663289079413, 254.0000000000000000 ) ) ;
#2459 = CARTESIAN_POINT ( 'NONE',  ( 87.11868833927339040, 5.337914715876807215, 327.0000000000002274 ) ) ;
#2460 = ADVANCED_FACE ( 'NONE', ( #1550 ), #2579, .F. ) ;
#2461 = CARTESIAN_POINT ( 'NONE',  ( 86.75729166573823647, -1.083761663289079413, 249.0000000000000000 ) ) ;
#2462 = CARTESIAN_POINT ( 'NONE',  ( 0.3349430531423160384, -1.054250609454251864, 0.000000000000000000 ) ) ;
#2463 = VERTEX_POINT ( 'NONE', #1019 ) ;
#2464 = CARTESIAN_POINT ( 'NONE',  ( 3.969721568133258049, -2.693567244959053752, 0.000000000000000000 ) ) ;
#2465 = CARTESIAN_POINT ( 'NONE',  ( 27.45524470566927278, 10.04985143728860031, 0.000000000000000000 ) ) ;
#2466 = ADVANCED_FACE ( 'NONE', ( #2558 ), #3357, .T. ) ;
#2467 = CARTESIAN_POINT ( 'NONE',  ( 83.81705129401322552, 2.420280362814021480, 115.0000000000000000 ) ) ;
#2468 = CARTESIAN_POINT ( 'NONE',  ( 98.38400024451222237, -0.6567533243358975037, 0.000000000000000000 ) ) ;
#2469 = EDGE_LOOP ( 'NONE', ( #1903, #494, #605, #1464 ) ) ;
#2470 = CARTESIAN_POINT ( 'NONE',  ( 40.51707809920026904, 1.339356946647962232, 329.0000000000002842 ) ) ;
#2471 = B_SPLINE_CURVE_WITH_KNOTS ( 'NONE', 3,
 ( #1852, #2823, #1240, #988, #2568, #2838, #2603, #3348, #2030, #2871 ),
 .UNSPECIFIED., .F., .F.,
 ( 4, 1, 1, 1, 1, 1, 1, 4 ),
 ( 0.000000000000000000, 0.002745491246801274807, 0.008124141819771169004, 0.01350279239274106494, 0.01888144296571095393, 0.02157076825219591404, 0.02426009353868086374, 0.02516048910655696580 ),
 .UNSPECIFIED. ) ;
#2472 = CARTESIAN_POINT ( 'NONE',  ( 93.32360482735251139, 4.691751671416318104, 1.999999999999979572 ) ) ;
#2473 = CARTESIAN_POINT ( 'NONE',  ( 0.000000000000000000, 0.000000000000000000, 0.000000000000000000 ) ) ;
#2474 = CARTESIAN_POINT ( 'NONE',  ( 86.75727365776731403, -1.083740202215841331, 2.000000000000026201 ) ) ;
#2475 = CARTESIAN_POINT ( 'NONE',  ( 100.6962708918386511, -0.5718321288926228041, 57.00000000000010658 ) ) ;
#2476 = CARTESIAN_POINT ( 'NONE',  ( 83.81705129401322552, 2.420280362814021480, 252.0000000000000000 ) ) ;
#2477 = EDGE_CURVE ( 'NONE', #655, #14, #1288, .T. ) ;
#2478 = PLANE ( 'NONE',  #1297 ) ;
#2479 = B_SPLINE_CURVE_WITH_KNOTS ( 'NONE', 3,
 ( #1176, #2992, #1990, #151, #650, #3022, #1706 ),
 .UNSPECIFIED., .F., .F.,
 ( 4, 3, 4 ),
 ( 0.000000000000000000, 0.05184288479970691060, 0.07300000000347492413 ),
 .UNSPECIFIED. ) ;
#2480 = CARTESIAN_POINT ( 'NONE',  ( 40.23288382593308654, -1.121111976646177677, 329.0000000000001705 ) ) ;
#2481 = CARTESIAN_POINT ( 'NONE',  ( 93.80849912857915740, 4.579227906561518679, 0.000000000000000000 ) ) ;
#2482 = CARTESIAN_POINT ( 'NONE',  ( 111.5400578644518959, 0.7450125480327942640, 0.000000000000000000 ) ) ;
#2483 = ORIENTED_EDGE ( 'NONE', *, *, #2715, .T. ) ;
#2484 = AXIS2_PLACEMENT_3D ( 'NONE', #2911, #1636, #2700 ) ;
#2485 = ADVANCED_FACE ( 'NONE', ( #3320 ), #1269, .T. ) ;
#2486 = CARTESIAN_POINT ( 'NONE',  ( 114.4000000000000057, -0.06855999999999999595, 0.000000000000000000 ) ) ;
#2487 = CARTESIAN_POINT ( 'NONE',  ( 86.75727354306989980, -1.083740065524691820, 52.00000000000000711 ) ) ;
#2488 = ORIENTED_EDGE ( 'NONE', *, *, #26, .F. ) ;
#2489 = CARTESIAN_POINT ( 'NONE',  ( 0.4754099004171334353, 1.058598959152681429, 0.000000000000000000 ) ) ;
#2490 = CARTESIAN_POINT ( 'NONE',  ( 0.000000000000000000, 0.000000000000000000, 55.00000000000000000 ) ) ;
#2491 = CARTESIAN_POINT ( 'NONE',  ( 111.9008294260164149, 0.3399892986060862321, 111.9999999999999858 ) ) ;
#2492 = VECTOR ( 'NONE', #1441, 1000.000000000000114 ) ;
#2493 = ADVANCED_FACE ( 'NONE', ( #2302 ), #1001, .T. ) ;
#2494 = CARTESIAN_POINT ( 'NONE',  ( 111.9008294260164007, 0.6587051109874335619, 180.0000000000000000 ) ) ;
#2495 = DIRECTION ( 'NONE',  ( -0.9993263173578234015, -0.03670029204312422189, 0.000000000000000000 ) ) ;
#2496 = CARTESIAN_POINT ( 'NONE',  ( 96.71690841411503925, -0.7179673027035147204, 179.9999999999997158 ) ) ;
#2497 = CARTESIAN_POINT ( 'NONE',  ( 83.81705129401322552, 2.420280362814021480, 327.0000000000000000 ) ) ;
#2498 = CARTESIAN_POINT ( 'NONE',  ( 65.97143338373837196, 8.985123580394573040, 0.000000000000000000 ) ) ;
#2499 = CARTESIAN_POINT ( 'NONE',  ( 67.49640033467966305, 8.806921853577966530, 0.000000000000000000 ) ) ;
#2500 = VERTEX_POINT ( 'NONE', #472 ) ;
#2501 = EDGE_CURVE ( 'NONE', #1193, #2595, #233, .T. ) ;
#2502 = CARTESIAN_POINT ( 'NONE',  ( 88.06118438317453467, 7.478241219270040929, 2.000000000000000000 ) ) ;
#2503 = CARTESIAN_POINT ( 'NONE',  ( 86.35001255881995519, -0.5983853244293667606, 257.0000000000000000 ) ) ;
#2504 = ORIENTED_EDGE ( 'NONE', *, *, #970, .T. ) ;
#2505 = VERTEX_POINT ( 'NONE', #1670 ) ;
#2506 = CARTESIAN_POINT ( 'NONE',  ( 43.19200510062093912, 3.230673047233286077, 328.9999999999998295 ) ) ;
#2507 = CARTESIAN_POINT ( 'NONE',  ( 100.1788416674925202, 3.300277220532306988, 1.999999999999984013 ) ) ;
#2508 = ORIENTED_EDGE ( 'NONE', *, *, #1838, .T. ) ;
#2509 = EDGE_CURVE ( 'NONE', #454, #3300, #1081, .T. ) ;
#2510 = CARTESIAN_POINT ( 'NONE',  ( 0.1195125240556126206, -0.6932183893966826771, 0.000000000000000000 ) ) ;
#2511 = EDGE_LOOP ( 'NONE', ( #2430, #623, #3020, #504, #1983, #2739 ) ) ;
#2512 = LINE ( 'NONE', #3238, #2166 ) ;
#2513 = B_SPLINE_CURVE_WITH_KNOTS ( 'NONE', 3,
 ( #2066, #1515, #25, #221 ),
 .UNSPECIFIED., .F., .F.,
 ( 4, 4 ),
 ( 0.003000000000000002665, 0.06000000000000027534 ),
 .UNSPECIFIED. ) ;
#2514 = CARTESIAN_POINT ( 'NONE',  ( 90.37640154026166783, 5.236610560163779127, 0.000000000000000000 ) ) ;
#2515 = CARTESIAN_POINT ( 'NONE',  ( 91.52049876561858355, 5.020724867821646065, 0.000000000000000000 ) ) ;
#2516 = CARTESIAN_POINT ( 'NONE',  ( 43.47206597160634800, 10.47118597970139753, 0.000000000000000000 ) ) ;
#2517 = DIRECTION ( 'NONE',  ( 0.03670589649598998694, -0.9993261115183700305, -3.117218792905650401E-18 ) ) ;
#2518 = DIRECTION ( 'NONE',  ( 0.000000000000000000, 1.000000000000000000, 0.000000000000000000 ) ) ;
#2519 = EDGE_LOOP ( 'NONE', ( #2373, #1945, #1302, #2829, #2658 ) ) ;
#2520 = ORIENTED_EDGE ( 'NONE', *, *, #1998, .F. ) ;
#2521 = CARTESIAN_POINT ( 'NONE',  ( 88.06118438317453467, 7.478241219270040929, 55.00000000000000000 ) ) ;
#2522 = CARTESIAN_POINT ( 'NONE',  ( 0.02005156016064585031, 0.1356541052685061033, 0.000000000000000000 ) ) ;
#2523 = ORIENTED_EDGE ( 'NONE', *, *, #1221, .T. ) ;
#2524 = CARTESIAN_POINT ( 'NONE',  ( 86.75727333237441030, -1.083739814427592707, 111.9999999999999858 ) ) ;
#2525 = CARTESIAN_POINT ( 'NONE',  ( 81.07088799754794195, -1.292470784576979614, 329.0000000000002274 ) ) ;
#2526 = CARTESIAN_POINT ( 'NONE',  ( 111.9008294260164007, 0.3399886607216018319, 55.00000000000000000 ) ) ;
#2527 = ADVANCED_FACE ( 'NONE', ( #1443 ), #418, .T. ) ;
#2528 = CARTESIAN_POINT ( 'NONE',  ( 1.433213215000508800, -1.983564949949873313, 0.000000000000000000 ) ) ;
#2529 = CARTESIAN_POINT ( 'NONE',  ( 111.9008294260163865, -0.1603460212006482255, 249.0000000000000000 ) ) ;
#2530 = CARTESIAN_POINT ( 'NONE',  ( 86.75727748948369822, -1.083744768677505910, 177.0000000000000000 ) ) ;
#2531 = CARTESIAN_POINT ( 'NONE',  ( 78.93636952780775573, 7.210515860485408268, 0.000000000000000000 ) ) ;
#2532 = ORIENTED_EDGE ( 'NONE', *, *, #3091, .F. ) ;
#2533 = CARTESIAN_POINT ( 'NONE',  ( 69.10598983996402467, -1.731908369154807836, 329.0000000000007390 ) ) ;
#2534 = CARTESIAN_POINT ( 'NONE',  ( 111.8824798098075775, 0.3393171569353730099, 249.0000000000000000 ) ) ;
#2535 = VECTOR ( 'NONE', #122, 1000.000000000000000 ) ;
#2536 = ORIENTED_EDGE ( 'NONE', *, *, #1188, .F. ) ;
#2537 = ORIENTED_EDGE ( 'NONE', *, *, #2043, .T. ) ;
#2538 = CARTESIAN_POINT ( 'NONE',  ( 86.75727349766768270, -1.083740011416445048, 52.00000000000000711 ) ) ;
#2539 = DIRECTION ( 'NONE',  ( 0.7660444431189769032, 0.6427876096865408062, 0.000000000000000000 ) ) ;
#2540 = CARTESIAN_POINT ( 'NONE',  ( 2.315030989328294542, -2.335207148412724809, 0.000000000000000000 ) ) ;
#2541 = CARTESIAN_POINT ( 'NONE',  ( 111.9008294260164007, 0.6581782794274511073, 254.0000000000000000 ) ) ;
#2542 = LINE ( 'NONE', #3123, #2409 ) ;
#2543 = CARTESIAN_POINT ( 'NONE',  ( 114.4000000000000057, -0.06855999999999999595, 0.000000000000000000 ) ) ;
#2544 = AXIS2_PLACEMENT_3D ( 'NONE', #3007, #3021, #2441 ) ;
#2545 = CARTESIAN_POINT ( 'NONE',  ( 111.9008294260164007, -0.1603484532161225939, 52.00000000000000711 ) ) ;
#2546 = VECTOR ( 'NONE', #1841, 1000.000000000000000 ) ;
#2547 = CARTESIAN_POINT ( 'NONE',  ( 111.9008294260164007, -0.1603452794301968853, 303.6666666666666288 ) ) ;
#2548 = CARTESIAN_POINT ( 'NONE',  ( 45.40374366568970999, 4.146112782043347877, 328.9999999999998295 ) ) ;
#2549 = CARTESIAN_POINT ( 'NONE',  ( 106.3924436462557281, 1.931875778657422993, 0.000000000000000000 ) ) ;
#2550 = CARTESIAN_POINT ( 'NONE',  ( 56.82334980667359758, 9.862391234211571600, 0.000000000000000000 ) ) ;
#2551 = CARTESIAN_POINT ( 'NONE',  ( 111.9008294260164007, 0.3399910277142182968, 249.0000000000000000 ) ) ;
#2552 = EDGE_CURVE ( 'NONE', #13, #1625, #3235, .T. ) ;
#2553 = CARTESIAN_POINT ( 'NONE',  ( 59.62838314100746118, -2.079865976872766087, 0.000000000000000000 ) ) ;
#2554 = PLANE ( 'NONE',  #130 ) ;
#2555 = VERTEX_POINT ( 'NONE', #1161 ) ;
#2556 = ORIENTED_EDGE ( 'NONE', *, *, #2670, .T. ) ;
#2557 = CARTESIAN_POINT ( 'NONE',  ( 111.9008294260163865, -0.1603460212006482255, 257.0000000000000000 ) ) ;
#2558 = FACE_OUTER_BOUND ( 'NONE', #3208, .T. ) ;
#2559 = CARTESIAN_POINT ( 'NONE',  ( -0.009929010753440528983, -0.04353626288238063302, 0.000000000000000000 ) ) ;
#2560 = DIRECTION ( 'NONE',  ( 0.7660444431189817882, -0.6427876096865348110, 0.000000000000000000 ) ) ;
#2561 = ORIENTED_EDGE ( 'NONE', *, *, #3173, .F. ) ;
#2562 = CARTESIAN_POINT ( 'NONE',  ( 82.95815561244891967, -1.223299103599300830, 201.4957946216505604 ) ) ;
#2563 = CARTESIAN_POINT ( 'NONE',  ( 98.07901944285701745, 3.553794897257406493, 329.0000000000000000 ) ) ;
#2564 = CARTESIAN_POINT ( 'NONE',  ( 111.9008294260164007, -0.1603481972445013060, 77.33333333333332860 ) ) ;
#2565 = VECTOR ( 'NONE', #986, 1000.000000000000000 ) ;
#2566 = CARTESIAN_POINT ( 'NONE',  ( 102.9606644392120103, 2.667185275163535874, 182.0000000000002274 ) ) ;
#2567 = AXIS2_PLACEMENT_3D ( 'NONE', #2806, #229, #3352 ) ;
#2568 = CARTESIAN_POINT ( 'NONE',  ( 98.40713032443571251, -0.6558944519005606155, 251.9999999999997726 ) ) ;
#2569 = EDGE_CURVE ( 'NONE', #2020, #341, #897, .T. ) ;
#2570 = PRODUCT_DEFINITION_FORMATION_WITH_SPECIFIED_SOURCE ( 'ä»', '', #2751, .NOT_KNOWN. ) ;
#2571 = CARTESIAN_POINT ( 'NONE',  ( 44.28531036956260891, 3.718762784259736609, 328.9999999999993179 ) ) ;
#2572 = CARTESIAN_POINT ( 'NONE',  ( 42.22382225212984252, 10.49114447452352472, 0.000000000000000000 ) ) ;
#2573 = APPLICATION_CONTEXT ( 'automotive_design' ) ;
#2574 = CARTESIAN_POINT ( 'NONE',  ( 62.32586682994467253, -1.980536614428658249, 328.9999999999998295 ) ) ;
#2575 = EDGE_CURVE ( 'NONE', #2183, #369, #1691, .T. ) ;
#2576 = CARTESIAN_POINT ( 'NONE',  ( 86.73893716925522313, -0.5840986643999728223, 254.0000000000000000 ) ) ;
#2577 = ORIENTED_EDGE ( 'NONE', *, *, #2696, .F. ) ;
#2578 = DIRECTION ( 'NONE',  ( 0.000000000000000000, 1.000000000000000000, 0.000000000000000000 ) ) ;
#2579 = PLANE ( 'NONE',  #3143 ) ;
#2580 = CARTESIAN_POINT ( 'NONE',  ( 42.21762123501675035, 2.698320603309273036, 329.0000000000000000 ) ) ;
#2581 = CARTESIAN_POINT ( 'NONE',  ( 0.3357730192773761835, 0.8471168840609525352, 0.000000000000000000 ) ) ;
#2582 = DIRECTION ( 'NONE',  ( 2.773687740400181649E-14, 1.000000000000000000, 0.000000000000000000 ) ) ;
#2583 = EDGE_LOOP ( 'NONE', ( #489, #2556, #3033, #163 ) ) ;
#2584 = CARTESIAN_POINT ( 'NONE',  ( 113.8279999974748051, -0.08956993123905866716, 0.000000000000000000 ) ) ;
#2585 = CARTESIAN_POINT ( 'NONE',  ( 54.74745293117266698, -2.238889660876244747, 328.9999999999998295 ) ) ;
#2586 = LINE ( 'NONE', #198, #1684 ) ;
#2587 = LINE ( 'NONE', #1536, #2565 ) ;
#2588 = DIRECTION ( 'NONE',  ( 0.000000000000000000, 1.000000000000000000, 0.000000000000000000 ) ) ;
#2589 = CARTESIAN_POINT ( 'NONE',  ( 111.9008294260164007, 0.3399886607216017209, 57.00000000000000000 ) ) ;
#2590 = CARTESIAN_POINT ( 'NONE',  ( 4.669276236003135239, 4.535820751416180130, 0.000000000000000000 ) ) ;
#2591 = CARTESIAN_POINT ( 'NONE',  ( 64.10074671622415110, 9.196499964264669202, 0.000000000000000000 ) ) ;
#2592 = CARTESIAN_POINT ( 'NONE',  ( 43.47199996356269480, -2.672448997473165555, 0.000000000000000000 ) ) ;
#2593 = CARTESIAN_POINT ( 'NONE',  ( 56.84341417011180653, 6.510339719936546032, 329.0000000000000000 ) ) ;
#2594 = EDGE_LOOP ( 'NONE', ( #253, #3254, #374, #1069 ) ) ;
#2595 = VERTEX_POINT ( 'NONE', #385 ) ;
#2596 = CARTESIAN_POINT ( 'NONE',  ( 86.54270586709233726, 5.668588992451891073, 205.6086902388627777 ) ) ;
#2597 = CARTESIAN_POINT ( 'NONE',  ( 0.05099482132204184726, 0.2511941069664657133, 0.000000000000000000 ) ) ;
#2598 = CARTESIAN_POINT ( 'NONE',  ( 111.8824798098075775, 0.3393171569353730099, 257.0000000000000000 ) ) ;
#2599 = CARTESIAN_POINT ( 'NONE',  ( 111.9008294260164007, 0.6590583519349972885, 115.0000000000000000 ) ) ;
#2600 = EDGE_CURVE ( 'NONE', #2691, #2235, #2995, .T. ) ;
#2601 = VECTOR ( 'NONE', #3309, 1000.000000000000000 ) ;
#2602 = CARTESIAN_POINT ( 'NONE',  ( 86.40017546677371740, 5.498727875818309130, 302.6666966032943833 ) ) ;
#2603 = CARTESIAN_POINT ( 'NONE',  ( 90.34459245260609350, -0.9519948709726480107, 252.0000000000002274 ) ) ;
#2604 = CARTESIAN_POINT ( 'NONE',  ( 93.98764517664196205, -0.8182037374915439587, 249.0000000000000000 ) ) ;
#2605 = COLOUR_RGB ( '',1.000000000000000000, 1.000000000000000000, 1.000000000000000000 ) ;
#2606 = CARTESIAN_POINT ( 'NONE',  ( 0.2227176076624322321, 0.6770619950843719259, 0.000000000000000000 ) ) ;
#2607 = CARTESIAN_POINT ( 'NONE',  ( 64.87711080975755351, 6.847358922850097507, 329.0000000000001705 ) ) ;
#2608 = CARTESIAN_POINT ( 'NONE',  ( 31.65069135272882761, -3.111371725064094651, 0.000000000000000000 ) ) ;
#2609 = PLANE ( 'NONE',  #934 ) ;
#2610 = ORIENTED_EDGE ( 'NONE', *, *, #2856, .F. ) ;
#2611 = ORIENTED_EDGE ( 'NONE', *, *, #2248, .T. ) ;
#2612 = EDGE_CURVE ( 'NONE', #360, #1417, #154, .T. ) ;
#2613 = CARTESIAN_POINT ( 'NONE',  ( 61.77599986613864758, -2.001019688377183581, 0.000000000000000000 ) ) ;
#2614 = CARTESIAN_POINT ( 'NONE',  ( 86.34999155101986901, -0.5983602883001428729, 51.99999999999999289 ) ) ;
#2615 = CARTESIAN_POINT ( 'NONE',  ( 111.9008294260164007, -9.946594549830242826, 252.0000000000000000 ) ) ;
#2616 = VERTEX_POINT ( 'NONE', #2221 ) ;
#2617 = CARTESIAN_POINT ( 'NONE',  ( 109.3248377008995647, 1.248770612779388944, 329.0000000000000000 ) ) ;
#2618 = CARTESIAN_POINT ( 'NONE',  ( 111.8824798098075775, 0.3393171569353730099, 249.0000000000000000 ) ) ;
#2619 = CARTESIAN_POINT ( 'NONE',  ( 65.59067877186966200, -1.859493689605600242, 329.0000000000000000 ) ) ;
#2620 = CARTESIAN_POINT ( 'NONE',  ( 88.24983287386916686, -1.028961692777800474, 328.9999999999998295 ) ) ;
#2621 = CARTESIAN_POINT ( 'NONE',  ( 91.10296233170139146, 4.747540640056113759, 328.9999999999998863 ) ) ;
#2622 = CARTESIAN_POINT ( 'NONE',  ( 83.98840671691165483, 5.740985834281852718, 329.0000000000000000 ) ) ;
#2623 = CARTESIAN_POINT ( 'NONE',  ( 45.96886028273485181, 4.343707445770133901, 329.0000000000001705 ) ) ;
#2624 = AXIS2_PLACEMENT_3D ( 'NONE', #1619, #1121, #526 ) ;
#2625 = CARTESIAN_POINT ( 'NONE',  ( 47.84434838398377110, 4.926861922969487217, 329.0000000000000000 ) ) ;
#2626 = CARTESIAN_POINT ( 'NONE',  ( 54.91200000919096169, -2.253520249793300234, 0.000000000000000000 ) ) ;
#2627 = LINE ( 'NONE', #82, #1597 ) ;
#2628 = PLANE ( 'NONE',  #2982 ) ;
#2629 = CARTESIAN_POINT ( 'NONE',  ( 83.83421923822389488, 5.754349110964540159, 329.0000000000000000 ) ) ;
#2630 = CARTESIAN_POINT ( 'NONE',  ( 15.80574243117894717, -3.461350305964711271, 0.000000000000000000 ) ) ;
#2631 = CARTESIAN_POINT ( 'NONE',  ( 50.34628044815949721, -2.287860361520691832, 329.0000000000000000 ) ) ;
#2632 = CARTESIAN_POINT ( 'NONE',  ( 111.9008294260163865, -0.1603460212006482255, 257.0000000000000000 ) ) ;
#2633 = CARTESIAN_POINT ( 'NONE',  ( 86.75729217541433513, -1.083762270687981477, 255.9999999999998863 ) ) ;
#2634 = EDGE_CURVE ( 'NONE', #655, #957, #2637, .T. ) ;
#2635 = CARTESIAN_POINT ( 'NONE',  ( 111.9008294260164007, -0.1603489315469414089, 2.000000000000000000 ) ) ;
#2636 = CARTESIAN_POINT ( 'NONE',  ( 74.36000024509304751, -1.539083340133363231, 0.000000000000000000 ) ) ;
#2637 = B_SPLINE_CURVE_WITH_KNOTS ( 'NONE', 3,
 ( #3252, #1973, #3008, #670, #1726, #1779, #2852, #2083 ),
 .UNSPECIFIED., .F., .F.,
 ( 4, 1, 1, 1, 1, 4 ),
 ( 0.000000000000000000, 0.003849841407461921522, 0.01026196798339217009, 0.01667409455932242907, 0.02308622113525267416, 0.02516050607420442647 ),
 .UNSPECIFIED. ) ;
#2638 = ORIENTED_EDGE ( 'NONE', *, *, #158, .F. ) ;
#2639 = CARTESIAN_POINT ( 'NONE',  ( 80.08000002801253459, -1.328970762797726080, 0.000000000000000000 ) ) ;
#2640 = LINE ( 'NONE', #1876, #174 ) ;
#2641 = CARTESIAN_POINT ( 'NONE',  ( 86.34999155101986901, -0.5983602883001433170, 55.00000000000000000 ) ) ;
#2642 = VERTEX_POINT ( 'NONE', #1851 ) ;
#2643 = CARTESIAN_POINT ( 'NONE',  ( 5.772134182227188326, -2.991095775737271367, 0.000000000000000000 ) ) ;
#2644 = CARTESIAN_POINT ( 'NONE',  ( 54.59479723847355359, -2.241804986989346382, 329.0000000000000000 ) ) ;
#2645 = PLANE ( 'NONE',  #2379 ) ;
#2646 = VECTOR ( 'NONE', #1570, 1000.000000000000000 ) ;
#2647 = CARTESIAN_POINT ( 'NONE',  ( 100.5389082124000453, 3.102875612018633600, 328.9999999999996021 ) ) ;
#2648 = LINE ( 'NONE', #2403, #110 ) ;
#2649 = B_SPLINE_CURVE_WITH_KNOTS ( 'NONE', 3,
 ( #1342, #2375, #53, #2424, #1110, #106, #1908 ),
 .UNSPECIFIED., .F., .F.,
 ( 4, 1, 1, 1, 4 ),
 ( 0.01531462871388702615, 0.05188381286330936981, 0.08845299701273169612, 0.1250221811621540224, 0.1615913653115763626 ),
 .UNSPECIFIED. ) ;
#2650 = CARTESIAN_POINT ( 'NONE',  ( 91.10296233170139146, 4.747540640056113759, 328.9999999999998863 ) ) ;
#2651 = CARTESIAN_POINT ( 'NONE',  ( 114.8187744743647869, -0.03071265880303271703, 328.9999999999999432 ) ) ;
#2652 = CARTESIAN_POINT ( 'NONE',  ( 110.9917313044413163, -0.1937317145176628008, 254.0000000000001137 ) ) ;
#2653 = FACE_OUTER_BOUND ( 'NONE', #3048, .T. ) ;
#2654 = VERTEX_POINT ( 'NONE', #514 ) ;
#2655 = CARTESIAN_POINT ( 'NONE',  ( 64.06399978012183283, -1.917017341559688282, 0.000000000000000000 ) ) ;
#2656 = DIRECTION ( 'NONE',  ( 0.6427876096865450251, -0.7660444431189733505, 0.000000000000000000 ) ) ;
#2657 = DIRECTION ( 'NONE',  ( 0.6427876096865450251, -0.7660444431189733505, 0.000000000000000000 ) ) ;
#2658 = ORIENTED_EDGE ( 'NONE', *, *, #710, .T. ) ;
#2659 = CARTESIAN_POINT ( 'NONE',  ( 39.75733740999064736, -0.6167594547453894016, 329.0000000000000000 ) ) ;
#2660 = PLANE ( 'NONE',  #2807 ) ;
#2661 = DIRECTION ( 'NONE',  ( 2.773687716611303550E-14, 1.000000000000000000, 0.000000000000000000 ) ) ;
#2662 = CARTESIAN_POINT ( 'NONE',  ( 55.71014408297985909, 6.413282511314649881, 329.0000000000011369 ) ) ;
#2663 = DIRECTION ( 'NONE',  ( 0.9993263562720425819, 0.03669923241761998550, 0.000000000000000000 ) ) ;
#2664 = EDGE_CURVE ( 'NONE', #2845, #2183, #2587, .T. ) ;
#2665 = CARTESIAN_POINT ( 'NONE',  ( 67.59000874264700087, 6.850583630929703460, 329.0000000000000000 ) ) ;
#2666 = ORIENTED_EDGE ( 'NONE', *, *, #3109, .T. ) ;
#2667 = PLANE ( 'NONE',  #1031 ) ;
#2668 = CARTESIAN_POINT ( 'NONE',  ( 16.01255968070439550, 8.403481941187493476, 0.000000000000000000 ) ) ;
#2669 = VERTEX_POINT ( 'NONE', #1278 ) ;
#2670 = EDGE_CURVE ( 'NONE', #1417, #2370, #3060, .T. ) ;
#2671 = CARTESIAN_POINT ( 'NONE',  ( 34.31998862094260261, -3.009537950107590287, 0.000000000000000000 ) ) ;
#2672 = CARTESIAN_POINT ( 'NONE',  ( 107.5365657001762116, 1.673380569148326558, 0.000000000000000000 ) ) ;
#2673 = B_SPLINE_SURFACE_WITH_KNOTS ( 'NONE', 3, 1, ( 
 ( #1790, #3031 ),
 ( #3334, #2805 ),
 ( #716, #1767 ),
 ( #751, #2318 ),
 ( #1086, #539 ),
 ( #2858, #1544 ),
 ( #2576, #2336 ) ),
 .UNSPECIFIED., .F., .F., .F.,
 ( 4, 1, 1, 1, 4 ),
 ( 2, 2 ),
 ( 0.01531462871388702615, 0.05188381286330936981, 0.08845299701273169612, 0.1250221811621540224, 0.1615913653115763626 ),
 ( 0.000000000000000000, 1.000000000000000000 ),
 .UNSPECIFIED. ) ;
#2674 = CARTESIAN_POINT ( 'NONE',  ( 86.97350075058052710, 5.799640397016278648, 57.00000000000001421 ) ) ;
#2675 = VERTEX_POINT ( 'NONE', #2349 ) ;
#2676 = CARTESIAN_POINT ( 'NONE',  ( 74.33777587698919831, 6.614986771951827826, 329.0000000000000000 ) ) ;
#2677 = CARTESIAN_POINT ( 'NONE',  ( 6.983004288650841218, -3.124332127504656054, 0.000000000000000000 ) ) ;
#2678 = CARTESIAN_POINT ( 'NONE',  ( 99.31070844905764261, -0.1223754370173359279, 252.0000000000000000 ) ) ;
#2679 = CARTESIAN_POINT ( 'NONE',  ( 43.72323970778450075, -2.015405549225963266, 329.0000000000000000 ) ) ;
#2680 = DIRECTION ( 'NONE',  ( -0.9993263562720425819, -0.03669923241761998550, 0.000000000000000000 ) ) ;
#2681 = DIRECTION ( 'NONE',  ( -0.9993263173578232905, -0.03670029204312849624, 0.000000000000000000 ) ) ;
#2682 = LINE ( 'NONE', #1370, #2089 ) ;
#2683 = ORIENTED_EDGE ( 'NONE', *, *, #2501, .T. ) ;
#2684 = B_SPLINE_CURVE_WITH_KNOTS ( 'NONE', 3,
 ( #366, #57, #2955, #2148, #1115, #848, #3186 ),
 .UNSPECIFIED., .F., .F.,
 ( 4, 3, 4 ),
 ( 1.387778780781445676E-17, 0.04073993671117682319, 0.05800005562582637164 ),
 .UNSPECIFIED. ) ;
#2685 = EDGE_CURVE ( 'NONE', #2980, #933, #2842, .T. ) ;
#2686 = GEOMETRIC_CURVE_SET ( 'NONE', ( #1953, #557, #1260, #1845, #403, #3080, #511 ) ) ;
#2687 = ORIENTED_EDGE ( 'NONE', *, *, #2227, .F. ) ;
#2688 = CARTESIAN_POINT ( 'NONE',  ( 111.5399997167505575, -0.1735956199933121058, 0.000000000000000000 ) ) ;
#2689 = CARTESIAN_POINT ( 'NONE',  ( 68.64051124425516548, 8.668102187506427470, 0.000000000000000000 ) ) ;
#2690 = FACE_OUTER_BOUND ( 'NONE', #869, .T. ) ;
#2691 = VERTEX_POINT ( 'NONE', #2822 ) ;
#2692 = LINE ( 'NONE', #2966, #2274 ) ;
#2693 = FACE_BOUND ( 'NONE', #2158, .T. ) ;
#2694 = CARTESIAN_POINT ( 'NONE',  ( 111.9008294260163865, -0.1603460212006482255, 249.0000000000000000 ) ) ;
#2695 = FACE_OUTER_BOUND ( 'NONE', #3100, .T. ) ;
#2696 = EDGE_CURVE ( 'NONE', #1721, #1546, #483, .T. ) ;
#2697 = CARTESIAN_POINT ( 'NONE',  ( 86.87932012084374378, -1.079259850480647875, 0.000000000000000000 ) ) ;
#2698 = CARTESIAN_POINT ( 'NONE',  ( 114.3999999988899248, 0.06856000026313635587, 0.000000000000000000 ) ) ;
#2699 = ORIENTED_EDGE ( 'NONE', *, *, #2171, .F. ) ;
#2700 = DIRECTION ( 'NONE',  ( -0.9993263259286705447, -0.03670005866349869417, 0.000000000000000000 ) ) ;
#2701 = VECTOR ( 'NONE', #1987, 1000.000000000000000 ) ;
#2702 = CARTESIAN_POINT ( 'NONE',  ( 0.2402088126517064604, 0.6880703640894061390, 0.000000000000000000 ) ) ;
#2703 = ORIENTED_EDGE ( 'NONE', *, *, #1929, .T. ) ;
#2704 = VECTOR ( 'NONE', #2773, 1000.000000000000000 ) ;
#2705 = CARTESIAN_POINT ( 'NONE',  ( 99.52799975548843747, -0.6147266756815121802, 0.000000000000000000 ) ) ;
#2706 = CARTESIAN_POINT ( 'NONE',  ( 101.9252081852941956, 2.902836165939689739, 115.0000000000000853 ) ) ;
#2707 = EDGE_LOOP ( 'NONE', ( #2794, #1982, #3009, #884, #1137, #230 ) ) ;
#2708 = CARTESIAN_POINT ( 'NONE',  ( 2.182683916661980028, -2.312783756027203097, 0.000000000000000000 ) ) ;
#2709 = CARTESIAN_POINT ( 'NONE',  ( 94.36329500548882265, 4.304873307940367155, 252.0000000000003979 ) ) ;
#2710 = CARTESIAN_POINT ( 'NONE',  ( 0.000000000000000000, 0.000000000000000000, 177.0000000000000000 ) ) ;
#2711 = DIRECTION ( 'NONE',  ( 0.7660444431189769032, 0.6427876096865406952, 0.000000000000000000 ) ) ;
#2712 = CARTESIAN_POINT ( 'NONE',  ( 86.75729166573823647, -1.083761663289079413, 257.0000000000000000 ) ) ;
#2713 = CARTESIAN_POINT ( 'NONE',  ( 82.95812720334009782, -1.223265246941791062, 0.000000000000000000 ) ) ;
#2714 = CARTESIAN_POINT ( 'NONE',  ( 86.35001255881995519, -0.5983853244293667606, 249.0000000000000000 ) ) ;
#2715 = EDGE_CURVE ( 'NONE', #1468, #2040, #1698, .T. ) ;
#2716 = CARTESIAN_POINT ( 'NONE',  ( 7.053349896974262734, -3.123478182233473621, 0.000000000000000000 ) ) ;
#2717 = EDGE_LOOP ( 'NONE', ( #3343, #178, #2687, #2092, #1673, #390 ) ) ;
#2718 = CARTESIAN_POINT ( 'NONE',  ( 110.8413238359585478, 0.9073799926278581784, 180.0000000000000568 ) ) ;
#2719 = DIRECTION ( 'NONE',  ( -1.000000000000000000, 0.000000000000000000, 0.000000000000000000 ) ) ;
#2720 = ORIENTED_EDGE ( 'NONE', *, *, #26, .T. ) ;
#2721 = CARTESIAN_POINT ( 'NONE',  ( 86.94399971092957458, -1.076875462415916029, 0.000000000000000000 ) ) ;
#2722 = ORIENTED_EDGE ( 'NONE', *, *, #1496, .T. ) ;
#2723 = CARTESIAN_POINT ( 'NONE',  ( 40.10202979910347665, 0.9079461835023510119, 329.0000000000001705 ) ) ;
#2724 = LINE ( 'NONE', #1663, #159 ) ;
#2725 = CARTESIAN_POINT ( 'NONE',  ( 93.58035915109012137, -0.8331663245308618126, 329.0000000000000000 ) ) ;
#2726 = CARTESIAN_POINT ( 'NONE',  ( 105.0006930992977914, -0.4137501561514130843, 329.0000000000006253 ) ) ;
#2727 = CARTESIAN_POINT ( 'NONE',  ( 88.30213863824108955, -1.027013408905828928, 254.0000000000003979 ) ) ;
#2728 = CARTESIAN_POINT ( 'NONE',  ( 106.7200533028379965, -0.3506005746268442413, 56.99999999999995026 ) ) ;
#2729 = DIRECTION ( 'NONE',  ( 0.000000000000000000, 0.000000000000000000, 1.000000000000000000 ) ) ;
#2730 = CARTESIAN_POINT ( 'NONE',  ( 114.4000000000000057, -0.06855999999999999595, 0.000000000000000000 ) ) ;
#2731 = CARTESIAN_POINT ( 'NONE',  ( 91.02688169454600597, 4.762877961780874081, 327.0000000000000000 ) ) ;
#2732 = ORIENTED_EDGE ( 'NONE', *, *, #461, .F. ) ;
#2733 = EDGE_CURVE ( 'NONE', #2959, #2895, #954, .T. ) ;
#2734 = LINE ( 'NONE', #1445, #2601 ) ;
#2735 = CARTESIAN_POINT ( 'NONE',  ( 8.502418295216218169, -3.225009158134750642, 0.000000000000000000 ) ) ;
#2736 = CARTESIAN_POINT ( 'NONE',  ( 9.143854589302334190, 6.457425580615410610, 0.000000000000000000 ) ) ;
#2737 = EDGE_CURVE ( 'NONE', #454, #3282, #1212, .T. ) ;
#2738 = CARTESIAN_POINT ( 'NONE',  ( 114.9008294260163723, -0.05016421021564966554, 0.000000000000000000 ) ) ;
#2739 = ORIENTED_EDGE ( 'NONE', *, *, #3358, .F. ) ;
#2740 = CARTESIAN_POINT ( 'NONE',  ( 114.1977479989565722, -0.07598884723098867089, 329.0000000000000000 ) ) ;
#2741 = ORIENTED_EDGE ( 'NONE', *, *, #903, .F. ) ;
#2742 = CARTESIAN_POINT ( 'NONE',  ( 111.8824798098075775, 0.3393171569353730099, 254.0000000000000000 ) ) ;
#2743 = CARTESIAN_POINT ( 'NONE',  ( 87.11423403281776245, -1.070633770656467032, 180.0000000000000568 ) ) ;
#2744 = CARTESIAN_POINT ( 'NONE',  ( 86.75727349766768270, -1.083740011416445048, 60.00000000000000711 ) ) ;
#2745 = CARTESIAN_POINT ( 'NONE',  ( 114.5252073565041400, 0.03887894744609002307, 0.000000000000000000 ) ) ;
#2746 = ADVANCED_FACE ( 'NONE', ( #3032 ), #1963, .T. ) ;
#2747 = CARTESIAN_POINT ( 'NONE',  ( 114.0186742301097951, 0.1589552493869937633, 0.000000000000000000 ) ) ;
#2748 = CARTESIAN_POINT ( 'NONE',  ( 83.51237424158648537, 6.461652766729223174, 0.000000000000000000 ) ) ;
#2749 = VECTOR ( 'NONE', #1882, 1000.000000000000114 ) ;
#2750 = ADVANCED_FACE ( 'NONE', ( #208 ), #2554, .T. ) ;
#2751 = PRODUCT ( '\X2\5347964d8235\X0\', '\X2\5347964d8235\X0\', '', ( #3227 ) ) ;
#2752 = VERTEX_POINT ( 'NONE', #468 ) ;
#2753 = CARTESIAN_POINT ( 'NONE',  ( 39.62123792633239105, 0.1529066413896986998, 328.9999999999996589 ) ) ;
#2754 = CARTESIAN_POINT ( 'NONE',  ( 110.3683070456857820, 1.020431608612438312, 1.999999999999981792 ) ) ;
#2755 = AXIS2_PLACEMENT_3D ( 'NONE', #1705, #123, #2495 ) ;
#2756 = ORIENTED_EDGE ( 'NONE', *, *, #630, .F. ) ;
#2757 = DIRECTION ( 'NONE',  ( -0.6427876096865348110, -0.7660444431189817882, -0.000000000000000000 ) ) ;
#2758 = CARTESIAN_POINT ( 'NONE',  ( 86.75727326472873813, -1.083739733810586303, 111.9999999999999716 ) ) ;
#2759 = LINE ( 'NONE', #399, #2492 ) ;
#2760 = DIRECTION ( 'NONE',  ( 0.000000000000000000, 0.000000000000000000, 1.000000000000000000 ) ) ;
#2761 = CARTESIAN_POINT ( 'NONE',  ( 0.02005156016064585031, 0.1356541052685061033, 0.000000000000000000 ) ) ;
#2762 = VERTEX_POINT ( 'NONE', #407 ) ;
#2763 = DIRECTION ( 'NONE',  ( 0.000000000000000000, 0.000000000000000000, 1.000000000000000000 ) ) ;
#2764 = B_SPLINE_CURVE_WITH_KNOTS ( 'NONE', 3,
 ( #2157, #622, #162, #1699, #2706, #1435, #3262, #1387 ),
 .UNSPECIFIED., .F., .F.,
 ( 4, 1, 1, 1, 1, 4 ),
 ( 0.002860535872059452416, 0.005559128471381503261, 0.01198537146085247584, 0.01841161445032344843, 0.02483785743979442448, 0.02863460123722235545 ),
 .UNSPECIFIED. ) ;
#2765 = CARTESIAN_POINT ( 'NONE',  ( 56.05626412491820787, 9.912560652932391747, 0.000000000000000000 ) ) ;
#2766 = EDGE_CURVE ( 'NONE', #1571, #2877, #1916, .T. ) ;
#2767 = CARTESIAN_POINT ( 'NONE',  ( 94.95240349021919712, 4.353701875351719153, 0.000000000000000000 ) ) ;
#2768 = CARTESIAN_POINT ( 'NONE',  ( 48.04820951034984233, 10.36186523215014077, 0.000000000000000000 ) ) ;
#2769 = CARTESIAN_POINT ( 'NONE',  ( 114.9008294260164007, -0.05016421021564967248, 329.0000000000000000 ) ) ;
#2770 = CARTESIAN_POINT ( 'NONE',  ( 93.78249537536387948, -0.8257326686808652561, 54.99999999999990763 ) ) ;
#2771 = ORIENTED_EDGE ( 'NONE', *, *, #1245, .F. ) ;
#2772 = VERTEX_POINT ( 'NONE', #3046 ) ;
#2773 = DIRECTION ( 'NONE',  ( 0.000000000000000000, 0.000000000000000000, 1.000000000000000000 ) ) ;
#2774 = EDGE_CURVE ( 'NONE', #873, #1768, #161, .T. ) ;
#2775 = CARTESIAN_POINT ( 'NONE',  ( 22.87811680191890673, 9.603315526404449187, 0.000000000000000000 ) ) ;
#2776 = ORIENTED_EDGE ( 'NONE', *, *, #1601, .T. ) ;
#2777 = CARTESIAN_POINT ( 'NONE',  ( 86.34999155101986901, -0.5983602883001503114, 52.00000000000000711 ) ) ;
#2778 = LINE ( 'NONE', #444, #1087 ) ;
#2779 = FACE_OUTER_BOUND ( 'NONE', #571, .T. ) ;
#2780 = CARTESIAN_POINT ( 'NONE',  ( 111.9008294260164149, 0.6586928181967676155, 182.0000000000000284 ) ) ;
#2781 = CARTESIAN_POINT ( 'NONE',  ( 111.9008294260164007, 0.3399886607216017209, 52.00000000000000711 ) ) ;
#2782 = CARTESIAN_POINT ( 'NONE',  ( 11.43970083607612587, -3.362683324515828520, 0.000000000000000000 ) ) ;
#2783 = VERTEX_POINT ( 'NONE', #717 ) ;
#2784 = CARTESIAN_POINT ( 'NONE',  ( 41.24918983354890401, 2.016931498215861485, 329.0000000000001137 ) ) ;
#2785 = CARTESIAN_POINT ( 'NONE',  ( 109.6336381647456193, 1.191142675334583956, 0.000000000000000000 ) ) ;
#2786 = CARTESIAN_POINT ( 'NONE',  ( 81.22436456572339125, 6.842941115482718217, 0.000000000000000000 ) ) ;
#2787 = CARTESIAN_POINT ( 'NONE',  ( 24.02276592629426233, 9.738738867826448597, 0.000000000000000000 ) ) ;
#2788 = DIRECTION ( 'NONE',  ( 0.9993259977782117387, 0.03670899296605030504, 0.000000000000000000 ) ) ;
#2789 = ORIENTED_EDGE ( 'NONE', *, *, #1545, .T. ) ;
#2790 = ORIENTED_EDGE ( 'NONE', *, *, #870, .T. ) ;
#2791 = CARTESIAN_POINT ( 'NONE',  ( 111.9008294260163865, 0.6582640652792164371, 243.4143878334126327 ) ) ;
#2792 = CARTESIAN_POINT ( 'NONE',  ( 95.67200250651903559, 4.171354955632720518, 116.9999999999998721 ) ) ;
#2793 = CARTESIAN_POINT ( 'NONE',  ( 0.2402088126517064604, 0.6880703640894061390, 0.000000000000000000 ) ) ;
#2794 = ORIENTED_EDGE ( 'NONE', *, *, #694, .F. ) ;
#2795 = CARTESIAN_POINT ( 'NONE',  ( 104.5768865392702480, 2.276794327476711288, 329.0000000000000000 ) ) ;
#2796 = CARTESIAN_POINT ( 'NONE',  ( 112.9772959754905912, -0.1208168419519531217, 329.0000000000000000 ) ) ;
#2797 = CARTESIAN_POINT ( 'NONE',  ( 86.73892347695903027, -0.5840768481354281505, 52.00000000000000711 ) ) ;
#2798 = EDGE_CURVE ( 'NONE', #104, #441, #2001, .T. ) ;
#2799 = CARTESIAN_POINT ( 'NONE',  ( 111.9008294260163865, -0.1603460212006482255, 257.0000000000000000 ) ) ;
#2800 = DIRECTION ( 'NONE',  ( 1.000000000000000000, 0.000000000000000000, -0.000000000000000000 ) ) ;
#2801 = CARTESIAN_POINT ( 'NONE',  ( 44.84210253934904244, 3.938814450278936174, 329.0000000000004547 ) ) ;
#2802 = CARTESIAN_POINT ( 'NONE',  ( 41.18399838533454016, 10.48314338092421316, 0.000000000000000000 ) ) ;
#2803 = CARTESIAN_POINT ( 'NONE',  ( 54.12560397364830322, 6.217984373768853601, 328.9999999999990905 ) ) ;
#2804 = B_SPLINE_CURVE_WITH_KNOTS ( 'NONE', 3,
 ( #2197, #2229, #1136, #103, #3000, #1714, #3195 ),
 .UNSPECIFIED., .F., .F.,
 ( 4, 3, 4 ),
 ( 0.002999999999999488753, 0.06151077318022356993, 0.06700000000000377876 ),
 .UNSPECIFIED. ) ;
#2805 = CARTESIAN_POINT ( 'NONE',  ( 109.7871838215895934, 0.2623695672188540162, 257.0000000000000000 ) ) ;
#2806 = CARTESIAN_POINT ( 'NONE',  ( 0.000000000000000000, 0.000000000000000000, 57.00000000000000000 ) ) ;
#2807 = AXIS2_PLACEMENT_3D ( 'NONE', #2126, #2414, #1097 ) ;
#2808 = ORIENTED_EDGE ( 'NONE', *, *, #2501, .F. ) ;
#2809 = ORIENTED_EDGE ( 'NONE', *, *, #3207, .T. ) ;
#2810 = CARTESIAN_POINT ( 'NONE',  ( 93.98764517664196205, -0.8182037374915439587, 257.0000000000000000 ) ) ;
#2811 = DIRECTION ( 'NONE',  ( -0.9993263562720425819, -0.03669923241761998550, 0.000000000000000000 ) ) ;
#2812 = B_SPLINE_CURVE_WITH_KNOTS ( 'NONE', 3,
 ( #2307, #2269, #3323, #2833, #1531, #1292, #2562, #196, #3344, #1474 ),
 .UNSPECIFIED., .F., .F.,
 ( 4, 3, 3, 4 ),
 ( 0.000000000000000000, 0.07399158924332893683, 0.2014957946216575091, 0.3290000000001161995 ),
 .UNSPECIFIED. ) ;
#2813 = CARTESIAN_POINT ( 'NONE',  ( 0.9070814275723657616, 1.565413080030930937, 0.000000000000000000 ) ) ;
#2814 = EDGE_CURVE ( 'NONE', #3300, #1118, #453, .T. ) ;
#2815 = ORIENTED_EDGE ( 'NONE', *, *, #1933, .F. ) ;
#2816 = CARTESIAN_POINT ( 'NONE',  ( 100.3281327166655359, 3.129476132743526318, 329.0000000000000000 ) ) ;
#2817 = CARTESIAN_POINT ( 'NONE',  ( 60.73063956535964536, -2.041588610783982904, 329.0000000000000000 ) ) ;
#2818 = VECTOR ( 'NONE', #5, 1000.000000000000000 ) ;
#2819 = DIRECTION ( 'NONE',  ( -0.03670004141730632413, 0.9993263265620335734, 0.000000000000000000 ) ) ;
#2820 = LINE ( 'NONE', #3092, #1189 ) ;
#2821 = AXIS2_PLACEMENT_3D ( 'NONE', #2524, #3088, #1815 ) ;
#2822 = CARTESIAN_POINT ( 'NONE',  ( 86.64177355867150254, 5.786653269801419697, 115.0000000000000000 ) ) ;
#2823 = CARTESIAN_POINT ( 'NONE',  ( 110.9862814012627581, -0.1939318964601579043, 252.0000000000000000 ) ) ;
#2824 = CARTESIAN_POINT ( 'NONE',  ( 0.07695410240669155189, -0.6505380176043250584, 0.000000000000000000 ) ) ;
#2825 = CARTESIAN_POINT ( 'NONE',  ( 77.79247188552963621, 7.388989141953653750, 0.000000000000000000 ) ) ;
#2826 = CARTESIAN_POINT ( 'NONE',  ( 50.58768895881086536, 5.600175431413876304, 329.0000000000001137 ) ) ;
#2827 = ORIENTED_EDGE ( 'NONE', *, *, #1354, .F. ) ;
#2828 = CARTESIAN_POINT ( 'NONE',  ( 46.34419909761042788, 4.470624891915907284, 329.0000000000000000 ) ) ;
#2829 = ORIENTED_EDGE ( 'NONE', *, *, #2369, .T. ) ;
#2830 = LINE ( 'NONE', #211, #3241 ) ;
#2831 = CARTESIAN_POINT ( 'NONE',  ( 1.816431309505301739, -2.164347040223307150, 0.000000000000000000 ) ) ;
#2832 = ORIENTED_EDGE ( 'NONE', *, *, #400, .T. ) ;
#2833 = CARTESIAN_POINT ( 'NONE',  ( 82.95813004284430292, -1.223268630931153123, 73.99158924332864729 ) ) ;
#2834 = CARTESIAN_POINT ( 'NONE',  ( 113.0653331759390596, -0.1175790472346181226, 0.000000000000000000 ) ) ;
#2835 = CARTESIAN_POINT ( 'NONE',  ( 71.49898996834531317, -1.644580723308460612, 328.9999999999994316 ) ) ;
#2836 = CARTESIAN_POINT ( 'NONE',  ( 111.9008294260164007, -0.1603480137423504703, 94.66666666666662877 ) ) ;
#2837 = VECTOR ( 'NONE', #972, 1000.000000000000000 ) ;
#2838 = CARTESIAN_POINT ( 'NONE',  ( 93.92794421182804854, -0.8203962837071752112, 252.0000000000000000 ) ) ;
#2839 = CARTESIAN_POINT ( 'NONE',  ( 45.87753826613575114, 10.43996042875145314, 0.000000000000000000 ) ) ;
#2840 = CARTESIAN_POINT ( 'NONE',  ( 37.75199138762990714, -2.881203724059417048, 0.000000000000000000 ) ) ;
#2841 = ADVANCED_FACE ( 'NONE', ( #1504 ), #3316, .T. ) ;
#2842 = B_SPLINE_CURVE_WITH_KNOTS ( 'NONE', 3,
 ( #24, #1258, #2028, #1798, #2100, #3129, #793 ),
 .UNSPECIFIED., .F., .F.,
 ( 4, 1, 1, 1, 4 ),
 ( 0.01531462871388702615, 0.05188381286330936981, 0.08845299701273169612, 0.1250221811621540224, 0.1615913653115763626 ),
 .UNSPECIFIED. ) ;
#2843 = EDGE_CURVE ( 'NONE', #2675, #1980, #766, .T. ) ;
#2844 = VERTEX_POINT ( 'NONE', #3219 ) ;
#2845 = VERTEX_POINT ( 'NONE', #1695 ) ;
#2846 = FACE_OUTER_BOUND ( 'NONE', #998, .T. ) ;
#2847 = CARTESIAN_POINT ( 'NONE',  ( 6.288033833096451808, 5.330308871231748569, 0.000000000000000000 ) ) ;
#2848 = CARTESIAN_POINT ( 'NONE',  ( 93.98764517664196205, -0.8182037374915437367, 254.0000000000001137 ) ) ;
#2849 = CARTESIAN_POINT ( 'NONE',  ( 78.67790748511153254, -1.380333514832436714, 329.0000000000001705 ) ) ;
#2850 = CARTESIAN_POINT ( 'NONE',  ( 86.75727748948369822, -1.083744768677505910, 177.0000000000000000 ) ) ;
#2851 = CARTESIAN_POINT ( 'NONE',  ( 0.1383122910852398468, -3.765264506753899010, 252.0000000000000000 ) ) ;
#2852 = CARTESIAN_POINT ( 'NONE',  ( 87.44823583605742101, -1.058363793175231216, 116.9999999999999574 ) ) ;
#2853 = CARTESIAN_POINT ( 'NONE',  ( 87.13753445678672449, -1.069778208228427507, 182.0000000000000568 ) ) ;
#2854 = CARTESIAN_POINT ( 'NONE',  ( 110.9917313044413163, -0.1937317145176628008, 249.0000000000000000 ) ) ;
#2855 = CARTESIAN_POINT ( 'NONE',  ( 78.58769751963801298, 7.270530063779243157, 0.000000000000000000 ) ) ;
#2856 = EDGE_CURVE ( 'NONE', #1721, #3317, #2153, .T. ) ;
#2857 = CARTESIAN_POINT ( 'NONE',  ( 45.02262327353100346, -2.616337607518693265, 0.000000000000000000 ) ) ;
#2858 = CARTESIAN_POINT ( 'NONE',  ( 88.83423266298044041, -0.5071306002127375923, 254.0000000000000000 ) ) ;
#2859 = ORIENTED_EDGE ( 'NONE', *, *, #864, .F. ) ;
#2860 = ORIENTED_EDGE ( 'NONE', *, *, #3296, .T. ) ;
#2861 = CARTESIAN_POINT ( 'NONE',  ( 86.47964504620668436, 5.593436032609519160, 252.0000000000000000 ) ) ;
#2862 = CARTESIAN_POINT ( 'NONE',  ( 56.05599960893150069, -2.211366050354369506, 0.000000000000000000 ) ) ;
#2863 = CARTESIAN_POINT ( 'NONE',  ( 101.6141256272527187, -0.5381234729404531514, 115.0000000000001705 ) ) ;
#2864 = FACE_OUTER_BOUND ( 'NONE', #3135, .T. ) ;
#2865 = CARTESIAN_POINT ( 'NONE',  ( 111.4489625681081577, 0.7633293361892660167, 329.0000000000000000 ) ) ;
#2866 = FACE_BOUND ( 'NONE', #2594, .T. ) ;
#2867 = CARTESIAN_POINT ( 'NONE',  ( 53.84506447820672292, -2.257722776142378596, 329.0000000000000000 ) ) ;
#2868 = VECTOR ( 'NONE', #2680, 1000.000000000000227 ) ;
#2869 = CARTESIAN_POINT ( 'NONE',  ( 100.2147287563064282, -0.5895109864585127424, 328.9999999999995453 ) ) ;
#2870 = CARTESIAN_POINT ( 'NONE',  ( 83.81705129401322552, 2.420280362814021480, 2.000000000000000000 ) ) ;
#2871 = CARTESIAN_POINT ( 'NONE',  ( 86.75729166573823647, -1.083761663289079413, 252.0000000000001705 ) ) ;
#2872 = AXIS2_PLACEMENT_3D ( 'NONE', #1958, #2993, #1991 ) ;
#2873 = CARTESIAN_POINT ( 'NONE',  ( 31.26462458074870554, 10.27710262299535415, 0.000000000000000000 ) ) ;
#2874 = CARTESIAN_POINT ( 'NONE',  ( 105.2324863694495463, 2.150160186445706056, 329.0000000000002842 ) ) ;
#2875 = CARTESIAN_POINT ( 'NONE',  ( 5.480573283650038263, 4.956038311977170707, 0.000000000000000000 ) ) ;
#2876 = CARTESIAN_POINT ( 'NONE',  ( 23.11297543502547569, -3.389936507706682089, 0.000000000000000000 ) ) ;
#2877 = VERTEX_POINT ( 'NONE', #1639 ) ;
#2878 = ORIENTED_EDGE ( 'NONE', *, *, #1369, .F. ) ;
#2879 = CARTESIAN_POINT ( 'NONE',  ( 30.88802277249627792, -3.140053858845134105, 0.000000000000000000 ) ) ;
#2880 = CARTESIAN_POINT ( 'NONE',  ( 90.23873354805965619, -0.9558839813688388976, 114.9999999999998863 ) ) ;
#2881 = PLANE ( 'NONE',  #1092 ) ;
#2882 = ORIENTED_EDGE ( 'NONE', *, *, #2981, .T. ) ;
#2883 = FILL_AREA_STYLE_COLOUR ( '', #2605 ) ;
#2884 = CARTESIAN_POINT ( 'NONE',  ( 42.97316980768032124, -1.918509070108052272, 329.0000000000000000 ) ) ;
#2885 = DIRECTION ( 'NONE',  ( -0.6427876096865348110, -0.7660444431189817882, 0.000000000000000000 ) ) ;
#2886 = DIRECTION ( 'NONE',  ( -0.03670899296605030504, 0.9993259977782117387, 0.000000000000000000 ) ) ;
#2887 = B_SPLINE_CURVE_WITH_KNOTS ( 'NONE', 3,
 ( #3102, #3302, #1508, #2792, #755, #1811, #3085, #490 ),
 .UNSPECIFIED., .F., .F.,
 ( 4, 1, 1, 1, 1, 4 ),
 ( 0.002858476491985773287, 0.005620833177779690701, 0.01203176148402324529, 0.01844268979026679814, 0.02485361809651035273, 0.02863397404902522439 ),
 .UNSPECIFIED. ) ;
#2888 = CARTESIAN_POINT ( 'NONE',  ( 90.56525966478538692, -0.9439010764317795621, 327.0000000000003979 ) ) ;
#2889 = CARTESIAN_POINT ( 'NONE',  ( 114.9008294260163723, -0.05016421021564967248, 0.000000000000000000 ) ) ;
#2890 = CARTESIAN_POINT ( 'NONE',  ( 59.48799969052381442, -2.085078246339008956, 0.000000000000000000 ) ) ;
#2891 = CARTESIAN_POINT ( 'NONE',  ( 62.34176947040313621, 6.789544892726142145, 329.0000000000000000 ) ) ;
#2892 = VECTOR ( 'NONE', #183, 1000.000000000000000 ) ;
#2893 = B_SPLINE_SURFACE_WITH_KNOTS ( 'NONE', 3, 1, ( 
 ( #2618, #825 ),
 ( #287, #559 ),
 ( #2918, #1331 ),
 ( #1879, #2678 ),
 ( #2899, #37 ),
 ( #1611, #346 ),
 ( #2363, #1363 ) ),
 .UNSPECIFIED., .F., .F., .F.,
 ( 4, 1, 1, 1, 4 ),
 ( 2, 2 ),
 ( 0.01531462871388702615, 0.05188381286330936981, 0.08845299701273169612, 0.1250221811621540224, 0.1615913653115763626 ),
 ( 0.000000000000000000, 1.000000000000000000 ),
 .UNSPECIFIED. ) ;
#2894 = CARTESIAN_POINT ( 'NONE',  ( 26.76540489896219199, -3.286186257312697645, 0.000000000000000000 ) ) ;
#2895 = VERTEX_POINT ( 'NONE', #872 ) ;
#2896 = CARTESIAN_POINT ( 'NONE',  ( 37.75199138762990714, -2.881203724059417048, 0.000000000000000000 ) ) ;
#2897 = ORIENTED_EDGE ( 'NONE', *, *, #2981, .F. ) ;
#2898 = CARTESIAN_POINT ( 'NONE',  ( 94.58054598301389149, 4.175301952824781004, 329.0000000000000000 ) ) ;
#2899 = CARTESIAN_POINT ( 'NONE',  ( 93.02482611820536818, -0.3532242379564230483, 249.0000000000000000 ) ) ;
#2900 = CARTESIAN_POINT ( 'NONE',  ( 40.19185629148056904, -1.084996878134947940, 329.0000000000000000 ) ) ;
#2901 = CARTESIAN_POINT ( 'NONE',  ( 86.75727748948369822, -1.083744768677505910, 177.0000000000000000 ) ) ;
#2902 = FACE_OUTER_BOUND ( 'NONE', #887, .T. ) ;
#2903 = CARTESIAN_POINT ( 'NONE',  ( 86.73892330304266807, -0.5840766514632573791, 111.9999999999999858 ) ) ;
#2904 = CARTESIAN_POINT ( 'NONE',  ( 93.46693582156449054, 4.365734867055651058, 329.0000000000000568 ) ) ;
#2905 = CARTESIAN_POINT ( 'NONE',  ( 111.9008294260164149, 0.3399892986060862321, 117.0000000000000000 ) ) ;
#2906 = EDGE_CURVE ( 'NONE', #1468, #1308, #735, .T. ) ;
#2907 = CARTESIAN_POINT ( 'NONE',  ( 20.35709721531501870, 9.244126943296109289, 0.000000000000000000 ) ) ;
#2908 = PLANE ( 'NONE',  #2624 ) ;
#2909 = CARTESIAN_POINT ( 'NONE',  ( 60.63199959104140646, -2.043035535417921267, 0.000000000000000000 ) ) ;
#2910 = CARTESIAN_POINT ( 'NONE',  ( 86.75729166573825069, -1.083761663289078525, 254.0000000000001137 ) ) ;
#2911 = CARTESIAN_POINT ( 'NONE',  ( 86.73892330304266807, -0.5840766514632573791, 111.9999999999999858 ) ) ;
#2912 = CARTESIAN_POINT ( 'NONE',  ( 82.87600341306348639, 5.965954650470063569, 301.5835001079206563 ) ) ;
#2913 = ORIENTED_EDGE ( 'NONE', *, *, #2043, .F. ) ;
#2914 = CARTESIAN_POINT ( 'NONE',  ( 13.72783855266412800, -3.429230999650205725, 0.000000000000000000 ) ) ;
#2915 = CARTESIAN_POINT ( 'NONE',  ( 111.9008294260163865, -0.1603460212006482255, 251.9999999999999432 ) ) ;
#2916 = CARTESIAN_POINT ( 'NONE',  ( 69.83928239694492390, 6.813687820753992597, 329.0000000000000000 ) ) ;
#2917 = CARTESIAN_POINT ( 'NONE',  ( 47.56448808505673753, -2.239545804184050137, 329.0000000000006821 ) ) ;
#2918 = CARTESIAN_POINT ( 'NONE',  ( 105.5965905952907491, 0.1084748940666349637, 249.0000000000000000 ) ) ;
#2919 = CARTESIAN_POINT ( 'NONE',  ( 40.34781916450256745, 1.169150444296568114, 329.0000000000000000 ) ) ;
#2920 = FACE_OUTER_BOUND ( 'NONE', #889, .T. ) ;
#2921 = ADVANCED_FACE ( 'NONE', ( #886 ), #2609, .T. ) ;
#2922 = CARTESIAN_POINT ( 'NONE',  ( 100.1677781476864055, -0.5912352323141502053, 326.9999999999997158 ) ) ;
#2923 = AXIS2_PLACEMENT_3D ( 'NONE', #3010, #1498, #1976 ) ;
#2924 = LINE ( 'NONE', #3187, #1085 ) ;
#2925 = CARTESIAN_POINT ( 'NONE',  ( 67.73167966670993678, 8.786602010964271514, 0.000000000000000000 ) ) ;
#2926 = CARTESIAN_POINT ( 'NONE',  ( 114.9008294260164007, -0.05016421021564968635, 329.0000000000000000 ) ) ;
#2927 = CARTESIAN_POINT ( 'NONE',  ( 85.41866714482777923, -1.132913019548068334, 0.000000000000000000 ) ) ;
#2928 = EDGE_CURVE ( 'NONE', #522, #2783, #3132, .T. ) ;
#2929 = CARTESIAN_POINT ( 'NONE',  ( 26.31122766102313193, 9.960485213085146228, 0.000000000000000000 ) ) ;
#2930 = ORIENTED_EDGE ( 'NONE', *, *, #2989, .T. ) ;
#2931 = CARTESIAN_POINT ( 'NONE',  ( 84.65599999945249010, -1.160909985092001495, 0.000000000000000000 ) ) ;
#2932 = CARTESIAN_POINT ( 'NONE',  ( 80.08045168301792671, 7.028413706107350833, 0.000000000000000000 ) ) ;
#2933 = CARTESIAN_POINT ( 'NONE',  ( 83.81705129401322552, 2.420280362814021480, 182.0000000000000000 ) ) ;
#2934 = VERTEX_POINT ( 'NONE', #2551 ) ;
#2935 = CARTESIAN_POINT ( 'NONE',  ( 48.76144562227371182, -2.269136682365686219, 328.9999999999994884 ) ) ;
#2936 = CARTESIAN_POINT ( 'NONE',  ( 63.59142051299383525, -1.933274588800219407, 329.0000000000000000 ) ) ;
#2937 = CARTESIAN_POINT ( 'NONE',  ( 86.69504196232624338, 5.850136081228721530, 55.00000000000000000 ) ) ;
#2938 = CARTESIAN_POINT ( 'NONE',  ( 114.4863048097051887, -0.06538996834003310554, 164.5000000000000000 ) ) ;
#2939 = EDGE_CURVE ( 'NONE', #424, #286, #2682, .T. ) ;
#2940 = CARTESIAN_POINT ( 'NONE',  ( 49.52940442741743965, 10.31209085187425600, 0.000000000000000000 ) ) ;
#2941 = ORIENTED_EDGE ( 'NONE', *, *, #2685, .T. ) ;
#2942 = CARTESIAN_POINT ( 'NONE',  ( 3.414655002642845272, 3.773500161956798049, 0.000000000000000000 ) ) ;
#2943 = CARTESIAN_POINT ( 'NONE',  ( 82.79876929128081997, 5.873910608364916186, 328.9999999571906528 ) ) ;
#2944 = ORIENTED_EDGE ( 'NONE', *, *, #2906, .T. ) ;
#2945 = ADVANCED_FACE ( 'NONE', ( #3204 ), #2958, .F. ) ;
#2946 = CARTESIAN_POINT ( 'NONE',  ( 88.08800028921054093, -1.034874541398394188, 0.000000000000000000 ) ) ;
#2947 = CARTESIAN_POINT ( 'NONE',  ( 56.05626412491820787, 9.912560652932391747, 0.000000000000000000 ) ) ;
#2948 = CARTESIAN_POINT ( 'NONE',  ( 86.75727333237441030, -1.083739814427592707, 111.9999999999999858 ) ) ;
#2949 = ORIENTED_EDGE ( 'NONE', *, *, #292, .F. ) ;
#2950 = CARTESIAN_POINT ( 'NONE',  ( 12.15251598662525723, -3.390816979851185131, 0.000000000000000000 ) ) ;
#2951 = CARTESIAN_POINT ( 'NONE',  ( 111.9008294260164007, -9.946594549830242826, 115.0000000000000000 ) ) ;
#2952 = CARTESIAN_POINT ( 'NONE',  ( 96.57925172761899546, -0.7230219760178570043, 329.0000000000000000 ) ) ;
#2953 = CARTESIAN_POINT ( 'NONE',  ( 93.02482611820536818, -0.3532242379564230483, 254.0000000000000000 ) ) ;
#2954 = PLANE ( 'NONE',  #549 ) ;
#2955 = CARTESIAN_POINT ( 'NONE',  ( 86.66713433583291248, 5.816877067094473830, 87.84007079320636535 ) ) ;
#2956 = DIRECTION ( 'NONE',  ( -0.6427876096865348110, -0.7660444431189817882, -0.000000000000000000 ) ) ;
#2957 = CARTESIAN_POINT ( 'NONE',  ( 108.2986672305065952, -0.2926453530135876835, 0.000000000000000000 ) ) ;
#2958 = PLANE ( 'NONE',  #996 ) ;
#2959 = VERTEX_POINT ( 'NONE', #2698 ) ;
#2960 = CARTESIAN_POINT ( 'NONE',  ( 1.820241540752808529, 2.483636608793380329, 0.000000000000000000 ) ) ;
#2961 = B_SPLINE_CURVE_WITH_KNOTS ( 'NONE', 3,
 ( #2730, #2442, #2190, #614, #1208, #2697, #3216, #1688 ),
 .UNSPECIFIED., .F., .F.,
 ( 4, 1, 1, 1, 1, 4 ),
 ( 0.000000000000000000, 0.03118110532117446959, 0.06236221064234893918, 0.09354331596352342959, 0.1247244212846978784, 0.1342473335529751899 ),
 .UNSPECIFIED. ) ;
#2962 = VERTEX_POINT ( 'NONE', #66 ) ;
#2963 = ORIENTED_EDGE ( 'NONE', *, *, #2171, .T. ) ;
#2964 = ORIENTED_EDGE ( 'NONE', *, *, #1601, .F. ) ;
#2965 = CARTESIAN_POINT ( 'NONE',  ( 2.058063524610827422, 2.702498728062484812, 0.000000000000000000 ) ) ;
#2966 = CARTESIAN_POINT ( 'NONE',  ( 83.81705129401322552, 2.420280362814021480, 252.0000000000000000 ) ) ;
#2967 = CARTESIAN_POINT ( 'NONE',  ( 97.32897534419471697, -0.6954965682491963674, 329.0000000000000000 ) ) ;
#2968 = ADVANCED_FACE ( 'NONE', ( #1101 ), #1666, .T. ) ;
#2969 = CARTESIAN_POINT ( 'NONE',  ( 108.2960524859136484, -0.2927227069255809999, 251.9999999999999432 ) ) ;
#2970 = CARTESIAN_POINT ( 'NONE',  ( 86.70675254984544722, 5.864092215976113742, 40.73419079472136417 ) ) ;
#2971 = CARTESIAN_POINT ( 'NONE',  ( 86.75730335210270994, -1.083775590546644185, 303.6666666666682772 ) ) ;
#2972 = DIRECTION ( 'NONE',  ( 0.7660444431189818992, -0.6427876096865348110, 0.000000000000000000 ) ) ;
#2973 = CARTESIAN_POINT ( 'NONE',  ( 105.2324863694495463, 2.150160186445706056, 329.0000000000002842 ) ) ;
#2974 = AXIS2_PLACEMENT_3D ( 'NONE', #1939, #2711, #2455 ) ;
#2975 = DIRECTION ( 'NONE',  ( 0.000000000000000000, 0.000000000000000000, 1.000000000000000000 ) ) ;
#2976 = CARTESIAN_POINT ( 'NONE',  ( -0.009167782124440811142, -0.2711998493894691165, 0.000000000000000000 ) ) ;
#2977 = CARTESIAN_POINT ( 'NONE',  ( 86.57324567951830829, 5.704984923627746340, 180.0000000000000000 ) ) ;
#2978 = CARTESIAN_POINT ( 'NONE',  ( 42.79038841717878938, -1.892554132611953932, 328.9999999999994316 ) ) ;
#2979 = VECTOR ( 'NONE', #2330, 1000.000000000000000 ) ;
#2980 = VERTEX_POINT ( 'NONE', #2050 ) ;
#2981 = EDGE_CURVE ( 'NONE', #282, #700, #794, .T. ) ;
#2982 = AXIS2_PLACEMENT_3D ( 'NONE', #1327, #3180, #1058 ) ;
#2983 = LINE ( 'NONE', #641, #3059 ) ;
#2984 = EDGE_LOOP ( 'NONE', ( #100, #2021, #2771, #2182, #680, #643 ) ) ;
#2985 = ORIENTED_EDGE ( 'NONE', *, *, #2737, .T. ) ;
#2986 = LINE ( 'NONE', #941, #3192 ) ;
#2987 = CARTESIAN_POINT ( 'NONE',  ( 86.58294235234681935, -1.090171682993084312, 329.0000000000000000 ) ) ;
#2988 = CARTESIAN_POINT ( 'NONE',  ( 109.7866448637809782, -0.2379797960760839381, 328.9999999999996021 ) ) ;
#2989 = EDGE_CURVE ( 'NONE', #80, #84, #2127, .T. ) ;
#2990 = CARTESIAN_POINT ( 'NONE',  ( 111.9008294260164007, -0.1603475177642302296, 139.0000000000000568 ) ) ;
#2991 = CARTESIAN_POINT ( 'NONE',  ( 111.9008294260164007, -0.1603460786504450064, 250.0000000000000568 ) ) ;
#2992 = CARTESIAN_POINT ( 'NONE',  ( 111.9008294260164007, 0.6580355753756402803, 271.2809615993130592 ) ) ;
#2993 = DIRECTION ( 'NONE',  ( 0.000000000000000000, 0.000000000000000000, 1.000000000000000000 ) ) ;
#2994 = ADVANCED_FACE ( 'NONE', ( #1896 ), #832, .T. ) ;
#2995 = LINE ( 'NONE', #1426, #2450 ) ;
#2996 = CARTESIAN_POINT ( 'NONE',  ( 16.39727461119069218, -3.464656743880599965, 0.000000000000000000 ) ) ;
#2997 = CARTESIAN_POINT ( 'NONE',  ( 40.56585706084160847, -1.342962501914865214, 328.9999999999994316 ) ) ;
#2998 = VECTOR ( 'NONE', #1170, 1000.000000000000000 ) ;
#2999 = AXIS2_PLACEMENT_3D ( 'NONE', #2299, #1197, #3279 ) ;
#3000 = CARTESIAN_POINT ( 'NONE',  ( 86.75728945096338407, -1.083759023813884337, 245.3405154534808901 ) ) ;
#3001 = ORIENTED_EDGE ( 'NONE', *, *, #3050, .F. ) ;
#3002 = CARTESIAN_POINT ( 'NONE',  ( 42.14191595840375726, 2.655410382434052252, 329.0000000000002274 ) ) ;
#3003 = DIRECTION ( 'NONE',  ( 0.000000000000000000, 0.000000000000000000, 1.000000000000000000 ) ) ;
#3004 = CARTESIAN_POINT ( 'NONE',  ( 101.5774071281736042, -0.5394752729888764309, 329.0000000000000000 ) ) ;
#3005 = CARTESIAN_POINT ( 'NONE',  ( 86.62386471832054724, 5.765310344973984868, 133.2778672140348988 ) ) ;
#3006 = LINE ( 'NONE', #1738, #2535 ) ;
#3007 = CARTESIAN_POINT ( 'NONE',  ( 86.73893716925522313, -0.5840986643999728223, 249.0000000000000000 ) ) ;
#3008 = CARTESIAN_POINT ( 'NONE',  ( 107.2000530325525745, -0.3329727997292817876, 116.9999999999998579 ) ) ;
#3009 = ORIENTED_EDGE ( 'NONE', *, *, #3358, .T. ) ;
#3010 = CARTESIAN_POINT ( 'NONE',  ( 86.75727349766768270, -1.083740011416445048, 52.00000000000000711 ) ) ;
#3011 = ADVANCED_FACE ( 'NONE', ( #1927 ), #2954, .T. ) ;
#3012 = CARTESIAN_POINT ( 'NONE',  ( 83.51237424158648537, 6.461652766729223174, 0.000000000000000000 ) ) ;
#3013 = B_SPLINE_CURVE_WITH_KNOTS ( 'NONE', 3,
 ( #3229, #1704, #2727, #493, #2848, #509, #1043, #440, #1813, #771 ),
 .UNSPECIFIED., .F., .F.,
 ( 4, 1, 1, 1, 1, 1, 1, 4 ),
 ( 0.002942222945514701236, 0.003920221794627943082, 0.006601891702674674012, 0.009283561610721418819, 0.01464690142681487721, 0.02001024124290834774, 0.02537358105900181307, 0.02810271156455804165 ),
 .UNSPECIFIED. ) ;
#3014 = CARTESIAN_POINT ( 'NONE',  ( 82.83194023991698884, 5.913442205571826094, 328.9999999567214672 ) ) ;
#3015 = ORIENTED_EDGE ( 'NONE', *, *, #1188, .T. ) ;
#3016 = EDGE_LOOP ( 'NONE', ( #758, #2046, #210, #1059, #1840, #1582, #3015, #181 ) ) ;
#3017 = CARTESIAN_POINT ( 'NONE',  ( 1.076734832603033709, 1.746284163018664515, 0.000000000000000000 ) ) ;
#3018 = CARTESIAN_POINT ( 'NONE',  ( 108.3249162650817823, -0.2916733529937794445, 329.0000000000000000 ) ) ;
#3019 = DIRECTION ( 'NONE',  ( -0.9993263265620333513, -0.03670004141730801722, 0.000000000000000000 ) ) ;
#3020 = ORIENTED_EDGE ( 'NONE', *, *, #533, .T. ) ;
#3021 = DIRECTION ( 'NONE',  ( -0.03670899296605030504, 0.9993259977782117387, 0.000000000000000000 ) ) ;
#3022 = CARTESIAN_POINT ( 'NONE',  ( 111.9008294260163723, 0.6575478657283496675, 319.9476282658703781 ) ) ;
#3023 = CARTESIAN_POINT ( 'NONE',  ( 86.73893716925522313, -0.5840986643999728223, 249.0000000000000000 ) ) ;
#3024 = PLANE ( 'NONE',  #2431 ) ;
#3025 = EDGE_CURVE ( 'NONE', #2555, #522, #1030, .T. ) ;
#3026 = CARTESIAN_POINT ( 'NONE',  ( 114.6504147130081037, 0.009197894892181835216, 0.000000000000000000 ) ) ;
#3027 = CARTESIAN_POINT ( 'NONE',  ( 91.52049876561858355, 5.020724867821646065, 0.000000000000000000 ) ) ;
#3028 = CARTESIAN_POINT ( 'NONE',  ( 74.36040027379372930, 7.901346676731407115, 0.000000000000000000 ) ) ;
#3029 = VECTOR ( 'NONE', #1727, 1000.000000000000227 ) ;
#3030 = CARTESIAN_POINT ( 'NONE',  ( 38.89594429249393670, 10.46946062182530035, 0.000000000000000000 ) ) ;
#3031 = CARTESIAN_POINT ( 'NONE',  ( 111.8824798098075775, 0.3393171569353730099, 257.0000000000000000 ) ) ;
#3032 = FACE_OUTER_BOUND ( 'NONE', #2039, .T. ) ;
#3033 = ORIENTED_EDGE ( 'NONE', *, *, #2369, .F. ) ;
#3034 = ORIENTED_EDGE ( 'NONE', *, *, #121, .F. ) ;
#3035 = CARTESIAN_POINT ( 'NONE',  ( 86.35001255881995519, -0.5983853244293667606, 249.0000000000000000 ) ) ;
#3036 = CARTESIAN_POINT ( 'NONE',  ( 7.053349896974262734, -3.123478182233473621, 0.000000000000000000 ) ) ;
#3037 = ORIENTED_EDGE ( 'NONE', *, *, #173, .F. ) ;
#3038 = CARTESIAN_POINT ( 'NONE',  ( 111.9008294260163723, 0.6588336890374449917, 159.0000000000813145 ) ) ;
#3039 = DIRECTION ( 'NONE',  ( 0.6427876096865406952, -0.7660444431189769032, 0.000000000000000000 ) ) ;
#3040 = CARTESIAN_POINT ( 'NONE',  ( 89.47485071810737622, 5.365331540430541502, 55.00000000000003553 ) ) ;
#3041 = CARTESIAN_POINT ( 'NONE',  ( 111.2319626028694302, 0.8136331697542578123, 327.0000000000000568 ) ) ;
#3042 = ORIENTED_EDGE ( 'NONE', *, *, #722, .F. ) ;
#3043 = CARTESIAN_POINT ( 'NONE',  ( 86.94448214043613632, 5.864208050762047542, 0.000000000000000000 ) ) ;
#3044 = CARTESIAN_POINT ( 'NONE',  ( 82.36845928213502077, 6.653979213070415177, 0.000000000000000000 ) ) ;
#3045 = B_SPLINE_CURVE_WITH_KNOTS ( 'NONE', 3,
 ( #322, #851, #2383, #2116 ),
 .UNSPECIFIED., .F., .F.,
 ( 4, 4 ),
 ( 0.000000000000000000, 0.002999999999999488753 ),
 .UNSPECIFIED. ) ;
#3046 = CARTESIAN_POINT ( 'NONE',  ( 111.9008294260163865, -0.1603460212006482255, 257.0000000000000000 ) ) ;
#3047 = ORIENTED_EDGE ( 'NONE', *, *, #65, .T. ) ;
#3048 = EDGE_LOOP ( 'NONE', ( #1053, #2164, #3281, #300, #190 ) ) ;
#3049 = CARTESIAN_POINT ( 'NONE',  ( 111.9008294260163865, 0.6584450552295915138, 220.0810545001886283 ) ) ;
#3050 = EDGE_CURVE ( 'NONE', #3300, #408, #1493, .T. ) ;
#3051 = AXIS2_PLACEMENT_3D ( 'NONE', #2042, #2077, #2811 ) ;
#3052 = CARTESIAN_POINT ( 'NONE',  ( 17.15755919981010891, 8.649394338238563407, 0.000000000000000000 ) ) ;
#3053 = CARTESIAN_POINT ( 'NONE',  ( 111.9008294260164007, -0.1603478101672565770, 112.9999999999999716 ) ) ;
#3054 = ORIENTED_EDGE ( 'NONE', *, *, #2685, .F. ) ;
#3055 = CARTESIAN_POINT ( 'NONE',  ( 83.81705129401322552, 2.420280362814021480, 327.0000000000000000 ) ) ;
#3056 = CARTESIAN_POINT ( 'NONE',  ( 105.8263521382454257, 2.013708603725795410, 329.0000000000000000 ) ) ;
#3057 = CARTESIAN_POINT ( 'NONE',  ( 69.10598983996402467, -1.731908369154807836, 329.0000000000007390 ) ) ;
#3058 = CARTESIAN_POINT ( 'NONE',  ( 88.54229832319423110, 5.275474804931442385, 254.0000000000001137 ) ) ;
#3059 = VECTOR ( 'NONE', #660, 0.5147091917337552891 ) ;
#3060 = LINE ( 'NONE', #274, #1105 ) ;
#3061 = CARTESIAN_POINT ( 'NONE',  ( 25.54944577958962881, -3.324090585138849807, 0.000000000000000000 ) ) ;
#3062 = CARTESIAN_POINT ( 'NONE',  ( 110.7955348394975346, -0.2009382739298174181, 181.9999999999999147 ) ) ;
#3063 = CARTESIAN_POINT ( 'NONE',  ( 43.19200510062093912, 3.230673047233286077, 328.9999999999998295 ) ) ;
#3064 = CARTESIAN_POINT ( 'NONE',  ( 46.14157638961872721, 10.42336299242017184, 0.000000000000000000 ) ) ;
#3065 = CARTESIAN_POINT ( 'NONE',  ( 81.60888389212500726, 6.009684624304163947, 328.9999999999996589 ) ) ;
#3066 = EDGE_CURVE ( 'NONE', #1054, #2555, #2086, .T. ) ;
#3067 = CARTESIAN_POINT ( 'NONE',  ( 78.67790748511153254, -1.380333514832436714, 329.0000000000001705 ) ) ;
#3068 = ORIENTED_EDGE ( 'NONE', *, *, #903, .T. ) ;
#3069 = ORIENTED_EDGE ( 'NONE', *, *, #85, .F. ) ;
#3070 = LINE ( 'NONE', #2538, #2704 ) ;
#3071 = CARTESIAN_POINT ( 'NONE',  ( 11.43369090190965842, 7.209710325172834722, 0.000000000000000000 ) ) ;
#3072 = ORIENTED_EDGE ( 'NONE', *, *, #1957, .F. ) ;
#3073 = EDGE_CURVE ( 'NONE', #712, #3136, #1463, .T. ) ;
#3074 = CARTESIAN_POINT ( 'NONE',  ( 30.41705370958529997, -3.157874782130163371, 0.000000000000000000 ) ) ;
#3075 = FACE_OUTER_BOUND ( 'NONE', #528, .T. ) ;
#3076 = CARTESIAN_POINT ( 'NONE',  ( 107.7200527603824582, -0.3138760416862525493, 181.9999999999998579 ) ) ;
#3077 = CARTESIAN_POINT ( 'NONE',  ( 40.00455234162344453, -0.9267609409446119217, 329.0000000000001137 ) ) ;
#3078 = CARTESIAN_POINT ( 'NONE',  ( 101.0541170705718912, 3.099091916237095568, 0.000000000000000000 ) ) ;
#3079 = CARTESIAN_POINT ( 'NONE',  ( 44.84210253934904244, 3.938814450278936174, 329.0000000000004547 ) ) ;
#3080 = TRIMMED_CURVE ( 'NONE', #2542, ( PARAMETER_VALUE ( 0.000000000000000000 ), #1553 ), ( PARAMETER_VALUE ( 1.000000000000018874 ), #2289 ), .T., .PARAMETER. ) ;
#3081 = CARTESIAN_POINT ( 'NONE',  ( 41.37111354396308371, -2.748543384104833009, 0.000000000000000000 ) ) ;
#3082 = VECTOR ( 'NONE', #2399, 1000.000000000000000 ) ;
#3083 = VERTEX_POINT ( 'NONE', #1424 ) ;
#3084 = VERTEX_POINT ( 'NONE', #1156 ) ;
#3085 = CARTESIAN_POINT ( 'NONE',  ( 110.6739085516764760, 0.9474360694730572519, 117.0000000000000000 ) ) ;
#3086 = CARTESIAN_POINT ( 'NONE',  ( 0.3349430531423160384, -1.054250609454251864, 0.000000000000000000 ) ) ;
#3087 = CARTESIAN_POINT ( 'NONE',  ( 111.9008294260164007, -0.1603477878692194381, 115.0000000000000000 ) ) ;
#3088 = DIRECTION ( 'NONE',  ( 0.03670005866349870111, -0.9993263259286706557, 0.000000000000000000 ) ) ;
#3089 = CARTESIAN_POINT ( 'NONE',  ( 105.0006930992977914, -0.4137501561514130843, 329.0000000000006253 ) ) ;
#3090 = CARTESIAN_POINT ( 'NONE',  ( 94.24866215857271357, 4.483834763670802026, 54.99999999999995026 ) ) ;
#3091 = EDGE_CURVE ( 'NONE', #1721, #80, #383, .T. ) ;
#3092 = CARTESIAN_POINT ( 'NONE',  ( 111.9008294260164007, -0.1603469925516940453, 177.0000000000000000 ) ) ;
#3093 = CARTESIAN_POINT ( 'NONE',  ( 20.21076266107554531, -3.445052175262298455, 0.000000000000000000 ) ) ;
#3094 = LINE ( 'NONE', #275, #632 ) ;
#3095 = EDGE_CURVE ( 'NONE', #2844, #2752, #2457, .T. ) ;
#3096 = CARTESIAN_POINT ( 'NONE',  ( 0.6168536626391639688, -1.387734131283472339, 0.000000000000000000 ) ) ;
#3097 = CARTESIAN_POINT ( 'NONE',  ( 9.717777982398256853, 6.654389372503429989, 0.000000000000000000 ) ) ;
#3098 = CARTESIAN_POINT ( 'NONE',  ( 35.46398928171450393, -2.966376690437794394, 0.000000000000000000 ) ) ;
#3099 = ORIENTED_EDGE ( 'NONE', *, *, #2255, .T. ) ;
#3100 = EDGE_LOOP ( 'NONE', ( #2532, #1681, #806, #2320 ) ) ;
#3101 = DIRECTION ( 'NONE',  ( -0.6427876096865348110, -0.7660444431189817882, 0.000000000000000000 ) ) ;
#3102 = CARTESIAN_POINT ( 'NONE',  ( 86.63984742494912439, 5.784357793017956162, 117.0000000000000000 ) ) ;
#3103 = CARTESIAN_POINT ( 'NONE',  ( 4.574396350851191784, -2.807125535888000734, 0.000000000000000000 ) ) ;
#3104 = VERTEX_POINT ( 'NONE', #2713 ) ;
#3105 = CARTESIAN_POINT ( 'NONE',  ( 111.9008294260164007, 0.6587051109874335619, 180.0000000000000000 ) ) ;
#3106 = CARTESIAN_POINT ( 'NONE',  ( 59.53419843897284380, -2.086833362003901016, 329.0000000000002274 ) ) ;
#3107 = CARTESIAN_POINT ( 'NONE',  ( 87.06786909045558787, 5.501480690035984722, 254.0000000000001705 ) ) ;
#3108 = DIRECTION ( 'NONE',  ( -4.497969081221714089E-10, 1.224581982940488085E-08, 1.000000000000000000 ) ) ;
#3109 = EDGE_CURVE ( 'NONE', #3299, #1182, #2237, .T. ) ;
#3110 = DIRECTION ( 'NONE',  ( 0.000000000000000000, 0.000000000000000000, -1.000000000000000000 ) ) ;
#3111 = CARTESIAN_POINT ( 'NONE',  ( 90.08871368539300306, -0.9613920350123963399, 249.0000000000000000 ) ) ;
#3112 = CARTESIAN_POINT ( 'NONE',  ( 1.398801286572756153, 2.070192600861033849, 0.000000000000000000 ) ) ;
#3113 = CARTESIAN_POINT ( 'NONE',  ( 83.98840671691165483, 5.740985834281852718, 329.0000000000000000 ) ) ;
#3114 = CARTESIAN_POINT ( 'NONE',  ( 58.34306792609866932, 6.619360828564163413, 329.0000000000000000 ) ) ;
#3115 = EDGE_CURVE ( 'NONE', #1152, #1149, #1146, .T. ) ;
#3116 = CARTESIAN_POINT ( 'NONE',  ( 63.27982467727319715, -1.945789055886693042, 0.000000000000000000 ) ) ;
#3117 = EDGE_LOOP ( 'NONE', ( #3054, #2394, #1213, #956 ) ) ;
#3118 = ORIENTED_EDGE ( 'NONE', *, *, #1516, .T. ) ;
#3119 = CARTESIAN_POINT ( 'NONE',  ( 86.55717977167714139, 5.685838320239746224, 193.8043461087785317 ) ) ;
#3120 = CARTESIAN_POINT ( 'NONE',  ( 40.03999672727003656, -2.797220383115044395, 0.000000000000000000 ) ) ;
#3121 = CARTESIAN_POINT ( 'NONE',  ( 83.81705129401322552, 2.420280362814021480, 254.0000000000000000 ) ) ;
#3122 = ORIENTED_EDGE ( 'NONE', *, *, #261, .F. ) ;
#3123 = CARTESIAN_POINT ( 'NONE',  ( 114.5726096194103718, -0.06221993668006624290, 329.0000000000000000 ) ) ;
#3124 = CARTESIAN_POINT ( 'NONE',  ( 55.97695308608728482, -2.214253677260035857, 0.000000000000000000 ) ) ;
#3125 = SURFACE_STYLE_USAGE ( .BOTH. , #1596 ) ;
#3126 = CARTESIAN_POINT ( 'NONE',  ( 47.84711446861981443, -2.246014509292332040, 329.0000000000000000 ) ) ;
#3127 = LINE ( 'NONE', #2099, #311 ) ;
#3128 = B_SPLINE_CURVE_WITH_KNOTS ( 'NONE', 3,
 ( #1795, #512, #238, #2599 ),
 .UNSPECIFIED., .F., .F.,
 ( 4, 4 ),
 ( 0.000000000000000000, 0.05800000000055181154 ),
 .UNSPECIFIED. ) ;
#3129 = CARTESIAN_POINT ( 'NONE',  ( 88.83423266298044041, -0.5071306002127375923, 252.0000000000000000 ) ) ;
#3130 = DIRECTION ( 'NONE',  ( 0.000000000000000000, 0.000000000000000000, 1.000000000000000000 ) ) ;
#3131 = CARTESIAN_POINT ( 'NONE',  ( 100.5389082124000453, 3.102875612018633600, 328.9999999999996021 ) ) ;
#3132 = LINE ( 'NONE', #797, #2031 ) ;
#3133 = CARTESIAN_POINT ( 'NONE',  ( 56.09338688182993593, 6.442658444998089706, 329.0000000000000000 ) ) ;
#3134 = EDGE_CURVE ( 'NONE', #1118, #2783, #2479, .T. ) ;
#3135 = EDGE_LOOP ( 'NONE', ( #1419, #1171, #3269, #601, #1248, #2882, #126, #2577 ) ) ;
#3136 = VERTEX_POINT ( 'NONE', #1440 ) ;
#3137 = CARTESIAN_POINT ( 'NONE',  ( 26.31205380995363541, -3.300019943318443616, 0.000000000000000000 ) ) ;
#3138 = AXIS2_PLACEMENT_3D ( 'NONE', #2615, #2122, #299 ) ;
#3139 = CARTESIAN_POINT ( 'NONE',  ( 87.37103389951998622, 5.797860773034392068, 0.000000000000000000 ) ) ;
#3140 = ORIENTED_EDGE ( 'NONE', *, *, #3095, .T. ) ;
#3141 = CARTESIAN_POINT ( 'NONE',  ( 49.95864061414656732, -2.285718532545727211, 328.9999999999999432 ) ) ;
#3142 = CARTESIAN_POINT ( 'NONE',  ( 39.59427773087031710, -0.1950204646089239713, 329.0000000000000000 ) ) ;
#3143 = AXIS2_PLACEMENT_3D ( 'NONE', #1788, #2539, #721 ) ;
#3144 = DIRECTION ( 'NONE',  ( -0.03670005866349870111, 0.9993263259286706557, 0.000000000000000000 ) ) ;
#3145 = PLANE ( 'NONE',  #2331 ) ;
#3146 = VECTOR ( 'NONE', #2286, 1000.000000000000000 ) ;
#3147 = CARTESIAN_POINT ( 'NONE',  ( 86.36394300601318719, 5.438954427976055328, 329.0000000000001137 ) ) ;
#3148 = CARTESIAN_POINT ( 'NONE',  ( 112.0297656323023006, 0.6304363369581543752, 0.000000000000000000 ) ) ;
#3149 = CARTESIAN_POINT ( 'NONE',  ( 68.64000040795747282, -1.749104447600823287, 0.000000000000000000 ) ) ;
#3150 = CARTESIAN_POINT ( 'NONE',  ( 48.59388630219952177, 5.129042007637734990, 329.0000000000000000 ) ) ;
#3151 = ORIENTED_EDGE ( 'NONE', *, *, #1803, .F. ) ;
#3152 = CARTESIAN_POINT ( 'NONE',  ( 32.03201453927876940, -3.096827356251009356, 0.000000000000000000 ) ) ;
#3153 =( NAMED_UNIT ( * ) SI_UNIT ( $, .STERADIAN. ) SOLID_ANGLE_UNIT ( ) );
#3154 = DIRECTION ( 'NONE',  ( 0.000000000000000000, 1.000000000000000000, 0.000000000000000000 ) ) ;
#3155 = CARTESIAN_POINT ( 'NONE',  ( 44.17664738836662508, -2.064851365709543085, 328.9999999999993179 ) ) ;
#3156 = CARTESIAN_POINT ( 'NONE',  ( 41.84837636468225952, -1.711931473123613934, 329.0000000000000000 ) ) ;
#3157 = EDGE_CURVE ( 'NONE', #1417, #369, #1219, .T. ) ;
#3158 = CARTESIAN_POINT ( 'NONE',  ( 86.44077955361514398, 5.547117942185607831, 278.3333566240589221 ) ) ;
#3159 = LINE ( 'NONE', #829, #2868 ) ;
#3160 = AXIS2_PLACEMENT_3D ( 'NONE', #1379, #1407, #1347 ) ;
#3161 = CARTESIAN_POINT ( 'NONE',  ( 48.25854694237339260, 5.044138682044165378, 328.9999999999997158 ) ) ;
#3162 = CARTESIAN_POINT ( 'NONE',  ( 114.5252073565041400, 0.03887894744609002307, 0.000000000000000000 ) ) ;
#3163 = CARTESIAN_POINT ( 'NONE',  ( 98.45408093305573516, -0.6541702060449230416, 254.0000000000001137 ) ) ;
#3164 = ORIENTED_EDGE ( 'NONE', *, *, #105, .T. ) ;
#3165 = ADVANCED_FACE ( 'NONE', ( #1276, #1512, #270, #1533, #1847, #2866 ), #446, .T. ) ;
#3166 = CARTESIAN_POINT ( 'NONE',  ( 67.49600023711182928, -1.791083129298912668, 0.000000000000000000 ) ) ;
#3167 = DIRECTION ( 'NONE',  ( 0.000000000000000000, 0.000000000000000000, 1.000000000000000000 ) ) ;
#3168 = EDGE_LOOP ( 'NONE', ( #1511, #662, #1267, #1502 ) ) ;
#3169 = CARTESIAN_POINT ( 'NONE',  ( 79.08616340307713699, 6.253183257934299633, 329.0000000000000000 ) ) ;
#3170 = PLANE ( 'NONE',  #2067 ) ;
#3171 = CARTESIAN_POINT ( 'NONE',  ( 40.79318566831718584, 1.610368441406317963, 329.0000000000000000 ) ) ;
#3172 = DIRECTION ( 'NONE',  ( -0.9993259977782117387, -0.03670899296605030504, 0.000000000000000000 ) ) ;
#3173 = EDGE_CURVE ( 'NONE', #1483, #2285, #3175, .T. ) ;
#3174 = DIRECTION ( 'NONE',  ( 0.9993263259286705447, 0.03670005866349869417, 0.000000000000000000 ) ) ;
#3175 = LINE ( 'NONE', #1603, #1266 ) ;
#3176 = CARTESIAN_POINT ( 'NONE',  ( 111.9008294260163865, -0.1603460212006482255, 254.0000000000001137 ) ) ;
#3177 = CARTESIAN_POINT ( 'NONE',  ( 111.9008294260164007, 0.6587051109874335619, 180.0000000000000000 ) ) ;
#3178 = ORIENTED_EDGE ( 'NONE', *, *, #1159, .F. ) ;
#3179 = CARTESIAN_POINT ( 'NONE',  ( 36.60798634358899761, -2.923595584709475226, 0.000000000000000000 ) ) ;
#3180 = DIRECTION ( 'NONE',  ( 0.03670005866349870111, -0.9993263259286706557, 0.000000000000000000 ) ) ;
#3181 = ORIENTED_EDGE ( 'NONE', *, *, #1957, .T. ) ;
#3182 = CARTESIAN_POINT ( 'NONE',  ( 95.58018436255585470, 4.002765336974010602, 329.0000000000000000 ) ) ;
#3183 = CARTESIAN_POINT ( 'NONE',  ( 62.84169920090382533, -1.961311292554284824, 329.0000000000000000 ) ) ;
#3184 = VECTOR ( 'NONE', #1190, 1000.000000000000000 ) ;
#3185 = CARTESIAN_POINT ( 'NONE',  ( 86.36394300601318719, 5.438954427976055328, 329.0000000000001137 ) ) ;
#3186 = CARTESIAN_POINT ( 'NONE',  ( 86.69339607141658632, 5.848174584824118227, 57.00000000000000000 ) ) ;
#3187 = CARTESIAN_POINT ( 'NONE',  ( 111.9008294260164007, 0.3399886607216017209, 52.00000000000000711 ) ) ;
#3188 = CARTESIAN_POINT ( 'NONE',  ( 57.69833539419930446, 6.588840142674914802, 328.9999999999994884 ) ) ;
#3189 = CARTESIAN_POINT ( 'NONE',  ( 82.36800028140504537, -1.244944328872028994, 0.000000000000000000 ) ) ;
#3190 = EDGE_LOOP ( 'NONE', ( #1661, #281, #620, #2300, #2003, #1654, #543, #2231 ) ) ;
#3191 = CARTESIAN_POINT ( 'NONE',  ( 0.000000000000000000, 0.000000000000000000, 115.0000000000000000 ) ) ;
#3192 = VECTOR ( 'NONE', #645, 1000.000000000000000 ) ;
#3193 = ORIENTED_EDGE ( 'NONE', *, *, #1064, .T. ) ;
#3194 = CARTESIAN_POINT ( 'NONE',  ( 57.20033882200036857, 9.825181108489315918, 0.000000000000000000 ) ) ;
#3195 = CARTESIAN_POINT ( 'NONE',  ( 86.75729166573823647, -1.083761663289079413, 249.0000000000000000 ) ) ;
#3196 = CARTESIAN_POINT ( 'NONE',  ( 77.58626209097160142, -1.420496522493516656, 329.0000000000000000 ) ) ;
#3197 = LINE ( 'NONE', #2632, #1238 ) ;
#3198 = CARTESIAN_POINT ( 'NONE',  ( 86.73893716925522313, -0.5840986643999728223, 249.0000000000000000 ) ) ;
#3199 = CARTESIAN_POINT ( 'NONE',  ( 86.69504196232624338, 5.850136081228721530, 55.00000000000000000 ) ) ;
#3200 = CARTESIAN_POINT ( 'NONE',  ( 88.73537980206369014, 5.106543261798527134, 329.0000000000000568 ) ) ;
#3201 = EDGE_CURVE ( 'NONE', #2595, #2962, #551, .T. ) ;
#3202 = CARTESIAN_POINT ( 'NONE',  ( 100.1479325255845367, 3.307311575480849086, 0.000000000000000000 ) ) ;
#3203 = CARTESIAN_POINT ( 'NONE',  ( 70.16533323050056481, -1.693097198511446688, 0.000000000000000000 ) ) ;
#3204 = FACE_OUTER_BOUND ( 'NONE', #904, .T. ) ;
#3205 = VERTEX_POINT ( 'NONE', #1080 ) ;
#3206 = CARTESIAN_POINT ( 'NONE',  ( 7.999178922120686153, 6.039749042169288096, 0.000000000000000000 ) ) ;
#3207 = EDGE_CURVE ( 'NONE', #556, #3083, #3045, .T. ) ;
#3208 = EDGE_LOOP ( 'NONE', ( #144, #3068, #2136, #1676 ) ) ;
#3209 = B_SPLINE_CURVE_WITH_KNOTS ( 'NONE', 3,
 ( #3199, #2970, #929, #1191, #138, #150, #667 ),
 .UNSPECIFIED., .F., .F.,
 ( 4, 3, 4 ),
 ( 6.938893903907228378E-18, 0.04279746251516235861, 0.05300003802438453537 ),
 .UNSPECIFIED. ) ;
#3210 = DIRECTION ( 'NONE',  ( 0.000000000000000000, 0.000000000000000000, 1.000000000000000000 ) ) ;
#3211 = EDGE_LOOP ( 'NONE', ( #2339, #1591, #434, #2827 ) ) ;
#3212 = CARTESIAN_POINT ( 'NONE',  ( 88.83614349393998566, 5.525394302663290347, 1.999999999999982236 ) ) ;
#3213 = CARTESIAN_POINT ( 'NONE',  ( 69.08940221831147710, -1.732417525179784645, 329.0000000000000000 ) ) ;
#3214 = PLANE ( 'NONE',  #2974 ) ;
#3215 = DIRECTION ( 'NONE',  ( 0.7660444431189818992, -0.6427876096865347000, 8.271806125530276749E-25 ) ) ;
#3216 = CARTESIAN_POINT ( 'NONE',  ( 83.70157641200911769, -1.195960146779512234, 0.000000000000000000 ) ) ;
#3217 = EDGE_CURVE ( 'NONE', #1328, #1483, #1675, .T. ) ;
#3218 = ORIENTED_EDGE ( 'NONE', *, *, #2843, .T. ) ;
#3219 = CARTESIAN_POINT ( 'NONE',  ( 86.47964504620668436, 5.593436032609519160, 252.0000000000000000 ) ) ;
#3220 = ORIENTED_EDGE ( 'NONE', *, *, #864, .T. ) ;
#3221 = ADVANCED_FACE ( 'NONE', ( #1099 ), #2908, .T. ) ;
#3222 = CARTESIAN_POINT ( 'NONE',  ( 112.6839999621243606, -0.1315889685858707969, 0.000000000000000000 ) ) ;
#3223 = DIRECTION ( 'NONE',  ( 1.000000000000000000, 0.000000000000000000, -0.000000000000000000 ) ) ;
#3224 = ORIENTED_EDGE ( 'NONE', *, *, #405, .F. ) ;
#3225 = CARTESIAN_POINT ( 'NONE',  ( 0.07695410240669155189, -0.6505380176043250584, 0.000000000000000000 ) ) ;
#3226 = CARTESIAN_POINT ( 'NONE',  ( 114.4000000000000057, -0.06855999999999999595, 0.000000000000000000 ) ) ;
#3227 = PRODUCT_CONTEXT ( 'NONE', #833, 'mechanical' ) ;
#3228 = FACE_BOUND ( 'NONE', #1102, .T. ) ;
#3229 = CARTESIAN_POINT ( 'NONE',  ( 86.75729166573823647, -1.083761663289079413, 254.0000000000000000 ) ) ;
#3230 = CARTESIAN_POINT ( 'NONE',  ( 86.75727333237441030, -1.083739814427592707, 120.0000000000000000 ) ) ;
#3231 = DIRECTION ( 'NONE',  ( 0.000000000000000000, 0.000000000000000000, 1.000000000000000000 ) ) ;
#3232 = CARTESIAN_POINT ( 'NONE',  ( 111.9008294260164007, -9.946594549830242826, 55.00000000000000000 ) ) ;
#3233 = B_SPLINE_CURVE_WITH_KNOTS ( 'NONE', 3,
 ( #3307, #2027, #481, #2082, #1277, #2346, #460, #3058, #3107, #2063 ),
 .UNSPECIFIED., .F., .F.,
 ( 4, 1, 1, 1, 1, 1, 1, 4 ),
 ( 0.000000000000000000, 0.002657844430372932089, 0.008019644997334153882, 0.01338144556429537654, 0.01874324613125659747, 0.02142414641473723916, 0.02410504669821781840, 0.02589776646398803811 ),
 .UNSPECIFIED. ) ;
#3234 = VECTOR ( 'NONE', #3210, 1000.000000000000000 ) ;
#3235 = LINE ( 'NONE', #2781, #2029 ) ;
#3236 = CARTESIAN_POINT ( 'NONE',  ( 4.003140474712063579, -2.700181421260601233, 0.000000000000000000 ) ) ;
#3237 = EDGE_LOOP ( 'NONE', ( #2301, #3099, #248, #1920 ) ) ;
#3238 = CARTESIAN_POINT ( 'NONE',  ( 111.8824798098075775, 0.3393171569353730099, 249.0000000000000000 ) ) ;
#3239 = CARTESIAN_POINT ( 'NONE',  ( 2.182683916661980028, -2.312783756027203097, 0.000000000000000000 ) ) ;
#3240 = CARTESIAN_POINT ( 'NONE',  ( 0.4838234777087248029, 1.061911407566169752, 0.000000000000000000 ) ) ;
#3241 = VECTOR ( 'NONE', #1787, 1000.000000000000000 ) ;
#3242 = AXIS2_PLACEMENT_3D ( 'NONE', #1755, #980, #235 ) ;
#3243 = CARTESIAN_POINT ( 'NONE',  ( 90.37600000320914262, -0.9508400873798789066, 0.000000000000000000 ) ) ;
#3244 = EDGE_LOOP ( 'NONE', ( #2944, #2434, #505, #2449 ) ) ;
#3245 = ORIENTED_EDGE ( 'NONE', *, *, #3315, .T. ) ;
#3246 = CARTESIAN_POINT ( 'NONE',  ( 42.66033257625031183, 2.955274456221979040, 329.0000000000000000 ) ) ;
#3247 = LINE ( 'NONE', #663, #320 ) ;
#3248 = CARTESIAN_POINT ( 'NONE',  ( 86.60215336130544017, 5.739435757251139414, 154.2778685060352757 ) ) ;
#3249 = CARTESIAN_POINT ( 'NONE',  ( 109.7871838215895934, 0.2623695672188540162, 254.0000000000000000 ) ) ;
#3250 = EDGE_CURVE ( 'NONE', #286, #1149, #284, .T. ) ;
#3251 = CARTESIAN_POINT ( 'NONE',  ( 86.69504196232624338, 5.850136081228721530, 55.00000000000000000 ) ) ;
#3252 = CARTESIAN_POINT ( 'NONE',  ( 111.9008294260164007, -0.1603477655009281910, 117.0000000000000000 ) ) ;
#3253 = CARTESIAN_POINT ( 'NONE',  ( 4.574396350851191784, -2.807125535888000734, 0.000000000000000000 ) ) ;
#3254 = ORIENTED_EDGE ( 'NONE', *, *, #2316, .T. ) ;
#3255 = FACE_OUTER_BOUND ( 'NONE', #2263, .T. ) ;
#3256 = CARTESIAN_POINT ( 'NONE',  ( 41.61443685122392822, -1.667117332913258698, 328.9999999999993179 ) ) ;
#3257 = CARTESIAN_POINT ( 'NONE',  ( 111.1588025570044493, 0.8347634796787135603, 0.000000000000000000 ) ) ;
#3258 = CARTESIAN_POINT ( 'NONE',  ( 90.37640154026166783, 5.236610560163779127, 0.000000000000000000 ) ) ;
#3259 = CARTESIAN_POINT ( 'NONE',  ( 114.4000000000000057, 0.06855999999999999595, 0.000000000000000000 ) ) ;
#3260 = VECTOR ( 'NONE', #2588, 1000.000000000000000 ) ;
#3261 = CARTESIAN_POINT ( 'NONE',  ( 86.75727365776731403, -1.083740202215841331, 2.000000000000026201 ) ) ;
#3262 = CARTESIAN_POINT ( 'NONE',  ( 110.6685937716758588, 0.9487068053966714043, 114.9999999999999858 ) ) ;
#3263 = ORIENTED_EDGE ( 'NONE', *, *, #1730, .F. ) ;
#3264 = ADVANCED_FACE ( 'NONE', ( #328 ), #788, .T. ) ;
#3265 = DIRECTION ( 'NONE',  ( 0.6427876096865408062, -0.7660444431189767922, 0.000000000000000000 ) ) ;
#3266 = CARTESIAN_POINT ( 'NONE',  ( 106.0757465537732998, -0.3742740200684560037, 329.0000000000000000 ) ) ;
#3267 = CARTESIAN_POINT ( 'NONE',  ( 86.61545008690234226, 5.755282177750976835, 141.4167997796593852 ) ) ;
#3268 = CARTESIAN_POINT ( 'NONE',  ( 88.06118438317453467, 7.478241219270040929, 182.0000000000000000 ) ) ;
#3269 = ORIENTED_EDGE ( 'NONE', *, *, #65, .F. ) ;
#3270 = CARTESIAN_POINT ( 'NONE',  ( 111.9008294260163865, -0.1603460212006482255, 249.0000000000000000 ) ) ;
#3271 = CARTESIAN_POINT ( 'NONE',  ( 86.75727329643405028, -1.083739771595525703, 77.33333333333332860 ) ) ;
#3272 = PLANE ( 'NONE',  #2872 ) ;
#3273 = EDGE_CURVE ( 'NONE', #2654, #3084, #12, .T. ) ;
#3274 = CARTESIAN_POINT ( 'NONE',  ( 86.34999562234368398, -0.5983651403149211623, 177.0000000000000000 ) ) ;
#3275 = CARTESIAN_POINT ( 'NONE',  ( 1.816431309505301739, -2.164347040223307150, 0.000000000000000000 ) ) ;
#3276 = CARTESIAN_POINT ( 'NONE',  ( 86.75727748948369822, -1.083744768677505910, 185.0000000000000000 ) ) ;
#3277 = CARTESIAN_POINT ( 'NONE',  ( 112.1121442004464797, 0.6103345144746803452, 0.000000000000000000 ) ) ;
#3278 = CARTESIAN_POINT ( 'NONE',  ( 58.34428325320723729, 9.732665308293979578, 0.000000000000000000 ) ) ;
#3279 = DIRECTION ( 'NONE',  ( -0.6427876096865406952, 0.7660444431189769032, 0.000000000000000000 ) ) ;
#3280 = CARTESIAN_POINT ( 'NONE',  ( 82.79876929128081997, 5.873910608364916186, 328.9999999571906528 ) ) ;
#3281 = ORIENTED_EDGE ( 'NONE', *, *, #1516, .F. ) ;
#3282 = VERTEX_POINT ( 'NONE', #2598 ) ;
#3283 = CARTESIAN_POINT ( 'NONE',  ( -0.03642451569615721280, -0.1997153173902917467, 0.000000000000000000 ) ) ;
#3284 = DIRECTION ( 'NONE',  ( 0.9993263265620334623, 0.03670004141730631719, 0.000000000000000000 ) ) ;
#3285 = UNCERTAINTY_MEASURE_WITH_UNIT (LENGTH_MEASURE( 1.000000000000000082E-05 ), #1647, 'distance_accuracy_value', 'NONE');
#3286 = CARTESIAN_POINT ( 'NONE',  ( 13.72330266735512794, 7.852767986748538931, 0.000000000000000000 ) ) ;
#3287 = ORIENTED_EDGE ( 'NONE', *, *, #2509, .F. ) ;
#3288 = CARTESIAN_POINT ( 'NONE',  ( 86.75727748948369822, -1.083744768677505910, 180.0000000000000000 ) ) ;
#3289 = CARTESIAN_POINT ( 'NONE',  ( 86.75727349766768270, -1.083740011416445048, 56.99999999999999289 ) ) ;
#3290 = CARTESIAN_POINT ( 'NONE',  ( 109.0023727052958549, 1.328869159642859232, 327.0000000000000000 ) ) ;
#3291 = LINE ( 'NONE', #3274, #3353 ) ;
#3292 = CARTESIAN_POINT ( 'NONE',  ( 0.6725983738452301353, -1.433129942737116691, 0.000000000000000000 ) ) ;
#3293 = ORIENTED_EDGE ( 'NONE', *, *, #3095, .F. ) ;
#3294 = CARTESIAN_POINT ( 'NONE',  ( 96.09649925381408764, 4.124943300546681790, 0.000000000000000000 ) ) ;
#3295 = CARTESIAN_POINT ( 'NONE',  ( 89.23248988995833031, 5.449104069315406917, 0.000000000000000000 ) ) ;
#3296 = EDGE_CURVE ( 'NONE', #1149, #3084, #2121, .T. ) ;
#3297 = AXIS2_PLACEMENT_3D ( 'NONE', #3232, #1689, #1708 ) ;
#3298 = CARTESIAN_POINT ( 'NONE',  ( 40.03997500868061366, 10.47937391410587615, 0.000000000000000000 ) ) ;
#3299 = VERTEX_POINT ( 'NONE', #2614 ) ;
#3300 = VERTEX_POINT ( 'NONE', #2095 ) ;
#3301 = DIRECTION ( 'NONE',  ( 0.6427876096865374755, -0.7660444431189795678, 0.000000000000000000 ) ) ;
#3302 = CARTESIAN_POINT ( 'NONE',  ( 87.54814149391602029, 5.632175790463195497, 117.0000000000000426 ) ) ;
#3303 = VECTOR ( 'NONE', #152, 1000.000000000000000 ) ;
#3304 = CARTESIAN_POINT ( 'NONE',  ( 0.1195481869060875529, 0.4413471700043308799, 0.000000000000000000 ) ) ;
#3305 = ORIENTED_EDGE ( 'NONE', *, *, #1039, .F. ) ;
#3306 = CARTESIAN_POINT ( 'NONE',  ( 109.7866448637809782, -0.2379797960760839381, 328.9999999999996021 ) ) ;
#3307 = CARTESIAN_POINT ( 'NONE',  ( 111.9008294260164007, 0.6581782794274511073, 254.0000000000000000 ) ) ;
#3308 = FACE_OUTER_BOUND ( 'NONE', #2198, .T. ) ;
#3309 = DIRECTION ( 'NONE',  ( 0.000000000000000000, 0.000000000000000000, 1.000000000000000000 ) ) ;
#3310 = EDGE_CURVE ( 'NONE', #2505, #116, #1359, .T. ) ;
#3311 = CARTESIAN_POINT ( 'NONE',  ( 0.03206516888175714453, 0.2597402073430205016, 0.000000000000000000 ) ) ;
#3312 = CARTESIAN_POINT ( 'NONE',  ( 38.89594429249393670, 10.46946062182530035, 0.000000000000000000 ) ) ;
#3313 = CARTESIAN_POINT ( 'NONE',  ( 93.80849912857915740, 4.579227906561518679, 0.000000000000000000 ) ) ;
#3314 = EDGE_LOOP ( 'NONE', ( #1877, #2703, #1323, #2110, #3322 ) ) ;
#3315 = EDGE_CURVE ( 'NONE', #309, #1182, #2640, .T. ) ;
#3316 = PLANE ( 'NONE',  #2567 ) ;
#3317 = VERTEX_POINT ( 'NONE', #267 ) ;
#3318 = EDGE_LOOP ( 'NONE', ( #3220, #1825, #206, #20 ) ) ;
#3319 = DIRECTION ( 'NONE',  ( -0.9993263265620334623, -0.03670004141730631719, 0.000000000000000000 ) ) ;
#3320 = FACE_OUTER_BOUND ( 'NONE', #3314, .T. ) ;
#3321 = CARTESIAN_POINT ( 'NONE',  ( 2.842816086547467869, 3.362647340539301588, 0.000000000000000000 ) ) ;
#3322 = ORIENTED_EDGE ( 'NONE', *, *, #587, .F. ) ;
#3323 = CARTESIAN_POINT ( 'NONE',  ( 82.95812708819897807, -1.223265109721984878, 49.32772616221942741 ) ) ;
#3324 = CARTESIAN_POINT ( 'NONE',  ( 102.5773650050702201, 2.686002852973013777, 329.0000000000000000 ) ) ;
#3325 = CARTESIAN_POINT ( 'NONE',  ( 34.67685276963516827, -2.995672032723854628, 0.000000000000000000 ) ) ;
#3326 = CARTESIAN_POINT ( 'NONE',  ( 86.47670326935653407, 5.589930159479743921, 254.0000000000000000 ) ) ;
#3327 = VECTOR ( 'NONE', #169, 1000.000000000000000 ) ;
#3328 = CARTESIAN_POINT ( 'NONE',  ( 111.9008294260164007, 7.478241219270040929, 327.0000000000000000 ) ) ;
#3329 = CARTESIAN_POINT ( 'NONE',  ( 0.000000000000000000, 0.000000000000000000, 185.0000000000000000 ) ) ;
#3330 = CARTESIAN_POINT ( 'NONE',  ( 43.73461712113001454, 3.483849596880337796, 329.0000000000007390 ) ) ;
#3331 = CARTESIAN_POINT ( 'NONE',  ( 85.80038502316313043, 6.066759183364103691, 0.000000000000000000 ) ) ;
#3332 = CARTESIAN_POINT ( 'NONE',  ( 53.34274358572176311, 6.103991243766760277, 329.0000000000000000 ) ) ;
#3333 = CARTESIAN_POINT ( 'NONE',  ( 74.23415448507184067, -1.543708215947299678, 0.000000000000000000 ) ) ;
#3334 = CARTESIAN_POINT ( 'NONE',  ( 109.7871838215895934, 0.2623695672188540162, 254.0000000000000000 ) ) ;
#3335 = DIRECTION ( 'NONE',  ( -0.000000000000000000, 1.000000000000000000, -0.000000000000000000 ) ) ;
#3336 = CARTESIAN_POINT ( 'NONE',  ( 110.4494662935805849, -0.2136498800601913661, 54.99999999999995737 ) ) ;
#3337 = ORIENTED_EDGE ( 'NONE', *, *, #2216, .T. ) ;
#3338 = EDGE_LOOP ( 'NONE', ( #3178, #593, #246, #129 ) ) ;
#3339 = PLANE ( 'NONE',  #579 ) ;
#3340 = EDGE_CURVE ( 'NONE', #408, #3282, #2627, .T. ) ;
#3341 = CARTESIAN_POINT ( 'NONE',  ( 12.57958544553577696, 7.544262120501744384, 0.000000000000000000 ) ) ;
#3342 = FACE_OUTER_BOUND ( 'NONE', #3211, .T. ) ;
#3343 = ORIENTED_EDGE ( 'NONE', *, *, #3347, .F. ) ;
#3344 = CARTESIAN_POINT ( 'NONE',  ( 82.95813276116298596, -1.223271870497178115, 286.4985982072618071 ) ) ;
#3345 = CARTESIAN_POINT ( 'NONE',  ( 85.85685239120496703, -1.116836645115019788, 329.0000000000003979 ) ) ;
#3346 = CARTESIAN_POINT ( 'NONE',  ( 111.9008294260164007, -0.1603484030683038353, 60.00000000000000711 ) ) ;
#3347 = EDGE_CURVE ( 'NONE', #1371, #2505, #1026, .T. ) ;
#3348 = CARTESIAN_POINT ( 'NONE',  ( 88.25298756622031249, -1.028818397291937803, 252.0000000000002842 ) ) ;
#3349 = CARTESIAN_POINT ( 'NONE',  ( 0.7655508419826408950, 1.411833302483730623, 0.000000000000000000 ) ) ;
#3350 = CARTESIAN_POINT ( 'NONE',  ( 88.73537980206369014, 5.106543261798527134, 329.0000000000000568 ) ) ;
#3351 = CARTESIAN_POINT ( 'NONE',  ( 93.03579108448828094, -0.8531611054334398148, 329.0000000000001705 ) ) ;
#3352 = DIRECTION ( 'NONE',  ( 1.000000000000000000, 0.000000000000000000, -0.000000000000000000 ) ) ;
#3353 = VECTOR ( 'NONE', #1495, 1000.000000000000000 ) ;
#3354 = EDGE_LOOP ( 'NONE', ( #2610, #1930, #609, #785, #1273 ) ) ;
#3355 = VERTEX_POINT ( 'NONE', #2108 ) ;
#3356 = DIRECTION ( 'NONE',  ( 0.6427876096855452692, -0.7660444431198121240, 0.000000000000000000 ) ) ;
#3357 = PLANE ( 'NONE',  #1679 ) ;
#3358 = EDGE_CURVE ( 'NONE', #1308, #2959, #1753, .T. ) ;
ENDSEC;
END-ISO-10303-21;
