ISO-10303-21;
HEADER;
FILE_DESCRIPTION (( 'STEP AP214' ),
    '1' );
FILE_NAME ('ΩÛ“Ì.STEP',
    '2026-02-11T01:33:49',
    ( '' ),
    ( '' ),
    'SwSTEP 2.0',
    'SolidWorks 2024',
    '' );
FILE_SCHEMA (( 'AUTOMOTIVE_DESIGN' ));
ENDSEC;

DATA;
#1 = PLANE ( 'NONE',  #1954 ) ;
#2 = CARTESIAN_POINT ( 'NONE',  ( 156.6599997411017853, -1.207636283983775982, 0.000000000000000000 ) ) ;
#3 = CARTESIAN_POINT ( 'NONE',  ( 143.4109283965367467, 9.163462213136082113, 96.00007059542733145 ) ) ;
#4 = ADVANCED_FACE ( 'NONE', ( #3905 ), #4935, .F. ) ;
#5 = LINE ( 'NONE', #3235, #5295 ) ;
#6 = CARTESIAN_POINT ( 'NONE',  ( 160.4707505326933870, 5.837235457473938460, 287.9999999999998863 ) ) ;
#7 = ORIENTED_EDGE ( 'NONE', *, *, #4386, .T. ) ;
#8 = CARTESIAN_POINT ( 'NONE',  ( 146.5560522104612176, 8.526697199326170207, 161.0000000000000000 ) ) ;
#9 = EDGE_LOOP ( 'NONE', ( #2501, #297, #862, #4807 ) ) ;
#10 = CARTESIAN_POINT ( 'NONE',  ( 154.7820052766445826, -1.276612241765025857, 3.706012225241956060 ) ) ;
#11 = CARTESIAN_POINT ( 'NONE',  ( 167.8499999998964540, -0.7966899971803896863, 0.000000000000000000 ) ) ;
#12 = ORIENTED_EDGE ( 'NONE', *, *, #5101, .F. ) ;
#13 = DIRECTION ( 'NONE',  ( 0.7660444535136899935, 0.6427875972986037967, -0.000000000000000000 ) ) ;
#14 = LINE ( 'NONE', #4817, #4952 ) ;
#15 = EDGE_LOOP ( 'NONE', ( #2001, #470, #45 ) ) ;
#16 = ADVANCED_FACE ( 'NONE', ( #2242 ), #3756, .F. ) ;
#17 = CARTESIAN_POINT ( 'NONE',  ( 184.3164905826809559, 0.3083718411603724729, 158.0000000000000000 ) ) ;
#18 = ORIENTED_EDGE ( 'NONE', *, *, #1949, .F. ) ;
#19 = CARTESIAN_POINT ( 'NONE',  ( 188.5579977649599641, -41.52927395510923247, 153.0160123065356572 ) ) ;
#20 = ORIENTED_EDGE ( 'NONE', *, *, #4062, .T. ) ;
#21 = LINE ( 'NONE', #2164, #266 ) ;
#22 = CARTESIAN_POINT ( 'NONE',  ( 14.43648920517128431, 10.35681366495590616, 0.000000000000000000 ) ) ;
#23 = CARTESIAN_POINT ( 'NONE',  ( 149.8311723511805553, 7.989925832803860928, 103.0000000000000426 ) ) ;
#24 = ORIENTED_EDGE ( 'NONE', *, *, #4604, .F. ) ;
#25 = EDGE_CURVE ( 'NONE', #3007, #1895, #6085, .T. ) ;
#26 = AXIS2_PLACEMENT_3D ( 'NONE', #571, #1707, #1174 ) ;
#27 = AXIS2_PLACEMENT_3D ( 'NONE', #2673, #2030, #3617 ) ;
#28 = CARTESIAN_POINT ( 'NONE',  ( 13.04061724211855378, 9.846269934776294974, 0.000000000000000000 ) ) ;
#29 = SHAPE_DEFINITION_REPRESENTATION ( #1700, #5048 ) ;
#30 = FACE_BOUND ( 'NONE', #6604, .T. ) ;
#31 = CARTESIAN_POINT ( 'NONE',  ( 154.7636551171322878, -0.7769488897788283666, 45.00000000000000711 ) ) ;
#32 = FACE_OUTER_BOUND ( 'NONE', #4056, .T. ) ;
#33 = CARTESIAN_POINT ( 'NONE',  ( 177.2643488709514656, 2.278288838732940746, 50.00000000000001421 ) ) ;
#34 = VECTOR ( 'NONE', #4897, 0.5286820303630775930 ) ;
#35 = LINE ( 'NONE', #4372, #5237 ) ;
#36 = VECTOR ( 'NONE', #3550, 1000.000000000000000 ) ;
#37 = PLANE ( 'NONE',  #2863 ) ;
#38 = VECTOR ( 'NONE', #971, 1000.000000000000000 ) ;
#39 = CARTESIAN_POINT ( 'NONE',  ( 104.5495661356049197, 10.62574726941203984, 519.0000000000000000 ) ) ;
#40 = CARTESIAN_POINT ( 'NONE',  ( 154.3747231731879879, -0.7912323158307347226, 45.00000000000000711 ) ) ;
#41 = FACE_OUTER_BOUND ( 'NONE', #2092, .T. ) ;
#42 = DIRECTION ( 'NONE',  ( 0.7660444535136902156, 0.6427875972986035746, -0.000000000000000000 ) ) ;
#43 = ADVANCED_FACE ( 'NONE', ( #3264 ), #2737, .F. ) ;
#44 = CARTESIAN_POINT ( 'NONE',  ( 69.36424691922144348, 0.3079748919317497613, 519.0000000000005684 ) ) ;
#45 = ORIENTED_EDGE ( 'NONE', *, *, #205, .F. ) ;
#46 = CARTESIAN_POINT ( 'NONE',  ( 148.0602579068340390, 6.734054597800096964, 205.3857090794443252 ) ) ;
#47 = ORIENTED_EDGE ( 'NONE', *, *, #5830, .T. ) ;
#48 = DIRECTION ( 'NONE',  ( 0.9993263279542508037, 0.03670000350780839443, 0.000000000000000000 ) ) ;
#49 = CARTESIAN_POINT ( 'NONE',  ( 57.81486591581965939, 16.96430749178105302, 0.000000000000000000 ) ) ;
#50 = VERTEX_POINT ( 'NONE', #4369 ) ;
#51 = DIRECTION ( 'NONE',  ( 0.7660444535136902156, 0.6427875972986035746, -0.000000000000000000 ) ) ;
#52 = LINE ( 'NONE', #2224, #1884 ) ;
#53 = ADVANCED_FACE ( 'NONE', ( #5395 ), #3795, .T. ) ;
#54 = ORIENTED_EDGE ( 'NONE', *, *, #1517, .T. ) ;
#55 = PLANE ( 'NONE',  #1971 ) ;
#56 = B_SPLINE_SURFACE_WITH_KNOTS ( 'NONE', 3, 1, ( 
 ( #1418, #920 ),
 ( #2953, #4654 ),
 ( #1314, #4157 ),
 ( #1963, #2500 ),
 ( #294, #4119 ),
 ( #4624, #323 ),
 ( #6805, #6837 ),
 ( #3551, #6302 ),
 ( #786, #1927 ),
 ( #887, #6875 ),
 ( #3480, #1998 ),
 ( #4549, #260 ),
 ( #3052, #5223 ),
 ( #6738, #6771 ),
 ( #1453, #5086 ),
 ( #225, #1892 ),
 ( #4050, #5663 ),
 ( #1857, #6198 ),
 ( #5119, #6233 ),
 ( #1350, #5696 ),
 ( #821, #2991 ),
 ( #5158, #1563 ),
 ( #2677, #3124 ),
 ( #4339, #5329 ),
 ( #505, #4844 ),
 ( #2147, #3661 ),
 ( #1026, #2034 ),
 ( #7021, #3768 ),
 ( #4305, #427 ),
 ( #3194, #4196 ),
 ( #5370, #6484 ),
 ( #1595, #6523 ),
 ( #5951, #6376 ),
 ( #1067, #5294 ),
 ( #2714, #1632 ),
 ( #2598, #3089 ),
 ( #461, #393 ),
 ( #4766, #6413 ),
 ( #2072, #1525 ),
 ( #6983, #3696 ),
 ( #2635, #3841 ),
 ( #647, #4378 ),
 ( #5551, #2252 ),
 ( #6118, #3943 ),
 ( #6664, #2216 ),
 ( #1782, #709 ),
 ( #2286, #2878 ),
 ( #3912, #4510 ),
 ( #2322, #6633 ),
 ( #5043, #1750 ),
 ( #1206, #3340 ),
 ( #6596, #677 ),
 ( #4416, #2847 ),
 ( #181, #5520 ),
 ( #1139, #148 ),
 ( #4479, #2818 ),
 ( #6558, #6697 ),
 ( #44, #1810 ),
 ( #3975, #1103 ),
 ( #3273, #5450 ),
 ( #574, #2747 ),
 ( #4911, #1673 ),
 ( #6022, #3307 ),
 ( #614, #4945 ),
 ( #80, #1709 ),
 ( #3878, #6060 ),
 ( #1176, #4980 ),
 ( #777, #4615 ),
 ( #2945, #1272 ),
 ( #4687, #1339 ),
 ( #2422, #250 ),
 ( #4582, #6829 ),
 ( #6764, #2491 ),
 ( #6797, #5151 ),
 ( #4041, #6225 ),
 ( #3044, #5215 ),
 ( #3505, #5689 ),
 ( #286, #4074 ),
 ( #2459, #812 ),
 ( #2981, #6259 ),
 ( #1374, #3542 ),
 ( #5725, #848 ),
 ( #6611, #6647 ),
 ( #2335, #6105 ),
 ( #5534, #661 ),
 ( #4431, #1220 ),
 ( #3384, #4494 ),
 ( #1249, #2830 ),
 ( #1725, #6680 ),
 ( #1795, #3356 ),
 ( #3958, #4993 ),
 ( #6131, #3895 ),
 ( #3415, #5028 ),
 ( #2266, #127 ),
 ( #2301, #5563 ),
 ( #690, #6076 ),
 ( #1190, #2859 ),
 ( #4461, #1765 ),
 ( #3927, #164 ),
 ( #3839, #612 ),
 ( #707, #3370 ),
 ( #5479, #5576 ),
 ( #6091, #6594 ),
 ( #4376, #179 ),
 ( #5009, #5548 ),
 ( #3338, #145 ),
 ( #5517, #3910 ),
 ( #645, #674 ),
 ( #6628, #2845 ),
 ( #2780, #1203 ),
 ( #1748, #2320 ),
 ( #2815, #6662 ) ),
 .UNSPECIFIED., .F., .F., .F.,
 ( 4, 1, 1, 1, 2, 1, 1, 1, 1, 1, 1, 1, 1, 1, 1, 1, 1, 1, 1, 1, 1, 1, 1, 1, 1, 1, 1, 1, 1, 1, 1, 1, 1, 1, 1, 1, 1, 1, 1, 1, 1, 1, 1, 1, 1, 1, 1, 1, 1, 1, 1, 1, 1, 1, 1, 1, 1, 1, 1, 1, 1, 1, 1, 1, 1, 1, 1, 1, 1, 1, 1, 1, 1, 1, 1, 1, 1, 1, 1, 1, 1, 1, 1, 1, 1, 1, 1, 1, 1, 1, 1, 1, 1, 1, 1, 1, 1, 1, 1, 1, 1, 1, 1, 1, 1, 1, 1, 1, 4 ),
 ( 2, 2 ),
 ( 0.000000000000000000, 0.0005261575466025254734, 0.001052315093205050947, 0.001578472639807576312, 0.002104630186410101893, 0.03328886049308477091, 0.06447309079975946378, 0.09565732110643414277, 0.1112494362597714614, 0.1268415514131087662, 0.1424336665664460988, 0.1580257817197834869, 0.1736178968731207917, 0.1892100120264581797, 0.2048021271797955123, 0.2203942423331328171, 0.2359863574864702052, 0.2515784726398074822, 0.2671705877931448425, 0.2827627029464820918, 0.2983548180998194521, 0.3139469332531569234, 0.3295390484064941727, 0.3451311635598314775, 0.3529272211365002132, 0.3607232787131688934, 0.3685193362898375735, 0.3763153938665062537, 0.3841114514431748228, 0.3919075090198435030, 0.3997035665965121831, 0.4074996241731809743, 0.4152956817498496545, 0.4230917393265183346, 0.4308877969031869037, 0.4386838544798555284, 0.4464799120565241530, 0.4542759696331928332, 0.4581739984215271733, 0.4620720272098616244, 0.4659700559981959644, 0.4698680847865303045, 0.4718170991806974746, 0.4737661135748646446, 0.4757151279690318146, 0.4776641423631988737, 0.4815621711515332137, 0.4854601999398675538, 0.4874092143340347238, 0.4893582287282018939, 0.4913072431223690639, 0.4932562575165362340, 0.4942307647136198190, 0.4952052719107034040, 0.4961797791077869890, 0.4971542863048705740, 0.4991033006990377441, 0.5010523150932048031, 0.5030013294873720842, 0.5049503438815392542, 0.5068993582757064242, 0.5088483726698735943, 0.5107973870640407643, 0.5127464014582079344, 0.5146954158523751044, 0.5166444302465422744, 0.5205424590348766145, 0.5244404878232109546, 0.5283385166115452947, 0.5322365453998796347, 0.5361345741882139748, 0.5400326029765483149, 0.5439306317648826550, 0.5478286605532169951, 0.5517266893415511131, 0.5556247181298854532, 0.5595227469182197932, 0.5634207757065541333, 0.5712168332832228135, 0.5790128908598914936, 0.5868089484365601738, 0.5946050060132290760, 0.6024010635898977561, 0.6101971211665664363, 0.6179931787432351165, 0.6257892363199037966, 0.6413813514732411569, 0.6569734666265782952, 0.6725655817799156555, 0.6881576969332529048, 0.7037498120865903761, 0.7193419272399277364, 0.7349340423932650967, 0.7505261575466024571, 0.7661182726999395953, 0.7817103878532769556, 0.7973025030066143160, 0.8128946181599518983, 0.8284867333132892586, 0.8440788484666266189, 0.8596709636199637572, 0.8752630787733010065, 0.8908551939266382558, 0.9064473090799756161, 0.9376315393866505588, 0.9532236545399876970, 0.9688157696933250573, 0.9844078848466624176, 1.000000000000000000 ),
 ( 0.000000000000000000, 1.000000000000000000 ),
 .UNSPECIFIED. ) ;
#57 = ORIENTED_EDGE ( 'NONE', *, *, #3604, .T. ) ;
#58 = CARTESIAN_POINT ( 'NONE',  ( 148.0602579068340106, 6.734054597800090747, -9.804599309964982597E-15 ) ) ;
#59 = FACE_OUTER_BOUND ( 'NONE', #799, .T. ) ;
#60 = VERTEX_POINT ( 'NONE', #1128 ) ;
#61 = DIRECTION ( 'NONE',  ( -6.378601426329706152E-17, -5.352281928482944175E-17, -1.000000000000000000 ) ) ;
#62 = CARTESIAN_POINT ( 'NONE',  ( 152.0777421034210590, -1.165244497598718620, -9.804599309964982597E-15 ) ) ;
#63 = EDGE_CURVE ( 'NONE', #5011, #2800, #3225, .T. ) ;
#64 = CARTESIAN_POINT ( 'NONE',  ( 46.01172133595713376, 16.48707252421954195, 0.000000000000000000 ) ) ;
#65 = DIRECTION ( 'NONE',  ( 0.000000000000000000, 0.000000000000000000, 1.000000000000000000 ) ) ;
#66 = VERTEX_POINT ( 'NONE', #3333 ) ;
#67 = CARTESIAN_POINT ( 'NONE',  ( 5.592311077551358700, -4.215562825217257448, 0.000000000000000000 ) ) ;
#68 = CARTESIAN_POINT ( 'NONE',  ( 183.0811239627791451, -0.2373329383662168002, 519.0000000000000000 ) ) ;
#69 = CARTESIAN_POINT ( 'NONE',  ( 154.7820051180358689, -1.276612052742458925, 52.33333333333334991 ) ) ;
#70 = ADVANCED_FACE ( 'NONE', ( #6474 ), #601, .F. ) ;
#71 = CARTESIAN_POINT ( 'NONE',  ( 0.000000000000000000, 0.000000000000000000, 221.0000000000000000 ) ) ;
#72 = LINE ( 'NONE', #3832, #559 ) ;
#73 = CARTESIAN_POINT ( 'NONE',  ( 165.8399407763480440, 4.804937046998445815, 49.99999999999999289 ) ) ;
#74 = AXIS2_PLACEMENT_3D ( 'NONE', #4922, #2648, #5380 ) ;
#75 = DIRECTION ( 'NONE',  ( 0.6427875972986036857, -0.7660444535136901045, -1.368455531567204475E-48 ) ) ;
#76 = CARTESIAN_POINT ( 'NONE',  ( 159.7766874031660222, 5.781602951920632449, 519.0000000000000000 ) ) ;
#77 = LINE ( 'NONE', #673, #5932 ) ;
#78 = DIRECTION ( 'NONE',  ( -0.9993263279542504707, -0.03670000350781703335, 0.000000000000000000 ) ) ;
#79 = CARTESIAN_POINT ( 'NONE',  ( 154.6951820315655368, -1.279801095342261608, 287.9999999999997158 ) ) ;
#80 = CARTESIAN_POINT ( 'NONE',  ( 71.41261912768368347, 2.745488383284409917, 519.0000000000021600 ) ) ;
#81 = VECTOR ( 'NONE', #4140, 1000.000000000000000 ) ;
#82 = ORIENTED_EDGE ( 'NONE', *, *, #389, .T. ) ;
#83 = CARTESIAN_POINT ( 'NONE',  ( 146.5582217300740808, 8.524111666448435543, 163.0000000000000000 ) ) ;
#84 = EDGE_LOOP ( 'NONE', ( #6739, #1156, #2295 ) ) ;
#85 = CARTESIAN_POINT ( 'NONE',  ( 154.7820052472198142, -1.276612206697862684, 11.38306723883069260 ) ) ;
#86 = ADVANCED_FACE ( 'NONE', ( #5472, #4327, #2809, #4438, #5938, #1663 ), #3346, .T. ) ;
#87 = CARTESIAN_POINT ( 'NONE',  ( 164.1219211533889109, 5.185417257046215589, 0.000000000000000000 ) ) ;
#88 = AXIS2_PLACEMENT_3D ( 'NONE', #6152, #215, #4581 ) ;
#89 = ORIENTED_EDGE ( 'NONE', *, *, #6729, .F. ) ;
#90 = CARTESIAN_POINT ( 'NONE',  ( 146.5281689998066383, 5.448479403202897586, 278.4697138208725278 ) ) ;
#91 = CARTESIAN_POINT ( 'NONE',  ( 146.5281689998066099, 5.448479403202883375, -9.804599309964982597E-15 ) ) ;
#92 = ORIENTED_EDGE ( 'NONE', *, *, #1771, .F. ) ;
#93 = DIRECTION ( 'NONE',  ( 0.6427875972986036857, -0.7660444535136901045, 0.000000000000000000 ) ) ;
#94 = EDGE_CURVE ( 'NONE', #856, #710, #4497, .T. ) ;
#95 = EDGE_LOOP ( 'NONE', ( #1315, #4703, #2831 ) ) ;
#96 = CARTESIAN_POINT ( 'NONE',  ( 154.7820050803711922, -1.276612007855474573, 158.0000000000000000 ) ) ;
#97 = VERTEX_POINT ( 'NONE', #234 ) ;
#98 = EDGE_CURVE ( 'NONE', #1570, #66, #4562, .T. ) ;
#99 = CARTESIAN_POINT ( 'NONE',  ( 101.4114260866250277, 10.52563944550377961, 519.0000000000001137 ) ) ;
#100 = CARTESIAN_POINT ( 'NONE',  ( 63.24426980890024197, 104.7023687288700415, 39.55403660112847319 ) ) ;
#101 = ORIENTED_EDGE ( 'NONE', *, *, #4383, .F. ) ;
#102 = ADVANCED_FACE ( 'NONE', ( #1326 ), #2404, .F. ) ;
#103 = CARTESIAN_POINT ( 'NONE',  ( 153.6098310104484597, 0.1203306969985041414, 64.47655302367238050 ) ) ;
#104 = DIRECTION ( 'NONE',  ( -0.6427875972986034636, 0.7660444535136902156, 0.000000000000000000 ) ) ;
#105 = CARTESIAN_POINT ( 'NONE',  ( 187.0592776780984252, -0.09122815737577198714, 518.9999999999997726 ) ) ;
#106 = LINE ( 'NONE', #3299, #1804 ) ;
#107 = EDGE_CURVE ( 'NONE', #6294, #2894, #5567, .T. ) ;
#108 = CARTESIAN_POINT ( 'NONE',  ( 154.7820051188861896, -1.276612053755953768, 45.00000000000000711 ) ) ;
#109 = CARTESIAN_POINT ( 'NONE',  ( 184.4520580456046162, 0.5964940073598865578, 519.0000000000000000 ) ) ;
#110 = CARTESIAN_POINT ( 'NONE',  ( 168.2884815441682065, -20.48445209919029253, 123.8657496186580289 ) ) ;
#111 = DIRECTION ( 'NONE',  ( -0.6427875972986036857, 0.7660444535136901045, 1.368455531567204475E-48 ) ) ;
#112 = VECTOR ( 'NONE', #6183, 1000.000000000000000 ) ;
#113 = CARTESIAN_POINT ( 'NONE',  ( 88.66911395920068628, 74.40221837649806957, 179.8757090794443059 ) ) ;
#114 = CARTESIAN_POINT ( 'NONE',  ( 146.5281689998066099, 5.448479403202894922, 207.3857090794443252 ) ) ;
#115 = ORIENTED_EDGE ( 'NONE', *, *, #883, .T. ) ;
#116 = LINE ( 'NONE', #5523, #1188 ) ;
#117 = ORIENTED_EDGE ( 'NONE', *, *, #5607, .T. ) ;
#118 = CARTESIAN_POINT ( 'NONE',  ( 184.3164905826809559, -0.1919652554198383876, 154.7349694368951987 ) ) ;
#119 = CARTESIAN_POINT ( 'NONE',  ( 139.2547329543069168, 10.00021856727265401, 0.000000000000000000 ) ) ;
#120 = ORIENTED_EDGE ( 'NONE', *, *, #5870, .T. ) ;
#121 = DIRECTION ( 'NONE',  ( 0.7660444535136902156, 0.6427875972986035746, -0.000000000000000000 ) ) ;
#122 = ORIENTED_EDGE ( 'NONE', *, *, #2801, .T. ) ;
#123 = DIRECTION ( 'NONE',  ( -6.378601426329706152E-17, -5.352281928482944175E-17, -1.000000000000000000 ) ) ;
#124 = VECTOR ( 'NONE', #2964, 1000.000000000000000 ) ;
#125 = VERTEX_POINT ( 'NONE', #6750 ) ;
#126 = DIRECTION ( 'NONE',  ( 6.378601426329706152E-17, 5.352281928482944175E-17, 1.000000000000000000 ) ) ;
#127 = CARTESIAN_POINT ( 'NONE',  ( 80.74501047614974425, 16.81121638947341523, 0.000000000000000000 ) ) ;
#128 = EDGE_LOOP ( 'NONE', ( #753, #2227, #2733, #1979, #3649, #5029, #3578, #3945, #1124 ) ) ;
#129 = CARTESIAN_POINT ( 'NONE',  ( 111.6129376002121489, 50.17028094016109918, -33.31074654204535079 ) ) ;
#130 = CARTESIAN_POINT ( 'NONE',  ( 146.5281689998066383, 5.448479403202897586, 216.0193123520296297 ) ) ;
#131 = CARTESIAN_POINT ( 'NONE',  ( 152.0777421034210306, -1.165244497598677098, -9.804599309964982597E-15 ) ) ;
#132 = ORIENTED_EDGE ( 'NONE', *, *, #5129, .T. ) ;
#133 = APPLICATION_PROTOCOL_DEFINITION ( 'draft international standard', 'automotive_design', 1998, #4588 ) ;
#134 = DIRECTION ( 'NONE',  ( 0.000000000000000000, 0.000000000000000000, 1.000000000000000000 ) ) ;
#135 = CARTESIAN_POINT ( 'NONE',  ( 79.90579673303629704, -3.437169118445009719, 518.9999999999990905 ) ) ;
#136 = FACE_OUTER_BOUND ( 'NONE', #2616, .T. ) ;
#137 = VECTOR ( 'NONE', #3525, 1000.000000000000000 ) ;
#138 = AXIS2_PLACEMENT_3D ( 'NONE', #5255, #252, #2387 ) ;
#139 = ADVANCED_FACE ( 'NONE', ( #4996 ), #6134, .T. ) ;
#140 = AXIS2_PLACEMENT_3D ( 'NONE', #5414, #2718, #6341 ) ;
#141 = CARTESIAN_POINT ( 'NONE',  ( 154.7636550723966877, -0.7769488441067985418, 158.0000000000000000 ) ) ;
#142 = CARTESIAN_POINT ( 'NONE',  ( 123.3505347127284750, 10.38657187254372083, 519.0000000000000000 ) ) ;
#143 = LINE ( 'NONE', #5610, #4103 ) ;
#144 = AXIS2_PLACEMENT_3D ( 'NONE', #2113, #2675, #1483 ) ;
#145 = CARTESIAN_POINT ( 'NONE',  ( 153.5357213043734532, 7.365898744728823999, 0.000000000000000000 ) ) ;
#146 = VECTOR ( 'NONE', #536, 1000.000000000000000 ) ;
#147 = LINE ( 'NONE', #113, #4400 ) ;
#148 = CARTESIAN_POINT ( 'NONE',  ( 0.03112534431548428376, -0.6942191776496319244, 0.000000000000000000 ) ) ;
#149 = ORIENTED_EDGE ( 'NONE', *, *, #1514, .F. ) ;
#150 = LINE ( 'NONE', #2325, #2551 ) ;
#151 = ORIENTED_EDGE ( 'NONE', *, *, #3412, .F. ) ;
#152 = AXIS2_PLACEMENT_3D ( 'NONE', #5747, #1331, #1907 ) ;
#153 = B_SPLINE_CURVE_WITH_KNOTS ( 'NONE', 3,
 ( #6955, #1535, #2124, #1683, #5885, #437, #4245 ),
 .UNSPECIFIED., .F., .F.,
 ( 4, 3, 4 ),
 ( 0.000000000000000000, 0.002559018337862873239, 0.003000000000000002665 ),
 .UNSPECIFIED. ) ;
#154 = CARTESIAN_POINT ( 'NONE',  ( 184.3164905826809843, -0.1919652221612422049, 158.0000000000000000 ) ) ;
#155 = CARTESIAN_POINT ( 'NONE',  ( 130.5507359734182273, 11.45805107477334062, 0.000000000000000000 ) ) ;
#156 = AXIS2_PLACEMENT_3D ( 'NONE', #162, #1793, #721 ) ;
#157 = EDGE_CURVE ( 'NONE', #5914, #1814, #5596, .T. ) ;
#158 = ORIENTED_EDGE ( 'NONE', *, *, #933, .F. ) ;
#159 = EDGE_CURVE ( 'NONE', #4541, #963, #4528, .T. ) ;
#160 = FACE_OUTER_BOUND ( 'NONE', #6125, .T. ) ;
#161 = ORIENTED_EDGE ( 'NONE', *, *, #2421, .F. ) ;
#162 = CARTESIAN_POINT ( 'NONE',  ( 0.000000000000000000, 0.000000000000000000, 105.0000000000000142 ) ) ;
#163 = ORIENTED_EDGE ( 'NONE', *, *, #1294, .F. ) ;
#164 = CARTESIAN_POINT ( 'NONE',  ( 110.4191829968820571, 14.32427872526386636, 0.000000000000000000 ) ) ;
#165 = EDGE_LOOP ( 'NONE', ( #3721, #973, #1858, #6415 ) ) ;
#166 = LINE ( 'NONE', #5672, #937 ) ;
#167 = CARTESIAN_POINT ( 'NONE',  ( 88.66911395920067207, 74.40221837649805536, 8.514975219832457753 ) ) ;
#168 = CARTESIAN_POINT ( 'NONE',  ( 184.3164905826810127, -0.1919656573455884863, 46.29398777475806526 ) ) ;
#169 = ORIENTED_EDGE ( 'NONE', *, *, #1096, .F. ) ;
#170 = DIRECTION ( 'NONE',  ( 1.000000000000000000, 0.000000000000000000, -0.000000000000000000 ) ) ;
#171 = AXIS2_PLACEMENT_3D ( 'NONE', #857, #5227, #354 ) ;
#172 = ADVANCED_FACE ( 'NONE', ( #3992 ), #663, .F. ) ;
#173 = CARTESIAN_POINT ( 'NONE',  ( 98.66558878361264817, -3.341966122760425151, 519.0000000000001137 ) ) ;
#174 = CARTESIAN_POINT ( 'NONE',  ( 0.000000000000000000, 0.000000000000000000, 45.00000000000000711 ) ) ;
#175 = DIRECTION ( 'NONE',  ( 0.7660444535136902156, 0.6427875972986035746, -0.000000000000000000 ) ) ;
#176 = CARTESIAN_POINT ( 'NONE',  ( 82.21951321152440073, 7.718667116834208031, 519.0000000000000000 ) ) ;
#177 = LINE ( 'NONE', #40, #6277 ) ;
#178 = EDGE_CURVE ( 'NONE', #287, #575, #6209, .T. ) ;
#179 = CARTESIAN_POINT ( 'NONE',  ( 139.8694997756333578, 9.899595000563286007, 0.000000000000000000 ) ) ;
#180 = PLANE ( 'NONE',  #6677 ) ;
#181 = CARTESIAN_POINT ( 'NONE',  ( 69.41825131002882188, -0.7658117022034189869, 519.0000000000009095 ) ) ;
#182 = CARTESIAN_POINT ( 'NONE',  ( 148.8157550405961729, 8.058843604618333600, 224.0000000000001421 ) ) ;
#183 = ORIENTED_EDGE ( 'NONE', *, *, #922, .F. ) ;
#184 = CARTESIAN_POINT ( 'NONE',  ( 146.6279675797218545, 8.440991796832367555, 224.0000000000000000 ) ) ;
#185 = VECTOR ( 'NONE', #5791, 1000.000000000000000 ) ;
#186 = EDGE_LOOP ( 'NONE', ( #4484, #24, #6666, #418 ) ) ;
#187 = CARTESIAN_POINT ( 'NONE',  ( 154.7820052880068147, -1.276612255305940025, 252.4431894912501093 ) ) ;
#188 = CARTESIAN_POINT ( 'NONE',  ( 85.79047915500117938, 16.53346528281337413, 0.000000000000000000 ) ) ;
#189 = EDGE_CURVE ( 'NONE', #6819, #662, #1798, .T. ) ;
#190 = DIRECTION ( 'NONE',  ( 0.7660444535136902156, 0.6427875972986035746, -0.000000000000000000 ) ) ;
#191 = ORIENTED_EDGE ( 'NONE', *, *, #2951, .T. ) ;
#192 = LINE ( 'NONE', #1284, #1537 ) ;
#193 = ORIENTED_EDGE ( 'NONE', *, *, #3774, .T. ) ;
#194 = PLANE ( 'NONE',  #4575 ) ;
#195 = VECTOR ( 'NONE', #1664, 1000.000000000000000 ) ;
#196 = CARTESIAN_POINT ( 'NONE',  ( 44.75876882989183514, 16.38371798889331643, 0.000000000000000000 ) ) ;
#197 = EDGE_CURVE ( 'NONE', #5011, #3608, #1903, .T. ) ;
#198 = ORIENTED_EDGE ( 'NONE', *, *, #1622, .T. ) ;
#199 = EDGE_LOOP ( 'NONE', ( #1431, #4598, #6741 ) ) ;
#200 = CARTESIAN_POINT ( 'NONE',  ( 184.2981405668465129, 0.3076982081010047887, 221.0000000000000000 ) ) ;
#201 = CARTESIAN_POINT ( 'NONE',  ( 180.7040290666258784, 1.486459005793485000, 0.000000000000000000 ) ) ;
#202 = DIRECTION ( 'NONE',  ( 0.6427875972986036857, -0.7660444535136901045, 0.000000000000000000 ) ) ;
#203 = CARTESIAN_POINT ( 'NONE',  ( 158.9511298402132695, 6.268436479413170836, 49.99999999999999289 ) ) ;
#204 = ORIENTED_EDGE ( 'NONE', *, *, #3068, .T. ) ;
#205 = EDGE_CURVE ( 'NONE', #1794, #6268, #1193, .T. ) ;
#206 = CARTESIAN_POINT ( 'NONE',  ( 146.5281689998066099, 5.448479403202883375, -9.804599309964982597E-15 ) ) ;
#207 = LINE ( 'NONE', #1773, #4804 ) ;
#208 = CARTESIAN_POINT ( 'NONE',  ( 160.5485961704257818, -1.064833115793934359, 519.0000000000001137 ) ) ;
#209 = DIRECTION ( 'NONE',  ( -6.378601426329706152E-17, -5.352281928482944175E-17, -1.000000000000000000 ) ) ;
#210 = PLANE ( 'NONE',  #2647 ) ;
#211 = CARTESIAN_POINT ( 'NONE',  ( 69.99263461397720221, 1.310216752290084496, 519.0000000000000000 ) ) ;
#212 = FACE_OUTER_BOUND ( 'NONE', #5338, .T. ) ;
#213 = LINE ( 'NONE', #2909, #2070 ) ;
#214 = ORIENTED_EDGE ( 'NONE', *, *, #1837, .T. ) ;
#215 = DIRECTION ( 'NONE',  ( 0.000000000000000000, 0.000000000000000000, 1.000000000000000000 ) ) ;
#216 = VERTEX_POINT ( 'NONE', #3359 ) ;
#217 = CARTESIAN_POINT ( 'NONE',  ( 146.6208094759430764, 8.449522493007082247, 218.0289675955997666 ) ) ;
#218 = ORIENTED_EDGE ( 'NONE', *, *, #4403, .F. ) ;
#219 = CARTESIAN_POINT ( 'NONE',  ( 174.7984941750790142, -0.5414989290512960407, 105.0000000000000000 ) ) ;
#220 = EDGE_CURVE ( 'NONE', #2836, #4100, #5538, .T. ) ;
#221 = VECTOR ( 'NONE', #2775, 1000.000000000000000 ) ;
#222 = CARTESIAN_POINT ( 'NONE',  ( 7.444189030984896149, 7.295727210227484605, 0.000000000000000000 ) ) ;
#223 = EDGE_CURVE ( 'NONE', #397, #957, #1768, .T. ) ;
#224 = DIRECTION ( 'NONE',  ( 0.000000000000000000, 1.000000000000000000, 0.000000000000000000 ) ) ;
#225 = CARTESIAN_POINT ( 'NONE',  ( 141.7961206266243721, -1.753568036981419942, 519.0000000000006821 ) ) ;
#226 = ORIENTED_EDGE ( 'NONE', *, *, #3128, .F. ) ;
#227 = CARTESIAN_POINT ( 'NONE',  ( 199.5801040130026252, -57.77635681924896005, 172.5468732127381202 ) ) ;
#228 = VERTEX_POINT ( 'NONE', #3387 ) ;
#229 = LINE ( 'NONE', #3556, #926 ) ;
#230 = CARTESIAN_POINT ( 'NONE',  ( 113.7650004060434696, -2.783004394769736489, 0.000000000000000000 ) ) ;
#231 = EDGE_LOOP ( 'NONE', ( #4962, #5886, #1343, #1693 ) ) ;
#232 = ORIENTED_EDGE ( 'NONE', *, *, #6362, .T. ) ;
#233 = FILL_AREA_STYLE_COLOUR ( '', #5947 ) ;
#234 = CARTESIAN_POINT ( 'NONE',  ( 154.3747231731879879, -0.7912323158307376092, 50.00000000000000000 ) ) ;
#235 = DIRECTION ( 'NONE',  ( -6.378601426329706152E-17, -5.352281928482944175E-17, -1.000000000000000000 ) ) ;
#236 = CARTESIAN_POINT ( 'NONE',  ( 146.5423388897009715, 8.543040099145256860, 148.2049260959452397 ) ) ;
#237 = ORIENTED_EDGE ( 'NONE', *, *, #3671, .F. ) ;
#238 = ADVANCED_FACE ( 'NONE', ( #6383 ), #5268, .F. ) ;
#239 = B_SPLINE_CURVE_WITH_KNOTS ( 'NONE', 3,
 ( #4236, #4271, #5908, #6414, #3697, #6, #5876, #3195, #5371, #506, #2678, #4845 ),
 .UNSPECIFIED., .F., .F.,
 ( 4, 1, 1, 1, 1, 1, 1, 1, 1, 4 ),
 ( 0.0003401005223491989694, 0.001626135979539789249, 0.006360867385239755110, 0.01109559879093972162, 0.01583033019663971849, 0.02529979300803978509, 0.03003452441373971951, 0.03476925581943972332, 0.03950398722513971672, 0.04423871863083978645 ),
 .UNSPECIFIED. ) ;
#240 = VECTOR ( 'NONE', #3962, 1000.000000000000000 ) ;
#241 = LINE ( 'NONE', #4569, #6637 ) ;
#242 = CARTESIAN_POINT ( 'NONE',  ( 152.0777421034210306, -1.165244497598732609, 108.6989397439838712 ) ) ;
#243 = CARTESIAN_POINT ( 'NONE',  ( 103.1615656577619973, -3.172122366968166851, 0.000000000000000000 ) ) ;
#244 = LINE ( 'NONE', #4574, #2038 ) ;
#245 = EDGE_CURVE ( 'NONE', #1642, #1118, #3628, .T. ) ;
#246 = FACE_OUTER_BOUND ( 'NONE', #479, .T. ) ;
#247 = CARTESIAN_POINT ( 'NONE',  ( 69.54539373062252139, 0.6764796482961162871, 519.0000000000000000 ) ) ;
#248 = ORIENTED_EDGE ( 'NONE', *, *, #3924, .T. ) ;
#249 = LINE ( 'NONE', #6763, #3709 ) ;
#250 = CARTESIAN_POINT ( 'NONE',  ( 8.934645711413093494, 8.079503712207412036, 0.000000000000000000 ) ) ;
#251 = ORIENTED_EDGE ( 'NONE', *, *, #5226, .F. ) ;
#252 = DIRECTION ( 'NONE',  ( 0.000000000000000000, 0.000000000000000000, 1.000000000000000000 ) ) ;
#253 = VERTEX_POINT ( 'NONE', #6313 ) ;
#254 = VECTOR ( 'NONE', #4797, 1000.000000000000000 ) ;
#255 = DIRECTION ( 'NONE',  ( 0.7660444535136902156, 0.6427875972986035746, -0.000000000000000000 ) ) ;
#256 = CARTESIAN_POINT ( 'NONE',  ( 0.2723202859128955877, -1.286439555938088786, 0.000000000000000000 ) ) ;
#257 = VECTOR ( 'NONE', #6002, 1000.000000000000000 ) ;
#258 = EDGE_CURVE ( 'NONE', #760, #1477, #1937, .T. ) ;
#259 = DIRECTION ( 'NONE',  ( 0.6427875972986035746, -0.7660444535136902156, -6.018531076210112041E-33 ) ) ;
#260 = CARTESIAN_POINT ( 'NONE',  ( 138.8780421716078877, -1.860682216793458688, 0.000000000000000000 ) ) ;
#261 = ORIENTED_EDGE ( 'NONE', *, *, #1842, .T. ) ;
#262 = LINE ( 'NONE', #5801, #4483 ) ;
#263 = ORIENTED_EDGE ( 'NONE', *, *, #2782, .F. ) ;
#264 = AXIS2_PLACEMENT_3D ( 'NONE', #868, #2408, #5139 ) ;
#265 = CARTESIAN_POINT ( 'NONE',  ( 146.5281689998066099, 5.448479403202890481, 98.62000348240258063 ) ) ;
#266 = VECTOR ( 'NONE', #2696, 1000.000000000000000 ) ;
#267 = CARTESIAN_POINT ( 'NONE',  ( 82.06000129538449528, -3.948358598900632899, 0.000000000000000000 ) ) ;
#268 = EDGE_LOOP ( 'NONE', ( #5560, #3280, #6597, #2762 ) ) ;
#269 = VECTOR ( 'NONE', #5921, 1000.000000000000000 ) ;
#270 = EDGE_CURVE ( 'NONE', #4363, #6795, #6921, .T. ) ;
#271 = EDGE_LOOP ( 'NONE', ( #4394, #2723, #6249, #2027 ) ) ;
#272 = LINE ( 'NONE', #5633, #1495 ) ;
#273 = CARTESIAN_POINT ( 'NONE',  ( 146.5281689998066383, 5.448479403202897586, 278.4697138208725278 ) ) ;
#274 = DIRECTION ( 'NONE',  ( 0.000000000000000000, 0.000000000000000000, 1.000000000000000000 ) ) ;
#275 = PLANE ( 'NONE',  #524 ) ;
#276 = EDGE_LOOP ( 'NONE', ( #967, #3203, #6451 ) ) ;
#277 = EDGE_CURVE ( 'NONE', #4732, #6173, #4667, .T. ) ;
#278 = FACE_OUTER_BOUND ( 'NONE', #6466, .T. ) ;
#279 = CARTESIAN_POINT ( 'NONE',  ( 93.03864245429784319, -3.512154444140946907, 519.0000000000001137 ) ) ;
#280 = FACE_OUTER_BOUND ( 'NONE', #5877, .T. ) ;
#281 = LINE ( 'NONE', #1367, #2763 ) ;
#282 = VECTOR ( 'NONE', #5297, 1000.000000000000000 ) ;
#283 = CARTESIAN_POINT ( 'NONE',  ( 69.33415425396293585, -0.5175089252242878191, 519.0000000000000000 ) ) ;
#284 = EDGE_LOOP ( 'NONE', ( #4030, #5154, #1078 ) ) ;
#285 = PLANE ( 'NONE',  #88 ) ;
#286 = CARTESIAN_POINT ( 'NONE',  ( 81.06612863422485304, 7.380224242437853910, 519.0000000000002274 ) ) ;
#287 = VERTEX_POINT ( 'NONE', #3561 ) ;
#288 = CARTESIAN_POINT ( 'NONE',  ( 154.7820052676700016, -1.276612231069491621, 286.0000000000000568 ) ) ;
#289 = VERTEX_POINT ( 'NONE', #367 ) ;
#290 = CARTESIAN_POINT ( 'NONE',  ( 0.000000000000000000, 0.000000000000000000, 53.00000000000000711 ) ) ;
#291 = CARTESIAN_POINT ( 'NONE',  ( 0.7887380528272963653, 1.731182989137081130, 0.000000000000000000 ) ) ;
#292 = EDGE_CURVE ( 'NONE', #5148, #253, #4093, .T. ) ;
#293 = DIRECTION ( 'NONE',  ( -0.4545194689124505971, 0.5416752277698736462, 0.7071067811865470176 ) ) ;
#294 = CARTESIAN_POINT ( 'NONE',  ( 186.9306712258070320, -0.09595177429610150799, 518.9999999999998863 ) ) ;
#295 = ORIENTED_EDGE ( 'NONE', *, *, #5254, .F. ) ;
#296 = CARTESIAN_POINT ( 'NONE',  ( 143.3164907601397715, 9.276008609284451367, 288.0000000000000000 ) ) ;
#297 = ORIENTED_EDGE ( 'NONE', *, *, #4837, .F. ) ;
#298 = CARTESIAN_POINT ( 'NONE',  ( 154.7820052418864805, -1.276612200341903369, 229.0000000000000000 ) ) ;
#299 = CARTESIAN_POINT ( 'NONE',  ( 111.9000001793108368, -2.851451552831979264, 0.000000000000000000 ) ) ;
#300 = ORIENTED_EDGE ( 'NONE', *, *, #4393, .F. ) ;
#301 = FACE_OUTER_BOUND ( 'NONE', #1243, .T. ) ;
#302 = LINE ( 'NONE', #5169, #137 ) ;
#303 = CARTESIAN_POINT ( 'NONE',  ( 152.0777421025902072, -1.165244496608476066, 62.41254501415071587 ) ) ;
#304 = VERTEX_POINT ( 'NONE', #4739 ) ;
#305 = ADVANCED_FACE ( 'NONE', ( #301 ), #5848, .F. ) ;
#306 = DIRECTION ( 'NONE',  ( -6.378601426329706152E-17, -5.352281928482944175E-17, -1.000000000000000000 ) ) ;
#307 = ORIENTED_EDGE ( 'NONE', *, *, #2919, .T. ) ;
#308 = CARTESIAN_POINT ( 'NONE',  ( 184.3164905826809843, -0.1919649553590160596, 226.0000000000000000 ) ) ;
#309 = VECTOR ( 'NONE', #3911, 1000.000000000000000 ) ;
#310 = CARTESIAN_POINT ( 'NONE',  ( 77.51409341625841876, 6.170096182196631140, 519.0000000000007958 ) ) ;
#311 = CARTESIAN_POINT ( 'NONE',  ( 146.5281689998066952, 5.448479403202862947, 280.5910341644320170 ) ) ;
#312 = CARTESIAN_POINT ( 'NONE',  ( 181.8375943944955111, 1.214548603549969297, 0.000000000000000000 ) ) ;
#313 = CARTESIAN_POINT ( 'NONE',  ( 89.27212348568721723, 9.302224750807955189, 519.0000000000000000 ) ) ;
#314 = DIRECTION ( 'NONE',  ( 0.000000000000000000, -0.7938448021158673873, -0.6081204076115348522 ) ) ;
#315 = EDGE_LOOP ( 'NONE', ( #6505, #2692, #1755 ) ) ;
#316 = CARTESIAN_POINT ( 'NONE',  ( 153.6098310104484597, 0.1203306969984885288, 29.90350210597731717 ) ) ;
#317 = VERTEX_POINT ( 'NONE', #402 ) ;
#318 = DIRECTION ( 'NONE',  ( 0.03670000350780839443, -0.9993263279542508037, 0.000000000000000000 ) ) ;
#319 = ORIENTED_EDGE ( 'NONE', *, *, #2712, .T. ) ;
#320 = DIRECTION ( 'NONE',  ( -1.000000000000000000, 0.000000000000000000, 0.000000000000000000 ) ) ;
#321 = CARTESIAN_POINT ( 'NONE',  ( -0.01618436370992069190, -0.07097642517224030112, 0.000000000000000000 ) ) ;
#322 = LINE ( 'NONE', #5623, #4571 ) ;
#323 = CARTESIAN_POINT ( 'NONE',  ( 186.5669588114145370, -0.1093106539179982822, 0.000000000000000000 ) ) ;
#324 = ORIENTED_EDGE ( 'NONE', *, *, #5447, .T. ) ;
#325 = PLANE ( 'NONE',  #171 ) ;
#326 = VERTEX_POINT ( 'NONE', #2509 ) ;
#327 = DIRECTION ( 'NONE',  ( 0.7660444535136902156, 0.6427875972986035746, 0.000000000000000000 ) ) ;
#328 = CARTESIAN_POINT ( 'NONE',  ( 24.24487909507622874, -5.622791166913996719, 0.000000000000000000 ) ) ;
#329 = EDGE_LOOP ( 'NONE', ( #6727, #6995, #6846, #6426 ) ) ;
#330 = ORIENTED_EDGE ( 'NONE', *, *, #2782, .T. ) ;
#331 = CARTESIAN_POINT ( 'NONE',  ( 184.3164905826809843, 0.3083721082516452938, 221.0000000000000000 ) ) ;
#332 = DIRECTION ( 'NONE',  ( 0.6427875972986036857, -0.7660444535136901045, 0.000000000000000000 ) ) ;
#333 = ORIENTED_EDGE ( 'NONE', *, *, #445, .T. ) ;
#334 = DIRECTION ( 'NONE',  ( 0.7660444535136902156, 0.6427875972986035746, -0.000000000000000000 ) ) ;
#335 = ORIENTED_EDGE ( 'NONE', *, *, #4679, .T. ) ;
#336 = DIRECTION ( 'NONE',  ( 0.4545194689124487653, -0.5416752277698714257, -0.7071067811865500152 ) ) ;
#337 = CARTESIAN_POINT ( 'NONE',  ( 69.62096356171326761, -1.102681666168357388, 518.9999999999989768 ) ) ;
#338 = CARTESIAN_POINT ( 'NONE',  ( 184.3164905826809559, 0.6290111661823256650, 163.8530061126199655 ) ) ;
#339 = CARTESIAN_POINT ( 'NONE',  ( 141.7407895145319685, 9.560109099018484713, 0.000000000000000000 ) ) ;
#340 = CARTESIAN_POINT ( 'NONE',  ( 155.0761489780784643, -1.265814098296770940, 519.0000000000000000 ) ) ;
#341 = VECTOR ( 'NONE', #4775, 1000.000000000000000 ) ;
#342 = EDGE_LOOP ( 'NONE', ( #2795, #3451, #92 ) ) ;
#343 = EDGE_CURVE ( 'NONE', #4063, #4890, #864, .T. ) ;
#344 = CARTESIAN_POINT ( 'NONE',  ( 146.4356359277702495, 8.670203741542954035, 38.61694196838168125 ) ) ;
#345 = ORIENTED_EDGE ( 'NONE', *, *, #2202, .F. ) ;
#346 = DIRECTION ( 'NONE',  ( 0.4545194689124505971, -0.5416752277698739793, 0.7071067811865470176 ) ) ;
#347 = VERTEX_POINT ( 'NONE', #5776 ) ;
#348 = LINE ( 'NONE', #4800, #1262 ) ;
#349 = CARTESIAN_POINT ( 'NONE',  ( 2.352213067546507386, 3.446428525290371692, 0.000000000000000000 ) ) ;
#350 = ADVANCED_FACE ( 'NONE', ( #4205, #6346, #5305, #4633, #4705, #895, #3032 ), #6953, .T. ) ;
#351 = CARTESIAN_POINT ( 'NONE',  ( 88.66911395920173788, 74.40221837649681902, 255.0810341644326229 ) ) ;
#352 = CARTESIAN_POINT ( 'NONE',  ( 82.66347632603313400, 81.55945883669924967, 9.343113741470716604 ) ) ;
#353 = EDGE_LOOP ( 'NONE', ( #3543, #464, #5916, #1565 ) ) ;
#354 = DIRECTION ( 'NONE',  ( 0.000000000000000000, -1.000000000000000000, -1.048297769837185521E-48 ) ) ;
#355 = ORIENTED_EDGE ( 'NONE', *, *, #4338, .F. ) ;
#356 = VECTOR ( 'NONE', #5793, 1000.000000000000000 ) ;
#357 = VECTOR ( 'NONE', #4700, 1000.000000000000000 ) ;
#358 = LINE ( 'NONE', #298, #6631 ) ;
#359 = CARTESIAN_POINT ( 'NONE',  ( 72.73500207344352475, -4.289080427001710660, 0.000000000000000000 ) ) ;
#360 = ORIENTED_EDGE ( 'NONE', *, *, #6708, .T. ) ;
#361 = EDGE_CURVE ( 'NONE', #1195, #3845, #2671, .T. ) ;
#362 = ADVANCED_FACE ( 'NONE', ( #1973 ), #1358, .F. ) ;
#363 = VECTOR ( 'NONE', #4791, 1000.000000000000000 ) ;
#364 = ORIENTED_EDGE ( 'NONE', *, *, #6098, .F. ) ;
#365 = CARTESIAN_POINT ( 'NONE',  ( 152.0777421034210590, -1.165244497598677098, 100.7413238259620698 ) ) ;
#366 = AXIS2_PLACEMENT_3D ( 'NONE', #5679, #6181, #802 ) ;
#367 = CARTESIAN_POINT ( 'NONE',  ( 148.0602579068340390, 6.734054597800076536, 257.0811869321424297 ) ) ;
#368 = DIRECTION ( 'NONE',  ( 0.03670003166892941981, -0.9993263269200404197, 0.000000000000000000 ) ) ;
#369 = ORIENTED_EDGE ( 'NONE', *, *, #6678, .F. ) ;
#370 = AXIS2_PLACEMENT_3D ( 'NONE', #1507, #336, #870 ) ;
#371 = AXIS2_PLACEMENT_3D ( 'NONE', #3386, #1251, #6715 ) ;
#372 = CARTESIAN_POINT ( 'NONE',  ( 184.3164905826809843, -0.1919649553590160596, 221.0000000000000000 ) ) ;
#373 = CARTESIAN_POINT ( 'NONE',  ( 186.5000000000003411, -0.1117699999999916260, 0.000000000000000000 ) ) ;
#374 = ORIENTED_EDGE ( 'NONE', *, *, #5412, .T. ) ;
#375 = LINE ( 'NONE', #5175, #4347 ) ;
#376 = CARTESIAN_POINT ( 'NONE',  ( 73.37627989534971107, -2.795865212347633744, 519.0000000000003411 ) ) ;
#377 = DIRECTION ( 'NONE',  ( -0.4545194689124502085, 0.5416752277698729801, -0.7071067811865477948 ) ) ;
#378 = EDGE_CURVE ( 'NONE', #6576, #97, #5706, .T. ) ;
#379 = CARTESIAN_POINT ( 'NONE',  ( 147.3356516442727013, 8.536941453396611479, 0.000000000000000000 ) ) ;
#380 = CARTESIAN_POINT ( 'NONE',  ( 168.7848774925621456, -0.7623453166967074646, 519.0000000000000000 ) ) ;
#381 = ADVANCED_FACE ( 'NONE', ( #6281, #4129, #931, #1076, #5999, #5379, #1604, #5418, #2188, #1534, #2791, #3164, #1571, #2755, #3245, #5496, #5884, #1112, #514, #6032, #3741, #1149, #4350, #6530, #3315, #4885, #3706, #547, #6458, #6494, #1643, #3812, #3282, #1000, #2721, #5917, #5456, #583, #4921 ), #2646, .F. ) ;
#382 = ORIENTED_EDGE ( 'NONE', *, *, #5068, .T. ) ;
#383 = CARTESIAN_POINT ( 'NONE',  ( 43.17309805365464825, 128.6222605613255041, 70.77923733555081753 ) ) ;
#384 = PLANE ( 'NONE',  #537 ) ;
#385 = VERTEX_POINT ( 'NONE', #1036 ) ;
#386 = LINE ( 'NONE', #4330, #3883 ) ;
#387 = ORIENTED_EDGE ( 'NONE', *, *, #25, .T. ) ;
#388 = CARTESIAN_POINT ( 'NONE',  ( 184.3164905826809559, 0.6288538271490922149, 252.4431894912003713 ) ) ;
#389 = EDGE_CURVE ( 'NONE', #2587, #5835, #5339, .T. ) ;
#390 = CARTESIAN_POINT ( 'NONE',  ( 134.2799997347833312, -2.029546111950618403, 0.000000000000000000 ) ) ;
#391 = B_SPLINE_CURVE_WITH_KNOTS ( 'NONE', 3,
 ( #6119, #2879, #182, #3341, #4511, #4417, #6698, #5521, #648, #1811, #3879 ),
 .UNSPECIFIED., .F., .F.,
 ( 4, 1, 1, 1, 1, 1, 1, 1, 4 ),
 ( 0.005234132932672462546, 0.006062836134950438244, 0.01106935004012687788, 0.01607586394530335222, 0.02608889175565638069, 0.03109540566083278043, 0.03610191956600926344, 0.04110843347118573604, 0.04373663003313003894 ),
 .UNSPECIFIED. ) ;
#392 = CARTESIAN_POINT ( 'NONE',  ( 170.4501873314200395, 3.807228502657420854, 105.0000000000000000 ) ) ;
#393 = CARTESIAN_POINT ( 'NONE',  ( 22.78903382164070379, -5.601876018064483986, 0.000000000000000000 ) ) ;
#394 = AXIS2_PLACEMENT_3D ( 'NONE', #2849, #2882, #5012 ) ;
#395 = ORIENTED_EDGE ( 'NONE', *, *, #159, .F. ) ;
#396 = DIRECTION ( 'NONE',  ( 6.378601426329706152E-17, 5.352281928482944175E-17, 1.000000000000000000 ) ) ;
#397 = VERTEX_POINT ( 'NONE', #4388 ) ;
#398 = DIRECTION ( 'NONE',  ( 1.000000000000000000, 0.000000000000000000, -0.000000000000000000 ) ) ;
#399 = CARTESIAN_POINT ( 'NONE',  ( 180.9051449323233385, 1.433689586266239768, 0.000000000000000000 ) ) ;
#400 = EDGE_LOOP ( 'NONE', ( #6304, #5817, #5867, #4120 ) ) ;
#401 = LINE ( 'NONE', #6920, #4460 ) ;
#402 = CARTESIAN_POINT ( 'NONE',  ( 184.3164905826809843, 0.3083714254295336077, 48.00000000000000000 ) ) ;
#403 = CARTESIAN_POINT ( 'NONE',  ( 0.2369444771655822013, -6.451902770105788498, 48.00000000000000000 ) ) ;
#404 = ORIENTED_EDGE ( 'NONE', *, *, #6395, .F. ) ;
#405 = B_SPLINE_CURVE_WITH_KNOTS ( 'NONE', 3,
 ( #2779, #4507, #2814, #3940, #5547, #1670, #644 ),
 .UNSPECIFIED., .F., .F.,
 ( 4, 3, 4 ),
 ( 1.387778780781445676E-17, 0.002559018337862900561, 0.003000000000000029986 ),
 .UNSPECIFIED. ) ;
#406 = AXIS2_PLACEMENT_3D ( 'NONE', #3611, #4186, #3151 ) ;
#407 = PLANE ( 'NONE',  #1171 ) ;
#408 = PLANE ( 'NONE',  #1738 ) ;
#409 = CARTESIAN_POINT ( 'NONE',  ( 154.7820052455426776, -1.276612204699173247, 227.7060122252419774 ) ) ;
#410 = ORIENTED_EDGE ( 'NONE', *, *, #4252, .F. ) ;
#411 = DIRECTION ( 'NONE',  ( 0.6427875972986036857, -0.7660444535136901045, -1.368455531567204475E-48 ) ) ;
#412 = VECTOR ( 'NONE', #377, 1000.000000000000000 ) ;
#413 = CARTESIAN_POINT ( 'NONE',  ( 69.93225556446446944, -1.455631790140877735, 519.0000000000010232 ) ) ;
#414 = LINE ( 'NONE', #1509, #4527 ) ;
#415 = EDGE_CURVE ( 'NONE', #5806, #4131, #2688, .T. ) ;
#416 = CARTESIAN_POINT ( 'NONE',  ( 160.3908099099999163, 5.963801337740230579, 0.000000000000000000 ) ) ;
#417 = CARTESIAN_POINT ( 'NONE',  ( 121.0001657896662834, -2.517898855010781034, 519.0000000000000000 ) ) ;
#418 = ORIENTED_EDGE ( 'NONE', *, *, #3321, .T. ) ;
#419 = LINE ( 'NONE', #4185, #1432 ) ;
#420 = CARTESIAN_POINT ( 'NONE',  ( 148.0602579068340106, 6.734054597800094299, 207.3857090794443252 ) ) ;
#421 = DIRECTION ( 'NONE',  ( 0.000000000000000000, 0.000000000000000000, 1.000000000000000000 ) ) ;
#422 = VERTEX_POINT ( 'NONE', #472 ) ;
#423 = CARTESIAN_POINT ( 'NONE',  ( 184.3164905826810127, 0.6287855708830621948, 283.9131283650028763 ) ) ;
#424 = CARTESIAN_POINT ( 'NONE',  ( 119.9816666137366497, -2.554725226127443793, 0.000000000000000000 ) ) ;
#425 = PLANE ( 'NONE',  #144 ) ;
#426 = DIRECTION ( 'NONE',  ( 0.4545194689805009403, -0.5416752278509727736, -0.7071067810806795917 ) ) ;
#427 = CARTESIAN_POINT ( 'NONE',  ( 46.61076787400243404, -5.256312205029069595, 0.000000000000000000 ) ) ;
#428 = ORIENTED_EDGE ( 'NONE', *, *, #270, .T. ) ;
#429 = CARTESIAN_POINT ( 'NONE',  ( 184.3164905826809843, -0.1919654473031343067, 100.0000000000000000 ) ) ;
#430 = ORIENTED_EDGE ( 'NONE', *, *, #6516, .F. ) ;
#431 = EDGE_CURVE ( 'NONE', #4308, #1539, #6569, .T. ) ;
#432 = LINE ( 'NONE', #2602, #6843 ) ;
#433 = DIRECTION ( 'NONE',  ( 0.9993261632555366925, 0.03670448791317491855, 0.000000000000000000 ) ) ;
#434 = ORIENTED_EDGE ( 'NONE', *, *, #4393, .T. ) ;
#435 = DIRECTION ( 'NONE',  ( 0.7660444535136903266, 0.6427875972986035746, 0.000000000000000000 ) ) ;
#436 = ADVANCED_FACE ( 'NONE', ( #4955 ), #3207, .F. ) ;
#437 = CARTESIAN_POINT ( 'NONE',  ( 184.3164905826809559, -0.1919652417195990557, 158.1469938873790682 ) ) ;
#438 = ORIENTED_EDGE ( 'NONE', *, *, #3241, .T. ) ;
#439 = LINE ( 'NONE', #2610, #5375 ) ;
#440 = ORIENTED_EDGE ( 'NONE', *, *, #6935, .F. ) ;
#441 = DIRECTION ( 'NONE',  ( 0.7660444535136902156, 0.6427875972986035746, -0.000000000000000000 ) ) ;
#442 = LINE ( 'NONE', #2615, #6842 ) ;
#443 = ORIENTED_EDGE ( 'NONE', *, *, #2154, .F. ) ;
#444 = DIRECTION ( 'NONE',  ( 0.7660444535136902156, 0.6427875972986035746, 0.000000000000000000 ) ) ;
#445 = EDGE_CURVE ( 'NONE', #1759, #7028, #6139, .T. ) ;
#446 = CARTESIAN_POINT ( 'NONE',  ( 0.7755697061579509555, 1.725372692037633771, 0.000000000000000000 ) ) ;
#447 = CARTESIAN_POINT ( 'NONE',  ( 184.3164905826809559, 0.6289222490541981347, 216.7393850950454635 ) ) ;
#448 = CARTESIAN_POINT ( 'NONE',  ( 126.8207659510598120, 12.04586483901193361, 0.000000000000000000 ) ) ;
#449 = CARTESIAN_POINT ( 'NONE',  ( 156.2511825575000159, -1.222650806596413897, 519.0000000000000000 ) ) ;
#450 = CARTESIAN_POINT ( 'NONE',  ( 153.6098310104484881, 0.1203306969984615088, 280.5910341644319601 ) ) ;
#451 = EDGE_CURVE ( 'NONE', #1611, #4131, #375, .T. ) ;
#452 = VERTEX_POINT ( 'NONE', #308 ) ;
#453 = CARTESIAN_POINT ( 'NONE',  ( 146.4038160459663231, 8.708125201244095948, 2.000000000000000000 ) ) ;
#454 = LINE ( 'NONE', #1444, #185 ) ;
#455 = CARTESIAN_POINT ( 'NONE',  ( 152.0777421034210306, -1.165244497598677098, -9.804599309964982597E-15 ) ) ;
#456 = ORIENTED_EDGE ( 'NONE', *, *, #625, .F. ) ;
#457 = CARTESIAN_POINT ( 'NONE',  ( 153.6098310104484597, 0.1203306969985301622, 209.5070294230038996 ) ) ;
#458 = CARTESIAN_POINT ( 'NONE',  ( 70.24833183468540199, -4.379305402671714198, 0.000000000000000000 ) ) ;
#459 = CARTESIAN_POINT ( 'NONE',  ( 184.3164905826810127, 0.3083714254295336077, 45.00000000000000711 ) ) ;
#460 = CARTESIAN_POINT ( 'NONE',  ( 141.7227456530524137, 14.28680784239818458, 161.0000000000000000 ) ) ;
#461 = CARTESIAN_POINT ( 'NONE',  ( 83.65682389923443907, -3.559650625416082015, 518.9999999999996589 ) ) ;
#462 = EDGE_LOOP ( 'NONE', ( #3034, #2457, #4760 ) ) ;
#463 = PLANE ( 'NONE',  #4708 ) ;
#464 = ORIENTED_EDGE ( 'NONE', *, *, #672, .F. ) ;
#465 = CARTESIAN_POINT ( 'NONE',  ( 153.6098310104484312, 0.1203306969985197539, 123.5751837036883387 ) ) ;
#466 = ADVANCED_FACE ( 'NONE', ( #278 ), #6895, .T. ) ;
#467 = EDGE_CURVE ( 'NONE', #6463, #4308, #6820, .T. ) ;
#468 = CARTESIAN_POINT ( 'NONE',  ( 186.5000000000000284, -0.1117700000000000082, 0.000000000000000000 ) ) ;
#469 = EDGE_CURVE ( 'NONE', #4340, #6985, #6286, .T. ) ;
#470 = ORIENTED_EDGE ( 'NONE', *, *, #4368, .F. ) ;
#471 = VECTOR ( 'NONE', #3994, 1000.000000000000000 ) ;
#472 = CARTESIAN_POINT ( 'NONE',  ( 146.4440854870231306, 8.660133948616792310, 48.00000000000000000 ) ) ;
#473 = AXIS2_PLACEMENT_3D ( 'NONE', #455, #2108, #4264 ) ;
#474 = CARTESIAN_POINT ( 'NONE',  ( 153.6098310104485165, 0.1203306969984746511, 271.9574308918468546 ) ) ;
#475 = ORIENTED_EDGE ( 'NONE', *, *, #5927, .T. ) ;
#476 = CARTESIAN_POINT ( 'NONE',  ( 148.0602579068340390, 6.734054597800104069, 278.4697138208725278 ) ) ;
#477 = AXIS2_PLACEMENT_3D ( 'NONE', #3234, #6910, #2032 ) ;
#478 = ADVANCED_FACE ( 'NONE', ( #5750 ), #3069, .T. ) ;
#479 = EDGE_LOOP ( 'NONE', ( #898, #4057, #4007, #686 ) ) ;
#480 = CARTESIAN_POINT ( 'NONE',  ( 88.66911395920068628, 74.40221837649806957, 194.6307854632994179 ) ) ;
#481 = VECTOR ( 'NONE', #6547, 1000.000000000000000 ) ;
#482 = VECTOR ( 'NONE', #6917, 1000.000000000000227 ) ;
#483 = DIRECTION ( 'NONE',  ( -6.378601426329706152E-17, -5.352281928482944175E-17, -1.000000000000000000 ) ) ;
#484 = VERTEX_POINT ( 'NONE', #2516 ) ;
#485 = CARTESIAN_POINT ( 'NONE',  ( 153.6098310104484312, 0.1203306969985301622, -9.804599309964982597E-15 ) ) ;
#486 = CARTESIAN_POINT ( 'NONE',  ( 180.7118548347820308, 1.479851949423631075, 163.0000000000000284 ) ) ;
#487 = CARTESIAN_POINT ( 'NONE',  ( 92.63593509028650885, 16.07812253983292194, 0.000000000000000000 ) ) ;
#488 = CARTESIAN_POINT ( 'NONE',  ( 146.5582217300740808, 8.524111666448435543, 163.0000000000000000 ) ) ;
#489 = VECTOR ( 'NONE', #1428, 1000.000000000000114 ) ;
#490 = EDGE_CURVE ( 'NONE', #2848, #60, #5206, .T. ) ;
#491 = CARTESIAN_POINT ( 'NONE',  ( 74.60023783039667933, 17.00545587683819093, 0.000000000000000000 ) ) ;
#492 = AXIS2_PLACEMENT_3D ( 'NONE', #2952, #2392, #5695 ) ;
#493 = CARTESIAN_POINT ( 'NONE',  ( 77.52294619106605467, -3.310627908384113027, 519.0000000000000000 ) ) ;
#494 = LINE ( 'NONE', #4407, #1323 ) ;
#495 = AXIS2_PLACEMENT_3D ( 'NONE', #2828, #1762, #6645 ) ;
#496 = ORIENTED_EDGE ( 'NONE', *, *, #1844, .T. ) ;
#497 = CARTESIAN_POINT ( 'NONE',  ( 165.5079701971998247, 4.842342053817214165, 225.9999999999999432 ) ) ;
#498 = CARTESIAN_POINT ( 'NONE',  ( 154.7820051163514279, -1.276612050735048465, 53.00000000000002132 ) ) ;
#499 = DIRECTION ( 'NONE',  ( 0.7660444535136902156, 0.6427875972986035746, -0.000000000000000000 ) ) ;
#500 = EDGE_LOOP ( 'NONE', ( #659, #3612, #5288 ) ) ;
#501 = FACE_OUTER_BOUND ( 'NONE', #3186, .T. ) ;
#502 = CARTESIAN_POINT ( 'NONE',  ( 174.0666662028758935, -0.5683707051282478329, 0.000000000000000000 ) ) ;
#503 = CARTESIAN_POINT ( 'NONE',  ( 152.0777421034210590, -1.165244497598690865, 146.9638633601287552 ) ) ;
#504 = CARTESIAN_POINT ( 'NONE',  ( 154.7820052418864805, -1.276612200341903369, 224.0000000000000000 ) ) ;
#505 = CARTESIAN_POINT ( 'NONE',  ( 108.0415569442980370, -2.990350536204047671, 518.9999999999996589 ) ) ;
#506 = CARTESIAN_POINT ( 'NONE',  ( 182.0613528659529550, 1.163839926411475156, 287.9999999999998863 ) ) ;
#507 = VERTEX_POINT ( 'NONE', #2016 ) ;
#508 = LINE ( 'NONE', #5373, #3344 ) ;
#509 = ORIENTED_EDGE ( 'NONE', *, *, #445, .F. ) ;
#510 = FACE_OUTER_BOUND ( 'NONE', #5298, .T. ) ;
#511 = EDGE_CURVE ( 'NONE', #2543, #2336, #3106, .T. ) ;
#512 = CARTESIAN_POINT ( 'NONE',  ( 126.8199995296016596, -2.303543861451585961, 0.000000000000000000 ) ) ;
#513 = VECTOR ( 'NONE', #2526, 999.9999999999998863 ) ;
#514 = FACE_BOUND ( 'NONE', #6037, .T. ) ;
#515 = DIRECTION ( 'NONE',  ( 0.4545194689124502085, -0.5416752277698729801, 0.7071067811865477948 ) ) ;
#516 = ORIENTED_EDGE ( 'NONE', *, *, #6555, .F. ) ;
#517 = CARTESIAN_POINT ( 'NONE',  ( 146.4593306789417966, 8.641965435781267857, 64.73497514060463232 ) ) ;
#518 = VERTEX_POINT ( 'NONE', #4675 ) ;
#519 = CARTESIAN_POINT ( 'NONE',  ( 54.36373480198786723, 115.2857785750920101, 53.36969677290838376 ) ) ;
#520 = ORIENTED_EDGE ( 'NONE', *, *, #5764, .F. ) ;
#521 = LINE ( 'NONE', #3172, #4235 ) ;
#522 = CARTESIAN_POINT ( 'NONE',  ( 133.9977788660430917, 10.90288465965361553, 0.000000000000000000 ) ) ;
#523 = DIRECTION ( 'NONE',  ( 0.7660444535136902156, 0.6427875972986035746, -0.000000000000000000 ) ) ;
#524 = AXIS2_PLACEMENT_3D ( 'NONE', #2444, #4602, #4061 ) ;
#525 = ORIENTED_EDGE ( 'NONE', *, *, #6321, .T. ) ;
#526 = EDGE_CURVE ( 'NONE', #4818, #778, #3601, .T. ) ;
#527 = CARTESIAN_POINT ( 'NONE',  ( 0.1948241827675285254, -1.130119523988558194, 0.000000000000000000 ) ) ;
#528 = LINE ( 'NONE', #6047, #5646 ) ;
#529 = CARTESIAN_POINT ( 'NONE',  ( 171.8000844268046308, -0.6516241677669137866, 518.9999999999998863 ) ) ;
#530 = CARTESIAN_POINT ( 'NONE',  ( 184.3164905826809843, -0.1919654473031343067, 103.0000000000000142 ) ) ;
#531 = LINE ( 'NONE', #6617, #832 ) ;
#532 = CARTESIAN_POINT ( 'NONE',  ( 152.0777421034210874, -1.165244497598704854, 32.02482244953694845 ) ) ;
#533 = LINE ( 'NONE', #2627, #1037 ) ;
#534 = ORIENTED_EDGE ( 'NONE', *, *, #5960, .T. ) ;
#535 = VECTOR ( 'NONE', #4877, 1000.000000000000000 ) ;
#536 = DIRECTION ( 'NONE',  ( 0.7660444535136902156, 0.6427875972986035746, -0.000000000000000000 ) ) ;
#537 = AXIS2_PLACEMENT_3D ( 'NONE', #3228, #2063, #1018 ) ;
#538 = CARTESIAN_POINT ( 'NONE',  ( 147.3349997443873463, -1.550096373443657694, 0.000000000000000000 ) ) ;
#539 = CARTESIAN_POINT ( 'NONE',  ( 153.6098310104484597, 0.1203306969984919983, 194.6307854632994179 ) ) ;
#540 = DIRECTION ( 'NONE',  ( 0.7660444535136902156, 0.6427875972986035746, -0.000000000000000000 ) ) ;
#541 = ORIENTED_EDGE ( 'NONE', *, *, #1871, .T. ) ;
#542 = EDGE_CURVE ( 'NONE', #1082, #3674, #3579, .T. ) ;
#543 = CARTESIAN_POINT ( 'NONE',  ( 152.0777421034210306, -1.165244497598671547, 149.0851837036883296 ) ) ;
#544 = ORIENTED_EDGE ( 'NONE', *, *, #3394, .T. ) ;
#545 = CARTESIAN_POINT ( 'NONE',  ( 146.5281689998066099, 5.448479403202891369, 146.9638633601287552 ) ) ;
#546 = CARTESIAN_POINT ( 'NONE',  ( 156.6599997411017853, -1.207636283983775982, 0.000000000000000000 ) ) ;
#547 = FACE_BOUND ( 'NONE', #6905, .T. ) ;
#548 = DIRECTION ( 'NONE',  ( 0.9993263278466425481, 0.03670000643793510514, 0.000000000000000000 ) ) ;
#549 = ORIENTED_EDGE ( 'NONE', *, *, #3463, .T. ) ;
#550 = CARTESIAN_POINT ( 'NONE',  ( 154.7820052676700016, -1.276612231069491621, 286.0000000000000568 ) ) ;
#551 = ORIENTED_EDGE ( 'NONE', *, *, #5447, .F. ) ;
#552 = DIRECTION ( 'NONE',  ( -0.4545194688443997544, 0.5416752276887737416, 0.7071067812924154428 ) ) ;
#553 = ORIENTED_EDGE ( 'NONE', *, *, #1817, .T. ) ;
#554 = DIRECTION ( 'NONE',  ( 0.6427875972986036857, -0.7660444535136901045, 0.000000000000000000 ) ) ;
#555 = CARTESIAN_POINT ( 'NONE',  ( 62.87816705955509633, 17.07634393986520394, 0.000000000000000000 ) ) ;
#556 = DIRECTION ( 'NONE',  ( 1.000000000000000000, 0.000000000000000000, -0.000000000000000000 ) ) ;
#557 = ORIENTED_EDGE ( 'NONE', *, *, #2486, .F. ) ;
#558 = B_SPLINE_CURVE_WITH_KNOTS ( 'NONE', 3,
 ( #2211, #3907, #6591, #6624, #2246, #1133, #4373, #2842, #6017, #5006 ),
 .UNSPECIFIED., .F., .F.,
 ( 4, 3, 3, 4 ),
 ( 8.673617379884035472E-19, 0.002559018337862886683, 0.01279509168931452362, 0.04600000000002314737 ),
 .UNSPECIFIED. ) ;
#559 = VECTOR ( 'NONE', #2171, 1000.000000000000000 ) ;
#560 = CARTESIAN_POINT ( 'NONE',  ( 0.5460460781586984336, -1.718682563007690955, 0.000000000000000000 ) ) ;
#561 = EDGE_CURVE ( 'NONE', #2707, #3322, #1468, .T. ) ;
#562 = CARTESIAN_POINT ( 'NONE',  ( 180.5352172282929075, -0.3308260210018296732, 519.0000000000000000 ) ) ;
#563 = CARTESIAN_POINT ( 'NONE',  ( 100.9962023087956737, 59.71136606717178097, -19.17754543087195884 ) ) ;
#564 = CARTESIAN_POINT ( 'NONE',  ( 88.66911395920068628, 74.40221837649806957, 179.8757090794443059 ) ) ;
#565 = CARTESIAN_POINT ( 'NONE',  ( 141.7775715112773867, 11.11002121306034773, 82.62209443862099079 ) ) ;
#566 = CARTESIAN_POINT ( 'NONE',  ( 146.5459578556921372, 8.538727183282182054, 151.6169459016900305 ) ) ;
#567 = CARTESIAN_POINT ( 'NONE',  ( 141.7775715112773867, 11.11002121306034773, 82.62209443862099079 ) ) ;
#568 = PLANE ( 'NONE',  #1740 ) ;
#569 = CARTESIAN_POINT ( 'NONE',  ( 117.4752130825497005, 10.65202292594659461, 519.0000000000000000 ) ) ;
#570 = LINE ( 'NONE', #5406, #706 ) ;
#571 = CARTESIAN_POINT ( 'NONE',  ( 187.0259088579325635, -42.81484914970644695, 153.0160123065356572 ) ) ;
#572 = EDGE_CURVE ( 'NONE', #2053, #6795, #5194, .T. ) ;
#573 = LINE ( 'NONE', #3840, #2245 ) ;
#574 = CARTESIAN_POINT ( 'NONE',  ( 70.08499443957144592, 1.419875252060793569, 519.0000000000007958 ) ) ;
#575 = VERTEX_POINT ( 'NONE', #3715 ) ;
#576 = DIRECTION ( 'NONE',  ( 0.7660444535136902156, 0.6427875972986035746, 0.000000000000000000 ) ) ;
#577 = VERTEX_POINT ( 'NONE', #3788 ) ;
#578 = DIRECTION ( 'NONE',  ( 0.6427875972986035746, -0.7660444535136902156, -6.018531076210112041E-33 ) ) ;
#579 = CARTESIAN_POINT ( 'NONE',  ( 96.35929930227685247, 15.76320650520235667, 0.000000000000000000 ) ) ;
#580 = EDGE_CURVE ( 'NONE', #5166, #4792, #2658, .T. ) ;
#581 = ORIENTED_EDGE ( 'NONE', *, *, #5083, .F. ) ;
#582 = EDGE_CURVE ( 'NONE', #2074, #665, #1545, .T. ) ;
#583 = FACE_BOUND ( 'NONE', #4294, .T. ) ;
#584 = DIRECTION ( 'NONE',  ( 0.000000000000000000, -0.7938448021158673873, -0.6081204076115348522 ) ) ;
#585 = ORIENTED_EDGE ( 'NONE', *, *, #1107, .T. ) ;
#586 = LINE ( 'NONE', #4392, #2975 ) ;
#587 = EDGE_CURVE ( 'NONE', #2336, #1106, #521, .T. ) ;
#588 = EDGE_CURVE ( 'NONE', #2857, #1141, #21, .T. ) ;
#589 = ORIENTED_EDGE ( 'NONE', *, *, #6231, .F. ) ;
#590 = DIRECTION ( 'NONE',  ( 0.9993263279542508037, 0.03670000350780838749, 0.000000000000000000 ) ) ;
#591 = VERTEX_POINT ( 'NONE', #4287 ) ;
#592 = CARTESIAN_POINT ( 'NONE',  ( 148.0602579068340106, 6.734054597800056108, 19.26989883339205889 ) ) ;
#593 = CARTESIAN_POINT ( 'NONE',  ( 27.33199083377587257, 13.97392873730581186, 0.000000000000000000 ) ) ;
#594 = DIRECTION ( 'NONE',  ( 0.7660444535136902156, 0.6427875972986035746, -0.000000000000000000 ) ) ;
#595 = CARTESIAN_POINT ( 'NONE',  ( 88.66911395920067207, 74.40221837649805536, 19.26989883339205889 ) ) ;
#596 = VERTEX_POINT ( 'NONE', #592 ) ;
#597 = AXIS2_PLACEMENT_3D ( 'NONE', #1117, #5346, #2129 ) ;
#598 = AXIS2_PLACEMENT_3D ( 'NONE', #1145, #578, #1787 ) ;
#599 = CARTESIAN_POINT ( 'NONE',  ( 24.23981877931089812, 13.26830396943070056, 0.000000000000000000 ) ) ;
#600 = DIRECTION ( 'NONE',  ( 0.6427875972986035746, -0.7660444535136902156, -6.018531076210112041E-33 ) ) ;
#601 = PLANE ( 'NONE',  #6141 ) ;
#602 = CARTESIAN_POINT ( 'NONE',  ( 152.0777421025902072, -1.165244496608476066, 53.77894174285809470 ) ) ;
#603 = CARTESIAN_POINT ( 'NONE',  ( 184.3164905826809843, 0.3083721082516452938, 221.0000000000000000 ) ) ;
#604 = VECTOR ( 'NONE', #4946, 1000.000000000000114 ) ;
#605 =( GEOMETRIC_REPRESENTATION_CONTEXT ( 3 ) GLOBAL_UNCERTAINTY_ASSIGNED_CONTEXT ( ( #620 ) ) GLOBAL_UNIT_ASSIGNED_CONTEXT ( ( #1913, #3010, #3431 ) ) REPRESENTATION_CONTEXT ( 'NONE', 'WORKASPACE' ) );
#606 = ADVANCED_FACE ( 'NONE', ( #1120 ), #1010, .F. ) ;
#607 = AXIS2_PLACEMENT_3D ( 'NONE', #3749, #7001, #2231 ) ;
#608 = LINE ( 'NONE', #6087, #6742 ) ;
#609 = AXIS2_PLACEMENT_3D ( 'NONE', #1140, #3236, #5483 ) ;
#610 = CARTESIAN_POINT ( 'NONE',  ( 150.3763912757722778, 7.375869302357163093, 519.0000000000000000 ) ) ;
#611 = CARTESIAN_POINT ( 'NONE',  ( 153.6098310096175510, 0.1203306979887311390, 60.29122467059106327 ) ) ;
#612 = CARTESIAN_POINT ( 'NONE',  ( 116.3284827836789219, 13.57275766364352165, 0.000000000000000000 ) ) ;
#613 = CARTESIAN_POINT ( 'NONE',  ( 159.8603905419435023, -1.090107284262031406, 287.9999999999997158 ) ) ;
#614 = CARTESIAN_POINT ( 'NONE',  ( 71.07027657719348213, 2.424663669806871091, 518.9999999999985221 ) ) ;
#615 = ORIENTED_EDGE ( 'NONE', *, *, #3560, .T. ) ;
#616 = CARTESIAN_POINT ( 'NONE',  ( 146.5634967003359179, 8.517825201481613817, 167.8404673021995279 ) ) ;
#617 = ORIENTED_EDGE ( 'NONE', *, *, #3896, .F. ) ;
#618 = EDGE_CURVE ( 'NONE', #4387, #3059, #1614, .T. ) ;
#619 = CARTESIAN_POINT ( 'NONE',  ( 184.3164905826809843, -0.1919654361041271406, 108.0000000000000426 ) ) ;
#620 = UNCERTAINTY_MEASURE_WITH_UNIT (LENGTH_MEASURE( 1.000000000000000082E-05 ), #1913, 'distance_accuracy_value', 'NONE');
#621 = CARTESIAN_POINT ( 'NONE',  ( 80.19530828962925284, 16.81868045796526445, 0.000000000000000000 ) ) ;
#622 = EDGE_LOOP ( 'NONE', ( #5612, #4613, #5742, #2506 ) ) ;
#623 = DIRECTION ( 'NONE',  ( 0.6427875972986036857, -0.7660444535136901045, 0.000000000000000000 ) ) ;
#624 = DIRECTION ( 'NONE',  ( 0.6427875972986020203, -0.7660444535136913258, 0.000000000000000000 ) ) ;
#625 = EDGE_CURVE ( 'NONE', #959, #484, #5466, .T. ) ;
#626 = ORIENTED_EDGE ( 'NONE', *, *, #5795, .F. ) ;
#627 = PLANE ( 'NONE',  #5481 ) ;
#628 = VECTOR ( 'NONE', #1352, 1000.000000000000000 ) ;
#629 = ORIENTED_EDGE ( 'NONE', *, *, #2712, .F. ) ;
#630 = FACE_OUTER_BOUND ( 'NONE', #3506, .T. ) ;
#631 = EDGE_LOOP ( 'NONE', ( #4625, #2324, #1870 ) ) ;
#632 = CARTESIAN_POINT ( 'NONE',  ( 20.10574056168347568, 12.18236301235734942, 0.000000000000000000 ) ) ;
#633 = LINE ( 'NONE', #5430, #5956 ) ;
#634 = DIRECTION ( 'NONE',  ( -6.378601426329706152E-17, -5.352281928482944175E-17, -1.000000000000000000 ) ) ;
#635 = ORIENTED_EDGE ( 'NONE', *, *, #5937, .T. ) ;
#636 = CARTESIAN_POINT ( 'NONE',  ( 48.48929257520501324, 16.61674414810286393, 0.000000000000000000 ) ) ;
#637 = FACE_BOUND ( 'NONE', #3700, .T. ) ;
#638 = CARTESIAN_POINT ( 'NONE',  ( 149.9762782248890289, 1.339182711598097431, 95.37701804350224677 ) ) ;
#639 = DIRECTION ( 'NONE',  ( -0.6427875972986035746, 0.7660444535136902156, 6.018531076210112041E-33 ) ) ;
#640 = ADVANCED_FACE ( 'NONE', ( #6040 ), #6006, .T. ) ;
#641 = VECTOR ( 'NONE', #4530, 1000.000000000000114 ) ;
#642 = LINE ( 'NONE', #3836, #1961 ) ;
#643 = CARTESIAN_POINT ( 'NONE',  ( 183.2770543124014466, 0.8730336938126809221, 519.0000000000000000 ) ) ;
#644 = CARTESIAN_POINT ( 'NONE',  ( 154.7820050330806509, -1.276611951496848807, 108.0000000000000284 ) ) ;
#645 = CARTESIAN_POINT ( 'NONE',  ( 175.8304802068683728, 2.567607676454947807, 519.0000000000001137 ) ) ;
#646 = LINE ( 'NONE', #5482, #1898 ) ;
#647 = CARTESIAN_POINT ( 'NONE',  ( 76.16017446853155093, -3.205133064337230664, 518.9999999999995453 ) ) ;
#648 = CARTESIAN_POINT ( 'NONE',  ( 180.9875099674322598, 1.414289088536329286, 224.0000000000001421 ) ) ;
#649 = ORIENTED_EDGE ( 'NONE', *, *, #2099, .T. ) ;
#650 = CARTESIAN_POINT ( 'NONE',  ( 146.6269414969816296, 8.442214634664454209, 223.1469953810192237 ) ) ;
#651 = ORIENTED_EDGE ( 'NONE', *, *, #5774, .F. ) ;
#652 = CARTESIAN_POINT ( 'NONE',  ( 88.66911395920068628, 74.40221837649806957, 205.3857090794443252 ) ) ;
#653 = CARTESIAN_POINT ( 'NONE',  ( 37.29693288624375924, 15.65575389480242485, 0.000000000000000000 ) ) ;
#654 = VECTOR ( 'NONE', #5320, 1000.000000000000000 ) ;
#655 = ORIENTED_EDGE ( 'NONE', *, *, #5977, .F. ) ;
#656 = CARTESIAN_POINT ( 'NONE',  ( 184.3164905826809843, -0.1919648663940946298, 245.9087127068144980 ) ) ;
#657 = EDGE_LOOP ( 'NONE', ( #3626, #5374, #193, #4558, #5749, #2865 ) ) ;
#658 = DIRECTION ( 'NONE',  ( 0.6427875972986036857, -0.7660444535136901045, 0.000000000000000000 ) ) ;
#659 = ORIENTED_EDGE ( 'NONE', *, *, #720, .F. ) ;
#660 = EDGE_CURVE ( 'NONE', #6127, #6772, #4825, .T. ) ;
#661 = CARTESIAN_POINT ( 'NONE',  ( 36.13289284619103370, 15.51048799562104463, 0.000000000000000000 ) ) ;
#662 = VERTEX_POINT ( 'NONE', #4359 ) ;
#663 = PLANE ( 'NONE',  #4655 ) ;
#664 = LINE ( 'NONE', #3901, #471 ) ;
#665 = VERTEX_POINT ( 'NONE', #6539 ) ;
#666 = ADVANCED_FACE ( 'NONE', ( #1650 ), #3217, .T. ) ;
#667 = PLANE ( 'NONE',  #5138 ) ;
#668 = DIRECTION ( 'NONE',  ( 1.000000000000000000, 0.000000000000000000, -0.000000000000000000 ) ) ;
#669 = DIRECTION ( 'NONE',  ( 6.378601426329706152E-17, 5.352281928482944175E-17, 1.000000000000000000 ) ) ;
#670 = FACE_OUTER_BOUND ( 'NONE', #5270, .T. ) ;
#671 = CARTESIAN_POINT ( 'NONE',  ( 152.7264539002776758, 6.998311006714811988, 519.0000000000000000 ) ) ;
#672 = EDGE_CURVE ( 'NONE', #125, #6940, #3290, .T. ) ;
#673 = CARTESIAN_POINT ( 'NONE',  ( 184.3164905826809843, -0.1919654473031343067, 100.0000000000000000 ) ) ;
#674 = CARTESIAN_POINT ( 'NONE',  ( 169.0856202977918485, 4.121625089013121190, 0.000000000000000000 ) ) ;
#675 = VECTOR ( 'NONE', #3906, 1000.000000000000114 ) ;
#676 = CARTESIAN_POINT ( 'NONE',  ( 164.4478255606340156, -0.9216381083164225663, 47.99999999999997158 ) ) ;
#677 = CARTESIAN_POINT ( 'NONE',  ( 1.005837300054642336, -2.262218202314719484, 0.000000000000000000 ) ) ;
#678 = EDGE_LOOP ( 'NONE', ( #1277, #4319, #3310, #3708 ) ) ;
#679 = LINE ( 'NONE', #4419, #4256 ) ;
#680 = ORIENTED_EDGE ( 'NONE', *, *, #5150, .F. ) ;
#681 = DIRECTION ( 'NONE',  ( -0.4545194689124526510, 0.5416752277698759777, 0.7071067811865439090 ) ) ;
#682 = UNCERTAINTY_MEASURE_WITH_UNIT (LENGTH_MEASURE( 1.000000000000000082E-05 ), #1767, 'distance_accuracy_value', 'NONE');
#683 = CARTESIAN_POINT ( 'NONE',  ( 31.70162641108408863, 14.81240230836588978, 0.000000000000000000 ) ) ;
#684 = ORIENTED_EDGE ( 'NONE', *, *, #5073, .T. ) ;
#685 = CARTESIAN_POINT ( 'NONE',  ( 146.5281689998066383, 5.448479403202897586, 269.8361105482872517 ) ) ;
#686 = ORIENTED_EDGE ( 'NONE', *, *, #6898, .T. ) ;
#687 = CARTESIAN_POINT ( 'NONE',  ( 88.66911395920067207, 74.40221837649805536, 89.98640020981726195 ) ) ;
#688 = EDGE_CURVE ( 'NONE', #846, #6883, #4783, .T. ) ;
#689 = VERTEX_POINT ( 'NONE', #6964 ) ;
#690 = CARTESIAN_POINT ( 'NONE',  ( 127.6634988278498355, 10.09967979251546666, 519.0000000000005684 ) ) ;
#691 = ORIENTED_EDGE ( 'NONE', *, *, #4830, .F. ) ;
#692 = LINE ( 'NONE', #5565, #2537 ) ;
#693 = CARTESIAN_POINT ( 'NONE',  ( 184.3164905826809843, -6.647825509190094628, 2.000000000000000000 ) ) ;
#694 = CARTESIAN_POINT ( 'NONE',  ( 152.0777421034210306, -1.165244497598732609, 21.26989883339205889 ) ) ;
#695 = ORIENTED_EDGE ( 'NONE', *, *, #962, .F. ) ;
#696 = ADVANCED_FACE ( 'NONE', ( #5926 ), #3821, .T. ) ;
#697 = DIRECTION ( 'NONE',  ( 0.000000000000000000, 0.000000000000000000, 1.000000000000000000 ) ) ;
#698 = CARTESIAN_POINT ( 'NONE',  ( 79.35064051868550905, -4.048034973760174182, 0.000000000000000000 ) ) ;
#699 = CARTESIAN_POINT ( 'NONE',  ( 88.66911395920067207, 74.40221837649805536, 100.7413238259620698 ) ) ;
#700 = VECTOR ( 'NONE', #5311, 1000.000000000000000 ) ;
#701 = EDGE_CURVE ( 'NONE', #3158, #3257, #2131, .T. ) ;
#702 = AXIS2_PLACEMENT_3D ( 'NONE', #2256, #3918, #4421 ) ;
#703 = CARTESIAN_POINT ( 'NONE',  ( 178.7296674295402568, 1.941881689446232295, 0.000000000000000000 ) ) ;
#704 = CARTESIAN_POINT ( 'NONE',  ( 178.5772813699929884, 1.954021802736438662, 519.0000000000000000 ) ) ;
#705 = CARTESIAN_POINT ( 'NONE',  ( 146.5281689998066383, 5.448479403202890481, 267.8361105482872517 ) ) ;
#706 = VECTOR ( 'NONE', #2710, 1000.000000000000000 ) ;
#707 = CARTESIAN_POINT ( 'NONE',  ( 146.3076577920556929, 8.000425837600824153, 519.0000000000010232 ) ) ;
#708 = CARTESIAN_POINT ( 'NONE',  ( 164.9359242749434600, -0.9037128519505230884, 102.9999999999998863 ) ) ;
#709 = CARTESIAN_POINT ( 'NONE',  ( 6.471609468543366717, -4.390733250623561013, 0.000000000000000000 ) ) ;
#710 = VERTEX_POINT ( 'NONE', #4859 ) ;
#711 = DIRECTION ( 'NONE',  ( -0.000000000000000000, -0.000000000000000000, 1.000000000000000000 ) ) ;
#712 = EDGE_LOOP ( 'NONE', ( #2426, #428, #5627, #1935 ) ) ;
#713 = VECTOR ( 'NONE', #2448, 1000.000000000000000 ) ;
#714 = FACE_OUTER_BOUND ( 'NONE', #6811, .T. ) ;
#715 = CARTESIAN_POINT ( 'NONE',  ( 98.84551176274203499, 15.53968484951176876, 0.000000000000000000 ) ) ;
#716 = CARTESIAN_POINT ( 'NONE',  ( 146.5281689998066099, 5.448479403202883375, -9.804599309964982597E-15 ) ) ;
#717 = ORIENTED_EDGE ( 'NONE', *, *, #5880, .F. ) ;
#718 = DIRECTION ( 'NONE',  ( 0.7660444535136902156, 0.6427875972986035746, -0.000000000000000000 ) ) ;
#719 = ORIENTED_EDGE ( 'NONE', *, *, #6675, .T. ) ;
#720 = EDGE_CURVE ( 'NONE', #1832, #518, #4320, .T. ) ;
#721 = DIRECTION ( 'NONE',  ( 1.000000000000000000, 0.000000000000000000, -0.000000000000000000 ) ) ;
#722 = EDGE_LOOP ( 'NONE', ( #4265, #5726, #1387, #1970 ) ) ;
#723 = ORIENTED_EDGE ( 'NONE', *, *, #6090, .T. ) ;
#724 = CARTESIAN_POINT ( 'NONE',  ( 146.5281689998066668, 5.448479403202838078, 136.3302600875434791 ) ) ;
#725 = DIRECTION ( 'NONE',  ( 0.000000000000000000, 1.000000000000000000, 1.048297769837185521E-48 ) ) ;
#726 = FACE_OUTER_BOUND ( 'NONE', #5081, .T. ) ;
#727 = CARTESIAN_POINT ( 'NONE',  ( 90.20120286622807271, 75.68779357109526984, 119.4538633601287501 ) ) ;
#728 = ORIENTED_EDGE ( 'NONE', *, *, #5619, .T. ) ;
#729 = EDGE_CURVE ( 'NONE', #1214, #3004, #1962, .T. ) ;
#730 = LINE ( 'NONE', #5173, #2313 ) ;
#731 = CARTESIAN_POINT ( 'NONE',  ( 153.6098310096175794, 0.1203306979886756278, 53.77894174285809470 ) ) ;
#732 = VECTOR ( 'NONE', #396, 1000.000000000000000 ) ;
#733 = CARTESIAN_POINT ( 'NONE',  ( 76.16017446853155093, -3.205133064337230664, 518.9999999999995453 ) ) ;
#734 = FACE_OUTER_BOUND ( 'NONE', #5152, .T. ) ;
#735 = EDGE_CURVE ( 'NONE', #789, #2857, #3021, .T. ) ;
#736 = EDGE_CURVE ( 'NONE', #2258, #3037, #322, .T. ) ;
#737 = CARTESIAN_POINT ( 'NONE',  ( 88.66911395920068628, 74.40221837649806957, 218.1406326955891188 ) ) ;
#738 = CARTESIAN_POINT ( 'NONE',  ( 72.80595680723091334, 3.845615515008631302, 519.0000000000000000 ) ) ;
#739 = CARTESIAN_POINT ( 'NONE',  ( 152.0777421034211159, -1.165244497598704854, 205.3857090794443252 ) ) ;
#740 = CARTESIAN_POINT ( 'NONE',  ( 179.9843161330149712, 1.652909291725399576, 2.000000000000018652 ) ) ;
#741 = ORIENTED_EDGE ( 'NONE', *, *, #2633, .T. ) ;
#742 = FACE_OUTER_BOUND ( 'NONE', #3820, .T. ) ;
#743 = ORIENTED_EDGE ( 'NONE', *, *, #6223, .T. ) ;
#744 = CARTESIAN_POINT ( 'NONE',  ( 88.66911395920067207, 74.40221837649805536, 8.514975219832457753 ) ) ;
#745 = VECTOR ( 'NONE', #5360, 1000.000000000000000 ) ;
#746 = ORIENTED_EDGE ( 'NONE', *, *, #2999, .F. ) ;
#747 = B_SPLINE_CURVE_WITH_KNOTS ( 'NONE', 3,
 ( #4802, #4334, #3, #1024 ),
 .UNSPECIFIED., .F., .F.,
 ( 4, 4 ),
 ( 0.002000005921445610364, 0.2900005574900941241 ),
 .UNSPECIFIED. ) ;
#748 = CARTESIAN_POINT ( 'NONE',  ( 148.0602579068340390, 6.734054597800090747, 44.77974606568174920 ) ) ;
#749 = CARTESIAN_POINT ( 'NONE',  ( 14.91915398124600856, -5.309234401509425716, 0.000000000000000000 ) ) ;
#750 = VECTOR ( 'NONE', #3420, 1000.000000000000114 ) ;
#751 = ADVANCED_FACE ( 'NONE', ( #5731 ), #2921, .T. ) ;
#752 = DIRECTION ( 'NONE',  ( 0.4545194689124497089, -0.5416752277698725360, -0.7071067811865484609 ) ) ;
#753 = ORIENTED_EDGE ( 'NONE', *, *, #3736, .F. ) ;
#754 = CARTESIAN_POINT ( 'NONE',  ( 184.3164905826809559, -0.1919647222622350713, 276.6169327611693234 ) ) ;
#755 = ORIENTED_EDGE ( 'NONE', *, *, #1039, .T. ) ;
#756 = PLANE ( 'NONE',  #2414 ) ;
#757 = VECTOR ( 'NONE', #4370, 1000.000000000000000 ) ;
#758 = CARTESIAN_POINT ( 'NONE',  ( 6.510854260470939181, 6.755293320404903490, 0.000000000000000000 ) ) ;
#759 = ORIENTED_EDGE ( 'NONE', *, *, #3853, .F. ) ;
#760 = VERTEX_POINT ( 'NONE', #6737 ) ;
#761 = DIRECTION ( 'NONE',  ( 0.7660444535136902156, 0.6427875972986035746, -0.000000000000000000 ) ) ;
#762 = CARTESIAN_POINT ( 'NONE',  ( 153.6098310104501650, 0.1203306969964623718, 1.005233009473359337E-12 ) ) ;
#763 = LINE ( 'NONE', #5598, #3762 ) ;
#764 = CARTESIAN_POINT ( 'NONE',  ( 146.5281689998066099, 5.448479403202890481, 216.0193123520296297 ) ) ;
#765 = EDGE_LOOP ( 'NONE', ( #6877, #5710, #3471 ) ) ;
#766 = B_SPLINE_CURVE_WITH_KNOTS ( 'NONE', 3,
 ( #530, #7044, #1093, #3265, #6690, #4472, #3497 ),
 .UNSPECIFIED., .F., .F.,
 ( 4, 3, 4 ),
 ( 0.000000000000000000, 0.002559018337862873239, 0.002999999999999988787 ),
 .UNSPECIFIED. ) ;
#767 = PLANE ( 'NONE',  #152 ) ;
#768 = CARTESIAN_POINT ( 'NONE',  ( 88.66911395920068628, 74.40221837649806957, 242.3261105482872608 ) ) ;
#769 = CARTESIAN_POINT ( 'NONE',  ( 126.9725547312170448, -2.297953459282285227, 0.000000000000000000 ) ) ;
#770 = DIRECTION ( 'NONE',  ( 0.9730344131650563444, -0.2306599895875627027, 0.000000000000000000 ) ) ;
#771 = ADVANCED_FACE ( 'NONE', ( #2357 ), #5052, .T. ) ;
#772 = DIRECTION ( 'NONE',  ( 0.7660444535136902156, 0.6427875972986035746, -0.000000000000000000 ) ) ;
#773 = CARTESIAN_POINT ( 'NONE',  ( 69.38436253298479528, 0.3270172463875927749, 519.0000000000000000 ) ) ;
#774 = CARTESIAN_POINT ( 'NONE',  ( 146.5281689998066383, 5.448479403202890481, 179.8757090794443059 ) ) ;
#775 = ORIENTED_EDGE ( 'NONE', *, *, #3080, .F. ) ;
#776 = DIRECTION ( 'NONE',  ( 8.796262431460665264E-49, -1.048297769837185521E-48, 1.000000000000000000 ) ) ;
#777 = CARTESIAN_POINT ( 'NONE',  ( 72.63083485539654305, 3.725154288934815927, 518.9999999999985221 ) ) ;
#778 = VERTEX_POINT ( 'NONE', #5157 ) ;
#779 = CARTESIAN_POINT ( 'NONE',  ( 176.4047832163774956, -0.4825090583910602859, 285.9999999999998863 ) ) ;
#780 = ORIENTED_EDGE ( 'NONE', *, *, #1833, .T. ) ;
#781 = CARTESIAN_POINT ( 'NONE',  ( 181.3932236497235522, -0.2993269084284903570, 105.0000000000002700 ) ) ;
#782 = EDGE_CURVE ( 'NONE', #6212, #1794, #5662, .T. ) ;
#783 = CARTESIAN_POINT ( 'NONE',  ( 5.566720684578323919, 6.151736426088713294, 0.000000000000000000 ) ) ;
#784 = B_SPLINE_CURVE_WITH_KNOTS ( 'NONE', 3,
 ( #2854, #6163, #2294, #4017, #4426, #754, #6673, #2923, #656, #5558, #3888, #1216, #3922 ),
 .UNSPECIFIED., .F., .F.,
 ( 4, 3, 3, 3, 4 ),
 ( 0.000000000000000000, 0.002559018337862983827, 0.01279509168931458607, 0.05373938509512102280, 0.05700000000000002287 ),
 .UNSPECIFIED. ) ;
#785 = DIRECTION ( 'NONE',  ( 0.000000000000000000, 0.000000000000000000, 1.000000000000000000 ) ) ;
#786 = CARTESIAN_POINT ( 'NONE',  ( 171.8000844268046308, -0.6516241677669137866, 518.9999999999998863 ) ) ;
#787 = VERTEX_POINT ( 'NONE', #4014 ) ;
#788 = CARTESIAN_POINT ( 'NONE',  ( 146.5281689998066383, 5.448479403202855842, 110.8202600875434740 ) ) ;
#789 = VERTEX_POINT ( 'NONE', #6160 ) ;
#790 = EDGE_CURVE ( 'NONE', #97, #6500, #1349, .T. ) ;
#791 = DIRECTION ( 'NONE',  ( 0.6427875972986035746, -0.7660444535136902156, -6.018531076210112041E-33 ) ) ;
#792 = CARTESIAN_POINT ( 'NONE',  ( 35.43509374662938427, -5.573258797989239177, 0.000000000000000000 ) ) ;
#793 = ORIENTED_EDGE ( 'NONE', *, *, #5639, .F. ) ;
#794 = VERTEX_POINT ( 'NONE', #2431 ) ;
#795 = LINE ( 'NONE', #200, #6519 ) ;
#796 = CARTESIAN_POINT ( 'NONE',  ( 185.5847931986703827, 0.3287218245284972418, 519.0000000000000000 ) ) ;
#797 = FACE_OUTER_BOUND ( 'NONE', #2758, .T. ) ;
#798 = CARTESIAN_POINT ( 'NONE',  ( 152.0777421034210306, -1.165244497598732609, 77.23147659367238305 ) ) ;
#799 = EDGE_LOOP ( 'NONE', ( #7040, #5236, #894, #1304 ) ) ;
#800 = VECTOR ( 'NONE', #1253, 1000.000000000000000 ) ;
#801 = DIRECTION ( 'NONE',  ( 4.132907014215328818E-15, -4.925406943806873377E-15, 1.000000000000000000 ) ) ;
#802 = DIRECTION ( 'NONE',  ( 1.000000000000000000, 0.000000000000000000, -0.000000000000000000 ) ) ;
#803 = TRIMMED_CURVE ( 'NONE', #6616, ( PARAMETER_VALUE ( 0.000000000000000000 ), #2276 ), ( PARAMETER_VALUE ( 0.9999999999999681366 ), #6585 ), .T., .PARAMETER. ) ;
#804 = CARTESIAN_POINT ( 'NONE',  ( 149.2971107726042987, -1.478068020277382377, 518.9999999999997726 ) ) ;
#805 = CARTESIAN_POINT ( 'NONE',  ( 148.0602579068340390, 6.734054597800104069, 259.2025072757019757 ) ) ;
#806 = DIRECTION ( 'NONE',  ( -0.4545194689124518739, 0.5416752277698750895, 0.7071067811865451302 ) ) ;
#807 = CARTESIAN_POINT ( 'NONE',  ( 71.16828953118994150, 2.520757761967391986, 519.0000000000000000 ) ) ;
#808 = DIRECTION ( 'NONE',  ( 0.7660444535136903266, 0.6427875972986035746, 0.000000000000000000 ) ) ;
#809 = ORIENTED_EDGE ( 'NONE', *, *, #4353, .T. ) ;
#810 = VECTOR ( 'NONE', #6353, 1000.000000000000114 ) ;
#811 = DIRECTION ( 'NONE',  ( -0.7660444535136902156, -0.6427875972986035746, 0.000000000000000000 ) ) ;
#812 = CARTESIAN_POINT ( 'NONE',  ( 20.10574056168347568, 12.18236301235734942, 0.000000000000000000 ) ) ;
#813 = ORIENTED_EDGE ( 'NONE', *, *, #1464, .F. ) ;
#814 = CARTESIAN_POINT ( 'NONE',  ( 167.7097630868172473, -0.8018428406197853908, 285.9999999999996589 ) ) ;
#815 = EDGE_LOOP ( 'NONE', ( #4248, #4418, #3664, #6498 ) ) ;
#816 = VECTOR ( 'NONE', #2595, 999.9999999999998863 ) ;
#817 = CARTESIAN_POINT ( 'NONE',  ( 146.7066812140465117, 8.347184537259044745, 286.0000000000000568 ) ) ;
#818 = CARTESIAN_POINT ( 'NONE',  ( 11.49868375120770736, -5.092031725093606909, 0.000000000000000000 ) ) ;
#819 = VECTOR ( 'NONE', #2642, 1000.000000000000114 ) ;
#820 = CARTESIAN_POINT ( 'NONE',  ( 154.7820050803711922, -1.276612007855474573, 166.0000000000000000 ) ) ;
#821 = CARTESIAN_POINT ( 'NONE',  ( 123.0436635007866357, -2.442807090201178255, 518.9999999999994316 ) ) ;
#822 = ORIENTED_EDGE ( 'NONE', *, *, #5445, .F. ) ;
#823 = ADVANCED_FACE ( 'NONE', ( #4623 ), #6804, .T. ) ;
#824 = DIRECTION ( 'NONE',  ( 6.550283474172109983E-15, -7.935864152663694928E-15, -1.000000000000000000 ) ) ;
#825 = ORIENTED_EDGE ( 'NONE', *, *, #2614, .F. ) ;
#826 = VECTOR ( 'NONE', #1540, 1000.000000000000000 ) ;
#827 = EDGE_CURVE ( 'NONE', #2707, #3931, #6770, .T. ) ;
#828 = CARTESIAN_POINT ( 'NONE',  ( 154.7820052833510545, -1.276612249757582918, 2.000000000000027534 ) ) ;
#829 = AXIS2_PLACEMENT_3D ( 'NONE', #2499, #4518, #1313 ) ;
#830 = CARTESIAN_POINT ( 'NONE',  ( 78.33000285598967594, -4.085154716956501453, 0.000000000000000000 ) ) ;
#831 = EDGE_LOOP ( 'NONE', ( #5879, #3982, #1363, #198 ) ) ;
#832 = VECTOR ( 'NONE', #5509, 1000.000000000000000 ) ;
#833 = ORIENTED_EDGE ( 'NONE', *, *, #6056, .T. ) ;
#834 = LINE ( 'NONE', #4738, #6855 ) ;
#835 = DIRECTION ( 'NONE',  ( -1.000000000000000000, 0.000000000000000000, -0.000000000000000000 ) ) ;
#836 = PLANE ( 'NONE',  #2576 ) ;
#837 = CARTESIAN_POINT ( 'NONE',  ( 180.7040290666258784, 1.486459005793485000, 0.000000000000000000 ) ) ;
#838 = ORIENTED_EDGE ( 'NONE', *, *, #292, .F. ) ;
#839 = CARTESIAN_POINT ( 'NONE',  ( 154.7820050870132036, -1.276612015771096065, 165.9999999999999716 ) ) ;
#840 = ORIENTED_EDGE ( 'NONE', *, *, #561, .F. ) ;
#841 = CARTESIAN_POINT ( 'NONE',  ( 132.9252984366976591, -2.079301641002748280, 0.000000000000000000 ) ) ;
#842 = PLANE ( 'NONE',  #4037 ) ;
#843 = AXIS2_PLACEMENT_3D ( 'NONE', #1991, #6766, #2461 ) ;
#844 = CARTESIAN_POINT ( 'NONE',  ( 96.32366064335663225, 10.20043426599782599, 519.0000000000000000 ) ) ;
#845 = DIRECTION ( 'NONE',  ( -0.6427875972986035746, 0.7660444535136903266, 0.000000000000000000 ) ) ;
#846 = VERTEX_POINT ( 'NONE', #3512 ) ;
#847 = FACE_OUTER_BOUND ( 'NONE', #6453, .T. ) ;
#848 = CARTESIAN_POINT ( 'NONE',  ( 27.33199083377587257, 13.97392873730581186, 0.000000000000000000 ) ) ;
#849 = ORIENTED_EDGE ( 'NONE', *, *, #1758, .F. ) ;
#850 = FACE_OUTER_BOUND ( 'NONE', #3444, .T. ) ;
#851 = ORIENTED_EDGE ( 'NONE', *, *, #5090, .F. ) ;
#852 = CARTESIAN_POINT ( 'NONE',  ( 152.0777421034210874, -1.165244497598656226, 192.6306326955890995 ) ) ;
#853 = CARTESIAN_POINT ( 'NONE',  ( 0.2724549242567372298, 0.8921470380263091249, 0.000000000000000000 ) ) ;
#854 = CARTESIAN_POINT ( 'NONE',  ( 152.0777421034210590, -1.165244497598677098, 255.0810341644319976 ) ) ;
#855 = CARTESIAN_POINT ( 'NONE',  ( 154.8467432889268878, -1.274234483071826185, 160.9999999999998863 ) ) ;
#856 = VERTEX_POINT ( 'NONE', #6836 ) ;
#857 = CARTESIAN_POINT ( 'NONE',  ( 88.66911395920067207, 74.40221837649805536, 108.6989397439838712 ) ) ;
#858 = EDGE_LOOP ( 'NONE', ( #2401, #5372, #4531, #1071 ) ) ;
#859 = CARTESIAN_POINT ( 'NONE',  ( 146.5281689998066383, 5.448479403202890481, 179.8757090794443059 ) ) ;
#860 = CARTESIAN_POINT ( 'NONE',  ( 29.84003961220892265, -5.644176688354449745, 0.000000000000000000 ) ) ;
#861 = EDGE_LOOP ( 'NONE', ( #2957, #4495, #1463 ) ) ;
#862 = ORIENTED_EDGE ( 'NONE', *, *, #3615, .T. ) ;
#863 = LINE ( 'NONE', #5267, #3323 ) ;
#864 = LINE ( 'NONE', #3133, #4084 ) ;
#865 = CARTESIAN_POINT ( 'NONE',  ( 141.7227456530524137, 14.28680784239818458, 48.00000000000000000 ) ) ;
#866 = EDGE_LOOP ( 'NONE', ( #5260, #1860, #1826, #6100 ) ) ;
#867 = ADVANCED_FACE ( 'NONE', ( #1282 ), #4118, .T. ) ;
#868 = CARTESIAN_POINT ( 'NONE',  ( 146.5281689998066099, 5.448479403202883375, -9.804599309964982597E-15 ) ) ;
#869 = ORIENTED_EDGE ( 'NONE', *, *, #2464, .T. ) ;
#870 = DIRECTION ( 'NONE',  ( 0.000000000000000000, 0.7938448021158702739, -0.6081204076115311885 ) ) ;
#871 = CARTESIAN_POINT ( 'NONE',  ( 3.558422940340653540, -3.768418143996747904, 0.000000000000000000 ) ) ;
#872 = CARTESIAN_POINT ( 'NONE',  ( 184.3164905826809843, -0.1919656841073448805, 38.46993887379033339 ) ) ;
#873 = EDGE_CURVE ( 'NONE', #5347, #2654, #1891, .T. ) ;
#874 = CARTESIAN_POINT ( 'NONE',  ( 61.54490356752512525, 17.04221064453826173, 0.000000000000000000 ) ) ;
#875 = CARTESIAN_POINT ( 'NONE',  ( 69.79561274000931803, 1.060467924824440189, 519.0000000000000000 ) ) ;
#876 = DIRECTION ( 'NONE',  ( 0.9993263278466425481, 0.03670000643793510514, 0.000000000000000000 ) ) ;
#877 = ORIENTED_EDGE ( 'NONE', *, *, #3305, .T. ) ;
#878 = CARTESIAN_POINT ( 'NONE',  ( 146.4131769771794040, 8.696969277474488891, 13.06830741319208933 ) ) ;
#879 = ORIENTED_EDGE ( 'NONE', *, *, #2210, .T. ) ;
#880 = CARTESIAN_POINT ( 'NONE',  ( 184.3164905826809843, -0.1919652221612422049, 161.0000000000000000 ) ) ;
#881 = ORIENTED_EDGE ( 'NONE', *, *, #3727, .T. ) ;
#882 = EDGE_CURVE ( 'NONE', #6257, #3053, #6266, .T. ) ;
#883 = EDGE_CURVE ( 'NONE', #6048, #5592, #5118, .T. ) ;
#884 = DIRECTION ( 'NONE',  ( 8.796262431460665264E-49, -1.048297769837185521E-48, 1.000000000000000000 ) ) ;
#885 = CARTESIAN_POINT ( 'NONE',  ( 10.25103038501368502, 8.689720862495859066, 0.000000000000000000 ) ) ;
#886 = CARTESIAN_POINT ( 'NONE',  ( 184.3164905826809559, 0.6290942038936987446, 105.0000000000000284 ) ) ;
#887 = CARTESIAN_POINT ( 'NONE',  ( 165.5492565146905690, -0.8811844440370502074, 519.0000000000001137 ) ) ;
#888 = ORIENTED_EDGE ( 'NONE', *, *, #5316, .T. ) ;
#889 = CARTESIAN_POINT ( 'NONE',  ( 146.5281689998066383, 5.448479403202883375, 100.7413238259620698 ) ) ;
#890 = ORIENTED_EDGE ( 'NONE', *, *, #5958, .T. ) ;
#891 = CARTESIAN_POINT ( 'NONE',  ( 148.0602579068340390, 6.734054597800076536, 231.5711869321424103 ) ) ;
#892 = CARTESIAN_POINT ( 'NONE',  ( 74.60000310842843874, -4.221288741058917715, 0.000000000000000000 ) ) ;
#893 = ORIENTED_EDGE ( 'NONE', *, *, #4172, .F. ) ;
#894 = ORIENTED_EDGE ( 'NONE', *, *, #431, .F. ) ;
#895 = FACE_BOUND ( 'NONE', #6767, .T. ) ;
#896 = DIRECTION ( 'NONE',  ( -6.378601426329706152E-17, -5.352281928482944175E-17, -1.000000000000000000 ) ) ;
#897 = EDGE_CURVE ( 'NONE', #6710, #4792, #6301, .T. ) ;
#898 = ORIENTED_EDGE ( 'NONE', *, *, #4386, .F. ) ;
#899 = ADVANCED_FACE ( 'NONE', ( #3406 ), #5585, .T. ) ;
#900 = FACE_OUTER_BOUND ( 'NONE', #2386, .T. ) ;
#901 = CARTESIAN_POINT ( 'NONE',  ( 146.5281689998066668, 5.448479403202852289, 79.35279693723198591 ) ) ;
#902 = EDGE_LOOP ( 'NONE', ( #6879, #695, #1493, #2366 ) ) ;
#903 = CARTESIAN_POINT ( 'NONE',  ( 184.3164905826809559, 0.6290819923292031435, 114.3830672388228038 ) ) ;
#904 = CARTESIAN_POINT ( 'NONE',  ( 0.3618704783485165444, 1.104453914242504498, 0.000000000000000000 ) ) ;
#905 = DIRECTION ( 'NONE',  ( 0.6427875972986035746, -0.7660444535136902156, -6.018531076210112041E-33 ) ) ;
#906 = EDGE_CURVE ( 'NONE', #2836, #2820, #1818, .T. ) ;
#907 = CARTESIAN_POINT ( 'NONE',  ( 80.19530828962925284, 16.81868045796526445, 0.000000000000000000 ) ) ;
#908 = CARTESIAN_POINT ( 'NONE',  ( 75.76053688811489906, -3.161889744692300663, 519.0000000000000000 ) ) ;
#909 = CARTESIAN_POINT ( 'NONE',  ( 184.3164905826809843, -0.1919649553590160596, 224.0000000000000000 ) ) ;
#910 = ORIENTED_EDGE ( 'NONE', *, *, #4166, .F. ) ;
#911 = CARTESIAN_POINT ( 'NONE',  ( 186.5000000000003411, -0.1117699999999916260, 0.000000000000000000 ) ) ;
#912 = CARTESIAN_POINT ( 'NONE',  ( 146.5281689998066099, 5.448479403202888705, 89.98640020981726195 ) ) ;
#913 = EDGE_LOOP ( 'NONE', ( #4964, #3849, #4928 ) ) ;
#914 = EDGE_CURVE ( 'NONE', #6819, #2967, #3051, .T. ) ;
#915 = CARTESIAN_POINT ( 'NONE',  ( 148.0602579068340390, 6.734054597800096964, 144.9638633601287552 ) ) ;
#916 = ORIENTED_EDGE ( 'NONE', *, *, #1252, .F. ) ;
#917 = PLANE ( 'NONE',  #3082 ) ;
#918 = CARTESIAN_POINT ( 'NONE',  ( 75.84334136396989834, -4.176046874377543183, 0.000000000000000000 ) ) ;
#919 = LINE ( 'NONE', #3157, #3473 ) ;
#920 = CARTESIAN_POINT ( 'NONE',  ( 187.3164905826809843, -0.08178092353511093315, 0.000000000000000000 ) ) ;
#921 = ORIENTED_EDGE ( 'NONE', *, *, #4403, .T. ) ;
#922 = EDGE_CURVE ( 'NONE', #2046, #1082, #3658, .T. ) ;
#923 = DIRECTION ( 'NONE',  ( 0.4545194689124497089, -0.5416752277698725360, -0.7071067811865484609 ) ) ;
#924 = ORIENTED_EDGE ( 'NONE', *, *, #2048, .T. ) ;
#925 = VECTOR ( 'NONE', #5398, 1000.000000000000000 ) ;
#926 = VECTOR ( 'NONE', #3519, 1000.000000000000114 ) ;
#927 = DIRECTION ( 'NONE',  ( 0.6427875972986036857, -0.7660444535136901045, 0.000000000000000000 ) ) ;
#928 = CARTESIAN_POINT ( 'NONE',  ( 37.30011936909586012, -5.533679482725345267, 0.000000000000000000 ) ) ;
#929 = VERTEX_POINT ( 'NONE', #4728 ) ;
#930 = CARTESIAN_POINT ( 'NONE',  ( 154.7820050466310988, -1.276611967645587820, 88.26503056310485817 ) ) ;
#931 = FACE_BOUND ( 'NONE', #5053, .T. ) ;
#932 = DIRECTION ( 'NONE',  ( 0.7660444535136902156, 0.6427875972986035746, -0.000000000000000000 ) ) ;
#933 = EDGE_CURVE ( 'NONE', #4912, #3117, #1889, .T. ) ;
#934 = ORIENTED_EDGE ( 'NONE', *, *, #572, .T. ) ;
#935 = VECTOR ( 'NONE', #5348, 999.9999999999998863 ) ;
#936 = CARTESIAN_POINT ( 'NONE',  ( 148.8027864148734807, 8.225864831853382242, 47.99999999999998579 ) ) ;
#937 = VECTOR ( 'NONE', #2337, 1000.000000000000114 ) ;
#938 = LINE ( 'NONE', #4709, #1853 ) ;
#939 = CARTESIAN_POINT ( 'NONE',  ( 146.4038160459663231, 8.708125201244095948, 2.000000000000000000 ) ) ;
#940 = ORIENTED_EDGE ( 'NONE', *, *, #5550, .T. ) ;
#941 = DIRECTION ( 'NONE',  ( -0.4545194689124502085, 0.5416752277698729801, -0.7071067811865477948 ) ) ;
#942 = CARTESIAN_POINT ( 'NONE',  ( 0.1908648120222380395, -1.166401211495514678, 0.000000000000000000 ) ) ;
#943 = CARTESIAN_POINT ( 'NONE',  ( 152.0777421034210306, -1.165244497598677098, -9.804599309964982597E-15 ) ) ;
#944 = CARTESIAN_POINT ( 'NONE',  ( 175.3109227526206553, 2.728036616298050721, 0.000000000000000000 ) ) ;
#945 = CARTESIAN_POINT ( 'NONE',  ( 81.04870551352863117, -3.484160551039428455, 519.0000000000000000 ) ) ;
#946 = DIRECTION ( 'NONE',  ( 1.000000000000000000, 0.000000000000000000, -0.000000000000000000 ) ) ;
#947 = ORIENTED_EDGE ( 'NONE', *, *, #2263, .F. ) ;
#948 = DIRECTION ( 'NONE',  ( -0.000000000000000000, -0.000000000000000000, -1.000000000000000000 ) ) ;
#949 = CARTESIAN_POINT ( 'NONE',  ( 154.7820050345175105, -1.276611953209101147, 103.0000000000000142 ) ) ;
#950 = LINE ( 'NONE', #4838, #6733 ) ;
#951 = VERTEX_POINT ( 'NONE', #1025 ) ;
#952 = CARTESIAN_POINT ( 'NONE',  ( 184.3164905826809843, 0.6289050935864557434, 225.9999999999999716 ) ) ;
#953 = CARTESIAN_POINT ( 'NONE',  ( 154.7950002565042951, -1.276143650835164012, 0.000000000000000000 ) ) ;
#954 = LINE ( 'NONE', #7018, #3887 ) ;
#955 = EDGE_CURVE ( 'NONE', #1895, #1371, #5907, .T. ) ;
#956 = DIRECTION ( 'NONE',  ( 0.7660444535136902156, 0.6427875972986035746, -0.000000000000000000 ) ) ;
#957 = VERTEX_POINT ( 'NONE', #1452 ) ;
#958 = DIRECTION ( 'NONE',  ( 0.9993263279542508037, 0.03670000350780839443, 0.000000000000000000 ) ) ;
#959 = VERTEX_POINT ( 'NONE', #4270 ) ;
#960 = DIRECTION ( 'NONE',  ( 0.6427875972986036857, -0.7660444535136901045, -1.368455531567204475E-48 ) ) ;
#961 = CARTESIAN_POINT ( 'NONE',  ( 184.6349999979613585, -0.1802699444872758738, 0.000000000000000000 ) ) ;
#962 = EDGE_CURVE ( 'NONE', #6222, #1847, #3619, .T. ) ;
#963 = VERTEX_POINT ( 'NONE', #5293 ) ;
#964 = CARTESIAN_POINT ( 'NONE',  ( 154.7820051040489204, -1.276612036073485834, 57.97104278834681423 ) ) ;
#965 = DIRECTION ( 'NONE',  ( 0.000000000000000000, 0.000000000000000000, -1.000000000000000000 ) ) ;
#966 = LINE ( 'NONE', #403, #4492 ) ;
#967 = ORIENTED_EDGE ( 'NONE', *, *, #3109, .F. ) ;
#968 = VECTOR ( 'NONE', #718, 1000.000000000000000 ) ;
#969 = CARTESIAN_POINT ( 'NONE',  ( 154.6915595090934517, 7.111121530186343520, 47.99999999999998579 ) ) ;
#970 = ORIENTED_EDGE ( 'NONE', *, *, #5529, .F. ) ;
#971 = DIRECTION ( 'NONE',  ( 0.7660444535136902156, 0.6427875972986035746, -0.000000000000000000 ) ) ;
#972 = CARTESIAN_POINT ( 'NONE',  ( 155.7291683440783459, -1.241827414844196786, 0.000000000000000000 ) ) ;
#973 = ORIENTED_EDGE ( 'NONE', *, *, #6358, .F. ) ;
#974 = CARTESIAN_POINT ( 'NONE',  ( 171.2039481690432297, 3.633561816860939597, 163.0000000000000284 ) ) ;
#975 = AXIS2_PLACEMENT_3D ( 'NONE', #100, #5929, #3790 ) ;
#976 = CARTESIAN_POINT ( 'NONE',  ( 1.755424937789596740, 2.846770284889423852, 0.000000000000000000 ) ) ;
#977 = LINE ( 'NONE', #1982, #5868 ) ;
#978 = TRIMMED_CURVE ( 'NONE', #5882, ( PARAMETER_VALUE ( 0.000000000000000000 ), #468 ), ( PARAMETER_VALUE ( 0.9999999999999925615 ), #4883 ), .T., .PARAMETER. ) ;
#979 = CARTESIAN_POINT ( 'NONE',  ( 177.1757084933140334, 2.301428311403351579, 0.000000000000000000 ) ) ;
#980 = CARTESIAN_POINT ( 'NONE',  ( 91.23276386073791855, -3.549969837642847459, 519.0000000000000000 ) ) ;
#981 = CARTESIAN_POINT ( 'NONE',  ( 88.66911395920068628, 74.40221837649806957, 207.3857090794443252 ) ) ;
#982 = ORIENTED_EDGE ( 'NONE', *, *, #6787, .F. ) ;
#983 = DIRECTION ( 'NONE',  ( -0.03670001594897864122, 0.9993263274973519517, 0.000000000000000000 ) ) ;
#984 = CARTESIAN_POINT ( 'NONE',  ( 184.3164905826809843, -0.1919652221612422049, 158.0000000000000000 ) ) ;
#985 = CARTESIAN_POINT ( 'NONE',  ( 184.2981405794620002, 0.3076977166201873559, 100.0000000000000000 ) ) ;
#986 = EDGE_CURVE ( 'NONE', #6285, #5802, #5368, .T. ) ;
#987 = VERTEX_POINT ( 'NONE', #992 ) ;
#988 = EDGE_CURVE ( 'NONE', #6120, #5205, #5840, .T. ) ;
#989 = CARTESIAN_POINT ( 'NONE',  ( 82.66347632603313400, 81.55945883669924967, 9.343113741470716604 ) ) ;
#990 = CARTESIAN_POINT ( 'NONE',  ( 32.32683023300464242, -5.624587140292121923, 0.000000000000000000 ) ) ;
#991 = DIRECTION ( 'NONE',  ( 0.7660444535136902156, 0.6427875972986035746, -0.000000000000000000 ) ) ;
#992 = CARTESIAN_POINT ( 'NONE',  ( 152.2492416656317573, -1.369629723703938984, 288.0000000000000000 ) ) ;
#993 = ORIENTED_EDGE ( 'NONE', *, *, #6716, .F. ) ;
#994 = DIRECTION ( 'NONE',  ( 0.7660444535136902156, 0.6427875972986035746, -0.000000000000000000 ) ) ;
#995 = ORIENTED_EDGE ( 'NONE', *, *, #5803, .T. ) ;
#996 = EDGE_CURVE ( 'NONE', #2515, #4184, #3087, .T. ) ;
#997 = CARTESIAN_POINT ( 'NONE',  ( 181.5685487539224141, -0.2928872200309606821, 163.0000000000003979 ) ) ;
#998 = CARTESIAN_POINT ( 'NONE',  ( 186.5000000000000000, 0.1117699999999999944, 0.000000000000000000 ) ) ;
#999 = ORIENTED_EDGE ( 'NONE', *, *, #1638, .F. ) ;
#1000 = FACE_BOUND ( 'NONE', #3285, .T. ) ;
#1001 = DIRECTION ( 'NONE',  ( 0.000000000000000000, 0.7938448021158682755, -0.6081204076115337420 ) ) ;
#1002 = EDGE_LOOP ( 'NONE', ( #1378, #3806, #4381, #755 ) ) ;
#1003 = EDGE_CURVE ( 'NONE', #4732, #4919, #919, .T. ) ;
#1004 = LINE ( 'NONE', #3168, #5495 ) ;
#1005 = ORIENTED_EDGE ( 'NONE', *, *, #6371, .T. ) ;
#1006 = VECTOR ( 'NONE', #5573, 1000.000000000000000 ) ;
#1007 = CARTESIAN_POINT ( 'NONE',  ( 186.6676197587139256, 0.07203536032383085763, 288.0000000000000000 ) ) ;
#1008 = LINE ( 'NONE', #3170, #4787 ) ;
#1009 = ORIENTED_EDGE ( 'NONE', *, *, #4470, .T. ) ;
#1010 = PLANE ( 'NONE',  #1742 ) ;
#1011 = CARTESIAN_POINT ( 'NONE',  ( 74.09458103720170641, 4.628645599129887600, 519.0000000000001137 ) ) ;
#1012 = CARTESIAN_POINT ( 'NONE',  ( 110.0808486931847625, 48.88470574556389181, -33.31074654204535079 ) ) ;
#1013 = CARTESIAN_POINT ( 'NONE',  ( 85.79047915500117938, 16.53346528281337413, 0.000000000000000000 ) ) ;
#1014 = CARTESIAN_POINT ( 'NONE',  ( 78.69841064362989869, -3.375311850065437991, 519.0000000000000000 ) ) ;
#1015 = CARTESIAN_POINT ( 'NONE',  ( 154.7820050803711922, -1.276612007855474573, 158.0000000000000000 ) ) ;
#1016 = ORIENTED_EDGE ( 'NONE', *, *, #6010, .F. ) ;
#1017 = LINE ( 'NONE', #2523, #5875 ) ;
#1018 = DIRECTION ( 'NONE',  ( 1.000000000000000000, 0.000000000000000000, -0.000000000000000000 ) ) ;
#1019 = DIRECTION ( 'NONE',  ( -0.9993261632555366925, -0.03670448791317491855, -0.000000000000000000 ) ) ;
#1020 = ORIENTED_EDGE ( 'NONE', *, *, #1717, .T. ) ;
#1021 = VECTOR ( 'NONE', #5061, 1000.000000000000000 ) ;
#1022 = DIRECTION ( 'NONE',  ( 0.4545194689124504306, -0.5416752277698734241, -0.7071067811865473507 ) ) ;
#1023 = CARTESIAN_POINT ( 'NONE',  ( 100.7099997185779472, -3.262149003720056228, 0.000000000000000000 ) ) ;
#1024 = CARTESIAN_POINT ( 'NONE',  ( 143.3164907601397715, 9.276008609284451367, 0.000000000000000000 ) ) ;
#1025 = CARTESIAN_POINT ( 'NONE',  ( 154.3747230897488407, -0.7912322163916676310, 100.0000000000000000 ) ) ;
#1026 = CARTESIAN_POINT ( 'NONE',  ( 102.4160381093202687, -3.202978070428026847, 519.0000000000001137 ) ) ;
#1027 = LINE ( 'NONE', #5330, #2771 ) ;
#1028 = ORIENTED_EDGE ( 'NONE', *, *, #2156, .T. ) ;
#1029 = LINE ( 'NONE', #5842, #5390 ) ;
#1030 = ORIENTED_EDGE ( 'NONE', *, *, #197, .F. ) ;
#1031 = EDGE_CURVE ( 'NONE', #2770, #1285, #2033, .T. ) ;
#1032 = CARTESIAN_POINT ( 'NONE',  ( 165.5504947399569744, -0.8811428267180821949, 162.9999999999998295 ) ) ;
#1033 = CARTESIAN_POINT ( 'NONE',  ( 183.7025000076448578, -0.2145202081727125010, 0.000000000000000000 ) ) ;
#1034 = EDGE_LOOP ( 'NONE', ( #1988, #5792, #5955 ) ) ;
#1035 = AXIS2_PLACEMENT_3D ( 'NONE', #2306, #4026, #274 ) ;
#1036 = CARTESIAN_POINT ( 'NONE',  ( 148.0602579068340106, 6.734054597800096076, 119.4538633601287501 ) ) ;
#1037 = VECTOR ( 'NONE', #7047, 1000.000000000000000 ) ;
#1038 = CARTESIAN_POINT ( 'NONE',  ( 187.3164905826809843, -0.08178092353511093315, 0.000000000000000000 ) ) ;
#1039 = EDGE_CURVE ( 'NONE', #1570, #2471, #2114, .T. ) ;
#1040 = ORIENTED_EDGE ( 'NONE', *, *, #4075, .F. ) ;
#1041 = VECTOR ( 'NONE', #4088, 1000.000000000000000 ) ;
#1042 = FACE_OUTER_BOUND ( 'NONE', #1467, .T. ) ;
#1043 = VECTOR ( 'NONE', #6115, 1000.000000000000000 ) ;
#1044 = EDGE_LOOP ( 'NONE', ( #6262, #629, #3017, #3084 ) ) ;
#1045 = PLANE ( 'NONE',  #3539 ) ;
#1046 = VECTOR ( 'NONE', #772, 1000.000000000000000 ) ;
#1047 = LINE ( 'NONE', #3215, #2632 ) ;
#1048 = VERTEX_POINT ( 'NONE', #2634 ) ;
#1049 = DIRECTION ( 'NONE',  ( 0.7660444535136902156, 0.6427875972986035746, -0.000000000000000000 ) ) ;
#1050 = CARTESIAN_POINT ( 'NONE',  ( 81.96622457140422569, 7.645179277429976494, 519.0000000000001137 ) ) ;
#1051 = LINE ( 'NONE', #5973, #6786 ) ;
#1052 = ORIENTED_EDGE ( 'NONE', *, *, #6708, .F. ) ;
#1053 = VECTOR ( 'NONE', #1827, 1000.000000000000000 ) ;
#1054 = CARTESIAN_POINT ( 'NONE',  ( 52.21962783935892105, 16.78711222807805115, 0.000000000000000000 ) ) ;
#1055 = CARTESIAN_POINT ( 'NONE',  ( 150.7676911739038701, -1.424054044075330649, 519.0000000000000000 ) ) ;
#1056 = CARTESIAN_POINT ( 'NONE',  ( 88.66911395920068628, 74.40221837649806957, 157.7187869762735488 ) ) ;
#1057 = VECTOR ( 'NONE', #2891, 1000.000000000000000 ) ;
#1058 = CARTESIAN_POINT ( 'NONE',  ( 174.5945035064749220, -0.5489890037486334640, 0.000000000000000000 ) ) ;
#1059 = PLANE ( 'NONE',  #4428 ) ;
#1060 = FACE_OUTER_BOUND ( 'NONE', #3743, .T. ) ;
#1061 = CARTESIAN_POINT ( 'NONE',  ( 153.6098310104484597, 0.1203306969985024066, 142.8425430165691239 ) ) ;
#1062 = VERTEX_POINT ( 'NONE', #4764 ) ;
#1063 = CARTESIAN_POINT ( 'NONE',  ( 153.6098310104484312, 0.1203306969985301622, 17.14857848983246313 ) ) ;
#1064 = CARTESIAN_POINT ( 'NONE',  ( 91.38499973394564790, -3.605079446773360452, 0.000000000000000000 ) ) ;
#1065 = LINE ( 'NONE', #4232, #816 ) ;
#1066 = CARTESIAN_POINT ( 'NONE',  ( 183.5138206310431030, -0.2214500910299230241, 288.0000000000007390 ) ) ;
#1067 = CARTESIAN_POINT ( 'NONE',  ( 89.28620356328218577, -3.578507280098233156, 519.0000000000001137 ) ) ;
#1068 = DIRECTION ( 'NONE',  ( 0.7660444535136902156, 0.6427875972986035746, -0.000000000000000000 ) ) ;
#1069 = ORIENTED_EDGE ( 'NONE', *, *, #5741, .T. ) ;
#1070 = LINE ( 'NONE', #3197, #2446 ) ;
#1071 = ORIENTED_EDGE ( 'NONE', *, *, #3502, .T. ) ;
#1072 = CARTESIAN_POINT ( 'NONE',  ( 184.3164905826809843, -0.1919646770075465747, 286.0000000000000568 ) ) ;
#1073 = CARTESIAN_POINT ( 'NONE',  ( 123.0900004109218031, -2.440584521422289654, 0.000000000000000000 ) ) ;
#1074 = AXIS2_PLACEMENT_3D ( 'NONE', #6026, #3977, #2913 ) ;
#1075 = ORIENTED_EDGE ( 'NONE', *, *, #1735, .F. ) ;
#1076 = FACE_BOUND ( 'NONE', #2933, .T. ) ;
#1077 = CARTESIAN_POINT ( 'NONE',  ( 154.7820052418864805, -1.276612200341903369, 224.0000000000000000 ) ) ;
#1078 = ORIENTED_EDGE ( 'NONE', *, *, #6572, .F. ) ;
#1079 = EDGE_CURVE ( 'NONE', #452, #3355, #1546, .T. ) ;
#1080 = CARTESIAN_POINT ( 'NONE',  ( 148.0602579068340106, 6.734054597800056108, 108.6989397439838712 ) ) ;
#1081 = DIRECTION ( 'NONE',  ( 8.796262431460665264E-49, -1.048297769837185521E-48, 1.000000000000000000 ) ) ;
#1082 = VERTEX_POINT ( 'NONE', #886 ) ;
#1083 = DIRECTION ( 'NONE',  ( 0.6427875972986035746, -0.7660444535136902156, -6.018531076210112041E-33 ) ) ;
#1084 = CARTESIAN_POINT ( 'NONE',  ( 139.8694997756333578, 9.899595000563286007, 0.000000000000000000 ) ) ;
#1085 = CARTESIAN_POINT ( 'NONE',  ( 152.0777421034210590, -1.165244497598739493, 169.1207854632994270 ) ) ;
#1086 = VECTOR ( 'NONE', #4263, 1000.000000000000000 ) ;
#1087 = EDGE_LOOP ( 'NONE', ( #581, #5930, #3631, #2829 ) ) ;
#1088 = EDGE_CURVE ( 'NONE', #4199, #6212, #5222, .T. ) ;
#1089 = CARTESIAN_POINT ( 'NONE',  ( 1.471576558632201603, -2.656021386754295222, 0.000000000000000000 ) ) ;
#1090 = CARTESIAN_POINT ( 'NONE',  ( 182.1019289063136739, -0.2732863667278490616, 519.0000000000000000 ) ) ;
#1091 = FACE_OUTER_BOUND ( 'NONE', #6779, .T. ) ;
#1092 = CARTESIAN_POINT ( 'NONE',  ( 184.3017278636662297, -0.1925108592156409004, 519.0000000000020464 ) ) ;
#1093 = CARTESIAN_POINT ( 'NONE',  ( 184.3164905826809559, -0.1919654610749290669, 101.2939877747580795 ) ) ;
#1094 = CARTESIAN_POINT ( 'NONE',  ( 174.9292559588591018, 2.810498872484302080, 50.00000000000001421 ) ) ;
#1095 = DIRECTION ( 'NONE',  ( -6.378601426329706152E-17, -5.352281928482944175E-17, -1.000000000000000000 ) ) ;
#1096 = EDGE_CURVE ( 'NONE', #3293, #5841, #3306, .T. ) ;
#1097 = AXIS2_PLACEMENT_3D ( 'NONE', #1443, #3078, #5250 ) ;
#1098 = CARTESIAN_POINT ( 'NONE',  ( 146.5281689998065815, 5.448479403202910909, 155.5974666327140596 ) ) ;
#1099 = CARTESIAN_POINT ( 'NONE',  ( 128.0512035943199862, 10.06407803258831279, 519.0000000000000000 ) ) ;
#1100 = LINE ( 'NONE', #459, #5245 ) ;
#1101 = DIRECTION ( 'NONE',  ( -0.7660444535136902156, -0.6427875972986035746, 0.000000000000000000 ) ) ;
#1102 = CARTESIAN_POINT ( 'NONE',  ( 177.2062399616386301, -0.4530747457395346012, 287.9999999999998295 ) ) ;
#1103 = CARTESIAN_POINT ( 'NONE',  ( 0.3618704783485165444, 1.104453914242504498, 0.000000000000000000 ) ) ;
#1104 = EDGE_LOOP ( 'NONE', ( #4446, #4741, #4459, #1921 ) ) ;
#1105 = CARTESIAN_POINT ( 'NONE',  ( 171.1779564160217433, 3.639550323267714216, 161.0000000000001137 ) ) ;
#1106 = VERTEX_POINT ( 'NONE', #4979 ) ;
#1107 = EDGE_CURVE ( 'NONE', #2894, #2787, #5990, .T. ) ;
#1108 = EDGE_CURVE ( 'NONE', #4420, #5166, #147, .T. ) ;
#1109 = DIRECTION ( 'NONE',  ( -0.4545194689124502085, 0.5416752277698729801, -0.7071067811865477948 ) ) ;
#1110 = CARTESIAN_POINT ( 'NONE',  ( 55.94980336656773545, 16.91308165445082778, 0.000000000000000000 ) ) ;
#1111 = ORIENTED_EDGE ( 'NONE', *, *, #6891, .F. ) ;
#1112 = FACE_BOUND ( 'NONE', #631, .T. ) ;
#1113 = DIRECTION ( 'NONE',  ( 0.4545194689124502085, -0.5416752277698733131, -0.7071067811865476838 ) ) ;
#1114 = ORIENTED_EDGE ( 'NONE', *, *, #2154, .T. ) ;
#1115 = CARTESIAN_POINT ( 'NONE',  ( 146.5560522104612176, 8.526697199326170207, 161.0000000000000000 ) ) ;
#1116 = ORIENTED_EDGE ( 'NONE', *, *, #1779, .F. ) ;
#1117 = CARTESIAN_POINT ( 'NONE',  ( 34.29256304674249378, 139.2056704075471600, 84.59489750732986124 ) ) ;
#1118 = VERTEX_POINT ( 'NONE', #6557 ) ;
#1119 = EDGE_CURVE ( 'NONE', #2440, #3972, #3371, .T. ) ;
#1120 = FACE_OUTER_BOUND ( 'NONE', #2130, .T. ) ;
#1121 = CARTESIAN_POINT ( 'NONE',  ( 80.17066079731669959, 7.099978114239834603, 518.9999999999997726 ) ) ;
#1122 = DIRECTION ( 'NONE',  ( 0.6427875972986036857, -0.7660444535136901045, 0.000000000000000000 ) ) ;
#1123 = CARTESIAN_POINT ( 'NONE',  ( 175.8121244553361748, 2.615442683792246648, 103.0000000000000568 ) ) ;
#1124 = ORIENTED_EDGE ( 'NONE', *, *, #361, .T. ) ;
#1125 = EDGE_CURVE ( 'NONE', #2726, #287, #2713, .T. ) ;
#1126 = CARTESIAN_POINT ( 'NONE',  ( 0.1360065701164855367, 0.5670587147807295558, 0.000000000000000000 ) ) ;
#1127 = LINE ( 'NONE', #2701, #6568 ) ;
#1128 = CARTESIAN_POINT ( 'NONE',  ( 148.0602579068340106, 6.734054597800100517, 196.7521058068590207 ) ) ;
#1129 = EDGE_CURVE ( 'NONE', #2543, #4688, #4944, .T. ) ;
#1130 = CARTESIAN_POINT ( 'NONE',  ( 152.0777421034210590, -1.165244497598718620, -9.804599309964982597E-15 ) ) ;
#1131 = CARTESIAN_POINT ( 'NONE',  ( 146.4980687892391700, 8.595799152147858280, 105.0000000000000142 ) ) ;
#1132 = CARTESIAN_POINT ( 'NONE',  ( 154.3747233051220178, -0.7912324730635189596, 221.0000000000000000 ) ) ;
#1133 = CARTESIAN_POINT ( 'NONE',  ( 184.3164905826810127, 0.6291985383947936716, 11.38306723882647553 ) ) ;
#1134 = CARTESIAN_POINT ( 'NONE',  ( 177.0109756044620610, 2.303638397247102620, 519.0000000000000000 ) ) ;
#1135 = FACE_OUTER_BOUND ( 'NONE', #1730, .T. ) ;
#1136 = EDGE_CURVE ( 'NONE', #5863, #2397, #4081, .T. ) ;
#1137 = CARTESIAN_POINT ( 'NONE',  ( 90.20120286622807271, 75.68779357109528405, 257.0811869321423728 ) ) ;
#1138 = CARTESIAN_POINT ( 'NONE',  ( 184.3164905826809843, -0.1919654473031343067, 100.0000000000000000 ) ) ;
#1139 = CARTESIAN_POINT ( 'NONE',  ( 69.31948282930540017, -0.4669110300025248184, 519.0000000000001137 ) ) ;
#1140 = CARTESIAN_POINT ( 'NONE',  ( 92.77692384176870632, 69.50672103047794792, -6.390617833685062976 ) ) ;
#1141 = VERTEX_POINT ( 'NONE', #1631 ) ;
#1142 = PLANE ( 'NONE',  #394 ) ;
#1143 = ORIENTED_EDGE ( 'NONE', *, *, #5624, .T. ) ;
#1144 = AXIS2_PLACEMENT_3D ( 'NONE', #273, #4025, #2368 ) ;
#1145 = CARTESIAN_POINT ( 'NONE',  ( 152.0777421034210306, -1.165244497598677098, -9.804599309964982597E-15 ) ) ;
#1146 = CARTESIAN_POINT ( 'NONE',  ( 41.02798491655703828, 16.06967701289098471, 0.000000000000000000 ) ) ;
#1147 = EDGE_CURVE ( 'NONE', #3373, #2850, #573, .T. ) ;
#1148 = ORIENTED_EDGE ( 'NONE', *, *, #5779, .F. ) ;
#1149 = FACE_BOUND ( 'NONE', #199, .T. ) ;
#1150 = LINE ( 'NONE', #5306, #1417 ) ;
#1151 = ORIENTED_EDGE ( 'NONE', *, *, #4958, .T. ) ;
#1152 = CARTESIAN_POINT ( 'NONE',  ( 154.7820052833510545, -1.276612249757582918, 2.000000000000027534 ) ) ;
#1153 = ORIENTED_EDGE ( 'NONE', *, *, #3412, .T. ) ;
#1154 = DIRECTION ( 'NONE',  ( 0.7660444535136902156, 0.6427875972986035746, -0.000000000000000000 ) ) ;
#1155 = EDGE_CURVE ( 'NONE', #6386, #5228, #646, .T. ) ;
#1156 = ORIENTED_EDGE ( 'NONE', *, *, #2066, .T. ) ;
#1157 = DIRECTION ( 'NONE',  ( 0.000000000000000000, 0.000000000000000000, 1.000000000000000000 ) ) ;
#1158 = CARTESIAN_POINT ( 'NONE',  ( 22.01935212871652681, 12.71238653461006329, 0.000000000000000000 ) ) ;
#1159 = LINE ( 'NONE', #1653, #4725 ) ;
#1160 = EDGE_LOOP ( 'NONE', ( #6956, #2883, #2088 ) ) ;
#1161 = AXIS2_PLACEMENT_3D ( 'NONE', #4136, #6318, #4927 ) ;
#1162 = VECTOR ( 'NONE', #6167, 1000.000000000000000 ) ;
#1163 = CARTESIAN_POINT ( 'NONE',  ( 33.56610730132103271, 15.12375055081397157, 0.000000000000000000 ) ) ;
#1164 = CARTESIAN_POINT ( 'NONE',  ( 181.0410211647847802, -32.57088979219674485, 141.3216724783158327 ) ) ;
#1165 = DIRECTION ( 'NONE',  ( 0.6427875972986036857, -0.7660444535136901045, 0.000000000000000000 ) ) ;
#1166 = LINE ( 'NONE', #3334, #195 ) ;
#1167 = AXIS2_PLACEMENT_3D ( 'NONE', #6818, #801, #4098 ) ;
#1168 = VECTOR ( 'NONE', #1157, 1000.000000000000000 ) ;
#1169 = DIRECTION ( 'NONE',  ( -0.03670001594897864122, 0.9993263274973519517, 0.000000000000000000 ) ) ;
#1170 = EDGE_CURVE ( 'NONE', #3357, #987, #2487, .T. ) ;
#1171 = AXIS2_PLACEMENT_3D ( 'NONE', #4247, #4316, #4355 ) ;
#1172 = CARTESIAN_POINT ( 'NONE',  ( 122.1754283522884066, 10.45298931241561569, 519.0000000000000000 ) ) ;
#1173 = DIRECTION ( 'NONE',  ( 0.000000000000000000, 0.7938448021158684975, 0.6081204076115334090 ) ) ;
#1174 = DIRECTION ( 'NONE',  ( 0.000000000000000000, -0.7938448021158673873, -0.6081204076115348522 ) ) ;
#1175 = CARTESIAN_POINT ( 'NONE',  ( 146.6987099312824512, 8.356684342442697755, 280.0289700888458810 ) ) ;
#1176 = CARTESIAN_POINT ( 'NONE',  ( 72.13026140542611131, 3.349874781402656598, 519.0000000000018190 ) ) ;
#1177 = VERTEX_POINT ( 'NONE', #2746 ) ;
#1178 = CARTESIAN_POINT ( 'NONE',  ( 152.0777421034210874, -1.165244497598656226, 218.1406326955891188 ) ) ;
#1179 = EDGE_LOOP ( 'NONE', ( #4190, #4988, #4583 ) ) ;
#1180 = LINE ( 'NONE', #6097, #6961 ) ;
#1181 = EDGE_CURVE ( 'NONE', #3293, #5420, #1451, .T. ) ;
#1182 = CARTESIAN_POINT ( 'NONE',  ( 156.0406244140244212, 6.852113631338520250, 0.000000000000000000 ) ) ;
#1183 = ORIENTED_EDGE ( 'NONE', *, *, #6220, .F. ) ;
#1184 = PLANE ( 'NONE',  #2686 ) ;
#1185 = ORIENTED_EDGE ( 'NONE', *, *, #5448, .T. ) ;
#1186 = EDGE_CURVE ( 'NONE', #4227, #3378, #5, .T. ) ;
#1187 = CARTESIAN_POINT ( 'NONE',  ( 152.0777421034210590, -1.165244497598690865, 265.7147902047275352 ) ) ;
#1188 = VECTOR ( 'NONE', #711, 1000.000000000000000 ) ;
#1189 = ORIENTED_EDGE ( 'NONE', *, *, #3736, .T. ) ;
#1190 = CARTESIAN_POINT ( 'NONE',  ( 131.4033424095814269, 9.784364833522705140, 518.9999999999994316 ) ) ;
#1191 = ORIENTED_EDGE ( 'NONE', *, *, #2801, .F. ) ;
#1192 = CARTESIAN_POINT ( 'NONE',  ( 88.66911395920068628, 74.40221837649806957, 169.1207854632994270 ) ) ;
#1193 = LINE ( 'NONE', #762, #240 ) ;
#1194 = CARTESIAN_POINT ( 'NONE',  ( 146.4477209570765979, 8.655801363977515095, 51.33333333333333570 ) ) ;
#1195 = VERTEX_POINT ( 'NONE', #1138 ) ;
#1196 = ADVANCED_FACE ( 'NONE', ( #6796 ), #180, .F. ) ;
#1197 = DIRECTION ( 'NONE',  ( 0.6427875972986036857, -0.7660444535136901045, 0.000000000000000000 ) ) ;
#1198 = DIRECTION ( 'NONE',  ( -0.9993263279542504707, -0.03670000350781703335, 0.000000000000000000 ) ) ;
#1199 = CARTESIAN_POINT ( 'NONE',  ( 146.6303774828396911, 8.438119786039575132, 226.0000000000000000 ) ) ;
#1200 = CARTESIAN_POINT ( 'NONE',  ( 184.3164905826809843, -0.1919649553590160596, 221.0000000000000000 ) ) ;
#1201 = CARTESIAN_POINT ( 'NONE',  ( 135.1010325810420625, 9.411736446465265971, 519.0000000000000000 ) ) ;
#1202 = LINE ( 'NONE', #2213, #1951 ) ;
#1203 = CARTESIAN_POINT ( 'NONE',  ( 180.7040290666258784, 1.486459005793485000, 0.000000000000000000 ) ) ;
#1204 = CARTESIAN_POINT ( 'NONE',  ( 186.8298374647055766, -0.09965532144784199076, 287.9999999999996021 ) ) ;
#1205 = EDGE_CURVE ( 'NONE', #5307, #5589, #6728, .T. ) ;
#1206 = CARTESIAN_POINT ( 'NONE',  ( 70.29015320382269749, -1.760224377041226251, 518.9999999999989768 ) ) ;
#1207 = CARTESIAN_POINT ( 'NONE',  ( 198.8983248096342606, -56.96384397759447893, 171.4862130409570682 ) ) ;
#1208 = ORIENTED_EDGE ( 'NONE', *, *, #883, .F. ) ;
#1209 = DIRECTION ( 'NONE',  ( -0.4545194689124505416, 0.5416752277698733131, -0.7071067811865473507 ) ) ;
#1210 = ORIENTED_EDGE ( 'NONE', *, *, #6600, .F. ) ;
#1211 = ADVANCED_FACE ( 'NONE', ( #3973 ), #1848, .T. ) ;
#1212 = DIRECTION ( 'NONE',  ( 0.7660444535136902156, 0.6427875972986035746, -0.000000000000000000 ) ) ;
#1213 = CARTESIAN_POINT ( 'NONE',  ( 33.56610730132103271, 15.12375055081397157, 0.000000000000000000 ) ) ;
#1214 = VERTEX_POINT ( 'NONE', #2420 ) ;
#1215 = ADVANCED_FACE ( 'NONE', ( #3942 ), #4614, .T. ) ;
#1216 = CARTESIAN_POINT ( 'NONE',  ( 184.3164905826810127, -0.1919649371877195920, 230.0868716349596639 ) ) ;
#1217 = EDGE_LOOP ( 'NONE', ( #4039, #4767, #3978, #1864 ) ) ;
#1218 = DIRECTION ( 'NONE',  ( 0.7660444535136902156, 0.6427875972986035746, -0.000000000000000000 ) ) ;
#1219 = VERTEX_POINT ( 'NONE', #2980 ) ;
#1220 = CARTESIAN_POINT ( 'NONE',  ( 39.08907586378500554, 15.87556044444603209, 0.000000000000000000 ) ) ;
#1221 = ORIENTED_EDGE ( 'NONE', *, *, #3097, .F. ) ;
#1222 = CARTESIAN_POINT ( 'NONE',  ( 146.5281689998066099, 5.448479403202883375, -9.804599309964982597E-15 ) ) ;
#1223 = ADVANCED_FACE ( 'NONE', ( #847 ), #4073, .F. ) ;
#1224 = DIRECTION ( 'NONE',  ( 0.6427875972986033526, -0.7660444535136903266, 0.000000000000000000 ) ) ;
#1225 = DIRECTION ( 'NONE',  ( 0.7660444535136902156, 0.6427875972986035746, -0.000000000000000000 ) ) ;
#1226 = EDGE_LOOP ( 'NONE', ( #3862, #3067, #5501 ) ) ;
#1227 = DIRECTION ( 'NONE',  ( -0.4545194689124505971, 0.5416752277698736462, 0.7071067811865470176 ) ) ;
#1228 = EDGE_CURVE ( 'NONE', #6222, #4630, #4008, .T. ) ;
#1229 = CARTESIAN_POINT ( 'NONE',  ( 156.7981010113006448, -1.202570083322960004, 519.0000000000001137 ) ) ;
#1230 = DIRECTION ( 'NONE',  ( 0.6427875972986033526, -0.7660444535136903266, 0.000000000000000000 ) ) ;
#1231 = FACE_OUTER_BOUND ( 'NONE', #4887, .T. ) ;
#1232 = CARTESIAN_POINT ( 'NONE',  ( 111.5998918940219227, 10.73727489550534919, 519.0000000000000000 ) ) ;
#1233 = DIRECTION ( 'NONE',  ( -5.547375491447250379E-14, 1.000000000000000000, 0.000000000000000000 ) ) ;
#1234 = CARTESIAN_POINT ( 'NONE',  ( 154.7636551171322878, -0.7769488897788283666, 53.00000000000000711 ) ) ;
#1235 = CARTESIAN_POINT ( 'NONE',  ( 146.5281689998066383, 5.448479403202897586, 77.23147659367238305 ) ) ;
#1236 = ADVANCED_FACE ( 'NONE', ( #5149 ), #285, .F. ) ;
#1237 = CARTESIAN_POINT ( 'NONE',  ( 146.5281689998066099, 5.448479403202884264, 8.514975219832457753 ) ) ;
#1238 = ORIENTED_EDGE ( 'NONE', *, *, #2884, .T. ) ;
#1239 = FACE_OUTER_BOUND ( 'NONE', #5381, .T. ) ;
#1240 = VERTEX_POINT ( 'NONE', #3014 ) ;
#1241 = CARTESIAN_POINT ( 'NONE',  ( 209.3109487235736310, -66.26167862921873564, 185.3018732127386272 ) ) ;
#1242 = CARTESIAN_POINT ( 'NONE',  ( 109.4147758881605768, 14.43275082543250143, 0.000000000000000000 ) ) ;
#1243 = EDGE_LOOP ( 'NONE', ( #2187, #2183, #6228, #4018 ) ) ;
#1244 = DIRECTION ( 'NONE',  ( 0.000000000000000000, 0.7938448021158684975, 0.6081204076115334090 ) ) ;
#1245 = VERTEX_POINT ( 'NONE', #2458 ) ;
#1246 = LINE ( 'NONE', #687, #2873 ) ;
#1247 = AXIS2_PLACEMENT_3D ( 'NONE', #2477, #435, #2541 ) ;
#1248 = ORIENTED_EDGE ( 'NONE', *, *, #6362, .F. ) ;
#1249 = CARTESIAN_POINT ( 'NONE',  ( 98.28818561077662253, 10.35717831068094519, 518.9999999999998863 ) ) ;
#1250 = ORIENTED_EDGE ( 'NONE', *, *, #3782, .F. ) ;
#1251 = DIRECTION ( 'NONE',  ( 0.4545194689124502085, -0.5416752277698733131, -0.7071067811865476838 ) ) ;
#1252 = EDGE_CURVE ( 'NONE', #1214, #4818, #249, .T. ) ;
#1253 = DIRECTION ( 'NONE',  ( 0.000000000000000000, 0.000000000000000000, 1.000000000000000000 ) ) ;
#1254 = DIRECTION ( 'NONE',  ( -6.378601426329706152E-17, -5.352281928482944175E-17, -1.000000000000000000 ) ) ;
#1255 = CARTESIAN_POINT ( 'NONE',  ( 154.7820050860162269, -1.276612014582966914, 165.5590183378629376 ) ) ;
#1256 = ORIENTED_EDGE ( 'NONE', *, *, #4799, .T. ) ;
#1257 = CARTESIAN_POINT ( 'NONE',  ( 184.3164905826809843, -0.1919652221612422049, 158.0000000000000000 ) ) ;
#1258 = PLANE ( 'NONE',  #6280 ) ;
#1259 = CARTESIAN_POINT ( 'NONE',  ( 85.30337629867968019, -3.829177956191700538, 0.000000000000000000 ) ) ;
#1260 = CARTESIAN_POINT ( 'NONE',  ( 186.8020647735157524, 0.04016486808356803384, 519.0000000000000000 ) ) ;
#1261 = VECTOR ( 'NONE', #2590, 1000.000000000000000 ) ;
#1262 = VECTOR ( 'NONE', #5836, 1000.000000000000000 ) ;
#1263 = ADVANCED_FACE ( 'NONE', ( #742 ), #2911, .F. ) ;
#1264 = DIRECTION ( 'NONE',  ( -0.4545194689124500420, 0.5416752277698730911, -0.7071067811865480168 ) ) ;
#1265 = CARTESIAN_POINT ( 'NONE',  ( 86.92167241314066928, 8.853775564424147149, 519.0000000000000000 ) ) ;
#1266 = DIRECTION ( 'NONE',  ( 0.7660444535136902156, 0.6427875972986035746, -0.000000000000000000 ) ) ;
#1267 = AXIS2_PLACEMENT_3D ( 'NONE', #2069, #5292, #3802 ) ;
#1268 = LINE ( 'NONE', #4744, #5478 ) ;
#1269 = AXIS2_PLACEMENT_3D ( 'NONE', #3499, #1264, #5608 ) ;
#1270 = ORIENTED_EDGE ( 'NONE', *, *, #1079, .T. ) ;
#1271 = DIRECTION ( 'NONE',  ( -0.6427875972986035746, 0.7660444535136902156, 6.018531076210112041E-33 ) ) ;
#1272 = CARTESIAN_POINT ( 'NONE',  ( 6.322581031833100162, 6.648350067546798137, 0.000000000000000000 ) ) ;
#1273 = CARTESIAN_POINT ( 'NONE',  ( 148.0602579068340390, 6.734054597800062325, 134.2089397439838763 ) ) ;
#1274 = ORIENTED_EDGE ( 'NONE', *, *, #3961, .T. ) ;
#1275 = PLANE ( 'NONE',  #4591 ) ;
#1276 = VECTOR ( 'NONE', #4178, 1000.000000000000000 ) ;
#1277 = ORIENTED_EDGE ( 'NONE', *, *, #4715, .T. ) ;
#1278 = VECTOR ( 'NONE', #761, 1000.000000000000000 ) ;
#1279 = ADVANCED_FACE ( 'NONE', ( #4040 ), #2877, .F. ) ;
#1280 = CARTESIAN_POINT ( 'NONE',  ( 164.9536733190311963, -0.9030610241545513617, 104.9999999999999005 ) ) ;
#1281 = CARTESIAN_POINT ( 'NONE',  ( 0.1948241827675285254, -1.130119523988558194, 0.000000000000000000 ) ) ;
#1282 = FACE_OUTER_BOUND ( 'NONE', #1104, .T. ) ;
#1283 = VERTEX_POINT ( 'NONE', #316 ) ;
#1284 = CARTESIAN_POINT ( 'NONE',  ( 152.0777421034210306, -1.165244497598690865, 149.0851837036883296 ) ) ;
#1285 = VERTEX_POINT ( 'NONE', #6663 ) ;
#1286 = CARTESIAN_POINT ( 'NONE',  ( 152.0777421034210590, -1.165244497598663109, 85.86507986625763067 ) ) ;
#1287 = CARTESIAN_POINT ( 'NONE',  ( 14.90671704943204112, 10.52718434432603800, 0.000000000000000000 ) ) ;
#1288 = EDGE_LOOP ( 'NONE', ( #1183, #1238, #3488, #5342 ) ) ;
#1289 = EDGE_LOOP ( 'NONE', ( #5794, #4525, #4279 ) ) ;
#1290 = LINE ( 'NONE', #3453, #1278 ) ;
#1291 = DIRECTION ( 'NONE',  ( -8.796262431460665264E-49, 1.048297769837185521E-48, -1.000000000000000000 ) ) ;
#1292 = LINE ( 'NONE', #5098, #1370 ) ;
#1293 = CARTESIAN_POINT ( 'NONE',  ( 146.5281689998066099, 5.448479403202883375, -9.804599309964982597E-15 ) ) ;
#1294 = EDGE_CURVE ( 'NONE', #3373, #1852, #5078, .T. ) ;
#1295 = VERTEX_POINT ( 'NONE', #3399 ) ;
#1296 = FACE_OUTER_BOUND ( 'NONE', #6732, .T. ) ;
#1297 = DIRECTION ( 'NONE',  ( 0.4545194689124502085, -0.5416752277698728690, 0.7071067811865479058 ) ) ;
#1298 = CARTESIAN_POINT ( 'NONE',  ( 115.5426461021848752, -2.717561068674976266, 518.9999999999994316 ) ) ;
#1299 = CARTESIAN_POINT ( 'NONE',  ( 146.5281689998066099, 5.448479403202883375, -9.804599309964982597E-15 ) ) ;
#1300 = EDGE_CURVE ( 'NONE', #216, #2624, #6470, .T. ) ;
#1301 = CARTESIAN_POINT ( 'NONE',  ( 152.0777421034210590, -1.165244497598663109, 85.86507986625763067 ) ) ;
#1302 = CARTESIAN_POINT ( 'NONE',  ( 69.64356116348882608, 0.8398365872626679662, 519.0000000000000000 ) ) ;
#1303 = CARTESIAN_POINT ( 'NONE',  ( 152.2492416656317573, -1.369629723703938318, 0.000000000000000000 ) ) ;
#1304 = ORIENTED_EDGE ( 'NONE', *, *, #1976, .T. ) ;
#1305 = CARTESIAN_POINT ( 'NONE',  ( 184.3164905826809843, -0.1919654473031343067, 103.0000000000000142 ) ) ;
#1306 = EDGE_LOOP ( 'NONE', ( #5425, #635, #2880, #2998 ) ) ;
#1307 = ADVANCED_FACE ( 'NONE', ( #4509 ), #6695, .T. ) ;
#1308 = CARTESIAN_POINT ( 'NONE',  ( 146.5281689998066099, 5.448479403202883375, -9.804599309964982597E-15 ) ) ;
#1309 = VECTOR ( 'NONE', #4371, 1000.000000000000000 ) ;
#1310 = ORIENTED_EDGE ( 'NONE', *, *, #5995, .F. ) ;
#1311 = CARTESIAN_POINT ( 'NONE',  ( 177.4317634932539818, 2.235785551482357025, 286.0000000000000000 ) ) ;
#1312 = CARTESIAN_POINT ( 'NONE',  ( 13.04061724211855378, 9.846269934776294974, 0.000000000000000000 ) ) ;
#1313 = DIRECTION ( 'NONE',  ( 1.000000000000000000, 0.000000000000000000, 0.000000000000000000 ) ) ;
#1314 = CARTESIAN_POINT ( 'NONE',  ( 187.1878841303897332, -0.08650454045544138382, 519.0000000000001137 ) ) ;
#1315 = ORIENTED_EDGE ( 'NONE', *, *, #2107, .F. ) ;
#1316 = EDGE_CURVE ( 'NONE', #1800, #5216, #1017, .T. ) ;
#1317 = LINE ( 'NONE', #788, #6991 ) ;
#1318 = ORIENTED_EDGE ( 'NONE', *, *, #5591, .T. ) ;
#1319 = LINE ( 'NONE', #6809, #5239 ) ;
#1320 = AXIS2_PLACEMENT_3D ( 'NONE', #5688, #1271, #811 ) ;
#1321 = CARTESIAN_POINT ( 'NONE',  ( 10.25619537429731132, -4.970493350674743738, 0.000000000000000000 ) ) ;
#1322 = ORIENTED_EDGE ( 'NONE', *, *, #1345, .F. ) ;
#1323 = VECTOR ( 'NONE', #2773, 1000.000000000000000 ) ;
#1324 = VERTEX_POINT ( 'NONE', #3114 ) ;
#1325 =( NAMED_UNIT ( * ) PLANE_ANGLE_UNIT ( ) SI_UNIT ( $, .RADIAN. ) );
#1326 = FACE_OUTER_BOUND ( 'NONE', #622, .T. ) ;
#1327 = CARTESIAN_POINT ( 'NONE',  ( 184.3164905826809843, -6.647825509190094628, 103.0000000000000142 ) ) ;
#1328 = CARTESIAN_POINT ( 'NONE',  ( 175.1722915116113199, 2.755489560796321236, 50.00000000000000711 ) ) ;
#1329 = ORIENTED_EDGE ( 'NONE', *, *, #3919, .F. ) ;
#1330 = EDGE_CURVE ( 'NONE', #1106, #4983, #4262, .T. ) ;
#1331 = DIRECTION ( 'NONE',  ( 0.6427875972986035746, -0.7660444535136902156, -6.018531076210112041E-33 ) ) ;
#1332 = DIRECTION ( 'NONE',  ( 0.7660444535136902156, 0.6427875972986035746, -0.000000000000000000 ) ) ;
#1333 = CARTESIAN_POINT ( 'NONE',  ( 94.91451461309853244, -3.462919854750694970, 518.9999999999996589 ) ) ;
#1334 = DIRECTION ( 'NONE',  ( 0.4545194689124502085, -0.5416752277698728690, 0.7071067811865479058 ) ) ;
#1335 = CARTESIAN_POINT ( 'NONE',  ( 75.75728271244169321, 5.444659919244771551, 519.0000000000000000 ) ) ;
#1336 = FACE_BOUND ( 'NONE', #1160, .T. ) ;
#1337 = EDGE_LOOP ( 'NONE', ( #149, #2546, #3987, #1726 ) ) ;
#1338 = CARTESIAN_POINT ( 'NONE',  ( 88.66911395920068628, 74.40221837649806957, 207.3857090794443252 ) ) ;
#1339 = CARTESIAN_POINT ( 'NONE',  ( 7.611963091472162546, 7.394528130325286774, 0.000000000000000000 ) ) ;
#1340 = EDGE_CURVE ( 'NONE', #422, #6701, #6640, .T. ) ;
#1341 = VERTEX_POINT ( 'NONE', #911 ) ;
#1342 = LINE ( 'NONE', #4542, #5127 ) ;
#1343 = ORIENTED_EDGE ( 'NONE', *, *, #588, .F. ) ;
#1344 = CARTESIAN_POINT ( 'NONE',  ( 184.3164905826809843, -0.1919654473031343067, 105.0000000000000142 ) ) ;
#1345 = EDGE_CURVE ( 'NONE', #6212, #1295, #3722, .T. ) ;
#1346 = AXIS2_PLACEMENT_3D ( 'NONE', #174, #5605, #5072 ) ;
#1347 = CARTESIAN_POINT ( 'NONE',  ( 1.859553056830957063, 2.951368546119584213, 0.000000000000000000 ) ) ;
#1348 = EDGE_CURVE ( 'NONE', #385, #4342, #6403, .T. ) ;
#1349 = LINE ( 'NONE', #1856, #2769 ) ;
#1350 = CARTESIAN_POINT ( 'NONE',  ( 126.7941409408100384, -2.304579363238664858, 519.0000000000010232 ) ) ;
#1351 = ORIENTED_EDGE ( 'NONE', *, *, #6913, .T. ) ;
#1352 = DIRECTION ( 'NONE',  ( 0.7660444535136902156, 0.6427875972986035746, -0.000000000000000000 ) ) ;
#1353 = VERTEX_POINT ( 'NONE', #4223 ) ;
#1354 = CARTESIAN_POINT ( 'NONE',  ( 90.20120286622912431, 75.68779357109401928, 255.0810341644326229 ) ) ;
#1355 = CARTESIAN_POINT ( 'NONE',  ( 16.78460250266593690, -5.402415139756741702, 0.000000000000000000 ) ) ;
#1356 = VERTEX_POINT ( 'NONE', #1515 ) ;
#1357 = FACE_OUTER_BOUND ( 'NONE', #722, .T. ) ;
#1358 = PLANE ( 'NONE',  #5224 ) ;
#1359 = CARTESIAN_POINT ( 'NONE',  ( 184.3164905826809843, 0.3083716158436000665, 105.0000000000000142 ) ) ;
#1360 = DIRECTION ( 'NONE',  ( 0.7660444535136902156, 0.6427875972986035746, -0.000000000000000000 ) ) ;
#1361 = ORIENTED_EDGE ( 'NONE', *, *, #451, .F. ) ;
#1362 = VECTOR ( 'NONE', #1429, 1000.000000000000000 ) ;
#1363 = ORIENTED_EDGE ( 'NONE', *, *, #3589, .T. ) ;
#1364 = DIRECTION ( 'NONE',  ( 0.6427875972986036857, -0.7660444535136901045, 0.000000000000000000 ) ) ;
#1365 = CARTESIAN_POINT ( 'NONE',  ( 145.5466160636523796, -1.615832032559972653, 519.0000000000001137 ) ) ;
#1366 = PLANE ( 'NONE',  #5096 ) ;
#1367 = CARTESIAN_POINT ( 'NONE',  ( 199.5801040130026252, -57.77635681924896005, 172.5468732127381202 ) ) ;
#1368 = CARTESIAN_POINT ( 'NONE',  ( 99.84910861406079619, 10.43904130522503593, 519.0000000000000000 ) ) ;
#1369 = CARTESIAN_POINT ( 'NONE',  ( 154.3747230897492670, -0.7912322163922186347, 108.0000000000000142 ) ) ;
#1370 = VECTOR ( 'NONE', #2443, 1000.000000000000114 ) ;
#1371 = VERTEX_POINT ( 'NONE', #2490 ) ;
#1372 = VECTOR ( 'NONE', #3798, 1000.000000000000000 ) ;
#1373 = CARTESIAN_POINT ( 'NONE',  ( 114.8619812395343729, 43.18677366965380315, -40.74886851933005971 ) ) ;
#1374 = CARTESIAN_POINT ( 'NONE',  ( 84.68811517332309791, 8.362377901042883366, 519.0000000000006821 ) ) ;
#1375 = ORIENTED_EDGE ( 'NONE', *, *, #3349, .T. ) ;
#1376 = VECTOR ( 'NONE', #5454, 1000.000000000000000 ) ;
#1377 = CARTESIAN_POINT ( 'NONE',  ( 131.3087949667356327, 23.58622367982167845, 66.33556899158223530 ) ) ;
#1378 = ORIENTED_EDGE ( 'NONE', *, *, #5756, .F. ) ;
#1379 = AXIS2_PLACEMENT_3D ( 'NONE', #6089, #3873, #6054 ) ;
#1380 = CARTESIAN_POINT ( 'NONE',  ( 154.7820052676700016, -1.276612231069491621, 286.0000000000000568 ) ) ;
#1381 = CARTESIAN_POINT ( 'NONE',  ( 24.23981877931089812, 13.26830396943070056, 0.000000000000000000 ) ) ;
#1382 = VECTOR ( 'NONE', #2067, 1000.000000000000000 ) ;
#1383 = CARTESIAN_POINT ( 'NONE',  ( 184.3164905826809843, -0.1919649553590160596, 229.0000000000000000 ) ) ;
#1384 = DIRECTION ( 'NONE',  ( 0.7660444535136902156, 0.6427875972986035746, 0.000000000000000000 ) ) ;
#1385 = ORIENTED_EDGE ( 'NONE', *, *, #3632, .F. ) ;
#1386 = DIRECTION ( 'NONE',  ( 0.000000000000000000, 1.000000000000000000, 0.000000000000000000 ) ) ;
#1387 = ORIENTED_EDGE ( 'NONE', *, *, #2161, .F. ) ;
#1388 = PRESENTATION_LAYER_ASSIGNMENT (  '', '', ( #2978 ) ) ;
#1389 = FACE_OUTER_BOUND ( 'NONE', #5993, .T. ) ;
#1390 = VECTOR ( 'NONE', #224, 1000.000000000000000 ) ;
#1391 = CARTESIAN_POINT ( 'NONE',  ( 33.57010253789299981, -5.605521891424841918, 0.000000000000000000 ) ) ;
#1392 = ORIENTED_EDGE ( 'NONE', *, *, #4683, .T. ) ;
#1393 = VECTOR ( 'NONE', #5941, 1000.000000000000000 ) ;
#1394 = ORIENTED_EDGE ( 'NONE', *, *, #2040, .F. ) ;
#1395 = CARTESIAN_POINT ( 'NONE',  ( 152.0777421034210590, -1.165244497598718620, -9.804599309964982597E-15 ) ) ;
#1396 = LINE ( 'NONE', #2045, #5985 ) ;
#1397 = ORIENTED_EDGE ( 'NONE', *, *, #6488, .F. ) ;
#1398 = EDGE_CURVE ( 'NONE', #665, #4046, #2588, .T. ) ;
#1399 = PLANE ( 'NONE',  #264 ) ;
#1400 = ORIENTED_EDGE ( 'NONE', *, *, #1136, .F. ) ;
#1401 = CARTESIAN_POINT ( 'NONE',  ( 0.5108284000137433001, -1.702787476243948994, 0.000000000000000000 ) ) ;
#1402 = LINE ( 'NONE', #3639, #412 ) ;
#1403 = EDGE_CURVE ( 'NONE', #6685, #4444, #2555, .T. ) ;
#1404 = CARTESIAN_POINT ( 'NONE',  ( 167.8508068370961723, 4.383814531849536955, 0.000000000000000000 ) ) ;
#1405 = VECTOR ( 'NONE', #5665, 1000.000000000000000 ) ;
#1406 = CARTESIAN_POINT ( 'NONE',  ( 69.28847539608214845, -0.07497360336407611625, 519.0000000000000000 ) ) ;
#1407 = CARTESIAN_POINT ( 'NONE',  ( 154.7820050345175105, -1.276611953209101147, 100.0000000000000000 ) ) ;
#1408 = AXIS2_PLACEMENT_3D ( 'NONE', #1587, #1555, #3758 ) ;
#1409 = VERTEX_POINT ( 'NONE', #4720 ) ;
#1410 = DIRECTION ( 'NONE',  ( -6.378601426329706152E-17, -5.352281928482944175E-17, -1.000000000000000000 ) ) ;
#1411 = ORIENTED_EDGE ( 'NONE', *, *, #5619, .F. ) ;
#1412 = FACE_OUTER_BOUND ( 'NONE', #4171, .T. ) ;
#1413 = EDGE_LOOP ( 'NONE', ( #3244, #3677, #525, #132 ) ) ;
#1414 = LINE ( 'NONE', #4650, #4563 ) ;
#1415 = CARTESIAN_POINT ( 'NONE',  ( 14.90671704943204112, 10.52718434432603800, 0.000000000000000000 ) ) ;
#1416 = CARTESIAN_POINT ( 'NONE',  ( 175.8723117156580997, -0.5020637137921206694, 225.9999999999998579 ) ) ;
#1417 = VECTOR ( 'NONE', #3284, 1000.000000000000000 ) ;
#1418 = CARTESIAN_POINT ( 'NONE',  ( 187.3164905826809843, -0.08178092353511093315, 519.0000000000000000 ) ) ;
#1419 = ADVANCED_FACE ( 'NONE', ( #5758 ), #3686, .F. ) ;
#1420 = ORIENTED_EDGE ( 'NONE', *, *, #6385, .T. ) ;
#1421 = LINE ( 'NONE', #6878, #1405 ) ;
#1422 = ORIENTED_EDGE ( 'NONE', *, *, #343, .T. ) ;
#1423 = LINE ( 'NONE', #1897, #4225 ) ;
#1424 = CARTESIAN_POINT ( 'NONE',  ( 87.65500059961293289, -3.742506279199127484, 0.000000000000000000 ) ) ;
#1425 = ORIENTED_EDGE ( 'NONE', *, *, #6590, .T. ) ;
#1426 = ADVANCED_FACE ( 'NONE', ( #4646 ), #3575, .T. ) ;
#1427 = ORIENTED_EDGE ( 'NONE', *, *, #2002, .T. ) ;
#1428 = DIRECTION ( 'NONE',  ( -0.9993263269200400867, -0.03670003166893779506, 0.000000000000000000 ) ) ;
#1429 = DIRECTION ( 'NONE',  ( 0.4545194689124497089, -0.5416752277698725360, -0.7071067811865484609 ) ) ;
#1430 = DIRECTION ( 'NONE',  ( -0.4545194689124505416, 0.5416752277698733131, -0.7071067811865473507 ) ) ;
#1431 = ORIENTED_EDGE ( 'NONE', *, *, #5683, .T. ) ;
#1432 = VECTOR ( 'NONE', #948, 1000.000000000000000 ) ;
#1433 = CARTESIAN_POINT ( 'NONE',  ( 146.5281689998066099, 5.448479403202886040, 53.77894174285809470 ) ) ;
#1434 = ADVANCED_FACE ( 'NONE', ( #3610 ), #6828, .F. ) ;
#1435 = CARTESIAN_POINT ( 'NONE',  ( 148.1485208129126363, 8.384128708568439947, 2.000000000000018652 ) ) ;
#1436 = VERTEX_POINT ( 'NONE', #6937 ) ;
#1437 = CARTESIAN_POINT ( 'NONE',  ( 152.0777421034210590, -1.165244497598718620, 177.7543887358846746 ) ) ;
#1438 = CARTESIAN_POINT ( 'NONE',  ( 8.181474534706218549, -4.698689226440005307, 0.000000000000000000 ) ) ;
#1439 = DIRECTION ( 'NONE',  ( 0.7660444535136902156, 0.6427875972986035746, -0.000000000000000000 ) ) ;
#1440 = CARTESIAN_POINT ( 'NONE',  ( 104.4407309121194629, 14.98621798130561800, 0.000000000000000000 ) ) ;
#1441 = CARTESIAN_POINT ( 'NONE',  ( 126.8753344308895521, -2.301617541608753648, 519.0000000000000000 ) ) ;
#1442 = EDGE_LOOP ( 'NONE', ( #3407, #3247, #4188, #741 ) ) ;
#1443 = CARTESIAN_POINT ( 'NONE',  ( 159.4079465372559810, -9.901042252968530022, 110.0500894468779762 ) ) ;
#1444 = CARTESIAN_POINT ( 'NONE',  ( 153.6098310104484312, 0.1203306969985301622, -9.804599309964982597E-15 ) ) ;
#1445 = ORIENTED_EDGE ( 'NONE', *, *, #5235, .T. ) ;
#1446 = DIRECTION ( 'NONE',  ( -6.378601426329706152E-17, -5.352281928482944175E-17, -1.000000000000000000 ) ) ;
#1447 = EDGE_LOOP ( 'NONE', ( #6902, #2217, #6344 ) ) ;
#1448 = CARTESIAN_POINT ( 'NONE',  ( 35.82465195376987310, 140.4912456021443745, 84.59489750732986124 ) ) ;
#1449 = CARTESIAN_POINT ( 'NONE',  ( 49.11176304190414044, -5.165783707612548348, 0.000000000000000000 ) ) ;
#1450 = EDGE_CURVE ( 'NONE', #987, #1062, #419, .T. ) ;
#1451 = B_SPLINE_CURVE_WITH_KNOTS ( 'NONE', 3,
 ( #2321, #3877, #6059, #5407, #1175, #1594, #6522, #3339, #3767, #5950, #4910, #2215, #5518 ),
 .UNSPECIFIED., .F., .F.,
 ( 4, 3, 3, 3, 4 ),
 ( 5.551115123125782702E-17, 0.002559018337891631918, 0.01279509169281079287, 0.05373938530485457277, 0.06000011760739374506 ),
 .UNSPECIFIED. ) ;
#1452 = CARTESIAN_POINT ( 'NONE',  ( 153.6098310104484881, 0.1203306969984573038, 269.8361105482872517 ) ) ;
#1453 = CARTESIAN_POINT ( 'NONE',  ( 145.5466160636523796, -1.615832032559972653, 519.0000000000001137 ) ) ;
#1454 = ORIENTED_EDGE ( 'NONE', *, *, #4683, .F. ) ;
#1455 = CARTESIAN_POINT ( 'NONE',  ( 154.7820050345175105, -1.276611953209101147, 100.0000000000000000 ) ) ;
#1456 = ORIENTED_EDGE ( 'NONE', *, *, #2999, .T. ) ;
#1457 = FACE_BOUND ( 'NONE', #913, .T. ) ;
#1458 = CARTESIAN_POINT ( 'NONE',  ( 18.64951430455423420, -5.481997777100042768, 0.000000000000000000 ) ) ;
#1459 = ORIENTED_EDGE ( 'NONE', *, *, #6130, .T. ) ;
#1460 = DIRECTION ( 'NONE',  ( -0.4545194689124505416, 0.5416752277698733131, -0.7071067811865473507 ) ) ;
#1461 = CARTESIAN_POINT ( 'NONE',  ( 184.3164905826809843, -0.1919656341984585235, 52.99999999999999289 ) ) ;
#1462 = CARTESIAN_POINT ( 'NONE',  ( 146.8791698869637798, 8.626018652221295824, 0.000000000000000000 ) ) ;
#1463 = ORIENTED_EDGE ( 'NONE', *, *, #5870, .F. ) ;
#1464 = EDGE_CURVE ( 'NONE', #2419, #1908, #4756, .T. ) ;
#1465 = DIRECTION ( 'NONE',  ( 0.7660444535136902156, 0.6427875972986035746, -0.000000000000000000 ) ) ;
#1466 = DIRECTION ( 'NONE',  ( -6.378601426329706152E-17, -5.352281928482944175E-17, -1.000000000000000000 ) ) ;
#1467 = EDGE_LOOP ( 'NONE', ( #5283, #115, #5846, #4957 ) ) ;
#1468 = LINE ( 'NONE', #3636, #3088 ) ;
#1469 = CARTESIAN_POINT ( 'NONE',  ( -0.01967624726082736406, -0.3235909649902000695, 0.000000000000000000 ) ) ;
#1470 = CARTESIAN_POINT ( 'NONE',  ( 184.3164905826809843, -0.1919657326178962897, 24.13660554045699769 ) ) ;
#1471 = CARTESIAN_POINT ( 'NONE',  ( 108.1707885568185503, 14.57536007556212354, 0.000000000000000000 ) ) ;
#1472 = CARTESIAN_POINT ( 'NONE',  ( 102.1996554267736315, -3.211319036942479777, 519.0000000000000000 ) ) ;
#1473 = CARTESIAN_POINT ( 'NONE',  ( 81.98169712266442843, 82.37197167835410028, 10.40377391325058554 ) ) ;
#1474 = ORIENTED_EDGE ( 'NONE', *, *, #1031, .T. ) ;
#1475 = CARTESIAN_POINT ( 'NONE',  ( 146.4440854870231306, 8.660133948616792310, 48.00000000000000000 ) ) ;
#1476 = CARTESIAN_POINT ( 'NONE',  ( 153.6098310104484597, 0.1203306969985197539, 36.14614279309652289 ) ) ;
#1477 = VERTEX_POINT ( 'NONE', #1952 ) ;
#1478 = CARTESIAN_POINT ( 'NONE',  ( 152.0777421034210590, -1.165244497598711515, 108.6989397439838712 ) ) ;
#1479 = B_SPLINE_CURVE_WITH_KNOTS ( 'NONE', 3,
 ( #4047, #4621, #4012, #1923, #187, #5082, #4079, #1815, #6263, #1380 ),
 .UNSPECIFIED., .F., .F.,
 ( 4, 3, 3, 4 ),
 ( 0.003000000000000002665, 0.01279509168931455831, 0.05373938509512110606, 0.05999999999999999778 ),
 .UNSPECIFIED. ) ;
#1480 = VERTEX_POINT ( 'NONE', #6295 ) ;
#1481 = PLANE ( 'NONE',  #2305 ) ;
#1482 = CARTESIAN_POINT ( 'NONE',  ( 126.8199995296016596, -2.303543861451585961, 0.000000000000000000 ) ) ;
#1483 = DIRECTION ( 'NONE',  ( 0.7660444535136902156, 0.6427875972986035746, 0.000000000000000000 ) ) ;
#1484 = CARTESIAN_POINT ( 'NONE',  ( 180.4497586472148498, 1.542193397414797440, 105.0000000000000000 ) ) ;
#1485 = EDGE_LOOP ( 'NONE', ( #2890, #4432, #4246, #2681 ) ) ;
#1486 = DIRECTION ( 'NONE',  ( 0.4545194689124502085, -0.5416752277698733131, -0.7071067811865476838 ) ) ;
#1487 = ORIENTED_EDGE ( 'NONE', *, *, #2296, .F. ) ;
#1488 = ADVANCED_FACE ( 'NONE', ( #6903 ), #2025, .T. ) ;
#1489 = VECTOR ( 'NONE', #2028, 1000.000000000000000 ) ;
#1490 = AXIS2_PLACEMENT_3D ( 'NONE', #290, #2497, #4116 ) ;
#1491 = DIRECTION ( 'NONE',  ( 0.7660444535136902156, 0.6427875972986034636, 0.000000000000000000 ) ) ;
#1492 = CARTESIAN_POINT ( 'NONE',  ( 179.9725000166441191, -0.3515004532412000504, 0.000000000000000000 ) ) ;
#1493 = ORIENTED_EDGE ( 'NONE', *, *, #1228, .T. ) ;
#1494 = CARTESIAN_POINT ( 'NONE',  ( 90.20120286622805850, 75.68779357109526984, 62.41254501415071587 ) ) ;
#1495 = VECTOR ( 'NONE', #2832, 1000.000000000000000 ) ;
#1496 = DIRECTION ( 'NONE',  ( 0.000000000000000000, 1.000000000000000000, 0.000000000000000000 ) ) ;
#1497 = CARTESIAN_POINT ( 'NONE',  ( 152.0777421034210590, -1.165244497598694196, 121.4538633601287643 ) ) ;
#1498 = ORIENTED_EDGE ( 'NONE', *, *, #4383, .T. ) ;
#1499 = VECTOR ( 'NONE', #4653, 1000.000000000000000 ) ;
#1500 = DIRECTION ( 'NONE',  ( 0.000000000000000000, 0.000000000000000000, 1.000000000000000000 ) ) ;
#1501 = VECTOR ( 'NONE', #3817, 1000.000000000000000 ) ;
#1502 = ORIENTED_EDGE ( 'NONE', *, *, #4747, .F. ) ;
#1503 = DIRECTION ( 'NONE',  ( 0.7660444535136902156, 0.6427875972986035746, 0.000000000000000000 ) ) ;
#1504 = CARTESIAN_POINT ( 'NONE',  ( 148.0602579068340390, 6.734054597800062325, 110.8202600875434740 ) ) ;
#1505 = EDGE_LOOP ( 'NONE', ( #746, #2979, #475, #4317 ) ) ;
#1506 = EDGE_CURVE ( 'NONE', #6104, #3117, #6049, .T. ) ;
#1507 = CARTESIAN_POINT ( 'NONE',  ( 34.97434225011095776, 138.3931575658926363, 83.53423733555089825 ) ) ;
#1508 = CARTESIAN_POINT ( 'NONE',  ( 69.31948282930540017, -0.4669110300025248184, 519.0000000000001137 ) ) ;
#1509 = CARTESIAN_POINT ( 'NONE',  ( 88.66911395920065786, 74.40221837649808379, 34.02482244953687740 ) ) ;
#1510 = CARTESIAN_POINT ( 'NONE',  ( 106.3056083418047848, 14.78498761272376960, 0.000000000000000000 ) ) ;
#1511 = CARTESIAN_POINT ( 'NONE',  ( 118.6500989229177776, -2.604086565211290782, 519.0000000000000000 ) ) ;
#1512 = CARTESIAN_POINT ( 'NONE',  ( 146.5281689998066383, 5.448479403202890481, 144.9638633601287552 ) ) ;
#1513 = ORIENTED_EDGE ( 'NONE', *, *, #1181, .T. ) ;
#1514 = EDGE_CURVE ( 'NONE', #4919, #2125, #1166, .T. ) ;
#1515 = CARTESIAN_POINT ( 'NONE',  ( 154.3747233051219609, -0.7912324730634202608, 229.0000000000000000 ) ) ;
#1516 = FACE_OUTER_BOUND ( 'NONE', #4462, .T. ) ;
#1517 = EDGE_CURVE ( 'NONE', #1847, #5806, #3226, .T. ) ;
#1518 = LINE ( 'NONE', #6407, #925 ) ;
#1519 = ORIENTED_EDGE ( 'NONE', *, *, #4075, .T. ) ;
#1520 = VECTOR ( 'NONE', #5579, 1000.000000000000000 ) ;
#1521 = DIRECTION ( 'NONE',  ( 0.000000000000000000, 0.000000000000000000, 1.000000000000000000 ) ) ;
#1522 = CARTESIAN_POINT ( 'NONE',  ( 182.1483337301181962, -0.2716108045550064132, 0.000000000000000000 ) ) ;
#1523 = CARTESIAN_POINT ( 'NONE',  ( 184.3164905826808990, -0.1919649918153026324, 217.7349694368951418 ) ) ;
#1524 = CARTESIAN_POINT ( 'NONE',  ( 152.0777421025902072, -1.165244496608476066, 53.77894174285809470 ) ) ;
#1525 = CARTESIAN_POINT ( 'NONE',  ( 16.83547113299186648, -5.407696804887159203, 0.000000000000000000 ) ) ;
#1526 = EDGE_LOOP ( 'NONE', ( #6241, #5850, #3735, #6679, #5357, #1686, #2236, #4649 ) ) ;
#1527 = DIRECTION ( 'NONE',  ( -6.378601426329706152E-17, -5.352281928482944175E-17, -1.000000000000000000 ) ) ;
#1528 = VERTEX_POINT ( 'NONE', #4439 ) ;
#1529 = CARTESIAN_POINT ( 'NONE',  ( 184.3164905826809843, -6.647825509190094628, 286.0000000000000568 ) ) ;
#1530 = CARTESIAN_POINT ( 'NONE',  ( 171.5800002550574561, -0.6597136114384350991, 0.000000000000000000 ) ) ;
#1531 = EDGE_CURVE ( 'NONE', #951, #2927, #4868, .T. ) ;
#1532 = ORIENTED_EDGE ( 'NONE', *, *, #3744, .F. ) ;
#1533 = DIRECTION ( 'NONE',  ( 0.4545194689124502085, -0.5416752277698729801, 0.7071067811865477948 ) ) ;
#1534 = FACE_BOUND ( 'NONE', #6798, .T. ) ;
#1535 = CARTESIAN_POINT ( 'NONE',  ( 184.3164905826809559, -0.1919652336778567558, 160.1469938873790397 ) ) ;
#1536 = ORIENTED_EDGE ( 'NONE', *, *, #1695, .F. ) ;
#1537 = VECTOR ( 'NONE', #6605, 1000.000000000000000 ) ;
#1538 = CARTESIAN_POINT ( 'NONE',  ( 180.1921830732779028, 1.603462475566686640, 47.99999999999998579 ) ) ;
#1539 = VERTEX_POINT ( 'NONE', #6621 ) ;
#1540 = DIRECTION ( 'NONE',  ( 0.7660444535136902156, 0.6427875972986035746, -0.000000000000000000 ) ) ;
#1541 = DIRECTION ( 'NONE',  ( 0.7660444535136902156, 0.6427875972986035746, -0.000000000000000000 ) ) ;
#1542 = EDGE_CURVE ( 'NONE', #5728, #4324, #4936, .T. ) ;
#1543 = ORIENTED_EDGE ( 'NONE', *, *, #3952, .T. ) ;
#1544 = CARTESIAN_POINT ( 'NONE',  ( 74.46472052248944351, 91.33035584126638184, 22.09811374147070850 ) ) ;
#1545 = LINE ( 'NONE', #2730, #5715 ) ;
#1546 = B_SPLINE_CURVE_WITH_KNOTS ( 'NONE', 3,
 ( #2071, #4805, #1416, #6945, #6982, #3582, #5765 ),
 .UNSPECIFIED., .F., .F.,
 ( 4, 1, 1, 1, 4 ),
 ( 2.777468022149870801E-17, 0.007677669195691304120, 0.01767193897377287298, 0.02766620875185443751, 0.02955439534131037993 ),
 .UNSPECIFIED. ) ;
#1547 = CARTESIAN_POINT ( 'NONE',  ( 76.64144045831724839, 5.825208241227493033, 518.9999999999992042 ) ) ;
#1548 = FACE_OUTER_BOUND ( 'NONE', #3760, .T. ) ;
#1549 = CARTESIAN_POINT ( 'NONE',  ( 115.6308335639530185, 13.65400273110130591, 0.000000000000000000 ) ) ;
#1550 = VECTOR ( 'NONE', #6328, 1000.000000000000000 ) ;
#1551 = CARTESIAN_POINT ( 'NONE',  ( 147.2425898315702852, -1.553550572385842710, 519.0000000000000000 ) ) ;
#1552 = CARTESIAN_POINT ( 'NONE',  ( 154.7820051171908915, -1.276612051735477538, 52.66666666666667851 ) ) ;
#1553 = EDGE_LOOP ( 'NONE', ( #5909, #5692, #4627, #1153 ) ) ;
#1554 = CARTESIAN_POINT ( 'NONE',  ( 90.20120286622807271, 75.68779357109528405, 169.1207854632994270 ) ) ;
#1555 = DIRECTION ( 'NONE',  ( 0.03670000350780838749, -0.9993263279542508037, 0.000000000000000000 ) ) ;
#1556 = DIRECTION ( 'NONE',  ( 6.378601426329706152E-17, 5.352281928482944175E-17, 1.000000000000000000 ) ) ;
#1557 = ORIENTED_EDGE ( 'NONE', *, *, #4035, .F. ) ;
#1558 = CARTESIAN_POINT ( 'NONE',  ( 88.66911395920068628, 74.40221837649806957, 132.2087869762735579 ) ) ;
#1559 = CARTESIAN_POINT ( 'NONE',  ( 45.38192303525772786, -5.299704420642469493, 0.000000000000000000 ) ) ;
#1560 = DIRECTION ( 'NONE',  ( 0.000000000000000000, 0.000000000000000000, 1.000000000000000000 ) ) ;
#1561 = ADVANCED_FACE ( 'NONE', ( #4973 ), #2138, .T. ) ;
#1562 = DIRECTION ( 'NONE',  ( 0.7660444535136902156, 0.6427875972986035746, -0.000000000000000000 ) ) ;
#1563 = CARTESIAN_POINT ( 'NONE',  ( 79.35064051868550905, -4.048034973760174182, 0.000000000000000000 ) ) ;
#1564 = CARTESIAN_POINT ( 'NONE',  ( 187.7076880613011269, -43.62736199136107729, 154.0766724783158281 ) ) ;
#1565 = ORIENTED_EDGE ( 'NONE', *, *, #2968, .T. ) ;
#1566 = FACE_OUTER_BOUND ( 'NONE', #4331, .T. ) ;
#1567 = ORIENTED_EDGE ( 'NONE', *, *, #5172, .T. ) ;
#1568 = CARTESIAN_POINT ( 'NONE',  ( 90.20120286622807271, 75.68779357109528405, 194.6307854632994179 ) ) ;
#1569 = CARTESIAN_POINT ( 'NONE',  ( 152.9299999664222582, -1.344629085735297380, 0.000000000000000000 ) ) ;
#1570 = VERTEX_POINT ( 'NONE', #602 ) ;
#1571 = FACE_BOUND ( 'NONE', #3385, .T. ) ;
#1572 = DIRECTION ( 'NONE',  ( 0.7660444535136902156, 0.6427875972986035746, -0.000000000000000000 ) ) ;
#1573 = ORIENTED_EDGE ( 'NONE', *, *, #5382, .F. ) ;
#1574 = CARTESIAN_POINT ( 'NONE',  ( 148.0602579068340106, 6.734054597800090747, -9.804599309964982597E-15 ) ) ;
#1575 = LINE ( 'NONE', #6317, #5248 ) ;
#1576 = DIRECTION ( 'NONE',  ( 0.6427875972986036857, -0.7660444535136901045, -6.429662040127087133E-15 ) ) ;
#1577 = ORIENTED_EDGE ( 'NONE', *, *, #189, .F. ) ;
#1578 = DIRECTION ( 'NONE',  ( -0.4545194689124502085, 0.5416752277698729801, -0.7071067811865477948 ) ) ;
#1579 = CARTESIAN_POINT ( 'NONE',  ( 83.17188132781984677, 7.979136955023103717, 518.9999999999998863 ) ) ;
#1580 = LINE ( 'NONE', #2270, #4240 ) ;
#1581 = DIRECTION ( 'NONE',  ( 0.000000000000000000, 0.000000000000000000, 1.000000000000000000 ) ) ;
#1582 = CARTESIAN_POINT ( 'NONE',  ( 10.25103038501368502, 8.689720862495859066, 0.000000000000000000 ) ) ;
#1583 = CARTESIAN_POINT ( 'NONE',  ( 129.6170794948927778, -2.200695127429093123, 519.0000000000000000 ) ) ;
#1584 = CARTESIAN_POINT ( 'NONE',  ( 154.7820051163514279, -1.276612050735048465, 53.00000000000002132 ) ) ;
#1585 = CARTESIAN_POINT ( 'NONE',  ( 182.5314947306298166, -0.2575301722529240167, 0.000000000000000000 ) ) ;
#1586 = DIRECTION ( 'NONE',  ( 0.000000000000000000, -1.000000000000000000, -1.048297769837185521E-48 ) ) ;
#1587 = CARTESIAN_POINT ( 'NONE',  ( 154.7636551171322878, -0.7769488897788283666, 45.00000000000000711 ) ) ;
#1588 = CARTESIAN_POINT ( 'NONE',  ( 146.5281689998066099, 5.448479403202889593, 119.4538633601287501 ) ) ;
#1589 = ORIENTED_EDGE ( 'NONE', *, *, #5037, .T. ) ;
#1590 = VECTOR ( 'NONE', #1224, 1000.000000000000114 ) ;
#1591 = DIRECTION ( 'NONE',  ( 0.000000000000000000, 0.7938448021158682755, -0.6081204076115337420 ) ) ;
#1592 = CARTESIAN_POINT ( 'NONE',  ( 102.5749993414639079, -3.193662061127134688, 0.000000000000000000 ) ) ;
#1593 = CARTESIAN_POINT ( 'NONE',  ( 143.3096604183047873, 12.39559640765755510, 82.62209443862099079 ) ) ;
#1594 = CARTESIAN_POINT ( 'NONE',  ( 146.6942007486904060, 8.362058177172849938, 276.6169528479717314 ) ) ;
#1595 = CARTESIAN_POINT ( 'NONE',  ( 93.03864245429784319, -3.512154444140946907, 519.0000000000001137 ) ) ;
#1596 = ORIENTED_EDGE ( 'NONE', *, *, #1003, .T. ) ;
#1597 = DIRECTION ( 'NONE',  ( 0.000000000000000000, -0.7938448021158678314, 0.6081204076115344082 ) ) ;
#1598 = EDGE_LOOP ( 'NONE', ( #2483, #717, #851, #1681 ) ) ;
#1599 = CARTESIAN_POINT ( 'NONE',  ( 90.20120286622805850, 75.68779357109526984, 108.6989397439838712 ) ) ;
#1600 = CARTESIAN_POINT ( 'NONE',  ( 128.6850000630433328, -2.235051716169505376, 0.000000000000000000 ) ) ;
#1601 = VERTEX_POINT ( 'NONE', #5940 ) ;
#1602 = LINE ( 'NONE', #2082, #4793 ) ;
#1603 = VECTOR ( 'NONE', #235, 1000.000000000000000 ) ;
#1604 = FACE_BOUND ( 'NONE', #6644, .T. ) ;
#1605 = VECTOR ( 'NONE', #1266, 1000.000000000000000 ) ;
#1606 = CARTESIAN_POINT ( 'NONE',  ( 154.7820050345175105, -1.276611953209101147, 100.0000000000000000 ) ) ;
#1607 = VERTEX_POINT ( 'NONE', #4900 ) ;
#1608 = VECTOR ( 'NONE', #6908, 1000.000000000000000 ) ;
#1609 = LINE ( 'NONE', #17, #6401 ) ;
#1610 = VECTOR ( 'NONE', #4146, 1000.000000000000000 ) ;
#1611 = VERTEX_POINT ( 'NONE', #5396 ) ;
#1612 = CARTESIAN_POINT ( 'NONE',  ( 146.5281689998066099, 5.448479403202887816, 73.11015629367237523 ) ) ;
#1613 = ORIENTED_EDGE ( 'NONE', *, *, #933, .T. ) ;
#1614 = LINE ( 'NONE', #4929, #1168 ) ;
#1615 = ADVANCED_FACE ( 'NONE', ( #32 ), #1059, .T. ) ;
#1616 = CARTESIAN_POINT ( 'NONE',  ( 153.7233626017601580, 6.839262344540986582, 519.0000000000003411 ) ) ;
#1617 = LINE ( 'NONE', #595, #4391 ) ;
#1618 = ORIENTED_EDGE ( 'NONE', *, *, #1464, .T. ) ;
#1619 = AXIS2_PLACEMENT_3D ( 'NONE', #2051, #3598, #3065 ) ;
#1620 = CARTESIAN_POINT ( 'NONE',  ( 37.29693288624375924, 15.65575389480242485, 0.000000000000000000 ) ) ;
#1621 = DIRECTION ( 'NONE',  ( 1.000000000000000000, 0.000000000000000000, -0.000000000000000000 ) ) ;
#1622 = EDGE_CURVE ( 'NONE', #2307, #4046, #2810, .T. ) ;
#1623 = CARTESIAN_POINT ( 'NONE',  ( 187.2484497007908999, -0.08428001324051834220, 0.000000000000000000 ) ) ;
#1624 = CARTESIAN_POINT ( 'NONE',  ( 148.0602579068340106, 6.734054597800090747, -9.804599309964982597E-15 ) ) ;
#1625 = CARTESIAN_POINT ( 'NONE',  ( 154.7820050311328828, -1.276611949175550320, 117.7950916893145035 ) ) ;
#1626 = DIRECTION ( 'NONE',  ( -0.6427875972986036857, 0.7660444535136901045, -1.607415510031757189E-15 ) ) ;
#1627 = EDGE_LOOP ( 'NONE', ( #3221, #1792, #1618, #6096 ) ) ;
#1628 = LINE ( 'NONE', #3871, #5584 ) ;
#1629 = CARTESIAN_POINT ( 'NONE',  ( 183.8645394337956702, 0.7349650133572083188, 519.0000000000000000 ) ) ;
#1630 = DIRECTION ( 'NONE',  ( -0.7660444535136902156, -0.6427875972986035746, 0.000000000000000000 ) ) ;
#1631 = CARTESIAN_POINT ( 'NONE',  ( 152.0777421034210306, -1.165244497598671547, 209.5070294230038996 ) ) ;
#1632 = CARTESIAN_POINT ( 'NONE',  ( 28.74557638053131825, -5.650797401801863629, 0.000000000000000000 ) ) ;
#1633 = LINE ( 'NONE', #3732, #3665 ) ;
#1634 = ORIENTED_EDGE ( 'NONE', *, *, #2384, .T. ) ;
#1635 = CARTESIAN_POINT ( 'NONE',  ( 141.7227456530524137, 14.28680784239818458, 163.0000000000000000 ) ) ;
#1636 = ORIENTED_EDGE ( 'NONE', *, *, #1125, .F. ) ;
#1637 = LINE ( 'NONE', #3807, #2641 ) ;
#1638 = EDGE_CURVE ( 'NONE', #2329, #787, #72, .T. ) ;
#1639 = CARTESIAN_POINT ( 'NONE',  ( 185.8783447343205353, 0.2591347747383171973, 0.000000000000000000 ) ) ;
#1640 = VECTOR ( 'NONE', #1209, 1000.000000000000000 ) ;
#1641 = EDGE_CURVE ( 'NONE', #6024, #6827, #106, .T. ) ;
#1642 = VERTEX_POINT ( 'NONE', #2279 ) ;
#1643 = FACE_BOUND ( 'NONE', #315, .T. ) ;
#1644 = DIRECTION ( 'NONE',  ( 0.6427875972986036857, -0.7660444535136901045, 0.000000000000000000 ) ) ;
#1645 = ORIENTED_EDGE ( 'NONE', *, *, #6516, .T. ) ;
#1646 = CARTESIAN_POINT ( 'NONE',  ( 146.4944107381492415, 8.600158647819338142, 101.2939897805524936 ) ) ;
#1647 = EDGE_CURVE ( 'NONE', #2707, #4354, #2704, .T. ) ;
#1648 = LINE ( 'NONE', #19, #6156 ) ;
#1649 = ORIENTED_EDGE ( 'NONE', *, *, #5337, .F. ) ;
#1650 = FACE_OUTER_BOUND ( 'NONE', #3635, .T. ) ;
#1651 = CARTESIAN_POINT ( 'NONE',  ( 122.2277120901714937, 12.74610603783546381, 0.000000000000000000 ) ) ;
#1652 = CARTESIAN_POINT ( 'NONE',  ( 146.5281689998065815, 5.448479403202918014, 190.5093123520296103 ) ) ;
#1653 = CARTESIAN_POINT ( 'NONE',  ( 148.0602579068340106, 6.734054597800090747, -9.804599309964982597E-15 ) ) ;
#1654 = VECTOR ( 'NONE', #3526, 1000.000000000000114 ) ;
#1655 = ORIENTED_EDGE ( 'NONE', *, *, #4002, .F. ) ;
#1656 = EDGE_CURVE ( 'NONE', #5420, #1353, #3638, .T. ) ;
#1657 = ADVANCED_FACE ( 'NONE', ( #7011 ), #2207, .F. ) ;
#1658 = EDGE_CURVE ( 'NONE', #216, #1195, #766, .T. ) ;
#1659 = CARTESIAN_POINT ( 'NONE',  ( 2.961229421719349997, -3.528410340963362035, 0.000000000000000000 ) ) ;
#1660 = CARTESIAN_POINT ( 'NONE',  ( 0.000000000000000000, 0.000000000000000000, 0.000000000000000000 ) ) ;
#1661 = VECTOR ( 'NONE', #4640, 1000.000000000000000 ) ;
#1662 = CARTESIAN_POINT ( 'NONE',  ( 153.6098310104484312, 0.1203306969985162844, 149.0851837036883296 ) ) ;
#1663 = FACE_OUTER_BOUND ( 'NONE', #2644, .T. ) ;
#1664 = DIRECTION ( 'NONE',  ( 6.378601426329706152E-17, 5.352281928482944175E-17, 1.000000000000000000 ) ) ;
#1665 = CARTESIAN_POINT ( 'NONE',  ( 166.2398859363135273, 4.719642740094669442, 49.99999999999999289 ) ) ;
#1666 = PLANE ( 'NONE',  #1838 ) ;
#1667 = ADVANCED_FACE ( 'NONE', ( #280 ), #1366, .T. ) ;
#1668 = DIRECTION ( 'NONE',  ( 0.6427875972986035746, -0.7660444535136902156, -6.018531076210112041E-33 ) ) ;
#1669 = CARTESIAN_POINT ( 'NONE',  ( 164.0856706338199444, 4.977665745550933885, 519.0000000000000000 ) ) ;
#1670 = CARTESIAN_POINT ( 'NONE',  ( 154.7820050331415302, -1.276611951569394554, 107.8530061126209887 ) ) ;
#1671 = CARTESIAN_POINT ( 'NONE',  ( 154.7820050803711922, -1.276612007855474573, 158.0000000000000000 ) ) ;
#1672 = CARTESIAN_POINT ( 'NONE',  ( 154.7820051188861896, -1.276612053755953768, 48.00000000000000000 ) ) ;
#1673 = CARTESIAN_POINT ( 'NONE',  ( 1.755424937789596740, 2.846770284889423852, 0.000000000000000000 ) ) ;
#1674 = DIRECTION ( 'NONE',  ( -0.4545194689124505971, 0.5416752277698736462, 0.7071067811865470176 ) ) ;
#1675 = ORIENTED_EDGE ( 'NONE', *, *, #1679, .F. ) ;
#1676 = CARTESIAN_POINT ( 'NONE',  ( 146.5966763892530196, 8.478283186714868691, 197.5568552925625170 ) ) ;
#1677 = EDGE_LOOP ( 'NONE', ( #3329, #5192, #3521, #4137 ) ) ;
#1678 = CARTESIAN_POINT ( 'NONE',  ( 184.3164905826809559, -0.1919653344284653063, 134.8032722071236833 ) ) ;
#1679 = EDGE_CURVE ( 'NONE', #2836, #5703, #2841, .T. ) ;
#1680 = CARTESIAN_POINT ( 'NONE',  ( 121.2256521590347234, 12.88112351781555098, 0.000000000000000000 ) ) ;
#1681 = ORIENTED_EDGE ( 'NONE', *, *, #1316, .T. ) ;
#1682 = CARTESIAN_POINT ( 'NONE',  ( 34.29256304674249378, 139.2056704075471600, 84.59489750732986124 ) ) ;
#1683 = CARTESIAN_POINT ( 'NONE',  ( 184.3164905826810127, -0.1919652405385959548, 158.4409816621371192 ) ) ;
#1684 = ORIENTED_EDGE ( 'NONE', *, *, #1252, .T. ) ;
#1685 = DIRECTION ( 'NONE',  ( 0.9993263269200405308, 0.03670003166892942675, 0.000000000000000000 ) ) ;
#1686 = ORIENTED_EDGE ( 'NONE', *, *, #3097, .T. ) ;
#1687 = CARTESIAN_POINT ( 'NONE',  ( 114.1802020361657100, 43.99928651130858981, -39.68820834723265989 ) ) ;
#1688 = ORIENTED_EDGE ( 'NONE', *, *, #3487, .T. ) ;
#1689 = DIRECTION ( 'NONE',  ( 0.7660444535136902156, 0.6427875972986035746, -0.000000000000000000 ) ) ;
#1690 = CARTESIAN_POINT ( 'NONE',  ( 78.39434029336256060, 6.495011661304368467, 518.9999999999992042 ) ) ;
#1691 = DIRECTION ( 'NONE',  ( 0.000000000000000000, 1.000000000000000000, 0.000000000000000000 ) ) ;
#1692 = CARTESIAN_POINT ( 'NONE',  ( 141.7227456530524137, 14.28680784239818458, 103.0000000000000142 ) ) ;
#1693 = ORIENTED_EDGE ( 'NONE', *, *, #3744, .T. ) ;
#1694 = VECTOR ( 'NONE', #1836, 1000.000000000000114 ) ;
#1695 = EDGE_CURVE ( 'NONE', #3322, #4354, #4000, .T. ) ;
#1696 = CARTESIAN_POINT ( 'NONE',  ( -0.01618436370992069190, -0.07097642517224030112, 0.000000000000000000 ) ) ;
#1697 = DIRECTION ( 'NONE',  ( 1.000000000000000000, 0.000000000000000000, 0.000000000000000000 ) ) ;
#1698 = CARTESIAN_POINT ( 'NONE',  ( 152.0777421034210590, -1.165244497598718620, -9.804599309964982597E-15 ) ) ;
#1699 = CARTESIAN_POINT ( 'NONE',  ( 187.3164905826809843, -0.08178092353511093315, 0.000000000000000000 ) ) ;
#1700 = PRODUCT_DEFINITION_SHAPE ( 'NONE', 'NONE',  #6031 ) ;
#1701 = CARTESIAN_POINT ( 'NONE',  ( 148.8588896438103291, 8.049028480575159961, 226.0000000000000284 ) ) ;
#1702 = CARTESIAN_POINT ( 'NONE',  ( 154.7820050822116400, -1.276612010048796098, 163.8530061126209887 ) ) ;
#1703 = EDGE_CURVE ( 'NONE', #2850, #4488, #1803, .T. ) ;
#1704 = LINE ( 'NONE', #4473, #3894 ) ;
#1705 = CARTESIAN_POINT ( 'NONE',  ( 131.5757927320725571, 9.760445479444209482, 519.0000000000000000 ) ) ;
#1706 = LINE ( 'NONE', #4475, #4670 ) ;
#1707 = DIRECTION ( 'NONE',  ( 0.4545194689124509857, -0.5416752277698740903, 0.7071067811865465735 ) ) ;
#1708 = CARTESIAN_POINT ( 'NONE',  ( 152.2492416656317573, -1.369629723703938984, 288.0000000000000000 ) ) ;
#1709 = CARTESIAN_POINT ( 'NONE',  ( 3.355181935654401926, 4.405589825678189797, 0.000000000000000000 ) ) ;
#1710 = LINE ( 'NONE', #1783, #4115 ) ;
#1711 = ORIENTED_EDGE ( 'NONE', *, *, #6202, .T. ) ;
#1712 = EDGE_CURVE ( 'NONE', #6222, #1611, #6757, .T. ) ;
#1713 = DIRECTION ( 'NONE',  ( 6.378601426329706152E-17, 5.352281928482944175E-17, 1.000000000000000000 ) ) ;
#1714 = EDGE_LOOP ( 'NONE', ( #1375, #4702, #456, #5506 ) ) ;
#1715 = CARTESIAN_POINT ( 'NONE',  ( 184.3164905826809559, -0.1919652684378335417, 151.4699388737903405 ) ) ;
#1716 = CARTESIAN_POINT ( 'NONE',  ( 132.4155919446419318, 11.15565756141425524, 0.000000000000000000 ) ) ;
#1717 = EDGE_CURVE ( 'NONE', #5969, #4981, #2376, .T. ) ;
#1718 = ORIENTED_EDGE ( 'NONE', *, *, #5818, .T. ) ;
#1719 = DIRECTION ( 'NONE',  ( -6.378601426329706152E-17, -5.352281928482944175E-17, -1.000000000000000000 ) ) ;
#1720 = ORIENTED_EDGE ( 'NONE', *, *, #6045, .T. ) ;
#1721 = CARTESIAN_POINT ( 'NONE',  ( 146.5281689998066383, 5.448479403202869165, 269.8361105482872517 ) ) ;
#1722 = VECTOR ( 'NONE', #6719, 1000.000000000000000 ) ;
#1723 = ORIENTED_EDGE ( 'NONE', *, *, #6479, .T. ) ;
#1724 = AXIS2_PLACEMENT_3D ( 'NONE', #3468, #6150, #2578 ) ;
#1725 = CARTESIAN_POINT ( 'NONE',  ( 101.4114260866250277, 10.52563944550377961, 519.0000000000001137 ) ) ;
#1726 = ORIENTED_EDGE ( 'NONE', *, *, #4132, .T. ) ;
#1727 = PLANE ( 'NONE',  #4349 ) ;
#1728 = CARTESIAN_POINT ( 'NONE',  ( 18.67712515893336089, 11.76179189382898294, 0.000000000000000000 ) ) ;
#1729 = LINE ( 'NONE', #5539, #5351 ) ;
#1730 = EDGE_LOOP ( 'NONE', ( #6785, #916, #4152, #2557 ) ) ;
#1731 = VECTOR ( 'NONE', #1533, 1000.000000000000000 ) ;
#1732 = VECTOR ( 'NONE', #1109, 1000.000000000000000 ) ;
#1733 = ADVANCED_FACE ( 'NONE', ( #136 ), #2312, .T. ) ;
#1734 = CARTESIAN_POINT ( 'NONE',  ( 141.0957923219085330, 11.92253403803084488, 81.56143428830338848 ) ) ;
#1735 = EDGE_CURVE ( 'NONE', #3257, #5205, #5036, .T. ) ;
#1736 = CARTESIAN_POINT ( 'NONE',  ( 186.5669588114145370, -0.1093106539179982822, 0.000000000000000000 ) ) ;
#1737 = CARTESIAN_POINT ( 'NONE',  ( 152.0777421025901788, -1.165244496608496938, -9.804599309964982597E-15 ) ) ;
#1738 = AXIS2_PLACEMENT_3D ( 'NONE', #2655, #5890, #1503 ) ;
#1739 = VECTOR ( 'NONE', #5542, 1000.000000000000000 ) ;
#1740 = AXIS2_PLACEMENT_3D ( 'NONE', #2741, #1668, #5514 ) ;
#1741 = VECTOR ( 'NONE', #4032, 1000.000000000000000 ) ;
#1742 = AXIS2_PLACEMENT_3D ( 'NONE', #5313, #4397, #6577 ) ;
#1743 = CARTESIAN_POINT ( 'NONE',  ( 153.6098310104485165, 0.1203306969984243441, 257.0811869321423728 ) ) ;
#1744 = VECTOR ( 'NONE', #4491, 1000.000000000000000 ) ;
#1745 = CARTESIAN_POINT ( 'NONE',  ( 186.8020647735157524, 0.04016486808356803384, 519.0000000000000000 ) ) ;
#1746 = PLANE ( 'NONE',  #1379 ) ;
#1747 = EDGE_CURVE ( 'NONE', #662, #2967, #3937, .T. ) ;
#1748 = CARTESIAN_POINT ( 'NONE',  ( 185.5847931986703827, 0.3287218245284972418, 519.0000000000000000 ) ) ;
#1749 = CARTESIAN_POINT ( 'NONE',  ( 184.3164905826809843, -0.1919656514757029087, 48.00000000000000000 ) ) ;
#1750 = CARTESIAN_POINT ( 'NONE',  ( 2.401864739266759141, -3.298481670053738934, 0.000000000000000000 ) ) ;
#1751 = CARTESIAN_POINT ( 'NONE',  ( 148.0602579068340106, 6.734054597800094299, 89.98640020981726195 ) ) ;
#1752 = DIRECTION ( 'NONE',  ( 0.7660444535136902156, 0.6427875972986035746, -0.000000000000000000 ) ) ;
#1753 = ORIENTED_EDGE ( 'NONE', *, *, #1825, .F. ) ;
#1754 = LINE ( 'NONE', #1178, #1763 ) ;
#1755 = ORIENTED_EDGE ( 'NONE', *, *, #469, .F. ) ;
#1756 = CARTESIAN_POINT ( 'NONE',  ( 110.7626278965534397, 48.07219290390907673, -34.37140671382515222 ) ) ;
#1757 = CARTESIAN_POINT ( 'NONE',  ( 73.97869900682418631, 17.02234233956718157, 0.000000000000000000 ) ) ;
#1758 = EDGE_CURVE ( 'NONE', #4839, #1062, #3393, .T. ) ;
#1759 = VERTEX_POINT ( 'NONE', #1875 ) ;
#1760 = CARTESIAN_POINT ( 'NONE',  ( 90.20120286622807271, 75.68779357109528405, 181.8757090794443059 ) ) ;
#1761 = ORIENTED_EDGE ( 'NONE', *, *, #6371, .F. ) ;
#1762 = DIRECTION ( 'NONE',  ( 0.4545194689124487653, -0.5416752277698714257, -0.7071067811865500152 ) ) ;
#1763 = VECTOR ( 'NONE', #3343, 1000.000000000000000 ) ;
#1764 = EDGE_LOOP ( 'NONE', ( #6338, #5920, #4358 ) ) ;
#1765 = CARTESIAN_POINT ( 'NONE',  ( 104.4998822574198556, 14.99257463012786573, 0.000000000000000000 ) ) ;
#1766 = ORIENTED_EDGE ( 'NONE', *, *, #2604, .F. ) ;
#1767 =( LENGTH_UNIT ( ) NAMED_UNIT ( * ) SI_UNIT ( .MILLI., .METRE. ) );
#1768 = LINE ( 'NONE', #6107, #1590 ) ;
#1769 = LINE ( 'NONE', #5674, #3188 ) ;
#1770 = VERTEX_POINT ( 'NONE', #2344 ) ;
#1771 = EDGE_CURVE ( 'NONE', #6753, #7024, #244, .T. ) ;
#1772 = CARTESIAN_POINT ( 'NONE',  ( 186.8020647735157809, -0.1006753912164319587, 519.0000000000000000 ) ) ;
#1773 = CARTESIAN_POINT ( 'NONE',  ( 184.3164905826809843, -0.1919652221612422049, 158.0000000000000000 ) ) ;
#1774 = CARTESIAN_POINT ( 'NONE',  ( 77.09535702400799551, -3.280706418644204092, 518.9999999999998863 ) ) ;
#1775 = CARTESIAN_POINT ( 'NONE',  ( 152.0777421034210306, -1.165244497598732609, 77.23147659367238305 ) ) ;
#1776 = LINE ( 'NONE', #2777, #6065 ) ;
#1777 = CARTESIAN_POINT ( 'NONE',  ( 165.6519691367661551, 4.673205006639063797, 519.0000000000000000 ) ) ;
#1778 = CARTESIAN_POINT ( 'NONE',  ( 146.5281689998066099, 5.448479403202888705, 89.98640020981726195 ) ) ;
#1779 = EDGE_CURVE ( 'NONE', #4619, #2419, #4034, .T. ) ;
#1780 = DIRECTION ( 'NONE',  ( 0.000000000000000000, 0.000000000000000000, 1.000000000000000000 ) ) ;
#1781 = DIRECTION ( 'NONE',  ( -6.378601426329706152E-17, -5.352281928482944175E-17, -1.000000000000000000 ) ) ;
#1782 = CARTESIAN_POINT ( 'NONE',  ( 73.37627989534971107, -2.795865212347633744, 519.0000000000003411 ) ) ;
#1783 = CARTESIAN_POINT ( 'NONE',  ( 88.66911395920068628, 74.40221837649806957, 242.3261105482872608 ) ) ;
#1784 = ORIENTED_EDGE ( 'NONE', *, *, #1641, .F. ) ;
#1785 = CARTESIAN_POINT ( 'NONE',  ( 148.0602579068340390, 6.734054597800062325, 21.26989883339205889 ) ) ;
#1786 = VERTEX_POINT ( 'NONE', #805 ) ;
#1787 = DIRECTION ( 'NONE',  ( 0.7660444535136902156, 0.6427875972986035746, 0.000000000000000000 ) ) ;
#1788 = EDGE_CURVE ( 'NONE', #1324, #5249, #2451, .T. ) ;
#1789 = CARTESIAN_POINT ( 'NONE',  ( 119.3608239838982996, 13.14601217225882124, 0.000000000000000000 ) ) ;
#1790 = ORIENTED_EDGE ( 'NONE', *, *, #2888, .F. ) ;
#1791 = CARTESIAN_POINT ( 'NONE',  ( 152.0777421034211159, -1.165244497598718620, 240.2047902047276295 ) ) ;
#1792 = ORIENTED_EDGE ( 'NONE', *, *, #3259, .F. ) ;
#1793 = DIRECTION ( 'NONE',  ( 0.000000000000000000, -0.000000000000000000, 1.000000000000000000 ) ) ;
#1794 = VERTEX_POINT ( 'NONE', #2973 ) ;
#1795 = CARTESIAN_POINT ( 'NONE',  ( 105.1625018676584489, 10.64991790990003473, 518.9999999999996589 ) ) ;
#1796 = ORIENTED_EDGE ( 'NONE', *, *, #2992, .F. ) ;
#1797 = FILL_AREA_STYLE ('',( #233 ) ) ;
#1798 = LINE ( 'NONE', #2896, #5915 ) ;
#1799 = CARTESIAN_POINT ( 'NONE',  ( 88.66911395920068628, 74.40221837649806957, 134.2089397439838763 ) ) ;
#1800 = VERTEX_POINT ( 'NONE', #5143 ) ;
#1801 = CARTESIAN_POINT ( 'NONE',  ( 90.20120286622805850, 75.68779357109526984, 75.23147659367238305 ) ) ;
#1802 = CARTESIAN_POINT ( 'NONE',  ( 83.65682389923443907, -3.559650625416082015, 518.9999999999996589 ) ) ;
#1803 = LINE ( 'NONE', #1775, #112 ) ;
#1804 = VECTOR ( 'NONE', #4328, 1000.000000000000000 ) ;
#1805 = CARTESIAN_POINT ( 'NONE',  ( 71.16438006452293052, -2.253312554838693416, 519.0000000000000000 ) ) ;
#1806 = LINE ( 'NONE', #4977, #2858 ) ;
#1807 = LINE ( 'NONE', #3971, #4222 ) ;
#1808 = ORIENTED_EDGE ( 'NONE', *, *, #5774, .T. ) ;
#1809 = DIRECTION ( 'NONE',  ( 0.000000000000000000, -0.000000000000000000, 1.000000000000000000 ) ) ;
#1810 = CARTESIAN_POINT ( 'NONE',  ( 0.1058519167028372926, 0.5357566850058824715, 0.000000000000000000 ) ) ;
#1811 = CARTESIAN_POINT ( 'NONE',  ( 183.4640805786477813, 0.8304497520295537338, 224.0000000000001137 ) ) ;
#1812 = ORIENTED_EDGE ( 'NONE', *, *, #2156, .F. ) ;
#1813 = LINE ( 'NONE', #2288, #1640 ) ;
#1814 = VERTEX_POINT ( 'NONE', #6791 ) ;
#1815 = CARTESIAN_POINT ( 'NONE',  ( 154.7820052748139972, -1.276612239583445829, 281.8262567300807859 ) ) ;
#1816 = CARTESIAN_POINT ( 'NONE',  ( 141.7407895145319685, 9.560109099018484713, 0.000000000000000000 ) ) ;
#1817 = EDGE_CURVE ( 'NONE', #4184, #3042, #5003, .T. ) ;
#1818 = LINE ( 'NONE', #3981, #5493 ) ;
#1819 = ORIENTED_EDGE ( 'NONE', *, *, #1450, .T. ) ;
#1820 = CARTESIAN_POINT ( 'NONE',  ( 141.7227456530524137, 14.28680784239818458, 2.000000000000000000 ) ) ;
#1821 = VERTEX_POINT ( 'NONE', #5544 ) ;
#1822 = CARTESIAN_POINT ( 'NONE',  ( 146.5281689998066099, 5.448479403202883375, -9.804599309964982597E-15 ) ) ;
#1823 = CARTESIAN_POINT ( 'NONE',  ( 26.10439167237072766, 13.69971984350353189, 0.000000000000000000 ) ) ;
#1824 = ORIENTED_EDGE ( 'NONE', *, *, #1039, .F. ) ;
#1825 = EDGE_CURVE ( 'NONE', #6024, #6129, #3967, .T. ) ;
#1826 = ORIENTED_EDGE ( 'NONE', *, *, #6546, .T. ) ;
#1827 = DIRECTION ( 'NONE',  ( 0.6427875972985983566, -0.7660444535136945454, 0.000000000000000000 ) ) ;
#1828 = ADVANCED_FACE ( 'NONE', ( #734 ), #3428, .T. ) ;
#1829 = DIRECTION ( 'NONE',  ( -0.4545194689124505416, 0.5416752277698733131, -0.7071067811865473507 ) ) ;
#1830 = CARTESIAN_POINT ( 'NONE',  ( 148.0602579068340106, 6.734054597800091635, 8.514975219832457753 ) ) ;
#1831 = CARTESIAN_POINT ( 'NONE',  ( 174.9010460080451708, 2.816877843429170358, 49.99999999999999289 ) ) ;
#1832 = VERTEX_POINT ( 'NONE', #5821 ) ;
#1833 = EDGE_CURVE ( 'NONE', #3196, #6973, #414, .T. ) ;
#1834 = FACE_OUTER_BOUND ( 'NONE', #3402, .T. ) ;
#1835 = CARTESIAN_POINT ( 'NONE',  ( 56.53169983454675673, -4.883681907971681113, 0.000000000000000000 ) ) ;
#1836 = DIRECTION ( 'NONE',  ( 0.6427875972986037967, -0.7660444535136899935, 0.000000000000000000 ) ) ;
#1837 = EDGE_CURVE ( 'NONE', #5166, #2587, #3144, .T. ) ;
#1838 = AXIS2_PLACEMENT_3D ( 'NONE', #567, #6016, #6551 ) ;
#1839 = AXIS2_PLACEMENT_3D ( 'NONE', #2851, #5525, #4984 ) ;
#1840 = CARTESIAN_POINT ( 'NONE',  ( 185.5675161441331795, 0.3328173890488675957, 0.000000000000000000 ) ) ;
#1841 = CARTESIAN_POINT ( 'NONE',  ( 84.57084889632668023, 8.329373312853533662, 519.0000000000000000 ) ) ;
#1842 = EDGE_CURVE ( 'NONE', #2612, #5914, #5005, .T. ) ;
#1843 = FACE_BOUND ( 'NONE', #4690, .T. ) ;
#1844 = EDGE_CURVE ( 'NONE', #5494, #3357, #2582, .T. ) ;
#1845 = CARTESIAN_POINT ( 'NONE',  ( 146.5281689998066383, 5.448479403202883375, 44.77974606568174920 ) ) ;
#1846 = AXIS2_PLACEMENT_3D ( 'NONE', #1015, #3180, #5356 ) ;
#1847 = VERTEX_POINT ( 'NONE', #4785 ) ;
#1848 = PLANE ( 'NONE',  #6566 ) ;
#1849 = ORIENTED_EDGE ( 'NONE', *, *, #1976, .F. ) ;
#1850 = FACE_OUTER_BOUND ( 'NONE', #902, .T. ) ;
#1851 = AXIS2_PLACEMENT_3D ( 'NONE', #716, #259, #2887 ) ;
#1852 = VERTEX_POINT ( 'NONE', #6357 ) ;
#1853 = VECTOR ( 'NONE', #3103, 1000.000000000000000 ) ;
#1854 = DIRECTION ( 'NONE',  ( -6.378601426329706152E-17, -5.352281928482944175E-17, -1.000000000000000000 ) ) ;
#1855 = CARTESIAN_POINT ( 'NONE',  ( 0.7850909927725194803, -2.014683493385044599, 0.000000000000000000 ) ) ;
#1856 = CARTESIAN_POINT ( 'NONE',  ( 154.3747231731879879, -0.7912323158307347226, 45.00000000000000711 ) ) ;
#1857 = CARTESIAN_POINT ( 'NONE',  ( 134.2951219817764752, -2.028834272031223129, 519.0000000000007958 ) ) ;
#1858 = ORIENTED_EDGE ( 'NONE', *, *, #2574, .T. ) ;
#1859 = DIRECTION ( 'NONE',  ( 1.000000000000000000, 0.000000000000000000, -0.000000000000000000 ) ) ;
#1860 = ORIENTED_EDGE ( 'NONE', *, *, #3181, .T. ) ;
#1861 = EDGE_CURVE ( 'NONE', #6173, #2329, #1402, .T. ) ;
#1862 = PLANE ( 'NONE',  #5133 ) ;
#1863 = CARTESIAN_POINT ( 'NONE',  ( 65.27499135149135157, -4.560161122154756441, 0.000000000000000000 ) ) ;
#1864 = ORIENTED_EDGE ( 'NONE', *, *, #6600, .T. ) ;
#1865 = ORIENTED_EDGE ( 'NONE', *, *, #6290, .F. ) ;
#1866 = SURFACE_STYLE_USAGE ( .BOTH. , #2861 ) ;
#1867 = CARTESIAN_POINT ( 'NONE',  ( 175.8304802068683728, 2.567607676454947807, 519.0000000000001137 ) ) ;
#1868 = DIRECTION ( 'NONE',  ( 0.9993263278466425481, 0.03670000643793510514, 0.000000000000000000 ) ) ;
#1869 = CARTESIAN_POINT ( 'NONE',  ( 168.2406920126264254, 4.290320829674341141, 49.99999999999998579 ) ) ;
#1870 = ORIENTED_EDGE ( 'NONE', *, *, #2003, .T. ) ;
#1871 = EDGE_CURVE ( 'NONE', #4521, #2258, #2518, .T. ) ;
#1872 = LINE ( 'NONE', #6214, #826 ) ;
#1873 = CARTESIAN_POINT ( 'NONE',  ( 153.6098310104484312, 0.1203306969985336317, 192.6306326955890995 ) ) ;
#1874 = CARTESIAN_POINT ( 'NONE',  ( 115.0670669981768697, -2.735221934985888392, 0.000000000000000000 ) ) ;
#1875 = CARTESIAN_POINT ( 'NONE',  ( 184.3164905826810127, 0.6291569725744867725, 52.00000000000000711 ) ) ;
#1876 = EDGE_CURVE ( 'NONE', #1642, #591, #4749, .T. ) ;
#1877 = EDGE_CURVE ( 'NONE', #6795, #5903, #4753, .T. ) ;
#1878 = DIRECTION ( 'NONE',  ( 1.000000000000000000, 0.000000000000000000, -0.000000000000000000 ) ) ;
#1879 = CARTESIAN_POINT ( 'NONE',  ( 74.58496060339905398, -3.010016194087830055, 519.0000000000000000 ) ) ;
#1880 = EDGE_LOOP ( 'NONE', ( #5123, #2029, #4834, #5524 ) ) ;
#1881 = DIRECTION ( 'NONE',  ( 0.000000000000000000, 0.000000000000000000, 1.000000000000000000 ) ) ;
#1882 = ORIENTED_EDGE ( 'NONE', *, *, #4999, .F. ) ;
#1883 = LINE ( 'NONE', #2495, #3916 ) ;
#1884 = VECTOR ( 'NONE', #1572, 1000.000000000000000 ) ;
#1885 = EDGE_LOOP ( 'NONE', ( #2699, #6071, #12 ) ) ;
#1886 = EDGE_CURVE ( 'NONE', #5778, #3132, #3532, .T. ) ;
#1887 = CARTESIAN_POINT ( 'NONE',  ( 154.7820051188861896, -1.276612053755953768, 45.00000000000000711 ) ) ;
#1888 = CARTESIAN_POINT ( 'NONE',  ( 1.471576558632201603, -2.656021386754295222, 0.000000000000000000 ) ) ;
#1889 = B_SPLINE_CURVE_WITH_KNOTS ( 'NONE', 3,
 ( #7020, #3731, #3659, #2562, #3694, #1996, #504 ),
 .UNSPECIFIED., .F., .F.,
 ( 4, 1, 1, 1, 4 ),
 ( 0.000000000000000000, 0.007695818465513350193, 0.01770707270463383817, 0.02771832694375431574, 0.02955439534098542459 ),
 .UNSPECIFIED. ) ;
#1890 = VECTOR ( 'NONE', #1439, 1000.000000000000000 ) ;
#1891 = LINE ( 'NONE', #820, #3997 ) ;
#1892 = CARTESIAN_POINT ( 'NONE',  ( 115.0670669981768697, -2.735221934985888392, 0.000000000000000000 ) ) ;
#1893 = ORIENTED_EDGE ( 'NONE', *, *, #1758, .T. ) ;
#1894 = DIRECTION ( 'NONE',  ( 0.6427875972986035746, -0.7660444535136902156, -6.018531076210112041E-33 ) ) ;
#1895 = VERTEX_POINT ( 'NONE', #6394 ) ;
#1896 = EDGE_CURVE ( 'NONE', #1539, #1786, #3603, .T. ) ;
#1897 = CARTESIAN_POINT ( 'NONE',  ( 148.0602579068340106, 6.734054597800090747, -9.804599309964982597E-15 ) ) ;
#1898 = VECTOR ( 'NONE', #42, 1000.000000000000000 ) ;
#1899 = CARTESIAN_POINT ( 'NONE',  ( 93.24999854246195241, -3.536373740374074259, 0.000000000000000000 ) ) ;
#1900 = ORIENTED_EDGE ( 'NONE', *, *, #1949, .T. ) ;
#1901 = EDGE_LOOP ( 'NONE', ( #893, #6977, #7014 ) ) ;
#1902 = CARTESIAN_POINT ( 'NONE',  ( 154.7820050345175105, -1.276611953209101147, 100.0000000000000000 ) ) ;
#1903 = LINE ( 'NONE', #5634, #3297 ) ;
#1904 = PLANE ( 'NONE',  #2298 ) ;
#1905 = DIRECTION ( 'NONE',  ( -6.378601426329706152E-17, -5.352281928482944175E-17, -1.000000000000000000 ) ) ;
#1906 = VERTEX_POINT ( 'NONE', #6861 ) ;
#1907 = DIRECTION ( 'NONE',  ( 0.7660444535136902156, 0.6427875972986035746, 0.000000000000000000 ) ) ;
#1908 = VERTEX_POINT ( 'NONE', #3680 ) ;
#1909 = CARTESIAN_POINT ( 'NONE',  ( 184.3164905826809559, 0.6290931077773898039, 105.8530061126203066 ) ) ;
#1910 = CARTESIAN_POINT ( 'NONE',  ( 102.4160381093202687, -3.202978070428026847, 519.0000000000001137 ) ) ;
#1911 = CARTESIAN_POINT ( 'NONE',  ( 132.8408838737630333, 24.87179887441888582, 66.33556899158223530 ) ) ;
#1912 = CARTESIAN_POINT ( 'NONE',  ( 44.70518696068202757, 129.9078357559227186, 70.77923733555081753 ) ) ;
#1913 =( LENGTH_UNIT ( ) NAMED_UNIT ( * ) SI_UNIT ( .MILLI., .METRE. ) );
#1914 = CARTESIAN_POINT ( 'NONE',  ( 70.22583172639917848, -1.703668256184042162, 519.0000000000000000 ) ) ;
#1915 = FACE_BOUND ( 'NONE', #3198, .T. ) ;
#1916 = ORIENTED_EDGE ( 'NONE', *, *, #1450, .F. ) ;
#1917 = EDGE_CURVE ( 'NONE', #4387, #1245, #977, .T. ) ;
#1918 = CARTESIAN_POINT ( 'NONE',  ( 152.0777421034211159, -1.165244497598704854, 144.9638633601287552 ) ) ;
#1919 = ORIENTED_EDGE ( 'NONE', *, *, #4217, .T. ) ;
#1920 = CARTESIAN_POINT ( 'NONE',  ( 148.0602579068340390, 6.734054597800056108, 75.23147659367238305 ) ) ;
#1921 = ORIENTED_EDGE ( 'NONE', *, *, #6218, .F. ) ;
#1922 = B_SPLINE_CURVE_WITH_KNOTS ( 'NONE', 3,
 ( #6589, #1702, #6050, #1255, #5234, #3062, #3100 ),
 .UNSPECIFIED., .F., .F.,
 ( 4, 3, 4 ),
 ( 0.000000000000000000, 0.002559018337862900561, 0.002999999999999947153 ),
 .UNSPECIFIED. ) ;
#1923 = CARTESIAN_POINT ( 'NONE',  ( 154.7820052661741386, -1.276612229286757438, 238.7950916893146029 ) ) ;
#1924 = AXIS2_PLACEMENT_3D ( 'NONE', #1130, #639, #6549 ) ;
#1925 = CARTESIAN_POINT ( 'NONE',  ( 20.50780648685196894, 12.29899829123418264, 0.000000000000000000 ) ) ;
#1926 = DIRECTION ( 'NONE',  ( -0.7660444535136902156, -0.6427875972986035746, 0.000000000000000000 ) ) ;
#1927 = CARTESIAN_POINT ( 'NONE',  ( 162.6890253046868224, -0.9862314261816789163, 0.000000000000000000 ) ) ;
#1928 = EDGE_LOOP ( 'NONE', ( #3287, #6311, #5363, #3326 ) ) ;
#1929 = CARTESIAN_POINT ( 'NONE',  ( 152.0777421034210590, -1.165244497598718620, -9.804599309964982597E-15 ) ) ;
#1930 = ORIENTED_EDGE ( 'NONE', *, *, #2481, .F. ) ;
#1931 = DIRECTION ( 'NONE',  ( 0.000000000000000000, -1.000000000000000000, -1.048297769837185521E-48 ) ) ;
#1932 = CARTESIAN_POINT ( 'NONE',  ( 54.08499964239319979, -4.977437366840860911, 0.000000000000000000 ) ) ;
#1933 = VERTEX_POINT ( 'NONE', #5752 ) ;
#1934 = ADVANCED_FACE ( 'NONE', ( #5717 ), #842, .F. ) ;
#1935 = ORIENTED_EDGE ( 'NONE', *, *, #3518, .T. ) ;
#1936 = DIRECTION ( 'NONE',  ( 0.7660444535136902156, 0.6427875972986035746, 0.000000000000000000 ) ) ;
#1937 = LINE ( 'NONE', #331, #3403 ) ;
#1938 = CARTESIAN_POINT ( 'NONE',  ( 154.7820052418864805, -1.276612200341903369, 221.0000000000000000 ) ) ;
#1939 = VERTEX_POINT ( 'NONE', #3071 ) ;
#1940 = VECTOR ( 'NONE', #1829, 1000.000000000000000 ) ;
#1941 = ORIENTED_EDGE ( 'NONE', *, *, #6583, .F. ) ;
#1942 = DIRECTION ( 'NONE',  ( 0.6427875972986035746, -0.7660444535136902156, -6.018531076210112041E-33 ) ) ;
#1943 = CARTESIAN_POINT ( 'NONE',  ( -0.005861087495629316302, 0.04973143691726220755, 0.000000000000000000 ) ) ;
#1944 = CARTESIAN_POINT ( 'NONE',  ( 184.3164905826809559, 0.6289471635381592707, 203.0912872931326092 ) ) ;
#1945 = B_SPLINE_CURVE_WITH_KNOTS ( 'NONE', 3,
 ( #373, #5816, #5204, #3104, #972, #1303 ),
 .UNSPECIFIED., .F., .F.,
 ( 4, 1, 1, 4 ),
 ( 0.002104630186409274430, 0.03328886049308423661, 0.06447309079975922785, 0.09181816439065534907 ),
 .UNSPECIFIED. ) ;
#1946 = CARTESIAN_POINT ( 'NONE',  ( 65.27496020676093735, 17.08393238232035571, 0.000000000000000000 ) ) ;
#1947 = CARTESIAN_POINT ( 'NONE',  ( 90.44683034817656164, 9.498388154221157009, 519.0000000000000000 ) ) ;
#1948 = FACE_OUTER_BOUND ( 'NONE', #4051, .T. ) ;
#1949 = EDGE_CURVE ( 'NONE', #5391, #4063, #3039, .T. ) ;
#1950 = ORIENTED_EDGE ( 'NONE', *, *, #6716, .T. ) ;
#1951 = VECTOR ( 'NONE', #5040, 1000.000000000000114 ) ;
#1952 = CARTESIAN_POINT ( 'NONE',  ( 184.3164905826809843, 0.3083721082516452938, 224.0000000000000000 ) ) ;
#1953 = ORIENTED_EDGE ( 'NONE', *, *, #5537, .F. ) ;
#1954 = AXIS2_PLACEMENT_3D ( 'NONE', #108, #4411, #4440 ) ;
#1955 = CARTESIAN_POINT ( 'NONE',  ( 153.6098310104484312, 0.1203306969985301622, -9.804599309964982597E-15 ) ) ;
#1956 = ORIENTED_EDGE ( 'NONE', *, *, #361, .F. ) ;
#1957 = VECTOR ( 'NONE', #6256, 1000.000000000000000 ) ;
#1958 = CARTESIAN_POINT ( 'NONE',  ( 184.3164905826809843, 0.6287808212754242287, 286.0000000000000568 ) ) ;
#1959 = ADVANCED_FACE ( 'NONE', ( #5244 ), #2234, .F. ) ;
#1960 = CARTESIAN_POINT ( 'NONE',  ( 16.77605407382776548, 11.16406677515033863, 0.000000000000000000 ) ) ;
#1961 = VECTOR ( 'NONE', #6145, 1000.000000000000000 ) ;
#1962 = LINE ( 'NONE', #5188, #6969 ) ;
#1963 = CARTESIAN_POINT ( 'NONE',  ( 187.0592776780984252, -0.09122815737577198714, 518.9999999999997726 ) ) ;
#1964 = ORIENTED_EDGE ( 'NONE', *, *, #5463, .F. ) ;
#1965 = DIRECTION ( 'NONE',  ( 0.6427875972986037967, -0.7660444535136899935, 0.000000000000000000 ) ) ;
#1966 = EDGE_LOOP ( 'NONE', ( #6871, #6034, #5922, #921 ) ) ;
#1967 = ADVANCED_FACE ( 'NONE', ( #4290 ), #5468, .F. ) ;
#1968 = DIRECTION ( 'NONE',  ( 0.9993263269200405308, 0.03670003166892942675, 0.000000000000000000 ) ) ;
#1969 = CARTESIAN_POINT ( 'NONE',  ( 14.91915398124600856, -5.309234401509425716, 0.000000000000000000 ) ) ;
#1970 = ORIENTED_EDGE ( 'NONE', *, *, #6068, .T. ) ;
#1971 = AXIS2_PLACEMENT_3D ( 'NONE', #5590, #3955, #6128 ) ;
#1972 = ORIENTED_EDGE ( 'NONE', *, *, #2728, .F. ) ;
#1973 = FACE_OUTER_BOUND ( 'NONE', #2159, .T. ) ;
#1974 = CARTESIAN_POINT ( 'NONE',  ( 148.0602579068340106, 6.734054597800094299, 34.02482244953694845 ) ) ;
#1975 = VERTEX_POINT ( 'NONE', #5431 ) ;
#1976 = EDGE_CURVE ( 'NONE', #4308, #304, #2660, .T. ) ;
#1977 = CARTESIAN_POINT ( 'NONE',  ( 152.0777421034210590, -1.165244497598690865, 183.9970294230038803 ) ) ;
#1978 = CARTESIAN_POINT ( 'NONE',  ( 152.0777421034211159, -1.165244497598704854, 267.8361105482872517 ) ) ;
#1979 = ORIENTED_EDGE ( 'NONE', *, *, #2314, .T. ) ;
#1980 = CARTESIAN_POINT ( 'NONE',  ( 184.3164905826809559, 0.6290909023608159956, 107.5590183378608344 ) ) ;
#1981 = CARTESIAN_POINT ( 'NONE',  ( 8.934645711413093494, 8.079503712207412036, 0.000000000000000000 ) ) ;
#1982 = CARTESIAN_POINT ( 'NONE',  ( 184.3164905826809843, -0.1919656376633245842, 50.00000000000000000 ) ) ;
#1983 = ADVANCED_FACE ( 'NONE', ( #6542 ), #6504, .F. ) ;
#1984 = CARTESIAN_POINT ( 'NONE',  ( 89.52051866564437432, 16.29359108807356193, 0.000000000000000000 ) ) ;
#1985 = AXIS2_PLACEMENT_3D ( 'NONE', #4731, #1894, #3482 ) ;
#1986 = CARTESIAN_POINT ( 'NONE',  ( 119.8251327399430863, -2.561043035962226266, 519.0000000000000000 ) ) ;
#1987 = CARTESIAN_POINT ( 'NONE',  ( 148.0602579068340106, 6.734054597800090747, -9.804599309964982597E-15 ) ) ;
#1988 = ORIENTED_EDGE ( 'NONE', *, *, #98, .F. ) ;
#1989 = CARTESIAN_POINT ( 'NONE',  ( 148.0602579068340106, 6.734054597800090747, -9.804599309964982597E-15 ) ) ;
#1990 = ORIENTED_EDGE ( 'NONE', *, *, #4970, .F. ) ;
#1991 = CARTESIAN_POINT ( 'NONE',  ( 146.5281689998066099, 5.448479403202883375, -9.804599309964982597E-15 ) ) ;
#1992 = ORIENTED_EDGE ( 'NONE', *, *, #7035, .T. ) ;
#1993 = LINE ( 'NONE', #3085, #4451 ) ;
#1994 = EDGE_CURVE ( 'NONE', #3857, #253, #1159, .T. ) ;
#1995 = CARTESIAN_POINT ( 'NONE',  ( 10.25619537429731132, -4.970493350674743738, 0.000000000000000000 ) ) ;
#1996 = CARTESIAN_POINT ( 'NONE',  ( 155.3936157383905936, -1.254150683096935337, 223.9999999999997442 ) ) ;
#1997 = VECTOR ( 'NONE', #3079, 1000.000000000000000 ) ;
#1998 = CARTESIAN_POINT ( 'NONE',  ( 144.8307883243993217, -1.642073391034677865, 0.000000000000000000 ) ) ;
#1999 = ORIENTED_EDGE ( 'NONE', *, *, #3671, .T. ) ;
#2000 = PLANE ( 'NONE',  #3005 ) ;
#2001 = ORIENTED_EDGE ( 'NONE', *, *, #6179, .F. ) ;
#2002 = EDGE_CURVE ( 'NONE', #3596, #3546, #3823, .T. ) ;
#2003 = EDGE_CURVE ( 'NONE', #5666, #6883, #1617, .T. ) ;
#2004 = LINE ( 'NONE', #3095, #3650 ) ;
#2005 = CARTESIAN_POINT ( 'NONE',  ( 96.97999925525151355, -3.399183075962660450, 0.000000000000000000 ) ) ;
#2006 = ORIENTED_EDGE ( 'NONE', *, *, #6220, .T. ) ;
#2007 = ORIENTED_EDGE ( 'NONE', *, *, #5669, .F. ) ;
#2008 = CARTESIAN_POINT ( 'NONE',  ( 154.7820051137473172, -1.276612047631594304, 54.03934555857529176 ) ) ;
#2009 = CARTESIAN_POINT ( 'NONE',  ( 184.3164905826810411, -0.1919655471098047350, 77.80327220712366909 ) ) ;
#2010 = CARTESIAN_POINT ( 'NONE',  ( 152.0777421034210590, -1.165244497598670215, 280.5910341644319601 ) ) ;
#2011 = ORIENTED_EDGE ( 'NONE', *, *, #955, .T. ) ;
#2012 = AXIS2_PLACEMENT_3D ( 'NONE', #5653, #1809, #5790 ) ;
#2013 = CARTESIAN_POINT ( 'NONE',  ( 148.0602579068340106, 6.734054597800090747, -9.804599309964982597E-15 ) ) ;
#2014 = CARTESIAN_POINT ( 'NONE',  ( 174.9182253141902379, 2.824980226761093505, 2.000000000000019096 ) ) ;
#2015 = ORIENTED_EDGE ( 'NONE', *, *, #6149, .T. ) ;
#2016 = CARTESIAN_POINT ( 'NONE',  ( 184.3164905826809843, 0.6287808212754242287, 286.0000000000000568 ) ) ;
#2017 = EDGE_CURVE ( 'NONE', #3596, #7028, #2222, .T. ) ;
#2018 = CARTESIAN_POINT ( 'NONE',  ( 3.355181935654401926, 4.405589825678189797, 0.000000000000000000 ) ) ;
#2019 = CARTESIAN_POINT ( 'NONE',  ( 184.3164905826809843, -0.1919656617857687653, 45.00000000000003553 ) ) ;
#2020 = CARTESIAN_POINT ( 'NONE',  ( 158.5256518817483311, 6.346768305042879810, 0.000000000000000000 ) ) ;
#2021 = CARTESIAN_POINT ( 'NONE',  ( 128.0503676052011883, -2.258329854820415594, 519.0000000000000000 ) ) ;
#2022 = PLANE ( 'NONE',  #4343 ) ;
#2023 = ADVANCED_FACE ( 'NONE', ( #1548 ), #4894, .T. ) ;
#2024 = ORIENTED_EDGE ( 'NONE', *, *, #6799, .F. ) ;
#2025 = PLANE ( 'NONE',  #6325 ) ;
#2026 = CARTESIAN_POINT ( 'NONE',  ( 152.0777421034210874, -1.165244497598711737, 87.98640020981726195 ) ) ;
#2027 = ORIENTED_EDGE ( 'NONE', *, *, #6686, .T. ) ;
#2028 = DIRECTION ( 'NONE',  ( 0.7660444535136902156, 0.6427875972986035746, -0.000000000000000000 ) ) ;
#2029 = ORIENTED_EDGE ( 'NONE', *, *, #3390, .F. ) ;
#2030 = DIRECTION ( 'NONE',  ( -1.000000000000000000, 0.000000000000000000, 0.000000000000000000 ) ) ;
#2031 = CARTESIAN_POINT ( 'NONE',  ( 51.59837435704009323, -5.072315063856375872, 0.000000000000000000 ) ) ;
#2032 = DIRECTION ( 'NONE',  ( 0.7660444535136902156, 0.6427875972986035746, 0.000000000000000000 ) ) ;
#2033 = LINE ( 'NONE', #4304, #3366 ) ;
#2034 = CARTESIAN_POINT ( 'NONE',  ( 52.56343919786015562, -5.035712289587550572, 0.000000000000000000 ) ) ;
#2035 = ORIENTED_EDGE ( 'NONE', *, *, #5624, .F. ) ;
#2036 = CARTESIAN_POINT ( 'NONE',  ( 152.0777421034210590, -1.165244497598703077, 64.47655302367238050 ) ) ;
#2037 = EDGE_LOOP ( 'NONE', ( #5807, #4514, #5461, #4095 ) ) ;
#2038 = VECTOR ( 'NONE', #6112, 1000.000000000000000 ) ;
#2039 = DIRECTION ( 'NONE',  ( 1.000000000000000000, 0.000000000000000000, -0.000000000000000000 ) ) ;
#2040 = EDGE_CURVE ( 'NONE', #3055, #2570, #5389, .T. ) ;
#2041 = CARTESIAN_POINT ( 'NONE',  ( 121.2249999614545857, -2.509068950530383368, 0.000000000000000000 ) ) ;
#2042 = EDGE_LOOP ( 'NONE', ( #3959, #1711, #5855 ) ) ;
#2043 = DIRECTION ( 'NONE',  ( 0.7660444535136902156, 0.6427875972986035746, -0.000000000000000000 ) ) ;
#2044 = CARTESIAN_POINT ( 'NONE',  ( 165.4347166036342571, 4.891025248905193301, 50.00000000000000000 ) ) ;
#2045 = CARTESIAN_POINT ( 'NONE',  ( 152.0777421034211159, -1.165244497598704854, 121.4538633601287501 ) ) ;
#2046 = VERTEX_POINT ( 'NONE', #4435 ) ;
#2047 = CARTESIAN_POINT ( 'NONE',  ( 146.4712784617477723, 8.627726622231078224, 77.46994954811754042 ) ) ;
#2048 = EDGE_CURVE ( 'NONE', #1048, #3055, #1051, .T. ) ;
#2049 = ORIENTED_EDGE ( 'NONE', *, *, #2296, .T. ) ;
#2050 = EDGE_CURVE ( 'NONE', #4585, #2307, #4931, .T. ) ;
#2051 = CARTESIAN_POINT ( 'NONE',  ( 88.66911395920067207, 74.40221837649805536, 89.98640020981726195 ) ) ;
#2052 = FACE_OUTER_BOUND ( 'NONE', #1087, .T. ) ;
#2053 = VERTEX_POINT ( 'NONE', #488 ) ;
#2054 = CARTESIAN_POINT ( 'NONE',  ( 184.3164905826809843, 0.6290967658877177904, 103.0000000000000142 ) ) ;
#2055 = CARTESIAN_POINT ( 'NONE',  ( 9.409784400422468664, -4.877512206354990276, 0.000000000000000000 ) ) ;
#2056 = CARTESIAN_POINT ( 'NONE',  ( 184.3164905826809843, 0.6290098464084011853, 164.7060122252399310 ) ) ;
#2057 = VECTOR ( 'NONE', #6650, 1000.000000000000000 ) ;
#2058 = ADVANCED_FACE ( 'NONE', ( #4828 ), #2133, .T. ) ;
#2059 = CARTESIAN_POINT ( 'NONE',  ( 123.0907996887146112, 12.60924782168897984, 0.000000000000000000 ) ) ;
#2060 = CARTESIAN_POINT ( 'NONE',  ( 88.09924003098993239, -3.586340563180711261, 519.0000000000000000 ) ) ;
#2061 = ORIENTED_EDGE ( 'NONE', *, *, #2614, .T. ) ;
#2062 = DIRECTION ( 'NONE',  ( -0.9993263274973519517, -0.03670001594897864122, 0.000000000000000000 ) ) ;
#2063 = DIRECTION ( 'NONE',  ( 0.000000000000000000, 0.000000000000000000, 1.000000000000000000 ) ) ;
#2064 = LINE ( 'NONE', #985, #3316 ) ;
#2065 = ORIENTED_EDGE ( 'NONE', *, *, #2992, .T. ) ;
#2066 = EDGE_CURVE ( 'NONE', #5925, #397, #3220, .T. ) ;
#2067 = DIRECTION ( 'NONE',  ( -0.4545194689124505416, 0.5416752277698733131, -0.7071067811865473507 ) ) ;
#2068 = CARTESIAN_POINT ( 'NONE',  ( 95.73666519276723363, -3.444896580185004886, 0.000000000000000000 ) ) ;
#2069 = CARTESIAN_POINT ( 'NONE',  ( 88.66911395920068628, 74.40221837649806957, 192.6306326955890995 ) ) ;
#2070 = VECTOR ( 'NONE', #5651, 1000.000000000000000 ) ;
#2071 = CARTESIAN_POINT ( 'NONE',  ( 184.3164905826809843, -0.1919649553590160596, 226.0000000000000000 ) ) ;
#2072 = CARTESIAN_POINT ( 'NONE',  ( 79.90579673303629704, -3.437169118445009719, 518.9999999999990905 ) ) ;
#2073 = DIRECTION ( 'NONE',  ( 0.4545194689124503196, -0.5416752277698736462, -0.7071067811865472397 ) ) ;
#2074 = VERTEX_POINT ( 'NONE', #4323 ) ;
#2075 = FACE_BOUND ( 'NONE', #2042, .T. ) ;
#2076 = VERTEX_POINT ( 'NONE', #1085 ) ;
#2077 = VECTOR ( 'NONE', #3583, 1000.000000000000000 ) ;
#2078 = VECTOR ( 'NONE', #658, 1000.000000000000000 ) ;
#2079 = LINE ( 'NONE', #5301, #482 ) ;
#2080 = CARTESIAN_POINT ( 'NONE',  ( 175.3100000254591748, -0.5227206931695668191, 0.000000000000000000 ) ) ;
#2081 = EDGE_LOOP ( 'NONE', ( #3125, #5047, #719, #3886 ) ) ;
#2082 = CARTESIAN_POINT ( 'NONE',  ( 56.57760291238395922, 115.7588409280343740, 52.30903660112844733 ) ) ;
#2083 = VECTOR ( 'NONE', #6430, 1000.000000000000000 ) ;
#2084 = CARTESIAN_POINT ( 'NONE',  ( 184.3164905826810411, -0.1919654899383106406, 93.46993887379035471 ) ) ;
#2085 = VECTOR ( 'NONE', #5545, 1000.000000000000000 ) ;
#2086 = CARTESIAN_POINT ( 'NONE',  ( 148.0602579068340390, 6.734054597800090747, 100.7413238259620698 ) ) ;
#2087 = VECTOR ( 'NONE', #1197, 1000.000000000000000 ) ;
#2088 = ORIENTED_EDGE ( 'NONE', *, *, #3048, .F. ) ;
#2089 = VECTOR ( 'NONE', #554, 1000.000000000000000 ) ;
#2090 = CARTESIAN_POINT ( 'NONE',  ( 146.4952506805423127, 8.599157643421992958, 102.1469948923053721 ) ) ;
#2091 = VECTOR ( 'NONE', #93, 1000.000000000000000 ) ;
#2092 = EDGE_LOOP ( 'NONE', ( #5432, #1784, #3345, #2445 ) ) ;
#2093 = LINE ( 'NONE', #58, #4567 ) ;
#2094 = DIRECTION ( 'NONE',  ( 0.000000000000000000, -1.000000000000000000, -4.925406943806873377E-15 ) ) ;
#2095 = ORIENTED_EDGE ( 'NONE', *, *, #3430, .F. ) ;
#2096 = DIRECTION ( 'NONE',  ( 0.7660444535136902156, 0.6427875972986035746, -0.000000000000000000 ) ) ;
#2097 = CARTESIAN_POINT ( 'NONE',  ( 5.741414752532661758, -4.245057524540879257, 0.000000000000000000 ) ) ;
#2098 = CARTESIAN_POINT ( 'NONE',  ( 186.8020647735157524, 0.04016486808356856120, 288.0000000000000000 ) ) ;
#2099 = EDGE_CURVE ( 'NONE', #6985, #1601, #3255, .T. ) ;
#2100 = EDGE_CURVE ( 'NONE', #6127, #2690, #2369, .T. ) ;
#2101 = CARTESIAN_POINT ( 'NONE',  ( 82.06042033411902992, 16.73404595456871391, 0.000000000000000000 ) ) ;
#2102 = CARTESIAN_POINT ( 'NONE',  ( 117.0833902831781757, -2.661352714533631314, 519.0000000000000000 ) ) ;
#2103 = DIRECTION ( 'NONE',  ( 0.000000000000000000, -0.000000000000000000, 1.000000000000000000 ) ) ;
#2104 = ORIENTED_EDGE ( 'NONE', *, *, #827, .T. ) ;
#2105 = CARTESIAN_POINT ( 'NONE',  ( 146.4425411714965435, 8.661974392254144561, 46.29398946645400770 ) ) ;
#2106 = CARTESIAN_POINT ( 'NONE',  ( 88.66911395920068628, 74.40221837649806957, 194.6307854632994179 ) ) ;
#2107 = EDGE_CURVE ( 'NONE', #794, #6417, #5031, .T. ) ;
#2108 = DIRECTION ( 'NONE',  ( 0.6427875972986035746, -0.7660444535136902156, -6.018531076210112041E-33 ) ) ;
#2109 = ORIENTED_EDGE ( 'NONE', *, *, #3213, .F. ) ;
#2110 = VECTOR ( 'NONE', #3915, 1000.000000000000000 ) ;
#2111 = CARTESIAN_POINT ( 'NONE',  ( 184.3164905826810696, 0.6288253736801515670, 266.0912872931066318 ) ) ;
#2112 = CARTESIAN_POINT ( 'NONE',  ( 166.6066667562013777, -0.8423524378748240560, 0.000000000000000000 ) ) ;
#2113 = CARTESIAN_POINT ( 'NONE',  ( 146.5281689998066099, 5.448479403202883375, -9.804599309964982597E-15 ) ) ;
#2114 = LINE ( 'NONE', #1524, #6789 ) ;
#2115 = LINE ( 'NONE', #4878, #5718 ) ;
#2116 = ORIENTED_EDGE ( 'NONE', *, *, #2314, .F. ) ;
#2117 = LINE ( 'NONE', #429, #282 ) ;
#2118 = ORIENTED_EDGE ( 'NONE', *, *, #4889, .T. ) ;
#2119 = CARTESIAN_POINT ( 'NONE',  ( 153.6098310104484312, 0.1203306969985336317, 132.2087869762735579 ) ) ;
#2120 = CARTESIAN_POINT ( 'NONE',  ( 139.8750000354516203, -1.824070965285612633, 0.000000000000000000 ) ) ;
#2121 = ORIENTED_EDGE ( 'NONE', *, *, #1506, .T. ) ;
#2122 = CARTESIAN_POINT ( 'NONE',  ( 184.3164905826810127, -0.1919652100024548391, 166.0000000000000284 ) ) ;
#2123 = CARTESIAN_POINT ( 'NONE',  ( 184.3164905826809843, 0.6291541744247521883, 54.55901833786138155 ) ) ;
#2124 = CARTESIAN_POINT ( 'NONE',  ( 184.3164905826810127, -0.1919652371113703959, 159.2939877747580795 ) ) ;
#2125 = VERTEX_POINT ( 'NONE', #5568 ) ;
#2126 = DIRECTION ( 'NONE',  ( 0.000000000000000000, 0.000000000000000000, 1.000000000000000000 ) ) ;
#2127 = EDGE_LOOP ( 'NONE', ( #2006, #2460, #5769, #1688, #5231, #2167, #5767, #6377 ) ) ;
#2128 = CARTESIAN_POINT ( 'NONE',  ( 184.3164905826809843, -0.1919649553590160596, 224.0000000000000000 ) ) ;
#2129 = DIRECTION ( 'NONE',  ( 0.000000000000000000, 0.7938448021158682755, -0.6081204076115337420 ) ) ;
#2130 = EDGE_LOOP ( 'NONE', ( #330, #970, #5852, #3558 ) ) ;
#2131 = LINE ( 'NONE', #5387, #935 ) ;
#2132 = CARTESIAN_POINT ( 'NONE',  ( 98.57177095988701865, 15.57764301922061101, 0.000000000000000000 ) ) ;
#2133 = PLANE ( 'NONE',  #6213 ) ;
#2134 = CARTESIAN_POINT ( 'NONE',  ( 1.101448849624132809, 2.127581385228859201, 0.000000000000000000 ) ) ;
#2135 = CARTESIAN_POINT ( 'NONE',  ( 95.93298342775894127, -3.433700436550243484, 519.0000000000000000 ) ) ;
#2136 = CARTESIAN_POINT ( 'NONE',  ( 153.6098310104484597, 0.1203306969984937330, 134.2089397439838763 ) ) ;
#2137 = CARTESIAN_POINT ( 'NONE',  ( 186.7041226456699974, -0.1042727308837781419, 0.000000000000000000 ) ) ;
#2138 = PLANE ( 'NONE',  #1924 ) ;
#2139 = PLANE ( 'NONE',  #3258 ) ;
#2140 = LINE ( 'NONE', #3724, #1261 ) ;
#2141 = VERTEX_POINT ( 'NONE', #3930 ) ;
#2142 = CARTESIAN_POINT ( 'NONE',  ( 184.3164905826809559, 0.6288805462741363650, 238.7950916892909277 ) ) ;
#2143 = CARTESIAN_POINT ( 'NONE',  ( 108.7916667594150368, -2.965519193815128851, 0.000000000000000000 ) ) ;
#2144 = DIRECTION ( 'NONE',  ( 0.7660444535136902156, 0.6427875972986035746, -0.000000000000000000 ) ) ;
#2145 = EDGE_CURVE ( 'NONE', #5863, #2612, #4315, .T. ) ;
#2146 = CARTESIAN_POINT ( 'NONE',  ( 146.4980687892391700, 8.595799152147858280, 105.0000000000000142 ) ) ;
#2147 = CARTESIAN_POINT ( 'NONE',  ( 104.9162197684444351, -3.107188571034650515, 519.0000000000001137 ) ) ;
#2148 = LINE ( 'NONE', #3769, #6284 ) ;
#2149 = EDGE_LOOP ( 'NONE', ( #5077, #18, #1052, #1720 ) ) ;
#2150 = CARTESIAN_POINT ( 'NONE',  ( 157.4125952827050696, 6.511333504284252172, 161.0000000000001137 ) ) ;
#2151 = ORIENTED_EDGE ( 'NONE', *, *, #6687, .T. ) ;
#2152 = FACE_BOUND ( 'NONE', #2687, .T. ) ;
#2153 = CARTESIAN_POINT ( 'NONE',  ( 154.7950002565042951, -1.276143650835164012, 0.000000000000000000 ) ) ;
#2154 = EDGE_CURVE ( 'NONE', #2225, #6914, #6751, .T. ) ;
#2155 = ORIENTED_EDGE ( 'NONE', *, *, #4368, .T. ) ;
#2156 = EDGE_CURVE ( 'NONE', #1847, #4131, #763, .T. ) ;
#2157 = CARTESIAN_POINT ( 'NONE',  ( 90.20120286622805850, 75.68779357109526984, 89.98640020981726195 ) ) ;
#2158 = CARTESIAN_POINT ( 'NONE',  ( 148.0602579068340106, 6.734054597800090747, -9.804599309964982597E-15 ) ) ;
#2159 = EDGE_LOOP ( 'NONE', ( #3565, #5059, #5213, #4914 ) ) ;
#2160 = DIRECTION ( 'NONE',  ( 0.000000000000000000, 0.000000000000000000, 1.000000000000000000 ) ) ;
#2161 = EDGE_CURVE ( 'NONE', #5249, #3926, #3963, .T. ) ;
#2162 = CARTESIAN_POINT ( 'NONE',  ( 152.0777421034211159, -1.165244497598704854, 231.5711869321423819 ) ) ;
#2163 = ORIENTED_EDGE ( 'NONE', *, *, #986, .F. ) ;
#2164 = CARTESIAN_POINT ( 'NONE',  ( 152.0777421034210306, -1.165244497598677098, -9.804599309964982597E-15 ) ) ;
#2165 = CARTESIAN_POINT ( 'NONE',  ( 24.42589257288654636, 13.32067908522997612, 0.000000000000000000 ) ) ;
#2166 = DIRECTION ( 'NONE',  ( 0.000000000000000000, 0.000000000000000000, -1.000000000000000000 ) ) ;
#2167 = ORIENTED_EDGE ( 'NONE', *, *, #2670, .T. ) ;
#2168 = CARTESIAN_POINT ( 'NONE',  ( 2.967434481146856484, 4.048937811638571915, 0.000000000000000000 ) ) ;
#2169 = LINE ( 'NONE', #1164, #4733 ) ;
#2170 = CARTESIAN_POINT ( 'NONE',  ( 179.3010702433844870, -0.3761435179614029400, 519.0000000000003411 ) ) ;
#2171 = DIRECTION ( 'NONE',  ( 0.7660444535136902156, 0.6427875972986035746, -0.000000000000000000 ) ) ;
#2172 = CARTESIAN_POINT ( 'NONE',  ( 154.7820050439935358, -1.276611964502252672, 144.5983638964381726 ) ) ;
#2173 = CARTESIAN_POINT ( 'NONE',  ( 148.0602579068340106, 6.734054597800090747, -9.804599309964982597E-15 ) ) ;
#2174 = EDGE_CURVE ( 'NONE', #2927, #1195, #6135, .T. ) ;
#2175 = ORIENTED_EDGE ( 'NONE', *, *, #736, .F. ) ;
#2176 = VECTOR ( 'NONE', #5809, 1000.000000000000227 ) ;
#2177 = DIRECTION ( 'NONE',  ( 0.6427875972986036857, -0.7660444535136901045, 0.000000000000000000 ) ) ;
#2178 = CARTESIAN_POINT ( 'NONE',  ( 108.0747310417171292, 10.70710434397167532, 519.0000000000000000 ) ) ;
#2179 = PLANE ( 'NONE',  #1267 ) ;
#2180 = CARTESIAN_POINT ( 'NONE',  ( 181.2209213946221951, -0.3056555713133016217, 48.00000000000012790 ) ) ;
#2181 = ORIENTED_EDGE ( 'NONE', *, *, #3597, .F. ) ;
#2182 = CARTESIAN_POINT ( 'NONE',  ( 146.6279675797218545, 8.440991796832367555, 224.0000000000000000 ) ) ;
#2183 = ORIENTED_EDGE ( 'NONE', *, *, #1917, .T. ) ;
#2184 = EDGE_CURVE ( 'NONE', #4444, #2787, #2897, .T. ) ;
#2185 = LINE ( 'NONE', #4916, #5815 ) ;
#2186 = CARTESIAN_POINT ( 'NONE',  ( 186.5000000000000000, 0.1117699999999999944, 0.000000000000000000 ) ) ;
#2187 = ORIENTED_EDGE ( 'NONE', *, *, #5591, .F. ) ;
#2188 = FACE_BOUND ( 'NONE', #284, .T. ) ;
#2189 = VECTOR ( 'NONE', #1095, 1000.000000000000000 ) ;
#2190 = CARTESIAN_POINT ( 'NONE',  ( 102.5282912158230602, 60.99694126176899545, -19.17754543087195884 ) ) ;
#2191 = EDGE_LOOP ( 'NONE', ( #2331, #6714, #3614 ) ) ;
#2192 = ADVANCED_FACE ( 'NONE', ( #726 ), #3491, .T. ) ;
#2193 = AXIS2_PLACEMENT_3D ( 'NONE', #6418, #5263, #398 ) ;
#2194 = CARTESIAN_POINT ( 'NONE',  ( 184.3164905826809843, 0.6289088413493783003, 224.0000000000000000 ) ) ;
#2195 = EDGE_LOOP ( 'NONE', ( #5737, #3416, #4769, #1684 ) ) ;
#2196 = DIRECTION ( 'NONE',  ( 0.000000000000000000, -0.7938448022037754015, 0.6081204074967792028 ) ) ;
#2197 = EDGE_LOOP ( 'NONE', ( #6278, #838, #4580, #6948 ) ) ;
#2198 = DIRECTION ( 'NONE',  ( 6.378601426329706152E-17, 5.352281928482944175E-17, 1.000000000000000000 ) ) ;
#2199 = CARTESIAN_POINT ( 'NONE',  ( 17.25584284455819173, 11.31702282621730760, 0.000000000000000000 ) ) ;
#2200 = DIRECTION ( 'NONE',  ( -0.4545194689124505971, 0.5416752277698736462, 0.7071067811865470176 ) ) ;
#2201 = ORIENTED_EDGE ( 'NONE', *, *, #5272, .F. ) ;
#2202 = EDGE_CURVE ( 'NONE', #710, #7028, #5063, .T. ) ;
#2203 = VECTOR ( 'NONE', #4173, 1000.000000000000000 ) ;
#2204 = CARTESIAN_POINT ( 'NONE',  ( 18.63971406477083192, 11.75360401736957883, 0.000000000000000000 ) ) ;
#2205 = FACE_BOUND ( 'NONE', #2559, .T. ) ;
#2206 = DIRECTION ( 'NONE',  ( 0.000000000000000000, -0.000000000000000000, 1.000000000000000000 ) ) ;
#2207 = PLANE ( 'NONE',  #3960 ) ;
#2208 = CARTESIAN_POINT ( 'NONE',  ( 173.3502350603836248, 3.167472034086221022, 50.00000000000000711 ) ) ;
#2209 = DIRECTION ( 'NONE',  ( 0.6427875972986019093, -0.7660444535136915478, 0.000000000000000000 ) ) ;
#2210 = EDGE_CURVE ( 'NONE', #2690, #1283, #1769, .T. ) ;
#2211 = CARTESIAN_POINT ( 'NONE',  ( 184.3164905826810127, 0.6292073933220555526, 2.000000000000009326 ) ) ;
#2212 = CARTESIAN_POINT ( 'NONE',  ( 136.6681609530201342, 9.242634812819868984, 519.0000000000000000 ) ) ;
#2213 = CARTESIAN_POINT ( 'NONE',  ( 88.66911395920068628, 74.40221837649806957, 169.1207854632994270 ) ) ;
#2214 = LINE ( 'NONE', #1671, #6051 ) ;
#2215 = CARTESIAN_POINT ( 'NONE',  ( 146.6328963843851625, 8.435117875974761148, 228.0869070878738114 ) ) ;
#2216 = CARTESIAN_POINT ( 'NONE',  ( 7.203233957126763620, -4.529312457451410978, 0.000000000000000000 ) ) ;
#2217 = ORIENTED_EDGE ( 'NONE', *, *, #3793, .T. ) ;
#2218 = CARTESIAN_POINT ( 'NONE',  ( 146.5281689998066099, 5.448479403202883375, -9.804599309964982597E-15 ) ) ;
#2219 = ORIENTED_EDGE ( 'NONE', *, *, #1735, .T. ) ;
#2220 = CARTESIAN_POINT ( 'NONE',  ( 184.3164905826809559, 0.3083716158436003996, 100.0000000000000000 ) ) ;
#2221 = CARTESIAN_POINT ( 'NONE',  ( 128.6856002384853923, 11.75491363938067124, 0.000000000000000000 ) ) ;
#2222 = B_SPLINE_CURVE_WITH_KNOTS ( 'NONE', 3,
 ( #3717, #5350, #23, #5505, #2732, #6008, #1123, #2803, #4966, #2768 ),
 .UNSPECIFIED., .F., .F.,
 ( 4, 1, 1, 1, 1, 1, 1, 4 ),
 ( 0.005106772211871907913, 0.007432514763837045138, 0.01295269087039785556, 0.02399304308351955101, 0.02951321919008028163, 0.03503339529664109553, 0.04055357140320189901, 0.04376786064611577765 ),
 .UNSPECIFIED. ) ;
#2223 = CARTESIAN_POINT ( 'NONE',  ( 143.3164907601397715, 9.276008609284451367, 290.0000000000000000 ) ) ;
#2224 = CARTESIAN_POINT ( 'NONE',  ( 146.5281689998066383, 5.448479403202841631, 169.1207854632994270 ) ) ;
#2225 = VERTEX_POINT ( 'NONE', #1830 ) ;
#2226 = LINE ( 'NONE', #4522, #1501 ) ;
#2227 = ORIENTED_EDGE ( 'NONE', *, *, #3535, .F. ) ;
#2228 = EDGE_CURVE ( 'NONE', #6294, #4444, #664, .T. ) ;
#2229 = PLANE ( 'NONE',  #2969 ) ;
#2230 = ORIENTED_EDGE ( 'NONE', *, *, #660, .T. ) ;
#2231 = DIRECTION ( 'NONE',  ( 0.9993263274973519517, 0.03670001594897783631, 0.000000000000000000 ) ) ;
#2232 = CARTESIAN_POINT ( 'NONE',  ( 98.28818561077662253, 10.35717831068094519, 518.9999999999998863 ) ) ;
#2233 = LINE ( 'NONE', #4322, #2986 ) ;
#2234 = PLANE ( 'NONE',  #2239 ) ;
#2235 = VECTOR ( 'NONE', #896, 1000.000000000000000 ) ;
#2236 = ORIENTED_EDGE ( 'NONE', *, *, #6456, .T. ) ;
#2237 = CARTESIAN_POINT ( 'NONE',  ( 0.08314008650521180488, 0.4095031063674242078, 0.000000000000000000 ) ) ;
#2238 = CARTESIAN_POINT ( 'NONE',  ( 184.0603191985080684, -0.2013822909222909852, 519.0000000000000000 ) ) ;
#2239 = AXIS2_PLACEMENT_3D ( 'NONE', #3292, #3861, #2698 ) ;
#2240 = ADVANCED_FACE ( 'NONE', ( #797 ), #6108, .T. ) ;
#2241 = DIRECTION ( 'NONE',  ( 0.7660444535136902156, 0.6427875972986035746, -0.000000000000000000 ) ) ;
#2242 = FACE_OUTER_BOUND ( 'NONE', #2037, .T. ) ;
#2243 = CARTESIAN_POINT ( 'NONE',  ( 154.7820052418864805, -1.276612200341903369, 221.0000000000000000 ) ) ;
#2244 = CARTESIAN_POINT ( 'NONE',  ( 88.66911395920067207, 74.40221837649805536, 108.6989397439838712 ) ) ;
#2245 = VECTOR ( 'NONE', #6595, 1000.000000000000114 ) ;
#2246 = CARTESIAN_POINT ( 'NONE',  ( 184.3164905826810127, 0.6292017944253979200, 7.971042788344151475 ) ) ;
#2247 = CARTESIAN_POINT ( 'NONE',  ( 162.5189555531410690, 5.275541337434713540, 519.0000000000000000 ) ) ;
#2248 = PRODUCT_RELATED_PRODUCT_CATEGORY ( 'part', '', ( #6656 ) ) ;
#2249 = DIRECTION ( 'NONE',  ( 0.6427875972986035746, -0.7660444535136902156, -6.018531076210112041E-33 ) ) ;
#2250 = PLANE ( 'NONE',  #3076 ) ;
#2251 = CARTESIAN_POINT ( 'NONE',  ( 152.6837639432346805, -1.353669947958000774, 287.9999999999997158 ) ) ;
#2252 = CARTESIAN_POINT ( 'NONE',  ( 9.409784400422468664, -4.877512206354990276, 0.000000000000000000 ) ) ;
#2253 = VERTEX_POINT ( 'NONE', #2931 ) ;
#2254 = CARTESIAN_POINT ( 'NONE',  ( 88.66911395920067207, 74.40221837649805536, 44.77974606568174920 ) ) ;
#2255 = ORIENTED_EDGE ( 'NONE', *, *, #1170, .T. ) ;
#2256 = CARTESIAN_POINT ( 'NONE',  ( 0.000000000000000000, 0.000000000000000000, 103.0000000000000142 ) ) ;
#2257 = CARTESIAN_POINT ( 'NONE',  ( 63.40991376398628887, 17.06779289638516772, 0.000000000000000000 ) ) ;
#2258 = VERTEX_POINT ( 'NONE', #5134 ) ;
#2259 = LINE ( 'NONE', #3953, #968 ) ;
#2260 = ORIENTED_EDGE ( 'NONE', *, *, #3952, .F. ) ;
#2261 = EDGE_CURVE ( 'NONE', #5494, #6109, #1292, .T. ) ;
#2262 = LINE ( 'NONE', #5561, #1057 ) ;
#2263 = EDGE_CURVE ( 'NONE', #6576, #347, #3609, .T. ) ;
#2264 = TRIMMED_CURVE ( 'NONE', #3934, ( PARAMETER_VALUE ( 0.000000000000000000 ), #5979 ), ( PARAMETER_VALUE ( 0.9999999999999708011 ), #5435 ), .T., .PARAMETER. ) ;
#2265 = ORIENTED_EDGE ( 'NONE', *, *, #3080, .T. ) ;
#2266 = CARTESIAN_POINT ( 'NONE',  ( 120.1716854172584874, 10.56156015248648217, 519.0000000000006821 ) ) ;
#2267 = ORIENTED_EDGE ( 'NONE', *, *, #827, .F. ) ;
#2268 = DIRECTION ( 'NONE',  ( 0.7660444535136902156, 0.6427875972986035746, -0.000000000000000000 ) ) ;
#2269 = CARTESIAN_POINT ( 'NONE',  ( 50.96896239776909709, 16.75416886135030481, 0.000000000000000000 ) ) ;
#2270 = CARTESIAN_POINT ( 'NONE',  ( 131.3087949667356327, 23.58622367982167845, 66.33556899158223530 ) ) ;
#2271 = CARTESIAN_POINT ( 'NONE',  ( 90.20120286622805850, 75.68779357109526984, 100.7413238259620698 ) ) ;
#2272 = B_SPLINE_CURVE_WITH_KNOTS ( 'NONE', 3,
 ( #6924, #3673, #936, #969, #5888, #5965, #2575, #1538, #5271, #5309 ),
 .UNSPECIFIED., .F., .F.,
 ( 4, 1, 1, 1, 1, 1, 1, 4 ),
 ( 0.005056533016154825082, 0.005777666696986684391, 0.01153133485700109061, 0.02303867117702998804, 0.02879233933704430926, 0.03454600749705871721, 0.04029967565707311822, 0.04378037430977779754 ),
 .UNSPECIFIED. ) ;
#2273 = EDGE_LOOP ( 'NONE', ( #626, #5676, #6306, #20 ) ) ;
#2274 = B_SPLINE_CURVE_WITH_KNOTS ( 'NONE', 3,
 ( #4795, #6211, #4901, #6752, #2966, #566, #236, #5064, #4937, #1131 ),
 .UNSPECIFIED., .F., .F.,
 ( 4, 3, 3, 4 ),
 ( 2.775557561562891351E-17, 0.002559018337878709096, 0.01279509169124815222, 0.05600007274844273630 ),
 .UNSPECIFIED. ) ;
#2275 = EDGE_CURVE ( 'NONE', #4662, #2609, #1729, .T. ) ;
#2276 = CARTESIAN_POINT ( 'NONE',  ( 186.8020647735157809, -0.1006753912164319587, 519.0000000000000000 ) ) ;
#2277 = CARTESIAN_POINT ( 'NONE',  ( 184.3164905826809843, -0.1919656617857687653, 45.00000000000003553 ) ) ;
#2278 = DIRECTION ( 'NONE',  ( 0.000000000000000000, 0.000000000000000000, 1.000000000000000000 ) ) ;
#2279 = CARTESIAN_POINT ( 'NONE',  ( 146.5281689998066099, 5.448479403202890481, 190.5093123520296103 ) ) ;
#2280 = ADVANCED_FACE ( 'NONE', ( #6782 ), #1904, .T. ) ;
#2281 = LINE ( 'NONE', #3367, #3192 ) ;
#2282 = CARTESIAN_POINT ( 'NONE',  ( 167.6112874824497396, 4.286884671290246196, 519.0000000000000000 ) ) ;
#2283 = CARTESIAN_POINT ( 'NONE',  ( 184.3164905826809843, -6.647825509190094628, 224.0000000000000000 ) ) ;
#2284 = CARTESIAN_POINT ( 'NONE',  ( 148.0602579068339821, 6.734054597800118280, 155.5974666327140596 ) ) ;
#2285 = DIRECTION ( 'NONE',  ( 0.6427875972986036857, -0.7660444535136901045, 0.000000000000000000 ) ) ;
#2286 = CARTESIAN_POINT ( 'NONE',  ( 72.91570931294501179, -2.706547063307939816, 519.0000000000002274 ) ) ;
#2287 = VERTEX_POINT ( 'NONE', #1359 ) ;
#2288 = CARTESIAN_POINT ( 'NONE',  ( 73.78294131912075215, 92.14286868292120403, 23.15877391325059520 ) ) ;
#2289 = EDGE_LOOP ( 'NONE', ( #2729, #3527, #5253, #2637 ) ) ;
#2290 = AXIS2_PLACEMENT_3D ( 'NONE', #2044, #965, #835 ) ;
#2291 = CARTESIAN_POINT ( 'NONE',  ( 154.7820052348155002, -1.276612191915002414, 14.79509168931457452 ) ) ;
#2292 = CARTESIAN_POINT ( 'NONE',  ( 134.2807504800734364, 10.84761995045128735, 0.000000000000000000 ) ) ;
#2293 = ORIENTED_EDGE ( 'NONE', *, *, #1779, .T. ) ;
#2294 = CARTESIAN_POINT ( 'NONE',  ( 184.3164905826809843, -0.1919646852789477498, 284.2939877747580795 ) ) ;
#2295 = ORIENTED_EDGE ( 'NONE', *, *, #223, .T. ) ;
#2296 = EDGE_CURVE ( 'NONE', #591, #1118, #302, .T. ) ;
#2297 = CARTESIAN_POINT ( 'NONE',  ( 90.20120286622804429, 75.68779357109529826, 34.02482244953687740 ) ) ;
#2298 = AXIS2_PLACEMENT_3D ( 'NONE', #4060, #6246, #3002 ) ;
#2299 = ORIENTED_EDGE ( 'NONE', *, *, #3518, .F. ) ;
#2300 = VECTOR ( 'NONE', #78, 1000.000000000000000 ) ;
#2301 = CARTESIAN_POINT ( 'NONE',  ( 123.9195029661540985, 10.36153792711955290, 518.9999999999998863 ) ) ;
#2302 = EDGE_LOOP ( 'NONE', ( #5225, #440, #5618, #5503 ) ) ;
#2303 = CARTESIAN_POINT ( 'NONE',  ( 149.4238163135713648, 5.109028914490471251, 53.77894174285808759 ) ) ;
#2304 = CARTESIAN_POINT ( 'NONE',  ( 161.3201304291505380, 5.788540652017599264, 0.000000000000000000 ) ) ;
#2305 = AXIS2_PLACEMENT_3D ( 'NONE', #1558, #1521, #5904 ) ;
#2306 = CARTESIAN_POINT ( 'NONE',  ( 184.3164905826809843, -6.647825509190094628, 286.0000000000000568 ) ) ;
#2307 = VERTEX_POINT ( 'NONE', #4601 ) ;
#2308 = AXIS2_PLACEMENT_3D ( 'NONE', #1407, #5755, #876 ) ;
#2309 = ADVANCED_FACE ( 'NONE', ( #5708 ), #836, .T. ) ;
#2310 = LINE ( 'NONE', #2868, #6397 ) ;
#2311 = CARTESIAN_POINT ( 'NONE',  ( 16.83547113299186648, -5.407696804887159203, 0.000000000000000000 ) ) ;
#2312 = PLANE ( 'NONE',  #4876 ) ;
#2313 = VECTOR ( 'NONE', #5067, 1000.000000000000000 ) ;
#2314 = EDGE_CURVE ( 'NONE', #2955, #2798, #2353, .T. ) ;
#2315 = VECTOR ( 'NONE', #6467, 1000.000000000000114 ) ;
#2316 = DIRECTION ( 'NONE',  ( 0.000000000000000000, 0.000000000000000000, 1.000000000000000000 ) ) ;
#2317 = VECTOR ( 'NONE', #4289, 1000.000000000000000 ) ;
#2318 = CARTESIAN_POINT ( 'NONE',  ( 180.9273415311857889, 1.419748138891692602, 519.0000000000000000 ) ) ;
#2319 = DIRECTION ( 'NONE',  ( -1.000000000000000000, 0.000000000000000000, 0.000000000000000000 ) ) ;
#2320 = CARTESIAN_POINT ( 'NONE',  ( 184.5679609055901835, 0.5697641997629907529, -0.000000000000000000 ) ) ;
#2321 = CARTESIAN_POINT ( 'NONE',  ( 146.7066812140465117, 8.347184537259044745, 286.0000000000000568 ) ) ;
#2322 = CARTESIAN_POINT ( 'NONE',  ( 71.54056168549112726, -2.405780574064735777, 519.0000000000001137 ) ) ;
#2323 = DIRECTION ( 'NONE',  ( 0.6427875972986036857, -0.7660444535136901045, 0.000000000000000000 ) ) ;
#2324 = ORIENTED_EDGE ( 'NONE', *, *, #2920, .F. ) ;
#2325 = CARTESIAN_POINT ( 'NONE',  ( 146.5281689998066383, 5.448479403202897586, 278.4697138208725278 ) ) ;
#2326 = ORIENTED_EDGE ( 'NONE', *, *, #5445, .T. ) ;
#2327 = FACE_OUTER_BOUND ( 'NONE', #4209, .T. ) ;
#2328 = CARTESIAN_POINT ( 'NONE',  ( 126.8207659510598120, 12.04586483901193361, 0.000000000000000000 ) ) ;
#2329 = VERTEX_POINT ( 'NONE', #5436 ) ;
#2330 = DIRECTION ( 'NONE',  ( 0.7660444535136902156, 0.6427875972986035746, -0.000000000000000000 ) ) ;
#2331 = ORIENTED_EDGE ( 'NONE', *, *, #2919, .F. ) ;
#2332 = PLANE ( 'NONE',  #495 ) ;
#2333 = AXIS2_PLACEMENT_3D ( 'NONE', #4617, #318, #5691 ) ;
#2334 = ORIENTED_EDGE ( 'NONE', *, *, #5887, .T. ) ;
#2335 = CARTESIAN_POINT ( 'NONE',  ( 90.20800490987716103, 9.464637445143399219, 518.9999999999997726 ) ) ;
#2336 = VERTEX_POINT ( 'NONE', #3830 ) ;
#2337 = DIRECTION ( 'NONE',  ( -0.6427875972986036857, 0.7660444535136901045, -1.607415510031757189E-15 ) ) ;
#2338 = CARTESIAN_POINT ( 'NONE',  ( 179.4939268584717524, 1.752396962257196211, 519.0000000000002274 ) ) ;
#2339 = CARTESIAN_POINT ( 'NONE',  ( 184.3164905826809843, -0.1919656544132020970, 47.14699388737903973 ) ) ;
#2340 = EDGE_LOOP ( 'NONE', ( #3818, #1953, #2007, #4023 ) ) ;
#2341 = VECTOR ( 'NONE', #6459, 999.9999999999998863 ) ;
#2342 = LINE ( 'NONE', #1801, #3024 ) ;
#2343 = CARTESIAN_POINT ( 'NONE',  ( 34.70200647458120358, -5.588821766112088696, 0.000000000000000000 ) ) ;
#2344 = CARTESIAN_POINT ( 'NONE',  ( 152.0777421034211443, -1.165244497598805218, 271.9574308918468546 ) ) ;
#2345 = CARTESIAN_POINT ( 'NONE',  ( 70.46574379277826949, -1.878722197621188306, 519.0000000000000000 ) ) ;
#2346 = DIRECTION ( 'NONE',  ( 0.000000000000000000, -1.000000000000000000, -1.048297769837185521E-48 ) ) ;
#2347 = DIRECTION ( 'NONE',  ( 0.4545194689124503196, -0.5416752277698736462, -0.7071067811865472397 ) ) ;
#2348 = CARTESIAN_POINT ( 'NONE',  ( 152.0777421034210590, -1.165244497598718620, -9.804599309964982597E-15 ) ) ;
#2349 = ORIENTED_EDGE ( 'NONE', *, *, #3815, .F. ) ;
#2350 = CARTESIAN_POINT ( 'NONE',  ( 146.6259176453506257, 8.443434813564140384, 222.2939907555358729 ) ) ;
#2351 = AXIS2_PLACEMENT_3D ( 'NONE', #1373, #6224, #2383 ) ;
#2352 = ORIENTED_EDGE ( 'NONE', *, *, #5719, .T. ) ;
#2353 = B_SPLINE_CURVE_WITH_KNOTS ( 'NONE', 3,
 ( #3794, #69, #1552, #1584 ),
 .UNSPECIFIED., .F., .F.,
 ( 4, 4 ),
 ( 6.938893903907228378E-18, 0.001000000000000007827 ),
 .UNSPECIFIED. ) ;
#2354 = CARTESIAN_POINT ( 'NONE',  ( 184.3164905826809843, -0.1919654473031343067, 105.0000000000000142 ) ) ;
#2355 = EDGE_CURVE ( 'NONE', #1436, #1356, #1127, .T. ) ;
#2356 = CARTESIAN_POINT ( 'NONE',  ( 83.92536418632423079, 16.63888226076240073, 0.000000000000000000 ) ) ;
#2357 = FACE_OUTER_BOUND ( 'NONE', #4616, .T. ) ;
#2358 = ORIENTED_EDGE ( 'NONE', *, *, #720, .T. ) ;
#2359 = DIRECTION ( 'NONE',  ( 0.4545194689805009403, -0.5416752278509726626, 0.7071067810806797027 ) ) ;
#2360 = ORIENTED_EDGE ( 'NONE', *, *, #735, .F. ) ;
#2361 = ADVANCED_FACE ( 'NONE', ( #4971 ), #2808, .F. ) ;
#2362 = CARTESIAN_POINT ( 'NONE',  ( 0.000000000000000000, 0.000000000000000000, 48.00000000000000000 ) ) ;
#2363 = CARTESIAN_POINT ( 'NONE',  ( 46.62425439927172022, 16.50923458282414913, 0.000000000000000000 ) ) ;
#2364 = ADVANCED_FACE ( 'NONE', ( #4866 ), #4934, .T. ) ;
#2365 = ORIENTED_EDGE ( 'NONE', *, *, #5172, .F. ) ;
#2366 = ORIENTED_EDGE ( 'NONE', *, *, #2794, .T. ) ;
#2367 = FACE_OUTER_BOUND ( 'NONE', #2657, .T. ) ;
#2368 = DIRECTION ( 'NONE',  ( 0.7660444535136902156, 0.6427875972986035746, 0.000000000000000000 ) ) ;
#2369 = LINE ( 'NONE', #694, #3528 ) ;
#2370 = CARTESIAN_POINT ( 'NONE',  ( 175.0301704258326367, 2.787669640095435497, 50.00000000000002132 ) ) ;
#2371 = ORIENTED_EDGE ( 'NONE', *, *, #7019, .T. ) ;
#2372 = EDGE_CURVE ( 'NONE', #929, #6348, #528, .T. ) ;
#2373 = CARTESIAN_POINT ( 'NONE',  ( 0.2369445089215563849, -6.451903118993597808, 105.0000000000000142 ) ) ;
#2374 = LINE ( 'NONE', #3459, #1741 ) ;
#2375 = CARTESIAN_POINT ( 'NONE',  ( 121.0198118588054683, -2.516610127583926992, 0.000000000000000000 ) ) ;
#2376 = LINE ( 'NONE', #2870, #4187 ) ;
#2377 = VECTOR ( 'NONE', #4609, 1000.000000000000000 ) ;
#2378 = CARTESIAN_POINT ( 'NONE',  ( 152.0777421034210306, -1.165244497598677098, -9.804599309964982597E-15 ) ) ;
#2379 = CARTESIAN_POINT ( 'NONE',  ( 92.79741835382921522, 9.833574201084362087, 519.0000000000000000 ) ) ;
#2380 = LINE ( 'NONE', #2942, #1957 ) ;
#2381 = CARTESIAN_POINT ( 'NONE',  ( 201.1121929200300258, -56.49078162465175268, 172.5468732127381202 ) ) ;
#2382 = ORIENTED_EDGE ( 'NONE', *, *, #245, .F. ) ;
#2383 = DIRECTION ( 'NONE',  ( 0.000000000000000000, -0.7938448022037754015, 0.6081204074967792028 ) ) ;
#2384 = EDGE_CURVE ( 'NONE', #2948, #2612, #494, .T. ) ;
#2385 = DIRECTION ( 'NONE',  ( -0.4545194689124519849, 0.5416752277698750895, -0.7071067811865451302 ) ) ;
#2386 = EDGE_LOOP ( 'NONE', ( #3787, #3205, #833, #3440 ) ) ;
#2387 = DIRECTION ( 'NONE',  ( 1.000000000000000000, 0.000000000000000000, -0.000000000000000000 ) ) ;
#2388 = ORIENTED_EDGE ( 'NONE', *, *, #6630, .T. ) ;
#2389 = ADVANCED_FACE ( 'NONE', ( #1091 ), #3720, .F. ) ;
#2390 = DIRECTION ( 'NONE',  ( 0.000000000000000000, 0.000000000000000000, 1.000000000000000000 ) ) ;
#2391 = CARTESIAN_POINT ( 'NONE',  ( 11.48710463215866007, 9.225676663242735387, 0.000000000000000000 ) ) ;
#2392 = DIRECTION ( 'NONE',  ( 0.03670003166892941981, -0.9993263269200404197, 0.000000000000000000 ) ) ;
#2393 = FACE_BOUND ( 'NONE', #6283, .T. ) ;
#2394 = EDGE_LOOP ( 'NONE', ( #5800, #6005, #3517 ) ) ;
#2395 = EDGE_CURVE ( 'NONE', #2850, #6234, #6586, .T. ) ;
#2396 = DIRECTION ( 'NONE',  ( 0.000000000000000000, 0.7938448021158701629, 0.6081204076115311885 ) ) ;
#2397 = VERTEX_POINT ( 'NONE', #3865 ) ;
#2398 = FACE_OUTER_BOUND ( 'NONE', #6296, .T. ) ;
#2399 = CARTESIAN_POINT ( 'NONE',  ( 50.35503620784132295, -5.119054048500416343, 0.000000000000000000 ) ) ;
#2400 = ORIENTED_EDGE ( 'NONE', *, *, #511, .F. ) ;
#2401 = ORIENTED_EDGE ( 'NONE', *, *, #1348, .F. ) ;
#2402 = EDGE_CURVE ( 'NONE', #1219, #4555, #2169, .T. ) ;
#2403 = SURFACE_STYLE_FILL_AREA ( #1797 ) ;
#2404 = PLANE ( 'NONE',  #5686 ) ;
#2405 = CARTESIAN_POINT ( 'NONE',  ( 154.7820050345175105, -1.276611953209101147, 100.0000000000000000 ) ) ;
#2406 = LINE ( 'NONE', #1293, #4717 ) ;
#2407 = ORIENTED_EDGE ( 'NONE', *, *, #5121, .F. ) ;
#2408 = DIRECTION ( 'NONE',  ( -0.6427875972986035746, 0.7660444535136902156, 6.018531076210112041E-33 ) ) ;
#2409 = FACE_OUTER_BOUND ( 'NONE', #353, .T. ) ;
#2410 = ADVANCED_FACE ( 'NONE', ( #3332, #5936, #4898, #30, #5510, #4833, #2205, #6473, #637 ), #4326, .T. ) ;
#2411 = CARTESIAN_POINT ( 'NONE',  ( 52.56343919786015562, -5.035712289587550572, 0.000000000000000000 ) ) ;
#2412 = CARTESIAN_POINT ( 'NONE',  ( 100.3144231054269966, 60.52387890882658894, -18.11688525909213965 ) ) ;
#2413 = VECTOR ( 'NONE', #2558, 1000.000000000000000 ) ;
#2414 = AXIS2_PLACEMENT_3D ( 'NONE', #6775, #2959, #3027 ) ;
#2415 = LINE ( 'NONE', #5647, #5022 ) ;
#2416 = CARTESIAN_POINT ( 'NONE',  ( 72.82207990637159867, -2.686249541780438399, 519.0000000000000000 ) ) ;
#2417 = FACE_BOUND ( 'NONE', #5899, .T. ) ;
#2418 = VECTOR ( 'NONE', #5847, 1000.000000000000000 ) ;
#2419 = VERTEX_POINT ( 'NONE', #4259 ) ;
#2420 = CARTESIAN_POINT ( 'NONE',  ( 146.5281689998066099, 5.448479403202890481, 130.0874666327140687 ) ) ;
#2421 = EDGE_CURVE ( 'NONE', #6327, #3378, #4366, .T. ) ;
#2422 = CARTESIAN_POINT ( 'NONE',  ( 74.92793094990652492, 5.060210320560393882, 518.9999999999994316 ) ) ;
#2423 = VERTEX_POINT ( 'NONE', #1662 ) ;
#2424 = LINE ( 'NONE', #6331, #6084 ) ;
#2425 = VECTOR ( 'NONE', #3193, 1000.000000000000000 ) ;
#2426 = ORIENTED_EDGE ( 'NONE', *, *, #2884, .F. ) ;
#2427 = TRIMMED_CURVE ( 'NONE', #2685, ( PARAMETER_VALUE ( 0.000000000000000000 ), #6918 ), ( PARAMETER_VALUE ( 0.9999999999999938938 ), #998 ), .T., .PARAMETER. ) ;
#2428 = AXIS2_PLACEMENT_3D ( 'NONE', #3248, #2126, #5422 ) ;
#2429 = DIRECTION ( 'NONE',  ( 0.000000000000000000, 0.000000000000000000, 1.000000000000000000 ) ) ;
#2430 = CARTESIAN_POINT ( 'NONE',  ( 1.101448849624132809, 2.127581385228859201, 0.000000000000000000 ) ) ;
#2431 = CARTESIAN_POINT ( 'NONE',  ( 148.0602579068340390, 6.734054597800096964, 242.3261105482872608 ) ) ;
#2432 = FACE_OUTER_BOUND ( 'NONE', #3576, .T. ) ;
#2433 = ORIENTED_EDGE ( 'NONE', *, *, #1330, .F. ) ;
#2434 = DIRECTION ( 'NONE',  ( 0.7660444535136902156, 0.6427875972986035746, -0.000000000000000000 ) ) ;
#2435 = EDGE_LOOP ( 'NONE', ( #1274, #7033, #2201 ) ) ;
#2436 = DIRECTION ( 'NONE',  ( 0.000000000000000000, -0.000000000000000000, 1.000000000000000000 ) ) ;
#2437 = CARTESIAN_POINT ( 'NONE',  ( 41.03011757523570679, -5.436263347101372823, 0.000000000000000000 ) ) ;
#2438 = ADVANCED_FACE ( 'NONE', ( #6439 ), #5898, .T. ) ;
#2439 = ORIENTED_EDGE ( 'NONE', *, *, #7010, .F. ) ;
#2440 = VERTEX_POINT ( 'NONE', #2136 ) ;
#2441 = LINE ( 'NONE', #3898, #4109 ) ;
#2442 = DIRECTION ( 'NONE',  ( -0.4545194689124505416, 0.5416752277698733131, -0.7071067811865473507 ) ) ;
#2443 = DIRECTION ( 'NONE',  ( -0.0005820129469754566250, 0.0001379674741949907712, -0.9999998211129368375 ) ) ;
#2444 = CARTESIAN_POINT ( 'NONE',  ( 88.66911395920060102, 74.40221837649814063, 64.47655302367222419 ) ) ;
#2445 = ORIENTED_EDGE ( 'NONE', *, *, #2583, .T. ) ;
#2446 = VECTOR ( 'NONE', #994, 1000.000000000000000 ) ;
#2447 = EDGE_CURVE ( 'NONE', #2822, #3964, #3998, .T. ) ;
#2448 = DIRECTION ( 'NONE',  ( -5.547375489508307898E-14, 1.000000000000000000, 0.000000000000000000 ) ) ;
#2449 = CARTESIAN_POINT ( 'NONE',  ( 147.8937139957713782, 8.286882394342336866, 163.0000000000000284 ) ) ;
#2450 = CARTESIAN_POINT ( 'NONE',  ( 153.0476050576092746, -1.340307752904323246, 519.0000000000001137 ) ) ;
#2451 = LINE ( 'NONE', #699, #2377 ) ;
#2452 = LINE ( 'NONE', #1912, #4810 ) ;
#2453 = ADVANCED_FACE ( 'NONE', ( #6140 ), #1258, .F. ) ;
#2454 = CARTESIAN_POINT ( 'NONE',  ( 183.7025554830848364, 0.7744482365222143949, 0.000000000000000000 ) ) ;
#2455 = CARTESIAN_POINT ( 'NONE',  ( 75.16747665112143295, 5.172453523726820102, 519.0000000000000000 ) ) ;
#2456 = CARTESIAN_POINT ( 'NONE',  ( 153.6098310104484597, 0.1203306969984833247, 179.8757090794443059 ) ) ;
#2457 = ORIENTED_EDGE ( 'NONE', *, *, #1788, .T. ) ;
#2458 = CARTESIAN_POINT ( 'NONE',  ( 184.3164905826810127, 0.6291569725744867725, 50.00000000000000000 ) ) ;
#2459 = CARTESIAN_POINT ( 'NONE',  ( 81.96622457140422569, 7.645179277429976494, 519.0000000000001137 ) ) ;
#2460 = ORIENTED_EDGE ( 'NONE', *, *, #6913, .F. ) ;
#2461 = DIRECTION ( 'NONE',  ( 0.7660444535136902156, 0.6427875972986035746, 0.000000000000000000 ) ) ;
#2462 = VECTOR ( 'NONE', #3707, 1000.000000000000000 ) ;
#2463 = ORIENTED_EDGE ( 'NONE', *, *, #790, .T. ) ;
#2464 = EDGE_CURVE ( 'NONE', #6778, #1832, #5001, .T. ) ;
#2465 = PLANE ( 'NONE',  #6159 ) ;
#2466 = CARTESIAN_POINT ( 'NONE',  ( 24.86645908273049699, -5.633553828840109468, 0.000000000000000000 ) ) ;
#2467 = CARTESIAN_POINT ( 'NONE',  ( 88.66911395920068628, 74.40221837649806957, 244.3261105482872608 ) ) ;
#2468 = CARTESIAN_POINT ( 'NONE',  ( 148.0602579068339821, 6.734054597800100517, 42.65842572212225292 ) ) ;
#2469 = ORIENTED_EDGE ( 'NONE', *, *, #6889, .F. ) ;
#2470 = DIRECTION ( 'NONE',  ( 0.6427875972986035746, -0.7660444535136902156, -6.018531076210112041E-33 ) ) ;
#2471 = VERTEX_POINT ( 'NONE', #731 ) ;
#2472 = CARTESIAN_POINT ( 'NONE',  ( 152.0777421034210590, -1.165244497598677098, 255.0810341644319976 ) ) ;
#2473 = AXIS2_PLACEMENT_3D ( 'NONE', #5864, #5284, #3646 ) ;
#2474 = CARTESIAN_POINT ( 'NONE',  ( 117.4950002096186807, -2.646052375073284502, 0.000000000000000000 ) ) ;
#2475 = EDGE_LOOP ( 'NONE', ( #6106, #3809, #3672, #5469 ) ) ;
#2476 = ORIENTED_EDGE ( 'NONE', *, *, #3693, .T. ) ;
#2477 = CARTESIAN_POINT ( 'NONE',  ( 141.7227456530524137, 14.28680784239818458, 48.00000000000000000 ) ) ;
#2478 = CARTESIAN_POINT ( 'NONE',  ( 143.3164907601397715, 9.276008609284451367, 0.000000000000000000 ) ) ;
#2479 = ADVANCED_FACE ( 'NONE', ( #1834 ), #5603, .T. ) ;
#2480 = ORIENTED_EDGE ( 'NONE', *, *, #3560, .F. ) ;
#2481 = EDGE_CURVE ( 'NONE', #6914, #2609, #6755, .T. ) ;
#2482 = DIRECTION ( 'NONE',  ( 0.7660444535136902156, 0.6427875972986035746, -0.000000000000000000 ) ) ;
#2483 = ORIENTED_EDGE ( 'NONE', *, *, #3048, .T. ) ;
#2484 = CARTESIAN_POINT ( 'NONE',  ( 13.03937251214219550, 9.841104693651816504, 0.000000000000000000 ) ) ;
#2485 = CARTESIAN_POINT ( 'NONE',  ( 184.3164905826809843, 0.6289088413493783003, 224.0000000000000000 ) ) ;
#2486 = EDGE_CURVE ( 'NONE', #3508, #3917, #3363, .T. ) ;
#2487 = B_SPLINE_CURVE_WITH_KNOTS ( 'NONE', 3,
 ( #6021, #3803, #5449, #6092, #1204, #5010, #1066, #1102, #4337, #613, #79, #2251, #1708 ),
 .UNSPECIFIED., .F., .F.,
 ( 4, 1, 1, 1, 2, 1, 1, 1, 1, 4 ),
 ( 0.000000000000000000, 0.0001597921811201364034, 0.0003195843622402728067, 0.0004793765433604091288, 0.0006391687244805456134, 0.01010970888765434089, 0.01958024905082814474, 0.02905078921400193817, 0.03378605929558883142, 0.03509088914727665626 ),
 .UNSPECIFIED. ) ;
#2488 = CARTESIAN_POINT ( 'NONE',  ( 93.97311577268138194, 9.972682091880569644, 519.0000000000000000 ) ) ;
#2489 = ORIENTED_EDGE ( 'NONE', *, *, #415, .T. ) ;
#2490 = CARTESIAN_POINT ( 'NONE',  ( 154.3747231731880447, -0.7912323158307081883, 48.00000000000000000 ) ) ;
#2491 = CARTESIAN_POINT ( 'NONE',  ( 11.65430740414862854, 9.293704109497070931, 0.000000000000000000 ) ) ;
#2492 = EDGE_LOOP ( 'NONE', ( #4798, #5945, #3026, #4436 ) ) ;
#2493 = ADVANCED_FACE ( 'NONE', ( #2409 ), #667, .T. ) ;
#2494 = B_SPLINE_CURVE_WITH_KNOTS ( 'NONE', 3,
 ( #3054, #5122, #6807, #4697, #6915, #4657, #6235, #2535, #3516, #4593 ),
 .UNSPECIFIED., .F., .F.,
 ( 4, 3, 3, 4 ),
 ( 0.002999999999999947153, 0.01279509168931453056, 0.05373938509512099504, 0.05799999999999997519 ),
 .UNSPECIFIED. ) ;
#2495 = CARTESIAN_POINT ( 'NONE',  ( 153.6098310104503355, 0.1203306969962542050, 1.005233009473365598E-12 ) ) ;
#2496 = ORIENTED_EDGE ( 'NONE', *, *, #4036, .F. ) ;
#2497 = DIRECTION ( 'NONE',  ( 0.000000000000000000, 0.000000000000000000, -1.000000000000000000 ) ) ;
#2498 = CARTESIAN_POINT ( 'NONE',  ( 2.336493212065380742, -3.233689886415513470, 0.000000000000000000 ) ) ;
#2499 = CARTESIAN_POINT ( 'NONE',  ( 0.000000000000000000, 0.000000000000000000, 288.0000000000000000 ) ) ;
#2500 = CARTESIAN_POINT ( 'NONE',  ( 186.9082452913409327, -0.09677546176755549845, 0.000000000000000000 ) ) ;
#2501 = ORIENTED_EDGE ( 'NONE', *, *, #1994, .F. ) ;
#2502 = CARTESIAN_POINT ( 'NONE',  ( 152.0777421034229633, -1.165244497600953055, 1.005233009473365598E-12 ) ) ;
#2503 = ORIENTED_EDGE ( 'NONE', *, *, #4062, .F. ) ;
#2504 = DIRECTION ( 'NONE',  ( 0.7660444535136902156, 0.6427875972986035746, -0.000000000000000000 ) ) ;
#2505 = CARTESIAN_POINT ( 'NONE',  ( 48.49006480670854558, -5.188105917358401875, 0.000000000000000000 ) ) ;
#2506 = ORIENTED_EDGE ( 'NONE', *, *, #4837, .T. ) ;
#2507 = ORIENTED_EDGE ( 'NONE', *, *, #6555, .T. ) ;
#2508 = LINE ( 'NONE', #4092, #4920 ) ;
#2509 = CARTESIAN_POINT ( 'NONE',  ( 184.3164905826809843, -0.1919652221612422049, 163.0000000000000000 ) ) ;
#2510 = CARTESIAN_POINT ( 'NONE',  ( 154.7820051188861896, -1.276612053755953768, 52.00000000000000711 ) ) ;
#2511 = EDGE_LOOP ( 'NONE', ( #4177, #163, #5256, #3503 ) ) ;
#2512 = AXIS2_PLACEMENT_3D ( 'NONE', #3364, #2206, #5981 ) ;
#2513 = FACE_OUTER_BOUND ( 'NONE', #1337, .T. ) ;
#2514 = CARTESIAN_POINT ( 'NONE',  ( 154.7820052476105843, -1.276612207163575485, 228.7060122252419774 ) ) ;
#2515 = VERTEX_POINT ( 'NONE', #3965 ) ;
#2516 = CARTESIAN_POINT ( 'NONE',  ( 152.0777421034210590, -1.165244497598690865, 146.9638633601287552 ) ) ;
#2517 = CARTESIAN_POINT ( 'NONE',  ( 72.13026140542611131, 3.349874781402656598, 519.0000000000018190 ) ) ;
#2518 = LINE ( 'NONE', #943, #81 ) ;
#2519 = CARTESIAN_POINT ( 'NONE',  ( 67.13999733432717676, 17.09009698842428904, 0.000000000000000000 ) ) ;
#2520 = CARTESIAN_POINT ( 'NONE',  ( 157.8178946829600307, -1.165119135930450911, 519.0000000000000000 ) ) ;
#2521 = ORIENTED_EDGE ( 'NONE', *, *, #4579, .F. ) ;
#2522 = AXIS2_PLACEMENT_3D ( 'NONE', #3022, #3513, #1384 ) ;
#2523 = CARTESIAN_POINT ( 'NONE',  ( 147.8917274065439926, 3.823453719893263880, 53.77894174285808759 ) ) ;
#2524 = ORIENTED_EDGE ( 'NONE', *, *, #4172, .T. ) ;
#2525 = VECTOR ( 'NONE', #5334, 1000.000000000000000 ) ;
#2526 = DIRECTION ( 'NONE',  ( 0.6427875972986035746, -0.7660444535136903266, 0.000000000000000000 ) ) ;
#2527 = ORIENTED_EDGE ( 'NONE', *, *, #4211, .F. ) ;
#2528 = VECTOR ( 'NONE', #3074, 1000.000000000000000 ) ;
#2529 = FACE_OUTER_BOUND ( 'NONE', #4954, .T. ) ;
#2530 = CARTESIAN_POINT ( 'NONE',  ( 2.961229421719349997, -3.528410340963362035, 0.000000000000000000 ) ) ;
#2531 = DIRECTION ( 'NONE',  ( 0.6427875972986036857, -0.7660444535136901045, -6.429662040127087133E-15 ) ) ;
#2532 = AXIS2_PLACEMENT_3D ( 'NONE', #90, #4244, #6423 ) ;
#2533 = CARTESIAN_POINT ( 'NONE',  ( 184.3164905826809843, -0.1919652221612422049, 161.0000000000000000 ) ) ;
#2534 = VERTEX_POINT ( 'NONE', #1873 ) ;
#2535 = CARTESIAN_POINT ( 'NONE',  ( 154.7820052238685093, -1.276612178868941516, 218.1595900634140150 ) ) ;
#2536 = EDGE_LOOP ( 'NONE', ( #1329, #3554, #3644 ) ) ;
#2537 = VECTOR ( 'NONE', #4559, 999.9999999999998863 ) ;
#2538 = LINE ( 'NONE', #3985, #1162 ) ;
#2539 = CARTESIAN_POINT ( 'NONE',  ( 89.51999994725915144, -3.673788567377311409, 0.000000000000000000 ) ) ;
#2540 = EDGE_LOOP ( 'NONE', ( #3375, #1577, #3587 ) ) ;
#2541 = DIRECTION ( 'NONE',  ( -0.6427875972986035746, 0.7660444535136903266, 0.000000000000000000 ) ) ;
#2542 = CARTESIAN_POINT ( 'NONE',  ( 161.3201304291505380, 5.788540652017599264, 0.000000000000000000 ) ) ;
#2543 = VERTEX_POINT ( 'NONE', #5103 ) ;
#2544 = DIRECTION ( 'NONE',  ( -0.6427875972986035746, 0.7660444535136902156, 6.018531076210112041E-33 ) ) ;
#2545 = CARTESIAN_POINT ( 'NONE',  ( 152.0777421034210590, -1.165244497598704854, 142.8425430165691239 ) ) ;
#2546 = ORIENTED_EDGE ( 'NONE', *, *, #1003, .F. ) ;
#2547 = CARTESIAN_POINT ( 'NONE',  ( 88.66911395920068628, 74.40221837649806957, 267.8361105482872517 ) ) ;
#2548 = CARTESIAN_POINT ( 'NONE',  ( 4.767688113470524236, -4.051642974039906697, 0.000000000000000000 ) ) ;
#2549 = CARTESIAN_POINT ( 'NONE',  ( 184.3164905826809559, 0.6289178309910554709, 219.1595900633637086 ) ) ;
#2550 = CARTESIAN_POINT ( 'NONE',  ( 145.4708042027563977, 8.883388676456528188, 0.000000000000000000 ) ) ;
#2551 = VECTOR ( 'NONE', #6154, 1000.000000000000000 ) ;
#2552 = CARTESIAN_POINT ( 'NONE',  ( 170.7432682294713402, -0.6904449479403472756, 519.0000000000000000 ) ) ;
#2553 = CARTESIAN_POINT ( 'NONE',  ( 184.2981405747065082, 0.3076979415874339097, 166.0000000000000000 ) ) ;
#2554 = ORIENTED_EDGE ( 'NONE', *, *, #6686, .F. ) ;
#2555 = LINE ( 'NONE', #2625, #1550 ) ;
#2556 = DIRECTION ( 'NONE',  ( 0.6427875972986035746, -0.7660444535136902156, -6.018531076210112041E-33 ) ) ;
#2557 = ORIENTED_EDGE ( 'NONE', *, *, #672, .T. ) ;
#2558 = DIRECTION ( 'NONE',  ( 0.7660444535136902156, 0.6427875972986035746, -0.000000000000000000 ) ) ;
#2559 = EDGE_LOOP ( 'NONE', ( #2326, #5089, #3791 ) ) ;
#2560 = DIRECTION ( 'NONE',  ( -0.4545194689124526510, 0.5416752277698759777, 0.7071067811865439090 ) ) ;
#2561 = CARTESIAN_POINT ( 'NONE',  ( 34.81353171157958570, -5.586449501347389379, 0.000000000000000000 ) ) ;
#2562 = CARTESIAN_POINT ( 'NONE',  ( 166.6213513997819859, -0.8418151913360001348, 223.9999999999996874 ) ) ;
#2563 = VECTOR ( 'NONE', #1430, 1000.000000000000000 ) ;
#2564 = EDGE_LOOP ( 'NONE', ( #3785, #4550, #5759, #1151 ) ) ;
#2565 = LINE ( 'NONE', #2036, #5159 ) ;
#2566 = ORIENTED_EDGE ( 'NONE', *, *, #4142, .F. ) ;
#2567 = EDGE_CURVE ( 'NONE', #6940, #778, #2902, .T. ) ;
#2568 = CARTESIAN_POINT ( 'NONE',  ( 152.0777421034210590, -1.165244497598712403, 117.3325430165691188 ) ) ;
#2569 = CARTESIAN_POINT ( 'NONE',  ( 178.7296674295402568, 1.941881689446232295, 0.000000000000000000 ) ) ;
#2570 = VERTEX_POINT ( 'NONE', #5069 ) ;
#2571 = DIRECTION ( 'NONE',  ( 0.6427875972986036857, -0.7660444535136901045, -6.429662040127087133E-15 ) ) ;
#2572 = PLANE ( 'NONE',  #3571 ) ;
#2573 = ORIENTED_EDGE ( 'NONE', *, *, #897, .F. ) ;
#2574 = EDGE_CURVE ( 'NONE', #326, #2654, #207, .T. ) ;
#2575 = CARTESIAN_POINT ( 'NONE',  ( 175.3253476953062204, 2.729547286399044648, 48.00000000000000000 ) ) ;
#2576 = AXIS2_PLACEMENT_3D ( 'NONE', #6012, #6509, #3296 ) ;
#2577 = CARTESIAN_POINT ( 'NONE',  ( 153.6098310104485165, 0.1203306969984381108, 144.9638633601287552 ) ) ;
#2578 = DIRECTION ( 'NONE',  ( 0.000000000000000000, 0.7938448021158680534, -0.6081204076115339641 ) ) ;
#2579 = EDGE_LOOP ( 'NONE', ( #924, #151, #1972, #6721 ) ) ;
#2580 = CARTESIAN_POINT ( 'NONE',  ( 150.9551590745054170, 7.732129215780718212, 163.0000000000000568 ) ) ;
#2581 = CARTESIAN_POINT ( 'NONE',  ( 1.247712657388743374, 2.301766966073418352, 0.000000000000000000 ) ) ;
#2582 = LINE ( 'NONE', #2098, #5322 ) ;
#2583 = EDGE_CURVE ( 'NONE', #6129, #5241, #2374, .T. ) ;
#2584 = CARTESIAN_POINT ( 'NONE',  ( 128.6856002384853923, 11.75491363938067124, 0.000000000000000000 ) ) ;
#2585 = CARTESIAN_POINT ( 'NONE',  ( 125.3086228903357267, -2.359337318822651852, 519.0000000000000000 ) ) ;
#2586 = CARTESIAN_POINT ( 'NONE',  ( 143.3164907601397715, 9.276008609284451367, 0.000000000000000000 ) ) ;
#2587 = VERTEX_POINT ( 'NONE', #2839 ) ;
#2588 = LINE ( 'NONE', #1989, #4618 ) ;
#2589 = DIRECTION ( 'NONE',  ( 8.796262431460665264E-49, -1.048297769837185521E-48, 1.000000000000000000 ) ) ;
#2590 = DIRECTION ( 'NONE',  ( 0.7660444535136902156, 0.6427875972986035746, -0.000000000000000000 ) ) ;
#2591 = VERTEX_POINT ( 'NONE', #2937 ) ;
#2592 = B_SPLINE_CURVE_WITH_KNOTS ( 'NONE', 3,
 ( #1745, #6554, #3837, #109, #1629, #643, #5515, #4975, #2318, #3908, #704, #1134, #2874, #6520, #6660, #2282, #1777, #1669, #2247, #5988, #76, #4940, #4441, #4412, #3939, #671, #6053, #610, #6625, #6114, #3302, #6088, #2778, #5007, #6592, #6018, #2212, #1201, #5574, #3368, #1705, #5546, #1099, #3872, #5476, #142, #1172, #5443, #3336, #5039, #569, #4333, #3801, #4474, #1232, #3395, #3269, #2178, #2742, #4905, #39, #4374, #6255, #3432, #1368, #4069, #2977, #844, #3011, #2488, #2379, #5609, #1947, #313, #4642, #1265, #5684, #1841, #4004, #176, #6292, #4538, #5075, #4038, #6221, #1335, #2455, #6725, #5721, #6186, #738, #3537, #5179, #807, #3500, #6825, #2907, #211, #875, #1302, #247, #3466, #5648, #773, #4107, #5146, #1406, #3572, #283, #5754, #3041, #6793, #2941, #5108, #4611, #6692, #1914, #2345, #4506, #1805, #3969, #6146, #2416, #4577, #6761, #1879, #2622, #908, #4790, #493, #1014, #4718, #945, #3147, #3111, #2663, #3719, #2060, #3642, #980, #7007, #5897, #2135, #3683, #6933, #1472, #3754, #4292, #3073, #4832, #5281, #2102, #1511, #1986, #417, #4182, #4258, #2585, #1441, #2021, #1583, #3179, #5355, #6472, #5935, #4219, #6400, #5861, #5826, #6438, #6326, #1551, #5318, #1055, #3606, #5211, #340, #449, #2520, #4681, #6864, #4751, #4145, #5788, #5247, #380, #2552, #6900, #6360, #6970, #5000, #4865, #562, #1090, #68, #2238, #4405, #5508, #2735 ),
 .UNSPECIFIED., .F., .F.,
 ( 4, 1, 1, 1, 1, 1, 1, 1, 1, 1, 1, 1, 1, 1, 1, 1, 1, 1, 1, 1, 1, 1, 1, 1, 1, 1, 1, 1, 1, 1, 1, 1, 1, 1, 1, 1, 1, 1, 1, 1, 1, 1, 1, 1, 1, 1, 1, 1, 1, 1, 1, 1, 1, 1, 1, 1, 1, 1, 1, 1, 1, 1, 1, 1, 1, 1, 1, 1, 1, 1, 1, 1, 1, 1, 1, 1, 1, 1, 1, 1, 1, 1, 1, 1, 1, 1, 1, 1, 1, 1, 1, 1, 1, 1, 1, 1, 1, 1, 1, 1, 1, 1, 1, 1, 1, 1, 1, 1, 1, 1, 1, 1, 1, 1, 1, 1, 1, 1, 1, 1, 1, 1, 1, 1, 1, 1, 1, 1, 1, 1, 1, 1, 1, 1, 1, 1, 1, 1, 1, 1, 1, 1, 1, 1, 1, 1, 1, 1, 1, 1, 1, 1, 1, 1, 1, 1, 1, 1, 1, 1, 1, 1, 1, 1, 1, 1, 1, 1, 1, 1, 1, 1, 1, 1, 1, 1, 1, 1, 1, 1, 1, 1, 1, 1, 1, 1, 1, 1, 1, 1, 1, 1, 1, 1, 1, 1, 4 ),
 ( 0.000000000000000000, 0.007541082358484186947, 0.01005457242472231234, 0.01256744431269664342, 0.01508030713330505909, 0.01759223862063014412, 0.02010415579391899160, 0.02512403019227490986, 0.03014389165204229767, 0.03515785292094190939, 0.04017180779899999499, 0.05018861634104948566, 0.06019502439212026657, 0.07019112304066744967, 0.08516439965241145993, 0.09015198858071628296, 0.09513433338289842278, 0.1050937675239287800, 0.1100708790877491378, 0.1150428350425547336, 0.1200147964111807353, 0.1249817050087147635, 0.1349105930250104890, 0.1398725763053449977, 0.1448297689298276569, 0.1497869349841448317, 0.1547393953712030146, 0.1596918564957973963, 0.1646394355077178129, 0.1695870045325187370, 0.1745294829934305181, 0.1844092164523681299, 0.1893464719892944959, 0.1992103785558749507, 0.2041370511378983732, 0.2139854145339817049, 0.2189071229036504140, 0.2238242012324627439, 0.2287412778734525809, 0.2336541330764510538, 0.2385669632939287632, 0.2483849371397243988, 0.2581959108766988531, 0.2630981236145729096, 0.2680003254353096054, 0.2728995100449082001, 0.2777986747213476160, 0.2826951940546270636, 0.2875917063246218319, 0.2924860631094937102, 0.2973804326390905861, 0.3071661741720163041, 0.3120583576282385252, 0.3169505469398637421, 0.3218427490261219215, 0.3267349488018431725, 0.3316276876956982811, 0.3365204417878524534, 0.3414141105547633948, 0.3463077809144370356, 0.3512027235858669050, 0.3560976378871105186, 0.3609949257513951348, 0.3658921867222564295, 0.3707939341935646005, 0.3756956843527919365, 0.3806052380776939192, 0.3855148200083032828, 0.3904372033518798135, 0.3953595348030058410, 0.4003012483294876578, 0.4052429884520616921, 0.4102094991510428224, 0.4151760003021921497, 0.4201717130615482687, 0.4251673962931984407, 0.4301994693558904292, 0.4352315924189654739, 0.4403136625792506975, 0.4453955687244731676, 0.4505447392854423083, 0.4556943742191915114, 0.4609352001239701013, 0.4661752236368338354, 0.4688558995627764014, 0.4715365458776992202, 0.4742878236812075321, 0.4770392569342619682, 0.4799060564023177045, 0.4827728139695170451, 0.4858538841006949105, 0.4889343143068846098, 0.4916193520804431616, 0.4943049103649858056, 0.4957100975466200432, 0.4971153668954162996, 0.4986467582829344214, 0.5001775813167267382, 0.5010849404977270050, 0.5019920023862676217, 0.5025558649890720098, 0.5031194903398201745, 0.5034804290636593072, 0.5038414526865889753, 0.5044269223427354509, 0.5050129009974141381, 0.5061682757652695708, 0.5073235069872933378, 0.5076580746689920431, 0.5079922781127018672, 0.5085109648004720873, 0.5090300004263547118, 0.5098526054286940390, 0.5106756002688621621, 0.5120216574410966226, 0.5133689093139228721, 0.5145490573390292255, 0.5157279886934792446, 0.5178454967361779682, 0.5199679029418199372, 0.5224806839939261094, 0.5249927929493788392, 0.5274835438728434633, 0.5299739229326682066, 0.5324482833303607610, 0.5349228304471892459, 0.5373832951691674964, 0.5398437417958841245, 0.5447465455671146595, 0.5496500262929494562, 0.5545474768899836260, 0.5594446108356625480, 0.5643387911202782936, 0.5692330735290141996, 0.5741256743479795643, 0.5839103732904274979, 0.5888025099571129184, 0.5936948870921310295, 0.6034802570695237955, 0.6083732629279983151, 0.6132670174491504644, 0.6181607888084421631, 0.6328448977697437305, 0.6377400048144529210, 0.6475310188594384231, 0.6573223070325384665, 0.6720088366686755021, 0.6866949943413086510, 0.6964856408231802076, 0.7013809593034652234, 0.7111716334332569556, 0.7160669967857112850, 0.7209623754845436716, 0.7258577676409336821, 0.7307531674997088667, 0.7356485760344052549, 0.7454394056501415511, 0.7503348219063126212, 0.7552302362312728334, 0.7601256438014164507, 0.7699164473735281566, 0.7748118433799877636, 0.7797072374611319079, 0.7846026286553553497, 0.7894980198495789026, 0.7943934100817763300, 0.8041841905461709628, 0.8090795817403945156, 0.8139749748590914269, 0.8286611590276989903, 0.8335565540714305888, 0.8433473489730952677, 0.8482427449795548746, 0.8580335369924741995, 0.8629289329989339175, 0.8678243280426656270, 0.8727197240491252339, 0.8776151190928569434, 0.8874059091803203625, 0.8923013042240519610, 0.8971967002305117900, 0.9020920952742434995, 0.9118828853617069186, 0.9167782804054386281, 0.9216736764118982350, 0.9363598615430933636, 0.9412552575495530816, 0.9461506525932847911, 0.9559414426807482101, 0.9608368377244799197, 0.9657322337309395266, 0.9755230238184029457, 0.9804184188621346552, 0.9853138129432787995, 0.9877615099838508161, 0.9926569059903105341, 1.000000000000000000 ),
 .UNSPECIFIED. ) ;
#2593 = DIRECTION ( 'NONE',  ( 0.6427875972986035746, -0.7660444535136902156, 1.028966569397394973E-14 ) ) ;
#2594 = CARTESIAN_POINT ( 'NONE',  ( 87.65500059961293289, -3.742506279199127484, 0.000000000000000000 ) ) ;
#2595 = DIRECTION ( 'NONE',  ( 0.6427875972986035746, -0.7660444535136903266, 0.000000000000000000 ) ) ;
#2596 = EDGE_CURVE ( 'NONE', #4078, #5197, #4501, .T. ) ;
#2597 = DIRECTION ( 'NONE',  ( 0.7660444535136902156, 0.6427875972986035746, -0.000000000000000000 ) ) ;
#2598 = CARTESIAN_POINT ( 'NONE',  ( 85.53318235361022914, -3.585490271141727359, 518.9999999999997726 ) ) ;
#2599 = ORIENTED_EDGE ( 'NONE', *, *, #467, .T. ) ;
#2600 = CARTESIAN_POINT ( 'NONE',  ( 141.7227456530524137, 14.28680784239818458, 161.0000000000000000 ) ) ;
#2601 = EDGE_LOOP ( 'NONE', ( #3778, #5409, #1191, #6492, #1075, #3483, #1790, #4707 ) ) ;
#2602 = CARTESIAN_POINT ( 'NONE',  ( 153.6098310104484597, 0.1203306969984885288, -9.804599309964982597E-15 ) ) ;
#2603 = CARTESIAN_POINT ( 'NONE',  ( 179.9726353222733621, 1.652043166446703681, 0.000000000000000000 ) ) ;
#2604 = EDGE_CURVE ( 'NONE', #6075, #3921, #2310, .T. ) ;
#2605 = ORIENTED_EDGE ( 'NONE', *, *, #6321, .F. ) ;
#2606 = CARTESIAN_POINT ( 'NONE',  ( 184.3164905826809843, -0.1919654779424727342, 96.73496943689518446 ) ) ;
#2607 = CARTESIAN_POINT ( 'NONE',  ( 178.8271530543888730, -33.04395214513932189, 140.2610123065356902 ) ) ;
#2608 = ADVANCED_FACE ( 'NONE', ( #4533 ), #6722, .F. ) ;
#2609 = VERTEX_POINT ( 'NONE', #3935 ) ;
#2610 = CARTESIAN_POINT ( 'NONE',  ( 0.2369448244436554163, -6.451907268908500193, 226.0000000000000000 ) ) ;
#2611 = ADVANCED_FACE ( 'NONE', ( #2971 ), #5141, .T. ) ;
#2612 = VERTEX_POINT ( 'NONE', #2277 ) ;
#2613 = CARTESIAN_POINT ( 'NONE',  ( 184.3164905826809843, 0.3083721082516458489, 229.0000000000000000 ) ) ;
#2614 = EDGE_CURVE ( 'NONE', #3931, #4126, #2342, .T. ) ;
#2615 = CARTESIAN_POINT ( 'NONE',  ( 152.0777421034210306, -1.165244497598732609, 19.26989883339205889 ) ) ;
#2616 = EDGE_LOOP ( 'NONE', ( #4213, #3652, #3954, #4490 ) ) ;
#2617 = CARTESIAN_POINT ( 'NONE',  ( 146.5281689998066383, 5.448479403202883375, 121.4538633601287501 ) ) ;
#2618 = CARTESIAN_POINT ( 'NONE',  ( 6.322581031833100162, 6.648350067546798137, 0.000000000000000000 ) ) ;
#2619 = DIRECTION ( 'NONE',  ( 3.380198677952664937E-14, 1.000000000000000000, 0.000000000000000000 ) ) ;
#2620 = VECTOR ( 'NONE', #2442, 1000.000000000000000 ) ;
#2621 = CARTESIAN_POINT ( 'NONE',  ( 96.98060923560068147, 15.70734795441399534, 0.000000000000000000 ) ) ;
#2622 = CARTESIAN_POINT ( 'NONE',  ( 75.17243494023587402, -3.092753352163815972, 519.0000000000000000 ) ) ;
#2623 = DIRECTION ( 'NONE',  ( 0.7660444535136902156, 0.6427875972986035746, -0.000000000000000000 ) ) ;
#2624 = VERTEX_POINT ( 'NONE', #949 ) ;
#2625 = CARTESIAN_POINT ( 'NONE',  ( 90.20120286622805850, 75.68779357109526984, 44.77974606568174920 ) ) ;
#2626 = FACE_OUTER_BOUND ( 'NONE', #2149, .T. ) ;
#2627 = CARTESIAN_POINT ( 'NONE',  ( 146.5281689998066383, 5.448479403202855842, 134.2089397439838763 ) ) ;
#2628 = ORIENTED_EDGE ( 'NONE', *, *, #159, .T. ) ;
#2629 = FACE_OUTER_BOUND ( 'NONE', #5789, .T. ) ;
#2630 = CARTESIAN_POINT ( 'NONE',  ( 113.7650004060434696, -2.783004394769736489, 0.000000000000000000 ) ) ;
#2631 = CARTESIAN_POINT ( 'NONE',  ( 184.3164905826810127, -0.1919650794477035793, 197.5568105087499191 ) ) ;
#2632 = VECTOR ( 'NONE', #7034, 1000.000000000000114 ) ;
#2633 = EDGE_CURVE ( 'NONE', #4585, #6536, #2667, .T. ) ;
#2634 = CARTESIAN_POINT ( 'NONE',  ( 153.6098310104484881, 0.1203306969985071806, 92.10772055337685060 ) ) ;
#2635 = CARTESIAN_POINT ( 'NONE',  ( 77.09535702400799551, -3.280706418644204092, 518.9999999999998863 ) ) ;
#2636 = CARTESIAN_POINT ( 'NONE',  ( 141.0957923219085330, 11.92253403803084488, 81.56143428830338848 ) ) ;
#2637 = ORIENTED_EDGE ( 'NONE', *, *, #2275, .T. ) ;
#2638 = CARTESIAN_POINT ( 'NONE',  ( 184.3164905826809843, 0.6290155530310499454, 161.0000000000000000 ) ) ;
#2639 = ORIENTED_EDGE ( 'NONE', *, *, #5833, .F. ) ;
#2640 = VECTOR ( 'NONE', #2623, 1000.000000000000000 ) ;
#2641 = VECTOR ( 'NONE', #48, 1000.000000000000000 ) ;
#2642 = DIRECTION ( 'NONE',  ( 0.6427875972986036857, -0.7660444535136901045, -1.368455531567204475E-48 ) ) ;
#2643 = CARTESIAN_POINT ( 'NONE',  ( 182.7700970122592139, 0.9947690544743923446, 0.000000000000000000 ) ) ;
#2644 = EDGE_LOOP ( 'NONE', ( #3141, #2255, #1819, #2715, #2566 ) ) ;
#2645 = VECTOR ( 'NONE', #4821, 1000.000000000000114 ) ;
#2646 = PLANE ( 'NONE',  #3064 ) ;
#2647 = AXIS2_PLACEMENT_3D ( 'NONE', #6691, #4610, #5720 ) ;
#2648 = DIRECTION ( 'NONE',  ( -0.6427875972986035746, 0.7660444535136902156, 6.018531076210112041E-33 ) ) ;
#2649 = AXIS2_PLACEMENT_3D ( 'NONE', #6688, #3391, #170 ) ;
#2650 = ORIENTED_EDGE ( 'NONE', *, *, #1129, .T. ) ;
#2651 = VECTOR ( 'NONE', #3859, 1000.000000000000000 ) ;
#2652 = LINE ( 'NONE', #6997, #6641 ) ;
#2653 = VECTOR ( 'NONE', #1500, 1000.000000000000000 ) ;
#2654 = VERTEX_POINT ( 'NONE', #5397 ) ;
#2655 = CARTESIAN_POINT ( 'NONE',  ( 146.5281689998066099, 5.448479403202883375, -9.804599309964982597E-15 ) ) ;
#2656 = CARTESIAN_POINT ( 'NONE',  ( 152.0777421034210874, -1.165244497598704854, 32.02482244953694845 ) ) ;
#2657 = EDGE_LOOP ( 'NONE', ( #6191, #3314, #2993, #4858 ) ) ;
#2658 = LINE ( 'NONE', #4892, #6161 ) ;
#2659 = CARTESIAN_POINT ( 'NONE',  ( 131.4033424095814269, 9.784364833522705140, 518.9999999999994316 ) ) ;
#2660 = LINE ( 'NONE', #5895, #3816 ) ;
#2661 = ADVANCED_FACE ( 'NONE', ( #6405 ), #384, .F. ) ;
#2662 = CARTESIAN_POINT ( 'NONE',  ( 72.73513643474268520, 17.04393875459618002, 0.000000000000000000 ) ) ;
#2663 = CARTESIAN_POINT ( 'NONE',  ( 84.96566048629469492, -3.579647683657998680, 519.0000000000000000 ) ) ;
#2664 = DIRECTION ( 'NONE',  ( -0.4545194689124505971, 0.5416752277698736462, 0.7071067811865470176 ) ) ;
#2665 = ORIENTED_EDGE ( 'NONE', *, *, #1031, .F. ) ;
#2666 = CARTESIAN_POINT ( 'NONE',  ( 172.0226883892201499, 3.444923865047519573, 226.0000000000000284 ) ) ;
#2667 = LINE ( 'NONE', #532, #4961 ) ;
#2668 = CARTESIAN_POINT ( 'NONE',  ( 146.5281689998066099, 5.448479403202890481, 252.9597138208725653 ) ) ;
#2669 = EDGE_LOOP ( 'NONE', ( #5378, #3804, #6563, #355 ) ) ;
#2670 = EDGE_CURVE ( 'NONE', #1477, #5903, #3723, .T. ) ;
#2671 = B_SPLINE_CURVE_WITH_KNOTS ( 'NONE', 3,
 ( #6850, #2606, #2084, #6245, #2009, #5199, #1461 ),
 .UNSPECIFIED., .F., .F.,
 ( 4, 3, 4 ),
 ( 0.002999999999999988787, 0.01279509168931447505, 0.05000000000000000278 ),
 .UNSPECIFIED. ) ;
#2672 = VECTOR ( 'NONE', #4648, 1000.000000000000000 ) ;
#2673 = CARTESIAN_POINT ( 'NONE',  ( 184.3164905826809843, -6.647825509190094628, 103.0000000000000142 ) ) ;
#2674 = CARTESIAN_POINT ( 'NONE',  ( 57.19327467542034071, -4.858866963981833820, 0.000000000000000000 ) ) ;
#2675 = DIRECTION ( 'NONE',  ( 0.6427875972986035746, -0.7660444535136902156, -6.018531076210112041E-33 ) ) ;
#2676 = CARTESIAN_POINT ( 'NONE',  ( 88.66911395920067207, 74.40221837649805536, 62.41254501415071587 ) ) ;
#2677 = CARTESIAN_POINT ( 'NONE',  ( 115.5426461021848752, -2.717561068674976266, 518.9999999999994316 ) ) ;
#2678 = CARTESIAN_POINT ( 'NONE',  ( 185.1322146636000241, 0.4360065811357574650, 287.9999999999998295 ) ) ;
#2679 = ORIENTED_EDGE ( 'NONE', *, *, #2210, .F. ) ;
#2680 = CARTESIAN_POINT ( 'NONE',  ( 147.8724807959876273, 8.292705252561338725, 161.0000000000001137 ) ) ;
#2681 = ORIENTED_EDGE ( 'NONE', *, *, #4123, .T. ) ;
#2682 = ADVANCED_FACE ( 'NONE', ( #5285 ), #2139, .T. ) ;
#2683 = EDGE_CURVE ( 'NONE', #2570, #1048, #4721, .T. ) ;
#2684 = FACE_BOUND ( 'NONE', #95, .T. ) ;
#2685 = LINE ( 'NONE', #5302, #3324 ) ;
#2686 = AXIS2_PLACEMENT_3D ( 'NONE', #227, #3445, #2396 ) ;
#2687 = EDGE_LOOP ( 'NONE', ( #993, #4899, #2024 ) ) ;
#2688 = LINE ( 'NONE', #2157, #6370 ) ;
#2689 = CARTESIAN_POINT ( 'NONE',  ( 184.3164905826809559, 0.3083718411603724729, 158.0000000000000000 ) ) ;
#2690 = VERTEX_POINT ( 'NONE', #4297 ) ;
#2691 = CARTESIAN_POINT ( 'NONE',  ( 184.3164905826809843, -0.1919656514757029087, 48.00000000000000000 ) ) ;
#2692 = ORIENTED_EDGE ( 'NONE', *, *, #2099, .F. ) ;
#2693 = LINE ( 'NONE', #6575, #4097 ) ;
#2694 = ORIENTED_EDGE ( 'NONE', *, *, #4889, .F. ) ;
#2695 = CARTESIAN_POINT ( 'NONE',  ( 146.5281689998066383, 5.448479403202897586, 269.8361105482872517 ) ) ;
#2696 = DIRECTION ( 'NONE',  ( -6.378601426329706152E-17, -5.352281928482944175E-17, -1.000000000000000000 ) ) ;
#2697 = CARTESIAN_POINT ( 'NONE',  ( 157.4226893351417402, 6.206648857014352316, 519.0000000000001137 ) ) ;
#2698 = DIRECTION ( 'NONE',  ( 0.000000000000000000, 0.7938448021158684975, 0.6081204076115334090 ) ) ;
#2699 = ORIENTED_EDGE ( 'NONE', *, *, #6385, .F. ) ;
#2700 = CARTESIAN_POINT ( 'NONE',  ( 0.2723202859128955877, -1.286439555938088786, 0.000000000000000000 ) ) ;
#2701 = CARTESIAN_POINT ( 'NONE',  ( 154.3747233051220178, -0.7912324730635189596, 221.0000000000000000 ) ) ;
#2702 = CARTESIAN_POINT ( 'NONE',  ( 162.6890253046868224, -0.9862314261816789163, 0.000000000000000000 ) ) ;
#2703 = ADVANCED_FACE ( 'NONE', ( #1516 ), #6476, .F. ) ;
#2704 = LINE ( 'NONE', #565, #675 ) ;
#2705 = PLANE ( 'NONE',  #6552 ) ;
#2706 = CARTESIAN_POINT ( 'NONE',  ( 148.0602579068340106, 6.734054597800091635, 23.39121917695166530 ) ) ;
#2707 = VERTEX_POINT ( 'NONE', #5942 ) ;
#2708 = FACE_OUTER_BOUND ( 'NONE', #2564, .T. ) ;
#2709 = CARTESIAN_POINT ( 'NONE',  ( 123.0900004109218031, -2.440584521422289654, 0.000000000000000000 ) ) ;
#2710 = DIRECTION ( 'NONE',  ( 0.6427875972986036857, -0.7660444535136901045, 0.000000000000000000 ) ) ;
#2711 = ADVANCED_FACE ( 'NONE', ( #1060 ), #2705, .T. ) ;
#2712 = EDGE_CURVE ( 'NONE', #1821, #60, #6904, .T. ) ;
#2713 = LINE ( 'NONE', #5549, #4502 ) ;
#2714 = CARTESIAN_POINT ( 'NONE',  ( 87.40971697620670966, -3.590500737704453105, 519.0000000000001137 ) ) ;
#2715 = ORIENTED_EDGE ( 'NONE', *, *, #4351, .F. ) ;
#2716 = CARTESIAN_POINT ( 'NONE',  ( 176.3254526750041009, 2.495114193770532562, 161.0000000000001705 ) ) ;
#2717 = VERTEX_POINT ( 'NONE', #6975 ) ;
#2718 = DIRECTION ( 'NONE',  ( -0.03670003166893780200, 0.9993263269200401977, 0.000000000000000000 ) ) ;
#2719 = CARTESIAN_POINT ( 'NONE',  ( 160.3899999544526622, -1.070658759825990902, 0.000000000000000000 ) ) ;
#2720 = ORIENTED_EDGE ( 'NONE', *, *, #2202, .T. ) ;
#2721 = FACE_BOUND ( 'NONE', #2394, .T. ) ;
#2722 = PLANE ( 'NONE',  #4385 ) ;
#2723 = ORIENTED_EDGE ( 'NONE', *, *, #2372, .F. ) ;
#2724 = VECTOR ( 'NONE', #4067, 1000.000000000000114 ) ;
#2725 = CARTESIAN_POINT ( 'NONE',  ( 148.0602579068340106, 6.734054597800099629, 171.2421058068590298 ) ) ;
#2726 = VERTEX_POINT ( 'NONE', #2026 ) ;
#2727 = LINE ( 'NONE', #5424, #6506 ) ;
#2728 = EDGE_CURVE ( 'NONE', #3926, #1324, #4869, .T. ) ;
#2729 = ORIENTED_EDGE ( 'NONE', *, *, #4285, .T. ) ;
#2730 = CARTESIAN_POINT ( 'NONE',  ( 146.5281689998066383, 5.448479403202883375, 32.02482244953694135 ) ) ;
#2731 = CARTESIAN_POINT ( 'NONE',  ( 110.4191829968820571, 14.32427872526386636, 0.000000000000000000 ) ) ;
#2732 = CARTESIAN_POINT ( 'NONE',  ( 163.2287476685712022, 5.357308547528043086, 103.0000000000000000 ) ) ;
#2733 = ORIENTED_EDGE ( 'NONE', *, *, #6978, .T. ) ;
#2734 = CARTESIAN_POINT ( 'NONE',  ( 1.852362163436769960, -2.933864939892795398, 0.000000000000000000 ) ) ;
#2735 = CARTESIAN_POINT ( 'NONE',  ( 186.8020647735157809, -0.1006753912164319587, 519.0000000000000000 ) ) ;
#2736 = CARTESIAN_POINT ( 'NONE',  ( 146.5281689998066099, 5.448479403202883375, -9.804599309964982597E-15 ) ) ;
#2737 = PLANE ( 'NONE',  #6491 ) ;
#2738 = CARTESIAN_POINT ( 'NONE',  ( 154.3747230897488407, -0.7912322163916676310, 100.0000000000000000 ) ) ;
#2739 = LINE ( 'NONE', #3266, #641 ) ;
#2740 = LINE ( 'NONE', #352, #2077 ) ;
#2741 = CARTESIAN_POINT ( 'NONE',  ( 152.0777421034210590, -1.165244497598718620, -9.804599309964982597E-15 ) ) ;
#2742 = CARTESIAN_POINT ( 'NONE',  ( 106.8996657183215859, 10.68527364003930025, 519.0000000000000000 ) ) ;
#2743 = PLANE ( 'NONE',  #477 ) ;
#2744 = CARTESIAN_POINT ( 'NONE',  ( 184.3164905826809843, 0.6291613018695099147, 48.00000000000000000 ) ) ;
#2745 = EDGE_CURVE ( 'NONE', #2853, #4662, #3648, .T. ) ;
#2746 = CARTESIAN_POINT ( 'NONE',  ( 184.3164905826809843, 0.3083718411603731391, 166.0000000000000000 ) ) ;
#2747 = CARTESIAN_POINT ( 'NONE',  ( 1.247712657388743374, 2.301766966073418352, 0.000000000000000000 ) ) ;
#2748 = LINE ( 'NONE', #5952, #4001 ) ;
#2749 = ORIENTED_EDGE ( 'NONE', *, *, #4476, .T. ) ;
#2750 = DIRECTION ( 'NONE',  ( -0.6427875972986035746, 0.7660444535136902156, 0.000000000000000000 ) ) ;
#2751 = EDGE_LOOP ( 'NONE', ( #1400, #2928, #261, #2015, #1723, #2151 ) ) ;
#2752 = DIRECTION ( 'NONE',  ( 0.7660444535136902156, 0.6427875972986035746, -0.000000000000000000 ) ) ;
#2753 = CARTESIAN_POINT ( 'NONE',  ( 100.7106671654294843, 15.36355636898016108, 0.000000000000000000 ) ) ;
#2754 = ORIENTED_EDGE ( 'NONE', *, *, #6534, .T. ) ;
#2755 = FACE_BOUND ( 'NONE', #5601, .T. ) ;
#2756 = VECTOR ( 'NONE', #2347, 1000.000000000000114 ) ;
#2757 = LINE ( 'NONE', #6531, #2462 ) ;
#2758 = EDGE_LOOP ( 'NONE', ( #2679, #6001, #2230, #5110 ) ) ;
#2759 = AXIS2_PLACEMENT_3D ( 'NONE', #1822, #5193, #327 ) ;
#2760 = EDGE_CURVE ( 'NONE', #4774, #4379, #7046, .T. ) ;
#2761 = LINE ( 'NONE', #4458, #4467 ) ;
#2762 = ORIENTED_EDGE ( 'NONE', *, *, #1125, .T. ) ;
#2763 = VECTOR ( 'NONE', #806, 1000.000000000000114 ) ;
#2764 = CARTESIAN_POINT ( 'NONE',  ( 152.0777421034211159, -1.165244497598704854, 242.3261105482872608 ) ) ;
#2765 = VERTEX_POINT ( 'NONE', #984 ) ;
#2766 = CARTESIAN_POINT ( 'NONE',  ( 183.3682539534259206, 0.8533092653526744842, 162.9999999999999716 ) ) ;
#2767 = CARTESIAN_POINT ( 'NONE',  ( 86.69350627748987392, 16.49372675104632435, 0.000000000000000000 ) ) ;
#2768 = CARTESIAN_POINT ( 'NONE',  ( 184.3164905826809843, 0.6290967658877177904, 103.0000000000000142 ) ) ;
#2769 = VECTOR ( 'NONE', #6197, 1000.000000000000000 ) ;
#2770 = VERTEX_POINT ( 'NONE', #420 ) ;
#2771 = VECTOR ( 'NONE', #1068, 1000.000000000000000 ) ;
#2772 = CARTESIAN_POINT ( 'NONE',  ( 4.655900333956482839, -4.027682162981619740, 0.000000000000000000 ) ) ;
#2773 = DIRECTION ( 'NONE',  ( 0.9993263279542508037, 0.03670000350780839443, 0.000000000000000000 ) ) ;
#2774 = CARTESIAN_POINT ( 'NONE',  ( 165.5492565146905690, -0.8811844440370502074, 519.0000000000001137 ) ) ;
#2775 = DIRECTION ( 'NONE',  ( 0.7660444535136902156, 0.6427875972986035746, -0.000000000000000000 ) ) ;
#2776 = DIRECTION ( 'NONE',  ( 0.000000000000000000, 0.000000000000000000, 1.000000000000000000 ) ) ;
#2777 = CARTESIAN_POINT ( 'NONE',  ( 184.3164905826809843, -0.1919652221612422049, 166.0000000000000000 ) ) ;
#2778 = CARTESIAN_POINT ( 'NONE',  ( 143.7184266949427354, 8.362088616596597745, 519.0000000000000000 ) ) ;
#2779 = CARTESIAN_POINT ( 'NONE',  ( 154.7820050345175105, -1.276611953209101147, 105.0000000000000142 ) ) ;
#2780 = CARTESIAN_POINT ( 'NONE',  ( 183.1500396633298919, 0.9050725398238210762, 519.0000000000001137 ) ) ;
#2781 = CARTESIAN_POINT ( 'NONE',  ( 153.6098310104484597, 0.1203306969984885288, -9.804599309964982597E-15 ) ) ;
#2782 = EDGE_CURVE ( 'NONE', #2534, #1219, #454, .T. ) ;
#2783 = LINE ( 'NONE', #2636, #604 ) ;
#2784 = ORIENTED_EDGE ( 'NONE', *, *, #4159, .T. ) ;
#2785 = CARTESIAN_POINT ( 'NONE',  ( 146.5608514009248893, 8.520977746661662522, 165.4202336715860326 ) ) ;
#2786 = VECTOR ( 'NONE', #3881, 1000.000000000000114 ) ;
#2787 = VERTEX_POINT ( 'NONE', #1476 ) ;
#2788 = CARTESIAN_POINT ( 'NONE',  ( 184.3164905826809843, -0.1919653859707818599, 121.4016361035618559 ) ) ;
#2789 = CARTESIAN_POINT ( 'NONE',  ( 67.13999733432717676, 17.09009698842428904, 0.000000000000000000 ) ) ;
#2790 = ORIENTED_EDGE ( 'NONE', *, *, #986, .T. ) ;
#2791 = FACE_BOUND ( 'NONE', #2536, .T. ) ;
#2792 = ADVANCED_FACE ( 'NONE', ( #2626 ), #5901, .F. ) ;
#2793 = CARTESIAN_POINT ( 'NONE',  ( 154.3747231386197711, -0.7912322746338683599, 158.0000000000000000 ) ) ;
#2794 = EDGE_CURVE ( 'NONE', #4630, #5806, #6938, .T. ) ;
#2795 = ORIENTED_EDGE ( 'NONE', *, *, #3462, .T. ) ;
#2796 = FACE_OUTER_BOUND ( 'NONE', #1505, .T. ) ;
#2797 = B_SPLINE_CURVE_WITH_KNOTS ( 'NONE', 3,
 ( #4176, #6391, #409, #4781, #2514, #6962, #3434 ),
 .UNSPECIFIED., .F., .F.,
 ( 4, 3, 4 ),
 ( 5.551115123125782702E-17, 0.002559018337862928316, 0.003000000000000002665 ),
 .UNSPECIFIED. ) ;
#2798 = VERTEX_POINT ( 'NONE', #498 ) ;
#2799 = CARTESIAN_POINT ( 'NONE',  ( 133.5226630771315968, 24.05928603276421995, 67.39622916336205094 ) ) ;
#2800 = VERTEX_POINT ( 'NONE', #3687 ) ;
#2801 = EDGE_CURVE ( 'NONE', #6120, #2046, #2274, .T. ) ;
#2802 = CARTESIAN_POINT ( 'NONE',  ( 81.06612863422485304, 7.380224242437853910, 519.0000000000002274 ) ) ;
#2803 = CARTESIAN_POINT ( 'NONE',  ( 180.4407208806337906, 1.544343149823919514, 103.0000000000000426 ) ) ;
#2804 = VECTOR ( 'NONE', #2776, 1000.000000000000000 ) ;
#2805 = ORIENTED_EDGE ( 'NONE', *, *, #6010, .T. ) ;
#2806 = CARTESIAN_POINT ( 'NONE',  ( 57.81486591581965939, 16.96430749178105302, 0.000000000000000000 ) ) ;
#2807 = AXIS2_PLACEMENT_3D ( 'NONE', #4362, #4399, #6580 ) ;
#2808 = PLANE ( 'NONE',  #3475 ) ;
#2809 = FACE_BOUND ( 'NONE', #1526, .T. ) ;
#2810 = LINE ( 'NONE', #6086, #221 ) ;
#2811 = VECTOR ( 'NONE', #426, 1000.000000000000114 ) ;
#2812 = DIRECTION ( 'NONE',  ( 0.000000000000000000, 0.000000000000000000, -1.000000000000000000 ) ) ;
#2813 = CARTESIAN_POINT ( 'NONE',  ( 185.5675000005096535, -0.1460200138781804213, 0.000000000000000000 ) ) ;
#2814 = CARTESIAN_POINT ( 'NONE',  ( 154.7820050336370628, -1.276611952159911079, 106.7060122252419205 ) ) ;
#2815 = CARTESIAN_POINT ( 'NONE',  ( 186.8020647735157524, 0.04016486808356803384, 519.0000000000000000 ) ) ;
#2816 = DIRECTION ( 'NONE',  ( -6.378601426329706152E-17, -5.352281928482944175E-17, -1.000000000000000000 ) ) ;
#2817 = EDGE_CURVE ( 'NONE', #5058, #963, #2406, .T. ) ;
#2818 = CARTESIAN_POINT ( 'NONE',  ( -0.01967624726082736406, -0.3235909649902000695, 0.000000000000000000 ) ) ;
#2819 = CARTESIAN_POINT ( 'NONE',  ( 146.5281689998066383, 5.448479403202883375, 87.98640020981726195 ) ) ;
#2820 = VERTEX_POINT ( 'NONE', #5675 ) ;
#2821 = CARTESIAN_POINT ( 'NONE',  ( 146.6248960114692181, 8.444652349452612228, 221.4409861236309496 ) ) ;
#2822 = VERTEX_POINT ( 'NONE', #4565 ) ;
#2823 = CARTESIAN_POINT ( 'NONE',  ( 153.6098310104485165, 0.1203306969984295483, 242.3261105482872608 ) ) ;
#2824 = CARTESIAN_POINT ( 'NONE',  ( 35.43218063773086612, 15.40499870412437211, 0.000000000000000000 ) ) ;
#2825 = EDGE_LOOP ( 'NONE', ( #3825, #3446, #4968, #4167 ) ) ;
#2826 = DIRECTION ( 'NONE',  ( 0.000000000000000000, 0.000000000000000000, 1.000000000000000000 ) ) ;
#2827 = EDGE_LOOP ( 'NONE', ( #2840, #3540, #2349, #5162 ) ) ;
#2828 = CARTESIAN_POINT ( 'NONE',  ( 43.17309805365464825, 128.6222605613255041, 70.77923733555081753 ) ) ;
#2829 = ORIENTED_EDGE ( 'NONE', *, *, #1638, .T. ) ;
#2830 = CARTESIAN_POINT ( 'NONE',  ( 46.01172133595713376, 16.48707252421954195, 0.000000000000000000 ) ) ;
#2831 = ORIENTED_EDGE ( 'NONE', *, *, #5606, .F. ) ;
#2832 = DIRECTION ( 'NONE',  ( 0.6427875972986036857, -0.7660444535136901045, 0.000000000000000000 ) ) ;
#2833 = EDGE_CURVE ( 'NONE', #577, #4078, #4028, .T. ) ;
#2834 = DIRECTION ( 'NONE',  ( 0.000000000000000000, 0.000000000000000000, 1.000000000000000000 ) ) ;
#2835 = CARTESIAN_POINT ( 'NONE',  ( 90.20120286622807271, 75.68779357109528405, 242.3261105482872608 ) ) ;
#2836 = VERTEX_POINT ( 'NONE', #764 ) ;
#2837 = VECTOR ( 'NONE', #209, 1000.000000000000000 ) ;
#2838 = EDGE_CURVE ( 'NONE', #1245, #6576, #6428, .T. ) ;
#2839 = CARTESIAN_POINT ( 'NONE',  ( 146.5281689998066668, 5.448479403202852289, 171.2421058068590298 ) ) ;
#2840 = ORIENTED_EDGE ( 'NONE', *, *, #5382, .T. ) ;
#2841 = LINE ( 'NONE', #1299, #2837 ) ;
#2842 = CARTESIAN_POINT ( 'NONE',  ( 184.3164905826810127, 0.6291844958767940366, 25.86339445953973026 ) ) ;
#2843 = CARTESIAN_POINT ( 'NONE',  ( 186.5000000000000284, -0.1117700000000000082, 0.000000000000000000 ) ) ;
#2844 = DIRECTION ( 'NONE',  ( -0.4545194689124500420, 0.5416752277698730911, -0.7071067811865480168 ) ) ;
#2845 = CARTESIAN_POINT ( 'NONE',  ( 174.9005243410982757, 2.829129485037704228, 0.000000000000000000 ) ) ;
#2846 = CARTESIAN_POINT ( 'NONE',  ( 157.6985581362896767, -1.169502021468983299, 47.99999999999997868 ) ) ;
#2847 = CARTESIAN_POINT ( 'NONE',  ( 0.5108284000137433001, -1.702787476243948994, 0.000000000000000000 ) ) ;
#2848 = VERTEX_POINT ( 'NONE', #6177 ) ;
#2849 = CARTESIAN_POINT ( 'NONE',  ( 167.6067023407996999, -19.67193925753565509, 122.8050894468779433 ) ) ;
#2850 = VERTEX_POINT ( 'NONE', #798 ) ;
#2851 = CARTESIAN_POINT ( 'NONE',  ( 0.000000000000000000, 0.000000000000000000, 100.0000000000000000 ) ) ;
#2852 = CARTESIAN_POINT ( 'NONE',  ( 59.67985373236170688, 17.00756120849420583, 0.000000000000000000 ) ) ;
#2853 = VERTEX_POINT ( 'NONE', #3797 ) ;
#2854 = CARTESIAN_POINT ( 'NONE',  ( 184.3164905826809843, -0.1919646770075465747, 286.0000000000000568 ) ) ;
#2855 = ORIENTED_EDGE ( 'NONE', *, *, #3835, .F. ) ;
#2856 = DIRECTION ( 'NONE',  ( 0.6427875972986036857, -0.7660444535136901045, 0.000000000000000000 ) ) ;
#2857 = VERTEX_POINT ( 'NONE', #5135 ) ;
#2858 = VECTOR ( 'NONE', #4442, 1000.000000000000000 ) ;
#2859 = CARTESIAN_POINT ( 'NONE',  ( 98.57177095988701865, 15.57764301922061101, 0.000000000000000000 ) ) ;
#2860 = ORIENTED_EDGE ( 'NONE', *, *, #4516, .T. ) ;
#2861 = SURFACE_SIDE_STYLE ('',( #2403 ) ) ;
#2862 = DIRECTION ( 'NONE',  ( 0.000000000000000000, 1.000000000000000000, 0.000000000000000000 ) ) ;
#2863 = AXIS2_PLACEMENT_3D ( 'NONE', #141, #1169, #4872 ) ;
#2864 = DIRECTION ( 'NONE',  ( 0.7660444535136902156, 0.6427875972986035746, -0.000000000000000000 ) ) ;
#2865 = ORIENTED_EDGE ( 'NONE', *, *, #1842, .F. ) ;
#2866 = VECTOR ( 'NONE', #4906, 1000.000000000000000 ) ;
#2867 = VECTOR ( 'NONE', #1364, 1000.000000000000000 ) ;
#2868 = CARTESIAN_POINT ( 'NONE',  ( 146.5281689998066383, 5.448479403202896698, 244.3261105482872608 ) ) ;
#2869 = CARTESIAN_POINT ( 'NONE',  ( 67.44498881865484918, -4.480818540547637063, 0.000000000000000000 ) ) ;
#2870 = CARTESIAN_POINT ( 'NONE',  ( 146.5281689998066383, 5.448479403202897586, 269.8361105482872517 ) ) ;
#2871 =( GEOMETRIC_REPRESENTATION_CONTEXT ( 3 ) GLOBAL_UNCERTAINTY_ASSIGNED_CONTEXT ( ( #682 ) ) GLOBAL_UNIT_ASSIGNED_CONTEXT ( ( #1767, #1325, #4526 ) ) REPRESENTATION_CONTEXT ( 'NONE', 'WORKASPACE' ) );
#2872 = CARTESIAN_POINT ( 'NONE',  ( 146.5281689998066383, 5.448479403202869165, 134.2089397439838763 ) ) ;
#2873 = VECTOR ( 'NONE', #2856, 1000.000000000000000 ) ;
#2874 = CARTESIAN_POINT ( 'NONE',  ( 175.0529409585337532, 2.733046777661535032, 519.0000000000000000 ) ) ;
#2875 = CARTESIAN_POINT ( 'NONE',  ( 152.0777421034210590, -1.165244497598718176, 8.514975219832457753 ) ) ;
#2876 = DIRECTION ( 'NONE',  ( 0.6427875972986036857, -0.7660444535136901045, 0.000000000000000000 ) ) ;
#2877 = PLANE ( 'NONE',  #2351 ) ;
#2878 = CARTESIAN_POINT ( 'NONE',  ( 5.741414752532661758, -4.245057524540879257, 0.000000000000000000 ) ) ;
#2879 = CARTESIAN_POINT ( 'NONE',  ( 146.9000644429649185, 8.393646567575167694, 224.0000000000001705 ) ) ;
#2880 = ORIENTED_EDGE ( 'NONE', *, *, #2355, .T. ) ;
#2881 = EDGE_CURVE ( 'NONE', #385, #6330, #3456, .T. ) ;
#2882 = DIRECTION ( 'NONE',  ( 0.4545194689124509857, -0.5416752277698740903, 0.7071067811865465735 ) ) ;
#2883 = ORIENTED_EDGE ( 'NONE', *, *, #5051, .T. ) ;
#2884 = EDGE_CURVE ( 'NONE', #4363, #3726, #2739, .T. ) ;
#2885 = LINE ( 'NONE', #5762, #3766 ) ;
#2886 = CARTESIAN_POINT ( 'NONE',  ( 87.65540232746393201, 16.41825791061272710, 0.000000000000000000 ) ) ;
#2887 = DIRECTION ( 'NONE',  ( 0.7660444535136902156, 0.6427875972986035746, 0.000000000000000000 ) ) ;
#2888 = EDGE_CURVE ( 'NONE', #7022, #4552, #6610, .T. ) ;
#2889 = DIRECTION ( 'NONE',  ( 0.6427875972986036857, -0.7660444535136901045, 0.000000000000000000 ) ) ;
#2890 = ORIENTED_EDGE ( 'NONE', *, *, #5448, .F. ) ;
#2891 = DIRECTION ( 'NONE',  ( 0.7660444535136902156, 0.6427875972986035746, -0.000000000000000000 ) ) ;
#2892 = VECTOR ( 'NONE', #4273, 999.9999999999998863 ) ;
#2893 = ORIENTED_EDGE ( 'NONE', *, *, #4002, .T. ) ;
#2894 = VERTEX_POINT ( 'NONE', #5440 ) ;
#2895 = CARTESIAN_POINT ( 'NONE',  ( 152.0777421034211159, -1.165244497598704854, 179.8757090794443059 ) ) ;
#2896 = CARTESIAN_POINT ( 'NONE',  ( 146.5281689998066099, 5.448479403202883375, -9.804599309964982597E-15 ) ) ;
#2897 = LINE ( 'NONE', #4564, #4786 ) ;
#2898 = CARTESIAN_POINT ( 'NONE',  ( 154.7820050313902982, -1.276611949482363118, 131.1967277928763451 ) ) ;
#2899 = ORIENTED_EDGE ( 'NONE', *, *, #4799, .F. ) ;
#2900 = EDGE_CURVE ( 'NONE', #5664, #5592, #5474, .T. ) ;
#2901 = VECTOR ( 'NONE', #5849, 999.9999999999998863 ) ;
#2902 = LINE ( 'NONE', #5034, #2087 ) ;
#2903 = EDGE_CURVE ( 'NONE', #1939, #5347, #1922, .T. ) ;
#2904 = CARTESIAN_POINT ( 'NONE',  ( 134.2951219817764752, -2.028834272031223129, 519.0000000000007958 ) ) ;
#2905 = CARTESIAN_POINT ( 'NONE',  ( 154.7636550312985264, -0.7769487892857795952, 100.0000000000000000 ) ) ;
#2906 = CARTESIAN_POINT ( 'NONE',  ( 186.1891714098126727, 0.1854526143105504343, -0.000000000000000000 ) ) ;
#2907 = CARTESIAN_POINT ( 'NONE',  ( 70.23035388445583749, 1.577629312819758711, 519.0000000000000000 ) ) ;
#2908 = EDGE_CURVE ( 'NONE', #4792, #5835, #3562, .T. ) ;
#2909 = CARTESIAN_POINT ( 'NONE',  ( 146.5281689998066383, 5.448479403202890481, 192.6306326955890995 ) ) ;
#2910 = ORIENTED_EDGE ( 'NONE', *, *, #955, .F. ) ;
#2911 = PLANE ( 'NONE',  #4045 ) ;
#2912 = ORIENTED_EDGE ( 'NONE', *, *, #1340, .F. ) ;
#2913 = DIRECTION ( 'NONE',  ( 1.000000000000000000, 0.000000000000000000, -0.000000000000000000 ) ) ;
#2914 = VECTOR ( 'NONE', #1562, 1000.000000000000000 ) ;
#2915 = ORIENTED_EDGE ( 'NONE', *, *, #5265, .F. ) ;
#2916 = LINE ( 'NONE', #5657, #5933 ) ;
#2917 = ADVANCED_FACE ( 'NONE', ( #6852 ), #4634, .T. ) ;
#2918 = CARTESIAN_POINT ( 'NONE',  ( 29.84003961220892265, -5.644176688354449745, 0.000000000000000000 ) ) ;
#2919 = EDGE_CURVE ( 'NONE', #6075, #1528, #4206, .T. ) ;
#2920 = EDGE_CURVE ( 'NONE', #5666, #846, #6314, .T. ) ;
#2921 = PLANE ( 'NONE',  #829 ) ;
#2922 = VERTEX_POINT ( 'NONE', #3003 ) ;
#2923 = CARTESIAN_POINT ( 'NONE',  ( 184.3164905826809559, -0.1919648034574963080, 259.5568105087499475 ) ) ;
#2924 = ORIENTED_EDGE ( 'NONE', *, *, #5537, .T. ) ;
#2925 = DIRECTION ( 'NONE',  ( -0.4545194689124505971, 0.5416752277698736462, 0.7071067811865470176 ) ) ;
#2926 = CARTESIAN_POINT ( 'NONE',  ( 2.352213067546507386, 3.446428525290371692, 0.000000000000000000 ) ) ;
#2927 = VERTEX_POINT ( 'NONE', #4170 ) ;
#2928 = ORIENTED_EDGE ( 'NONE', *, *, #2145, .T. ) ;
#2929 = CARTESIAN_POINT ( 'NONE',  ( 153.6098310104484597, 0.1203306969984937330, 117.3325430165691188 ) ) ;
#2930 = CARTESIAN_POINT ( 'NONE',  ( 169.0856202977918485, 4.121625089013121190, 0.000000000000000000 ) ) ;
#2931 = CARTESIAN_POINT ( 'NONE',  ( 153.6098310104484312, 0.1203306969985232233, 181.8757090794443059 ) ) ;
#2932 = CARTESIAN_POINT ( 'NONE',  ( 175.4594583162670745, 2.690367127573070949, 50.00000000000000711 ) ) ;
#2933 = EDGE_LOOP ( 'NONE', ( #728, #3748, #5690 ) ) ;
#2934 = EDGE_CURVE ( 'NONE', #1214, #125, #6347, .T. ) ;
#2935 = PLANE ( 'NONE',  #1167 ) ;
#2936 = B_SPLINE_CURVE_WITH_KNOTS ( 'NONE', 3,
 ( #4855, #2090, #1646, #4778, #5812, #5383, #4742, #2047, #517, #6387 ),
 .UNSPECIFIED., .F., .F.,
 ( 4, 3, 3, 4 ),
 ( 0.000000000000000000, 0.002559018337875107810, 0.01279509169080729827, 0.05100005557288254943 ),
 .UNSPECIFIED. ) ;
#2937 = CARTESIAN_POINT ( 'NONE',  ( 153.6098310104484312, 0.1203306969984746511, 19.26989883339205889 ) ) ;
#2938 = CARTESIAN_POINT ( 'NONE',  ( 109.1143167513361050, -2.953682490736255328, 0.000000000000000000 ) ) ;
#2939 = DIRECTION ( 'NONE',  ( -0.03670000643793609046, 0.9993263278466426591, 0.000000000000000000 ) ) ;
#2940 = CARTESIAN_POINT ( 'NONE',  ( 152.0777421034210590, -1.165244497598708184, 34.02482244953695556 ) ) ;
#2941 = CARTESIAN_POINT ( 'NONE',  ( 69.54481546317462914, -0.9698003432793642631, 519.0000000000000000 ) ) ;
#2942 = CARTESIAN_POINT ( 'NONE',  ( 88.66911395920068628, 74.40221837649806957, 132.2087869762735579 ) ) ;
#2943 = EDGE_LOOP ( 'NONE', ( #4286, #404, #1543, #169 ) ) ;
#2944 = DIRECTION ( 'NONE',  ( 0.000000000000000000, -1.000000000000000000, -1.048297769837185521E-48 ) ) ;
#2945 = CARTESIAN_POINT ( 'NONE',  ( 73.28221149441193916, 4.158523912729014782, 519.0000000000005684 ) ) ;
#2946 = ORIENTED_EDGE ( 'NONE', *, *, #5272, .T. ) ;
#2947 = CARTESIAN_POINT ( 'NONE',  ( 184.3164905826810127, 0.6291569725744867725, 50.00000000000000000 ) ) ;
#2948 = VERTEX_POINT ( 'NONE', #5170 ) ;
#2949 = CARTESIAN_POINT ( 'NONE',  ( 183.5614778985513738, 0.8071992672705973204, 285.9999999999998863 ) ) ;
#2950 = CARTESIAN_POINT ( 'NONE',  ( 4.634494385416400242, 5.481927275477763928, 0.000000000000000000 ) ) ;
#2951 = EDGE_CURVE ( 'NONE', #1141, #6778, #5777, .T. ) ;
#2952 = CARTESIAN_POINT ( 'NONE',  ( 154.7820052418864805, -1.276612200341903369, 221.0000000000000000 ) ) ;
#2953 = CARTESIAN_POINT ( 'NONE',  ( 187.2736217652505673, -0.08335546250855434269, 519.0000000000000000 ) ) ;
#2954 = AXIS2_PLACEMENT_3D ( 'NONE', #564, #5512, #668 ) ;
#2955 = VERTEX_POINT ( 'NONE', #2510 ) ;
#2956 = LINE ( 'NONE', #1455, #3799 ) ;
#2957 = ORIENTED_EDGE ( 'NONE', *, *, #2881, .F. ) ;
#2958 = ADVANCED_FACE ( 'NONE', ( #4668 ), #2572, .F. ) ;
#2959 = DIRECTION ( 'NONE',  ( 0.4545194689124504306, -0.5416752277698734241, -0.7071067811865473507 ) ) ;
#2960 = CARTESIAN_POINT ( 'NONE',  ( 52.22002326134434469, -5.048595922600950026, 0.000000000000000000 ) ) ;
#2961 = ORIENTED_EDGE ( 'NONE', *, *, #3424, .F. ) ;
#2962 = ORIENTED_EDGE ( 'NONE', *, *, #5202, .F. ) ;
#2963 = CARTESIAN_POINT ( 'NONE',  ( 153.6098310104484312, 0.1203306969984746511, 108.6989397439838712 ) ) ;
#2964 = DIRECTION ( 'NONE',  ( 6.378601426329704920E-17, 5.352281928482943559E-17, 1.000000000000000000 ) ) ;
#2965 = CARTESIAN_POINT ( 'NONE',  ( 152.0777421034210590, -1.165244497598718620, -9.804599309964982597E-15 ) ) ;
#2966 = CARTESIAN_POINT ( 'NONE',  ( 146.5496068657089381, 8.534378462342484539, 155.0289656306447910 ) ) ;
#2967 = VERTEX_POINT ( 'NONE', #303 ) ;
#2968 = EDGE_CURVE ( 'NONE', #3004, #778, #1396, .T. ) ;
#2969 = AXIS2_PLACEMENT_3D ( 'NONE', #3819, #5385, #590 ) ;
#2970 = LINE ( 'NONE', #206, #3206 ) ;
#2971 = FACE_OUTER_BOUND ( 'NONE', #1002, .T. ) ;
#2972 = CARTESIAN_POINT ( 'NONE',  ( 138.8780421716078877, -1.860682216793458688, 0.000000000000000000 ) ) ;
#2973 = CARTESIAN_POINT ( 'NONE',  ( 153.6098310104484597, 0.1203306969984651170, 255.0810341644319408 ) ) ;
#2974 = VECTOR ( 'NONE', #6374, 1000.000000000000114 ) ;
#2975 = VECTOR ( 'NONE', #1685, 999.9999999999998863 ) ;
#2976 = CARTESIAN_POINT ( 'NONE',  ( 154.7820051188861896, -1.276612053755953768, 50.00000000000000000 ) ) ;
#2977 = CARTESIAN_POINT ( 'NONE',  ( 97.49871078094496113, 10.29222433874585896, 519.0000000000000000 ) ) ;
#2978 = STYLED_ITEM ( 'NONE', ( #3489 ), #5147 ) ;
#2979 = ORIENTED_EDGE ( 'NONE', *, *, #3006, .F. ) ;
#2980 = CARTESIAN_POINT ( 'NONE',  ( 153.6098310104484597, 0.1203306969985162844, 183.9970294230038803 ) ) ;
#2981 = CARTESIAN_POINT ( 'NONE',  ( 83.17188132781984677, 7.979136955023103717, 518.9999999999998863 ) ) ;
#2982 = ORIENTED_EDGE ( 'NONE', *, *, #6202, .F. ) ;
#2983 = CARTESIAN_POINT ( 'NONE',  ( 160.2410586198982116, -1.076127447679568805, 285.9999999999998295 ) ) ;
#2984 = AXIS2_PLACEMENT_3D ( 'NONE', #5971, #1083, #444 ) ;
#2985 = ORIENTED_EDGE ( 'NONE', *, *, #3597, .T. ) ;
#2986 = VECTOR ( 'NONE', #1691, 1000.000000000000000 ) ;
#2987 = LINE ( 'NONE', #6768, #6736 ) ;
#2988 = CARTESIAN_POINT ( 'NONE',  ( 22.37973747820756287, -5.590496226495408116, 0.000000000000000000 ) ) ;
#2989 = EDGE_CURVE ( 'NONE', #3257, #4552, #4740, .T. ) ;
#2990 = DIRECTION ( 'NONE',  ( 0.9993263274973519517, 0.03670001594897783631, 0.000000000000000000 ) ) ;
#2991 = CARTESIAN_POINT ( 'NONE',  ( 85.30337629867968019, -3.829177956191700538, 0.000000000000000000 ) ) ;
#2992 = EDGE_CURVE ( 'NONE', #4839, #6109, #3283, .T. ) ;
#2993 = ORIENTED_EDGE ( 'NONE', *, *, #1837, .F. ) ;
#2994 = FACE_OUTER_BOUND ( 'NONE', #6669, .T. ) ;
#2995 = VERTEX_POINT ( 'NONE', #2010 ) ;
#2996 = LINE ( 'NONE', #1354, #1041 ) ;
#2997 = CARTESIAN_POINT ( 'NONE',  ( 13.05347065296971110, -5.206568811462167545, 0.000000000000000000 ) ) ;
#2998 = ORIENTED_EDGE ( 'NONE', *, *, #4884, .F. ) ;
#2999 = EDGE_CURVE ( 'NONE', #1371, #317, #966, .T. ) ;
#3000 = ORIENTED_EDGE ( 'NONE', *, *, #2817, .F. ) ;
#3001 = DIRECTION ( 'NONE',  ( 1.000000000000000000, 0.000000000000000000, -0.000000000000000000 ) ) ;
#3002 = DIRECTION ( 'NONE',  ( -0.9993263278466425481, -0.03670000643793608353, 0.000000000000000000 ) ) ;
#3003 = CARTESIAN_POINT ( 'NONE',  ( 154.3747231386202827, -0.7912322746344601088, 166.0000000000000000 ) ) ;
#3004 = VERTEX_POINT ( 'NONE', #1497 ) ;
#3005 = AXIS2_PLACEMENT_3D ( 'NONE', #5261, #2470, #4626 ) ;
#3006 = EDGE_CURVE ( 'NONE', #422, #1371, #3670, .T. ) ;
#3007 = VERTEX_POINT ( 'NONE', #6247 ) ;
#3008 = CARTESIAN_POINT ( 'NONE',  ( 22.78903382164070379, -5.601876018064483986, 0.000000000000000000 ) ) ;
#3009 = CARTESIAN_POINT ( 'NONE',  ( 184.3164905826809559, -0.1919657692373498148, 13.06830277022850950 ) ) ;
#3010 =( NAMED_UNIT ( * ) PLANE_ANGLE_UNIT ( ) SI_UNIT ( $, .RADIAN. ) );
#3011 = CARTESIAN_POINT ( 'NONE',  ( 95.14814903026793047, 10.09436439202046820, 519.0000000000000000 ) ) ;
#3012 = DIRECTION ( 'NONE',  ( 0.7660444535136902156, 0.6427875972986035746, 0.000000000000000000 ) ) ;
#3013 = ORIENTED_EDGE ( 'NONE', *, *, #1108, .T. ) ;
#3014 = CARTESIAN_POINT ( 'NONE',  ( 146.5281689998066383, 5.448479403202890481, 144.9638633601287552 ) ) ;
#3015 = VERTEX_POINT ( 'NONE', #1974 ) ;
#3016 = DIRECTION ( 'NONE',  ( 0.000000000000000000, -0.7938448021158676093, -0.6081204076115345192 ) ) ;
#3017 = ORIENTED_EDGE ( 'NONE', *, *, #4487, .F. ) ;
#3018 = CARTESIAN_POINT ( 'NONE',  ( 150.1544868801456971, 7.754285647858998765, 285.9999999999999432 ) ) ;
#3019 = CARTESIAN_POINT ( 'NONE',  ( 0.08314008650521180488, 0.4095031063674242078, 0.000000000000000000 ) ) ;
#3020 = ADVANCED_FACE ( 'NONE', ( #3134 ), #275, .F. ) ;
#3021 = LINE ( 'NONE', #6232, #6399 ) ;
#3022 = CARTESIAN_POINT ( 'NONE',  ( 152.0777421034229633, -1.165244497600953055, 1.005233009473365598E-12 ) ) ;
#3023 = ORIENTED_EDGE ( 'NONE', *, *, #4605, .F. ) ;
#3024 = VECTOR ( 'NONE', #4437, 1000.000000000000114 ) ;
#3025 = DIRECTION ( 'NONE',  ( 0.000000000000000000, 0.000000000000000000, 1.000000000000000000 ) ) ;
#3026 = ORIENTED_EDGE ( 'NONE', *, *, #3974, .T. ) ;
#3027 = DIRECTION ( 'NONE',  ( 0.000000000000000000, 0.7938448021158680534, -0.6081204076115339641 ) ) ;
#3028 = CARTESIAN_POINT ( 'NONE',  ( 80.19500268461352732, -4.016836534526572855, 0.000000000000000000 ) ) ;
#3029 = ORIENTED_EDGE ( 'NONE', *, *, #223, .F. ) ;
#3030 = EDGE_LOOP ( 'NONE', ( #3530, #5652, #5699, #82 ) ) ;
#3031 = DIRECTION ( 'NONE',  ( -5.166133767769089039E-16, 6.156758679758506919E-16, 1.000000000000000000 ) ) ;
#3032 = FACE_OUTER_BOUND ( 'NONE', #4777, .T. ) ;
#3033 = DIRECTION ( 'NONE',  ( 0.000000000000000000, 0.7938448021158682755, -0.6081204076115337420 ) ) ;
#3034 = ORIENTED_EDGE ( 'NONE', *, *, #2728, .T. ) ;
#3035 = EDGE_CURVE ( 'NONE', #596, #6421, #3851, .T. ) ;
#3036 = FACE_OUTER_BOUND ( 'NONE', #1306, .T. ) ;
#3037 = VERTEX_POINT ( 'NONE', #6495 ) ;
#3038 = CARTESIAN_POINT ( 'NONE',  ( 71.41261912768368347, 2.745488383284409917, 519.0000000000021600 ) ) ;
#3039 = LINE ( 'NONE', #311, #5289 ) ;
#3040 = CARTESIAN_POINT ( 'NONE',  ( 100.7106671654294843, 15.36355636898016108, 0.000000000000000000 ) ) ;
#3041 = CARTESIAN_POINT ( 'NONE',  ( 69.42142027574752206, -0.7422814170578031501, 519.0000000000000000 ) ) ;
#3042 = VERTEX_POINT ( 'NONE', #3208 ) ;
#3043 = DIRECTION ( 'NONE',  ( -0.4545194689124519849, 0.5416752277698750895, -0.7071067811865451302 ) ) ;
#3044 = CARTESIAN_POINT ( 'NONE',  ( 79.28006521773021120, 6.804651352938287268, 519.0000000000005684 ) ) ;
#3045 = ORIENTED_EDGE ( 'NONE', *, *, #4174, .T. ) ;
#3046 = DIRECTION ( 'NONE',  ( -0.000000000000000000, -0.000000000000000000, 1.000000000000000000 ) ) ;
#3047 = ORIENTED_EDGE ( 'NONE', *, *, #1833, .F. ) ;
#3048 = EDGE_CURVE ( 'NONE', #5216, #4656, #4352, .T. ) ;
#3049 = CARTESIAN_POINT ( 'NONE',  ( 184.3164905826809559, 0.6288872260553973748, 235.3830672388135952 ) ) ;
#3050 = CARTESIAN_POINT ( 'NONE',  ( 0.1948971838087218689, 0.7194970505334246091, 0.000000000000000000 ) ) ;
#3051 = LINE ( 'NONE', #2676, #5825 ) ;
#3052 = CARTESIAN_POINT ( 'NONE',  ( 153.0476050576092746, -1.340307752904323246, 519.0000000000001137 ) ) ;
#3053 = VERTEX_POINT ( 'NONE', #4278 ) ;
#3054 = CARTESIAN_POINT ( 'NONE',  ( 154.7820050870132036, -1.276612015771096065, 165.9999999999999716 ) ) ;
#3055 = VERTEX_POINT ( 'NONE', #2086 ) ;
#3056 = CARTESIAN_POINT ( 'NONE',  ( 152.0777421034211159, -1.165244497598718620, 203.2643887358846655 ) ) ;
#3057 = CARTESIAN_POINT ( 'NONE',  ( 95.11499935664416228, -3.467765839829485497, 0.000000000000000000 ) ) ;
#3058 = ORIENTED_EDGE ( 'NONE', *, *, #5023, .T. ) ;
#3059 = VERTEX_POINT ( 'NONE', #3742 ) ;
#3060 = DIRECTION ( 'NONE',  ( -6.378601426329706152E-17, -5.352281928482944175E-17, -1.000000000000000000 ) ) ;
#3061 = CARTESIAN_POINT ( 'NONE',  ( 178.8271530543888730, -33.04395214513932189, 140.2610123065356902 ) ) ;
#3062 = CARTESIAN_POINT ( 'NONE',  ( 154.7820050866797601, -1.276612015373689069, 165.8530061126209887 ) ) ;
#3063 = ORIENTED_EDGE ( 'NONE', *, *, #4557, .T. ) ;
#3064 = AXIS2_PLACEMENT_3D ( 'NONE', #2223, #13, #7029 ) ;
#3065 = DIRECTION ( 'NONE',  ( 1.000000000000000000, 0.000000000000000000, -0.000000000000000000 ) ) ;
#3066 = CARTESIAN_POINT ( 'NONE',  ( 152.0777421034210590, -1.165244497598715290, 66.59787332367238832 ) ) ;
#3067 = ORIENTED_EDGE ( 'NONE', *, *, #5300, .T. ) ;
#3068 = EDGE_CURVE ( 'NONE', #846, #6421, #2757, .T. ) ;
#3069 = PLANE ( 'NONE',  #370 ) ;
#3070 = CARTESIAN_POINT ( 'NONE',  ( 70.40460645904484238, 1.763418718043666678, 518.9999999999992042 ) ) ;
#3071 = CARTESIAN_POINT ( 'NONE',  ( 154.7820050803711922, -1.276612007855474573, 163.0000000000000284 ) ) ;
#3072 = CARTESIAN_POINT ( 'NONE',  ( 91.38542794912309830, 16.15989652886333872, 0.000000000000000000 ) ) ;
#3073 = CARTESIAN_POINT ( 'NONE',  ( 111.2081972839379631, -2.874698984476324881, 519.0000000000000000 ) ) ;
#3074 = DIRECTION ( 'NONE',  ( -6.378601426329706152E-17, -5.352281928482944175E-17, -1.000000000000000000 ) ) ;
#3075 = EDGE_LOOP ( 'NONE', ( #5554, #5670, #6310 ) ) ;
#3076 = AXIS2_PLACEMENT_3D ( 'NONE', #3875, #4414, #1101 ) ;
#3077 = ADVANCED_FACE ( 'NONE', ( #6000 ), #4313, .T. ) ;
#3078 = DIRECTION ( 'NONE',  ( 0.4545194689124509857, -0.5416752277698740903, 0.7071067811865465735 ) ) ;
#3079 = DIRECTION ( 'NONE',  ( 0.7660444535136902156, 0.6427875972986035746, -0.000000000000000000 ) ) ;
#3080 = EDGE_CURVE ( 'NONE', #4199, #5464, #6033, .T. ) ;
#3081 = ORIENTED_EDGE ( 'NONE', *, *, #2903, .T. ) ;
#3082 = AXIS2_PLACEMENT_3D ( 'NONE', #989, #1022, #4691 ) ;
#3083 = PLANE ( 'NONE',  #4829 ) ;
#3084 = ORIENTED_EDGE ( 'NONE', *, *, #4735, .T. ) ;
#3085 = CARTESIAN_POINT ( 'NONE',  ( 207.7788598165462588, -67.54725382381595011, 185.3018732127386272 ) ) ;
#3086 = CARTESIAN_POINT ( 'NONE',  ( 73.35667238837228865, -4.266524083114624055, 0.000000000000000000 ) ) ;
#3087 = LINE ( 'NONE', #5798, #2914 ) ;
#3088 = VECTOR ( 'NONE', #411, 1000.000000000000114 ) ;
#3089 = CARTESIAN_POINT ( 'NONE',  ( 25.76715289772027973, -5.642793565112111942, 0.000000000000000000 ) ) ;
#3090 = ORIENTED_EDGE ( 'NONE', *, *, #5566, .T. ) ;
#3091 = B_SPLINE_CURVE_WITH_KNOTS ( 'NONE', 3,
 ( #3938, #2906, #1840, #4003, #2454, #3536, #312, #4641, #6113, #703, #979, #944, #6968, #4218, #5824, #1404, #5787, #6899, #4716, #416, #2020, #4105, #3178, #4143, #3146, #4181, #379, #2550, #3110, #339, #4680, #3641, #5279, #6398, #6291, #6863, #2584, #448, #3718, #2059, #4750, #6436, #6932, #1549, #6324, #6359, #5753, #1471, #1510, #1440, #5896, #3040, #3682, #2621, #5859, #4257, #3072, #1984, #4789, #1013, #5317, #2101, #907, #3605, #5354, #491, #2662, #4831, #5210, #2519, #1946, #5246, #874, #3570, #2806, #4404, #5507, #1054, #4969, #636, #2363, #196, #4365, #5934, #6712, #1620, #4523, #1163, #3986, #4933, #3261, #1823, #599, #6169, #3294, #2204, #5434, #1287, #28, #3450, #1582, #5630, #3223, #6545, #758, #3753, #6044, #6471, #2168, #2926, #3331, #7006, #2134, #5393, #4325, #4863, #3828, #6011, #1126, #2237, #6508, #1696, #4291, #3792, #3863, #527, #2700, #6584, #560, #7041, #5978, #1089, #2734, #4896, #1659, #5470, #2772, #67, #6275, #6342, #4125, #4629, #1321, #4164, #2997, #1969, #1355, #1458, #4055, #3625, #328, #4020, #3485, #860, #5668, #1391, #792, #928, #4661, #2437, #6777, #6810, #3557, #2505, #2399, #2960, #1932, #3590, #6882, #5195, #5739, #6205, #1863, #6845, #5125, #6309, #359, #892, #4596, #830, #3028, #267, #5164, #5771, #1424, #2539, #6238, #1899, #3057, #2005, #5230, #4089, #3520, #5805, #5092, #5702, #4701, #299, #230, #4554, #2474, #6745, #2041, #1073, #5959, #512, #1600, #4201, #3242, #3777, #5415, #3808, #2120, #6990, #4276, #3703, #7026, #6381, #4310, #1569, #2153, #546, #3738, #2719, #6455, #5335, #6419, #11, #6490, #1530, #6528, #2080, #4346, #5377, #1492, #3667, #5913, #5845, #1033, #961, #5996, #3202, #3131 ),
 .UNSPECIFIED., .F., .F.,
 ( 4, 1, 1, 1, 1, 1, 1, 1, 1, 1, 1, 1, 1, 1, 1, 1, 1, 1, 1, 1, 1, 1, 1, 1, 1, 1, 1, 1, 1, 1, 1, 1, 1, 1, 1, 1, 1, 1, 1, 1, 1, 1, 1, 1, 1, 1, 1, 1, 1, 1, 1, 1, 1, 1, 1, 1, 1, 1, 1, 1, 1, 1, 1, 1, 1, 1, 1, 1, 1, 1, 1, 1, 1, 1, 1, 1, 1, 1, 1, 1, 1, 1, 1, 1, 1, 1, 1, 1, 1, 1, 1, 1, 1, 1, 1, 1, 1, 1, 1, 1, 1, 1, 1, 1, 1, 1, 1, 1, 1, 1, 1, 1, 1, 1, 1, 1, 1, 1, 1, 1, 1, 1, 1, 1, 1, 1, 1, 1, 1, 1, 1, 1, 1, 1, 1, 1, 1, 1, 1, 1, 1, 1, 1, 1, 1, 1, 1, 1, 1, 1, 1, 1, 1, 1, 1, 1, 1, 1, 1, 1, 1, 1, 1, 1, 1, 1, 1, 1, 1, 1, 1, 1, 1, 1, 1, 1, 1, 1, 1, 1, 1, 1, 1, 1, 1, 1, 1, 1, 1, 1, 1, 1, 1, 1, 1, 1, 1, 1, 1, 1, 1, 1, 1, 1, 1, 1, 1, 1, 1, 1, 1, 1, 1, 1, 1, 1, 1, 1, 1, 1, 1, 1, 1, 1, 1, 1, 1, 1, 1, 1, 1, 1, 1, 1, 1, 1, 1, 1, 1, 1, 4 ),
 ( 0.000000000000000000, 0.002513797350884104664, 0.005027579216848870360, 0.007541082358484186947, 0.01005457242472231234, 0.01256744431269664342, 0.01508030713330505909, 0.01759223862063014412, 0.02010415579391899160, 0.02512403019227490986, 0.03014389165204229767, 0.03515785292094190939, 0.04017180779899999499, 0.04518020110795717414, 0.05018861634104948566, 0.05519181787100675002, 0.06019502439212026657, 0.06519308232668062641, 0.07019112304066744967, 0.07518395952293110973, 0.08017680353554879069, 0.08516439965241145993, 0.09015198858071628296, 0.09513433338289842278, 0.1001166677086819806, 0.1050937675239287800, 0.1100708790877491378, 0.1150428350425547336, 0.1200147964111807353, 0.1249817050087147635, 0.1299486202335577434, 0.1349105930250104890, 0.1398725763053449977, 0.1448297689298276569, 0.1497869349841448317, 0.1547393953712030146, 0.1596918564957973963, 0.1646394355077178129, 0.1695870045325187370, 0.1745294829934305181, 0.1794719693970697194, 0.1844092164523681299, 0.1893464719892944959, 0.1942784337222024371, 0.1992103785558749507, 0.2041370511378983732, 0.2090637327700224646, 0.2139854145339817049, 0.2189071229036504140, 0.2238242012324627439, 0.2287412778734525809, 0.2336541330764510538, 0.2385669632939287632, 0.2434759437117532677, 0.2483849371397243988, 0.2532904270427120963, 0.2581959108766988531, 0.2630981236145729096, 0.2680003254353096054, 0.2728995100449082001, 0.2777986747213476160, 0.2826951940546270636, 0.2875917063246218319, 0.2924860631094937102, 0.2973804326390905861, 0.3022733121380340449, 0.3071661741720163041, 0.3120583576282385252, 0.3169505469398637421, 0.3218427490261219215, 0.3267349488018431725, 0.3316276876956982811, 0.3365204417878524534, 0.3414141105547633948, 0.3463077809144370356, 0.3512027235858669050, 0.3560976378871105186, 0.3609949257513951348, 0.3658921867222564295, 0.3707939341935646005, 0.3756956843527919365, 0.3806052380776939192, 0.3855148200083032828, 0.3904372033518798135, 0.3953595348030058410, 0.4003012483294876578, 0.4052429884520616921, 0.4102094991510428224, 0.4151760003021921497, 0.4201717130615482687, 0.4251673962931984407, 0.4301994693558904292, 0.4352315924189654739, 0.4403136625792506975, 0.4453955687244731676, 0.4505447392854423083, 0.4556943742191915114, 0.4609352001239701013, 0.4661752236368338354, 0.4688558995627764014, 0.4715365458776992202, 0.4742878236812075321, 0.4770392569342619682, 0.4799060564023177045, 0.4827728139695170451, 0.4858538841006949105, 0.4889343143068846098, 0.4916193520804431616, 0.4943049103649858056, 0.4957100975466200432, 0.4971153668954162996, 0.4986467582829344214, 0.5001775813167267382, 0.5010849404977270050, 0.5019920023862676217, 0.5025558649890720098, 0.5031194903398201745, 0.5034804290636593072, 0.5038414526865889753, 0.5044269223427354509, 0.5050129009974141381, 0.5061682757652695708, 0.5073235069872933378, 0.5076580746689920431, 0.5079922781127018672, 0.5085109648004720873, 0.5090300004263547118, 0.5098526054286940390, 0.5106756002688621621, 0.5120216574410966226, 0.5133689093139228721, 0.5145490573390292255, 0.5157279886934792446, 0.5178454967361779682, 0.5199679029418199372, 0.5224806839939261094, 0.5249927929493788392, 0.5274835438728434633, 0.5299739229326682066, 0.5324482833303607610, 0.5349228304471892459, 0.5373832951691674964, 0.5398437417958841245, 0.5447465455671146595, 0.5496500262929494562, 0.5545474768899836260, 0.5594446108356625480, 0.5643387911202782936, 0.5692330735290141996, 0.5741256743479795643, 0.5790182680456871234, 0.5839103732904274979, 0.5888025099571129184, 0.5936948870921310295, 0.5985872515893956303, 0.6034802570695237955, 0.6083732629279983151, 0.6132670174491504644, 0.6181607888084421631, 0.6230552990103644939, 0.6279497870315381425, 0.6328448977697437305, 0.6377400048144529210, 0.6426355219594492851, 0.6475310188594384231, 0.6524266639442962701, 0.6573223070325384665, 0.6622178622917244128, 0.6671134039968915630, 0.6720088366686755021, 0.6769042743111989280, 0.6817996219969004734, 0.6866949943413086510, 0.6915903223428951918, 0.6964856408231802076, 0.7013809593034652234, 0.7062762882579540769, 0.7111716334332569556, 0.7160669967857112850, 0.7209623754845436716, 0.7258577676409336821, 0.7307531674997088667, 0.7356485760344052549, 0.7405439893939705920, 0.7454394056501415511, 0.7503348219063126212, 0.7552302362312728334, 0.7601256438014164507, 0.7650210475147529721, 0.7699164473735281566, 0.7748118433799877636, 0.7797072374611319079, 0.7846026286553553497, 0.7894980198495789026, 0.7943934100817763300, 0.7992888003139736464, 0.8041841905461709628, 0.8090795817403945156, 0.8139749748590914269, 0.8188703689402355712, 0.8237657639839672807, 0.8286611590276989903, 0.8335565540714305888, 0.8384519510407586473, 0.8433473489730952677, 0.8482427449795548746, 0.8531381409860145926, 0.8580335369924741995, 0.8629289329989339175, 0.8678243280426656270, 0.8727197240491252339, 0.8776151190928569434, 0.8825105141365886530, 0.8874059091803203625, 0.8923013042240519610, 0.8971967002305117900, 0.9020920952742434995, 0.9069874903179752090, 0.9118828853617069186, 0.9167782804054386281, 0.9216736764118982350, 0.9265690714556299445, 0.9314644664993616541, 0.9363598615430933636, 0.9412552575495530816, 0.9461506525932847911, 0.9510460476370165006, 0.9559414426807482101, 0.9608368377244799197, 0.9657322337309395266, 0.9706276287746712361, 0.9755230238184029457, 0.9804184188621346552, 0.9828661159027066718, 0.9853138129432787995, 0.9877615099838508161, 0.9902092079870806751, 0.9926569059903105341, 0.9951046039935402820, 0.9975523019967701410, 1.000000000000000000 ),
 .UNSPECIFIED. ) ;
#3092 = LINE ( 'NONE', #296, #3449 ) ;
#3093 = ORIENTED_EDGE ( 'NONE', *, *, #1136, .T. ) ;
#3094 = VECTOR ( 'NONE', #441, 1000.000000000000000 ) ;
#3095 = CARTESIAN_POINT ( 'NONE',  ( 90.20120286622807271, 75.68779357109528405, 231.5711869321423819 ) ) ;
#3096 = CARTESIAN_POINT ( 'NONE',  ( 184.9458979926444613, 0.4801767041433799843, 0.000000000000000000 ) ) ;
#3097 = EDGE_CURVE ( 'NONE', #3914, #2765, #153, .T. ) ;
#3098 = ORIENTED_EDGE ( 'NONE', *, *, #4754, .T. ) ;
#3099 = DIRECTION ( 'NONE',  ( 0.000000000000000000, 0.7938448021158682755, -0.6081204076115337420 ) ) ;
#3100 = CARTESIAN_POINT ( 'NONE',  ( 154.7820050870132036, -1.276612015771096065, 165.9999999999999716 ) ) ;
#3101 = ORIENTED_EDGE ( 'NONE', *, *, #2760, .F. ) ;
#3102 = PLANE ( 'NONE',  #2428 ) ;
#3103 = DIRECTION ( 'NONE',  ( -6.378601426329706152E-17, -5.352281928482944175E-17, -1.000000000000000000 ) ) ;
#3104 = CARTESIAN_POINT ( 'NONE',  ( 163.1775948599124320, -0.9682881455983093355, 0.000000000000000000 ) ) ;
#3105 = ORIENTED_EDGE ( 'NONE', *, *, #4663, .T. ) ;
#3106 = LINE ( 'NONE', #1437, #1276 ) ;
#3107 = CARTESIAN_POINT ( 'NONE',  ( 70.29015320382269749, -1.760224377041226251, 518.9999999999989768 ) ) ;
#3108 = CARTESIAN_POINT ( 'NONE',  ( 184.3164905826809843, -0.1919656729838044584, 41.73496943689518446 ) ) ;
#3109 = EDGE_CURVE ( 'NONE', #3857, #5589, #14, .T. ) ;
#3110 = CARTESIAN_POINT ( 'NONE',  ( 143.6056394855133647, 9.224512873663096357, 0.000000000000000000 ) ) ;
#3111 = CARTESIAN_POINT ( 'NONE',  ( 83.39891397297303399, -3.552519456588731028, 519.0000000000000000 ) ) ;
#3112 = LINE ( 'NONE', #981, #363 ) ;
#3113 = ORIENTED_EDGE ( 'NONE', *, *, #782, .T. ) ;
#3114 = CARTESIAN_POINT ( 'NONE',  ( 146.5281689998066383, 5.448479403202883375, 100.7413238259620698 ) ) ;
#3115 = DIRECTION ( 'NONE',  ( 0.000000000000000000, 1.000000000000000000, 0.000000000000000000 ) ) ;
#3116 = CARTESIAN_POINT ( 'NONE',  ( 153.6098310096175794, 0.1203306979887311390, 62.41254501415071587 ) ) ;
#3117 = VERTEX_POINT ( 'NONE', #1077 ) ;
#3118 = CARTESIAN_POINT ( 'NONE',  ( 184.3164905826810127, 0.6289002635107051598, 228.5590183378583049 ) ) ;
#3119 = ADVANCED_FACE ( 'NONE', ( #4776 ), #3246, .T. ) ;
#3120 = CARTESIAN_POINT ( 'NONE',  ( 176.5533334202750098, -0.4770623676648457212, 0.000000000000000000 ) ) ;
#3121 = DIRECTION ( 'NONE',  ( -0.4545194689124498200, 0.5416752277698725360, -0.7071067811865483499 ) ) ;
#3122 = DIRECTION ( 'NONE',  ( 0.6427875972986036857, -0.7660444535136901045, 0.000000000000000000 ) ) ;
#3123 = VECTOR ( 'NONE', #3166, 1000.000000000000000 ) ;
#3124 = CARTESIAN_POINT ( 'NONE',  ( 73.39784499682926366, -4.265261773012135826, 0.000000000000000000 ) ) ;
#3125 = ORIENTED_EDGE ( 'NONE', *, *, #4923, .F. ) ;
#3126 = CARTESIAN_POINT ( 'NONE',  ( 183.3651120905094842, 0.8540585121335645402, 161.0000000000000853 ) ) ;
#3127 = EDGE_LOOP ( 'NONE', ( #1761, #4823, #6151, #5232 ) ) ;
#3128 = EDGE_CURVE ( 'NONE', #5228, #5829, #1150, .T. ) ;
#3129 = CARTESIAN_POINT ( 'NONE',  ( 153.6098310104485165, 0.1203306969984399566, 246.4474308918468637 ) ) ;
#3130 = VECTOR ( 'NONE', #5786, 1000.000000000000000 ) ;
#3131 = CARTESIAN_POINT ( 'NONE',  ( 186.5000000000000284, -0.1117700000000000082, 0.000000000000000000 ) ) ;
#3132 = VERTEX_POINT ( 'NONE', #5419 ) ;
#3133 = CARTESIAN_POINT ( 'NONE',  ( 90.20120286622923800, 75.68779357109389139, 280.5910341644325854 ) ) ;
#3134 = FACE_OUTER_BOUND ( 'NONE', #4165, .T. ) ;
#3135 = VERTEX_POINT ( 'NONE', #474 ) ;
#3136 = VECTOR ( 'NONE', #1781, 1000.000000000000000 ) ;
#3137 = LINE ( 'NONE', #4208, #269 ) ;
#3138 = ORIENTED_EDGE ( 'NONE', *, *, #2100, .T. ) ;
#3139 = LINE ( 'NONE', #4210, #6172 ) ;
#3140 = CARTESIAN_POINT ( 'NONE',  ( 154.3747233051220178, -0.7912324730635208470, 224.0000000000000000 ) ) ;
#3141 = ORIENTED_EDGE ( 'NONE', *, *, #6823, .F. ) ;
#3142 = CARTESIAN_POINT ( 'NONE',  ( 176.3431536480961199, 2.490964935493922283, 163.0000000000000568 ) ) ;
#3143 = CARTESIAN_POINT ( 'NONE',  ( 71.76540512220533685, 3.054853100628045048, 518.9999999999981810 ) ) ;
#3144 = LINE ( 'NONE', #6288, #6351 ) ;
#3145 = ADVANCED_FACE ( 'NONE', ( #6424 ), #2722, .F. ) ;
#3146 = CARTESIAN_POINT ( 'NONE',  ( 151.0656556154715702, 7.827831197293621202, 0.000000000000000000 ) ) ;
#3147 = CARTESIAN_POINT ( 'NONE',  ( 82.22384860049474753, -3.523320953889471419, 519.0000000000000000 ) ) ;
#3148 = DIRECTION ( 'NONE',  ( -0.9993263274973512855, -0.03670001594899838931, -0.000000000000000000 ) ) ;
#3149 = ORIENTED_EDGE ( 'NONE', *, *, #5719, .F. ) ;
#3150 = CARTESIAN_POINT ( 'NONE',  ( 148.0602579068340106, 6.734054597800090747, -9.804599309964982597E-15 ) ) ;
#3151 = DIRECTION ( 'NONE',  ( 0.000000000000000000, 0.7938448021158712731, 0.6081204076115299673 ) ) ;
#3152 = DIRECTION ( 'NONE',  ( -0.9993263278466418820, -0.03670000643795400669, -0.000000000000000000 ) ) ;
#3153 = ORIENTED_EDGE ( 'NONE', *, *, #4991, .T. ) ;
#3154 = CARTESIAN_POINT ( 'NONE',  ( 154.7820050803711922, -1.276612007855474573, 161.0000000000000000 ) ) ;
#3155 = CARTESIAN_POINT ( 'NONE',  ( 54.08499964239319979, -4.977437366840860911, 0.000000000000000000 ) ) ;
#3156 = CARTESIAN_POINT ( 'NONE',  ( 184.3164905826810127, -0.1919650202439795450, 211.2049083106854255 ) ) ;
#3157 = CARTESIAN_POINT ( 'NONE',  ( 152.0777421034210590, -1.165244497598739493, 194.6307854632994179 ) ) ;
#3158 = VERTEX_POINT ( 'NONE', #2689 ) ;
#3159 = CARTESIAN_POINT ( 'NONE',  ( 143.6739141975017162, 8.850047929741743147, 288.0000000000000000 ) ) ;
#3160 = VERTEX_POINT ( 'NONE', #1038 ) ;
#3161 = LINE ( 'NONE', #1599, #4672 ) ;
#3162 = DIRECTION ( 'NONE',  ( -0.9730344131650561224, 0.2306599895875641459, 0.000000000000000000 ) ) ;
#3163 = EDGE_LOOP ( 'NONE', ( #4669, #3984, #333, #5632, #6487, #947 ) ) ;
#3164 = FACE_BOUND ( 'NONE', #1289, .T. ) ;
#3165 = ADVANCED_FACE ( 'NONE', ( #5457 ), #5340, .F. ) ;
#3166 = DIRECTION ( 'NONE',  ( 0.7660444535136902156, 0.6427875972986035746, -0.000000000000000000 ) ) ;
#3167 = ORIENTED_EDGE ( 'NONE', *, *, #782, .F. ) ;
#3168 = CARTESIAN_POINT ( 'NONE',  ( 153.6098310104484597, 0.1203306969984885288, -9.804599309964982597E-15 ) ) ;
#3169 = CARTESIAN_POINT ( 'NONE',  ( 154.3747233051220178, -0.7912324730635189596, 229.0000000000000000 ) ) ;
#3170 = CARTESIAN_POINT ( 'NONE',  ( 153.6098310104484312, 0.1203306969985301622, -9.804599309964982597E-15 ) ) ;
#3171 = EDGE_LOOP ( 'NONE', ( #2915, #3013, #214 ) ) ;
#3172 = CARTESIAN_POINT ( 'NONE',  ( 64.77635871592762840, 105.9879439234672418, 39.55403660112847319 ) ) ;
#3173 = EDGE_CURVE ( 'NONE', #4688, #1106, #52, .T. ) ;
#3174 = CARTESIAN_POINT ( 'NONE',  ( 116.4207528071358695, 10.69291588430391293, 518.9999999999998863 ) ) ;
#3175 = LINE ( 'NONE', #3219, #6972 ) ;
#3176 = DIRECTION ( 'NONE',  ( 0.6427875972986035746, -0.7660444535136903266, 0.000000000000000000 ) ) ;
#3177 = VECTOR ( 'NONE', #1198, 1000.000000000000000 ) ;
#3178 = CARTESIAN_POINT ( 'NONE',  ( 154.7956547975466037, 7.097585267326795844, 0.000000000000000000 ) ) ;
#3179 = CARTESIAN_POINT ( 'NONE',  ( 131.1837911595675905, -2.143094193179384988, 519.0000000000000000 ) ) ;
#3180 = DIRECTION ( 'NONE',  ( 0.03670001594897783631, -0.9993263274973519517, 0.000000000000000000 ) ) ;
#3181 = EDGE_CURVE ( 'NONE', #6500, #2798, #4389, .T. ) ;
#3182 = ORIENTED_EDGE ( 'NONE', *, *, #882, .F. ) ;
#3183 = CARTESIAN_POINT ( 'NONE',  ( 146.4417712622924057, 8.662891934344274958, 45.44098419476423345 ) ) ;
#3184 = DIRECTION ( 'NONE',  ( 0.7660444535136902156, 0.6427875972986035746, 0.000000000000000000 ) ) ;
#3185 = DIRECTION ( 'NONE',  ( 0.7660444535136902156, 0.6427875972986035746, -0.000000000000000000 ) ) ;
#3186 = EDGE_LOOP ( 'NONE', ( #6298, #2035, #1322, #3113 ) ) ;
#3187 = DIRECTION ( 'NONE',  ( 0.4545194689124502085, -0.5416752277698733131, -0.7071067811865476838 ) ) ;
#3188 = VECTOR ( 'NONE', #5635, 1000.000000000000000 ) ;
#3189 = CARTESIAN_POINT ( 'NONE',  ( 138.0099997365017828, -1.892556158734664873, 0.000000000000000000 ) ) ;
#3190 = FACE_OUTER_BOUND ( 'NONE', #678, .T. ) ;
#3191 = AXIS2_PLACEMENT_3D ( 'NONE', #110, #2844, #1173 ) ;
#3192 = VECTOR ( 'NONE', #2812, 1000.000000000000000 ) ;
#3193 = DIRECTION ( 'NONE',  ( 0.7660444535136902156, 0.6427875972986035746, -0.000000000000000000 ) ) ;
#3194 = CARTESIAN_POINT ( 'NONE',  ( 96.79015346992061097, -3.405588130481424614, 519.0000000000005684 ) ) ;
#3195 = CARTESIAN_POINT ( 'NONE',  ( 172.8284327328863412, 3.259280166437487747, 287.9999999999998863 ) ) ;
#3196 = VERTEX_POINT ( 'NONE', #5919 ) ;
#3197 = CARTESIAN_POINT ( 'NONE',  ( 152.0777421034211159, -1.165244497598704854, 231.5711869321423819 ) ) ;
#3198 = EDGE_LOOP ( 'NONE', ( #54, #2489, #1812 ) ) ;
#3199 = VECTOR ( 'NONE', #5827, 1000.000000000000000 ) ;
#3200 = VECTOR ( 'NONE', #5038, 1000.000000000000000 ) ;
#3201 = CARTESIAN_POINT ( 'NONE',  ( 154.7820050803711922, -1.276612007855474573, 163.0000000000000284 ) ) ;
#3202 = CARTESIAN_POINT ( 'NONE',  ( 186.1891666668365417, -0.1231866712927269791, -0.000000000000000000 ) ) ;
#3203 = ORIENTED_EDGE ( 'NONE', *, *, #1994, .T. ) ;
#3204 = EDGE_CURVE ( 'NONE', #2922, #5347, #4853, .T. ) ;
#3205 = ORIENTED_EDGE ( 'NONE', *, *, #2794, .F. ) ;
#3206 = VECTOR ( 'NONE', #306, 1000.000000000000000 ) ;
#3207 = PLANE ( 'NONE',  #2532 ) ;
#3208 = CARTESIAN_POINT ( 'NONE',  ( 153.6098310104484597, 0.1203306969984989372, 34.02482244953695556 ) ) ;
#3209 = VERTEX_POINT ( 'NONE', #4956 ) ;
#3210 = CARTESIAN_POINT ( 'NONE',  ( 184.3164905826809843, -0.1919658050646005920, 2.000000000000000000 ) ) ;
#3211 = B_SPLINE_CURVE_WITH_KNOTS ( 'NONE', 3,
 ( #2533, #5799, #4083, #5766, #5732, #855, #6337 ),
 .UNSPECIFIED., .F., .F.,
 ( 4, 1, 1, 1, 4 ),
 ( 0.000000000000000000, 0.008267520452723680149, 0.01881378520200539459, 0.02936004995128710729, 0.02955439548556617474 ),
 .UNSPECIFIED. ) ;
#3212 = VECTOR ( 'NONE', #6665, 1000.000000000000000 ) ;
#3213 = EDGE_CURVE ( 'NONE', #3508, #2423, #192, .T. ) ;
#3214 = ORIENTED_EDGE ( 'NONE', *, *, #3991, .T. ) ;
#3215 = CARTESIAN_POINT ( 'NONE',  ( 131.9905741701041961, 22.77371083816701258, 67.39622916336205094 ) ) ;
#3216 = ORIENTED_EDGE ( 'NONE', *, *, #4652, .F. ) ;
#3217 = PLANE ( 'NONE',  #607 ) ;
#3218 = CARTESIAN_POINT ( 'NONE',  ( 68.83511447624589152, 17.10317051736442195, 0.000000000000000000 ) ) ;
#3219 = CARTESIAN_POINT ( 'NONE',  ( 90.20120286622805850, 75.68779357109526984, 53.77894174285809470 ) ) ;
#3220 = LINE ( 'NONE', #7039, #3702 ) ;
#3221 = ORIENTED_EDGE ( 'NONE', *, *, #5803, .F. ) ;
#3222 = ADVANCED_FACE ( 'NONE', ( #160 ), #4455, .F. ) ;
#3223 = CARTESIAN_POINT ( 'NONE',  ( 8.382677127957194330, 7.796507068466770995, 0.000000000000000000 ) ) ;
#3224 = DIRECTION ( 'NONE',  ( 0.000000000000000000, -0.7938448021158680534, 0.6081204076115339641 ) ) ;
#3225 = LINE ( 'NONE', #5002, #3752 ) ;
#3226 = LINE ( 'NONE', #1624, #4158 ) ;
#3227 = CARTESIAN_POINT ( 'NONE',  ( 154.7820052482145741, -1.276612207883409233, 229.0000000000000284 ) ) ;
#3228 = CARTESIAN_POINT ( 'NONE',  ( 88.66911395920068628, 74.40221837649805536, 119.4538633601287501 ) ) ;
#3229 = CARTESIAN_POINT ( 'NONE',  ( 153.6098310104484312, 0.1203306969985336317, 157.7187869762735488 ) ) ;
#3230 = ORIENTED_EDGE ( 'NONE', *, *, #5639, .T. ) ;
#3231 = AXIS2_PLACEMENT_3D ( 'NONE', #5183, #3544, #6297 ) ;
#3232 = CARTESIAN_POINT ( 'NONE',  ( 152.0777421034210590, -1.165244497598718620, -9.804599309964982597E-15 ) ) ;
#3233 = CARTESIAN_POINT ( 'NONE',  ( 111.2783335999749994, -2.874267266207179539, 0.000000000000000000 ) ) ;
#3234 = CARTESIAN_POINT ( 'NONE',  ( 146.5281689998066099, 5.448479403202883375, -9.804599309964982597E-15 ) ) ;
#3235 = CARTESIAN_POINT ( 'NONE',  ( 148.0602579068340106, 6.734054597800090747, -9.804599309964982597E-15 ) ) ;
#3236 = DIRECTION ( 'NONE',  ( 0.4545194689124508192, -0.5416752277698739793, -0.7071067811865466846 ) ) ;
#3237 = ORIENTED_EDGE ( 'NONE', *, *, #3858, .T. ) ;
#3238 = CARTESIAN_POINT ( 'NONE',  ( 154.3747230897488407, -0.7912322163916676310, 105.0000000000000142 ) ) ;
#3239 = ORIENTED_EDGE ( 'NONE', *, *, #4953, .F. ) ;
#3240 = CARTESIAN_POINT ( 'NONE',  ( 88.66911395920067207, 74.40221837649805536, 87.98640020981726195 ) ) ;
#3241 = EDGE_CURVE ( 'NONE', #4354, #5531, #5088, .T. ) ;
#3242 = CARTESIAN_POINT ( 'NONE',  ( 132.4150000423255449, -2.098051152421996246, 0.000000000000000000 ) ) ;
#3243 = AXIS2_PLACEMENT_3D ( 'NONE', #685, #2826, #1859 ) ;
#3244 = ORIENTED_EDGE ( 'NONE', *, *, #5209, .T. ) ;
#3245 = FACE_BOUND ( 'NONE', #1034, .T. ) ;
#3246 = PLANE ( 'NONE',  #74 ) ;
#3247 = ORIENTED_EDGE ( 'NONE', *, *, #1622, .F. ) ;
#3248 = CARTESIAN_POINT ( 'NONE',  ( 0.000000000000000000, 0.000000000000000000, 229.0000000000000000 ) ) ;
#3249 = EDGE_CURVE ( 'NONE', #1908, #6164, #2259, .T. ) ;
#3250 = EDGE_LOOP ( 'NONE', ( #2790, #4637, #5578, #4260 ) ) ;
#3251 = PLANE ( 'NONE',  #597 ) ;
#3252 = ORIENTED_EDGE ( 'NONE', *, *, #4699, .T. ) ;
#3253 = CARTESIAN_POINT ( 'NONE',  ( 114.1802020361657100, 43.99928651130858981, -39.68820834723265989 ) ) ;
#3254 = CARTESIAN_POINT ( 'NONE',  ( 39.08907586378500554, 15.87556044444603209, 0.000000000000000000 ) ) ;
#3255 = LINE ( 'NONE', #1799, #750 ) ;
#3256 = VECTOR ( 'NONE', #3757, 1000.000000000000000 ) ;
#3257 = VERTEX_POINT ( 'NONE', #2793 ) ;
#3258 = AXIS2_PLACEMENT_3D ( 'NONE', #6365, #2556, #3184 ) ;
#3259 = EDGE_CURVE ( 'NONE', #2419, #3353, #4489, .T. ) ;
#3260 = EDGE_CURVE ( 'NONE', #228, #2253, #5054, .T. ) ;
#3261 = CARTESIAN_POINT ( 'NONE',  ( 27.97101816477380609, 14.10062904394222549, 0.000000000000000000 ) ) ;
#3262 = CARTESIAN_POINT ( 'NONE',  ( 187.3164905826809843, -0.08178092353511093315, 519.0000000000000000 ) ) ;
#3263 = DIRECTION ( 'NONE',  ( 0.000000000000000000, 0.000000000000000000, 1.000000000000000000 ) ) ;
#3264 = FACE_OUTER_BOUND ( 'NONE', #3277, .T. ) ;
#3265 = CARTESIAN_POINT ( 'NONE',  ( 184.3164905826809559, -0.1919654642323809224, 100.4409816621371192 ) ) ;
#3266 = CARTESIAN_POINT ( 'NONE',  ( 0.2369446264043124084, -6.451904643693847419, 163.0000000000000000 ) ) ;
#3267 = PLANE ( 'NONE',  #4448 ) ;
#3268 = LINE ( 'NONE', #1098, #6851 ) ;
#3269 = CARTESIAN_POINT ( 'NONE',  ( 109.2497713909464920, 10.72322231383656188, 519.0000000000000000 ) ) ;
#3270 = FACE_OUTER_BOUND ( 'NONE', #3030, .T. ) ;
#3271 = FACE_OUTER_BOUND ( 'NONE', #6444, .T. ) ;
#3272 = DIRECTION ( 'NONE',  ( 0.6427875972986035746, -0.7660444535136903266, 0.000000000000000000 ) ) ;
#3273 = CARTESIAN_POINT ( 'NONE',  ( 69.78698961852283844, 1.057059819864387684, 518.9999999999998863 ) ) ;
#3274 = ORIENTED_EDGE ( 'NONE', *, *, #3424, .T. ) ;
#3275 = EDGE_CURVE ( 'NONE', #4150, #6075, #5626, .T. ) ;
#3276 = FACE_BOUND ( 'NONE', #276, .T. ) ;
#3277 = EDGE_LOOP ( 'NONE', ( #5093, #5399, #5115, #3685 ) ) ;
#3278 = CARTESIAN_POINT ( 'NONE',  ( 146.5281689998066383, 5.448479403202890481, 267.8361105482872517 ) ) ;
#3279 = CARTESIAN_POINT ( 'NONE',  ( 48.48929257520501324, 16.61674414810286393, 0.000000000000000000 ) ) ;
#3280 = ORIENTED_EDGE ( 'NONE', *, *, #4123, .F. ) ;
#3281 = EDGE_CURVE ( 'NONE', #6366, #6048, #784, .T. ) ;
#3282 = FACE_BOUND ( 'NONE', #4064, .T. ) ;
#3283 = B_SPLINE_CURVE_WITH_KNOTS ( 'NONE', 3,
 ( #2478, #5709, #1462, #3629, #2542, #6887, #5810, #837, #6282, #5744 ),
 .UNSPECIFIED., .F., .F.,
 ( 4, 1, 1, 1, 1, 1, 1, 4 ),
 ( 0.8844321290144178116, 0.8908551939266382558, 0.9064473090799756161, 0.9376315393866505588, 0.9532236545399876970, 0.9688157696933250573, 0.9844078848466624176, 1.000000000000000000 ),
 .UNSPECIFIED. ) ;
#3284 = DIRECTION ( 'NONE',  ( -0.4545194689124502085, 0.5416752277698729801, -0.7071067811865477948 ) ) ;
#3285 = EDGE_LOOP ( 'NONE', ( #516, #4512, #3902 ) ) ;
#3286 = CARTESIAN_POINT ( 'NONE',  ( 154.7820052418864805, -1.276612200341903369, 221.0000000000000000 ) ) ;
#3287 = ORIENTED_EDGE ( 'NONE', *, *, #2066, .F. ) ;
#3288 = LINE ( 'NONE', #519, #4556 ) ;
#3289 = ORIENTED_EDGE ( 'NONE', *, *, #790, .F. ) ;
#3290 = LINE ( 'NONE', #2617, #5140 ) ;
#3291 = CARTESIAN_POINT ( 'NONE',  ( 120.1716854172584874, 10.56156015248648217, 519.0000000000006821 ) ) ;
#3292 = CARTESIAN_POINT ( 'NONE',  ( 160.0897257406245160, -10.71355509462316569, 111.1107496186580050 ) ) ;
#3293 = VERTEX_POINT ( 'NONE', #6126 ) ;
#3294 = CARTESIAN_POINT ( 'NONE',  ( 20.50780648685196894, 12.29899829123418264, 0.000000000000000000 ) ) ;
#3295 = ADVANCED_FACE ( 'NONE', ( #6101 ), #1184, .F. ) ;
#3296 = DIRECTION ( 'NONE',  ( 1.000000000000000000, 0.000000000000000000, -0.000000000000000000 ) ) ;
#3297 = VECTOR ( 'NONE', #4059, 1000.000000000000000 ) ;
#3298 = DIRECTION ( 'NONE',  ( -0.4545194689124500420, 0.5416752277698730911, -0.7071067811865480168 ) ) ;
#3299 = CARTESIAN_POINT ( 'NONE',  ( 152.0777421034211159, -1.165244497598704854, 257.0811869321423728 ) ) ;
#3300 = CARTESIAN_POINT ( 'NONE',  ( 154.7820050317285450, -1.276611949885456676, 111.2650305631048582 ) ) ;
#3301 = LINE ( 'NONE', #1200, #4803 ) ;
#3302 = CARTESIAN_POINT ( 'NONE',  ( 146.8514151633919482, 7.914138282249601808, 519.0000000000000000 ) ) ;
#3303 = DIRECTION ( 'NONE',  ( 0.7660444535136902156, 0.6427875972986035746, 0.000000000000000000 ) ) ;
#3304 = EDGE_CURVE ( 'NONE', #1800, #1570, #3352, .T. ) ;
#3305 = EDGE_CURVE ( 'NONE', #6421, #2591, #5530, .T. ) ;
#3306 = LINE ( 'NONE', #4377, #4967 ) ;
#3307 = CARTESIAN_POINT ( 'NONE',  ( 2.280316609713631593, 3.374884095302350229, 0.000000000000000000 ) ) ;
#3308 = ORIENTED_EDGE ( 'NONE', *, *, #6358, .T. ) ;
#3309 = CARTESIAN_POINT ( 'NONE',  ( 146.5661578865249908, 8.514653723176067501, 170.2607008904124655 ) ) ;
#3310 = ORIENTED_EDGE ( 'NONE', *, *, #5427, .F. ) ;
#3311 = PLANE ( 'NONE',  #4796 ) ;
#3312 = CARTESIAN_POINT ( 'NONE',  ( 104.4407309121194629, 14.98621798130561800, 0.000000000000000000 ) ) ;
#3313 = ADVANCED_FACE ( 'NONE', ( #5588 ), #6740, .T. ) ;
#3314 = ORIENTED_EDGE ( 'NONE', *, *, #389, .F. ) ;
#3315 = FACE_BOUND ( 'NONE', #2540, .T. ) ;
#3316 = VECTOR ( 'NONE', #3152, 1000.000000000000227 ) ;
#3317 = LINE ( 'NONE', #1820, #6654 ) ;
#3318 = EDGE_LOOP ( 'NONE', ( #4114, #4147, #232 ) ) ;
#3319 = VECTOR ( 'NONE', #2504, 1000.000000000000000 ) ;
#3320 = DIRECTION ( 'NONE',  ( 0.000000000000000000, -0.000000000000000000, 1.000000000000000000 ) ) ;
#3321 = EDGE_CURVE ( 'NONE', #1975, #3452, #6200, .T. ) ;
#3322 = VERTEX_POINT ( 'NONE', #5020 ) ;
#3323 = VECTOR ( 'NONE', #5167, 1000.000000000000000 ) ;
#3324 = VECTOR ( 'NONE', #3162, 0.8391178889810635422 ) ;
#3325 = CARTESIAN_POINT ( 'NONE',  ( 148.0602579068340390, 6.734054597800096964, 192.6306326955890995 ) ) ;
#3326 = ORIENTED_EDGE ( 'NONE', *, *, #5106, .T. ) ;
#3327 = CARTESIAN_POINT ( 'NONE',  ( 30.25293213377088364, 14.55707463803126522, 0.000000000000000000 ) ) ;
#3328 = DIRECTION ( 'NONE',  ( 0.6427875972986036857, -0.7660444535136901045, -1.368455531567204475E-48 ) ) ;
#3329 = ORIENTED_EDGE ( 'NONE', *, *, #5818, .F. ) ;
#3330 = VECTOR ( 'NONE', #7032, 1000.000000000000000 ) ;
#3331 = CARTESIAN_POINT ( 'NONE',  ( 1.859553056830957063, 2.951368546119584213, 0.000000000000000000 ) ) ;
#3332 = FACE_OUTER_BOUND ( 'NONE', #6636, .T. ) ;
#3333 = CARTESIAN_POINT ( 'NONE',  ( 152.0777421025901788, -1.165244496608476066, 60.29122467059106327 ) ) ;
#3334 = CARTESIAN_POINT ( 'NONE',  ( 153.6098310104484597, 0.1203306969984885288, -9.804599309964982597E-15 ) ) ;
#3335 = DIRECTION ( 'NONE',  ( 0.7660444535136902156, 0.6427875972986035746, -0.000000000000000000 ) ) ;
#3336 = CARTESIAN_POINT ( 'NONE',  ( 119.8253252848552250, 10.56627026757229260, 519.0000000000000000 ) ) ;
#3337 = DIRECTION ( 'NONE',  ( 0.6427875972985906960, -0.7660444535137010957, 0.000000000000000000 ) ) ;
#3338 = CARTESIAN_POINT ( 'NONE',  ( 166.0332218929083012, 4.611120112488246825, 519.0000000000001137 ) ) ;
#3339 = CARTESIAN_POINT ( 'NONE',  ( 146.6718563335553540, 8.388687215058990176, 259.5568659758595231 ) ) ;
#3340 = CARTESIAN_POINT ( 'NONE',  ( 1.573479809773895788, -2.745523579270740644, 0.000000000000000000 ) ) ;
#3341 = CARTESIAN_POINT ( 'NONE',  ( 152.3718175600619134, 7.418174961850763971, 224.0000000000001421 ) ) ;
#3342 = ORIENTED_EDGE ( 'NONE', *, *, #3961, .F. ) ;
#3343 = DIRECTION ( 'NONE',  ( 0.7660444535136902156, 0.6427875972986035746, -0.000000000000000000 ) ) ;
#3344 = VECTOR ( 'NONE', #4808, 1000.000000000000000 ) ;
#3345 = ORIENTED_EDGE ( 'NONE', *, *, #1825, .T. ) ;
#3346 = B_SPLINE_SURFACE_WITH_KNOTS ( 'NONE', 3, 1, ( 
 ( #7043, #1699 ),
 ( #4972, #1623 ),
 ( #6587, #3831 ),
 ( #105, #6013 ),
 ( #3867, #2137 ),
 ( #6619, #1736 ),
 ( #1092, #1585 ),
 ( #2170, #1058 ),
 ( #529, #2702 ),
 ( #2774, #6510 ),
 ( #208, #3392 ),
 ( #1229, #2972 ),
 ( #2450, #841 ),
 ( #804, #769 ),
 ( #1365, #2375 ),
 ( #4608, #1874 ),
 ( #6217, #2938 ),
 ( #2904, #243 ),
 ( #3999, #6655 ),
 ( #6182, #4534 ),
 ( #4033, #1259 ),
 ( #6251, #698 ),
 ( #1298, #3460 ),
 ( #5572, #2869 ),
 ( #5644, #4573 ),
 ( #5035, #1835 ),
 ( #1910, #2411 ),
 ( #6111, #5104 ),
 ( #173, #6756 ),
 ( #5142, #6689 ),
 ( #1333, #5071 ),
 ( #279, #3496 ),
 ( #3427, #2343 ),
 ( #5680, #6790 ),
 ( #4066, #4503 ),
 ( #3531, #5716 ),
 ( #1802, #3008 ),
 ( #5604, #3966 ),
 ( #135, #2311 ),
 ( #6142, #4471 ),
 ( #1774, #3936 ),
 ( #733, #6723 ),
 ( #6965, #2055 ),
 ( #6821, #1438 ),
 ( #5820, #5857 ),
 ( #376, #3602 ),
 ( #5243, #2097 ),
 ( #4215, #2548 ),
 ( #5314, #871 ),
 ( #4254, #6434 ),
 ( #3107, #5785 ),
 ( #413, #4676 ),
 ( #337, #1401 ),
 ( #6393, #942 ),
 ( #1508, #6287 ),
 ( #4139, #1469 ),
 ( #3568, #1943 ),
 ( #3679, #3716 ),
 ( #4101, #904 ),
 ( #5894, #446 ),
 ( #6322, #2581 ),
 ( #3070, #976 ),
 ( #6930, #4713 ),
 ( #5751, #6896 ),
 ( #3038, #2018 ),
 ( #3143, #3637 ),
 ( #2517, #6860 ),
 ( #4639, #5277 ),
 ( #4748, #2618 ),
 ( #1011, #4179 ),
 ( #6356, #1981 ),
 ( #5207, #4784 ),
 ( #1547, #5176 ),
 ( #310, #2484 ),
 ( #1690, #22 ),
 ( #4321, #5928 ),
 ( #1121, #2199 ),
 ( #2802, #1728 ),
 ( #1050, #632 ),
 ( #1579, #1158 ),
 ( #5972, #2165 ),
 ( #6041, #593 ),
 ( #4288, #3327 ),
 ( #5504, #3899 ),
 ( #3860, #3822 ),
 ( #4434, #3254 ),
 ( #4965, #4930 ),
 ( #2232, #64 ),
 ( #99, #2269 ),
 ( #5429, #6613 ),
 ( #4398, #555 ),
 ( #6078, #3218 ),
 ( #3174, #5349 ),
 ( #3291, #6503 ),
 ( #4361, #2767 ),
 ( #6578, #487 ),
 ( #2659, #2132 ),
 ( #4826, #3789 ),
 ( #7002, #2731 ),
 ( #6468, #4860 ),
 ( #3750, #1651 ),
 ( #5388, #4893 ),
 ( #1616, #522 ),
 ( #2697, #1084 ),
 ( #7038, #6540 ),
 ( #6007, #5467 ),
 ( #5132, #2304 ),
 ( #1867, #2930 ),
 ( #2338, #3929 ),
 ( #6175, #201 ),
 ( #796, #6781 ),
 ( #4600, #5097 ) ),
 .UNSPECIFIED., .F., .F., .F.,
 ( 4, 1, 1, 1, 2, 1, 1, 1, 1, 1, 1, 1, 1, 1, 1, 1, 1, 1, 1, 1, 1, 1, 1, 1, 1, 1, 1, 1, 1, 1, 1, 1, 1, 1, 1, 1, 1, 1, 1, 1, 1, 1, 1, 1, 1, 1, 1, 1, 1, 1, 1, 1, 1, 1, 1, 1, 1, 1, 1, 1, 1, 1, 1, 1, 1, 1, 1, 1, 1, 1, 1, 1, 1, 1, 1, 1, 1, 1, 1, 1, 1, 1, 1, 1, 1, 1, 1, 1, 1, 1, 1, 1, 1, 1, 1, 1, 1, 1, 1, 1, 1, 1, 1, 1, 1, 1, 1, 1, 4 ),
 ( 2, 2 ),
 ( 0.000000000000000000, 0.0005261575466025254734, 0.001052315093205050947, 0.001578472639807576312, 0.002104630186410101893, 0.03328886049308477091, 0.06447309079975946378, 0.09565732110643414277, 0.1112494362597714614, 0.1268415514131087662, 0.1424336665664460988, 0.1580257817197834869, 0.1736178968731207917, 0.1892100120264581797, 0.2048021271797955123, 0.2203942423331328171, 0.2359863574864702052, 0.2515784726398074822, 0.2671705877931448425, 0.2827627029464820918, 0.2983548180998194521, 0.3139469332531569234, 0.3295390484064941727, 0.3451311635598314775, 0.3529272211365002132, 0.3607232787131688934, 0.3685193362898375735, 0.3763153938665062537, 0.3841114514431748228, 0.3919075090198435030, 0.3997035665965121831, 0.4074996241731809743, 0.4152956817498496545, 0.4230917393265183346, 0.4308877969031869037, 0.4386838544798555284, 0.4464799120565241530, 0.4542759696331928332, 0.4581739984215271733, 0.4620720272098616244, 0.4659700559981959644, 0.4698680847865303045, 0.4718170991806974746, 0.4737661135748646446, 0.4757151279690318146, 0.4776641423631988737, 0.4815621711515332137, 0.4854601999398675538, 0.4874092143340347238, 0.4893582287282018939, 0.4913072431223690639, 0.4932562575165362340, 0.4942307647136198190, 0.4952052719107034040, 0.4961797791077869890, 0.4971542863048705740, 0.4991033006990377441, 0.5010523150932048031, 0.5030013294873720842, 0.5049503438815392542, 0.5068993582757064242, 0.5088483726698735943, 0.5107973870640407643, 0.5127464014582079344, 0.5146954158523751044, 0.5166444302465422744, 0.5205424590348766145, 0.5244404878232109546, 0.5283385166115452947, 0.5322365453998796347, 0.5361345741882139748, 0.5400326029765483149, 0.5439306317648826550, 0.5478286605532169951, 0.5517266893415511131, 0.5556247181298854532, 0.5595227469182197932, 0.5634207757065541333, 0.5712168332832228135, 0.5790128908598914936, 0.5868089484365601738, 0.5946050060132290760, 0.6024010635898977561, 0.6101971211665664363, 0.6179931787432351165, 0.6257892363199037966, 0.6413813514732411569, 0.6569734666265782952, 0.6725655817799156555, 0.6881576969332529048, 0.7037498120865903761, 0.7193419272399277364, 0.7349340423932650967, 0.7505261575466024571, 0.7661182726999395953, 0.7817103878532769556, 0.7973025030066143160, 0.8128946181599518983, 0.8284867333132892586, 0.8440788484666266189, 0.8596709636199637572, 0.8752630787733010065, 0.8908551939266382558, 0.9064473090799756161, 0.9376315393866505588, 0.9532236545399876970, 0.9688157696933250573, 0.9844078848466624176, 1.000000000000000000 ),
 ( 0.000000000000000000, 1.000000000000000000 ),
 .UNSPECIFIED. ) ;
#3347 = EDGE_CURVE ( 'NONE', #6701, #6094, #3317, .T. ) ;
#3348 = FACE_OUTER_BOUND ( 'NONE', #3770, .T. ) ;
#3349 = EDGE_CURVE ( 'NONE', #4227, #4207, #5497, .T. ) ;
#3350 = CARTESIAN_POINT ( 'NONE',  ( 42.89374309746268921, 16.23802986701625883, 0.000000000000000000 ) ) ;
#3351 = ORIENTED_EDGE ( 'NONE', *, *, #220, .T. ) ;
#3352 = LINE ( 'NONE', #3408, #6668 ) ;
#3353 = VERTEX_POINT ( 'NONE', #4121 ) ;
#3354 = CARTESIAN_POINT ( 'NONE',  ( 88.66911395920068628, 74.40221837649806957, 144.9638633601287552 ) ) ;
#3355 = VERTEX_POINT ( 'NONE', #3553 ) ;
#3356 = CARTESIAN_POINT ( 'NONE',  ( 56.92258549315099003, 16.95153070736420986, 0.000000000000000000 ) ) ;
#3357 = VERTEX_POINT ( 'NONE', #3622 ) ;
#3358 = CARTESIAN_POINT ( 'NONE',  ( 148.0602579068340390, 6.734054597800096964, 267.8361105482872517 ) ) ;
#3359 = CARTESIAN_POINT ( 'NONE',  ( 184.3164905826809843, -0.1919654473031343067, 103.0000000000000142 ) ) ;
#3360 = CARTESIAN_POINT ( 'NONE',  ( 146.4477209570765979, 8.655801363977513319, 52.00000000000000711 ) ) ;
#3361 = VECTOR ( 'NONE', #6643, 1000.000000000000000 ) ;
#3362 = ORIENTED_EDGE ( 'NONE', *, *, #1403, .T. ) ;
#3363 = LINE ( 'NONE', #6618, #5488 ) ;
#3364 = CARTESIAN_POINT ( 'NONE',  ( 0.000000000000000000, 0.000000000000000000, 286.0000000000000568 ) ) ;
#3365 = CARTESIAN_POINT ( 'NONE',  ( 158.9777928515967460, 6.166322692924642190, 226.0000000000000284 ) ) ;
#3366 = VECTOR ( 'NONE', #3122, 1000.000000000000000 ) ;
#3367 = CARTESIAN_POINT ( 'NONE',  ( 187.3164905826809843, -0.08178092353511093315, 259.5000000000000000 ) ) ;
#3368 = CARTESIAN_POINT ( 'NONE',  ( 132.7509245677587728, 9.649476610927672837, 519.0000000000000000 ) ) ;
#3369 = FACE_OUTER_BOUND ( 'NONE', #6853, .T. ) ;
#3370 = CARTESIAN_POINT ( 'NONE',  ( 122.2277120901714937, 12.74610603783546381, 0.000000000000000000 ) ) ;
#3371 = LINE ( 'NONE', #2781, #309 ) ;
#3372 = CARTESIAN_POINT ( 'NONE',  ( 114.8619812395343729, 43.18677366965380315, -40.74886851933005971 ) ) ;
#3373 = VERTEX_POINT ( 'NONE', #5698 ) ;
#3374 = PLANE ( 'NONE',  #1074 ) ;
#3375 = ORIENTED_EDGE ( 'NONE', *, *, #1747, .F. ) ;
#3376 = LINE ( 'NONE', #1241, #5017 ) ;
#3377 = CARTESIAN_POINT ( 'NONE',  ( 69.00503864203069782, 17.08583966084117023, 0.000000000000000000 ) ) ;
#3378 = VERTEX_POINT ( 'NONE', #5736 ) ;
#3379 = CARTESIAN_POINT ( 'NONE',  ( 152.0777421034210590, -1.165244497598715290, 66.59787332367238832 ) ) ;
#3380 = EDGE_LOOP ( 'NONE', ( #1613, #5032, #6408, #1964 ) ) ;
#3381 = CARTESIAN_POINT ( 'NONE',  ( 152.0777421034211159, -1.165244497598704854, 257.0811869321423728 ) ) ;
#3382 = VERTEX_POINT ( 'NONE', #5191 ) ;
#3383 = ADVANCED_FACE ( 'NONE', ( #3586 ), #325, .T. ) ;
#3384 = CARTESIAN_POINT ( 'NONE',  ( 95.79389313773053516, 10.15838271942708460, 519.0000000000001137 ) ) ;
#3385 = EDGE_LOOP ( 'NONE', ( #4427, #6270, #1445 ) ) ;
#3386 = CARTESIAN_POINT ( 'NONE',  ( 62.56249060553155061, 105.5148815705248779, 40.61469677290837410 ) ) ;
#3387 = CARTESIAN_POINT ( 'NONE',  ( 148.0602579068340106, 6.734054597800094299, 181.8757090794443059 ) ) ;
#3388 = CARTESIAN_POINT ( 'NONE',  ( 184.3164905826809843, -0.1919656617857687653, 45.00000000000003553 ) ) ;
#3389 = ORIENTED_EDGE ( 'NONE', *, *, #2355, .F. ) ;
#3390 = EDGE_CURVE ( 'NONE', #4150, #6753, #262, .T. ) ;
#3391 = DIRECTION ( 'NONE',  ( 0.000000000000000000, 0.000000000000000000, 1.000000000000000000 ) ) ;
#3392 = CARTESIAN_POINT ( 'NONE',  ( 144.8307883243993217, -1.642073391034677865, 0.000000000000000000 ) ) ;
#3393 = LINE ( 'NONE', #3461, #1694 ) ;
#3394 = EDGE_CURVE ( 'NONE', #2995, #1770, #6839, .T. ) ;
#3395 = CARTESIAN_POINT ( 'NONE',  ( 110.4248345769844519, 10.73339091625259734, 519.0000000000000000 ) ) ;
#3396 = ADVANCED_FACE ( 'NONE', ( #2994 ), #5161, .T. ) ;
#3397 = CARTESIAN_POINT ( 'NONE',  ( 146.5281689998066099, 5.448479403202883375, -9.804599309964982597E-15 ) ) ;
#3398 = CARTESIAN_POINT ( 'NONE',  ( 146.5281689998066668, 5.448479403202841631, 255.0810341644320545 ) ) ;
#3399 = CARTESIAN_POINT ( 'NONE',  ( 152.0777421034211443, -1.165244497598803219, 246.4474308918468637 ) ) ;
#3400 = EDGE_LOOP ( 'NONE', ( #825, #3058, #101 ) ) ;
#3401 = CARTESIAN_POINT ( 'NONE',  ( 154.3747231386197711, -0.7912322746338683599, 163.0000000000000000 ) ) ;
#3402 = EDGE_LOOP ( 'NONE', ( #2982, #161, #3214, #1589 ) ) ;
#3403 = VECTOR ( 'NONE', #4169, 1000.000000000000000 ) ;
#3404 = CARTESIAN_POINT ( 'NONE',  ( 154.7820052600693543, -1.276612222011418218, 7.971042788346810681 ) ) ;
#3405 = CARTESIAN_POINT ( 'NONE',  ( 143.6056394855133647, 9.224512873663096357, 0.000000000000000000 ) ) ;
#3406 = FACE_OUTER_BOUND ( 'NONE', #831, .T. ) ;
#3407 = ORIENTED_EDGE ( 'NONE', *, *, #5150, .T. ) ;
#3408 = CARTESIAN_POINT ( 'NONE',  ( 88.66911395920067207, 74.40221837649805536, 53.77894174285809470 ) ) ;
#3409 = EDGE_LOOP ( 'NONE', ( #617, #1454, #2521 ) ) ;
#3410 = EDGE_CURVE ( 'NONE', #2927, #2624, #2956, .T. ) ;
#3411 = CARTESIAN_POINT ( 'NONE',  ( 152.0777421034210590, -1.165244497598677098, 100.7413238259620698 ) ) ;
#3412 = EDGE_CURVE ( 'NONE', #1324, #3055, #4161, .T. ) ;
#3413 = ORIENTED_EDGE ( 'NONE', *, *, #3640, .T. ) ;
#3414 = VECTOR ( 'NONE', #1541, 1000.000000000000000 ) ;
#3415 = CARTESIAN_POINT ( 'NONE',  ( 116.4207528071358695, 10.69291588430391293, 518.9999999999998863 ) ) ;
#3416 = ORIENTED_EDGE ( 'NONE', *, *, #2968, .F. ) ;
#3417 = CARTESIAN_POINT ( 'NONE',  ( 146.5281689998066383, 5.448479403202869165, 257.0811869321423728 ) ) ;
#3418 = CARTESIAN_POINT ( 'NONE',  ( 152.0777421034210306, -1.165244497598677098, -9.804599309964982597E-15 ) ) ;
#3419 = VECTOR ( 'NONE', #1854, 1000.000000000000000 ) ;
#3420 = DIRECTION ( 'NONE',  ( 0.6427875972986036857, -0.7660444535136901045, -1.368455531567204475E-48 ) ) ;
#3421 = CARTESIAN_POINT ( 'NONE',  ( 184.3164905826810127, 0.6291569725744867725, 50.00000000000000000 ) ) ;
#3422 = ORIENTED_EDGE ( 'NONE', *, *, #5986, .F. ) ;
#3423 = VECTOR ( 'NONE', #6593, 1000.000000000000000 ) ;
#3424 = EDGE_CURVE ( 'NONE', #5347, #6104, #2494, .T. ) ;
#3425 = LINE ( 'NONE', #3494, #4230 ) ;
#3426 = DIRECTION ( 'NONE',  ( 0.000000000000000000, -0.7938448022037754015, -0.6081204074967789808 ) ) ;
#3427 = CARTESIAN_POINT ( 'NONE',  ( 91.16253580404931256, -3.551460721522221586, 518.9999999999998863 ) ) ;
#3428 = PLANE ( 'NONE',  #1346 ) ;
#3429 = VECTOR ( 'NONE', #61, 1000.000000000000000 ) ;
#3430 = EDGE_CURVE ( 'NONE', #3522, #987, #3092, .T. ) ;
#3431 =( NAMED_UNIT ( * ) SI_UNIT ( $, .STERADIAN. ) SOLID_ANGLE_UNIT ( ) );
#3432 = CARTESIAN_POINT ( 'NONE',  ( 101.0243319280752701, 10.49691210332203539, 519.0000000000000000 ) ) ;
#3433 = CARTESIAN_POINT ( 'NONE',  ( 152.0777421034210590, -1.165244497598739493, 194.6307854632994179 ) ) ;
#3434 = CARTESIAN_POINT ( 'NONE',  ( 154.7820052482145741, -1.276612207883409233, 229.0000000000000284 ) ) ;
#3435 = EDGE_LOOP ( 'NONE', ( #6866, #1557, #3585, #204 ) ) ;
#3436 = CARTESIAN_POINT ( 'NONE',  ( 88.66911395920067207, 74.40221837649805536, 75.23147659367238305 ) ) ;
#3437 = CARTESIAN_POINT ( 'NONE',  ( 184.3164905826809843, 0.3083721082516449608, 226.0000000000000000 ) ) ;
#3438 = ORIENTED_EDGE ( 'NONE', *, *, #5606, .T. ) ;
#3439 = FACE_OUTER_BOUND ( 'NONE', #1714, .T. ) ;
#3440 = ORIENTED_EDGE ( 'NONE', *, *, #451, .T. ) ;
#3441 = CARTESIAN_POINT ( 'NONE',  ( 158.0321034045538795, -1.157252125295012757, 104.9999999999999289 ) ) ;
#3442 = CARTESIAN_POINT ( 'NONE',  ( 0.1356412032321439864, -0.9912452172076186008, 0.000000000000000000 ) ) ;
#3443 = DIRECTION ( 'NONE',  ( 0.7660444535136902156, 0.6427875972986035746, -0.000000000000000000 ) ) ;
#3444 = EDGE_LOOP ( 'NONE', ( #5522, #1189, #4524, #2116, #5637 ) ) ;
#3445 = DIRECTION ( 'NONE',  ( -0.4545194689124487653, 0.5416752277698715368, -0.7071067811865500152 ) ) ;
#3446 = ORIENTED_EDGE ( 'NONE', *, *, #1107, .F. ) ;
#3447 = ADVANCED_FACE ( 'NONE', ( #4052 ), #2000, .T. ) ;
#3448 = CARTESIAN_POINT ( 'NONE',  ( 181.0818704536822565, -0.3107629156115888081, 2.000000000000024869 ) ) ;
#3449 = VECTOR ( 'NONE', #1965, 1000.000000000000114 ) ;
#3450 = CARTESIAN_POINT ( 'NONE',  ( 11.48710463215866007, 9.225676663242735387, 0.000000000000000000 ) ) ;
#3451 = ORIENTED_EDGE ( 'NONE', *, *, #6889, .T. ) ;
#3452 = VERTEX_POINT ( 'NONE', #6305 ) ;
#3453 = CARTESIAN_POINT ( 'NONE',  ( 146.5281689998066383, 5.448479403202869165, 257.0811869321424297 ) ) ;
#3454 = DIRECTION ( 'NONE',  ( -6.378601426329706152E-17, -5.352281928482944175E-17, -1.000000000000000000 ) ) ;
#3455 = CARTESIAN_POINT ( 'NONE',  ( 184.3164905826810127, -0.1919656602728863626, 45.44098166213709078 ) ) ;
#3456 = LINE ( 'NONE', #727, #1309 ) ;
#3457 = ORIENTED_EDGE ( 'NONE', *, *, #4217, .F. ) ;
#3458 = VECTOR ( 'NONE', #624, 1000.000000000000114 ) ;
#3459 = CARTESIAN_POINT ( 'NONE',  ( 152.0777421034210590, -1.165244497598690865, 265.7147902047275352 ) ) ;
#3460 = CARTESIAN_POINT ( 'NONE',  ( 73.39784499682926366, -4.265261773012135826, 0.000000000000000000 ) ) ;
#3461 = CARTESIAN_POINT ( 'NONE',  ( 143.3164907601397715, 9.276008609284451367, 0.000000000000000000 ) ) ;
#3462 = EDGE_CURVE ( 'NONE', #6753, #3921, #1421, .T. ) ;
#3463 = EDGE_CURVE ( 'NONE', #4078, #6386, #6339, .T. ) ;
#3464 = VECTOR ( 'NONE', #4861, 1000.000000000000000 ) ;
#3465 = CARTESIAN_POINT ( 'NONE',  ( 184.3164905826809843, 0.6290967658877177904, 103.0000000000000142 ) ) ;
#3466 = CARTESIAN_POINT ( 'NONE',  ( 69.47033113626909540, 0.5318375190068539426, 519.0000000000000000 ) ) ;
#3467 = PLANE ( 'NONE',  #6627 ) ;
#3468 = CARTESIAN_POINT ( 'NONE',  ( 55.04551400535657990, 114.4732657334371595, 52.30903660112844733 ) ) ;
#3469 = ORIENTED_EDGE ( 'NONE', *, *, #5287, .T. ) ;
#3470 = CARTESIAN_POINT ( 'NONE',  ( 158.0204000622703120, -1.157681946949922214, 102.9999999999999147 ) ) ;
#3471 = ORIENTED_EDGE ( 'NONE', *, *, #1695, .T. ) ;
#3472 = DIRECTION ( 'NONE',  ( 6.550283474172109983E-15, -7.935864152663694928E-15, -1.000000000000000000 ) ) ;
#3473 = VECTOR ( 'NONE', #956, 1000.000000000000000 ) ;
#3474 = ORIENTED_EDGE ( 'NONE', *, *, #4692, .F. ) ;
#3475 = AXIS2_PLACEMENT_3D ( 'NONE', #563, #5471, #3224 ) ;
#3476 = DIRECTION ( 'NONE',  ( -0.4545194689124505971, 0.5416752277698736462, 0.7071067811865470176 ) ) ;
#3477 = CARTESIAN_POINT ( 'NONE',  ( 0.1360065701164855367, 0.5670587147807295558, 0.000000000000000000 ) ) ;
#3478 = EDGE_CURVE ( 'NONE', #689, #5802, #2565, .T. ) ;
#3479 = CARTESIAN_POINT ( 'NONE',  ( 146.5281689998066383, 5.448479403202876270, 132.2087869762735579 ) ) ;
#3480 = CARTESIAN_POINT ( 'NONE',  ( 160.5485961704257818, -1.064833115793934359, 519.0000000000001137 ) ) ;
#3481 = EDGE_LOOP ( 'NONE', ( #1753, #3239, #6526 ) ) ;
#3482 = DIRECTION ( 'NONE',  ( 0.7660444535136902156, 0.6427875972986035746, 0.000000000000000000 ) ) ;
#3483 = ORIENTED_EDGE ( 'NONE', *, *, #2989, .T. ) ;
#3484 = CARTESIAN_POINT ( 'NONE',  ( 0.000000000000000000, 0.000000000000000000, 161.0000000000000000 ) ) ;
#3485 = CARTESIAN_POINT ( 'NONE',  ( 27.97499318628119269, -5.648687086065865337, 0.000000000000000000 ) ) ;
#3486 = ORIENTED_EDGE ( 'NONE', *, *, #4991, .F. ) ;
#3487 = EDGE_CURVE ( 'NONE', #1933, #760, #4198, .T. ) ;
#3488 = ORIENTED_EDGE ( 'NONE', *, *, #4036, .T. ) ;
#3489 = PRESENTATION_STYLE_ASSIGNMENT (( #1866 ) ) ;
#3490 = CARTESIAN_POINT ( 'NONE',  ( 184.3164905826809559, 0.3083716158436003996, 100.0000000000000000 ) ) ;
#3491 = PLANE ( 'NONE',  #1035 ) ;
#3492 = CARTESIAN_POINT ( 'NONE',  ( 146.4478853129096478, 8.656688963823146565, 50.00000000000000000 ) ) ;
#3493 = ORIENTED_EDGE ( 'NONE', *, *, #5669, .T. ) ;
#3494 = CARTESIAN_POINT ( 'NONE',  ( 152.0777421034210590, -1.165244497598708184, 34.02482244953695556 ) ) ;
#3495 = DIRECTION ( 'NONE',  ( 1.000000000000000000, 0.000000000000000000, -0.000000000000000000 ) ) ;
#3496 = CARTESIAN_POINT ( 'NONE',  ( 37.67974063823137953, -5.526428527003967694, 0.000000000000000000 ) ) ;
#3497 = CARTESIAN_POINT ( 'NONE',  ( 184.3164905826809843, -0.1919654473031343067, 100.0000000000000000 ) ) ;
#3498 = VECTOR ( 'NONE', #4535, 1000.000000000000000 ) ;
#3499 = CARTESIAN_POINT ( 'NONE',  ( 187.7076880613011269, -43.62736199136107729, 154.0766724783158281 ) ) ;
#3500 = CARTESIAN_POINT ( 'NONE',  ( 70.78067235565809767, 2.141149798650140212, 519.0000000000000000 ) ) ;
#3501 = FACE_BOUND ( 'NONE', #3400, .T. ) ;
#3502 = EDGE_CURVE ( 'NONE', #4022, #4342, #1317, .T. ) ;
#3503 = ORIENTED_EDGE ( 'NONE', *, *, #1703, .T. ) ;
#3504 = DIRECTION ( 'NONE',  ( 0.000000000000000000, 0.000000000000000000, 1.000000000000000000 ) ) ;
#3505 = CARTESIAN_POINT ( 'NONE',  ( 80.17066079731669959, 7.099978114239834603, 518.9999999999997726 ) ) ;
#3506 = EDGE_LOOP ( 'NONE', ( #5911, #1318, #2463, #4685 ) ) ;
#3507 = CARTESIAN_POINT ( 'NONE',  ( 184.3164905826809843, -0.1919646770075465747, 286.0000000000000568 ) ) ;
#3508 = VERTEX_POINT ( 'NONE', #543 ) ;
#3509 = CARTESIAN_POINT ( 'NONE',  ( 154.2096527840488136, 7.023747436180573622, 285.9999999999999432 ) ) ;
#3510 = EDGE_CURVE ( 'NONE', #2612, #3007, #508, .T. ) ;
#3511 = CARTESIAN_POINT ( 'NONE',  ( 9.322766892396767702, -4.860760883107372088, 0.000000000000000000 ) ) ;
#3512 = CARTESIAN_POINT ( 'NONE',  ( 146.5281689998066099, 5.448479403202884264, 10.63629556339205706 ) ) ;
#3513 = DIRECTION ( 'NONE',  ( 0.6427875972986035746, -0.7660444535136902156, 1.028966569397398444E-14 ) ) ;
#3514 = VECTOR ( 'NONE', #2862, 1000.000000000000000 ) ;
#3515 = ORIENTED_EDGE ( 'NONE', *, *, #5658, .F. ) ;
#3516 = CARTESIAN_POINT ( 'NONE',  ( 154.7820052272865894, -1.276612182942404861, 219.5797950317069933 ) ) ;
#3517 = ORIENTED_EDGE ( 'NONE', *, *, #1861, .F. ) ;
#3518 = EDGE_CURVE ( 'NONE', #2053, #3726, #6452, .T. ) ;
#3519 = DIRECTION ( 'NONE',  ( 0.6427875972986036857, -0.7660444535136901045, -1.368455531567204475E-48 ) ) ;
#3520 = CARTESIAN_POINT ( 'NONE',  ( 102.5749993414639079, -3.193662061127134688, 0.000000000000000000 ) ) ;
#3521 = ORIENTED_EDGE ( 'NONE', *, *, #3853, .T. ) ;
#3522 = VERTEX_POINT ( 'NONE', #3159 ) ;
#3523 = PLANE ( 'NONE',  #4684 ) ;
#3524 = DIRECTION ( 'NONE',  ( 0.000000000000000000, -0.000000000000000000, 1.000000000000000000 ) ) ;
#3525 = DIRECTION ( 'NONE',  ( 0.6427875972986036857, -0.7660444535136901045, 0.000000000000000000 ) ) ;
#3526 = DIRECTION ( 'NONE',  ( 0.6427875972986020203, -0.7660444535136913258, 0.000000000000000000 ) ) ;
#3527 = ORIENTED_EDGE ( 'NONE', *, *, #5677, .F. ) ;
#3528 = VECTOR ( 'NONE', #2864, 1000.000000000000000 ) ;
#3529 = VECTOR ( 'NONE', #499, 1000.000000000000000 ) ;
#3530 = ORIENTED_EDGE ( 'NONE', *, *, #6223, .F. ) ;
#3531 = CARTESIAN_POINT ( 'NONE',  ( 85.53318235361022914, -3.585490271141727359, 518.9999999999997726 ) ) ;
#3532 = LINE ( 'NONE', #4714, #3130 ) ;
#3533 = VECTOR ( 'NONE', #991, 1000.000000000000000 ) ;
#3534 = VECTOR ( 'NONE', #6157, 1000.000000000000000 ) ;
#3535 = EDGE_CURVE ( 'NONE', #5528, #4122, #4880, .T. ) ;
#3536 = CARTESIAN_POINT ( 'NONE',  ( 182.7700970122592139, 0.9947690544743923446, 0.000000000000000000 ) ) ;
#3537 = CARTESIAN_POINT ( 'NONE',  ( 72.21861228857542869, 3.423605608711955739, 519.0000000000000000 ) ) ;
#3538 = LINE ( 'NONE', #5722, #1610 ) ;
#3539 = AXIS2_PLACEMENT_3D ( 'NONE', #4780, #2544, #6892 ) ;
#3540 = ORIENTED_EDGE ( 'NONE', *, *, #2633, .F. ) ;
#3541 = DIRECTION ( 'NONE',  ( 0.7660444535136902156, 0.6427875972986035746, 0.000000000000000000 ) ) ;
#3542 = CARTESIAN_POINT ( 'NONE',  ( 24.42589257288654636, 13.32067908522997612, 0.000000000000000000 ) ) ;
#3543 = ORIENTED_EDGE ( 'NONE', *, *, #2567, .F. ) ;
#3544 = DIRECTION ( 'NONE',  ( 0.4545194689124509857, -0.5416752277698740903, 0.7071067811865465735 ) ) ;
#3545 = AXIS2_PLACEMENT_3D ( 'NONE', #2467, #785, #5085 ) ;
#3546 = VERTEX_POINT ( 'NONE', #5954 ) ;
#3547 = VECTOR ( 'NONE', #3745, 1000.000000000000000 ) ;
#3548 = CARTESIAN_POINT ( 'NONE',  ( 146.4478853129096478, 8.656688963823146565, 50.00000000000000000 ) ) ;
#3549 = CARTESIAN_POINT ( 'NONE',  ( -0.01494820705065468165, -0.4421207249465292644, 0.000000000000000000 ) ) ;
#3550 = DIRECTION ( 'NONE',  ( 0.6427875972986036857, -0.7660444535136901045, 0.000000000000000000 ) ) ;
#3551 = CARTESIAN_POINT ( 'NONE',  ( 179.3010702433844870, -0.3761435179614029400, 519.0000000000003411 ) ) ;
#3552 = ORIENTED_EDGE ( 'NONE', *, *, #5918, .F. ) ;
#3553 = CARTESIAN_POINT ( 'NONE',  ( 154.7820052418864805, -1.276612200341903369, 225.9999999999999716 ) ) ;
#3554 = ORIENTED_EDGE ( 'NONE', *, *, #5337, .T. ) ;
#3555 = EDGE_CURVE ( 'NONE', #4619, #1409, #1070, .T. ) ;
#3556 = CARTESIAN_POINT ( 'NONE',  ( 90.20120286622807271, 75.68779357109528405, 134.2089397439838763 ) ) ;
#3557 = CARTESIAN_POINT ( 'NONE',  ( 46.62506607956137827, -5.255069100469307308, 0.000000000000000000 ) ) ;
#3558 = ORIENTED_EDGE ( 'NONE', *, *, #6582, .T. ) ;
#3559 = VERTEX_POINT ( 'NONE', #3238 ) ;
#3560 = EDGE_CURVE ( 'NONE', #963, #6801, #3805, .T. ) ;
#3561 = CARTESIAN_POINT ( 'NONE',  ( 153.6098310104484881, 0.1203306969984557911, 87.98640020981726195 ) ) ;
#3562 = LINE ( 'NONE', #4130, #2563 ) ;
#3563 = VERTEX_POINT ( 'NONE', #2182 ) ;
#3564 = VECTOR ( 'NONE', #824, 1000.000000000000000 ) ;
#3565 = ORIENTED_EDGE ( 'NONE', *, *, #5830, .F. ) ;
#3566 = CARTESIAN_POINT ( 'NONE',  ( 74.46472052248944351, 91.33035584126638184, 22.09811374147070850 ) ) ;
#3567 = ADVANCED_FACE ( 'NONE', ( #1566 ), #6986, .F. ) ;
#3568 = CARTESIAN_POINT ( 'NONE',  ( 69.29643318206649383, 0.0005751045010077147001, 518.9999999999998863 ) ) ;
#3569 = CARTESIAN_POINT ( 'NONE',  ( 184.3164905826809843, 0.6290085213068066228, 165.5590183378598397 ) ) ;
#3570 = CARTESIAN_POINT ( 'NONE',  ( 59.67985373236170688, 17.00756120849420583, 0.000000000000000000 ) ) ;
#3571 = AXIS2_PLACEMENT_3D ( 'NONE', #5269, #6815, #3033 ) ;
#3572 = CARTESIAN_POINT ( 'NONE',  ( 69.28925423040452358, -0.3088112137153679604, 519.0000000000000000 ) ) ;
#3573 = LINE ( 'NONE', #6794, #5358 ) ;
#3574 = ORIENTED_EDGE ( 'NONE', *, *, #906, .F. ) ;
#3575 = PLANE ( 'NONE',  #3824 ) ;
#3576 = EDGE_LOOP ( 'NONE', ( #1990, #4730, #3897, #1796 ) ) ;
#3577 = PLANE ( 'NONE',  #3231 ) ;
#3578 = ORIENTED_EDGE ( 'NONE', *, *, #1300, .F. ) ;
#3579 = B_SPLINE_CURVE_WITH_KNOTS ( 'NONE', 3,
 ( #4214, #1909, #6355, #1980, #5784, #903, #3678, #5276, #5856, #4065 ),
 .UNSPECIFIED., .F., .F.,
 ( 4, 3, 3, 4 ),
 ( 0.000000000000000000, 0.002559018337862934821, 0.01279509168931460862, 0.05600000000005547762 ),
 .UNSPECIFIED. ) ;
#3580 = DIRECTION ( 'NONE',  ( 0.6427875972986036857, -0.7660444535136901045, 0.000000000000000000 ) ) ;
#3581 = CARTESIAN_POINT ( 'NONE',  ( 8.382677127957194330, 7.796507068466770995, 0.000000000000000000 ) ) ;
#3582 = CARTESIAN_POINT ( 'NONE',  ( 155.4109767651796119, -1.253513102526439216, 225.9999999999998010 ) ) ;
#3583 = DIRECTION ( 'NONE',  ( -0.4545194689124502085, 0.5416752277698729801, -0.7071067811865477948 ) ) ;
#3584 = VECTOR ( 'NONE', #5900, 1000.000000000000000 ) ;
#3585 = ORIENTED_EDGE ( 'NONE', *, *, #2920, .T. ) ;
#3586 = FACE_OUTER_BOUND ( 'NONE', #6201, .T. ) ;
#3587 = ORIENTED_EDGE ( 'NONE', *, *, #914, .T. ) ;
#3588 = CARTESIAN_POINT ( 'NONE',  ( 184.3164905826809843, -0.1919658050646005920, 2.000000000000000000 ) ) ;
#3589 = EDGE_CURVE ( 'NONE', #2074, #2307, #1029, .T. ) ;
#3590 = CARTESIAN_POINT ( 'NONE',  ( 55.94998405850100198, -4.906294385221132259, 0.000000000000000000 ) ) ;
#3591 = ORIENTED_EDGE ( 'NONE', *, *, #1641, .T. ) ;
#3592 = EDGE_LOOP ( 'NONE', ( #6354, #4282, #183, #248 ) ) ;
#3593 = FACE_OUTER_BOUND ( 'NONE', #5998, .T. ) ;
#3594 = CARTESIAN_POINT ( 'NONE',  ( 184.3164905826809843, -6.647825509190094628, 163.0000000000000000 ) ) ;
#3595 = CARTESIAN_POINT ( 'NONE',  ( 146.5281689998066099, 5.448479403202883375, -9.804599309964982597E-15 ) ) ;
#3596 = VERTEX_POINT ( 'NONE', #5992 ) ;
#3597 = EDGE_CURVE ( 'NONE', #6120, #3674, #6658, .T. ) ;
#3598 = DIRECTION ( 'NONE',  ( 0.000000000000000000, 0.000000000000000000, 1.000000000000000000 ) ) ;
#3599 = CARTESIAN_POINT ( 'NONE',  ( 169.1116120508133065, 4.115636582606345684, 2.000000000000018652 ) ) ;
#3600 = ORIENTED_EDGE ( 'NONE', *, *, #4071, .T. ) ;
#3601 = LINE ( 'NONE', #6859, #6168 ) ;
#3602 = CARTESIAN_POINT ( 'NONE',  ( 6.471609468543366717, -4.390733250623561013, 0.000000000000000000 ) ) ;
#3603 = LINE ( 'NONE', #5858, #1890 ) ;
#3604 = EDGE_CURVE ( 'NONE', #6672, #5778, #2117, .T. ) ;
#3605 = CARTESIAN_POINT ( 'NONE',  ( 78.33034229766373358, 16.89236589472353600, 0.000000000000000000 ) ) ;
#3606 = CARTESIAN_POINT ( 'NONE',  ( 152.3344030390954345, -1.366508986911865842, 519.0000000000000000 ) ) ;
#3607 = ADVANCED_FACE ( 'NONE', ( #6525, #6486, #3276, #6947, #4847, #4913, #5910, #5452, #2075 ), #4238, .T. ) ;
#3608 = VERTEX_POINT ( 'NONE', #46 ) ;
#3609 = B_SPLINE_CURVE_WITH_KNOTS ( 'NONE', 3,
 ( #6651, #6080, #1194, #3360 ),
 .UNSPECIFIED., .F., .F.,
 ( 4, 4 ),
 ( 0.000000000000000000, 1.000000000000000000 ),
 .UNSPECIFIED. ) ;
#3610 = FACE_OUTER_BOUND ( 'NONE', #2195, .T. ) ;
#3611 = CARTESIAN_POINT ( 'NONE',  ( 207.7788598165462588, -67.54725382381595011, 185.3018732127386272 ) ) ;
#3612 = ORIENTED_EDGE ( 'NONE', *, *, #2464, .F. ) ;
#3613 = PLANE ( 'NONE',  #2333 ) ;
#3614 = ORIENTED_EDGE ( 'NONE', *, *, #5711, .T. ) ;
#3615 = EDGE_CURVE ( 'NONE', #1240, #5148, #6416, .T. ) ;
#3616 = ADVANCED_FACE ( 'NONE', ( #7023 ), #463, .T. ) ;
#3617 = DIRECTION ( 'NONE',  ( 0.000000000000000000, 0.000000000000000000, 1.000000000000000000 ) ) ;
#3618 = CARTESIAN_POINT ( 'NONE',  ( 162.2550002588989742, -1.002173716036702356, 0.000000000000000000 ) ) ;
#3619 = LINE ( 'NONE', #6912, #2425 ) ;
#3620 = FACE_BOUND ( 'NONE', #5557, .T. ) ;
#3621 = ORIENTED_EDGE ( 'NONE', *, *, #6090, .F. ) ;
#3622 = CARTESIAN_POINT ( 'NONE',  ( 187.3164905826809843, -0.08178092353511093315, 288.0000000000000000 ) ) ;
#3623 = ORIENTED_EDGE ( 'NONE', *, *, #5734, .T. ) ;
#3624 = CARTESIAN_POINT ( 'NONE',  ( 148.0602579068340106, 6.734054597800095188, 73.11015629367237523 ) ) ;
#3625 = CARTESIAN_POINT ( 'NONE',  ( 22.37973747820756287, -5.590496226495408116, 0.000000000000000000 ) ) ;
#3626 = ORIENTED_EDGE ( 'NONE', *, *, #3510, .T. ) ;
#3627 = ORIENTED_EDGE ( 'NONE', *, *, #4953, .T. ) ;
#3628 = LINE ( 'NONE', #3061, #1362 ) ;
#3629 = CARTESIAN_POINT ( 'NONE',  ( 153.5357213043734532, 7.365898744728823999, 0.000000000000000000 ) ) ;
#3630 = ADVANCED_FACE ( 'NONE', ( #5553 ), #3374, .F. ) ;
#3631 = ORIENTED_EDGE ( 'NONE', *, *, #1861, .T. ) ;
#3632 = EDGE_CURVE ( 'NONE', #1480, #5969, #150, .T. ) ;
#3633 = PLANE ( 'NONE',  #1619 ) ;
#3634 = CARTESIAN_POINT ( 'NONE',  ( 184.3164905826810127, 0.6292073933220555526, 2.000000000000009326 ) ) ;
#3635 = EDGE_LOOP ( 'NONE', ( #3045, #2527, #47, #1221 ) ) ;
#3636 = CARTESIAN_POINT ( 'NONE',  ( 88.66911395920067207, 74.40221837649805536, 75.23147659367238305 ) ) ;
#3637 = CARTESIAN_POINT ( 'NONE',  ( 3.915125652207560591, 4.896618974382517919, 0.000000000000000000 ) ) ;
#3638 = B_SPLINE_CURVE_WITH_KNOTS ( 'NONE', 3,
 ( #1199, #6588, #1701, #3869, #3365, #497, #2666, #6512, #4295, #3796, #4835 ),
 .UNSPECIFIED., .F., .F.,
 ( 4, 1, 1, 1, 1, 1, 1, 1, 4 ),
 ( 0.005236459568635229780, 0.006131389326090856684, 0.01112941318390207879, 0.01612743704171333559, 0.02612348475733592551, 0.03112150861514711292, 0.03611953247295836972, 0.04111755633076962652, 0.04373606548473162048 ),
 .UNSPECIFIED. ) ;
#3639 = CARTESIAN_POINT ( 'NONE',  ( 55.04551400535657990, 114.4732657334371595, 52.30903660112844733 ) ) ;
#3640 = EDGE_CURVE ( 'NONE', #6827, #5241, #6121, .T. ) ;
#3641 = CARTESIAN_POINT ( 'NONE',  ( 138.0107732536765752, 10.21492739101851122, 0.000000000000000000 ) ) ;
#3642 = CARTESIAN_POINT ( 'NONE',  ( 89.66603002766916575, -3.573998266371781973, 519.0000000000000000 ) ) ;
#3643 = LINE ( 'NONE', #1512, #2640 ) ;
#3644 = ORIENTED_EDGE ( 'NONE', *, *, #4915, .T. ) ;
#3645 = AXIS2_PLACEMENT_3D ( 'NONE', #5240, #4673, #2094 ) ;
#3646 = DIRECTION ( 'NONE',  ( 0.000000000000000000, -1.000000000000000000, 6.156758679758506919E-16 ) ) ;
#3647 = ADVANCED_FACE ( 'NONE', ( #1239 ), #1275, .T. ) ;
#3648 = LINE ( 'NONE', #4757, #1086 ) ;
#3649 = ORIENTED_EDGE ( 'NONE', *, *, #5308, .T. ) ;
#3650 = VECTOR ( 'NONE', #3666, 1000.000000000000000 ) ;
#3651 = CARTESIAN_POINT ( 'NONE',  ( 152.0777421034211159, -1.165244497598718620, 203.2643887358846655 ) ) ;
#3652 = ORIENTED_EDGE ( 'NONE', *, *, #94, .F. ) ;
#3653 = CARTESIAN_POINT ( 'NONE',  ( 184.3164905826809843, 0.6289034900828858188, 226.8530061126194255 ) ) ;
#3654 = VECTOR ( 'NONE', #6999, 1000.000000000000000 ) ;
#3655 = CARTESIAN_POINT ( 'NONE',  ( 89.51999994725915144, -3.673788567377311409, 0.000000000000000000 ) ) ;
#3656 = CARTESIAN_POINT ( 'NONE',  ( 152.0777421034210874, -1.165244497598656226, 157.7187869762735488 ) ) ;
#3657 = VECTOR ( 'NONE', #4332, 1000.000000000000000 ) ;
#3658 = B_SPLINE_CURVE_WITH_KNOTS ( 'NONE', 3,
 ( #2146, #6874, #6449, #4234, #4195, #392, #5328, #1484, #4694, #5259 ),
 .UNSPECIFIED., .F., .F.,
 ( 4, 1, 1, 1, 1, 1, 1, 4 ),
 ( 0.005108681353765662930, 0.007492672086077694152, 0.01300435769831127103, 0.02402772892277850458, 0.02953941453501199993, 0.03505110014724557854, 0.04056278575947916409, 0.04376738744590136232 ),
 .UNSPECIFIED. ) ;
#3659 = CARTESIAN_POINT ( 'NONE',  ( 175.8545626655437957, -0.5027155355985990504, 223.9999999999998579 ) ) ;
#3660 = VECTOR ( 'NONE', #2198, 1000.000000000000000 ) ;
#3661 = CARTESIAN_POINT ( 'NONE',  ( 56.53169983454675673, -4.883681907971681113, 0.000000000000000000 ) ) ;
#3662 = ORIENTED_EDGE ( 'NONE', *, *, #1330, .T. ) ;
#3663 = CARTESIAN_POINT ( 'NONE',  ( 81.98169712266442843, 82.37197167835410028, 10.40377391325058554 ) ) ;
#3664 = ORIENTED_EDGE ( 'NONE', *, *, #5178, .T. ) ;
#3665 = VECTOR ( 'NONE', #3842, 1000.000000000000000 ) ;
#3666 = DIRECTION ( 'NONE',  ( 0.6427875972986036857, -0.7660444535136901045, 0.000000000000000000 ) ) ;
#3667 = CARTESIAN_POINT ( 'NONE',  ( 180.9049999692092854, -0.3172591615553263522, 0.000000000000000000 ) ) ;
#3668 = ORIENTED_EDGE ( 'NONE', *, *, #5101, .T. ) ;
#3669 = DIRECTION ( 'NONE',  ( 0.7660444535136902156, 0.6427875972986035746, -0.000000000000000000 ) ) ;
#3670 = LINE ( 'NONE', #865, #2901 ) ;
#3671 = EDGE_CURVE ( 'NONE', #3382, #3508, #679, .T. ) ;
#3672 = ORIENTED_EDGE ( 'NONE', *, *, #2395, .T. ) ;
#3673 = CARTESIAN_POINT ( 'NONE',  ( 146.6804820242333847, 8.616731880612455541, 47.99999999999998579 ) ) ;
#3674 = VERTEX_POINT ( 'NONE', #6095 ) ;
#3675 = LINE ( 'NONE', #3169, #2203 ) ;
#3676 = CARTESIAN_POINT ( 'NONE',  ( 112.2947168035808261, 49.35776809850629121, -34.37140671382515222 ) ) ;
#3677 = ORIENTED_EDGE ( 'NONE', *, *, #1886, .T. ) ;
#3678 = CARTESIAN_POINT ( 'NONE',  ( 184.3164905826809559, 0.6290774289250272711, 117.7950916893036322 ) ) ;
#3679 = CARTESIAN_POINT ( 'NONE',  ( 69.36424691922144348, 0.3079748919317497613, 519.0000000000005684 ) ) ;
#3680 = CARTESIAN_POINT ( 'NONE',  ( 146.5281689998066383, 5.448479403202869165, 231.5711869321423819 ) ) ;
#3681 = VECTOR ( 'NONE', #3046, 1000.000000000000000 ) ;
#3682 = CARTESIAN_POINT ( 'NONE',  ( 98.84551176274203499, 15.53968484951176876, 0.000000000000000000 ) ) ;
#3683 = CARTESIAN_POINT ( 'NONE',  ( 97.89132597226470978, -3.369307533270116561, 519.0000000000000000 ) ) ;
#3684 = CARTESIAN_POINT ( 'NONE',  ( 148.0602579068340106, 6.734054597800090747, -9.804599309964982597E-15 ) ) ;
#3685 = ORIENTED_EDGE ( 'NONE', *, *, #3487, .F. ) ;
#3686 = PLANE ( 'NONE',  #2473 ) ;
#3687 = CARTESIAN_POINT ( 'NONE',  ( 152.0777421034211159, -1.165244497598704854, 205.3857090794443252 ) ) ;
#3688 = LINE ( 'NONE', #5944, #1372 ) ;
#3689 = ORIENTED_EDGE ( 'NONE', *, *, #4692, .T. ) ;
#3690 = PLANE ( 'NONE',  #4099 ) ;
#3691 = CARTESIAN_POINT ( 'NONE',  ( 184.0133332123739649, -0.2031000395788941093, 0.000000000000000000 ) ) ;
#3692 = FACE_OUTER_BOUND ( 'NONE', #3127, .T. ) ;
#3693 = EDGE_CURVE ( 'NONE', #5307, #5148, #1813, .T. ) ;
#3694 = CARTESIAN_POINT ( 'NONE',  ( 159.3400630087565162, -1.109216659586855114, 223.9999999999997726 ) ) ;
#3695 = VECTOR ( 'NONE', #332, 1000.000000000000000 ) ;
#3696 = CARTESIAN_POINT ( 'NONE',  ( 14.35666264184537688, -5.281386247413163204, 0.000000000000000000 ) ) ;
#3697 = CARTESIAN_POINT ( 'NONE',  ( 154.2689377912741691, 7.011023967610568342, 287.9999999999998863 ) ) ;
#3698 = VERTEX_POINT ( 'NONE', #1785 ) ;
#3699 = CARTESIAN_POINT ( 'NONE',  ( 100.3144231054269966, 60.52387890882658894, -18.11688525909213965 ) ) ;
#3700 = EDGE_LOOP ( 'NONE', ( #6533, #1474, #4493 ) ) ;
#3701 = LINE ( 'NONE', #1568, #819 ) ;
#3702 = VECTOR ( 'NONE', #2166, 1000.000000000000000 ) ;
#3703 = CARTESIAN_POINT ( 'NONE',  ( 145.4700002555863136, -1.618603625837736759, 0.000000000000000000 ) ) ;
#3704 = B_SPLINE_CURVE_WITH_KNOTS ( 'NONE', 3,
 ( #154, #118, #1715, #4345, #1678, #2788, #619 ),
 .UNSPECIFIED., .F., .F.,
 ( 4, 3, 4 ),
 ( 0.003000000000000002665, 0.01279509168931450280, 0.05299999999999996381 ),
 .UNSPECIFIED. ) ;
#3705 = ORIENTED_EDGE ( 'NONE', *, *, #3478, .T. ) ;
#3706 = FACE_BOUND ( 'NONE', #462, .T. ) ;
#3707 = DIRECTION ( 'NONE',  ( 0.7660444535136902156, 0.6427875972986035746, -0.000000000000000000 ) ) ;
#3708 = ORIENTED_EDGE ( 'NONE', *, *, #4367, .T. ) ;
#3709 = VECTOR ( 'NONE', #5724, 1000.000000000000000 ) ;
#3710 = DIRECTION ( 'NONE',  ( -0.9993263269200400867, -0.03670003166893779506, 0.000000000000000000 ) ) ;
#3711 = ADVANCED_FACE ( 'NONE', ( #3439 ), #1142, .F. ) ;
#3712 = LINE ( 'NONE', #2013, #3654 ) ;
#3713 = LINE ( 'NONE', #4857, #5352 ) ;
#3714 = ORIENTED_EDGE ( 'NONE', *, *, #1345, .T. ) ;
#3715 = CARTESIAN_POINT ( 'NONE',  ( 148.0602579068340106, 6.734054597800095188, 79.35279693723198591 ) ) ;
#3716 = CARTESIAN_POINT ( 'NONE',  ( 0.1058519167028372926, 0.5357566850058824715, 0.000000000000000000 ) ) ;
#3717 = CARTESIAN_POINT ( 'NONE',  ( 146.4960923206249106, 8.598154615796921973, 103.0000000000000142 ) ) ;
#3718 = CARTESIAN_POINT ( 'NONE',  ( 124.9556290558779068, 12.33078419755006117, 0.000000000000000000 ) ) ;
#3719 = CARTESIAN_POINT ( 'NONE',  ( 86.53245811787247987, -3.590129642882411876, 519.0000000000000000 ) ) ;
#3720 = PLANE ( 'NONE',  #5299 ) ;
#3721 = ORIENTED_EDGE ( 'NONE', *, *, #2903, .F. ) ;
#3722 = LINE ( 'NONE', #4686, #3584 ) ;
#3723 = LINE ( 'NONE', #4836, #7016 ) ;
#3724 = CARTESIAN_POINT ( 'NONE',  ( 146.5281689998066099, 5.448479403202887816, 79.35279693723198591 ) ) ;
#3725 = EDGE_CURVE ( 'NONE', #4662, #5171, #5616, .T. ) ;
#3726 = VERTEX_POINT ( 'NONE', #3401 ) ;
#3727 = EDGE_CURVE ( 'NONE', #6440, #3674, #5080, .T. ) ;
#3728 = PLANE ( 'NONE',  #5353 ) ;
#3729 = CARTESIAN_POINT ( 'NONE',  ( 78.33000285598967594, -4.085154716956501453, 0.000000000000000000 ) ) ;
#3730 = LINE ( 'NONE', #5444, #4678 ) ;
#3731 = CARTESIAN_POINT ( 'NONE',  ( 181.7529424007027501, -0.2861144488345281345, 224.0000000000004547 ) ) ;
#3732 = CARTESIAN_POINT ( 'NONE',  ( 146.5281689998066099, 5.448479403202893145, 181.8757090794443059 ) ) ;
#3733 = ORIENTED_EDGE ( 'NONE', *, *, #3510, .F. ) ;
#3734 = DIRECTION ( 'NONE',  ( 0.000000000000000000, 0.7938448021158682755, -0.6081204076115337420 ) ) ;
#3735 = ORIENTED_EDGE ( 'NONE', *, *, #2888, .T. ) ;
#3736 = EDGE_CURVE ( 'NONE', #4122, #3845, #116, .T. ) ;
#3737 = PLANE ( 'NONE',  #2193 ) ;
#3738 = CARTESIAN_POINT ( 'NONE',  ( 158.5250000455471593, -1.139151240169913315, 0.000000000000000000 ) ) ;
#3739 = ORIENTED_EDGE ( 'NONE', *, *, #2174, .T. ) ;
#3740 = LINE ( 'NONE', #4851, #1731 ) ;
#3741 = FACE_OUTER_BOUND ( 'NONE', #4314, .T. ) ;
#3742 = CARTESIAN_POINT ( 'NONE',  ( 184.3164905826809843, 0.3083714254295336077, 53.00000000000000711 ) ) ;
#3743 = EDGE_LOOP ( 'NONE', ( #1865, #999, #6936, #1596 ) ) ;
#3744 = EDGE_CURVE ( 'NONE', #2857, #518, #1754, .T. ) ;
#3745 = DIRECTION ( 'NONE',  ( -0.4545194689124505416, 0.5416752277698733131, -0.7071067811865473507 ) ) ;
#3746 = DIRECTION ( 'NONE',  ( 0.7660444535136902156, 0.6427875972986035746, -0.000000000000000000 ) ) ;
#3747 = PLANE ( 'NONE',  #6055 ) ;
#3748 = ORIENTED_EDGE ( 'NONE', *, *, #735, .T. ) ;
#3749 = CARTESIAN_POINT ( 'NONE',  ( 154.7820050803711922, -1.276612007855474573, 158.0000000000000000 ) ) ;
#3750 = CARTESIAN_POINT ( 'NONE',  ( 146.3076577920556929, 8.000425837600824153, 519.0000000000010232 ) ) ;
#3751 = DIRECTION ( 'NONE',  ( 1.000000000000000000, 0.000000000000000000, -0.000000000000000000 ) ) ;
#3752 = VECTOR ( 'NONE', #1165, 1000.000000000000000 ) ;
#3753 = CARTESIAN_POINT ( 'NONE',  ( 5.566720684578323919, 6.151736426088713294, 0.000000000000000000 ) ) ;
#3754 = CARTESIAN_POINT ( 'NONE',  ( 104.9413198165593997, -3.106183437420195759, 519.0000000000000000 ) ) ;
#3755 = DIRECTION ( 'NONE',  ( 0.7660444535136902156, 0.6427875972986035746, 0.000000000000000000 ) ) ;
#3756 = PLANE ( 'NONE',  #2954 ) ;
#3757 = DIRECTION ( 'NONE',  ( 0.000000000000000000, 0.000000000000000000, 1.000000000000000000 ) ) ;
#3758 = DIRECTION ( 'NONE',  ( 0.9993263279542508037, 0.03670000350780838749, 0.000000000000000000 ) ) ;
#3759 = FACE_OUTER_BOUND ( 'NONE', #2825, .T. ) ;
#3760 = EDGE_LOOP ( 'NONE', ( #4085, #2400, #2650, #7036 ) ) ;
#3761 = DIRECTION ( 'NONE',  ( -6.378601426329706152E-17, -5.352281928482944175E-17, -1.000000000000000000 ) ) ;
#3762 = VECTOR ( 'NONE', #4498, 1000.000000000000000 ) ;
#3763 = CARTESIAN_POINT ( 'NONE',  ( 129.3066668260014751, -2.212221004069390151, 0.000000000000000000 ) ) ;
#3764 = LINE ( 'NONE', #4874, #5587 ) ;
#3765 = VECTOR ( 'NONE', #2876, 1000.000000000000000 ) ;
#3766 = VECTOR ( 'NONE', #3476, 1000.000000000000114 ) ;
#3767 = CARTESIAN_POINT ( 'NONE',  ( 146.6546247052259559, 8.409223070701337122, 245.9087944007433180 ) ) ;
#3768 = CARTESIAN_POINT ( 'NONE',  ( 49.58718133787002103, -5.148102930934723709, 0.000000000000000000 ) ) ;
#3769 = CARTESIAN_POINT ( 'NONE',  ( 44.02340775731356359, 130.7203485975772423, 71.83989750732985158 ) ) ;
#3770 = EDGE_LOOP ( 'NONE', ( #345, #1069, #5564, #6496 ) ) ;
#3771 = DIRECTION ( 'NONE',  ( -6.378601426329706152E-17, -5.352281928482944175E-17, -1.000000000000000000 ) ) ;
#3772 = ORIENTED_EDGE ( 'NONE', *, *, #2596, .T. ) ;
#3773 = AXIS2_PLACEMENT_3D ( 'NONE', #4763, #6482, #1630 ) ;
#3774 = EDGE_CURVE ( 'NONE', #317, #4221, #3844, .T. ) ;
#3775 = AXIS2_PLACEMENT_3D ( 'NONE', #1660, #3829, #1697 ) ;
#3776 = CARTESIAN_POINT ( 'NONE',  ( 146.5281689998066099, 5.448479403202890481, 73.11015629367237523 ) ) ;
#3777 = CARTESIAN_POINT ( 'NONE',  ( 134.2799997347833312, -2.029546111950618403, 0.000000000000000000 ) ) ;
#3778 = ORIENTED_EDGE ( 'NONE', *, *, #5887, .F. ) ;
#3779 = AXIS2_PLACEMENT_3D ( 'NONE', #6849, #3031, #5198 ) ;
#3780 = CARTESIAN_POINT ( 'NONE',  ( 184.3164905826809843, 0.6291504286501475862, 57.97104278834319047 ) ) ;
#3781 = DIRECTION ( 'NONE',  ( 0.03670000643793511208, -0.9993263278466426591, 0.000000000000000000 ) ) ;
#3782 = EDGE_CURVE ( 'NONE', #3563, #2053, #5622, .T. ) ;
#3783 = ORIENTED_EDGE ( 'NONE', *, *, #2384, .F. ) ;
#3784 = CARTESIAN_POINT ( 'NONE',  ( 83.51378602969181486, 83.65754687295131475, 10.40377391325058554 ) ) ;
#3785 = ORIENTED_EDGE ( 'NONE', *, *, #2481, .T. ) ;
#3786 = FACE_OUTER_BOUND ( 'NONE', #2511, .T. ) ;
#3787 = ORIENTED_EDGE ( 'NONE', *, *, #415, .F. ) ;
#3788 = CARTESIAN_POINT ( 'NONE',  ( 146.5281689998066099, 5.448479403202848736, 108.6989397439838712 ) ) ;
#3789 = CARTESIAN_POINT ( 'NONE',  ( 104.4998822574198556, 14.99257463012786573, 0.000000000000000000 ) ) ;
#3790 = DIRECTION ( 'NONE',  ( 0.000000000000000000, 0.7938448021158680534, -0.6081204076115339641 ) ) ;
#3791 = ORIENTED_EDGE ( 'NONE', *, *, #5607, .F. ) ;
#3792 = CARTESIAN_POINT ( 'NONE',  ( 0.05631658127147678300, -0.7733632735088061816, 0.000000000000000000 ) ) ;
#3793 = EDGE_CURVE ( 'NONE', #1607, #6294, #4948, .T. ) ;
#3794 = CARTESIAN_POINT ( 'NONE',  ( 154.7820051188861896, -1.276612053755953768, 52.00000000000000711 ) ) ;
#3795 = PLANE ( 'NONE',  #3866 ) ;
#3796 = CARTESIAN_POINT ( 'NONE',  ( 183.4672224300393282, 0.8297000030374014345, 226.0000000000000000 ) ) ;
#3797 = CARTESIAN_POINT ( 'NONE',  ( 152.0777421034210306, -1.165244497598677098, 17.14857848983246313 ) ) ;
#3798 = DIRECTION ( 'NONE',  ( 0.000000000000000000, 0.000000000000000000, 1.000000000000000000 ) ) ;
#3799 = VECTOR ( 'NONE', #3025, 1000.000000000000000 ) ;
#3800 = LINE ( 'NONE', #5402, #146 ) ;
#3801 = CARTESIAN_POINT ( 'NONE',  ( 114.3417590451076222, 10.72179315583402825, 519.0000000000000000 ) ) ;
#3802 = DIRECTION ( 'NONE',  ( 1.000000000000000000, 0.000000000000000000, -0.000000000000000000 ) ) ;
#3803 = CARTESIAN_POINT ( 'NONE',  ( 187.2624180140170722, -0.08376696774763658926, 287.9999999999996589 ) ) ;
#3804 = ORIENTED_EDGE ( 'NONE', *, *, #6149, .F. ) ;
#3805 = LINE ( 'NONE', #5410, #6543 ) ;
#3806 = ORIENTED_EDGE ( 'NONE', *, *, #1316, .F. ) ;
#3807 = CARTESIAN_POINT ( 'NONE',  ( 154.7820051188861896, -1.276612053755953768, 53.00000000000000711 ) ) ;
#3808 = CARTESIAN_POINT ( 'NONE',  ( 138.0099997365017828, -1.892556158734664873, 0.000000000000000000 ) ) ;
#3809 = ORIENTED_EDGE ( 'NONE', *, *, #1703, .F. ) ;
#3810 = VECTOR ( 'NONE', #515, 1000.000000000000000 ) ;
#3811 = ORIENTED_EDGE ( 'NONE', *, *, #6240, .F. ) ;
#3812 = FACE_BOUND ( 'NONE', #3171, .T. ) ;
#3813 = CARTESIAN_POINT ( 'NONE',  ( 73.78294131912075215, 92.14286868292120403, 23.15877391325059520 ) ) ;
#3814 = ORIENTED_EDGE ( 'NONE', *, *, #3815, .T. ) ;
#3815 = EDGE_CURVE ( 'NONE', #2074, #4585, #4445, .T. ) ;
#3816 = VECTOR ( 'NONE', #523, 1000.000000000000000 ) ;
#3817 = DIRECTION ( 'NONE',  ( 0.7660444535136902156, 0.6427875972986035746, -0.000000000000000000 ) ) ;
#3818 = ORIENTED_EDGE ( 'NONE', *, *, #2107, .T. ) ;
#3819 = CARTESIAN_POINT ( 'NONE',  ( 154.7636551171322878, -0.7769488897788283666, 45.00000000000000711 ) ) ;
#3820 = EDGE_LOOP ( 'NONE', ( #4011, #849, #2065, #1919, #4544 ) ) ;
#3821 = PLANE ( 'NONE',  #5369 ) ;
#3822 = CARTESIAN_POINT ( 'NONE',  ( 36.13289284619103370, 15.51048799562104463, 0.000000000000000000 ) ) ;
#3823 = LINE ( 'NONE', #1692, #4959 ) ;
#3824 = AXIS2_PLACEMENT_3D ( 'NONE', #5831, #4794, #4148 ) ;
#3825 = ORIENTED_EDGE ( 'NONE', *, *, #2184, .T. ) ;
#3826 = VECTOR ( 'NONE', #4224, 1000.000000000000000 ) ;
#3827 = VECTOR ( 'NONE', #7042, 1000.000000000000000 ) ;
#3828 = CARTESIAN_POINT ( 'NONE',  ( 0.2724549242567372298, 0.8921470380263091249, 0.000000000000000000 ) ) ;
#3829 = DIRECTION ( 'NONE',  ( 0.000000000000000000, 0.000000000000000000, 1.000000000000000000 ) ) ;
#3830 = CARTESIAN_POINT ( 'NONE',  ( 153.6098310104484597, 0.1203306969984885288, 177.7543887358846746 ) ) ;
#3831 = CARTESIAN_POINT ( 'NONE',  ( 187.1123679370104753, -0.08927819265133284110, 0.000000000000000000 ) ) ;
#3832 = CARTESIAN_POINT ( 'NONE',  ( 146.5281689998066668, 5.448479403202855842, 194.6307854632994179 ) ) ;
#3833 = DIRECTION ( 'NONE',  ( -6.378601426329706152E-17, -5.352281928482944175E-17, -1.000000000000000000 ) ) ;
#3834 = FACE_OUTER_BOUND ( 'NONE', #5697, .T. ) ;
#3835 = EDGE_CURVE ( 'NONE', #1245, #1759, #6800, .T. ) ;
#3836 = CARTESIAN_POINT ( 'NONE',  ( 152.0777421034210306, -1.165244497598683981, 181.8757090794443059 ) ) ;
#3837 = CARTESIAN_POINT ( 'NONE',  ( 185.4312874860284523, 0.3651221682623279063, 519.0000000000000000 ) ) ;
#3838 = FACE_OUTER_BOUND ( 'NONE', #2127, .T. ) ;
#3839 = CARTESIAN_POINT ( 'NONE',  ( 142.5908565353081201, 8.521159497931883209, 518.9999999999989768 ) ) ;
#3840 = CARTESIAN_POINT ( 'NONE',  ( 88.66911395920067207, 74.40221837649805536, 77.23147659367238305 ) ) ;
#3841 = CARTESIAN_POINT ( 'NONE',  ( 12.37476417434010401, -5.160025936651757128, 0.000000000000000000 ) ) ;
#3842 = DIRECTION ( 'NONE',  ( 0.7660444535136902156, 0.6427875972986035746, -0.000000000000000000 ) ) ;
#3843 = ORIENTED_EDGE ( 'NONE', *, *, #1398, .T. ) ;
#3844 = LINE ( 'NONE', #5045, #5046 ) ;
#3845 = VERTEX_POINT ( 'NONE', #4010 ) ;
#3846 = ADVANCED_FACE ( 'NONE', ( #850 ), #3613, .T. ) ;
#3847 = CARTESIAN_POINT ( 'NONE',  ( 154.7820052799853272, -1.276612245746334251, 2.853006112620982915 ) ) ;
#3848 = CARTESIAN_POINT ( 'NONE',  ( 61.54490356752512525, 17.04221064453826173, 0.000000000000000000 ) ) ;
#3849 = ORIENTED_EDGE ( 'NONE', *, *, #6406, .F. ) ;
#3850 = DIRECTION ( 'NONE',  ( -0.4545194689124505416, 0.5416752277698733131, -0.7071067811865473507 ) ) ;
#3851 = LINE ( 'NONE', #2158, #6204 ) ;
#3852 = VERTEX_POINT ( 'NONE', #5114 ) ;
#3853 = EDGE_CURVE ( 'NONE', #2515, #3196, #2424, .T. ) ;
#3854 = CARTESIAN_POINT ( 'NONE',  ( 146.5281689998066383, 5.448479403202896698, 244.3261105482872608 ) ) ;
#3855 = ORIENTED_EDGE ( 'NONE', *, *, #5254, .T. ) ;
#3856 = CARTESIAN_POINT ( 'NONE',  ( 146.5281689998066099, 5.448479403202885152, 34.02482244953694845 ) ) ;
#3857 = VERTEX_POINT ( 'NONE', #915 ) ;
#3858 = EDGE_CURVE ( 'NONE', #4890, #3135, #1883, .T. ) ;
#3859 = DIRECTION ( 'NONE',  ( 0.4545194689124497089, -0.5416752277698725360, -0.7071067811865484609 ) ) ;
#3860 = CARTESIAN_POINT ( 'NONE',  ( 92.06402861029685880, 9.742231251469100073, 519.0000000000001137 ) ) ;
#3861 = DIRECTION ( 'NONE',  ( -0.4545194689124500420, 0.5416752277698730911, -0.7071067811865480168 ) ) ;
#3862 = ORIENTED_EDGE ( 'NONE', *, *, #526, .F. ) ;
#3863 = CARTESIAN_POINT ( 'NONE',  ( 0.1356412032321439864, -0.9912452172076186008, 0.000000000000000000 ) ) ;
#3864 = APPLICATION_PROTOCOL_DEFINITION ( 'draft international standard', 'automotive_design', 1998, #4532 ) ;
#3865 = CARTESIAN_POINT ( 'NONE',  ( 154.7820051188861896, -1.276612053755953768, 48.00000000000000000 ) ) ;
#3866 = AXIS2_PLACEMENT_3D ( 'NONE', #6548, #2278, #4867 ) ;
#3867 = CARTESIAN_POINT ( 'NONE',  ( 186.9306712258070320, -0.09595177429610150799, 518.9999999999998863 ) ) ;
#3868 = ADVANCED_FACE ( 'NONE', ( #1850 ), #5727, .T. ) ;
#3869 = CARTESIAN_POINT ( 'NONE',  ( 152.4311025672873257, 7.405451493280757802, 226.0000000000000284 ) ) ;
#3870 = CARTESIAN_POINT ( 'NONE',  ( 176.0454904579713116, 2.557073162626486873, 50.00000000000000711 ) ) ;
#3871 = CARTESIAN_POINT ( 'NONE',  ( 88.66911395920067207, 74.40221837649805536, 21.26989883339205889 ) ) ;
#3872 = CARTESIAN_POINT ( 'NONE',  ( 126.0925048482181552, 10.20924673660694637, 519.0000000000000000 ) ) ;
#3873 = DIRECTION ( 'NONE',  ( 0.000000000000000000, -0.000000000000000000, 1.000000000000000000 ) ) ;
#3874 = ADVANCED_FACE ( 'NONE', ( #5218 ), #3083, .F. ) ;
#3875 = CARTESIAN_POINT ( 'NONE',  ( 152.0777421034210874, -1.165244497598746376, -9.804599309964982597E-15 ) ) ;
#3876 = ADVANCED_FACE ( 'NONE', ( #1412 ), #3577, .F. ) ;
#3877 = CARTESIAN_POINT ( 'NONE',  ( 146.7055383787496226, 8.348546515374591692, 285.1469957402638329 ) ) ;
#3878 = CARTESIAN_POINT ( 'NONE',  ( 71.76540512220533685, 3.054853100628045048, 518.9999999999981810 ) ) ;
#3879 = CARTESIAN_POINT ( 'NONE',  ( 184.3164905826809843, 0.6289088413493783003, 224.0000000000000000 ) ) ;
#3880 = ORIENTED_EDGE ( 'NONE', *, *, #5068, .F. ) ;
#3881 = DIRECTION ( 'NONE',  ( -0.6427875972986036857, 0.7660444535136901045, 1.368455531567204475E-48 ) ) ;
#3882 = EDGE_LOOP ( 'NONE', ( #3362, #4160, #4197, #434 ) ) ;
#3883 = VECTOR ( 'NONE', #1626, 1000.000000000000114 ) ;
#3884 = PLANE ( 'NONE',  #1839 ) ;
#3885 = CARTESIAN_POINT ( 'NONE',  ( 167.8519291241387634, 4.385880435886273965, 0.000000000000000000 ) ) ;
#3886 = ORIENTED_EDGE ( 'NONE', *, *, #1294, .T. ) ;
#3887 = VECTOR ( 'NONE', #5949, 1000.000000000000000 ) ;
#3888 = CARTESIAN_POINT ( 'NONE',  ( 184.3164905826809843, -0.1919649323355827053, 231.1737432699193562 ) ) ;
#3889 = ORIENTED_EDGE ( 'NONE', *, *, #4367, .F. ) ;
#3890 = VECTOR ( 'NONE', #5229, 1000.000000000000000 ) ;
#3891 = LINE ( 'NONE', #4925, #1744 ) ;
#3892 = EDGE_LOOP ( 'NONE', ( #3000, #3493, #2628 ) ) ;
#3893 = VECTOR ( 'NONE', #5102, 1000.000000000000114 ) ;
#3894 = VECTOR ( 'NONE', #6659, 1000.000000000000000 ) ;
#3895 = CARTESIAN_POINT ( 'NONE',  ( 68.83511447624589152, 17.10317051736442195, 0.000000000000000000 ) ) ;
#3896 = EDGE_CURVE ( 'NONE', #3053, #6340, #4584, .T. ) ;
#3897 = ORIENTED_EDGE ( 'NONE', *, *, #2261, .T. ) ;
#3898 = CARTESIAN_POINT ( 'NONE',  ( 154.7820050345175105, -1.276611953209101147, 108.0000000000000142 ) ) ;
#3899 = CARTESIAN_POINT ( 'NONE',  ( 33.18698623853997987, 15.07032967291209680, 0.000000000000000000 ) ) ;
#3900 = CARTESIAN_POINT ( 'NONE',  ( 184.3164905826809843, -0.1919654361041271406, 108.0000000000000426 ) ) ;
#3901 = CARTESIAN_POINT ( 'NONE',  ( 152.0777421034210590, -1.165244497598677098, 44.77974606568174920 ) ) ;
#3902 = ORIENTED_EDGE ( 'NONE', *, *, #4487, .T. ) ;
#3903 = VECTOR ( 'NONE', #6093, 1000.000000000000114 ) ;
#3904 = CARTESIAN_POINT ( 'NONE',  ( 153.6098310104484597, 0.1203306969984885288, -9.804599309964982597E-15 ) ) ;
#3905 = FACE_OUTER_BOUND ( 'NONE', #2943, .T. ) ;
#3906 = DIRECTION ( 'NONE',  ( 0.4545194689805009403, -0.5416752278509727736, -0.7071067810806795917 ) ) ;
#3907 = CARTESIAN_POINT ( 'NONE',  ( 184.3164905826810127, 0.6292065984862216244, 2.853006112620601886 ) ) ;
#3908 = CARTESIAN_POINT ( 'NONE',  ( 179.7524425991906583, 1.688530568349073446, 519.0000000000000000 ) ) ;
#3909 = DIRECTION ( 'NONE',  ( -0.9993263274973519517, -0.03670001594897864122, 0.000000000000000000 ) ) ;
#3910 = CARTESIAN_POINT ( 'NONE',  ( 161.3201304291505380, 5.788540652017599264, 0.000000000000000000 ) ) ;
#3911 = DIRECTION ( 'NONE',  ( 6.378601426329706152E-17, 5.352281928482944175E-17, 1.000000000000000000 ) ) ;
#3912 = CARTESIAN_POINT ( 'NONE',  ( 72.30287728956088245, -2.581130401391896090, 518.9999999999997726 ) ) ;
#3913 = LINE ( 'NONE', #3372, #3903 ) ;
#3914 = VERTEX_POINT ( 'NONE', #880 ) ;
#3915 = DIRECTION ( 'NONE',  ( 0.6427875972986036857, -0.7660444535136901045, 8.037077550158748476E-16 ) ) ;
#3916 = VECTOR ( 'NONE', #3472, 1000.000000000000000 ) ;
#3917 = VERTEX_POINT ( 'NONE', #4044 ) ;
#3918 = DIRECTION ( 'NONE',  ( 0.000000000000000000, -0.000000000000000000, 1.000000000000000000 ) ) ;
#3919 = EDGE_CURVE ( 'NONE', #5594, #4022, #6731, .T. ) ;
#3920 = CARTESIAN_POINT ( 'NONE',  ( 115.0096692469210637, 13.73735663189891376, 0.000000000000000000 ) ) ;
#3921 = VERTEX_POINT ( 'NONE', #6832 ) ;
#3922 = CARTESIAN_POINT ( 'NONE',  ( 184.3164905826810127, -0.1919649420281346053, 229.0000000000000000 ) ) ;
#3923 = EDGE_LOOP ( 'NONE', ( #1941, #1513, #6634, #4306 ) ) ;
#3924 = EDGE_CURVE ( 'NONE', #2046, #3559, #5655, .T. ) ;
#3925 = LINE ( 'NONE', #6035, #6289 ) ;
#3926 = VERTEX_POINT ( 'NONE', #4689 ) ;
#3927 = CARTESIAN_POINT ( 'NONE',  ( 138.8677451556111748, 8.994700075687866558, 519.0000000000005684 ) ) ;
#3928 = ORIENTED_EDGE ( 'NONE', *, *, #736, .T. ) ;
#3929 = CARTESIAN_POINT ( 'NONE',  ( 174.9005243410982757, 2.829129485037704228, 0.000000000000000000 ) ) ;
#3930 = CARTESIAN_POINT ( 'NONE',  ( 146.5281689998066383, 5.448479403202869165, 21.26989883339208731 ) ) ;
#3931 = VERTEX_POINT ( 'NONE', #1920 ) ;
#3932 = EDGE_CURVE ( 'NONE', #518, #6778, #6869, .T. ) ;
#3933 = ADVANCED_FACE ( 'NONE', ( #6227 ), #4077, .F. ) ;
#3934 = LINE ( 'NONE', #3262, #34 ) ;
#3935 = CARTESIAN_POINT ( 'NONE',  ( 153.6098310104484597, 0.1203306969984937330, 8.514975219832459530 ) ) ;
#3936 = CARTESIAN_POINT ( 'NONE',  ( 12.37476417434010401, -5.160025936651757128, 0.000000000000000000 ) ) ;
#3937 = LINE ( 'NONE', #2412, #4758 ) ;
#3938 = CARTESIAN_POINT ( 'NONE',  ( 186.5000000000000000, 0.1117699999999999944, 0.000000000000000000 ) ) ;
#3939 = CARTESIAN_POINT ( 'NONE',  ( 153.9015877097336045, 6.804233450115650506, 519.0000000000000000 ) ) ;
#3940 = CARTESIAN_POINT ( 'NONE',  ( 154.7820050332675237, -1.276611951719498039, 107.5590183378628950 ) ) ;
#3941 = LINE ( 'NONE', #1137, #3765 ) ;
#3942 = FACE_OUTER_BOUND ( 'NONE', #2475, .T. ) ;
#3943 = CARTESIAN_POINT ( 'NONE',  ( 8.181474534706218549, -4.698689226440005307, 0.000000000000000000 ) ) ;
#3944 = CARTESIAN_POINT ( 'NONE',  ( 146.5281689998066099, 5.448479403202890481, 19.26989883339208376 ) ) ;
#3945 = ORIENTED_EDGE ( 'NONE', *, *, #1658, .T. ) ;
#3946 = DIRECTION ( 'NONE',  ( 0.000000000000000000, 1.000000000000000000, 0.000000000000000000 ) ) ;
#3947 = ORIENTED_EDGE ( 'NONE', *, *, #6098, .T. ) ;
#3948 = EDGE_CURVE ( 'NONE', #596, #2591, #1342, .T. ) ;
#3949 = CARTESIAN_POINT ( 'NONE',  ( 154.7820052733295597, -1.276612237814304329, 4.559018337862929648 ) ) ;
#3950 = CARTESIAN_POINT ( 'NONE',  ( 117.4956653109314857, 13.40376137598837403, 0.000000000000000000 ) ) ;
#3951 = ORIENTED_EDGE ( 'NONE', *, *, #4285, .F. ) ;
#3952 = EDGE_CURVE ( 'NONE', #6366, #5841, #4943, .T. ) ;
#3953 = CARTESIAN_POINT ( 'NONE',  ( 146.5281689998066383, 5.448479403202869165, 231.5711869321424103 ) ) ;
#3954 = ORIENTED_EDGE ( 'NONE', *, *, #4134, .T. ) ;
#3955 = DIRECTION ( 'NONE',  ( 0.6427875972986035746, -0.7660444535136902156, -6.018531076210112041E-33 ) ) ;
#3956 = ORIENTED_EDGE ( 'NONE', *, *, #3321, .F. ) ;
#3957 = FACE_OUTER_BOUND ( 'NONE', #1677, .T. ) ;
#3958 = CARTESIAN_POINT ( 'NONE',  ( 108.9147676312087754, 10.72864558725206230, 519.0000000000003411 ) ) ;
#3959 = ORIENTED_EDGE ( 'NONE', *, *, #1186, .T. ) ;
#3960 = AXIS2_PLACEMENT_3D ( 'NONE', #5982, #6475, #1586 ) ;
#3961 = EDGE_CURVE ( 'NONE', #1906, #2822, #5984, .T. ) ;
#3962 = DIRECTION ( 'NONE',  ( 6.550283474172087106E-15, -7.935864152663668107E-15, -1.000000000000000000 ) ) ;
#3963 = LINE ( 'NONE', #131, #1603 ) ;
#3964 = VERTEX_POINT ( 'NONE', #3116 ) ;
#3965 = CARTESIAN_POINT ( 'NONE',  ( 146.5281689998066099, 5.448479403202890481, 42.65842572212225292 ) ) ;
#3966 = CARTESIAN_POINT ( 'NONE',  ( 19.81148263834618106, -5.527740210294637357, 0.000000000000000000 ) ) ;
#3967 = LINE ( 'NONE', #4504, #6704 ) ;
#3968 = DIRECTION ( 'NONE',  ( 0.000000000000000000, 0.000000000000000000, 1.000000000000000000 ) ) ;
#3969 = CARTESIAN_POINT ( 'NONE',  ( 71.67650467967975203, -2.428810582050373146, 519.0000000000000000 ) ) ;
#3970 = CARTESIAN_POINT ( 'NONE',  ( 152.0777421034210590, -1.165244497598670215, 280.5910341644319601 ) ) ;
#3971 = CARTESIAN_POINT ( 'NONE',  ( 90.20120286622805850, 75.68779357109526984, 8.514975219832457753 ) ) ;
#3972 = VERTEX_POINT ( 'NONE', #1061 ) ;
#3973 = FACE_OUTER_BOUND ( 'NONE', #6838, .T. ) ;
#3974 = EDGE_CURVE ( 'NONE', #6129, #5113, #6367, .T. ) ;
#3975 = CARTESIAN_POINT ( 'NONE',  ( 69.52743368925803225, 0.6651765536073307450, 518.9999999999998863 ) ) ;
#3976 = ORIENTED_EDGE ( 'NONE', *, *, #618, .T. ) ;
#3977 = DIRECTION ( 'NONE',  ( 0.000000000000000000, 0.000000000000000000, 1.000000000000000000 ) ) ;
#3978 = ORIENTED_EDGE ( 'NONE', *, *, #1747, .T. ) ;
#3979 = DIRECTION ( 'NONE',  ( -0.4545194689124498200, 0.5416752277698725360, -0.7071067811865483499 ) ) ;
#3980 = CARTESIAN_POINT ( 'NONE',  ( 90.14250184463395499, 16.25201691652719660, 0.000000000000000000 ) ) ;
#3981 = CARTESIAN_POINT ( 'NONE',  ( 187.0259088579325635, -42.81484914970644695, 153.0160123065356572 ) ) ;
#3982 = ORIENTED_EDGE ( 'NONE', *, *, #582, .F. ) ;
#3983 = DIRECTION ( 'NONE',  ( -0.4545194689124500420, 0.5416752277698730911, -0.7071067811865480168 ) ) ;
#3984 = ORIENTED_EDGE ( 'NONE', *, *, #3835, .T. ) ;
#3985 = CARTESIAN_POINT ( 'NONE',  ( 154.3747230897488407, -0.7912322163916676310, 100.0000000000000000 ) ) ;
#3986 = CARTESIAN_POINT ( 'NONE',  ( 31.70162641108408863, 14.81240230836588978, 0.000000000000000000 ) ) ;
#3987 = ORIENTED_EDGE ( 'NONE', *, *, #277, .T. ) ;
#3988 = VECTOR ( 'NONE', #2209, 1000.000000000000000 ) ;
#3989 = ORIENTED_EDGE ( 'NONE', *, *, #5566, .F. ) ;
#3990 = DIRECTION ( 'NONE',  ( 0.9993263278466425481, 0.03670000643793510514, 0.000000000000000000 ) ) ;
#3991 = EDGE_CURVE ( 'NONE', #6327, #484, #1518, .T. ) ;
#3992 = FACE_OUTER_BOUND ( 'NONE', #2289, .T. ) ;
#3993 = AXIS2_PLACEMENT_3D ( 'NONE', #5796, #884, #5220 ) ;
#3994 = DIRECTION ( 'NONE',  ( 0.7660444535136902156, 0.6427875972986035746, -0.000000000000000000 ) ) ;
#3995 = CARTESIAN_POINT ( 'NONE',  ( 171.0143547405914148, 3.687308041392776126, 50.00000000000000711 ) ) ;
#3996 = VERTEX_POINT ( 'NONE', #3229 ) ;
#3997 = VECTOR ( 'NONE', #2990, 1000.000000000000114 ) ;
#3998 = LINE ( 'NONE', #5571, #5361 ) ;
#3999 = CARTESIAN_POINT ( 'NONE',  ( 130.5446252940816123, -2.166539322569478898, 518.9999999999989768 ) ) ;
#4000 = LINE ( 'NONE', #6252, #3498 ) ;
#4001 = VECTOR ( 'NONE', #6560, 1000.000000000000000 ) ;
#4002 = EDGE_CURVE ( 'NONE', #689, #1975, #386, .T. ) ;
#4003 = CARTESIAN_POINT ( 'NONE',  ( 184.6350432914452711, 0.5537491015847311182, 0.000000000000000000 ) ) ;
#4004 = CARTESIAN_POINT ( 'NONE',  ( 83.39425716460027616, 8.035538931377674388, 519.0000000000000000 ) ) ;
#4005 = FACE_BOUND ( 'NONE', #2435, .T. ) ;
#4006 = DIRECTION ( 'NONE',  ( 0.7660444535136902156, 0.6427875972986035746, -0.000000000000000000 ) ) ;
#4007 = ORIENTED_EDGE ( 'NONE', *, *, #6448, .T. ) ;
#4008 = LINE ( 'NONE', #5111, #3136 ) ;
#4009 = ORIENTED_EDGE ( 'NONE', *, *, #1647, .T. ) ;
#4010 = CARTESIAN_POINT ( 'NONE',  ( 184.3164905826809843, -0.1919656341984585235, 52.99999999999999289 ) ) ;
#4011 = ORIENTED_EDGE ( 'NONE', *, *, #4351, .T. ) ;
#4012 = CARTESIAN_POINT ( 'NONE',  ( 154.7820052609511094, -1.276612223062195683, 235.5300611262097448 ) ) ;
#4013 = CARTESIAN_POINT ( 'NONE',  ( 18.64951430455423420, -5.481997777100042768, 0.000000000000000000 ) ) ;
#4014 = CARTESIAN_POINT ( 'NONE',  ( 148.0602579068340390, 6.734054597800062325, 194.6307854632994179 ) ) ;
#4015 = FACE_BOUND ( 'NONE', #4674, .T. ) ;
#4016 = ORIENTED_EDGE ( 'NONE', *, *, #6456, .F. ) ;
#4017 = CARTESIAN_POINT ( 'NONE',  ( 184.3164905826809843, -0.1919646894025336392, 283.4409816621370624 ) ) ;
#4018 = ORIENTED_EDGE ( 'NONE', *, *, #378, .T. ) ;
#4019 = PLANE ( 'NONE',  #2759 ) ;
#4020 = CARTESIAN_POINT ( 'NONE',  ( 26.10992408072059945, -5.641874684010351970, 0.000000000000000000 ) ) ;
#4021 = B_SPLINE_CURVE_WITH_KNOTS ( 'NONE', 3,
 ( #1344, #781, #219, #1280, #3441, #4545 ),
 .UNSPECIFIED., .F., .F.,
 ( 4, 1, 1, 4 ),
 ( 0.000000000000000000, 0.008775699953526939351, 0.01979752955054752198, 0.02955439552142074405 ),
 .UNSPECIFIED. ) ;
#4022 = VERTEX_POINT ( 'NONE', #4298 ) ;
#4023 = ORIENTED_EDGE ( 'NONE', *, *, #5977, .T. ) ;
#4024 = DIRECTION ( 'NONE',  ( -0.4545194689124503751, 0.5416752277698730911, -0.7071067811865476838 ) ) ;
#4025 = DIRECTION ( 'NONE',  ( 0.6427875972986035746, -0.7660444535136902156, 0.000000000000000000 ) ) ;
#4026 = DIRECTION ( 'NONE',  ( -1.000000000000000000, 0.000000000000000000, 0.000000000000000000 ) ) ;
#4027 = B_SPLINE_CURVE_WITH_KNOTS ( 'NONE', 3,
 ( #817, #6195, #3018, #3509, #5729, #6229, #5116, #1311, #6834, #2949, #1958 ),
 .UNSPECIFIED., .F., .F.,
 ( 4, 1, 1, 1, 1, 1, 1, 1, 4 ),
 ( 0.003494752216372572912, 0.006371669153322385981, 0.01111482838836776350, 0.01585798762341317225, 0.02534430609350406260, 0.03008746532854940717, 0.03483062456359481418, 0.03957378379864022466, 0.04190158962293265288 ),
 .UNSPECIFIED. ) ;
#4028 = LINE ( 'NONE', #2244, #5057 ) ;
#4029 = ADVANCED_FACE ( 'NONE', ( #5286 ), #3267, .F. ) ;
#4030 = ORIENTED_EDGE ( 'NONE', *, *, #2934, .F. ) ;
#4031 = VECTOR ( 'NONE', #121, 1000.000000000000000 ) ;
#4032 = DIRECTION ( 'NONE',  ( 0.7660444535136902156, 0.6427875972986035746, -0.000000000000000000 ) ) ;
#4033 = CARTESIAN_POINT ( 'NONE',  ( 123.0436635007866357, -2.442807090201178255, 518.9999999999994316 ) ) ;
#4034 = LINE ( 'NONE', #5681, #1006 ) ;
#4035 = EDGE_CURVE ( 'NONE', #5666, #596, #6477, .T. ) ;
#4036 = EDGE_CURVE ( 'NONE', #3726, #2922, #3688, .T. ) ;
#4037 = AXIS2_PLACEMENT_3D ( 'NONE', #5177, #905, #6323 ) ;
#4038 = CARTESIAN_POINT ( 'NONE',  ( 77.51484796382634102, 6.173337879489698921, 519.0000000000000000 ) ) ;
#4039 = ORIENTED_EDGE ( 'NONE', *, *, #2447, .F. ) ;
#4040 = FACE_OUTER_BOUND ( 'NONE', #6848, .T. ) ;
#4041 = CARTESIAN_POINT ( 'NONE',  ( 78.39434029336256060, 6.495011661304368467, 518.9999999999992042 ) ) ;
#4042 = ORIENTED_EDGE ( 'NONE', *, *, #5833, .T. ) ;
#4043 = EDGE_CURVE ( 'NONE', #2076, #2543, #950, .T. ) ;
#4044 = CARTESIAN_POINT ( 'NONE',  ( 146.5281689998066383, 5.448479403202890481, 157.7187869762735488 ) ) ;
#4045 = AXIS2_PLACEMENT_3D ( 'NONE', #6258, #1881, #5181 ) ;
#4046 = VERTEX_POINT ( 'NONE', #2706 ) ;
#4047 = CARTESIAN_POINT ( 'NONE',  ( 154.7820052482145741, -1.276612207883409233, 229.0000000000000284 ) ) ;
#4048 = CARTESIAN_POINT ( 'NONE',  ( 22.37234624683081208, 12.80193350148657139, 0.000000000000000000 ) ) ;
#4049 = CARTESIAN_POINT ( 'NONE',  ( 152.0777421034210590, -1.165244497598718620, -9.804599309964982597E-15 ) ) ;
#4050 = CARTESIAN_POINT ( 'NONE',  ( 138.0456214846427656, -1.891207153308817279, 518.9999999999994316 ) ) ;
#4051 = EDGE_LOOP ( 'NONE', ( #822, #6606, #6959, #3230 ) ) ;
#4052 = FACE_OUTER_BOUND ( 'NONE', #1485, .T. ) ;
#4053 = EDGE_LOOP ( 'NONE', ( #2946, #1210, #4947, #5631 ) ) ;
#4054 = CARTESIAN_POINT ( 'NONE',  ( 146.5281689998066383, 5.448479403202883375, 87.98640020981726195 ) ) ;
#4055 = CARTESIAN_POINT ( 'NONE',  ( 20.51468756514057645, -5.544152707065430619, 0.000000000000000000 ) ) ;
#4056 = EDGE_LOOP ( 'NONE', ( #6102, #1824, #4998, #6009 ) ) ;
#4057 = ORIENTED_EDGE ( 'NONE', *, *, #6925, .F. ) ;
#4058 = CARTESIAN_POINT ( 'NONE',  ( 88.66911395920068628, 74.40221837649805536, 119.4538633601287501 ) ) ;
#4059 = DIRECTION ( 'NONE',  ( 0.7660444535136902156, 0.6427875972986035746, -0.000000000000000000 ) ) ;
#4060 = CARTESIAN_POINT ( 'NONE',  ( 154.7636550312985264, -0.7769487892857795952, 100.0000000000000000 ) ) ;
#4061 = DIRECTION ( 'NONE',  ( 0.000000000000000000, 1.000000000000000000, -1.231351735951706906E-15 ) ) ;
#4062 = EDGE_CURVE ( 'NONE', #6985, #5671, #533, .T. ) ;
#4063 = VERTEX_POINT ( 'NONE', #7013 ) ;
#4064 = EDGE_LOOP ( 'NONE', ( #6699, #3216, #6812 ) ) ;
#4065 = CARTESIAN_POINT ( 'NONE',  ( 184.3164905826809843, 0.6290155530310499454, 161.0000000000000000 ) ) ;
#4066 = CARTESIAN_POINT ( 'NONE',  ( 87.40971697620670966, -3.590500737704453105, 519.0000000000001137 ) ) ;
#4067 = DIRECTION ( 'NONE',  ( 0.4545194689124499310, -0.5416752277698728690, -0.7071067811865481278 ) ) ;
#4068 = LINE ( 'NONE', #2976, #3200 ) ;
#4069 = CARTESIAN_POINT ( 'NONE',  ( 98.67405063650490149, 10.37130544116900843, 519.0000000000000000 ) ) ;
#4070 = DIRECTION ( 'NONE',  ( 0.4545194689124509857, -0.5416752277698740903, 0.7071067811865465735 ) ) ;
#4071 = EDGE_CURVE ( 'NONE', #5594, #385, #6976, .T. ) ;
#4072 = EDGE_LOOP ( 'NONE', ( #5196, #218, #6039, #4644 ) ) ;
#4073 = PLANE ( 'NONE',  #5540 ) ;
#4074 = CARTESIAN_POINT ( 'NONE',  ( 18.67712515893336089, 11.76179189382898294, 0.000000000000000000 ) ) ;
#4075 = EDGE_CURVE ( 'NONE', #1601, #2440, #4759, .T. ) ;
#4076 = ORIENTED_EDGE ( 'NONE', *, *, #4958, .F. ) ;
#4077 = PLANE ( 'NONE',  #138 ) ;
#4078 = VERTEX_POINT ( 'NONE', #1478 ) ;
#4079 = CARTESIAN_POINT ( 'NONE',  ( 154.7820052775174418, -1.276612242805275077, 279.7393850951211220 ) ) ;
#4080 = CARTESIAN_POINT ( 'NONE',  ( 1.478754074613835456, 2.552015450303059207, 0.000000000000000000 ) ) ;
#4081 = B_SPLINE_CURVE_WITH_KNOTS ( 'NONE', 3,
 ( #1749, #2180, #6483, #676, #2846, #1672 ),
 .UNSPECIFIED., .F., .F.,
 ( 4, 1, 1, 4 ),
 ( 0.000000000000000000, 0.009292954042087844466, 0.02079884066362909859, 0.02955439543331121743 ),
 .UNSPECIFIED. ) ;
#4082 = CARTESIAN_POINT ( 'NONE',  ( 146.5281689998066099, 5.448479403202848736, 75.23147659367238305 ) ) ;
#4083 = CARTESIAN_POINT ( 'NONE',  ( 175.2954675843374730, -0.5232479213051769440, 160.9999999999999147 ) ) ;
#4084 = VECTOR ( 'NONE', #2571, 1000.000000000000000 ) ;
#4085 = ORIENTED_EDGE ( 'NONE', *, *, #587, .F. ) ;
#4086 = DIRECTION ( 'NONE',  ( 0.7660444535136902156, 0.6427875972986035746, -0.000000000000000000 ) ) ;
#4087 = ORIENTED_EDGE ( 'NONE', *, *, #4779, .F. ) ;
#4088 = DIRECTION ( 'NONE',  ( 0.6427875972986036857, -0.7660444535136901045, -6.429662040127087133E-15 ) ) ;
#4089 = CARTESIAN_POINT ( 'NONE',  ( 100.7099997185779472, -3.262149003720056228, 0.000000000000000000 ) ) ;
#4090 = ORIENTED_EDGE ( 'NONE', *, *, #962, .T. ) ;
#4091 = ORIENTED_EDGE ( 'NONE', *, *, #3241, .F. ) ;
#4092 = CARTESIAN_POINT ( 'NONE',  ( 90.20120286622805850, 75.68779357109526984, 21.26989883339205889 ) ) ;
#4093 = LINE ( 'NONE', #5743, #5336 ) ;
#4094 = CARTESIAN_POINT ( 'NONE',  ( 146.5281689998066099, 5.448479403202883375, -9.804599309964982597E-15 ) ) ;
#4095 = ORIENTED_EDGE ( 'NONE', *, *, #6147, .T. ) ;
#4096 = VECTOR ( 'NONE', #1868, 1000.000000000000227 ) ;
#4097 = VECTOR ( 'NONE', #6038, 1000.000000000000000 ) ;
#4098 = DIRECTION ( 'NONE',  ( 0.000000000000000000, -1.000000000000000000, -4.925406943806873377E-15 ) ) ;
#4099 = AXIS2_PLACEMENT_3D ( 'NONE', #5869, #2593, #6979 ) ;
#4100 = VERTEX_POINT ( 'NONE', #4723 ) ;
#4101 = CARTESIAN_POINT ( 'NONE',  ( 69.52743368925803225, 0.6651765536073307450, 518.9999999999998863 ) ) ;
#4102 = DIRECTION ( 'NONE',  ( 0.7660444535136902156, 0.6427875972986035746, -0.000000000000000000 ) ) ;
#4103 = VECTOR ( 'NONE', #3909, 1000.000000000000114 ) ;
#4104 = VECTOR ( 'NONE', #175, 1000.000000000000000 ) ;
#4105 = CARTESIAN_POINT ( 'NONE',  ( 156.6608174119221246, 6.724681314146203626, 0.000000000000000000 ) ) ;
#4106 = VECTOR ( 'NONE', #3850, 1000.000000000000000 ) ;
#4107 = CARTESIAN_POINT ( 'NONE',  ( 69.35105426931794170, 0.2277501230848318070, 519.0000000000000000 ) ) ;
#4108 = DIRECTION ( 'NONE',  ( 0.6427875972986035746, -0.7660444535136902156, -6.018531076210112041E-33 ) ) ;
#4109 = VECTOR ( 'NONE', #3990, 1000.000000000000227 ) ;
#4110 = EDGE_LOOP ( 'NONE', ( #4755, #4862, #6894 ) ) ;
#4111 = CARTESIAN_POINT ( 'NONE',  ( 146.4433125769616026, 8.661055066989616691, 47.14699473487839754 ) ) ;
#4112 = EDGE_LOOP ( 'NONE', ( #1487, #4203, #5126 ) ) ;
#4113 = DIRECTION ( 'NONE',  ( 0.6427875972986036857, -0.7660444535136901045, -1.368455531567204475E-48 ) ) ;
#4114 = ORIENTED_EDGE ( 'NONE', *, *, #4166, .T. ) ;
#4115 = VECTOR ( 'NONE', #2323, 1000.000000000000000 ) ;
#4116 = DIRECTION ( 'NONE',  ( -1.000000000000000000, 0.000000000000000000, 0.000000000000000000 ) ) ;
#4117 = CARTESIAN_POINT ( 'NONE',  ( 26.10439167237072766, 13.69971984350353189, 0.000000000000000000 ) ) ;
#4118 = PLANE ( 'NONE',  #492 ) ;
#4119 = CARTESIAN_POINT ( 'NONE',  ( 186.7041226456699974, -0.1042727308837781419, 0.000000000000000000 ) ) ;
#4120 = ORIENTED_EDGE ( 'NONE', *, *, #5121, .T. ) ;
#4121 = CARTESIAN_POINT ( 'NONE',  ( 153.6098310104485165, 0.1203306969984885288, 240.2047902047276295 ) ) ;
#4122 = VERTEX_POINT ( 'NONE', #6906 ) ;
#4123 = EDGE_CURVE ( 'NONE', #4324, #575, #2140, .T. ) ;
#4124 = CARTESIAN_POINT ( 'NONE',  ( 184.3164905826809559, 0.3083718411603724729, 158.0000000000000000 ) ) ;
#4125 = CARTESIAN_POINT ( 'NONE',  ( 8.390334547347086058, -4.729441440724706958, 0.000000000000000000 ) ) ;
#4126 = VERTEX_POINT ( 'NONE', #4189 ) ;
#4127 = EDGE_LOOP ( 'NONE', ( #6774, #793, #2049, #6615 ) ) ;
#4128 = LINE ( 'NONE', #6312, #489 ) ;
#4129 = FACE_BOUND ( 'NONE', #4274, .T. ) ;
#4130 = CARTESIAN_POINT ( 'NONE',  ( 64.09457951255893704, 106.8004567651220924, 40.61469677290837410 ) ) ;
#4131 = VERTEX_POINT ( 'NONE', #5866 ) ;
#4132 = EDGE_CURVE ( 'NONE', #6173, #2125, #6939, .T. ) ;
#4133 = VECTOR ( 'NONE', #1386, 1000.000000000000000 ) ;
#4134 = EDGE_CURVE ( 'NONE', #856, #951, #2064, .T. ) ;
#4135 = CARTESIAN_POINT ( 'NONE',  ( 153.6098310104484597, 0.1203306969984920954, 66.59787332367238832 ) ) ;
#4136 = CARTESIAN_POINT ( 'NONE',  ( 154.7636552260520091, -0.7769490368818829928, 221.0000000000000000 ) ) ;
#4137 = ORIENTED_EDGE ( 'NONE', *, *, #4547, .T. ) ;
#4138 = DIRECTION ( 'NONE',  ( 0.7660444535136902156, 0.6427875972986035746, -0.000000000000000000 ) ) ;
#4139 = CARTESIAN_POINT ( 'NONE',  ( 69.28460740230239878, -0.2342761566726883626, 518.9999999999995453 ) ) ;
#4140 = DIRECTION ( 'NONE',  ( -6.378601426329706152E-17, -5.352281928482944175E-17, -1.000000000000000000 ) ) ;
#4141 = ADVANCED_FACE ( 'NONE', ( #3759 ), #5323, .F. ) ;
#4142 = EDGE_CURVE ( 'NONE', #3160, #1341, #6443, .T. ) ;
#4143 = CARTESIAN_POINT ( 'NONE',  ( 152.9308174229624910, 7.465276715481427239, 0.000000000000000000 ) ) ;
#4144 = VECTOR ( 'NONE', #6709, 1000.000000000000000 ) ;
#4145 = CARTESIAN_POINT ( 'NONE',  ( 163.6930643045157581, -0.9493538314503879860, 519.0000000000000000 ) ) ;
#4146 = DIRECTION ( 'NONE',  ( 0.7660444535136902156, 0.6427875972986035746, -0.000000000000000000 ) ) ;
#4147 = ORIENTED_EDGE ( 'NONE', *, *, #3128, .T. ) ;
#4148 = DIRECTION ( 'NONE',  ( 0.000000000000000000, 0.000000000000000000, 1.000000000000000000 ) ) ;
#4149 = CARTESIAN_POINT ( 'NONE',  ( 154.3747233051220178, -0.7912324730635189596, 221.0000000000000000 ) ) ;
#4150 = VERTEX_POINT ( 'NONE', #2668 ) ;
#4151 = CARTESIAN_POINT ( 'NONE',  ( 90.20120286622807271, 75.68779357109528405, 132.2087869762735579 ) ) ;
#4152 = ORIENTED_EDGE ( 'NONE', *, *, #2934, .T. ) ;
#4153 = FACE_OUTER_BOUND ( 'NONE', #6841, .T. ) ;
#4154 = CARTESIAN_POINT ( 'NONE',  ( 158.5250000455471593, -1.139151240169913315, 0.000000000000000000 ) ) ;
#4155 = ADVANCED_FACE ( 'NONE', ( #3834 ), #1666, .T. ) ;
#4156 = DIRECTION ( 'NONE',  ( 0.000000000000000000, 0.000000000000000000, 1.000000000000000000 ) ) ;
#4157 = CARTESIAN_POINT ( 'NONE',  ( 187.1123679370104753, -0.08927819265133284110, 0.000000000000000000 ) ) ;
#4158 = VECTOR ( 'NONE', #5473, 1000.000000000000000 ) ;
#4159 = EDGE_CURVE ( 'NONE', #4774, #6104, #4902, .T. ) ;
#4160 = ORIENTED_EDGE ( 'NONE', *, *, #2228, .F. ) ;
#4161 = LINE ( 'NONE', #889, #628 ) ;
#4162 = ORIENTED_EDGE ( 'NONE', *, *, #4915, .F. ) ;
#4163 = PLANE ( 'NONE',  #140 ) ;
#4164 = CARTESIAN_POINT ( 'NONE',  ( 11.49868375120770736, -5.092031725093606909, 0.000000000000000000 ) ) ;
#4165 = EDGE_LOOP ( 'NONE', ( #1567, #3956, #1655, #3705 ) ) ;
#4166 = EDGE_CURVE ( 'NONE', #5197, #5228, #35, .T. ) ;
#4167 = ORIENTED_EDGE ( 'NONE', *, *, #2228, .T. ) ;
#4168 = CARTESIAN_POINT ( 'NONE',  ( 154.7820050889945946, -1.276612018132445625, 64.79509168931457452 ) ) ;
#4169 = DIRECTION ( 'NONE',  ( 0.000000000000000000, 0.000000000000000000, 1.000000000000000000 ) ) ;
#4170 = CARTESIAN_POINT ( 'NONE',  ( 154.7820050345175105, -1.276611953209101147, 100.0000000000000000 ) ) ;
#4171 = EDGE_LOOP ( 'NONE', ( #1028, #1361, #4871, #4090 ) ) ;
#4172 = EDGE_CURVE ( 'NONE', #6386, #577, #2740, .T. ) ;
#4173 = DIRECTION ( 'NONE',  ( 0.6427875972986019093, -0.7660444535136915478, 0.000000000000000000 ) ) ;
#4174 = EDGE_CURVE ( 'NONE', #3914, #6762, #3211, .T. ) ;
#4175 = ADVANCED_FACE ( 'NONE', ( #4695 ), #6267, .F. ) ;
#4176 = CARTESIAN_POINT ( 'NONE',  ( 154.7820052418864805, -1.276612200341903369, 225.9999999999999716 ) ) ;
#4177 = ORIENTED_EDGE ( 'NONE', *, *, #5960, .F. ) ;
#4178 = DIRECTION ( 'NONE',  ( 0.7660444535136902156, 0.6427875972986035746, -0.000000000000000000 ) ) ;
#4179 = CARTESIAN_POINT ( 'NONE',  ( 7.611963091472162546, 7.394528130325286774, 0.000000000000000000 ) ) ;
#4180 = CARTESIAN_POINT ( 'NONE',  ( 184.3164905826809843, -0.1919658050646005920, 2.000000000000000000 ) ) ;
#4181 = CARTESIAN_POINT ( 'NONE',  ( 149.2008167269510750, 8.185024438486792064, 0.000000000000000000 ) ) ;
#4182 = CARTESIAN_POINT ( 'NONE',  ( 122.1752000272192049, -2.474721944398238449, 519.0000000000000000 ) ) ;
#4183 = CARTESIAN_POINT ( 'NONE',  ( 0.000000000000000000, 0.000000000000000000, 163.0000000000000000 ) ) ;
#4184 = VERTEX_POINT ( 'NONE', #2468 ) ;
#4185 = CARTESIAN_POINT ( 'NONE',  ( 152.2492416656317573, -1.369629723703938318, 290.0000000000000000 ) ) ;
#4186 = DIRECTION ( 'NONE',  ( -0.4545194689124479881, 0.5416752277698706486, -0.7071067811865512365 ) ) ;
#4187 = VECTOR ( 'NONE', #1230, 1000.000000000000114 ) ;
#4188 = ORIENTED_EDGE ( 'NONE', *, *, #2050, .F. ) ;
#4189 = CARTESIAN_POINT ( 'NONE',  ( 153.6098310104484312, 0.1203306969984746511, 75.23147659367238305 ) ) ;
#4190 = ORIENTED_EDGE ( 'NONE', *, *, #6290, .T. ) ;
#4191 = CARTESIAN_POINT ( 'NONE',  ( 148.0602579068340390, 6.734054597800125386, 252.9597138208725653 ) ) ;
#4192 = CARTESIAN_POINT ( 'NONE',  ( 80.19500268461352732, -4.016836534526572855, 0.000000000000000000 ) ) ;
#4193 = CARTESIAN_POINT ( 'NONE',  ( 146.5281689998066383, 5.448479403202890481, 205.3857090794443252 ) ) ;
#4194 = ADVANCED_FACE ( 'NONE', ( #5189, #2393, #3620, #4015, #2432, #4590 ), #56, .T. ) ;
#4195 = CARTESIAN_POINT ( 'NONE',  ( 163.2658081974920208, 5.348935108605916255, 104.9999999999999574 ) ) ;
#4196 = CARTESIAN_POINT ( 'NONE',  ( 43.63409746381768173, -5.357289352544243322, 0.000000000000000000 ) ) ;
#4197 = ORIENTED_EDGE ( 'NONE', *, *, #3793, .F. ) ;
#4198 = LINE ( 'NONE', #6269, #4133 ) ;
#4199 = VERTEX_POINT ( 'NONE', #3398 ) ;
#4200 = FACE_BOUND ( 'NONE', #6248, .T. ) ;
#4201 = CARTESIAN_POINT ( 'NONE',  ( 130.5499999736578047, -2.166549282852126002, 0.000000000000000000 ) ) ;
#4202 = CLOSED_SHELL ( 'NONE', ( #350, #4773, #1426, #6082, #6784, #305, #4194, #86, #381, #3607, #2410, #6307, #1667, #1263, #6350, #6532, #6620, #6264, #6025, #4664, #4765, #4903, #2192, #4, #2309, #751, #5413, #2792, #4175, #436, #139, #3313, #2608, #2682, #6702, #3119, #5966, #3647, #4360, #3295, #6749, #771, #4771, #640, #1236, #2364, #4452, #4296, #478, #53, #16, #5004, #5185, #4938, #2023, #5131, #4976, #1967, #606, #2058, #3165, #4813, #6404, #3396, #2958, #5438, #4364, #2711, #7045, #6988, #6144, #1211, #4303, #6194, #5873, #3567, #2661, #6758, #3383, #1561, #6717, #1959, #1934, #4734, #2493, #1434, #102, #5559, #3145, #823, #5112, #6792, #2389, #4645, #6462, #2479, #3711, #4989, #3616, #3630, #466, #1615, #2361, #2611, #4155, #1223, #1196, #3020, #2453, #5392, #4029, #3447, #238, #1215, #5642, #4620, #3933, #70, #5341, #5480, #3876, #3868, #4500, #1657, #5976, #6951, #1279, #172, #1419, #899, #6170, #2240, #7027, #6184, #1983, #3222, #4141, #5252, #3874, #5345, #4422, #867, #5839, #2917, #6369, #43, #6870, #2438, #1307, #666, #1488, #362, #2280, #3077, #696, #4820, #1733, #6425, #3846, #4536, #6623, #2703, #6830, #1828 ) ) ;
#4203 = ORIENTED_EDGE ( 'NONE', *, *, #1876, .F. ) ;
#4204 = LINE ( 'NONE', #4058, #5137 ) ;
#4205 = FACE_BOUND ( 'NONE', #1764, .T. ) ;
#4206 = LINE ( 'NONE', #5200, #3695 ) ;
#4207 = VERTEX_POINT ( 'NONE', #4508 ) ;
#4208 = CARTESIAN_POINT ( 'NONE',  ( 152.0777421025901788, -1.165244496608476066, 60.29122467059106327 ) ) ;
#4209 = EDGE_LOOP ( 'NONE', ( #3668, #2109, #237, #3153 ) ) ;
#4210 = CARTESIAN_POINT ( 'NONE',  ( 146.5281689998066383, 5.448479403202897586, 278.4697138208725278 ) ) ;
#4211 = EDGE_CURVE ( 'NONE', #4552, #6762, #2214, .T. ) ;
#4212 = CARTESIAN_POINT ( 'NONE',  ( 184.3164905826809843, 0.3083718411603722509, 163.0000000000000000 ) ) ;
#4213 = ORIENTED_EDGE ( 'NONE', *, *, #5741, .F. ) ;
#4214 = CARTESIAN_POINT ( 'NONE',  ( 184.3164905826809559, 0.6290942038936987446, 105.0000000000000284 ) ) ;
#4215 = CARTESIAN_POINT ( 'NONE',  ( 72.30287728956088245, -2.581130401391896090, 518.9999999999997726 ) ) ;
#4216 = CARTESIAN_POINT ( 'NONE',  ( 184.3164905826809559, 0.6289923614859352918, 175.7950916892987436 ) ) ;
#4217 = EDGE_CURVE ( 'NONE', #6109, #3160, #6020, .T. ) ;
#4218 = CARTESIAN_POINT ( 'NONE',  ( 171.5808611136160380, 3.565678250306921093, 0.000000000000000000 ) ) ;
#4219 = CARTESIAN_POINT ( 'NONE',  ( 136.2756058413639835, -1.956155734361441745, 519.0000000000000000 ) ) ;
#4220 = LINE ( 'NONE', #2553, #5704 ) ;
#4221 = VERTEX_POINT ( 'NONE', #2744 ) ;
#4222 = VECTOR ( 'NONE', #111, 1000.000000000000114 ) ;
#4223 = CARTESIAN_POINT ( 'NONE',  ( 184.3164905826809843, 0.6289050935864557434, 225.9999999999999716 ) ) ;
#4224 = DIRECTION ( 'NONE',  ( -6.378601426329706152E-17, -5.352281928482944175E-17, -1.000000000000000000 ) ) ;
#4225 = VECTOR ( 'NONE', #5091, 1000.000000000000000 ) ;
#4226 = CARTESIAN_POINT ( 'NONE',  ( 146.5281689998066099, 5.448479403202848736, 19.26989883339205889 ) ) ;
#4227 = VERTEX_POINT ( 'NONE', #2284 ) ;
#4228 = EDGE_CURVE ( 'NONE', #289, #6827, #3941, .T. ) ;
#4229 = FACE_OUTER_BOUND ( 'NONE', #5773, .T. ) ;
#4230 = VECTOR ( 'NONE', #2482, 1000.000000000000000 ) ;
#4231 = CARTESIAN_POINT ( 'NONE',  ( 131.7933334374206140, -2.120886167409365530, 0.000000000000000000 ) ) ;
#4232 = CARTESIAN_POINT ( 'NONE',  ( 141.7227456530524137, 14.28680784239818458, 224.0000000000000000 ) ) ;
#4233 = VECTOR ( 'NONE', #4468, 0.5147726819133389142 ) ;
#4234 = CARTESIAN_POINT ( 'NONE',  ( 156.0641173771984427, 6.808573587917146064, 105.0000000000000000 ) ) ;
#4235 = VECTOR ( 'NONE', #1578, 1000.000000000000000 ) ;
#4236 = CARTESIAN_POINT ( 'NONE',  ( 143.6739141975017162, 8.850047929741743147, 288.0000000000000000 ) ) ;
#4237 = ORIENTED_EDGE ( 'NONE', *, *, #4652, .T. ) ;
#4238 = PLANE ( 'NONE',  #5974 ) ;
#4239 = ORIENTED_EDGE ( 'NONE', *, *, #6395, .T. ) ;
#4240 = VECTOR ( 'NONE', #5597, 1000.000000000000114 ) ;
#4241 = CARTESIAN_POINT ( 'NONE',  ( 90.20120286622807271, 75.68779357109528405, 157.7187869762735488 ) ) ;
#4242 = CARTESIAN_POINT ( 'NONE',  ( 170.9596986420752103, 3.704328514333952160, 0.000000000000000000 ) ) ;
#4243 = ORIENTED_EDGE ( 'NONE', *, *, #94, .T. ) ;
#4244 = DIRECTION ( 'NONE',  ( 0.4545194689124502085, -0.5416752277698732021, 0.7071067811865477948 ) ) ;
#4245 = CARTESIAN_POINT ( 'NONE',  ( 184.3164905826809843, -0.1919652221612422049, 158.0000000000000000 ) ) ;
#4246 = ORIENTED_EDGE ( 'NONE', *, *, #1542, .T. ) ;
#4247 = CARTESIAN_POINT ( 'NONE',  ( 146.5281689998066099, 5.448479403202883375, -9.804599309964982597E-15 ) ) ;
#4248 = ORIENTED_EDGE ( 'NONE', *, *, #5287, .F. ) ;
#4249 = CARTESIAN_POINT ( 'NONE',  ( 184.3164905826810127, -0.1919649761517479292, 221.2939877747580510 ) ) ;
#4250 = LINE ( 'NONE', #6431, #3414 ) ;
#4251 = ORIENTED_EDGE ( 'NONE', *, *, #3173, .F. ) ;
#4252 = EDGE_CURVE ( 'NONE', #1409, #3353, #4942, .T. ) ;
#4253 = CARTESIAN_POINT ( 'NONE',  ( 0.000000000000000000, 0.000000000000000000, 108.0000000000000142 ) ) ;
#4254 = CARTESIAN_POINT ( 'NONE',  ( 70.81193865535313137, -2.107929914808456040, 519.0000000000007958 ) ) ;
#4255 = CARTESIAN_POINT ( 'NONE',  ( 146.5281689998066099, 5.448479403202883375, -9.804599309964982597E-15 ) ) ;
#4256 = VECTOR ( 'NONE', #6667, 1000.000000000000000 ) ;
#4257 = CARTESIAN_POINT ( 'NONE',  ( 93.25055345775884064, 16.01745877253195971, 0.000000000000000000 ) ) ;
#4258 = CARTESIAN_POINT ( 'NONE',  ( 123.7419118499969954, -2.417058085278223079, 519.0000000000000000 ) ) ;
#4259 = CARTESIAN_POINT ( 'NONE',  ( 152.0777421034211159, -1.165244497598718620, 240.2047902047276295 ) ) ;
#4260 = ORIENTED_EDGE ( 'NONE', *, *, #4604, .T. ) ;
#4261 = EDGE_CURVE ( 'NONE', #5925, #957, #5041, .T. ) ;
#4262 = LINE ( 'NONE', #1554, #4280 ) ;
#4263 = DIRECTION ( 'NONE',  ( -6.378601426329706152E-17, -5.352281928482944175E-17, -1.000000000000000000 ) ) ;
#4264 = DIRECTION ( 'NONE',  ( 0.7660444535136902156, 0.6427875972986035746, 0.000000000000000000 ) ) ;
#4265 = ORIENTED_EDGE ( 'NONE', *, *, #2683, .T. ) ;
#4266 = PLANE ( 'NONE',  #27 ) ;
#4267 = CARTESIAN_POINT ( 'NONE',  ( 66.51830426465129165, -4.514667560110615874, 0.000000000000000000 ) ) ;
#4268 = CARTESIAN_POINT ( 'NONE',  ( 184.3164905826808990, -0.1919651926440119616, 170.2606149048789348 ) ) ;
#4269 = EDGE_CURVE ( 'NONE', #3059, #6500, #6116, .T. ) ;
#4270 = CARTESIAN_POINT ( 'NONE',  ( 146.5281689998066099, 5.448479403202890481, 155.5974666327140596 ) ) ;
#4271 = CARTESIAN_POINT ( 'NONE',  ( 144.0968893439579688, 8.780829017558938077, 287.9999999999998295 ) ) ;
#4272 = EDGE_LOOP ( 'NONE', ( #3237, #5262, #6884, #3689 ) ) ;
#4273 = DIRECTION ( 'NONE',  ( 0.6427875972986035746, -0.7660444535136903266, 0.000000000000000000 ) ) ;
#4274 = EDGE_LOOP ( 'NONE', ( #2371, #5324, #3714 ) ) ;
#4275 = CARTESIAN_POINT ( 'NONE',  ( 175.3132166346071301, -0.5225960995706160350, 162.9999999999999716 ) ) ;
#4276 = CARTESIAN_POINT ( 'NONE',  ( 143.6049999668088901, -1.687089096265125709, 0.000000000000000000 ) ) ;
#4277 = CARTESIAN_POINT ( 'NONE',  ( 146.5281689998066099, 5.448479403202893145, 171.2421058068590298 ) ) ;
#4278 = CARTESIAN_POINT ( 'NONE',  ( 148.0602579068340390, 6.734054597800083641, 132.2087869762735579 ) ) ;
#4279 = ORIENTED_EDGE ( 'NONE', *, *, #6675, .F. ) ;
#4280 = VECTOR ( 'NONE', #6867, 1000.000000000000114 ) ;
#4281 = DIRECTION ( 'NONE',  ( 0.6427875972986036857, -0.7660444535136901045, -1.368455531567204475E-48 ) ) ;
#4282 = ORIENTED_EDGE ( 'NONE', *, *, #5748, .T. ) ;
#4283 = CARTESIAN_POINT ( 'NONE',  ( 184.3164905826810127, -0.1919649717478474071, 222.2939877747580795 ) ) ;
#4284 = DIRECTION ( 'NONE',  ( 0.4545194689124497089, -0.5416752277698725360, -0.7071067811865484609 ) ) ;
#4285 = EDGE_CURVE ( 'NONE', #2609, #2225, #1807, .T. ) ;
#4286 = ORIENTED_EDGE ( 'NONE', *, *, #6583, .T. ) ;
#4287 = CARTESIAN_POINT ( 'NONE',  ( 146.5281689998066099, 5.448479403202893145, 181.8757090794443059 ) ) ;
#4288 = CARTESIAN_POINT ( 'NONE',  ( 88.35940421778548171, 9.141411710763852838, 519.0000000000001137 ) ) ;
#4289 = DIRECTION ( 'NONE',  ( 0.000000000000000000, 1.000000000000000000, 0.000000000000000000 ) ) ;
#4290 = FACE_OUTER_BOUND ( 'NONE', #4356, .T. ) ;
#4291 = CARTESIAN_POINT ( 'NONE',  ( -0.01494820705065468165, -0.4421207249465292644, 0.000000000000000000 ) ) ;
#4292 = CARTESIAN_POINT ( 'NONE',  ( 108.0747385903515863, -2.989200261360513089, 519.0000000000000000 ) ) ;
#4293 = CARTESIAN_POINT ( 'NONE',  ( 141.7227456530524137, 14.28680784239818458, 224.0000000000000000 ) ) ;
#4294 = EDGE_LOOP ( 'NONE', ( #1148, #2599, #4519 ) ) ;
#4295 = CARTESIAN_POINT ( 'NONE',  ( 180.9965478844455333, 1.412139546545761570, 226.0000000000000284 ) ) ;
#4296 = ADVANCED_FACE ( 'NONE', ( #41 ), #2250, .T. ) ;
#4297 = CARTESIAN_POINT ( 'NONE',  ( 153.6098310104484312, 0.1203306969985249580, 21.26989883339205889 ) ) ;
#4298 = CARTESIAN_POINT ( 'NONE',  ( 146.5281689998066383, 5.448479403202855842, 110.8202600875434740 ) ) ;
#4299 = ORIENTED_EDGE ( 'NONE', *, *, #1155, .T. ) ;
#4300 = CARTESIAN_POINT ( 'NONE',  ( 152.0777421034210590, -1.165244497598718620, 29.90350210597731717 ) ) ;
#4301 = CARTESIAN_POINT ( 'NONE',  ( 145.4700002555863136, -1.618603625837736759, 0.000000000000000000 ) ) ;
#4302 = CARTESIAN_POINT ( 'NONE',  ( 146.5281689998066383, 5.448479403202890481, 242.3261105482872608 ) ) ;
#4303 = ADVANCED_FACE ( 'NONE', ( #3271 ), #5446, .F. ) ;
#4304 = CARTESIAN_POINT ( 'NONE',  ( 90.20120286622807271, 75.68779357109528405, 207.3857090794443252 ) ) ;
#4305 = CARTESIAN_POINT ( 'NONE',  ( 98.66558878361264817, -3.341966122760425151, 519.0000000000001137 ) ) ;
#4306 = ORIENTED_EDGE ( 'NONE', *, *, #6729, .T. ) ;
#4307 = CARTESIAN_POINT ( 'NONE',  ( 150.9176543540538944, 7.740729887780002372, 161.0000000000000853 ) ) ;
#4308 = VERTEX_POINT ( 'NONE', #1978 ) ;
#4309 = FACE_BOUND ( 'NONE', #84, .T. ) ;
#4310 = CARTESIAN_POINT ( 'NONE',  ( 151.0650000000636908, -1.413120001734201159, 0.000000000000000000 ) ) ;
#4311 = ORIENTED_EDGE ( 'NONE', *, *, #3259, .T. ) ;
#4312 = CARTESIAN_POINT ( 'NONE',  ( 184.3164905826810127, 0.6291569725744867725, 52.00000000000000711 ) ) ;
#4313 = PLANE ( 'NONE',  #5629 ) ;
#4314 = EDGE_LOOP ( 'NONE', ( #2095, #5889, #1893, #1916 ) ) ;
#4315 = B_SPLINE_CURVE_WITH_KNOTS ( 'NONE', 3,
 ( #4529, #2339, #168, #3455, #6684, #4997, #3388 ),
 .UNSPECIFIED., .F., .F.,
 ( 4, 3, 4 ),
 ( 6.938893903907228378E-18, 0.002559018337862914872, 0.002999999999999974475 ),
 .UNSPECIFIED. ) ;
#4316 = DIRECTION ( 'NONE',  ( 0.6427875972986035746, -0.7660444535136902156, -6.018531076210112041E-33 ) ) ;
#4317 = ORIENTED_EDGE ( 'NONE', *, *, #3774, .F. ) ;
#4318 = PLANE ( 'NONE',  #6271 ) ;
#4319 = ORIENTED_EDGE ( 'NONE', *, *, #6582, .F. ) ;
#4320 = LINE ( 'NONE', #5428, #2089 ) ;
#4321 = CARTESIAN_POINT ( 'NONE',  ( 79.28006521773021120, 6.804651352938287268, 519.0000000000005684 ) ) ;
#4322 = CARTESIAN_POINT ( 'NONE',  ( 184.3164905826809843, -6.647825509190094628, 105.0000000000000142 ) ) ;
#4323 = CARTESIAN_POINT ( 'NONE',  ( 146.5281689998066383, 5.448479403202883375, 32.02482244953694135 ) ) ;
#4324 = VERTEX_POINT ( 'NONE', #901 ) ;
#4325 = CARTESIAN_POINT ( 'NONE',  ( 0.5474035822410554530, 1.380999529921037583, 0.000000000000000000 ) ) ;
#4326 = PLANE ( 'NONE',  #6629 ) ;
#4327 = FACE_BOUND ( 'NONE', #128, .T. ) ;
#4328 = DIRECTION ( 'NONE',  ( 0.7660444535136902156, 0.6427875972986035746, -0.000000000000000000 ) ) ;
#4329 = CARTESIAN_POINT ( 'NONE',  ( 154.7820050803711922, -1.276612007855474573, 158.0000000000000000 ) ) ;
#4330 = CARTESIAN_POINT ( 'NONE',  ( 88.66911395920060102, 74.40221837649814063, 64.47655302367222419 ) ) ;
#4331 = EDGE_LOOP ( 'NONE', ( #120, #4994, #4162, #5892 ) ) ;
#4332 = DIRECTION ( 'NONE',  ( 6.378601426329706152E-17, 5.352281928482944175E-17, 1.000000000000000000 ) ) ;
#4333 = CARTESIAN_POINT ( 'NONE',  ( 115.9085816892703065, 10.69458641776617291, 519.0000000000000000 ) ) ;
#4334 = CARTESIAN_POINT ( 'NONE',  ( 143.5240247386708461, 9.028679236662068064, 192.0000993514825893 ) ) ;
#4335 = VECTOR ( 'NONE', #4963, 1000.000000000000114 ) ;
#4336 = VECTOR ( 'NONE', #2429, 1000.000000000000000 ) ;
#4337 = CARTESIAN_POINT ( 'NONE',  ( 167.7448731412377469, -0.8005534099515204671, 287.9999999999996021 ) ) ;
#4338 = EDGE_CURVE ( 'NONE', #6701, #1814, #4406, .T. ) ;
#4339 = CARTESIAN_POINT ( 'NONE',  ( 111.7920803194954260, -2.853370928900184733, 519.0000000000007958 ) ) ;
#4340 = VERTEX_POINT ( 'NONE', #2545 ) ;
#4341 = CARTESIAN_POINT ( 'NONE',  ( 164.3035030072741449, 5.114478818786351688, 161.0000000000000568 ) ) ;
#4342 = VERTEX_POINT ( 'NONE', #1504 ) ;
#4343 = AXIS2_PLACEMENT_3D ( 'NONE', #4183, #2103, #946 ) ;
#4344 = AXIS2_PLACEMENT_3D ( 'NONE', #737, #3968, #1878 ) ;
#4345 = CARTESIAN_POINT ( 'NONE',  ( 184.3164905826809559, -0.1919652813655193246, 148.2049083106855107 ) ) ;
#4346 = CARTESIAN_POINT ( 'NONE',  ( 177.1750000294207439, -0.4542308012281213725, 0.000000000000000000 ) ) ;
#4347 = VECTOR ( 'NONE', #4138, 1000.000000000000000 ) ;
#4348 = ORIENTED_EDGE ( 'NONE', *, *, #4134, .F. ) ;
#4349 = AXIS2_PLACEMENT_3D ( 'NONE', #1192, #5060, #5095 ) ;
#4350 = FACE_BOUND ( 'NONE', #4698, .T. ) ;
#4351 = EDGE_CURVE ( 'NONE', #1341, #1062, #1945, .T. ) ;
#4352 = LINE ( 'NONE', #2190, #3810 ) ;
#4353 = EDGE_CURVE ( 'NONE', #3355, #5783, #2797, .T. ) ;
#4354 = VERTEX_POINT ( 'NONE', #3066 ) ;
#4355 = DIRECTION ( 'NONE',  ( 0.7660444535136902156, 0.6427875972986035746, 0.000000000000000000 ) ) ;
#4356 = EDGE_LOOP ( 'NONE', ( #4647, #3889, #2175, #5740 ) ) ;
#4357 = CARTESIAN_POINT ( 'NONE',  ( 152.0777421034210874, -1.165244497598656226, 132.2087869762735579 ) ) ;
#4358 = ORIENTED_EDGE ( 'NONE', *, *, #2184, .F. ) ;
#4359 = CARTESIAN_POINT ( 'NONE',  ( 146.5281689998066099, 5.448479403202886040, 53.77894174285809470 ) ) ;
#4360 = ADVANCED_FACE ( 'NONE', ( #4710 ), #6893, .F. ) ;
#4361 = CARTESIAN_POINT ( 'NONE',  ( 123.9195029661540985, 10.36153792711955290, 518.9999999999998863 ) ) ;
#4362 = CARTESIAN_POINT ( 'NONE',  ( 179.5089322577574080, -33.85646498679395222, 141.3216724783158327 ) ) ;
#4363 = VERTEX_POINT ( 'NONE', #4212 ) ;
#4364 = ADVANCED_FACE ( 'NONE', ( #2052 ), #5611, .T. ) ;
#4365 = CARTESIAN_POINT ( 'NONE',  ( 42.89374309746268921, 16.23802986701625883, 0.000000000000000000 ) ) ;
#4366 = LINE ( 'NONE', #7008, #481 ) ;
#4367 = EDGE_CURVE ( 'NONE', #3037, #4555, #213, .T. ) ;
#4368 = EDGE_CURVE ( 'NONE', #6268, #5464, #5076, .T. ) ;
#4369 = CARTESIAN_POINT ( 'NONE',  ( 152.0777421034210874, -1.165244497598732387, 119.4538633601287501 ) ) ;
#4370 = DIRECTION ( 'NONE',  ( 0.6427875972985983566, -0.7660444535136945454, 0.000000000000000000 ) ) ;
#4371 = DIRECTION ( 'NONE',  ( 0.6427875972986036857, -0.7660444535136901045, 0.000000000000000000 ) ) ;
#4372 = CARTESIAN_POINT ( 'NONE',  ( 153.6098310104484597, 0.1203306969984885288, -9.804599309964982597E-15 ) ) ;
#4373 = CARTESIAN_POINT ( 'NONE',  ( 184.3164905826810127, 0.6291952295320842881, 14.79509168930875163 ) ) ;
#4374 = CARTESIAN_POINT ( 'NONE',  ( 103.3745255199175972, 10.58894702960224343, 519.0000000000000000 ) ) ;
#4375 = FACE_OUTER_BOUND ( 'NONE', #6073, .T. ) ;
#4376 = CARTESIAN_POINT ( 'NONE',  ( 157.4226893351417402, 6.206648857014352316, 519.0000000000001137 ) ) ;
#4377 = CARTESIAN_POINT ( 'NONE',  ( 141.7227456530524137, 14.28680784239818458, 286.0000000000000568 ) ) ;
#4378 = CARTESIAN_POINT ( 'NONE',  ( 10.89045217061305593, -5.037991088537396855, 0.000000000000000000 ) ) ;
#4379 = VERTEX_POINT ( 'NONE', #3140 ) ;
#4380 = CARTESIAN_POINT ( 'NONE',  ( 146.6167584216519231, 8.454350351670878894, 214.6169489642920780 ) ) ;
#4381 = ORIENTED_EDGE ( 'NONE', *, *, #3304, .T. ) ;
#4382 = CARTESIAN_POINT ( 'NONE',  ( 146.5281689998066099, 5.448479403202883375, -9.804599309964982597E-15 ) ) ;
#4383 = EDGE_CURVE ( 'NONE', #4126, #5531, #1268, .T. ) ;
#4384 = CARTESIAN_POINT ( 'NONE',  ( 152.9308174229624910, 7.465276715481427239, 0.000000000000000000 ) ) ;
#4385 = AXIS2_PLACEMENT_3D ( 'NONE', #3813, #1113, #1001 ) ;
#4386 = EDGE_CURVE ( 'NONE', #1283, #3698, #6927, .T. ) ;
#4387 = VERTEX_POINT ( 'NONE', #6188 ) ;
#4388 = CARTESIAN_POINT ( 'NONE',  ( 148.0602579068340390, 6.734054597800104069, 269.8361105482872517 ) ) ;
#4389 = LINE ( 'NONE', #6570, #2341 ) ;
#4390 = ORIENTED_EDGE ( 'NONE', *, *, #5202, .T. ) ;
#4391 = VECTOR ( 'NONE', #3328, 1000.000000000000114 ) ;
#4392 = CARTESIAN_POINT ( 'NONE',  ( 154.7820052418864805, -1.276612200341903369, 221.0000000000000000 ) ) ;
#4393 = EDGE_CURVE ( 'NONE', #1607, #6685, #5854, .T. ) ;
#4394 = ORIENTED_EDGE ( 'NONE', *, *, #4579, .T. ) ;
#4395 = LINE ( 'NONE', #3856, #6954 ) ;
#4396 = ORIENTED_EDGE ( 'NONE', *, *, #6687, .F. ) ;
#4397 = DIRECTION ( 'NONE',  ( 0.6427875972986035746, -0.7660444535136902156, -6.018531076210112041E-33 ) ) ;
#4398 = CARTESIAN_POINT ( 'NONE',  ( 108.9147676312087754, 10.72864558725206230, 519.0000000000003411 ) ) ;
#4399 = DIRECTION ( 'NONE',  ( -0.4545194689124500420, 0.5416752277698730911, -0.7071067811865480168 ) ) ;
#4400 = VECTOR ( 'NONE', #2285, 1000.000000000000000 ) ;
#4401 = EDGE_LOOP ( 'NONE', ( #2749, #1636, #5883, #6485 ) ) ;
#4402 = AXIS2_PLACEMENT_3D ( 'NONE', #2736, #600, #3755 ) ;
#4403 = EDGE_CURVE ( 'NONE', #6883, #2591, #442, .T. ) ;
#4404 = CARTESIAN_POINT ( 'NONE',  ( 55.94980336656773545, 16.91308165445082778, 0.000000000000000000 ) ) ;
#4405 = CARTESIAN_POINT ( 'NONE',  ( 185.2353527973059215, -0.1582174260029163004, 519.0000000000000000 ) ) ;
#4406 = B_SPLINE_CURVE_WITH_KNOTS ( 'NONE', 3,
 ( #939, #1435, #5274, #6726, #3599, #2014, #740, #5782, #3634 ),
 .UNSPECIFIED., .F., .F.,
 ( 4, 1, 1, 1, 1, 1, 4 ),
 ( 0.005017623637811829962, 0.01034184051581508654, 0.02223975460502748691, 0.02818871164963356046, 0.03413766869423971728, 0.04008662573884587410, 0.04379014179938612444 ),
 .UNSPECIFIED. ) ;
#4407 = CARTESIAN_POINT ( 'NONE',  ( 154.7820051188861896, -1.276612053755953768, 45.00000000000000711 ) ) ;
#4408 = DIRECTION ( 'NONE',  ( 0.000000000000000000, 0.7938448021158684975, 0.6081204076115334090 ) ) ;
#4409 = DIRECTION ( 'NONE',  ( -0.7660444535136902156, -0.6427875972986035746, 0.000000000000000000 ) ) ;
#4410 = CARTESIAN_POINT ( 'NONE',  ( 152.6221312913600059, 7.523361851100140996, 50.00000000000000000 ) ) ;
#4411 = DIRECTION ( 'NONE',  ( 0.03670000350780839443, -0.9993263279542508037, 0.000000000000000000 ) ) ;
#4412 = CARTESIAN_POINT ( 'NONE',  ( 155.4686987220355263, 6.540755908459131795, 519.0000000000000000 ) ) ;
#4413 = PLANE ( 'NONE',  #4454 ) ;
#4414 = DIRECTION ( 'NONE',  ( -0.6427875972986035746, 0.7660444535136902156, 6.018531076210112041E-33 ) ) ;
#4415 = CARTESIAN_POINT ( 'NONE',  ( 152.0777421034210590, -1.165244497598687534, 36.14614279309652289 ) ) ;
#4416 = CARTESIAN_POINT ( 'NONE',  ( 69.62096356171326761, -1.102681666168357388, 518.9999999999989768 ) ) ;
#4417 = CARTESIAN_POINT ( 'NONE',  ( 165.4709096682790062, 4.850715492739340995, 224.0000000000000284 ) ) ;
#4418 = ORIENTED_EDGE ( 'NONE', *, *, #258, .F. ) ;
#4419 = CARTESIAN_POINT ( 'NONE',  ( 152.0777421034210306, -1.165244497598677098, -9.804599309964982597E-15 ) ) ;
#4420 = VERTEX_POINT ( 'NONE', #774 ) ;
#4421 = DIRECTION ( 'NONE',  ( 1.000000000000000000, 0.000000000000000000, -0.000000000000000000 ) ) ;
#4422 = ADVANCED_FACE ( 'NONE', ( #3036 ), #6857, .T. ) ;
#4423 = CARTESIAN_POINT ( 'NONE',  ( 46.62425439927172022, 16.50923458282414913, 0.000000000000000000 ) ) ;
#4424 = ORIENTED_EDGE ( 'NONE', *, *, #1817, .F. ) ;
#4425 = VERTEX_POINT ( 'NONE', #4357 ) ;
#4426 = CARTESIAN_POINT ( 'NONE',  ( 184.3164905826809843, -0.1919647058968771691, 280.0289572116531644 ) ) ;
#4427 = ORIENTED_EDGE ( 'NONE', *, *, #1542, .F. ) ;
#4428 = AXIS2_PLACEMENT_3D ( 'NONE', #1737, #5439, #4409 ) ;
#4429 = CARTESIAN_POINT ( 'NONE',  ( 184.3164905826810127, -0.1919649420281346053, 229.0000000000000000 ) ) ;
#4430 = ORIENTED_EDGE ( 'NONE', *, *, #1896, .T. ) ;
#4431 = CARTESIAN_POINT ( 'NONE',  ( 93.92660481693390295, 9.971793170292942321, 519.0000000000003411 ) ) ;
#4432 = ORIENTED_EDGE ( 'NONE', *, *, #6166, .F. ) ;
#4433 = FACE_OUTER_BOUND ( 'NONE', #2273, .T. ) ;
#4434 = CARTESIAN_POINT ( 'NONE',  ( 93.92660481693390295, 9.971793170292942321, 519.0000000000003411 ) ) ;
#4435 = CARTESIAN_POINT ( 'NONE',  ( 146.4980687892391700, 8.595799152147858280, 105.0000000000000142 ) ) ;
#4436 = ORIENTED_EDGE ( 'NONE', *, *, #5226, .T. ) ;
#4437 = DIRECTION ( 'NONE',  ( 0.6427875972986036857, -0.7660444535136901045, -1.368455531567204475E-48 ) ) ;
#4438 = FACE_BOUND ( 'NONE', #5745, .T. ) ;
#4439 = CARTESIAN_POINT ( 'NONE',  ( 152.0777421034210590, -1.165244497598670215, 244.3261105482872608 ) ) ;
#4440 = DIRECTION ( 'NONE',  ( 0.9993263279542508037, 0.03670000350780839443, 0.000000000000000000 ) ) ;
#4441 = CARTESIAN_POINT ( 'NONE',  ( 157.0354204977120389, 6.270332445650868003, 519.0000000000000000 ) ) ;
#4442 = DIRECTION ( 'NONE',  ( 0.7660444535136902156, 0.6427875972986035746, -0.000000000000000000 ) ) ;
#4443 = CARTESIAN_POINT ( 'NONE',  ( 63.24426980890024197, 104.7023687288700415, 39.55403660112847319 ) ) ;
#4444 = VERTEX_POINT ( 'NONE', #6004 ) ;
#4445 = LINE ( 'NONE', #6635, #2110 ) ;
#4446 = ORIENTED_EDGE ( 'NONE', *, *, #4353, .F. ) ;
#4447 = AXIS2_PLACEMENT_3D ( 'NONE', #2965, #4464, #6176 ) ;
#4448 = AXIS2_PLACEMENT_3D ( 'NONE', #6515, #421, #4870 ) ;
#4449 = LINE ( 'NONE', #2220, #1376 ) ;
#4450 = CARTESIAN_POINT ( 'NONE',  ( 76.46523789417254591, 16.95478606688891432, 0.000000000000000000 ) ) ;
#4451 = VECTOR ( 'NONE', #2560, 1000.000000000000114 ) ;
#4452 = ADVANCED_FACE ( 'NONE', ( #59 ), #3251, .F. ) ;
#4453 = ORIENTED_EDGE ( 'NONE', *, *, #1181, .F. ) ;
#4454 = AXIS2_PLACEMENT_3D ( 'NONE', #3397, #2249, #3303 ) ;
#4455 = PLANE ( 'NONE',  #5527 ) ;
#4456 = ORIENTED_EDGE ( 'NONE', *, *, #5421, .T. ) ;
#4457 = VECTOR ( 'NONE', #3979, 1000.000000000000114 ) ;
#4458 = CARTESIAN_POINT ( 'NONE',  ( 146.5281689998066383, 5.448479403202890481, 242.3261105482872608 ) ) ;
#4459 = ORIENTED_EDGE ( 'NONE', *, *, #6891, .T. ) ;
#4460 = VECTOR ( 'NONE', #2043, 1000.000000000000000 ) ;
#4461 = CARTESIAN_POINT ( 'NONE',  ( 135.1383145951978406, 9.415730348435223718, 519.0000000000001137 ) ) ;
#4462 = EDGE_LOOP ( 'NONE', ( #2011, #1456, #1882, #387 ) ) ;
#4463 = CARTESIAN_POINT ( 'NONE',  ( 93.62723354542734455, 71.60480906673002721, -5.329957661905162958 ) ) ;
#4464 = DIRECTION ( 'NONE',  ( -0.6427875972986035746, 0.7660444535136902156, 6.018531076210112041E-33 ) ) ;
#4465 = VECTOR ( 'NONE', #3443, 1000.000000000000000 ) ;
#4466 = EDGE_LOOP ( 'NONE', ( #6171, #5165, #5184, #4895 ) ) ;
#4467 = VECTOR ( 'NONE', #1218, 1000.000000000000000 ) ;
#4468 = DIRECTION ( 'NONE',  ( 0.9993261632555368035, 0.03670448791317540427, 0.000000000000000000 ) ) ;
#4469 = DIRECTION ( 'NONE',  ( 0.000000000000000000, 0.000000000000000000, 1.000000000000000000 ) ) ;
#4470 = EDGE_CURVE ( 'NONE', #5391, #2995, #2727, .T. ) ;
#4471 = CARTESIAN_POINT ( 'NONE',  ( 14.35666264184537688, -5.281386247413163204, 0.000000000000000000 ) ) ;
#4472 = CARTESIAN_POINT ( 'NONE',  ( 184.3164905826809843, -0.1919654653204256323, 100.1469938873790539 ) ) ;
#4473 = CARTESIAN_POINT ( 'NONE',  ( 152.0777421034210874, -1.165244497598699969, 92.10772055337685060 ) ) ;
#4474 = CARTESIAN_POINT ( 'NONE',  ( 112.7749518447339909, 10.73459258754824219, 519.0000000000000000 ) ) ;
#4475 = CARTESIAN_POINT ( 'NONE',  ( 161.6218146476519166, -9.427979900025960092, 111.1107496186580050 ) ) ;
#4476 = EDGE_CURVE ( 'NONE', #3852, #287, #2693, .T. ) ;
#4477 = CARTESIAN_POINT ( 'NONE',  ( 186.9082452913404779, 0.01499453823244454795, 0.000000000000000000 ) ) ;
#4478 = DIRECTION ( 'NONE',  ( 0.6427875972986035746, -0.7660444535136902156, -6.018531076210112041E-33 ) ) ;
#4479 = CARTESIAN_POINT ( 'NONE',  ( 69.28460740230239878, -0.2342761566726883626, 518.9999999999995453 ) ) ;
#4480 = LINE ( 'NONE', #1237, #5144 ) ;
#4481 = EDGE_LOOP ( 'NONE', ( #5021, #6392, #4016, #6189, #4042, #881, #7009, #4949 ) ) ;
#4482 = CARTESIAN_POINT ( 'NONE',  ( 184.3164905826809843, -6.647825509190094628, 161.0000000000000000 ) ) ;
#4483 = VECTOR ( 'NONE', #5768, 1000.000000000000000 ) ;
#4484 = ORIENTED_EDGE ( 'NONE', *, *, #5600, .T. ) ;
#4485 = PLANE ( 'NONE',  #598 ) ;
#4486 = CARTESIAN_POINT ( 'NONE',  ( 123.0907996887146112, 12.60924782168897984, 0.000000000000000000 ) ) ;
#4487 = EDGE_CURVE ( 'NONE', #2800, #1821, #3288, .T. ) ;
#4488 = VERTEX_POINT ( 'NONE', #6499 ) ;
#4489 = LINE ( 'NONE', #1791, #6437 ) ;
#4490 = ORIENTED_EDGE ( 'NONE', *, *, #6253, .T. ) ;
#4491 = DIRECTION ( 'NONE',  ( 0.6427875972986036857, -0.7660444535136901045, 0.000000000000000000 ) ) ;
#4492 = VECTOR ( 'NONE', #6922, 1000.000000000000114 ) ;
#4493 = ORIENTED_EDGE ( 'NONE', *, *, #4516, .F. ) ;
#4494 = CARTESIAN_POINT ( 'NONE',  ( 42.05291443342873237, 16.17083096281026755, 0.000000000000000000 ) ) ;
#4495 = ORIENTED_EDGE ( 'NONE', *, *, #1348, .T. ) ;
#4496 = FACE_OUTER_BOUND ( 'NONE', #5811, .T. ) ;
#4497 = LINE ( 'NONE', #3490, #800 ) ;
#4498 = DIRECTION ( 'NONE',  ( 0.4545194689124497089, -0.5416752277698725360, -0.7071067811865484609 ) ) ;
#4499 = ORIENTED_EDGE ( 'NONE', *, *, #3006, .T. ) ;
#4500 = ADVANCED_FACE ( 'NONE', ( #6465 ), #3747, .T. ) ;
#4501 = LINE ( 'NONE', #242, #5491 ) ;
#4502 = VECTOR ( 'NONE', #6632, 1000.000000000000000 ) ;
#4503 = CARTESIAN_POINT ( 'NONE',  ( 28.74557638053131825, -5.650797401801863629, 0.000000000000000000 ) ) ;
#4504 = CARTESIAN_POINT ( 'NONE',  ( 152.0777421034210874, -1.165244497598746376, -9.804599309964982597E-15 ) ) ;
#4505 = CARTESIAN_POINT ( 'NONE',  ( 154.7820050330806509, -1.276611951496848807, 108.0000000000000284 ) ) ;
#4506 = CARTESIAN_POINT ( 'NONE',  ( 70.77076813931148536, -2.067625406053093862, 519.0000000000000000 ) ) ;
#4507 = CARTESIAN_POINT ( 'NONE',  ( 154.7820050340538955, -1.276611952656647953, 105.8530061126209745 ) ) ;
#4508 = CARTESIAN_POINT ( 'NONE',  ( 153.6098310104484597, 0.1203306969985162844, 146.9638633601287552 ) ) ;
#4509 = FACE_OUTER_BOUND ( 'NONE', #5026, .T. ) ;
#4510 = CARTESIAN_POINT ( 'NONE',  ( 4.767688113470524236, -4.051642974039906697, 0.000000000000000000 ) ) ;
#4511 = CARTESIAN_POINT ( 'NONE',  ( 158.9296329264000462, 6.176938410197244878, 224.0000000000001421 ) ) ;
#4512 = ORIENTED_EDGE ( 'NONE', *, *, #63, .T. ) ;
#4513 = CARTESIAN_POINT ( 'NONE',  ( 88.66911395920068628, 74.40221837649806957, 231.5711869321423819 ) ) ;
#4514 = ORIENTED_EDGE ( 'NONE', *, *, #580, .F. ) ;
#4515 = LINE ( 'NONE', #6703, #4457 ) ;
#4516 = EDGE_CURVE ( 'NONE', #4100, #1285, #1648, .T. ) ;
#4517 = CARTESIAN_POINT ( 'NONE',  ( 149.2008167269510750, 8.185024438486792064, 0.000000000000000000 ) ) ;
#4518 = DIRECTION ( 'NONE',  ( -0.000000000000000000, 0.000000000000000000, 1.000000000000000000 ) ) ;
#4519 = ORIENTED_EDGE ( 'NONE', *, *, #431, .T. ) ;
#4520 = CARTESIAN_POINT ( 'NONE',  ( 146.5281689998066099, 5.448479403202848736, 64.47655302367236629 ) ) ;
#4521 = VERTEX_POINT ( 'NONE', #6537 ) ;
#4522 = CARTESIAN_POINT ( 'NONE',  ( 152.0777421034210306, -1.165244497598732609, 75.23147659367238305 ) ) ;
#4523 = CARTESIAN_POINT ( 'NONE',  ( 35.43218063773086612, 15.40499870412437211, 0.000000000000000000 ) ) ;
#4524 = ORIENTED_EDGE ( 'NONE', *, *, #6546, .F. ) ;
#4525 = ORIENTED_EDGE ( 'NONE', *, *, #1147, .F. ) ;
#4526 =( NAMED_UNIT ( * ) SI_UNIT ( $, .STERADIAN. ) SOLID_ANGLE_UNIT ( ) );
#4527 = VECTOR ( 'NONE', #6822, 1000.000000000000000 ) ;
#4528 = LINE ( 'NONE', #6718, #1940 ) ;
#4529 = CARTESIAN_POINT ( 'NONE',  ( 184.3164905826809843, -0.1919656514757029087, 48.00000000000000000 ) ) ;
#4530 = DIRECTION ( 'NONE',  ( -0.9993263274973519517, -0.03670001594897864122, 0.000000000000000000 ) ) ;
#4531 = ORIENTED_EDGE ( 'NONE', *, *, #3919, .T. ) ;
#4532 = APPLICATION_CONTEXT ( 'automotive_design' ) ;
#4533 = FACE_OUTER_BOUND ( 'NONE', #2340, .T. ) ;
#4534 = CARTESIAN_POINT ( 'NONE',  ( 91.25609223061394459, -3.609783266169426241, 0.000000000000000000 ) ) ;
#4535 = DIRECTION ( 'NONE',  ( -6.378601426329706152E-17, -5.352281928482944175E-17, -1.000000000000000000 ) ) ;
#4536 = ADVANCED_FACE ( 'NONE', ( #630 ), #2229, .F. ) ;
#4537 = CARTESIAN_POINT ( 'NONE',  ( 153.6098310104484597, 0.1203306969985371011, 244.3261105482872608 ) ) ;
#4538 = CARTESIAN_POINT ( 'NONE',  ( 79.86834126246057508, 7.003609189783163380, 519.0000000000000000 ) ) ;
#4539 = DIRECTION ( 'NONE',  ( -0.4545194689124502085, 0.5416752277698729801, -0.7071067811865477948 ) ) ;
#4540 = DIRECTION ( 'NONE',  ( 0.7660444535136902156, 0.6427875972986035746, -0.000000000000000000 ) ) ;
#4541 = VERTEX_POINT ( 'NONE', #2764 ) ;
#4542 = CARTESIAN_POINT ( 'NONE',  ( 90.20120286622805850, 75.68779357109526984, 19.26989883339205889 ) ) ;
#4543 = B_SPLINE_CURVE_WITH_KNOTS ( 'NONE', 3,
 ( #5376, #997, #4275, #1032, #7025, #6489, #3201 ),
 .UNSPECIFIED., .F., .F.,
 ( 4, 1, 1, 1, 4 ),
 ( 0.000000000000000000, 0.008249371183915525305, 0.01877865147327020465, 0.02930793176262487532, 0.02955439548586252796 ),
 .UNSPECIFIED. ) ;
#4544 = ORIENTED_EDGE ( 'NONE', *, *, #4142, .T. ) ;
#4545 = CARTESIAN_POINT ( 'NONE',  ( 154.7820050345175105, -1.276611953209101147, 105.0000000000000142 ) ) ;
#4546 = CARTESIAN_POINT ( 'NONE',  ( 5.592311077551358700, -4.215562825217257448, 0.000000000000000000 ) ) ;
#4547 = EDGE_CURVE ( 'NONE', #3196, #3015, #4395, .T. ) ;
#4548 = DIRECTION ( 'NONE',  ( 0.6427875972986036857, -0.7660444535136901045, 0.000000000000000000 ) ) ;
#4549 = CARTESIAN_POINT ( 'NONE',  ( 156.7981010113006448, -1.202570083322960004, 519.0000000000001137 ) ) ;
#4550 = ORIENTED_EDGE ( 'NONE', *, *, #2275, .F. ) ;
#4551 = CARTESIAN_POINT ( 'NONE',  ( 115.7122909431930822, 45.28486170590580429, -39.68820834723265989 ) ) ;
#4552 = VERTEX_POINT ( 'NONE', #96 ) ;
#4553 = LINE ( 'NONE', #4124, #6390 ) ;
#4554 = CARTESIAN_POINT ( 'NONE',  ( 115.6300001516287494, -2.714530796320807404, 0.000000000000000000 ) ) ;
#4555 = VERTEX_POINT ( 'NONE', #3325 ) ;
#4556 = VECTOR ( 'NONE', #5462, 1000.000000000000000 ) ;
#4557 = EDGE_CURVE ( 'NONE', #2787, #6685, #5502, .T. ) ;
#4558 = ORIENTED_EDGE ( 'NONE', *, *, #6816, .F. ) ;
#4559 = DIRECTION ( 'NONE',  ( 0.6427875972986035746, -0.7660444535136903266, 0.000000000000000000 ) ) ;
#4560 = GEOMETRIC_CURVE_SET ( 'NONE', ( #3091, #2427, #978, #5643, #2592, #2264, #803 ) ) ;
#4561 = EDGE_CURVE ( 'NONE', #5703, #2770, #4250, .T. ) ;
#4562 = LINE ( 'NONE', #5673, #124 ) ;
#4563 = VECTOR ( 'NONE', #3580, 1000.000000000000000 ) ;
#4564 = CARTESIAN_POINT ( 'NONE',  ( 153.6098310104484312, 0.1203306969985301622, -9.804599309964982597E-15 ) ) ;
#4565 = CARTESIAN_POINT ( 'NONE',  ( 148.0602579068340106, 6.734054597800094299, 53.77894174285809470 ) ) ;
#4566 = ORIENTED_EDGE ( 'NONE', *, *, #5106, .F. ) ;
#4567 = VECTOR ( 'NONE', #126, 1000.000000000000000 ) ;
#4568 = VECTOR ( 'NONE', #5074, 1000.000000000000000 ) ;
#4569 = CARTESIAN_POINT ( 'NONE',  ( 88.66911395920068628, 74.40221837649806957, 192.6306326955890995 ) ) ;
#4570 = EDGE_CURVE ( 'NONE', #50, #6330, #3713, .T. ) ;
#4571 = VECTOR ( 'NONE', #293, 1000.000000000000114 ) ;
#4572 = DIRECTION ( 'NONE',  ( -0.4545194689124505971, 0.5416752277698736462, 0.7071067811865470176 ) ) ;
#4573 = CARTESIAN_POINT ( 'NONE',  ( 61.49220006642572400, -4.698234501061524959, 0.000000000000000000 ) ) ;
#4574 = CARTESIAN_POINT ( 'NONE',  ( 200.4304137166616613, -55.67826878299726445, 171.4862130409570682 ) ) ;
#4575 = AXIS2_PLACEMENT_3D ( 'NONE', #2362, #3320, #6074 ) ;
#4576 = DIRECTION ( 'NONE',  ( -0.4545194689124519849, 0.5416752277698750895, -0.7071067811865451302 ) ) ;
#4577 = CARTESIAN_POINT ( 'NONE',  ( 73.41040636896019578, -2.803683324435277235, 519.0000000000000000 ) ) ;
#4578 = FACE_BOUND ( 'NONE', #5065, .T. ) ;
#4579 = EDGE_CURVE ( 'NONE', #6340, #6348, #1008, .T. ) ;
#4580 = ORIENTED_EDGE ( 'NONE', *, *, #3693, .F. ) ;
#4581 = DIRECTION ( 'NONE',  ( 1.000000000000000000, 0.000000000000000000, -0.000000000000000000 ) ) ;
#4582 = CARTESIAN_POINT ( 'NONE',  ( 75.77833129410332447, 5.457046800937875197, 519.0000000000011369 ) ) ;
#4583 = ORIENTED_EDGE ( 'NONE', *, *, #5083, .T. ) ;
#4584 = LINE ( 'NONE', #4151, #5733 ) ;
#4585 = VERTEX_POINT ( 'NONE', #2656 ) ;
#4586 = LINE ( 'NONE', #4761, #1382 ) ;
#4587 = CARTESIAN_POINT ( 'NONE',  ( 0.3906755702511247041, -1.491234882766996561, 0.000000000000000000 ) ) ;
#4588 = APPLICATION_CONTEXT ( 'automotive_design' ) ;
#4589 = DIRECTION ( 'NONE',  ( -0.6427875972986035746, 0.7660444535136902156, 6.018531076210112041E-33 ) ) ;
#4590 = FACE_BOUND ( 'NONE', #3163, .T. ) ;
#4591 = AXIS2_PLACEMENT_3D ( 'NONE', #4513, #6700, #6062 ) ;
#4592 = ORIENTED_EDGE ( 'NONE', *, *, #4747, .T. ) ;
#4593 = CARTESIAN_POINT ( 'NONE',  ( 154.7820052418864805, -1.276612200341903369, 221.0000000000000000 ) ) ;
#4594 = ORIENTED_EDGE ( 'NONE', *, *, #1531, .T. ) ;
#4595 = CARTESIAN_POINT ( 'NONE',  ( 152.0777421034210306, -1.165244497598677098, -9.804599309964982597E-15 ) ) ;
#4596 = CARTESIAN_POINT ( 'NONE',  ( 76.46500355067423982, -4.153323951487567278, 0.000000000000000000 ) ) ;
#4597 = ORIENTED_EDGE ( 'NONE', *, *, #2048, .F. ) ;
#4598 = ORIENTED_EDGE ( 'NONE', *, *, #2745, .T. ) ;
#4599 = LINE ( 'NONE', #1494, #2418 ) ;
#4600 = CARTESIAN_POINT ( 'NONE',  ( 186.8020647735157524, 0.04016486808356803384, 519.0000000000000000 ) ) ;
#4601 = CARTESIAN_POINT ( 'NONE',  ( 146.5281689998066952, 5.448479403202796334, 23.39121917695166530 ) ) ;
#4602 = DIRECTION ( 'NONE',  ( 1.033226753553822541E-15, -1.231351735951706906E-15, -1.000000000000000000 ) ) ;
#4603 = ORIENTED_EDGE ( 'NONE', *, *, #6967, .F. ) ;
#4604 = EDGE_CURVE ( 'NONE', #6343, #6285, #4822, .T. ) ;
#4605 = EDGE_CURVE ( 'NONE', #2894, #1607, #1047, .T. ) ;
#4606 = AXIS2_PLACEMENT_3D ( 'NONE', #2607, #6994, #584 ) ;
#4607 = CARTESIAN_POINT ( 'NONE',  ( 146.5582217300740808, 8.524111666448435543, 163.0000000000000000 ) ) ;
#4608 = CARTESIAN_POINT ( 'NONE',  ( 141.7961206266243721, -1.753568036981419942, 519.0000000000006821 ) ) ;
#4609 = DIRECTION ( 'NONE',  ( 0.6427875972986036857, -0.7660444535136901045, 0.000000000000000000 ) ) ;
#4610 = DIRECTION ( 'NONE',  ( 0.4545194689124504306, -0.5416752277698734241, -0.7071067811865473507 ) ) ;
#4611 = CARTESIAN_POINT ( 'NONE',  ( 69.79331492805711434, -1.299596523156212546, 519.0000000000000000 ) ) ;
#4612 = CARTESIAN_POINT ( 'NONE',  ( 198.8983248096342606, -56.96384397759447893, 171.4862130409570682 ) ) ;
#4613 = ORIENTED_EDGE ( 'NONE', *, *, #1205, .F. ) ;
#4614 = PLANE ( 'NONE',  #1320 ) ;
#4615 = CARTESIAN_POINT ( 'NONE',  ( 5.288723860066889770, 5.960515702776803870, 0.000000000000000000 ) ) ;
#4616 = EDGE_LOOP ( 'NONE', ( #2469, #1766, #307, #335 ) ) ;
#4617 = CARTESIAN_POINT ( 'NONE',  ( 154.7820051188861896, -1.276612053755953768, 45.00000000000000711 ) ) ;
#4618 = VECTOR ( 'NONE', #1410, 1000.000000000000000 ) ;
#4619 = VERTEX_POINT ( 'NONE', #2162 ) ;
#4620 = ADVANCED_FACE ( 'NONE', ( #3786 ), #4318, .T. ) ;
#4621 = CARTESIAN_POINT ( 'NONE',  ( 154.7820052549080856, -1.276612215860443378, 232.2650305631048866 ) ) ;
#4622 = CARTESIAN_POINT ( 'NONE',  ( 6.510854260470939181, 6.755293320404903490, 0.000000000000000000 ) ) ;
#4623 = FACE_OUTER_BOUND ( 'NONE', #6061, .T. ) ;
#4624 = CARTESIAN_POINT ( 'NONE',  ( 186.8442518379784190, -0.09912589250960590626, 519.0000000000000000 ) ) ;
#4625 = ORIENTED_EDGE ( 'NONE', *, *, #688, .F. ) ;
#4626 = DIRECTION ( 'NONE',  ( 0.7660444535136902156, 0.6427875972986035746, 0.000000000000000000 ) ) ;
#4627 = ORIENTED_EDGE ( 'NONE', *, *, #1788, .F. ) ;
#4628 = PLANE ( 'NONE',  #6507 ) ;
#4629 = CARTESIAN_POINT ( 'NONE',  ( 9.322766892396767702, -4.860760883107372088, 0.000000000000000000 ) ) ;
#4630 = VERTEX_POINT ( 'NONE', #1778 ) ;
#4631 = ORIENTED_EDGE ( 'NONE', *, *, #2900, .T. ) ;
#4632 = CARTESIAN_POINT ( 'NONE',  ( 152.0777421034210306, -1.165244497598677098, -9.804599309964982597E-15 ) ) ;
#4633 = FACE_BOUND ( 'NONE', #5094, .T. ) ;
#4634 = PLANE ( 'NONE',  #5401 ) ;
#4635 = ORIENTED_EDGE ( 'NONE', *, *, #1877, .T. ) ;
#4636 = LINE ( 'NONE', #1257, #713 ) ;
#4637 = ORIENTED_EDGE ( 'NONE', *, *, #3478, .F. ) ;
#4638 = CARTESIAN_POINT ( 'NONE',  ( 146.5281689998066099, 5.448479403202883375, -9.804599309964982597E-15 ) ) ;
#4639 = CARTESIAN_POINT ( 'NONE',  ( 72.63083485539654305, 3.725154288934815927, 518.9999999999985221 ) ) ;
#4640 = DIRECTION ( 'NONE',  ( -6.378601426329706152E-17, -5.352281928482944175E-17, -1.000000000000000000 ) ) ;
#4641 = CARTESIAN_POINT ( 'NONE',  ( 180.9051449323233385, 1.433689586266239768, 0.000000000000000000 ) ) ;
#4642 = CARTESIAN_POINT ( 'NONE',  ( 88.09635400295844931, 9.087085003505572800, 519.0000000000000000 ) ) ;
#4643 = PLANE ( 'NONE',  #5019 ) ;
#4644 = ORIENTED_EDGE ( 'NONE', *, *, #4035, .T. ) ;
#4645 = ADVANCED_FACE ( 'NONE', ( #3369 ), #6148, .F. ) ;
#4646 = FACE_OUTER_BOUND ( 'NONE', #657, .T. ) ;
#4647 = ORIENTED_EDGE ( 'NONE', *, *, #2402, .T. ) ;
#4648 = DIRECTION ( 'NONE',  ( -6.378601426329706152E-17, -5.352281928482944175E-17, -1.000000000000000000 ) ) ;
#4649 = ORIENTED_EDGE ( 'NONE', *, *, #3604, .F. ) ;
#4650 = CARTESIAN_POINT ( 'NONE',  ( 88.66911395920068628, 74.40221837649805536, 121.4538633601287501 ) ) ;
#4651 = CARTESIAN_POINT ( 'NONE',  ( 3.774067576385821798, -3.806958741810412050, 0.000000000000000000 ) ) ;
#4652 = EDGE_CURVE ( 'NONE', #4688, #2076, #1202, .T. ) ;
#4653 = DIRECTION ( 'NONE',  ( 0.7660444535136902156, 0.6427875972986035746, -0.000000000000000000 ) ) ;
#4654 = CARTESIAN_POINT ( 'NONE',  ( 187.2484497007908999, -0.08428001324051834220, 0.000000000000000000 ) ) ;
#4655 = AXIS2_PLACEMENT_3D ( 'NONE', #167, #1291, #725 ) ;
#4656 = VERTEX_POINT ( 'NONE', #611 ) ;
#4657 = CARTESIAN_POINT ( 'NONE',  ( 154.7820051867453515, -1.276612134627261641, 203.0912872931855304 ) ) ;
#4658 = EDGE_CURVE ( 'NONE', #3209, #7022, #405, .T. ) ;
#4659 = ORIENTED_EDGE ( 'NONE', *, *, #6056, .F. ) ;
#4660 = CARTESIAN_POINT ( 'NONE',  ( 90.20120286622807271, 75.68779357109528405, 146.9638633601287552 ) ) ;
#4661 = CARTESIAN_POINT ( 'NONE',  ( 39.16509674751331005, -5.487787961482684551, 0.000000000000000000 ) ) ;
#4662 = VERTEX_POINT ( 'NONE', #2875 ) ;
#4663 = EDGE_CURVE ( 'NONE', #1195, #856, #77, .T. ) ;
#4664 = ADVANCED_FACE ( 'NONE', ( #3838 ), #6556, .T. ) ;
#4665 = ORIENTED_EDGE ( 'NONE', *, *, #378, .F. ) ;
#4666 = DIRECTION ( 'NONE',  ( 0.6427875972986036857, -0.7660444535136901045, -1.368455531567204475E-48 ) ) ;
#4667 = LINE ( 'NONE', #1395, #341 ) ;
#4668 = FACE_OUTER_BOUND ( 'NONE', #1044, .T. ) ;
#4669 = ORIENTED_EDGE ( 'NONE', *, *, #2838, .F. ) ;
#4670 = VECTOR ( 'NONE', #6626, 1000.000000000000114 ) ;
#4671 = CARTESIAN_POINT ( 'NONE',  ( 184.3164905826808990, -0.1919649767988866884, 221.1469938873790113 ) ) ;
#4672 = VECTOR ( 'NONE', #960, 1000.000000000000114 ) ;
#4673 = DIRECTION ( 'NONE',  ( 4.132907014215328818E-15, -4.925406943806873377E-15, 1.000000000000000000 ) ) ;
#4674 = EDGE_LOOP ( 'NONE', ( #6236, #5018, #5975, #6333 ) ) ;
#4675 = CARTESIAN_POINT ( 'NONE',  ( 153.6098310104484312, 0.1203306969985336317, 218.1406326955891188 ) ) ;
#4676 = CARTESIAN_POINT ( 'NONE',  ( 1.005837300054642336, -2.262218202314719484, 0.000000000000000000 ) ) ;
#4677 = CARTESIAN_POINT ( 'NONE',  ( 184.3164905826809843, 0.6289133621701141763, 221.5797950316818969 ) ) ;
#4678 = VECTOR ( 'NONE', #2144, 1000.000000000000000 ) ;
#4679 = EDGE_CURVE ( 'NONE', #1528, #7024, #1806, .T. ) ;
#4680 = CARTESIAN_POINT ( 'NONE',  ( 139.8756256096705783, 9.890301222363060418, 0.000000000000000000 ) ) ;
#4681 = CARTESIAN_POINT ( 'NONE',  ( 159.3846064676320964, -1.107580286351749432, 519.0000000000000000 ) ) ;
#4682 = PLANE ( 'NONE',  #2308 ) ;
#4683 = EDGE_CURVE ( 'NONE', #6348, #3053, #1706, .T. ) ;
#4684 = AXIS2_PLACEMENT_3D ( 'NONE', #4632, #6813, #1936 ) ;
#4685 = ORIENTED_EDGE ( 'NONE', *, *, #4269, .F. ) ;
#4686 = CARTESIAN_POINT ( 'NONE',  ( 152.0777421034227928, -1.165244497600744777, 1.005233009473359337E-12 ) ) ;
#4687 = CARTESIAN_POINT ( 'NONE',  ( 74.09458103720170641, 4.628645599129887600, 519.0000000000001137 ) ) ;
#4688 = VERTEX_POINT ( 'NONE', #6693 ) ;
#4689 = CARTESIAN_POINT ( 'NONE',  ( 152.0777421034210306, -1.165244497598671547, 92.10772055337685060 ) ) ;
#4690 = EDGE_LOOP ( 'NONE', ( #1394, #4597, #5128 ) ) ;
#4691 = DIRECTION ( 'NONE',  ( 0.000000000000000000, 0.7938448021158680534, -0.6081204076115339641 ) ) ;
#4692 = EDGE_CURVE ( 'NONE', #2995, #4890, #5008, .T. ) ;
#4693 = CARTESIAN_POINT ( 'NONE',  ( 6.526095906553403658, -4.401952341291249127, 0.000000000000000000 ) ) ;
#4694 = CARTESIAN_POINT ( 'NONE',  ( 183.2771397187927676, 0.8750315873672337430, 104.9999999999999858 ) ) ;
#4695 = FACE_OUTER_BOUND ( 'NONE', #4272, .T. ) ;
#4696 = ORIENTED_EDGE ( 'NONE', *, *, #189, .T. ) ;
#4697 = CARTESIAN_POINT ( 'NONE',  ( 154.7820051107237305, -1.276612044028252457, 175.7950916893145745 ) ) ;
#4698 = EDGE_LOOP ( 'NONE', ( #4856, #3814, #4932 ) ) ;
#4699 = EDGE_CURVE ( 'NONE', #6440, #5205, #143, .T. ) ;
#4700 = DIRECTION ( 'NONE',  ( 0.7660444535136902156, 0.6427875972986035746, -0.000000000000000000 ) ) ;
#4701 = CARTESIAN_POINT ( 'NONE',  ( 110.0349999762777742, -2.919889353549494082, 0.000000000000000000 ) ) ;
#4702 = ORIENTED_EDGE ( 'NONE', *, *, #5037, .F. ) ;
#4703 = ORIENTED_EDGE ( 'NONE', *, *, #6787, .T. ) ;
#4704 = CARTESIAN_POINT ( 'NONE',  ( 152.0777421034211159, -1.165244497598704854, 144.9638633601287552 ) ) ;
#4705 = FACE_BOUND ( 'NONE', #5275, .T. ) ;
#4706 = CARTESIAN_POINT ( 'NONE',  ( 152.0777421034210590, -1.165244497598677098, 209.5070294230038996 ) ) ;
#4707 = ORIENTED_EDGE ( 'NONE', *, *, #5129, .F. ) ;
#4708 = AXIS2_PLACEMENT_3D ( 'NONE', #3699, #5878, #1597 ) ;
#4709 = CARTESIAN_POINT ( 'NONE',  ( 148.0602579068340106, 6.734054597800090747, -9.804599309964982597E-15 ) ) ;
#4710 = FACE_OUTER_BOUND ( 'NONE', #5458, .T. ) ;
#4711 = ORIENTED_EDGE ( 'NONE', *, *, #2908, .F. ) ;
#4712 = CARTESIAN_POINT ( 'NONE',  ( 55.89582370901524655, 116.5713537696892246, 53.36969677290838376 ) ) ;
#4713 = CARTESIAN_POINT ( 'NONE',  ( 2.280316609713631593, 3.374884095302350229, 0.000000000000000000 ) ) ;
#4714 = CARTESIAN_POINT ( 'NONE',  ( 184.3164905826809843, -0.1919654473031343067, 108.0000000000000142 ) ) ;
#4715 = EDGE_CURVE ( 'NONE', #4555, #2534, #6019, .T. ) ;
#4716 = CARTESIAN_POINT ( 'NONE',  ( 162.2556432217760971, 5.575989266341150774, 0.000000000000000000 ) ) ;
#4717 = VECTOR ( 'NONE', #3833, 1000.000000000000000 ) ;
#4718 = CARTESIAN_POINT ( 'NONE',  ( 79.87372715730792549, -3.434019908294468237, 519.0000000000000000 ) ) ;
#4719 = ORIENTED_EDGE ( 'NONE', *, *, #3948, .F. ) ;
#4720 = CARTESIAN_POINT ( 'NONE',  ( 153.6098310104485165, 0.1203306969984243441, 231.5711869321423819 ) ) ;
#4721 = LINE ( 'NONE', #6442, #3826 ) ;
#4722 = ORIENTED_EDGE ( 'NONE', *, *, #3281, .T. ) ;
#4723 = CARTESIAN_POINT ( 'NONE',  ( 148.0602579068340390, 6.734054597800104069, 216.0193123520296297 ) ) ;
#4724 = ORIENTED_EDGE ( 'NONE', *, *, #1155, .F. ) ;
#4725 = VECTOR ( 'NONE', #634, 1000.000000000000000 ) ;
#4726 = LINE ( 'NONE', #1448, #1608 ) ;
#4727 = CARTESIAN_POINT ( 'NONE',  ( 136.1450002849998384, -1.961064426716090159, 0.000000000000000000 ) ) ;
#4728 = CARTESIAN_POINT ( 'NONE',  ( 152.0777421034210306, -1.165244497598671547, 123.5751837036883387 ) ) ;
#4729 = VECTOR ( 'NONE', #6014, 1000.000000000000000 ) ;
#4730 = ORIENTED_EDGE ( 'NONE', *, *, #5660, .T. ) ;
#4731 = CARTESIAN_POINT ( 'NONE',  ( 146.5281689998066099, 5.448479403202883375, -9.804599309964982597E-15 ) ) ;
#4732 = VERTEX_POINT ( 'NONE', #3433 ) ;
#4733 = VECTOR ( 'NONE', #2664, 1000.000000000000114 ) ;
#4734 = ADVANCED_FACE ( 'NONE', ( #1135 ), #4413, .T. ) ;
#4735 = EDGE_CURVE ( 'NONE', #2800, #2848, #4941, .T. ) ;
#4736 = LINE ( 'NONE', #1529, #6058 ) ;
#4737 = CARTESIAN_POINT ( 'NONE',  ( 177.1757084933140334, 2.301428311403351579, 0.000000000000000000 ) ) ;
#4738 = CARTESIAN_POINT ( 'NONE',  ( 92.09514463839995813, 70.31923387213281273, -5.329957661905162958 ) ) ;
#4739 = CARTESIAN_POINT ( 'NONE',  ( 153.6098310104484881, 0.1203306969984467567, 267.8361105482872517 ) ) ;
#4740 = LINE ( 'NONE', #6384, #1654 ) ;
#4741 = ORIENTED_EDGE ( 'NONE', *, *, #1079, .F. ) ;
#4742 = CARTESIAN_POINT ( 'NONE',  ( 146.4835938539740425, 8.613049708819183081, 90.20492308439526141 ) ) ;
#4743 = LINE ( 'NONE', #6926, #2645 ) ;
#4744 = CARTESIAN_POINT ( 'NONE',  ( 153.6098310104484597, 0.1203306969984885288, -9.804599309964982597E-15 ) ) ;
#4745 = EDGE_LOOP ( 'NONE', ( #5964, #5843, #1649, #3600 ) ) ;
#4746 = CARTESIAN_POINT ( 'NONE',  ( 157.4607552079017694, 6.500717787011648596, 163.0000000000000284 ) ) ;
#4747 = EDGE_CURVE ( 'NONE', #6463, #5182, #5477, .T. ) ;
#4748 = CARTESIAN_POINT ( 'NONE',  ( 73.28221149441193916, 4.158523912729014782, 519.0000000000005684 ) ) ;
#4749 = LINE ( 'NONE', #4255, #1661 ) ;
#4750 = CARTESIAN_POINT ( 'NONE',  ( 121.2256521590347234, 12.88112351781555098, 0.000000000000000000 ) ) ;
#4751 = CARTESIAN_POINT ( 'NONE',  ( 162.1263521874682851, -1.006885731172741272, 519.0000000000000000 ) ) ;
#4752 = LINE ( 'NONE', #3684, #6511 ) ;
#4753 = B_SPLINE_CURVE_WITH_KNOTS ( 'NONE', 3,
 ( #6931, #338, #2056, #3569, #5278, #6966, #4216, #6435, #1944, #447, #2549, #4677, #2485 ),
 .UNSPECIFIED., .F., .F.,
 ( 4, 3, 3, 3, 4 ),
 ( 0.000000000000000000, 0.002559018337862910535, 0.01279509168931455831, 0.05373938509512152240, 0.06100000000008846263 ),
 .UNSPECIFIED. ) ;
#4754 = EDGE_CURVE ( 'NONE', #1895, #2948, #177, .T. ) ;
#4755 = ORIENTED_EDGE ( 'NONE', *, *, #6231, .T. ) ;
#4756 = LINE ( 'NONE', #383, #5416 ) ;
#4757 = CARTESIAN_POINT ( 'NONE',  ( 152.0777421034210590, -1.165244497598718620, -9.804599309964982597E-15 ) ) ;
#4758 = VECTOR ( 'NONE', #1334, 1000.000000000000114 ) ;
#4759 = LINE ( 'NONE', #5834, #3529 ) ;
#4760 = ORIENTED_EDGE ( 'NONE', *, *, #2161, .T. ) ;
#4761 = CARTESIAN_POINT ( 'NONE',  ( 75.31503022614813858, 93.42844387751841850, 23.15877391325059520 ) ) ;
#4762 = CARTESIAN_POINT ( 'NONE',  ( 140.4966667610159163, -1.801242568965738977, 0.000000000000000000 ) ) ;
#4763 = CARTESIAN_POINT ( 'NONE',  ( 152.0777421034210590, -1.165244497598718620, -9.804599309964982597E-15 ) ) ;
#4764 = CARTESIAN_POINT ( 'NONE',  ( 152.2492416656317573, -1.369629723703938318, 0.000000000000000000 ) ) ;
#4765 = ADVANCED_FACE ( 'NONE', ( #4375 ), #1746, .F. ) ;
#4766 = CARTESIAN_POINT ( 'NONE',  ( 81.78085237728588197, -3.513059356169516256, 519.0000000000005684 ) ) ;
#4767 = ORIENTED_EDGE ( 'NONE', *, *, #5550, .F. ) ;
#4768 = DIRECTION ( 'NONE',  ( 0.7660444535136902156, 0.6427875972986035746, -0.000000000000000000 ) ) ;
#4769 = ORIENTED_EDGE ( 'NONE', *, *, #729, .F. ) ;
#4770 = LINE ( 'NONE', #3240, #2525 ) ;
#4771 = ADVANCED_FACE ( 'NONE', ( #5516 ), #5649, .F. ) ;
#4772 = CARTESIAN_POINT ( 'NONE',  ( 175.3109227526206553, 2.728036616298050721, 0.000000000000000000 ) ) ;
#4773 = ADVANCED_FACE ( 'NONE', ( #1843, #2417, #4578, #4005, #1336, #3501, #5109, #1915, #212 ), #4643, .T. ) ;
#4774 = VERTEX_POINT ( 'NONE', #6187 ) ;
#4775 = DIRECTION ( 'NONE',  ( 6.378601426329706152E-17, 5.352281928482944175E-17, 1.000000000000000000 ) ) ;
#4776 = FACE_OUTER_BOUND ( 'NONE', #5723, .T. ) ;
#4777 = EDGE_LOOP ( 'NONE', ( #4499, #2910, #3098, #6226, #5386, #2912 ) ) ;
#4778 = CARTESIAN_POINT ( 'NONE',  ( 146.4935724838667568, 8.601157640404800020, 100.4409846647886866 ) ) ;
#4779 = EDGE_CURVE ( 'NONE', #3845, #3059, #3573, .T. ) ;
#4780 = CARTESIAN_POINT ( 'NONE',  ( 152.0777421034210590, -1.165244497598718620, -9.804599309964982597E-15 ) ) ;
#4781 = CARTESIAN_POINT ( 'NONE',  ( 154.7820052473065857, -1.276612206801323257, 228.5590183378629661 ) ) ;
#4782 = ORIENTED_EDGE ( 'NONE', *, *, #2145, .F. ) ;
#4783 = LINE ( 'NONE', #3253, #2315 ) ;
#4784 = CARTESIAN_POINT ( 'NONE',  ( 10.28439103035841207, 8.709359799856461137, 0.000000000000000000 ) ) ;
#4785 = CARTESIAN_POINT ( 'NONE',  ( 148.0602579068340106, 6.734054597800085418, 98.62000348240258063 ) ) ;
#4786 = VECTOR ( 'NONE', #1254, 1000.000000000000000 ) ;
#4787 = VECTOR ( 'NONE', #483, 1000.000000000000000 ) ;
#4788 = EDGE_CURVE ( 'NONE', #577, #5829, #3538, .T. ) ;
#4789 = CARTESIAN_POINT ( 'NONE',  ( 87.65540232746393201, 16.41825791061272710, 0.000000000000000000 ) ) ;
#4790 = CARTESIAN_POINT ( 'NONE',  ( 76.54336047754541994, -3.238464389803033416, 519.0000000000000000 ) ) ;
#4791 = DIRECTION ( 'NONE',  ( 0.6427875972986036857, -0.7660444535136901045, 0.000000000000000000 ) ) ;
#4792 = VERTEX_POINT ( 'NONE', #2456 ) ;
#4793 = VECTOR ( 'NONE', #6422, 1000.000000000000000 ) ;
#4794 = DIRECTION ( 'NONE',  ( -1.000000000000000000, 0.000000000000000000, 0.000000000000000000 ) ) ;
#4795 = CARTESIAN_POINT ( 'NONE',  ( 146.5560522104612176, 8.526697199326170207, 161.0000000000000000 ) ) ;
#4796 = AXIS2_PLACEMENT_3D ( 'NONE', #652, #6670, #6028 ) ;
#4797 = DIRECTION ( 'NONE',  ( -0.4545194689124519849, 0.5416752277698750895, -0.7071067811865451302 ) ) ;
#4798 = ORIENTED_EDGE ( 'NONE', *, *, #7035, .F. ) ;
#4799 = EDGE_CURVE ( 'NONE', #6257, #4425, #2380, .T. ) ;
#4800 = CARTESIAN_POINT ( 'NONE',  ( 90.20120286622807271, 75.68779357109528405, 267.8361105482872517 ) ) ;
#4801 = CARTESIAN_POINT ( 'NONE',  ( 116.8733338857183242, -2.668881709747158215, 0.000000000000000000 ) ) ;
#4802 = CARTESIAN_POINT ( 'NONE',  ( 143.6739141975017162, 8.850047929741743147, 288.0000000000000000 ) ) ;
#4803 = VECTOR ( 'NONE', #2316, 1000.000000000000000 ) ;
#4804 = VECTOR ( 'NONE', #134, 1000.000000000000000 ) ;
#4805 = CARTESIAN_POINT ( 'NONE',  ( 181.7589880940857938, -0.2858923908486181165, 226.0000000000004832 ) ) ;
#4806 = LINE ( 'NONE', #1564, #5828 ) ;
#4807 = ORIENTED_EDGE ( 'NONE', *, *, #292, .T. ) ;
#4808 = DIRECTION ( 'NONE',  ( 5.547375492044594158E-14, 1.000000000000000000, 0.000000000000000000 ) ) ;
#4809 = ORIENTED_EDGE ( 'NONE', *, *, #5404, .F. ) ;
#4810 = VECTOR ( 'NONE', #2385, 1000.000000000000000 ) ;
#4811 = DIRECTION ( 'NONE',  ( -0.6427875972986034636, 0.7660444535136902156, 0.000000000000000000 ) ) ;
#4812 = PRODUCT_DEFINITION_CONTEXT ( 'detailed design', #4588, 'design' ) ;
#4813 = ADVANCED_FACE ( 'NONE', ( #1948 ), #3467, .T. ) ;
#4814 = CARTESIAN_POINT ( 'NONE',  ( 183.7025554830848364, 0.7744482365222143949, 0.000000000000000000 ) ) ;
#4815 = VERTEX_POINT ( 'NONE', #1369 ) ;
#4816 = CARTESIAN_POINT ( 'NONE',  ( 184.3164905826810127, 0.6291560435750445102, 52.85300611262046999 ) ) ;
#4817 = CARTESIAN_POINT ( 'NONE',  ( 90.20120286622807271, 75.68779357109528405, 144.9638633601287552 ) ) ;
#4818 = VERTEX_POINT ( 'NONE', #5180 ) ;
#4819 = LINE ( 'NONE', #3784, #3547 ) ;
#4820 = ADVANCED_FACE ( 'NONE', ( #6293 ), #4682, .T. ) ;
#4821 = DIRECTION ( 'NONE',  ( -0.9993263279542508037, -0.03670000350780838749, 0.000000000000000000 ) ) ;
#4822 = LINE ( 'NONE', #1612, #5700 ) ;
#4823 = ORIENTED_EDGE ( 'NONE', *, *, #5316, .F. ) ;
#4824 = LINE ( 'NONE', #2695, #5593 ) ;
#4825 = LINE ( 'NONE', #62, #3660 ) ;
#4826 = CARTESIAN_POINT ( 'NONE',  ( 135.1383145951978406, 9.415730348435223718, 519.0000000000001137 ) ) ;
#4827 = LINE ( 'NONE', #7003, #2317 ) ;
#4828 = FACE_OUTER_BOUND ( 'NONE', #4127, .T. ) ;
#4829 = AXIS2_PLACEMENT_3D ( 'NONE', #1377, #346, #3016 ) ;
#4830 = EDGE_CURVE ( 'NONE', #5182, #1786, #6865, .T. ) ;
#4831 = CARTESIAN_POINT ( 'NONE',  ( 70.87010749409226662, 17.07060369472575800, 0.000000000000000000 ) ) ;
#4832 = CARTESIAN_POINT ( 'NONE',  ( 113.5582825043001094, -2.789414733992732209, 519.0000000000000000 ) ) ;
#4833 = FACE_BOUND ( 'NONE', #6478, .T. ) ;
#4834 = ORIENTED_EDGE ( 'NONE', *, *, #3275, .T. ) ;
#4835 = CARTESIAN_POINT ( 'NONE',  ( 184.3164905826809843, 0.6289050935864557434, 225.9999999999999716 ) ) ;
#4836 = CARTESIAN_POINT ( 'NONE',  ( 184.3164905826809843, -6.647825509190094628, 224.0000000000000000 ) ) ;
#4837 = EDGE_CURVE ( 'NONE', #1240, #3857, #3643, .T. ) ;
#4838 = CARTESIAN_POINT ( 'NONE',  ( 152.0777421034210590, -1.165244497598718620, -9.804599309964982597E-15 ) ) ;
#4839 = VERTEX_POINT ( 'NONE', #2586 ) ;
#4840 = FACE_OUTER_BOUND ( 'NONE', #6517, .T. ) ;
#4841 = CARTESIAN_POINT ( 'NONE',  ( 98.22333148592855423, -3.353473056072111547, 0.000000000000000000 ) ) ;
#4842 = DIRECTION ( 'NONE',  ( 0.7660444535136902156, 0.6427875972986035746, -0.000000000000000000 ) ) ;
#4843 = DIRECTION ( 'NONE',  ( 0.6427875972986035746, -0.7660444535136903266, 0.000000000000000000 ) ) ;
#4844 = CARTESIAN_POINT ( 'NONE',  ( 61.49220006642572400, -4.698234501061524959, 0.000000000000000000 ) ) ;
#4845 = CARTESIAN_POINT ( 'NONE',  ( 186.6676197587139256, 0.07203536032383085763, 288.0000000000000000 ) ) ;
#4846 = EDGE_LOOP ( 'NONE', ( #1016, #5486, #6713 ) ) ;
#4847 = FACE_BOUND ( 'NONE', #861, .T. ) ;
#4848 = ORIENTED_EDGE ( 'NONE', *, *, #63, .F. ) ;
#4849 = CARTESIAN_POINT ( 'NONE',  ( 152.0777421034210590, -1.165244497598677098, 44.77974606568174920 ) ) ;
#4850 = CARTESIAN_POINT ( 'NONE',  ( 186.5000000000000284, -0.1117700000000000082, 0.000000000000000000 ) ) ;
#4851 = CARTESIAN_POINT ( 'NONE',  ( 100.9962023087956737, 59.71136606717178097, -19.17754543087195884 ) ) ;
#4852 = CARTESIAN_POINT ( 'NONE',  ( 184.3164905826809843, 0.6291466230887864386, 61.38306723882493543 ) ) ;
#4853 = LINE ( 'NONE', #7030, #3458 ) ;
#4854 = ORIENTED_EDGE ( 'NONE', *, *, #701, .T. ) ;
#4855 = CARTESIAN_POINT ( 'NONE',  ( 146.4960923206249106, 8.598154615796921973, 103.0000000000000142 ) ) ;
#4856 = ORIENTED_EDGE ( 'NONE', *, *, #3589, .F. ) ;
#4857 = CARTESIAN_POINT ( 'NONE',  ( 152.0777421034210874, -1.165244497598732609, 119.4538633601287501 ) ) ;
#4858 = ORIENTED_EDGE ( 'NONE', *, *, #580, .T. ) ;
#4859 = CARTESIAN_POINT ( 'NONE',  ( 184.3164905826809559, 0.3083716158436003996, 103.0000000000000142 ) ) ;
#4860 = CARTESIAN_POINT ( 'NONE',  ( 116.3284827836789219, 13.57275766364352165, 0.000000000000000000 ) ) ;
#4861 = DIRECTION ( 'NONE',  ( -0.4545194689124503751, 0.5416752277698730911, -0.7071067811865476838 ) ) ;
#4862 = ORIENTED_EDGE ( 'NONE', *, *, #1119, .T. ) ;
#4863 = CARTESIAN_POINT ( 'NONE',  ( 0.3915933895305262480, 1.121721321274747440, 0.000000000000000000 ) ) ;
#4864 = EDGE_CURVE ( 'NONE', #3608, #60, #4752, .T. ) ;
#4865 = CARTESIAN_POINT ( 'NONE',  ( 178.9685049813066655, -0.3883543824789588150, 519.0000000000000000 ) ) ;
#4866 = FACE_OUTER_BOUND ( 'NONE', #6538, .T. ) ;
#4867 = DIRECTION ( 'NONE',  ( 1.000000000000000000, 0.000000000000000000, -0.000000000000000000 ) ) ;
#4868 = LINE ( 'NONE', #2738, #757 ) ;
#4869 = LINE ( 'NONE', #5251, #5860 ) ;
#4870 = DIRECTION ( 'NONE',  ( 1.000000000000000000, 0.000000000000000000, -0.000000000000000000 ) ) ;
#4871 = ORIENTED_EDGE ( 'NONE', *, *, #1712, .F. ) ;
#4872 = DIRECTION ( 'NONE',  ( -0.9993263274973519517, -0.03670001594897864122, 0.000000000000000000 ) ) ;
#4873 = CARTESIAN_POINT ( 'NONE',  ( 152.3083332438138768, -1.367457562538859639, 0.000000000000000000 ) ) ;
#4874 = CARTESIAN_POINT ( 'NONE',  ( 94.30901274879609275, 70.79229622507516240, -6.390617833685062976 ) ) ;
#4875 = EDGE_CURVE ( 'NONE', #1177, #2922, #4220, .T. ) ;
#4876 = AXIS2_PLACEMENT_3D ( 'NONE', #2905, #2939, #6219 ) ;
#4877 = DIRECTION ( 'NONE',  ( -0.4545194689124502085, 0.5416752277698729801, -0.7071067811865477948 ) ) ;
#4878 = CARTESIAN_POINT ( 'NONE',  ( 146.5281689998066383, 5.448479403202897586, 278.4697138208725278 ) ) ;
#4879 = ORIENTED_EDGE ( 'NONE', *, *, #1679, .T. ) ;
#4880 = LINE ( 'NONE', #6378, #5617 ) ;
#4881 = ORIENTED_EDGE ( 'NONE', *, *, #5995, .T. ) ;
#4882 = CARTESIAN_POINT ( 'NONE',  ( 184.3164905826809559, 0.3083718411603724729, 161.0000000000000000 ) ) ;
#4883 = CARTESIAN_POINT ( 'NONE',  ( 187.3164905826809843, -0.08178092353511093315, 0.000000000000000000 ) ) ;
#4884 = EDGE_CURVE ( 'NONE', #5592, #1356, #5282, .T. ) ;
#4885 = FACE_BOUND ( 'NONE', #765, .T. ) ;
#4886 = DIRECTION ( 'NONE',  ( -6.378601426329706152E-17, -5.352281928482944175E-17, -1.000000000000000000 ) ) ;
#4887 = EDGE_LOOP ( 'NONE', ( #869, #3989, #1411, #191 ) ) ;
#4888 = FACE_OUTER_BOUND ( 'NONE', #858, .T. ) ;
#4889 = EDGE_CURVE ( 'NONE', #5703, #2820, #3112, .T. ) ;
#4890 = VERTEX_POINT ( 'NONE', #450 ) ;
#4891 = ORIENTED_EDGE ( 'NONE', *, *, #6880, .T. ) ;
#4892 = CARTESIAN_POINT ( 'NONE',  ( 152.0777421034211159, -1.165244497598704854, 179.8757090794443059 ) ) ;
#4893 = CARTESIAN_POINT ( 'NONE',  ( 128.1172092340753181, 11.85294538704665612, 0.000000000000000000 ) ) ;
#4894 = PLANE ( 'NONE',  #975 ) ;
#4895 = ORIENTED_EDGE ( 'NONE', *, *, #3390, .T. ) ;
#4896 = CARTESIAN_POINT ( 'NONE',  ( 2.336493212065380742, -3.233689886415513470, 0.000000000000000000 ) ) ;
#4897 = DIRECTION ( 'NONE',  ( -0.9730344131650561224, 0.2306599895875626471, 0.000000000000000000 ) ) ;
#4898 = FACE_BOUND ( 'NONE', #4846, .T. ) ;
#4899 = ORIENTED_EDGE ( 'NONE', *, *, #4830, .T. ) ;
#4900 = CARTESIAN_POINT ( 'NONE',  ( 146.5281689998066383, 5.448479403202883375, 44.77974606568174920 ) ) ;
#4901 = CARTESIAN_POINT ( 'NONE',  ( 146.5542065578149504, 8.528896762570282064, 159.2939901910523588 ) ) ;
#4902 = LINE ( 'NONE', #1132, #3988 ) ;
#4903 = ADVANCED_FACE ( 'NONE', ( #6971 ), #2022, .T. ) ;
#4904 = FACE_OUTER_BOUND ( 'NONE', #1288, .T. ) ;
#4905 = CARTESIAN_POINT ( 'NONE',  ( 105.7246394694483484, 10.65802185209276054, 519.0000000000000000 ) ) ;
#4906 = DIRECTION ( 'NONE',  ( 0.7660444535136902156, 0.6427875972986035746, -0.000000000000000000 ) ) ;
#4907 = VECTOR ( 'NONE', #1019, 1000.000000000000000 ) ;
#4908 = CARTESIAN_POINT ( 'NONE',  ( 148.0602579068340390, 6.734054597800104069, 278.4697138208725278 ) ) ;
#4909 = AXIS2_PLACEMENT_3D ( 'NONE', #6380, #1491, #4811 ) ;
#4910 = CARTESIAN_POINT ( 'NONE',  ( 146.6354287031678609, 8.432099975868801778, 230.1738141366596722 ) ) ;
#4911 = CARTESIAN_POINT ( 'NONE',  ( 70.40460645904484238, 1.763418718043666678, 518.9999999999992042 ) ) ;
#4912 = VERTEX_POINT ( 'NONE', #909 ) ;
#4913 = FACE_BOUND ( 'NONE', #3318, .T. ) ;
#4914 = ORIENTED_EDGE ( 'NONE', *, *, #5400, .F. ) ;
#4915 = EDGE_CURVE ( 'NONE', #50, #4022, #6361, .T. ) ;
#4916 = CARTESIAN_POINT ( 'NONE',  ( 152.0777421034210874, -1.165244497598704854, 269.8361105482872517 ) ) ;
#4917 = CARTESIAN_POINT ( 'NONE',  ( 82.06042033411902992, 16.73404595456871391, 0.000000000000000000 ) ) ;
#4918 = AXIS2_PLACEMENT_3D ( 'NONE', #4049, #4589, #1926 ) ;
#4919 = VERTEX_POINT ( 'NONE', #539 ) ;
#4920 = VECTOR ( 'NONE', #4666, 1000.000000000000114 ) ;
#4921 = FACE_BOUND ( 'NONE', #3481, .T. ) ;
#4922 = CARTESIAN_POINT ( 'NONE',  ( 152.0777421034210874, -1.165244497598746376, -9.804599309964982597E-15 ) ) ;
#4923 = EDGE_CURVE ( 'NONE', #2717, #1852, #3764, .T. ) ;
#4924 = ORIENTED_EDGE ( 'NONE', *, *, #1717, .F. ) ;
#4925 = CARTESIAN_POINT ( 'NONE',  ( 88.66911395920068628, 74.40221837649806957, 231.5711869321423819 ) ) ;
#4926 = ORIENTED_EDGE ( 'NONE', *, *, #6253, .F. ) ;
#4927 = DIRECTION ( 'NONE',  ( -0.9993263269200400867, -0.03670003166893779506, 0.000000000000000000 ) ) ;
#4928 = ORIENTED_EDGE ( 'NONE', *, *, #3858, .F. ) ;
#4929 = CARTESIAN_POINT ( 'NONE',  ( 184.3164905826810127, 0.3083714254295336077, 45.00000000000000711 ) ) ;
#4930 = CARTESIAN_POINT ( 'NONE',  ( 42.05291443342873237, 16.17083096281026755, 0.000000000000000000 ) ) ;
#4931 = LINE ( 'NONE', #1012, #3464 ) ;
#4932 = ORIENTED_EDGE ( 'NONE', *, *, #2050, .T. ) ;
#4933 = CARTESIAN_POINT ( 'NONE',  ( 29.83545894252426578, 14.47093503650057578, 0.000000000000000000 ) ) ;
#4934 = PLANE ( 'NONE',  #4402 ) ;
#4935 = PLANE ( 'NONE',  #2512 ) ;
#4936 = LINE ( 'NONE', #5513, #4729 ) ;
#4937 = CARTESIAN_POINT ( 'NONE',  ( 146.5123234551824112, 8.578811102240846864, 119.4016432558213126 ) ) ;
#4938 = ADVANCED_FACE ( 'NONE', ( #3692 ), #5906, .T. ) ;
#4939 = LINE ( 'NONE', #3232, #3657 ) ;
#4940 = CARTESIAN_POINT ( 'NONE',  ( 158.6017480031990488, 5.993043675724670116, 519.0000000000000000 ) ) ;
#4941 = LINE ( 'NONE', #739, #2866 ) ;
#4942 = LINE ( 'NONE', #6694, #5813 ) ;
#4943 = B_SPLINE_CURVE_WITH_KNOTS ( 'NONE', 3,
 ( #3507, #6192, #779, #814, #2983, #5153, #288 ),
 .UNSPECIFIED., .F., .F.,
 ( 4, 1, 1, 1, 4 ),
 ( 2.777468022149870801E-17, 0.007133191103798872806, 0.01661792705784386620, 0.02610266301188885613, 0.02955439532688876672 ),
 .UNSPECIFIED. ) ;
#4944 = LINE ( 'NONE', #4443, #535 ) ;
#4945 = CARTESIAN_POINT ( 'NONE',  ( 2.811851801130134998, 3.896369691959288506, 0.000000000000000000 ) ) ;
#4946 = DIRECTION ( 'NONE',  ( 0.4545194689805009403, -0.5416752278509727736, -0.7071067810806795917 ) ) ;
#4947 = ORIENTED_EDGE ( 'NONE', *, *, #914, .F. ) ;
#4948 = LINE ( 'NONE', #2254, #6760 ) ;
#4949 = ORIENTED_EDGE ( 'NONE', *, *, #5748, .F. ) ;
#4950 = CARTESIAN_POINT ( 'NONE',  ( 154.3747231731879879, -0.7912323158306283633, 53.00000000000000711 ) ) ;
#4951 = CARTESIAN_POINT ( 'NONE',  ( 151.0656556154715702, 7.827831197293621202, 0.000000000000000000 ) ) ;
#4952 = VECTOR ( 'NONE', #1644, 1000.000000000000000 ) ;
#4953 = EDGE_CURVE ( 'NONE', #5113, #6024, #570, .T. ) ;
#4954 = EDGE_LOOP ( 'NONE', ( #6030, #2554, #2899, #6122 ) ) ;
#4955 = FACE_OUTER_BOUND ( 'NONE', #7000, .T. ) ;
#4956 = CARTESIAN_POINT ( 'NONE',  ( 154.7820050345175105, -1.276611953209101147, 105.0000000000000142 ) ) ;
#4957 = ORIENTED_EDGE ( 'NONE', *, *, #5499, .T. ) ;
#4958 = EDGE_CURVE ( 'NONE', #2853, #6914, #3730, .T. ) ;
#4959 = VECTOR ( 'NONE', #3176, 999.9999999999998863 ) ;
#4960 = CARTESIAN_POINT ( 'NONE',  ( 90.20120286622807271, 75.68779357109528405, 205.3857090794443252 ) ) ;
#4961 = VECTOR ( 'NONE', #7012, 1000.000000000000000 ) ;
#4962 = ORIENTED_EDGE ( 'NONE', *, *, #3932, .T. ) ;
#4963 = DIRECTION ( 'NONE',  ( -0.4545194689124505971, 0.5416752277698736462, 0.7071067811865470176 ) ) ;
#4964 = ORIENTED_EDGE ( 'NONE', *, *, #343, .F. ) ;
#4965 = CARTESIAN_POINT ( 'NONE',  ( 95.79389313773053516, 10.15838271942708460, 519.0000000000001137 ) ) ;
#4966 = CARTESIAN_POINT ( 'NONE',  ( 183.2739978401863254, 0.8757804255899137580, 103.0000000000000284 ) ) ;
#4967 = VECTOR ( 'NONE', #3272, 999.9999999999998863 ) ;
#4968 = ORIENTED_EDGE ( 'NONE', *, *, #107, .F. ) ;
#4969 = CARTESIAN_POINT ( 'NONE',  ( 50.35459317121714662, 16.70859599693429587, 0.000000000000000000 ) ) ;
#4970 = EDGE_CURVE ( 'NONE', #3522, #4839, #747, .T. ) ;
#4971 = FACE_OUTER_BOUND ( 'NONE', #1598, .T. ) ;
#4972 = CARTESIAN_POINT ( 'NONE',  ( 187.2736217652505673, -0.08335546250855434269, 519.0000000000000000 ) ) ;
#4973 = FACE_OUTER_BOUND ( 'NONE', #5079, .T. ) ;
#4974 = CARTESIAN_POINT ( 'NONE',  ( 146.5281689998066099, 5.448479403202890481, 62.41254501415072298 ) ) ;
#4975 = CARTESIAN_POINT ( 'NONE',  ( 181.9064055891604426, 1.193217587460719376, 519.0000000000000000 ) ) ;
#4976 = ADVANCED_FACE ( 'NONE', ( #3190 ), #2179, .F. ) ;
#4977 = CARTESIAN_POINT ( 'NONE',  ( 152.0777421034210590, -1.165244497598670215, 244.3261105482872608 ) ) ;
#4978 = DIRECTION ( 'NONE',  ( 0.9730344131650559003, -0.2306599895875640904, 0.000000000000000000 ) ) ;
#4979 = CARTESIAN_POINT ( 'NONE',  ( 148.0602579068340390, 6.734054597800049002, 169.1207854632994270 ) ) ;
#4980 = CARTESIAN_POINT ( 'NONE',  ( 4.494224318108876126, 5.364860341418883571, 0.000000000000000000 ) ) ;
#4981 = VERTEX_POINT ( 'NONE', #6944 ) ;
#4982 = DIRECTION ( 'NONE',  ( 0.6427875972986036857, -0.7660444535136901045, 0.000000000000000000 ) ) ;
#4983 = VERTEX_POINT ( 'NONE', #5367 ) ;
#4984 = DIRECTION ( 'NONE',  ( 1.000000000000000000, 0.000000000000000000, -0.000000000000000000 ) ) ;
#4985 = CARTESIAN_POINT ( 'NONE',  ( 136.7680506130828348, 10.42943150096511218, 0.000000000000000000 ) ) ;
#4986 = EDGE_LOOP ( 'NONE', ( #5552, #1459, #2476 ) ) ;
#4987 = DIRECTION ( 'NONE',  ( 0.6427875972986035746, -0.7660444535136903266, 0.000000000000000000 ) ) ;
#4988 = ORIENTED_EDGE ( 'NONE', *, *, #1514, .T. ) ;
#4989 = ADVANCED_FACE ( 'NONE', ( #5989 ), #425, .T. ) ;
#4990 = LINE ( 'NONE', #2297, #257 ) ;
#4991 = EDGE_CURVE ( 'NONE', #3382, #3996, #6521, .T. ) ;
#4992 = ORIENTED_EDGE ( 'NONE', *, *, #988, .F. ) ;
#4993 = CARTESIAN_POINT ( 'NONE',  ( 62.87816705955509633, 17.07634393986520394, 0.000000000000000000 ) ) ;
#4994 = ORIENTED_EDGE ( 'NONE', *, *, #3502, .F. ) ;
#4995 = CARTESIAN_POINT ( 'NONE',  ( 154.3747231386198280, -0.7912322746338774637, 161.0000000000000000 ) ) ;
#4996 = FACE_OUTER_BOUND ( 'NONE', #1928, .T. ) ;
#4997 = CARTESIAN_POINT ( 'NONE',  ( 184.3164905826809843, -0.1919656612816256214, 45.14699388737905394 ) ) ;
#4998 = ORIENTED_EDGE ( 'NONE', *, *, #98, .T. ) ;
#4999 = EDGE_CURVE ( 'NONE', #3007, #317, #1100, .T. ) ;
#5000 = CARTESIAN_POINT ( 'NONE',  ( 177.4017935342134251, -0.4459045238851607196, 519.0000000000000000 ) ) ;
#5001 = LINE ( 'NONE', #6653, #6514 ) ;
#5002 = CARTESIAN_POINT ( 'NONE',  ( 88.66911395920068628, 74.40221837649806957, 205.3857090794443252 ) ) ;
#5003 = LINE ( 'NONE', #1911, #2724 ) ;
#5004 = ADVANCED_FACE ( 'NONE', ( #3270 ), #2743, .T. ) ;
#5005 = B_SPLINE_CURVE_WITH_KNOTS ( 'NONE', 3,
 ( #2019, #3108, #872, #5208, #1470, #3009, #4180 ),
 .UNSPECIFIED., .F., .F.,
 ( 4, 3, 4 ),
 ( 0.002999999999999974909, 0.01279509168931452362, 0.04600000000000000616 ),
 .UNSPECIFIED. ) ;
#5006 = CARTESIAN_POINT ( 'NONE',  ( 184.3164905826809843, 0.6291613018695099147, 48.00000000000000000 ) ) ;
#5007 = CARTESIAN_POINT ( 'NONE',  ( 141.7599393341921257, 8.624897597578319974, 519.0000000000000000 ) ) ;
#5008 = LINE ( 'NONE', #3970, #1605 ) ;
#5009 = CARTESIAN_POINT ( 'NONE',  ( 161.1163561258059929, 5.541463347774853609, 519.0000000000001137 ) ) ;
#5010 = CARTESIAN_POINT ( 'NONE',  ( 186.7208323984095273, -0.1036589944081389436, 287.9999999999996589 ) ) ;
#5011 = VERTEX_POINT ( 'NONE', #4193 ) ;
#5012 = DIRECTION ( 'NONE',  ( 0.000000000000000000, -0.7938448021158673873, -0.6081204076115348522 ) ) ;
#5013 = EDGE_LOOP ( 'NONE', ( #1116, #1310, #813 ) ) ;
#5014 = VECTOR ( 'NONE', #4978, 1000.000000000000114 ) ;
#5015 = LINE ( 'NONE', #1756, #1732 ) ;
#5016 = CARTESIAN_POINT ( 'NONE',  ( 159.7715808827860826, 6.095851714772187790, 0.000000000000000000 ) ) ;
#5017 = VECTOR ( 'NONE', #681, 1000.000000000000114 ) ;
#5018 = ORIENTED_EDGE ( 'NONE', *, *, #1340, .T. ) ;
#5019 = AXIS2_PLACEMENT_3D ( 'NONE', #5685, #808, #845 ) ;
#5020 = CARTESIAN_POINT ( 'NONE',  ( 152.0777421034210874, -1.165244497598732387, 75.23147659367238305 ) ) ;
#5021 = ORIENTED_EDGE ( 'NONE', *, *, #6488, .T. ) ;
#5022 = VECTOR ( 'NONE', #4576, 1000.000000000000000 ) ;
#5023 = EDGE_CURVE ( 'NONE', #3931, #5531, #5327, .T. ) ;
#5024 = LINE ( 'NONE', #3411, #6862 ) ;
#5025 = AXIS2_PLACEMENT_3D ( 'NONE', #4638, #1942, #5242 ) ;
#5026 = EDGE_LOOP ( 'NONE', ( #6529, #1351, #6162, #5136 ) ) ;
#5027 = VECTOR ( 'NONE', #6174, 1000.000000000000000 ) ;
#5028 = CARTESIAN_POINT ( 'NONE',  ( 74.79157597992076489, 17.01967439959732076, 0.000000000000000000 ) ) ;
#5029 = ORIENTED_EDGE ( 'NONE', *, *, #3410, .T. ) ;
#5030 = CARTESIAN_POINT ( 'NONE',  ( 88.66911395920068628, 74.40221837649806957, 144.9638633601287552 ) ) ;
#5031 = LINE ( 'NONE', #2835, #5931 ) ;
#5032 = ORIENTED_EDGE ( 'NONE', *, *, #1506, .F. ) ;
#5033 = VECTOR ( 'NONE', #6427, 1000.000000000000114 ) ;
#5034 = CARTESIAN_POINT ( 'NONE',  ( 90.20120286622807271, 75.68779357109526984, 121.4538633601287501 ) ) ;
#5035 = CARTESIAN_POINT ( 'NONE',  ( 104.9162197684444351, -3.107188571034650515, 519.0000000000001137 ) ) ;
#5036 = LINE ( 'NONE', #5105, #5780 ) ;
#5037 = EDGE_CURVE ( 'NONE', #484, #4207, #5838, .T. ) ;
#5038 = DIRECTION ( 'NONE',  ( -0.000000000000000000, -0.000000000000000000, 1.000000000000000000 ) ) ;
#5039 = CARTESIAN_POINT ( 'NONE',  ( 118.6503127864473015, 10.61269540857465721, 519.0000000000000000 ) ) ;
#5040 = DIRECTION ( 'NONE',  ( 0.6427875972986036857, -0.7660444535136901045, -1.368455531567204475E-48 ) ) ;
#5041 = LINE ( 'NONE', #4908, #2756 ) ;
#5042 = CARTESIAN_POINT ( 'NONE',  ( 154.7820050345175105, -1.276611953209101147, 103.0000000000000142 ) ) ;
#5043 = CARTESIAN_POINT ( 'NONE',  ( 70.81193865535313137, -2.107929914808456040, 519.0000000000007958 ) ) ;
#5044 = EDGE_LOOP ( 'NONE', ( #2155, #775, #5411, #1143 ) ) ;
#5045 = CARTESIAN_POINT ( 'NONE',  ( 184.3164905826809843, -6.647825509190094628, 48.00000000000000000 ) ) ;
#5046 = VECTOR ( 'NONE', #3946, 1000.000000000000000 ) ;
#5047 = ORIENTED_EDGE ( 'NONE', *, *, #7005, .F. ) ;
#5048 = ADVANCED_BREP_SHAPE_REPRESENTATION ( '\X2\895f7ffc\X0\', ( #5147, #4560, #3775 ), #605 ) ;
#5049 = DIRECTION ( 'NONE',  ( 0.7660444535136902156, 0.6427875972986035746, -0.000000000000000000 ) ) ;
#5050 = CARTESIAN_POINT ( 'NONE',  ( 102.5755606254276557, 15.17910804365104305, 0.000000000000000000 ) ) ;
#5051 = EDGE_CURVE ( 'NONE', #2471, #4656, #954, .T. ) ;
#5052 = PLANE ( 'NONE',  #3545 ) ;
#5053 = EDGE_LOOP ( 'NONE', ( #2694, #1675, #5533 ) ) ;
#5054 = LINE ( 'NONE', #1760, #3361 ) ;
#5055 = ORIENTED_EDGE ( 'NONE', *, *, #5499, .F. ) ;
#5056 = DIRECTION ( 'NONE',  ( 0.7660444535136902156, 0.6427875972986035746, -0.000000000000000000 ) ) ;
#5057 = VECTOR ( 'NONE', #6015, 1000.000000000000114 ) ;
#5058 = VERTEX_POINT ( 'NONE', #4302 ) ;
#5059 = ORIENTED_EDGE ( 'NONE', *, *, #2989, .F. ) ;
#5060 = DIRECTION ( 'NONE',  ( 8.796262431460665264E-49, -1.048297769837185521E-48, 1.000000000000000000 ) ) ;
#5061 = DIRECTION ( 'NONE',  ( -6.378601426329706152E-17, -5.352281928482944175E-17, -1.000000000000000000 ) ) ;
#5062 = LINE ( 'NONE', #6079, #1393 ) ;
#5063 = LINE ( 'NONE', #1327, #1722 ) ;
#5064 = CARTESIAN_POINT ( 'NONE',  ( 146.5270637591439424, 8.561244291461797218, 133.8032853722272364 ) ) ;
#5065 = EDGE_LOOP ( 'NONE', ( #2365, #2163, #5735 ) ) ;
#5066 = B_SPLINE_CURVE_WITH_KNOTS ( 'NONE', 3,
 ( #2128, #5273, #4283, #6856, #4249, #4671, #372 ),
 .UNSPECIFIED., .F., .F.,
 ( 4, 3, 4 ),
 ( 0.000000000000000000, 0.002559018337862928316, 0.003000000000000030854 ),
 .UNSPECIFIED. ) ;
#5067 = DIRECTION ( 'NONE',  ( 0.6427875972986036857, -0.7660444535136901045, 8.037077550158748476E-16 ) ) ;
#5068 = EDGE_CURVE ( 'NONE', #3563, #4379, #1065, .T. ) ;
#5069 = CARTESIAN_POINT ( 'NONE',  ( 153.6098310104484312, 0.1203306969985336317, 100.7413238259620698 ) ) ;
#5070 = VECTOR ( 'NONE', #4540, 1000.000000000000000 ) ;
#5071 = CARTESIAN_POINT ( 'NONE',  ( 40.65710486259161627, -5.448287774127210881, 0.000000000000000000 ) ) ;
#5072 = DIRECTION ( 'NONE',  ( -1.000000000000000000, 0.000000000000000000, 0.000000000000000000 ) ) ;
#5073 = EDGE_CURVE ( 'NONE', #1933, #2654, #5661, .T. ) ;
#5074 = DIRECTION ( 'NONE',  ( -6.378601426329706152E-17, -5.352281928482944175E-17, -1.000000000000000000 ) ) ;
#5075 = CARTESIAN_POINT ( 'NONE',  ( 78.69057481692516376, 6.602344598654466878, 519.0000000000000000 ) ) ;
#5076 = LINE ( 'NONE', #2381, #810 ) ;
#5077 = ORIENTED_EDGE ( 'NONE', *, *, #6406, .T. ) ;
#5078 = LINE ( 'NONE', #1235, #5070 ) ;
#5079 = EDGE_LOOP ( 'NONE', ( #910, #6646, #549, #4299 ) ) ;
#5080 = LINE ( 'NONE', #4482, #1520 ) ;
#5081 = EDGE_LOOP ( 'NONE', ( #4631, #1208, #6544, #4239, #89, #520 ) ) ;
#5082 = CARTESIAN_POINT ( 'NONE',  ( 154.7820052951978766, -1.276612263875972486, 266.0912872931856441 ) ) ;
#5083 = EDGE_CURVE ( 'NONE', #2125, #787, #1602, .T. ) ;
#5084 = CARTESIAN_POINT ( 'NONE',  ( 0.03268493629786724947, 0.2211495890942757059, 0.000000000000000000 ) ) ;
#5085 = DIRECTION ( 'NONE',  ( 1.000000000000000000, 0.000000000000000000, -0.000000000000000000 ) ) ;
#5086 = CARTESIAN_POINT ( 'NONE',  ( 121.0198118588054683, -2.516610127583926992, 0.000000000000000000 ) ) ;
#5087 = ORIENTED_EDGE ( 'NONE', *, *, #1096, .T. ) ;
#5088 = LINE ( 'NONE', #3379, #4031 ) ;
#5089 = ORIENTED_EDGE ( 'NONE', *, *, #3260, .T. ) ;
#5090 = EDGE_CURVE ( 'NONE', #1800, #66, #3740, .T. ) ;
#5091 = DIRECTION ( 'NONE',  ( -6.378601426329706152E-17, -5.352281928482944175E-17, -1.000000000000000000 ) ) ;
#5092 = CARTESIAN_POINT ( 'NONE',  ( 106.3049997505705448, -3.056766536985469518, 0.000000000000000000 ) ) ;
#5093 = ORIENTED_EDGE ( 'NONE', *, *, #6138, .F. ) ;
#5094 = EDGE_LOOP ( 'NONE', ( #6432, #877, #4719 ) ) ;
#5095 = DIRECTION ( 'NONE',  ( 0.000000000000000000, -1.000000000000000000, -1.048297769837185521E-48 ) ) ;
#5096 = AXIS2_PLACEMENT_3D ( 'NONE', #1260, #5645, #770 ) ;
#5097 = CARTESIAN_POINT ( 'NONE',  ( 186.5000000000000000, 0.1117699999999999944, 0.000000000000000000 ) ) ;
#5098 = CARTESIAN_POINT ( 'NONE',  ( 186.6510323867578620, 0.07596743404178400716, 259.5000000000000000 ) ) ;
#5099 = CARTESIAN_POINT ( 'NONE',  ( 167.0415931960255875, 4.548012906028713331, 50.00000000000000000 ) ) ;
#5100 = ORIENTED_EDGE ( 'NONE', *, *, #4261, .T. ) ;
#5101 = EDGE_CURVE ( 'NONE', #3996, #2423, #5465, .T. ) ;
#5102 = DIRECTION ( 'NONE',  ( -0.9993263278466425481, -0.03670000643793608353, 0.000000000000000000 ) ) ;
#5103 = CARTESIAN_POINT ( 'NONE',  ( 152.0777421034210590, -1.165244497598718620, 177.7543887358846746 ) ) ;
#5104 = CARTESIAN_POINT ( 'NONE',  ( 49.58718133787002103, -5.148102930934723709, 0.000000000000000000 ) ) ;
#5105 = CARTESIAN_POINT ( 'NONE',  ( 154.3747231386197711, -0.7912322746338683599, 158.0000000000000000 ) ) ;
#5106 = EDGE_CURVE ( 'NONE', #5969, #397, #4824, .T. ) ;
#5107 = LINE ( 'NONE', #1301, #1046 ) ;
#5108 = CARTESIAN_POINT ( 'NONE',  ( 69.64270587482924668, -1.113102616976612724, 519.0000000000000000 ) ) ;
#5109 = FACE_BOUND ( 'NONE', #6027, .T. ) ;
#5110 = ORIENTED_EDGE ( 'NONE', *, *, #6925, .T. ) ;
#5111 = CARTESIAN_POINT ( 'NONE',  ( 146.5281689998066099, 5.448479403202883375, -9.804599309964982597E-15 ) ) ;
#5112 = ADVANCED_FACE ( 'NONE', ( #4433 ), #6501, .T. ) ;
#5113 = VERTEX_POINT ( 'NONE', #3417 ) ;
#5114 = CARTESIAN_POINT ( 'NONE',  ( 148.0602579068340390, 6.734054597800090747, 87.98640020981726195 ) ) ;
#5115 = ORIENTED_EDGE ( 'NONE', *, *, #5178, .F. ) ;
#5116 = CARTESIAN_POINT ( 'NONE',  ( 172.8024409798648264, 3.265268672844262809, 285.9999999999999432 ) ) ;
#5117 = CARTESIAN_POINT ( 'NONE',  ( 0.3915933895305262480, 1.121721321274747440, 0.000000000000000000 ) ) ;
#5118 = LINE ( 'NONE', #1383, #1390 ) ;
#5119 = CARTESIAN_POINT ( 'NONE',  ( 130.5446252940816123, -2.166539322569478898, 518.9999999999989768 ) ) ;
#5120 = ORIENTED_EDGE ( 'NONE', *, *, #2574, .F. ) ;
#5121 = EDGE_CURVE ( 'NONE', #5420, #1436, #692, .T. ) ;
#5122 = CARTESIAN_POINT ( 'NONE',  ( 154.7820050944201000, -1.276612024598310580, 169.2650305631048582 ) ) ;
#5123 = ORIENTED_EDGE ( 'NONE', *, *, #3462, .F. ) ;
#5124 = DIRECTION ( 'NONE',  ( 8.796262431460665264E-49, -1.048297769837185521E-48, 1.000000000000000000 ) ) ;
#5125 = CARTESIAN_POINT ( 'NONE',  ( 69.00499817281827575, -4.424423016946223974, 0.000000000000000000 ) ) ;
#5126 = ORIENTED_EDGE ( 'NONE', *, *, #245, .T. ) ;
#5127 = VECTOR ( 'NONE', #4113, 1000.000000000000114 ) ;
#5128 = ORIENTED_EDGE ( 'NONE', *, *, #2683, .F. ) ;
#5129 = EDGE_CURVE ( 'NONE', #4815, #7022, #5595, .T. ) ;
#5130 = CARTESIAN_POINT ( 'NONE',  ( 154.3747230897488407, -0.7912322163916676310, 108.0000000000000142 ) ) ;
#5131 = ADVANCED_FACE ( 'NONE', ( #4496 ), #1727, .T. ) ;
#5132 = CARTESIAN_POINT ( 'NONE',  ( 170.9373376840955530, 3.615633251725562491, 518.9999999999998863 ) ) ;
#5133 = AXIS2_PLACEMENT_3D ( 'NONE', #3484, #2436, #2039 ) ;
#5134 = CARTESIAN_POINT ( 'NONE',  ( 152.0777421034210306, -1.165244497598671547, 183.9970294230038803 ) ) ;
#5135 = CARTESIAN_POINT ( 'NONE',  ( 152.0777421034210874, -1.165244497598656226, 218.1406326955891188 ) ) ;
#5136 = ORIENTED_EDGE ( 'NONE', *, *, #3204, .T. ) ;
#5137 = VECTOR ( 'NONE', #6243, 1000.000000000000000 ) ;
#5138 = AXIS2_PLACEMENT_3D ( 'NONE', #6083, #697, #5640 ) ;
#5139 = DIRECTION ( 'NONE',  ( -0.7660444535136902156, -0.6427875972986035746, 0.000000000000000000 ) ) ;
#5140 = VECTOR ( 'NONE', #1049, 1000.000000000000000 ) ;
#5141 = PLANE ( 'NONE',  #2649 ) ;
#5142 = CARTESIAN_POINT ( 'NONE',  ( 96.79015346992061097, -3.405588130481424614, 519.0000000000005684 ) ) ;
#5143 = CARTESIAN_POINT ( 'NONE',  ( 147.8917274065439926, 3.823453719893247449, 53.77894174285808049 ) ) ;
#5144 = VECTOR ( 'NONE', #1752, 1000.000000000000000 ) ;
#5145 = CARTESIAN_POINT ( 'NONE',  ( 146.5281689998066099, 5.448479403202886928, 62.41254501415071587 ) ) ;
#5146 = CARTESIAN_POINT ( 'NONE',  ( 69.31926525420554697, 0.1090789312944709655, 519.0000000000000000 ) ) ;
#5147 = MANIFOLD_SOLID_BREP ( 'ÕπÃ®-¿≠…Ï5', #4202 ) ;
#5148 = VERTEX_POINT ( 'NONE', #724 ) ;
#5149 = FACE_OUTER_BOUND ( 'NONE', #5569, .T. ) ;
#5150 = EDGE_CURVE ( 'NONE', #6536, #4046, #6682, .T. ) ;
#5151 = CARTESIAN_POINT ( 'NONE',  ( 13.03937251214219550, 9.841104693651816504, 0.000000000000000000 ) ) ;
#5152 = EDGE_LOOP ( 'NONE', ( #6567, #3733, #3783, #5219 ) ) ;
#5153 = CARTESIAN_POINT ( 'NONE',  ( 155.9318076131123405, -1.234385674938330402, 285.9999999999998295 ) ) ;
#5154 = ORIENTED_EDGE ( 'NONE', *, *, #729, .T. ) ;
#5155 = PLANE ( 'NONE',  #1490 ) ;
#5156 = CARTESIAN_POINT ( 'NONE',  ( 27.97101816477380609, 14.10062904394222549, 0.000000000000000000 ) ) ;
#5157 = CARTESIAN_POINT ( 'NONE',  ( 153.6098310104485165, 0.1203306969985024066, 121.4538633601287501 ) ) ;
#5158 = CARTESIAN_POINT ( 'NONE',  ( 119.2931736833405552, -2.580699207577747067, 519.0000000000010232 ) ) ;
#5159 = VECTOR ( 'NONE', #4086, 1000.000000000000000 ) ;
#5160 = EDGE_LOOP ( 'NONE', ( #2061, #3621, #840, #2104 ) ) ;
#5161 = PLANE ( 'NONE',  #1985 ) ;
#5162 = ORIENTED_EDGE ( 'NONE', *, *, #582, .T. ) ;
#5163 = LINE ( 'NONE', #4054, #357 ) ;
#5164 = CARTESIAN_POINT ( 'NONE',  ( 83.92500179146483674, -3.879828715142262130, 0.000000000000000000 ) ) ;
#5165 = ORIENTED_EDGE ( 'NONE', *, *, #4679, .F. ) ;
#5166 = VERTEX_POINT ( 'NONE', #2895 ) ;
#5167 = DIRECTION ( 'NONE',  ( -6.378601426329706152E-17, -5.352281928482944175E-17, -1.000000000000000000 ) ) ;
#5168 = CARTESIAN_POINT ( 'NONE',  ( 146.4477209570765979, 8.655801363977513319, 50.00000000000000000 ) ) ;
#5169 = CARTESIAN_POINT ( 'NONE',  ( 88.66911395920068628, 74.40221837649806957, 181.8757090794443059 ) ) ;
#5170 = CARTESIAN_POINT ( 'NONE',  ( 154.7820051375371975, -1.276612075983258654, 45.00000000000001421 ) ) ;
#5171 = VERTEX_POINT ( 'NONE', #6208 ) ;
#5172 = EDGE_CURVE ( 'NONE', #5802, #3452, #166, .T. ) ;
#5173 = CARTESIAN_POINT ( 'NONE',  ( 90.20120286622804429, 75.68779357109529826, 32.02482244953687740 ) ) ;
#5174 = ORIENTED_EDGE ( 'NONE', *, *, #3249, .F. ) ;
#5175 = CARTESIAN_POINT ( 'NONE',  ( 152.0777421034210874, -1.165244497598723949, 89.98640020981726195 ) ) ;
#5176 = CARTESIAN_POINT ( 'NONE',  ( 11.65430740414862854, 9.293704109497070931, 0.000000000000000000 ) ) ;
#5177 = CARTESIAN_POINT ( 'NONE',  ( 152.0777421034210306, -1.165244497598677098, -9.804599309964982597E-15 ) ) ;
#5178 = EDGE_CURVE ( 'NONE', #760, #4774, #795, .T. ) ;
#5179 = CARTESIAN_POINT ( 'NONE',  ( 71.66834718889344913, 2.976916619065621106, 519.0000000000000000 ) ) ;
#5180 = CARTESIAN_POINT ( 'NONE',  ( 148.0602579068339821, 6.734054597800125386, 130.0874666327140687 ) ) ;
#5181 = DIRECTION ( 'NONE',  ( 1.000000000000000000, 0.000000000000000000, -0.000000000000000000 ) ) ;
#5182 = VERTEX_POINT ( 'NONE', #3358 ) ;
#5183 = CARTESIAN_POINT ( 'NONE',  ( 149.2944990215204655, 2.151695553252720217, 94.31635787172228902 ) ) ;
#5184 = ORIENTED_EDGE ( 'NONE', *, *, #5711, .F. ) ;
#5185 = ADVANCED_FACE ( 'NONE', ( #2367 ), #5536, .F. ) ;
#5186 = CARTESIAN_POINT ( 'NONE',  ( 184.3164905826809843, -6.647825509190094628, 161.0000000000000000 ) ) ;
#5187 = CARTESIAN_POINT ( 'NONE',  ( 29.83545894252426578, 14.47093503650057578, 0.000000000000000000 ) ) ;
#5188 = CARTESIAN_POINT ( 'NONE',  ( 159.4079465372559810, -9.901042252968530022, 110.0500894468779762 ) ) ;
#5189 = FACE_BOUND ( 'NONE', #3923, .T. ) ;
#5190 = EDGE_LOOP ( 'NONE', ( #3029, #4566, #1020, #1645 ) ) ;
#5191 = CARTESIAN_POINT ( 'NONE',  ( 152.0777421034210874, -1.165244497598656226, 157.7187869762735488 ) ) ;
#5192 = ORIENTED_EDGE ( 'NONE', *, *, #996, .F. ) ;
#5193 = DIRECTION ( 'NONE',  ( 0.6427875972986035746, -0.7660444535136902156, -6.018531076210112041E-33 ) ) ;
#5194 = B_SPLINE_CURVE_WITH_KNOTS ( 'NONE', 3,
 ( #4607, #2449, #2580, #4746, #6788, #974, #3142, #486, #2766, #6502 ),
 .UNSPECIFIED., .F., .F.,
 ( 4, 1, 1, 1, 1, 1, 1, 4 ),
 ( 0.005166781466188845838, 0.009236612514943606800, 0.01450207676546528754, 0.02503300526650871494, 0.03029846951703032282, 0.03556393376755199315, 0.04082939801807367736, 0.04375306168371501103 ),
 .UNSPECIFIED. ) ;
#5195 = CARTESIAN_POINT ( 'NONE',  ( 59.67998258040476145, -4.766194489072918650, 0.000000000000000000 ) ) ;
#5196 = ORIENTED_EDGE ( 'NONE', *, *, #3948, .T. ) ;
#5197 = VERTEX_POINT ( 'NONE', #2963 ) ;
#5198 = DIRECTION ( 'NONE',  ( 0.000000000000000000, -1.000000000000000000, 6.156758679758506919E-16 ) ) ;
#5199 = CARTESIAN_POINT ( 'NONE',  ( 184.3164905826809843, -0.1919655911991256791, 65.40163610356184165 ) ) ;
#5200 = CARTESIAN_POINT ( 'NONE',  ( 88.66911395920068628, 74.40221837649806957, 244.3261105482872608 ) ) ;
#5201 = ORIENTED_EDGE ( 'NONE', *, *, #3727, .F. ) ;
#5202 = EDGE_CURVE ( 'NONE', #3917, #3382, #272, .T. ) ;
#5203 = LINE ( 'NONE', #1433, #6064 ) ;
#5204 = CARTESIAN_POINT ( 'NONE',  ( 174.5945035064750357, -0.5489890037486296892, 0.000000000000000000 ) ) ;
#5205 = VERTEX_POINT ( 'NONE', #4995 ) ;
#5206 = LINE ( 'NONE', #4712, #6854 ) ;
#5207 = CARTESIAN_POINT ( 'NONE',  ( 75.77833129410332447, 5.457046800937875197, 519.0000000000011369 ) ) ;
#5208 = CARTESIAN_POINT ( 'NONE',  ( 184.3164905826809843, -0.1919656951577006498, 35.20490831068548232 ) ) ;
#5209 = EDGE_CURVE ( 'NONE', #7022, #5778, #2441, .T. ) ;
#5210 = CARTESIAN_POINT ( 'NONE',  ( 69.00503864203069782, 17.08583966084117023, 0.000000000000000000 ) ) ;
#5211 = CARTESIAN_POINT ( 'NONE',  ( 153.9011147064173315, -1.308960641670359415, 519.0000000000000000 ) ) ;
#5212 = DIRECTION ( 'NONE',  ( 5.547375492044594158E-14, 1.000000000000000000, 0.000000000000000000 ) ) ;
#5213 = ORIENTED_EDGE ( 'NONE', *, *, #701, .F. ) ;
#5214 = DIRECTION ( 'NONE',  ( 0.7660444535136902156, 0.6427875972986035746, -0.000000000000000000 ) ) ;
#5215 = CARTESIAN_POINT ( 'NONE',  ( 15.84230355733715001, 10.84825986389148156, 0.000000000000000000 ) ) ;
#5216 = VERTEX_POINT ( 'NONE', #2303 ) ;
#5217 = EDGE_CURVE ( 'NONE', #1975, #6343, #6649, .T. ) ;
#5218 = FACE_OUTER_BOUND ( 'NONE', #5417, .T. ) ;
#5219 = ORIENTED_EDGE ( 'NONE', *, *, #4754, .F. ) ;
#5220 = DIRECTION ( 'NONE',  ( 0.000000000000000000, -1.000000000000000000, -1.048297769837185521E-48 ) ) ;
#5221 = CARTESIAN_POINT ( 'NONE',  ( 2.967434481146856484, 4.048937811638571915, 0.000000000000000000 ) ) ;
#5222 = LINE ( 'NONE', #351, #6450 ) ;
#5223 = CARTESIAN_POINT ( 'NONE',  ( 132.9252984366976591, -2.079301641002748280, 0.000000000000000000 ) ) ;
#5224 = AXIS2_PLACEMENT_3D ( 'NONE', #6814, #3524, #3001 ) ;
#5225 = ORIENTED_EDGE ( 'NONE', *, *, #1186, .F. ) ;
#5226 = EDGE_CURVE ( 'NONE', #5113, #289, #1290, .T. ) ;
#5227 = DIRECTION ( 'NONE',  ( 8.796262431460665264E-49, -1.048297769837185521E-48, 1.000000000000000000 ) ) ;
#5228 = VERTEX_POINT ( 'NONE', #2929 ) ;
#5229 = DIRECTION ( 'NONE',  ( 0.6427875972986036857, -0.7660444535136901045, 0.000000000000000000 ) ) ;
#5230 = CARTESIAN_POINT ( 'NONE',  ( 98.84499921693614510, -3.330642018273542337, 0.000000000000000000 ) ) ;
#5231 = ORIENTED_EDGE ( 'NONE', *, *, #258, .T. ) ;
#5232 = ORIENTED_EDGE ( 'NONE', *, *, #511, .T. ) ;
#5233 = DIRECTION ( 'NONE',  ( 0.4545194689124502085, -0.5416752277698733131, -0.7071067811865476838 ) ) ;
#5234 = CARTESIAN_POINT ( 'NONE',  ( 154.7820050863473966, -1.276612014977639209, 165.7060122252419490 ) ) ;
#5235 = EDGE_CURVE ( 'NONE', #2726, #4324, #834, .T. ) ;
#5236 = ORIENTED_EDGE ( 'NONE', *, *, #1896, .F. ) ;
#5237 = VECTOR ( 'NONE', #5441, 1000.000000000000000 ) ;
#5238 = CARTESIAN_POINT ( 'NONE',  ( 152.0777421034211159, -1.165244497598704854, 242.3261105482872608 ) ) ;
#5239 = VECTOR ( 'NONE', #2925, 1000.000000000000114 ) ;
#5240 = CARTESIAN_POINT ( 'NONE',  ( 88.66911395920173788, 74.40221837649681902, 255.0810341644326229 ) ) ;
#5241 = VERTEX_POINT ( 'NONE', #6382 ) ;
#5242 = DIRECTION ( 'NONE',  ( 0.7660444535136902156, 0.6427875972986035746, 0.000000000000000000 ) ) ;
#5243 = CARTESIAN_POINT ( 'NONE',  ( 72.91570931294501179, -2.706547063307939816, 519.0000000000002274 ) ) ;
#5244 = FACE_OUTER_BOUND ( 'NONE', #6153, .T. ) ;
#5245 = VECTOR ( 'NONE', #1560, 1000.000000000000000 ) ;
#5246 = CARTESIAN_POINT ( 'NONE',  ( 63.40991376398628887, 17.06779289638516772, 0.000000000000000000 ) ) ;
#5247 = CARTESIAN_POINT ( 'NONE',  ( 166.8264882101250350, -0.8342831880568728486, 519.0000000000000000 ) ) ;
#5248 = VECTOR ( 'NONE', #334, 1000.000000000000000 ) ;
#5249 = VERTEX_POINT ( 'NONE', #365 ) ;
#5250 = DIRECTION ( 'NONE',  ( 0.000000000000000000, -0.7938448021158673873, -0.6081204076115348522 ) ) ;
#5251 = CARTESIAN_POINT ( 'NONE',  ( 149.9762782248890289, 1.339182711598097431, 95.37701804350224677 ) ) ;
#5252 = ADVANCED_FACE ( 'NONE', ( #3593 ), #5808, .T. ) ;
#5253 = ORIENTED_EDGE ( 'NONE', *, *, #3725, .F. ) ;
#5254 = EDGE_CURVE ( 'NONE', #3698, #2690, #2508, .T. ) ;
#5255 = CARTESIAN_POINT ( 'NONE',  ( 88.66911395920067207, 74.40221837649805536, 100.7413238259620698 ) ) ;
#5256 = ORIENTED_EDGE ( 'NONE', *, *, #1147, .T. ) ;
#5257 = CARTESIAN_POINT ( 'NONE',  ( 184.3164905826810127, 0.6288937972486018380, 231.9710427883360637 ) ) ;
#5258 = CARTESIAN_POINT ( 'NONE',  ( 93.24999854246195241, -3.536373740374074259, 0.000000000000000000 ) ) ;
#5259 = CARTESIAN_POINT ( 'NONE',  ( 184.3164905826809559, 0.6290942038936987446, 105.0000000000000284 ) ) ;
#5260 = ORIENTED_EDGE ( 'NONE', *, *, #4269, .T. ) ;
#5261 = CARTESIAN_POINT ( 'NONE',  ( 146.5281689998066099, 5.448479403202883375, -9.804599309964982597E-15 ) ) ;
#5262 = ORIENTED_EDGE ( 'NONE', *, *, #6045, .F. ) ;
#5263 = DIRECTION ( 'NONE',  ( 0.000000000000000000, -0.000000000000000000, 1.000000000000000000 ) ) ;
#5264 = CARTESIAN_POINT ( 'NONE',  ( 181.8375943944955111, 1.214548603549969297, 0.000000000000000000 ) ) ;
#5265 = EDGE_CURVE ( 'NONE', #4420, #2587, #863, .T. ) ;
#5266 = ORIENTED_EDGE ( 'NONE', *, *, #5463, .T. ) ;
#5267 = CARTESIAN_POINT ( 'NONE',  ( 146.5281689998066099, 5.448479403202883375, -9.804599309964982597E-15 ) ) ;
#5268 = PLANE ( 'NONE',  #6036 ) ;
#5269 = CARTESIAN_POINT ( 'NONE',  ( 54.36373480198786723, 115.2857785750920101, 53.36969677290838376 ) ) ;
#5270 = EDGE_LOOP ( 'NONE', ( #3093, #4396, #1634, #4782 ) ) ;
#5271 = CARTESIAN_POINT ( 'NONE',  ( 183.1875959283007091, 0.8963684548857129286, 47.99999999999998579 ) ) ;
#5272 = EDGE_CURVE ( 'NONE', #1906, #3964, #4599, .T. ) ;
#5273 = CARTESIAN_POINT ( 'NONE',  ( 184.3164905826809559, -0.1919649679841844148, 223.1469938873790397 ) ) ;
#5274 = CARTESIAN_POINT ( 'NONE',  ( 153.7879631710947592, 7.313929639420966744, 2.000000000000018652 ) ) ;
#5275 = EDGE_LOOP ( 'NONE', ( #3855, #879, #7 ) ) ;
#5276 = CARTESIAN_POINT ( 'NONE',  ( 184.3164905826809559, 0.6290581674902725462, 132.1967277928709734 ) ) ;
#5277 = CARTESIAN_POINT ( 'NONE',  ( 5.288723860066889770, 5.960515702776803870, 0.000000000000000000 ) ) ;
#5278 = CARTESIAN_POINT ( 'NONE',  ( 184.3164905826809843, 0.6290032209004282615, 168.9710427883396449 ) ) ;
#5279 = CARTESIAN_POINT ( 'NONE',  ( 136.1456116211236917, 10.53408183788774188, 0.000000000000000000 ) ) ;
#5280 = VECTOR ( 'NONE', #5865, 1000.000000000000000 ) ;
#5281 = CARTESIAN_POINT ( 'NONE',  ( 115.5166769284477795, -2.718357427512385627, 519.0000000000000000 ) ) ;
#5282 = LINE ( 'NONE', #5862, #6847 ) ;
#5283 = ORIENTED_EDGE ( 'NONE', *, *, #6218, .T. ) ;
#5284 = DIRECTION ( 'NONE',  ( -5.166133767769089039E-16, 6.156758679758506919E-16, 1.000000000000000000 ) ) ;
#5285 = FACE_OUTER_BOUND ( 'NONE', #6379, .T. ) ;
#5286 = FACE_OUTER_BOUND ( 'NONE', #4401, .T. ) ;
#5287 = EDGE_CURVE ( 'NONE', #1477, #4379, #4128, .T. ) ;
#5288 = ORIENTED_EDGE ( 'NONE', *, *, #3932, .F. ) ;
#5289 = VECTOR ( 'NONE', #4102, 1000.000000000000000 ) ;
#5290 = CARTESIAN_POINT ( 'NONE',  ( 184.3164905826810696, 0.6287949281298100823, 279.7393850950082879 ) ) ;
#5291 = CARTESIAN_POINT ( 'NONE',  ( 104.4400001047967663, -3.125222854956259066, 0.000000000000000000 ) ) ;
#5292 = DIRECTION ( 'NONE',  ( 0.000000000000000000, 0.000000000000000000, 1.000000000000000000 ) ) ;
#5293 = CARTESIAN_POINT ( 'NONE',  ( 146.5281689998066952, 5.448479403202814098, 233.6925072757019848 ) ) ;
#5294 = CARTESIAN_POINT ( 'NONE',  ( 31.72391033243065905, -5.631735114701944767, 0.000000000000000000 ) ) ;
#5295 = VECTOR ( 'NONE', #2816, 1000.000000000000000 ) ;
#5296 = EDGE_LOOP ( 'NONE', ( #360, #1009, #544 ) ) ;
#5297 = DIRECTION ( 'NONE',  ( 0.000000000000000000, 0.000000000000000000, 1.000000000000000000 ) ) ;
#5298 = EDGE_LOOP ( 'NONE', ( #3389, #2407, #4453, #5087, #6368, #5055 ) ) ;
#5299 = AXIS2_PLACEMENT_3D ( 'NONE', #1056, #3263, #1621 ) ;
#5300 = EDGE_CURVE ( 'NONE', #4818, #6940, #5775, .T. ) ;
#5301 = CARTESIAN_POINT ( 'NONE',  ( 184.2981405794620002, 0.3076977166201873559, 108.0000000000000142 ) ) ;
#5302 = CARTESIAN_POINT ( 'NONE',  ( 187.3164905826809843, -0.08178092353511093315, 0.000000000000000000 ) ) ;
#5303 = ORIENTED_EDGE ( 'NONE', *, *, #2486, .T. ) ;
#5304 = CARTESIAN_POINT ( 'NONE',  ( 154.7820050962137088, -1.276612026735841399, 61.38306723883069083 ) ) ;
#5305 = FACE_BOUND ( 'NONE', #6457, .T. ) ;
#5306 = CARTESIAN_POINT ( 'NONE',  ( 84.19556523306052043, 82.84503403129646415, 9.343113741470716604 ) ) ;
#5307 = VERTEX_POINT ( 'NONE', #4704 ) ;
#5308 = EDGE_CURVE ( 'NONE', #2798, #2927, #6941, .T. ) ;
#5309 = CARTESIAN_POINT ( 'NONE',  ( 184.3164905826809843, 0.6291613018695099147, 48.00000000000000000 ) ) ;
#5310 = LINE ( 'NONE', #1977, #2083 ) ;
#5311 = DIRECTION ( 'NONE',  ( 0.7660444535136902156, 0.6427875972986035746, -0.000000000000000000 ) ) ;
#5312 = ORIENTED_EDGE ( 'NONE', *, *, #3181, .F. ) ;
#5313 = CARTESIAN_POINT ( 'NONE',  ( 152.0777421034210306, -1.165244497598677098, -9.804599309964982597E-15 ) ) ;
#5314 = CARTESIAN_POINT ( 'NONE',  ( 71.54056168549112726, -2.405780574064735777, 519.0000000000001137 ) ) ;
#5315 = DIRECTION ( 'NONE',  ( -0.4545194689124505416, 0.5416752277698733131, -0.7071067811865473507 ) ) ;
#5316 = EDGE_CURVE ( 'NONE', #2076, #4983, #401, .T. ) ;
#5317 = CARTESIAN_POINT ( 'NONE',  ( 83.92536418632423079, 16.63888226076240073, 0.000000000000000000 ) ) ;
#5318 = CARTESIAN_POINT ( 'NONE',  ( 148.8093007644370687, -1.495975932589056034, 519.0000000000000000 ) ) ;
#5319 = ORIENTED_EDGE ( 'NONE', *, *, #1300, .T. ) ;
#5320 = DIRECTION ( 'NONE',  ( -6.378601426329706152E-17, -5.352281928482944175E-17, -1.000000000000000000 ) ) ;
#5321 = DIRECTION ( 'NONE',  ( 0.000000000000000000, -1.000000000000000000, -1.048297769837185521E-48 ) ) ;
#5322 = VECTOR ( 'NONE', #6897, 1000.000000000000114 ) ;
#5323 = PLANE ( 'NONE',  #473 ) ;
#5324 = ORIENTED_EDGE ( 'NONE', *, *, #1088, .T. ) ;
#5325 = CARTESIAN_POINT ( 'NONE',  ( 148.0602579068340390, 6.734054597800096964, 179.8757090794443059 ) ) ;
#5326 = CARTESIAN_POINT ( 'NONE',  ( 42.27366482432712758, -5.401908077968735178, 0.000000000000000000 ) ) ;
#5327 = LINE ( 'NONE', #1593, #2974 ) ;
#5328 = CARTESIAN_POINT ( 'NONE',  ( 175.8298254284281654, 2.611293425515636368, 105.0000000000000284 ) ) ;
#5329 = CARTESIAN_POINT ( 'NONE',  ( 67.44498881865484918, -4.480818540547637063, 0.000000000000000000 ) ) ;
#5330 = CARTESIAN_POINT ( 'NONE',  ( 152.0777421034211159, -1.165244497598767248, 246.4474308918468637 ) ) ;
#5331 = ORIENTED_EDGE ( 'NONE', *, *, #6534, .F. ) ;
#5332 = CARTESIAN_POINT ( 'NONE',  ( 180.7028170026716225, 1.482001608384913904, 161.0000000000001137 ) ) ;
#5333 = ORIENTED_EDGE ( 'NONE', *, *, #6179, .T. ) ;
#5334 = DIRECTION ( 'NONE',  ( 0.6427875972986036857, -0.7660444535136901045, 0.000000000000000000 ) ) ;
#5335 = CARTESIAN_POINT ( 'NONE',  ( 164.1199997434927695, -0.9336663490870151794, 0.000000000000000000 ) ) ;
#5336 = VECTOR ( 'NONE', #3669, 1000.000000000000000 ) ;
#5337 = EDGE_CURVE ( 'NONE', #5594, #50, #4204, .T. ) ;
#5338 = EDGE_LOOP ( 'NONE', ( #5312, #3289, #4665, #6946, #3552, #1427, #4926, #4594, #6603 ) ) ;
#5339 = LINE ( 'NONE', #4277, #5460 ) ;
#5340 = PLANE ( 'NONE',  #4606 ) ;
#5341 = ADVANCED_FACE ( 'NONE', ( #1357 ), #3523, .F. ) ;
#5342 = ORIENTED_EDGE ( 'NONE', *, *, #4875, .F. ) ;
#5343 = DIRECTION ( 'NONE',  ( 6.378601426329706152E-17, 5.352281928482944175E-17, 1.000000000000000000 ) ) ;
#5344 = CARTESIAN_POINT ( 'NONE',  ( 146.5281689998066383, 5.448479403202890481, 218.1406326955891188 ) ) ;
#5345 = ADVANCED_FACE ( 'NONE', ( #3957 ), #767, .T. ) ;
#5346 = DIRECTION ( 'NONE',  ( 0.4545194689124502085, -0.5416752277698733131, -0.7071067811865476838 ) ) ;
#5347 = VERTEX_POINT ( 'NONE', #839 ) ;
#5348 = DIRECTION ( 'NONE',  ( -0.9993263274973512855, -0.03670001594899838931, -0.000000000000000000 ) ) ;
#5349 = CARTESIAN_POINT ( 'NONE',  ( 74.79157597992076489, 17.01967439959732076, 0.000000000000000000 ) ) ;
#5350 = CARTESIAN_POINT ( 'NONE',  ( 147.2588551000806945, 8.460186349755719704, 103.0000000000000426 ) ) ;
#5351 = VECTOR ( 'NONE', #1225, 1000.000000000000000 ) ;
#5352 = VECTOR ( 'NONE', #5891, 1000.000000000000000 ) ;
#5353 = AXIS2_PLACEMENT_3D ( 'NONE', #6445, #3187, #1591 ) ;
#5354 = CARTESIAN_POINT ( 'NONE',  ( 76.46523789417254591, 16.95478606688891432, 0.000000000000000000 ) ) ;
#5355 = CARTESIAN_POINT ( 'NONE',  ( 132.7505040462071975, -2.085555930615234921, 519.0000000000000000 ) ) ;
#5356 = DIRECTION ( 'NONE',  ( 0.9993263274973519517, 0.03670001594897783631, 0.000000000000000000 ) ) ;
#5357 = ORIENTED_EDGE ( 'NONE', *, *, #4174, .F. ) ;
#5358 = VECTOR ( 'NONE', #5212, 1000.000000000000000 ) ;
#5359 = CARTESIAN_POINT ( 'NONE',  ( 146.4227671715806594, 8.685540128467819088, 24.13661436371942415 ) ) ;
#5360 = DIRECTION ( 'NONE',  ( 0.000000000000000000, 0.000000000000000000, 1.000000000000000000 ) ) ;
#5361 = VECTOR ( 'NONE', #1297, 1000.000000000000114 ) ;
#5362 = CARTESIAN_POINT ( 'NONE',  ( 34.97434225011095776, 138.3931575658926363, 83.53423733555089825 ) ) ;
#5363 = ORIENTED_EDGE ( 'NONE', *, *, #3632, .T. ) ;
#5364 = CARTESIAN_POINT ( 'NONE',  ( 146.4038160459663231, 8.708125201244095948, 2.000000000000000000 ) ) ;
#5365 = VECTOR ( 'NONE', #4024, 1000.000000000000000 ) ;
#5366 = CARTESIAN_POINT ( 'NONE',  ( 149.8216667555492165, -1.458782420119128176, 0.000000000000000000 ) ) ;
#5367 = CARTESIAN_POINT ( 'NONE',  ( 153.6098310104484597, 0.1203306969984919983, 169.1207854632994270 ) ) ;
#5368 = LINE ( 'NONE', #6375, #2811 ) ;
#5369 = AXIS2_PLACEMENT_3D ( 'NONE', #4253, #6433, #5893 ) ;
#5370 = CARTESIAN_POINT ( 'NONE',  ( 94.91451461309853244, -3.462919854750694970, 518.9999999999996589 ) ) ;
#5371 = CARTESIAN_POINT ( 'NONE',  ( 177.4494644663459724, 2.231636293205746746, 287.9999999999999432 ) ) ;
#5372 = ORIENTED_EDGE ( 'NONE', *, *, #4071, .F. ) ;
#5373 = CARTESIAN_POINT ( 'NONE',  ( 184.3164905826809843, -0.1919656376633245842, 45.00000000000000711 ) ) ;
#5374 = ORIENTED_EDGE ( 'NONE', *, *, #4999, .T. ) ;
#5375 = VECTOR ( 'NONE', #3710, 1000.000000000000114 ) ;
#5376 = CARTESIAN_POINT ( 'NONE',  ( 184.3164905826809843, -0.1919652221612422049, 163.0000000000000000 ) ) ;
#5377 = CARTESIAN_POINT ( 'NONE',  ( 178.7291664911655289, -0.3971518873810101491, 0.000000000000000000 ) ) ;
#5378 = ORIENTED_EDGE ( 'NONE', *, *, #3347, .T. ) ;
#5379 = FACE_BOUND ( 'NONE', #5535, .T. ) ;
#5380 = DIRECTION ( 'NONE',  ( -0.7660444535136902156, -0.6427875972986035746, 0.000000000000000000 ) ) ;
#5381 = EDGE_LOOP ( 'NONE', ( #6730, #5174, #4881, #6315 ) ) ;
#5382 = EDGE_CURVE ( 'NONE', #665, #6536, #730, .T. ) ;
#5383 = CARTESIAN_POINT ( 'NONE',  ( 146.4868934581485007, 8.609117393561016129, 93.61694367371592307 ) ) ;
#5384 = ORIENTED_EDGE ( 'NONE', *, *, #5427, .T. ) ;
#5385 = DIRECTION ( 'NONE',  ( 0.03670000350780838749, -0.9993263279542508037, 0.000000000000000000 ) ) ;
#5386 = ORIENTED_EDGE ( 'NONE', *, *, #3347, .F. ) ;
#5387 = CARTESIAN_POINT ( 'NONE',  ( 184.2981405747065082, 0.3076979415874339097, 158.0000000000000000 ) ) ;
#5388 = CARTESIAN_POINT ( 'NONE',  ( 150.0182597468836434, 7.437505460303684757, 518.9999999999994316 ) ) ;
#5389 = LINE ( 'NONE', #2271, #6559 ) ;
#5390 = VECTOR ( 'NONE', #3771, 1000.000000000000000 ) ;
#5391 = VERTEX_POINT ( 'NONE', #6180 ) ;
#5392 = ADVANCED_FACE ( 'NONE', ( #6137 ), #1399, .F. ) ;
#5393 = CARTESIAN_POINT ( 'NONE',  ( 0.7887380528272963653, 1.731182989137081130, 0.000000000000000000 ) ) ;
#5394 = DIRECTION ( 'NONE',  ( 0.000000000000000000, 0.000000000000000000, 1.000000000000000000 ) ) ;
#5395 = FACE_OUTER_BOUND ( 'NONE', #6916, .T. ) ;
#5396 = CARTESIAN_POINT ( 'NONE',  ( 152.0777421034210874, -1.165244497598723949, 89.98640020981726195 ) ) ;
#5397 = CARTESIAN_POINT ( 'NONE',  ( 184.3164905826810127, -0.1919652100024548391, 166.0000000000000284 ) ) ;
#5398 = DIRECTION ( 'NONE',  ( 0.6427875972986036857, -0.7660444535136901045, 0.000000000000000000 ) ) ;
#5399 = ORIENTED_EDGE ( 'NONE', *, *, #4159, .F. ) ;
#5400 = EDGE_CURVE ( 'NONE', #2765, #3158, #4636, .T. ) ;
#5401 = AXIS2_PLACEMENT_3D ( 'NONE', #1938, #368, #6783 ) ;
#5402 = CARTESIAN_POINT ( 'NONE',  ( 152.0777421034210590, -1.165244497598718620, 29.90350210597731717 ) ) ;
#5403 = LINE ( 'NONE', #1574, #3330 ) ;
#5404 = EDGE_CURVE ( 'NONE', #959, #6327, #2970, .T. ) ;
#5405 = CARTESIAN_POINT ( 'NONE',  ( 124.9550002288720663, -2.372072896419606725, 0.000000000000000000 ) ) ;
#5406 = CARTESIAN_POINT ( 'NONE',  ( 88.66911395920068628, 74.40221837649806957, 257.0811869321423728 ) ) ;
#5407 = CARTESIAN_POINT ( 'NONE',  ( 146.7032605048046889, 8.351261179921085187, 283.4409871955384688 ) ) ;
#5408 = DIRECTION ( 'NONE',  ( -0.4545194689124505416, 0.5416752277698733131, -0.7071067811865473507 ) ) ;
#5409 = ORIENTED_EDGE ( 'NONE', *, *, #3924, .F. ) ;
#5410 = CARTESIAN_POINT ( 'NONE',  ( 146.5281689998066383, 5.448479403202895810, 233.6925072757019848 ) ) ;
#5411 = ORIENTED_EDGE ( 'NONE', *, *, #7019, .F. ) ;
#5412 = EDGE_CURVE ( 'NONE', #6973, #3042, #3425, .T. ) ;
#5413 = ADVANCED_FACE ( 'NONE', ( #1296 ), #2935, .F. ) ;
#5414 = CARTESIAN_POINT ( 'NONE',  ( 154.7636552260520091, -0.7769490368818829928, 221.0000000000000000 ) ) ;
#5415 = CARTESIAN_POINT ( 'NONE',  ( 136.1450002849998384, -1.961064426716090159, 0.000000000000000000 ) ) ;
#5416 = VECTOR ( 'NONE', #3043, 1000.000000000000000 ) ;
#5417 = EDGE_LOOP ( 'NONE', ( #553, #5423, #651, #6206 ) ) ;
#5418 = FACE_BOUND ( 'NONE', #6681, .T. ) ;
#5419 = CARTESIAN_POINT ( 'NONE',  ( 184.3164905826809843, 0.3083716158436009547, 108.0000000000000142 ) ) ;
#5420 = VERTEX_POINT ( 'NONE', #5602 ) ;
#5421 = EDGE_CURVE ( 'NONE', #2287, #3559, #5678, .T. ) ;
#5422 = DIRECTION ( 'NONE',  ( 1.000000000000000000, 0.000000000000000000, -0.000000000000000000 ) ) ;
#5423 = ORIENTED_EDGE ( 'NONE', *, *, #5412, .F. ) ;
#5424 = CARTESIAN_POINT ( 'NONE',  ( 88.66911395920185157, 74.40221837649669112, 280.5910341644325854 ) ) ;
#5425 = ORIENTED_EDGE ( 'NONE', *, *, #2900, .F. ) ;
#5426 = DIRECTION ( 'NONE',  ( 0.000000000000000000, 0.7938448021158680534, -0.6081204076115339641 ) ) ;
#5427 = EDGE_CURVE ( 'NONE', #3037, #4521, #241, .T. ) ;
#5428 = CARTESIAN_POINT ( 'NONE',  ( 90.20120286622807271, 75.68779357109528405, 218.1406326955891188 ) ) ;
#5429 = CARTESIAN_POINT ( 'NONE',  ( 105.1625018676584489, 10.64991790990003473, 518.9999999999996589 ) ) ;
#5430 = CARTESIAN_POINT ( 'NONE',  ( 0.2369445089215563849, -6.451903118993597808, 103.0000000000000142 ) ) ;
#5431 = CARTESIAN_POINT ( 'NONE',  ( 146.5281689998066099, 5.448479403202848736, 64.47655302367236629 ) ) ;
#5432 = ORIENTED_EDGE ( 'NONE', *, *, #3640, .F. ) ;
#5433 = EDGE_CURVE ( 'NONE', #4340, #3972, #1872, .T. ) ;
#5434 = CARTESIAN_POINT ( 'NONE',  ( 16.77605407382776548, 11.16406677515033863, 0.000000000000000000 ) ) ;
#5435 = CARTESIAN_POINT ( 'NONE',  ( 186.8020647735157524, 0.04016486808356803384, 519.0000000000000000 ) ) ;
#5436 = CARTESIAN_POINT ( 'NONE',  ( 146.5281689998066668, 5.448479403202836302, 194.6307854632994179 ) ) ;
#5437 = DIRECTION ( 'NONE',  ( 1.000000000000000000, 0.000000000000000000, -0.000000000000000000 ) ) ;
#5438 = ADVANCED_FACE ( 'NONE', ( #2513 ), #1045, .T. ) ;
#5439 = DIRECTION ( 'NONE',  ( -0.6427875972986035746, 0.7660444535136902156, 6.018531076210112041E-33 ) ) ;
#5440 = CARTESIAN_POINT ( 'NONE',  ( 152.0777421034210306, -1.165244497598671547, 36.14614279309647316 ) ) ;
#5441 = DIRECTION ( 'NONE',  ( 6.378601426329706152E-17, 5.352281928482944175E-17, 1.000000000000000000 ) ) ;
#5442 = CARTESIAN_POINT ( 'NONE',  ( 148.0602579068340390, 6.734054597800090747, 121.4538633601287501 ) ) ;
#5443 = CARTESIAN_POINT ( 'NONE',  ( 121.0004298029257797, 10.51294672187981405, 519.0000000000000000 ) ) ;
#5444 = CARTESIAN_POINT ( 'NONE',  ( 152.0777421034210306, -1.165244497598677098, 17.14857848983246313 ) ) ;
#5445 = EDGE_CURVE ( 'NONE', #6571, #228, #938, .T. ) ;
#5446 = PLANE ( 'NONE',  #26 ) ;
#5447 = EDGE_CURVE ( 'NONE', #3917, #6923, #1575, .T. ) ;
#5448 = EDGE_CURVE ( 'NONE', #3852, #575, #3712, .T. ) ;
#5449 = CARTESIAN_POINT ( 'NONE',  ( 187.1542728766891344, -0.08773905617268787371, 287.9999999999997158 ) ) ;
#5450 = CARTESIAN_POINT ( 'NONE',  ( 0.7755697061579509555, 1.725372692037633771, 0.000000000000000000 ) ) ;
#5451 = EDGE_LOOP ( 'NONE', ( #6833, #6868, #4348, #6928 ) ) ;
#5452 = FACE_BOUND ( 'NONE', #4110, .T. ) ;
#5453 = ORIENTED_EDGE ( 'NONE', *, *, #4715, .F. ) ;
#5454 = DIRECTION ( 'NONE',  ( 0.000000000000000000, 0.000000000000000000, 1.000000000000000000 ) ) ;
#5455 = CARTESIAN_POINT ( 'NONE',  ( 50.35459317121714662, 16.70859599693429587, 0.000000000000000000 ) ) ;
#5456 = FACE_BOUND ( 'NONE', #5013, .T. ) ;
#5457 = FACE_OUTER_BOUND ( 'NONE', #6963, .T. ) ;
#5458 = EDGE_LOOP ( 'NONE', ( #5333, #3167, #6952, #2265 ) ) ;
#5459 = LINE ( 'NONE', #3354, #2078 ) ;
#5460 = VECTOR ( 'NONE', #51, 1000.000000000000000 ) ;
#5461 = ORIENTED_EDGE ( 'NONE', *, *, #1108, .F. ) ;
#5462 = DIRECTION ( 'NONE',  ( -0.4545194689124505416, 0.5416752277698733131, -0.7071067811865473507 ) ) ;
#5463 = EDGE_CURVE ( 'NONE', #4912, #1933, #5066, .T. ) ;
#5464 = VERTEX_POINT ( 'NONE', #5853 ) ;
#5465 = LINE ( 'NONE', #485, #3429 ) ;
#5466 = LINE ( 'NONE', #7037, #2651 ) ;
#5467 = CARTESIAN_POINT ( 'NONE',  ( 153.5357213043734532, 7.365898744728823999, 0.000000000000000000 ) ) ;
#5468 = PLANE ( 'NONE',  #2807 ) ;
#5469 = ORIENTED_EDGE ( 'NONE', *, *, #7005, .T. ) ;
#5470 = CARTESIAN_POINT ( 'NONE',  ( 3.774067576385821798, -3.806958741810412050, 0.000000000000000000 ) ) ;
#5471 = DIRECTION ( 'NONE',  ( -0.4545194689124504306, 0.5416752277698734241, 0.7071067811865473507 ) ) ;
#5472 = FACE_BOUND ( 'NONE', #2751, .T. ) ;
#5473 = DIRECTION ( 'NONE',  ( -6.378601426329706152E-17, -5.352281928482944175E-17, -1.000000000000000000 ) ) ;
#5474 = LINE ( 'NONE', #603, #2804 ) ;
#5475 = CARTESIAN_POINT ( 'NONE',  ( 148.0602579068340390, 6.734054597800102293, 233.6925072757019848 ) ) ;
#5476 = CARTESIAN_POINT ( 'NONE',  ( 124.5255202329227586, 10.31398604372556349, 519.0000000000000000 ) ) ;
#5477 = LINE ( 'NONE', #705, #3423 ) ;
#5478 = VECTOR ( 'NONE', #1466, 1000.000000000000000 ) ;
#5479 = CARTESIAN_POINT ( 'NONE',  ( 150.0182597468836434, 7.437505460303684757, 518.9999999999994316 ) ) ;
#5480 = ADVANCED_FACE ( 'NONE', ( #900 ), #3633, .T. ) ;
#5481 = AXIS2_PLACEMENT_3D ( 'NONE', #4595, #791, #5738 ) ;
#5482 = CARTESIAN_POINT ( 'NONE',  ( 152.0777421034210590, -1.165244497598712403, 117.3325430165691188 ) ) ;
#5483 = DIRECTION ( 'NONE',  ( 0.000000000000000000, 0.7938448021158674983, -0.6081204076115347412 ) ) ;
#5484 = ORIENTED_EDGE ( 'NONE', *, *, #4561, .F. ) ;
#5485 = CARTESIAN_POINT ( 'NONE',  ( 146.5811647339975821, 8.496769258199757147, 183.9087787496236217 ) ) ;
#5486 = ORIENTED_EDGE ( 'NONE', *, *, #4864, .T. ) ;
#5487 = MECHANICAL_DESIGN_GEOMETRIC_PRESENTATION_REPRESENTATION (  '', ( #2978 ), #2871 ) ;
#5488 = VECTOR ( 'NONE', #1227, 1000.000000000000114 ) ;
#5489 = CARTESIAN_POINT ( 'NONE',  ( 154.7820051982125449, -1.276612148293300830, 24.86339445954305205 ) ) ;
#5490 = EDGE_CURVE ( 'NONE', #2329, #4732, #5814, .T. ) ;
#5491 = VECTOR ( 'NONE', #6215, 1000.000000000000000 ) ;
#5492 = CARTESIAN_POINT ( 'NONE',  ( 93.25132541454058810, 16.02160686007308144, 0.000000000000000000 ) ) ;
#5493 = VECTOR ( 'NONE', #5874, 1000.000000000000000 ) ;
#5494 = VERTEX_POINT ( 'NONE', #1007 ) ;
#5495 = VECTOR ( 'NONE', #5343, 1000.000000000000000 ) ;
#5496 = FACE_BOUND ( 'NONE', #6260, .T. ) ;
#5497 = LINE ( 'NONE', #6773, #6876 ) ;
#5498 = ORIENTED_EDGE ( 'NONE', *, *, #5519, .T. ) ;
#5499 = EDGE_CURVE ( 'NONE', #1356, #5783, #3675, .T. ) ;
#5500 = FACE_OUTER_BOUND ( 'NONE', #231, .T. ) ;
#5501 = ORIENTED_EDGE ( 'NONE', *, *, #2567, .T. ) ;
#5502 = LINE ( 'NONE', #2799, #4335 ) ;
#5503 = ORIENTED_EDGE ( 'NONE', *, *, #2421, .T. ) ;
#5504 = CARTESIAN_POINT ( 'NONE',  ( 90.20800490987716103, 9.464637445143399219, 518.9999999999997726 ) ) ;
#5505 = CARTESIAN_POINT ( 'NONE',  ( 156.0159574520017429, 6.819189305189749639, 103.0000000000000426 ) ) ;
#5506 = ORIENTED_EDGE ( 'NONE', *, *, #6935, .T. ) ;
#5507 = CARTESIAN_POINT ( 'NONE',  ( 54.08479274718764174, 16.85467274745244382, 0.000000000000000000 ) ) ;
#5508 = CARTESIAN_POINT ( 'NONE',  ( 186.2145478113368426, -0.1222544412103101219, 519.0000000000000000 ) ) ;
#5509 = DIRECTION ( 'NONE',  ( -0.4545194689124502085, 0.5416752277698729801, -0.7071067811865477948 ) ) ;
#5510 = FACE_BOUND ( 'NONE', #5654, .T. ) ;
#5511 = AXIS2_PLACEMENT_3D ( 'NONE', #3663, #1486, #3734 ) ;
#5512 = DIRECTION ( 'NONE',  ( 0.000000000000000000, 0.000000000000000000, 1.000000000000000000 ) ) ;
#5513 = CARTESIAN_POINT ( 'NONE',  ( 146.5281689998066099, 5.448479403202883375, -9.804599309964982597E-15 ) ) ;
#5514 = DIRECTION ( 'NONE',  ( 0.7660444535136902156, 0.6427875972986035746, 0.000000000000000000 ) ) ;
#5515 = CARTESIAN_POINT ( 'NONE',  ( 182.6895312951374990, 1.010606275237481366, 519.0000000000000000 ) ) ;
#5516 = FACE_OUTER_BOUND ( 'NONE', #4466, .T. ) ;
#5517 = CARTESIAN_POINT ( 'NONE',  ( 170.9373376840955530, 3.615633251725562491, 518.9999999999998863 ) ) ;
#5518 = CARTESIAN_POINT ( 'NONE',  ( 146.6303774828396911, 8.438119786039575132, 226.0000000000000000 ) ) ;
#5519 = EDGE_CURVE ( 'NONE', #1480, #5925, #3139, .T. ) ;
#5520 = CARTESIAN_POINT ( 'NONE',  ( 0.1908648120222380395, -1.166401211495514678, 0.000000000000000000 ) ) ;
#5521 = CARTESIAN_POINT ( 'NONE',  ( 176.8830333274020461, 2.364412558057292113, 224.0000000000001705 ) ) ;
#5522 = ORIENTED_EDGE ( 'NONE', *, *, #3535, .T. ) ;
#5523 = CARTESIAN_POINT ( 'NONE',  ( 184.3164905826809843, -0.1919656376633245842, 50.00000000000000000 ) ) ;
#5524 = ORIENTED_EDGE ( 'NONE', *, *, #2604, .T. ) ;
#5525 = DIRECTION ( 'NONE',  ( 0.000000000000000000, -0.000000000000000000, 1.000000000000000000 ) ) ;
#5526 = CARTESIAN_POINT ( 'NONE',  ( 39.16298597586779806, 15.87654429992619853, 0.000000000000000000 ) ) ;
#5527 = AXIS2_PLACEMENT_3D ( 'NONE', #6072, #3983, #1244 ) ;
#5528 = VERTEX_POINT ( 'NONE', #6389 ) ;
#5529 = EDGE_CURVE ( 'NONE', #2258, #1219, #5310, .T. ) ;
#5530 = LINE ( 'NONE', #4551, #6316 ) ;
#5531 = VERTEX_POINT ( 'NONE', #4135 ) ;
#5532 = CARTESIAN_POINT ( 'NONE',  ( 186.5000000000000000, 0.1117699999999999944, 0.000000000000000000 ) ) ;
#5533 = ORIENTED_EDGE ( 'NONE', *, *, #906, .T. ) ;
#5534 = CARTESIAN_POINT ( 'NONE',  ( 92.06402861029685880, 9.742231251469100073, 519.0000000000001137 ) ) ;
#5535 = EDGE_LOOP ( 'NONE', ( #3928, #5384, #541 ) ) ;
#5536 = PLANE ( 'NONE',  #371 ) ;
#5537 = EDGE_CURVE ( 'NONE', #4541, #6417, #5923, .T. ) ;
#5538 = LINE ( 'NONE', #130, #2057 ) ;
#5539 = CARTESIAN_POINT ( 'NONE',  ( 152.0777421034210590, -1.165244497598718176, 8.514975219832457753 ) ) ;
#5540 = AXIS2_PLACEMENT_3D ( 'NONE', #2348, #4478, #3541 ) ;
#5541 = ORIENTED_EDGE ( 'NONE', *, *, #4735, .F. ) ;
#5542 = DIRECTION ( 'NONE',  ( -6.378601426329706152E-17, -5.352281928482944175E-17, -1.000000000000000000 ) ) ;
#5543 = DIRECTION ( 'NONE',  ( 0.000000000000000000, 0.000000000000000000, 1.000000000000000000 ) ) ;
#5544 = CARTESIAN_POINT ( 'NONE',  ( 146.5281689998066383, 5.448479403202865612, 196.7521058068590207 ) ) ;
#5545 = DIRECTION ( 'NONE',  ( 0.7660444535136902156, 0.6427875972986035746, -0.000000000000000000 ) ) ;
#5546 = CARTESIAN_POINT ( 'NONE',  ( 130.0093670024187702, 9.901274181003786978, 519.0000000000000000 ) ) ;
#5547 = CARTESIAN_POINT ( 'NONE',  ( 154.7820050332038591, -1.276611951643604081, 107.7060122252419347 ) ) ;
#5548 = CARTESIAN_POINT ( 'NONE',  ( 145.7318967508189758, 8.843203441691455780, 0.000000000000000000 ) ) ;
#5549 = CARTESIAN_POINT ( 'NONE',  ( 152.0777421034210874, -1.165244497598711737, 87.98640020981726195 ) ) ;
#5550 = EDGE_CURVE ( 'NONE', #662, #2822, #5203, .T. ) ;
#5551 = CARTESIAN_POINT ( 'NONE',  ( 75.22738630122307768, -3.102492352584582669, 519.0000000000007958 ) ) ;
#5552 = ORIENTED_EDGE ( 'NONE', *, *, #3615, .F. ) ;
#5553 = FACE_OUTER_BOUND ( 'NONE', #4053, .T. ) ;
#5554 = ORIENTED_EDGE ( 'NONE', *, *, #660, .F. ) ;
#5555 = CARTESIAN_POINT ( 'NONE',  ( 148.0602579068340106, 6.734054597800094299, 10.63629556339205884 ) ) ;
#5556 = CARTESIAN_POINT ( 'NONE',  ( 54.08479274718764174, 16.85467274745244382, 0.000000000000000000 ) ) ;
#5557 = EDGE_LOOP ( 'NONE', ( #2181, #122, #6642, #6402 ) ) ;
#5558 = CARTESIAN_POINT ( 'NONE',  ( 184.3164905826809843, -0.1919649274716477561, 232.2606149048790201 ) ) ;
#5559 = ADVANCED_FACE ( 'NONE', ( #5781 ), #408, .T. ) ;
#5560 = ORIENTED_EDGE ( 'NONE', *, *, #178, .T. ) ;
#5561 = CARTESIAN_POINT ( 'NONE',  ( 152.0777421034211159, -1.165244497598732609, 271.9574308918468546 ) ) ;
#5562 = EDGE_LOOP ( 'NONE', ( #1270, #809, #2388, #2260, #4722, #1111 ) ) ;
#5563 = CARTESIAN_POINT ( 'NONE',  ( 86.69350627748987392, 16.49372675104632435, 0.000000000000000000 ) ) ;
#5564 = ORIENTED_EDGE ( 'NONE', *, *, #2002, .F. ) ;
#5565 = CARTESIAN_POINT ( 'NONE',  ( 141.7227456530524137, 14.28680784239818458, 226.0000000000000000 ) ) ;
#5566 = EDGE_CURVE ( 'NONE', #789, #1832, #6352, .T. ) ;
#5567 = LINE ( 'NONE', #3418, #1021 ) ;
#5568 = CARTESIAN_POINT ( 'NONE',  ( 153.6098310104485165, 0.1203306969984885288, 203.2643887358846655 ) ) ;
#5569 = EDGE_LOOP ( 'NONE', ( #1950, #1849, #6242, #4592 ) ) ;
#5570 = B_SPLINE_CURVE_WITH_KNOTS ( 'NONE', 3,
 ( #3588, #3448, #6203, #6743, #5701, #828 ),
 .UNSPECIFIED., .F., .F.,
 ( 4, 1, 1, 4 ),
 ( 2.777468022149870801E-17, 0.009710387139035265083, 0.02160691624199560790, 0.02955439527051898635 ),
 .UNSPECIFIED. ) ;
#5571 = CARTESIAN_POINT ( 'NONE',  ( 101.8465120124543830, 61.80945410342379631, -18.11688525909213965 ) ) ;
#5572 = CARTESIAN_POINT ( 'NONE',  ( 111.7920803194954260, -2.853370928900184733, 519.0000000000007958 ) ) ;
#5573 = DIRECTION ( 'NONE',  ( 6.378601426329706152E-17, 5.352281928482944175E-17, 1.000000000000000000 ) ) ;
#5574 = CARTESIAN_POINT ( 'NONE',  ( 133.9258913677633132, 9.533265865795689464, 519.0000000000000000 ) ) ;
#5575 = DIRECTION ( 'NONE',  ( 0.000000000000000000, 0.000000000000000000, 1.000000000000000000 ) ) ;
#5576 = CARTESIAN_POINT ( 'NONE',  ( 128.1172092340753181, 11.85294538704665612, 0.000000000000000000 ) ) ;
#5577 = CARTESIAN_POINT ( 'NONE',  ( 174.7807451246909807, -0.5421507507284979432, 102.9999999999999574 ) ) ;
#5578 = ORIENTED_EDGE ( 'NONE', *, *, #5650, .F. ) ;
#5579 = DIRECTION ( 'NONE',  ( 0.000000000000000000, 1.000000000000000000, 0.000000000000000000 ) ) ;
#5580 = ORIENTED_EDGE ( 'NONE', *, *, #5683, .F. ) ;
#5581 = VECTOR ( 'NONE', #4539, 1000.000000000000000 ) ;
#5582 = CARTESIAN_POINT ( 'NONE',  ( 154.7820051654865381, -1.276612109291985764, 34.93169722977152958 ) ) ;
#5583 = CARTESIAN_POINT ( 'NONE',  ( 106.9280585982023126, 14.71782186095644107, 0.000000000000000000 ) ) ;
#5584 = VECTOR ( 'NONE', #75, 1000.000000000000114 ) ;
#5585 = PLANE ( 'NONE',  #1851 ) ;
#5586 = ORIENTED_EDGE ( 'NONE', *, *, #3991, .F. ) ;
#5587 = VECTOR ( 'NONE', #3121, 1000.000000000000114 ) ;
#5588 = FACE_OUTER_BOUND ( 'NONE', #5190, .T. ) ;
#5589 = VERTEX_POINT ( 'NONE', #2577 ) ;
#5590 = CARTESIAN_POINT ( 'NONE',  ( 146.5281689998066099, 5.448479403202883375, -9.804599309964982597E-15 ) ) ;
#5591 = EDGE_CURVE ( 'NONE', #4387, #97, #4743, .T. ) ;
#5592 = VERTEX_POINT ( 'NONE', #2613 ) ;
#5593 = VECTOR ( 'NONE', #2268, 1000.000000000000000 ) ;
#5594 = VERTEX_POINT ( 'NONE', #6960 ) ;
#5595 = LINE ( 'NONE', #5130, #1053 ) ;
#5596 = LINE ( 'NONE', #693, #3514 ) ;
#5597 = DIRECTION ( 'NONE',  ( 0.4545194689124499310, -0.5416752277698728690, -0.7071067811865481278 ) ) ;
#5598 = CARTESIAN_POINT ( 'NONE',  ( 150.8265879285478661, 3.437270747849927144, 94.31635787172228902 ) ) ;
#5599 = CARTESIAN_POINT ( 'NONE',  ( 174.9594754620805190, 2.803664395416862298, 50.00000000000002132 ) ) ;
#5600 = EDGE_CURVE ( 'NONE', #3452, #6285, #2093, .T. ) ;
#5601 = EDGE_LOOP ( 'NONE', ( #6193, #2893, #5757 ) ) ;
#5602 = CARTESIAN_POINT ( 'NONE',  ( 146.6303774828396911, 8.438119786039575132, 226.0000000000000000 ) ) ;
#5603 = PLANE ( 'NONE',  #366 ) ;
#5604 = CARTESIAN_POINT ( 'NONE',  ( 81.78085237728588197, -3.513059356169516256, 519.0000000000005684 ) ) ;
#5605 = DIRECTION ( 'NONE',  ( 0.000000000000000000, 0.000000000000000000, -1.000000000000000000 ) ) ;
#5606 = EDGE_CURVE ( 'NONE', #6417, #6801, #2148, .T. ) ;
#5607 = EDGE_CURVE ( 'NONE', #6571, #2253, #2748, .T. ) ;
#5608 = DIRECTION ( 'NONE',  ( 0.000000000000000000, 0.7938448021158684975, 0.6081204076115334090 ) ) ;
#5609 = CARTESIAN_POINT ( 'NONE',  ( 91.62254052341489796, 9.675587146973608554, 519.0000000000000000 ) ) ;
#5610 = CARTESIAN_POINT ( 'NONE',  ( 0.2369446264043124084, -6.451904643693847419, 161.0000000000000000 ) ) ;
#5611 = PLANE ( 'NONE',  #1724 ) ;
#5612 = ORIENTED_EDGE ( 'NONE', *, *, #3109, .T. ) ;
#5613 = DIRECTION ( 'NONE',  ( 1.000000000000000000, 0.000000000000000000, -0.000000000000000000 ) ) ;
#5614 = LINE ( 'NONE', #1207, #3212 ) ;
#5615 = ORIENTED_EDGE ( 'NONE', *, *, #6919, .T. ) ;
#5616 = LINE ( 'NONE', #744, #2786 ) ;
#5617 = VECTOR ( 'NONE', #958, 1000.000000000000000 ) ;
#5618 = ORIENTED_EDGE ( 'NONE', *, *, #5404, .T. ) ;
#5619 = EDGE_CURVE ( 'NONE', #1141, #789, #4806, .T. ) ;
#5620 = CARTESIAN_POINT ( 'NONE',  ( 148.0602579068339821, 6.734054597800125386, 190.5093123520296103 ) ) ;
#5621 = CARTESIAN_POINT ( 'NONE',  ( 13.05347065296971110, -5.206568811462167545, 0.000000000000000000 ) ) ;
#5622 = B_SPLINE_CURVE_WITH_KNOTS ( 'NONE', 3,
 ( #184, #650, #2350, #2821, #217, #4380, #6562, #1676, #5485, #3309, #616, #2785, #83 ),
 .UNSPECIFIED., .F., .F.,
 ( 4, 3, 3, 3, 4 ),
 ( 0.000000000000000000, 0.002559018337883973114, 0.01279509169188868499, 0.05373938525118885506, 0.06100009664002515458 ),
 .UNSPECIFIED. ) ;
#5623 = CARTESIAN_POINT ( 'NONE',  ( 179.5089322577574080, -33.85646498679395222, 141.3216724783158327 ) ) ;
#5624 = EDGE_CURVE ( 'NONE', #1295, #6268, #1027, .T. ) ;
#5625 = ORIENTED_EDGE ( 'NONE', *, *, #2372, .T. ) ;
#5626 = LINE ( 'NONE', #91, #5746 ) ;
#5627 = ORIENTED_EDGE ( 'NONE', *, *, #572, .F. ) ;
#5628 = FACE_OUTER_BOUND ( 'NONE', #1442, .T. ) ;
#5629 = AXIS2_PLACEMENT_3D ( 'NONE', #1606, #3781, #548 ) ;
#5630 = CARTESIAN_POINT ( 'NONE',  ( 9.314897154339250918, 8.257678079015390082, 0.000000000000000000 ) ) ;
#5631 = ORIENTED_EDGE ( 'NONE', *, *, #7010, .T. ) ;
#5632 = ORIENTED_EDGE ( 'NONE', *, *, #2017, .F. ) ;
#5633 = CARTESIAN_POINT ( 'NONE',  ( 88.66911395920068628, 74.40221837649806957, 157.7187869762735488 ) ) ;
#5634 = CARTESIAN_POINT ( 'NONE',  ( 146.5281689998066383, 5.448479403202890481, 205.3857090794443252 ) ) ;
#5635 = DIRECTION ( 'NONE',  ( 6.378601426329706152E-17, 5.352281928482944175E-17, 1.000000000000000000 ) ) ;
#5636 = CARTESIAN_POINT ( 'NONE',  ( 154.7820050310701561, -1.276611949100801890, 114.5300611262096737 ) ) ;
#5637 = ORIENTED_EDGE ( 'NONE', *, *, #6978, .F. ) ;
#5638 = AXIS2_PLACEMENT_3D ( 'NONE', #6042, #65, #556 ) ;
#5639 = EDGE_CURVE ( 'NONE', #591, #228, #1633, .T. ) ;
#5640 = DIRECTION ( 'NONE',  ( 1.000000000000000000, 0.000000000000000000, -0.000000000000000000 ) ) ;
#5641 = VECTOR ( 'NONE', #540, 1000.000000000000000 ) ;
#5642 = ADVANCED_FACE ( 'NONE', ( #6023 ), #6984, .T. ) ;
#5643 = B_SPLINE_CURVE_WITH_KNOTS ( 'NONE', 3,
 ( #2186, #1639, #3096, #4814, #2643, #5264, #399, #2603, #2569, #4737, #4772, #6950, #4242, #3885, #87, #5016, #1182, #4384, #4951, #4517, #6565, #6671, #3405, #1816, #119, #4985, #2292, #1716, #155, #2221, #2328, #6639, #4486, #1680, #1789, #3950, #3920, #6124, #1242, #5583, #3312, #5050, #2753, #715, #579, #5492, #3980, #2886, #188, #2356, #4917, #621, #6029, #4450, #1757, #6099, #3377, #2789, #6705, #2257, #3848, #2852, #49, #1110, #5556, #6067, #5455, #3279, #4423, #6602, #3350, #1146, #5526, #653, #2824, #1213, #683, #5187, #5156, #4117, #1381, #4048, #1925, #6835, #1960, #1415, #1312, #2391, #885, #6300, #3581, #222, #4622, #783, #2950, #6158, #5221, #349, #1347, #4080, #2430, #291, #5730, #5117, #853, #3050, #3477, #3019, #5084, #321, #3549, #6769, #3442, #1281, #256, #4587, #5659, #1855, #6196, #1888, #5763, #2498, #2530, #4651, #5694, #4546, #4693, #6230, #6873, #3511, #1995, #818, #5621, #749, #6735, #4013, #6265, #2988, #2466, #6803, #2918, #990, #2561, #6909, #5871, #5326, #1559, #1449, #2031, #3155, #2674, #5948, #4267, #458, #3086, #918, #3729, #4192, #5905, #6481, #7017, #2594, #3655, #1064, #5258, #2068, #4841, #1023, #1592, #5291, #6373, #2143, #3233, #2630, #4801, #424, #2709, #5405, #1482, #3763, #4231, #390, #4727, #3189, #4762, #5837, #4301, #538, #5366, #4873, #953, #2, #4154, #6335, #3618, #6980, #2112, #6446, #6943, #502, #3120, #5797, #6410, #1522, #3691, #2813, #2843 ),
 .UNSPECIFIED., .F., .F.,
 ( 4, 1, 1, 1, 1, 1, 1, 1, 1, 1, 1, 1, 1, 1, 1, 1, 1, 1, 1, 1, 1, 1, 1, 1, 1, 1, 1, 1, 1, 1, 1, 1, 1, 1, 1, 1, 1, 1, 1, 1, 1, 1, 1, 1, 1, 1, 1, 1, 1, 1, 1, 1, 1, 1, 1, 1, 1, 1, 1, 1, 1, 1, 1, 1, 1, 1, 1, 1, 1, 1, 1, 1, 1, 1, 1, 1, 1, 1, 1, 1, 1, 1, 1, 1, 1, 1, 1, 1, 1, 1, 1, 1, 1, 1, 1, 1, 1, 1, 1, 1, 1, 1, 1, 1, 1, 1, 1, 1, 1, 1, 1, 1, 1, 1, 1, 1, 1, 1, 1, 1, 1, 1, 1, 1, 1, 1, 1, 1, 1, 1, 1, 1, 1, 1, 1, 1, 1, 1, 1, 1, 1, 1, 1, 1, 1, 1, 1, 1, 1, 1, 1, 1, 1, 1, 1, 1, 1, 1, 1, 1, 1, 1, 1, 1, 1, 1, 1, 1, 1, 1, 1, 1, 1, 1, 1, 1, 1, 1, 1, 1, 1, 1, 1, 1, 1, 1, 1, 1, 1, 1, 1, 1, 1, 1, 1, 1, 1, 1, 1, 1, 1, 1, 1, 1, 4 ),
 ( 0.000000000000000000, 0.005027579216848870360, 0.007541082358484186947, 0.01005457242472231234, 0.01256744431269664342, 0.01508030713330505909, 0.01759223862063014412, 0.02010415579391899160, 0.02512403019227490986, 0.03014389165204229767, 0.03515785292094190939, 0.04017180779899999499, 0.05018861634104948566, 0.06019502439212026657, 0.07019112304066744967, 0.08516439965241145993, 0.09015198858071628296, 0.09513433338289842278, 0.1001166677086819806, 0.1050937675239287800, 0.1100708790877491378, 0.1150428350425547336, 0.1200147964111807353, 0.1249817050087147635, 0.1349105930250104890, 0.1398725763053449977, 0.1448297689298276569, 0.1497869349841448317, 0.1547393953712030146, 0.1596918564957973963, 0.1646394355077178129, 0.1695870045325187370, 0.1745294829934305181, 0.1794719693970697194, 0.1844092164523681299, 0.1893464719892944959, 0.1992103785558749507, 0.2041370511378983732, 0.2139854145339817049, 0.2189071229036504140, 0.2238242012324627439, 0.2287412778734525809, 0.2336541330764510538, 0.2385669632939287632, 0.2483849371397243988, 0.2581959108766988531, 0.2630981236145729096, 0.2680003254353096054, 0.2728995100449082001, 0.2777986747213476160, 0.2826951940546270636, 0.2875917063246218319, 0.2924860631094937102, 0.2973804326390905861, 0.3071661741720163041, 0.3120583576282385252, 0.3169505469398637421, 0.3218427490261219215, 0.3267349488018431725, 0.3316276876956982811, 0.3365204417878524534, 0.3414141105547633948, 0.3463077809144370356, 0.3512027235858669050, 0.3560976378871105186, 0.3609949257513951348, 0.3658921867222564295, 0.3707939341935646005, 0.3756956843527919365, 0.3806052380776939192, 0.3855148200083032828, 0.3904372033518798135, 0.3953595348030058410, 0.4003012483294876578, 0.4052429884520616921, 0.4102094991510428224, 0.4151760003021921497, 0.4201717130615482687, 0.4251673962931984407, 0.4301994693558904292, 0.4352315924189654739, 0.4403136625792506975, 0.4453955687244731676, 0.4505447392854423083, 0.4556943742191915114, 0.4609352001239701013, 0.4661752236368338354, 0.4688558995627764014, 0.4715365458776992202, 0.4742878236812075321, 0.4770392569342619682, 0.4799060564023177045, 0.4827728139695170451, 0.4858538841006949105, 0.4889343143068846098, 0.4916193520804431616, 0.4943049103649858056, 0.4957100975466200432, 0.4971153668954162996, 0.4986467582829344214, 0.5001775813167267382, 0.5010849404977270050, 0.5019920023862676217, 0.5025558649890720098, 0.5031194903398201745, 0.5034804290636593072, 0.5038414526865889753, 0.5044269223427354509, 0.5050129009974141381, 0.5061682757652695708, 0.5073235069872933378, 0.5076580746689920431, 0.5079922781127018672, 0.5085109648004720873, 0.5090300004263547118, 0.5098526054286940390, 0.5106756002688621621, 0.5120216574410966226, 0.5133689093139228721, 0.5145490573390292255, 0.5157279886934792446, 0.5178454967361779682, 0.5199679029418199372, 0.5224806839939261094, 0.5249927929493788392, 0.5274835438728434633, 0.5299739229326682066, 0.5324482833303607610, 0.5349228304471892459, 0.5373832951691674964, 0.5398437417958841245, 0.5447465455671146595, 0.5496500262929494562, 0.5545474768899836260, 0.5594446108356625480, 0.5643387911202782936, 0.5692330735290141996, 0.5741256743479795643, 0.5839103732904274979, 0.5888025099571129184, 0.5936948870921310295, 0.6034802570695237955, 0.6083732629279983151, 0.6132670174491504644, 0.6181607888084421631, 0.6328448977697437305, 0.6377400048144529210, 0.6475310188594384231, 0.6524266639442962701, 0.6573223070325384665, 0.6720088366686755021, 0.6866949943413086510, 0.6964856408231802076, 0.7013809593034652234, 0.7111716334332569556, 0.7160669967857112850, 0.7209623754845436716, 0.7258577676409336821, 0.7307531674997088667, 0.7356485760344052549, 0.7405439893939705920, 0.7454394056501415511, 0.7503348219063126212, 0.7552302362312728334, 0.7601256438014164507, 0.7699164473735281566, 0.7748118433799877636, 0.7797072374611319079, 0.7846026286553553497, 0.7894980198495789026, 0.7943934100817763300, 0.8041841905461709628, 0.8090795817403945156, 0.8139749748590914269, 0.8286611590276989903, 0.8335565540714305888, 0.8384519510407586473, 0.8433473489730952677, 0.8482427449795548746, 0.8580335369924741995, 0.8629289329989339175, 0.8678243280426656270, 0.8727197240491252339, 0.8776151190928569434, 0.8874059091803203625, 0.8923013042240519610, 0.8971967002305117900, 0.9020920952742434995, 0.9118828853617069186, 0.9167782804054386281, 0.9216736764118982350, 0.9265690714556299445, 0.9314644664993616541, 0.9363598615430933636, 0.9412552575495530816, 0.9461506525932847911, 0.9559414426807482101, 0.9608368377244799197, 0.9657322337309395266, 0.9755230238184029457, 0.9804184188621346552, 0.9853138129432787995, 0.9877615099838508161, 0.9926569059903105341, 1.000000000000000000 ),
 .UNSPECIFIED. ) ;
#5644 = CARTESIAN_POINT ( 'NONE',  ( 108.0415569442980370, -2.990350536204047671, 518.9999999999996589 ) ) ;
#5645 = DIRECTION ( 'NONE',  ( 0.2306599895875627027, 0.9730344131650563444, 2.358140146996738124E-18 ) ) ;
#5646 = VECTOR ( 'NONE', #2241, 1000.000000000000000 ) ;
#5647 = CARTESIAN_POINT ( 'NONE',  ( 36.50643115713833708, 139.6787327604898508, 83.53423733555089825 ) ) ;
#5648 = CARTESIAN_POINT ( 'NONE',  ( 69.42146626968852274, 0.4230602576368995282, 519.0000000000000000 ) ) ;
#5649 = PLANE ( 'NONE',  #5939 ) ;
#5650 = EDGE_CURVE ( 'NONE', #6343, #689, #2783, .T. ) ;
#5651 = DIRECTION ( 'NONE',  ( 0.7660444535136902156, 0.6427875972986035746, -0.000000000000000000 ) ) ;
#5652 = ORIENTED_EDGE ( 'NONE', *, *, #6147, .F. ) ;
#5653 = CARTESIAN_POINT ( 'NONE',  ( 0.000000000000000000, 0.000000000000000000, 166.0000000000000000 ) ) ;
#5654 = EDGE_LOOP ( 'NONE', ( #2573, #743, #4711 ) ) ;
#5655 = LINE ( 'NONE', #5760, #513 ) ;
#5656 = ORIENTED_EDGE ( 'NONE', *, *, #4228, .F. ) ;
#5657 = CARTESIAN_POINT ( 'NONE',  ( 152.0777421034210874, -1.165244497598656226, 132.2087869762735579 ) ) ;
#5658 = EDGE_CURVE ( 'NONE', #1480, #4981, #2115, .T. ) ;
#5659 = CARTESIAN_POINT ( 'NONE',  ( 0.5460460781586984336, -1.718682563007690955, 0.000000000000000000 ) ) ;
#5660 = EDGE_CURVE ( 'NONE', #3522, #5494, #239, .T. ) ;
#5661 = B_SPLINE_CURVE_WITH_KNOTS ( 'NONE', 3,
 ( #6411, #1523, #5872, #3156, #2631, #6981, #4268, #6447, #6493, #2122 ),
 .UNSPECIFIED., .F., .F.,
 ( 4, 3, 3, 4 ),
 ( 0.003000000000000030420, 0.01279509168931461383, 0.05373938509512110606, 0.05799999999999998906 ),
 .UNSPECIFIED. ) ;
#5662 = LINE ( 'NONE', #854, #6069 ) ;
#5663 = CARTESIAN_POINT ( 'NONE',  ( 109.1143167513361050, -2.953682490736255328, 0.000000000000000000 ) ) ;
#5664 = VERTEX_POINT ( 'NONE', #3437 ) ;
#5665 = DIRECTION ( 'NONE',  ( -6.378601426329706152E-17, -5.352281928482944175E-17, -1.000000000000000000 ) ) ;
#5666 = VERTEX_POINT ( 'NONE', #3944 ) ;
#5667 = CARTESIAN_POINT ( 'NONE',  ( 146.5281689998066383, 5.448479403202876270, 132.2087869762735579 ) ) ;
#5668 = CARTESIAN_POINT ( 'NONE',  ( 31.70506465315576961, -5.629485062380171101, 0.000000000000000000 ) ) ;
#5669 = EDGE_CURVE ( 'NONE', #5058, #4541, #1710, .T. ) ;
#5670 = ORIENTED_EDGE ( 'NONE', *, *, #6880, .F. ) ;
#5671 = VERTEX_POINT ( 'NONE', #1273 ) ;
#5672 = CARTESIAN_POINT ( 'NONE',  ( 90.20120286622798744, 75.68779357109535511, 64.47655302367222419 ) ) ;
#5673 = CARTESIAN_POINT ( 'NONE',  ( 152.0777421025901788, -1.165244496608496938, -9.804599309964982597E-15 ) ) ;
#5674 = CARTESIAN_POINT ( 'NONE',  ( 153.6098310104484597, 0.1203306969984885288, -9.804599309964982597E-15 ) ) ;
#5675 = CARTESIAN_POINT ( 'NONE',  ( 152.0777421034210590, -1.165244497598704854, 207.3857090794443252 ) ) ;
#5676 = ORIENTED_EDGE ( 'NONE', *, *, #5433, .F. ) ;
#5677 = EDGE_CURVE ( 'NONE', #5171, #2225, #4480, .T. ) ;
#5678 = LINE ( 'NONE', #2373, #3893 ) ;
#5679 = CARTESIAN_POINT ( 'NONE',  ( 88.66911395920068628, 74.40221837649806957, 146.9638633601287552 ) ) ;
#5680 = CARTESIAN_POINT ( 'NONE',  ( 89.28620356328218577, -3.578507280098233156, 519.0000000000001137 ) ) ;
#5681 = CARTESIAN_POINT ( 'NONE',  ( 152.0777421034210874, -1.165244497598746376, -9.804599309964982597E-15 ) ) ;
#5682 = LINE ( 'NONE', #2378, #4568 ) ;
#5683 = EDGE_CURVE ( 'NONE', #5171, #2853, #3913, .T. ) ;
#5684 = CARTESIAN_POINT ( 'NONE',  ( 85.74561372473458221, 8.601184727233750493, 519.0000000000000000 ) ) ;
#5685 = CARTESIAN_POINT ( 'NONE',  ( 141.7227456530524137, 14.28680784239818458, 103.0000000000000142 ) ) ;
#5686 = AXIS2_PLACEMENT_3D ( 'NONE', #5030, #2834, #6683 ) ;
#5687 = EDGE_LOOP ( 'NONE', ( #6276, #3413, #1992 ) ) ;
#5688 = CARTESIAN_POINT ( 'NONE',  ( 152.0777421034210590, -1.165244497598718620, -9.804599309964982597E-15 ) ) ;
#5689 = CARTESIAN_POINT ( 'NONE',  ( 17.25584284455819173, 11.31702282621730760, 0.000000000000000000 ) ) ;
#5690 = ORIENTED_EDGE ( 'NONE', *, *, #588, .T. ) ;
#5691 = DIRECTION ( 'NONE',  ( 0.9993263279542508037, 0.03670000350780839443, 0.000000000000000000 ) ) ;
#5692 = ORIENTED_EDGE ( 'NONE', *, *, #6068, .F. ) ;
#5693 = FACE_OUTER_BOUND ( 'NONE', #866, .T. ) ;
#5694 = CARTESIAN_POINT ( 'NONE',  ( 4.655900333956482839, -4.027682162981619740, 0.000000000000000000 ) ) ;
#5695 = DIRECTION ( 'NONE',  ( 0.9993263269200404197, 0.03670003166892941981, 0.000000000000000000 ) ) ;
#5696 = CARTESIAN_POINT ( 'NONE',  ( 91.25609223061394459, -3.609783266169426241, 0.000000000000000000 ) ) ;
#5697 = EDGE_LOOP ( 'NONE', ( #6648, #2267, #4009, #438 ) ) ;
#5698 = CARTESIAN_POINT ( 'NONE',  ( 146.5281689998066383, 5.448479403202869165, 77.23147659367238305 ) ) ;
#5699 = ORIENTED_EDGE ( 'NONE', *, *, #5265, .T. ) ;
#5700 = VECTOR ( 'NONE', #5924, 1000.000000000000000 ) ;
#5701 = CARTESIAN_POINT ( 'NONE',  ( 157.4293812278781672, -1.179387869785034182, 2.000000000000018208 ) ) ;
#5702 = CARTESIAN_POINT ( 'NONE',  ( 108.1700000377459077, -2.988331028486987062, 0.000000000000000000 ) ) ;
#5703 = VERTEX_POINT ( 'NONE', #114 ) ;
#5704 = VECTOR ( 'NONE', #3148, 999.9999999999998863 ) ;
#5705 = CARTESIAN_POINT ( 'NONE',  ( 148.0602579068340106, 6.734054597800090747, -9.804599309964982597E-15 ) ) ;
#5706 = LINE ( 'NONE', #5168, #2176 ) ;
#5707 = VECTOR ( 'NONE', #927, 1000.000000000000000 ) ;
#5708 = FACE_OUTER_BOUND ( 'NONE', #400, .T. ) ;
#5709 = CARTESIAN_POINT ( 'NONE',  ( 144.1213647497586692, 9.130345725114240807, 0.000000000000000000 ) ) ;
#5710 = ORIENTED_EDGE ( 'NONE', *, *, #561, .T. ) ;
#5711 = EDGE_CURVE ( 'NONE', #4150, #1528, #5614, .T. ) ;
#5712 = VECTOR ( 'NONE', #6464, 1000.000000000000114 ) ;
#5713 = AXIS2_PLACEMENT_3D ( 'NONE', #768, #4469, #3495 ) ;
#5714 = ORIENTED_EDGE ( 'NONE', *, *, #1712, .T. ) ;
#5715 = VECTOR ( 'NONE', #1689, 1000.000000000000000 ) ;
#5716 = CARTESIAN_POINT ( 'NONE',  ( 25.76715289772027973, -5.642793565112111942, 0.000000000000000000 ) ) ;
#5717 = FACE_OUTER_BOUND ( 'NONE', #271, .T. ) ;
#5718 = VECTOR ( 'NONE', #2073, 1000.000000000000114 ) ;
#5719 = EDGE_CURVE ( 'NONE', #3563, #5903, #391, .T. ) ;
#5720 = DIRECTION ( 'NONE',  ( 0.000000000000000000, 0.7938448021158680534, -0.6081204076115339641 ) ) ;
#5721 = CARTESIAN_POINT ( 'NONE',  ( 73.98884635154263378, 4.566381188601344121, 519.0000000000000000 ) ) ;
#5722 = CARTESIAN_POINT ( 'NONE',  ( 146.5281689998066099, 5.448479403202848736, 108.6989397439838712 ) ) ;
#5723 = EDGE_LOOP ( 'NONE', ( #410, #6674, #2293, #4311 ) ) ;
#5724 = DIRECTION ( 'NONE',  ( 0.7660444535136902156, 0.6427875972986035746, -0.000000000000000000 ) ) ;
#5725 = CARTESIAN_POINT ( 'NONE',  ( 86.51908653292211682, 8.773934304905397497, 518.9999999999998863 ) ) ;
#5726 = ORIENTED_EDGE ( 'NONE', *, *, #6911, .F. ) ;
#5727 = PLANE ( 'NONE',  #843 ) ;
#5728 = VERTEX_POINT ( 'NONE', #2819 ) ;
#5729 = CARTESIAN_POINT ( 'NONE',  ( 160.4225906074966872, 5.847851174746541147, 285.9999999999999432 ) ) ;
#5730 = CARTESIAN_POINT ( 'NONE',  ( 0.5474035822410554530, 1.380999529921037583, 0.000000000000000000 ) ) ;
#5731 = FACE_OUTER_BOUND ( 'NONE', #329, .T. ) ;
#5732 = CARTESIAN_POINT ( 'NONE',  ( 158.4245351824822592, -1.142839626283719268, 160.9999999999998863 ) ) ;
#5733 = VECTOR ( 'NONE', #6261, 1000.000000000000000 ) ;
#5734 = EDGE_CURVE ( 'NONE', #1642, #6571, #6541, .T. ) ;
#5735 = ORIENTED_EDGE ( 'NONE', *, *, #5600, .F. ) ;
#5736 = CARTESIAN_POINT ( 'NONE',  ( 148.0602579068340106, 6.734054597800094299, 146.9638633601287552 ) ) ;
#5737 = ORIENTED_EDGE ( 'NONE', *, *, #526, .T. ) ;
#5738 = DIRECTION ( 'NONE',  ( 0.7660444535136902156, 0.6427875972986035746, 0.000000000000000000 ) ) ;
#5739 = CARTESIAN_POINT ( 'NONE',  ( 61.54498758858610330, -4.697057563393483903, 0.000000000000000000 ) ) ;
#5740 = ORIENTED_EDGE ( 'NONE', *, *, #5529, .T. ) ;
#5741 = EDGE_CURVE ( 'NONE', #710, #3546, #633, .T. ) ;
#5742 = ORIENTED_EDGE ( 'NONE', *, *, #6130, .F. ) ;
#5743 = CARTESIAN_POINT ( 'NONE',  ( 146.5281689998066099, 5.448479403202890481, 136.3302600875434791 ) ) ;
#5744 = CARTESIAN_POINT ( 'NONE',  ( 186.5000000000000000, 0.1117699999999999944, 0.000000000000000000 ) ) ;
#5745 = EDGE_LOOP ( 'NONE', ( #3308, #3081, #3274, #2121, #158, #5266, #684, #5120 ) ) ;
#5746 = VECTOR ( 'NONE', #1719, 1000.000000000000000 ) ;
#5747 = CARTESIAN_POINT ( 'NONE',  ( 146.5281689998066099, 5.448479403202883375, -9.804599309964982597E-15 ) ) ;
#5748 = EDGE_CURVE ( 'NONE', #2287, #1082, #2233, .T. ) ;
#5749 = ORIENTED_EDGE ( 'NONE', *, *, #157, .F. ) ;
#5750 = FACE_OUTER_BOUND ( 'NONE', #2492, .T. ) ;
#5751 = CARTESIAN_POINT ( 'NONE',  ( 71.07027657719348213, 2.424663669806871091, 518.9999999999985221 ) ) ;
#5752 = CARTESIAN_POINT ( 'NONE',  ( 184.3164905826809843, -0.1919649553590160596, 221.0000000000000000 ) ) ;
#5753 = CARTESIAN_POINT ( 'NONE',  ( 110.0356515311825518, 14.35742611136421765, 0.000000000000000000 ) ) ;
#5754 = CARTESIAN_POINT ( 'NONE',  ( 69.38413233540615010, -0.6547843544420061113, 519.0000000000000000 ) ) ;
#5755 = DIRECTION ( 'NONE',  ( 0.03670000643793511208, -0.9993263278466426591, 0.000000000000000000 ) ) ;
#5756 = EDGE_CURVE ( 'NONE', #5216, #2471, #3175, .T. ) ;
#5757 = ORIENTED_EDGE ( 'NONE', *, *, #5217, .T. ) ;
#5758 = FACE_OUTER_BOUND ( 'NONE', #2827, .T. ) ;
#5759 = ORIENTED_EDGE ( 'NONE', *, *, #2745, .F. ) ;
#5760 = CARTESIAN_POINT ( 'NONE',  ( 141.7227456530524137, 14.28680784239818458, 105.0000000000000142 ) ) ;
#5761 = EDGE_LOOP ( 'NONE', ( #6581, #369, #57, #6707 ) ) ;
#5762 = CARTESIAN_POINT ( 'NONE',  ( 169.8205704511955787, -19.19887690459308516, 123.8657496186580289 ) ) ;
#5763 = CARTESIAN_POINT ( 'NONE',  ( 1.852362163436769960, -2.933864939892795398, 0.000000000000000000 ) ) ;
#5764 = EDGE_CURVE ( 'NONE', #5664, #1353, #4827, .T. ) ;
#5765 = CARTESIAN_POINT ( 'NONE',  ( 154.7820052418864805, -1.276612200341903369, 225.9999999999999716 ) ) ;
#5766 = CARTESIAN_POINT ( 'NONE',  ( 165.5153846855364463, -0.8824322573863472297, 160.9999999999998010 ) ) ;
#5767 = ORIENTED_EDGE ( 'NONE', *, *, #1877, .F. ) ;
#5768 = DIRECTION ( 'NONE',  ( 0.7660444535136902156, 0.6427875972986035746, -0.000000000000000000 ) ) ;
#5769 = ORIENTED_EDGE ( 'NONE', *, *, #5073, .F. ) ;
#5770 = CARTESIAN_POINT ( 'NONE',  ( 88.66911395920067207, 74.40221837649805536, 21.26989883339205889 ) ) ;
#5771 = CARTESIAN_POINT ( 'NONE',  ( 85.79000084186831998, -3.811186198415251969, 0.000000000000000000 ) ) ;
#5772 = ORIENTED_EDGE ( 'NONE', *, *, #4476, .F. ) ;
#5773 = EDGE_LOOP ( 'NONE', ( #3438, #2480, #395, #2924 ) ) ;
#5774 = EDGE_CURVE ( 'NONE', #2515, #6973, #1580, .T. ) ;
#5775 = LINE ( 'NONE', #5705, #6747 ) ;
#5776 = CARTESIAN_POINT ( 'NONE',  ( 146.4477209570765979, 8.655801363977513319, 52.00000000000000711 ) ) ;
#5777 = LINE ( 'NONE', #4706, #6890 ) ;
#5778 = VERTEX_POINT ( 'NONE', #3900 ) ;
#5779 = EDGE_CURVE ( 'NONE', #6463, #1539, #5062, .T. ) ;
#5780 = VECTOR ( 'NONE', #6657, 1000.000000000000000 ) ;
#5781 = FACE_OUTER_BOUND ( 'NONE', #9, .T. ) ;
#5782 = CARTESIAN_POINT ( 'NONE',  ( 183.1153321107456975, 0.9135805663398763876, 2.000000000000018208 ) ) ;
#5783 = VERTEX_POINT ( 'NONE', #3227 ) ;
#5784 = CARTESIAN_POINT ( 'NONE',  ( 184.3164905826809559, 0.6290864826904657425, 110.9710427883418618 ) ) ;
#5785 = CARTESIAN_POINT ( 'NONE',  ( 1.573479809773895788, -2.745523579270740644, 0.000000000000000000 ) ) ;
#5786 = DIRECTION ( 'NONE',  ( -5.547375491447250379E-14, 1.000000000000000000, 0.000000000000000000 ) ) ;
#5787 = CARTESIAN_POINT ( 'NONE',  ( 165.9856391180754258, 4.785925351949894768, 0.000000000000000000 ) ) ;
#5788 = CARTESIAN_POINT ( 'NONE',  ( 165.2597760921144641, -0.8918150615562276950, 519.0000000000000000 ) ) ;
#5789 = EDGE_LOOP ( 'NONE', ( #6599, #3976, #4087, #1956, #3105, #4243, #2720, #509, #2855 ) ) ;
#5790 = DIRECTION ( 'NONE',  ( 1.000000000000000000, 0.000000000000000000, -0.000000000000000000 ) ) ;
#5791 = DIRECTION ( 'NONE',  ( -6.378601426329706152E-17, -5.352281928482944175E-17, -1.000000000000000000 ) ) ;
#5792 = ORIENTED_EDGE ( 'NONE', *, *, #3304, .F. ) ;
#5793 = DIRECTION ( 'NONE',  ( -6.378601426329706152E-17, -5.352281928482944175E-17, -1.000000000000000000 ) ) ;
#5794 = ORIENTED_EDGE ( 'NONE', *, *, #2395, .F. ) ;
#5795 = EDGE_CURVE ( 'NONE', #3972, #5671, #531, .T. ) ;
#5796 = CARTESIAN_POINT ( 'NONE',  ( 88.66911395920068628, 74.40221837649806957, 134.2089397439838763 ) ) ;
#5797 = CARTESIAN_POINT ( 'NONE',  ( 179.0399997346188457, -0.3857361064073472345, 0.000000000000000000 ) ) ;
#5798 = CARTESIAN_POINT ( 'NONE',  ( 146.5281689998065815, 5.448479403202894034, 42.65842572212225292 ) ) ;
#5799 = CARTESIAN_POINT ( 'NONE',  ( 181.5625030606320536, -0.2931092781849198303, 161.0000000000003695 ) ) ;
#5800 = ORIENTED_EDGE ( 'NONE', *, *, #277, .F. ) ;
#5801 = CARTESIAN_POINT ( 'NONE',  ( 146.5281689998066383, 5.448479403202918014, 252.9597138208725653 ) ) ;
#5802 = VERTEX_POINT ( 'NONE', #103 ) ;
#5803 = EDGE_CURVE ( 'NONE', #3353, #6164, #2452, .T. ) ;
#5804 = DIRECTION ( 'NONE',  ( 6.378601426329706152E-17, 5.352281928482944175E-17, 1.000000000000000000 ) ) ;
#5805 = CARTESIAN_POINT ( 'NONE',  ( 104.4400001047967663, -3.125222854956259066, 0.000000000000000000 ) ) ;
#5806 = VERTEX_POINT ( 'NONE', #1751 ) ;
#5807 = ORIENTED_EDGE ( 'NONE', *, *, #897, .T. ) ;
#5808 = PLANE ( 'NONE',  #3779 ) ;
#5809 = DIRECTION ( 'NONE',  ( 0.6427875972985991337, -0.7660444535136938793, 0.000000000000000000 ) ) ;
#5810 = CARTESIAN_POINT ( 'NONE',  ( 174.9005243410982757, 2.829129485037704228, 0.000000000000000000 ) ) ;
#5811 = EDGE_LOOP ( 'NONE', ( #2433, #4251, #4237, #888 ) ) ;
#5812 = CARTESIAN_POINT ( 'NONE',  ( 146.4902194667365904, 8.605153610746928194, 97.02896420149478729 ) ) ;
#5813 = VECTOR ( 'NONE', #6057, 1000.000000000000000 ) ;
#5814 = LINE ( 'NONE', #480, #5712 ) ;
#5815 = VECTOR ( 'NONE', #2752, 1000.000000000000000 ) ;
#5816 = CARTESIAN_POINT ( 'NONE',  ( 182.5314947306301008, -0.2575301722529163007, 0.000000000000000000 ) ) ;
#5817 = ORIENTED_EDGE ( 'NONE', *, *, #5764, .T. ) ;
#5818 = EDGE_CURVE ( 'NONE', #4184, #3015, #5403, .T. ) ;
#5819 = CARTESIAN_POINT ( 'NONE',  ( 184.3164905826810127, 0.6291130284240969983, 90.26503056310335182 ) ) ;
#5820 = CARTESIAN_POINT ( 'NONE',  ( 73.83725383742341819, -2.883126266565492202, 518.9999999999997726 ) ) ;
#5821 = CARTESIAN_POINT ( 'NONE',  ( 148.0602579068340390, 6.734054597800096964, 218.1406326955891188 ) ) ;
#5822 = VECTOR ( 'NONE', #941, 1000.000000000000000 ) ;
#5823 = B_SPLINE_CURVE_WITH_KNOTS ( 'NONE', 3,
 ( #952, #3653, #6409, #3118, #5257, #3049, #2142, #388, #2111, #5290, #6372, #423, #6942 ),
 .UNSPECIFIED., .F., .F.,
 ( 4, 3, 3, 3, 4 ),
 ( 0.000000000000000000, 0.002559018337862879310, 0.01279509168931449239, 0.05373938509512174444, 0.06000000000012938040 ),
 .UNSPECIFIED. ) ;
#5824 = CARTESIAN_POINT ( 'NONE',  ( 169.7156626174939049, 3.977154496513389592, 0.000000000000000000 ) ) ;
#5825 = VECTOR ( 'NONE', #6336, 1000.000000000000000 ) ;
#5826 = CARTESIAN_POINT ( 'NONE',  ( 140.9757419543414301, -1.783673265469130520, 519.0000000000000000 ) ) ;
#5827 = DIRECTION ( 'NONE',  ( -0.4545194689124505416, 0.5416752277698733131, -0.7071067811865473507 ) ) ;
#5828 = VECTOR ( 'NONE', #1674, 1000.000000000000114 ) ;
#5829 = VERTEX_POINT ( 'NONE', #1080 ) ;
#5830 = EDGE_CURVE ( 'NONE', #4552, #2765, #6957, .T. ) ;
#5831 = CARTESIAN_POINT ( 'NONE',  ( 184.3164905826809843, -6.647825509190094628, 48.00000000000000000 ) ) ;
#5832 = CARTESIAN_POINT ( 'NONE',  ( 146.5281689998066099, 5.448479403202894034, 196.7521058068590207 ) ) ;
#5833 = EDGE_CURVE ( 'NONE', #3158, #6440, #1609, .T. ) ;
#5834 = CARTESIAN_POINT ( 'NONE',  ( 152.0777421034210590, -1.165244497598739493, 134.2089397439838763 ) ) ;
#5835 = VERTEX_POINT ( 'NONE', #2725 ) ;
#5836 = DIRECTION ( 'NONE',  ( 0.6427875972986036857, -0.7660444535136901045, 0.000000000000000000 ) ) ;
#5837 = CARTESIAN_POINT ( 'NONE',  ( 142.9833332446354177, -1.709917584911105681, 0.000000000000000000 ) ) ;
#5838 = LINE ( 'NONE', #503, #6958 ) ;
#5839 = ADVANCED_FACE ( 'NONE', ( #1042 ), #3102, .T. ) ;
#5840 = LINE ( 'NONE', #460, #5997 ) ;
#5841 = VERTEX_POINT ( 'NONE', #550 ) ;
#5842 = CARTESIAN_POINT ( 'NONE',  ( 146.5281689998066099, 5.448479403202883375, -9.804599309964982597E-15 ) ) ;
#5843 = ORIENTED_EDGE ( 'NONE', *, *, #4570, .F. ) ;
#5844 = FACE_OUTER_BOUND ( 'NONE', #2669, .T. ) ;
#5845 = CARTESIAN_POINT ( 'NONE',  ( 182.7699999714590717, -0.2487692228218772450, 0.000000000000000000 ) ) ;
#5846 = ORIENTED_EDGE ( 'NONE', *, *, #4884, .T. ) ;
#5847 = DIRECTION ( 'NONE',  ( 0.6427875972986036857, -0.7660444535136901045, 0.000000000000000000 ) ) ;
#5848 = PLANE ( 'NONE',  #2290 ) ;
#5849 = DIRECTION ( 'NONE',  ( 0.6427875972986035746, -0.7660444535136903266, 0.000000000000000000 ) ) ;
#5850 = ORIENTED_EDGE ( 'NONE', *, *, #4658, .T. ) ;
#5851 = CARTESIAN_POINT ( 'NONE',  ( 154.3747230897488407, -0.7912322163916676310, 100.0000000000000000 ) ) ;
#5852 = ORIENTED_EDGE ( 'NONE', *, *, #1871, .F. ) ;
#5853 = CARTESIAN_POINT ( 'NONE',  ( 148.0602579068340390, 6.734054597800049002, 255.0810341644320545 ) ) ;
#5854 = LINE ( 'NONE', #1845, #700 ) ;
#5855 = ORIENTED_EDGE ( 'NONE', *, *, #3349, .F. ) ;
#5856 = CARTESIAN_POINT ( 'NONE',  ( 184.3164905826810127, 0.6290376071093158883, 146.5983638964366946 ) ) ;
#5857 = CARTESIAN_POINT ( 'NONE',  ( 7.203233957126763620, -4.529312457451410978, 0.000000000000000000 ) ) ;
#5858 = CARTESIAN_POINT ( 'NONE',  ( 146.5281689998066383, 5.448479403202897586, 259.2025072757019757 ) ) ;
#5859 = CARTESIAN_POINT ( 'NONE',  ( 95.11546424556084389, 15.86662417855304241, 0.000000000000000000 ) ) ;
#5860 = VECTOR ( 'NONE', #6329, 1000.000000000000114 ) ;
#5861 = CARTESIAN_POINT ( 'NONE',  ( 139.4090299665120085, -1.841172981303934142, 519.0000000000000000 ) ) ;
#5862 = CARTESIAN_POINT ( 'NONE',  ( 184.2981405668465129, 0.3076982081010047887, 229.0000000000000000 ) ) ;
#5863 = VERTEX_POINT ( 'NONE', #2691 ) ;
#5864 = CARTESIAN_POINT ( 'NONE',  ( 88.66911395920065786, 74.40221837649808379, 32.02482244953687740 ) ) ;
#5865 = DIRECTION ( 'NONE',  ( 0.7660444535136902156, 0.6427875972986035746, -0.000000000000000000 ) ) ;
#5866 = CARTESIAN_POINT ( 'NONE',  ( 153.6098310104484881, 0.1203306969984833247, 89.98640020981726195 ) ) ;
#5867 = ORIENTED_EDGE ( 'NONE', *, *, #1656, .F. ) ;
#5868 = VECTOR ( 'NONE', #2619, 1000.000000000000000 ) ;
#5869 = CARTESIAN_POINT ( 'NONE',  ( 152.0777421034227928, -1.165244497600744777, 1.005233009473359337E-12 ) ) ;
#5870 = EDGE_CURVE ( 'NONE', #6330, #4342, #4819, .T. ) ;
#5871 = CARTESIAN_POINT ( 'NONE',  ( 39.16509674751331005, -5.487787961482684551, 0.000000000000000000 ) ) ;
#5872 = CARTESIAN_POINT ( 'NONE',  ( 184.3164905826810127, -0.1919650060806894765, 214.4699388737902552 ) ) ;
#5873 = ADVANCED_FACE ( 'NONE', ( #4888 ), #407, .T. ) ;
#5874 = DIRECTION ( 'NONE',  ( 0.4545194689124497089, -0.5416752277698725360, -0.7071067811865484609 ) ) ;
#5875 = VECTOR ( 'NONE', #5214, 1000.000000000000000 ) ;
#5876 = CARTESIAN_POINT ( 'NONE',  ( 166.6568465937442909, 4.582765447231267331, 287.9999999999997726 ) ) ;
#5877 = EDGE_LOOP ( 'NONE', ( #6136, #496, #5953, #3457 ) ) ;
#5878 = DIRECTION ( 'NONE',  ( -0.4545194689124506526, 0.5416752277698737572, 0.7071067811865471286 ) ) ;
#5879 = ORIENTED_EDGE ( 'NONE', *, *, #1398, .F. ) ;
#5880 = EDGE_CURVE ( 'NONE', #66, #4656, #3137, .T. ) ;
#5881 = FACE_BOUND ( 'NONE', #342, .T. ) ;
#5882 = LINE ( 'NONE', #4850, #6165 ) ;
#5883 = ORIENTED_EDGE ( 'NONE', *, *, #6272, .F. ) ;
#5884 = FACE_BOUND ( 'NONE', #1447, .T. ) ;
#5885 = CARTESIAN_POINT ( 'NONE',  ( 184.3164905826810127, -0.1919652411291910277, 158.2939877747580795 ) ) ;
#5886 = ORIENTED_EDGE ( 'NONE', *, *, #2951, .F. ) ;
#5887 = EDGE_CURVE ( 'NONE', #3559, #4815, #6535, .T. ) ;
#5888 = CARTESIAN_POINT ( 'NONE',  ( 162.2095831232494731, 5.587578117886543794, 47.99999999999996447 ) ) ;
#5889 = ORIENTED_EDGE ( 'NONE', *, *, #4970, .T. ) ;
#5890 = DIRECTION ( 'NONE',  ( 0.6427875972986035746, -0.7660444535136902156, -6.018531076210112041E-33 ) ) ;
#5891 = DIRECTION ( 'NONE',  ( 0.7660444535136902156, 0.6427875972986035746, -0.000000000000000000 ) ) ;
#5892 = ORIENTED_EDGE ( 'NONE', *, *, #4570, .T. ) ;
#5893 = DIRECTION ( 'NONE',  ( 1.000000000000000000, 0.000000000000000000, -0.000000000000000000 ) ) ;
#5894 = CARTESIAN_POINT ( 'NONE',  ( 69.78698961852283844, 1.057059819864387684, 518.9999999999998863 ) ) ;
#5895 = CARTESIAN_POINT ( 'NONE',  ( 152.0777421034211159, -1.165244497598704854, 267.8361105482872517 ) ) ;
#5896 = CARTESIAN_POINT ( 'NONE',  ( 102.5755606254276557, 15.17910804365104305, 0.000000000000000000 ) ) ;
#5897 = CARTESIAN_POINT ( 'NONE',  ( 93.97444565380277481, -3.487808627758789637, 519.0000000000000000 ) ) ;
#5898 = PLANE ( 'NONE',  #1846 ) ;
#5899 = EDGE_LOOP ( 'NONE', ( #5772, #1185, #7048 ) ) ;
#5900 = DIRECTION ( 'NONE',  ( 6.550283474172087106E-15, -7.935864152663668107E-15, -1.000000000000000000 ) ) ;
#5901 = PLANE ( 'NONE',  #406 ) ;
#5902 = CARTESIAN_POINT ( 'NONE',  ( 186.5000000000000284, -0.1117700000000000082, 0.000000000000000000 ) ) ;
#5903 = VERTEX_POINT ( 'NONE', #2194 ) ;
#5904 = DIRECTION ( 'NONE',  ( 1.000000000000000000, 0.000000000000000000, -0.000000000000000000 ) ) ;
#5905 = CARTESIAN_POINT ( 'NONE',  ( 82.06000129538449528, -3.948358598900632899, 0.000000000000000000 ) ) ;
#5906 = PLANE ( 'NONE',  #3773 ) ;
#5907 = LINE ( 'NONE', #6412, #6744 ) ;
#5908 = CARTESIAN_POINT ( 'NONE',  ( 146.0767012222400183, 8.454274803429095542, 287.9999999999999432 ) ) ;
#5909 = ORIENTED_EDGE ( 'NONE', *, *, #2040, .T. ) ;
#5910 = FACE_BOUND ( 'NONE', #1226, .T. ) ;
#5911 = ORIENTED_EDGE ( 'NONE', *, *, #618, .F. ) ;
#5912 = FACE_BOUND ( 'NONE', #15, .T. ) ;
#5913 = CARTESIAN_POINT ( 'NONE',  ( 181.8375002287669417, -0.2830228960492232604, 0.000000000000000000 ) ) ;
#5914 = VERTEX_POINT ( 'NONE', #3210 ) ;
#5915 = VECTOR ( 'NONE', #3454, 1000.000000000000000 ) ;
#5916 = ORIENTED_EDGE ( 'NONE', *, *, #6572, .T. ) ;
#5917 = FACE_BOUND ( 'NONE', #3892, .T. ) ;
#5918 = EDGE_CURVE ( 'NONE', #3596, #347, #2936, .T. ) ;
#5919 = CARTESIAN_POINT ( 'NONE',  ( 146.5281689998066099, 5.448479403202885152, 34.02482244953694845 ) ) ;
#5920 = ORIENTED_EDGE ( 'NONE', *, *, #4557, .F. ) ;
#5921 = DIRECTION ( 'NONE',  ( 0.7660444535136902156, 0.6427875972986035746, -0.000000000000000000 ) ) ;
#5922 = ORIENTED_EDGE ( 'NONE', *, *, #688, .T. ) ;
#5923 = LINE ( 'NONE', #5238, #3094 ) ;
#5924 = DIRECTION ( 'NONE',  ( 0.7660444535136902156, 0.6427875972986035746, -0.000000000000000000 ) ) ;
#5925 = VERTEX_POINT ( 'NONE', #476 ) ;
#5926 = FACE_OUTER_BOUND ( 'NONE', #1413, .T. ) ;
#5927 = EDGE_CURVE ( 'NONE', #422, #4221, #2272, .T. ) ;
#5928 = CARTESIAN_POINT ( 'NONE',  ( 15.84230355733715001, 10.84825986389148156, 0.000000000000000000 ) ) ;
#5929 = DIRECTION ( 'NONE',  ( 0.4545194689124504306, -0.5416752277698734241, -0.7071067811865473507 ) ) ;
#5930 = ORIENTED_EDGE ( 'NONE', *, *, #4132, .F. ) ;
#5931 = VECTOR ( 'NONE', #202, 1000.000000000000000 ) ;
#5932 = VECTOR ( 'NONE', #1233, 1000.000000000000000 ) ;
#5933 = VECTOR ( 'NONE', #255, 1000.000000000000000 ) ;
#5934 = CARTESIAN_POINT ( 'NONE',  ( 41.02798491655703828, 16.06967701289098471, 0.000000000000000000 ) ) ;
#5935 = CARTESIAN_POINT ( 'NONE',  ( 135.1005721395424075, -1.999286295217348242, 519.0000000000000000 ) ) ;
#5936 = FACE_BOUND ( 'NONE', #500, .T. ) ;
#5937 = EDGE_CURVE ( 'NONE', #5664, #1436, #439, .T. ) ;
#5938 = FACE_BOUND ( 'NONE', #5562, .T. ) ;
#5939 = AXIS2_PLACEMENT_3D ( 'NONE', #4612, #4070, #314 ) ;
#5940 = CARTESIAN_POINT ( 'NONE',  ( 152.0777421034210590, -1.165244497598739493, 134.2089397439838763 ) ) ;
#5941 = DIRECTION ( 'NONE',  ( -6.378601426329706152E-17, -5.352281928482944175E-17, -1.000000000000000000 ) ) ;
#5942 = CARTESIAN_POINT ( 'NONE',  ( 146.5281689998066099, 5.448479403202848736, 75.23147659367238305 ) ) ;
#5943 = PRODUCT_DEFINITION_FORMATION_WITH_SPECIFIED_SOURCE ( '‰ª', '', #6656, .NOT_KNOWN. ) ;
#5944 = CARTESIAN_POINT ( 'NONE',  ( 154.3747231386197711, -0.7912322746338683599, 158.0000000000000000 ) ) ;
#5945 = ORIENTED_EDGE ( 'NONE', *, *, #2583, .F. ) ;
#5946 = DIRECTION ( 'NONE',  ( -5.547375489508307898E-14, 1.000000000000000000, 0.000000000000000000 ) ) ;
#5947 = COLOUR_RGB ( '',1.000000000000000000, 1.000000000000000000, 1.000000000000000000 ) ;
#5948 = CARTESIAN_POINT ( 'NONE',  ( 61.54491554862880776, -4.696402637579984329, 0.000000000000000000 ) ) ;
#5949 = DIRECTION ( 'NONE',  ( 6.378601426329704920E-17, 5.352281928482943559E-17, 1.000000000000000000 ) ) ;
#5950 = CARTESIAN_POINT ( 'NONE',  ( 146.6379746403446234, 8.429065845992257167, 232.2607211451309581 ) ) ;
#5951 = CARTESIAN_POINT ( 'NONE',  ( 91.16253580404931256, -3.551460721522221586, 518.9999999999998863 ) ) ;
#5952 = CARTESIAN_POINT ( 'NONE',  ( 180.3592419614162452, -31.75837695054210741, 140.2610123065356902 ) ) ;
#5953 = ORIENTED_EDGE ( 'NONE', *, *, #6823, .T. ) ;
#5954 = CARTESIAN_POINT ( 'NONE',  ( 154.3747230897488123, -0.7912322163916712947, 103.0000000000000142 ) ) ;
#5955 = ORIENTED_EDGE ( 'NONE', *, *, #5090, .T. ) ;
#5956 = VECTOR ( 'NONE', #6579, 1000.000000000000114 ) ;
#5957 = FACE_OUTER_BOUND ( 'NONE', #815, .T. ) ;
#5958 = EDGE_CURVE ( 'NONE', #4488, #2717, #1004, .T. ) ;
#5959 = CARTESIAN_POINT ( 'NONE',  ( 124.9550002288720663, -2.372072896419606725, 0.000000000000000000 ) ) ;
#5960 = EDGE_CURVE ( 'NONE', #1852, #4488, #2652, .T. ) ;
#5961 = ORIENTED_EDGE ( 'NONE', *, *, #3782, .T. ) ;
#5962 = CARTESIAN_POINT ( 'NONE',  ( 184.3164905826809843, 0.6291427557895301614, 64.79509168930661644 ) ) ;
#5963 = CARTESIAN_POINT ( 'NONE',  ( 146.5281689998066668, 5.448479403202841631, 255.0810341644320545 ) ) ;
#5964 = ORIENTED_EDGE ( 'NONE', *, *, #2881, .T. ) ;
#5965 = CARTESIAN_POINT ( 'NONE',  ( 169.7094223703075784, 3.977900935250515246, 47.99999999999998579 ) ) ;
#5966 = ADVANCED_FACE ( 'NONE', ( #6461 ), #2332, .T. ) ;
#5967 = ORIENTED_EDGE ( 'NONE', *, *, #4470, .F. ) ;
#5968 = CARTESIAN_POINT ( 'NONE',  ( 88.66911395920067207, 74.40221837649805536, 77.23147659367238305 ) ) ;
#5969 = VERTEX_POINT ( 'NONE', #1721 ) ;
#5970 = DIRECTION ( 'NONE',  ( 0.4545194689124504306, -0.5416752277698734241, -0.7071067811865473507 ) ) ;
#5971 = CARTESIAN_POINT ( 'NONE',  ( 146.5281689998066099, 5.448479403202883375, -9.804599309964982597E-15 ) ) ;
#5972 = CARTESIAN_POINT ( 'NONE',  ( 84.68811517332309791, 8.362377901042883366, 519.0000000000006821 ) ) ;
#5973 = CARTESIAN_POINT ( 'NONE',  ( 151.5083671319164011, 2.624757906195304802, 95.37701804350224677 ) ) ;
#5974 = AXIS2_PLACEMENT_3D ( 'NONE', #2600, #576, #2750 ) ;
#5975 = ORIENTED_EDGE ( 'NONE', *, *, #4338, .T. ) ;
#5976 = ADVANCED_FACE ( 'NONE', ( #6607 ), #55, .T. ) ;
#5977 = EDGE_CURVE ( 'NONE', #5058, #794, #2761, .T. ) ;
#5978 = CARTESIAN_POINT ( 'NONE',  ( 1.096502557123213206, -2.336350228143042607, 0.000000000000000000 ) ) ;
#5979 = CARTESIAN_POINT ( 'NONE',  ( 187.3164905826809843, -0.08178092353511093315, 519.0000000000000000 ) ) ;
#5980 = DIRECTION ( 'NONE',  ( 0.7660444535136902156, 0.6427875972986034636, 0.000000000000000000 ) ) ;
#5981 = DIRECTION ( 'NONE',  ( 1.000000000000000000, 0.000000000000000000, -0.000000000000000000 ) ) ;
#5982 = CARTESIAN_POINT ( 'NONE',  ( 88.66911395920067207, 74.40221837649805536, 19.26989883339205889 ) ) ;
#5983 = CARTESIAN_POINT ( 'NONE',  ( 174.9091270319083549, 2.815050653180303897, 49.99999999999999289 ) ) ;
#5984 = LINE ( 'NONE', #2173, #2189 ) ;
#5985 = VECTOR ( 'NONE', #932, 1000.000000000000000 ) ;
#5986 = EDGE_CURVE ( 'NONE', #4100, #2770, #3925, .T. ) ;
#5987 = LINE ( 'NONE', #6553, #2085 ) ;
#5988 = CARTESIAN_POINT ( 'NONE',  ( 160.9518251074414081, 5.566679357091621760, 519.0000000000000000 ) ) ;
#5989 = FACE_OUTER_BOUND ( 'NONE', #2302, .T. ) ;
#5990 = LINE ( 'NONE', #4415, #5641 ) ;
#5991 = EDGE_LOOP ( 'NONE', ( #5319, #6907, #3739, #6609 ) ) ;
#5992 = CARTESIAN_POINT ( 'NONE',  ( 146.4960923206249106, 8.598154615796921973, 103.0000000000000142 ) ) ;
#5993 = EDGE_LOOP ( 'NONE', ( #295, #6987, #4891, #3138 ) ) ;
#5994 = LINE ( 'NONE', #4382, #3419 ) ;
#5995 = EDGE_CURVE ( 'NONE', #1908, #4619, #3891, .T. ) ;
#5996 = CARTESIAN_POINT ( 'NONE',  ( 185.5675000005097104, -0.1460200138781808932, 0.000000000000000000 ) ) ;
#5997 = VECTOR ( 'NONE', #4843, 999.9999999999998863 ) ;
#5998 = EDGE_LOOP ( 'NONE', ( #364, #6612, #780, #374 ) ) ;
#5999 = FACE_BOUND ( 'NONE', #4112, .T. ) ;
#6000 = FACE_OUTER_BOUND ( 'NONE', #5761, .T. ) ;
#6001 = ORIENTED_EDGE ( 'NONE', *, *, #2100, .F. ) ;
#6002 = DIRECTION ( 'NONE',  ( 0.6427875972986036857, -0.7660444535136901045, 8.037077550158748476E-16 ) ) ;
#6003 = ORIENTED_EDGE ( 'NONE', *, *, #5433, .T. ) ;
#6004 = CARTESIAN_POINT ( 'NONE',  ( 153.6098310104484312, 0.1203306969985336317, 44.77974606568174920 ) ) ;
#6005 = ORIENTED_EDGE ( 'NONE', *, *, #5490, .F. ) ;
#6006 = PLANE ( 'NONE',  #2984 ) ;
#6007 = CARTESIAN_POINT ( 'NONE',  ( 166.0332218929083012, 4.611120112488246825, 519.0000000000001137 ) ) ;
#6008 = CARTESIAN_POINT ( 'NONE',  ( 170.4241955783985532, 3.813217009064196361, 103.0000000000000426 ) ) ;
#6009 = ORIENTED_EDGE ( 'NONE', *, *, #5880, .T. ) ;
#6010 = EDGE_CURVE ( 'NONE', #3608, #2848, #6103, .T. ) ;
#6011 = CARTESIAN_POINT ( 'NONE',  ( 0.1948971838087218689, 0.7194970505334246091, 0.000000000000000000 ) ) ;
#6012 = CARTESIAN_POINT ( 'NONE',  ( 0.000000000000000000, 0.000000000000000000, 226.0000000000000000 ) ) ;
#6013 = CARTESIAN_POINT ( 'NONE',  ( 186.9082452913409327, -0.09677546176755549845, 0.000000000000000000 ) ) ;
#6014 = DIRECTION ( 'NONE',  ( -6.378601426329706152E-17, -5.352281928482944175E-17, -1.000000000000000000 ) ) ;
#6015 = DIRECTION ( 'NONE',  ( 0.6427875972986036857, -0.7660444535136901045, -1.368455531567204475E-48 ) ) ;
#6016 = DIRECTION ( 'NONE',  ( 0.4545194688443996989, -0.5416752276887737416, 0.7071067812924155538 ) ) ;
#6017 = CARTESIAN_POINT ( 'NONE',  ( 184.3164905826809559, 0.6291732067899447056, 36.93169722977018665 ) ) ;
#6018 = CARTESIAN_POINT ( 'NONE',  ( 138.2349047479719104, 9.063027232243188180, 519.0000000000000000 ) ) ;
#6019 = LINE ( 'NONE', #6661, #1043 ) ;
#6020 = LINE ( 'NONE', #4477, #5014 ) ;
#6021 = CARTESIAN_POINT ( 'NONE',  ( 187.3164905826809843, -0.08178092353511093315, 288.0000000000000000 ) ) ;
#6022 = CARTESIAN_POINT ( 'NONE',  ( 70.73544075317292368, 2.096073633596527319, 519.0000000000013642 ) ) ;
#6023 = FACE_OUTER_BOUND ( 'NONE', #2081, .T. ) ;
#6024 = VERTEX_POINT ( 'NONE', #3381 ) ;
#6025 = ADVANCED_FACE ( 'NONE', ( #6676 ), #6711, .T. ) ;
#6026 = CARTESIAN_POINT ( 'NONE',  ( 88.66911395920067207, 74.40221837649805536, 62.41254501415071587 ) ) ;
#6027 = EDGE_LOOP ( 'NONE', ( #534, #890, #6063 ) ) ;
#6028 = DIRECTION ( 'NONE',  ( 1.000000000000000000, 0.000000000000000000, -0.000000000000000000 ) ) ;
#6029 = CARTESIAN_POINT ( 'NONE',  ( 78.33034229766373358, 16.89236589472353600, 0.000000000000000000 ) ) ;
#6030 = ORIENTED_EDGE ( 'NONE', *, *, #3896, .T. ) ;
#6031 = PRODUCT_DEFINITION ( 'Êú', '', #5943, #4812 ) ;
#6032 = FACE_BOUND ( 'NONE', #5296, .T. ) ;
#6033 = LINE ( 'NONE', #5963, #3123 ) ;
#6034 = ORIENTED_EDGE ( 'NONE', *, *, #3068, .F. ) ;
#6035 = CARTESIAN_POINT ( 'NONE',  ( 148.0602579068340106, 6.734054597800090747, -9.804599309964982597E-15 ) ) ;
#6036 = AXIS2_PLACEMENT_3D ( 'NONE', #6886, #5233, #3099 ) ;
#6037 = EDGE_LOOP ( 'NONE', ( #1385, #6808, #4924 ) ) ;
#6038 = DIRECTION ( 'NONE',  ( 0.6427875972986036857, -0.7660444535136901045, 0.000000000000000000 ) ) ;
#6039 = ORIENTED_EDGE ( 'NONE', *, *, #2003, .F. ) ;
#6040 = FACE_OUTER_BOUND ( 'NONE', #1880, .T. ) ;
#6041 = CARTESIAN_POINT ( 'NONE',  ( 86.51908653292211682, 8.773934304905397497, 518.9999999999998863 ) ) ;
#6042 = CARTESIAN_POINT ( 'NONE',  ( 88.66911395920067207, 74.40221837649805536, 44.77974606568174920 ) ) ;
#6043 = EDGE_LOOP ( 'NONE', ( #1397, #4456, #2334, #2605 ) ) ;
#6044 = CARTESIAN_POINT ( 'NONE',  ( 4.634494385416400242, 5.481927275477763928, 0.000000000000000000 ) ) ;
#6045 = EDGE_CURVE ( 'NONE', #1770, #3135, #2262, .T. ) ;
#6046 = PRODUCT_CONTEXT ( 'NONE', #4532, 'mechanical' ) ;
#6047 = CARTESIAN_POINT ( 'NONE',  ( 152.0777421034210306, -1.165244497598687534, 123.5751837036883387 ) ) ;
#6048 = VERTEX_POINT ( 'NONE', #4429 ) ;
#6049 = LINE ( 'NONE', #2243, #3256 ) ;
#6050 = CARTESIAN_POINT ( 'NONE',  ( 154.7820050840944646, -1.276612012292681619, 164.7060122252419774 ) ) ;
#6051 = VECTOR ( 'NONE', #1780, 1000.000000000000000 ) ;
#6052 = CARTESIAN_POINT ( 'NONE',  ( 152.0777421034210306, -1.165244497598732609, 19.26989883339205889 ) ) ;
#6053 = CARTESIAN_POINT ( 'NONE',  ( 151.5515107198880287, 7.188832527839137398, 519.0000000000000000 ) ) ;
#6054 = DIRECTION ( 'NONE',  ( 1.000000000000000000, 0.000000000000000000, -0.000000000000000000 ) ) ;
#6055 = AXIS2_PLACEMENT_3D ( 'NONE', #1687, #552, #2196 ) ;
#6056 = EDGE_CURVE ( 'NONE', #4630, #1611, #1246, .T. ) ;
#6057 = DIRECTION ( 'NONE',  ( 6.378601426329706152E-17, 5.352281928482944175E-17, 1.000000000000000000 ) ) ;
#6058 = VECTOR ( 'NONE', #6123, 1000.000000000000000 ) ;
#6059 = CARTESIAN_POINT ( 'NONE',  ( 146.7043981481850778, 8.349905389290904978, 284.2939914720719230 ) ) ;
#6060 = CARTESIAN_POINT ( 'NONE',  ( 3.915125652207560591, 4.896618974382517919, 0.000000000000000000 ) ) ;
#6061 = EDGE_LOOP ( 'NONE', ( #6806, #1040, #5615, #6003 ) ) ;
#6062 = DIRECTION ( 'NONE',  ( 1.000000000000000000, 0.000000000000000000, -0.000000000000000000 ) ) ;
#6063 = ORIENTED_EDGE ( 'NONE', *, *, #4923, .T. ) ;
#6064 = VECTOR ( 'NONE', #1465, 1000.000000000000000 ) ;
#6065 = VECTOR ( 'NONE', #5946, 1000.000000000000000 ) ;
#6066 = CARTESIAN_POINT ( 'NONE',  ( 154.7820051375371975, -1.276612075983258654, 45.00000000000001421 ) ) ;
#6067 = CARTESIAN_POINT ( 'NONE',  ( 52.21962783935892105, 16.78711222807805115, 0.000000000000000000 ) ) ;
#6068 = EDGE_CURVE ( 'NONE', #5249, #2570, #5024, .T. ) ;
#6069 = VECTOR ( 'NONE', #190, 1000.000000000000000 ) ;
#6070 = VECTOR ( 'NONE', #594, 1000.000000000000000 ) ;
#6071 = ORIENTED_EDGE ( 'NONE', *, *, #6590, .F. ) ;
#6072 = CARTESIAN_POINT ( 'NONE',  ( 131.9905741701041961, 22.77371083816701258, 67.39622916336205094 ) ) ;
#6073 = EDGE_LOOP ( 'NONE', ( #6155, #3469, #3880, #2352 ) ) ;
#6074 = DIRECTION ( 'NONE',  ( 1.000000000000000000, 0.000000000000000000, -0.000000000000000000 ) ) ;
#6075 = VERTEX_POINT ( 'NONE', #3854 ) ;
#6076 = CARTESIAN_POINT ( 'NONE',  ( 92.63593509028650885, 16.07812253983292194, 0.000000000000000000 ) ) ;
#6077 = ORIENTED_EDGE ( 'NONE', *, *, #5779, .T. ) ;
#6078 = CARTESIAN_POINT ( 'NONE',  ( 112.6679205489197955, 10.74549186515203480, 519.0000000000000000 ) ) ;
#6079 = CARTESIAN_POINT ( 'NONE',  ( 146.5281689998066099, 5.448479403202883375, -9.804599309964982597E-15 ) ) ;
#6080 = CARTESIAN_POINT ( 'NONE',  ( 146.4477209570765979, 8.655801363977515095, 50.66666666666667140 ) ) ;
#6081 = ORIENTED_EDGE ( 'NONE', *, *, #587, .T. ) ;
#6082 = ADVANCED_FACE ( 'NONE', ( #2796 ), #194, .F. ) ;
#6083 = CARTESIAN_POINT ( 'NONE',  ( 88.66911395920068628, 74.40221837649805536, 121.4538633601287501 ) ) ;
#6084 = VECTOR ( 'NONE', #1446, 1000.000000000000000 ) ;
#6085 = LINE ( 'NONE', #31, #3177 ) ;
#6086 = CARTESIAN_POINT ( 'NONE',  ( 146.5281689998066099, 5.448479403202884264, 23.39121917695166530 ) ) ;
#6087 = CARTESIAN_POINT ( 'NONE',  ( 90.20120286622807271, 75.68779357109528405, 244.3261105482872608 ) ) ;
#6088 = CARTESIAN_POINT ( 'NONE',  ( 145.2851284398359155, 8.142450137759333018, 519.0000000000000000 ) ) ;
#6089 = CARTESIAN_POINT ( 'NONE',  ( 0.000000000000000000, 0.000000000000000000, 224.0000000000000000 ) ) ;
#6090 = EDGE_CURVE ( 'NONE', #3322, #4126, #2226, .T. ) ;
#6091 = CARTESIAN_POINT ( 'NONE',  ( 153.7233626017601580, 6.839262344540986582, 519.0000000000003411 ) ) ;
#6092 = CARTESIAN_POINT ( 'NONE',  ( 186.9920551706976823, -0.09369718881026524449, 287.9999999999995453 ) ) ;
#6093 = DIRECTION ( 'NONE',  ( 0.4545194689805009403, -0.5416752278509726626, 0.7071067810806797027 ) ) ;
#6094 = VERTEX_POINT ( 'NONE', #1152 ) ;
#6095 = CARTESIAN_POINT ( 'NONE',  ( 184.3164905826809843, 0.6290155530310499454, 161.0000000000000000 ) ) ;
#6096 = ORIENTED_EDGE ( 'NONE', *, *, #3249, .T. ) ;
#6097 = CARTESIAN_POINT ( 'NONE',  ( 152.0777421034210590, -1.165244497598704854, 207.3857090794443252 ) ) ;
#6098 = EDGE_CURVE ( 'NONE', #3015, #3042, #4990, .T. ) ;
#6099 = CARTESIAN_POINT ( 'NONE',  ( 71.49185656832746361, 17.06552455364372278, 0.000000000000000000 ) ) ;
#6100 = ORIENTED_EDGE ( 'NONE', *, *, #4779, .T. ) ;
#6101 = FACE_OUTER_BOUND ( 'NONE', #5044, .T. ) ;
#6102 = ORIENTED_EDGE ( 'NONE', *, *, #5051, .F. ) ;
#6103 = LINE ( 'NONE', #4960, #2091 ) ;
#6104 = VERTEX_POINT ( 'NONE', #3286 ) ;
#6105 = CARTESIAN_POINT ( 'NONE',  ( 33.18698623853997987, 15.07032967291209680, 0.000000000000000000 ) ) ;
#6106 = ORIENTED_EDGE ( 'NONE', *, *, #5958, .F. ) ;
#6107 = CARTESIAN_POINT ( 'NONE',  ( 148.0602579068340390, 6.734054597800104069, 269.8361105482872517 ) ) ;
#6108 = PLANE ( 'NONE',  #4447 ) ;
#6109 = VERTEX_POINT ( 'NONE', #5532 ) ;
#6110 = DIRECTION ( 'NONE',  ( 0.4545194688443996989, -0.5416752276887737416, 0.7071067812924155538 ) ) ;
#6111 = CARTESIAN_POINT ( 'NONE',  ( 100.5408625498985344, -3.273790224926115933, 518.9999999999997726 ) ) ;
#6112 = DIRECTION ( 'NONE',  ( 0.4545194689124497089, -0.5416752277698725360, -0.7071067811865484609 ) ) ;
#6113 = CARTESIAN_POINT ( 'NONE',  ( 179.9726353222733621, 1.652043166446703681, 0.000000000000000000 ) ) ;
#6114 = CARTESIAN_POINT ( 'NONE',  ( 148.0263415820263617, 7.738693668178996177, 519.0000000000000000 ) ) ;
#6115 = DIRECTION ( 'NONE',  ( 0.6427875972986036857, -0.7660444535136901045, 0.000000000000000000 ) ) ;
#6116 = LINE ( 'NONE', #1234, #2300 ) ;
#6117 = DIRECTION ( 'NONE',  ( 0.7660444535136902156, 0.6427875972986035746, -0.000000000000000000 ) ) ;
#6118 = CARTESIAN_POINT ( 'NONE',  ( 74.45325559964686590, -2.991547703241124623, 518.9999999999990905 ) ) ;
#6119 = CARTESIAN_POINT ( 'NONE',  ( 146.6279675797218545, 8.440991796832367555, 224.0000000000000000 ) ) ;
#6120 = VERTEX_POINT ( 'NONE', #1115 ) ;
#6121 = LINE ( 'NONE', #6598, #6420 ) ;
#6122 = ORIENTED_EDGE ( 'NONE', *, *, #882, .T. ) ;
#6123 = DIRECTION ( 'NONE',  ( 0.000000000000000000, 1.000000000000000000, 0.000000000000000000 ) ) ;
#6124 = CARTESIAN_POINT ( 'NONE',  ( 112.5230059667156297, 14.05565994651503381, 0.000000000000000000 ) ) ;
#6125 = EDGE_LOOP ( 'NONE', ( #3063, #300, #3023, #585 ) ) ;
#6126 = CARTESIAN_POINT ( 'NONE',  ( 146.7066812140465117, 8.347184537259044745, 286.0000000000000568 ) ) ;
#6127 = VERTEX_POINT ( 'NONE', #6573 ) ;
#6128 = DIRECTION ( 'NONE',  ( 0.7660444535136902156, 0.6427875972986035746, 0.000000000000000000 ) ) ;
#6129 = VERTEX_POINT ( 'NONE', #1187 ) ;
#6130 = EDGE_CURVE ( 'NONE', #1240, #5307, #5459, .T. ) ;
#6131 = CARTESIAN_POINT ( 'NONE',  ( 112.6679205489197955, 10.74549186515203480, 519.0000000000000000 ) ) ;
#6132 = EDGE_LOOP ( 'NONE', ( #6748, #2639, #4854, #2219 ) ) ;
#6133 = DIRECTION ( 'NONE',  ( -0.9993263269200406418, -0.03670003166892618629, -0.000000000000000000 ) ) ;
#6134 = PLANE ( 'NONE',  #1144 ) ;
#6135 = LINE ( 'NONE', #2405, #4096 ) ;
#6136 = ORIENTED_EDGE ( 'NONE', *, *, #2261, .F. ) ;
#6137 = FACE_OUTER_BOUND ( 'NONE', #186, .T. ) ;
#6138 = EDGE_CURVE ( 'NONE', #6104, #1933, #586, .T. ) ;
#6139 = B_SPLINE_CURVE_WITH_KNOTS ( 'NONE', 3,
 ( #4312, #4816, #6993, #2123, #3780, #4852, #5962, #6929, #5819, #2054 ),
 .UNSPECIFIED., .F., .F.,
 ( 4, 3, 3, 4 ),
 ( 6.938893903907228378E-18, 0.002559018337862897525, 0.01279509168931450280, 0.05100000000003568346 ),
 .UNSPECIFIED. ) ;
#6140 = FACE_OUTER_BOUND ( 'NONE', #3250, .T. ) ;
#6141 = AXIS2_PLACEMENT_3D ( 'NONE', #638, #3298, #4408 ) ;
#6142 = CARTESIAN_POINT ( 'NONE',  ( 78.34408010014641377, -3.358483264931118928, 519.0000000000006821 ) ) ;
#6143 = DIRECTION ( 'NONE',  ( 0.4545194689124497089, -0.5416752277698725360, -0.7071067811865484609 ) ) ;
#6144 = ADVANCED_FACE ( 'NONE', ( #5500 ), #627, .F. ) ;
#6145 = DIRECTION ( 'NONE',  ( 0.7660444535136902156, 0.6427875972986035746, -0.000000000000000000 ) ) ;
#6146 = CARTESIAN_POINT ( 'NONE',  ( 72.23209899942337131, -2.567876269942186429, 519.0000000000000000 ) ) ;
#6147 = EDGE_CURVE ( 'NONE', #4420, #6710, #6844, .T. ) ;
#6148 = PLANE ( 'NONE',  #3191 ) ;
#6149 = EDGE_CURVE ( 'NONE', #5914, #6094, #5570, .T. ) ;
#6150 = DIRECTION ( 'NONE',  ( 0.4545194689124504306, -0.5416752277698734241, -0.7071067811865473507 ) ) ;
#6151 = ORIENTED_EDGE ( 'NONE', *, *, #4043, .T. ) ;
#6152 = CARTESIAN_POINT ( 'NONE',  ( 88.66911395920068628, 74.40221837649806957, 267.8361105482872517 ) ) ;
#6153 = EDGE_LOOP ( 'NONE', ( #1392, #3182, #3811, #5625 ) ) ;
#6154 = DIRECTION ( 'NONE',  ( 0.000000000000000000, 0.000000000000000000, -1.000000000000000000 ) ) ;
#6155 = ORIENTED_EDGE ( 'NONE', *, *, #2670, .F. ) ;
#6156 = VECTOR ( 'NONE', #4284, 1000.000000000000000 ) ;
#6157 = DIRECTION ( 'NONE',  ( 0.7660444535136902156, 0.6427875972986035746, -0.000000000000000000 ) ) ;
#6158 = CARTESIAN_POINT ( 'NONE',  ( 3.761120103131833758, 4.772947774574916480, 0.000000000000000000 ) ) ;
#6159 = AXIS2_PLACEMENT_3D ( 'NONE', #5186, #320, #2390 ) ;
#6160 = CARTESIAN_POINT ( 'NONE',  ( 146.5281689998066383, 5.448479403202890481, 218.1406326955891188 ) ) ;
#6161 = VECTOR ( 'NONE', #2096, 1000.000000000000000 ) ;
#6162 = ORIENTED_EDGE ( 'NONE', *, *, #4875, .T. ) ;
#6163 = CARTESIAN_POINT ( 'NONE',  ( 184.3164905826810127, -0.1919646811472983938, 285.1469938873790397 ) ) ;
#6164 = VERTEX_POINT ( 'NONE', #891 ) ;
#6165 = VECTOR ( 'NONE', #433, 0.8170411350194761724 ) ;
#6166 = EDGE_CURVE ( 'NONE', #5728, #3852, #5163, .T. ) ;
#6167 = DIRECTION ( 'NONE',  ( 0.000000000000000000, 0.000000000000000000, 1.000000000000000000 ) ) ;
#6168 = VECTOR ( 'NONE', #6250, 1000.000000000000000 ) ;
#6169 = CARTESIAN_POINT ( 'NONE',  ( 22.37234624683081208, 12.80193350148657139, 0.000000000000000000 ) ) ;
#6170 = ADVANCED_FACE ( 'NONE', ( #5628 ), #756, .F. ) ;
#6171 = ORIENTED_EDGE ( 'NONE', *, *, #1771, .T. ) ;
#6172 = VECTOR ( 'NONE', #3746, 1000.000000000000000 ) ;
#6173 = VERTEX_POINT ( 'NONE', #3056 ) ;
#6174 = DIRECTION ( 'NONE',  ( 6.378601426329706152E-17, 5.352281928482944175E-17, 1.000000000000000000 ) ) ;
#6175 = CARTESIAN_POINT ( 'NONE',  ( 183.1500396633298919, 0.9050725398238210762, 519.0000000000001137 ) ) ;
#6176 = DIRECTION ( 'NONE',  ( -0.7660444535136902156, -0.6427875972986035746, 0.000000000000000000 ) ) ;
#6177 = CARTESIAN_POINT ( 'NONE',  ( 153.6098310104484881, 0.1203306969984637015, 205.3857090794443252 ) ) ;
#6178 = ORIENTED_EDGE ( 'NONE', *, *, #6349, .T. ) ;
#6179 = EDGE_CURVE ( 'NONE', #5464, #1794, #2996, .T. ) ;
#6180 = CARTESIAN_POINT ( 'NONE',  ( 146.5281689998066952, 5.448479403202862947, 280.5910341644320170 ) ) ;
#6181 = DIRECTION ( 'NONE',  ( 0.000000000000000000, 0.000000000000000000, 1.000000000000000000 ) ) ;
#6182 = CARTESIAN_POINT ( 'NONE',  ( 126.7941409408100384, -2.304579363238664858, 519.0000000000010232 ) ) ;
#6183 = DIRECTION ( 'NONE',  ( 0.7660444535136902156, 0.6427875972986035746, -0.000000000000000000 ) ) ;
#6184 = ADVANCED_FACE ( 'NONE', ( #1389 ), #4628, .T. ) ;
#6185 = PLANE ( 'NONE',  #4344 ) ;
#6186 = CARTESIAN_POINT ( 'NONE',  ( 73.40080344605416940, 4.225883518488076085, 519.0000000000000000 ) ) ;
#6187 = CARTESIAN_POINT ( 'NONE',  ( 154.3747233051220178, -0.7912324730635189596, 221.0000000000000000 ) ) ;
#6188 = CARTESIAN_POINT ( 'NONE',  ( 184.3164905826810127, 0.3083714254295336077, 50.00000000000000000 ) ) ;
#6189 = ORIENTED_EDGE ( 'NONE', *, *, #5400, .T. ) ;
#6190 = CARTESIAN_POINT ( 'NONE',  ( 181.3871779565205884, -0.2995489667175442183, 103.0000000000002416 ) ) ;
#6191 = ORIENTED_EDGE ( 'NONE', *, *, #2908, .T. ) ;
#6192 = CARTESIAN_POINT ( 'NONE',  ( 181.9403588968722261, -0.2792306540693857420, 286.0000000000006821 ) ) ;
#6193 = ORIENTED_EDGE ( 'NONE', *, *, #5650, .T. ) ;
#6194 = ADVANCED_FACE ( 'NONE', ( #6274 ), #4019, .T. ) ;
#6195 = CARTESIAN_POINT ( 'NONE',  ( 147.6519444068506175, 8.186576727800373376, 286.0000000000000000 ) ) ;
#6196 = CARTESIAN_POINT ( 'NONE',  ( 1.096502557123213206, -2.336350228143042607, 0.000000000000000000 ) ) ;
#6197 = DIRECTION ( 'NONE',  ( 0.000000000000000000, 0.000000000000000000, 1.000000000000000000 ) ) ;
#6198 = CARTESIAN_POINT ( 'NONE',  ( 103.1615656577619973, -3.172122366968166851, 0.000000000000000000 ) ) ;
#6199 = ORIENTED_EDGE ( 'NONE', *, *, #220, .F. ) ;
#6200 = LINE ( 'NONE', #4520, #4144 ) ;
#6201 = EDGE_LOOP ( 'NONE', ( #1248, #6765, #6524, #3772 ) ) ;
#6202 = EDGE_CURVE ( 'NONE', #3378, #4207, #6237, .T. ) ;
#6203 = CARTESIAN_POINT ( 'NONE',  ( 173.8844180756896378, -0.5750677431939354989, 2.000000000000019540 ) ) ;
#6204 = VECTOR ( 'NONE', #4886, 1000.000000000000000 ) ;
#6205 = CARTESIAN_POINT ( 'NONE',  ( 63.40998621428492754, -4.628416027865373650, 0.000000000000000000 ) ) ;
#6206 = ORIENTED_EDGE ( 'NONE', *, *, #996, .T. ) ;
#6207 = ORIENTED_EDGE ( 'NONE', *, *, #4252, .T. ) ;
#6208 = CARTESIAN_POINT ( 'NONE',  ( 146.5281689998066099, 5.448479403202902915, 8.514975219832464859 ) ) ;
#6209 = LINE ( 'NONE', #4463, #2620 ) ;
#6210 = CARTESIAN_POINT ( 'NONE',  ( 116.3940701465617451, 44.47234886425101053, -40.74886851933005971 ) ) ;
#6211 = CARTESIAN_POINT ( 'NONE',  ( 146.5551284178037292, 8.527798132580686641, 160.1469950980616943 ) ) ;
#6212 = VERTEX_POINT ( 'NONE', #2472 ) ;
#6213 = AXIS2_PLACEMENT_3D ( 'NONE', #6469, #1581, #3751 ) ;
#6214 = CARTESIAN_POINT ( 'NONE',  ( 152.0777421034210590, -1.165244497598704854, 142.8425430165691239 ) ) ;
#6215 = DIRECTION ( 'NONE',  ( 0.7660444535136902156, 0.6427875972986035746, -0.000000000000000000 ) ) ;
#6216 = VECTOR ( 'NONE', #6117, 1000.000000000000000 ) ;
#6217 = CARTESIAN_POINT ( 'NONE',  ( 138.0456214846427656, -1.891207153308817279, 518.9999999999994316 ) ) ;
#6218 = EDGE_CURVE ( 'NONE', #5783, #6048, #358, .T. ) ;
#6219 = DIRECTION ( 'NONE',  ( -0.9993263278466425481, -0.03670000643793608353, 0.000000000000000000 ) ) ;
#6220 = EDGE_CURVE ( 'NONE', #4363, #1177, #4553, .T. ) ;
#6221 = CARTESIAN_POINT ( 'NONE',  ( 76.53606511148414882, 5.782336191726336949, 519.0000000000000000 ) ) ;
#6222 = VERTEX_POINT ( 'NONE', #265 ) ;
#6223 = EDGE_CURVE ( 'NONE', #6710, #5835, #1423, .T. ) ;
#6224 = DIRECTION ( 'NONE',  ( -0.4545194688443997544, 0.5416752276887737416, 0.7071067812924154428 ) ) ;
#6225 = CARTESIAN_POINT ( 'NONE',  ( 14.43648920517128431, 10.35681366495590616, 0.000000000000000000 ) ) ;
#6226 = ORIENTED_EDGE ( 'NONE', *, *, #6479, .F. ) ;
#6227 = FACE_OUTER_BOUND ( 'NONE', #1553, .T. ) ;
#6228 = ORIENTED_EDGE ( 'NONE', *, *, #2838, .T. ) ;
#6229 = CARTESIAN_POINT ( 'NONE',  ( 166.6197860648234723, 4.591138886153394161, 285.9999999999998295 ) ) ;
#6230 = CARTESIAN_POINT ( 'NONE',  ( 7.457378027516017305, -4.576319088549287706, 0.000000000000000000 ) ) ;
#6231 = EDGE_CURVE ( 'NONE', #5671, #2440, #229, .T. ) ;
#6232 = CARTESIAN_POINT ( 'NONE',  ( 88.66911395920068628, 74.40221837649806957, 218.1406326955891188 ) ) ;
#6233 = CARTESIAN_POINT ( 'NONE',  ( 97.20881913628568327, -3.390685539450145836, 0.000000000000000000 ) ) ;
#6234 = VERTEX_POINT ( 'NONE', #1286 ) ;
#6235 = CARTESIAN_POINT ( 'NONE',  ( 154.7820052203695980, -1.276612174699112146, 216.7393850951210368 ) ) ;
#6236 = ORIENTED_EDGE ( 'NONE', *, *, #5927, .F. ) ;
#6237 = LINE ( 'NONE', #4660, #3890 ) ;
#6238 = CARTESIAN_POINT ( 'NONE',  ( 91.38499973394564790, -3.605079446773360452, 0.000000000000000000 ) ) ;
#6239 = ORIENTED_EDGE ( 'NONE', *, *, #197, .T. ) ;
#6240 = EDGE_CURVE ( 'NONE', #929, #6257, #1319, .T. ) ;
#6241 = ORIENTED_EDGE ( 'NONE', *, *, #6678, .T. ) ;
#6242 = ORIENTED_EDGE ( 'NONE', *, *, #467, .F. ) ;
#6243 = DIRECTION ( 'NONE',  ( 0.6427875972986036857, -0.7660444535136901045, 0.000000000000000000 ) ) ;
#6244 = VECTOR ( 'NONE', #6143, 1000.000000000000000 ) ;
#6245 = CARTESIAN_POINT ( 'NONE',  ( 184.3164905826810411, -0.1919655018532048230, 90.20490831068552495 ) ) ;
#6246 = DIRECTION ( 'NONE',  ( -0.03670000643793609046, 0.9993263278466426591, 0.000000000000000000 ) ) ;
#6247 = CARTESIAN_POINT ( 'NONE',  ( 184.3164905826809843, 0.3083714254295336077, 45.00000000000000711 ) ) ;
#6248 = EDGE_LOOP ( 'NONE', ( #6178, #6207, #995 ) ) ;
#6249 = ORIENTED_EDGE ( 'NONE', *, *, #6996, .F. ) ;
#6250 = DIRECTION ( 'NONE',  ( 0.4545194689124497089, -0.5416752277698725360, -0.7071067811865484609 ) ) ;
#6251 = CARTESIAN_POINT ( 'NONE',  ( 119.2931736833405552, -2.580699207577747067, 519.0000000000010232 ) ) ;
#6252 = CARTESIAN_POINT ( 'NONE',  ( 152.0777421034210590, -1.165244497598718620, -9.804599309964982597E-15 ) ) ;
#6253 = EDGE_CURVE ( 'NONE', #951, #3546, #2538, .T. ) ;
#6254 = LINE ( 'NONE', #5145, #4104 ) ;
#6255 = CARTESIAN_POINT ( 'NONE',  ( 102.1993876955646385, 10.54638086217300419, 519.0000000000000000 ) ) ;
#6256 = DIRECTION ( 'NONE',  ( 0.6427875972986036857, -0.7660444535136901045, 0.000000000000000000 ) ) ;
#6257 = VERTEX_POINT ( 'NONE', #5667 ) ;
#6258 = CARTESIAN_POINT ( 'NONE',  ( 0.5559462937697445817, 1.387788744410938246, 0.000000000000000000 ) ) ;
#6259 = CARTESIAN_POINT ( 'NONE',  ( 22.01935212871652681, 12.71238653461006329, 0.000000000000000000 ) ) ;
#6260 = EDGE_LOOP ( 'NONE', ( #3047, #759, #1808 ) ) ;
#6261 = DIRECTION ( 'NONE',  ( 0.6427875972986036857, -0.7660444535136901045, 0.000000000000000000 ) ) ;
#6262 = ORIENTED_EDGE ( 'NONE', *, *, #490, .T. ) ;
#6263 = CARTESIAN_POINT ( 'NONE',  ( 154.7820052715376278, -1.276612235678781015, 283.9131283650403930 ) ) ;
#6264 = ADVANCED_FACE ( 'NONE', ( #2398 ), #1862, .F. ) ;
#6265 = CARTESIAN_POINT ( 'NONE',  ( 20.51468756514057645, -5.544152707065430619, 0.000000000000000000 ) ) ;
#6266 = LINE ( 'NONE', #3479, #4465 ) ;
#6267 = PLANE ( 'NONE',  #2522 ) ;
#6268 = VERTEX_POINT ( 'NONE', #3129 ) ;
#6269 = CARTESIAN_POINT ( 'NONE',  ( 184.3164905826809843, -0.1919649553590160596, 221.0000000000000000 ) ) ;
#6270 = ORIENTED_EDGE ( 'NONE', *, *, #6272, .T. ) ;
#6271 = AXIS2_PLACEMENT_3D ( 'NONE', #5968, #1081, #2346 ) ;
#6272 = EDGE_CURVE ( 'NONE', #5728, #2726, #4770, .T. ) ;
#6273 = VECTOR ( 'NONE', #3761, 1000.000000000000000 ) ;
#6274 = FACE_OUTER_BOUND ( 'NONE', #6998, .T. ) ;
#6275 = CARTESIAN_POINT ( 'NONE',  ( 6.526095906553403658, -4.401952341291249127, 0.000000000000000000 ) ) ;
#6276 = ORIENTED_EDGE ( 'NONE', *, *, #4228, .T. ) ;
#6277 = VECTOR ( 'NONE', #3337, 999.9999999999998863 ) ;
#6278 = ORIENTED_EDGE ( 'NONE', *, *, #6696, .T. ) ;
#6279 = CARTESIAN_POINT ( 'NONE',  ( 154.7820051150426934, -1.276612049175360974, 53.51967277928765299 ) ) ;
#6280 = AXIS2_PLACEMENT_3D ( 'NONE', #1734, #6110, #3426 ) ;
#6281 = FACE_BOUND ( 'NONE', #2191, .T. ) ;
#6282 = CARTESIAN_POINT ( 'NONE',  ( 184.5679609055901835, 0.5697641997629907529, 0.000000000000000000 ) ) ;
#6283 = EDGE_LOOP ( 'NONE', ( #3149, #5961, #934, #4635 ) ) ;
#6284 = VECTOR ( 'NONE', #5408, 1000.000000000000000 ) ;
#6285 = VERTEX_POINT ( 'NONE', #3624 ) ;
#6286 = LINE ( 'NONE', #3566, #5822 ) ;
#6287 = CARTESIAN_POINT ( 'NONE',  ( 0.03112534431548428376, -0.6942191776496319244, 0.000000000000000000 ) ) ;
#6288 = CARTESIAN_POINT ( 'NONE',  ( 62.56249060553155061, 105.5148815705248779, 40.61469677290837410 ) ) ;
#6289 = VECTOR ( 'NONE', #123, 1000.000000000000000 ) ;
#6290 = EDGE_CURVE ( 'NONE', #787, #4919, #3701, .T. ) ;
#6291 = CARTESIAN_POINT ( 'NONE',  ( 132.4155919446419318, 11.15565756141425524, 0.000000000000000000 ) ) ;
#6292 = CARTESIAN_POINT ( 'NONE',  ( 81.04253092145430060, 7.375044181557184331, 519.0000000000000000 ) ) ;
#6293 = FACE_OUTER_BOUND ( 'NONE', #5991, .T. ) ;
#6294 = VERTEX_POINT ( 'NONE', #4849 ) ;
#6295 = CARTESIAN_POINT ( 'NONE',  ( 146.5281689998066383, 5.448479403202897586, 278.4697138208725278 ) ) ;
#6296 = EDGE_LOOP ( 'NONE', ( #5201, #3252, #4992, #2985 ) ) ;
#6297 = DIRECTION ( 'NONE',  ( 0.000000000000000000, -0.7938448021158673873, -0.6081204076115348522 ) ) ;
#6298 = ORIENTED_EDGE ( 'NONE', *, *, #205, .T. ) ;
#6299 = FACE_OUTER_BOUND ( 'NONE', #4481, .T. ) ;
#6300 = CARTESIAN_POINT ( 'NONE',  ( 9.314897154339250918, 8.257678079015390082, 0.000000000000000000 ) ) ;
#6301 = LINE ( 'NONE', #6706, #36 ) ;
#6302 = CARTESIAN_POINT ( 'NONE',  ( 174.5945035064749220, -0.5489890037486334640, 0.000000000000000000 ) ) ;
#6303 = VECTOR ( 'NONE', #1527, 1000.000000000000000 ) ;
#6304 = ORIENTED_EDGE ( 'NONE', *, *, #5937, .F. ) ;
#6305 = CARTESIAN_POINT ( 'NONE',  ( 148.0602579068340106, 6.734054597800094299, 64.47655302367236629 ) ) ;
#6306 = ORIENTED_EDGE ( 'NONE', *, *, #469, .T. ) ;
#6307 = ADVANCED_FACE ( 'NONE', ( #510, #2152, #5912, #2684, #4309, #1457, #4200, #5881, #6881 ), #6454, .T. ) ;
#6308 = DIRECTION ( 'NONE',  ( 0.000000000000000000, 0.000000000000000000, 1.000000000000000000 ) ) ;
#6309 = CARTESIAN_POINT ( 'NONE',  ( 70.86999996868733831, -4.356749137916177794, 0.000000000000000000 ) ) ;
#6310 = ORIENTED_EDGE ( 'NONE', *, *, #6448, .F. ) ;
#6311 = ORIENTED_EDGE ( 'NONE', *, *, #5519, .F. ) ;
#6312 = CARTESIAN_POINT ( 'NONE',  ( 0.2369448244436554163, -6.451907268908500193, 224.0000000000000000 ) ) ;
#6313 = CARTESIAN_POINT ( 'NONE',  ( 148.0602579068340106, 6.734054597800096964, 136.3302600875434791 ) ) ;
#6314 = LINE ( 'NONE', #3595, #2235 ) ;
#6315 = ORIENTED_EDGE ( 'NONE', *, *, #3555, .T. ) ;
#6316 = VECTOR ( 'NONE', #2359, 1000.000000000000114 ) ;
#6317 = CARTESIAN_POINT ( 'NONE',  ( 146.5281689998066383, 5.448479403202890481, 157.7187869762735488 ) ) ;
#6318 = DIRECTION ( 'NONE',  ( -0.03670003166893780200, 0.9993263269200401977, 0.000000000000000000 ) ) ;
#6319 = ORIENTED_EDGE ( 'NONE', *, *, #4864, .F. ) ;
#6320 = DIRECTION ( 'NONE',  ( -0.4545194689124505416, 0.5416752277698733131, -0.7071067811865473507 ) ) ;
#6321 = EDGE_CURVE ( 'NONE', #3132, #4815, #2079, .T. ) ;
#6322 = CARTESIAN_POINT ( 'NONE',  ( 70.08499443957144592, 1.419875252060793569, 519.0000000000007958 ) ) ;
#6323 = DIRECTION ( 'NONE',  ( 0.7660444535136902156, 0.6427875972986035746, 0.000000000000000000 ) ) ;
#6324 = CARTESIAN_POINT ( 'NONE',  ( 113.7656699224008747, 13.89659074921911497, 0.000000000000000000 ) ) ;
#6325 = AXIS2_PLACEMENT_3D ( 'NONE', #6364, #983, #2062 ) ;
#6326 = CARTESIAN_POINT ( 'NONE',  ( 144.8925214151674652, -1.639847116661897530, 519.0000000000000000 ) ) ;
#6327 = VERTEX_POINT ( 'NONE', #545 ) ;
#6328 = DIRECTION ( 'NONE',  ( 0.6427875972986036857, -0.7660444535136901045, 0.000000000000000000 ) ) ;
#6329 = DIRECTION ( 'NONE',  ( -0.4545194689124505971, 0.5416752277698736462, 0.7071067811865470176 ) ) ;
#6330 = VERTEX_POINT ( 'NONE', #6989 ) ;
#6331 = CARTESIAN_POINT ( 'NONE',  ( 146.5281689998066099, 5.448479403202883375, -9.804599309964982597E-15 ) ) ;
#6332 = B_SPLINE_CURVE_WITH_KNOTS ( 'NONE', 3,
 ( #6564, #3847, #10, #3949, #3404, #85, #2291, #5489, #5582, #6066 ),
 .UNSPECIFIED., .F., .F.,
 ( 4, 3, 3, 4 ),
 ( 1.734723475976807094E-17, 0.002559018337862919209, 0.01279509168931456352, 0.04299999999999999656 ),
 .UNSPECIFIED. ) ;
#6333 = ORIENTED_EDGE ( 'NONE', *, *, #6816, .T. ) ;
#6334 = CARTESIAN_POINT ( 'NONE',  ( 184.3164905826809559, 0.6290124806728307760, 163.0000000000000000 ) ) ;
#6335 = CARTESIAN_POINT ( 'NONE',  ( 160.3899999544526622, -1.070658759825990902, 0.000000000000000000 ) ) ;
#6336 = DIRECTION ( 'NONE',  ( 0.6427875972986036857, -0.7660444535136901045, 0.000000000000000000 ) ) ;
#6337 = CARTESIAN_POINT ( 'NONE',  ( 154.7820050803711922, -1.276612007855474573, 161.0000000000000000 ) ) ;
#6338 = ORIENTED_EDGE ( 'NONE', *, *, #1403, .F. ) ;
#6339 = LINE ( 'NONE', #1929, #732 ) ;
#6340 = VERTEX_POINT ( 'NONE', #2119 ) ;
#6341 = DIRECTION ( 'NONE',  ( -0.9993263269200400867, -0.03670003166893779506, 0.000000000000000000 ) ) ;
#6342 = CARTESIAN_POINT ( 'NONE',  ( 7.457378027516017305, -4.576319088549287706, 0.000000000000000000 ) ) ;
#6343 = VERTEX_POINT ( 'NONE', #3776 ) ;
#6344 = ORIENTED_EDGE ( 'NONE', *, *, #107, .T. ) ;
#6345 = CARTESIAN_POINT ( 'NONE',  ( 154.7820050641659293, -1.276611988542801335, 76.53006112620971635 ) ) ;
#6346 = FACE_BOUND ( 'NONE', #7031, .T. ) ;
#6347 = LINE ( 'NONE', #4094, #6776 ) ;
#6348 = VERTEX_POINT ( 'NONE', #465 ) ;
#6349 = EDGE_CURVE ( 'NONE', #6164, #1409, #2004, .T. ) ;
#6350 = ADVANCED_FACE ( 'NONE', ( #5844 ), #3737, .T. ) ;
#6351 = VECTOR ( 'NONE', #5315, 1000.000000000000000 ) ;
#6352 = LINE ( 'NONE', #5344, #38 ) ;
#6353 = DIRECTION ( 'NONE',  ( -0.4545194689124518739, 0.5416752277698750895, 0.7071067811865451302 ) ) ;
#6354 = ORIENTED_EDGE ( 'NONE', *, *, #5421, .F. ) ;
#6355 = CARTESIAN_POINT ( 'NONE',  ( 184.3164905826809559, 0.6290920072784035311, 106.7060122252405705 ) ) ;
#6356 = CARTESIAN_POINT ( 'NONE',  ( 74.92793094990652492, 5.060210320560393882, 518.9999999999994316 ) ) ;
#6357 = CARTESIAN_POINT ( 'NONE',  ( 148.0602579068340390, 6.734054597800104069, 77.23147659367238305 ) ) ;
#6358 = EDGE_CURVE ( 'NONE', #326, #1939, #4543, .T. ) ;
#6359 = CARTESIAN_POINT ( 'NONE',  ( 111.9008334941469087, 14.13114199211323729, 0.000000000000000000 ) ) ;
#6360 = CARTESIAN_POINT ( 'NONE',  ( 174.2683696299266387, -0.5609752032872754590, 519.0000000000000000 ) ) ;
#6361 = LINE ( 'NONE', #1473, #3199 ) ;
#6362 = EDGE_CURVE ( 'NONE', #5829, #5197, #3161, .T. ) ;
#6363 = ORIENTED_EDGE ( 'NONE', *, *, #5677, .T. ) ;
#6364 = CARTESIAN_POINT ( 'NONE',  ( 154.7636550723966877, -0.7769488441067985418, 158.0000000000000000 ) ) ;
#6365 = CARTESIAN_POINT ( 'NONE',  ( 146.5281689998066099, 5.448479403202883375, -9.804599309964982597E-15 ) ) ;
#6366 = VERTEX_POINT ( 'NONE', #1072 ) ;
#6367 = LINE ( 'NONE', #5362, #254 ) ;
#6368 = ORIENTED_EDGE ( 'NONE', *, *, #6630, .F. ) ;
#6369 = ADVANCED_FACE ( 'NONE', ( #5957 ), #4163, .T. ) ;
#6370 = VECTOR ( 'NONE', #623, 1000.000000000000000 ) ;
#6371 = EDGE_CURVE ( 'NONE', #4983, #2336, #432, .T. ) ;
#6372 = CARTESIAN_POINT ( 'NONE',  ( 184.3164905826810696, 0.6287902728323216950, 281.8262567300056389 ) ) ;
#6373 = CARTESIAN_POINT ( 'NONE',  ( 106.3049997505705448, -3.056766536985469518, 0.000000000000000000 ) ) ;
#6374 = DIRECTION ( 'NONE',  ( 0.4545194689805009403, -0.5416752278509727736, -0.7071067810806795917 ) ) ;
#6375 = CARTESIAN_POINT ( 'NONE',  ( 142.6278812289359053, 13.20810923262805048, 81.56143428830338848 ) ) ;
#6376 = CARTESIAN_POINT ( 'NONE',  ( 34.70200647458120358, -5.588821766112088696, 0.000000000000000000 ) ) ;
#6377 = ORIENTED_EDGE ( 'NONE', *, *, #270, .F. ) ;
#6378 = CARTESIAN_POINT ( 'NONE',  ( 154.7820051188861896, -1.276612053755953768, 50.00000000000000000 ) ) ;
#6379 = EDGE_LOOP ( 'NONE', ( #982, #655, #6817, #615 ) ) ;
#6380 = CARTESIAN_POINT ( 'NONE',  ( 141.7227456530524137, 14.28680784239818458, 286.0000000000000568 ) ) ;
#6381 = CARTESIAN_POINT ( 'NONE',  ( 149.2000000333229934, -1.481610907327898019, 0.000000000000000000 ) ) ;
#6382 = CARTESIAN_POINT ( 'NONE',  ( 153.6098310104484597, 0.1203306969985162844, 265.7147902047275352 ) ) ;
#6383 = FACE_OUTER_BOUND ( 'NONE', #268, .T. ) ;
#6384 = CARTESIAN_POINT ( 'NONE',  ( 154.3747231386197711, -0.7912322746338683599, 158.0000000000000000 ) ) ;
#6385 = EDGE_CURVE ( 'NONE', #6923, #3996, #6949, .T. ) ;
#6386 = VERTEX_POINT ( 'NONE', #2568 ) ;
#6387 = CARTESIAN_POINT ( 'NONE',  ( 146.4477209570765979, 8.655801363977513319, 52.00000000000000711 ) ) ;
#6388 = VECTOR ( 'NONE', #3185, 1000.000000000000000 ) ;
#6389 = CARTESIAN_POINT ( 'NONE',  ( 154.7820051191189918, -1.276612060095981604, 50.00000000000000000 ) ) ;
#6390 = VECTOR ( 'NONE', #6308, 1000.000000000000000 ) ;
#6391 = CARTESIAN_POINT ( 'NONE',  ( 154.7820052437348863, -1.276612202544788355, 226.8530061126210171 ) ) ;
#6392 = ORIENTED_EDGE ( 'NONE', *, *, #1886, .F. ) ;
#6393 = CARTESIAN_POINT ( 'NONE',  ( 69.41825131002882188, -0.7658117022034189869, 519.0000000000009095 ) ) ;
#6394 = CARTESIAN_POINT ( 'NONE',  ( 154.3747231731880731, -0.7912323158307302817, 45.00000000000000711 ) ) ;
#6395 = EDGE_CURVE ( 'NONE', #6366, #507, #4736, .T. ) ;
#6396 = AXIS2_PLACEMENT_3D ( 'NONE', #1544, #5970, #5426 ) ;
#6397 = VECTOR ( 'NONE', #1332, 1000.000000000000000 ) ;
#6398 = CARTESIAN_POINT ( 'NONE',  ( 134.2807504800734364, 10.84761995045128735, 0.000000000000000000 ) ) ;
#6399 = VECTOR ( 'NONE', #4548, 1000.000000000000000 ) ;
#6400 = CARTESIAN_POINT ( 'NONE',  ( 137.8423179569514048, -1.898665802033684624, 519.0000000000000000 ) ) ;
#6401 = VECTOR ( 'NONE', #2160, 1000.000000000000000 ) ;
#6402 = ORIENTED_EDGE ( 'NONE', *, *, #542, .T. ) ;
#6403 = LINE ( 'NONE', #3150, #654 ) ;
#6404 = ADVANCED_FACE ( 'NONE', ( #714 ), #3311, .F. ) ;
#6405 = FACE_OUTER_BOUND ( 'NONE', #4745, .T. ) ;
#6406 = EDGE_CURVE ( 'NONE', #3135, #4063, #3376, .T. ) ;
#6407 = CARTESIAN_POINT ( 'NONE',  ( 88.66911395920068628, 74.40221837649806957, 146.9638633601287552 ) ) ;
#6408 = ORIENTED_EDGE ( 'NONE', *, *, #6138, .T. ) ;
#6409 = CARTESIAN_POINT ( 'NONE',  ( 184.3164905826810127, 0.6289018800762310457, 227.7060122252388794 ) ) ;
#6410 = CARTESIAN_POINT ( 'NONE',  ( 180.5941665901060844, -0.3286712485612692247, 0.000000000000000000 ) ) ;
#6411 = CARTESIAN_POINT ( 'NONE',  ( 184.3164905826809843, -0.1919649553590160596, 221.0000000000000000 ) ) ;
#6412 = CARTESIAN_POINT ( 'NONE',  ( 154.3747231731879879, -0.7912323158307347226, 45.00000000000000711 ) ) ;
#6413 = CARTESIAN_POINT ( 'NONE',  ( 19.81148263834618106, -5.527740210294637357, 0.000000000000000000 ) ) ;
#6414 = CARTESIAN_POINT ( 'NONE',  ( 149.6099980283085245, 7.850330088536134454, 287.9999999999998863 ) ) ;
#6415 = ORIENTED_EDGE ( 'NONE', *, *, #873, .F. ) ;
#6416 = LINE ( 'NONE', #2218, #6303 ) ;
#6417 = VERTEX_POINT ( 'NONE', #2823 ) ;
#6418 = CARTESIAN_POINT ( 'NONE',  ( 0.000000000000000000, 0.000000000000000000, 2.000000000000000000 ) ) ;
#6419 = CARTESIAN_POINT ( 'NONE',  ( 165.9850000335884488, -0.8651809145555101610, 0.000000000000000000 ) ) ;
#6420 = VECTOR ( 'NONE', #1713, 1000.000000000000000 ) ;
#6421 = VERTEX_POINT ( 'NONE', #5555 ) ;
#6422 = DIRECTION ( 'NONE',  ( -0.4545194689124502085, 0.5416752277698729801, -0.7071067811865477948 ) ) ;
#6423 = DIRECTION ( 'NONE',  ( 0.000000000000000000, -0.7938448021158683865, -0.6081204076115336310 ) ) ;
#6424 = FACE_OUTER_BOUND ( 'NONE', #2197, .T. ) ;
#6425 = ADVANCED_FACE ( 'NONE', ( #6638 ), #3884, .F. ) ;
#6426 = ORIENTED_EDGE ( 'NONE', *, *, #5660, .F. ) ;
#6427 = DIRECTION ( 'NONE',  ( 0.9993263274973519517, 0.03670001594897783631, 0.000000000000000000 ) ) ;
#6428 = B_SPLINE_CURVE_WITH_KNOTS ( 'NONE', 3,
 ( #3421, #6720, #6513, #33, #3870, #2932, #1328, #2370, #5599, #1094, #5983, #1831, #2208, #3995, #1869, #5099, #1665, #73, #203, #4410, #3492 ),
 .UNSPECIFIED., .F., .F.,
 ( 4, 1, 1, 1, 1, 1, 1, 1, 2, 2, 1, 1, 2, 2, 4 ),
 ( 0.000000000000000000, 0.1249999999997288280, 0.1874999999995932420, 0.2187499999995254352, 0.2343749999994927669, 0.2421874999994764466, 0.2460937499994695354, 0.2480468749994673705, 0.2490234374994675370, 0.2499999999994677591, 0.3749999999995568545, 0.4374999999996013189, 0.4687499999996225797, 0.4999999999996438405, 1.000000000000000000 ),
 .UNSPECIFIED. ) ;
#6429 = ORIENTED_EDGE ( 'NONE', *, *, #1228, .F. ) ;
#6430 = DIRECTION ( 'NONE',  ( 0.7660444535136902156, 0.6427875972986035746, -0.000000000000000000 ) ) ;
#6431 = CARTESIAN_POINT ( 'NONE',  ( 146.5281689998066099, 5.448479403202894922, 207.3857090794443252 ) ) ;
#6432 = ORIENTED_EDGE ( 'NONE', *, *, #3035, .T. ) ;
#6433 = DIRECTION ( 'NONE',  ( 0.000000000000000000, -0.000000000000000000, 1.000000000000000000 ) ) ;
#6434 = CARTESIAN_POINT ( 'NONE',  ( 2.401864739266759141, -3.298481670053738934, 0.000000000000000000 ) ) ;
#6435 = CARTESIAN_POINT ( 'NONE',  ( 184.3164905826809559, 0.6289704663906894311, 189.4431894912167422 ) ) ;
#6436 = CARTESIAN_POINT ( 'NONE',  ( 119.3608239838982996, 13.14601217225882124, 0.000000000000000000 ) ) ;
#6437 = VECTOR ( 'NONE', #2330, 1000.000000000000000 ) ;
#6438 = CARTESIAN_POINT ( 'NONE',  ( 142.9341319215431270, -1.711770838384080395, 519.0000000000000000 ) ) ;
#6439 = FACE_OUTER_BOUND ( 'NONE', #165, .T. ) ;
#6440 = VERTEX_POINT ( 'NONE', #4882 ) ;
#6441 = CARTESIAN_POINT ( 'NONE',  ( 146.4386916254757125, 8.666562102704993720, 42.02896310781769529 ) ) ;
#6442 = CARTESIAN_POINT ( 'NONE',  ( 153.6098310104484312, 0.1203306969985301622, -9.804599309964982597E-15 ) ) ;
#6443 = LINE ( 'NONE', #5902, #4907 ) ;
#6444 = EDGE_LOOP ( 'NONE', ( #2860, #5331, #3574, #3351 ) ) ;
#6445 = CARTESIAN_POINT ( 'NONE',  ( 42.49131885028619138, 129.4347734029800279, 71.83989750732985158 ) ) ;
#6446 = CARTESIAN_POINT ( 'NONE',  ( 169.0933332448341844, -0.7510275903212806359, 0.000000000000000000 ) ) ;
#6447 = CARTESIAN_POINT ( 'NONE',  ( 184.3164905826808990, -0.1919651984479403550, 168.8404099365859850 ) ) ;
#6448 = EDGE_CURVE ( 'NONE', #6772, #2141, #5015, .T. ) ;
#6449 = CARTESIAN_POINT ( 'NONE',  ( 149.8686016192806107, 7.981339765280607068, 105.0000000000000000 ) ) ;
#6450 = VECTOR ( 'NONE', #2531, 1000.000000000000000 ) ;
#6451 = ORIENTED_EDGE ( 'NONE', *, *, #6696, .F. ) ;
#6452 = LINE ( 'NONE', #1635, #2892 ) ;
#6453 = EDGE_LOOP ( 'NONE', ( #1498, #4091, #1536, #723 ) ) ;
#6454 = PLANE ( 'NONE',  #4909 ) ;
#6455 = CARTESIAN_POINT ( 'NONE',  ( 162.2550002588989742, -1.002173716036702356, 0.000000000000000000 ) ) ;
#6456 = EDGE_CURVE ( 'NONE', #2765, #5778, #3704, .T. ) ;
#6457 = EDGE_LOOP ( 'NONE', ( #1930, #443, #3951 ) ) ;
#6458 = FACE_BOUND ( 'NONE', #1901, .T. ) ;
#6459 = DIRECTION ( 'NONE',  ( 0.6427875972985906960, -0.7660444535137010957, 0.000000000000000000 ) ) ;
#6460 = ORIENTED_EDGE ( 'NONE', *, *, #4788, .T. ) ;
#6461 = FACE_OUTER_BOUND ( 'NONE', #1627, .T. ) ;
#6462 = ADVANCED_FACE ( 'NONE', ( #2327 ), #4485, .F. ) ;
#6463 = VERTEX_POINT ( 'NONE', #3278 ) ;
#6464 = DIRECTION ( 'NONE',  ( 0.6427875972986036857, -0.7660444535136901045, -1.368455531567204475E-48 ) ) ;
#6465 = FACE_OUTER_BOUND ( 'NONE', #1966, .T. ) ;
#6466 = EDGE_LOOP ( 'NONE', ( #3342, #2439, #4696, #940 ) ) ;
#6467 = DIRECTION ( 'NONE',  ( 0.4545194689805009403, -0.5416752278509726626, 0.7071067810806797027 ) ) ;
#6468 = CARTESIAN_POINT ( 'NONE',  ( 142.5908565353081201, 8.521159497931883209, 518.9999999999989768 ) ) ;
#6469 = CARTESIAN_POINT ( 'NONE',  ( 88.66911395920068628, 74.40221837649806957, 181.8757090794443059 ) ) ;
#6470 = B_SPLINE_CURVE_WITH_KNOTS ( 'NONE', 3,
 ( #1305, #6190, #5577, #708, #3470, #5042 ),
 .UNSPECIFIED., .F., .F.,
 ( 4, 1, 1, 4 ),
 ( 0.000000000000000000, 0.008793849220526594665, 0.01983266327537161131, 0.02955439552114788246 ),
 .UNSPECIFIED. ) ;
#6471 = CARTESIAN_POINT ( 'NONE',  ( 3.761120103131833758, 4.772947774574916480, 0.000000000000000000 ) ) ;
#6472 = CARTESIAN_POINT ( 'NONE',  ( 133.9255377336083939, -2.042406074869277610, 519.0000000000000000 ) ) ;
#6473 = FACE_BOUND ( 'NONE', #1179, .T. ) ;
#6474 = FACE_OUTER_BOUND ( 'NONE', #2579, .T. ) ;
#6475 = DIRECTION ( 'NONE',  ( 8.796262431460665264E-49, -1.048297769837185521E-48, 1.000000000000000000 ) ) ;
#6476 = PLANE ( 'NONE',  #1408 ) ;
#6477 = LINE ( 'NONE', #4226, #1489 ) ;
#6478 = EDGE_LOOP ( 'NONE', ( #3662, #1005, #6081 ) ) ;
#6479 = EDGE_CURVE ( 'NONE', #6094, #2948, #6332, .T. ) ;
#6480 = PLANE ( 'NONE',  #3993 ) ;
#6481 = CARTESIAN_POINT ( 'NONE',  ( 83.92500179146483674, -3.879828715142262130, 0.000000000000000000 ) ) ;
#6482 = DIRECTION ( 'NONE',  ( -0.6427875972986035746, 0.7660444535136902156, 6.018531076210112041E-33 ) ) ;
#6483 = CARTESIAN_POINT ( 'NONE',  ( 174.2926462376335053, -0.5600758461561876622, 48.00000000000000000 ) ) ;
#6484 = CARTESIAN_POINT ( 'NONE',  ( 40.65710486259161627, -5.448287774127210881, 0.000000000000000000 ) ) ;
#6485 = ORIENTED_EDGE ( 'NONE', *, *, #6166, .T. ) ;
#6486 = FACE_BOUND ( 'NONE', #1885, .T. ) ;
#6487 = ORIENTED_EDGE ( 'NONE', *, *, #5918, .T. ) ;
#6488 = EDGE_CURVE ( 'NONE', #2287, #3132, #4449, .T. ) ;
#6489 = CARTESIAN_POINT ( 'NONE',  ( 154.8641043164111295, -1.273596901759298516, 162.9999999999999147 ) ) ;
#6490 = CARTESIAN_POINT ( 'NONE',  ( 169.7149999668257578, -0.7281990967229315936, 0.000000000000000000 ) ) ;
#6491 = AXIS2_PLACEMENT_3D ( 'NONE', #71, #5543, #5437 ) ;
#6492 = ORIENTED_EDGE ( 'NONE', *, *, #988, .T. ) ;
#6493 = CARTESIAN_POINT ( 'NONE',  ( 184.3164905826809559, -0.1919652042340390108, 167.4202049682929783 ) ) ;
#6494 = FACE_BOUND ( 'NONE', #4986, .T. ) ;
#6495 = CARTESIAN_POINT ( 'NONE',  ( 146.5281689998066383, 5.448479403202890481, 192.6306326955890995 ) ) ;
#6496 = ORIENTED_EDGE ( 'NONE', *, *, #2017, .T. ) ;
#6497 = CARTESIAN_POINT ( 'NONE',  ( 154.7820050803711922, -1.276612007855474573, 158.0000000000000000 ) ) ;
#6498 = ORIENTED_EDGE ( 'NONE', *, *, #2760, .T. ) ;
#6499 = CARTESIAN_POINT ( 'NONE',  ( 153.6098310104484312, 0.1203306969985249580, 77.23147659367238305 ) ) ;
#6500 = VERTEX_POINT ( 'NONE', #4950 ) ;
#6501 = PLANE ( 'NONE',  #6396 ) ;
#6502 = CARTESIAN_POINT ( 'NONE',  ( 184.3164905826809559, 0.6290124806728307760, 163.0000000000000000 ) ) ;
#6503 = CARTESIAN_POINT ( 'NONE',  ( 80.74501047614974425, 16.81121638947341523, 0.000000000000000000 ) ) ;
#6504 = PLANE ( 'NONE',  #5638 ) ;
#6505 = ORIENTED_EDGE ( 'NONE', *, *, #6919, .F. ) ;
#6506 = VECTOR ( 'NONE', #1576, 1000.000000000000000 ) ;
#6507 = AXIS2_PLACEMENT_3D ( 'NONE', #5770, #5124, #1931 ) ;
#6508 = CARTESIAN_POINT ( 'NONE',  ( 0.03268493629786724947, 0.2211495890942757059, 0.000000000000000000 ) ) ;
#6509 = DIRECTION ( 'NONE',  ( 0.000000000000000000, -0.000000000000000000, 1.000000000000000000 ) ) ;
#6510 = CARTESIAN_POINT ( 'NONE',  ( 152.7677784200770077, -1.350582513633435733, 0.000000000000000000 ) ) ;
#6511 = VECTOR ( 'NONE', #6934, 1000.000000000000000 ) ;
#6512 = CARTESIAN_POINT ( 'NONE',  ( 176.9007343004940367, 2.360263299780681834, 226.0000000000000853 ) ) ;
#6513 = CARTESIAN_POINT ( 'NONE',  ( 179.8892422151978110, 1.671934614944386555, 50.00000000000000000 ) ) ;
#6514 = VECTOR ( 'NONE', #4572, 1000.000000000000114 ) ;
#6515 = CARTESIAN_POINT ( 'NONE',  ( 88.66911395920067207, 74.40221837649805536, 87.98640020981726195 ) ) ;
#6516 = EDGE_CURVE ( 'NONE', #4981, #957, #2185, .T. ) ;
#6517 = EDGE_LOOP ( 'NONE', ( #226, #4724, #2524, #6460 ) ) ;
#6518 = CARTESIAN_POINT ( 'NONE',  ( 148.0602579068340390, 6.734054597800096964, 157.7187869762735488 ) ) ;
#6519 = VECTOR ( 'NONE', #6133, 1000.000000000000114 ) ;
#6520 = CARTESIAN_POINT ( 'NONE',  ( 172.7028680866026775, 3.236790954149250776, 519.0000000000000000 ) ) ;
#6521 = LINE ( 'NONE', #3656, #3533 ) ;
#6522 = CARTESIAN_POINT ( 'NONE',  ( 146.6897318656718028, 8.367383984740074609, 273.2049354799572711 ) ) ;
#6523 = CARTESIAN_POINT ( 'NONE',  ( 37.67974063823137953, -5.526428527003967694, 0.000000000000000000 ) ) ;
#6524 = ORIENTED_EDGE ( 'NONE', *, *, #2833, .T. ) ;
#6525 = FACE_OUTER_BOUND ( 'NONE', #2601, .T. ) ;
#6526 = ORIENTED_EDGE ( 'NONE', *, *, #3974, .F. ) ;
#6527 = PLANE ( 'NONE',  #702 ) ;
#6528 = CARTESIAN_POINT ( 'NONE',  ( 173.4449997464855073, -0.5912064305830767585, 0.000000000000000000 ) ) ;
#6529 = ORIENTED_EDGE ( 'NONE', *, *, #873, .T. ) ;
#6530 = FACE_BOUND ( 'NONE', #3075, .T. ) ;
#6531 = CARTESIAN_POINT ( 'NONE',  ( 146.5281689998066099, 5.448479403202884264, 10.63629556339205706 ) ) ;
#6532 = ADVANCED_FACE ( 'NONE', ( #3348 ), #6527, .F. ) ;
#6533 = ORIENTED_EDGE ( 'NONE', *, *, #5986, .T. ) ;
#6534 = EDGE_CURVE ( 'NONE', #2820, #1285, #1180, .T. ) ;
#6535 = LINE ( 'NONE', #5851, #2653 ) ;
#6536 = VERTEX_POINT ( 'NONE', #6601 ) ;
#6537 = CARTESIAN_POINT ( 'NONE',  ( 152.0777421034210874, -1.165244497598656226, 192.6306326955890995 ) ) ;
#6538 = EDGE_LOOP ( 'NONE', ( #691, #1502, #6077, #4430 ) ) ;
#6539 = CARTESIAN_POINT ( 'NONE',  ( 148.0602579068340390, 6.734054597800090747, 32.02482244953694135 ) ) ;
#6540 = CARTESIAN_POINT ( 'NONE',  ( 145.7318967508189758, 8.843203441691455780, 0.000000000000000000 ) ) ;
#6541 = LINE ( 'NONE', #1652, #6070 ) ;
#6542 = FACE_OUTER_BOUND ( 'NONE', #3882, .T. ) ;
#6543 = VECTOR ( 'NONE', #4768, 1000.000000000000000 ) ;
#6544 = ORIENTED_EDGE ( 'NONE', *, *, #3281, .F. ) ;
#6545 = CARTESIAN_POINT ( 'NONE',  ( 7.444189030984896149, 7.295727210227484605, 0.000000000000000000 ) ) ;
#6546 = EDGE_CURVE ( 'NONE', #2798, #3845, #1637, .T. ) ;
#6547 = DIRECTION ( 'NONE',  ( 0.7660444535136902156, 0.6427875972986035746, -0.000000000000000000 ) ) ;
#6548 = CARTESIAN_POINT ( 'NONE',  ( 88.66911395920068628, 74.40221837649806957, 257.0811869321423728 ) ) ;
#6549 = DIRECTION ( 'NONE',  ( -0.7660444535136902156, -0.6427875972986035746, 0.000000000000000000 ) ) ;
#6550 = CARTESIAN_POINT ( 'NONE',  ( 154.7820050330806509, -1.276611951496848807, 108.0000000000000284 ) ) ;
#6551 = DIRECTION ( 'NONE',  ( 0.000000000000000000, -0.7938448022037754015, -0.6081204074967789808 ) ) ;
#6552 = AXIS2_PLACEMENT_3D ( 'NONE', #2106, #2589, #5321 ) ;
#6553 = CARTESIAN_POINT ( 'NONE',  ( 146.5281689998066383, 5.448479403202855842, 21.26989883339205889 ) ) ;
#6554 = CARTESIAN_POINT ( 'NONE',  ( 186.2145809027557277, 0.1794292370297787820, 519.0000000000000000 ) ) ;
#6555 = EDGE_CURVE ( 'NONE', #5011, #1821, #5994, .T. ) ;
#6556 = PLANE ( 'NONE',  #6622 ) ;
#6557 = CARTESIAN_POINT ( 'NONE',  ( 152.0777421034210306, -1.165244497598683981, 181.8757090794443059 ) ) ;
#6558 = CARTESIAN_POINT ( 'NONE',  ( 69.29643318206649383, 0.0005751045010077147001, 518.9999999999998863 ) ) ;
#6559 = VECTOR ( 'NONE', #7004, 1000.000000000000000 ) ;
#6560 = DIRECTION ( 'NONE',  ( 0.4545194689124497089, -0.5416752277698725360, -0.7071067811865484609 ) ) ;
#6561 = ORIENTED_EDGE ( 'NONE', *, *, #6240, .T. ) ;
#6562 = CARTESIAN_POINT ( 'NONE',  ( 146.6127420151777585, 8.459136918672980343, 211.2049302347194271 ) ) ;
#6563 = ORIENTED_EDGE ( 'NONE', *, *, #157, .T. ) ;
#6564 = CARTESIAN_POINT ( 'NONE',  ( 154.7820052833510545, -1.276612249757582918, 2.000000000000027534 ) ) ;
#6565 = CARTESIAN_POINT ( 'NONE',  ( 147.3356516442727013, 8.536941453396611479, 0.000000000000000000 ) ) ;
#6566 = AXIS2_PLACEMENT_3D ( 'NONE', #1338, #3504, #5613 ) ;
#6567 = ORIENTED_EDGE ( 'NONE', *, *, #25, .F. ) ;
#6568 = VECTOR ( 'NONE', #5394, 1000.000000000000000 ) ;
#6569 = LINE ( 'NONE', #1682, #4106 ) ;
#6570 = CARTESIAN_POINT ( 'NONE',  ( 154.3747231731879879, -0.7912323158307347226, 53.00000000000000711 ) ) ;
#6571 = VERTEX_POINT ( 'NONE', #5620 ) ;
#6572 = EDGE_CURVE ( 'NONE', #125, #3004, #1414, .T. ) ;
#6573 = CARTESIAN_POINT ( 'NONE',  ( 152.0777421034210306, -1.165244497598732609, 21.26989883339205889 ) ) ;
#6574 = ORIENTED_EDGE ( 'NONE', *, *, #6996, .T. ) ;
#6575 = CARTESIAN_POINT ( 'NONE',  ( 90.20120286622805850, 75.68779357109526984, 87.98640020981726195 ) ) ;
#6576 = VERTEX_POINT ( 'NONE', #3548 ) ;
#6577 = DIRECTION ( 'NONE',  ( 0.7660444535136902156, 0.6427875972986035746, 0.000000000000000000 ) ) ;
#6578 = CARTESIAN_POINT ( 'NONE',  ( 127.6634988278498355, 10.09967979251546666, 519.0000000000005684 ) ) ;
#6579 = DIRECTION ( 'NONE',  ( -0.9993263278466425481, -0.03670000643793608353, 0.000000000000000000 ) ) ;
#6580 = DIRECTION ( 'NONE',  ( 0.000000000000000000, 0.7938448021158684975, 0.6081204076115334090 ) ) ;
#6581 = ORIENTED_EDGE ( 'NONE', *, *, #4658, .F. ) ;
#6582 = EDGE_CURVE ( 'NONE', #4521, #2534, #6802, .T. ) ;
#6583 = EDGE_CURVE ( 'NONE', #3293, #507, #4027, .T. ) ;
#6584 = CARTESIAN_POINT ( 'NONE',  ( 0.3906755702511247041, -1.491234882766996561, 0.000000000000000000 ) ) ;
#6585 = CARTESIAN_POINT ( 'NONE',  ( 187.3164905826809843, -0.08178092353511093315, 519.0000000000000000 ) ) ;
#6586 = LINE ( 'NONE', #1698, #3827 ) ;
#6587 = CARTESIAN_POINT ( 'NONE',  ( 187.1878841303897332, -0.08650454045544138382, 519.0000000000001137 ) ) ;
#6588 = CARTESIAN_POINT ( 'NONE',  ( 146.9242251926333438, 8.387026696334862308, 226.0000000000000568 ) ) ;
#6589 = CARTESIAN_POINT ( 'NONE',  ( 154.7820050803711922, -1.276612007855474573, 163.0000000000000284 ) ) ;
#6590 = EDGE_CURVE ( 'NONE', #2423, #6923, #2885, .T. ) ;
#6591 = CARTESIAN_POINT ( 'NONE',  ( 184.3164905826810127, 0.6292058004758026568, 3.706012225241190450 ) ) ;
#6592 = CARTESIAN_POINT ( 'NONE',  ( 140.1932295678151092, 8.825443009435632646, 519.0000000000000000 ) ) ;
#6593 = DIRECTION ( 'NONE',  ( 0.7660444535136902156, 0.6427875972986035746, -0.000000000000000000 ) ) ;
#6594 = CARTESIAN_POINT ( 'NONE',  ( 133.9977788660430917, 10.90288465965361553, 0.000000000000000000 ) ) ;
#6595 = DIRECTION ( 'NONE',  ( 0.6427875972986036857, -0.7660444535136901045, -1.368455531567204475E-48 ) ) ;
#6596 = CARTESIAN_POINT ( 'NONE',  ( 69.93225556446446944, -1.455631790140877735, 519.0000000000010232 ) ) ;
#6597 = ORIENTED_EDGE ( 'NONE', *, *, #5235, .F. ) ;
#6598 = CARTESIAN_POINT ( 'NONE',  ( 153.6098310104484881, 0.1203306969984607733, -9.804599309964982597E-15 ) ) ;
#6599 = ORIENTED_EDGE ( 'NONE', *, *, #1917, .F. ) ;
#6600 = EDGE_CURVE ( 'NONE', #2967, #3964, #2987, .T. ) ;
#6601 = CARTESIAN_POINT ( 'NONE',  ( 153.6098310104484881, 0.1203306969984747621, 32.02482244953694845 ) ) ;
#6602 = CARTESIAN_POINT ( 'NONE',  ( 44.75876882989183514, 16.38371798889331643, 0.000000000000000000 ) ) ;
#6603 = ORIENTED_EDGE ( 'NONE', *, *, #5308, .F. ) ;
#6604 = EDGE_LOOP ( 'NONE', ( #5453, #6992, #263 ) ) ;
#6605 = DIRECTION ( 'NONE',  ( 0.7660444535136902156, 0.6427875972986035746, -0.000000000000000000 ) ) ;
#6606 = ORIENTED_EDGE ( 'NONE', *, *, #5734, .F. ) ;
#6607 = FACE_OUTER_BOUND ( 'NONE', #3435, .T. ) ;
#6608 = VECTOR ( 'NONE', #1496, 1000.000000000000000 ) ;
#6609 = ORIENTED_EDGE ( 'NONE', *, *, #1658, .F. ) ;
#6610 = B_SPLINE_CURVE_WITH_KNOTS ( 'NONE', 3,
 ( #6550, #3300, #5636, #1625, #2898, #2172, #4329 ),
 .UNSPECIFIED., .F., .F.,
 ( 4, 3, 4 ),
 ( 0.003000000000000030420, 0.01279509168931450280, 0.05300000000000000544 ),
 .UNSPECIFIED. ) ;
#6611 = CARTESIAN_POINT ( 'NONE',  ( 88.35940421778548171, 9.141411710763852838, 519.0000000000001137 ) ) ;
#6612 = ORIENTED_EDGE ( 'NONE', *, *, #4547, .F. ) ;
#6613 = CARTESIAN_POINT ( 'NONE',  ( 56.92258549315099003, 16.95153070736420986, 0.000000000000000000 ) ) ;
#6614 = DIRECTION ( 'NONE',  ( 0.4545194689805009403, -0.5416752278509726626, 0.7071067810806797027 ) ) ;
#6615 = ORIENTED_EDGE ( 'NONE', *, *, #6967, .T. ) ;
#6616 = LINE ( 'NONE', #1772, #4233 ) ;
#6617 = CARTESIAN_POINT ( 'NONE',  ( 75.99680942951682994, 92.61593103586358211, 22.09811374147070850 ) ) ;
#6618 = CARTESIAN_POINT ( 'NONE',  ( 168.2884815441682065, -20.48445209919029253, 123.8657496186580289 ) ) ;
#6619 = CARTESIAN_POINT ( 'NONE',  ( 186.8442518379784190, -0.09912589250960590626, 519.0000000000000000 ) ) ;
#6620 = ADVANCED_FACE ( 'NONE', ( #6299 ), #2465, .T. ) ;
#6621 = CARTESIAN_POINT ( 'NONE',  ( 146.5281689998066952, 5.448479403202796334, 259.2025072757019757 ) ) ;
#6622 = AXIS2_PLACEMENT_3D ( 'NONE', #2283, #2319, #5575 ) ;
#6623 = ADVANCED_FACE ( 'NONE', ( #5693 ), #5155, .F. ) ;
#6624 = CARTESIAN_POINT ( 'NONE',  ( 184.3164905826810127, 0.6292049992657218205, 4.559018337861776793 ) ) ;
#6625 = CARTESIAN_POINT ( 'NONE',  ( 149.2014617571512360, 7.559181650928842089, 519.0000000000000000 ) ) ;
#6626 = DIRECTION ( 'NONE',  ( -0.4545194689124505971, 0.5416752277698736462, 0.7071067811865470176 ) ) ;
#6627 = AXIS2_PLACEMENT_3D ( 'NONE', #6826, #4108, #3012 ) ;
#6628 = CARTESIAN_POINT ( 'NONE',  ( 179.4939268584717524, 1.752396962257196211, 519.0000000000002274 ) ) ;
#6629 = AXIS2_PLACEMENT_3D ( 'NONE', #4293, #5980, #104 ) ;
#6630 = EDGE_CURVE ( 'NONE', #5783, #5841, #1479, .T. ) ;
#6631 = VECTOR ( 'NONE', #1968, 999.9999999999998863 ) ;
#6632 = DIRECTION ( 'NONE',  ( 0.7660444535136902156, 0.6427875972986035746, -0.000000000000000000 ) ) ;
#6633 = CARTESIAN_POINT ( 'NONE',  ( 3.558422940340653540, -3.768418143996747904, 0.000000000000000000 ) ) ;
#6634 = ORIENTED_EDGE ( 'NONE', *, *, #1656, .T. ) ;
#6635 = CARTESIAN_POINT ( 'NONE',  ( 88.66911395920065786, 74.40221837649808379, 32.02482244953687740 ) ) ;
#6636 = EDGE_LOOP ( 'NONE', ( #2496, #2299, #1250, #382, #3101, #2784, #2961, #6858 ) ) ;
#6637 = VECTOR ( 'NONE', #6754, 1000.000000000000000 ) ;
#6638 = FACE_OUTER_BOUND ( 'NONE', #5451, .T. ) ;
#6639 = CARTESIAN_POINT ( 'NONE',  ( 124.9556290558779068, 12.33078419755006117, 0.000000000000000000 ) ) ;
#6640 = B_SPLINE_CURVE_WITH_KNOTS ( 'NONE', 3,
 ( #1475, #4111, #2105, #3183, #6441, #344, #6974, #5359, #878, #453 ),
 .UNSPECIFIED., .F., .F.,
 ( 4, 3, 3, 4 ),
 ( 6.938893903907228378E-18, 0.002559018337872528710, 0.01279509169048763557, 0.04600004269069234153 ),
 .UNSPECIFIED. ) ;
#6641 = VECTOR ( 'NONE', #4281, 1000.000000000000114 ) ;
#6642 = ORIENTED_EDGE ( 'NONE', *, *, #922, .T. ) ;
#6643 = DIRECTION ( 'NONE',  ( 0.6427875972986036857, -0.7660444535136901045, 0.000000000000000000 ) ) ;
#6644 = EDGE_LOOP ( 'NONE', ( #5586, #4809, #6831 ) ) ;
#6645 = DIRECTION ( 'NONE',  ( 0.000000000000000000, 0.7938448021158702739, -0.6081204076115311885 ) ) ;
#6646 = ORIENTED_EDGE ( 'NONE', *, *, #2596, .F. ) ;
#6647 = CARTESIAN_POINT ( 'NONE',  ( 30.25293213377088364, 14.55707463803126522, 0.000000000000000000 ) ) ;
#6648 = ORIENTED_EDGE ( 'NONE', *, *, #5023, .F. ) ;
#6649 = LINE ( 'NONE', #1222, #5027 ) ;
#6650 = DIRECTION ( 'NONE',  ( 0.7660444535136902156, 0.6427875972986035746, -0.000000000000000000 ) ) ;
#6651 = CARTESIAN_POINT ( 'NONE',  ( 146.4478853129096478, 8.656688963823146565, 50.00000000000000000 ) ) ;
#6652 = ORIENTED_EDGE ( 'NONE', *, *, #4561, .T. ) ;
#6653 = CARTESIAN_POINT ( 'NONE',  ( 189.2397769683284992, -42.34178679676386992, 154.0766724783158281 ) ) ;
#6654 = VECTOR ( 'NONE', #4987, 999.9999999999998863 ) ;
#6655 = CARTESIAN_POINT ( 'NONE',  ( 97.20881913628568327, -3.390685539450145836, 0.000000000000000000 ) ) ;
#6656 = PRODUCT ( '\X2\895f7ffc\X0\', '\X2\895f7ffc\X0\', '', ( #6046 ) ) ;
#6657 = DIRECTION ( 'NONE',  ( 0.000000000000000000, 0.000000000000000000, 1.000000000000000000 ) ) ;
#6658 = B_SPLINE_CURVE_WITH_KNOTS ( 'NONE', 3,
 ( #8, #2680, #4307, #2150, #4341, #1105, #2716, #5332, #3126, #2638 ),
 .UNSPECIFIED., .F., .F.,
 ( 4, 1, 1, 1, 1, 1, 1, 4 ),
 ( 0.005164686123111940710, 0.009176497417809167945, 0.01445045196485644952, 0.02499836105895108379, 0.03027231560599828730, 0.03554627015304556714, 0.04082022470009284698, 0.04375357585044042236 ),
 .UNSPECIFIED. ) ;
#6659 = DIRECTION ( 'NONE',  ( 0.7660444535136902156, 0.6427875972986035746, -0.000000000000000000 ) ) ;
#6660 = CARTESIAN_POINT ( 'NONE',  ( 169.9619579508106995, 3.810405632067210835, 519.0000000000000000 ) ) ;
#6661 = CARTESIAN_POINT ( 'NONE',  ( 90.20120286622807271, 75.68779357109528405, 192.6306326955890995 ) ) ;
#6662 = CARTESIAN_POINT ( 'NONE',  ( 186.5000000000000000, 0.1117699999999999944, 0.000000000000000000 ) ) ;
#6663 = CARTESIAN_POINT ( 'NONE',  ( 153.6098310104484597, 0.1203306969985024066, 207.3857090794443252 ) ) ;
#6664 = CARTESIAN_POINT ( 'NONE',  ( 73.83725383742341819, -2.883126266565492202, 518.9999999999997726 ) ) ;
#6665 = DIRECTION ( 'NONE',  ( 0.4545194689124497089, -0.5416752277698725360, -0.7071067811865484609 ) ) ;
#6666 = ORIENTED_EDGE ( 'NONE', *, *, #5217, .F. ) ;
#6667 = DIRECTION ( 'NONE',  ( -6.378601426329706152E-17, -5.352281928482944175E-17, -1.000000000000000000 ) ) ;
#6668 = VECTOR ( 'NONE', #2889, 1000.000000000000000 ) ;
#6669 = EDGE_LOOP ( 'NONE', ( #6319, #1030, #2507, #319 ) ) ;
#6670 = DIRECTION ( 'NONE',  ( 0.000000000000000000, 0.000000000000000000, 1.000000000000000000 ) ) ;
#6671 = CARTESIAN_POINT ( 'NONE',  ( 145.4708042027563977, 8.883388676456528188, 0.000000000000000000 ) ) ;
#6672 = VERTEX_POINT ( 'NONE', #2354 ) ;
#6673 = CARTESIAN_POINT ( 'NONE',  ( 184.3164905826809559, -0.1919647385012873408, 273.2049083106854255 ) ) ;
#6674 = ORIENTED_EDGE ( 'NONE', *, *, #3555, .F. ) ;
#6675 = EDGE_CURVE ( 'NONE', #6234, #3373, #4515, .T. ) ;
#6676 = FACE_OUTER_BOUND ( 'NONE', #3592, .T. ) ;
#6677 = AXIS2_PLACEMENT_3D ( 'NONE', #3436, #776, #2944 ) ;
#6678 = EDGE_CURVE ( 'NONE', #6672, #3209, #4021, .T. ) ;
#6679 = ORIENTED_EDGE ( 'NONE', *, *, #4211, .T. ) ;
#6680 = CARTESIAN_POINT ( 'NONE',  ( 50.96896239776909709, 16.75416886135030481, 0.000000000000000000 ) ) ;
#6681 = EDGE_LOOP ( 'NONE', ( #5303, #4390, #1999 ) ) ;
#6682 = LINE ( 'NONE', #129, #5365 ) ;
#6683 = DIRECTION ( 'NONE',  ( 1.000000000000000000, 0.000000000000000000, -0.000000000000000000 ) ) ;
#6684 = CARTESIAN_POINT ( 'NONE',  ( 184.3164905826810127, -0.1919656607773315982, 45.29398777475807236 ) ) ;
#6685 = VERTEX_POINT ( 'NONE', #748 ) ;
#6686 = EDGE_CURVE ( 'NONE', #4425, #6340, #2916, .T. ) ;
#6687 = EDGE_CURVE ( 'NONE', #2948, #2397, #6734, .T. ) ;
#6688 = CARTESIAN_POINT ( 'NONE',  ( 88.66911395920067207, 74.40221837649805536, 53.77894174285809470 ) ) ;
#6689 = CARTESIAN_POINT ( 'NONE',  ( 43.63409746381768173, -5.357289352544243322, 0.000000000000000000 ) ) ;
#6690 = CARTESIAN_POINT ( 'NONE',  ( 184.3164905826809559, -0.1919654647764873767, 100.2939877747580937 ) ) ;
#6691 = CARTESIAN_POINT ( 'NONE',  ( 110.7626278965534397, 48.07219290390907673, -34.37140671382515222 ) ) ;
#6692 = CARTESIAN_POINT ( 'NONE',  ( 69.98951822711845239, -1.502261041056815349, 519.0000000000000000 ) ) ;
#6693 = CARTESIAN_POINT ( 'NONE',  ( 146.5281689998066383, 5.448479403202869165, 169.1207854632994270 ) ) ;
#6694 = CARTESIAN_POINT ( 'NONE',  ( 153.6098310104484881, 0.1203306969984607733, -9.804599309964982597E-15 ) ) ;
#6695 = PLANE ( 'NONE',  #2012 ) ;
#6696 = EDGE_CURVE ( 'NONE', #5589, #253, #4586, .T. ) ;
#6697 = CARTESIAN_POINT ( 'NONE',  ( -0.005861087495629316302, 0.04973143691726220755, 0.000000000000000000 ) ) ;
#6698 = CARTESIAN_POINT ( 'NONE',  ( 171.9966966361986636, 3.450912371454294192, 224.0000000000001421 ) ) ;
#6699 = ORIENTED_EDGE ( 'NONE', *, *, #4043, .F. ) ;
#6700 = DIRECTION ( 'NONE',  ( 0.000000000000000000, 0.000000000000000000, 1.000000000000000000 ) ) ;
#6701 = VERTEX_POINT ( 'NONE', #5364 ) ;
#6702 = ADVANCED_FACE ( 'NONE', ( #4229 ), #3728, .F. ) ;
#6703 = CARTESIAN_POINT ( 'NONE',  ( 92.77692384176870632, 69.50672103047794792, -6.390617833685062976 ) ) ;
#6704 = VECTOR ( 'NONE', #669, 1000.000000000000000 ) ;
#6705 = CARTESIAN_POINT ( 'NONE',  ( 65.27496020676093735, 17.08393238232035571, 0.000000000000000000 ) ) ;
#6706 = CARTESIAN_POINT ( 'NONE',  ( 90.20120286622807271, 75.68779357109528405, 179.8757090794443059 ) ) ;
#6707 = ORIENTED_EDGE ( 'NONE', *, *, #5209, .F. ) ;
#6708 = EDGE_CURVE ( 'NONE', #1770, #5391, #1993, .T. ) ;
#6709 = DIRECTION ( 'NONE',  ( 0.7660444535136902156, 0.6427875972986035746, -0.000000000000000000 ) ) ;
#6710 = VERTEX_POINT ( 'NONE', #5325 ) ;
#6711 = PLANE ( 'NONE',  #156 ) ;
#6712 = CARTESIAN_POINT ( 'NONE',  ( 39.16298597586779806, 15.87654429992619853, 0.000000000000000000 ) ) ;
#6713 = ORIENTED_EDGE ( 'NONE', *, *, #490, .F. ) ;
#6714 = ORIENTED_EDGE ( 'NONE', *, *, #3275, .F. ) ;
#6715 = DIRECTION ( 'NONE',  ( 0.000000000000000000, 0.7938448021158682755, -0.6081204076115337420 ) ) ;
#6716 = EDGE_CURVE ( 'NONE', #5182, #304, #348, .T. ) ;
#6717 = ADVANCED_FACE ( 'NONE', ( #2529 ), #1481, .F. ) ;
#6718 = CARTESIAN_POINT ( 'NONE',  ( 42.49131885028619138, 129.4347734029800279, 71.83989750732985158 ) ) ;
#6719 = DIRECTION ( 'NONE',  ( 0.000000000000000000, 1.000000000000000000, 0.000000000000000000 ) ) ;
#6720 = CARTESIAN_POINT ( 'NONE',  ( 182.4600248273283967, 1.068570007123107013, 50.00000000000000711 ) ) ;
#6721 = ORIENTED_EDGE ( 'NONE', *, *, #6911, .T. ) ;
#6722 = PLANE ( 'NONE',  #5713 ) ;
#6723 = CARTESIAN_POINT ( 'NONE',  ( 10.89045217061305593, -5.037991088537396855, 0.000000000000000000 ) ) ;
#6724 = CARTESIAN_POINT ( 'NONE',  ( 149.2944990215204655, 2.151695553252720217, 94.31635787172228902 ) ) ;
#6725 = CARTESIAN_POINT ( 'NONE',  ( 74.58013608459954469, 4.881895034385714816, 519.0000000000000000 ) ) ;
#6726 = CARTESIAN_POINT ( 'NONE',  ( 161.3571909580712997, 5.780167213095471546, 2.000000000000017764 ) ) ;
#6727 = ORIENTED_EDGE ( 'NONE', *, *, #3430, .T. ) ;
#6728 = LINE ( 'NONE', #1918, #6216 ) ;
#6729 = EDGE_CURVE ( 'NONE', #1353, #507, #5823, .T. ) ;
#6730 = ORIENTED_EDGE ( 'NONE', *, *, #6349, .F. ) ;
#6731 = LINE ( 'NONE', #1308, #2672 ) ;
#6732 = EDGE_LOOP ( 'NONE', ( #1422, #3474, #5967, #1900 ) ) ;
#6733 = VECTOR ( 'NONE', #1556, 1000.000000000000000 ) ;
#6734 = LINE ( 'NONE', #1887, #4336 ) ;
#6735 = CARTESIAN_POINT ( 'NONE',  ( 16.78460250266593690, -5.402415139756741702, 0.000000000000000000 ) ) ;
#6736 = VECTOR ( 'NONE', #5049, 1000.000000000000000 ) ;
#6737 = CARTESIAN_POINT ( 'NONE',  ( 184.3164905826809843, 0.3083721082516452938, 221.0000000000000000 ) ) ;
#6738 = CARTESIAN_POINT ( 'NONE',  ( 149.2971107726042987, -1.478068020277382377, 518.9999999999997726 ) ) ;
#6739 = ORIENTED_EDGE ( 'NONE', *, *, #4261, .F. ) ;
#6740 = PLANE ( 'NONE',  #3243 ) ;
#6741 = ORIENTED_EDGE ( 'NONE', *, *, #3725, .T. ) ;
#6742 = VECTOR ( 'NONE', #2177, 1000.000000000000000 ) ;
#6743 = CARTESIAN_POINT ( 'NONE',  ( 164.0395975403510818, -0.9366301299734204333, 2.000000000000018208 ) ) ;
#6744 = VECTOR ( 'NONE', #4156, 1000.000000000000000 ) ;
#6745 = CARTESIAN_POINT ( 'NONE',  ( 119.3599999877914541, -2.577559667476766236, 0.000000000000000000 ) ) ;
#6746 = EDGE_LOOP ( 'NONE', ( #2358, #1532, #2360, #3090 ) ) ;
#6747 = VECTOR ( 'NONE', #3060, 1000.000000000000000 ) ;
#6748 = ORIENTED_EDGE ( 'NONE', *, *, #4699, .F. ) ;
#6749 = ADVANCED_FACE ( 'NONE', ( #501 ), #3690, .F. ) ;
#6750 = CARTESIAN_POINT ( 'NONE',  ( 146.5281689998066383, 5.448479403202883375, 121.4538633601287501 ) ) ;
#6751 = LINE ( 'NONE', #6210, #6840 ) ;
#6752 = CARTESIAN_POINT ( 'NONE',  ( 146.5532866193938162, 8.529993102524642268, 158.4409852790326738 ) ) ;
#6753 = VERTEX_POINT ( 'NONE', #4191 ) ;
#6754 = DIRECTION ( 'NONE',  ( 0.6427875972986036857, -0.7660444535136901045, 0.000000000000000000 ) ) ;
#6755 = LINE ( 'NONE', #3904, #1739 ) ;
#6756 = CARTESIAN_POINT ( 'NONE',  ( 46.61076787400243404, -5.256312205029069595, 0.000000000000000000 ) ) ;
#6757 = LINE ( 'NONE', #6724, #6244 ) ;
#6758 = ADVANCED_FACE ( 'NONE', ( #4840 ), #917, .T. ) ;
#6759 = FACE_OUTER_BOUND ( 'NONE', #6746, .T. ) ;
#6760 = VECTOR ( 'NONE', #4982, 1000.000000000000000 ) ;
#6761 = CARTESIAN_POINT ( 'NONE',  ( 73.99715601286207800, -2.913542221711467484, 519.0000000000000000 ) ) ;
#6762 = VERTEX_POINT ( 'NONE', #3154 ) ;
#6763 = CARTESIAN_POINT ( 'NONE',  ( 146.5281689998066099, 5.448479403202890481, 130.0874666327140687 ) ) ;
#6764 = CARTESIAN_POINT ( 'NONE',  ( 76.64144045831724839, 5.825208241227493033, 518.9999999999992042 ) ) ;
#6765 = ORIENTED_EDGE ( 'NONE', *, *, #4788, .F. ) ;
#6766 = DIRECTION ( 'NONE',  ( 0.6427875972986035746, -0.7660444535136902156, -6.018531076210112041E-33 ) ) ;
#6767 = EDGE_LOOP ( 'NONE', ( #1718, #3947, #4424 ) ) ;
#6768 = CARTESIAN_POINT ( 'NONE',  ( 152.0777421025902072, -1.165244496608476066, 62.41254501415071587 ) ) ;
#6769 = CARTESIAN_POINT ( 'NONE',  ( 0.05631658127147678300, -0.7733632735088061816, 0.000000000000000000 ) ) ;
#6770 = LINE ( 'NONE', #4082, #1499 ) ;
#6771 = CARTESIAN_POINT ( 'NONE',  ( 126.9725547312170448, -2.297953459282285227, 0.000000000000000000 ) ) ;
#6772 = VERTEX_POINT ( 'NONE', #4300 ) ;
#6773 = CARTESIAN_POINT ( 'NONE',  ( 169.1387912478270721, -18.38636406293844772, 122.8050894468779433 ) ) ;
#6774 = ORIENTED_EDGE ( 'NONE', *, *, #3260, .F. ) ;
#6775 = CARTESIAN_POINT ( 'NONE',  ( 110.0808486931847625, 48.88470574556389181, -33.31074654204535079 ) ) ;
#6776 = VECTOR ( 'NONE', #1905, 1000.000000000000000 ) ;
#6777 = CARTESIAN_POINT ( 'NONE',  ( 42.89508922082366382, -5.379839663832538754, 0.000000000000000000 ) ) ;
#6778 = VERTEX_POINT ( 'NONE', #457 ) ;
#6779 = EDGE_LOOP ( 'NONE', ( #1420, #3486, #2962, #324 ) ) ;
#6780 = CARTESIAN_POINT ( 'NONE',  ( 154.7820051124654128, -1.276612046103899223, 54.55901833786292343 ) ) ;
#6781 = CARTESIAN_POINT ( 'NONE',  ( 184.5679609055901835, 0.5697641997629907529, -0.000000000000000000 ) ) ;
#6782 = FACE_OUTER_BOUND ( 'NONE', #6043, .T. ) ;
#6783 = DIRECTION ( 'NONE',  ( 0.9993263269200404197, 0.03670003166892941981, 0.000000000000000000 ) ) ;
#6784 = ADVANCED_FACE ( 'NONE', ( #2629 ), #4266, .T. ) ;
#6785 = ORIENTED_EDGE ( 'NONE', *, *, #5300, .F. ) ;
#6786 = VECTOR ( 'NONE', #2200, 1000.000000000000114 ) ;
#6787 = EDGE_CURVE ( 'NONE', #794, #6801, #7015, .T. ) ;
#6788 = CARTESIAN_POINT ( 'NONE',  ( 164.3405635361949066, 5.106105379864223970, 162.9999999999999432 ) ) ;
#6789 = VECTOR ( 'NONE', #2597, 1000.000000000000000 ) ;
#6790 = CARTESIAN_POINT ( 'NONE',  ( 31.72391033243065905, -5.631735114701944767, 0.000000000000000000 ) ) ;
#6791 = CARTESIAN_POINT ( 'NONE',  ( 184.3164905826810127, 0.6292073933220555526, 2.000000000000009326 ) ) ;
#6792 = ADVANCED_FACE ( 'NONE', ( #4153 ), #6480, .T. ) ;
#6793 = CARTESIAN_POINT ( 'NONE',  ( 69.47024630805374557, -0.8407700715874452113, 519.0000000000000000 ) ) ;
#6794 = CARTESIAN_POINT ( 'NONE',  ( 184.3164905826809843, -0.1919656376633245842, 53.00000000000000711 ) ) ;
#6795 = VERTEX_POINT ( 'NONE', #6334 ) ;
#6796 = FACE_OUTER_BOUND ( 'NONE', #5160, .T. ) ;
#6797 = CARTESIAN_POINT ( 'NONE',  ( 77.51409341625841876, 6.170096182196631140, 519.0000000000007958 ) ) ;
#6798 = EDGE_LOOP ( 'NONE', ( #6561, #1256, #6574 ) ) ;
#6799 = EDGE_CURVE ( 'NONE', #304, #1786, #4726, .T. ) ;
#6800 = LINE ( 'NONE', #2947, #3681 ) ;
#6801 = VERTEX_POINT ( 'NONE', #5475 ) ;
#6802 = LINE ( 'NONE', #852, #3534 ) ;
#6803 = CARTESIAN_POINT ( 'NONE',  ( 27.35326182154722829, -5.650190671009181820, 0.000000000000000000 ) ) ;
#6804 = PLANE ( 'NONE',  #4918 ) ;
#6805 = CARTESIAN_POINT ( 'NONE',  ( 184.3017278636662297, -0.1925108592156409004, 519.0000000000020464 ) ) ;
#6806 = ORIENTED_EDGE ( 'NONE', *, *, #1119, .F. ) ;
#6807 = CARTESIAN_POINT ( 'NONE',  ( 154.7820051023886663, -1.276612034094879888, 172.5300611262097163 ) ) ;
#6808 = ORIENTED_EDGE ( 'NONE', *, *, #5658, .T. ) ;
#6809 = CARTESIAN_POINT ( 'NONE',  ( 160.0897257406245160, -10.71355509462316569, 111.1107496186580050 ) ) ;
#6810 = CARTESIAN_POINT ( 'NONE',  ( 44.76009875730591858, -5.319213206140921635, 0.000000000000000000 ) ) ;
#6811 = EDGE_LOOP ( 'NONE', ( #2805, #5541, #4848, #6239 ) ) ;
#6812 = ORIENTED_EDGE ( 'NONE', *, *, #1129, .F. ) ;
#6813 = DIRECTION ( 'NONE',  ( 0.6427875972986035746, -0.7660444535136902156, -6.018531076210112041E-33 ) ) ;
#6814 = CARTESIAN_POINT ( 'NONE',  ( 0.000000000000000000, 0.000000000000000000, 158.0000000000000000 ) ) ;
#6815 = DIRECTION ( 'NONE',  ( 0.4545194689124502085, -0.5416752277698733131, -0.7071067811865476838 ) ) ;
#6816 = EDGE_CURVE ( 'NONE', #1814, #4221, #558, .T. ) ;
#6817 = ORIENTED_EDGE ( 'NONE', *, *, #2817, .T. ) ;
#6818 = CARTESIAN_POINT ( 'NONE',  ( 88.66911395920185157, 74.40221837649669112, 280.5910341644325854 ) ) ;
#6819 = VERTEX_POINT ( 'NONE', #4974 ) ;
#6820 = LINE ( 'NONE', #2547, #2867 ) ;
#6821 = CARTESIAN_POINT ( 'NONE',  ( 74.45325559964686590, -2.991547703241124623, 518.9999999999990905 ) ) ;
#6822 = DIRECTION ( 'NONE',  ( 0.6427875972986036857, -0.7660444535136901045, 8.037077550158748476E-16 ) ) ;
#6823 = EDGE_CURVE ( 'NONE', #3357, #3160, #2281, .T. ) ;
#6824 = PLANE ( 'NONE',  #1269 ) ;
#6825 = CARTESIAN_POINT ( 'NONE',  ( 70.47027437920681336, 1.829239734073481394, 519.0000000000000000 ) ) ;
#6826 = CARTESIAN_POINT ( 'NONE',  ( 146.5281689998066099, 5.448479403202883375, -9.804599309964982597E-15 ) ) ;
#6827 = VERTEX_POINT ( 'NONE', #1743 ) ;
#6828 = PLANE ( 'NONE',  #1097 ) ;
#6829 = CARTESIAN_POINT ( 'NONE',  ( 10.28439103035841207, 8.709359799856461137, 0.000000000000000000 ) ) ;
#6830 = ADVANCED_FACE ( 'NONE', ( #670 ), #1, .T. ) ;
#6831 = ORIENTED_EDGE ( 'NONE', *, *, #625, .T. ) ;
#6832 = CARTESIAN_POINT ( 'NONE',  ( 148.0602579068340106, 6.734054597800093411, 244.3261105482872608 ) ) ;
#6833 = ORIENTED_EDGE ( 'NONE', *, *, #2174, .F. ) ;
#6834 = CARTESIAN_POINT ( 'NONE',  ( 181.2676868583845646, 1.347655247064742490, 285.9999999999999432 ) ) ;
#6835 = CARTESIAN_POINT ( 'NONE',  ( 18.63971406477083192, 11.75360401736957883, 0.000000000000000000 ) ) ;
#6836 = CARTESIAN_POINT ( 'NONE',  ( 184.3164905826809559, 0.3083716158436003996, 100.0000000000000000 ) ) ;
#6837 = CARTESIAN_POINT ( 'NONE',  ( 182.5314947306298166, -0.2575301722529240167, 0.000000000000000000 ) ) ;
#6838 = EDGE_LOOP ( 'NONE', ( #2665, #5484, #2118, #2754 ) ) ;
#6839 = LINE ( 'NONE', #2502, #3564 ) ;
#6840 = VECTOR ( 'NONE', #6614, 1000.000000000000114 ) ;
#6841 = EDGE_LOOP ( 'NONE', ( #589, #2503, #649, #1519 ) ) ;
#6842 = VECTOR ( 'NONE', #4006, 1000.000000000000000 ) ;
#6843 = VECTOR ( 'NONE', #5804, 1000.000000000000000 ) ;
#6844 = LINE ( 'NONE', #859, #3319 ) ;
#6845 = CARTESIAN_POINT ( 'NONE',  ( 67.13999324495854637, -4.492199306297233186, 0.000000000000000000 ) ) ;
#6846 = ORIENTED_EDGE ( 'NONE', *, *, #1844, .F. ) ;
#6847 = VECTOR ( 'NONE', #6901, 1000.000000000000114 ) ;
#6848 = EDGE_LOOP ( 'NONE', ( #1114, #4076, #5580, #6363 ) ) ;
#6849 = CARTESIAN_POINT ( 'NONE',  ( 88.66911395920065786, 74.40221837649808379, 34.02482244953687740 ) ) ;
#6850 = CARTESIAN_POINT ( 'NONE',  ( 184.3164905826809843, -0.1919654473031343067, 100.0000000000000000 ) ) ;
#6851 = VECTOR ( 'NONE', #3335, 1000.000000000000000 ) ;
#6852 = FACE_OUTER_BOUND ( 'NONE', #3380, .T. ) ;
#6853 = EDGE_LOOP ( 'NONE', ( #1425, #551, #557, #6888 ) ) ;
#6854 = VECTOR ( 'NONE', #6320, 1000.000000000000000 ) ;
#6855 = VECTOR ( 'NONE', #1460, 1000.000000000000000 ) ;
#6856 = CARTESIAN_POINT ( 'NONE',  ( 184.3164905826810127, -0.1919649755044014749, 221.4409816621370908 ) ) ;
#6857 = PLANE ( 'NONE',  #1161 ) ;
#6858 = ORIENTED_EDGE ( 'NONE', *, *, #3204, .F. ) ;
#6859 = CARTESIAN_POINT ( 'NONE',  ( 160.9400354442833816, -8.615467058371322651, 110.0500894468779762 ) ) ;
#6860 = CARTESIAN_POINT ( 'NONE',  ( 4.494224318108876126, 5.364860341418883571, 0.000000000000000000 ) ) ;
#6861 = CARTESIAN_POINT ( 'NONE',  ( 148.0602579068340106, 6.734054597800094299, 62.41254501415071587 ) ) ;
#6862 = VECTOR ( 'NONE', #5056, 1000.000000000000000 ) ;
#6863 = CARTESIAN_POINT ( 'NONE',  ( 130.5507359734182273, 11.45805107477334062, 0.000000000000000000 ) ) ;
#6864 = CARTESIAN_POINT ( 'NONE',  ( 160.9513185845466410, -1.050048383007369024, 519.0000000000000000 ) ) ;
#6865 = LINE ( 'NONE', #1987, #2528 ) ;
#6866 = ORIENTED_EDGE ( 'NONE', *, *, #3035, .F. ) ;
#6867 = DIRECTION ( 'NONE',  ( 0.6427875972986036857, -0.7660444535136901045, -1.368455531567204475E-48 ) ) ;
#6868 = ORIENTED_EDGE ( 'NONE', *, *, #1531, .F. ) ;
#6869 = LINE ( 'NONE', #1955, #356 ) ;
#6870 = ADVANCED_FACE ( 'NONE', ( #4904 ), #37, .T. ) ;
#6871 = ORIENTED_EDGE ( 'NONE', *, *, #3305, .F. ) ;
#6872 = CARTESIAN_POINT ( 'NONE',  ( 148.0602579068340106, 6.734054597800090747, -9.804599309964982597E-15 ) ) ;
#6873 = CARTESIAN_POINT ( 'NONE',  ( 8.390334547347086058, -4.729441440724706958, 0.000000000000000000 ) ) ;
#6874 = CARTESIAN_POINT ( 'NONE',  ( 147.2799486773314470, 8.454453769680549513, 104.9999999999999858 ) ) ;
#6875 = CARTESIAN_POINT ( 'NONE',  ( 152.7677784200770077, -1.350582513633435733, 0.000000000000000000 ) ) ;
#6876 = VECTOR ( 'NONE', #923, 1000.000000000000000 ) ;
#6877 = ORIENTED_EDGE ( 'NONE', *, *, #1647, .F. ) ;
#6878 = CARTESIAN_POINT ( 'NONE',  ( 148.0602579068340106, 6.734054597800090747, -9.804599309964982597E-15 ) ) ;
#6879 = ORIENTED_EDGE ( 'NONE', *, *, #1517, .F. ) ;
#6880 = EDGE_CURVE ( 'NONE', #2141, #6127, #1628, .T. ) ;
#6881 = FACE_BOUND ( 'NONE', #5687, .T. ) ;
#6882 = CARTESIAN_POINT ( 'NONE',  ( 57.81498407851582044, -4.835908129179578019, 0.000000000000000000 ) ) ;
#6883 = VERTEX_POINT ( 'NONE', #6052 ) ;
#6884 = ORIENTED_EDGE ( 'NONE', *, *, #3394, .F. ) ;
#6885 = CARTESIAN_POINT ( 'NONE',  ( 154.7820051163514279, -1.276612050735048465, 53.00000000000002132 ) ) ;
#6886 = CARTESIAN_POINT ( 'NONE',  ( 92.09514463839995813, 70.31923387213281273, -5.329957661905162958 ) ) ;
#6887 = CARTESIAN_POINT ( 'NONE',  ( 169.0856202977918485, 4.121625089013121190, 0.000000000000000000 ) ) ;
#6888 = ORIENTED_EDGE ( 'NONE', *, *, #3213, .T. ) ;
#6889 = EDGE_CURVE ( 'NONE', #3921, #7024, #608, .T. ) ;
#6890 = VECTOR ( 'NONE', #1360, 1000.000000000000000 ) ;
#6891 = EDGE_CURVE ( 'NONE', #452, #6048, #3301, .T. ) ;
#6892 = DIRECTION ( 'NONE',  ( -0.7660444535136902156, -0.6427875972986035746, 0.000000000000000000 ) ) ;
#6893 = PLANE ( 'NONE',  #3645 ) ;
#6894 = ORIENTED_EDGE ( 'NONE', *, *, #5795, .T. ) ;
#6895 = PLANE ( 'NONE',  #5025 ) ;
#6896 = CARTESIAN_POINT ( 'NONE',  ( 2.811851801130134998, 3.896369691959288506, 0.000000000000000000 ) ) ;
#6897 = DIRECTION ( 'NONE',  ( 0.9730344131650563444, -0.2306599895875627027, 0.000000000000000000 ) ) ;
#6898 = EDGE_CURVE ( 'NONE', #2141, #3698, #5987, .T. ) ;
#6899 = CARTESIAN_POINT ( 'NONE',  ( 164.1207998999993265, 5.183289012890316627, 0.000000000000000000 ) ) ;
#6900 = CARTESIAN_POINT ( 'NONE',  ( 172.7016575119046706, -0.6185070764769604601, 519.0000000000000000 ) ) ;
#6901 = DIRECTION ( 'NONE',  ( -0.9993263269200406418, -0.03670003166892618629, -0.000000000000000000 ) ) ;
#6902 = ORIENTED_EDGE ( 'NONE', *, *, #4605, .T. ) ;
#6903 = FACE_OUTER_BOUND ( 'NONE', #6132, .T. ) ;
#6904 = LINE ( 'NONE', #5832, #5280 ) ;
#6905 = EDGE_LOOP ( 'NONE', ( #4659, #6429, #5714 ) ) ;
#6906 = CARTESIAN_POINT ( 'NONE',  ( 184.3164905826809843, -0.1919656376633245842, 50.00000000000000000 ) ) ;
#6907 = ORIENTED_EDGE ( 'NONE', *, *, #3410, .F. ) ;
#6908 = DIRECTION ( 'NONE',  ( -0.4545194689124505416, 0.5416752277698733131, -0.7071067811865473507 ) ) ;
#6909 = CARTESIAN_POINT ( 'NONE',  ( 37.30011936909586012, -5.533679482725345267, 0.000000000000000000 ) ) ;
#6910 = DIRECTION ( 'NONE',  ( 0.6427875972986035746, -0.7660444535136902156, -6.018531076210112041E-33 ) ) ;
#6911 = EDGE_CURVE ( 'NONE', #3926, #1048, #1704, .T. ) ;
#6912 = CARTESIAN_POINT ( 'NONE',  ( 146.5281689998066099, 5.448479403202878046, 98.62000348240258063 ) ) ;
#6913 = EDGE_CURVE ( 'NONE', #2654, #1177, #1776, .T. ) ;
#6914 = VERTEX_POINT ( 'NONE', #1063 ) ;
#6915 = CARTESIAN_POINT ( 'NONE',  ( 154.7820051455650798, -1.276612085550572262, 189.4431894912500525 ) ) ;
#6916 = EDGE_LOOP ( 'NONE', ( #5656, #251, #3627, #3591 ) ) ;
#6917 = DIRECTION ( 'NONE',  ( -0.9993263278466418820, -0.03670000643795400669, -0.000000000000000000 ) ) ;
#6918 = CARTESIAN_POINT ( 'NONE',  ( 187.3164905826809843, -0.08178092353511093315, 0.000000000000000000 ) ) ;
#6919 = EDGE_CURVE ( 'NONE', #1601, #4340, #4939, .T. ) ;
#6920 = CARTESIAN_POINT ( 'NONE',  ( 152.0777421034210590, -1.165244497598739493, 169.1207854632994270 ) ) ;
#6921 = LINE ( 'NONE', #3594, #6608 ) ;
#6922 = DIRECTION ( 'NONE',  ( 0.9993263279542508037, 0.03670000350780838749, 0.000000000000000000 ) ) ;
#6923 = VERTEX_POINT ( 'NONE', #6518 ) ;
#6924 = CARTESIAN_POINT ( 'NONE',  ( 146.4440854870231306, 8.660133948616792310, 48.00000000000000000 ) ) ;
#6925 = EDGE_CURVE ( 'NONE', #6772, #1283, #3800, .T. ) ;
#6926 = CARTESIAN_POINT ( 'NONE',  ( 165.6282183919842623, -0.3779505854770446316, 50.00000000000000000 ) ) ;
#6927 = LINE ( 'NONE', #3676, #5581 ) ;
#6928 = ORIENTED_EDGE ( 'NONE', *, *, #4663, .F. ) ;
#6929 = CARTESIAN_POINT ( 'NONE',  ( 184.3164905826809843, 0.6291283215618318492, 77.53006112620545309 ) ) ;
#6930 = CARTESIAN_POINT ( 'NONE',  ( 70.73544075317292368, 2.096073633596527319, 519.0000000000013642 ) ) ;
#6931 = CARTESIAN_POINT ( 'NONE',  ( 184.3164905826809559, 0.6290124806728307760, 163.0000000000000000 ) ) ;
#6932 = CARTESIAN_POINT ( 'NONE',  ( 117.4956653109314857, 13.40376137598837403, 0.000000000000000000 ) ) ;
#6933 = CARTESIAN_POINT ( 'NONE',  ( 100.2412930192522538, -3.284931457629179707, 519.0000000000000000 ) ) ;
#6934 = DIRECTION ( 'NONE',  ( -6.378601426329706152E-17, -5.352281928482944175E-17, -1.000000000000000000 ) ) ;
#6935 = EDGE_CURVE ( 'NONE', #959, #4227, #3268, .T. ) ;
#6936 = ORIENTED_EDGE ( 'NONE', *, *, #5490, .T. ) ;
#6937 = CARTESIAN_POINT ( 'NONE',  ( 154.3747233051220178, -0.7912324730635189596, 226.0000000000000000 ) ) ;
#6938 = LINE ( 'NONE', #912, #1997 ) ;
#6939 = LINE ( 'NONE', #3651, #6388 ) ;
#6940 = VERTEX_POINT ( 'NONE', #5442 ) ;
#6941 = B_SPLINE_CURVE_WITH_KNOTS ( 'NONE', 3,
 ( #6885, #6279, #2008, #6780, #964, #5304, #4168, #6345, #930, #1902 ),
 .UNSPECIFIED., .F., .F.,
 ( 4, 3, 3, 4 ),
 ( 0.001000000000000007827, 0.002559018337862914438, 0.01279509168931456525, 0.04799999999999999406 ),
 .UNSPECIFIED. ) ;
#6942 = CARTESIAN_POINT ( 'NONE',  ( 184.3164905826809843, 0.6287808212754242287, 286.0000000000000568 ) ) ;
#6943 = CARTESIAN_POINT ( 'NONE',  ( 171.5800002550574561, -0.6597136114384350991, 0.000000000000000000 ) ) ;
#6944 = CARTESIAN_POINT ( 'NONE',  ( 152.0777421034210874, -1.165244497598704854, 269.8361105482872517 ) ) ;
#6945 = CARTESIAN_POINT ( 'NONE',  ( 166.6564614542024856, -0.8405257606677351001, 225.9999999999996874 ) ) ;
#6946 = ORIENTED_EDGE ( 'NONE', *, *, #2263, .T. ) ;
#6947 = FACE_BOUND ( 'NONE', #3409, .T. ) ;
#6948 = ORIENTED_EDGE ( 'NONE', *, *, #1205, .T. ) ;
#6949 = LINE ( 'NONE', #4241, #5707 ) ;
#6950 = CARTESIAN_POINT ( 'NONE',  ( 173.4457206968982064, 3.149421175158712671, 0.000000000000000000 ) ) ;
#6951 = ADVANCED_FACE ( 'NONE', ( #2708 ), #568, .F. ) ;
#6952 = ORIENTED_EDGE ( 'NONE', *, *, #1088, .F. ) ;
#6953 = PLANE ( 'NONE',  #1247 ) ;
#6954 = VECTOR ( 'NONE', #1154, 1000.000000000000000 ) ;
#6955 = CARTESIAN_POINT ( 'NONE',  ( 184.3164905826809843, -0.1919652221612422049, 161.0000000000000000 ) ) ;
#6956 = ORIENTED_EDGE ( 'NONE', *, *, #5756, .T. ) ;
#6957 = LINE ( 'NONE', #6497, #5033 ) ;
#6958 = VECTOR ( 'NONE', #4842, 1000.000000000000000 ) ;
#6959 = ORIENTED_EDGE ( 'NONE', *, *, #1876, .T. ) ;
#6960 = CARTESIAN_POINT ( 'NONE',  ( 146.5281689998066099, 5.448479403202889593, 119.4538633601287501 ) ) ;
#6961 = VECTOR ( 'NONE', #1212, 1000.000000000000000 ) ;
#6962 = CARTESIAN_POINT ( 'NONE',  ( 154.7820052479132187, -1.276612207524277620, 228.8530061126210171 ) ) ;
#6963 = EDGE_LOOP ( 'NONE', ( #117, #4603, #2382, #3623 ) ) ;
#6964 = CARTESIAN_POINT ( 'NONE',  ( 152.0777421034210590, -1.165244497598703077, 64.47655302367238050 ) ) ;
#6965 = CARTESIAN_POINT ( 'NONE',  ( 75.22738630122307768, -3.102492352584582669, 519.0000000000007958 ) ) ;
#6966 = CARTESIAN_POINT ( 'NONE',  ( 184.3164905826809559, 0.6289978352597467293, 172.3830672388192511 ) ) ;
#6967 = EDGE_CURVE ( 'NONE', #1118, #2253, #642, .T. ) ;
#6968 = CARTESIAN_POINT ( 'NONE',  ( 173.4457206968982064, 3.149421175158712671, 0.000000000000000000 ) ) ;
#6969 = VECTOR ( 'NONE', #752, 1000.000000000000000 ) ;
#6970 = CARTESIAN_POINT ( 'NONE',  ( 175.8350814177572943, -0.5034364397104031941, 519.0000000000000000 ) ) ;
#6971 = FACE_OUTER_BOUND ( 'NONE', #712, .T. ) ;
#6972 = VECTOR ( 'NONE', #1122, 1000.000000000000000 ) ;
#6973 = VERTEX_POINT ( 'NONE', #2940 ) ;
#6974 = CARTESIAN_POINT ( 'NONE',  ( 146.4326036435566891, 8.673817477266901221, 35.20492077878845549 ) ) ;
#6975 = CARTESIAN_POINT ( 'NONE',  ( 153.6098310104484597, 0.1203306969985440400, 85.86507986625763067 ) ) ;
#6976 = LINE ( 'NONE', #1588, #2413 ) ;
#6977 = ORIENTED_EDGE ( 'NONE', *, *, #3463, .F. ) ;
#6978 = EDGE_CURVE ( 'NONE', #5528, #2955, #4068, .T. ) ;
#6979 = DIRECTION ( 'NONE',  ( 0.7660444535136902156, 0.6427875972986035746, 0.000000000000000000 ) ) ;
#6980 = CARTESIAN_POINT ( 'NONE',  ( 164.1199997434927695, -0.9336663490870151794, 0.000000000000000000 ) ) ;
#6981 = CARTESIAN_POINT ( 'NONE',  ( 184.3164905826808990, -0.1919651368685539039, 183.9087127068144127 ) ) ;
#6982 = CARTESIAN_POINT ( 'NONE',  ( 159.3691273824947814, -1.108149264770946996, 225.9999999999998010 ) ) ;
#6983 = CARTESIAN_POINT ( 'NONE',  ( 78.34408010014641377, -3.358483264931118928, 519.0000000000006821 ) ) ;
#6984 = PLANE ( 'NONE',  #609 ) ;
#6985 = VERTEX_POINT ( 'NONE', #2872 ) ;
#6986 = PLANE ( 'NONE',  #5511 ) ;
#6987 = ORIENTED_EDGE ( 'NONE', *, *, #6898, .F. ) ;
#6988 = ADVANCED_FACE ( 'NONE', ( #1231 ), #6824, .F. ) ;
#6989 = CARTESIAN_POINT ( 'NONE',  ( 153.6098310104484881, 0.1203306969984746511, 119.4538633601287501 ) ) ;
#6990 = CARTESIAN_POINT ( 'NONE',  ( 141.7399999994348718, -1.755579984612315236, 0.000000000000000000 ) ) ;
#6991 = VECTOR ( 'NONE', #2434, 1000.000000000000000 ) ;
#6992 = ORIENTED_EDGE ( 'NONE', *, *, #2402, .F. ) ;
#6993 = CARTESIAN_POINT ( 'NONE',  ( 184.3164905826809843, 0.6291551108684032556, 53.70601222524092577 ) ) ;
#6994 = DIRECTION ( 'NONE',  ( 0.4545194689124509857, -0.5416752277698740903, 0.7071067811865465735 ) ) ;
#6995 = ORIENTED_EDGE ( 'NONE', *, *, #1170, .F. ) ;
#6996 = EDGE_CURVE ( 'NONE', #4425, #929, #5682, .T. ) ;
#6997 = CARTESIAN_POINT ( 'NONE',  ( 90.20120286622805850, 75.68779357109526984, 77.23147659367238305 ) ) ;
#6998 = EDGE_LOOP ( 'NONE', ( #3422, #6199, #4879, #6652 ) ) ;
#6999 = DIRECTION ( 'NONE',  ( -6.378601426329706152E-17, -5.352281928482944175E-17, -1.000000000000000000 ) ) ;
#7000 = EDGE_LOOP ( 'NONE', ( #5100, #430, #3515, #5498 ) ) ;
#7001 = DIRECTION ( 'NONE',  ( 0.03670001594897783631, -0.9993263274973519517, 0.000000000000000000 ) ) ;
#7002 = CARTESIAN_POINT ( 'NONE',  ( 138.8677451556111748, 8.994700075687866558, 519.0000000000005684 ) ) ;
#7003 = CARTESIAN_POINT ( 'NONE',  ( 184.3164905826809843, -6.647825509190094628, 226.0000000000000000 ) ) ;
#7004 = DIRECTION ( 'NONE',  ( 0.6427875972986036857, -0.7660444535136901045, 0.000000000000000000 ) ) ;
#7005 = EDGE_CURVE ( 'NONE', #6234, #2717, #5107, .T. ) ;
#7006 = CARTESIAN_POINT ( 'NONE',  ( 1.478754074613835456, 2.552015450303059207, 0.000000000000000000 ) ) ;
#7007 = CARTESIAN_POINT ( 'NONE',  ( 92.79942598141775534, -3.516722351260122004, 519.0000000000000000 ) ) ;
#7008 = CARTESIAN_POINT ( 'NONE',  ( 146.5281689998066099, 5.448479403202891369, 146.9638633601287552 ) ) ;
#7009 = ORIENTED_EDGE ( 'NONE', *, *, #542, .F. ) ;
#7010 = EDGE_CURVE ( 'NONE', #6819, #1906, #6254, .T. ) ;
#7011 = FACE_OUTER_BOUND ( 'NONE', #4072, .T. ) ;
#7012 = DIRECTION ( 'NONE',  ( 0.7660444535136902156, 0.6427875972986035746, -0.000000000000000000 ) ) ;
#7013 = CARTESIAN_POINT ( 'NONE',  ( 148.0602579068340674, 6.734054597800069430, 280.5910341644320170 ) ) ;
#7014 = ORIENTED_EDGE ( 'NONE', *, *, #2833, .F. ) ;
#7015 = LINE ( 'NONE', #6872, #6273 ) ;
#7016 = VECTOR ( 'NONE', #3115, 1000.000000000000000 ) ;
#7017 = CARTESIAN_POINT ( 'NONE',  ( 85.79000084186831998, -3.811186198415251969, 0.000000000000000000 ) ) ;
#7018 = CARTESIAN_POINT ( 'NONE',  ( 153.6098310096175510, 0.1203306979887103223, -9.804599309964982597E-15 ) ) ;
#7019 = EDGE_CURVE ( 'NONE', #1295, #4199, #281, .T. ) ;
#7020 = CARTESIAN_POINT ( 'NONE',  ( 184.3164905826809843, -0.1919649553590160596, 224.0000000000000000 ) ) ;
#7021 = CARTESIAN_POINT ( 'NONE',  ( 100.5408625498985344, -3.273790224926115933, 518.9999999999997726 ) ) ;
#7022 = VERTEX_POINT ( 'NONE', #4505 ) ;
#7023 = FACE_OUTER_BOUND ( 'NONE', #1217, .T. ) ;
#7024 = VERTEX_POINT ( 'NONE', #4537 ) ;
#7025 = CARTESIAN_POINT ( 'NONE',  ( 158.4535995566625672, -1.141772229769066227, 162.9999999999999147 ) ) ;
#7026 = CARTESIAN_POINT ( 'NONE',  ( 147.3349997443873463, -1.550096373443657694, 0.000000000000000000 ) ) ;
#7027 = ADVANCED_FACE ( 'NONE', ( #246 ), #210, .T. ) ;
#7028 = VERTEX_POINT ( 'NONE', #3465 ) ;
#7029 = DIRECTION ( 'NONE',  ( -0.6427875972986037967, 0.7660444535136899935, 0.000000000000000000 ) ) ;
#7030 = CARTESIAN_POINT ( 'NONE',  ( 154.3747231386197711, -0.7912322746338683599, 166.0000000000000000 ) ) ;
#7031 = EDGE_LOOP ( 'NONE', ( #1573, #3843, #680 ) ) ;
#7032 = DIRECTION ( 'NONE',  ( -6.378601426329706152E-17, -5.352281928482944175E-17, -1.000000000000000000 ) ) ;
#7033 = ORIENTED_EDGE ( 'NONE', *, *, #2447, .T. ) ;
#7034 = DIRECTION ( 'NONE',  ( -0.4545194689124505971, 0.5416752277698736462, 0.7071067811865470176 ) ) ;
#7035 = EDGE_CURVE ( 'NONE', #5241, #289, #2415, .T. ) ;
#7036 = ORIENTED_EDGE ( 'NONE', *, *, #3173, .T. ) ;
#7037 = CARTESIAN_POINT ( 'NONE',  ( 167.6067023407996999, -19.67193925753565509, 122.8050894468779433 ) ) ;
#7038 = CARTESIAN_POINT ( 'NONE',  ( 161.1163561258059929, 5.541463347774853609, 519.0000000000001137 ) ) ;
#7039 = CARTESIAN_POINT ( 'NONE',  ( 148.0602579068340390, 6.734054597800104069, 278.4697138208725278 ) ) ;
#7040 = ORIENTED_EDGE ( 'NONE', *, *, #6799, .T. ) ;
#7041 = CARTESIAN_POINT ( 'NONE',  ( 0.7850909927725194803, -2.014683493385044599, 0.000000000000000000 ) ) ;
#7042 = DIRECTION ( 'NONE',  ( 6.378601426329706152E-17, 5.352281928482944175E-17, 1.000000000000000000 ) ) ;
#7043 = CARTESIAN_POINT ( 'NONE',  ( 187.3164905826809843, -0.08178092353511093315, 519.0000000000000000 ) ) ;
#7044 = CARTESIAN_POINT ( 'NONE',  ( 184.3164905826809843, -0.1919654579118456050, 102.1469938873790397 ) ) ;
#7045 = ADVANCED_FACE ( 'NONE', ( #6759 ), #6185, .F. ) ;
#7046 = LINE ( 'NONE', #4149, #745 ) ;
#7047 = DIRECTION ( 'NONE',  ( 0.7660444535136902156, 0.6427875972986035746, -0.000000000000000000 ) ) ;
#7048 = ORIENTED_EDGE ( 'NONE', *, *, #178, .F. ) ;
ENDSEC;
END-ISO-10303-21;
