  0
SECTION
  2
HEADER
  9
$ACADVER
  1
AC1032
  9
$ACADMAINTVER
 90
      197
  9
$DWGCODEPAGE
  3
ANSI_936
  9
$LASTSAVEDBY
  1
17501
  9
$REQUIREDVERSIONS
160
                 0
  9
$INSBASE
 10
0.0
 20
0.0
 30
0.0
  9
$EXTMIN
 10
-444.1563193306014
 20
-741.7069223490492
 30
0.0
  9
$EXTMAX
 10
1272.566455699675
 20
178.2930776509506
 30
0.0
  9
$LIMMIN
 10
0.0
 20
0.0
  9
$LIMMAX
 10
420.0
 20
297.0
  9
$ORTHOMODE
 70
     0
  9
$REGENMODE
 70
     1
  9
$FILLMODE
 70
     1
  9
$QTEXTMODE
 70
     0
  9
$MIRRTEXT
 70
     1
  9
$LTSCALE
 40
1.0
  9
$ATTMODE
 70
     1
  9
$TEXTSIZE
 40
22.49517189513932
  9
$TRACEWID
 40
1.0
  9
$TEXTSTYLE
  7
Standard
  9
$CLAYER
  8
0
  9
$CELTYPE
  6
ByLayer
  9
$CECOLOR
 62
   256
  9
$CELTSCALE
 40
1.0
  9
$DISPSILH
 70
     0
  9
$DIMSCALE
 40
1.0
  9
$DIMASZ
 40
3.556
  9
$DIMEXO
 40
0.0
  9
$DIMDLI
 40
3.75
  9
$DIMRND
 40
0.0
  9
$DIMDLE
 40
0.0
  9
$DIMEXE
 40
1.0
  9
$DIMTP
 40
0.0
  9
$DIMTM
 40
0.0
  9
$DIMTXT
 40
3.5
  9
$DIMCEN
 40
2.5
  9
$DIMTSZ
 40
0.0
  9
$DIMTOL
 70
     0
  9
$DIMLIM
 70
     0
  9
$DIMTIH
 70
     1
  9
$DIMTOH
 70
     1
  9
$DIMSE1
 70
     0
  9
$DIMSE2
 70
     0
  9
$DIMTAD
 70
     1
  9
$DIMZIN
 70
     1
  9
$DIMBLK
  1

  9
$DIMASO
 70
     1
  9
$DIMSHO
 70
     1
  9
$DIMPOST
  1

  9
$DIMAPOST
  1

  9
$DIMALT
 70
     0
  9
$DIMALTD
 70
     3
  9
$DIMALTF
 40
0.0393700787
  9
$DIMLFAC
 40
1.0
  9
$DIMTOFL
 70
     1
  9
$DIMTVP
 40
0.0
  9
$DIMTIX
 70
     0
  9
$DIMSOXD
 70
     0
  9
$DIMSAH
 70
     0
  9
$DIMBLK1
  1

  9
$DIMBLK2
  1

  9
$DIMSTYLE
  2
ISO-25
  9
$DIMCLRD
 70
     0
  9
$DIMCLRE
 70
     0
  9
$DIMCLRT
 70
     0
  9
$DIMTFAC
 40
1.0
  9
$DIMGAP
 40
1.524
  9
$DIMJUST
 70
     0
  9
$DIMSD1
 70
     0
  9
$DIMSD2
 70
     0
  9
$DIMTOLJ
 70
     0
  9
$DIMTZIN
 70
     1
  9
$DIMALTZ
 70
     0
  9
$DIMALTTZ
 70
     0
  9
$DIMUPT
 70
     0
  9
$DIMDEC
 70
     2
  9
$DIMTDEC
 70
     2
  9
$DIMALTU
 70
     2
  9
$DIMALTTD
 70
     3
  9
$DIMTXSTY
  7
Standard
  9
$DIMAUNIT
 70
     0
  9
$DIMADEC
 70
     2
  9
$DIMALTRND
 40
0.0
  9
$DIMAZIN
 70
     0
  9
$DIMDSEP
 70
    44
  9
$DIMATFIT
 70
     3
  9
$DIMFRAC
 70
     0
  9
$DIMLDRBLK
  1

  9
$DIMLUNIT
 70
     2
  9
$DIMLWD
 70
    -2
  9
$DIMLWE
 70
    -2
  9
$DIMTMOVE
 70
     0
  9
$DIMFXL
 40
1.0
  9
$DIMFXLON
 70
     0
  9
$DIMJOGANG
 40
0.7853981633974483
  9
$DIMTFILL
 70
     0
  9
$DIMTFILLCLR
 70
     0
  9
$DIMARCSYM
 70
     0
  9
$DIMLTYPE
  6

  9
$DIMLTEX1
  6

  9
$DIMLTEX2
  6

  9
$DIMTXTDIRECTION
 70
     0
  9
$LUNITS
 70
     2
  9
$LUPREC
 70
     2
  9
$SKETCHINC
 40
1.0
  9
$FILLETRAD
 40
0.0
  9
$AUNITS
 70
     0
  9
$AUPREC
 70
     2
  9
$MENU
  1
.
  9
$ELEVATION
 40
0.0
  9
$PELEVATION
 40
0.0
  9
$THICKNESS
 40
0.0
  9
$LIMCHECK
 70
     0
  9
$CHAMFERA
 40
0.0
  9
$CHAMFERB
 40
0.0
  9
$CHAMFERC
 40
0.0
  9
$CHAMFERD
 40
0.0
  9
$SKPOLY
 70
     0
  9
$TDCREATE
 40
2461090.039583333
  9
$TDUCREATE
 40
2461089.706252454
  9
$TDUPDATE
 40
2461098.487650463
  9
$TDUUPDATE
 40
2461098.154317129
  9
$TDINDWG
 40
0.0053356597
  9
$TDUSRTIMER
 40
0.0053356597
  9
$USRTIMER
 70
     1
  9
$ANGBASE
 50
0.0
  9
$ANGDIR
 70
     0
  9
$PDMODE
 70
     0
  9
$PDSIZE
 40
-1.0
  9
$PLINEWID
 40
0.0
  9
$SPLFRAME
 70
     0
  9
$SPLINETYPE
 70
     6
  9
$SPLINESEGS
 70
     8
  9
$HANDSEED
  5
B7E
  9
$SURFTAB1
 70
     6
  9
$SURFTAB2
 70
     6
  9
$SURFTYPE
 70
     6
  9
$SURFU
 70
     6
  9
$SURFV
 70
     6
  9
$UCSBASE
  2

  9
$UCSNAME
  2

  9
$UCSORG
 10
0.0
 20
0.0
 30
0.0
  9
$UCSXDIR
 10
1.0
 20
0.0
 30
0.0
  9
$UCSYDIR
 10
0.0
 20
1.0
 30
0.0
  9
$UCSORTHOREF
  2

  9
$UCSORTHOVIEW
 70
     0
  9
$UCSORGTOP
 10
0.0
 20
0.0
 30
0.0
  9
$UCSORGBOTTOM
 10
0.0
 20
0.0
 30
0.0
  9
$UCSORGLEFT
 10
0.0
 20
0.0
 30
0.0
  9
$UCSORGRIGHT
 10
0.0
 20
0.0
 30
0.0
  9
$UCSORGFRONT
 10
0.0
 20
0.0
 30
0.0
  9
$UCSORGBACK
 10
0.0
 20
0.0
 30
0.0
  9
$PUCSBASE
  2

  9
$PUCSNAME
  2

  9
$PUCSORG
 10
0.0
 20
0.0
 30
0.0
  9
$PUCSXDIR
 10
1.0
 20
0.0
 30
0.0
  9
$PUCSYDIR
 10
0.0
 20
1.0
 30
0.0
  9
$PUCSORTHOREF
  2

  9
$PUCSORTHOVIEW
 70
     0
  9
$PUCSORGTOP
 10
0.0
 20
0.0
 30
0.0
  9
$PUCSORGBOTTOM
 10
0.0
 20
0.0
 30
0.0
  9
$PUCSORGLEFT
 10
0.0
 20
0.0
 30
0.0
  9
$PUCSORGRIGHT
 10
0.0
 20
0.0
 30
0.0
  9
$PUCSORGFRONT
 10
0.0
 20
0.0
 30
0.0
  9
$PUCSORGBACK
 10
0.0
 20
0.0
 30
0.0
  9
$USERI1
 70
     0
  9
$USERI2
 70
     0
  9
$USERI3
 70
     0
  9
$USERI4
 70
     0
  9
$USERI5
 70
     0
  9
$USERR1
 40
0.0
  9
$USERR2
 40
0.0
  9
$USERR3
 40
0.0
  9
$USERR4
 40
0.0
  9
$USERR5
 40
0.0
  9
$WORLDVIEW
 70
     1
  9
$SHADEDGE
 70
     3
  9
$SHADEDIF
 70
    70
  9
$TILEMODE
 70
     1
  9
$MAXACTVP
 70
    64
  9
$PINSBASE
 10
0.0
 20
0.0
 30
0.0
  9
$PLIMCHECK
 70
     0
  9
$PEXTMIN
 10
1.000000000000000E+20
 20
1.000000000000000E+20
 30
1.000000000000000E+20
  9
$PEXTMAX
 10
-1.000000000000000E+20
 20
-1.000000000000000E+20
 30
-1.000000000000000E+20
  9
$PLIMMIN
 10
0.0
 20
0.0
  9
$PLIMMAX
 10
420.0
 20
297.0
  9
$UNITMODE
 70
     0
  9
$VISRETAIN
 70
     1
  9
$PLINEGEN
 70
     0
  9
$PSLTSCALE
 70
     1
  9
$TREEDEPTH
 70
  3020
  9
$CMLSTYLE
  2
Standard
  9
$CMLJUST
 70
     0
  9
$CMLSCALE
 40
20.0
  9
$PROXYGRAPHICS
 70
     1
  9
$MEASUREMENT
 70
     1
  9
$CELWEIGHT
370
    -1
  9
$ENDCAPS
280
     0
  9
$JOINSTYLE
280
     0
  9
$LWDISPLAY
290
     1
  9
$INSUNITS
 70
     4
  9
$HYPERLINKBASE
  1

  9
$STYLESHEET
  1

  9
$XEDIT
290
     1
  9
$CEPSNTYPE
380
     0
  9
$PSTYLEMODE
290
     1
  9
$FINGERPRINTGUID
  2
{446224DA-5149-415F-983F-615C28B6830D}
  9
$VERSIONGUID
  2
{EBF24C29-C673-7841-A983-8F3F8E89FAFB}
  9
$EXTNAMES
290
     1
  9
$PSVPSCALE
 40
0.0
  9
$OLESTARTUP
290
     0
  9
$SORTENTS
280
   127
  9
$INDEXCTL
280
     0
  9
$HIDETEXT
280
     0
  9
$XCLIPFRAME
280
     2
  9
$HALOGAP
280
     0
  9
$OBSCOLOR
 70
   257
  9
$OBSLTYPE
280
     0
  9
$INTERSECTIONDISPLAY
280
     0
  9
$INTERSECTIONCOLOR
 70
   257
  9
$DIMASSOC
280
     1
  9
$PROJECTNAME
  1

  9
$CAMERADISPLAY
290
     0
  9
$LENSLENGTH
 40
50.0
  9
$CAMERAHEIGHT
 40
0.0
  9
$STEPSPERSEC
 40
2.0
  9
$STEPSIZE
 40
6.0
  9
$3DDWFPREC
 40
2.0
  9
$PSOLWIDTH
 40
0.25
  9
$PSOLHEIGHT
 40
4.0
  9
$LOFTANG1
 40
1.570796326794896
  9
$LOFTANG2
 40
1.570796326794896
  9
$LOFTMAG1
 40
0.0
  9
$LOFTMAG2
 40
0.0
  9
$LOFTPARAM
 70
     7
  9
$LOFTNORMALS
280
     1
  9
$LATITUDE
 40
37.795
  9
$LONGITUDE
 40
-122.394
  9
$NORTHDIRECTION
 40
0.0
  9
$TIMEZONE
 70
 -8000
  9
$LIGHTGLYPHDISPLAY
280
     1
  9
$TILEMODELIGHTSYNCH
280
     1
  9
$CMATERIAL
347
9F
  9
$SOLIDHIST
280
     0
  9
$SHOWHIST
280
     1
  9
$DWFFRAME
280
     2
  9
$DGNFRAME
280
     0
  9
$REALWORLDSCALE
290
     1
  9
$INTERFERECOLOR
 62
     1
  9
$INTERFEREOBJVS
345
C1
  9
$INTERFEREVPVS
346
BE
  9
$CSHADOW
280
     0
  9
$SHADOWPLANELOCATION
 40
0.0
  0
ENDSEC
  0
SECTION
  2
CLASSES
  0
CLASS
  1
ACDBDICTIONARYWDFLT
  2
AcDbDictionaryWithDefault
  3
ObjectDBX Classes
 90
        0
 91
        1
280
     0
281
     0
  0
CLASS
  1
VISUALSTYLE
  2
AcDbVisualStyle
  3
ObjectDBX Classes
 90
     4095
 91
       24
280
     0
281
     0
  0
CLASS
  1
MATERIAL
  2
AcDbMaterial
  3
ObjectDBX Classes
 90
     1153
 91
        3
280
     0
281
     0
  0
CLASS
  1
SCALE
  2
AcDbScale
  3
ObjectDBX Classes
 90
     1153
 91
       17
280
     0
281
     0
  0
CLASS
  1
TABLESTYLE
  2
AcDbTableStyle
  3
ObjectDBX Classes
 90
     4095
 91
        1
280
     0
281
     0
  0
CLASS
  1
MLEADERSTYLE
  2
AcDbMLeaderStyle
  3
ACDB_MLEADERSTYLE_CLASS
 90
     4095
 91
        1
280
     0
281
     0
  0
CLASS
  1
SUN
  2
AcDbSun
  3
SCENEOE
 90
     1153
 91
        0
280
     0
281
     0
  0
CLASS
  1
ACDBSECTIONVIEWSTYLE
  2
AcDbSectionViewStyle
  3
ObjectDBX Classes
 90
     1025
 91
        1
280
     0
281
     0
  0
CLASS
  1
ACDBDETAILVIEWSTYLE
  2
AcDbDetailViewStyle
  3
ObjectDBX Classes
 90
     1025
 91
        1
280
     0
281
     0
  0
CLASS
  1
DICTIONARYVAR
  2
AcDbDictionaryVar
  3
ObjectDBX Classes
 90
        0
 91
        9
280
     0
281
     0
  0
CLASS
  1
CELLSTYLEMAP
  2
AcDbCellStyleMap
  3
ObjectDBX Classes
 90
     1152
 91
        2
280
     0
281
     0
  0
ENDSEC
  0
SECTION
  2
TABLES
  0
TABLE
  2
VPORT
  5
8
330
0
100
AcDbSymbolTable
 70
     1
  0
VPORT
  5
29
330
8
100
AcDbSymbolTableRecord
100
AcDbViewportTableRecord
  2
*Active
 70
     0
 10
0.0
 20
0.0
 11
1.0
 21
1.0
 12
218.2924863175992
 22
-4.174919733090064
 13
0.0
 23
0.0
 14
10.0
 24
10.0
 15
10.0
 25
10.0
 16
0.0
 26
0.0
 36
1.0
 17
0.0
 27
0.0
 37
0.0
 40
1284.506060702799
 41
2.146566164154104
 42
50.0
 43
0.0
 44
0.0
 50
0.0
 51
0.0
 71
     0
 72
   100
 73
     1
 74
     3
 75
     0
 76
     0
 77
     0
 78
     0
281
     0
 65
     1
110
0.0
120
0.0
130
0.0
111
1.0
121
0.0
131
0.0
112
0.0
122
1.0
132
0.0
 79
     0
146
0.0
348
BD
 60
     3
 61
     5
292
     1
282
     1
141
0.0
142
0.0
 63
   250
421
  3355443
1001
ACAD_NAV_VCDISPLAY
1070
     3
  0
ENDTAB
  0
TABLE
  2
LTYPE
  5
5
330
0
100
AcDbSymbolTable
 70
     6
  0
LTYPE
  5
14
330
5
100
AcDbSymbolTableRecord
100
AcDbLinetypeTableRecord
  2
ByBlock
 70
     0
  3

 72
    65
 73
     0
 40
0.0
  0
LTYPE
  5
15
330
5
100
AcDbSymbolTableRecord
100
AcDbLinetypeTableRecord
  2
ByLayer
 70
     0
  3

 72
    65
 73
     0
 40
0.0
  0
LTYPE
  5
16
330
5
100
AcDbSymbolTableRecord
100
AcDbLinetypeTableRecord
  2
Continuous
 70
     0
  3
Solid line
 72
    65
 73
     0
 40
0.0
  0
LTYPE
  5
5E
330
5
100
AcDbSymbolTableRecord
100
AcDbLinetypeTableRecord
  2
HIDDEN
 70
     0
  3
Hidden __ __ __ __ __ __ __ __ __ __ __ __ __ __
 72
    65
 73
     2
 40
1.905
 49
1.27
 74
     0
 49
-0.635
 74
     0
  0
LTYPE
  5
5F
330
5
100
AcDbSymbolTableRecord
100
AcDbLinetypeTableRecord
  2
PHANTOM
 70
     0
  3
Phantom ______  __  __  ______  __  __  ______
 72
    65
 73
     6
 40
12.7
 49
6.349999999999998
 74
     0
 49
-1.27
 74
     0
 49
1.27
 74
     0
 49
-1.27
 74
     0
 49
1.27
 74
     0
 49
-1.27
 74
     0
  0
LTYPE
  5
60
330
5
100
AcDbSymbolTableRecord
100
AcDbLinetypeTableRecord
  2
CENTER
 70
     0
  3
Center ____ _ ____ _ ____ _ ____ _ ____ _ ____
 72
    65
 73
     4
 40
10.16
 49
6.349999999999998
 74
     0
 49
-1.27
 74
     0
 49
1.27
 74
     0
 49
-1.27
 74
     0
  0
LTYPE
  5
61
330
5
100
AcDbSymbolTableRecord
100
AcDbLinetypeTableRecord
  2
CENTERX2
 70
     0
  3
Center (2x) ________  __  ________  __  _____
 72
    65
 73
     4
 40
20.32
 49
12.7
 74
     0
 49
-2.54
 74
     0
 49
2.54
 74
     0
 49
-2.54
 74
     0
  0
LTYPE
  5
62
330
5
100
AcDbSymbolTableRecord
100
AcDbLinetypeTableRecord
  2
DOT2
 70
     0
  3
Dot (.5x) ........................................
 72
    65
 73
     2
 40
0.635
 49
0.0
 74
     0
 49
-0.635
 74
     0
  0
ENDTAB
  0
TABLE
  2
LAYER
  5
2
330
0
100
AcDbSymbolTable
 70
     2
  0
LAYER
  5
10
102
{ACAD_XDICTIONARY
360
AD9
102
}
330
2
100
AcDbSymbolTableRecord
100
AcDbLayerTableRecord
  2
0
 70
     0
 62
     7
  6
Continuous
370
    -3
390
F
347
AF
348
0
  0
LAYER
  5
3B3
102
{ACAD_XDICTIONARY
360
ADB
102
}
330
2
100
AcDbSymbolTableRecord
100
AcDbLayerTableRecord
  2
SLD-0
 70
     0
 62
     7
  6
Continuous
370
    -3
390
F
347
AF
348
0
  0
ENDTAB
  0
TABLE
  2
STYLE
  5
3
330
0
100
AcDbSymbolTable
 70
     2
  0
STYLE
  5
11
330
3
100
AcDbSymbolTableRecord
100
AcDbTextStyleTableRecord
  2
Standard
 70
     0
 40
0.0
 41
1.0
 50
0.0
 71
     0
 42
22.49517189513932
  3
txt
  4

  0
STYLE
  5
3B4
330
3
100
AcDbSymbolTableRecord
100
AcDbTextStyleTableRecord
  2
SLDTEXTSTYLE0
 70
     0
 40
0.0
 41
0.7
 50
0.0
 71
     0
 42
3.5
  3
TXT
  4
bigfont
  0
ENDTAB
  0
TABLE
  2
VIEW
  5
6
330
0
100
AcDbSymbolTable
 70
     0
  0
ENDTAB
  0
TABLE
  2
UCS
  5
7
330
0
100
AcDbSymbolTable
 70
     0
  0
ENDTAB
  0
TABLE
  2
APPID
  5
9
330
0
100
AcDbSymbolTable
 70
     3
  0
APPID
  5
12
330
9
100
AcDbSymbolTableRecord
100
AcDbRegAppTableRecord
  2
ACAD
 70
     0
  0
APPID
  5
AB7
330
9
100
AcDbSymbolTableRecord
100
AcDbRegAppTableRecord
  2
ACAD_NAV_VCDISPLAY
 70
     0
  0
APPID
  5
AD6
330
9
100
AcDbSymbolTableRecord
100
AcDbRegAppTableRecord
  2
ACAD_EXEMPT_FROM_CAD_STANDARDS
 70
     0
  0
ENDTAB
  0
TABLE
  2
DIMSTYLE
  5
A
330
0
100
AcDbSymbolTable
 70
     1
100
AcDbDimStyleTable
 71
     0
  0
DIMSTYLE
105
27
330
A
100
AcDbSymbolTableRecord
100
AcDbDimStyleTableRecord
  2
ISO-25
 70
     0
 41
2.5
 42
0.625
 43
3.75
 44
1.25
 73
     0
 74
     0
 77
     1
 78
     8
140
2.5
141
2.5
143
0.0393700787
147
0.625
171
     3
172
     1
271
     2
272
     2
274
     3
278
    44
283
     0
284
     8
340
11
  0
ENDTAB
  0
TABLE
  2
BLOCK_RECORD
  5
1
330
0
100
AcDbSymbolTable
 70
    36
  0
BLOCK_RECORD
  5
1F
330
1
100
AcDbSymbolTableRecord
100
AcDbBlockTableRecord
  2
*Model_Space
340
22
 70
     0
280
     1
281
     0
  0
BLOCK_RECORD
  5
1B
330
1
100
AcDbSymbolTableRecord
100
AcDbBlockTableRecord
  2
*Paper_Space
340
1E
 70
     0
280
     1
281
     0
  0
BLOCK_RECORD
  5
23
330
1
100
AcDbSymbolTableRecord
100
AcDbBlockTableRecord
  2
*Paper_Space0
340
26
 70
     0
280
     1
281
     0
  0
BLOCK_RECORD
  5
DC
330
1
100
AcDbSymbolTableRecord
100
AcDbBlockTableRecord
  2
main_wing_第八块翼肋
340
0
102
{BLKREFS
331
B2B
331
B2F
102
}
 70
     0
280
     1
281
     0
  0
BLOCK_RECORD
  5
135
330
1
100
AcDbSymbolTableRecord
100
AcDbBlockTableRecord
  2
main_wing_第九块翼肋
340
0
102
{BLKREFS
331
B2C
331
B30
102
}
 70
     0
280
     1
281
     0
  0
BLOCK_RECORD
  5
18E
330
1
100
AcDbSymbolTableRecord
100
AcDbBlockTableRecord
  2
main_wing_第十块翼肋
340
0
102
{BLKREFS
331
B2D
331
B2E
102
}
 70
     0
280
     1
281
     0
  0
BLOCK_RECORD
  5
1DC
330
1
100
AcDbSymbolTableRecord
100
AcDbBlockTableRecord
  2
main_wing_平面版小翼_可以是木板
340
0
102
{BLKREFS
331
B31
331
B32
102
}
 70
     0
280
     1
281
     0
  0
BLOCK_RECORD
  5
1E3
330
1
100
AcDbSymbolTableRecord
100
AcDbBlockTableRecord
  2
副翼前挡板
340
0
102
{BLKREFS
102
}
 70
     0
280
     1
281
     0
  0
BLOCK_RECORD
  5
234
330
1
100
AcDbSymbolTableRecord
100
AcDbBlockTableRecord
  2
tail_第六块翼肋
340
0
102
{BLKREFS
331
B16
331
B1A
102
}
 70
     0
280
     1
281
     0
  0
BLOCK_RECORD
  5
280
330
1
100
AcDbSymbolTableRecord
100
AcDbBlockTableRecord
  2
升降舵前挡板
340
0
102
{BLKREFS
102
}
 70
     0
280
     1
281
     0
  0
BLOCK_RECORD
  5
301
330
1
100
AcDbSymbolTableRecord
100
AcDbBlockTableRecord
  2
tail_卡扣
340
0
102
{BLKREFS
102
}
 70
     0
280
     1
281
     0
  0
BLOCK_RECORD
  5
310
330
1
100
AcDbSymbolTableRecord
100
AcDbBlockTableRecord
  2
fin__第一翼肋_高度为59
340
0
102
{BLKREFS
331
B1D
331
B1F
102
}
 70
     0
280
     1
281
     0
  0
BLOCK_RECORD
  5
368
330
1
100
AcDbSymbolTableRecord
100
AcDbBlockTableRecord
  2
fin_第二翼肋_高度为59
340
0
102
{BLKREFS
331
B17
331
B18
102
}
 70
     0
280
     1
281
     0
  0
BLOCK_RECORD
  5
378
330
1
100
AcDbSymbolTableRecord
100
AcDbBlockTableRecord
  2
fin_方向舵前挡板_高度为59
340
0
102
{BLKREFS
102
}
 70
     0
280
     1
281
     0
  0
BLOCK_RECORD
  5
38F
330
1
100
AcDbSymbolTableRecord
100
AcDbBlockTableRecord
  2
fin_卡扣_高度为59
340
0
102
{BLKREFS
102
}
 70
     0
280
     1
281
     0
  0
BLOCK_RECORD
  5
396
330
1
100
AcDbSymbolTableRecord
100
AcDbBlockTableRecord
  2
插座板
340
0
102
{BLKREFS
102
}
 70
     0
280
     1
281
     0
  0
BLOCK_RECORD
  5
3A5
330
1
100
AcDbSymbolTableRecord
100
AcDbBlockTableRecord
  2
5mm插座
340
0
102
{BLKREFS
102
}
 70
     0
280
     1
281
     0
  0
BLOCK_RECORD
  5
3AC
330
1
100
AcDbSymbolTableRecord
100
AcDbBlockTableRecord
  2
6mm插座
340
0
102
{BLKREFS
102
}
 70
     0
280
     1
281
     0
  0
BLOCK_RECORD
  5
405
330
1
100
AcDbSymbolTableRecord
100
AcDbBlockTableRecord
  2
main_wing_第一块翼肋
340
0
 70
     0
280
     1
281
     0
  0
BLOCK_RECORD
  5
469
330
1
100
AcDbSymbolTableRecord
100
AcDbBlockTableRecord
  2
main_wing_第二块翼肋
340
0
 70
     0
280
     1
281
     0
  0
BLOCK_RECORD
  5
4CF
330
1
100
AcDbSymbolTableRecord
100
AcDbBlockTableRecord
  2
main_wing_第三块翼肋
340
0
 70
     0
280
     1
281
     0
  0
BLOCK_RECORD
  5
541
330
1
100
AcDbSymbolTableRecord
100
AcDbBlockTableRecord
  2
main_wing_第四块翼肋
340
0
 70
     0
280
     1
281
     0
  0
BLOCK_RECORD
  5
5B2
330
1
100
AcDbSymbolTableRecord
100
AcDbBlockTableRecord
  2
main_wing_第五块翼肋
340
0
 70
     0
280
     1
281
     0
  0
BLOCK_RECORD
  5
617
330
1
100
AcDbSymbolTableRecord
100
AcDbBlockTableRecord
  2
main_wing_第六块翼肋
340
0
 70
     0
280
     1
281
     0
  0
BLOCK_RECORD
  5
680
330
1
100
AcDbSymbolTableRecord
100
AcDbBlockTableRecord
  2
main_wing_第七块翼肋
340
0
 70
     0
280
     1
281
     0
  0
BLOCK_RECORD
  5
703
330
1
100
AcDbSymbolTableRecord
100
AcDbBlockTableRecord
  2
main_wing_第二横梁左
340
0
102
{BLKREFS
102
}
 70
     0
280
     1
281
     0
  0
BLOCK_RECORD
  5
785
330
1
100
AcDbSymbolTableRecord
100
AcDbBlockTableRecord
  2
块2
340
0
102
{BLKREFS
102
}
 70
     0
280
     1
281
     0
  0
BLOCK_RECORD
  5
790
330
1
100
AcDbSymbolTableRecord
100
AcDbBlockTableRecord
  2
襟翼前龙骨挡板
340
0
102
{BLKREFS
102
}
 70
     0
280
     1
281
     0
  0
BLOCK_RECORD
  5
825
330
1
100
AcDbSymbolTableRecord
100
AcDbBlockTableRecord
  2
tail_第一块翼肋
340
0
102
{BLKREFS
331
B6C
331
B77
102
}
 70
     0
280
     1
281
     0
  0
BLOCK_RECORD
  5
887
330
1
100
AcDbSymbolTableRecord
100
AcDbBlockTableRecord
  2
tail_第二块翼肋
340
0
102
{BLKREFS
331
B6A
331
B78
102
}
 70
     0
280
     1
281
     0
  0
BLOCK_RECORD
  5
8DF
330
1
100
AcDbSymbolTableRecord
100
AcDbBlockTableRecord
  2
tail_第三块翼肋
340
0
102
{BLKREFS
331
B6B
331
B79
102
}
 70
     0
280
     1
281
     0
  0
BLOCK_RECORD
  5
937
330
1
100
AcDbSymbolTableRecord
100
AcDbBlockTableRecord
  2
tail_第四块翼肋
340
0
102
{BLKREFS
331
B69
331
B7B
102
}
 70
     0
280
     1
281
     0
  0
BLOCK_RECORD
  5
98F
330
1
100
AcDbSymbolTableRecord
100
AcDbBlockTableRecord
  2
tail_第五块翼肋
340
0
102
{BLKREFS
331
B6D
331
B7A
102
}
 70
     0
280
     1
281
     0
  0
BLOCK_RECORD
  5
9E7
330
1
100
AcDbSymbolTableRecord
100
AcDbBlockTableRecord
  2
main_wing_第二横梁右
340
0
102
{BLKREFS
102
}
 70
     0
280
     1
281
     0
  0
ENDTAB
  0
ENDSEC
  0
SECTION
  2
BLOCKS
  0
BLOCK
  5
20
330
1F
100
AcDbEntity
  8
0
100
AcDbBlockBegin
  2
*Model_Space
 70
     0
 10
0.0
 20
0.0
 30
0.0
  3
*Model_Space
  1

  0
ENDBLK
  5
21
330
1F
100
AcDbEntity
  8
0
100
AcDbBlockEnd
  0
BLOCK
  5
1C
330
1B
100
AcDbEntity
 67
     1
  8
0
100
AcDbBlockBegin
  2
*Paper_Space
 70
     0
 10
0.0
 20
0.0
 30
0.0
  3
*Paper_Space
  1

  0
ENDBLK
  5
1D
330
1B
100
AcDbEntity
 67
     1
  8
0
100
AcDbBlockEnd
  0
BLOCK
  5
24
330
23
100
AcDbEntity
 67
     1
  8
0
100
AcDbBlockBegin
  2
*Paper_Space0
 70
     0
 10
0.0
 20
0.0
 30
0.0
  3
*Paper_Space0
  1

  0
ENDBLK
  5
25
330
23
100
AcDbEntity
 67
     1
  8
0
100
AcDbBlockEnd
  0
BLOCK
  5
DD
330
DC
100
AcDbEntity
  8
0
100
AcDbBlockBegin
  2
main_wing_第八块翼肋
 70
     0
 10
0.0
 20
0.0
 30
0.0
  3
main_wing_第八块翼肋
  1

  0
ARC
  5
DE
330
DC
100
AcDbEntity
  8
0
  6
Continuous
 62
     7
370
    25
100
AcDbCircle
 10
63.45321403399999
 20
10.3784271526
 30
0.0
 40
0.9999999999999948
100
AcDbArc
 50
269.9999999996
 51
41.6154820487
  0
ARC
  5
DF
330
DC
100
AcDbEntity
  8
0
  6
Continuous
 62
     7
370
    25
100
AcDbCircle
 10
57.8489004705
 20
16.6872829927
 30
0.0
 40
0.9999999999802923
100
AcDbArc
 50
41.6154820453
 51
180.0
  0
ARC
  5
E0
330
DC
100
AcDbEntity
  8
0
  6
Continuous
 62
     7
370
    25
100
AcDbCircle
 10
57.8489004705
 20
10.3784271526
 30
0.0
 40
1.0
100
AcDbArc
 50
180.0
 51
270.0
  0
ARC
  5
E1
330
DC
100
AcDbEntity
  8
0
  6
Continuous
 62
     7
370
    25
100
AcDbCircle
 10
53.2755224363
 20
10.3784271526
 30
0.0
 40
1.0
100
AcDbArc
 50
270.0
 51
0.0
  0
ARC
  5
E2
330
DC
100
AcDbEntity
  8
0
  6
Continuous
 62
     7
370
    25
100
AcDbCircle
 10
53.2755224363
 20
16.7094887417
 30
0.0
 40
1.0
100
AcDbArc
 50
0.0000000003
 51
138.0610297987999
  0
ARC
  5
E3
330
DC
100
AcDbEntity
  8
0
  6
Continuous
 62
     7
370
    25
100
AcDbCircle
 10
47.58720821669998
 20
10.3784271526
 30
0.0
 40
1.000000000009142
100
AcDbArc
 50
138.0610298035
 51
270.0
  0
ARC
  5
E4
330
DC
100
AcDbEntity
  8
0
  6
Continuous
 62
     7
370
    25
100
AcDbCircle
 10
43.6700920863
 20
11.9876689502
 30
0.0
 40
1.0
100
AcDbArc
 50
180.0
 51
318.0610297994
  0
ARC
  5
E5
330
DC
100
AcDbEntity
  8
0
  6
Continuous
 62
     7
370
    25
100
AcDbCircle
 10
49.35840630600001
 20
18.3187305393
 30
0.0
 40
0.9999999999719475
100
AcDbArc
 50
318.061029799
 51
89.9999999993
  0
ARC
  5
E6
330
DC
100
AcDbEntity
  8
0
  6
Continuous
 62
     7
370
    25
100
AcDbCircle
 10
43.6700920863
 20
18.3187305393
 30
0.0
 40
1.0
100
AcDbArc
 50
90.0
 51
180.0
  0
ARC
  5
E7
330
DC
100
AcDbEntity
  8
0
  6
Continuous
 62
     7
370
    25
100
AcDbCircle
 10
38.844422088
 20
11.9767708541
 30
0.0
 40
0.9999999999481927
100
AcDbArc
 50
222.0994941156
 51
0.0
  0
ARC
  5
E8
330
DC
100
AcDbEntity
  8
0
  6
Continuous
 62
     7
370
    25
100
AcDbCircle
 10
38.8444220879
 20
18.3187305393
 30
0.0
 40
1.0
100
AcDbArc
 50
0.000000003
 51
89.99999999699999
  0
ARC
  5
E9
330
DC
100
AcDbEntity
  8
0
  6
Continuous
 62
     7
370
    25
100
AcDbCircle
 10
33.1141234891
 20
18.3187305394
 30
0.0
 40
0.9999999999481872
100
AcDbArc
 50
90.0
 51
222.0994941156
  0
ARC
  5
EA
330
DC
100
AcDbEntity
  8
0
  6
Continuous
 62
     7
370
    25
100
AcDbCircle
 10
61.8500172569
 20
18.3187305393
 30
0.0
 40
1.0
100
AcDbArc
 50
90.0
 51
221.6154820477
  0
ARC
  5
EB
330
DC
100
AcDbEntity
  8
0
  6
Continuous
 62
     7
370
    25
100
AcDbCircle
 10
67.4543308205
 20
12.0098746992
 30
0.0
 40
0.9999999999803035
100
AcDbArc
 50
221.6154820453
 51
0.0
  0
ARC
  5
EC
330
DC
100
AcDbEntity
  8
0
  6
Continuous
 62
     7
370
    25
100
AcDbCircle
 10
67.4543308205
 20
18.3187305393
 30
0.0
 40
1.0
100
AcDbArc
 50
0.0000000007
 51
89.99999999969999
  0
ARC
  5
ED
330
DC
100
AcDbEntity
  8
0
  6
Continuous
 62
     7
370
    25
100
AcDbCircle
 10
34.7169983728
 20
10.3784271526
 30
0.0
 40
1.000000000000002
100
AcDbArc
 50
269.9999999997
 51
42.0994941156
  0
ARC
  5
EE
330
DC
100
AcDbEntity
  8
0
  6
Continuous
 62
     7
370
    25
100
AcDbCircle
 10
28.9866997739
 20
16.7203868379
 30
0.0
 40
0.9999999999852887
100
AcDbArc
 50
42.0994941118
 51
180.0
  0
ARC
  5
EF
330
DC
100
AcDbEntity
  8
0
  6
Continuous
 62
     7
370
    25
100
AcDbCircle
 10
28.9866997739
 20
10.3784271526
 30
0.0
 40
1.0
100
AcDbArc
 50
180.0
 51
270.0
  0
ARC
  5
F0
330
DC
100
AcDbEntity
  8
0
  6
Continuous
 62
     7
370
    25
100
AcDbCircle
 10
19.3608047561
 20
11.7760446632
 30
0.0
 40
4.099999999987836
100
AcDbArc
 50
268.1337000183
 51
91.86629998429999
  0
LINE
  5
F1
330
DC
100
AcDbEntity
  8
0
  6
Continuous
 62
     7
370
    25
100
AcDbLine
 10
81.28763928939999
 20
7.9198750548
 30
0.0
 11
81.28763927500001
 21
8.014979160700001
 31
0.0
  0
LINE
  5
F2
330
DC
100
AcDbEntity
  8
0
  6
Continuous
 62
     7
370
    25
100
AcDbLine
 10
80.2883117266
 20
7.9782973762
 30
0.0
 11
80.2883118451
 21
7.883205461699999
 31
0.0
  0
LINE
  5
F3
330
DC
100
AcDbEntity
  8
0
  6
Continuous
 62
     7
370
    25
100
AcDbLine
 10
80.2883118451
 20
7.883205461699999
 30
0.0
 11
81.28763928939999
 21
7.9198750548
 31
0.0
  0
LINE
  5
F4
330
DC
100
AcDbEntity
  8
0
  6
Continuous
 62
     7
370
    25
100
AcDbLine
 10
80.08844635619999
 20
7.875871542999999
 30
0.0
 11
80.08844620800001
 21
7.9709615625
 31
0.0
  0
LINE
  5
F5
330
DC
100
AcDbEntity
  8
0
  6
Continuous
 62
     7
370
    25
100
AcDbLine
 10
79.0891185905
 20
7.9342846608
 30
0.0
 11
79.0891189119
 21
7.8392019499
 31
0.0
  0
LINE
  5
F6
330
DC
100
AcDbEntity
  8
0
  6
Continuous
 62
     7
370
    25
100
AcDbLine
 10
79.0891189119
 20
7.8392019499
 30
0.0
 11
80.08844635619999
 21
7.875871542999999
 31
0.0
  0
LINE
  5
F7
330
DC
100
AcDbEntity
  8
0
  6
Continuous
 62
     7
370
    25
100
AcDbLine
 10
78.889253423
 20
7.831868031299999
 30
0.0
 11
78.8892530646
 21
7.926949644099998
 31
0.0
  0
LINE
  5
F8
330
DC
100
AcDbEntity
  8
0
  6
Continuous
 62
     7
370
    25
100
AcDbLine
 10
77.88992571119997
 20
7.8902758402
 30
0.0
 11
77.88992597869998
 21
7.7951984382
 31
0.0
  0
LINE
  5
F9
330
DC
100
AcDbEntity
  8
0
  6
Continuous
 62
     7
370
    25
100
AcDbLine
 10
77.88992597869998
 20
7.7951984382
 30
0.0
 11
78.889253423
 21
7.831868031299999
 31
0.0
  0
LINE
  5
FA
330
DC
100
AcDbEntity
  8
0
  6
Continuous
 62
     7
370
    25
100
AcDbLine
 10
81.4875042122
 20
8.022323832499997
 30
0.0
 11
81.4875042122
 21
0.000007702
 31
0.0
  0
LINE
  5
FB
330
DC
100
AcDbEntity
  8
0
  6
Continuous
 62
     7
370
    25
100
AcDbLine
 10
81.4875042122
 20
0.000007702
 30
0.0
 11
77.48750421220001
 21
0.000007702
 31
0.0
  0
LINE
  5
FC
330
DC
100
AcDbEntity
  8
0
  6
Continuous
 62
     7
370
    25
100
AcDbLine
 10
77.48750421220001
 20
0.000007702
 30
0.0
 11
77.48750421220001
 21
7.7804395872
 31
0.0
  0
LINE
  5
FD
330
DC
100
AcDbEntity
  8
0
  6
Continuous
 62
     7
370
    25
100
AcDbLine
 10
77.48750421220001
 20
7.7804395872
 30
0.0
 11
77.69005992380002
 21
7.787872221599998
 31
0.0
  0
LINE
  5
FE
330
DC
100
AcDbEntity
  8
0
  6
Continuous
 62
     7
370
    25
100
AcDbLine
 10
77.69005992380002
 20
7.787872221599998
 30
0.0
 11
77.69005992380002
 21
7.882941251699999
 31
0.0
  0
LINE
  5
FF
330
DC
100
AcDbEntity
  8
0
  6
Continuous
 62
     7
370
    25
100
AcDbLine
 10
35.278862127
 20
0.0
 30
0.0
 11
35.278862127
 21
6.3200131872
 31
0.0
  0
LINE
  5
100
330
DC
100
AcDbEntity
  8
0
  6
Continuous
 62
     7
370
    25
100
AcDbLine
 10
31.278862127
 20
0.0
 30
0.0
 11
35.278862127
 21
0.0
 31
0.0
  0
LINE
  5
101
330
DC
100
AcDbEntity
  8
0
  6
Continuous
 62
     7
370
    25
100
AcDbLine
 10
31.278862127
 20
6.0859377796
 30
0.0
 11
31.278862127
 21
0.0
 31
0.0
  0
LINE
  5
102
330
DC
100
AcDbEntity
  8
0
  6
Continuous
 62
     7
370
    25
100
AcDbLine
 10
31.4812282942
 20
6.0859377796
 30
0.0
 11
31.278862127
 21
6.0859377796
 31
0.0
  0
LINE
  5
103
330
DC
100
AcDbEntity
  8
0
  6
Continuous
 62
     7
370
    25
100
AcDbLine
 10
31.4812282942
 20
6.1859921019
 30
0.0
 11
31.4812282942
 21
6.0859377796
 31
0.0
  0
LINE
  5
104
330
DC
100
AcDbEntity
  8
0
  6
Continuous
 62
     7
370
    25
100
AcDbLine
 10
71.110844778
 20
14.2272172727
 30
0.0
 11
71.110844778
 21
20.9365599288
 31
0.0
  0
LINE
  5
105
330
DC
100
AcDbEntity
  8
0
  6
Continuous
 62
     7
370
    25
100
AcDbLine
 10
73.110844778
 20
14.2272172727
 30
0.0
 11
71.110844778
 21
14.2272172727
 31
0.0
  0
LINE
  5
106
330
DC
100
AcDbEntity
  8
0
  6
Continuous
 62
     7
370
    25
100
AcDbLine
 10
73.110844778
 20
20.7395235614
 30
0.0
 11
73.110844778
 21
14.2272172727
 31
0.0
  0
LINE
  5
107
330
DC
100
AcDbEntity
  8
0
  6
Continuous
 62
     7
370
    25
100
AcDbLine
 10
96.11084466680001
 20
15.4182184342
 30
0.0
 11
96.11084466680001
 21
17.5689547943
 31
0.0
  0
LINE
  5
108
330
DC
100
AcDbEntity
  8
0
  6
Continuous
 62
     7
370
    25
100
AcDbLine
 10
98.11084420440003
 20
15.4182184342
 30
0.0
 11
96.11084466680001
 21
15.4182184342
 31
0.0
  0
LINE
  5
109
330
DC
100
AcDbEntity
  8
0
  6
Continuous
 62
     7
370
    25
100
AcDbLine
 10
98.11084420440003
 20
12.4182267785
 30
0.0
 11
98.11084420440003
 21
15.4182184342
 31
0.0
  0
LINE
  5
10A
330
DC
100
AcDbEntity
  8
0
  6
Continuous
 62
     7
370
    25
100
AcDbLine
 10
96.11084423219999
 20
12.4182267785
 30
0.0
 11
98.11084420440003
 21
12.4182267785
 31
0.0
  0
LINE
  5
10B
330
DC
100
AcDbEntity
  8
0
  6
Continuous
 62
     7
370
    25
100
AcDbLine
 10
96.11084423219999
 20
8.5593991027
 30
0.0
 11
96.11084423219999
 21
12.4182267785
 31
0.0
  0
LINE
  5
10C
330
DC
100
AcDbEntity
  8
0
  6
Continuous
 62
     7
370
    25
100
AcDbLine
 10
34.0796664918
 20
6.176015107799998
 30
0.0
 11
34.0796664918
 21
6.276080367499998
 31
0.0
  0
LINE
  5
10D
330
DC
100
AcDbEntity
  8
0
  6
Continuous
 62
     7
370
    25
100
AcDbLine
 10
35.0789989883
 20
6.212546761699999
 30
0.0
 11
34.0796664918
 21
6.176015107799998
 31
0.0
  0
LINE
  5
10E
330
DC
100
AcDbEntity
  8
0
  6
Continuous
 62
     7
370
    25
100
AcDbLine
 10
35.0789989785
 20
6.3126149946
 30
0.0
 11
35.0789989883
 21
6.212546761699999
 31
0.0
  0
LINE
  5
10F
330
DC
100
AcDbEntity
  8
0
  6
Continuous
 62
     7
370
    25
100
AcDbLine
 10
32.8804225876
 20
6.1334242559
 30
0.0
 11
32.8804225876
 21
6.233484961
 31
0.0
  0
LINE
  5
110
330
DC
100
AcDbEntity
  8
0
  6
Continuous
 62
     7
370
    25
100
AcDbLine
 10
33.8797962103
 20
6.1688129847
 30
0.0
 11
32.8804225876
 21
6.1334242559
 31
0.0
  0
LINE
  5
111
330
DC
100
AcDbEntity
  8
0
  6
Continuous
 62
     7
370
    25
100
AcDbLine
 10
33.8797962009
 20
6.268877556
 30
0.0
 11
33.8797962103
 21
6.1688129847
 31
0.0
  0
LINE
  5
112
330
DC
100
AcDbEntity
  8
0
  6
Continuous
 62
     7
370
    25
100
AcDbLine
 10
31.6811187515
 20
6.0925563227
 30
0.0
 11
31.6811187515
 21
6.1926116169
 31
0.0
  0
LINE
  5
113
330
DC
100
AcDbEntity
  8
0
  6
Continuous
 62
     7
370
    25
100
AcDbLine
 10
32.6805430606
 20
6.1264834577
 30
0.0
 11
31.6811187515
 21
6.0925563227
 31
0.0
  0
LINE
  5
114
330
DC
100
AcDbEntity
  8
0
  6
Continuous
 62
     7
370
    25
100
AcDbLine
 10
32.6805430605
 20
6.226543314199999
 30
0.0
 11
32.6805430606
 21
6.1264834577
 31
0.0
  0
LINE
  5
115
330
DC
100
AcDbEntity
  8
0
  6
Continuous
 62
     7
370
    25
100
AcDbLine
 10
63.45321403399999
 20
9.3784271526
 30
0.0
 11
57.8489004705
 21
9.3784271526
 31
0.0
  0
LINE
  5
116
330
DC
100
AcDbEntity
  8
0
  6
Continuous
 62
     7
370
    25
100
AcDbLine
 10
58.5965191324
 20
17.3514112456
 30
0.0
 11
64.2008326959
 21
11.0425554056
 31
0.0
  0
LINE
  5
117
330
DC
100
AcDbEntity
  8
0
  6
Continuous
 62
     7
370
    25
100
AcDbLine
 10
56.8489004705
 20
10.3784271526
 30
0.0
 11
56.8489004705
 21
16.6872829927
 31
0.0
  0
LINE
  5
118
330
DC
100
AcDbEntity
  8
0
  6
Continuous
 62
     7
370
    25
100
AcDbLine
 10
53.2755224363
 20
9.3784271526
 30
0.0
 11
47.58720821669998
 21
9.3784271526
 31
0.0
  0
LINE
  5
119
330
DC
100
AcDbEntity
  8
0
  6
Continuous
 62
     7
370
    25
100
AcDbLine
 10
54.2755224363
 20
16.7094887417
 30
0.0
 11
54.2755224363
 21
10.3784271526
 31
0.0
  0
LINE
  5
11A
330
DC
100
AcDbEntity
  8
0
  6
Continuous
 62
     7
370
    25
100
AcDbLine
 10
46.84335107439999
 20
11.0467658032
 30
0.0
 11
52.5316652941
 21
17.3778273923
 31
0.0
  0
LINE
  5
11B
330
DC
100
AcDbEntity
  8
0
  6
Continuous
 62
     7
370
    25
100
AcDbLine
 10
42.6700920863
 20
11.9876689502
 30
0.0
 11
42.6700920863
 21
18.3187305393
 31
0.0
  0
LINE
  5
11C
330
DC
100
AcDbEntity
  8
0
  6
Continuous
 62
     7
370
    25
100
AcDbLine
 10
50.1022634482
 20
17.6503918887
 30
0.0
 11
44.4139492285
 21
11.3193302996
 31
0.0
  0
LINE
  5
11D
330
DC
100
AcDbEntity
  8
0
  6
Continuous
 62
     7
370
    25
100
AcDbLine
 10
43.6700920863
 20
19.3187305393
 30
0.0
 11
49.35840630600001
 21
19.3187305393
 31
0.0
  0
LINE
  5
11E
330
DC
100
AcDbEntity
  8
0
  6
Continuous
 62
     7
370
    25
100
AcDbLine
 10
38.1024403277
 20
11.3063507863
 30
0.0
 11
32.3721417288
 21
17.6483104716
 31
0.0
  0
LINE
  5
11F
330
DC
100
AcDbEntity
  8
0
  6
Continuous
 62
     7
370
    25
100
AcDbLine
 10
39.8444220879
 20
18.3187305394
 30
0.0
 11
39.8444220879
 21
11.9767708541
 31
0.0
  0
LINE
  5
120
330
DC
100
AcDbEntity
  8
0
  6
Continuous
 62
     7
370
    25
100
AcDbLine
 10
33.1141234891
 20
19.3187305393
 30
0.0
 11
38.844422088
 21
19.3187305393
 31
0.0
  0
LINE
  5
121
330
DC
100
AcDbEntity
  8
0
  6
Continuous
 62
     7
370
    25
100
AcDbLine
 10
61.8500172569
 20
19.3187305393
 30
0.0
 11
67.4543308205
 21
19.3187305393
 31
0.0
  0
LINE
  5
122
330
DC
100
AcDbEntity
  8
0
  6
Continuous
 62
     7
370
    25
100
AcDbLine
 10
66.7067121586
 20
11.3457464463
 30
0.0
 11
61.102398595
 21
17.6546022863
 31
0.0
  0
LINE
  5
123
330
DC
100
AcDbEntity
  8
0
  6
Continuous
 62
     7
370
    25
100
AcDbLine
 10
68.4543308205
 20
18.3187305393
 30
0.0
 11
68.4543308205
 21
12.0098746992
 31
0.0
  0
LINE
  5
124
330
DC
100
AcDbEntity
  8
0
  6
Continuous
 62
     7
370
    25
100
AcDbLine
 10
34.7169983728
 20
9.3784271526
 30
0.0
 11
28.9866997739
 21
9.3784271526
 31
0.0
  0
LINE
  5
125
330
DC
100
AcDbEntity
  8
0
  6
Continuous
 62
     7
370
    25
100
AcDbLine
 10
29.7286815343
 20
17.39080690559999
 30
0.0
 11
35.4589801332
 21
11.0488472204
 31
0.0
  0
LINE
  5
126
330
DC
100
AcDbEntity
  8
0
  6
Continuous
 62
     7
370
    25
100
AcDbLine
 10
27.9866997739
 20
10.3784271526
 30
0.0
 11
27.9866997739
 21
16.7203868379
 31
0.0
  0
SPLINE
  5
127
330
DC
100
AcDbEntity
  8
0
  6
Continuous
 62
     7
370
    25
100
AcDbSpline
210
0.0
220
0.0
230
1.0
 70
     8
 71
     3
 72
     8
 73
     4
 74
     0
 42
0.00000001
 43
0.0000000001
 40
0.1909912534681748
 40
0.1909912534681748
 40
0.1909912534681748
 40
0.1909912534681748
 40
0.1946748673840815
 40
0.1946748673840815
 40
0.1946748673840815
 40
0.1946748673840815
 10
81.28763927497109
 20
8.014979160695457
 30
0.0
 10
80.95453012400568
 20
8.002751062357647
 30
0.0
 10
80.6214209384837
 20
7.990523870114494
 30
0.0
 10
80.2883117266006
 20
7.978297376231589
 30
0.0
  0
SPLINE
  5
128
330
DC
100
AcDbEntity
  8
0
  6
Continuous
 62
     7
370
    25
100
AcDbSpline
210
0.0
220
0.0
230
1.0
 70
     8
 71
     3
 72
     8
 73
     4
 74
     0
 42
0.00000001
 43
0.0000000001
 40
0.1954115901243887
 40
0.1954115901243887
 40
0.1954115901243887
 40
0.1954115901243887
 40
0.1990952036174436
 40
0.1990952036174436
 40
0.1990952036174436
 40
0.1990952036174436
 10
80.0884462080045
 20
7.97096156247011
 30
0.0
 10
79.75533702414337
 20
7.958735341025392
 30
0.0
 10
79.4222278155606
 20
7.946509776393903
 30
0.0
 10
79.0891185904517
 20
7.93428466084131
 30
0.0
  0
SPLINE
  5
129
330
DC
100
AcDbEntity
  8
0
  6
Continuous
 62
     7
370
    25
100
AcDbSpline
210
0.0
220
0.0
230
1.0
 70
     8
 71
     3
 72
     8
 73
     4
 74
     0
 42
0.00000001
 43
0.0000000001
 40
0.1998319262749323
 40
0.1998319262749323
 40
0.1998319262749323
 40
0.1998319262749323
 40
0.2035155383773639
 40
0.2035155383773639
 40
0.2035155383773639
 40
0.2035155383773639
 10
78.88925306462491
 20
7.926949644146769
 30
0.0
 10
78.55614395898749
 20
7.914724704531463
 30
0.0
 10
78.22303483846329
 20
7.902500172447884
 30
0.0
 10
77.88992571124794
 20
7.890275840161936
 30
0.0
  0
SPLINE
  5
12A
330
DC
100
AcDbEntity
  8
0
  6
Continuous
 62
     7
370
    25
100
AcDbSpline
210
0.0
220
0.0
230
1.0
 70
     8
 71
     3
 72
     9
 73
     5
 74
     0
 42
0.00000001
 43
0.0000000001
 40
0.1363515034589614
 40
0.1363515034589614
 40
0.1363515034589614
 40
0.1363515034589614
 40
0.1736178968731208
 40
0.1902545306413478
 40
0.1902545306413478
 40
0.1902545306413478
 40
0.1902545306413478
 10
96.11084423224077
 20
8.559399102671138
 30
0.0
 10
92.7408467288258
 20
8.435631613256596
 30
0.0
 10
87.8664017692926
 20
8.25656309148503
 30
0.0
 10
82.99195468952145
 20
8.077552357126517
 30
0.0
 10
81.48750421220489
 20
8.022323832542051
 30
0.0
  0
SPLINE
  5
12B
330
DC
100
AcDbEntity
  8
0
  6
Continuous
 62
     7
370
    25
100
AcDbSpline
210
0.0
220
0.0
230
1.0
 70
     8
 71
     3
 72
    18
 73
    14
 74
     0
 42
0.00000001
 43
0.0000000001
 40
0.2042522619417429
 40
0.2042522619417429
 40
0.2042522619417429
 40
0.2042522619417429
 40
0.2203942423331328
 40
0.2359863574864702
 40
0.2515784726398074
 40
0.2671705877931448
 40
0.2827627029464821
 40
0.2983548180998195
 40
0.3139469332531569
 40
0.3295390484064942
 40
0.3451311635598315
 40
0.3529272211365002
 40
0.3605847170875743
 40
0.3605847170875743
 40
0.3605847170875743
 40
0.3605847170875743
 10
77.69005992380485
 20
7.882941251716003
 30
0.0
 10
76.23034025514785
 20
7.829373240034297
 30
0.0
 10
73.36062505568847
 20
7.724068019557836
 30
0.0
 10
69.08091765488885
 20
7.566932976122307
 30
0.0
 10
64.85094854183515
 20
7.411243520178767
 30
0.0
 10
60.62098720599585
 20
7.255342936012686
 30
0.0
 10
56.39101176154964
 20
7.099824881134072
 30
0.0
 10
52.16099389293145
 20
6.945464294519121
 30
0.0
 10
47.93093287108545
 20
6.792291956269543
 30
0.0
 10
43.70091965052401
 20
6.637801265979393
 30
0.0
 10
40.17602039779264
 20
6.506022789409042
 30
0.0
 10
37.36872968866796
 20
6.398465784809338
 30
0.0
 10
35.97131980921129
 20
6.345691827258253
 30
0.0
 10
35.278862127
 20
6.32001318721098
 30
0.0
  0
SPLINE
  5
12C
330
DC
100
AcDbEntity
  8
0
  6
Continuous
 62
     7
370
    25
100
AcDbSpline
210
0.0
220
0.0
230
1.0
 70
     8
 71
     3
 72
    70
 73
    66
 74
     0
 42
0.00000001
 43
0.0000000001
 40
0.3745824443078775
 40
0.3745824443078775
 40
0.3745824443078775
 40
0.3745824443078775
 40
0.3841114514431748
 40
0.3919075090198435
 40
0.3997035665965121
 40
0.4074996241731811
 40
0.4152956817498497
 40
0.4230917393265183
 40
0.4308877969031869
 40
0.4386838544798555
 40
0.4464799120565244
 40
0.4542759696331928
 40
0.4581739984215272
 40
0.4620720272098616
 40
0.4659700559981961
 40
0.4698680847865303
 40
0.4737661135748648
 40
0.4776641423631989
 40
0.4815621711515333
 40
0.4854601999398678
 40
0.4874092143340347
 40
0.4893582287282019
 40
0.4913072431223691
 40
0.4932562575165362
 40
0.4952052719107034
 40
0.4971542863048706
 40
0.4991033006990377
 40
0.501052315093205
 40
0.5030013294873721
 40
0.5049503438815393
 40
0.5068993582757066
 40
0.5088483726698736
 40
0.5107973870640408
 40
0.512746401458208
 40
0.5146954158523753
 40
0.5166444302465423
 40
0.5205424590348767
 40
0.5244404878232111
 40
0.5283385166115453
 40
0.5322365453998798
 40
0.536134574188214
 40
0.5400326029765484
 40
0.5439306317648827
 40
0.547828660553217
 40
0.5517266893415513
 40
0.5556247181298854
 40
0.5634207757065541
 40
0.5712168332832228
 40
0.5790128908598915
 40
0.5868089484365602
 40
0.5946050060132291
 40
0.6024010635898978
 40
0.6101971211665666
 40
0.6179931787432352
 40
0.6257892363199038
 40
0.6413813514732412
 40
0.6569734666265783
 40
0.6725655817799156
 40
0.6881576969332529
 40
0.7037498120865904
 40
0.7193419272399277
 40
0.7349340423932651
 40
0.7505261575466025
 40
0.7661182726999396
 40
0.7700485417202341
 40
0.7700485417202341
 40
0.7700485417202341
 40
0.7700485417202341
 10
31.4812282942
 20
6.185992101899995
 30
0.0
 10
30.61940817413017
 20
6.157579422136372
 30
0.0
 10
29.0523991176971
 20
6.108927617105482
 30
0.0
 10
26.77994033040403
 20
6.049287593151053
 30
0.0
 10
24.66398208940429
 20
6.004948716732155
 30
0.0
 10
22.54776598427242
 20
5.974460387433523
 30
0.0
 10
20.43138161377813
 20
5.960902549218468
 30
0.0
 10
18.31493250543767
 20
5.966611941718642
 30
0.0
 10
16.19870168988223
 20
5.995645311888964
 30
0.0
 10
14.08287045000958
 20
6.048400303990637
 30
0.0
 10
11.96814328110328
 20
6.133586823769276
 30
0.0
 10
10.20667692243487
 20
6.22311426301409
 30
0.0
 10
8.798425667289812
 20
6.3098890392136
 30
0.0
 10
7.743575347885156
 20
6.395987605524748
 30
0.0
 10
6.691621357085763
 20
6.511047087523187
 30
0.0
 10
5.643839198038262
 20
6.661608737458676
 30
0.0
 10
4.603612820388121
 20
6.85602566492261
 30
0.0
 10
3.565117356563455
 20
7.059576937419338
 30
0.0
 10
2.533409239007803
 20
7.297157185434027
 30
0.0
 10
1.711676146422234
 20
7.633029986294626
 30
0.0
 10
1.123100397424884
 20
8.025161001547662
 30
0.0
 10
0.7194236443524957
 20
8.368696681963129
 30
0.0
 10
0.368425713288566
 20
8.766830405951678
 30
0.0
 10
0.094018642443636
 20
9.222718028236164
 30
0.0
 10
-0.0372913308106606
 20
9.744994099988934
 30
0.0
 10
0.0420476472850948
 20
10.27723012714107
 30
0.0
 10
0.2629065003970508
 20
10.76068653630699
 30
0.0
 10
0.5556667490079263
 20
11.20264709023275
 30
0.0
 10
0.8917466678876449
 20
11.61186843081179
 30
0.0
 10
1.252231066593666
 20
11.99932115576476
 30
0.0
 10
1.625356178113094
 20
12.3745106461359
 30
0.0
 10
2.00300209510223
 20
12.74510646008954
 30
0.0
 10
2.389110461373662
 20
13.10694918833082
 30
0.0
 10
2.786999992981364
 20
13.45586311456413
 30
0.0
 10
3.198500829206075
 20
13.7886039479897
 30
0.0
 10
3.763072694919053
 20
14.21185743225272
 30
0.0
 10
4.497721688896063
 20
14.7006396263391
 30
0.0
 10
5.413955318972932
 20
15.23085030408646
 30
0.0
 10
6.353851182649214
 20
15.71759700908958
 30
0.0
 10
7.312966604580744
 20
16.16517145641785
 30
0.0
 10
8.286424176633843
 20
16.58039765054756
 30
0.0
 10
9.270640865270571
 20
16.96937916230385
 30
0.0
 10
10.26342477092395
 20
17.33583367976944
 30
0.0
 10
11.2623859397784
 20
17.68505795013946
 30
0.0
 10
12.26684056413615
 20
18.01814469327072
 30
0.0
 10
13.61344126493911
 20
18.43956955159936
 30
0.0
 10
15.30973914772746
 20
18.92325940318629
 30
0.0
 10
17.3618362534307
 20
19.44191652779376
 30
0.0
 10
19.42688478419218
 20
19.90613822522769
 30
0.0
 10
21.50249011910731
 20
20.32050353661567
 30
0.0
 10
23.58740844728166
 20
20.6852231895779
 30
0.0
 10
25.68075157961546
 20
20.99799707230918
 30
0.0
 10
27.78139582911498
 20
21.25740657599168
 30
0.0
 10
29.88748033152682
 20
21.46723644465881
 30
0.0
 10
32.70058438016147
 20
21.69192463281487
 30
0.0
 10
36.22316455780114
 20
21.88179443513483
 30
0.0
 10
40.45377608947375
 20
22.02188371988992
 30
0.0
 10
44.6857720709202
 20
22.11068901300408
 30
0.0
 10
48.91873959631197
 20
22.12973851825025
 30
0.0
 10
53.15136309337589
 20
22.07040750212065
 30
0.0
 10
57.38183457584549
 20
21.92227719100631
 30
0.0
 10
61.60879750038398
 20
21.69667242769273
 30
0.0
 10
65.8314483283133
 20
21.40134297883927
 30
0.0
 10
68.99783059436919
 20
21.13437646747185
 30
0.0
 10
70.7567893369848
 20
20.97023843289317
 30
0.0
 10
71.1108447780298
 20
20.93655992881095
 30
0.0
  0
SPLINE
  5
12D
330
DC
100
AcDbEntity
  8
0
  6
Continuous
 62
     7
370
    25
100
AcDbSpline
210
0.0
220
0.0
230
1.0
 70
     8
 71
     3
 72
    14
 73
    10
 74
     0
 42
0.00000001
 43
0.0000000001
 40
0.777451439717115
 40
0.777451439717115
 40
0.777451439717115
 40
0.777451439717115
 40
0.7817103878532771
 40
0.7973025030066144
 40
0.8128946181599518
 40
0.8284867333132892
 40
0.8440788484666265
 40
0.8596709636199635
 40
0.8629910541268925
 40
0.8629910541268925
 40
0.8629910541268925
 40
0.8629910541268925
 10
73.11084477802977
 20
20.7395235614055
 30
0.0
 10
73.49425560881626
 20
20.70045133743657
 30
0.0
 10
75.28099279300649
 20
20.51489397777092
 30
0.0
 10
78.46811664221447
 20
20.15509683476153
 30
0.0
 10
82.66721214452294
 20
19.62100916598467
 30
0.0
 10
86.85919258933777
 20
19.03370521378142
 30
0.0
 10
91.04418021021649
 20
18.39881580615523
 30
0.0
 10
94.1266393299762
 20
17.90110829786117
 30
0.0
 10
95.81457233500968
 20
17.61880381363659
 30
0.0
 10
96.11084466680416
 20
17.56895479425464
 30
0.0
  0
SPLINE
  5
12E
330
DC
100
AcDbEntity
  8
0
  6
Continuous
 62
     7
370
    25
100
AcDbSpline
210
0.0
220
0.0
230
1.0
 70
     8
 71
     3
 72
     8
 73
     4
 74
     0
 42
0.00000001
 43
0.0000000001
 40
0.3613214395767833
 40
0.3613214395767833
 40
0.3613214395767833
 40
0.3613214395767833
 40
0.3650050520168466
 40
0.3650050520168466
 40
0.3650050520168466
 40
0.3650050520168466
 10
35.07899897853198
 20
6.312614994621962
 30
0.0
 10
34.74589288586801
 20
6.300307476985622
 30
0.0
 10
34.41278248009725
 20
6.288116522192645
 30
0.0
 10
34.0796664918
 20
6.276080367541602
 30
0.0
  0
SPLINE
  5
12F
330
DC
100
AcDbEntity
  8
0
  6
Continuous
 62
     7
370
    25
100
AcDbSpline
210
0.0
220
0.0
230
1.0
 70
     8
 71
     3
 72
     8
 73
     4
 74
     0
 42
0.00000001
 43
0.0000000001
 40
0.3657417745709001
 40
0.3657417745709001
 40
0.3657417745709001
 40
0.3657417745709001
 40
0.3694253871035776
 40
0.3694253871035776
 40
0.3694253871035776
 40
0.3694253871035776
 10
33.87979620088624
 20
6.26887755602245
 30
0.0
 10
33.54667792042603
 20
6.256904850624927
 30
0.0
 10
33.21355378287333
 20
6.24509477355882
 30
0.0
 10
32.88042258759999
 20
6.233484961011022
 30
0.0
  0
SPLINE
  5
130
330
DC
100
AcDbEntity
  8
0
  6
Continuous
 62
     7
370
    25
100
AcDbSpline
210
0.0
220
0.0
230
1.0
 70
     8
 71
     3
 72
     8
 73
     4
 74
     0
 42
0.00000001
 43
0.0000000001
 40
0.3701621094774652
 40
0.3701621094774652
 40
0.3701621094774652
 40
0.3701621094774652
 40
0.3738457218017542
 40
0.3738457218017542
 40
0.3738457218017542
 40
0.3738457218017542
 10
32.68054306054793
 20
6.226543314194771
 30
0.0
 10
32.34740905375082
 20
6.215014757518048
 30
0.0
 10
32.01426788942256
 20
6.203692766479651
 30
0.0
 10
31.68111875149999
 20
6.192611616859377
 30
0.0
  0
SPLINE
  5
131
330
DC
100
AcDbEntity
  8
0
  6
Continuous
 62
     7
370
    25
100
AcDbSpline
210
0.0
220
0.0
230
1.0
 70
     8
 71
     3
 72
     8
 73
     4
 74
     0
 42
0.00000001
 43
0.0000000001
 40
0.0
 40
0.0
 40
0.0
 40
0.0
 40
1.0
 40
1.0
 40
1.0
 40
1.0
 10
19.22727874499855
 20
7.678219532224423
 30
0.0
 10
19.18279368433229
 20
7.676770004111573
 30
0.0
 10
19.13827321197059
 20
7.676044663219142
 30
0.0
 10
19.09375273334516
 20
7.676044663219146
 30
0.0
  0
SPLINE
  5
132
330
DC
100
AcDbEntity
  8
0
  6
Continuous
 62
     7
370
    25
100
AcDbSpline
210
0.0
220
0.0
230
1.0
 70
     8
 71
     3
 72
     8
 73
     4
 74
     0
 42
0.00000001
 43
0.0000000001
 40
0.0
 40
0.0
 40
0.0
 40
0.0
 40
1.0
 40
1.0
 40
1.0
 40
1.0
 10
19.09375273334516
 20
15.87604466321914
 30
0.0
 10
19.13827321190866
 20
15.87604466321914
 30
0.0
 10
19.18279368420859
 20
15.87531932232873
 30
0.0
 10
19.22727874481312
 20
15.8738697942199
 30
0.0
  0
SPLINE
  5
133
330
DC
100
AcDbEntity
  8
0
  6
Continuous
 62
     7
370
    25
100
AcDbSpline
210
0.0
220
0.0
230
1.0
 70
     8
 71
     3
 72
    10
 73
     6
 74
     0
 42
0.00000001
 43
0.0000000001
 40
0.0
 40
0.0
 40
0.0
 40
0.0
 40
0.5000000000000001
 40
0.5000000000000001
 40
1.0
 40
1.0
 40
1.0
 40
1.0
 10
19.09375273334516
 20
7.676044663219146
 30
0.0
 10
16.36041940001179
 20
7.676044663219132
 30
0.0
 10
14.99375273334512
 20
10.40937799655247
 30
0.0
 10
14.99375273334515
 20
13.14271132988581
 30
0.0
 10
16.36041940001178
 20
15.87604466321915
 30
0.0
 10
19.09375273334516
 20
15.87604466321914
 30
0.0
  0
ENDBLK
  5
134
330
DC
100
AcDbEntity
  8
0
100
AcDbBlockEnd
  0
BLOCK
  5
136
330
135
100
AcDbEntity
  8
0
100
AcDbBlockBegin
  2
main_wing_第九块翼肋
 70
     0
 10
0.0
 20
0.0
 30
0.0
  3
main_wing_第九块翼肋
  1

  0
ARC
  5
137
330
135
100
AcDbEntity
  8
0
  6
Continuous
 62
     7
370
    25
100
AcDbCircle
 10
26.0667492347
 20
15.1550944479
 30
0.0
 40
1.000000000026459
100
AcDbArc
 50
44.3753031022
 51
180.0
  0
ARC
  5
138
330
135
100
AcDbEntity
  8
0
  6
Continuous
 62
     7
370
    25
100
AcDbCircle
 10
26.0667492347
 20
11.4781907303
 30
0.0
 40
1.0
100
AcDbArc
 50
180.0
 51
270.0
  0
ARC
  5
139
330
135
100
AcDbEntity
  8
0
  6
Continuous
 62
     7
370
    25
100
AcDbCircle
 10
29.6643359118
 20
11.4781907303
 30
0.0
 40
0.9999999999557529
100
AcDbArc
 50
270.0000000016999
 51
44.37530310169999
  0
ARC
  5
13A
330
135
100
AcDbEntity
  8
0
  6
Continuous
 62
     7
370
    25
100
AcDbCircle
 10
54.53220807600001
 20
16.6070300791
 30
0.0
 40
1.000000000000001
100
AcDbArc
 50
90.0
 51
228.2404862779
  0
ARC
  5
13B
330
135
100
AcDbEntity
  8
0
  6
Continuous
 62
     7
370
    25
100
AcDbCircle
 10
58.7603393293
 20
12.832017127
 30
0.0
 40
0.999999999986484
100
AcDbArc
 50
228.2404862761
 51
3.2404862773
  0
ARC
  5
13C
330
135
100
AcDbEntity
  8
0
  6
Continuous
 62
     7
370
    25
100
AcDbCircle
 10
58.54660739939999
 20
16.6070300791
 30
0.0
 40
1.000000000002329
100
AcDbArc
 50
3.2404862742
 51
90.0
  0
ARC
  5
13D
330
135
100
AcDbEntity
  8
0
  6
Continuous
 62
     7
370
    25
100
AcDbCircle
 10
33.4874175044
 20
12.9301263614
 30
0.0
 40
0.9999999999915063
100
AcDbArc
 50
224.3753030981
 51
0.0
  0
ARC
  5
13E
330
135
100
AcDbEntity
  8
0
  6
Continuous
 62
     7
370
    25
100
AcDbCircle
 10
33.4874175044
 20
16.6070300791
 30
0.0
 40
1.0
100
AcDbArc
 50
359.9999999998999
 51
90.0000000009
  0
ARC
  5
13F
330
135
100
AcDbEntity
  8
0
  6
Continuous
 62
     7
370
    25
100
AcDbCircle
 10
29.8898308273
 20
16.6070300791
 30
0.0
 40
1.000000000026457
100
AcDbArc
 50
90.0
 51
224.3753031022
  0
ARC
  5
140
330
135
100
AcDbEntity
  8
0
  6
Continuous
 62
     7
370
    25
100
AcDbCircle
 10
37.885337879
 20
12.7492705193
 30
0.0
 40
1.0
100
AcDbArc
 50
180.0
 51
312.4703713424
  0
ARC
  5
141
330
135
100
AcDbEntity
  8
0
  6
Continuous
 62
     7
370
    25
100
AcDbCircle
 10
42.09971691849999
 20
16.6070300791
 30
0.0
 40
1.000000000030329
100
AcDbArc
 50
312.4703713403
 51
90.0000000007
  0
ARC
  5
142
330
135
100
AcDbEntity
  8
0
  6
Continuous
 62
     7
370
    25
100
AcDbCircle
 10
37.885337879
 20
16.6070300791
 30
0.0
 40
1.0
100
AcDbArc
 50
90.0
 51
180.0
  0
ARC
  5
143
330
135
100
AcDbEntity
  8
0
  6
Continuous
 62
     7
370
    25
100
AcDbCircle
 10
46.172509281
 20
15.33595029
 30
0.0
 40
1.000000000000007
100
AcDbArc
 50
359.9999999998999
 51
132.4703713427
  0
ARC
  5
144
330
135
100
AcDbEntity
  8
0
  6
Continuous
 62
     7
370
    25
100
AcDbCircle
 10
41.9581302415
 20
11.4781907303
 30
0.0
 40
0.9999999999934415
100
AcDbArc
 50
132.4703713435
 51
270.0
  0
ARC
  5
145
330
135
100
AcDbEntity
  8
0
  6
Continuous
 62
     7
370
    25
100
AcDbCircle
 10
46.172509281
 20
11.4781907303
 30
0.0
 40
1.0
100
AcDbArc
 50
270.0
 51
0.0
  0
ARC
  5
146
330
135
100
AcDbEntity
  8
0
  6
Continuous
 62
     7
370
    25
100
AcDbCircle
 10
50.5127128266
 20
15.3736194108
 30
0.0
 40
0.999999999986479
100
AcDbArc
 50
48.2404862762
 51
180.0
  0
ARC
  5
147
330
135
100
AcDbEntity
  8
0
  6
Continuous
 62
     7
370
    25
100
AcDbCircle
 10
50.5127128266
 20
11.4781907303
 30
0.0
 40
1.000000000000007
100
AcDbArc
 50
180.0
 51
270.0
  0
ARC
  5
148
330
135
100
AcDbEntity
  8
0
  6
Continuous
 62
     7
370
    25
100
AcDbCircle
 10
54.87571341979999
 20
11.4781907303
 30
0.0
 40
0.9999999999864821
100
AcDbArc
 50
269.9999999999
 51
48.24048627729999
  0
ARC
  5
149
330
135
100
AcDbEntity
  8
0
  6
Continuous
 62
     7
370
    25
100
AcDbCircle
 10
19.3518453519
 20
11.7760446632
 30
0.0
 40
4.099999999990531
100
AcDbArc
 50
268.133700016
 51
91.86629998409999
  0
LINE
  5
14A
330
135
100
AcDbEntity
  8
0
  6
Continuous
 62
     7
370
    25
100
AcDbLine
 10
71.2510558549
 20
7.874073839299999
 30
0.0
 11
71.251055202
 21
7.980280390299998
 31
0.0
  0
LINE
  5
14B
330
135
100
AcDbEntity
  8
0
  6
Continuous
 62
     7
370
    25
100
AcDbLine
 10
70.25172813100001
 20
7.943607178099999
 30
0.0
 11
70.25172841060001
 21
7.8374042462
 31
0.0
  0
LINE
  5
14C
330
135
100
AcDbEntity
  8
0
  6
Continuous
 62
     7
370
    25
100
AcDbLine
 10
70.25172841060001
 20
7.8374042462
 30
0.0
 11
71.2510558549
 21
7.874073839299999
 31
0.0
  0
LINE
  5
14D
330
135
100
AcDbEntity
  8
0
  6
Continuous
 62
     7
370
    25
100
AcDbLine
 10
70.05186292170001
 20
7.830070327599998
 30
0.0
 11
70.0518623218
 21
7.936272300399999
 31
0.0
  0
LINE
  5
14E
330
135
100
AcDbEntity
  8
0
  6
Continuous
 62
     7
370
    25
100
AcDbLine
 10
69.0525353255
 20
7.89959622
 30
0.0
 11
69.0525354774
 21
7.7934007345
 31
0.0
  0
LINE
  5
14F
330
135
100
AcDbEntity
  8
0
  6
Continuous
 62
     7
370
    25
100
AcDbLine
 10
69.0525354774
 20
7.7934007345
 30
0.0
 11
70.05186292170001
 21
7.830070327599998
 31
0.0
  0
LINE
  5
150
330
135
100
AcDbEntity
  8
0
  6
Continuous
 62
     7
370
    25
100
AcDbLine
 10
68.8526699886
 20
7.786066815899999
 30
0.0
 11
68.852669718
 21
7.8922605582
 31
0.0
  0
LINE
  5
151
330
135
100
AcDbEntity
  8
0
  6
Continuous
 62
     7
370
    25
100
AcDbLine
 10
67.8533427464
 20
7.855579390299998
 30
0.0
 11
67.85334254430001
 21
7.749397222799998
 31
0.0
  0
LINE
  5
152
330
135
100
AcDbEntity
  8
0
  6
Continuous
 62
     7
370
    25
100
AcDbLine
 10
67.85334254430001
 20
7.749397222799998
 30
0.0
 11
68.8526699886
 21
7.786066815899999
 31
0.0
  0
LINE
  5
153
330
135
100
AcDbEntity
  8
0
  6
Continuous
 62
     7
370
    25
100
AcDbLine
 10
71.4509213229
 20
7.9876077983
 30
0.0
 11
71.4509216051
 21
-0.0000071147
 31
0.0
  0
LINE
  5
154
330
135
100
AcDbEntity
  8
0
  6
Continuous
 62
     7
370
    25
100
AcDbLine
 10
71.4509216051
 20
-0.0000071147
 30
0.0
 11
67.45092160510001
 21
-0.0000071147
 31
0.0
  0
LINE
  5
155
330
135
100
AcDbEntity
  8
0
  6
Continuous
 62
     7
370
    25
100
AcDbLine
 10
67.45092160510001
 20
-0.0000071147
 30
0.0
 11
67.45092160510001
 21
7.734623555099998
 31
0.0
  0
LINE
  5
156
330
135
100
AcDbEntity
  8
0
  6
Continuous
 62
     7
370
    25
100
AcDbLine
 10
67.45092160510001
 20
7.734623555099998
 30
0.0
 11
67.65347731670001
 21
7.7420561895
 31
0.0
  0
LINE
  5
157
330
135
100
AcDbEntity
  8
0
  6
Continuous
 62
     7
370
    25
100
AcDbLine
 10
67.65347731670001
 20
7.7420561895
 30
0.0
 11
67.65347731670001
 21
7.848242418999998
 31
0.0
  0
LINE
  5
158
330
135
100
AcDbEntity
  8
0
  6
Continuous
 62
     7
370
    25
100
AcDbLine
 10
33.01366814420001
 20
0.0
 30
0.0
 11
33.01366814420001
 21
6.571032234899998
 31
0.0
  0
LINE
  5
159
330
135
100
AcDbEntity
  8
0
  6
Continuous
 62
     7
370
    25
100
AcDbLine
 10
29.0136681463
 20
0.0
 30
0.0
 11
33.01366814420001
 21
0.0
 31
0.0
  0
LINE
  5
15A
330
135
100
AcDbEntity
  8
0
  6
Continuous
 62
     7
370
    25
100
AcDbLine
 10
29.0136681463
 20
6.3302754444
 30
0.0
 11
29.0136681463
 21
0.0
 31
0.0
  0
LINE
  5
15B
330
135
100
AcDbEntity
  8
0
  6
Continuous
 62
     7
370
    25
100
AcDbLine
 10
29.2160351449
 20
6.336943116799999
 30
0.0
 11
29.0136681463
 21
6.3302754444
 31
0.0
  0
LINE
  5
15C
330
135
100
AcDbEntity
  8
0
  6
Continuous
 62
     7
370
    25
100
AcDbLine
 10
29.2160351449
 20
6.4369968624
 30
0.0
 11
29.2160351449
 21
6.336943116799999
 31
0.0
  0
LINE
  5
15D
330
135
100
AcDbEntity
  8
0
  6
Continuous
 62
     7
370
    25
100
AcDbLine
 10
62.0221165979
 20
14.0513779829
 30
0.0
 11
62.0221165979
 21
20.5545324412
 31
0.0
  0
LINE
  5
15E
330
135
100
AcDbEntity
  8
0
  6
Continuous
 62
     7
370
    25
100
AcDbLine
 10
64.02211659789999
 20
14.0513779829
 30
0.0
 11
62.0221165979
 21
14.0513779829
 31
0.0
  0
LINE
  5
15F
330
135
100
AcDbEntity
  8
0
  6
Continuous
 62
     7
370
    25
100
AcDbLine
 10
64.02211659789999
 20
20.3879204183
 30
0.0
 11
64.02211659789999
 21
14.0513779829
 31
0.0
  0
LINE
  5
160
330
135
100
AcDbEntity
  8
0
  6
Continuous
 62
     7
370
    25
100
AcDbLine
 10
87.02211658690002
 20
17.4639277384
 30
0.0
 11
87.02211658690002
 21
15.4182185519
 31
0.0
  0
LINE
  5
161
330
135
100
AcDbEntity
  8
0
  6
Continuous
 62
     7
370
    25
100
AcDbLine
 10
89.02211686340001
 20
15.4182185519
 30
0.0
 11
87.02211658690002
 21
15.4182185519
 31
0.0
  0
LINE
  5
162
330
135
100
AcDbEntity
  8
0
  6
Continuous
 62
     7
370
    25
100
AcDbLine
 10
89.02211686340001
 20
12.4182119618
 30
0.0
 11
89.02211686340001
 21
15.4182185519
 31
0.0
  0
LINE
  5
163
330
135
100
AcDbEntity
  8
0
  6
Continuous
 62
     7
370
    25
100
AcDbLine
 10
87.0221168634
 20
12.4182119618
 30
0.0
 11
89.02211686340001
 21
12.4182119618
 31
0.0
  0
LINE
  5
164
330
135
100
AcDbEntity
  8
0
  6
Continuous
 62
     7
370
    25
100
AcDbLine
 10
87.0221168634
 20
12.4182119618
 30
0.0
 11
87.0221168634
 21
8.559377019699999
 31
0.0
  0
LINE
  5
165
330
135
100
AcDbEntity
  8
0
  6
Continuous
 62
     7
370
    25
100
AcDbLine
 10
31.8144764379
 20
6.4269266825
 30
0.0
 11
31.8144764379
 21
6.5269924369
 31
0.0
  0
LINE
  5
166
330
135
100
AcDbEntity
  8
0
  6
Continuous
 62
     7
370
    25
100
AcDbLine
 10
32.8138057655
 20
6.463544914699999
 30
0.0
 11
31.8144764379
 21
6.4269266825
 31
0.0
  0
LINE
  5
167
330
135
100
AcDbEntity
  8
0
  6
Continuous
 62
     7
370
    25
100
AcDbLine
 10
32.8138057687
 20
6.5636135996
 30
0.0
 11
32.8138057655
 21
6.463544914699999
 31
0.0
  0
LINE
  5
168
330
135
100
AcDbEntity
  8
0
  6
Continuous
 62
     7
370
    25
100
AcDbLine
 10
30.6152337492
 20
6.384301725499999
 30
0.0
 11
30.6152337492
 21
6.4843624337
 31
0.0
  0
LINE
  5
169
330
135
100
AcDbEntity
  8
0
  6
Continuous
 62
     7
370
    25
100
AcDbLine
 10
31.6146065994
 20
6.419712275
 30
0.0
 11
30.6152337492
 21
6.384301725499999
 31
0.0
  0
LINE
  5
16A
330
135
100
AcDbEntity
  8
0
  6
Continuous
 62
     7
370
    25
100
AcDbLine
 10
31.61460659
 20
6.5197772784
 30
0.0
 11
31.6146065994
 21
6.419712275
 31
0.0
  0
LINE
  5
16B
330
135
100
AcDbEntity
  8
0
  6
Continuous
 62
     7
370
    25
100
AcDbLine
 10
29.4159266734
 20
6.3435292264
 30
0.0
 11
29.4159266734
 21
6.4435840271
 31
0.0
  0
LINE
  5
16C
330
135
100
AcDbEntity
  8
0
  6
Continuous
 62
     7
370
    25
100
AcDbLine
 10
30.4153540349
 20
6.377366321
 30
0.0
 11
29.4159266734
 21
6.3435292264
 31
0.0
  0
LINE
  5
16D
330
135
100
AcDbEntity
  8
0
  6
Continuous
 62
     7
370
    25
100
AcDbLine
 10
30.415354035
 20
6.4774260952
 30
0.0
 11
30.4153540349
 21
6.377366321
 31
0.0
  0
LINE
  5
16E
330
135
100
AcDbEntity
  8
0
  6
Continuous
 62
     7
370
    25
100
AcDbLine
 10
26.7815234324
 20
15.8544497556
 30
0.0
 11
30.3791101094
 21
12.1775460379
 31
0.0
  0
LINE
  5
16F
330
135
100
AcDbEntity
  8
0
  6
Continuous
 62
     7
370
    25
100
AcDbLine
 10
25.0667492347
 20
11.4781907303
 30
0.0
 11
25.0667492347
 21
15.1550944479
 31
0.0
  0
LINE
  5
170
330
135
100
AcDbEntity
  8
0
  6
Continuous
 62
     7
370
    25
100
AcDbLine
 10
29.6643359118
 20
10.4781907303
 30
0.0
 11
26.0667492347
 21
10.4781907303
 31
0.0
  0
LINE
  5
171
330
135
100
AcDbEntity
  8
0
  6
Continuous
 62
     7
370
    25
100
AcDbLine
 10
54.53220807600001
 20
17.6070300791
 30
0.0
 11
58.54660739939999
 21
17.6070300791
 31
0.0
  0
LINE
  5
172
330
135
100
AcDbEntity
  8
0
  6
Continuous
 62
     7
370
    25
100
AcDbLine
 10
58.0943337928
 20
12.0860703291
 30
0.0
 11
53.8662025395
 21
15.8610832812
 31
0.0
  0
LINE
  5
173
330
135
100
AcDbEntity
  8
0
  6
Continuous
 62
     7
370
    25
100
AcDbLine
 10
59.5450084698
 20
16.6635570871
 30
0.0
 11
59.7587403997
 21
12.8885441351
 31
0.0
  0
LINE
  5
174
330
135
100
AcDbEntity
  8
0
  6
Continuous
 62
     7
370
    25
100
AcDbLine
 10
32.7726433067
 20
12.2307710538
 30
0.0
 11
29.1750566296
 21
15.9076747714
 31
0.0
  0
LINE
  5
175
330
135
100
AcDbEntity
  8
0
  6
Continuous
 62
     7
370
    25
100
AcDbLine
 10
34.4874175044
 20
16.6070300791
 30
0.0
 11
34.4874175044
 21
12.9301263614
 31
0.0
  0
LINE
  5
176
330
135
100
AcDbEntity
  8
0
  6
Continuous
 62
     7
370
    25
100
AcDbLine
 10
29.8898308273
 20
17.6070300791
 30
0.0
 11
33.4874175044
 21
17.6070300791
 31
0.0
  0
LINE
  5
177
330
135
100
AcDbEntity
  8
0
  6
Continuous
 62
     7
370
    25
100
AcDbLine
 10
36.885337879
 20
12.7492705193
 30
0.0
 11
36.885337879
 21
16.6070300791
 31
0.0
  0
LINE
  5
178
330
135
100
AcDbEntity
  8
0
  6
Continuous
 62
     7
370
    25
100
AcDbLine
 10
42.7749257767
 20
15.8694034812
 30
0.0
 11
38.5605467372
 21
12.0116439215
 31
0.0
  0
LINE
  5
179
330
135
100
AcDbEntity
  8
0
  6
Continuous
 62
     7
370
    25
100
AcDbLine
 10
37.885337879
 20
17.6070300791
 30
0.0
 11
42.09971691849999
 21
17.6070300791
 31
0.0
  0
LINE
  5
17A
330
135
100
AcDbEntity
  8
0
  6
Continuous
 62
     7
370
    25
100
AcDbLine
 10
47.172509281
 20
15.33595029
 30
0.0
 11
47.172509281
 21
11.4781907303
 31
0.0
  0
LINE
  5
17B
330
135
100
AcDbEntity
  8
0
  6
Continuous
 62
     7
370
    25
100
AcDbLine
 10
41.28292138329999
 20
12.2158173281
 30
0.0
 11
45.49730042279999
 21
16.0735768878
 31
0.0
  0
LINE
  5
17C
330
135
100
AcDbEntity
  8
0
  6
Continuous
 62
     7
370
    25
100
AcDbLine
 10
46.172509281
 20
10.4781907303
 30
0.0
 11
41.9581302415
 21
10.4781907303
 31
0.0
  0
LINE
  5
17D
330
135
100
AcDbEntity
  8
0
  6
Continuous
 62
     7
370
    25
100
AcDbLine
 10
51.1787183631
 20
16.1195662087
 30
0.0
 11
55.5417189563
 21
12.2241375282
 31
0.0
  0
LINE
  5
17E
330
135
100
AcDbEntity
  8
0
  6
Continuous
 62
     7
370
    25
100
AcDbLine
 10
49.5127128266
 20
11.4781907303
 30
0.0
 11
49.5127128266
 21
15.3736194108
 31
0.0
  0
LINE
  5
17F
330
135
100
AcDbEntity
  8
0
  6
Continuous
 62
     7
370
    25
100
AcDbLine
 10
54.87571341979999
 20
10.4781907303
 30
0.0
 11
50.5127128266
 21
10.4781907303
 31
0.0
  0
SPLINE
  5
180
330
135
100
AcDbEntity
  8
0
  6
Continuous
 62
     7
370
    25
100
AcDbSpline
210
0.0
220
0.0
230
1.0
 70
     8
 71
     3
 72
     8
 73
     4
 74
     0
 42
0.00000001
 43
0.0000000001
 40
0.2087252765512202
 40
0.2087252765512202
 40
0.2087252765512202
 40
0.2087252765512202
 40
0.2126785534532077
 40
0.2126785534532077
 40
0.2126785534532077
 40
0.2126785534532077
 10
71.25105520202655
 20
7.980280390341562
 30
0.0
 10
70.91794617038491
 20
7.968056191886668
 30
0.0
 10
70.58483714376102
 20
7.955831871524726
 30
0.0
 10
70.25172813101629
 20
7.943607178079093
 30
0.0
  0
SPLINE
  5
181
330
135
100
AcDbEntity
  8
0
  6
Continuous
 62
     7
370
    25
100
AcDbSpline
210
0.0
220
0.0
230
1.0
 70
     8
 71
     3
 72
     8
 73
     4
 74
     0
 42
0.00000001
 43
0.0000000001
 40
0.213469210428926
 40
0.213469210428926
 40
0.213469210428926
 40
0.213469210428926
 40
0.217422487455907
 40
0.217422487455907
 40
0.217422487455907
 40
0.217422487455907
 10
70.05186232183359
 20
7.936272300432462
 30
0.0
 10
69.71875330446301
 20
7.924047447319423
 30
0.0
 10
69.38564430274389
 20
7.911822170887226
 30
0.0
 10
69.05253532553811
 20
7.899596219959195
 30
0.0
  0
SPLINE
  5
182
330
135
100
AcDbEntity
  8
0
  6
Continuous
 62
     7
370
    25
100
AcDbSpline
210
0.0
220
0.0
230
1.0
 70
     8
 71
     3
 72
     8
 73
     4
 74
     0
 42
0.00000001
 43
0.0000000001
 40
0.2182131437482107
 40
0.2182131437482107
 40
0.2182131437482107
 40
0.2182131437482107
 40
0.222166421407913
 40
0.222166421407913
 40
0.222166421407913
 40
0.222166421407913
 10
68.85266971803071
 20
7.892260558224692
 30
0.0
 10
68.51956069767061
 20
7.880034325494128
 30
0.0
 10
68.18645170152527
 20
7.867807422642539
 30
0.0
 10
67.8533427463515
 20
7.855579390289935
 30
0.0
  0
SPLINE
  5
183
330
135
100
AcDbEntity
  8
0
  6
Continuous
 62
     7
370
    25
100
AcDbSpline
210
0.0
220
0.0
230
1.0
 70
     8
 71
     3
 72
    10
 73
     6
 74
     0
 42
0.00000001
 43
0.0000000001
 40
0.1463358709373239
 40
0.1463358709373239
 40
0.1463358709373239
 40
0.1463358709373239
 40
0.1736178968731208
 40
0.1892100120264582
 40
0.2079346194296376
 40
0.2079346194296376
 40
0.2079346194296376
 40
0.2079346194296376
 10
87.02211686342391
 20
8.559377019691838
 30
0.0
 10
84.72329528606769
 20
8.474942298469878
 30
0.0
 10
81.11066081759229
 20
8.342233440447206
 30
0.0
 10
75.92026338799273
 20
8.151617206428808
 30
0.0
 10
73.02868478994444
 20
8.045507256797304
 30
0.0
 10
71.45092132294599
 20
7.98760779829162
 30
0.0
  0
SPLINE
  5
184
330
135
100
AcDbEntity
  8
0
  6
Continuous
 62
     7
370
    25
100
AcDbSpline
210
0.0
220
0.0
230
1.0
 70
     8
 71
     3
 72
    17
 73
    13
 74
     0
 42
0.00000001
 43
0.0000000001
 40
0.2229570771853881
 40
0.2229570771853881
 40
0.2229570771853881
 40
0.2229570771853881
 40
0.2359863574864702
 40
0.2515784726398075
 40
0.2671705877931448
 40
0.2827627029464821
 40
0.2983548180998195
 40
0.3139469332531569
 40
0.3295390484064942
 40
0.3451311635598315
 40
0.3529272211365002
 40
0.3599909364279599
 40
0.3599909364279599
 40
0.3599909364279599
 40
0.3599909364279599
 10
67.65347731665878
 20
7.848242419044487
 30
0.0
 10
66.55561117109745
 20
7.807939384624971
 30
0.0
 10
64.14393185042666
 20
7.719373680362173
 30
0.0
 10
60.41845014147156
 20
7.582252499664898
 30
0.0
 10
56.47702824171457
 20
7.436986328030687
 30
0.0
 10
52.53559318692916
 20
7.292076854639232
 30
0.0
 10
48.59411862111726
 20
7.148245328206174
 30
0.0
 10
44.65260380708735
 20
7.005522128608127
 30
0.0
 10
40.71113361870197
 20
6.861568016134822
 30
0.0
 10
37.42667910858717
 20
6.738781815541924
 30
0.0
 10
34.8609126052657
 20
6.640479427555417
 30
0.0
 10
33.60885659538295
 20
6.593165798097428
 30
0.0
 10
33.01366814420001
 20
6.571032234949398
 30
0.0
  0
SPLINE
  5
185
330
135
100
AcDbEntity
  8
0
  6
Continuous
 62
     7
370
    25
100
AcDbSpline
210
0.0
220
0.0
230
1.0
 70
     8
 71
     3
 72
    67
 73
    63
 74
     0
 42
0.00000001
 43
0.0000000001
 40
0.3750133947730398
 40
0.3750133947730398
 40
0.3750133947730398
 40
0.3750133947730398
 40
0.3841114514431748
 40
0.3919075090198435
 40
0.3997035665965121
 40
0.4074996241731811
 40
0.4152956817498497
 40
0.4230917393265183
 40
0.4308877969031869
 40
0.4386838544798555
 40
0.4464799120565244
 40
0.4542759696331928
 40
0.4620720272098616
 40
0.4659700559981961
 40
0.4698680847865303
 40
0.4737661135748648
 40
0.4776641423631989
 40
0.4815621711515333
 40
0.4854601999398678
 40
0.4874092143340347
 40
0.4893582287282019
 40
0.4913072431223691
 40
0.4932562575165362
 40
0.4952052719107034
 40
0.4971542863048706
 40
0.4991033006990377
 40
0.501052315093205
 40
0.5030013294873721
 40
0.5049503438815393
 40
0.5068993582757066
 40
0.5088483726698736
 40
0.5107973870640408
 40
0.512746401458208
 40
0.5146954158523753
 40
0.5166444302465423
 40
0.5205424590348767
 40
0.5244404878232111
 40
0.5283385166115453
 40
0.5322365453998798
 40
0.536134574188214
 40
0.5400326029765484
 40
0.5439306317648827
 40
0.547828660553217
 40
0.5517266893415513
 40
0.5556247181298854
 40
0.5634207757065541
 40
0.5712168332832228
 40
0.5790128908598915
 40
0.5868089484365602
 40
0.5946050060132291
 40
0.6024010635898978
 40
0.6101971211665666
 40
0.6257892363199038
 40
0.6413813514732412
 40
0.6569734666265783
 40
0.6725655817799156
 40
0.6881576969332529
 40
0.7037498120865904
 40
0.7193419272399277
 40
0.7349340423932651
 40
0.7505261575466025
 40
0.7532653562810323
 40
0.7532653562810323
 40
0.7532653562810323
 40
0.7532653562810323
 10
29.21603514489999
 20
6.436996862399996
 30
0.0
 10
28.44931541834056
 20
6.411853915532341
 30
0.0
 10
27.02551144873405
 20
6.367819791403015
 30
0.0
 10
24.94438998907371
 20
6.313198256452201
 30
0.0
 10
22.97276688603662
 20
6.271890690871827
 30
0.0
 10
21.00090675542812
 20
6.243467379074558
 30
0.0
 10
19.02888432916571
 20
6.230862866765193
 30
0.0
 10
17.05681159302634
 20
6.236129266931382
 30
0.0
 10
15.08492367374657
 20
6.263282903696391
 30
0.0
 10
13.11344298838903
 20
6.312249177183146
 30
0.0
 10
11.14292366145757
 20
6.391997495334867
 30
0.0
 10
9.173453085155598
 20
6.491239900280636
 30
0.0
 10
7.533362415699571
 20
6.599883202344512
 30
0.0
 10
6.226328901662342
 20
6.743736845135657
 30
0.0
 10
5.250068001480045
 20
6.883581544712676
 30
0.0
 10
4.28077948157356
 20
7.064987258765832
 30
0.0
 10
3.313117320878263
 20
7.254528823772915
 30
0.0
 10
2.351814756177062
 20
7.475988898682293
 30
0.0
 10
1.586076555698055
 20
7.788878343719928
 30
0.0
 10
1.037733295192609
 20
8.154335565704624
 30
0.0
 10
0.6616107498973917
 20
8.474411150388187
 30
0.0
 10
0.3344714295983804
 20
8.845345970734109
 30
0.0
 10
0.0788319322777721
 20
9.270160966668376
 30
0.0
 10
-0.0435520562080643
 20
9.756795690654977
 30
0.0
 10
0.0303865501290087
 20
10.25273455889688
 30
0.0
 10
0.2361697938400195
 20
10.70320930797948
 30
0.0
 10
0.5089632883497256
 20
11.11502524202188
 30
0.0
 10
0.8221154597540728
 20
11.49633159902338
 30
0.0
 10
1.158010847832144
 20
11.85735591024422
 30
0.0
 10
1.505683212634608
 20
12.20695212594813
 30
0.0
 10
1.857568762841154
 20
12.55226896766597
 30
0.0
 10
2.217339326209951
 20
12.88942878886261
 30
0.0
 10
2.588086921925706
 20
13.21454340970244
 30
0.0
 10
2.971518418462153
 20
13.52458561346954
 30
0.0
 10
3.497577176745748
 20
13.91897132671684
 30
0.0
 10
4.182116516069326
 20
14.37440494489979
 30
0.0
 10
5.035845442087036
 20
14.86846157940512
 30
0.0
 10
5.911622817924707
 20
15.32199827290515
 30
0.0
 10
6.805318747730865
 20
15.73903863926015
 30
0.0
 10
7.712370541443772
 20
16.12594395111311
 30
0.0
 10
8.629451997674577
 20
16.48839104454747
 30
0.0
 10
9.554514081399259
 20
16.82984844420579
 30
0.0
 10
10.48533295601807
 20
17.15525304719879
 30
0.0
 10
11.42127078204962
 20
17.46561459221951
 30
0.0
 10
12.67601425562543
 20
17.8583019118483
 30
0.0
 10
14.25660437380657
 20
18.30898083215446
 30
0.0
 10
16.16871652959435
 20
18.79228762117064
 30
0.0
 10
18.09290718861703
 20
19.22479756370405
 30
0.0
 10
20.02691911773289
 20
19.61097823520516
 30
0.0
 10
21.96963534074085
 20
19.95067359543855
 30
0.0
 10
23.92015423473737
 20
20.24237503507858
 30
0.0
 10
26.53002327163993
 20
20.56409241866831
 30
0.0
 10
29.80474844202992
 20
20.85316960947923
 30
0.0
 10
33.74344072415573
 20
21.06578284704187
 30
0.0
 10
37.6854991475948
 20
21.19627899358263
 30
0.0
 10
41.62880631041518
 20
21.27893643658114
 30
0.0
 10
45.57303235933388
 20
21.29678769004716
 30
0.0
 10
49.5169335318113
 20
21.24144492420258
 30
0.0
 10
53.45883120214971
 20
21.10345431927967
 30
0.0
 10
57.3974594562979
 20
20.89321394170794
 30
0.0
 10
60.25094111049529
 20
20.69365600935939
 30
0.0
 10
61.79188120583421
 20
20.57287012663331
 30
0.0
 10
62.02211659791659
 20
20.55453244124242
 30
0.0
  0
SPLINE
  5
186
330
135
100
AcDbEntity
  8
0
  6
Continuous
 62
     7
370
    25
100
AcDbSpline
210
0.0
220
0.0
230
1.0
 70
     8
 71
     3
 72
    14
 73
    10
 74
     0
 42
0.00000001
 43
0.0000000001
 40
0.7611993196953605
 40
0.7611993196953605
 40
0.7611993196953605
 40
0.7611993196953605
 40
0.7661182726999396
 40
0.7817103878532771
 40
0.7973025030066144
 40
0.8128946181599518
 40
0.8284867333132892
 40
0.8440788484666265
 40
0.8528782231904774
 40
0.8528782231904774
 40
0.8528782231904774
 40
0.8528782231904774
 10
64.0221165979166
 20
20.38792041828082
 30
0.0
 10
64.43531404166448
 20
20.35198684061972
 30
0.0
 10
66.1579286743822
 20
20.19827210587248
 30
0.0
 10
69.18744268683957
 20
19.89926961102786
 30
0.0
 10
73.10674613590629
 20
19.45680071586994
 30
0.0
 10
77.01940878682269
 20
18.95915287028961
 30
0.0
 10
80.9254399966438
 20
18.41190671764279
 30
0.0
 10
84.2586785981925
 20
17.90623499857433
 30
0.0
 10
86.28972134506499
 20
17.58261576219163
 30
0.0
 10
87.0221165869087
 20
17.46392773841043
 30
0.0
  0
SPLINE
  5
187
330
135
100
AcDbEntity
  8
0
  6
Continuous
 62
     7
370
    25
100
AcDbSpline
210
0.0
220
0.0
230
1.0
 70
     8
 71
     3
 72
     8
 73
     4
 74
     0
 42
0.00000001
 43
0.0000000001
 40
0.3607815920606878
 40
0.3607815920606878
 40
0.3607815920606878
 40
0.3607815920606878
 40
0.3647348704679541
 40
0.3647348704679541
 40
0.3647348704679541
 40
0.3647348704679541
 10
32.81380576865692
 20
6.56361359964811
 30
0.0
 10
32.48070091823715
 20
6.551272572709022
 30
0.0
 10
32.14759162351407
 20
6.539050918439071
 30
0.0
 10
31.81447643790001
 20
6.52699243686859
 30
0.0
  0
SPLINE
  5
188
330
135
100
AcDbEntity
  8
0
  6
Continuous
 62
     7
370
    25
100
AcDbSpline
210
0.0
220
0.0
230
1.0
 70
     8
 71
     3
 72
     8
 73
     4
 74
     0
 42
0.00000001
 43
0.0000000001
 40
0.3655255262209854
 40
0.3655255262209854
 40
0.3655255262209854
 40
0.3655255262209854
 40
0.3694788048695556
 40
0.3694788048695556
 40
0.3694788048695556
 40
0.3694788048695556
 10
31.6146065899512
 20
6.519777278399125
 30
0.0
 10
31.28148896978388
 20
6.507785817183922
 30
0.0
 10
30.94836514766959
 20
6.495966473720317
 30
0.0
 10
30.61523374919999
 20
6.484362433676446
 30
0.0
  0
SPLINE
  5
189
330
135
100
AcDbEntity
  8
0
  6
Continuous
 62
     7
370
    25
100
AcDbSpline
210
0.0
220
0.0
230
1.0
 70
     8
 71
     3
 72
     8
 73
     4
 74
     0
 42
0.00000001
 43
0.0000000001
 40
0.3702694604665747
 40
0.3702694604665747
 40
0.3702694604665747
 40
0.3702694604665747
 40
0.3742227390375029
 40
0.3742227390375029
 40
0.3742227390375029
 40
0.3742227390375029
 10
30.41535403496389
 20
6.477426095158986
 30
0.0
 10
30.08221960125505
 20
6.465909531853776
 30
0.0
 10
29.74907746716193
 20
6.454615625083296
 30
0.0
 10
29.4159266734
 20
6.443584027107919
 30
0.0
  0
SPLINE
  5
18A
330
135
100
AcDbEntity
  8
0
  6
Continuous
 62
     7
370
    25
100
AcDbSpline
210
0.0
220
0.0
230
1.0
 70
     8
 71
     3
 72
     8
 73
     4
 74
     0
 42
0.00000001
 43
0.0000000001
 40
0.0
 40
0.0
 40
0.0
 40
0.0
 40
1.0
 40
1.0
 40
1.0
 40
1.0
 10
19.21831934063282
 20
7.678219532221397
 30
0.0
 10
19.17383427999746
 20
7.676770004110565
 30
0.0
 10
19.12931380766677
 20
7.676044663219142
 30
0.0
 10
19.08479332907229
 20
7.676044663219146
 30
0.0
  0
SPLINE
  5
18B
330
135
100
AcDbEntity
  8
0
  6
Continuous
 62
     7
370
    25
100
AcDbSpline
210
0.0
220
0.0
230
1.0
 70
     8
 71
     3
 72
     8
 73
     4
 74
     0
 42
0.00000001
 43
0.0000000001
 40
0.0
 40
0.0
 40
0.0
 40
0.0
 40
1.0
 40
1.0
 40
1.0
 40
1.0
 10
19.08479332907229
 20
15.87604466321914
 30
0.0
 10
19.1293138076643
 20
15.87604466321914
 30
0.0
 10
19.17383427999261
 20
15.87531932232781
 30
0.0
 10
19.21831934062553
 20
15.87386979421712
 30
0.0
  0
SPLINE
  5
18C
330
135
100
AcDbEntity
  8
0
  6
Continuous
 62
     7
370
    25
100
AcDbSpline
210
0.0
220
0.0
230
1.0
 70
     8
 71
     3
 72
    10
 73
     6
 74
     0
 42
0.00000001
 43
0.0000000001
 40
0.0
 40
0.0
 40
0.0
 40
0.0
 40
0.5
 40
0.5
 40
1.0
 40
1.0
 40
1.0
 40
1.0
 10
19.08479332907229
 20
7.676044663219146
 30
0.0
 10
16.35145999573894
 20
7.676044663219142
 30
0.0
 10
14.9847933290723
 20
10.40937799655248
 30
0.0
 10
14.98479332907227
 20
13.14271132988581
 30
0.0
 10
16.35145999573896
 20
15.87604466321915
 30
0.0
 10
19.08479332907229
 20
15.87604466321914
 30
0.0
  0
ENDBLK
  5
18D
330
135
100
AcDbEntity
  8
0
100
AcDbBlockEnd
  0
BLOCK
  5
18F
330
18E
100
AcDbEntity
  8
0
100
AcDbBlockBegin
  2
main_wing_第十块翼肋
 70
     0
 10
0.0
 20
0.0
 30
0.0
  3
main_wing_第十块翼肋
  1

  0
ARC
  5
190
330
18E
100
AcDbEntity
  8
0
  6
Continuous
 62
     7
370
    25
100
AcDbCircle
 10
31.6985044055
 20
16.9891021527
 30
0.0
 40
1.0
100
AcDbArc
 50
90.0
 51
227.3191224959
  0
ARC
  5
191
330
18E
100
AcDbEntity
  8
0
  6
Continuous
 62
     7
370
    25
100
AcDbCircle
 10
37.1610074788
 20
11.9518238695
 30
0.0
 40
0.9999999999875868
100
AcDbArc
 50
227.3191224929
 51
0.0
  0
ARC
  5
192
330
18E
100
AcDbEntity
  8
0
  6
Continuous
 62
     7
370
    25
100
AcDbCircle
 10
37.1610074788
 20
16.9891021527
 30
0.0
 40
1.0
100
AcDbArc
 50
0.0000000005
 51
89.99999999979998
  0
ARC
  5
193
330
18E
100
AcDbEntity
  8
0
  6
Continuous
 62
     7
370
    25
100
AcDbCircle
 10
51.47740437239999
 20
15.6685918976
 30
0.0
 40
1.000000000000007
100
AcDbArc
 50
0.0000000002
 51
133.3737428027
  0
ARC
  5
194
330
18E
100
AcDbEntity
  8
0
  6
Continuous
 62
     7
370
    25
100
AcDbCircle
 10
46.18603572859999
 20
10.6693847126
 30
0.0
 40
1.000000000010645
100
AcDbArc
 50
133.3737428024
 51
270.0
  0
ARC
  5
195
330
18E
100
AcDbEntity
  8
0
  6
Continuous
 62
     7
370
    25
100
AcDbCircle
 10
51.47740437239999
 20
10.6693847126
 30
0.0
 40
1.000000000000001
100
AcDbArc
 50
270.0
 51
0.0
  0
ARC
  5
196
330
18E
100
AcDbEntity
  8
0
  6
Continuous
 62
     7
370
    25
100
AcDbCircle
 10
32.4680792274
 20
10.6693847126
 30
0.0
 40
0.9999999999999982
100
AcDbArc
 50
269.9999999987
 51
47.31912249879999
  0
ARC
  5
197
330
18E
100
AcDbEntity
  8
0
  6
Continuous
 62
     7
370
    25
100
AcDbCircle
 10
27.0055761541
 20
15.7066629958
 30
0.0
 40
0.9999999999536829
100
AcDbArc
 50
47.31912249709998
 51
180.0
  0
ARC
  5
198
330
18E
100
AcDbEntity
  8
0
  6
Continuous
 62
     7
370
    25
100
AcDbCircle
 10
27.0055761541
 20
10.6693847126
 30
0.0
 40
1.000000000000002
100
AcDbArc
 50
180.0
 51
270.0
  0
ARC
  5
199
330
18E
100
AcDbEntity
  8
0
  6
Continuous
 62
     7
370
    25
100
AcDbCircle
 10
47.2616313622
 20
16.9891021527
 30
0.0
 40
1.000000000010647
100
AcDbArc
 50
313.3737428033
 51
90.0
  0
ARC
  5
19A
330
18E
100
AcDbEntity
  8
0
  6
Continuous
 62
     7
370
    25
100
AcDbCircle
 10
41.9702627183
 20
16.9891021527
 30
0.0
 40
1.0
100
AcDbArc
 50
90.0
 51
180.0
  0
ARC
  5
19B
330
18E
100
AcDbEntity
  8
0
  6
Continuous
 62
     7
370
    25
100
AcDbCircle
 10
41.9702627183
 20
11.9898949677
 30
0.0
 40
1.000000000010649
100
AcDbArc
 50
180.0
 51
313.3737428024002
  0
ARC
  5
19C
330
18E
100
AcDbEntity
  8
0
  6
Continuous
 62
     7
370
    25
100
AcDbCircle
 10
19.33180882
 20
11.7760446632
 30
0.0
 40
4.099999999990406
100
AcDbArc
 50
268.1337000161
 51
91.86629998399999
  0
LINE
  5
19D
330
18E
100
AcDbEntity
  8
0
  6
Continuous
 62
     7
370
    25
100
AcDbLine
 10
66.54882116430001
 20
7.920296399299999
 30
0.0
 11
66.5488207787
 21
8.0192209197
 31
0.0
  0
LINE
  5
19E
330
18E
100
AcDbEntity
  8
0
  6
Continuous
 62
     7
370
    25
100
AcDbLine
 10
65.54949355810001
 20
7.9825438737
 30
0.0
 11
65.54949372
 21
7.883626806199998
 31
0.0
  0
LINE
  5
19F
330
18E
100
AcDbEntity
  8
0
  6
Continuous
 62
     7
370
    25
100
AcDbLine
 10
65.54949372
 20
7.883626806199998
 30
0.0
 11
66.54882116430001
 21
7.920296399299999
 31
0.0
  0
LINE
  5
1A0
330
18E
100
AcDbEntity
  8
0
  6
Continuous
 62
     7
370
    25
100
AcDbLine
 10
65.34962823109999
 20
7.8762928876
 30
0.0
 11
65.34962789229999
 21
7.975207935
 31
0.0
  0
LINE
  5
1A1
330
18E
100
AcDbEntity
  8
0
  6
Continuous
 62
     7
370
    25
100
AcDbLine
 10
64.3503006806
 20
7.9385246897
 30
0.0
 11
64.3503007868
 21
7.8396232945
 31
0.0
  0
LINE
  5
1A2
330
18E
100
AcDbEntity
  8
0
  6
Continuous
 62
     7
370
    25
100
AcDbLine
 10
64.3503007868
 20
7.8396232945
 30
0.0
 11
65.34962823109999
 21
7.8762928876
 31
0.0
  0
LINE
  5
1A3
330
18E
100
AcDbEntity
  8
0
  6
Continuous
 62
     7
370
    25
100
AcDbLine
 10
64.15043529800001
 20
7.8322893759
 30
0.0
 11
64.1504353462
 21
7.9311870846
 31
0.0
  0
LINE
  5
1A4
330
18E
100
AcDbEntity
  8
0
  6
Continuous
 62
     7
370
    25
100
AcDbLine
 10
63.15110785369999
 20
7.894492132399999
 30
0.0
 11
63.15110785369999
 21
7.795619782799998
 31
0.0
  0
LINE
  5
1A5
330
18E
100
AcDbEntity
  8
0
  6
Continuous
 62
     7
370
    25
100
AcDbLine
 10
63.15110785369999
 20
7.795619782799998
 30
0.0
 11
64.15043529800001
 21
7.8322893759
 31
0.0
  0
LINE
  5
1A6
330
18E
100
AcDbEntity
  8
0
  6
Continuous
 62
     7
370
    25
100
AcDbLine
 10
66.7486864748
 20
8.026555911299999
 30
0.0
 11
66.7486866626
 21
0.0000031303
 31
0.0
  0
LINE
  5
1A7
330
18E
100
AcDbEntity
  8
0
  6
Continuous
 62
     7
370
    25
100
AcDbLine
 10
66.7486866626
 20
0.0000031303
 30
0.0
 11
62.7486865382
 21
0.0000031303
 31
0.0
  0
LINE
  5
1A8
330
18E
100
AcDbEntity
  8
0
  6
Continuous
 62
     7
370
    25
100
AcDbLine
 10
62.7486865382
 20
0.0000031303
 30
0.0
 11
62.7486865382
 21
7.780856360099998
 31
0.0
  0
LINE
  5
1A9
330
18E
100
AcDbEntity
  8
0
  6
Continuous
 62
     7
370
    25
100
AcDbLine
 10
62.7486865382
 20
7.780856360099998
 30
0.0
 11
62.9512422498
 21
7.7882889944
 31
0.0
  0
LINE
  5
1AA
330
18E
100
AcDbEntity
  8
0
  6
Continuous
 62
     7
370
    25
100
AcDbLine
 10
62.9512422498
 20
7.7882889944
 30
0.0
 11
62.9512422498
 21
7.8871514873
 31
0.0
  0
LINE
  5
1AB
330
18E
100
AcDbEntity
  8
0
  6
Continuous
 62
     7
370
    25
100
AcDbLine
 10
33.2172449083
 20
0.0
 30
0.0
 11
33.2172449083
 21
6.7920090207
 31
0.0
  0
LINE
  5
1AC
330
18E
100
AcDbEntity
  8
0
  6
Continuous
 62
     7
370
    25
100
AcDbLine
 10
29.2172449083
 20
0.0
 30
0.0
 11
33.2172449083
 21
0.0
 31
0.0
  0
LINE
  5
1AD
330
18E
100
AcDbEntity
  8
0
  6
Continuous
 62
     7
370
    25
100
AcDbLine
 10
29.2172449083
 20
6.544592259699999
 30
0.0
 11
29.2172449083
 21
0.0
 31
0.0
  0
LINE
  5
1AE
330
18E
100
AcDbEntity
  8
0
  6
Continuous
 62
     7
370
    25
100
AcDbLine
 10
29.4198332968
 20
6.551738849299999
 30
0.0
 11
29.2172449083
 21
6.544592259699999
 31
0.0
  0
LINE
  5
1AF
330
18E
100
AcDbEntity
  8
0
  6
Continuous
 62
     7
370
    25
100
AcDbLine
 10
29.4198332968
 20
6.6518005559
 30
0.0
 11
29.4198332968
 21
6.551738849299999
 31
0.0
  0
LINE
  5
1B0
330
18E
100
AcDbEntity
  8
0
  6
Continuous
 62
     7
370
    25
100
AcDbLine
 10
117.7448719311
 20
10.0404407728
 30
0.0
 11
118.2604616387
 21
9.918219076499999
 31
0.0
  0
LINE
  5
1B1
330
18E
100
AcDbEntity
  8
0
  6
Continuous
 62
     7
370
    25
100
AcDbLine
 10
118.2604616387
 20
9.918219076499999
 30
0.0
 11
117.7448719311
 21
9.8992818597
 31
0.0
  0
LINE
  5
1B2
330
18E
100
AcDbEntity
  8
0
  6
Continuous
 62
     7
370
    25
100
AcDbLine
 10
32.0181023841
 20
6.646580328799998
 30
0.0
 11
32.0181023841
 21
6.7466507119
 31
0.0
  0
LINE
  5
1B3
330
18E
100
AcDbEntity
  8
0
  6
Continuous
 62
     7
370
    25
100
AcDbLine
 10
33.0173893128
 20
6.684337901
 30
0.0
 11
32.0181023841
 21
6.646580328799998
 31
0.0
  0
LINE
  5
1B4
330
18E
100
AcDbEntity
  8
0
  6
Continuous
 62
     7
370
    25
100
AcDbLine
 10
33.0173893127
 20
6.7844100222
 30
0.0
 11
33.0173893128
 21
6.684337901
 31
0.0
  0
LINE
  5
1B5
330
18E
100
AcDbEntity
  8
0
  6
Continuous
 62
     7
370
    25
100
AcDbLine
 10
30.8189290112
 20
6.6020473333
 30
0.0
 11
30.8189290112
 21
6.7021144183
 31
0.0
  0
LINE
  5
1B6
330
18E
100
AcDbEntity
  8
0
  6
Continuous
 62
     7
370
    25
100
AcDbLine
 10
31.8182427106
 20
6.639089608899999
 30
0.0
 11
30.8189290112
 21
6.6020473333
 31
0.0
  0
LINE
  5
1B7
330
18E
100
AcDbEntity
  8
0
  6
Continuous
 62
     7
370
    25
100
AcDbLine
 10
31.818242701
 20
6.739159539400001
 30
0.0
 11
31.8182427106
 21
6.639089608899999
 31
0.0
  0
LINE
  5
1B8
330
18E
100
AcDbEntity
  8
0
  6
Continuous
 62
     7
370
    25
100
AcDbLine
 10
29.6197089704
 20
6.558789744199999
 30
0.0
 11
29.6197089704
 21
6.6588522785
 31
0.0
  0
LINE
  5
1B9
330
18E
100
AcDbEntity
  8
0
  6
Continuous
 62
     7
370
    25
100
AcDbLine
 10
30.619062698
 20
6.594735912199999
 30
0.0
 11
29.6197089704
 21
6.558789744199999
 31
0.0
  0
LINE
  5
1BA
330
18E
100
AcDbEntity
  8
0
  6
Continuous
 62
     7
370
    25
100
AcDbLine
 10
30.6190626885
 20
6.694802308099997
 30
0.0
 11
30.619062698
 21
6.594735912199999
 31
0.0
  0
LINE
  5
1BB
330
18E
100
AcDbEntity
  8
0
  6
Continuous
 62
     7
370
    25
100
AcDbLine
 10
56.2604616292
 20
10.7146485439
 30
0.0
 11
56.2604616292
 21
16.7146485439
 31
0.0
  0
LINE
  5
1BC
330
18E
100
AcDbEntity
  8
0
  6
Continuous
 62
     7
370
    25
100
AcDbLine
 10
58.2604616292
 20
10.7146485439
 30
0.0
 11
56.2604616292
 21
10.7146485439
 31
0.0
  0
LINE
  5
1BD
330
18E
100
AcDbEntity
  8
0
  6
Continuous
 62
     7
370
    25
100
AcDbLine
 10
58.2604616292
 20
10.7146485439
 30
0.0
 11
58.2604616292
 21
16.7146485439
 31
0.0
  0
LINE
  5
1BE
330
18E
100
AcDbEntity
  8
0
  6
Continuous
 62
     7
370
    25
100
AcDbLine
 10
58.2604616292
 20
16.7146485439
 30
0.0
 11
56.2604616292
 21
16.7146485439
 31
0.0
  0
LINE
  5
1BF
330
18E
100
AcDbEntity
  8
0
  6
Continuous
 62
     7
370
    25
100
AcDbLine
 10
37.1610074788
 20
17.9891021527
 30
0.0
 11
31.6985044055
 21
17.9891021527
 31
0.0
  0
LINE
  5
1C0
330
18E
100
AcDbEntity
  8
0
  6
Continuous
 62
     7
370
    25
100
AcDbLine
 10
31.0205900515
 20
16.2539612623
 30
0.0
 11
36.4830931248
 21
11.2166829792
 31
0.0
  0
LINE
  5
1C1
330
18E
100
AcDbEntity
  8
0
  6
Continuous
 62
     7
370
    25
100
AcDbLine
 10
38.1610074788
 20
11.9518238695
 30
0.0
 11
38.1610074788
 21
16.9891021527
 31
0.0
  0
LINE
  5
1C2
330
18E
100
AcDbEntity
  8
0
  6
Continuous
 62
     7
370
    25
100
AcDbLine
 10
50.7906499044
 20
16.395481367
 30
0.0
 11
45.49928126060001
 21
11.396274182
 31
0.0
  0
LINE
  5
1C3
330
18E
100
AcDbEntity
  8
0
  6
Continuous
 62
     7
370
    25
100
AcDbLine
 10
46.18603572859999
 20
9.669384712599999
 30
0.0
 11
51.47740437239999
 21
9.669384712599999
 31
0.0
  0
LINE
  5
1C4
330
18E
100
AcDbEntity
  8
0
  6
Continuous
 62
     7
370
    25
100
AcDbLine
 10
52.4774043724
 20
15.6685918976
 30
0.0
 11
52.4774043724
 21
10.6693847126
 31
0.0
  0
LINE
  5
1C5
330
18E
100
AcDbEntity
  8
0
  6
Continuous
 62
     7
370
    25
100
AcDbLine
 10
33.1459935814
 20
11.404525603
 30
0.0
 11
27.683490508
 21
16.4418038861
 31
0.0
  0
LINE
  5
1C6
330
18E
100
AcDbEntity
  8
0
  6
Continuous
 62
     7
370
    25
100
AcDbLine
 10
26.0055761541
 20
10.6693847126
 30
0.0
 11
26.0055761541
 21
15.7066629958
 31
0.0
  0
LINE
  5
1C7
330
18E
100
AcDbEntity
  8
0
  6
Continuous
 62
     7
370
    25
100
AcDbLine
 10
27.0055761541
 20
9.669384712599999
 30
0.0
 11
32.4680792274
 21
9.669384712599999
 31
0.0
  0
LINE
  5
1C8
330
18E
100
AcDbEntity
  8
0
  6
Continuous
 62
     7
370
    25
100
AcDbLine
 10
42.6570171863
 20
11.2630054983
 30
0.0
 11
47.9483858302
 21
16.2622126833
 31
0.0
  0
LINE
  5
1C9
330
18E
100
AcDbEntity
  8
0
  6
Continuous
 62
     7
370
    25
100
AcDbLine
 10
47.2616313622
 20
17.9891021527
 30
0.0
 11
41.9702627183
 21
17.9891021527
 31
0.0
  0
LINE
  5
1CA
330
18E
100
AcDbEntity
  8
0
  6
Continuous
 62
     7
370
    25
100
AcDbLine
 10
40.97026271829999
 20
16.9891021527
 30
0.0
 11
40.97026271829999
 21
11.9898949677
 31
0.0
  0
LINE
  5
1CB
330
18E
100
AcDbEntity
  8
0
  6
Continuous
 62
     7
370
    25
100
AcDbLine
 10
81.2604616293
 20
15.4182190765
 30
0.0
 11
81.2604616293
 21
12.4182190765
 31
0.0
  0
LINE
  5
1CC
330
18E
100
AcDbEntity
  8
0
  6
Continuous
 62
     7
370
    25
100
AcDbLine
 10
81.2604616293
 20
12.4182190765
 30
0.0
 11
83.26046162929998
 21
12.4182190765
 31
0.0
  0
LINE
  5
1CD
330
18E
100
AcDbEntity
  8
0
  6
Continuous
 62
     7
370
    25
100
AcDbLine
 10
83.26046162929998
 20
12.4182190765
 30
0.0
 11
83.26046162929998
 21
15.4182190765
 31
0.0
  0
LINE
  5
1CE
330
18E
100
AcDbEntity
  8
0
  6
Continuous
 62
     7
370
    25
100
AcDbLine
 10
83.26046162929998
 20
15.4182190765
 30
0.0
 11
81.2604616293
 21
15.4182190765
 31
0.0
  0
SPLINE
  5
1CF
330
18E
100
AcDbEntity
  8
0
  6
Continuous
 62
     7
370
    25
100
AcDbSpline
210
0.0
220
0.0
230
1.0
 70
     8
 71
     3
 72
     8
 73
     4
 74
     0
 42
0.00000001
 43
0.0000000001
 40
0.2144639491244948
 40
0.2144639491244948
 40
0.2144639491244948
 40
0.2144639491244948
 40
0.2186091181421482
 40
0.2186091181421482
 40
0.2186091181421482
 40
0.2186091181421482
 10
66.54882077869721
 20
8.019220919653568
 30
0.0
 10
66.2157116828572
 20
8.006995848019752
 30
0.0
 10
65.88260260599179
 20
7.994770260129418
 30
0.0
 10
65.5494935580695
 20
7.982543873726253
 30
0.0
  0
SPLINE
  5
1D0
330
18E
100
AcDbEntity
  8
0
  6
Continuous
 62
     7
370
    25
100
AcDbSpline
210
0.0
220
0.0
230
1.0
 70
     8
 71
     3
 72
     8
 73
     4
 74
     0
 42
0.00000001
 43
0.0000000001
 40
0.2194381529434033
 40
0.2194381529434033
 40
0.2194381529434033
 40
0.2194381529434033
 40
0.2235833228558556
 40
0.2235833228558556
 40
0.2235833228558556
 40
0.2235833228558556
 10
65.34962789233539
 20
7.975207934976004
 30
0.0
 10
65.0165187844822
 20
7.962981215237713
 30
0.0
 10
64.6834097048481
 20
7.950753712148594
 30
0.0
 10
64.3503006806214
 20
7.938524689740197
 30
0.0
  0
SPLINE
  5
1D1
330
18E
100
AcDbEntity
  8
0
  6
Continuous
 62
     7
370
    25
100
AcDbSpline
210
0.0
220
0.0
230
1.0
 70
     8
 71
     3
 72
     8
 73
     4
 74
     0
 42
0.00000001
 43
0.0000000001
 40
0.2244123568728104
 40
0.2244123568728104
 40
0.2244123568728104
 40
0.2244123568728104
 40
0.2285575297194078
 40
0.2285575297194078
 40
0.2285575297194078
 40
0.2285575297194078
 10
64.15043534622711
 20
7.931187084640902
 30
0.0
 10
63.81732610989418
 20
7.918957404987502
 30
0.0
 10
63.48421693575929
 20
7.906726023179603
 30
0.0
 10
63.15110785369999
 20
7.894492132400793
 30
0.0
  0
SPLINE
  5
1D2
330
18E
100
AcDbEntity
  8
0
  6
Continuous
 62
     7
370
    25
100
AcDbSpline
210
0.0
220
0.0
230
1.0
 70
     8
 71
     3
 72
    14
 73
    10
 74
     0
 42
0.00000001
 43
0.0000000001
 40
0.0021046301864101
 40
0.0021046301864101
 40
0.0021046301864101
 40
0.0021046301864101
 40
0.0332888604930848
 40
0.0644730907997595
 40
0.1268415514131088
 40
0.1424336665664461
 40
0.1736178968731208
 40
0.1892100120264582
 40
0.2136349143792637
 40
0.2136349143792637
 40
0.2136349143792637
 40
0.2136349143792637
 10
117.7448719310674
 20
9.899281859683895
 30
0.0
 10
115.2388779600923
 20
9.807238612143487
 30
0.0
 10
110.2269062542104
 20
9.623190480918367
 30
0.0
 10
100.2029636627581
 20
9.255051907372042
 30
0.0
 10
91.43200513852518
 20
8.932943413051621
 30
0.0
 10
82.66104824898837
 20
8.610828370966521
 30
0.0
 10
77.6490756309458
 20
8.426713025101307
 30
0.0
 10
71.92729177806268
 20
8.216581947943176
 30
0.0
 10
68.71149119514218
 20
8.098589503052567
 30
0.0
 10
66.74868647482441
 20
8.026555911275602
 30
0.0
  0
SPLINE
  5
1D3
330
18E
100
AcDbEntity
  8
0
  6
Continuous
 62
     7
370
    25
100
AcDbSpline
210
0.0
220
0.0
230
1.0
 70
     8
 71
     3
 72
    16
 73
    12
 74
     0
 42
0.00000001
 43
0.0000000001
 40
0.2293865646390843
 40
0.2293865646390843
 40
0.2293865646390843
 40
0.2293865646390843
 40
0.2359863574864702
 40
0.2515784726398075
 40
0.2671705877931448
 40
0.2827627029464821
 40
0.2983548180998195
 40
0.3139469332531569
 40
0.3295390484064942
 40
0.3451311635598315
 40
0.3527225868373552
 40
0.3527225868373552
 40
0.3527225868373552
 40
0.3527225868373552
 10
62.95124224983473
 20
7.887151487300112
 30
0.0
 10
62.4208781932381
 20
7.867671483855827
 30
0.0
 10
60.63752148688802
 20
7.802146901948622
 30
0.0
 10
57.60117898849801
 20
7.690391511848776
 30
0.0
 10
53.84221601996751
 20
7.551851041952474
 30
0.0
 10
50.08324064600881
 20
7.413646940965342
 30
0.0
 10
46.32422742290031
 20
7.276475427232547
 30
0.0
 10
42.56517591182549
 20
7.140358294544276
 30
0.0
 10
38.80616690419099
 20
7.003068768201754
 30
0.0
 10
35.69020275417371
 20
6.886581135858127
 30
0.0
 10
33.82726698616011
 20
6.815221589335217
 30
0.0
 10
33.2172449083
 20
6.792009020719542
 30
0.0
  0
SPLINE
  5
1D4
330
18E
100
AcDbEntity
  8
0
  6
Continuous
 62
     7
370
    25
100
AcDbSpline
210
0.0
220
0.0
230
1.0
 70
     8
 71
     3
 72
    79
 73
    75
 74
     0
 42
0.00000001
 43
0.0000000001
 40
0.3684742304086121
 40
0.3684742304086121
 40
0.3684742304086121
 40
0.3684742304086121
 40
0.3763153938665063
 40
0.3841114514431748
 40
0.3919075090198435
 40
0.3997035665965121
 40
0.4074996241731811
 40
0.4152956817498497
 40
0.4230917393265183
 40
0.4308877969031869
 40
0.4386838544798555
 40
0.4464799120565244
 40
0.4542759696331928
 40
0.4620720272098616
 40
0.4659700559981961
 40
0.4698680847865303
 40
0.4737661135748648
 40
0.4776641423631989
 40
0.4815621711515333
 40
0.4854601999398678
 40
0.4874092143340347
 40
0.4893582287282019
 40
0.4913072431223691
 40
0.4932562575165362
 40
0.4952052719107034
 40
0.4971542863048706
 40
0.4991033006990377
 40
0.501052315093205
 40
0.5030013294873721
 40
0.5049503438815393
 40
0.5068993582757066
 40
0.5088483726698736
 40
0.5107973870640408
 40
0.512746401458208
 40
0.5146954158523753
 40
0.5166444302465423
 40
0.5205424590348767
 40
0.5244404878232111
 40
0.5283385166115453
 40
0.5322365453998798
 40
0.536134574188214
 40
0.5400326029765484
 40
0.5439306317648827
 40
0.547828660553217
 40
0.5517266893415513
 40
0.5556247181298854
 40
0.5634207757065541
 40
0.5712168332832228
 40
0.5790128908598915
 40
0.5868089484365602
 40
0.5946050060132291
 40
0.6024010635898978
 40
0.6101971211665666
 40
0.6257892363199038
 40
0.6413813514732412
 40
0.6569734666265783
 40
0.6725655817799156
 40
0.6881576969332529
 40
0.7037498120865904
 40
0.7193419272399277
 40
0.7349340423932651
 40
0.7505261575466025
 40
0.7661182726999396
 40
0.7817103878532771
 40
0.7973025030066144
 40
0.8128946181599518
 40
0.8284867333132892
 40
0.8440788484666265
 40
0.8596709636199635
 40
0.8752630787733009
 40
0.9064473090799756
 40
0.9376315393866503
 40
0.9688157696933251
 40
1.0
 40
1.0
 40
1.0
 40
1.0
 10
29.41983329679999
 20
6.6518005559
 30
0.0
 10
28.78967614064808
 20
6.629648317824369
 30
0.0
 10
27.53293241627796
 20
6.587002509536611
 30
0.0
 10
25.64942439254711
 20
6.529430252338652
 30
0.0
 10
23.76930803632512
 20
6.480084268727635
 30
0.0
 10
21.88895665811312
 20
6.440689060125593
 30
0.0
 10
20.00837917898018
 20
6.413581308182187
 30
0.0
 10
18.12764700432701
 20
6.401560715143737
 30
0.0
 10
16.24686668547152
 20
6.406582517984987
 30
0.0
 10
14.36626293342097
 20
6.432480626414087
 30
0.0
 10
12.48604698923972
 20
6.479177309317922
 30
0.0
 10
10.60674899494858
 20
6.555239250188471
 30
0.0
 10
8.728448938195528
 20
6.649875908342857
 30
0.0
 10
7.164285059787942
 20
6.753509310947278
 30
0.0
 10
5.917753568097852
 20
6.890673228772628
 30
0.0
 10
4.986694943195914
 20
7.024108025309717
 30
0.0
 10
4.062256861663727
 20
7.196963244387582
 30
0.0
 10
3.139435869244196
 20
7.378065459621745
 30
0.0
 10
2.222587439616874
 20
7.588961331308023
 30
0.0
 10
1.492315885632705
 20
7.887485883502082
 30
0.0
 10
0.9693498843203659
 20
8.235978111844117
 30
0.0
 10
0.6106424945585763
 20
8.541259845425296
 30
0.0
 10
0.2986461875666467
 20
8.895008525951411
 30
0.0
 10
0.0548411170281756
 20
9.30016709256208
 30
0.0
 10
-0.0618744188084716
 20
9.764268118652108
 30
0.0
 10
0.0086375219952547
 20
10.23725475460099
 30
0.0
 10
0.2049047019472002
 20
10.66686655950058
 30
0.0
 10
0.4650478815747053
 20
11.0596364693066
 30
0.0
 10
0.7637269443551137
 20
11.42327277850928
 30
0.0
 10
1.084062092269165
 20
11.7675935182982
 30
0.0
 10
1.415644905453618
 20
12.10100107209895
 30
0.0
 10
1.751238302070006
 20
12.43033454968828
 30
0.0
 10
2.094355409271586
 20
12.75188513535026
 30
0.0
 10
2.447939589000641
 20
13.06194979641318
 30
0.0
 10
2.813621366692913
 20
13.35763896950646
 30
0.0
 10
3.315327373877267
 20
13.733767554259
 30
0.0
 10
3.968177765269133
 20
14.16811768529684
 30
0.0
 10
4.78238531002654
 20
14.6393030312014
 30
0.0
 10
5.617620693195831
 20
15.07184417624866
 30
0.0
 10
6.469945084792101
 20
15.46957850691892
 30
0.0
 10
7.335007050358412
 20
15.83857291966256
 30
0.0
 10
8.209634402672534
 20
16.18424117633874
 30
0.0
 10
9.091872855539648
 20
16.50989178306816
 30
0.0
 10
9.979601749859567
 20
16.82023204055605
 30
0.0
 10
10.87221231935068
 20
17.11622698442697
 30
0.0
 10
12.06887078653783
 20
17.49073390514725
 30
0.0
 10
13.5762902991181
 20
17.9205533320399
 30
0.0
 10
15.39988752417273
 20
18.38148297542016
 30
0.0
 10
17.23500149225757
 20
18.79397053368998
 30
0.0
 10
19.07948293185045
 20
19.1622793643612
 30
0.0
 10
20.93226611913733
 20
19.48623640328198
 30
0.0
 10
22.79248910945356
 20
19.76445827101979
 30
0.0
 10
25.28154287172994
 20
20.07123334722223
 30
0.0
 10
28.40466701309947
 20
20.34702820368518
 30
0.0
 10
32.16103525525899
 20
20.54963894140458
 30
0.0
 10
35.92059791855868
 20
20.67419858825544
 30
0.0
 10
39.6813532567338
 20
20.75310438851615
 30
0.0
 10
43.44299775627347
 20
20.7699887814491
 30
0.0
 10
47.20432087081968
 20
20.71729384641678
 30
0.0
 10
50.96374003928168
 20
20.58564091968888
 30
0.0
 10
54.72003709862929
 20
20.38516614012777
 30
0.0
 10
58.47250382413579
 20
20.12271554637635
 30
0.0
 10
62.22080887506289
 20
19.8066871811263
 30
0.0
 10
65.9642315082464
 20
19.43721865331167
 30
0.0
 10
69.7020999781913
 20
19.0152357913435
 30
0.0
 10
73.43363497014971
 20
18.54062381877542
 30
0.0
 10
77.15884556238259
 20
18.01871198836054
 30
0.0
 10
80.87784282665358
 20
17.45451799270797
 30
0.0
 10
84.59132854915299
 20
16.85492134020369
 30
0.0
 10
89.53492392570705
 20
16.00952828966228
 30
0.0
 10
95.70023627528035
 20
14.87117268511403
 30
0.0
 10
103.0730534487968
 20
13.37456393125239
 30
0.0
 10
110.4238744310178
 20
11.77264000863807
 30
0.0
 10
115.3048205799192
 20
10.61886041722012
 30
0.0
 10
117.7448719310672
 20
10.04044077282316
 30
0.0
  0
SPLINE
  5
1D5
330
18E
100
AcDbEntity
  8
0
  6
Continuous
 62
     7
370
    25
100
AcDbSpline
210
0.0
220
0.0
230
1.0
 70
     8
 71
     3
 72
     8
 73
     4
 74
     0
 42
0.00000001
 43
0.0000000001
 40
0.3535516206088791
 40
0.3535516206088791
 40
0.3535516206088791
 40
0.3535516206088791
 40
0.3576967896572829
 40
0.3576967896572829
 40
0.3576967896572829
 40
0.3576967896572829
 10
33.01738931272921
 20
6.784410022192272
 30
0.0
 10
32.68429624212789
 20
6.771755426344876
 30
0.0
 10
32.351201092159
 20
6.759155545418633
 30
0.0
 10
32.0181023841
 20
6.74665071189166
 30
0.0
  0
SPLINE
  5
1D6
330
18E
100
AcDbEntity
  8
0
  6
Continuous
 62
     7
370
    25
100
AcDbSpline
210
0.0
220
0.0
230
1.0
 70
     8
 71
     3
 72
     8
 73
     4
 74
     0
 42
0.00000001
 43
0.0000000001
 40
0.3585258235480505
 40
0.3585258235480505
 40
0.3585258235480505
 40
0.3585258235480505
 40
0.3626709928728575
 40
0.3626709928728575
 40
0.3626709928728575
 40
0.3626709928728575
 10
31.81824270098177
 20
6.739159539391692
 30
0.0
 10
31.48514248832651
 20
6.726694337296394
 30
0.0
 10
31.15203843491025
 20
6.714331334112745
 30
0.0
 10
30.8189290112
 20
6.702114418328467
 30
0.0
  0
SPLINE
  5
1D7
330
18E
100
AcDbEntity
  8
0
  6
Continuous
 62
     7
370
    25
100
AcDbSpline
210
0.0
220
0.0
230
1.0
 70
     8
 71
     3
 72
     8
 73
     4
 74
     0
 42
0.00000001
 43
0.0000000001
 40
0.3635000267774833
 40
0.3635000267774833
 40
0.3635000267774833
 40
0.3635000267774833
 40
0.3676451964930882
 40
0.3676451964930882
 40
0.3676451964930882
 40
0.3676451964930882
 10
30.61906268847184
 20
6.694802308076527
 30
0.0
 10
30.28595101572147
 20
6.682646165043006
 30
0.0
 10
29.95283363983998
 20
6.670646771787962
 30
0.0
 10
29.6197089704
 20
6.658852278464467
 30
0.0
  0
SPLINE
  5
1D8
330
18E
100
AcDbEntity
  8
0
  6
Continuous
 62
     7
370
    25
100
AcDbSpline
210
0.0
220
0.0
230
1.0
 70
     8
 71
     3
 72
     8
 73
     4
 74
     0
 42
0.00000001
 43
0.0000000001
 40
0.0
 40
0.0
 40
0.0
 40
0.0
 40
1.0
 40
1.0
 40
1.0
 40
1.0
 10
19.19828280874202
 20
7.678219532221347
 30
0.0
 10
19.15379774810688
 20
7.676770004110522
 30
0.0
 10
19.10927727577645
 20
7.676044663219117
 30
0.0
 10
19.0647567971822
 20
7.676044663219116
 30
0.0
  0
SPLINE
  5
1D9
330
18E
100
AcDbEntity
  8
0
  6
Continuous
 62
     7
370
    25
100
AcDbSpline
210
0.0
220
0.0
230
1.0
 70
     8
 71
     3
 72
     8
 73
     4
 74
     0
 42
0.00000001
 43
0.0000000001
 40
0.0
 40
0.0
 40
0.0
 40
0.0
 40
1.0
 40
1.0
 40
1.0
 40
1.0
 10
19.06475679718218
 20
15.87604466321911
 30
0.0
 10
19.10927727577393
 20
15.87604466321911
 30
0.0
 10
19.15379774810201
 20
15.87531932232777
 30
0.0
 10
19.19828280873459
 20
15.87386979421712
 30
0.0
  0
SPLINE
  5
1DA
330
18E
100
AcDbEntity
  8
0
  6
Continuous
 62
     7
370
    25
100
AcDbSpline
210
0.0
220
0.0
230
1.0
 70
     8
 71
     3
 72
    10
 73
     6
 74
     0
 42
0.00000001
 43
0.0000000001
 40
0.0
 40
0.0
 40
0.0
 40
0.0
 40
0.5
 40
0.5
 40
1.0
 40
1.0
 40
1.0
 40
1.0
 10
19.0647567971822
 20
7.676044663219116
 30
0.0
 10
16.33142346384885
 20
7.676044663219102
 30
0.0
 10
14.96475679718219
 20
10.40937799655244
 30
0.0
 10
14.96475679718215
 20
13.14271132988578
 30
0.0
 10
16.33142346384885
 20
15.87604466321911
 30
0.0
 10
19.06475679718218
 20
15.87604466321911
 30
0.0
  0
ENDBLK
  5
1DB
330
18E
100
AcDbEntity
  8
0
100
AcDbBlockEnd
  0
BLOCK
  5
1DD
330
1DC
100
AcDbEntity
  8
0
100
AcDbBlockBegin
  2
main_wing_平面版小翼_可以是木板
 70
     0
 10
0.0
 20
0.0
 30
0.0
  3
main_wing_平面版小翼_可以是木板
  1

  0
LINE
  5
1DE
330
1DC
100
AcDbEntity
  8
0
  6
Continuous
 62
     7
370
    25
100
AcDbLine
 10
132.1537327291
 20
43.2540064992
 30
0.0
 11
13.5131949737
 21
11.464370218
 31
0.0
  0
LINE
  5
1DF
330
1DC
100
AcDbEntity
  8
0
  6
Continuous
 62
     7
370
    25
100
AcDbLine
 10
117.1683791424
 20
3.4735645372
 30
0.0
 11
117.6816982828
 21
3.4924186442
 31
0.0
  0
LINE
  5
1E0
330
1DC
100
AcDbEntity
  8
0
  6
Continuous
 62
     7
370
    25
100
AcDbLine
 10
117.6816982828
 20
3.4924186442
 30
0.0
 11
132.1537327291
 21
43.2540064992
 31
0.0
  0
SPLINE
  5
1E1
330
1DC
100
AcDbEntity
  8
0
  6
Continuous
 62
     7
370
    25
100
AcDbSpline
210
0.0
220
0.0
230
1.0
 70
     8
 71
     3
 72
    74
 73
    70
 74
     0
 42
0.00000001
 43
0.0000000001
 40
0.475675046554935
 40
0.475675046554935
 40
0.475675046554935
 40
0.475675046554935
 40
0.4797558775605216
 40
0.4838367085661081
 40
0.4879175395716946
 40
0.4919983705772812
 40
0.4960792015828678
 40
0.5001600325884544
 40
0.504240863594041
 40
0.5083216945996277
 40
0.5124025256052143
 40
0.5164833566108007
 40
0.5185237721135941
 40
0.5205641876163875
 40
0.5226046031191807
 40
0.524645018621974
 40
0.5266854341247674
 40
0.5287258496275608
 40
0.530766265130354
 40
0.5328066806331472
 40
0.5348470961359404
 40
0.5368875116387338
 40
0.5389279271415272
 40
0.5409683426443204
 40
0.5430087581471137
 40
0.5450491736499071
 40
0.5470895891527005
 40
0.5491300046554936
 40
0.5511704201582868
 40
0.5532108356610801
 40
0.5572916666666669
 40
0.5613724976722534
 40
0.5654533286778399
 40
0.5695341596834265
 40
0.5736149906890132
 40
0.5776958216945998
 40
0.5817766527001862
 40
0.585857483705773
 40
0.5899383147113598
 40
0.5940191457169463
 40
0.5980999767225327
 40
0.6062616387337059
 40
0.6144233007448791
 40
0.6225849627560524
 40
0.6307466247672254
 40
0.6389082867783987
 40
0.647069948789572
 40
0.655231610800745
 40
0.6633932728119183
 40
0.6715549348230914
 40
0.6797165968342646
 40
0.6878782588454379
 40
0.6960399208566109
 40
0.7042015828677842
 40
0.7205249068901305
 40
0.7368482309124769
 40
0.7531715549348234
 40
0.7694948789571697
 40
0.785818202979516
 40
0.8021415270018621
 40
0.8184648510242087
 40
0.834788175046555
 40
0.8511114990689014
 40
0.8674348230912476
 40
0.8837581471135942
 40
0.9000814711359407
 40
0.9327281191806331
 40
0.965374767225326
 40
0.9980214152700186
 40
0.9980214152700186
 40
0.9980214152700186
 40
0.9980214152700186
 10
13.51319497374962
 20
11.4643702179952
 30
0.0
 10
13.17392135925452
 20
11.37346212697802
 30
0.0
 10
12.4969479495182
 20
11.18592492084807
 30
0.0
 10
11.48673862701723
 20
10.8861712223051
 30
0.0
 10
10.48248042410992
 20
10.56706509418654
 30
0.0
 10
9.484423860622783
 20
10.22908383567831
 30
0.0
 10
8.492558356105575
 20
9.873313562437122
 30
0.0
 10
7.509054507978447
 20
9.494940270342194
 30
0.0
 10
6.536820277858325
 20
9.088366001418151
 30
0.0
 10
5.579735880964434
 20
8.647084960233927
 30
0.0
 10
4.643819414666495
 20
8.162325105548235
 30
0.0
 10
3.886541166213731
 20
7.717037056818592
 30
0.0
 10
3.301362157318024
 20
7.328083952409267
 30
0.0
 10
2.874818685189197
 20
7.018714381144541
 30
0.0
 10
2.461452676631024
 20
6.691824487299597
 30
0.0
 10
2.062913154803127
 20
6.347114507480784
 30
0.0
 10
1.678326597565258
 20
5.986835602938115
 30
0.0
 10
1.302655597146767
 20
5.61760643473404
 30
0.0
 10
0.9326054661329266
 20
5.242266176003436
 30
0.0
 10
0.5797583870141523
 20
4.851241307315256
 30
0.0
 10
0.2614984403384
 20
4.429348598802124
 30
0.0
 10
0.0054131667980499
 20
3.968236971839622
 30
0.0
 10
-0.1280240628388469
 20
3.44826881408745
 30
0.0
 10
-0.0290089952102477
 20
2.918368874046127
 30
0.0
 10
0.2440600433819782
 20
2.462183711127679
 30
0.0
 10
0.5988152573176251
 20
2.071122566427398
 30
0.0
 10
1.01007939050116
 20
1.738901174994824
 30
0.0
 10
1.461935936162249
 20
1.46610754881877
 30
0.0
 10
1.948396058649505
 20
1.26028450030522
 30
0.0
 10
2.62124615235936
 20
1.056409841517709
 30
0.0
 10
3.482631122596331
 20
0.8827367238935106
 30
0.0
 10
4.516192789832088
 20
0.6789299883762832
 30
0.0
 10
5.556940348970699
 20
0.5118998693263253
 30
0.0
 10
6.60378216206817
 20
0.3904708759594202
 30
0.0
 10
7.653871585879882
 20
0.302344762803143
 30
0.0
 10
8.705616503947139
 20
0.2377524691313293
 30
0.0
 10
9.757789858159126
 20
0.181370910077427
 30
0.0
 10
10.81036382050478
 20
0.1326140338490012
 30
0.0
 10
11.86317265339181
 20
0.0895405969438112
 30
0.0
 10
12.91632138901535
 20
0.0553344029856242
 30
0.0
 10
14.32083604805921
 20
0.0213811279093239
 30
0.0
 10
16.0768333093753
 20
-0.0043631965387849
 30
0.0
 10
18.18424095279432
 20
-0.0090772066967557
 30
0.0
 10
20.2915768787211
 20
0.0074705415621033
 30
0.0
 10
22.39868404897219
 20
0.0423047078423271
 30
0.0
 10
24.50549862005619
 20
0.091441031461819
 30
0.0
 10
26.61201358349983
 20
0.1519905643591062
 30
0.0
 10
28.71825260476865
 20
0.2213817282847779
 30
0.0
 10
30.8242710376234
 20
0.297126590766621
 30
0.0
 10
32.9301519160783
 20
0.37656826009577
 30
0.0
 10
35.03598448330021
 20
0.4572762069026632
 30
0.0
 10
37.14187636740721
 20
0.536424391832143
 30
0.0
 10
39.24781175450441
 20
0.6144023994654303
 30
0.0
 10
42.05576996981431
 20
0.7171696115835471
 30
0.0
 10
45.56576905137239
 20
0.8442160251965571
 30
0.0
 10
49.77772743439519
 20
0.9977888879603268
 30
0.0
 10
53.9896355434134
 20
1.152731819934802
 30
0.0
 10
58.20153253732251
 20
1.307979468752314
 30
0.0
 10
62.4134422414315
 20
1.462874270922964
 30
0.0
 10
66.6253641987832
 20
1.61745076201739
 30
0.0
 10
70.8372860039842
 20
1.772003809988285
 30
0.0
 10
75.04920621557253
 20
1.926650092607671
 30
0.0
 10
79.26112003416759
 20
2.081378168027395
 30
0.0
 10
83.4730409569614
 20
2.236086382356583
 30
0.0
 10
87.68495038981811
 20
2.390769441907368
 30
0.0
 10
93.30085714481381
 20
2.597017943586738
 30
0.0
 10
100.3206852798635
 20
2.854821130599951
 30
0.0
 10
108.7445863681374
 20
3.164203264597904
 30
0.0
 10
114.3603728248497
 20
3.370427039330232
 30
0.0
 10
117.1683791424213
 20
3.473564537172177
 30
0.0
  0
ENDBLK
  5
1E2
330
1DC
100
AcDbEntity
  8
0
100
AcDbBlockEnd
  0
BLOCK
  5
1E4
330
1E3
100
AcDbEntity
  8
0
100
AcDbBlockBegin
  2
副翼前挡板
 70
     0
 10
0.0
 20
0.0
 30
0.0
  3
副翼前挡板
  1

  0
LINE
  5
1E5
330
1E3
100
AcDbEntity
  8
0
  6
Continuous
 62
     7
370
    25
100
AcDbLine
 10
209.9478623173
 20
8.423063689500001
 30
0.0
 11
209.9478623173
 21
8.627014975199998
 31
0.0
  0
LINE
  5
1E6
330
1E3
100
AcDbEntity
  8
0
  6
Continuous
 62
     7
370
    25
100
AcDbLine
 10
208.9478623173
 20
8.423063689500001
 30
0.0
 11
209.9478623173
 21
8.423063689500001
 31
0.0
  0
LINE
  5
1E7
330
1E3
100
AcDbEntity
  8
0
  6
Continuous
 62
     7
370
    25
100
AcDbLine
 10
208.9478623173
 20
8.626912671199999
 30
0.0
 11
208.9478623173
 21
8.423063689500001
 31
0.0
  0
LINE
  5
1E8
330
1E3
100
AcDbEntity
  8
0
  6
Continuous
 62
     7
370
    25
100
AcDbLine
 10
208.7478623173
 20
8.423063689500001
 30
0.0
 11
208.7478623173
 21
8.6268922465
 31
0.0
  0
LINE
  5
1E9
330
1E3
100
AcDbEntity
  8
0
  6
Continuous
 62
     7
370
    25
100
AcDbLine
 10
207.7478623173
 20
8.423063689500001
 30
0.0
 11
208.7478623173
 21
8.423063689500001
 31
0.0
  0
LINE
  5
1EA
330
1E3
100
AcDbEntity
  8
0
  6
Continuous
 62
     7
370
    25
100
AcDbLine
 10
207.7478623173
 20
8.6267903077
 30
0.0
 11
207.7478623173
 21
8.423063689500001
 31
0.0
  0
LINE
  5
1EB
330
1E3
100
AcDbEntity
  8
0
  6
Continuous
 62
     7
370
    25
100
AcDbLine
 10
207.5478623173
 20
8.423063689500001
 30
0.0
 11
207.5478623173
 21
8.6267699574
 31
0.0
  0
LINE
  5
1EC
330
1E3
100
AcDbEntity
  8
0
  6
Continuous
 62
     7
370
    25
100
AcDbLine
 10
206.5478623173
 20
8.423063689500001
 30
0.0
 11
207.5478623173
 21
8.423063689500001
 31
0.0
  0
LINE
  5
1ED
330
1E3
100
AcDbEntity
  8
0
  6
Continuous
 62
     7
370
    25
100
AcDbLine
 10
206.5478623173
 20
8.626668397799997
 30
0.0
 11
206.5478623173
 21
8.423063689500001
 31
0.0
  0
LINE
  5
1EE
330
1E3
100
AcDbEntity
  8
0
  6
Continuous
 62
     7
370
    25
100
AcDbLine
 10
206.3478623172
 20
0.0
 30
0.0
 11
206.3478623172
 21
8.6266481249
 31
0.0
  0
LINE
  5
1EF
330
1E3
100
AcDbEntity
  8
0
  6
Continuous
 62
     7
370
    25
100
AcDbLine
 10
206.3478623172
 20
0.0
 30
0.0
 11
210.3478623172
 21
0.0
 31
0.0
  0
LINE
  5
1F0
330
1E3
100
AcDbEntity
  8
0
  6
Continuous
 62
     7
370
    25
100
AcDbLine
 10
210.3478623172
 20
0.0
 30
0.0
 11
210.3478623172
 21
8.423063689500001
 31
0.0
  0
LINE
  5
1F1
330
1E3
100
AcDbEntity
  8
0
  6
Continuous
 62
     7
370
    25
100
AcDbLine
 10
210.1478623172
 20
8.423063689500001
 30
0.0
 11
210.3478623172
 21
8.423063689500001
 31
0.0
  0
LINE
  5
1F2
330
1E3
100
AcDbEntity
  8
0
  6
Continuous
 62
     7
370
    25
100
AcDbLine
 10
210.1478623172
 20
8.627035471499999
 30
0.0
 11
210.1478623172
 21
8.423063689500001
 31
0.0
  0
LINE
  5
1F3
330
1E3
100
AcDbEntity
  8
0
  6
Continuous
 62
     7
370
    25
100
AcDbLine
 10
227.0000000003
 20
12.4083250736
 30
0.0
 11
227.0000000003
 21
8.628796667599997
 31
0.0
  0
LINE
  5
1F4
330
1E3
100
AcDbEntity
  8
0
  6
Continuous
 62
     7
370
    25
100
AcDbLine
 10
227.0000000003
 20
12.4083250736
 30
0.0
 11
229.0000000003
 21
12.4083250736
 31
0.0
  0
LINE
  5
1F5
330
1E3
100
AcDbEntity
  8
0
  6
Continuous
 62
     7
370
    25
100
AcDbLine
 10
229.0000000003
 20
12.4083250736
 30
0.0
 11
229.0000000003
 21
15.4083250736
 31
0.0
  0
LINE
  5
1F6
330
1E3
100
AcDbEntity
  8
0
  6
Continuous
 62
     7
370
    25
100
AcDbLine
 10
229.0000000003
 20
15.4083250736
 30
0.0
 11
227.0000000003
 21
15.4083250736
 31
0.0
  0
LINE
  5
1F7
330
1E3
100
AcDbEntity
  8
0
  6
Continuous
 62
     7
370
    25
100
AcDbLine
 10
227.0000000003
 20
17.3665095989
 30
0.0
 11
227.0000000003
 21
15.4083250736
 31
0.0
  0
LINE
  5
1F8
330
1E3
100
AcDbEntity
  8
0
  6
Continuous
 62
     7
370
    25
100
AcDbLine
 10
2.0
 20
15.4083250736
 30
0.0
 11
2.0
 21
17.0624522975
 31
0.0
  0
LINE
  5
1F9
330
1E3
100
AcDbEntity
  8
0
  6
Continuous
 62
     7
370
    25
100
AcDbLine
 10
0.0
 20
15.4083250736
 30
0.0
 11
2.0
 21
15.4083250736
 31
0.0
  0
LINE
  5
1FA
330
1E3
100
AcDbEntity
  8
0
  6
Continuous
 62
     7
370
    25
100
AcDbLine
 10
0.0
 20
15.4083250736
 30
0.0
 11
0.0
 21
12.4083250736
 31
0.0
  0
LINE
  5
1FB
330
1E3
100
AcDbEntity
  8
0
  6
Continuous
 62
     7
370
    25
100
AcDbLine
 10
2.0
 20
12.4083250736
 30
0.0
 11
0.0
 21
12.4083250736
 31
0.0
  0
LINE
  5
1FC
330
1E3
100
AcDbEntity
  8
0
  6
Continuous
 62
     7
370
    25
100
AcDbLine
 10
2.0
 20
8.6296767979
 30
0.0
 11
2.0
 21
12.4083250736
 31
0.0
  0
LINE
  5
1FD
330
1E3
100
AcDbEntity
  8
0
  6
Continuous
 62
     7
370
    25
100
AcDbLine
 10
6.3478623172
 20
0.0
 30
0.0
 11
6.3478623172
 21
8.628714075499999
 31
0.0
  0
LINE
  5
1FE
330
1E3
100
AcDbEntity
  8
0
  6
Continuous
 62
     7
370
    25
100
AcDbLine
 10
6.3478623172
 20
0.0
 30
0.0
 11
10.3478623172
 21
0.0
 31
0.0
  0
LINE
  5
1FF
330
1E3
100
AcDbEntity
  8
0
  6
Continuous
 62
     7
370
    25
100
AcDbLine
 10
10.3478623172
 20
0.0
 30
0.0
 11
10.3478623172
 21
8.423063689500001
 31
0.0
  0
LINE
  5
200
330
1E3
100
AcDbEntity
  8
0
  6
Continuous
 62
     7
370
    25
100
AcDbLine
 10
10.1478623172
 20
8.423063689500001
 30
0.0
 11
10.3478623172
 21
8.423063689500001
 31
0.0
  0
LINE
  5
201
330
1E3
100
AcDbEntity
  8
0
  6
Continuous
 62
     7
370
    25
100
AcDbLine
 10
10.1478623172
 20
8.6279209811
 30
0.0
 11
10.1478623172
 21
8.423063689500001
 31
0.0
  0
LINE
  5
202
330
1E3
100
AcDbEntity
  8
0
  6
Continuous
 62
     7
370
    25
100
AcDbLine
 10
106.3478623172
 20
0.0
 30
0.0
 11
106.3478623172
 21
8.6199635615
 31
0.0
  0
LINE
  5
203
330
1E3
100
AcDbEntity
  8
0
  6
Continuous
 62
     7
370
    25
100
AcDbLine
 10
106.3478623172
 20
0.0
 30
0.0
 11
110.3478623172
 21
0.0
 31
0.0
  0
LINE
  5
204
330
1E3
100
AcDbEntity
  8
0
  6
Continuous
 62
     7
370
    25
100
AcDbLine
 10
110.3478623172
 20
0.0
 30
0.0
 11
110.3478623172
 21
8.423063689500001
 31
0.0
  0
LINE
  5
205
330
1E3
100
AcDbEntity
  8
0
  6
Continuous
 62
     7
370
    25
100
AcDbLine
 10
110.1478623172
 20
8.423063689500001
 30
0.0
 11
110.3478623172
 21
8.423063689500001
 31
0.0
  0
LINE
  5
206
330
1E3
100
AcDbEntity
  8
0
  6
Continuous
 62
     7
370
    25
100
AcDbLine
 10
110.1478623172
 20
8.6200227723
 30
0.0
 11
110.1478623172
 21
8.423063689500001
 31
0.0
  0
LINE
  5
207
330
1E3
100
AcDbEntity
  8
0
  6
Continuous
 62
     7
370
    25
100
AcDbLine
 10
109.9478623173
 20
8.423063689500001
 30
0.0
 11
109.9478623173
 21
8.620019125499997
 31
0.0
  0
LINE
  5
208
330
1E3
100
AcDbEntity
  8
0
  6
Continuous
 62
     7
370
    25
100
AcDbLine
 10
108.9478623173
 20
8.423063689500001
 30
0.0
 11
109.9478623173
 21
8.423063689500001
 31
0.0
  0
LINE
  5
209
330
1E3
100
AcDbEntity
  8
0
  6
Continuous
 62
     7
370
    25
100
AcDbLine
 10
108.9478623173
 20
8.620001768499999
 30
0.0
 11
108.9478623173
 21
8.423063689500001
 31
0.0
  0
LINE
  5
20A
330
1E3
100
AcDbEntity
  8
0
  6
Continuous
 62
     7
370
    25
100
AcDbLine
 10
108.7478623173
 20
8.423063689500001
 30
0.0
 11
108.7478623173
 21
8.6199984733
 31
0.0
  0
LINE
  5
20B
330
1E3
100
AcDbEntity
  8
0
  6
Continuous
 62
     7
370
    25
100
AcDbLine
 10
107.7478623173
 20
8.423063689500001
 30
0.0
 11
108.7478623173
 21
8.423063689500001
 31
0.0
  0
LINE
  5
20C
330
1E3
100
AcDbEntity
  8
0
  6
Continuous
 62
     7
370
    25
100
AcDbLine
 10
107.7478623173
 20
8.6199828838
 30
0.0
 11
107.7478623173
 21
8.423063689500001
 31
0.0
  0
LINE
  5
20D
330
1E3
100
AcDbEntity
  8
0
  6
Continuous
 62
     7
370
    25
100
AcDbLine
 10
107.5478623173
 20
8.423063689500001
 30
0.0
 11
107.5478623173
 21
8.619979943999997
 31
0.0
  0
LINE
  5
20E
330
1E3
100
AcDbEntity
  8
0
  6
Continuous
 62
     7
370
    25
100
AcDbLine
 10
106.5478623173
 20
8.423063689500001
 30
0.0
 11
107.5478623173
 21
8.423063689500001
 31
0.0
  0
LINE
  5
20F
330
1E3
100
AcDbEntity
  8
0
  6
Continuous
 62
     7
370
    25
100
AcDbLine
 10
106.5478623173
 20
8.619966141799999
 30
0.0
 11
106.5478623173
 21
8.423063689500001
 31
0.0
  0
LINE
  5
210
330
1E3
100
AcDbEntity
  8
0
  6
Continuous
 62
     7
370
    25
100
AcDbLine
 10
9.9478623173
 20
8.423063689500001
 30
0.0
 11
9.9478623173
 21
8.6279616169
 31
0.0
  0
LINE
  5
211
330
1E3
100
AcDbEntity
  8
0
  6
Continuous
 62
     7
370
    25
100
AcDbLine
 10
8.9478623173
 20
8.423063689500001
 30
0.0
 11
9.9478623173
 21
8.423063689500001
 31
0.0
  0
LINE
  5
212
330
1E3
100
AcDbEntity
  8
0
  6
Continuous
 62
     7
370
    25
100
AcDbLine
 10
8.9478623173
 20
8.6281666297
 30
0.0
 11
8.9478623173
 21
8.423063689500001
 31
0.0
  0
LINE
  5
213
330
1E3
100
AcDbEntity
  8
0
  6
Continuous
 62
     7
370
    25
100
AcDbLine
 10
8.7478623173
 20
8.423063689500001
 30
0.0
 11
8.7478623173
 21
8.628208
 31
0.0
  0
LINE
  5
214
330
1E3
100
AcDbEntity
  8
0
  6
Continuous
 62
     7
370
    25
100
AcDbLine
 10
7.7478623173
 20
8.423063689500001
 30
0.0
 11
8.7478623173
 21
8.423063689500001
 31
0.0
  0
LINE
  5
215
330
1E3
100
AcDbEntity
  8
0
  6
Continuous
 62
     7
370
    25
100
AcDbLine
 10
7.7478623173
 20
8.6284166988
 30
0.0
 11
7.7478623173
 21
8.423063689500001
 31
0.0
  0
LINE
  5
216
330
1E3
100
AcDbEntity
  8
0
  6
Continuous
 62
     7
370
    25
100
AcDbLine
 10
7.547862317299999
 20
8.423063689500001
 30
0.0
 11
7.547862317299999
 21
8.628458808999997
 31
0.0
  0
LINE
  5
217
330
1E3
100
AcDbEntity
  8
0
  6
Continuous
 62
     7
370
    25
100
AcDbLine
 10
6.547862317299999
 20
8.423063689500001
 30
0.0
 11
7.547862317299999
 21
8.423063689500001
 31
0.0
  0
LINE
  5
218
330
1E3
100
AcDbEntity
  8
0
  6
Continuous
 62
     7
370
    25
100
AcDbLine
 10
6.547862317299999
 20
8.628671220199999
 30
0.0
 11
6.547862317299999
 21
8.423063689500001
 31
0.0
  0
LINE
  5
219
330
1E3
100
AcDbEntity
  8
0
  6
Continuous
 62
     7
370
    25
100
AcDbLine
 10
111.0
 20
12.4083250736
 30
0.0
 11
113.0
 21
12.4083250736
 31
0.0
  0
LINE
  5
21A
330
1E3
100
AcDbEntity
  8
0
  6
Continuous
 62
     7
370
    25
100
AcDbLine
 10
111.0
 20
15.4083250736
 30
0.0
 11
111.0
 21
12.4083250736
 31
0.0
  0
LINE
  5
21B
330
1E3
100
AcDbEntity
  8
0
  6
Continuous
 62
     7
370
    25
100
AcDbLine
 10
113.0
 20
15.4083250736
 30
0.0
 11
111.0
 21
15.4083250736
 31
0.0
  0
LINE
  5
21C
330
1E3
100
AcDbEntity
  8
0
  6
Continuous
 62
     7
370
    25
100
AcDbLine
 10
113.0
 20
12.4083250736
 30
0.0
 11
113.0
 21
15.4083250736
 31
0.0
  0
LINE
  5
21D
330
1E3
100
AcDbEntity
  8
0
  6
Continuous
 62
     7
370
    25
100
AcDbLine
 10
181.0
 20
15.4083250736
 30
0.0
 11
179.0
 21
15.4083250736
 31
0.0
  0
LINE
  5
21E
330
1E3
100
AcDbEntity
  8
0
  6
Continuous
 62
     7
370
    25
100
AcDbLine
 10
181.0
 20
12.4083250736
 30
0.0
 11
181.0
 21
15.4083250736
 31
0.0
  0
LINE
  5
21F
330
1E3
100
AcDbEntity
  8
0
  6
Continuous
 62
     7
370
    25
100
AcDbLine
 10
179.0
 20
12.4083250736
 30
0.0
 11
181.0
 21
12.4083250736
 31
0.0
  0
LINE
  5
220
330
1E3
100
AcDbEntity
  8
0
  6
Continuous
 62
     7
370
    25
100
AcDbLine
 10
179.0
 20
15.4083250736
 30
0.0
 11
179.0
 21
12.4083250736
 31
0.0
  0
LINE
  5
221
330
1E3
100
AcDbEntity
  8
0
  6
Continuous
 62
     7
370
    25
100
AcDbLine
 10
45.0
 20
15.4083250736
 30
0.0
 11
43.0
 21
15.4083250736
 31
0.0
  0
LINE
  5
222
330
1E3
100
AcDbEntity
  8
0
  6
Continuous
 62
     7
370
    25
100
AcDbLine
 10
45.0
 20
12.4083250736
 30
0.0
 11
45.0
 21
15.4083250736
 31
0.0
  0
LINE
  5
223
330
1E3
100
AcDbEntity
  8
0
  6
Continuous
 62
     7
370
    25
100
AcDbLine
 10
43.0
 20
12.4083250736
 30
0.0
 11
45.0
 21
12.4083250736
 31
0.0
  0
LINE
  5
224
330
1E3
100
AcDbEntity
  8
0
  6
Continuous
 62
     7
370
    25
100
AcDbLine
 10
43.0
 20
15.4083250736
 30
0.0
 11
43.0
 21
12.4083250736
 31
0.0
  0
SPLINE
  5
225
330
1E3
100
AcDbEntity
  8
0
  6
Continuous
 62
     7
370
    25
100
AcDbSpline
210
0.0
220
0.0
230
1.0
 70
     8
 71
     3
 72
     8
 73
     4
 74
     0
 42
0.00000001
 43
0.0000000001
 40
0.3090521387097357
 40
0.3090521387097357
 40
0.3090521387097357
 40
0.3090521387097357
 40
0.3100521387148114
 40
0.3100521387148114
 40
0.3100521387148114
 40
0.3100521387148114
 10
209.9478623173001
 20
8.627014975193088
 30
0.0
 10
209.6145289839718
 20
8.626980824424382
 30
0.0
 10
209.2811956506385
 20
8.626946722558651
 30
0.0
 10
208.9478623173
 20
8.626912671234832
 30
0.0
  0
SPLINE
  5
226
330
1E3
100
AcDbEntity
  8
0
  6
Continuous
 62
     7
370
    25
100
AcDbSpline
210
0.0
220
0.0
230
1.0
 70
     8
 71
     3
 72
     8
 73
     4
 74
     0
 42
0.00000001
 43
0.0000000001
 40
0.3102521387158227
 40
0.3102521387158227
 40
0.3102521387158227
 40
0.3102521387158227
 40
0.3112521387208611
 40
0.3112521387208611
 40
0.3112521387208611
 40
0.3112521387208611
 10
208.7478623173
 20
8.626892246518767
 30
0.0
 10
208.4145289839719
 20
8.626858215477582
 30
0.0
 10
208.0811956506386
 20
8.626824235306761
 30
0.0
 10
207.7478623173
 20
8.626790307651845
 30
0.0
  0
SPLINE
  5
227
330
1E3
100
AcDbEntity
  8
0
  6
Continuous
 62
     7
370
    25
100
AcDbSpline
210
0.0
220
0.0
230
1.0
 70
     8
 71
     3
 72
     8
 73
     4
 74
     0
 42
0.00000001
 43
0.0000000001
 40
0.311452138721865
 40
0.311452138721865
 40
0.311452138721865
 40
0.311452138721865
 40
0.3124521387268683
 40
0.3124521387268683
 40
0.3124521387268683
 40
0.3124521387268683
 10
207.5478623173036
 20
8.626769957374047
 30
0.0
 10
207.2145289839745
 20
8.626736050791633
 30
0.0
 10
206.8811956506401
 20
8.626702197054878
 30
0.0
 10
206.5478623173001
 20
8.626668397815981
 30
0.0
  0
SPLINE
  5
228
330
1E3
100
AcDbEntity
  8
0
  6
Continuous
 62
     7
370
    25
100
AcDbSpline
210
0.0
220
0.0
230
1.0
 70
     8
 71
     3
 72
     9
 73
     5
 74
     0
 42
0.00000001
 43
0.0000000001
 40
0.3126521387278643
 40
0.3126521387278643
 40
0.3126521387278643
 40
0.3126521387278643
 40
0.3652142764545254
 40
0.4088521389692165
 40
0.4088521389692165
 40
0.4088521389692165
 40
0.4088521389692165
 10
206.3478623171836
 20
8.626648124863786
 30
0.0
 10
188.8271498288113
 20
8.624872713922115
 30
0.0
 10
156.7604832102153
 20
8.621893049957499
 30
0.0
 10
124.6938164883638
 20
8.620290119728007
 30
0.0
 10
110.1478623172262
 20
8.620022772335577
 30
0.0
  0
SPLINE
  5
229
330
1E3
100
AcDbEntity
  8
0
  6
Continuous
 62
     7
370
    25
100
AcDbSpline
210
0.0
220
0.0
230
1.0
 70
     8
 71
     3
 72
     8
 73
     4
 74
     0
 42
0.00000001
 43
0.0000000001
 40
0.2920000009362365
 40
0.2920000009362365
 40
0.2920000009362365
 40
0.2920000009362365
 40
0.3088521387087169
 40
0.3088521387087169
 40
0.3088521387087169
 40
0.3088521387087169
 10
227.0000000002925
 20
8.628796667585428
 30
0.0
 10
221.3826207734932
 20
8.628200914939437
 30
0.0
 10
215.7652415460498
 20
8.627611313542709
 30
0.0
 10
210.1478623171836
 20
8.627035471538098
 30
0.0
  0
SPLINE
  5
22A
330
1E3
100
AcDbEntity
  8
0
  6
Continuous
 62
     7
370
    25
100
AcDbSpline
210
0.0
220
0.0
230
1.0
 70
     8
 71
     3
 72
    11
 73
     7
 74
     0
 42
0.00000001
 43
0.0000000001
 40
0.0020000071941948
 40
0.0020000071941948
 40
0.0020000071941948
 40
0.0020000071941948
 40
0.1358482621237057
 40
0.1358482621237057
 40
0.1358482621237057
 40
0.2270002219980527
 40
0.2270002219980527
 40
0.2270002219980527
 40
0.2270002219980527
 10
2.000000000000003
 20
17.06245229752489
 30
0.0
 10
46.61590181400032
 20
17.19029773768321
 30
0.0
 10
91.23197354321241
 20
17.26000448302824
 30
0.0
 10
135.8480366405815
 20
17.30419525869468
 30
0.0
 10
166.2320166234226
 20
17.33428961373324
 30
0.0
 10
196.6160084113041
 20
17.3523537922919
 30
0.0
 10
227.0000000003142
 20
17.36650959893001
 30
0.0
  0
SPLINE
  5
22B
330
1E3
100
AcDbEntity
  8
0
  6
Continuous
 62
     7
370
    25
100
AcDbSpline
210
0.0
220
0.0
230
1.0
 70
     8
 71
     3
 72
     8
 73
     4
 74
     0
 42
0.00000001
 43
0.0000000001
 40
0.5126521395580508
 40
0.5126521395580508
 40
0.5126521395580508
 40
0.5126521395580508
 40
0.5170000019822203
 40
0.5170000019822203
 40
0.5170000019822203
 40
0.5170000019822203
 10
6.347862317247517
 20
8.628714075491004
 30
0.0
 10
4.898574876005112
 20
8.629025075572213
 30
0.0
 10
3.44928743683556
 20
8.629345898125412
 30
0.0
 10
2.0
 20
8.6296767979
 30
0.0
  0
SPLINE
  5
22C
330
1E3
100
AcDbEntity
  8
0
  6
Continuous
 62
     7
370
    25
100
AcDbSpline
210
0.0
220
0.0
230
1.0
 70
     8
 71
     3
 72
     9
 73
     5
 74
     0
 42
0.00000001
 43
0.0000000001
 40
0.4126521389691391
 40
0.4126521389691391
 40
0.4126521389691391
 40
0.4126521389691391
 40
0.4626047501744716
 40
0.5088521394744499
 40
0.5088521394744499
 40
0.5088521394744499
 40
0.5088521394744499
 10
106.3478623172262
 20
8.619963561507756
 30
0.0
 10
89.69699191406013
 20
8.619751245229151
 30
0.0
 10
57.63032504812183
 20
8.620541338782054
 30
0.0
 10
25.56365843159611
 20
8.624793515008706
 30
0.0
 10
10.14786231724747
 20
8.627920981100807
 30
0.0
  0
SPLINE
  5
22D
330
1E3
100
AcDbEntity
  8
0
  6
Continuous
 62
     7
370
    25
100
AcDbSpline
210
0.0
220
0.0
230
1.0
 70
     8
 71
     3
 72
     8
 73
     4
 74
     0
 42
0.00000001
 43
0.0000000001
 40
0.4090521389692233
 40
0.4090521389692233
 40
0.4090521389692233
 40
0.4090521389692233
 40
0.410052138969238
 40
0.410052138969238
 40
0.410052138969238
 40
0.410052138969238
 10
109.9478623173
 20
8.620019125518174
 30
0.0
 10
109.614528983971
 20
8.620013096118128
 30
0.0
 10
109.2811956506375
 20
8.620007309696429
 30
0.0
 10
108.9478623173
 20
8.620001768531787
 30
0.0
  0
SPLINE
  5
22E
330
1E3
100
AcDbEntity
  8
0
  6
Continuous
 62
     7
370
    25
100
AcDbSpline
210
0.0
220
0.0
230
1.0
 70
     8
 71
     3
 72
     8
 73
     4
 74
     0
 42
0.00000001
 43
0.0000000001
 40
0.4102521389692372
 40
0.4102521389692372
 40
0.4102521389692372
 40
0.4102521389692372
 40
0.4112521389692171
 40
0.4112521389692171
 40
0.4112521389692171
 40
0.4112521389692171
 10
108.7478623173001
 20
8.619998473282187
 30
0.0
 10
108.4145289839707
 20
8.619993030311924
 30
0.0
 10
108.0811956506373
 20
8.619987833055329
 30
0.0
 10
107.7478623173
 20
8.61998288379979
 30
0.0
  0
SPLINE
  5
22F
330
1E3
100
AcDbEntity
  8
0
  6
Continuous
 62
     7
370
    25
100
AcDbSpline
210
0.0
220
0.0
230
1.0
 70
     8
 71
     3
 72
     8
 73
     4
 74
     0
 42
0.00000001
 43
0.0000000001
 40
0.4114521389692094
 40
0.4114521389692094
 40
0.4114521389692094
 40
0.4114521389692094
 40
0.4124521389691538
 40
0.4124521389691538
 40
0.4124521389691538
 40
0.4124521389691538
 10
107.5478623173
 20
8.619979944024995
 30
0.0
 10
107.2145289839702
 20
8.619975094061773
 30
0.0
 10
106.8811956506367
 20
8.619970492557941
 30
0.0
 10
106.5478623173
 20
8.619966141809559
 30
0.0
  0
SPLINE
  5
230
330
1E3
100
AcDbEntity
  8
0
  6
Continuous
 62
     7
370
    25
100
AcDbSpline
210
0.0
220
0.0
230
1.0
 70
     8
 71
     3
 72
     8
 73
     4
 74
     0
 42
0.00000001
 43
0.0000000001
 40
0.5090521394786247
 40
0.5090521394786247
 40
0.5090521394786247
 40
0.5090521394786247
 40
0.5100521394998714
 40
0.5100521394998714
 40
0.5100521394998714
 40
0.5100521394998714
 10
9.947862317300122
 20
8.627961616866992
 30
0.0
 10
9.614528983862726
 20
8.628029444881519
 30
0.0
 10
9.281195650528216
 20
8.628097781468902
 30
0.0
 10
8.947862317300007
 20
8.628166629684953
 30
0.0
  0
SPLINE
  5
231
330
1E3
100
AcDbEntity
  8
0
  6
Continuous
 62
     7
370
    25
100
AcDbSpline
210
0.0
220
0.0
230
1.0
 70
     8
 71
     3
 72
     8
 73
     4
 74
     0
 42
0.00000001
 43
0.0000000001
 40
0.5102521395041957
 40
0.5102521395041957
 40
0.5102521395041957
 40
0.5102521395041957
 40
0.5112521395261939
 40
0.5112521395261939
 40
0.5112521395261939
 40
0.5112521395261939
 10
8.747862317300413
 20
8.628208000034604
 30
0.0
 10
8.414528983860121
 20
8.62827705302487
 30
0.0
 10
8.081195650525726
 20
8.628346618255962
 30
0.0
 10
7.747862317300017
 20
8.628416698793607
 30
0.0
  0
SPLINE
  5
232
330
1E3
100
AcDbEntity
  8
0
  6
Continuous
 62
     7
370
    25
100
AcDbSpline
210
0.0
220
0.0
230
1.0
 70
     8
 71
     3
 72
     8
 73
     4
 74
     0
 42
0.00000001
 43
0.0000000001
 40
0.5114521395306692
 40
0.5114521395306692
 40
0.5114521395306692
 40
0.5114521395306692
 40
0.5124521395534237
 40
0.5124521395534237
 40
0.5124521395534237
 40
0.5124521395534237
 10
7.547862317299744
 20
8.628458808977644
 30
0.0
 10
7.214528983857065
 20
8.628529095761061
 30
0.0
 10
6.881195650522839
 20
8.628599898465168
 30
0.0
 10
6.547862317299972
 20
8.628671220165621
 30
0.0
  0
ENDBLK
  5
233
330
1E3
100
AcDbEntity
  8
0
100
AcDbBlockEnd
  0
BLOCK
  5
235
330
234
100
AcDbEntity
  8
0
100
AcDbBlockBegin
  2
tail_第六块翼肋
 70
     0
 10
0.0
 20
0.0
 30
0.0
  3
tail_第六块翼肋
  1

  0
ARC
  5
236
330
234
100
AcDbEntity
  8
0
  6
Continuous
 62
     7
370
    25
100
AcDbCircle
 10
10.0639201353
 20
10.9498357898
 30
0.0
 40
2.199999999996729
100
AcDbArc
 50
266.8637105015
 51
93.13628946200001
  0
ARC
  5
237
330
234
100
AcDbEntity
  8
0
  6
Continuous
 62
     7
370
    25
100
AcDbCircle
 10
21.2432265882
 20
11.7146976234
 30
0.0
 40
1.0
100
AcDbArc
 50
225.0
 51
0.0
  0
ARC
  5
238
330
234
100
AcDbEntity
  8
0
  6
Continuous
 62
     7
370
    25
100
AcDbCircle
 10
21.2432265882
 20
14.2060594679
 30
0.0
 40
1.000000000000001
100
AcDbArc
 50
0.0000000029
 51
90.0000000029
  0
ARC
  5
239
330
234
100
AcDbEntity
  8
0
  6
Continuous
 62
     7
370
    25
100
AcDbCircle
 10
18.7518647436
 20
14.2060594679
 30
0.0
 40
1.0
100
AcDbArc
 50
90.0
 51
225.0
  0
ARC
  5
23A
330
234
100
AcDbEntity
  8
0
  6
Continuous
 62
     7
370
    25
100
AcDbCircle
 10
24.9483575154
 20
14.2060594679
 30
0.0
 40
1.0
100
AcDbArc
 50
90.0
 51
180.0
  0
ARC
  5
23B
330
234
100
AcDbEntity
  8
0
  6
Continuous
 62
     7
370
    25
100
AcDbCircle
 10
24.9483575154
 20
11.8309989068
 30
0.0
 40
1.000000000000011
100
AcDbArc
 50
180.0
 51
316.8744655626
  0
ARC
  5
23C
330
234
100
AcDbEntity
  8
0
  6
Continuous
 62
     7
370
    25
100
AcDbCircle
 10
27.1728860691
 20
14.2060594679
 30
0.0
 40
1.000000000010289
100
AcDbArc
 50
316.8744655593
 51
90.0000000003
  0
ARC
  5
23D
330
234
100
AcDbEntity
  8
0
  6
Continuous
 62
     7
370
    25
100
AcDbCircle
 10
17.7911736247
 20
10.300484061
 30
0.0
 40
1.000000000000007
100
AcDbArc
 50
269.9999999987
 51
45.0000000005
  0
ARC
  5
23E
330
234
100
AcDbEntity
  8
0
  6
Continuous
 62
     7
370
    25
100
AcDbCircle
 10
15.2998117802
 20
12.7918459055
 30
0.0
 40
1.000000000009517
100
AcDbArc
 50
45.0
 51
180.0
  0
ARC
  5
23F
330
234
100
AcDbEntity
  8
0
  6
Continuous
 62
     7
370
    25
100
AcDbCircle
 10
15.2998117802
 20
10.300484061
 30
0.0
 40
1.000000000000005
100
AcDbArc
 50
180.0
 51
270.0
  0
ARC
  5
240
330
234
100
AcDbEntity
  8
0
  6
Continuous
 62
     7
370
    25
100
AcDbCircle
 10
30.3511210537
 20
12.675544622
 30
0.0
 40
1.000000000000002
100
AcDbArc
 50
0.0000000223
 51
136.8744655641
  0
ARC
  5
241
330
234
100
AcDbEntity
  8
0
  6
Continuous
 62
     7
370
    25
100
AcDbCircle
 10
28.1265925
 20
10.300484061
 30
0.0
 40
0.9999999999761042
100
AcDbArc
 50
136.8744655632
 51
270.0
  0
ARC
  5
242
330
234
100
AcDbEntity
  8
0
  6
Continuous
 62
     7
370
    25
100
AcDbCircle
 10
30.3511210537
 20
10.300484061
 30
0.0
 40
1.0
100
AcDbArc
 50
270.0
 51
0.0
  0
LINE
  5
243
330
234
100
AcDbEntity
  8
0
  6
Continuous
 62
     7
370
    25
100
AcDbLine
 10
22.2432265882
 20
11.7146976234
 30
0.0
 11
22.2432265882
 21
14.206059468
 31
0.0
  0
LINE
  5
244
330
234
100
AcDbEntity
  8
0
  6
Continuous
 62
     7
370
    25
100
AcDbLine
 10
21.2432265881
 20
15.2060594679
 30
0.0
 11
18.7518647436
 21
15.2060594679
 31
0.0
  0
LINE
  5
245
330
234
100
AcDbEntity
  8
0
  6
Continuous
 62
     7
370
    25
100
AcDbLine
 10
18.0447579624
 20
13.4989526867
 30
0.0
 11
20.536119807
 21
11.0075908422
 31
0.0
  0
LINE
  5
246
330
234
100
AcDbEntity
  8
0
  6
Continuous
 62
     7
370
    25
100
AcDbLine
 10
27.1728860691
 20
15.2060594679
 30
0.0
 11
24.9483575154
 21
15.2060594679
 31
0.0
  0
LINE
  5
247
330
234
100
AcDbEntity
  8
0
  6
Continuous
 62
     7
370
    25
100
AcDbLine
 10
23.9483575154
 20
14.2060594679
 30
0.0
 11
23.9483575154
 21
11.8309989068
 31
0.0
  0
LINE
  5
248
330
234
100
AcDbEntity
  8
0
  6
Continuous
 62
     7
370
    25
100
AcDbLine
 10
25.6782152117
 20
11.1473997969
 30
0.0
 11
27.9027437654
 21
13.5224603579
 31
0.0
  0
LINE
  5
249
330
234
100
AcDbEntity
  8
0
  6
Continuous
 62
     7
370
    25
100
AcDbLine
 10
18.4982804059
 20
11.0075908422
 30
0.0
 11
16.0069185614
 21
13.4989526867
 31
0.0
  0
LINE
  5
24A
330
234
100
AcDbEntity
  8
0
  6
Continuous
 62
     7
370
    25
100
AcDbLine
 10
14.2998117802
 20
12.7918459055
 30
0.0
 11
14.2998117802
 21
10.300484061
 31
0.0
  0
LINE
  5
24B
330
234
100
AcDbEntity
  8
0
  6
Continuous
 62
     7
370
    25
100
AcDbLine
 10
15.2998117802
 20
9.300484061
 30
0.0
 11
17.7911736247
 21
9.300484061
 31
0.0
  0
LINE
  5
24C
330
234
100
AcDbEntity
  8
0
  6
Continuous
 62
     7
370
    25
100
AcDbLine
 10
31.3511210537
 20
10.300484061
 30
0.0
 11
31.3511210537
 21
12.6755446224
 31
0.0
  0
LINE
  5
24D
330
234
100
AcDbEntity
  8
0
  6
Continuous
 62
     7
370
    25
100
AcDbLine
 10
29.6212633574
 20
13.3591437319
 30
0.0
 11
27.3967348037
 21
10.9840831709
 31
0.0
  0
LINE
  5
24E
330
234
100
AcDbEntity
  8
0
  6
Continuous
 62
     7
370
    25
100
AcDbLine
 10
28.1265925
 20
9.300484061
 30
0.0
 11
30.3511210537
 21
9.300484061
 31
0.0
  0
LINE
  5
24F
330
234
100
AcDbEntity
  8
0
  6
Continuous
 62
     7
370
    25
100
AcDbLine
 10
15.0233177092
 20
7.4712893948
 30
0.0
 11
15.0233177006
 21
7.7575481973
 31
0.0
  0
LINE
  5
250
330
234
100
AcDbEntity
  8
0
  6
Continuous
 62
     7
370
    25
100
AcDbLine
 10
14.0236270785
 20
7.735824158999998
 30
0.0
 11
14.0236270785
 21
7.4464168619
 31
0.0
  0
LINE
  5
251
330
234
100
AcDbEntity
  8
0
  6
Continuous
 62
     7
370
    25
100
AcDbLine
 10
14.0236270785
 20
7.4464168619
 30
0.0
 11
15.0233177092
 21
7.4712893948
 31
0.0
  0
LINE
  5
252
330
234
100
AcDbEntity
  8
0
  6
Continuous
 62
     7
370
    25
100
AcDbLine
 10
16.222946466
 20
7.501136434299999
 30
0.0
 11
16.2229464573
 21
7.789309639099998
 31
0.0
  0
LINE
  5
253
330
234
100
AcDbEntity
  8
0
  6
Continuous
 62
     7
370
    25
100
AcDbLine
 10
15.2232558353
 20
7.762438886699999
 30
0.0
 11
15.2232558353
 21
7.4762639014
 31
0.0
  0
LINE
  5
254
330
234
100
AcDbEntity
  8
0
  6
Continuous
 62
     7
370
    25
100
AcDbLine
 10
15.2232558353
 20
7.4762639014
 30
0.0
 11
16.222946466
 21
7.501136434299999
 31
0.0
  0
LINE
  5
255
330
234
100
AcDbEntity
  8
0
  6
Continuous
 62
     7
370
    25
100
AcDbLine
 10
17.4225752229
 20
7.5309834738
 30
0.0
 11
17.4225752229
 21
7.826167735499999
 31
0.0
  0
LINE
  5
256
330
234
100
AcDbEntity
  8
0
  6
Continuous
 62
     7
370
    25
100
AcDbLine
 10
16.4228845922
 20
7.795130572699998
 30
0.0
 11
16.4228845922
 21
7.5061109409
 31
0.0
  0
LINE
  5
257
330
234
100
AcDbEntity
  8
0
  6
Continuous
 62
     7
370
    25
100
AcDbLine
 10
16.4228845922
 20
7.5061109409
 30
0.0
 11
17.4225752229
 21
7.5309834738
 31
0.0
  0
LINE
  5
258
330
234
100
AcDbEntity
  8
0
  6
Continuous
 62
     7
370
    25
100
AcDbLine
 10
33.5771173911
 20
8.319959888999997
 30
0.0
 11
33.5771170843
 21
8.4182992256
 31
0.0
  0
LINE
  5
259
330
234
100
AcDbEntity
  8
0
  6
Continuous
 62
     7
370
    25
100
AcDbLine
 10
32.5777910407
 20
8.381573338899999
 30
0.0
 11
32.5777912208
 21
8.283255594599999
 31
0.0
  0
LINE
  5
25A
330
234
100
AcDbEntity
  8
0
  6
Continuous
 62
     7
370
    25
100
AcDbLine
 10
32.5777912208
 20
8.283255594599999
 30
0.0
 11
33.5771173911
 21
8.319959888999997
 31
0.0
  0
LINE
  5
25B
330
234
100
AcDbEntity
  8
0
  6
Continuous
 62
     7
370
    25
100
AcDbLine
 10
34.7763087956
 20
8.3640050424
 30
0.0
 11
34.77630911969999
 21
8.4624430845
 31
0.0
  0
LINE
  5
25C
330
234
100
AcDbEntity
  8
0
  6
Continuous
 62
     7
370
    25
100
AcDbLine
 10
33.77698238420001
 20
8.425652189299999
 30
0.0
 11
33.7769826252
 21
8.327300747899997
 31
0.0
  0
LINE
  5
25D
330
234
100
AcDbEntity
  8
0
  6
Continuous
 62
     7
370
    25
100
AcDbLine
 10
33.7769826252
 20
8.327300747899997
 30
0.0
 11
34.7763087956
 21
8.3640050424
 31
0.0
  0
LINE
  5
25E
330
234
100
AcDbEntity
  8
0
  6
Continuous
 62
     7
370
    25
100
AcDbLine
 10
35.97550020000001
 20
8.408050195700001
 30
0.0
 11
35.97550029300001
 21
8.5066208639
 31
0.0
  0
LINE
  5
25F
330
234
100
AcDbEntity
  8
0
  6
Continuous
 62
     7
370
    25
100
AcDbLine
 10
34.976174363
 20
8.4698049349
 30
0.0
 11
34.9761740296
 21
8.371345901299998
 31
0.0
  0
LINE
  5
260
330
234
100
AcDbEntity
  8
0
  6
Continuous
 62
     7
370
    25
100
AcDbLine
 10
34.9761740296
 20
8.371345901299998
 30
0.0
 11
35.97550020000001
 21
8.408050195700001
 31
0.0
  0
LINE
  5
261
330
234
100
AcDbEntity
  8
0
  6
Continuous
 62
     7
370
    25
100
AcDbLine
 10
0.72346515
 20
9.949835789899999
 30
0.0
 11
0.0000051654
 21
9.2263758053
 31
0.0
  0
LINE
  5
262
330
234
100
AcDbEntity
  8
0
  6
Continuous
 62
     7
370
    25
100
AcDbLine
 10
0.0247441867
 20
10.6485567531
 30
0.0
 11
0.72346515
 21
9.949835789899999
 31
0.0
  0
LINE
  5
263
330
234
100
AcDbEntity
  8
0
  6
Continuous
 62
     7
370
    25
100
AcDbLine
 10
40.2691688755
 20
13.949844836
 30
0.0
 11
40.2691696889
 21
16.1851824236
 31
0.0
  0
LINE
  5
264
330
234
100
AcDbEntity
  8
0
  6
Continuous
 62
     7
370
    25
100
AcDbLine
 10
40.2691688755
 20
13.949844836
 30
0.0
 11
38.2691713193
 21
13.949844836
 31
0.0
  0
LINE
  5
265
330
234
100
AcDbEntity
  8
0
  6
Continuous
 62
     7
370
    25
100
AcDbLine
 10
38.2691713193
 20
10.949844836
 30
0.0
 11
38.2691713193
 21
13.949844836
 31
0.0
  0
LINE
  5
266
330
234
100
AcDbEntity
  8
0
  6
Continuous
 62
     7
370
    25
100
AcDbLine
 10
40.2691713313
 20
10.949844836
 30
0.0
 11
38.2691713193
 21
10.949844836
 31
0.0
  0
LINE
  5
267
330
234
100
AcDbEntity
  8
0
  6
Continuous
 62
     7
370
    25
100
AcDbLine
 10
40.2691713313
 20
8.6645723474
 30
0.0
 11
40.2691713313
 21
10.949844836
 31
0.0
  0
LINE
  5
268
330
234
100
AcDbEntity
  8
0
  6
Continuous
 62
     7
370
    25
100
AcDbLine
 10
36.1753704719
 20
8.513992293799999
 30
0.0
 11
36.1753704719
 21
0.0000083915
 31
0.0
  0
LINE
  5
269
330
234
100
AcDbEntity
  8
0
  6
Continuous
 62
     7
370
    25
100
AcDbLine
 10
36.1753704719
 20
0.0000083915
 30
0.0
 11
32.1753704807
 21
0.0000083915
 31
0.0
  0
LINE
  5
26A
330
234
100
AcDbEntity
  8
0
  6
Continuous
 62
     7
370
    25
100
AcDbLine
 10
32.1753704807
 20
0.0000083915
 30
0.0
 11
32.1753704807
 21
8.268483272100001
 31
0.0
  0
LINE
  5
26B
330
234
100
AcDbEntity
  8
0
  6
Continuous
 62
     7
370
    25
100
AcDbLine
 10
32.1753704807
 20
8.268483272100001
 30
0.0
 11
32.3779310245
 21
8.2759231272
 31
0.0
  0
LINE
  5
26C
330
234
100
AcDbEntity
  8
0
  6
Continuous
 62
     7
370
    25
100
AcDbLine
 10
32.3779310245
 20
8.2759231272
 30
0.0
 11
32.3779310245
 21
8.374242763299999
 31
0.0
  0
LINE
  5
26D
330
234
100
AcDbEntity
  8
0
  6
Continuous
 62
     7
370
    25
100
AcDbLine
 10
17.6225185051
 20
7.8327279752
 30
0.0
 11
17.6225185051
 21
0.0000051653
 31
0.0
  0
LINE
  5
26E
330
234
100
AcDbEntity
  8
0
  6
Continuous
 62
     7
370
    25
100
AcDbLine
 10
17.6225185051
 20
0.0000051653
 30
0.0
 11
13.6225185077
 21
0.0000051653
 31
0.0
  0
LINE
  5
26F
330
234
100
AcDbEntity
  8
0
  6
Continuous
 62
     7
370
    25
100
AcDbLine
 10
13.6225185077
 20
0.0000051653
 30
0.0
 11
13.6225185077
 21
7.436442225299998
 31
0.0
  0
LINE
  5
270
330
234
100
AcDbEntity
  8
0
  6
Continuous
 62
     7
370
    25
100
AcDbLine
 10
13.6225185077
 20
7.436442225299998
 30
0.0
 11
13.8236941085
 21
7.441447520599999
 31
0.0
  0
LINE
  5
271
330
234
100
AcDbEntity
  8
0
  6
Continuous
 62
     7
370
    25
100
AcDbLine
 10
13.8236941085
 20
7.441447520599999
 30
0.0
 11
13.8236941085
 21
7.732077700399999
 31
0.0
  0
SPLINE
  5
272
330
234
100
AcDbEntity
  8
0
  6
Continuous
 62
     7
370
    25
100
AcDbSpline
210
0.0
220
0.0
230
1.0
 70
     8
 71
     3
 72
     8
 73
     4
 74
     0
 42
0.00000001
 43
0.0000000001
 40
0.0
 40
0.0
 40
0.0
 40
0.0
 40
1.0
 40
1.0
 40
1.0
 40
1.0
 10
9.94355539302367
 20
8.753130910038892
 30
0.0
 10
9.903493905836102
 20
8.750935808379352
 30
0.0
 10
9.863342301101488
 20
8.749835789870719
 30
0.0
 10
9.823190651330273
 20
8.749835789884349
 30
0.0
  0
SPLINE
  5
273
330
234
100
AcDbEntity
  8
0
  6
Continuous
 62
     7
370
    25
100
AcDbSpline
210
0.0
220
0.0
230
1.0
 70
     8
 71
     3
 72
     8
 73
     4
 74
     0
 42
0.00000001
 43
0.0000000001
 40
0.0
 40
0.0
 40
0.0
 40
0.0
 40
1.0
 40
1.0
 40
1.0
 40
1.0
 10
9.823190652820652
 20
13.14983578988435
 30
0.0
 10
9.86334230256272
 20
13.14983578987055
 30
0.0
 10
9.903493907267067
 20
13.14873577133612
 30
0.0
 10
9.94355539442342
 20
13.14654066965246
 30
0.0
  0
SPLINE
  5
274
330
234
100
AcDbEntity
  8
0
  6
Continuous
 62
     7
370
    25
100
AcDbSpline
210
0.0
220
0.0
230
1.0
 70
     8
 71
     3
 72
    10
 73
     6
 74
     0
 42
0.00000001
 43
0.0000000001
 40
0.0
 40
0.0
 40
0.0
 40
0.0
 40
0.5000000000000001
 40
0.5000000000000001
 40
1.0
 40
1.0
 40
1.0
 40
1.0
 10
9.823190651330273
 20
8.749835789884349
 30
0.0
 10
8.356523984663807
 20
8.749835790381503
 30
0.0
 10
7.623190651951822
 20
10.2165024567995
 30
0.0
 10
7.623190652200213
 20
11.68316912371438
 30
0.0
 10
8.356523986154151
 20
13.14983579038078
 30
0.0
 10
9.823190652820652
 20
13.14983578988435
 30
0.0
  0
SPLINE
  5
275
330
234
100
AcDbEntity
  8
0
  6
Continuous
 62
     7
370
    25
100
AcDbSpline
210
0.0
220
0.0
230
1.0
 70
     8
 71
     3
 72
     8
 73
     4
 74
     0
 42
0.00000001
 43
0.0000000001
 40
0.3913256174239655
 40
0.3913256174239655
 40
0.3913256174239655
 40
0.3913256174239655
 40
0.3978148495047601
 40
0.3978148495047601
 40
0.3978148495047601
 40
0.3978148495047601
 10
15.02331770057049
 20
7.757548197262436
 30
0.0
 10
14.69010482691689
 20
7.749540445426334
 30
0.0
 10
14.35687447470622
 20
7.742251527738025
 30
0.0
 10
14.0236270785
 20
7.735824158951047
 30
0.0
  0
SPLINE
  5
276
330
234
100
AcDbEntity
  8
0
  6
Continuous
 62
     7
370
    25
100
AcDbSpline
210
0.0
220
0.0
230
1.0
 70
     8
 71
     3
 72
     8
 73
     4
 74
     0
 42
0.00000001
 43
0.0000000001
 40
0.3835376454543775
 40
0.3835376454543775
 40
0.3835376454543775
 40
0.3835376454543775
 40
0.3900276898454743
 40
0.3900276898454743
 40
0.3900276898454743
 40
0.3900276898454743
 10
16.22294645731954
 20
7.789309639082984
 30
0.0
 10
15.88973361681261
 20
7.779725250058598
 30
0.0
 10
15.55650344662236
 20
7.770732001490237
 30
0.0
 10
15.2232558353
 20
7.762438886717883
 30
0.0
  0
SPLINE
  5
277
330
234
100
AcDbEntity
  8
0
  6
Continuous
 62
     7
370
    25
100
AcDbSpline
210
0.0
220
0.0
230
1.0
 70
     8
 71
     3
 72
     8
 73
     4
 74
     0
 42
0.00000001
 43
0.0000000001
 40
0.3757487220099582
 40
0.3757487220099582
 40
0.3757487220099582
 40
0.3757487220099582
 40
0.3822395555376788
 40
0.3822395555376788
 40
0.3822395555376788
 40
0.3822395555376788
 10
17.42257522290539
 20
7.826167735487012
 30
0.0
 10
17.08936078046415
 20
7.815332181266467
 30
0.0
 10
16.75613113170792
 20
7.804947725668287
 30
0.0
 10
16.4228845922
 20
7.795130572733888
 30
0.0
  0
SPLINE
  5
278
330
234
100
AcDbEntity
  8
0
  6
Continuous
 62
     7
370
    25
100
AcDbSpline
210
0.0
220
0.0
230
1.0
 70
     8
 71
     3
 72
     8
 73
     4
 74
     0
 42
0.00000001
 43
0.0000000001
 40
0.2708387979482695
 40
0.2708387979482695
 40
0.2708387979482695
 40
0.2708387979482695
 40
0.2773286598320528
 40
0.2773286598320528
 40
0.2773286598320528
 40
0.2773286598320528
 10
33.57711708429891
 20
8.418299225608642
 30
0.0
 10
33.24400911066803
 20
8.406046151935848
 30
0.0
 10
32.91090048588192
 20
8.393802552746437
 30
0.0
 10
32.57779104069145
 20
8.381573338906269
 30
0.0
  0
SPLINE
  5
279
330
234
100
AcDbEntity
  8
0
  6
Continuous
 62
     7
370
    25
100
AcDbSpline
210
0.0
220
0.0
230
1.0
 70
     8
 71
     3
 72
     8
 73
     4
 74
     0
 42
0.00000001
 43
0.0000000001
 40
0.2630509256668743
 40
0.2630509256668743
 40
0.2630509256668743
 40
0.2630509256668743
 40
0.2695408217235319
 40
0.2695408217235319
 40
0.2695408217235319
 40
0.2695408217235319
 10
34.77630911965593
 20
8.462443084507313
 30
0.0
 10
34.44320071681449
 20
8.450174071294776
 30
0.0
 10
34.11009185815603
 20
8.437908920845151
 30
0.0
 10
33.77698238421332
 20
8.425652189265139
 30
0.0
  0
SPLINE
  5
27A
330
234
100
AcDbEntity
  8
0
  6
Continuous
 62
     7
370
    25
100
AcDbSpline
210
0.0
220
0.0
230
1.0
 70
     8
 71
     3
 72
     8
 73
     4
 74
     0
 42
0.00000001
 43
0.0000000001
 40
0.2552630333297791
 40
0.2552630333297791
 40
0.2552630333297791
 40
0.2552630333297791
 40
0.2617529447982638
 40
0.2617529447982638
 40
0.2617529447982638
 40
0.2617529447982638
 10
35.97550029303415
 20
8.506620863905236
 30
0.0
 10
35.64239197181522
 20
8.494348809359133
 30
0.0
 10
35.30928338030165
 20
8.482075361928522
 30
0.0
 10
34.97617436296426
 20
8.469804934892822
 30
0.0
  0
SPLINE
  5
27B
330
234
100
AcDbEntity
  8
0
  6
Continuous
 62
     7
370
    25
100
AcDbSpline
210
0.0
220
0.0
230
1.0
 70
     8
 71
     3
 72
    41
 73
    37
 74
     0
 42
0.00000001
 43
0.0000000001
 40
0.5008844402522488
 40
0.5008844402522488
 40
0.5008844402522488
 40
0.5008844402522488
 40
0.5011024805813081
 40
0.5030512990165375
 40
0.5050001174517666
 40
0.5069489358869955
 40
0.5088977543222251
 40
0.5127953911926836
 40
0.5166930280631421
 40
0.5205906649336006
 40
0.524488301804059
 40
0.5283859386745175
 40
0.5322835755449759
 40
0.5361812124154345
 40
0.540078849285893
 40
0.5439764861563516
 40
0.5478741230268103
 40
0.5556693967677276
 40
0.5634646705086441
 40
0.5712599442495612
 40
0.5790552179904785
 40
0.5868504917313957
 40
0.5946457654723129
 40
0.6024410392132295
 40
0.6102363129541466
 40
0.625826860435981
 40
0.6414174079178149
 40
0.6570079553996492
 40
0.6725985028814833
 40
0.6881890503633174
 40
0.7037795978451517
 40
0.7193701453269856
 40
0.7349606928088197
 40
0.7505512402906539
 40
0.7661417877724879
 40
0.771279205932523
 40
0.771279205932523
 40
0.771279205932523
 40
0.771279205932523
 10
0.0247441867000015
 20
10.6485567531
 30
0.0
 10
0.0312926972520807
 20
10.65764378147018
 30
0.0
 10
0.096920650741975
 20
10.74755133211273
 30
0.0
 10
0.2312501708376439
 20
10.91101617042705
 30
0.0
 10
0.4357736260738714
 20
11.13097257220131
 30
0.0
 10
0.6476475874127666
 20
11.34382673284304
 30
0.0
 10
0.9332185628553412
 20
11.62444646204054
 30
0.0
 10
1.303045368049073
 20
11.96210827768424
 30
0.0
 10
1.7776200716367
 20
12.33103939976274
 30
0.0
 10
2.277775578876234
 20
12.6641358485723
 30
0.0
 10
2.797879951748993
 20
12.96496602583816
 30
0.0
 10
3.331282702683776
 20
13.2412513626442
 30
0.0
 10
3.875660128521711
 20
13.49524222260003
 30
0.0
 10
4.428144270050746
 20
13.73091122011004
 30
0.0
 10
4.986746701737363
 20
13.95167074783456
 30
0.0
 10
5.550213322953358
 20
14.1596361022641
 30
0.0
 10
6.306150459069887
 20
14.4239442096803
 30
0.0
 10
7.258976565956747
 20
14.73119398766581
 30
0.0
 10
8.414292313591579
 20
15.06054551824444
 30
0.0
 10
9.578961180370033
 20
15.35493661500579
 30
0.0
 10
10.75099758208848
 20
15.61835888415038
 30
0.0
 10
11.9290109035568
 20
15.85356924471086
 30
0.0
 10
13.11232647464479
 20
16.06045753822166
 30
0.0
 10
14.30039271375513
 20
16.23812274627024
 30
0.0
 10
15.89007101253548
 20
16.43402769842021
 30
0.0
 10
17.88470477537056
 20
16.61012604411263
 30
0.0
 10
20.28375947604033
 20
16.73956272591755
 30
0.0
 10
22.68485258029311
 20
16.81905015850567
 30
0.0
 10
25.08669863340775
 20
16.86942324474822
 30
0.0
 10
27.48910349247202
 20
16.88018831586539
 30
0.0
 10
29.89129462935599
 20
16.84650980752489
 30
0.0
 10
32.29226058676643
 20
16.76240716841476
 30
0.0
 10
34.69121998823763
 20
16.63433673121654
 30
0.0
 10
37.08772688437415
 20
16.46671436984137
 30
0.0
 10
38.94655262153607
 20
16.30996031879565
 30
0.0
 10
40.00651710373673
 20
16.21045804986336
 30
0.0
 10
40.2691696888891
 20
16.18518242359301
 30
0.0
  0
SPLINE
  5
27C
330
234
100
AcDbEntity
  8
0
  6
Continuous
 62
     7
370
    25
100
AcDbSpline
210
0.0
220
0.0
230
1.0
 70
     8
 71
     3
 72
    10
 73
     6
 74
     0
 42
0.00000001
 43
0.0000000001
 40
0.2273786350144414
 40
0.2273786350144414
 40
0.2273786350144414
 40
0.2273786350144414
 40
0.2360631733901277
 40
0.2516537208719618
 40
0.2539650495955437
 40
0.2539650495955437
 40
0.2539650495955437
 40
0.2539650495955437
 10
40.2691713312816
 20
8.664572347388471
 30
0.0
 10
39.82342113135393
 20
8.648203930662111
 30
0.0
 10
38.57745572787854
 20
8.602433399547026
 30
0.0
 10
37.21285506754671
 20
8.552209797472352
 30
0.0
 10
36.29400423124565
 20
8.518362624051635
 30
0.0
 10
36.17537047189173
 20
8.513992293806298
 30
0.0
  0
SPLINE
  5
27D
330
234
100
AcDbEntity
  8
0
  6
Continuous
 62
     7
370
    25
100
AcDbSpline
210
0.0
220
0.0
230
1.0
 70
     8
 71
     3
 72
    13
 73
     9
 74
     0
 42
0.00000001
 43
0.0000000001
 40
0.2786266283478145
 40
0.2786266283478145
 40
0.2786266283478145
 40
0.2786266283478145
 40
0.28283481583563
 40
0.2984253633174643
 40
0.3296064582811324
 40
0.3451970057629666
 40
0.3607875532448007
 40
0.3744504822717463
 40
0.3744504822717463
 40
0.3744504822717463
 40
0.3744504822717463
 10
32.37793102449173
 20
8.374242763254326
 30
0.0
 10
32.1619343771243
 20
8.366316896027315
 30
0.0
 10
31.14570886455934
 20
8.329057572719822
 30
0.0
 10
28.52900323836877
 20
8.233562996752311
 30
0.0
 10
25.32799289969899
 20
8.118106692320324
 30
0.0
 10
22.12712342068863
 20
7.99837256601164
 30
0.0
 10
19.8255052940574
 20
7.909622166544535
 30
0.0
 10
18.32390830878175
 20
7.855907854600919
 30
0.0
 10
17.62251850512973
 20
7.832727975203579
 30
0.0
  0
SPLINE
  5
27E
330
234
100
AcDbEntity
  8
0
  6
Continuous
 62
     7
370
    25
100
AcDbSpline
210
0.0
220
0.0
230
1.0
 70
     8
 71
     3
 72
    24
 73
    20
 74
     0
 42
0.00000001
 43
0.0000000001
 40
0.3991126158014131
 40
0.3991126158014131
 40
0.3991126158014131
 40
0.3991126158014131
 40
0.407559195690303
 40
0.4153544694312202
 40
0.4231497431721374
 40
0.4309450169130545
 40
0.4387402906539715
 40
0.4465355643948885
 40
0.4543308381358056
 40
0.4621261118767225
 40
0.466023748747181
 40
0.4699213856176396
 40
0.4738190224880984
 40
0.4777166593585567
 40
0.4816142962290151
 40
0.4855119330994739
 40
0.487460751534703
 40
0.4894095699699322
 40
0.4907390905858624
 40
0.4907390905858624
 40
0.4907390905858624
 40
0.4907390905858624
 10
13.82369410852973
 20
7.732077700407468
 30
0.0
 10
13.38992041473705
 20
7.724167823595602
 30
0.0
 10
12.55576439977654
 20
7.711849562450616
 30
0.0
 10
11.32114986616725
 20
7.703987211524712
 30
0.0
 10
10.11995371831803
 20
7.707135263541375
 30
0.0
 10
8.918874631858694
 20
7.723763348171021
 30
0.0
 10
7.718033472835004
 20
7.753446137020174
 30
0.0
 10
6.517791302429677
 20
7.802175262316112
 30
0.0
 10
5.318168845609633
 20
7.862567620425587
 30
0.0
 10
4.319194054360693
 20
7.928679626170027
 30
0.0
 10
3.523061766307358
 20
8.016322004421066
 30
0.0
 10
2.92842752792783
 20
8.101489524127654
 30
0.0
 10
2.338006486722377
 20
8.211900790386531
 30
0.0
 10
1.748640233957183
 20
8.327557923691339
 30
0.0
 10
1.163051057795271
 20
8.462226919532531
 30
0.0
 10
0.6966724786653279
 20
8.652876335275756
 30
0.0
 10
0.3626011501036792
 20
8.875388983682167
 30
0.0
 10
0.1577890783368835
 20
9.049729215623626
 30
0.0
 10
0.0433704710273239
 20
9.17362816703816
 30
0.0
 10
0.0000051653500043
 20
9.226375805250002
 30
0.0
  0
ENDBLK
  5
27F
330
234
100
AcDbEntity
  8
0
100
AcDbBlockEnd
  0
BLOCK
  5
281
330
280
100
AcDbEntity
  8
0
100
AcDbBlockBegin
  2
升降舵前挡板
 70
     0
 10
0.0
 20
0.0
 30
0.0
  3
升降舵前挡板
  1

  0
LINE
  5
282
330
280
100
AcDbEntity
  8
0
  6
Continuous
 62
     7
370
    25
100
AcDbLine
 10
21.124919684
 20
8.6645543846
 30
0.0
 11
21.124919684
 21
0.0
 31
0.0
  0
LINE
  5
283
330
280
100
AcDbEntity
  8
0
  6
Continuous
 62
     7
370
    25
100
AcDbLine
 10
21.124919684
 20
0.0
 30
0.0
 11
25.124919684
 21
0.0
 31
0.0
  0
LINE
  5
284
330
280
100
AcDbEntity
  8
0
  6
Continuous
 62
     7
370
    25
100
AcDbLine
 10
25.124919684
 20
0.0
 30
0.0
 11
25.124919684
 21
8.564448699599999
 31
0.0
  0
LINE
  5
285
330
280
100
AcDbEntity
  8
0
  6
Continuous
 62
     7
370
    25
100
AcDbLine
 10
25.124919684
 20
8.564448699599999
 30
0.0
 11
24.9249197074
 21
8.564448699599999
 31
0.0
  0
LINE
  5
286
330
280
100
AcDbEntity
  8
0
  6
Continuous
 62
     7
370
    25
100
AcDbLine
 10
24.9249197074
 20
8.564448699599999
 30
0.0
 11
24.9249197074
 21
8.664551045999999
 31
0.0
  0
LINE
  5
287
330
280
100
AcDbEntity
  8
0
  6
Continuous
 62
     7
370
    25
100
AcDbLine
 10
75.0
 20
8.6644890062
 30
0.0
 11
75.0
 21
10.9498357898
 31
0.0
  0
LINE
  5
288
330
280
100
AcDbEntity
  8
0
  6
Continuous
 62
     7
370
    25
100
AcDbLine
 10
75.0
 20
10.9498357898
 30
0.0
 11
77.0
 21
10.9498357898
 31
0.0
  0
LINE
  5
289
330
280
100
AcDbEntity
  8
0
  6
Continuous
 62
     7
370
    25
100
AcDbLine
 10
77.0
 20
10.9498357898
 30
0.0
 11
77.0
 21
8.6644863909
 31
0.0
  0
LINE
  5
28A
330
280
100
AcDbEntity
  8
0
  6
Continuous
 62
     7
370
    25
100
AcDbLine
 10
121.1249196836
 20
8.664438480899999
 30
0.0
 11
121.1249196836
 21
0.0
 31
0.0
  0
LINE
  5
28B
330
280
100
AcDbEntity
  8
0
  6
Continuous
 62
     7
370
    25
100
AcDbLine
 10
121.1249196836
 20
0.0
 30
0.0
 11
125.1249196836
 21
0.0
 31
0.0
  0
LINE
  5
28C
330
280
100
AcDbEntity
  8
0
  6
Continuous
 62
     7
370
    25
100
AcDbLine
 10
125.1249196836
 20
0.0
 30
0.0
 11
125.1249196836
 21
8.564448699599999
 31
0.0
  0
LINE
  5
28D
330
280
100
AcDbEntity
  8
0
  6
Continuous
 62
     7
370
    25
100
AcDbLine
 10
125.1249196836
 20
8.564448699599999
 30
0.0
 11
124.9249197071
 21
8.564448699599999
 31
0.0
  0
LINE
  5
28E
330
280
100
AcDbEntity
  8
0
  6
Continuous
 62
     7
370
    25
100
AcDbLine
 10
124.9249197071
 20
8.564448699599999
 30
0.0
 11
124.9249197071
 21
8.6644355463
 31
0.0
  0
LINE
  5
28F
330
280
100
AcDbEntity
  8
0
  6
Continuous
 62
     7
370
    25
100
AcDbLine
 10
147.0000000001
 20
8.664422913200001
 30
0.0
 11
147.0000000001
 21
10.9498357898
 31
0.0
  0
LINE
  5
290
330
280
100
AcDbEntity
  8
0
  6
Continuous
 62
     7
370
    25
100
AcDbLine
 10
147.0000000001
 20
10.9498357898
 30
0.0
 11
149.0000000001
 21
10.9498357898
 31
0.0
  0
LINE
  5
291
330
280
100
AcDbEntity
  8
0
  6
Continuous
 62
     7
370
    25
100
AcDbLine
 10
149.0000000001
 20
10.9498357898
 30
0.0
 11
149.0000000001
 21
8.6644221136
 31
0.0
  0
LINE
  5
292
330
280
100
AcDbEntity
  8
0
  6
Continuous
 62
     7
370
    25
100
AcDbLine
 10
212.0000000001
 20
10.9498357898
 30
0.0
 11
212.0000000001
 21
8.664418965199999
 31
0.0
  0
LINE
  5
293
330
280
100
AcDbEntity
  8
0
  6
Continuous
 62
     7
370
    25
100
AcDbLine
 10
214.0000000001
 20
10.9498357898
 30
0.0
 11
212.0000000001
 21
10.9498357898
 31
0.0
  0
LINE
  5
294
330
280
100
AcDbEntity
  8
0
  6
Continuous
 62
     7
370
    25
100
AcDbLine
 10
214.0000000001
 20
8.6644194017
 30
0.0
 11
214.0000000001
 21
10.9498357898
 31
0.0
  0
LINE
  5
295
330
280
100
AcDbEntity
  8
0
  6
Continuous
 62
     7
370
    25
100
AcDbLine
 10
221.1249196832
 20
8.664421114099997
 30
0.0
 11
221.1249196832
 21
0.0000000001
 31
0.0
  0
LINE
  5
296
330
280
100
AcDbEntity
  8
0
  6
Continuous
 62
     7
370
    25
100
AcDbLine
 10
221.1249196832
 20
0.0000000001
 30
0.0
 11
225.1249196832
 21
0.0000000001
 31
0.0
  0
LINE
  5
297
330
280
100
AcDbEntity
  8
0
  6
Continuous
 62
     7
370
    25
100
AcDbLine
 10
225.1249196832
 20
0.0000000001
 30
0.0
 11
225.1249196832
 21
8.564448699699999
 31
0.0
  0
LINE
  5
298
330
280
100
AcDbEntity
  8
0
  6
Continuous
 62
     7
370
    25
100
AcDbLine
 10
225.1249196832
 20
8.564448699699999
 30
0.0
 11
224.9249197067
 21
8.564448699699999
 31
0.0
  0
LINE
  5
299
330
280
100
AcDbEntity
  8
0
  6
Continuous
 62
     7
370
    25
100
AcDbLine
 10
224.9249197067
 20
8.564448699699999
 30
0.0
 11
224.9249197067
 21
8.6644221145
 31
0.0
  0
LINE
  5
29A
330
280
100
AcDbEntity
  8
0
  6
Continuous
 62
     7
370
    25
100
AcDbLine
 10
272.0000000002
 20
10.9498357899
 30
0.0
 11
272.0000000002
 21
8.664436464599999
 31
0.0
  0
LINE
  5
29B
330
280
100
AcDbEntity
  8
0
  6
Continuous
 62
     7
370
    25
100
AcDbLine
 10
274.0000000002
 20
10.9498357899
 30
0.0
 11
272.0000000002
 21
10.9498357899
 31
0.0
  0
LINE
  5
29C
330
280
100
AcDbEntity
  8
0
  6
Continuous
 62
     7
370
    25
100
AcDbLine
 10
274.0000000002
 20
8.6644370553
 30
0.0
 11
274.0000000002
 21
10.9498357899
 31
0.0
  0
LINE
  5
29D
330
280
100
AcDbEntity
  8
0
  6
Continuous
 62
     7
370
    25
100
AcDbLine
 10
321.1249196828
 20
8.6644483901
 30
0.0
 11
321.1249196828
 21
0.0000000001
 31
0.0
  0
LINE
  5
29E
330
280
100
AcDbEntity
  8
0
  6
Continuous
 62
     7
370
    25
100
AcDbLine
 10
321.1249196828
 20
0.0000000001
 30
0.0
 11
325.1249196828
 21
0.0000000001
 31
0.0
  0
LINE
  5
29F
330
280
100
AcDbEntity
  8
0
  6
Continuous
 62
     7
370
    25
100
AcDbLine
 10
325.1249196828
 20
0.0000000001
 30
0.0
 11
325.1249196828
 21
8.564448699699999
 31
0.0
  0
LINE
  5
2A0
330
280
100
AcDbEntity
  8
0
  6
Continuous
 62
     7
370
    25
100
AcDbLine
 10
325.1249196828
 20
8.564448699699999
 30
0.0
 11
324.9249197062
 21
8.564448699699999
 31
0.0
  0
LINE
  5
2A1
330
280
100
AcDbEntity
  8
0
  6
Continuous
 62
     7
370
    25
100
AcDbLine
 10
324.9249197062
 20
8.564448699699999
 30
0.0
 11
324.9249197062
 21
8.6644490948
 31
0.0
  0
LINE
  5
2A2
330
280
100
AcDbEntity
  8
0
  6
Continuous
 62
     7
370
    25
100
AcDbLine
 10
327.0000000002
 20
8.664449466699997
 30
0.0
 11
331.0000000002
 21
8.664449466699997
 31
0.0
  0
LINE
  5
2A3
330
280
100
AcDbEntity
  8
0
  6
Continuous
 62
     7
370
    25
100
AcDbLine
 10
331.0000000002
 20
8.664449466699997
 30
0.0
 11
331.0000000002
 21
10.9498357899
 31
0.0
  0
LINE
  5
2A4
330
280
100
AcDbEntity
  8
0
  6
Continuous
 62
     7
370
    25
100
AcDbLine
 10
331.0000000002
 20
10.9498357899
 30
0.0
 11
333.0000000002
 21
10.9498357899
 31
0.0
  0
LINE
  5
2A5
330
280
100
AcDbEntity
  8
0
  6
Continuous
 62
     7
370
    25
100
AcDbLine
 10
333.0000000002
 20
10.9498357899
 30
0.0
 11
333.0000000002
 21
8.664449466699997
 31
0.0
  0
LINE
  5
2A6
330
280
100
AcDbEntity
  8
0
  6
Continuous
 62
     7
370
    25
100
AcDbLine
 10
333.0000000002
 20
8.664449466699997
 30
0.0
 11
335.0000000002
 21
8.664449466699997
 31
0.0
  0
LINE
  5
2A7
330
280
100
AcDbEntity
  8
0
  6
Continuous
 62
     7
370
    25
100
AcDbLine
 10
335.0000000002
 20
8.664449466699997
 30
0.0
 11
335.0000000002
 21
17.0535565624
 31
0.0
  0
LINE
  5
2A8
330
280
100
AcDbEntity
  8
0
  6
Continuous
 62
     7
370
    25
100
AcDbLine
 10
335.0000000002
 20
17.0535565624
 30
0.0
 11
333.0
 21
17.0535565624
 31
0.0
  0
LINE
  5
2A9
330
280
100
AcDbEntity
  8
0
  6
Continuous
 62
     7
370
    25
100
AcDbLine
 10
333.0
 20
17.0535565624
 30
0.0
 11
333.0
 21
13.9498357897
 31
0.0
  0
LINE
  5
2AA
330
280
100
AcDbEntity
  8
0
  6
Continuous
 62
     7
370
    25
100
AcDbLine
 10
333.0
 20
13.9498357897
 30
0.0
 11
331.0
 21
13.9498357897
 31
0.0
  0
LINE
  5
2AB
330
280
100
AcDbEntity
  8
0
  6
Continuous
 62
     7
370
    25
100
AcDbLine
 10
331.0
 20
13.9498357897
 30
0.0
 11
331.0
 21
17.0535565624
 31
0.0
  0
LINE
  5
2AC
330
280
100
AcDbEntity
  8
0
  6
Continuous
 62
     7
370
    25
100
AcDbLine
 10
331.0
 20
17.0535565624
 30
0.0
 11
327.0
 21
17.0535565624
 31
0.0
  0
LINE
  5
2AD
330
280
100
AcDbEntity
  8
0
  6
Continuous
 62
     7
370
    25
100
AcDbLine
 10
274.0
 20
13.9498357897
 30
0.0
 11
274.0
 21
16.9643187209
 31
0.0
  0
LINE
  5
2AE
330
280
100
AcDbEntity
  8
0
  6
Continuous
 62
     7
370
    25
100
AcDbLine
 10
272.0
 20
13.9498357897
 30
0.0
 11
274.0
 21
13.9498357897
 31
0.0
  0
LINE
  5
2AF
330
280
100
AcDbEntity
  8
0
  6
Continuous
 62
     7
370
    25
100
AcDbLine
 10
272.0
 20
16.9607213522
 30
0.0
 11
272.0
 21
13.9498357897
 31
0.0
  0
LINE
  5
2B0
330
280
100
AcDbEntity
  8
0
  6
Continuous
 62
     7
370
    25
100
AcDbLine
 10
214.0
 20
16.847539101
 30
0.0
 11
214.0
 21
13.9498357897
 31
0.0
  0
LINE
  5
2B1
330
280
100
AcDbEntity
  8
0
  6
Continuous
 62
     7
370
    25
100
AcDbLine
 10
214.0
 20
13.9498357897
 30
0.0
 11
212.0
 21
13.9498357897
 31
0.0
  0
LINE
  5
2B2
330
280
100
AcDbEntity
  8
0
  6
Continuous
 62
     7
370
    25
100
AcDbLine
 10
212.0
 20
13.9498357897
 30
0.0
 11
212.0
 21
16.8432945534
 31
0.0
  0
LINE
  5
2B3
330
280
100
AcDbEntity
  8
0
  6
Continuous
 62
     7
370
    25
100
AcDbLine
 10
149.0
 20
16.6950825929
 30
0.0
 11
149.0
 21
13.9498357897
 31
0.0
  0
LINE
  5
2B4
330
280
100
AcDbEntity
  8
0
  6
Continuous
 62
     7
370
    25
100
AcDbLine
 10
149.0
 20
13.9498357897
 30
0.0
 11
147.0
 21
13.9498357897
 31
0.0
  0
LINE
  5
2B5
330
280
100
AcDbEntity
  8
0
  6
Continuous
 62
     7
370
    25
100
AcDbLine
 10
147.0
 20
13.9498357897
 30
0.0
 11
147.0
 21
16.6898587768
 31
0.0
  0
LINE
  5
2B6
330
280
100
AcDbEntity
  8
0
  6
Continuous
 62
     7
370
    25
100
AcDbLine
 10
77.0
 20
16.4811826531
 30
0.0
 11
77.0
 21
13.9498357898
 31
0.0
  0
LINE
  5
2B7
330
280
100
AcDbEntity
  8
0
  6
Continuous
 62
     7
370
    25
100
AcDbLine
 10
77.0
 20
13.9498357898
 30
0.0
 11
75.0
 21
13.9498357898
 31
0.0
  0
LINE
  5
2B8
330
280
100
AcDbEntity
  8
0
  6
Continuous
 62
     7
370
    25
100
AcDbLine
 10
75.0
 20
13.9498357898
 30
0.0
 11
75.0
 21
16.4743725992
 31
0.0
  0
LINE
  5
2B9
330
280
100
AcDbEntity
  8
0
  6
Continuous
 62
     7
370
    25
100
AcDbLine
 10
2.0
 20
13.9498357898
 30
0.0
 11
2.0
 21
16.1851849589
 31
0.0
  0
LINE
  5
2BA
330
280
100
AcDbEntity
  8
0
  6
Continuous
 62
     7
370
    25
100
AcDbLine
 10
0.0
 20
13.9498357898
 30
0.0
 11
2.0
 21
13.9498357898
 31
0.0
  0
LINE
  5
2BB
330
280
100
AcDbEntity
  8
0
  6
Continuous
 62
     7
370
    25
100
AcDbLine
 10
0.0
 20
13.9498357898
 30
0.0
 11
0.0
 21
10.9498357898
 31
0.0
  0
LINE
  5
2BC
330
280
100
AcDbEntity
  8
0
  6
Continuous
 62
     7
370
    25
100
AcDbLine
 10
2.0
 20
10.9498357898
 30
0.0
 11
0.0
 21
10.9498357898
 31
0.0
  0
LINE
  5
2BD
330
280
100
AcDbEntity
  8
0
  6
Continuous
 62
     7
370
    25
100
AcDbLine
 10
2.0
 20
8.6645634236
 30
0.0
 11
2.0
 21
10.9498357898
 31
0.0
  0
LINE
  5
2BE
330
280
100
AcDbEntity
  8
0
  6
Continuous
 62
     7
370
    25
100
AcDbLine
 10
22.3249197074
 20
8.6645533683
 30
0.0
 11
22.3249197074
 21
8.564448371799999
 31
0.0
  0
LINE
  5
2BF
330
280
100
AcDbEntity
  8
0
  6
Continuous
 62
     7
370
    25
100
AcDbLine
 10
22.3249197074
 20
8.564448371799999
 30
0.0
 11
21.3249197074
 21
8.564448137599999
 31
0.0
  0
LINE
  5
2C0
330
280
100
AcDbEntity
  8
0
  6
Continuous
 62
     7
370
    25
100
AcDbLine
 10
21.3249197074
 20
8.564448137599999
 30
0.0
 11
21.3249197074
 21
8.664554217699999
 31
0.0
  0
LINE
  5
2C1
330
280
100
AcDbEntity
  8
0
  6
Continuous
 62
     7
370
    25
100
AcDbLine
 10
23.5249197074
 20
8.6645523165
 30
0.0
 11
23.5249197074
 21
8.564448652799997
 31
0.0
  0
LINE
  5
2C2
330
280
100
AcDbEntity
  8
0
  6
Continuous
 62
     7
370
    25
100
AcDbLine
 10
23.5249197074
 20
8.564448652799997
 30
0.0
 11
22.5249197074
 21
8.564448418599999
 31
0.0
  0
LINE
  5
2C3
330
280
100
AcDbEntity
  8
0
  6
Continuous
 62
     7
370
    25
100
AcDbLine
 10
22.5249197074
 20
8.564448418599999
 30
0.0
 11
22.5249197074
 21
8.664553195499999
 31
0.0
  0
LINE
  5
2C4
330
280
100
AcDbEntity
  8
0
  6
Continuous
 62
     7
370
    25
100
AcDbLine
 10
23.7249197074
 20
8.564448699599999
 30
0.0
 11
23.7249197074
 21
8.664552137799997
 31
0.0
  0
LINE
  5
2C5
330
280
100
AcDbEntity
  8
0
  6
Continuous
 62
     7
370
    25
100
AcDbLine
 10
24.7249197074
 20
8.664551230299997
 30
0.0
 11
24.7249197074
 21
8.564448699599999
 31
0.0
  0
LINE
  5
2C6
330
280
100
AcDbEntity
  8
0
  6
Continuous
 62
     7
370
    25
100
AcDbLine
 10
24.7249197074
 20
8.564448699599999
 30
0.0
 11
23.7249197074
 21
8.564448699599999
 31
0.0
  0
LINE
  5
2C7
330
280
100
AcDbEntity
  8
0
  6
Continuous
 62
     7
370
    25
100
AcDbLine
 10
122.324919707
 20
8.6644375299
 30
0.0
 11
122.324919707
 21
8.564448371799999
 31
0.0
  0
LINE
  5
2C8
330
280
100
AcDbEntity
  8
0
  6
Continuous
 62
     7
370
    25
100
AcDbLine
 10
122.324919707
 20
8.564448371799999
 30
0.0
 11
121.324919707
 21
8.564448137599999
 31
0.0
  0
LINE
  5
2C9
330
280
100
AcDbEntity
  8
0
  6
Continuous
 62
     7
370
    25
100
AcDbLine
 10
121.324919707
 20
8.564448137599999
 30
0.0
 11
121.324919707
 21
8.6644383209
 31
0.0
  0
LINE
  5
2CA
330
280
100
AcDbEntity
  8
0
  6
Continuous
 62
     7
370
    25
100
AcDbLine
 10
123.524919707
 20
8.6644366013
 30
0.0
 11
123.524919707
 21
8.564448652799997
 31
0.0
  0
LINE
  5
2CB
330
280
100
AcDbEntity
  8
0
  6
Continuous
 62
     7
370
    25
100
AcDbLine
 10
123.524919707
 20
8.564448652799997
 30
0.0
 11
122.524919707
 21
8.564448418599999
 31
0.0
  0
LINE
  5
2CC
330
280
100
AcDbEntity
  8
0
  6
Continuous
 62
     7
370
    25
100
AcDbLine
 10
122.524919707
 20
8.564448418599999
 30
0.0
 11
122.524919707
 21
8.6644373736
 31
0.0
  0
LINE
  5
2CD
330
280
100
AcDbEntity
  8
0
  6
Continuous
 62
     7
370
    25
100
AcDbLine
 10
123.724919707
 20
8.564448699599999
 30
0.0
 11
123.724919707
 21
8.6644364487
 31
0.0
  0
LINE
  5
2CE
330
280
100
AcDbEntity
  8
0
  6
Continuous
 62
     7
370
    25
100
AcDbLine
 10
124.724919707
 20
8.664435695099998
 30
0.0
 11
124.724919707
 21
8.564448699599999
 31
0.0
  0
LINE
  5
2CF
330
280
100
AcDbEntity
  8
0
  6
Continuous
 62
     7
370
    25
100
AcDbLine
 10
124.724919707
 20
8.564448699599999
 30
0.0
 11
123.724919707
 21
8.564448699599999
 31
0.0
  0
LINE
  5
2D0
330
280
100
AcDbEntity
  8
0
  6
Continuous
 62
     7
370
    25
100
AcDbLine
 10
322.324919706
 20
8.664448615899999
 30
0.0
 11
322.324919706
 21
8.564448371799999
 31
0.0
  0
LINE
  5
2D1
330
280
100
AcDbEntity
  8
0
  6
Continuous
 62
     7
370
    25
100
AcDbLine
 10
322.324919706
 20
8.564448371799999
 30
0.0
 11
321.324919706
 21
8.564448137599999
 31
0.0
  0
LINE
  5
2D2
330
280
100
AcDbEntity
  8
0
  6
Continuous
 62
     7
370
    25
100
AcDbLine
 10
321.324919706
 20
8.564448137599999
 30
0.0
 11
321.324919706
 21
8.6644484279
 31
0.0
  0
LINE
  5
2D3
330
280
100
AcDbEntity
  8
0
  6
Continuous
 62
     7
370
    25
100
AcDbLine
 10
323.524919706
 20
8.6644488386
 30
0.0
 11
323.524919706
 21
8.564448652799997
 31
0.0
  0
LINE
  5
2D4
330
280
100
AcDbEntity
  8
0
  6
Continuous
 62
     7
370
    25
100
AcDbLine
 10
323.524919706
 20
8.564448652799997
 30
0.0
 11
322.524919706
 21
8.564448418599999
 31
0.0
  0
LINE
  5
2D5
330
280
100
AcDbEntity
  8
0
  6
Continuous
 62
     7
370
    25
100
AcDbLine
 10
322.524919706
 20
8.564448418599999
 30
0.0
 11
322.524919706
 21
8.6644486532
 31
0.0
  0
LINE
  5
2D6
330
280
100
AcDbEntity
  8
0
  6
Continuous
 62
     7
370
    25
100
AcDbLine
 10
323.724919706
 20
8.564448699599999
 30
0.0
 11
323.724919706
 21
8.664448875399999
 31
0.0
  0
LINE
  5
2D7
330
280
100
AcDbEntity
  8
0
  6
Continuous
 62
     7
370
    25
100
AcDbLine
 10
324.724919706
 20
8.6644490583
 30
0.0
 11
324.724919706
 21
8.564448699599999
 31
0.0
  0
LINE
  5
2D8
330
280
100
AcDbEntity
  8
0
  6
Continuous
 62
     7
370
    25
100
AcDbLine
 10
324.724919706
 20
8.564448699599999
 30
0.0
 11
323.724919706
 21
8.564448699599999
 31
0.0
  0
LINE
  5
2D9
330
280
100
AcDbEntity
  8
0
  6
Continuous
 62
     7
370
    25
100
AcDbLine
 10
222.3249197065
 20
8.664421424
 30
0.0
 11
222.3249197065
 21
8.564448371799999
 31
0.0
  0
LINE
  5
2DA
330
280
100
AcDbEntity
  8
0
  6
Continuous
 62
     7
370
    25
100
AcDbLine
 10
222.3249197065
 20
8.564448371799999
 30
0.0
 11
221.3249197065
 21
8.564448137599999
 31
0.0
  0
LINE
  5
2DB
330
280
100
AcDbEntity
  8
0
  6
Continuous
 62
     7
370
    25
100
AcDbLine
 10
221.3249197065
 20
8.564448137599999
 30
0.0
 11
221.3249197065
 21
8.6644211653
 31
0.0
  0
LINE
  5
2DC
330
280
100
AcDbEntity
  8
0
  6
Continuous
 62
     7
370
    25
100
AcDbLine
 10
223.5249197065
 20
8.664421739599999
 30
0.0
 11
223.5249197065
 21
8.564448652799997
 31
0.0
  0
LINE
  5
2DD
330
280
100
AcDbEntity
  8
0
  6
Continuous
 62
     7
370
    25
100
AcDbLine
 10
223.5249197065
 20
8.564448652799997
 30
0.0
 11
222.5249197065
 21
8.564448418599999
 31
0.0
  0
LINE
  5
2DE
330
280
100
AcDbEntity
  8
0
  6
Continuous
 62
     7
370
    25
100
AcDbLine
 10
222.5249197065
 20
8.564448418599999
 30
0.0
 11
222.5249197065
 21
8.664421476199999
 31
0.0
  0
LINE
  5
2DF
330
280
100
AcDbEntity
  8
0
  6
Continuous
 62
     7
370
    25
100
AcDbLine
 10
223.7249197065
 20
8.564448699599999
 30
0.0
 11
223.7249197065
 21
8.6644217927
 31
0.0
  0
LINE
  5
2E0
330
280
100
AcDbEntity
  8
0
  6
Continuous
 62
     7
370
    25
100
AcDbLine
 10
224.7249197065
 20
8.664422060399999
 30
0.0
 11
224.7249197065
 21
8.564448699599999
 31
0.0
  0
LINE
  5
2E1
330
280
100
AcDbEntity
  8
0
  6
Continuous
 62
     7
370
    25
100
AcDbLine
 10
224.7249197065
 20
8.564448699599999
 30
0.0
 11
223.7249197065
 21
8.564448699599999
 31
0.0
  0
LINE
  5
2E2
330
280
100
AcDbEntity
  8
0
  6
Continuous
 62
     7
370
    25
100
AcDbLine
 10
327.0
 20
13.9498357898
 30
0.0
 11
329.0
 21
13.9498357898
 31
0.0
  0
LINE
  5
2E3
330
280
100
AcDbEntity
  8
0
  6
Continuous
 62
     7
370
    25
100
AcDbLine
 10
329.0
 20
13.9498357898
 30
0.0
 11
329.0
 21
10.9498357898
 31
0.0
  0
LINE
  5
2E4
330
280
100
AcDbEntity
  8
0
  6
Continuous
 62
     7
370
    25
100
AcDbLine
 10
329.0
 20
10.9498357898
 30
0.0
 11
327.0
 21
10.9498357898
 31
0.0
  0
LINE
  5
2E5
330
280
100
AcDbEntity
  8
0
  6
Continuous
 62
     7
370
    25
100
AcDbLine
 10
327.0
 20
10.9498357898
 30
0.0
 11
327.0
 21
13.9498357898
 31
0.0
  0
SPLINE
  5
2E6
330
280
100
AcDbEntity
  8
0
  6
Continuous
 62
     7
370
    25
100
AcDbSpline
210
0.0
220
0.0
230
1.0
 70
     8
 71
     3
 72
     8
 73
     4
 74
     0
 42
0.00000001
 43
0.0000000001
 40
0.3078750803160236
 40
0.3078750803160236
 40
0.3078750803160236
 40
0.3078750803160236
 40
0.3270000000000591
 40
0.3270000000000591
 40
0.3270000000000591
 40
0.3270000000000591
 10
21.12491968404021
 20
8.664554384550587
 30
0.0
 10
14.74994645602902
 20
8.664559685979062
 30
0.0
 10
8.374973228015621
 20
8.66456344684091
 30
0.0
 10
2.000000000002216
 20
8.664563423576058
 30
0.0
  0
SPLINE
  5
2E7
330
280
100
AcDbEntity
  8
0
  6
Continuous
 62
     7
370
    25
100
AcDbSpline
210
0.0
220
0.0
230
1.0
 70
     8
 71
     3
 72
     8
 73
     4
 74
     0
 42
0.00000001
 43
0.0000000001
 40
0.2540000000000298
 40
0.2540000000000298
 40
0.2540000000000298
 40
0.2540000000000298
 40
0.3040750802926263
 40
0.3040750802926263
 40
0.3040750802926263
 40
0.3040750802926263
 10
75.00000000000252
 20
8.66448900621363
 30
0.0
 10
58.3083065691493
 20
8.664510926314656
 30
0.0
 10
41.61661313829847
 20
8.664535626349502
 30
0.0
 10
24.92491970743799
 20
8.664551045999999
 30
0.0
  0
SPLINE
  5
2E8
330
280
100
AcDbEntity
  8
0
  6
Continuous
 62
     7
370
    25
100
AcDbSpline
210
0.0
220
0.0
230
1.0
 70
     8
 71
     3
 72
     8
 73
     4
 74
     0
 42
0.00000001
 43
0.0000000001
 40
0.207875080316449
 40
0.207875080316449
 40
0.207875080316449
 40
0.207875080316449
 40
0.252000000000029
 40
0.252000000000029
 40
0.252000000000029
 40
0.252000000000029
 10
121.1249196835612
 20
8.66443848088091
 30
0.0
 10
106.416613122371
 20
8.664450272815317
 30
0.0
 10
91.708306561185
 20
8.66446724282829
 30
0.0
 10
77.0000000000025
 20
8.664486390883572
 30
0.0
  0
SPLINE
  5
2E9
330
280
100
AcDbEntity
  8
0
  6
Continuous
 62
     7
370
    25
100
AcDbSpline
210
0.0
220
0.0
230
1.0
 70
     8
 71
     3
 72
     8
 73
     4
 74
     0
 42
0.00000001
 43
0.0000000001
 40
0.1820000000000061
 40
0.1820000000000061
 40
0.1820000000000061
 40
0.1820000000000061
 40
0.2040750802930359
 40
0.2040750802930359
 40
0.2040750802930359
 40
0.2040750802930359
 10
147.0000000000902
 20
8.664422913221535
 30
0.0
 10
139.6416399024134
 20
8.664425953059492
 30
0.0
 10
132.2832798047369
 20
8.664430082435041
 30
0.0
 10
124.9249197070612
 20
8.664435546252411
 30
0.0
  0
SPLINE
  5
2EA
330
280
100
AcDbEntity
  8
0
  6
Continuous
 62
     7
370
    25
100
AcDbSpline
210
0.0
220
0.0
230
1.0
 70
     8
 71
     3
 72
     8
 73
     4
 74
     0
 42
0.00000001
 43
0.0000000001
 40
0.1170000000000038
 40
0.1170000000000038
 40
0.1170000000000038
 40
0.1170000000000038
 40
0.1800000000000061
 40
0.1800000000000061
 40
0.1800000000000061
 40
0.1800000000000061
 10
212.0000000000903
 20
8.664418965244548
 30
0.0
 10
191.0000000000906
 20
8.664414494689133
 30
0.0
 10
170.0000000000887
 20
8.664413993647118
 30
0.0
 10
149.0000000000902
 20
8.664422113571401
 30
0.0
  0
SPLINE
  5
2EB
330
280
100
AcDbEntity
  8
0
  6
Continuous
 62
     7
370
    25
100
AcDbSpline
210
0.0
220
0.0
230
1.0
 70
     8
 71
     3
 72
     8
 73
     4
 74
     0
 42
0.00000001
 43
0.0000000001
 40
0.1078750803169284
 40
0.1078750803169284
 40
0.1078750803169284
 40
0.1078750803169284
 40
0.1150000000000037
 40
0.1150000000000037
 40
0.1150000000000037
 40
0.1150000000000037
 10
221.1249196831653
 20
8.664421114082056
 30
0.0
 10
218.7499464554735
 20
8.664420506211728
 30
0.0
 10
216.374973227782
 20
8.664419932350043
 30
0.0
 10
214.0000000000903
 20
8.664419401708082
 30
0.0
  0
SPLINE
  5
2EC
330
280
100
AcDbEntity
  8
0
  6
Continuous
 62
     7
370
    25
100
AcDbSpline
210
0.0
220
0.0
230
1.0
 70
     8
 71
     3
 72
     8
 73
     4
 74
     0
 42
0.00000001
 43
0.0000000001
 40
0.0569999999999733
 40
0.0569999999999733
 40
0.0569999999999733
 40
0.0569999999999733
 40
0.1040750802935391
 40
0.1040750802935391
 40
0.1040750802935391
 40
0.1040750802935391
 10
272.0000000002289
 20
8.664436464584882
 30
0.0
 10
256.3083065690411
 20
8.664431798788829
 30
0.0
 10
240.6166131378533
 20
8.664426354231125
 30
0.0
 10
224.9249197066653
 20
8.664422114450918
 30
0.0
  0
SPLINE
  5
2ED
330
280
100
AcDbEntity
  8
0
  6
Continuous
 62
     7
370
    25
100
AcDbSpline
210
0.0
220
0.0
230
1.0
 70
     8
 71
     3
 72
     8
 73
     4
 74
     0
 42
0.00000001
 43
0.0000000001
 40
0.0078750803174444
 40
0.0078750803174444
 40
0.0078750803174444
 40
0.0078750803174444
 40
0.0550000000000016
 40
0.0550000000000016
 40
0.0550000000000016
 40
0.0550000000000016
 10
321.1249196827846
 20
8.664448390140352
 30
0.0
 10
305.4166131219325
 20
8.66444541464328
 30
0.0
 10
289.7083065610805
 20
8.664441663101706
 30
0.0
 10
274.0000000002288
 20
8.664437055288907
 30
0.0
  0
SPLINE
  5
2EE
330
280
100
AcDbEntity
  8
0
  6
Continuous
 62
     7
370
    25
100
AcDbSpline
210
0.0
220
0.0
230
1.0
 70
     8
 71
     3
 72
     8
 73
     4
 74
     0
 42
0.00000001
 43
0.0000000001
 40
0.002
 40
0.002
 40
0.002
 40
0.002
 40
0.0040750802940268
 40
0.0040750802940268
 40
0.0040750802940268
 40
0.0040750802940268
 10
327.0000000002113
 20
8.664449466665187
 30
0.0
 10
326.3083065688691
 20
8.664449344204959
 30
0.0
 10
325.6166131375268
 20
8.664449220235708
 30
0.0
 10
324.9249197061846
 20
8.664449094755532
 30
0.0
  0
SPLINE
  5
2EF
330
280
100
AcDbEntity
  8
0
  6
Continuous
 62
     7
370
    25
100
AcDbSpline
210
0.0
220
0.0
230
1.0
 70
     8
 71
     3
 72
     8
 73
     4
 74
     0
 42
0.00000001
 43
0.0000000001
 40
0.2740012566156412
 40
0.2740012566156412
 40
0.2740012566156412
 40
0.2740012566156412
 40
0.327001337280557
 40
0.327001337280557
 40
0.327001337280557
 40
0.327001337280557
 10
274.0000000000284
 20
16.96431872093456
 30
0.0
 10
291.6666632752302
 20
16.99601497910146
 30
0.0
 10
309.3333303752116
 20
17.02562269886668
 30
0.0
 10
326.9999999999998
 20
17.05355656238185
 30
0.0
  0
SPLINE
  5
2F0
330
280
100
AcDbEntity
  8
0
  6
Continuous
 62
     7
370
    25
100
AcDbSpline
210
0.0
220
0.0
230
1.0
 70
     8
 71
     3
 72
     9
 73
     5
 74
     0
 42
0.00000001
 43
0.0000000001
 40
0.2140011368134432
 40
0.2140011368134432
 40
0.2140011368134432
 40
0.2140011368134432
 40
0.2314763046557788
 40
0.2720012531635501
 40
0.2720012531635501
 40
0.2720012531635501
 40
0.2720012531635501
 10
213.9999999999999
 20
16.84753910103282
 30
0.0
 10
219.8250423436945
 20
16.85986467776535
 30
0.0
 10
239.1583715444777
 20
16.89971099343757
 30
0.0
 10
258.4917071506803
 20
16.93636242905181
 30
0.0
 10
272.0000000000284
 20
16.96072135220296
 30
0.0
  0
SPLINE
  5
2F1
330
280
100
AcDbEntity
  8
0
  6
Continuous
 62
     7
370
    25
100
AcDbSpline
210
0.0
220
0.0
230
1.0
 70
     8
 71
     3
 72
     8
 73
     4
 74
     0
 42
0.00000001
 43
0.0000000001
 40
0.1490009491423562
 40
0.1490009491423562
 40
0.1490009491423562
 40
0.1490009491423562
 40
0.2120011320858409
 40
0.2120011320858409
 40
0.2120011320858409
 40
0.2120011320858409
 10
148.9999999999999
 20
16.6950825928739
 30
0.0
 10
169.9999869701142
 20
16.74974527617031
 30
0.0
 10
190.999989462036
 20
16.7985937780407
 30
0.0
 10
211.9999999999999
 20
16.84329455340464
 30
0.0
  0
SPLINE
  5
2F2
330
280
100
AcDbEntity
  8
0
  6
Continuous
 62
     7
370
    25
100
AcDbSpline
210
0.0
220
0.0
230
1.0
 70
     8
 71
     3
 72
    10
 73
     6
 74
     0
 42
0.00000001
 43
0.0000000001
 40
0.0770006175966454
 40
0.0770006175966454
 40
0.0770006175966454
 40
0.0770006175966454
 40
0.1339743189990143
 40
0.1339743189990143
 40
0.1470009421182959
 40
0.1470009421182959
 40
0.1470009421182959
 40
0.1470009421182959
 10
76.9999999999999
 20
16.48118265311373
 30
0.0
 10
95.9911206591922
 20
16.54559586078819
 30
0.0
 10
114.9822662525535
 20
16.60285582911464
 30
0.0
 10
138.3156157674748
 20
16.66684405139028
 30
0.0
 10
142.6578075549974
 20
16.67847848512302
 30
0.0
 10
146.9999999999999
 20
16.68985877683593
 30
0.0
  0
SPLINE
  5
2F3
330
280
100
AcDbEntity
  8
0
  6
Continuous
 62
     7
370
    25
100
AcDbSpline
210
0.0
220
0.0
230
1.0
 70
     8
 71
     3
 72
    10
 73
     6
 74
     0
 42
0.00000001
 43
0.0000000001
 40
0.0020000209931599
 40
0.0020000209931599
 40
0.0020000209931599
 40
0.0020000209931599
 40
0.0267948527362129
 40
0.0267948527362129
 40
0.0750006054846783
 40
0.0750006054846783
 40
0.0750006054846783
 40
0.0750006054846783
 10
2.000000000000114
 20
16.18518495885544
 30
0.0
 10
10.26485766543198
 20
16.22294339554438
 30
0.0
 10
18.52972421019803
 20
16.25879581374228
 30
0.0
 10
42.86304152034648
 20
16.3593798748088
 30
0.0
 10
58.93151259965788
 20
16.41944509489345
 30
0.0
 10
75.0
 20
16.47437259915226
 30
0.0
  0
SPLINE
  5
2F4
330
280
100
AcDbEntity
  8
0
  6
Continuous
 62
     7
370
    25
100
AcDbSpline
210
0.0
220
0.0
230
1.0
 70
     8
 71
     3
 72
     8
 73
     4
 74
     0
 42
0.00000001
 43
0.0000000001
 40
0.3066750802926269
 40
0.3066750802926269
 40
0.3066750802926269
 40
0.3066750802926269
 40
0.3076750802926058
 40
0.3076750802926058
 40
0.3076750802926058
 40
0.3076750802926058
 10
22.3249197073787
 20
8.66455336832695
 30
0.0
 10
21.99158637405236
 20
8.664553655610012
 30
0.0
 10
21.65825304072616
 20
8.6645539387889
 30
0.0
 10
21.3249197074
 20
8.664554217712383
 30
0.0
  0
SPLINE
  5
2F5
330
280
100
AcDbEntity
  8
0
  6
Continuous
 62
     7
370
    25
100
AcDbSpline
210
0.0
220
0.0
230
1.0
 70
     8
 71
     3
 72
     8
 73
     4
 74
     0
 42
0.00000001
 43
0.0000000001
 40
0.3054750802926049
 40
0.3054750802926049
 40
0.3054750802926049
 40
0.3054750802926049
 40
0.3064750802926053
 40
0.3064750802926053
 40
0.3064750802926053
 40
0.3064750802926053
 10
23.52491970739999
 20
8.664552316521874
 30
0.0
 10
23.19158637406673
 20
8.664552613521411
 30
0.0
 10
22.85825304073342
 20
8.664552906539338
 30
0.0
 10
22.52491970739999
 20
8.664553195464142
 30
0.0
  0
SPLINE
  5
2F6
330
280
100
AcDbEntity
  8
0
  6
Continuous
 62
     7
370
    25
100
AcDbSpline
210
0.0
220
0.0
230
1.0
 70
     8
 71
     3
 72
     8
 73
     4
 74
     0
 42
0.00000001
 43
0.0000000001
 40
0.3042750802926045
 40
0.3042750802926045
 40
0.3042750802926045
 40
0.3042750802926045
 40
0.3052750802926265
 40
0.3052750802926265
 40
0.3052750802926265
 40
0.3052750802926265
 10
24.72491970742175
 20
8.6645512302695
 30
0.0
 10
24.39158637408116
 20
8.664551536665124
 30
0.0
 10
24.05825304074057
 20
8.664551839212249
 30
0.0
 10
23.72491970739998
 20
8.664552137799997
 30
0.0
  0
SPLINE
  5
2F7
330
280
100
AcDbEntity
  8
0
  6
Continuous
 62
     7
370
    25
100
AcDbSpline
210
0.0
220
0.0
230
1.0
 70
     8
 71
     3
 72
     8
 73
     4
 74
     0
 42
0.00000001
 43
0.0000000001
 40
0.2066750802930325
 40
0.2066750802930325
 40
0.2066750802930325
 40
0.2066750802930325
 40
0.2076750802930313
 40
0.2076750802930313
 40
0.2076750802930313
 40
0.2076750802930313
 10
122.3249197069986
 20
8.664437529943905
 30
0.0
 10
121.9915863736658
 20
8.664437791018603
 30
0.0
 10
121.6582530403329
 20
8.664438054674912
 30
0.0
 10
121.324919707
 20
8.664438320891481
 30
0.0
  0
SPLINE
  5
2F8
330
280
100
AcDbEntity
  8
0
  6
Continuous
 62
     7
370
    25
100
AcDbSpline
210
0.0
220
0.0
230
1.0
 70
     8
 71
     3
 72
     8
 73
     4
 74
     0
 42
0.00000001
 43
0.0000000001
 40
0.2054750802930345
 40
0.2054750802930345
 40
0.2054750802930345
 40
0.2054750802930345
 40
0.2064750802930333
 40
0.2064750802930333
 40
0.2064750802930333
 40
0.2064750802930333
 10
123.5249197069987
 20
8.664436601263592
 30
0.0
 10
123.1915863736658
 20
8.664436856112406
 30
0.0
 10
122.8582530403329
 20
8.664437113567812
 30
0.0
 10
122.524919707
 20
8.664437373609043
 30
0.0
  0
SPLINE
  5
2F9
330
280
100
AcDbEntity
  8
0
  6
Continuous
 62
     7
370
    25
100
AcDbSpline
210
0.0
220
0.0
230
1.0
 70
     8
 71
     3
 72
     8
 73
     4
 74
     0
 42
0.00000001
 43
0.0000000001
 40
0.2042750802930358
 40
0.2042750802930358
 40
0.2042750802930358
 40
0.2042750802930358
 40
0.2052750802930347
 40
0.2052750802930347
 40
0.2052750802930347
 40
0.2052750802930347
 10
124.7249197069986
 20
8.664435695136161
 30
0.0
 10
124.3915863736657
 20
8.664435943699947
 30
0.0
 10
124.0582530403329
 20
8.664436194894628
 30
0.0
 10
123.724919707
 20
8.6644364487
 30
0.0
  0
SPLINE
  5
2FA
330
280
100
AcDbEntity
  8
0
  6
Continuous
 62
     7
370
    25
100
AcDbSpline
210
0.0
220
0.0
230
1.0
 70
     8
 71
     3
 72
     8
 73
     4
 74
     0
 42
0.00000001
 43
0.0000000001
 40
0.0066750802940268
 40
0.0066750802940268
 40
0.0066750802940268
 40
0.0066750802940268
 40
0.0076750802940045
 40
0.0076750802940045
 40
0.0076750802940045
 40
0.0076750802940045
 10
322.3249197059776
 20
8.664448615871243
 30
0.0
 10
321.9915863726519
 20
8.66444855357483
 30
0.0
 10
321.6582530393259
 20
8.664448490926837
 30
0.0
 10
321.324919706
 20
8.664448427926972
 30
0.0
  0
SPLINE
  5
2FB
330
280
100
AcDbEntity
  8
0
  6
Continuous
 62
     7
370
    25
100
AcDbSpline
210
0.0
220
0.0
230
1.0
 70
     8
 71
     3
 72
     8
 73
     4
 74
     0
 42
0.00000001
 43
0.0000000001
 40
0.0054750802940268
 40
0.0054750802940268
 40
0.0054750802940268
 40
0.0054750802940268
 40
0.0064750802940091
 40
0.0064750802940091
 40
0.0064750802940091
 40
0.0064750802940091
 10
323.5249197059823
 20
8.664448838620012
 30
0.0
 10
323.1915863726549
 20
8.664448777166978
 30
0.0
 10
322.8582530393274
 20
8.664448715362702
 30
0.0
 10
322.524919706
 20
8.664448653206907
 30
0.0
  0
SPLINE
  5
2FC
330
280
100
AcDbEntity
  8
0
  6
Continuous
 62
     7
370
    25
100
AcDbSpline
210
0.0
220
0.0
230
1.0
 70
     8
 71
     3
 72
     8
 73
     4
 74
     0
 42
0.00000001
 43
0.0000000001
 40
0.0042750802940268
 40
0.0042750802940268
 40
0.0042750802940268
 40
0.0042750802940268
 40
0.0052750802940268
 40
0.0052750802940268
 40
0.0052750802940268
 40
0.0052750802940268
 10
324.724919706
 20
8.664449058284299
 30
0.0
 10
324.3915863726666
 20
8.664448997673897
 30
0.0
 10
324.0582530393334
 20
8.664448936712542
 30
0.0
 10
323.724919706
 20
8.664448875400003
 30
0.0
  0
SPLINE
  5
2FD
330
280
100
AcDbEntity
  8
0
  6
Continuous
 62
     7
370
    25
100
AcDbSpline
210
0.0
220
0.0
230
1.0
 70
     8
 71
     3
 72
     8
 73
     4
 74
     0
 42
0.00000001
 43
0.0000000001
 40
0.1066750802935391
 40
0.1066750802935391
 40
0.1066750802935391
 40
0.1066750802935391
 40
0.1076750802935392
 40
0.1076750802935392
 40
0.1076750802935392
 40
0.1076750802935392
 10
222.3249197065
 20
8.664421424025196
 30
0.0
 10
221.9915863731667
 20
8.664421337134116
 30
0.0
 10
221.6582530398333
 20
8.664421250884613
 30
0.0
 10
221.3249197065
 20
8.664421165301121
 30
0.0
  0
SPLINE
  5
2FE
330
280
100
AcDbEntity
  8
0
  6
Continuous
 62
     7
370
    25
100
AcDbSpline
210
0.0
220
0.0
230
1.0
 70
     8
 71
     3
 72
     8
 73
     4
 74
     0
 42
0.00000001
 43
0.0000000001
 40
0.1054750802935391
 40
0.1054750802935391
 40
0.1054750802935391
 40
0.1054750802935391
 40
0.1064750802935391
 40
0.1064750802935391
 40
0.1064750802935391
 40
0.1064750802935391
 10
223.5249197064999
 20
8.664421739562806
 30
0.0
 10
223.1915863731666
 20
8.66442165116682
 30
0.0
 10
222.8582530398333
 20
8.664421563383374
 30
0.0
 10
222.5249197065
 20
8.664421476236638
 30
0.0
  0
SPLINE
  5
2FF
330
280
100
AcDbEntity
  8
0
  6
Continuous
 62
     7
370
    25
100
AcDbSpline
210
0.0
220
0.0
230
1.0
 70
     8
 71
     3
 72
     8
 73
     4
 74
     0
 42
0.00000001
 43
0.0000000001
 40
0.1042750802935391
 40
0.1042750802935391
 40
0.1042750802935391
 40
0.1042750802935391
 40
0.1052750802935391
 40
0.1052750802935391
 40
0.1052750802935391
 40
0.1052750802935391
 10
224.7249197065
 20
8.664422060419449
 30
0.0
 10
224.3915863731667
 20
8.664421970587827
 30
0.0
 10
224.0582530398334
 20
8.664421881340048
 30
0.0
 10
223.7249197065
 20
8.6644217927
 30
0.0
  0
ENDBLK
  5
300
330
280
100
AcDbEntity
  8
0
100
AcDbBlockEnd
  0
BLOCK
  5
302
330
301
100
AcDbEntity
  8
0
100
AcDbBlockBegin
  2
tail_卡扣
 70
     0
 10
0.0
 20
0.0
 30
0.0
  3
tail_卡扣
  1

  0
LINE
  5
303
330
301
100
AcDbEntity
  8
0
  6
Continuous
 62
     7
370
    25
100
AcDbLine
 10
8.0
 20
2.3588496284
 30
0.0
 11
0.0
 21
2.3588496284
 31
0.0
  0
LINE
  5
304
330
301
100
AcDbEntity
  8
0
  6
Continuous
 62
     7
370
    25
100
AcDbLine
 10
8.0
 20
2.3588496284
 30
0.0
 11
8.0
 21
0.0734633052
 31
0.0
  0
LINE
  5
305
330
301
100
AcDbEntity
  8
0
  6
Continuous
 62
     7
370
    25
100
AcDbLine
 10
8.0
 20
0.0734633052
 30
0.0
 11
5.0
 21
0.0734633052
 31
0.0
  0
LINE
  5
306
330
301
100
AcDbEntity
  8
0
  6
Continuous
 62
     7
370
    25
100
AcDbLine
 10
5.0
 20
0.0734633052
 30
0.0
 11
3.0
 21
0.0
 31
0.0
  0
LINE
  5
307
330
301
100
AcDbEntity
  8
0
  6
Continuous
 62
     7
370
    25
100
AcDbLine
 10
3.0
 20
0.0
 30
0.0
 11
0.0
 21
0.0
 31
0.0
  0
LINE
  5
308
330
301
100
AcDbEntity
  8
0
  6
Continuous
 62
     7
370
    25
100
AcDbLine
 10
0.0
 20
0.0
 30
0.0
 11
0.0
 21
2.3588496284
 31
0.0
  0
LINE
  5
309
330
301
100
AcDbEntity
  8
0
  6
Continuous
 62
     7
370
    25
100
AcDbLine
 10
5.0
 20
8.4625704011
 30
0.0
 11
3.0
 21
8.777012450499999
 31
0.0
  0
LINE
  5
30A
330
301
100
AcDbEntity
  8
0
  6
Continuous
 62
     7
370
    25
100
AcDbLine
 10
5.0
 20
8.4625704011
 30
0.0
 11
8.0
 21
8.4625704011
 31
0.0
  0
LINE
  5
30B
330
301
100
AcDbEntity
  8
0
  6
Continuous
 62
     7
370
    25
100
AcDbLine
 10
8.0
 20
8.4625704011
 30
0.0
 11
8.0
 21
5.358849628399998
 31
0.0
  0
LINE
  5
30C
330
301
100
AcDbEntity
  8
0
  6
Continuous
 62
     7
370
    25
100
AcDbLine
 10
8.0
 20
5.358849628399998
 30
0.0
 11
0.0
 21
5.358849628399998
 31
0.0
  0
LINE
  5
30D
330
301
100
AcDbEntity
  8
0
  6
Continuous
 62
     7
370
    25
100
AcDbLine
 10
0.0
 20
5.358849628399998
 30
0.0
 11
0.0
 21
8.777012450499999
 31
0.0
  0
LINE
  5
30E
330
301
100
AcDbEntity
  8
0
  6
Continuous
 62
     7
370
    25
100
AcDbLine
 10
0.0
 20
8.777012450499999
 30
0.0
 11
3.0
 21
8.777012450499999
 31
0.0
  0
ENDBLK
  5
30F
330
301
100
AcDbEntity
  8
0
100
AcDbBlockEnd
  0
BLOCK
  5
311
330
310
100
AcDbEntity
  8
0
100
AcDbBlockBegin
  2
fin__第一翼肋_高度为59
 70
     0
 10
0.0
 20
0.0
 30
0.0
  3
fin__第一翼肋_高度为59
  1

  0
ARC
  5
312
330
310
100
AcDbEntity
  8
0
  6
Continuous
 62
     7
370
    25
100
AcDbCircle
 10
2.569251624799998
 20
4.428337879599999
 30
0.0
 40
0.6000000000000038
100
AcDbArc
 50
0.0
 51
180.0
  0
ARC
  5
313
330
310
100
AcDbEntity
  8
0
  6
Continuous
 62
     7
370
    25
100
AcDbCircle
 10
2.569251624799998
 20
3.4588463542
 30
0.0
 40
0.6000000000000059
100
AcDbArc
 50
180.0
 51
0.0
  0
ARC
  5
314
330
310
100
AcDbEntity
  8
0
  6
Continuous
 62
     7
370
    25
100
AcDbCircle
 10
3.333526307599998
 20
20.1180316461
 30
0.0
 40
0.1999999999999957
100
AcDbArc
 50
0.0000000129
 51
90.0000000053
  0
ARC
  5
315
330
310
100
AcDbEntity
  8
0
  6
Continuous
 62
     7
370
    25
100
AcDbCircle
 10
3.333526307599998
 20
18.8008743586
 30
0.0
 40
0.2000000000000042
100
AcDbArc
 50
225.0
 51
0.0
  0
ARC
  5
316
330
310
100
AcDbEntity
  8
0
  6
Continuous
 62
     7
370
    25
100
AcDbCircle
 10
2.016369020099999
 20
20.1180316461
 30
0.0
 40
0.1999999999736172
100
AcDbArc
 50
90.0
 51
225.0
  0
ARC
  5
317
330
310
100
AcDbEntity
  8
0
  6
Continuous
 62
     7
370
    25
100
AcDbCircle
 10
3.333526307599998
 20
22.8351889335
 30
0.0
 40
0.2000000000089823
100
AcDbArc
 50
0.0000000245
 51
134.999999966
  0
ARC
  5
318
330
310
100
AcDbEntity
  8
0
  6
Continuous
 62
     7
370
    25
100
AcDbCircle
 10
3.333526307599998
 20
21.5180316461
 30
0.0
 40
0.2000000000000028
100
AcDbArc
 50
270.0
 51
0.0
  0
ARC
  5
319
330
310
100
AcDbEntity
  8
0
  6
Continuous
 62
     7
370
    25
100
AcDbCircle
 10
2.016369020099999
 20
21.5180316461
 30
0.0
 40
0.1999999999736208
100
AcDbArc
 50
135.0
 51
270.0
  0
ARC
  5
31A
330
310
100
AcDbEntity
  8
0
  6
Continuous
 62
     7
370
    25
100
AcDbCircle
 10
3.050683595199998
 20
24.4805074064
 30
0.0
 40
0.2000000000000285
100
AcDbArc
 50
314.9999999873
 51
90.00000003069997
  0
ARC
  5
31B
330
310
100
AcDbEntity
  8
0
  6
Continuous
 62
     7
370
    25
100
AcDbCircle
 10
1.733526307599998
 20
23.1633501189
 30
0.0
 40
0.2000000000444531
100
AcDbArc
 50
180.0
 51
315.0
  0
ARC
  5
31C
330
310
100
AcDbEntity
  8
0
  6
Continuous
 62
     7
370
    25
100
AcDbCircle
 10
1.733526307599998
 20
24.4805074064
 30
0.0
 40
0.2000000000000028
100
AcDbArc
 50
90.0
 51
180.0
  0
ARC
  5
31D
330
310
100
AcDbEntity
  8
0
  6
Continuous
 62
     7
370
    25
100
AcDbCircle
 10
3.050683595199998
 20
25.5180316461
 30
0.0
 40
0.2000000000089877
100
AcDbArc
 50
269.9999999756
 51
44.99999998619998
  0
ARC
  5
31E
330
310
100
AcDbEntity
  8
0
  6
Continuous
 62
     7
370
    25
100
AcDbCircle
 10
1.733526307599998
 20
25.5180316461
 30
0.0
 40
0.2000000000000171
100
AcDbArc
 50
180.0
 51
270.0
  0
ARC
  5
31F
330
310
100
AcDbEntity
  8
0
  6
Continuous
 62
     7
370
    25
100
AcDbCircle
 10
1.733526307599998
 20
26.8351889336
 30
0.0
 40
0.2000000000443291
100
AcDbArc
 50
45.0
 51
180.0
  0
ARC
  5
320
330
310
100
AcDbEntity
  8
0
  6
Continuous
 62
     7
370
    25
100
AcDbCircle
 10
3.333526307599998
 20
12.1180316461
 30
0.0
 40
0.2000000000000033
100
AcDbArc
 50
0.0000000129
 51
90.0000000053
  0
ARC
  5
321
330
310
100
AcDbEntity
  8
0
  6
Continuous
 62
     7
370
    25
100
AcDbCircle
 10
3.333526307599998
 20
10.8008743586
 30
0.0
 40
0.2000000000000028
100
AcDbArc
 50
225.0
 51
0.0
  0
ARC
  5
322
330
310
100
AcDbEntity
  8
0
  6
Continuous
 62
     7
370
    25
100
AcDbCircle
 10
2.016369020099999
 20
12.1180316461
 30
0.0
 40
0.1999999999736172
100
AcDbArc
 50
90.0
 51
225.0
  0
ARC
  5
323
330
310
100
AcDbEntity
  8
0
  6
Continuous
 62
     7
370
    25
100
AcDbCircle
 10
3.333526307599998
 20
14.8351889335
 30
0.0
 40
0.2000000000089724
100
AcDbArc
 50
0.0000000245
 51
134.999999966
  0
ARC
  5
324
330
310
100
AcDbEntity
  8
0
  6
Continuous
 62
     7
370
    25
100
AcDbCircle
 10
3.333526307599998
 20
13.5180316461
 30
0.0
 40
0.2000000000000028
100
AcDbArc
 50
270.0
 51
0.0
  0
ARC
  5
325
330
310
100
AcDbEntity
  8
0
  6
Continuous
 62
     7
370
    25
100
AcDbCircle
 10
2.016369020099999
 20
13.5180316461
 30
0.0
 40
0.1999999999736191
100
AcDbArc
 50
135.0
 51
270.0
  0
ARC
  5
326
330
310
100
AcDbEntity
  8
0
  6
Continuous
 62
     7
370
    25
100
AcDbCircle
 10
3.050683595199998
 20
16.4805074064
 30
0.0
 40
0.2000000000000693
100
AcDbArc
 50
314.9999999873
 51
90.0000000306
  0
ARC
  5
327
330
310
100
AcDbEntity
  8
0
  6
Continuous
 62
     7
370
    25
100
AcDbCircle
 10
1.733526307599998
 20
15.1633501189
 30
0.0
 40
0.2000000000443291
100
AcDbArc
 50
180.0
 51
315.0
  0
ARC
  5
328
330
310
100
AcDbEntity
  8
0
  6
Continuous
 62
     7
370
    25
100
AcDbCircle
 10
1.733526307599998
 20
16.4805074064
 30
0.0
 40
0.2000000000000028
100
AcDbArc
 50
90.0
 51
180.0
  0
ARC
  5
329
330
310
100
AcDbEntity
  8
0
  6
Continuous
 62
     7
370
    25
100
AcDbCircle
 10
3.050683595199998
 20
17.5180316461
 30
0.0
 40
0.2000000000089769
100
AcDbArc
 50
269.9999999756
 51
44.99999998619998
  0
ARC
  5
32A
330
310
100
AcDbEntity
  8
0
  6
Continuous
 62
     7
370
    25
100
AcDbCircle
 10
1.733526307599998
 20
17.5180316461
 30
0.0
 40
0.2000000000000028
100
AcDbArc
 50
180.0
 51
270.0
  0
ARC
  5
32B
330
310
100
AcDbEntity
  8
0
  6
Continuous
 62
     7
370
    25
100
AcDbCircle
 10
1.733526307599998
 20
18.83518893359999
 30
0.0
 40
0.2000000000443291
100
AcDbArc
 50
45.0
 51
180.0
  0
ARC
  5
32C
330
310
100
AcDbEntity
  8
0
  6
Continuous
 62
     7
370
    25
100
AcDbCircle
 10
1.733526307599998
 20
32.4805074064
 30
0.0
 40
0.2000000000000028
100
AcDbArc
 50
90.0
 51
180.0
  0
ARC
  5
32D
330
310
100
AcDbEntity
  8
0
  6
Continuous
 62
     7
370
    25
100
AcDbCircle
 10
3.050683595199998
 20
32.4805074064
 30
0.0
 40
0.2000000000000099
100
AcDbArc
 50
314.9999999873
 51
90.00000003069997
  0
ARC
  5
32E
330
310
100
AcDbEntity
  8
0
  6
Continuous
 62
     7
370
    25
100
AcDbCircle
 10
1.733526307599998
 20
31.1633501189
 30
0.0
 40
0.2000000000443298
100
AcDbArc
 50
180.0
 51
315.0
  0
ARC
  5
32F
330
310
100
AcDbEntity
  8
0
  6
Continuous
 62
     7
370
    25
100
AcDbCircle
 10
2.016369020099999
 20
29.5180316461
 30
0.0
 40
0.2000000000000059
100
AcDbArc
 50
135.0
 51
270.0
  0
ARC
  5
330
330
310
100
AcDbEntity
  8
0
  6
Continuous
 62
     7
370
    25
100
AcDbCircle
 10
3.333526307599998
 20
30.8351889336
 30
0.0
 40
0.200000000008973
100
AcDbArc
 50
0.0000000062
 51
134.9999999735
  0
ARC
  5
331
330
310
100
AcDbEntity
  8
0
  6
Continuous
 62
     7
370
    25
100
AcDbCircle
 10
3.333526307599998
 20
29.5180316461
 30
0.0
 40
0.2000000000000028
100
AcDbArc
 50
270.0
 51
0.0
  0
ARC
  5
332
330
310
100
AcDbEntity
  8
0
  6
Continuous
 62
     7
370
    25
100
AcDbCircle
 10
3.333526307599998
 20
28.1180316461
 30
0.0
 40
0.2000000000000033
100
AcDbArc
 50
0.0000000129
 51
90.0000000053
  0
ARC
  5
333
330
310
100
AcDbEntity
  8
0
  6
Continuous
 62
     7
370
    25
100
AcDbCircle
 10
3.333526307599998
 20
26.8008743586
 30
0.0
 40
0.2000000000000037
100
AcDbArc
 50
225.0
 51
0.0
  0
ARC
  5
334
330
310
100
AcDbEntity
  8
0
  6
Continuous
 62
     7
370
    25
100
AcDbCircle
 10
2.016369020099999
 20
28.1180316461
 30
0.0
 40
0.1999999999736172
100
AcDbArc
 50
90.0
 51
225.0
  0
ARC
  5
335
330
310
100
AcDbEntity
  8
0
  6
Continuous
 62
     7
370
    25
100
AcDbCircle
 10
3.050683595199998
 20
9.5180316461
 30
0.0
 40
0.2000000000089894
100
AcDbArc
 50
269.9999999756
 51
44.99999998619998
  0
ARC
  5
336
330
310
100
AcDbEntity
  8
0
  6
Continuous
 62
     7
370
    25
100
AcDbCircle
 10
1.733526307599998
 20
9.5180316461
 30
0.0
 40
0.2000000000000171
100
AcDbArc
 50
180.0
 51
270.0
  0
ARC
  5
337
330
310
100
AcDbEntity
  8
0
  6
Continuous
 62
     7
370
    25
100
AcDbCircle
 10
1.733526307599998
 20
10.8351889336
 30
0.0
 40
0.2000000000443291
100
AcDbArc
 50
45.0
 51
180.0
  0
LINE
  5
338
330
310
100
AcDbEntity
  8
0
  6
Continuous
 62
     7
370
    25
100
AcDbLine
 10
3.1692516248
 20
3.4588463542
 30
0.0
 11
3.1692516248
 21
4.428337879599999
 31
0.0
  0
LINE
  5
339
330
310
100
AcDbEntity
  8
0
  6
Continuous
 62
     7
370
    25
100
AcDbLine
 10
1.969251624799998
 20
4.428337879599999
 30
0.0
 11
1.969251624799998
 21
3.4588463542
 31
0.0
  0
LINE
  5
33A
330
310
100
AcDbEntity
  8
0
  6
Continuous
 62
     7
370
    25
100
AcDbLine
 10
3.333526307599998
 20
20.3180316461
 30
0.0
 11
2.016369020099999
 21
20.3180316461
 31
0.0
  0
LINE
  5
33B
330
310
100
AcDbEntity
  8
0
  6
Continuous
 62
     7
370
    25
100
AcDbLine
 10
3.533526307599998
 20
18.8008743586
 30
0.0
 11
3.533526307599998
 21
20.1180316461
 31
0.0
  0
LINE
  5
33C
330
310
100
AcDbEntity
  8
0
  6
Continuous
 62
     7
370
    25
100
AcDbLine
 10
1.874947663899998
 20
19.9766102899
 30
0.0
 11
3.192104951399998
 21
18.6594530024
 31
0.0
  0
LINE
  5
33D
330
310
100
AcDbEntity
  8
0
  6
Continuous
 62
     7
370
    25
100
AcDbLine
 10
3.192104951399998
 20
22.9766102898
 30
0.0
 11
1.874947663899998
 21
21.6594530023
 31
0.0
  0
LINE
  5
33E
330
310
100
AcDbEntity
  8
0
  6
Continuous
 62
     7
370
    25
100
AcDbLine
 10
3.533526307599998
 20
21.5180316461
 30
0.0
 11
3.533526307599998
 21
22.8351889336
 31
0.0
  0
LINE
  5
33F
330
310
100
AcDbEntity
  8
0
  6
Continuous
 62
     7
370
    25
100
AcDbLine
 10
2.016369020099999
 20
21.3180316461
 30
0.0
 11
3.333526307599998
 21
21.3180316461
 31
0.0
  0
LINE
  5
340
330
310
100
AcDbEntity
  8
0
  6
Continuous
 62
     7
370
    25
100
AcDbLine
 10
3.050683595099998
 20
24.6805074064
 30
0.0
 11
1.733526307599998
 21
24.6805074064
 31
0.0
  0
LINE
  5
341
330
310
100
AcDbEntity
  8
0
  6
Continuous
 62
     7
370
    25
100
AcDbLine
 10
1.874947663899998
 20
23.0219287626
 30
0.0
 11
3.192104951399998
 21
24.3390860501
 31
0.0
  0
LINE
  5
342
330
310
100
AcDbEntity
  8
0
  6
Continuous
 62
     7
370
    25
100
AcDbLine
 10
1.533526307599998
 20
24.4805074064
 30
0.0
 11
1.533526307599998
 21
23.1633501189
 31
0.0
  0
LINE
  5
343
330
310
100
AcDbEntity
  8
0
  6
Continuous
 62
     7
370
    25
100
AcDbLine
 10
3.192104951499998
 20
25.6594530023
 30
0.0
 11
1.874947663899998
 21
26.9766102899
 31
0.0
  0
LINE
  5
344
330
310
100
AcDbEntity
  8
0
  6
Continuous
 62
     7
370
    25
100
AcDbLine
 10
1.733526307599998
 20
25.3180316461
 30
0.0
 11
3.050683595099998
 21
25.3180316461
 31
0.0
  0
LINE
  5
345
330
310
100
AcDbEntity
  8
0
  6
Continuous
 62
     7
370
    25
100
AcDbLine
 10
1.533526307599998
 20
26.8351889336
 30
0.0
 11
1.533526307599998
 21
25.5180316461
 31
0.0
  0
LINE
  5
346
330
310
100
AcDbEntity
  8
0
  6
Continuous
 62
     7
370
    25
100
AcDbLine
 10
3.333526307599998
 20
12.3180316461
 30
0.0
 11
2.016369020099999
 21
12.3180316461
 31
0.0
  0
LINE
  5
347
330
310
100
AcDbEntity
  8
0
  6
Continuous
 62
     7
370
    25
100
AcDbLine
 10
3.533526307599998
 20
10.8008743586
 30
0.0
 11
3.533526307599998
 21
12.1180316461
 31
0.0
  0
LINE
  5
348
330
310
100
AcDbEntity
  8
0
  6
Continuous
 62
     7
370
    25
100
AcDbLine
 10
1.874947663899998
 20
11.9766102899
 30
0.0
 11
3.192104951399998
 21
10.6594530024
 31
0.0
  0
LINE
  5
349
330
310
100
AcDbEntity
  8
0
  6
Continuous
 62
     7
370
    25
100
AcDbLine
 10
3.192104951399998
 20
14.9766102898
 30
0.0
 11
1.874947663899998
 21
13.6594530023
 31
0.0
  0
LINE
  5
34A
330
310
100
AcDbEntity
  8
0
  6
Continuous
 62
     7
370
    25
100
AcDbLine
 10
3.533526307599998
 20
13.5180316461
 30
0.0
 11
3.533526307599998
 21
14.8351889336
 31
0.0
  0
LINE
  5
34B
330
310
100
AcDbEntity
  8
0
  6
Continuous
 62
     7
370
    25
100
AcDbLine
 10
2.016369020099999
 20
13.3180316461
 30
0.0
 11
3.333526307599998
 21
13.3180316461
 31
0.0
  0
LINE
  5
34C
330
310
100
AcDbEntity
  8
0
  6
Continuous
 62
     7
370
    25
100
AcDbLine
 10
3.050683595099998
 20
16.6805074064
 30
0.0
 11
1.733526307599998
 21
16.6805074064
 31
0.0
  0
LINE
  5
34D
330
310
100
AcDbEntity
  8
0
  6
Continuous
 62
     7
370
    25
100
AcDbLine
 10
1.874947663899998
 20
15.0219287626
 30
0.0
 11
3.192104951399998
 21
16.3390860501
 31
0.0
  0
LINE
  5
34E
330
310
100
AcDbEntity
  8
0
  6
Continuous
 62
     7
370
    25
100
AcDbLine
 10
1.533526307599998
 20
16.4805074064
 30
0.0
 11
1.533526307599998
 21
15.1633501189
 31
0.0
  0
LINE
  5
34F
330
310
100
AcDbEntity
  8
0
  6
Continuous
 62
     7
370
    25
100
AcDbLine
 10
3.192104951499998
 20
17.6594530023
 30
0.0
 11
1.874947663899998
 21
18.9766102899
 31
0.0
  0
LINE
  5
350
330
310
100
AcDbEntity
  8
0
  6
Continuous
 62
     7
370
    25
100
AcDbLine
 10
1.733526307599998
 20
17.3180316461
 30
0.0
 11
3.050683595099998
 21
17.3180316461
 31
0.0
  0
LINE
  5
351
330
310
100
AcDbEntity
  8
0
  6
Continuous
 62
     7
370
    25
100
AcDbLine
 10
1.533526307599998
 20
18.83518893359999
 30
0.0
 11
1.533526307599998
 21
17.5180316461
 31
0.0
  0
LINE
  5
352
330
310
100
AcDbEntity
  8
0
  6
Continuous
 62
     7
370
    25
100
AcDbLine
 10
1.533526307599998
 20
32.4805074064
 30
0.0
 11
1.533526307599998
 21
31.1633501189
 31
0.0
  0
LINE
  5
353
330
310
100
AcDbEntity
  8
0
  6
Continuous
 62
     7
370
    25
100
AcDbLine
 10
3.050683595099998
 20
32.6805074064
 30
0.0
 11
1.733526307599998
 21
32.6805074064
 31
0.0
  0
LINE
  5
354
330
310
100
AcDbEntity
  8
0
  6
Continuous
 62
     7
370
    25
100
AcDbLine
 10
1.874947663899998
 20
31.0219287626
 30
0.0
 11
3.192104951399998
 21
32.3390860501
 31
0.0
  0
LINE
  5
355
330
310
100
AcDbEntity
  8
0
  6
Continuous
 62
     7
370
    25
100
AcDbLine
 10
2.016369020099999
 20
29.3180316461
 30
0.0
 11
3.333526307599998
 21
29.3180316461
 31
0.0
  0
LINE
  5
356
330
310
100
AcDbEntity
  8
0
  6
Continuous
 62
     7
370
    25
100
AcDbLine
 10
3.192104951399998
 20
30.9766102899
 30
0.0
 11
1.874947663899998
 21
29.6594530023
 31
0.0
  0
LINE
  5
357
330
310
100
AcDbEntity
  8
0
  6
Continuous
 62
     7
370
    25
100
AcDbLine
 10
3.533526307599998
 20
29.5180316461
 30
0.0
 11
3.533526307599998
 21
30.8351889336
 31
0.0
  0
LINE
  5
358
330
310
100
AcDbEntity
  8
0
  6
Continuous
 62
     7
370
    25
100
AcDbLine
 10
3.333526307599998
 20
28.3180316461
 30
0.0
 11
2.016369020099999
 21
28.3180316461
 31
0.0
  0
LINE
  5
359
330
310
100
AcDbEntity
  8
0
  6
Continuous
 62
     7
370
    25
100
AcDbLine
 10
3.533526307599998
 20
26.8008743586
 30
0.0
 11
3.533526307599998
 21
28.1180316461
 31
0.0
  0
LINE
  5
35A
330
310
100
AcDbEntity
  8
0
  6
Continuous
 62
     7
370
    25
100
AcDbLine
 10
1.874947663899998
 20
27.9766102899
 30
0.0
 11
3.192104951399998
 21
26.6594530024
 31
0.0
  0
LINE
  5
35B
330
310
100
AcDbEntity
  8
0
  6
Continuous
 62
     7
370
    25
100
AcDbLine
 10
3.192104951499998
 20
9.659453002299999
 30
0.0
 11
1.874947663899998
 21
10.9766102899
 31
0.0
  0
LINE
  5
35C
330
310
100
AcDbEntity
  8
0
  6
Continuous
 62
     7
370
    25
100
AcDbLine
 10
1.733526307599998
 20
9.318031646099999
 30
0.0
 11
3.050683595099998
 21
9.318031646099999
 31
0.0
  0
LINE
  5
35D
330
310
100
AcDbEntity
  8
0
  6
Continuous
 62
     7
370
    25
100
AcDbLine
 10
1.533526307599998
 20
10.8351889336
 30
0.0
 11
1.533526307599998
 21
9.5180316461
 31
0.0
  0
LINE
  5
35E
330
310
100
AcDbEntity
  8
0
  6
Continuous
 62
     7
370
    25
100
AcDbLine
 10
1.610405282899999
 20
0.0000000008
 30
0.0
 11
2.5692516305
 21
0.9588463485
 31
0.0
  0
LINE
  5
35F
330
310
100
AcDbEntity
  8
0
  6
Continuous
 62
     7
370
    25
100
AcDbLine
 10
2.5692516305
 20
0.9588463485
 30
0.0
 11
3.5280979795
 21
-0.0000000005
 31
0.0
  0
LINE
  5
360
330
310
100
AcDbEntity
  8
0
  6
Continuous
 62
     7
370
    25
100
AcDbLine
 10
3.3192516248
 20
36.1893548276
 30
0.0
 11
4.347129331199997
 21
36.1893548276
 31
0.0
  0
LINE
  5
361
330
310
100
AcDbEntity
  8
0
  6
Continuous
 62
     7
370
    25
100
AcDbLine
 10
3.3192516248
 20
36.1893548276
 30
0.0
 11
3.3192516248
 21
34.1893548289
 31
0.0
  0
LINE
  5
362
330
310
100
AcDbEntity
  8
0
  6
Continuous
 62
     7
370
    25
100
AcDbLine
 10
3.3192516248
 20
34.1893548289
 30
0.0
 11
1.819251624799998
 21
34.1893548289
 31
0.0
  0
LINE
  5
363
330
310
100
AcDbEntity
  8
0
  6
Continuous
 62
     7
370
    25
100
AcDbLine
 10
1.819251624799998
 20
34.1893548289
 30
0.0
 11
1.819251624799998
 21
36.1893548289
 31
0.0
  0
LINE
  5
364
330
310
100
AcDbEntity
  8
0
  6
Continuous
 62
     7
370
    25
100
AcDbLine
 10
0.7913739312000001
 20
36.1893548289
 30
0.0
 11
1.819251624799998
 21
36.1893548289
 31
0.0
  0
SPLINE
  5
365
330
310
100
AcDbEntity
  8
0
  6
Continuous
 62
     7
370
    25
100
AcDbSpline
210
0.0
220
0.0
230
1.0
 70
     8
 71
     3
 72
    20
 73
    16
 74
     0
 42
0.00000001
 43
0.0000000001
 40
0.1734514652396065
 40
0.1734514652396065
 40
0.1734514652396065
 40
0.1734514652396065
 40
0.2155727561414738
 40
0.2801294895014606
 40
0.3424368771807729
 40
0.3571600371922799
 40
0.3714199826116368
 40
0.3983011853396918
 40
0.4226408623628324
 40
0.4535558300378263
 40
0.4622064381325315
 40
0.4699758292560523
 40
0.4768369111307221
 40
0.4828001052516183
 40
0.4875310120705247
 40
0.4875310120705247
 40
0.4875310120705247
 40
0.4875310120705247
 10
0.7913739312420423
 20
36.18935482888784
 30
0.0
 10
0.6820819985229693
 20
34.56750311240066
 30
0.0
 10
0.4250693060433945
 20
30.45861231010426
 30
0.0
 10
0.1121639474667093
 20
23.9443437455448
 30
0.0
 10
-0.0147533001926399
 20
18.48109534835658
 30
0.0
 10
-0.010563163755724
 20
14.95799449553282
 30
0.0
 10
0.0181295058918329
 20
12.80226073855678
 30
0.0
 10
0.0941033866082379
 20
10.27618858949111
 30
0.0
 10
0.2811794706582602
 20
7.111529073237632
 30
0.0
 10
0.5374953011433404
 20
4.657273704732183
 30
0.0
 10
0.8292366814679761
 20
2.853797510337663
 30
0.0
 10
1.00055886840107
 20
1.971704087365843
 30
0.0
 10
1.182969546354875
 20
1.197895520036922
 30
0.0
 10
1.378721024482919
 20
0.5488008858685305
 30
0.0
 10
1.531822101893863
 20
0.1649041010478172
 30
0.0
 10
1.610405282904524
 20
0.0000000008244072
 30
0.0
  0
SPLINE
  5
366
330
310
100
AcDbEntity
  8
0
  6
Continuous
 62
     7
370
    25
100
AcDbSpline
210
0.0
220
0.0
230
1.0
 70
     8
 71
     3
 72
    20
 73
    16
 74
     0
 42
0.00000001
 43
0.0000000001
 40
0.5124689879294752
 40
0.5124689879294752
 40
0.5124689879294752
 40
0.5124689879294752
 40
0.5171998947483817
 40
0.5231630888692781
 40
0.5300241707439476
 40
0.5377935618674688
 40
0.5464441699621739
 40
0.577359137637168
 40
0.6016988146603083
 40
0.6285800173883631
 40
0.6428399628077201
 40
0.657563122819227
 40
0.7198705104985395
 40
0.7844272438585264
 40
0.8265485347603942
 40
0.8265485347603942
 40
0.8265485347603942
 40
0.8265485347603942
 10
3.528097979490055
 20
-0.0000000004900561
 30
0.0
 10
3.606681160500718
 20
0.1649040997333752
 30
0.0
 10
3.759782237911661
 20
0.5488008845540957
 30
0.0
 10
3.955533716039718
 20
1.197895518722509
 30
0.0
 10
4.137944393993529
 20
1.971704086051444
 30
0.0
 10
4.309266580926623
 20
2.853797509023293
 30
0.0
 10
4.601007961251231
 20
4.657273703417601
 30
0.0
 10
4.857323791736336
 20
7.111529071923247
 30
0.0
 10
5.044399875786353
 20
10.2761885881767
 30
0.0
 10
5.120373756502751
 20
12.80226073724234
 30
0.0
 10
5.149066426150318
 20
14.95799449421843
 30
0.0
 10
5.153256562587221
 20
18.48109534704212
 30
0.0
 10
5.02633931492788
 20
23.94434374423027
 30
0.0
 10
4.713433956351199
 20
30.45861230878977
 30
0.0
 10
4.45642126387162
 20
34.56750311108619
 30
0.0
 10
4.347129331152546
 20
36.18935482757339
 30
0.0
  0
ENDBLK
  5
367
330
310
100
AcDbEntity
  8
0
100
AcDbBlockEnd
  0
BLOCK
  5
369
330
368
100
AcDbEntity
  8
0
100
AcDbBlockBegin
  2
fin_第二翼肋_高度为59
 70
     0
 10
0.0
 20
0.0
 30
0.0
  3
fin_第二翼肋_高度为59
  1

  0
ARC
  5
36A
330
368
100
AcDbEntity
  8
0
  6
Continuous
 62
     7
370
    25
100
AcDbCircle
 10
1.3320812972
 20
3.9704660213
 30
0.0
 40
0.6000000000000023
100
AcDbArc
 50
0.0
 51
180.0
  0
ARC
  5
36B
330
368
100
AcDbEntity
  8
0
  6
Continuous
 62
     7
370
    25
100
AcDbCircle
 10
1.3320812972
 20
3.000974495899998
 30
0.0
 40
0.6000000000000085
100
AcDbArc
 50
180.0
 51
0.0
  0
LINE
  5
36C
330
368
100
AcDbEntity
  8
0
  6
Continuous
 62
     7
370
    25
100
AcDbLine
 10
1.932081297199998
 20
3.000974495899998
 30
0.0
 11
1.932081297199998
 21
3.9704660213
 31
0.0
  0
LINE
  5
36D
330
368
100
AcDbEntity
  8
0
  6
Continuous
 62
     7
370
    25
100
AcDbLine
 10
0.7320812972000002
 20
3.9704660213
 30
0.0
 11
0.7320812972000002
 21
3.000974495899998
 31
0.0
  0
LINE
  5
36E
330
368
100
AcDbEntity
  8
0
  6
Continuous
 62
     7
370
    25
100
AcDbLine
 10
0.8311068148999998
 20
0.0000000008
 30
0.0
 11
1.3320812972
 21
0.5009744959
 31
0.0
  0
LINE
  5
36F
330
368
100
AcDbEntity
  8
0
  6
Continuous
 62
     7
370
    25
100
AcDbLine
 10
1.3320812972
 20
0.5009744959
 30
0.0
 11
1.833055781599999
 21
0.0
 31
0.0
  0
LINE
  5
370
330
368
100
AcDbEntity
  8
0
  6
Continuous
 62
     7
370
    25
100
AcDbLine
 10
2.082081297199998
 20
9.070466020499999
 30
0.0
 11
2.664162596599998
 21
9.070466020499999
 31
0.0
  0
LINE
  5
371
330
368
100
AcDbEntity
  8
0
  6
Continuous
 62
     7
370
    25
100
AcDbLine
 10
2.082081297199998
 20
9.070466020499999
 30
0.0
 11
2.082081297199998
 21
7.070466021299998
 31
0.0
  0
LINE
  5
372
330
368
100
AcDbEntity
  8
0
  6
Continuous
 62
     7
370
    25
100
AcDbLine
 10
2.082081297199998
 20
7.070466021299998
 30
0.0
 11
0.5820812972000002
 21
7.070466021299998
 31
0.0
  0
LINE
  5
373
330
368
100
AcDbEntity
  8
0
  6
Continuous
 62
     7
370
    25
100
AcDbLine
 10
0.5820812972000002
 20
9.070466021299999
 30
0.0
 11
0.5820812972000002
 21
7.070466021299998
 31
0.0
  0
LINE
  5
374
330
368
100
AcDbEntity
  8
0
  6
Continuous
 62
     7
370
    25
100
AcDbLine
 10
0.0
 20
9.070466021299999
 30
0.0
 11
0.5820812972000002
 21
9.070466021299999
 31
0.0
  0
SPLINE
  5
375
330
368
100
AcDbEntity
  8
0
  6
Continuous
 62
     7
370
    25
100
AcDbSpline
210
0.0
220
0.0
230
1.0
 70
     8
 71
     3
 72
    18
 73
    14
 74
     0
 42
0.00000001
 43
0.0000000001
 40
0.3346577962962548
 40
0.3346577962962548
 40
0.3346577962962548
 40
0.3346577962962548
 40
0.3424368771807729
 40
0.3571600371922799
 40
0.3714199826116368
 40
0.3983011853396918
 40
0.4226408623628324
 40
0.4535558300378263
 40
0.4622064381325315
 40
0.4699758292560523
 40
0.4768369111307221
 40
0.4828001052516183
 40
0.4873466427515298
 40
0.4873466427515298
 40
0.4873466427515298
 40
0.4873466427515298
 10
-0.0000000000463509
 20
9.070466021300008
 30
0.0
 10
-0.0012881419404489
 20
8.91510426379466
 30
0.0
 10
-0.0039592808021949
 20
8.46568551912776
 30
0.0
 10
-0.0030860056490121
 20
7.731428655837147
 30
0.0
 10
0.0117637093440219
 20
6.615741886875881
 30
0.0
 10
0.0510835248025121
 20
5.308388757096282
 30
0.0
 10
0.147903603389804
 20
3.670538656579183
 30
0.0
 10
0.2805582875882231
 20
2.400353860598229
 30
0.0
 10
0.4315472475807974
 20
1.466975830165978
 30
0.0
 10
0.5202139934496799
 20
1.010453795470054
 30
0.0
 10
0.614619519759105
 20
0.6099739229050983
 30
0.0
 10
0.7148655102810816
 20
0.2775670610670034
 30
0.0
 10
0.7924391056285771
 20
0.0822080445159372
 30
0.0
 10
0.8311068149240245
 20
0.000000000752479
 30
0.0
  0
SPLINE
  5
376
330
368
100
AcDbEntity
  8
0
  6
Continuous
 62
     7
370
    25
100
AcDbSpline
210
0.0
220
0.0
230
1.0
 70
     8
 71
     3
 72
    18
 73
    14
 74
     0
 42
0.00000001
 43
0.0000000001
 40
0.5126533572484845
 40
0.5126533572484845
 40
0.5126533572484845
 40
0.5126533572484845
 40
0.5171998947483817
 40
0.5231630888692781
 40
0.5300241707439476
 40
0.5377935618674688
 40
0.5464441699621739
 40
0.577359137637168
 40
0.6016988146603083
 40
0.6285800173883631
 40
0.6428399628077201
 40
0.657563122819227
 40
0.6653422037037453
 40
0.6653422037037453
 40
0.6653422037037453
 40
0.6653422037037453
 10
1.833055781599999
 20
-0.0000000000000005
 30
0.0
 10
1.871723490895293
 20
0.0822080437631736
 30
0.0
 10
1.949297086242659
 20
0.2775670603139981
 30
0.0
 10
2.049543076764559
 20
0.6099739221518373
 30
0.0
 10
2.143948603073988
 20
1.010453794716737
 30
0.0
 10
2.23261534894287
 20
1.466975829412688
 30
0.0
 10
2.38360430893543
 20
2.400353859844912
 30
0.0
 10
2.516258993133861
 20
3.670538655825893
 30
0.0
 10
2.613079071721149
 20
5.308388756342976
 30
0.0
 10
2.652398887179638
 20
6.615741886122576
 30
0.0
 10
2.667248602172678
 20
7.731428655083887
 30
0.0
 10
2.668121877325857
 20
8.465685518374485
 30
0.0
 10
2.665450738464108
 20
8.915104263041383
 30
0.0
 10
2.664162596570009
 20
9.070466020546716
 30
0.0
  0
ENDBLK
  5
377
330
368
100
AcDbEntity
  8
0
100
AcDbBlockEnd
  0
BLOCK
  5
379
330
378
100
AcDbEntity
  8
0
100
AcDbBlockBegin
  2
fin_方向舵前挡板_高度为59
 70
     0
 10
0.0
 20
0.0
 30
0.0
  3
fin_方向舵前挡板_高度为59
  1

  0
LINE
  5
37A
330
378
100
AcDbEntity
  8
0
  6
Continuous
 62
     7
370
    25
100
AcDbLine
 10
6.0
 20
3.7473134211
 30
0.0
 11
6.0
 21
2.686914416999999
 31
0.0
  0
LINE
  5
37B
330
378
100
AcDbEntity
  8
0
  6
Continuous
 62
     7
370
    25
100
AcDbLine
 10
6.0
 20
2.686914416999999
 30
0.0
 11
4.0
 21
2.686914416999999
 31
0.0
  0
LINE
  5
37C
330
378
100
AcDbEntity
  8
0
  6
Continuous
 62
     7
370
    25
100
AcDbLine
 10
4.0
 20
3.873828833999998
 30
0.0
 11
4.0
 21
2.686914416999999
 31
0.0
  0
LINE
  5
37D
330
378
100
AcDbEntity
  8
0
  6
Continuous
 62
     7
370
    25
100
AcDbLine
 10
0.0
 20
3.873828833999998
 30
0.0
 11
4.0
 21
3.873828833999998
 31
0.0
  0
LINE
  5
37E
330
378
100
AcDbEntity
  8
0
  6
Continuous
 62
     7
370
    25
100
AcDbLine
 10
0.0
 20
2.686914416999999
 30
0.0
 11
0.0
 21
3.873828833999998
 31
0.0
  0
LINE
  5
37F
330
378
100
AcDbEntity
  8
0
  6
Continuous
 62
     7
370
    25
100
AcDbLine
 10
0.0
 20
2.686914416999999
 30
0.0
 11
2.0
 21
2.686914416999999
 31
0.0
  0
LINE
  5
380
330
378
100
AcDbEntity
  8
0
  6
Continuous
 62
     7
370
    25
100
AcDbLine
 10
2.0
 20
2.686914416999999
 30
0.0
 11
2.0
 21
1.186914417
 31
0.0
  0
LINE
  5
381
330
378
100
AcDbEntity
  8
0
  6
Continuous
 62
     7
370
    25
100
AcDbLine
 10
2.0
 20
1.186914417
 30
0.0
 11
0.0
 21
1.186914417
 31
0.0
  0
LINE
  5
382
330
378
100
AcDbEntity
  8
0
  6
Continuous
 62
     7
370
    25
100
AcDbLine
 10
0.0
 20
0.0
 30
0.0
 11
0.0
 21
1.186914417
 31
0.0
  0
LINE
  5
383
330
378
100
AcDbEntity
  8
0
  6
Continuous
 62
     7
370
    25
100
AcDbLine
 10
4.0
 20
0.0
 30
0.0
 11
0.0
 21
0.0
 31
0.0
  0
LINE
  5
384
330
378
100
AcDbEntity
  8
0
  6
Continuous
 62
     7
370
    25
100
AcDbLine
 10
4.0
 20
1.186914417
 30
0.0
 11
4.0
 21
0.0
 31
0.0
  0
LINE
  5
385
330
378
100
AcDbEntity
  8
0
  6
Continuous
 62
     7
370
    25
100
AcDbLine
 10
6.0
 20
1.186914417
 30
0.0
 11
4.0
 21
1.186914417
 31
0.0
  0
LINE
  5
386
330
378
100
AcDbEntity
  8
0
  6
Continuous
 62
     7
370
    25
100
AcDbLine
 10
6.0
 20
0.1265154129
 30
0.0
 11
6.0
 21
1.186914417
 31
0.0
  0
LINE
  5
387
330
378
100
AcDbEntity
  8
0
  6
Continuous
 62
     7
370
    25
100
AcDbLine
 10
58.9741943984
 20
0.6011288388000002
 30
0.0
 11
58.9741943984
 21
1.186914417
 31
0.0
  0
LINE
  5
388
330
378
100
AcDbEntity
  8
0
  6
Continuous
 62
     7
370
    25
100
AcDbLine
 10
58.9741943984
 20
1.186914417
 30
0.0
 11
61.0
 21
1.186914417
 31
0.0
  0
LINE
  5
389
330
378
100
AcDbEntity
  8
0
  6
Continuous
 62
     7
370
    25
100
AcDbLine
 10
61.0
 20
1.186914417
 30
0.0
 11
61.0
 21
2.686914416999999
 31
0.0
  0
LINE
  5
38A
330
378
100
AcDbEntity
  8
0
  6
Continuous
 62
     7
370
    25
100
AcDbLine
 10
58.9741943984
 20
2.686914416999999
 30
0.0
 11
61.0
 21
2.686914416999999
 31
0.0
  0
LINE
  5
38B
330
378
100
AcDbEntity
  8
0
  6
Continuous
 62
     7
370
    25
100
AcDbLine
 10
58.9741943984
 20
2.686914416999999
 30
0.0
 11
58.9741943984
 21
3.272699995199998
 31
0.0
  0
SPLINE
  5
38C
330
378
100
AcDbEntity
  8
0
  6
Continuous
 62
     7
370
    25
100
AcDbSpline
210
0.0
220
0.0
230
1.0
 70
     8
 71
     3
 72
    18
 73
    14
 74
     0
 42
0.00000001
 43
0.0000000001
 40
0.002026361609151
 40
0.002026361609151
 40
0.002026361609151
 40
0.002026361609151
 40
0.0036497399375527
 40
0.0036497399375527
 40
0.0036497399375527
 40
0.0182490834024745
 40
0.0182490834024745
 40
0.0182490834024745
 40
0.0328481356518786
 40
0.0328481356518786
 40
0.0449139633270326
 40
0.0449139633270326
 40
0.055003643052148
 40
0.055003643052148
 40
0.055003643052148
 40
0.055003643052148
 10
58.97419439839749
 20
3.272699995227958
 30
0.0
 10
58.43319771504024
 20
3.284559375561026
 30
0.0
 10
57.8921880793045
 20
3.29583812106618
 30
0.0
 10
57.35116889052338
 20
3.306622075631495
 30
0.0
 10
52.48575442819157
 20
3.403602755044018
 30
0.0
 10
47.61961676881992
 20
3.463583668845651
 30
0.0
 10
42.75349146912176
 20
3.513460618273457
 30
0.0
 10
37.88743640482036
 20
3.563336847800496
 30
0.0
 10
33.02125246030161
 20
3.600785510245326
 30
0.0
 10
24.13321991356851
 20
3.659098653843153
 30
0.0
 10
20.11136670732379
 20
3.681520986534466
 30
0.0
 10
12.72634299299706
 20
3.718354966072852
 30
0.0
 10
9.363173739163194
 20
3.733427915355371
 30
0.0
 10
6.0
 20
3.747313421129856
 30
0.0
  0
SPLINE
  5
38D
330
378
100
AcDbEntity
  8
0
  6
Continuous
 62
     7
370
    25
100
AcDbSpline
210
0.0
220
0.0
230
1.0
 70
     8
 71
     3
 72
    17
 73
    13
 74
     0
 42
0.00000001
 43
0.0000000001
 40
0.0020000163788366
 40
0.0020000163788366
 40
0.0020000163788366
 40
0.0020000163788366
 40
0.0101832314309529
 40
0.0101832314309529
 40
0.0203664642595398
 40
0.0203664642595398
 40
0.0305497009331655
 40
0.0305497009331655
 40
0.0407329499265144
 40
0.0407329499265144
 40
0.0407329499265144
 40
0.0549770090290327
 40
0.0549770090290327
 40
0.0549770090290327
 40
0.0549770090290327
 10
5.999999999999996
 20
0.1265154129000002
 30
0.0
 10
8.727715110348356
 20
0.1377773062345131
 30
0.0
 10
11.4554271742246
 20
0.1498247988812771
 30
0.0
 10
17.57750572556871
 20
0.1792157753278001
 30
0.0
 10
20.97187046019397
 20
0.1971154085210931
 30
0.0
 10
27.76057143837052
 20
0.2376854339675931
 30
0.0
 10
31.15491038087258
 20
0.2603269605030072
 30
0.0
 10
37.94352722427721
 20
0.3135174721288791
 30
0.0
 10
41.33781299213684
 20
0.3439940502211691
 30
0.0
 10
44.73202071037717
 20
0.3813938413929551
 30
0.0
 10
49.47968873222933
 20
0.4337070194038421
 30
0.0
 10
54.22737856764593
 20
0.4970722040023113
 30
0.0
 10
58.97419439839659
 20
0.6011288388018891
 30
0.0
  0
ENDBLK
  5
38E
330
378
100
AcDbEntity
  8
0
100
AcDbBlockEnd
  0
BLOCK
  5
390
330
38F
100
AcDbEntity
  8
0
100
AcDbBlockBegin
  2
fin_卡扣_高度为59
 70
     0
 10
0.0
 20
0.0
 30
0.0
  3
fin_卡扣_高度为59
  1

  0
LINE
  5
391
330
38F
100
AcDbEntity
  8
0
  6
Continuous
 62
     7
370
    25
100
AcDbLine
 10
0.0
 20
0.0
 30
0.0
 11
2.0
 21
0.0
 31
0.0
  0
LINE
  5
392
330
38F
100
AcDbEntity
  8
0
  6
Continuous
 62
     7
370
    25
100
AcDbLine
 10
2.0
 20
4.0
 30
0.0
 11
2.0
 21
0.0
 31
0.0
  0
LINE
  5
393
330
38F
100
AcDbEntity
  8
0
  6
Continuous
 62
     7
370
    25
100
AcDbLine
 10
0.0
 20
4.0
 30
0.0
 11
2.0
 21
4.0
 31
0.0
  0
LINE
  5
394
330
38F
100
AcDbEntity
  8
0
  6
Continuous
 62
     7
370
    25
100
AcDbLine
 10
0.0
 20
4.0
 30
0.0
 11
0.0
 21
0.0
 31
0.0
  0
ENDBLK
  5
395
330
38F
100
AcDbEntity
  8
0
100
AcDbBlockEnd
  0
BLOCK
  5
397
330
396
100
AcDbEntity
  8
0
100
AcDbBlockBegin
  2
插座板
 70
     0
 10
0.0
 20
0.0
 30
0.0
  3
插座板
  1

  0
LINE
  5
398
330
396
100
AcDbEntity
  8
0
  6
Continuous
 62
     7
370
    25
100
AcDbLine
 10
0.0
 20
12.0
 30
0.0
 11
0.0
 21
0.0
 31
0.0
  0
LINE
  5
399
330
396
100
AcDbEntity
  8
0
  6
Continuous
 62
     7
370
    25
100
AcDbLine
 10
0.0
 20
0.0
 30
0.0
 11
6.0
 21
0.0
 31
0.0
  0
LINE
  5
39A
330
396
100
AcDbEntity
  8
0
  6
Continuous
 62
     7
370
    25
100
AcDbLine
 10
6.0
 20
0.0
 30
0.0
 11
6.0
 21
12.0
 31
0.0
  0
LINE
  5
39B
330
396
100
AcDbEntity
  8
0
  6
Continuous
 62
     7
370
    25
100
AcDbLine
 10
6.0
 20
12.0
 30
0.0
 11
0.0
 21
12.0
 31
0.0
  0
LINE
  5
39C
330
396
100
AcDbEntity
  8
0
  6
Continuous
 62
     7
370
    25
100
AcDbLine
 10
4.0
 20
10.0
 30
0.0
 11
2.0
 21
10.0
 31
0.0
  0
LINE
  5
39D
330
396
100
AcDbEntity
  8
0
  6
Continuous
 62
     7
370
    25
100
AcDbLine
 10
4.0
 20
8.0
 30
0.0
 11
4.0
 21
10.0
 31
0.0
  0
LINE
  5
39E
330
396
100
AcDbEntity
  8
0
  6
Continuous
 62
     7
370
    25
100
AcDbLine
 10
2.0
 20
8.0
 30
0.0
 11
4.0
 21
8.0
 31
0.0
  0
LINE
  5
39F
330
396
100
AcDbEntity
  8
0
  6
Continuous
 62
     7
370
    25
100
AcDbLine
 10
2.0
 20
10.0
 30
0.0
 11
2.0
 21
8.0
 31
0.0
  0
LINE
  5
3A0
330
396
100
AcDbEntity
  8
0
  6
Continuous
 62
     7
370
    25
100
AcDbLine
 10
4.0
 20
4.0
 30
0.0
 11
2.0
 21
4.0
 31
0.0
  0
LINE
  5
3A1
330
396
100
AcDbEntity
  8
0
  6
Continuous
 62
     7
370
    25
100
AcDbLine
 10
4.0
 20
2.0
 30
0.0
 11
4.0
 21
4.0
 31
0.0
  0
LINE
  5
3A2
330
396
100
AcDbEntity
  8
0
  6
Continuous
 62
     7
370
    25
100
AcDbLine
 10
2.0
 20
2.0
 30
0.0
 11
4.0
 21
2.0
 31
0.0
  0
LINE
  5
3A3
330
396
100
AcDbEntity
  8
0
  6
Continuous
 62
     7
370
    25
100
AcDbLine
 10
2.0
 20
4.0
 30
0.0
 11
2.0
 21
2.0
 31
0.0
  0
ENDBLK
  5
3A4
330
396
100
AcDbEntity
  8
0
100
AcDbBlockEnd
  0
BLOCK
  5
3A6
330
3A5
100
AcDbEntity
  8
0
100
AcDbBlockBegin
  2
5mm插座
 70
     0
 10
0.0
 20
0.0
 30
0.0
  3
5mm插座
  1

  0
LINE
  5
3A7
330
3A5
100
AcDbEntity
  8
0
  6
Continuous
 62
     7
370
    25
100
AcDbLine
 10
0.0
 20
5.0
 30
0.0
 11
0.0
 21
0.0
 31
0.0
  0
LINE
  5
3A8
330
3A5
100
AcDbEntity
  8
0
  6
Continuous
 62
     7
370
    25
100
AcDbLine
 10
0.0
 20
0.0
 30
0.0
 11
2.0
 21
0.0
 31
0.0
  0
LINE
  5
3A9
330
3A5
100
AcDbEntity
  8
0
  6
Continuous
 62
     7
370
    25
100
AcDbLine
 10
2.0
 20
5.0
 30
0.0
 11
2.0
 21
0.0
 31
0.0
  0
LINE
  5
3AA
330
3A5
100
AcDbEntity
  8
0
  6
Continuous
 62
     7
370
    25
100
AcDbLine
 10
0.0
 20
5.0
 30
0.0
 11
2.0
 21
5.0
 31
0.0
  0
ENDBLK
  5
3AB
330
3A5
100
AcDbEntity
  8
0
100
AcDbBlockEnd
  0
BLOCK
  5
3AD
330
3AC
100
AcDbEntity
  8
0
100
AcDbBlockBegin
  2
6mm插座
 70
     0
 10
0.0
 20
0.0
 30
0.0
  3
6mm插座
  1

  0
LINE
  5
3AE
330
3AC
100
AcDbEntity
  8
0
  6
Continuous
 62
     7
370
    25
100
AcDbLine
 10
0.0
 20
6.0
 30
0.0
 11
0.0
 21
0.0
 31
0.0
  0
LINE
  5
3AF
330
3AC
100
AcDbEntity
  8
0
  6
Continuous
 62
     7
370
    25
100
AcDbLine
 10
0.0
 20
0.0
 30
0.0
 11
2.0
 21
0.0
 31
0.0
  0
LINE
  5
3B0
330
3AC
100
AcDbEntity
  8
0
  6
Continuous
 62
     7
370
    25
100
AcDbLine
 10
2.0
 20
0.0
 30
0.0
 11
2.0
 21
6.0
 31
0.0
  0
LINE
  5
3B1
330
3AC
100
AcDbEntity
  8
0
  6
Continuous
 62
     7
370
    25
100
AcDbLine
 10
2.0
 20
6.0
 30
0.0
 11
0.0
 21
6.0
 31
0.0
  0
ENDBLK
  5
3B2
330
3AC
100
AcDbEntity
  8
0
100
AcDbBlockEnd
  0
BLOCK
  5
406
330
405
100
AcDbEntity
  8
0
100
AcDbBlockBegin
  2
main_wing_第一块翼肋
 70
     0
 10
0.0
 20
0.0
 30
0.0
  3
main_wing_第一块翼肋
  1

  0
ARC
  5
407
330
405
100
AcDbEntity
  8
0
  6
Continuous
 62
     7
370
    25
100
AcDbCircle
 10
63.40431506449998
 20
21.1920828714
 30
0.0
 40
1.0
100
AcDbArc
 50
90.0
 51
180.0
  0
ARC
  5
408
330
405
100
AcDbEntity
  8
0
  6
Continuous
 62
     7
370
    25
100
AcDbCircle
 10
63.40431506449998
 20
11.9813797606
 30
0.0
 40
1.000000000000017
100
AcDbArc
 50
180.0
 51
306.4397503742
  0
ARC
  5
409
330
405
100
AcDbEntity
  8
0
  6
Continuous
 62
     7
370
    25
100
AcDbCircle
 10
75.8792795817
 20
21.1920828714
 30
0.0
 40
0.9999999999907311
100
AcDbArc
 50
306.4397503772
 51
89.99999999979998
  0
ARC
  5
40A
330
405
100
AcDbEntity
  8
0
  6
Continuous
 62
     7
370
    25
100
AcDbCircle
 10
119.2062398097
 20
18.8575198732
 30
0.0
 40
1.000000000000001
100
AcDbArc
 50
359.9999999996
 51
133.5029879646
  0
ARC
  5
40B
330
405
100
AcDbEntity
  8
0
  6
Continuous
 62
     7
370
    25
100
AcDbCircle
 10
110.9270154561
 20
11.0000087069
 30
0.0
 40
0.9999999999803524
100
AcDbArc
 50
133.5029879588
 51
270.0
  0
ARC
  5
40C
330
405
100
AcDbEntity
  8
0
  6
Continuous
 62
     7
370
    25
100
AcDbCircle
 10
119.2062398097
 20
11.0000087069
 30
0.0
 40
1.0
100
AcDbArc
 50
270.0
 51
0.0
  0
ARC
  5
40D
330
405
100
AcDbEntity
  8
0
  6
Continuous
 62
     7
370
    25
100
AcDbCircle
 10
19.3647483261
 20
11.7760532021
 30
0.0
 40
4.099999999999997
100
AcDbArc
 50
268.1337000118
 51
91.8662999882
  0
ARC
  5
40E
330
405
100
AcDbEntity
  8
0
  6
Continuous
 62
     7
370
    25
100
AcDbCircle
 10
19.097696303
 20
11.7760532021
 30
0.0
 40
4.099999999999158
100
AcDbArc
 50
88.13370001219999
 51
271.8662999878
  0
ARC
  5
40F
330
405
100
AcDbEntity
  8
0
  6
Continuous
 62
     7
370
    25
100
AcDbCircle
 10
105.3902910844
 20
12.3277390934
 30
0.0
 40
1.000000000000012
100
AcDbArc
 50
180.0
 51
313.5029879635
  0
ARC
  5
410
330
405
100
AcDbEntity
  8
0
  6
Continuous
 62
     7
370
    25
100
AcDbCircle
 10
114.7303848281
 20
21.1920828714
 30
0.0
 40
0.9999999999785131
100
AcDbArc
 50
313.5029879664
 51
89.9999999995
  0
ARC
  5
411
330
405
100
AcDbEntity
  8
0
  6
Continuous
 62
     7
370
    25
100
AcDbCircle
 10
105.3902910844
 20
21.1920828714
 30
0.0
 40
1.000000000000012
100
AcDbArc
 50
90.0
 51
180.0
  0
ARC
  5
412
330
405
100
AcDbEntity
  8
0
  6
Continuous
 62
     7
370
    25
100
AcDbCircle
 10
59.0086568754
 20
11.9753170992
 30
0.0
 40
1.000000000006589
100
AcDbArc
 50
233.7016324257
 51
0.0
  0
ARC
  5
413
330
405
100
AcDbEntity
  8
0
  6
Continuous
 62
     7
370
    25
100
AcDbCircle
 10
59.0086568754
 20
21.1920828714
 30
0.0
 40
1.0
100
AcDbArc
 50
0.0000000001
 51
89.99999999899998
  0
ARC
  5
414
330
405
100
AcDbEntity
  8
0
  6
Continuous
 62
     7
370
    25
100
AcDbCircle
 10
46.4608014302
 20
21.1920828714
 30
0.0
 40
0.9999999999662847
100
AcDbArc
 50
90.0
 51
233.7016324223
  0
ARC
  5
415
330
405
100
AcDbEntity
  8
0
  6
Continuous
 62
     7
370
    25
100
AcDbCircle
 10
54.1345691448
 20
11.0000087069
 30
0.0
 40
1.000000000000002
100
AcDbArc
 50
270.0000000003
 51
53.7016324238
  0
ARC
  5
416
330
405
100
AcDbEntity
  8
0
  6
Continuous
 62
     7
370
    25
100
AcDbCircle
 10
41.5867136997
 20
20.2167744791
 30
0.0
 40
1.000000000006584
100
AcDbArc
 50
53.7016324257
 51
180.0
  0
ARC
  5
417
330
405
100
AcDbEntity
  8
0
  6
Continuous
 62
     7
370
    25
100
AcDbCircle
 10
41.5867136997
 20
11.0000087069
 30
0.0
 40
1.0
100
AcDbArc
 50
180.0
 51
270.0
  0
ARC
  5
418
330
405
100
AcDbEntity
  8
0
  6
Continuous
 62
     7
370
    25
100
AcDbCircle
 10
81.5107320086
 20
11.0000087069
 30
0.0
 40
1.0
100
AcDbArc
 50
270.0
 51
0.0
  0
ARC
  5
419
330
405
100
AcDbEntity
  8
0
  6
Continuous
 62
     7
370
    25
100
AcDbCircle
 10
81.5107320086
 20
20.1983728682
 30
0.0
 40
1.0
100
AcDbArc
 50
0.0000000002
 51
126.7253780029
  0
ARC
  5
41A
330
405
100
AcDbEntity
  8
0
  6
Continuous
 62
     7
370
    25
100
AcDbCircle
 10
69.1815804128
 20
11.0000087069
 30
0.0
 40
1.000000000013486
100
AcDbArc
 50
126.7253780022
 51
270.0
  0
ARC
  5
41B
330
405
100
AcDbEntity
  8
0
  6
Continuous
 62
     7
370
    25
100
AcDbCircle
 10
100.4017748952
 20
12.1655434251
 30
0.0
 40
1.000000000000001
100
AcDbArc
 50
229.5730695982
 51
0.0
  0
ARC
  5
41C
330
405
100
AcDbEntity
  8
0
  6
Continuous
 62
     7
370
    25
100
AcDbCircle
 10
100.4017748952
 20
21.1920828714
 30
0.0
 40
1.0
100
AcDbArc
 50
0.0
 51
90.0
  0
ARC
  5
41D
330
405
100
AcDbEntity
  8
0
  6
Continuous
 62
     7
370
    25
100
AcDbCircle
 10
89.8057215697
 20
21.1920828714
 30
0.0
 40
1.000000000000005
100
AcDbArc
 50
90.0
 51
229.5730695982
  0
ARC
  5
41E
330
405
100
AcDbEntity
  8
0
  6
Continuous
 62
     7
370
    25
100
AcDbCircle
 10
95.8438252947
 20
11.0000087069
 30
0.0
 40
1.000000000000011
100
AcDbArc
 50
269.9999999992
 51
49.57306960060001
  0
ARC
  5
41F
330
405
100
AcDbEntity
  8
0
  6
Continuous
 62
     7
370
    25
100
AcDbCircle
 10
85.24777196889997
 20
20.0265481532
 30
0.0
 40
0.9999999999743778
100
AcDbArc
 50
49.57306960149999
 51
180.0
  0
ARC
  5
420
330
405
100
AcDbEntity
  8
0
  6
Continuous
 62
     7
370
    25
100
AcDbCircle
 10
85.24777196889997
 20
11.0000087069
 30
0.0
 40
1.0
100
AcDbArc
 50
180.0
 51
270.0
  0
LINE
  5
421
330
405
100
AcDbEntity
  8
0
  6
Continuous
 62
     7
370
    25
100
AcDbLine
 10
63.40431506449998
 20
22.1920828714
 30
0.0
 11
75.8792795817
 21
22.1920828714
 31
0.0
  0
LINE
  5
422
330
405
100
AcDbEntity
  8
0
  6
Continuous
 62
     7
370
    25
100
AcDbLine
 10
62.4043150645
 20
11.9813797606
 30
0.0
 11
62.4043150645
 21
21.1920828714
 31
0.0
  0
LINE
  5
423
330
405
100
AcDbEntity
  8
0
  6
Continuous
 62
     7
370
    25
100
AcDbLine
 10
76.47325674060001
 20
20.3876009669
 30
0.0
 11
63.9982922234
 21
11.1768978561
 31
0.0
  0
LINE
  5
424
330
405
100
AcDbEntity
  8
0
  6
Continuous
 62
     7
370
    25
100
AcDbLine
 10
118.5178474068
 20
19.5828583457
 30
0.0
 11
110.2386230533
 21
11.7253471794
 31
0.0
  0
LINE
  5
425
330
405
100
AcDbEntity
  8
0
  6
Continuous
 62
     7
370
    25
100
AcDbLine
 10
110.9270154561
 20
10.0000087069
 30
0.0
 11
119.2062398097
 21
10.0000087069
 31
0.0
  0
LINE
  5
426
330
405
100
AcDbEntity
  8
0
  6
Continuous
 62
     7
370
    25
100
AcDbLine
 10
120.2062398097
 20
11.0000087069
 30
0.0
 11
120.2062398097
 21
18.8575198732
 31
0.0
  0
LINE
  5
427
330
405
100
AcDbEntity
  8
0
  6
Continuous
 62
     7
370
    25
100
AcDbLine
 10
135.2741979418
 20
0.0000053667
 30
0.0
 11
135.2741979418
 21
8.006604750999999
 31
0.0
  0
LINE
  5
428
330
405
100
AcDbEntity
  8
0
  6
Continuous
 62
     7
370
    25
100
AcDbLine
 10
131.2741979418
 20
0.0000053667
 30
0.0
 11
135.2741979418
 21
0.0000053667
 31
0.0
  0
LINE
  5
429
330
405
100
AcDbEntity
  8
0
  6
Continuous
 62
     7
370
    25
100
AcDbLine
 10
131.2741979418
 20
7.7597610447
 30
0.0
 11
131.2741979418
 21
0.0000053667
 31
0.0
  0
LINE
  5
42A
330
405
100
AcDbEntity
  8
0
  6
Continuous
 62
     7
370
    25
100
AcDbLine
 10
131.4767536534
 20
7.7671936791
 30
0.0
 11
131.2741979418
 21
7.7597610447
 31
0.0
  0
LINE
  5
42B
330
405
100
AcDbEntity
  8
0
  6
Continuous
 62
     7
370
    25
100
AcDbLine
 10
131.4767536534
 20
7.8671330117
 30
0.0
 11
131.4767536534
 21
7.7671936791
 31
0.0
  0
LINE
  5
42C
330
405
100
AcDbEntity
  8
0
  6
Continuous
 62
     7
370
    25
100
AcDbLine
 10
127.3263492131
 20
7.714685658799998
 30
0.0
 11
127.3263492131
 21
14.7146930772
 31
0.0
  0
LINE
  5
42D
330
405
100
AcDbEntity
  8
0
  6
Continuous
 62
     7
370
    25
100
AcDbLine
 10
125.3263492131
 20
14.7146930772
 30
0.0
 11
127.3263492131
 21
14.7146930772
 31
0.0
  0
LINE
  5
42E
330
405
100
AcDbEntity
  8
0
  6
Continuous
 62
     7
370
    25
100
AcDbLine
 10
125.3263492131
 20
7.6412220435
 30
0.0
 11
125.3263492131
 21
14.7146930772
 31
0.0
  0
LINE
  5
42F
330
405
100
AcDbEntity
  8
0
  6
Continuous
 62
     7
370
    25
100
AcDbLine
 10
53.89288969859999
 20
0.0
 30
0.0
 11
53.89288969859999
 21
5.0148720872
 31
0.0
  0
LINE
  5
430
330
405
100
AcDbEntity
  8
0
  6
Continuous
 62
     7
370
    25
100
AcDbLine
 10
49.8928893702
 20
0.0
 30
0.0
 11
53.89288969859999
 21
0.0
 31
0.0
  0
LINE
  5
431
330
405
100
AcDbEntity
  8
0
  6
Continuous
 62
     7
370
    25
100
AcDbLine
 10
49.8928893702
 20
0.0
 30
0.0
 11
49.8928893702
 21
4.7634097281
 31
0.0
  0
LINE
  5
432
330
405
100
AcDbEntity
  8
0
  6
Continuous
 62
     7
370
    25
100
AcDbLine
 10
50.0952896755
 20
4.771009478899999
 30
0.0
 11
49.8928893702
 21
4.7634097281
 31
0.0
  0
LINE
  5
433
330
405
100
AcDbEntity
  8
0
  6
Continuous
 62
     7
370
    25
100
AcDbLine
 10
50.0952896755
 20
4.8711205116
 30
0.0
 11
50.0952896755
 21
4.771009478899999
 31
0.0
  0
LINE
  5
434
330
405
100
AcDbEntity
  8
0
  6
Continuous
 62
     7
370
    25
100
AcDbLine
 10
141.3263489028
 20
19.6348302419
 30
0.0
 11
141.3263489028
 21
15.418232897
 31
0.0
  0
LINE
  5
435
330
405
100
AcDbEntity
  8
0
  6
Continuous
 62
     7
370
    25
100
AcDbLine
 10
143.326349234
 20
15.418232897
 30
0.0
 11
141.3263489028
 21
15.418232897
 31
0.0
  0
LINE
  5
436
330
405
100
AcDbEntity
  8
0
  6
Continuous
 62
     7
370
    25
100
AcDbLine
 10
143.326349234
 20
12.4182244432
 30
0.0
 11
143.326349234
 21
15.418232897
 31
0.0
  0
LINE
  5
437
330
405
100
AcDbEntity
  8
0
  6
Continuous
 62
     7
370
    25
100
AcDbLine
 10
141.326349234
 20
12.4182244432
 30
0.0
 11
143.326349234
 21
12.4182244432
 31
0.0
  0
LINE
  5
438
330
405
100
AcDbEntity
  8
0
  6
Continuous
 62
     7
370
    25
100
AcDbLine
 10
141.326349234
 20
12.4182244432
 30
0.0
 11
141.326349234
 21
8.228872951599997
 31
0.0
  0
LINE
  5
439
330
405
100
AcDbEntity
  8
0
  6
Continuous
 62
     7
370
    25
100
AcDbLine
 10
134.0750048969
 20
7.8625379614
 30
0.0
 11
134.0750048969
 21
7.962565074199999
 31
0.0
  0
LINE
  5
43A
330
405
100
AcDbEntity
  8
0
  6
Continuous
 62
     7
370
    25
100
AcDbLine
 10
135.0743323412
 20
7.8992075545
 30
0.0
 11
134.0750048969
 21
7.8625379614
 31
0.0
  0
LINE
  5
43B
330
405
100
AcDbEntity
  8
0
  6
Continuous
 62
     7
370
    25
100
AcDbLine
 10
135.0743323382
 20
7.999267636799999
 30
0.0
 11
135.0743323412
 21
7.8992075545
 31
0.0
  0
LINE
  5
43C
330
405
100
AcDbEntity
  8
0
  6
Continuous
 62
     7
370
    25
100
AcDbLine
 10
132.8758119637
 20
7.8185344497
 30
0.0
 11
132.8758119637
 21
7.9185213558
 31
0.0
  0
LINE
  5
43D
330
405
100
AcDbEntity
  8
0
  6
Continuous
 62
     7
370
    25
100
AcDbLine
 10
133.875139408
 20
7.855204042699998
 30
0.0
 11
132.8758119637
 21
7.8185344497
 31
0.0
  0
LINE
  5
43E
330
405
100
AcDbEntity
  8
0
  6
Continuous
 62
     7
370
    25
100
AcDbLine
 10
133.8751394089999
 20
7.9552245036
 30
0.0
 11
133.875139408
 21
7.855204042699998
 31
0.0
  0
LINE
  5
43F
330
405
100
AcDbEntity
  8
0
  6
Continuous
 62
     7
370
    25
100
AcDbLine
 10
132.6759464791
 20
7.9111806634
 30
0.0
 11
132.6759464749
 21
7.811200530999999
 31
0.0
  0
LINE
  5
440
330
405
100
AcDbEntity
  8
0
  6
Continuous
 62
     7
370
    25
100
AcDbLine
 10
131.6766190305
 20
7.774530937899999
 30
0.0
 11
131.6766190305
 21
7.8744768426
 31
0.0
  0
LINE
  5
441
330
405
100
AcDbEntity
  8
0
  6
Continuous
 62
     7
370
    25
100
AcDbLine
 10
132.6759464749
 20
7.811200530999999
 30
0.0
 11
131.6766190305
 21
7.774530937899999
 31
0.0
  0
LINE
  5
442
330
405
100
AcDbEntity
  8
0
  6
Continuous
 62
     7
370
    25
100
AcDbLine
 10
52.69376296369999
 20
4.86909183
 30
0.0
 11
52.69376296369999
 21
4.9691728355
 31
0.0
  0
LINE
  5
443
330
405
100
AcDbEntity
  8
0
  6
Continuous
 62
     7
370
    25
100
AcDbLine
 10
53.6930377731
 20
4.907169107799998
 30
0.0
 11
52.69376296369999
 21
4.86909183
 31
0.0
  0
LINE
  5
444
330
405
100
AcDbEntity
  8
0
  6
Continuous
 62
     7
370
    25
100
AcDbLine
 10
53.6930377731
 20
4.907169107799998
 30
0.0
 11
53.6930377731
 21
5.0072504214
 31
0.0
  0
LINE
  5
445
330
405
100
AcDbEntity
  8
0
  6
Continuous
 62
     7
370
    25
100
AcDbLine
 10
51.4946257244
 20
4.823595910899999
 30
0.0
 11
51.4946257244
 21
4.923675945199999
 31
0.0
  0
LINE
  5
446
330
405
100
AcDbEntity
  8
0
  6
Continuous
 62
     7
370
    25
100
AcDbLine
 10
52.493907473
 20
4.861489441399998
 30
0.0
 11
51.4946257244
 21
4.823595910899999
 31
0.0
  0
LINE
  5
447
330
405
100
AcDbEntity
  8
0
  6
Continuous
 62
     7
370
    25
100
AcDbLine
 10
52.493907473
 20
4.861489441399998
 30
0.0
 11
52.493907473
 21
4.961570328899998
 31
0.0
  0
LINE
  5
448
330
405
100
AcDbEntity
  8
0
  6
Continuous
 62
     7
370
    25
100
AcDbLine
 10
50.29528805079999
 20
4.7785190419
 30
0.0
 11
50.2952881933
 21
4.878581665199999
 31
0.0
  0
LINE
  5
449
330
405
100
AcDbEntity
  8
0
  6
Continuous
 62
     7
370
    25
100
AcDbLine
 10
51.29458387989998
 20
4.8160407206
 30
0.0
 11
50.29528805079999
 21
4.7785190419
 31
0.0
  0
LINE
  5
44A
330
405
100
AcDbEntity
  8
0
  6
Continuous
 62
     7
370
    25
100
AcDbLine
 10
51.29458387989998
 20
4.8160407206
 30
0.0
 11
51.29458387989998
 21
4.9161204941
 31
0.0
  0
LINE
  5
44B
330
405
100
AcDbEntity
  8
0
  6
Continuous
 62
     7
370
    25
100
AcDbLine
 10
104.3902910844
 20
21.1920828714
 30
0.0
 11
104.3902910844
 21
12.3277390934
 31
0.0
  0
LINE
  5
44C
330
405
100
AcDbEntity
  8
0
  6
Continuous
 62
     7
370
    25
100
AcDbLine
 10
106.0786834873
 20
11.6024006209
 30
0.0
 11
115.418777231
 21
20.466744399
 31
0.0
  0
LINE
  5
44D
330
405
100
AcDbEntity
  8
0
  6
Continuous
 62
     7
370
    25
100
AcDbLine
 10
114.7303848281
 20
22.1920828714
 30
0.0
 11
105.3902910844
 21
22.1920828714
 31
0.0
  0
LINE
  5
44E
330
405
100
AcDbEntity
  8
0
  6
Continuous
 62
     7
370
    25
100
AcDbLine
 10
45.8688112135
 20
20.3861377224
 30
0.0
 11
58.4166666587
 21
11.1693719501
 31
0.0
  0
LINE
  5
44F
330
405
100
AcDbEntity
  8
0
  6
Continuous
 62
     7
370
    25
100
AcDbLine
 10
60.0086568754
 20
11.9753170992
 30
0.0
 11
60.0086568754
 21
21.1920828714
 31
0.0
  0
LINE
  5
450
330
405
100
AcDbEntity
  8
0
  6
Continuous
 62
     7
370
    25
100
AcDbLine
 10
59.0086568754
 20
22.1920828714
 30
0.0
 11
46.4608014302
 21
22.1920828714
 31
0.0
  0
LINE
  5
451
330
405
100
AcDbEntity
  8
0
  6
Continuous
 62
     7
370
    25
100
AcDbLine
 10
54.1345691448
 20
10.0000087069
 30
0.0
 11
41.5867136997
 21
10.0000087069
 31
0.0
  0
LINE
  5
452
330
405
100
AcDbEntity
  8
0
  6
Continuous
 62
     7
370
    25
100
AcDbLine
 10
42.17870391639999
 20
21.0227196282
 30
0.0
 11
54.72655936149999
 21
11.805953856
 31
0.0
  0
LINE
  5
453
330
405
100
AcDbEntity
  8
0
  6
Continuous
 62
     7
370
    25
100
AcDbLine
 10
40.58671369969998
 20
11.0000087069
 30
0.0
 11
40.58671369969998
 21
20.2167744791
 31
0.0
  0
LINE
  5
454
330
405
100
AcDbEntity
  8
0
  6
Continuous
 62
     7
370
    25
100
AcDbLine
 10
69.1815804128
 20
10.0000087069
 30
0.0
 11
81.5107320086
 21
10.0000087069
 31
0.0
  0
LINE
  5
455
330
405
100
AcDbEntity
  8
0
  6
Continuous
 62
     7
370
    25
100
AcDbLine
 10
82.5107320086
 20
20.1983728682
 30
0.0
 11
82.5107320086
 21
11.0000087069
 31
0.0
  0
LINE
  5
456
330
405
100
AcDbEntity
  8
0
  6
Continuous
 62
     7
370
    25
100
AcDbLine
 10
68.5836001942
 20
11.8015195666
 30
0.0
 11
80.91275179
 21
20.9998837279
 31
0.0
  0
LINE
  5
457
330
405
100
AcDbEntity
  8
0
  6
Continuous
 62
     7
370
    25
100
AcDbLine
 10
101.4017748952
 20
12.1655434251
 30
0.0
 11
101.4017748952
 21
21.1920828714
 31
0.0
  0
LINE
  5
458
330
405
100
AcDbEntity
  8
0
  6
Continuous
 62
     7
370
    25
100
AcDbLine
 10
100.4017748952
 20
22.1920828714
 30
0.0
 11
89.8057215697
 21
22.1920828714
 31
0.0
  0
LINE
  5
459
330
405
100
AcDbEntity
  8
0
  6
Continuous
 62
     7
370
    25
100
AcDbLine
 10
89.1572437988
 20
20.43084928
 30
0.0
 11
99.75329712430001
 21
11.4043098337
 31
0.0
  0
LINE
  5
45A
330
405
100
AcDbEntity
  8
0
  6
Continuous
 62
     7
370
    25
100
AcDbLine
 10
85.24777196889997
 20
10.0000087069
 30
0.0
 11
95.8438252947
 21
10.0000087069
 31
0.0
  0
LINE
  5
45B
330
405
100
AcDbEntity
  8
0
  6
Continuous
 62
     7
370
    25
100
AcDbLine
 10
96.49230306559999
 20
11.7612422983
 30
0.0
 11
85.8962497397
 21
20.7877817446
 31
0.0
  0
LINE
  5
45C
330
405
100
AcDbEntity
  8
0
  6
Continuous
 62
     7
370
    25
100
AcDbLine
 10
84.2477719689
 20
20.0265481532
 30
0.0
 11
84.2477719689
 21
11.0000087069
 31
0.0
  0
SPLINE
  5
45D
330
405
100
AcDbEntity
  8
0
  6
Continuous
 62
     7
370
    25
100
AcDbSpline
210
0.0
220
0.0
230
1.0
 70
     8
 71
     3
 72
     8
 73
     4
 74
     0
 42
0.00000001
 43
0.0000000001
 40
0.7250271430662333
 40
0.7250271430662333
 40
0.7250271430662333
 40
0.7250271430662333
 40
0.7570064476831795
 40
0.7570064476831795
 40
0.7570064476831795
 40
0.7570064476831795
 10
135.2741979417637
 20
8.006604751040192
 30
0.0
 10
137.2915815916157
 20
8.080697048138096
 30
0.0
 10
139.3089653702519
 20
8.154785964597378
 30
0.0
 10
141.3263492339765
 20
8.228872951575882
 30
0.0
  0
SPLINE
  5
45E
330
405
100
AcDbEntity
  8
0
  6
Continuous
 62
     7
370
    25
100
AcDbSpline
210
0.0
220
0.0
230
1.0
 70
     8
 71
     3
 72
     8
 73
     4
 74
     0
 42
0.00000001
 43
0.0000000001
 40
0.6830310495043188
 40
0.6830310495043188
 40
0.6830310495043188
 40
0.6830310495043188
 40
0.7049616105323451
 40
0.7049616105323451
 40
0.7049616105323451
 40
0.7049616105323451
 10
127.3263492130832
 20
7.714685658788027
 30
0.0
 10
128.709817256293
 20
7.765504226649227
 30
0.0
 10
130.0932854186408
 20
7.816319635130467
 30
0.0
 10
131.4767536533637
 20
7.867133011748262
 30
0.0
  0
SPLINE
  5
45F
330
405
100
AcDbEntity
  8
0
  6
Continuous
 62
     7
370
    25
100
AcDbSpline
210
0.0
220
0.0
230
1.0
 70
     8
 71
     3
 72
    23
 73
    19
 74
     0
 42
0.00000001
 43
0.0000000001
 40
0.295011246634332
 40
0.295011246634332
 40
0.295011246634332
 40
0.295011246634332
 40
0.2956145117266478
 40
0.3111731702385767
 40
0.3267318287505055
 40
0.3422904872624341
 40
0.3578491457743631
 40
0.3889664627982208
 40
0.4045251213101496
 40
0.4356424383340072
 40
0.4667597553578648
 40
0.4978770723817226
 40
0.5289943894055802
 40
0.5601117064294378
 40
0.5912290234532956
 40
0.6223463404771531
 40
0.6534636575010108
 40
0.6724631338813502
 40
0.6724631338813502
 40
0.6724631338813502
 40
0.6724631338813502
 10
53.89288969859997
 20
5.014872087169973
 30
0.0
 10
53.93094409112501
 20
5.016323365984778
 30
0.0
 10
54.9504497752695
 20
5.055203969917092
 30
0.0
 10
56.95140886449608
 20
5.131458929102499
 30
0.0
 10
59.89584416568984
 20
5.241595439510742
 30
0.0
 10
62.84032762810017
 20
5.35043126535649
 30
0.0
 10
66.7663604921748
 20
5.4940548938742
 30
0.0
 10
70.69243883023
 20
5.636427281049088
 30
0.0
 10
75.60002913816335
 20
5.814603536150121
 30
0.0
 10
80.50757123668573
 20
5.994103330802482
 30
0.0
 10
86.39657728244356
 20
6.210714295356559
 30
0.0
 10
92.28556502194212
 20
6.427822127520131
 30
0.0
 10
98.1745712071943
 20
6.644429140743945
 30
0.0
 10
104.0635920726695
 20
6.860636528453917
 30
0.0
 10
109.952617586048
 20
7.076717303313987
 30
0.0
 10
115.8416404399615
 20
7.292870411745614
 30
0.0
 10
120.9662168702353
 20
7.481060073866974
 30
0.0
 10
124.1277858199888
 20
7.597194611528172
 30
0.0
 10
125.3263492130832
 20
7.641222043451242
 30
0.0
  0
SPLINE
  5
460
330
405
100
AcDbEntity
  8
0
  6
Continuous
 62
     7
370
    25
100
AcDbSpline
210
0.0
220
0.0
230
1.0
 70
     8
 71
     3
 72
    42
 73
    38
 74
     0
 42
0.00000001
 43
0.0000000001
 40
0.0
 40
0.0
 40
0.0
 40
0.0
 40
0.003889664627982
 40
0.0077793292559643
 40
0.0116689938839466
 40
0.0155586585119288
 40
0.0194483231399113
 40
0.0233379877678933
 40
0.0272276523958756
 40
0.0311173170238579
 40
0.0350069816518401
 40
0.0388966462798224
 40
0.0427863109078047
 40
0.0466759755357867
 40
0.0505656401637687
 40
0.054455304791751
 40
0.0583449694197332
 40
0.0622346340477155
 40
0.07001396330368
 40
0.0777932925596443
 40
0.0855726218156086
 40
0.0933519510715732
 40
0.1011312803275377
 40
0.108910609583502
 40
0.1166899388394663
 40
0.1244692680954308
 40
0.1322485973513953
 40
0.1400279266073594
 40
0.1555865851192884
 40
0.1711452436312172
 40
0.1867039021431461
 40
0.2022625606550749
 40
0.2178212191670037
 40
0.2333798776789325
 40
0.2489385361908614
 40
0.2644971947027902
 40
0.2749440495854656
 40
0.2749440495854656
 40
0.2749440495854656
 40
0.2749440495854656
 10
-0.0000001907680552
 20
9.869933992018225
 30
0.0
 10
-0.0105365515343909
 20
9.624618486489172
 30
0.0
 10
0.0582192060603165
 20
9.130129320353876
 30
0.0
 10
0.4017478468370232
 20
8.4696169522015
 30
0.0
 10
0.8613463195873073
 20
7.89268029464804
 30
0.0
 10
1.406991101915791
 20
7.393860819028246
 30
0.0
 10
2.003988779591399
 20
6.961172811670545
 30
0.0
 10
2.653734826954713
 20
6.609952616111981
 30
0.0
 10
3.339155057035154
 20
6.338004358315875
 30
0.0
 10
4.044854112700478
 20
6.124964576860449
 30
0.0
 10
4.761664098655533
 20
5.954479689555766
 30
0.0
 10
5.483589741546508
 20
5.807929067505458
 30
0.0
 10
6.205983843055826
 20
5.663890102817102
 30
0.0
 10
6.929089690391903
 20
5.523357752221677
 30
0.0
 10
7.654056469600582
 20
5.392699086609016
 30
0.0
 10
8.38123183315503
 20
5.274888730138981
 30
0.0
 10
9.110369757170213
 20
5.169974790149961
 30
0.0
 10
10.08493580235402
 20
5.047620853469088
 30
0.0
 10
11.30665343524615
 20
4.925253577145433
 30
0.0
 10
12.77577392040812
 20
4.814017312469346
 30
0.0
 10
14.24649360057909
 20
4.727375255209842
 30
0.0
 10
15.71775828162172
 20
4.650935419398412
 30
0.0
 10
17.18931366932144
 20
4.580264076586552
 30
0.0
 10
18.66130140790106
 20
4.519106681154053
 30
0.0
 10
20.13368744750914
 20
4.468495905518158
 30
0.0
 10
21.60639002164829
 20
4.428120302879438
 30
0.0
 10
23.07931089378562
 20
4.396841854834181
 30
0.0
 10
25.04341584310158
 20
4.366566492470517
 30
0.0
 10
27.49879939481467
 20
4.34908636494808
 30
0.0
 10
30.4453132057325
 20
4.357006219514151
 30
0.0
 10
33.39164958684086
 20
4.389571482414938
 30
0.0
 10
36.3376716992311
 20
4.443166367774933
 30
0.0
 10
39.28333175002759
 20
4.513694997763578
 30
0.0
 10
42.22862398317355
 20
4.598081360670866
 30
0.0
 10
45.17357470966979
 20
4.693565813622103
 30
0.0
 10
47.7957484279376
 20
4.78608313296583
 30
0.0
 10
49.43627355347922
 20
4.846546727732842
 30
0.0
 10
50.0952896755
 20
4.871120511599999
 30
0.0
  0
SPLINE
  5
461
330
405
100
AcDbEntity
  8
0
  6
Continuous
 62
     7
370
    25
100
AcDbSpline
210
0.0
220
0.0
230
1.0
 70
     8
 71
     3
 72
    62
 73
    58
 74
     0
 42
0.00000001
 43
0.0000000001
 40
0.2430262313833651
 40
0.2430262313833651
 40
0.2430262313833651
 40
0.2430262313833651
 40
0.2532647407993668
 40
0.2843787099327265
 40
0.3154926790660862
 40
0.346606648199446
 40
0.3777206173328055
 40
0.4088345864661653
 40
0.4399485555995251
 40
0.4710625247328848
 40
0.5021764938662445
 40
0.5332904629996044
 40
0.5644044321329639
 40
0.5955184012663237
 40
0.6266323703996834
 40
0.6421893549663633
 40
0.6577463395330432
 40
0.6733033240997229
 40
0.6888603086664028
 40
0.7044172932330826
 40
0.7199742777997625
 40
0.7355312623664422
 40
0.7510882469331222
 40
0.7666452314998021
 40
0.7822022160664819
 40
0.7977592006331618
 40
0.8133161851998416
 40
0.8288731697665213
 40
0.8444301543332013
 40
0.8599871388998806
 40
0.8677656311832208
 40
0.8755441234665608
 40
0.8833226157499007
 40
0.8911011080332407
 40
0.8988796003165806
 40
0.9066580925999208
 40
0.9144365848832606
 40
0.9222150771666008
 40
0.9299935694499408
 40
0.9377720617332807
 40
0.9455505540166203
 40
0.9533290462999604
 40
0.9572182924416299
 40
0.9611075385833004
 40
0.9649967847249699
 40
0.9688860308666404
 40
0.97277527700831
 40
0.9766645231499799
 40
0.9805537692916498
 40
0.9844430154333199
 40
0.98833226157499
 40
0.9902768846458251
 40
0.9922215077166599
 40
0.9941661307874948
 40
0.9961107538583295
 40
0.9980553769291647
 40
1.0
 40
1.0
 40
1.0
 40
1.0
 10
141.3263489027721
 20
19.63483024189112
 30
0.0
 10
140.6761701182475
 20
19.75045942564162
 30
0.0
 10
138.0494545252675
 20
20.2135482287485
 30
0.0
 10
133.4414434779922
 20
20.99688526595692
 30
0.0
 10
127.4970448933795
 20
21.95169820813265
 30
0.0
 10
121.5434172634328
 20
22.84729425265527
 30
0.0
 10
115.5798068826324
 20
23.67405593883172
 30
0.0
 10
109.6058513955745
 20
24.42260230400506
 30
0.0
 10
103.6218172126263
 20
25.08594501702515
 30
0.0
 10
97.62894672316736
 20
25.66393986078124
 30
0.0
 10
91.62839701531799
 20
26.15593382584425
 30
0.0
 10
85.62122496997554
 20
26.55948358488807
 30
0.0
 10
79.60799756352182
 20
26.86087899424178
 30
0.0
 10
73.59003623568586
 20
27.04721322263567
 30
0.0
 10
68.57290269410277
 20
27.09667421608308
 30
0.0
 10
64.55922856879721
 20
27.08144953371722
 30
0.0
 10
61.54915377518399
 20
27.04457996932588
 30
0.0
 10
58.53948305019926
 20
26.98402878504826
 30
0.0
 10
55.53031034513224
 20
26.9022920805792
 30
0.0
 10
52.52172351327629
 20
26.80129144784145
 30
0.0
 10
49.51417643025648
 20
26.6723277411604
 30
0.0
 10
46.50842633263927
 20
26.50621481558928
 30
0.0
 10
43.50559613072074
 20
26.2931754258746
 30
0.0
 10
40.50722961281242
 20
26.02412394395794
 30
0.0
 10
37.51538160182876
 20
25.68971202452158
 30
0.0
 10
34.53290835997191
 20
25.27971073190077
 30
0.0
 10
31.56190721124298
 20
24.79365497347032
 30
0.0
 10
28.60371942864045
 20
24.2349435331723
 30
0.0
 10
25.65980670223863
 20
23.60535436364622
 30
0.0
 10
23.22061911488194
 20
23.01851529002178
 30
0.0
 10
21.28005354583414
 20
22.50678002436937
 30
0.0
 10
19.83069392778117
 20
22.10067877378006
 30
0.0
 10
18.38825910694548
 20
21.67059841970151
 30
0.0
 10
16.95340247723163
 20
21.21586361542559
 30
0.0
 10
15.52652626389582
 20
20.73670096024872
 30
0.0
 10
14.10752720138186
 20
20.23468623565899
 30
0.0
 10
12.69812284474917
 20
19.70623179548755
 30
0.0
 10
11.30187091335366
 20
19.14383365241016
 30
0.0
 10
9.922081019902023
 20
18.54203033991929
 30
0.0
 10
8.564903960592847
 20
17.89054911041599
 30
0.0
 10
7.236912252225339
 20
17.18130844444966
 30
0.0
 10
6.161532699166697
 20
16.53467939676262
 30
0.0
 10
5.328966604483628
 20
15.97421120921568
 30
0.0
 10
4.72049546818069
 20
15.53118848899009
 30
0.0
 10
4.128824090705126
 20
15.06587021238469
 30
0.0
 10
3.556066919340536
 20
14.57750090283432
 30
0.0
 10
3.001706703790635
 20
14.06836863745658
 30
0.0
 10
2.461420962210961
 20
13.54445132701402
 30
0.0
 10
1.928406227117416
 20
13.01316489930045
 30
0.0
 10
1.408107217358896
 20
12.46924759856265
 30
0.0
 10
0.99965077076161
 20
11.99289529512174
 30
0.0
 10
0.6989072134250317
 20
11.5909479583206
 30
0.0
 10
0.4912197779871076
 20
11.2771672005014
 30
0.0
 10
0.3054365562665758
 20
10.94921292943644
 30
0.0
 10
0.1539923787689436
 20
10.60461313719727
 30
0.0
 10
0.0395865960758246
 20
10.24486734230747
 30
0.0
 10
0.0053820489784884
 20
9.995247360987272
 30
0.0
 10
-0.0000001907680552
 20
9.869933992018225
 30
0.0
  0
SPLINE
  5
462
330
405
100
AcDbEntity
  8
0
  6
Continuous
 62
     7
370
    25
100
AcDbSpline
210
0.0
220
0.0
230
1.0
 70
     8
 71
     3
 72
     8
 73
     4
 74
     0
 42
0.00000001
 43
0.0000000001
 40
0.7186906592776149
 40
0.7186906592776149
 40
0.7186906592776149
 40
0.7186906592776149
 40
0.7239710624448356
 40
0.7239710624448356
 40
0.7239710624448356
 40
0.7239710624448356
 10
134.0750048969
 20
7.962565074238534
 30
0.0
 10
134.4081140412109
 20
7.974799342344232
 30
0.0
 10
134.7412231882714
 20
7.987033529888337
 30
0.0
 10
135.0743323382235
 20
7.999267636802962
 30
0.0
  0
SPLINE
  5
463
330
405
100
AcDbEntity
  8
0
  6
Continuous
 62
     7
370
    25
100
AcDbSpline
210
0.0
220
0.0
230
1.0
 70
     8
 71
     3
 72
     8
 73
     4
 74
     0
 42
0.00000001
 43
0.0000000001
 40
0.7123541753384353
 40
0.7123541753384353
 40
0.7123541753384353
 40
0.7123541753384353
 40
0.7176345786317745
 40
0.7176345786317745
 40
0.7176345786317745
 40
0.7176345786317745
 10
132.8758119637
 20
7.918521355775758
 30
0.0
 10
133.2089211092298
 20
7.930755824388262
 30
0.0
 10
133.5420302578068
 20
7.942990203002277
 30
0.0
 10
133.8751394089797
 20
7.955224503622102
 30
0.0
  0
SPLINE
  5
464
330
405
100
AcDbEntity
  8
0
  6
Continuous
 62
     7
370
    25
100
AcDbSpline
210
0.0
220
0.0
230
1.0
 70
     8
 71
     3
 72
     8
 73
     4
 74
     0
 42
0.00000001
 43
0.0000000001
 40
0.7060176912340263
 40
0.7060176912340263
 40
0.7060176912340263
 40
0.7060176912340263
 40
0.71129809466641
 40
0.71129809466641
 40
0.71129809466641
 40
0.71129809466641
 10
131.6766190305
 20
7.874476842641316
 30
0.0
 10
132.0097281762885
 20
7.886711556028415
 30
0.0
 10
132.342837326051
 20
7.898946157182357
 30
0.0
 10
132.6759464790759
 20
7.911180663399771
 30
0.0
  0
SPLINE
  5
465
330
405
100
AcDbEntity
  8
0
  6
Continuous
 62
     7
370
    25
100
AcDbSpline
210
0.0
220
0.0
230
1.0
 70
     8
 71
     3
 72
     8
 73
     4
 74
     0
 42
0.00000001
 43
0.0000000001
 40
0.2886747853177265
 40
0.2886747853177265
 40
0.2886747853177265
 40
0.2886747853177265
 40
0.2939551822180681
 40
0.2939551822180681
 40
0.2939551822180681
 40
0.2939551822180681
 10
52.69376296369999
 20
4.969172835524291
 30
0.0
 10
53.026855200171
 20
4.981848632060361
 30
0.0
 10
53.35994654899483
 20
4.994547862724096
 30
0.0
 10
53.69303777305364
 20
5.007250421427468
 30
0.0
  0
SPLINE
  5
466
330
405
100
AcDbEntity
  8
0
  6
Continuous
 62
     7
370
    25
100
AcDbSpline
210
0.0
220
0.0
230
1.0
 70
     8
 71
     3
 72
     8
 73
     4
 74
     0
 42
0.00000001
 43
0.0000000001
 40
0.2823383088181495
 40
0.2823383088181495
 40
0.2823383088181495
 40
0.2823383088181495
 40
0.2876187057125947
 40
0.2876187057125947
 40
0.2876187057125947
 40
0.2876187057125947
 10
51.4946257244
 20
4.923675945178353
 30
0.0
 10
51.82772118940289
 20
4.93626654702324
 30
0.0
 10
52.16081485129989
 20
4.948904710302164
 30
0.0
 10
52.49390747297321
 20
4.961570328927158
 30
0.0
  0
SPLINE
  5
467
330
405
100
AcDbEntity
  8
0
  6
Continuous
 62
     7
370
    25
100
AcDbSpline
210
0.0
220
0.0
230
1.0
 70
     8
 71
     3
 72
     8
 73
     4
 74
     0
 42
0.00000001
 43
0.0000000001
 40
0.2760008557219563
 40
0.2760008557219563
 40
0.2760008557219563
 40
0.2760008557219563
 40
0.2812812551617412
 40
0.2812812551617412
 40
0.2812812551617412
 40
0.2812812551617412
 10
50.29528819325637
 20
4.878581665210991
 30
0.0
 10
50.62838914440916
 20
4.891030987683093
 30
0.0
 10
50.96148750181842
 20
4.903549734006521
 30
0.0
 10
51.2945838798649
 20
4.916120494058276
 30
0.0
  0
ENDBLK
  5
468
330
405
100
AcDbEntity
  8
0
100
AcDbBlockEnd
  0
BLOCK
  5
46A
330
469
100
AcDbEntity
  8
0
100
AcDbBlockBegin
  2
main_wing_第二块翼肋
 70
     0
 10
0.0
 20
0.0
 30
0.0
  3
main_wing_第二块翼肋
  1

  0
ARC
  5
46B
330
469
100
AcDbEntity
  8
0
  6
Continuous
 62
     7
370
    25
100
AcDbCircle
 10
19.3647284044
 20
11.7760446632
 30
0.0
 40
4.099999999999993
100
AcDbArc
 50
268.1337000118
 51
91.86629998809999
  0
ARC
  5
46C
330
469
100
AcDbEntity
  8
0
  6
Continuous
 62
     7
370
    25
100
AcDbCircle
 10
102.5749368879
 20
20.5475894079
 30
0.0
 40
1.000000000000026
100
AcDbArc
 50
315.0
 51
90.0
  0
ARC
  5
46D
330
469
100
AcDbEntity
  8
0
  6
Continuous
 62
     7
370
    25
100
AcDbCircle
 10
94.1239879115
 20
20.5475894079
 30
0.0
 40
1.0
100
AcDbArc
 50
90.0
 51
180.0
  0
ARC
  5
46E
330
469
100
AcDbEntity
  8
0
  6
Continuous
 62
     7
370
    25
100
AcDbCircle
 10
94.1239879115
 20
12.0966404315
 30
0.0
 40
1.000000000000011
100
AcDbArc
 50
180.0
 51
315.0
  0
ARC
  5
46F
330
469
100
AcDbEntity
  8
0
  6
Continuous
 62
     7
370
    25
100
AcDbCircle
 10
99.44530224979999
 20
10.6824268692
 30
0.0
 40
1.000000000009519
100
AcDbArc
 50
135.0
 51
270.0
  0
ARC
  5
470
330
469
100
AcDbEntity
  8
0
  6
Continuous
 62
     7
370
    25
100
AcDbCircle
 10
107.8962512262
 20
10.6824268692
 30
0.0
 40
1.0
100
AcDbArc
 50
270.0
 51
0.0
  0
ARC
  5
471
330
469
100
AcDbEntity
  8
0
  6
Continuous
 62
     7
370
    25
100
AcDbCircle
 10
107.8962512262
 20
19.1333758456
 30
0.0
 40
1.000000000009519
100
AcDbArc
 50
359.9999999943
 51
135.0000000033
  0
ARC
  5
472
330
469
100
AcDbEntity
  8
0
  6
Continuous
 62
     7
370
    25
100
AcDbCircle
 10
51.77825285359999
 20
11.7988787322
 30
0.0
 40
1.000000000005819
100
AcDbArc
 50
230.580428404
 51
0.0
  0
ARC
  5
473
330
469
100
AcDbEntity
  8
0
  6
Continuous
 62
     7
370
    25
100
AcDbCircle
 10
51.77825285359999
 20
20.5475894079
 30
0.0
 40
1.000000000000242
100
AcDbArc
 50
359.9999999998
 51
90.0000000001
  0
ARC
  5
474
330
469
100
AcDbEntity
  8
0
  6
Continuous
 62
     7
370
    25
100
AcDbCircle
 10
41.1348127751
 20
20.5475894079
 30
0.0
 40
1.0
100
AcDbArc
 50
90.0
 51
230.5804283959
  0
ARC
  5
475
330
469
100
AcDbEntity
  8
0
  6
Continuous
 62
     7
370
    25
100
AcDbCircle
 10
46.3879132202
 20
10.6824268692
 30
0.0
 40
1.0
100
AcDbArc
 50
270.0
 51
50.5804284001
  0
ARC
  5
476
330
469
100
AcDbEntity
  8
0
  6
Continuous
 62
     7
370
    25
100
AcDbCircle
 10
35.79074498260001
 20
19.3931029484
 30
0.0
 40
0.9999999999999927
100
AcDbArc
 50
50.5804283959
 51
180.0
  0
ARC
  5
477
330
469
100
AcDbEntity
  8
0
  6
Continuous
 62
     7
370
    25
100
AcDbCircle
 10
35.79074498260001
 20
10.6824268692
 30
0.0
 40
1.0
100
AcDbArc
 50
180.0
 51
270.0
  0
ARC
  5
478
330
469
100
AcDbEntity
  8
0
  6
Continuous
 62
     7
370
    25
100
AcDbCircle
 10
71.16734780929999
 20
10.6824268692
 30
0.0
 40
1.0
100
AcDbArc
 50
270.0
 51
0.0
  0
ARC
  5
479
330
469
100
AcDbEntity
  8
0
  6
Continuous
 62
     7
370
    25
100
AcDbCircle
 10
71.16734780929999
 20
19.2642318095
 30
0.0
 40
1.000000000000012
100
AcDbArc
 50
359.9999999998999
 51
132.6978208404
  0
ARC
  5
47A
330
469
100
AcDbEntity
  8
0
  6
Continuous
 62
     7
370
    25
100
AcDbCircle
 10
61.86662513229999
 20
10.6824268692
 30
0.0
 40
0.9999999999973276
100
AcDbArc
 50
132.697820841
 51
270.0
  0
ARC
  5
47B
330
469
100
AcDbEntity
  8
0
  6
Continuous
 62
     7
370
    25
100
AcDbCircle
 10
66.07348553979999
 20
20.5475894079
 30
0.0
 40
1.0
100
AcDbArc
 50
312.6786653339
 51
90.0
  0
ARC
  5
47C
330
469
100
AcDbEntity
  8
0
  6
Continuous
 62
     7
370
    25
100
AcDbCircle
 10
56.7653954602
 20
20.5475894079
 30
0.0
 40
1.0
100
AcDbArc
 50
90.0
 51
180.0
  0
ARC
  5
47D
330
469
100
AcDbEntity
  8
0
  6
Continuous
 62
     7
370
    25
100
AcDbCircle
 10
56.7653954602
 20
11.9647461575
 30
0.0
 40
1.000000000000001
100
AcDbArc
 50
180.0
 51
312.6786653339
  0
ARC
  5
47E
330
469
100
AcDbEntity
  8
0
  6
Continuous
 62
     7
370
    25
100
AcDbCircle
 10
89.2025709382
 20
20.5475894079
 30
0.0
 40
1.0
100
AcDbArc
 50
359.9999999991001
 51
90.00000000040001
  0
ARC
  5
47F
330
469
100
AcDbEntity
  8
0
  6
Continuous
 62
     7
370
    25
100
AcDbCircle
 10
80.8793937281
 20
20.5475894079
 30
0.0
 40
1.0
100
AcDbArc
 50
90.0
 51
224.6374608684
  0
ARC
  5
480
330
469
100
AcDbEntity
  8
0
  6
Continuous
 62
     7
370
    25
100
AcDbCircle
 10
89.2025709382
 20
12.1184102227
 30
0.0
 40
1.000000000021614
100
AcDbArc
 50
224.6374608702
 51
0.0
  0
ARC
  5
481
330
469
100
AcDbEntity
  8
0
  6
Continuous
 62
     7
370
    25
100
AcDbCircle
 10
75.9024565972
 20
19.1116060544
 30
0.0
 40
1.0
100
AcDbArc
 50
44.63746086839999
 51
180.0
  0
ARC
  5
482
330
469
100
AcDbEntity
  8
0
  6
Continuous
 62
     7
370
    25
100
AcDbCircle
 10
75.9024565972
 20
10.6824268692
 30
0.0
 40
1.0
100
AcDbArc
 50
180.0
 51
270.0
  0
ARC
  5
483
330
469
100
AcDbEntity
  8
0
  6
Continuous
 62
     7
370
    25
100
AcDbCircle
 10
84.2256338073
 20
10.6824268692
 30
0.0
 40
1.000000000000019
100
AcDbArc
 50
270.0
 51
44.63746086839999
  0
LINE
  5
484
330
469
100
AcDbEntity
  8
0
  6
Continuous
 62
     7
370
    25
100
AcDbLine
 10
128.7821380717
 20
8.003555051199999
 30
0.0
 11
128.7821380717
 21
0.0000001203
 31
0.0
  0
LINE
  5
485
330
469
100
AcDbEntity
  8
0
  6
Continuous
 62
     7
370
    25
100
AcDbLine
 10
128.7821380717
 20
0.0000001203
 30
0.0
 11
124.7821380717
 21
0.0000001203
 31
0.0
  0
LINE
  5
486
330
469
100
AcDbEntity
  8
0
  6
Continuous
 62
     7
370
    25
100
AcDbLine
 10
124.7821380717
 20
0.0000001203
 30
0.0
 11
124.7821380717
 21
7.752664489699998
 31
0.0
  0
LINE
  5
487
330
469
100
AcDbEntity
  8
0
  6
Continuous
 62
     7
370
    25
100
AcDbLine
 10
124.7821380717
 20
7.752664489699998
 30
0.0
 11
124.9846937833
 21
7.760097124099998
 31
0.0
  0
LINE
  5
488
330
469
100
AcDbEntity
  8
0
  6
Continuous
 62
     7
370
    25
100
AcDbLine
 10
124.9846937833
 20
7.760097124099998
 30
0.0
 11
124.9846937833
 21
7.8640771725
 31
0.0
  0
LINE
  5
489
330
469
100
AcDbEntity
  8
0
  6
Continuous
 62
     7
370
    25
100
AcDbLine
 10
46.5055510154
 20
0.0000000004
 30
0.0
 11
46.5055510154
 21
4.974763864599998
 31
0.0
  0
LINE
  5
48A
330
469
100
AcDbEntity
  8
0
  6
Continuous
 62
     7
370
    25
100
AcDbLine
 10
42.50555101519998
 20
0.0000000004
 30
0.0
 11
46.5055510154
 21
0.0000000004
 31
0.0
  0
LINE
  5
48B
330
469
100
AcDbEntity
  8
0
  6
Continuous
 62
     7
370
    25
100
AcDbLine
 10
42.50555101519998
 20
4.735972731299998
 30
0.0
 11
42.50555101519998
 21
0.0000000004
 31
0.0
  0
LINE
  5
48C
330
469
100
AcDbEntity
  8
0
  6
Continuous
 62
     7
370
    25
100
AcDbLine
 10
42.711465816
 20
4.7428963995
 30
0.0
 11
42.50555101519998
 21
4.735972731299998
 31
0.0
  0
LINE
  5
48D
330
469
100
AcDbEntity
  8
0
  6
Continuous
 62
     7
370
    25
100
AcDbLine
 10
42.711465816
 20
4.8430770574
 30
0.0
 11
42.711465816
 21
4.7428963995
 31
0.0
  0
LINE
  5
48E
330
469
100
AcDbEntity
  8
0
  6
Continuous
 62
     7
370
    25
100
AcDbLine
 10
118.9170806354
 20
14.792676511
 30
0.0
 11
118.9170810909
 21
22.1697776143
 31
0.0
  0
LINE
  5
48F
330
469
100
AcDbEntity
  8
0
  6
Continuous
 62
     7
370
    25
100
AcDbLine
 10
120.9170806354
 20
14.792676511
 30
0.0
 11
118.9170806354
 21
14.792676511
 31
0.0
  0
LINE
  5
490
330
469
100
AcDbEntity
  8
0
  6
Continuous
 62
     7
370
    25
100
AcDbLine
 10
120.9170806354
 20
21.8706731297
 30
0.0
 11
120.9170806354
 21
14.792676511
 31
0.0
  0
LINE
  5
491
330
469
100
AcDbEntity
  8
0
  6
Continuous
 62
     7
370
    25
100
AcDbLine
 10
134.9170806361
 20
19.5802307139
 30
0.0
 11
134.9170806361
 21
15.4182191968
 31
0.0
  0
LINE
  5
492
330
469
100
AcDbEntity
  8
0
  6
Continuous
 62
     7
370
    25
100
AcDbLine
 10
136.9170806361
 20
15.4182191968
 30
0.0
 11
134.9170806361
 21
15.4182191968
 31
0.0
  0
LINE
  5
493
330
469
100
AcDbEntity
  8
0
  6
Continuous
 62
     7
370
    25
100
AcDbLine
 10
136.9170806361
 20
12.4182191968
 30
0.0
 11
136.9170806361
 21
15.4182191968
 31
0.0
  0
LINE
  5
494
330
469
100
AcDbEntity
  8
0
  6
Continuous
 62
     7
370
    25
100
AcDbLine
 10
134.9170806361
 20
12.4182191968
 30
0.0
 11
136.9170806361
 21
12.4182191968
 31
0.0
  0
LINE
  5
495
330
469
100
AcDbEntity
  8
0
  6
Continuous
 62
     7
370
    25
100
AcDbLine
 10
134.9170806361
 20
12.4182191968
 30
0.0
 11
134.9170806361
 21
8.228868250499999
 31
0.0
  0
LINE
  5
496
330
469
100
AcDbEntity
  8
0
  6
Continuous
 62
     7
370
    25
100
AcDbLine
 10
127.5829451554
 20
7.9595104771
 30
0.0
 11
127.5829451554
 21
7.8554379459
 31
0.0
  0
LINE
  5
497
330
469
100
AcDbEntity
  8
0
  6
Continuous
 62
     7
370
    25
100
AcDbLine
 10
127.5829451554
 20
7.8554379459
 30
0.0
 11
128.5822725997
 21
7.892107538999998
 31
0.0
  0
LINE
  5
498
330
469
100
AcDbEntity
  8
0
  6
Continuous
 62
     7
370
    25
100
AcDbLine
 10
128.5822725997
 20
7.892107538999998
 30
0.0
 11
128.5822725979
 21
7.9962142594
 31
0.0
  0
LINE
  5
499
330
469
100
AcDbEntity
  8
0
  6
Continuous
 62
     7
370
    25
100
AcDbLine
 10
126.3837522222
 20
7.9154649758
 30
0.0
 11
126.3837522222
 21
7.811434434199999
 31
0.0
  0
LINE
  5
49A
330
469
100
AcDbEntity
  8
0
  6
Continuous
 62
     7
370
    25
100
AcDbLine
 10
126.3837522222
 20
7.811434434199999
 30
0.0
 11
127.3830796665
 21
7.848104027299998
 31
0.0
  0
LINE
  5
49B
330
469
100
AcDbEntity
  8
0
  6
Continuous
 62
     7
370
    25
100
AcDbLine
 10
127.3830796665
 20
7.848104027299998
 30
0.0
 11
127.3830796626
 21
7.952169634199999
 31
0.0
  0
LINE
  5
49C
330
469
100
AcDbEntity
  8
0
  6
Continuous
 62
     7
370
    25
100
AcDbLine
 10
126.1838867334
 20
7.804100515499999
 30
0.0
 11
126.1838867288
 21
7.908123953899998
 31
0.0
  0
LINE
  5
49D
330
469
100
AcDbEntity
  8
0
  6
Continuous
 62
     7
370
    25
100
AcDbLine
 10
125.1845592891
 20
7.871418381499998
 30
0.0
 11
125.1845592891
 21
7.767430922399999
 31
0.0
  0
LINE
  5
49E
330
469
100
AcDbEntity
  8
0
  6
Continuous
 62
     7
370
    25
100
AcDbLine
 10
125.1845592891
 20
7.767430922399999
 30
0.0
 11
126.1838867334
 21
7.804100515499999
 31
0.0
  0
LINE
  5
49F
330
469
100
AcDbEntity
  8
0
  6
Continuous
 62
     7
370
    25
100
AcDbLine
 10
46.3093040251
 20
4.9676634843
 30
0.0
 11
46.3093040252
 21
4.867598295599998
 31
0.0
  0
LINE
  5
4A0
330
469
100
AcDbEntity
  8
0
  6
Continuous
 62
     7
370
    25
100
AcDbLine
 10
45.3099424889
 20
4.831869877199999
 30
0.0
 11
45.3099424889
 21
4.931932417599999
 31
0.0
  0
LINE
  5
4A1
330
469
100
AcDbEntity
  8
0
  6
Continuous
 62
     7
370
    25
100
AcDbLine
 10
46.3093040252
 20
4.867598295599998
 30
0.0
 11
45.3099424889
 21
4.831869877199999
 31
0.0
  0
LINE
  5
4A2
330
469
100
AcDbEntity
  8
0
  6
Continuous
 62
     7
370
    25
100
AcDbLine
 10
45.11006690520001
 20
4.9248784048
 30
0.0
 11
45.1100669051
 21
4.8248164388
 31
0.0
  0
LINE
  5
4A3
330
469
100
AcDbEntity
  8
0
  6
Continuous
 62
     7
370
    25
100
AcDbLine
 10
44.11067097479999
 20
4.79006339
 30
0.0
 11
44.11067097479999
 21
4.8901222749
 31
0.0
  0
LINE
  5
4A4
330
469
100
AcDbEntity
  8
0
  6
Continuous
 62
     7
370
    25
100
AcDbLine
 10
45.1100669051
 20
4.8248164388
 30
0.0
 11
44.11067097479999
 21
4.79006339
 31
0.0
  0
LINE
  5
4A5
330
469
100
AcDbEntity
  8
0
  6
Continuous
 62
     7
370
    25
100
AcDbLine
 10
43.9107880088
 20
4.883280573399999
 30
0.0
 11
43.9107880088
 21
4.783222344599999
 31
0.0
  0
LINE
  5
4A6
330
469
100
AcDbEntity
  8
0
  6
Continuous
 62
     7
370
    25
100
AcDbLine
 10
42.91135281479999
 20
4.749617389199999
 30
0.0
 11
42.91135281479999
 21
4.849672160299999
 31
0.0
  0
LINE
  5
4A7
330
469
100
AcDbEntity
  8
0
  6
Continuous
 62
     7
370
    25
100
AcDbLine
 10
43.9107880088
 20
4.783222344599999
 30
0.0
 11
42.91135281479999
 21
4.749617389199999
 31
0.0
  0
LINE
  5
4A8
330
469
100
AcDbEntity
  8
0
  6
Continuous
 62
     7
370
    25
100
AcDbLine
 10
102.5749368879
 20
21.5475894079
 30
0.0
 11
94.1239879115
 21
21.5475894079
 31
0.0
  0
LINE
  5
4A9
330
469
100
AcDbEntity
  8
0
  6
Continuous
 62
     7
370
    25
100
AcDbLine
 10
93.1239879115
 20
20.5475894079
 30
0.0
 11
93.1239879115
 21
12.0966404315
 31
0.0
  0
LINE
  5
4AA
330
469
100
AcDbEntity
  8
0
  6
Continuous
 62
     7
370
    25
100
AcDbLine
 10
94.83109469270001
 20
11.3895336503
 30
0.0
 11
103.2820436691
 21
19.8404826267
 31
0.0
  0
LINE
  5
4AB
330
469
100
AcDbEntity
  8
0
  6
Continuous
 62
     7
370
    25
100
AcDbLine
 10
98.73819546860001
 20
11.3895336504
 30
0.0
 11
107.1891444449
 21
19.8404826268
 31
0.0
  0
LINE
  5
4AC
330
469
100
AcDbEntity
  8
0
  6
Continuous
 62
     7
370
    25
100
AcDbLine
 10
107.8962512262
 20
9.6824268692
 30
0.0
 11
99.44530224979999
 21
9.6824268692
 31
0.0
  0
LINE
  5
4AD
330
469
100
AcDbEntity
  8
0
  6
Continuous
 62
     7
370
    25
100
AcDbLine
 10
108.8962512262
 20
19.13337584549999
 30
0.0
 11
108.8962512262
 21
10.6824268692
 31
0.0
  0
LINE
  5
4AE
330
469
100
AcDbEntity
  8
0
  6
Continuous
 62
     7
370
    25
100
AcDbLine
 10
40.4998183417
 20
19.7750726964
 30
0.0
 11
51.1432584203
 21
11.0263620206
 31
0.0
  0
LINE
  5
4AF
330
469
100
AcDbEntity
  8
0
  6
Continuous
 62
     7
370
    25
100
AcDbLine
 10
52.77825285359999
 20
11.7988787322
 30
0.0
 11
52.77825285359999
 21
20.5475894079
 31
0.0
  0
LINE
  5
4B0
330
469
100
AcDbEntity
  8
0
  6
Continuous
 62
     7
370
    25
100
AcDbLine
 10
51.77825285359999
 20
21.5475894079
 30
0.0
 11
41.1348127751
 21
21.5475894079
 31
0.0
  0
LINE
  5
4B1
330
469
100
AcDbEntity
  8
0
  6
Continuous
 62
     7
370
    25
100
AcDbLine
 10
35.79074498260001
 20
9.6824268692
 30
0.0
 11
46.3879132202
 21
9.6824268692
 31
0.0
  0
LINE
  5
4B2
330
469
100
AcDbEntity
  8
0
  6
Continuous
 62
     7
370
    25
100
AcDbLine
 10
47.0229076535
 20
11.4549435807
 30
0.0
 11
36.425739416
 21
20.1656196599
 31
0.0
  0
LINE
  5
4B3
330
469
100
AcDbEntity
  8
0
  6
Continuous
 62
     7
370
    25
100
AcDbLine
 10
34.79074498260001
 20
19.3931029484
 30
0.0
 11
34.79074498260001
 21
10.6824268692
 31
0.0
  0
LINE
  5
4B4
330
469
100
AcDbEntity
  8
0
  6
Continuous
 62
     7
370
    25
100
AcDbLine
 10
71.16734780929999
 20
9.6824268692
 30
0.0
 11
61.86662513229999
 21
9.6824268692
 31
0.0
  0
LINE
  5
4B5
330
469
100
AcDbEntity
  8
0
  6
Continuous
 62
     7
370
    25
100
AcDbLine
 10
72.1673478093
 20
19.2642318095
 30
0.0
 11
72.1673478093
 21
10.6824268692
 31
0.0
  0
LINE
  5
4B6
330
469
100
AcDbEntity
  8
0
  6
Continuous
 62
     7
370
    25
100
AcDbLine
 10
61.1884934143
 20
11.4173672566
 30
0.0
 11
70.48921609129997
 21
19.9991721969
 31
0.0
  0
LINE
  5
4B7
330
469
100
AcDbEntity
  8
0
  6
Continuous
 62
     7
370
    25
100
AcDbLine
 10
66.07348553979999
 20
21.5475894079
 30
0.0
 11
56.7653954602
 21
21.5475894079
 31
0.0
  0
LINE
  5
4B8
330
469
100
AcDbEntity
  8
0
  6
Continuous
 62
     7
370
    25
100
AcDbLine
 10
55.76539546020001
 20
20.5475894079
 30
0.0
 11
55.76539546020001
 21
11.9647461575
 31
0.0
  0
LINE
  5
4B9
330
469
100
AcDbEntity
  8
0
  6
Continuous
 62
     7
370
    25
100
AcDbLine
 10
57.4432814301
 20
11.2295790937
 30
0.0
 11
66.75137150970001
 21
19.8124223441
 31
0.0
  0
LINE
  5
4BA
330
469
100
AcDbEntity
  8
0
  6
Continuous
 62
     7
370
    25
100
AcDbLine
 10
89.2025709382
 20
21.5475894079
 30
0.0
 11
80.8793937281
 21
21.5475894079
 31
0.0
  0
LINE
  5
4BB
330
469
100
AcDbEntity
  8
0
  6
Continuous
 62
     7
370
    25
100
AcDbLine
 10
80.16782691279997
 20
19.8449709714
 30
0.0
 11
88.49100412290001
 21
11.4157917861
 31
0.0
  0
LINE
  5
4BC
330
469
100
AcDbEntity
  8
0
  6
Continuous
 62
     7
370
    25
100
AcDbLine
 10
90.20257093819999
 20
12.1184102227
 30
0.0
 11
90.20257093819999
 21
20.5475894079
 31
0.0
  0
LINE
  5
4BD
330
469
100
AcDbEntity
  8
0
  6
Continuous
 62
     7
370
    25
100
AcDbLine
 10
74.9024565972
 20
19.1116060544
 30
0.0
 11
74.9024565972
 21
10.6824268692
 31
0.0
  0
LINE
  5
4BE
330
469
100
AcDbEntity
  8
0
  6
Continuous
 62
     7
370
    25
100
AcDbLine
 10
75.9024565972
 20
9.6824268692
 30
0.0
 11
84.2256338073
 21
9.6824268692
 31
0.0
  0
LINE
  5
4BF
330
469
100
AcDbEntity
  8
0
  6
Continuous
 62
     7
370
    25
100
AcDbLine
 10
84.93720062260001
 20
11.3850453057
 30
0.0
 11
76.6140234125
 21
19.8142244909
 31
0.0
  0
SPLINE
  5
4C0
330
469
100
AcDbEntity
  8
0
  6
Continuous
 62
     7
370
    25
100
AcDbSpline
210
0.0
220
0.0
230
1.0
 70
     8
 71
     3
 72
     8
 73
     4
 74
     0
 42
0.00000001
 43
0.0000000001
 40
0.714822836807779
 40
0.714822836807779
 40
0.714822836807779
 40
0.714822836807779
 40
0.7483889267381946
 40
0.7483889267381946
 40
0.7483889267381946
 40
0.7483889267381946
 10
128.7821380716549
 20
8.003555051176096
 30
0.0
 10
130.8271187907624
 20
8.07866308095998
 30
0.0
 10
132.8720997259586
 20
8.153766710117581
 30
0.0
 10
134.9170806360858
 20
8.228868250510656
 30
0.0
  0
SPLINE
  5
4C1
330
469
100
AcDbEntity
  8
0
  6
Continuous
 62
     7
370
    25
100
AcDbSpline
210
0.0
220
0.0
230
1.0
 70
     8
 71
     3
 72
    25
 73
    21
 74
     0
 42
0.00000001
 43
0.0000000001
 40
0.2646617706425862
 40
0.2646617706425862
 40
0.2646617706425862
 40
0.2646617706425862
 40
0.280055853214719
 40
0.295614511726648
 40
0.3111731702385767
 40
0.3267318287505055
 40
0.3422904872624342
 40
0.3578491457743633
 40
0.3734078042862919
 40
0.3889664627982208
 40
0.4045251213101496
 40
0.4356424383340072
 40
0.4667597553578648
 40
0.4978770723817226
 40
0.5289943894055802
 40
0.5601117064294378
 40
0.5912290234532956
 40
0.6223463404771531
 40
0.6534636575010108
 40
0.6940458904367879
 40
0.6940458904367879
 40
0.6940458904367879
 40
0.6940458904367879
 10
46.5055510154
 20
4.974763864645168
 30
0.0
 10
47.44343669613377
 20
5.008758659585836
 30
0.0
 10
49.32917124698711
 20
5.078856522431141
 30
0.0
 10
52.16268010016382
 20
5.186990778810882
 30
0.0
 10
55.00622093738098
 20
5.295354226864703
 30
0.0
 10
57.84983743472598
 20
5.401717309890806
 30
0.0
 10
60.69350037724903
 20
5.506826012377902
 30
0.0
 10
63.53720315759571
 20
5.610853209659217
 30
0.0
 10
66.38092757877784
 20
5.714284911620555
 30
0.0
 10
69.22466206141961
 20
5.817440044817044
 30
0.0
 10
73.01630344862195
 20
5.955106993110572
 30
0.0
 10
77.75580911465644
 20
6.128455679743129
 30
0.0
 10
83.44317261700549
 20
6.337653139265806
 30
0.0
 10
89.13051861574265
 20
6.547325780653762
 30
0.0
 10
94.81788237591883
 20
6.756516048389749
 30
0.0
 10
100.5052602986713
 20
6.965321003313281
 30
0.0
 10
106.1926427804053
 20
7.174001371692201
 30
0.0
 10
111.8800225873461
 20
7.382755231783007
 30
0.0
 10
118.1440391486695
 20
7.612791674630745
 30
0.0
 10
122.5122618056783
 20
7.773262704497954
 30
0.0
 10
124.984693783255
 20
7.864077172523611
 30
0.0
  0
SPLINE
  5
4C2
330
469
100
AcDbEntity
  8
0
  6
Continuous
 62
     7
370
    25
100
AcDbSpline
210
0.0
220
0.0
230
1.0
 70
     8
 71
     3
 72
    40
 73
    36
 74
     0
 42
0.00000001
 43
0.0000000001
 40
0.0
 40
0.0
 40
0.0
 40
0.0
 40
0.003889664627982
 40
0.0077793292559643
 40
0.0116689938839466
 40
0.0155586585119288
 40
0.0194483231399111
 40
0.0233379877678933
 40
0.0272276523958756
 40
0.0311173170238579
 40
0.0350069816518401
 40
0.0388966462798224
 40
0.0427863109078047
 40
0.0466759755357867
 40
0.0505656401637687
 40
0.054455304791751
 40
0.0583449694197332
 40
0.0622346340477155
 40
0.07001396330368
 40
0.0777932925596443
 40
0.0855726218156086
 40
0.0933519510715732
 40
0.1011312803275377
 40
0.108910609583502
 40
0.1166899388394663
 40
0.1244692680954308
 40
0.1322485973513953
 40
0.1400279266073598
 40
0.1555865851192884
 40
0.1711452436312172
 40
0.1867039021431461
 40
0.2022625606550749
 40
0.2178212191670037
 40
0.2333798776789325
 40
0.2439046898201505
 40
0.2439046898201505
 40
0.2439046898201505
 40
0.2439046898201505
 10
-0.0000000000418581
 20
9.866871420326395
 30
0.0
 10
-0.0096020435156188
 20
9.629931716224243
 30
0.0
 10
0.0578700988941883
 20
9.152539731157496
 30
0.0
 10
0.3909209150803665
 20
8.515293390638824
 30
0.0
 10
0.8352977790434092
 20
7.958555003323987
 30
0.0
 10
1.362648131107035
 20
7.477309457777487
 30
0.0
 10
1.93953525536015
 20
7.059846558858236
 30
0.0
 10
2.567326374777485
 20
6.721220757260628
 30
0.0
 10
3.229438625958521
 20
6.458993483424942
 30
0.0
 10
3.911069378241341
 20
6.253572590134371
 30
0.0
 10
4.603382823545682
 20
6.089132410874307
 30
0.0
 10
5.300604137004331
 20
5.947673915376789
 30
0.0
 10
5.99826125692673
 20
5.8085575675168
 30
0.0
 10
6.696617722641371
 20
5.672888370943633
 30
0.0
 10
7.396773624020321
 20
5.546772122151092
 30
0.0
 10
8.099063469693259
 20
5.4330772716647
 30
0.0
 10
8.803246362059161
 20
5.331832660547762
 30
0.0
 10
9.74445599190607
 20
5.213773103064387
 30
0.0
 10
10.92435149169279
 20
5.095699608196165
 30
0.0
 10
12.34317519946146
 20
4.988361280093128
 30
0.0
 10
13.76353962827379
 20
4.904737650145011
 30
0.0
 10
15.18442824507057
 20
4.830929626245983
 30
0.0
 10
16.60559800402818
 20
4.762701585272473
 30
0.0
 10
18.02718537181882
 20
4.703667087705071
 30
0.0
 10
19.44915725942077
 20
4.654820041184589
 30
0.0
 10
20.87143450314555
 20
4.615853500040492
 30
0.0
 10
22.2939223747619
 20
4.585670732142074
 30
0.0
 10
24.19077588991904
 20
4.556462505083309
 30
0.0
 10
26.56208616761258
 20
4.539615607814988
 30
0.0
 10
29.40770978095986
 20
4.547301073608445
 30
0.0
 10
32.25316188300511
 20
4.578779328737202
 30
0.0
 10
35.09831025132515
 20
4.630566820081893
 30
0.0
 10
37.94310871574569
 20
4.698699448204298
 30
0.0
 10
40.4807887672239
 20
4.771418431602537
 30
0.0
 10
42.07016635534764
 20
4.821988506386071
 30
0.0
 10
42.711465816
 20
4.8430770574
 30
0.0
  0
SPLINE
  5
4C3
330
469
100
AcDbEntity
  8
0
  6
Continuous
 62
     7
370
    25
100
AcDbSpline
210
0.0
220
0.0
230
1.0
 70
     8
 71
     3
 72
    59
 73
    55
 74
     0
 42
0.00000001
 43
0.0000000001
 40
0.3383038751867819
 40
0.3383038751867819
 40
0.3383038751867819
 40
0.3383038751867819
 40
0.346606648199446
 40
0.3777206173328055
 40
0.4088345864661653
 40
0.4399485555995251
 40
0.4710625247328848
 40
0.5021764938662445
 40
0.5332904629996044
 40
0.5644044321329639
 40
0.5955184012663237
 40
0.6266323703996834
 40
0.6421893549663633
 40
0.6577463395330432
 40
0.6733033240997229
 40
0.6888603086664028
 40
0.7044172932330826
 40
0.7199742777997625
 40
0.7355312623664422
 40
0.7510882469331222
 40
0.7666452314998021
 40
0.7822022160664819
 40
0.7977592006331618
 40
0.8133161851998416
 40
0.8288731697665213
 40
0.8444301543332013
 40
0.8599871388998806
 40
0.8677656311832208
 40
0.8755441234665608
 40
0.8833226157499007
 40
0.8911011080332407
 40
0.8988796003165806
 40
0.9066580925999208
 40
0.9144365848832606
 40
0.9222150771666008
 40
0.9299935694499408
 40
0.9377720617332807
 40
0.9455505540166203
 40
0.9533290462999604
 40
0.9572182924416299
 40
0.9611075385833004
 40
0.9649967847249699
 40
0.9688860308666404
 40
0.97277527700831
 40
0.9766645231499799
 40
0.9805537692916498
 40
0.9844430154333199
 40
0.98833226157499
 40
0.9902768846458247
 40
0.9922215077166599
 40
0.9941661307874948
 40
0.9961107538583299
 40
0.9980553769291647
 40
1.0
 40
1.0
 40
1.0
 40
1.0
 10
118.9170810909204
 20
22.16977761429244
 30
0.0
 10
118.4054094571323
 20
22.24530751580889
 30
0.0
 10
115.9757575276706
 20
22.60027329655001
 30
0.0
 10
111.6236226112747
 20
23.20361325179623
 30
0.0
 10
105.853918985263
 20
23.92654040325885
 30
0.0
 10
100.0744813575656
 20
24.5671747252255
 30
0.0
 10
94.28650970087915
 20
25.12537644706801
 30
0.0
 10
88.49112169614334
 20
25.6005165024468
 30
0.0
 10
82.68933783641967
 20
25.99022984053686
 30
0.0
 10
76.88170589226801
 20
26.28127427283609
 30
0.0
 10
71.06950247815955
 20
26.46118092920796
 30
0.0
 10
66.22390891496019
 20
26.50890208215822
 30
0.0
 10
62.34746619230548
 20
26.49416327596579
 30
0.0
 10
59.44030894433429
 20
26.45852945309186
 30
0.0
 10
56.53354215809554
 20
26.40002426488261
 30
0.0
 10
53.6272564087415
 20
26.32106225926631
 30
0.0
 10
50.72153675249694
 20
26.22349049990996
 30
0.0
 10
47.81682206852243
 20
26.09889900650295
 30
0.0
 10
44.91384386719935
 20
25.9384191961128
 30
0.0
 10
42.01368767646235
 20
25.73260069145476
 30
0.0
 10
39.11784386608126
 20
25.47267968918224
 30
0.0
 10
36.22829964383503
 20
25.14961312227482
 30
0.0
 10
33.3478130605741
 20
24.75353491492103
 30
0.0
 10
30.47840865607128
 20
24.2840033178825
 30
0.0
 10
27.62138139359016
 20
23.74430313917519
 30
0.0
 10
24.77814384577054
 20
23.13614607365449
 30
0.0
 10
22.42237545357887
 20
22.56928350473869
 30
0.0
 10
20.54818038864244
 20
22.07496610996972
 30
0.0
 10
19.14839337317886
 20
21.6826867670941
 30
0.0
 10
17.75529707136135
 20
21.26724302951683
 30
0.0
 10
16.36952123137138
 20
20.82798752720239
 30
0.0
 10
14.99145379427061
 20
20.36514080423193
 30
0.0
 10
13.62099460325085
 20
19.88022537727987
 30
0.0
 10
12.25981195105626
 20
19.36975116674806
 30
0.0
 10
10.91134132731624
 20
18.82647713663643
 30
0.0
 10
9.578782929677819
 20
18.24512256751774
 30
0.0
 10
8.268086299303682
 20
17.61575455381902
 30
0.0
 10
6.985594646586042
 20
16.9305851592281
 30
0.0
 10
5.94709579967004
 20
16.30587596387462
 30
0.0
 10
5.143117454459432
 20
15.76438988990224
 30
0.0
 10
4.55554952364205
 20
15.33637845421524
 30
0.0
 10
3.984214656003801
 20
14.88683433747443
 30
0.0
 10
3.431159860462518
 20
14.41502227419469
 30
0.0
 10
2.895855918859153
 20
13.92318871194858
 30
0.0
 10
2.374104434336134
 20
13.41711861267693
 30
0.0
 10
1.859362751856335
 20
12.90395406039852
 30
0.0
 10
1.356966365763448
 20
12.37851346037411
 30
0.0
 10
0.9627119597320971
 20
11.91825822911567
 30
0.0
 10
0.6724539727528516
 20
11.52988135510742
 30
0.0
 10
0.4721876198166495
 20
11.22663799636485
 30
0.0
 10
0.2931126371921744
 20
10.90971473185964
 30
0.0
 10
0.1471951195972165
 20
10.5767184265785
 30
0.0
 10
0.0373354822865508
 20
10.22907773373951
 30
0.0
 10
0.004905217974196
 20
9.987912416282981
 30
0.0
 10
-0.0000000000418581
 20
9.866871420326395
 30
0.0
  0
SPLINE
  5
4C4
330
469
100
AcDbEntity
  8
0
  6
Continuous
 62
     7
370
    25
100
AcDbSpline
210
0.0
220
0.0
230
1.0
 70
     8
 71
     3
 72
    11
 73
     7
 74
     0
 42
0.00000001
 43
0.0000000001
 40
0.2515723180166206
 40
0.2515723180166206
 40
0.2515723180166206
 40
0.2515723180166206
 40
0.2532647407993668
 40
0.2843787099327265
 40
0.3154926790660862
 40
0.3274829848272668
 40
0.3274829848272668
 40
0.3274829848272668
 40
0.3274829848272668
 10
134.9170806360858
 20
19.58023071386207
 30
0.0
 10
134.8132348465955
 20
19.59842981286478
 30
0.0
 10
132.8001710265287
 20
19.9507029704114
 30
0.0
 10
128.8745607176779
 20
20.61802744836961
 30
0.0
 10
124.3096387152057
 20
21.3512530100033
 30
0.0
 10
121.6555840875581
 20
21.75879826215724
 30
0.0
 10
120.9170787769904
 20
21.87066074921896
 30
0.0
  0
SPLINE
  5
4C5
330
469
100
AcDbEntity
  8
0
  6
Continuous
 62
     7
370
    25
100
AcDbSpline
210
0.0
220
0.0
230
1.0
 70
     8
 71
     3
 72
     8
 73
     4
 74
     0
 42
0.00000001
 43
0.0000000001
 40
0.7082616961257919
 40
0.7082616961257919
 40
0.7082616961257919
 40
0.7082616961257919
 40
0.7137293133773303
 40
0.7137293133773303
 40
0.7137293133773303
 40
0.7137293133773303
 10
127.5829451554
 20
7.959510477128392
 30
0.0
 10
127.9160542975116
 20
7.971745190811003
 30
0.0
 10
128.2491634449367
 20
7.983979783432247
 30
0.0
 10
128.5822725978829
 20
7.996214259381655
 30
0.0
  0
SPLINE
  5
4C6
330
469
100
AcDbEntity
  8
0
  6
Continuous
 62
     7
370
    25
100
AcDbSpline
210
0.0
220
0.0
230
1.0
 70
     8
 71
     3
 72
     8
 73
     4
 74
     0
 42
0.00000001
 43
0.0000000001
 40
0.7017005552067777
 40
0.7017005552067777
 40
0.7017005552067777
 40
0.7017005552067777
 40
0.7071681726556425
 40
0.7071681726556425
 40
0.7071681726556425
 40
0.7071681726556425
 10
126.3837522222
 20
7.915464975842927
 30
0.0
 10
126.7168613638799
 20
7.927699986835292
 30
0.0
 10
127.0499705106242
 20
7.939934871498862
 30
0.0
 10
127.3830796626405
 20
7.952169634223152
 30
0.0
  0
SPLINE
  5
4C7
330
469
100
AcDbEntity
  8
0
  6
Continuous
 62
     7
370
    25
100
AcDbSpline
210
0.0
220
0.0
230
1.0
 70
     8
 71
     3
 72
     8
 73
     4
 74
     0
 42
0.00000001
 43
0.0000000001
 40
0.6951394140537392
 40
0.6951394140537392
 40
0.6951394140537392
 40
0.6951394140537392
 40
0.7006070316974731
 40
0.7006070316974731
 40
0.7006070316974731
 40
0.7006070316974731
 10
125.1845592891
 20
7.871418381505527
 30
0.0
 10
125.5176684307965
 20
7.883653702444018
 30
0.0
 10
125.8507775773082
 20
7.895888891786275
 30
0.0
 10
126.1838867288428
 20
7.908123953921812
 30
0.0
  0
SPLINE
  5
4C8
330
469
100
AcDbEntity
  8
0
  6
Continuous
 62
     7
370
    25
100
AcDbSpline
210
0.0
220
0.0
230
1.0
 70
     8
 71
     3
 72
     8
 73
     4
 74
     0
 42
0.00000001
 43
0.0000000001
 40
0.0
 40
0.0
 40
0.0
 40
0.0
 40
1.0
 40
1.0
 40
1.0
 40
1.0
 10
19.2312023928773
 20
15.87386979421688
 30
0.0
 10
19.18671733224193
 20
15.87531932232772
 30
0.0
 10
19.14219685991107
 20
15.87604466321913
 30
0.0
 10
19.09767638131657
 20
15.87604466321914
 30
0.0
  0
SPLINE
  5
4C9
330
469
100
AcDbEntity
  8
0
  6
Continuous
 62
     7
370
    25
100
AcDbSpline
210
0.0
220
0.0
230
1.0
 70
     8
 71
     3
 72
    10
 73
     6
 74
     0
 42
0.00000001
 43
0.0000000001
 40
0.0
 40
0.0
 40
0.0
 40
0.0
 40
0.5
 40
0.5
 40
1.0
 40
1.0
 40
1.0
 40
1.0
 10
19.09767638131657
 20
15.87604466321914
 30
0.0
 10
16.36434304798324
 20
15.87604466321912
 30
0.0
 10
14.9976763813166
 20
13.14271132988581
 30
0.0
 10
14.9976763813166
 20
10.40937799655248
 30
0.0
 10
16.36434304798328
 20
7.676044663219133
 30
0.0
 10
19.09767638131661
 20
7.676044663219146
 30
0.0
  0
SPLINE
  5
4CA
330
469
100
AcDbEntity
  8
0
  6
Continuous
 62
     7
370
    25
100
AcDbSpline
210
0.0
220
0.0
230
1.0
 70
     8
 71
     3
 72
     8
 73
     4
 74
     0
 42
0.00000001
 43
0.0000000001
 40
0.0
 40
0.0
 40
0.0
 40
0.0
 40
1.0
 40
1.0
 40
1.0
 40
1.0
 10
19.09767638131661
 20
7.676044663219146
 30
0.0
 10
19.14219685990865
 20
7.676044663219146
 30
0.0
 10
19.18671733223702
 20
7.676770004110482
 30
0.0
 10
19.23120239286997
 20
7.678219532221162
 30
0.0
  0
SPLINE
  5
4CB
330
469
100
AcDbEntity
  8
0
  6
Continuous
 62
     7
370
    25
100
AcDbSpline
210
0.0
220
0.0
230
1.0
 70
     8
 71
     3
 72
     8
 73
     4
 74
     0
 42
0.00000001
 43
0.0000000001
 40
0.2581204556993541
 40
0.2581204556993541
 40
0.2581204556993541
 40
0.2581204556993541
 40
0.2635880665105557
 40
0.2635880665105557
 40
0.2635880665105557
 40
0.2635880665105557
 10
45.3099424889
 20
4.931932417561847
 30
0.0
 10
45.64306750503479
 20
4.943716053199018
 30
0.0
 10
45.97618781945008
 20
4.955633092239745
 30
0.0
 10
46.30930402514221
 20
4.967663484314746
 30
0.0
  0
SPLINE
  5
4CC
330
469
100
AcDbEntity
  8
0
  6
Continuous
 62
     7
370
    25
100
AcDbSpline
210
0.0
220
0.0
230
1.0
 70
     8
 71
     3
 72
     8
 73
     4
 74
     0
 42
0.00000001
 43
0.0000000001
 40
0.2515593220696505
 40
0.2515593220696505
 40
0.2515593220696505
 40
0.2515593220696505
 40
0.2570269335087628
 40
0.2570269335087628
 40
0.2570269335087628
 40
0.2570269335087628
 10
44.11067097479999
 20
4.890122274892103
 30
0.0
 10
44.44380816723582
 20
4.901556871104356
 30
0.0
 10
44.77693994635514
 20
4.913148931201872
 30
0.0
 10
45.11006690515456
 20
4.924878404808461
 30
0.0
  0
SPLINE
  5
4CD
330
469
100
AcDbEntity
  8
0
  6
Continuous
 62
     7
370
    25
100
AcDbSpline
210
0.0
220
0.0
230
1.0
 70
     8
 71
     3
 72
     8
 73
     4
 74
     0
 42
0.00000001
 43
0.0000000001
 40
0.2449981886980502
 40
0.2449981886980502
 40
0.2449981886980502
 40
0.2449981886980502
 40
0.2504657998026026
 40
0.2504657998026026
 40
0.2504657998026026
 40
0.2504657998026026
 10
42.91135281479999
 20
4.849672160264541
 30
0.0
 10
43.24450372441583
 20
4.860700610262596
 30
0.0
 10
43.57764864768228
 20
4.871909765415048
 30
0.0
 10
43.91078800877997
 20
4.883280573363605
 30
0.0
  0
ENDBLK
  5
4CE
330
469
100
AcDbEntity
  8
0
100
AcDbBlockEnd
  0
BLOCK
  5
4D0
330
4CF
100
AcDbEntity
  8
0
100
AcDbBlockBegin
  2
main_wing_第三块翼肋
 70
     0
 10
0.0
 20
0.0
 30
0.0
  3
main_wing_第三块翼肋
  1

  0
ARC
  5
4D1
330
4CF
100
AcDbEntity
  8
0
  6
Continuous
 62
     7
370
    25
100
AcDbCircle
 10
19.3460479536
 20
11.7760446632
 30
0.0
 40
4.100000000000028
100
AcDbArc
 50
268.1337000119
 51
91.86629998809999
  0
ARC
  5
4D2
330
4CF
100
AcDbEntity
  8
0
  6
Continuous
 62
     7
370
    25
100
AcDbCircle
 10
29.6387014689
 20
18.7144858969
 30
0.0
 40
1.000000000000007
100
AcDbArc
 50
51.9904743431
 51
180.0
  0
ARC
  5
4D3
330
4CF
100
AcDbEntity
  8
0
  6
Continuous
 62
     7
370
    25
100
AcDbCircle
 10
29.6387014689
 20
11.2826922558
 30
0.0
 40
1.000000000000007
100
AcDbArc
 50
180.0
 51
270.0
  0
ARC
  5
4D4
330
4CF
100
AcDbEntity
  8
0
  6
Continuous
 62
     7
370
    25
100
AcDbCircle
 10
39.14770451280001
 20
11.2826922558
 30
0.0
 40
1.000000000000005
100
AcDbArc
 50
270.0
 51
51.9904743431
  0
ARC
  5
4D5
330
4CF
100
AcDbEntity
  8
0
  6
Continuous
 62
     7
370
    25
100
AcDbCircle
 10
105.6485593574
 20
12.9385104347
 30
0.0
 40
1.000000000000005
100
AcDbArc
 50
221.2659034088
 51
0.0
  0
ARC
  5
4D6
330
4CF
100
AcDbEntity
  8
0
  6
Continuous
 62
     7
370
    25
100
AcDbCircle
 10
105.6485593574
 20
19.7652223842
 30
0.0
 40
1.0
100
AcDbArc
 50
0.0
 51
90.0
  0
ARC
  5
4D7
330
4CF
100
AcDbEntity
  8
0
  6
Continuous
 62
     7
370
    25
100
AcDbCircle
 10
99.6583406525
 20
19.7652223842
 30
0.0
 40
1.000000000000001
100
AcDbArc
 50
90.0
 51
221.2659034087
  0
ARC
  5
4D8
330
4CF
100
AcDbEntity
  8
0
  6
Continuous
 62
     7
370
    25
100
AcDbCircle
 10
66.1887977041
 20
18.3967201595
 30
0.0
 40
1.0
100
AcDbArc
 50
45.77969602209999
 51
180.0
  0
ARC
  5
4D9
330
4CF
100
AcDbEntity
  8
0
  6
Continuous
 62
     7
370
    25
100
AcDbCircle
 10
66.1887977041
 20
11.2826922558
 30
0.0
 40
1.0
100
AcDbArc
 50
180.0
 51
270.0
  0
ARC
  5
4DA
330
4CF
100
AcDbEntity
  8
0
  6
Continuous
 62
     7
370
    25
100
AcDbCircle
 10
73.4991281842
 20
11.2826922558
 30
0.0
 40
1.0
100
AcDbArc
 50
270.0
 51
45.77969602209999
  0
ARC
  5
4DB
330
4CF
100
AcDbEntity
  8
0
  6
Continuous
 62
     7
370
    25
100
AcDbCircle
 10
62.007457107
 20
11.2826922558
 30
0.0
 40
0.9999999999999964
100
AcDbArc
 50
270.0000000001
 51
0.0
  0
ARC
  5
4DC
330
4CF
100
AcDbEntity
  8
0
  6
Continuous
 62
     7
370
    25
100
AcDbCircle
 10
62.007457107
 20
18.5846930166
 30
0.0
 40
1.000000000000001
100
AcDbArc
 50
0.0000000002
 51
130.7272192342
  0
ARC
  5
4DD
330
4CF
100
AcDbEntity
  8
0
  6
Continuous
 62
     7
370
    25
100
AcDbCircle
 10
53.5262512551
 20
11.2826922558
 30
0.0
 40
1.000000000009117
100
AcDbArc
 50
130.7272192322
 51
270.0
  0
ARC
  5
4DE
330
4CF
100
AcDbEntity
  8
0
  6
Continuous
 62
     7
370
    25
100
AcDbCircle
 10
48.9760396561
 20
12.4632216234
 30
0.0
 40
1.000000000000005
100
AcDbArc
 50
180.0
 51
310.7272192324
  0
ARC
  5
4DF
330
4CF
100
AcDbEntity
  8
0
  6
Continuous
 62
     7
370
    25
100
AcDbCircle
 10
57.4572455088
 20
19.7652223842
 30
0.0
 40
0.9999999999712303
100
AcDbArc
 50
310.7272192353
 51
89.99999999939999
  0
ARC
  5
4E0
330
4CF
100
AcDbEntity
  8
0
  6
Continuous
 62
     7
370
    25
100
AcDbCircle
 10
48.9760396561
 20
19.7652223842
 30
0.0
 40
1.0
100
AcDbArc
 50
90.0
 51
180.0
  0
ARC
  5
4E1
330
4CF
100
AcDbEntity
  8
0
  6
Continuous
 62
     7
370
    25
100
AcDbCircle
 10
43.8508132824
 20
12.3334287431
 30
0.0
 40
1.000000000000005
100
AcDbArc
 50
231.9904743432
 51
0.0
  0
ARC
  5
4E2
330
4CF
100
AcDbEntity
  8
0
  6
Continuous
 62
     7
370
    25
100
AcDbCircle
 10
43.8508132824
 20
19.7652223842
 30
0.0
 40
1.0
100
AcDbArc
 50
0.0
 51
90.0
  0
ARC
  5
4E3
330
4CF
100
AcDbEntity
  8
0
  6
Continuous
 62
     7
370
    25
100
AcDbCircle
 10
34.3418102385
 20
19.7652223842
 30
0.0
 40
1.000000000000005
100
AcDbArc
 50
90.0
 51
231.9904743431
  0
ARC
  5
4E4
330
4CF
100
AcDbEntity
  8
0
  6
Continuous
 62
     7
370
    25
100
AcDbCircle
 10
102.3110977212
 20
11.2826922558
 30
0.0
 40
0.9999999999999948
100
AcDbArc
 50
270.0000000002
 51
41.26590340839999
  0
ARC
  5
4E5
330
4CF
100
AcDbEntity
  8
0
  6
Continuous
 62
     7
370
    25
100
AcDbCircle
 10
96.32087901620002
 20
18.1094042054
 30
0.0
 40
1.000000000006423
100
AcDbArc
 50
41.26590340799999
 51
180.0
  0
ARC
  5
4E6
330
4CF
100
AcDbEntity
  8
0
  6
Continuous
 62
     7
370
    25
100
AcDbCircle
 10
96.32087901620002
 20
11.2826922558
 30
0.0
 40
1.0
100
AcDbArc
 50
180.0
 51
270.0
  0
ARC
  5
4E7
330
4CF
100
AcDbEntity
  8
0
  6
Continuous
 62
     7
370
    25
100
AcDbCircle
 10
92.24418882690001
 20
11.2826922558
 30
0.0
 40
1.000000000000001
100
AcDbArc
 50
270.0000000001
 51
0.0
  0
ARC
  5
4E8
330
4CF
100
AcDbEntity
  8
0
  6
Continuous
 62
     7
370
    25
100
AcDbCircle
 10
92.24418882690001
 20
18.1187299807
 30
0.0
 40
1.000000000000009
100
AcDbArc
 50
0.0000000002
 51
138.6009906571
  0
ARC
  5
4E9
330
4CF
100
AcDbEntity
  8
0
  6
Continuous
 62
     7
370
    25
100
AcDbCircle
 10
86.2176209326
 20
11.2826922558
 30
0.0
 40
1.000000000007249
100
AcDbArc
 50
138.6009906604
 51
270.0
  0
ARC
  5
4EA
330
4CF
100
AcDbEntity
  8
0
  6
Continuous
 62
     7
370
    25
100
AcDbCircle
 10
82.42528899959998
 20
12.8625632934
 30
0.0
 40
1.000000000000012
100
AcDbArc
 50
180.0
 51
317.6257168856
  0
ARC
  5
4EB
330
4CF
100
AcDbEntity
  8
0
  6
Continuous
 62
     7
370
    25
100
AcDbCircle
 10
88.72260371549998
 20
19.7652223842
 30
0.0
 40
0.9999999999976246
100
AcDbArc
 50
317.6257168916
 51
89.9999999999
  0
ARC
  5
4EC
330
4CF
100
AcDbEntity
  8
0
  6
Continuous
 62
     7
370
    25
100
AcDbCircle
 10
82.42528899959998
 20
19.7652223842
 30
0.0
 40
1.0
100
AcDbArc
 50
90.0
 51
180.0
  0
ARC
  5
4ED
330
4CF
100
AcDbEntity
  8
0
  6
Continuous
 62
     7
370
    25
100
AcDbCircle
 10
77.798025036
 20
12.6511944806
 30
0.0
 40
1.0
100
AcDbArc
 50
225.7796960222
 51
0.0
  0
ARC
  5
4EE
330
4CF
100
AcDbEntity
  8
0
  6
Continuous
 62
     7
370
    25
100
AcDbCircle
 10
77.798025036
 20
19.7652223842
 30
0.0
 40
1.0
100
AcDbArc
 50
0.0
 51
90.0
  0
ARC
  5
4EF
330
4CF
100
AcDbEntity
  8
0
  6
Continuous
 62
     7
370
    25
100
AcDbCircle
 10
70.4876945558
 20
19.7652223842
 30
0.0
 40
1.0
100
AcDbArc
 50
90.0
 51
225.7796960221
  0
LINE
  5
4F0
330
4CF
100
AcDbEntity
  8
0
  6
Continuous
 62
     7
370
    25
100
AcDbLine
 10
122.1155092732
 20
8.019301894999998
 30
0.0
 11
122.1155092732
 21
0.0000000005
 31
0.0
  0
LINE
  5
4F1
330
4CF
100
AcDbEntity
  8
0
  6
Continuous
 62
     7
370
    25
100
AcDbLine
 10
122.1155092732
 20
0.0000000005
 30
0.0
 11
118.1155092732
 21
0.0000000005
 31
0.0
  0
LINE
  5
4F2
330
4CF
100
AcDbEntity
  8
0
  6
Continuous
 62
     7
370
    25
100
AcDbLine
 10
118.1155092732
 20
0.0000000005
 30
0.0
 11
118.1155092732
 21
7.779331305099998
 31
0.0
  0
LINE
  5
4F3
330
4CF
100
AcDbEntity
  8
0
  6
Continuous
 62
     7
370
    25
100
AcDbLine
 10
118.1155092732
 20
7.779331305099998
 30
0.0
 11
118.3180649848
 21
7.7867639395
 31
0.0
  0
LINE
  5
4F4
330
4CF
100
AcDbEntity
  8
0
  6
Continuous
 62
     7
370
    25
100
AcDbLine
 10
118.3180649848
 20
7.7867639395
 30
0.0
 11
118.3180649848
 21
7.879819344999998
 31
0.0
  0
LINE
  5
4F5
330
4CF
100
AcDbEntity
  8
0
  6
Continuous
 62
     7
370
    25
100
AcDbLine
 10
38.7525802152
 20
4.9701781862
 30
0.0
 11
38.7525802152
 21
0.0000000001
 31
0.0
  0
LINE
  5
4F6
330
4CF
100
AcDbEntity
  8
0
  6
Continuous
 62
     7
370
    25
100
AcDbLine
 10
34.7549000879
 20
0.0000000001
 30
0.0
 11
38.7525802152
 21
0.0000000001
 31
0.0
  0
LINE
  5
4F7
330
4CF
100
AcDbEntity
  8
0
  6
Continuous
 62
     7
370
    25
100
AcDbLine
 10
34.7549000879
 20
4.7632144841
 30
0.0
 11
34.7549000879
 21
0.0000000001
 31
0.0
  0
LINE
  5
4F8
330
4CF
100
AcDbEntity
  8
0
  6
Continuous
 62
     7
370
    25
100
AcDbLine
 10
34.9569565675
 20
4.767942965199999
 30
0.0
 11
34.7549000879
 21
4.7632144841
 31
0.0
  0
LINE
  5
4F9
330
4CF
100
AcDbEntity
  8
0
  6
Continuous
 62
     7
370
    25
100
AcDbLine
 10
34.9569565675
 20
4.8679708091
 30
0.0
 11
34.9569565675
 21
4.767942965199999
 31
0.0
  0
LINE
  5
4FA
330
4CF
100
AcDbEntity
  8
0
  6
Continuous
 62
     7
370
    25
100
AcDbLine
 10
111.8215215715
 20
14.7338840881
 30
0.0
 11
111.8215219453
 21
22.0423619688
 31
0.0
  0
LINE
  5
4FB
330
4CF
100
AcDbEntity
  8
0
  6
Continuous
 62
     7
370
    25
100
AcDbLine
 10
113.8215215715
 20
14.7338840881
 30
0.0
 11
111.8215215715
 21
14.7338840881
 31
0.0
  0
LINE
  5
4FC
330
4CF
100
AcDbEntity
  8
0
  6
Continuous
 62
     7
370
    25
100
AcDbLine
 10
113.8215215715
 20
21.7531205568
 30
0.0
 11
113.8215215715
 21
14.7338840881
 31
0.0
  0
LINE
  5
4FD
330
4CF
100
AcDbEntity
  8
0
  6
Continuous
 62
     7
370
    25
100
AcDbLine
 10
127.8215215061
 20
19.5148193278
 30
0.0
 11
127.8215215061
 21
15.4182181937
 31
0.0
  0
LINE
  5
4FE
330
4CF
100
AcDbEntity
  8
0
  6
Continuous
 62
     7
370
    25
100
AcDbLine
 10
129.8215215452
 20
15.4182181937
 30
0.0
 11
127.8215215061
 21
15.4182181937
 31
0.0
  0
LINE
  5
4FF
330
4CF
100
AcDbEntity
  8
0
  6
Continuous
 62
     7
370
    25
100
AcDbLine
 10
129.8215215452
 20
12.418219077
 30
0.0
 11
129.8215215452
 21
15.4182181937
 31
0.0
  0
LINE
  5
500
330
4CF
100
AcDbEntity
  8
0
  6
Continuous
 62
     7
370
    25
100
AcDbLine
 10
127.8215215452
 20
12.418219077
 30
0.0
 11
129.8215215452
 21
12.418219077
 31
0.0
  0
LINE
  5
501
330
4CF
100
AcDbEntity
  8
0
  6
Continuous
 62
     7
370
    25
100
AcDbLine
 10
127.8215215452
 20
12.418219077
 30
0.0
 11
127.8215215452
 21
8.228867818899999
 31
0.0
  0
LINE
  5
502
330
4CF
100
AcDbEntity
  8
0
  6
Continuous
 62
     7
370
    25
100
AcDbLine
 10
120.9163163732
 20
7.975256087899999
 30
0.0
 11
120.9163163732
 21
7.8821048811
 31
0.0
  0
LINE
  5
503
330
4CF
100
AcDbEntity
  8
0
  6
Continuous
 62
     7
370
    25
100
AcDbLine
 10
120.9163163732
 20
7.8821048811
 30
0.0
 11
121.9156438175
 21
7.918774474199999
 31
0.0
  0
LINE
  5
504
330
4CF
100
AcDbEntity
  8
0
  6
Continuous
 62
     7
370
    25
100
AcDbLine
 10
121.9156438175
 20
7.918774474199999
 30
0.0
 11
121.9156438121
 21
8.011961004199999
 31
0.0
  0
LINE
  5
505
330
4CF
100
AcDbEntity
  8
0
  6
Continuous
 62
     7
370
    25
100
AcDbLine
 10
119.71712344
 20
7.931209106099998
 30
0.0
 11
119.71712344
 21
7.8381013694
 31
0.0
  0
LINE
  5
506
330
4CF
100
AcDbEntity
  8
0
  6
Continuous
 62
     7
370
    25
100
AcDbLine
 10
119.71712344
 20
7.8381013694
 30
0.0
 11
120.7164508844
 21
7.8747709625
 31
0.0
  0
LINE
  5
507
330
4CF
100
AcDbEntity
  8
0
  6
Continuous
 62
     7
370
    25
100
AcDbLine
 10
120.7164508844
 20
7.8747709625
 30
0.0
 11
120.7164508786
 21
7.9679150085
 31
0.0
  0
LINE
  5
508
330
4CF
100
AcDbEntity
  8
0
  6
Continuous
 62
     7
370
    25
100
AcDbLine
 10
119.5172579512
 20
7.8307674507
 30
0.0
 11
119.5172579391
 21
7.923867821099999
 31
0.0
  0
LINE
  5
509
330
4CF
100
AcDbEntity
  8
0
  6
Continuous
 62
     7
370
    25
100
AcDbLine
 10
118.5179305069
 20
7.8871608523
 30
0.0
 11
118.5179305069
 21
7.794097857599998
 31
0.0
  0
LINE
  5
50A
330
4CF
100
AcDbEntity
  8
0
  6
Continuous
 62
     7
370
    25
100
AcDbLine
 10
118.5179305069
 20
7.794097857599998
 30
0.0
 11
119.5172579512
 21
7.8307674507
 31
0.0
  0
LINE
  5
50B
330
4CF
100
AcDbEntity
  8
0
  6
Continuous
 62
     7
370
    25
100
AcDbLine
 10
37.35615844170001
 20
4.9298126125
 30
0.0
 11
37.35615844170001
 21
4.829773938399998
 31
0.0
  0
LINE
  5
50C
330
4CF
100
AcDbEntity
  8
0
  6
Continuous
 62
     7
370
    25
100
AcDbLine
 10
36.3565226099
 20
4.802788679299998
 30
0.0
 11
36.3565226099
 21
4.902822863399999
 31
0.0
  0
LINE
  5
50D
330
4CF
100
AcDbEntity
  8
0
  6
Continuous
 62
     7
370
    25
100
AcDbLine
 10
37.35615844170001
 20
4.829773938399998
 30
0.0
 11
36.3565226099
 21
4.802788679299998
 31
0.0
  0
LINE
  5
50E
330
4CF
100
AcDbEntity
  8
0
  6
Continuous
 62
     7
370
    25
100
AcDbLine
 10
36.1565900556
 20
4.897628336
 30
0.0
 11
36.1565900556
 21
4.7975950541
 31
0.0
  0
LINE
  5
50F
330
4CF
100
AcDbEntity
  8
0
  6
Continuous
 62
     7
370
    25
100
AcDbLine
 10
35.15689999820001
 20
4.772699490499999
 30
0.0
 11
35.15689999820001
 21
4.8727282439
 31
0.0
  0
LINE
  5
510
330
4CF
100
AcDbEntity
  8
0
  6
Continuous
 62
     7
370
    25
100
AcDbLine
 10
36.1565900556
 20
4.7975950541
 30
0.0
 11
35.15689999820001
 21
4.772699490499999
 31
0.0
  0
LINE
  5
511
330
4CF
100
AcDbEntity
  8
0
  6
Continuous
 62
     7
370
    25
100
AcDbLine
 10
38.5556625969
 20
4.864264646999999
 30
0.0
 11
38.5556625969
 21
4.9643086238
 31
0.0
  0
LINE
  5
512
330
4CF
100
AcDbEntity
  8
0
  6
Continuous
 62
     7
370
    25
100
AcDbLine
 10
37.5560802049
 20
4.835367559299998
 30
0.0
 11
37.5560802049
 21
4.9354071251
 31
0.0
  0
LINE
  5
513
330
4CF
100
AcDbEntity
  8
0
  6
Continuous
 62
     7
370
    25
100
AcDbLine
 10
38.5556625969
 20
4.864264646999999
 30
0.0
 11
37.5560802049
 21
4.835367559299998
 31
0.0
  0
LINE
  5
514
330
4CF
100
AcDbEntity
  8
0
  6
Continuous
 62
     7
370
    25
100
AcDbLine
 10
28.6387014689
 20
11.2826922558
 30
0.0
 11
28.6387014689
 21
18.7144858969
 31
0.0
  0
LINE
  5
515
330
4CF
100
AcDbEntity
  8
0
  6
Continuous
 62
     7
370
    25
100
AcDbLine
 10
39.14770451280001
 20
10.2826922558
 30
0.0
 11
29.6387014689
 21
10.2826922558
 31
0.0
  0
LINE
  5
516
330
4CF
100
AcDbEntity
  8
0
  6
Continuous
 62
     7
370
    25
100
AcDbLine
 10
30.2544939457
 20
19.50239428339999
 30
0.0
 11
39.7634969896
 21
12.0706006423
 31
0.0
  0
LINE
  5
517
330
4CF
100
AcDbEntity
  8
0
  6
Continuous
 62
     7
370
    25
100
AcDbLine
 10
106.6485593574
 20
19.7652223842
 30
0.0
 11
106.6485593574
 21
12.9385104347
 31
0.0
  0
LINE
  5
518
330
4CF
100
AcDbEntity
  8
0
  6
Continuous
 62
     7
370
    25
100
AcDbLine
 10
99.6583406525
 20
20.7652223842
 30
0.0
 11
105.6485593574
 21
20.7652223842
 31
0.0
  0
LINE
  5
519
330
4CF
100
AcDbEntity
  8
0
  6
Continuous
 62
     7
370
    25
100
AcDbLine
 10
104.8969025914
 20
12.2789559592
 30
0.0
 11
98.90668388649999
 21
19.1056679087
 31
0.0
  0
LINE
  5
51A
330
4CF
100
AcDbEntity
  8
0
  6
Continuous
 62
     7
370
    25
100
AcDbLine
 10
65.18879770409998
 20
11.2826922558
 30
0.0
 11
65.18879770409998
 21
18.3967201595
 31
0.0
  0
LINE
  5
51B
330
4CF
100
AcDbEntity
  8
0
  6
Continuous
 62
     7
370
    25
100
AcDbLine
 10
73.4991281842
 20
10.2826922558
 30
0.0
 11
66.1887977041
 21
10.2826922558
 31
0.0
  0
LINE
  5
51C
330
4CF
100
AcDbEntity
  8
0
  6
Continuous
 62
     7
370
    25
100
AcDbLine
 10
66.88621681569999
 20
19.1133836669
 30
0.0
 11
74.1965472958
 21
11.9993557632
 31
0.0
  0
LINE
  5
51D
330
4CF
100
AcDbEntity
  8
0
  6
Continuous
 62
     7
370
    25
100
AcDbLine
 10
63.007457107
 20
18.5846930166
 30
0.0
 11
63.007457107
 21
11.2826922558
 31
0.0
  0
LINE
  5
51E
330
4CF
100
AcDbEntity
  8
0
  6
Continuous
 62
     7
370
    25
100
AcDbLine
 10
52.8737927616
 20
12.0405167172
 30
0.0
 11
61.3549986135
 21
19.342517478
 31
0.0
  0
LINE
  5
51F
330
4CF
100
AcDbEntity
  8
0
  6
Continuous
 62
     7
370
    25
100
AcDbLine
 10
62.007457107
 20
10.2826922558
 30
0.0
 11
53.5262512551
 21
10.2826922558
 31
0.0
  0
LINE
  5
520
330
4CF
100
AcDbEntity
  8
0
  6
Continuous
 62
     7
370
    25
100
AcDbLine
 10
58.10970400229999
 20
19.0073979229
 30
0.0
 11
49.6284981496
 21
11.705397162
 31
0.0
  0
LINE
  5
521
330
4CF
100
AcDbEntity
  8
0
  6
Continuous
 62
     7
370
    25
100
AcDbLine
 10
48.9760396561
 20
20.7652223842
 30
0.0
 11
57.4572455088
 21
20.7652223842
 31
0.0
  0
LINE
  5
522
330
4CF
100
AcDbEntity
  8
0
  6
Continuous
 62
     7
370
    25
100
AcDbLine
 10
47.9760396561
 20
12.4632216234
 30
0.0
 11
47.9760396561
 21
19.7652223842
 31
0.0
  0
LINE
  5
523
330
4CF
100
AcDbEntity
  8
0
  6
Continuous
 62
     7
370
    25
100
AcDbLine
 10
44.85081328239998
 20
19.7652223842
 30
0.0
 11
44.85081328239998
 21
12.3334287431
 31
0.0
  0
LINE
  5
524
330
4CF
100
AcDbEntity
  8
0
  6
Continuous
 62
     7
370
    25
100
AcDbLine
 10
34.3418102385
 20
20.7652223842
 30
0.0
 11
43.8508132824
 21
20.7652223842
 31
0.0
  0
LINE
  5
525
330
4CF
100
AcDbEntity
  8
0
  6
Continuous
 62
     7
370
    25
100
AcDbLine
 10
43.23502080559999
 20
11.5455203566
 30
0.0
 11
33.7260177617
 21
18.9773139977
 31
0.0
  0
LINE
  5
526
330
4CF
100
AcDbEntity
  8
0
  6
Continuous
 62
     7
370
    25
100
AcDbLine
 10
97.07253578219999
 20
18.7689586809
 30
0.0
 11
103.0627544872
 21
11.9422467313
 31
0.0
  0
LINE
  5
527
330
4CF
100
AcDbEntity
  8
0
  6
Continuous
 62
     7
370
    25
100
AcDbLine
 10
95.3208790162
 20
11.2826922558
 30
0.0
 11
95.3208790162
 21
18.1094042054
 31
0.0
  0
LINE
  5
528
330
4CF
100
AcDbEntity
  8
0
  6
Continuous
 62
     7
370
    25
100
AcDbLine
 10
102.3110977212
 20
10.2826922558
 30
0.0
 11
96.32087901620002
 21
10.2826922558
 31
0.0
  0
LINE
  5
529
330
4CF
100
AcDbEntity
  8
0
  6
Continuous
 62
     7
370
    25
100
AcDbLine
 10
93.2441888269
 20
18.1187299807
 30
0.0
 11
93.2441888269
 21
11.2826922558
 31
0.0
  0
LINE
  5
52A
330
4CF
100
AcDbEntity
  8
0
  6
Continuous
 62
     7
370
    25
100
AcDbLine
 10
85.4674984288
 20
11.9439911514
 30
0.0
 11
91.4940663231
 21
18.7800288763
 31
0.0
  0
LINE
  5
52B
330
4CF
100
AcDbEntity
  8
0
  6
Continuous
 62
     7
370
    25
100
AcDbLine
 10
92.24418882690001
 20
10.2826922558
 30
0.0
 11
86.2176209326
 21
10.2826922558
 31
0.0
  0
LINE
  5
52C
330
4CF
100
AcDbEntity
  8
0
  6
Continuous
 62
     7
370
    25
100
AcDbLine
 10
89.46136163860002
 20
19.0912515161
 30
0.0
 11
83.1640469226
 21
12.1885924252
 31
0.0
  0
LINE
  5
52D
330
4CF
100
AcDbEntity
  8
0
  6
Continuous
 62
     7
370
    25
100
AcDbLine
 10
82.42528899959998
 20
20.7652223842
 30
0.0
 11
88.72260371549998
 21
20.7652223842
 31
0.0
  0
LINE
  5
52E
330
4CF
100
AcDbEntity
  8
0
  6
Continuous
 62
     7
370
    25
100
AcDbLine
 10
81.4252889996
 20
12.8625632934
 30
0.0
 11
81.4252889996
 21
19.7652223842
 31
0.0
  0
LINE
  5
52F
330
4CF
100
AcDbEntity
  8
0
  6
Continuous
 62
     7
370
    25
100
AcDbLine
 10
78.798025036
 20
19.7652223842
 30
0.0
 11
78.798025036
 21
12.6511944806
 31
0.0
  0
LINE
  5
530
330
4CF
100
AcDbEntity
  8
0
  6
Continuous
 62
     7
370
    25
100
AcDbLine
 10
70.4876945558
 20
20.7652223842
 30
0.0
 11
77.798025036
 21
20.7652223842
 31
0.0
  0
LINE
  5
531
330
4CF
100
AcDbEntity
  8
0
  6
Continuous
 62
     7
370
    25
100
AcDbLine
 10
77.1006059244
 20
11.9345309732
 30
0.0
 11
69.7902754442
 21
19.0485588768
 31
0.0
  0
SPLINE
  5
532
330
4CF
100
AcDbEntity
  8
0
  6
Continuous
 62
     7
370
    25
100
AcDbSpline
210
0.0
220
0.0
230
1.0
 70
     8
 71
     3
 72
     8
 73
     4
 74
     0
 42
0.00000001
 43
0.0000000001
 40
0.7069585027517693
 40
0.7069585027517693
 40
0.7069585027517693
 40
0.7069585027517693
 40
0.7393046015685492
 40
0.7393046015685492
 40
0.7393046015685492
 40
0.7393046015685492
 10
122.1155092732
 20
8.019301895017919
 30
0.0
 10
124.0175132752822
 20
8.089160749556963
 30
0.0
 10
125.9195173177495
 20
8.159015603160986
 30
0.0
 10
127.8215215451995
 20
8.228867818926735
 30
0.0
  0
SPLINE
  5
533
330
4CF
100
AcDbEntity
  8
0
  6
Continuous
 62
     7
370
    25
100
AcDbSpline
210
0.0
220
0.0
230
1.0
 70
     8
 71
     3
 72
    27
 73
    23
 74
     0
 42
0.00000001
 43
0.0000000001
 40
0.2343951781306899
 40
0.2343951781306899
 40
0.2343951781306899
 40
0.2343951781306899
 40
0.248943236714976
 40
0.264502189009662
 40
0.2800611413043481
 40
0.2956200935990339
 40
0.3111790458937202
 40
0.326737998188406
 40
0.3422969504830918
 40
0.3578559027777778
 40
0.3734148550724639
 40
0.3889738073671502
 40
0.4045327596618362
 40
0.4356506642512079
 40
0.4667685688405796
 40
0.4978864734299518
 40
0.5290043780193239
 40
0.5601222826086958
 40
0.5912401871980677
 40
0.6223580917874397
 40
0.6534759963768117
 40
0.6854316439241797
 40
0.6854316439241797
 40
0.6854316439241797
 40
0.6854316439241797
 10
38.75258021520004
 20
4.970178186169373
 30
0.0
 10
39.60822320694849
 20
4.995804207067362
 30
0.0
 10
41.37886672317254
 20
5.052098400851034
 30
0.0
 10
44.06429219312061
 20
5.145426298587728
 30
0.0
 10
46.80895613054059
 20
5.246595495620651
 30
0.0
 10
49.55349933642221
 20
5.350964467752078
 30
0.0
 10
52.29802289878548
 20
5.455849497397115
 30
0.0
 10
55.04261842795461
 20
5.558837039896972
 30
0.0
 10
57.78726332498725
 20
5.660496297851487
 30
0.0
 10
60.53194839124897
 20
5.761066132522678
 30
0.0
 10
63.27665773918764
 20
5.860969395345093
 30
0.0
 10
66.02137828206593
 20
5.960564636654893
 30
0.0
 10
69.68100572770288
 20
6.093357266669482
 30
0.0
 10
74.25549683751697
 20
6.260534972001605
 30
0.0
 10
79.7448403397548
 20
6.462397380308705
 30
0.0
 10
85.23416501324645
 20
6.664770575018915
 30
0.0
 10
90.72350524649811
 20
6.866721560275844
 30
0.0
 10
96.21286045217173
 20
7.068264788613497
 30
0.0
 10
101.7022201334467
 20
7.269686552861291
 30
0.0
 10
107.1915778889044
 20
7.471159743746793
 30
0.0
 10
112.7301923351172
 20
7.674552732740924
 30
0.0
 10
116.4390203819667
 20
7.810797656785219
 30
0.0
 10
118.3180649848
 20
7.879819345003276
 30
0.0
  0
SPLINE
  5
534
330
4CF
100
AcDbEntity
  8
0
  6
Continuous
 62
     7
370
    25
100
AcDbSpline
210
0.0
220
0.0
230
1.0
 70
     8
 71
     3
 72
    37
 73
    33
 74
     0
 42
0.00000001
 43
0.0000000001
 40
0.0
 40
0.0
 40
0.0
 40
0.0
 40
0.0019448690368358
 40
0.0038897380736715
 40
0.0058346071105073
 40
0.0077794761473431
 40
0.0116692142210146
 40
0.015558952294686
 40
0.0194486903683575
 40
0.023338428442029
 40
0.0272281665157004
 40
0.0311179045893719
 40
0.0350076426630433
 40
0.0388973807367148
 40
0.0427871188103865
 40
0.0466768568840579
 40
0.054456333031401
 40
0.0622358091787439
 40
0.0700152853260869
 40
0.07779476147343
 40
0.0855742376207731
 40
0.093353713768116
 40
0.1011331899154589
 40
0.1089126660628021
 40
0.1166921422101452
 40
0.1244716183574881
 40
0.1400305706521742
 40
0.1555895229468602
 40
0.171148475241546
 40
0.1867074275362321
 40
0.2022663798309181
 40
0.2128853101366403
 40
0.2128853101366403
 40
0.2128853101366403
 40
0.2128853101366403
 10
0.1592612573089788
 20
10.62761118265285
 30
0.0
 10
0.1162326392515802
 20
10.52156768267594
 30
0.0
 10
0.0421822824167201
 20
10.30460872524508
 30
0.0
 10
-0.0229896932778107
 20
9.966135231498023
 30
0.0
 10
-0.0224637781070097
 20
9.621585876755096
 30
0.0
 10
0.0584694868102588
 20
9.16831705077881
 30
0.0
 10
0.3063404194610996
 20
8.646321734985383
 30
0.0
 10
0.7250016135239405
 20
8.099337877223183
 30
0.0
 10
1.22516773247134
 20
7.626235913642615
 30
0.0
 10
1.776941213318509
 20
7.215762301697039
 30
0.0
 10
2.377176846318417
 20
6.879146532423442
 30
0.0
 10
3.013763153593528
 20
6.619010799998942
 30
0.0
 10
3.66995730218863
 20
6.415571398555274
 30
0.0
 10
4.33743684662141
 20
6.253407986653683
 30
0.0
 10
5.010166927308911
 20
6.115905281700339
 30
0.0
 10
5.907918700132245
 20
5.936520349918901
 30
0.0
 10
7.031948121296217
 20
5.721136647625826
 30
0.0
 10
8.389473966231768
 20
5.511913234943351
 30
0.0
 10
9.753530510526028
 20
5.35173110428292
 30
0.0
 10
11.12171576486913
 20
5.232266231122869
 30
0.0
 10
12.49195711310904
 20
5.140745457327681
 30
0.0
 10
13.86321678666793
 20
5.066268095492766
 30
0.0
 10
15.2347341792079
 20
4.997113498394427
 30
0.0
 10
16.60662240711434
 20
4.935431801939412
 30
0.0
 10
17.9788973005446
 20
4.883148661996091
 30
0.0
 10
19.80906391468294
 20
4.826885116769051
 30
0.0
 10
22.0973705814598
 20
4.778725524219836
 30
0.0
 10
24.84380824597341
 20
4.752051238647664
 30
0.0
 10
27.59036583671362
 20
4.75341530702724
 30
0.0
 10
30.33679937204588
 20
4.778705680547632
 30
0.0
 10
32.79232147096163
 20
4.819662805278198
 30
0.0
 10
34.33229879318086
 20
4.85322753409219
 30
0.0
 10
34.9569565675
 20
4.8679708091
 30
0.0
  0
SPLINE
  5
535
330
4CF
100
AcDbEntity
  8
0
  6
Continuous
 62
     7
370
    25
100
AcDbSpline
210
0.0
220
0.0
230
1.0
 70
     8
 71
     3
 72
    49
 73
    45
 74
     0
 42
0.00000001
 43
0.0000000001
 40
0.3534930028892895
 40
0.3534930028892895
 40
0.3534930028892895
 40
0.3534930028892895
 40
0.3777325119236883
 40
0.408845886327504
 40
0.4399592607313196
 40
0.471072635135135
 40
0.5021860095389507
 40
0.533299383942766
 40
0.5644127583465819
 40
0.5955261327503975
 40
0.6266395071542128
 40
0.6577528815580287
 40
0.6888662559618443
 40
0.7044229431637521
 40
0.7199796303656595
 40
0.7355363175675677
 40
0.7510930047694754
 40
0.7666496919713829
 40
0.7822063791732909
 40
0.7977630663751986
 40
0.8133197535771065
 40
0.8288764407790143
 40
0.8444331279809219
 40
0.8599898151828298
 40
0.8755465023847378
 40
0.8911031895866454
 40
0.9066598767885531
 40
0.9144382203895068
 40
0.9222165639904607
 40
0.9299949075914147
 40
0.9377732511923687
 40
0.9455515947933228
 40
0.9533299383942763
 40
0.9611082819952303
 40
0.9649974537957074
 40
0.9688866255961844
 40
0.9727757973966612
 40
0.9766649691971384
 40
0.9805541409976152
 40
0.984443312798092
 40
0.9883324845985692
 40
0.9922216563990458
 40
0.9961108281995228
 40
1.0
 40
1.0
 40
1.0
 40
1.0
 10
111.821521945347
 20
22.04236196878718
 30
0.0
 10
110.3913721633469
 20
22.24611701919621
 30
0.0
 10
107.1233740709735
 20
22.69642704095788
 30
0.0
 10
102.0106384235353
 20
23.34101582911572
 30
0.0
 10
96.4821253623872
 20
23.95851866823139
 30
0.0
 10
90.9454223542275
 20
24.49763354672546
 30
0.0
 10
85.40157431004493
 20
24.95747970399387
 30
0.0
 10
79.85159444484674
 20
25.33665693901937
 30
0.0
 10
74.2959869082718
 20
25.62260579705226
 30
0.0
 10
68.73590373323462
 20
25.8040538165128
 30
0.0
 10
63.17323971915893
 20
25.86841655032771
 30
0.0
 10
57.61042317838281
 20
25.83049869715113
 30
0.0
 10
52.97587285813623
 20
25.72529642986729
 30
0.0
 10
49.26928821064032
 20
25.60577972146687
 30
0.0
 10
46.49017997317211
 20
25.49256659211904
 30
0.0
 10
43.71257796698131
 20
25.34666356682792
 30
0.0
 10
40.93740653001693
 20
25.15955634372466
 30
0.0
 10
38.16602760162309
 20
24.92248815387362
 30
0.0
 10
35.40015543326641
 20
24.62746127675223
 30
0.0
 10
32.64235614135659
 20
24.2643458008857
 30
0.0
 10
29.89475565683696
 20
23.8307683224718
 30
0.0
 10
27.15870572238193
 20
23.32958921005049
 30
0.0
 10
24.43538532693612
 20
22.76328052362586
 30
0.0
 10
21.72694713467679
 20
22.12949794946645
 30
0.0
 10
19.03703442746999
 20
21.42085696418555
 30
0.0
 10
16.37115584420326
 20
20.62627744900112
 30
0.0
 10
14.17369528050138
 20
19.88803811256641
 30
0.0
 10
12.43078475906735
 20
19.25502177195816
 30
0.0
 10
11.13415732215592
 20
18.75193951832257
 30
0.0
 10
9.85093001681164
 20
18.21558416051287
 30
0.0
 10
8.58521787826058
 20
17.63883187010056
 30
0.0
 10
7.343439744946558
 20
17.0120535639275
 30
0.0
 10
6.131231957196611
 20
16.32957198699423
 30
0.0
 10
5.155641645782808
 20
15.70282853804405
 30
0.0
 10
4.404666227146398
 20
15.15880478122931
 30
0.0
 10
3.856631382991136
 20
14.73060434493964
 30
0.0
 10
3.3260206920811
 20
14.2810710741241
 30
0.0
 10
2.812394410139079
 20
13.81208167629734
 30
0.0
 10
2.31239309266057
 20
13.32908149924727
 30
0.0
 10
1.81906989163401
 20
12.83851213911586
 30
0.0
 10
1.33704281193856
 20
12.33813938633238
 30
0.0
 10
0.8795059602078191
 20
11.81251850159202
 30
0.0
 10
0.4699685476196989
 20
11.25196948487208
 30
0.0
 10
0.2464118171086886
 20
10.84239266538077
 30
0.0
 10
0.1592612573089787
 20
10.62761118265285
 30
0.0
  0
SPLINE
  5
536
330
4CF
100
AcDbEntity
  8
0
  6
Continuous
 62
     7
370
    25
100
AcDbSpline
210
0.0
220
0.0
230
1.0
 70
     8
 71
     3
 72
    10
 73
     6
 74
     0
 42
0.00000001
 43
0.0000000001
 40
0.2628894944804065
 40
0.2628894944804065
 40
0.2628894944804065
 40
0.2628894944804065
 40
0.2843923887122417
 40
0.3155057631160571
 40
0.3421902874275069
 40
0.3421902874275069
 40
0.3421902874275069
 40
0.3421902874275069
 10
127.8215215061171
 20
19.51481932783319
 30
0.0
 10
126.5586022964121
 20
19.73223874538547
 30
0.0
 10
123.4666393240506
 20
20.25451325762542
 30
0.0
 10
118.8006261237229
 20
21.00576432638272
 30
0.0
 10
115.3949765068942
 20
21.52223790148677
 30
0.0
 10
113.8215215714948
 20
21.75312055682907
 30
0.0
  0
SPLINE
  5
537
330
4CF
100
AcDbEntity
  8
0
  6
Continuous
 62
     7
370
    25
100
AcDbSpline
210
0.0
220
0.0
230
1.0
 70
     8
 71
     3
 72
     8
 73
     4
 74
     0
 42
0.00000001
 43
0.0000000001
 40
0.7001605476545239
 40
0.7001605476545239
 40
0.7001605476545239
 40
0.7001605476545239
 40
0.7058255102470114
 40
0.7058255102470114
 40
0.7058255102470114
 40
0.7058255102470114
 10
120.9163163732
 20
7.975256087900157
 30
0.0
 10
121.249425515461
 20
7.987491192768877
 30
0.0
 10
121.5825346621046
 20
7.999726161783882
 30
0.0
 10
121.915643812057
 20
8.011961004241562
 30
0.0
  0
SPLINE
  5
538
330
4CF
100
AcDbEntity
  8
0
  6
Continuous
 62
     7
370
    25
100
AcDbSpline
210
0.0
220
0.0
230
1.0
 70
     8
 71
     3
 72
     8
 73
     4
 74
     0
 42
0.00000001
 43
0.0000000001
 40
0.6933625923457191
 40
0.6933625923457191
 40
0.6933625923457191
 40
0.6933625923457191
 40
0.6990275551197898
 40
0.6990275551197898
 40
0.6990275551197898
 40
0.6990275551197898
 10
119.71712344
 20
7.931209106138775
 30
0.0
 10
120.0502325808737
 20
7.943444550835415
 30
0.0
 10
120.3833417274186
 20
7.95567984852266
 30
0.0
 10
120.7164508785609
 20
7.967915008496905
 30
0.0
  0
SPLINE
  5
539
330
4CF
100
AcDbEntity
  8
0
  6
Continuous
 62
     7
370
    25
100
AcDbSpline
210
0.0
220
0.0
230
1.0
 70
     8
 71
     3
 72
     8
 73
     4
 74
     0
 42
0.00000001
 43
0.0000000001
 40
0.6865646367462787
 40
0.6865646367462787
 40
0.6865646367462787
 40
0.6865646367462787
 40
0.6922295997203506
 40
0.6922295997203506
 40
0.6922295997203506
 40
0.6922295997203506
 10
118.5179305069
 20
7.887160852332998
 30
0.0
 10
118.8510396443767
 20
7.899396663670986
 30
0.0
 10
119.1841487888132
 20
7.9116323168439
 30
0.0
 10
119.5172579391359
 20
7.923867821148128
 30
0.0
  0
SPLINE
  5
53A
330
4CF
100
AcDbEntity
  8
0
  6
Continuous
 62
     7
370
    25
100
AcDbSpline
210
0.0
220
0.0
230
1.0
 70
     8
 71
     3
 72
     8
 73
     4
 74
     0
 42
0.00000001
 43
0.0000000001
 40
0.0
 40
0.0
 40
0.0
 40
0.0
 40
1.0
 40
1.0
 40
1.0
 40
1.0
 10
19.21252194209543
 20
15.873869794217
 30
0.0
 10
19.16803688146073
 20
15.87531932232778
 30
0.0
 10
19.1235164091306
 20
15.87604466321915
 30
0.0
 10
19.07899593053685
 20
15.87604466321914
 30
0.0
  0
SPLINE
  5
53B
330
4CF
100
AcDbEntity
  8
0
  6
Continuous
 62
     7
370
    25
100
AcDbSpline
210
0.0
220
0.0
230
1.0
 70
     8
 71
     3
 72
    10
 73
     6
 74
     0
 42
0.00000001
 43
0.0000000001
 40
0.0
 40
0.0
 40
0.0
 40
0.0
 40
0.5
 40
0.5
 40
1.0
 40
1.0
 40
1.0
 40
1.0
 10
19.07899593053685
 20
15.87604466321914
 30
0.0
 10
16.34566259720351
 20
15.87604466321806
 30
0.0
 10
14.97899593053846
 20
13.14271132988595
 30
0.0
 10
14.97899593053845
 20
10.40937799655233
 30
0.0
 10
16.34566259720679
 20
7.67604466321803
 30
0.0
 10
19.07899593054012
 20
7.676044663219142
 30
0.0
  0
SPLINE
  5
53C
330
4CF
100
AcDbEntity
  8
0
  6
Continuous
 62
     7
370
    25
100
AcDbSpline
210
0.0
220
0.0
230
1.0
 70
     8
 71
     3
 72
     8
 73
     4
 74
     0
 42
0.00000001
 43
0.0000000001
 40
0.0
 40
0.0
 40
0.0
 40
0.0
 40
1.0
 40
1.0
 40
1.0
 40
1.0
 10
19.07899593054012
 20
7.676044663219142
 30
0.0
 10
19.12351640913109
 20
7.676044663219168
 30
0.0
 10
19.16803688145838
 20
7.676770004110486
 30
0.0
 10
19.21252194209028
 20
7.678219532221111
 30
0.0
  0
SPLINE
  5
53D
330
4CF
100
AcDbEntity
  8
0
  6
Continuous
 62
     7
370
    25
100
AcDbSpline
210
0.0
220
0.0
230
1.0
 70
     8
 71
     3
 72
     8
 73
     4
 74
     0
 42
0.00000001
 43
0.0000000001
 40
0.2208162487341315
 40
0.2208162487341315
 40
0.2208162487341315
 40
0.2208162487341315
 40
0.226481205763065
 40
0.226481205763065
 40
0.226481205763065
 40
0.226481205763065
 10
36.3565226099
 20
4.902822863355138
 30
0.0
 10
36.68974205611325
 20
4.9115382766177
 30
0.0
 10
37.02295395652579
 20
4.920541663312824
 30
0.0
 10
37.3561584416585
 20
4.929812612477791
 30
0.0
  0
SPLINE
  5
53E
330
4CF
100
AcDbEntity
  8
0
  6
Continuous
 62
     7
370
    25
100
AcDbSpline
210
0.0
220
0.0
230
1.0
 70
     8
 71
     3
 72
     8
 73
     4
 74
     0
 42
0.00000001
 43
0.0000000001
 40
0.2140183011723611
 40
0.2140183011723611
 40
0.2140183011723611
 40
0.2140183011723611
 40
0.2196832574414588
 40
0.2196832574414588
 40
0.2196832574414588
 40
0.2196832574414588
 10
35.15689999820001
 20
4.872728243859188
 30
0.0
 10
35.49013760237393
 20
4.880720822901471
 30
0.0
 10
35.82336763056249
 20
4.889028929703078
 30
0.0
 10
36.15659005562164
 20
4.897628336012334
 30
0.0
  0
SPLINE
  5
53F
330
4CF
100
AcDbEntity
  8
0
  6
Continuous
 62
     7
370
    25
100
AcDbSpline
210
0.0
220
0.0
230
1.0
 70
     8
 71
     3
 72
     8
 73
     4
 74
     0
 42
0.00000001
 43
0.0000000001
 40
0.2276141969474151
 40
0.2276141969474151
 40
0.2276141969474151
 40
0.2276141969474151
 40
0.2332791531616022
 40
0.2332791531616022
 40
0.2332791531616022
 40
0.2332791531616022
 10
37.5560802049
 20
4.935407125085824
 30
0.0
 10
37.88928168122045
 20
4.94478428143098
 30
0.0
 10
38.22247576836739
 20
4.954424917978445
 30
0.0
 10
38.55566259686167
 20
4.964308623774306
 30
0.0
  0
ENDBLK
  5
540
330
4CF
100
AcDbEntity
  8
0
100
AcDbBlockEnd
  0
BLOCK
  5
542
330
541
100
AcDbEntity
  8
0
100
AcDbBlockBegin
  2
main_wing_第四块翼肋
 70
     0
 10
0.0
 20
0.0
 30
0.0
  3
main_wing_第四块翼肋
  1

  0
ARC
  5
543
330
541
100
AcDbEntity
  8
0
  6
Continuous
 62
     7
370
    25
100
AcDbCircle
 10
37.624757218
 20
11.2232000903
 30
0.0
 40
1.000000000000011
100
AcDbArc
 50
269.9999999994
 51
46.3253728452
  0
ARC
  5
544
330
541
100
AcDbEntity
  8
0
  6
Continuous
 62
     7
370
    25
100
AcDbCircle
 10
31.1232674356
 20
17.4306526463
 30
0.0
 40
0.9999999999782751
100
AcDbArc
 50
46.3253728426
 51
180.0
  0
ARC
  5
545
330
541
100
AcDbEntity
  8
0
  6
Continuous
 62
     7
370
    25
100
AcDbCircle
 10
31.1232674356
 20
11.2232000903
 30
0.0
 40
1.0
100
AcDbArc
 50
180.0
 51
270.0
  0
ARC
  5
546
330
541
100
AcDbEntity
  8
0
  6
Continuous
 62
     7
370
    25
100
AcDbCircle
 10
96.9902206883
 20
12.8819485065
 30
0.0
 40
1.000000000001989
100
AcDbArc
 50
221.2242492562
 51
0.0
  0
ARC
  5
547
330
541
100
AcDbEntity
  8
0
  6
Continuous
 62
     7
370
    25
100
AcDbCircle
 10
96.9902206883
 20
18.76803027
 30
0.0
 40
1.0
100
AcDbArc
 50
359.9999999998999
 51
90.0000000001
  0
ARC
  5
548
330
541
100
AcDbEntity
  8
0
  6
Continuous
 62
     7
370
    25
100
AcDbCircle
 10
91.8329436457
 20
18.76803027
 30
0.0
 40
1.000000000001989
100
AcDbArc
 50
90.0
 51
221.2242492562
  0
ARC
  5
549
330
541
100
AcDbEntity
  8
0
  6
Continuous
 62
     7
370
    25
100
AcDbCircle
 10
60.7226045879
 20
17.2151429143
 30
0.0
 40
0.9999999999930404
100
AcDbArc
 50
42.7818813409
 51
180.0
  0
ARC
  5
54A
330
541
100
AcDbEntity
  8
0
  6
Continuous
 62
     7
370
    25
100
AcDbCircle
 10
60.7226045879
 20
11.2232000903
 30
0.0
 40
1.0
100
AcDbArc
 50
180.0
 51
270.0
  0
ARC
  5
54B
330
541
100
AcDbEntity
  8
0
  6
Continuous
 62
     7
370
    25
100
AcDbCircle
 10
66.26768586779999
 20
11.2232000903
 30
0.0
 40
0.9999999999563423
100
AcDbArc
 50
270.000000001
 51
42.7818813463
  0
ARC
  5
54C
330
541
100
AcDbEntity
  8
0
  6
Continuous
 62
     7
370
    25
100
AcDbCircle
 10
56.351150213
 20
11.2232000903
 30
0.0
 40
1.000000000000001
100
AcDbArc
 50
270.0
 51
0.0
  0
ARC
  5
54D
330
541
100
AcDbEntity
  8
0
  6
Continuous
 62
     7
370
    25
100
AcDbCircle
 10
56.351150213
 20
17.3538164914
 30
0.0
 40
1.0
100
AcDbArc
 50
359.9999999994
 51
135.0000036301
  0
ARC
  5
54E
330
541
100
AcDbEntity
  8
0
  6
Continuous
 62
     7
370
    25
100
AcDbCircle
 10
50.2205345884
 20
11.2232000903
 30
0.0
 40
0.9999999999741591
100
AcDbArc
 50
135.000003626
 51
270.0
  0
ARC
  5
54F
330
541
100
AcDbEntity
  8
0
  6
Continuous
 62
     7
370
    25
100
AcDbCircle
 10
46.0935800333
 20
12.6374136526
 30
0.0
 40
1.000000000000011
100
AcDbArc
 50
180.0
 51
315.0
  0
ARC
  5
550
330
541
100
AcDbEntity
  8
0
  6
Continuous
 62
     7
370
    25
100
AcDbCircle
 10
52.2241966508
 20
18.76803027
 30
0.0
 40
0.9999999999741786
100
AcDbArc
 50
314.9999999924
 51
90.00000000360001
  0
ARC
  5
551
330
541
100
AcDbEntity
  8
0
  6
Continuous
 62
     7
370
    25
100
AcDbCircle
 10
46.0935800333
 20
18.76803027
 30
0.0
 40
1.0
100
AcDbArc
 50
90.0
 51
180.0
  0
ARC
  5
552
330
541
100
AcDbEntity
  8
0
  6
Continuous
 62
     7
370
    25
100
AcDbCircle
 10
41.8276249457
 20
12.6136377076
 30
0.0
 40
0.999999999978254
100
AcDbArc
 50
226.3253728452
 51
1.325372839799999
  0
ARC
  5
553
330
541
100
AcDbEntity
  8
0
  6
Continuous
 62
     7
370
    25
100
AcDbCircle
 10
41.6852354005
 20
18.76803027
 30
0.0
 40
1.00000000002802
100
AcDbArc
 50
1.3253728428
 51
90.0
  0
ARC
  5
554
330
541
100
AcDbEntity
  8
0
  6
Continuous
 62
     7
370
    25
100
AcDbCircle
 10
35.3817085251
 20
18.76803027
 30
0.0
 40
1.000000000014424
100
AcDbArc
 50
90.0
 51
226.3253728466
  0
ARC
  5
555
330
541
100
AcDbEntity
  8
0
  6
Continuous
 62
     7
370
    25
100
AcDbCircle
 10
93.36982176020001
 20
11.2232000903
 30
0.0
 40
1.0
100
AcDbArc
 50
270.0
 51
41.2242492582
  0
ARC
  5
556
330
541
100
AcDbEntity
  8
0
  6
Continuous
 62
     7
370
    25
100
AcDbCircle
 10
88.2125447175
 20
17.1092818538
 30
0.0
 40
1.000000000002002
100
AcDbArc
 50
41.22424925619999
 51
180.0
  0
ARC
  5
557
330
541
100
AcDbEntity
  8
0
  6
Continuous
 62
     7
370
    25
100
AcDbCircle
 10
88.2125447175
 20
11.2232000903
 30
0.0
 40
1.0
100
AcDbArc
 50
180.0
 51
270.0
  0
ARC
  5
558
330
541
100
AcDbEntity
  8
0
  6
Continuous
 62
     7
370
    25
100
AcDbCircle
 10
83.5408268137
 20
11.2232000903
 30
0.0
 40
1.000000000000001
100
AcDbArc
 50
270.0
 51
0.0
  0
ARC
  5
559
330
541
100
AcDbEntity
  8
0
  6
Continuous
 62
     7
370
    25
100
AcDbCircle
 10
83.5408268137
 20
17.2012057929
 30
0.0
 40
1.000000000000012
100
AcDbArc
 50
359.9999999998
 51
137.4295729184
  0
ARC
  5
55A
330
541
100
AcDbEntity
  8
0
  6
Continuous
 62
     7
370
    25
100
AcDbCircle
 10
78.04946060569999
 20
11.2232000903
 30
0.0
 40
0.9999999999942348
100
AcDbArc
 50
137.4295729223
 51
270.0
  0
ARC
  5
55B
330
541
100
AcDbEntity
  8
0
  6
Continuous
 62
     7
370
    25
100
AcDbCircle
 10
74.5868016996
 20
12.7900245675
 30
0.0
 40
1.000000000000005
100
AcDbArc
 50
180.0
 51
317.4295729201
  0
ARC
  5
55C
330
541
100
AcDbEntity
  8
0
  6
Continuous
 62
     7
370
    25
100
AcDbCircle
 10
80.0781679071
 20
18.76803027
 30
0.0
 40
0.9999999999574136
100
AcDbArc
 50
317.4295729173
 51
89.99999999889999
  0
ARC
  5
55D
330
541
100
AcDbEntity
  8
0
  6
Continuous
 62
     7
370
    25
100
AcDbCircle
 10
74.5868016996
 20
18.76803027
 30
0.0
 40
1.0
100
AcDbArc
 50
90.0
 51
180.0
  0
ARC
  5
55E
330
541
100
AcDbEntity
  8
0
  6
Continuous
 62
     7
370
    25
100
AcDbCircle
 10
70.20144019369999
 20
12.776087446
 30
0.0
 40
1.000000000026997
100
AcDbArc
 50
222.7818813451
 51
0.0
  0
ARC
  5
55F
330
541
100
AcDbEntity
  8
0
  6
Continuous
 62
     7
370
    25
100
AcDbCircle
 10
70.20144019369999
 20
18.76803027
 30
0.0
 40
0.9999999999999964
100
AcDbArc
 50
359.9999999985
 51
90.0000000015
  0
ARC
  5
560
330
541
100
AcDbEntity
  8
0
  6
Continuous
 62
     7
370
    25
100
AcDbCircle
 10
64.6563589138
 20
18.76803027
 30
0.0
 40
1.000000000026992
100
AcDbArc
 50
90.0
 51
222.7818813451
  0
ARC
  5
561
330
541
100
AcDbEntity
  8
0
  6
Continuous
 62
     7
370
    25
100
AcDbCircle
 10
19.3263695759
 20
11.776044774
 30
0.0
 40
4.099999999990921
100
AcDbArc
 50
268.1337000157
 51
91.8662999842
  0
LINE
  5
562
330
541
100
AcDbEntity
  8
0
  6
Continuous
 62
     7
370
    25
100
AcDbLine
 10
113.6620151454
 20
7.993969182499998
 30
0.0
 11
113.6620151454
 21
-0.0000016683
 31
0.0
  0
LINE
  5
563
330
541
100
AcDbEntity
  8
0
  6
Continuous
 62
     7
370
    25
100
AcDbLine
 10
113.6620151454
 20
-0.0000016683
 30
0.0
 11
109.6620151454
 21
-0.0000016683
 31
0.0
  0
LINE
  5
564
330
541
100
AcDbEntity
  8
0
  6
Continuous
 62
     7
370
    25
100
AcDbLine
 10
109.6620151454
 20
-0.0000016683
 30
0.0
 11
109.6620151454
 21
7.7440456622
 31
0.0
  0
LINE
  5
565
330
541
100
AcDbEntity
  8
0
  6
Continuous
 62
     7
370
    25
100
AcDbLine
 10
109.6620151454
 20
7.7440456622
 30
0.0
 11
109.864570857
 21
7.751478296599998
 31
0.0
  0
LINE
  5
566
330
541
100
AcDbEntity
  8
0
  6
Continuous
 62
     7
370
    25
100
AcDbLine
 10
109.864570857
 20
7.751478296599998
 30
0.0
 11
109.864570857
 21
7.854484700199998
 31
0.0
  0
LINE
  5
567
330
541
100
AcDbEntity
  8
0
  6
Continuous
 62
     7
370
    25
100
AcDbLine
 10
35.7980426084
 20
0.0
 30
0.0
 11
35.7980426084
 21
5.155578935199999
 31
0.0
  0
LINE
  5
568
330
541
100
AcDbEntity
  8
0
  6
Continuous
 62
     7
370
    25
100
AcDbLine
 10
31.797894345
 20
0.0
 30
0.0
 11
35.7980426084
 21
0.0
 31
0.0
  0
LINE
  5
569
330
541
100
AcDbEntity
  8
0
  6
Continuous
 62
     7
370
    25
100
AcDbLine
 10
31.797894345
 20
4.9582565904
 30
0.0
 11
31.797894345
 21
0.0
 31
0.0
  0
LINE
  5
56A
330
541
100
AcDbEntity
  8
0
  6
Continuous
 62
     7
370
    25
100
AcDbLine
 10
31.9991930979
 20
4.9623690073
 30
0.0
 11
31.797894345
 21
4.9582565904
 31
0.0
  0
LINE
  5
56B
330
541
100
AcDbEntity
  8
0
  6
Continuous
 62
     7
370
    25
100
AcDbLine
 10
31.9991930979
 20
5.0623890492
 30
0.0
 11
31.9991930979
 21
4.9623690073
 31
0.0
  0
LINE
  5
56C
330
541
100
AcDbEntity
  8
0
  6
Continuous
 62
     7
370
    25
100
AcDbLine
 10
104.0573346147
 20
14.6623819946
 30
0.0
 11
104.0573346147
 21
21.88682858
 31
0.0
  0
LINE
  5
56D
330
541
100
AcDbEntity
  8
0
  6
Continuous
 62
     7
370
    25
100
AcDbLine
 10
106.0573346147
 20
14.6623819946
 30
0.0
 11
104.0573346147
 21
14.6623819946
 31
0.0
  0
LINE
  5
56E
330
541
100
AcDbEntity
  8
0
  6
Continuous
 62
     7
370
    25
100
AcDbLine
 10
106.0573346147
 20
21.610128021
 30
0.0
 11
106.0573346147
 21
14.6623819946
 31
0.0
  0
LINE
  5
56F
330
541
100
AcDbEntity
  8
0
  6
Continuous
 62
     7
370
    25
100
AcDbLine
 10
120.0573340199
 20
19.4363451285
 30
0.0
 11
120.0573340199
 21
15.4182154828
 31
0.0
  0
LINE
  5
570
330
541
100
AcDbEntity
  8
0
  6
Continuous
 62
     7
370
    25
100
AcDbLine
 10
122.0573345779
 20
15.4182154828
 30
0.0
 11
120.0573340199
 21
15.4182154828
 31
0.0
  0
LINE
  5
571
330
541
100
AcDbEntity
  8
0
  6
Continuous
 62
     7
370
    25
100
AcDbLine
 10
122.0573345779
 20
12.4182174082
 30
0.0
 11
122.0573345779
 21
15.4182154828
 31
0.0
  0
LINE
  5
572
330
541
100
AcDbEntity
  8
0
  6
Continuous
 62
     7
370
    25
100
AcDbLine
 10
120.0573345779
 20
12.4182174082
 30
0.0
 11
122.0573345779
 21
12.4182174082
 31
0.0
  0
LINE
  5
573
330
541
100
AcDbEntity
  8
0
  6
Continuous
 62
     7
370
    25
100
AcDbLine
 10
120.0573345779
 20
12.4182174082
 30
0.0
 11
120.0573345779
 21
8.2288644129
 31
0.0
  0
LINE
  5
574
330
541
100
AcDbEntity
  8
0
  6
Continuous
 62
     7
370
    25
100
AcDbLine
 10
112.4628221468
 20
7.9499226869
 30
0.0
 11
112.4628221468
 21
7.846821017699998
 31
0.0
  0
LINE
  5
575
330
541
100
AcDbEntity
  8
0
  6
Continuous
 62
     7
370
    25
100
AcDbLine
 10
112.4628221468
 20
7.846821017699998
 30
0.0
 11
113.4621495911
 21
7.8834906108
 31
0.0
  0
LINE
  5
576
330
541
100
AcDbEntity
  8
0
  6
Continuous
 62
     7
370
    25
100
AcDbLine
 10
113.4621495911
 20
7.8834906108
 30
0.0
 11
113.4621495569
 21
7.986629612
 31
0.0
  0
LINE
  5
577
330
541
100
AcDbEntity
  8
0
  6
Continuous
 62
     7
370
    25
100
AcDbLine
 10
111.2636292137
 20
7.905874193899999
 30
0.0
 11
111.2636292137
 21
7.802817506
 31
0.0
  0
LINE
  5
578
330
541
100
AcDbEntity
  8
0
  6
Continuous
 62
     7
370
    25
100
AcDbLine
 10
111.2636292137
 20
7.802817506
 30
0.0
 11
112.262956658
 21
7.839487099099998
 31
0.0
  0
LINE
  5
579
330
541
100
AcDbEntity
  8
0
  6
Continuous
 62
     7
370
    25
100
AcDbLine
 10
112.262956658
 20
7.839487099099998
 30
0.0
 11
112.2629565627
 21
7.942581271299999
 31
0.0
  0
LINE
  5
57A
330
541
100
AcDbEntity
  8
0
  6
Continuous
 62
     7
370
    25
100
AcDbLine
 10
111.0637637248
 20
7.795483587399998
 30
0.0
 11
111.063763691
 21
7.8985327923
 31
0.0
  0
LINE
  5
57B
330
541
100
AcDbEntity
  8
0
  6
Continuous
 62
     7
370
    25
100
AcDbLine
 10
110.0644362805
 20
7.8618259984
 30
0.0
 11
110.0644362805
 21
7.758813994299999
 31
0.0
  0
LINE
  5
57C
330
541
100
AcDbEntity
  8
0
  6
Continuous
 62
     7
370
    25
100
AcDbLine
 10
110.0644362805
 20
7.758813994299999
 30
0.0
 11
111.0637637248
 21
7.795483587399998
 31
0.0
  0
LINE
  5
57D
330
541
100
AcDbEntity
  8
0
  6
Continuous
 62
     7
370
    25
100
AcDbLine
 10
34.5984798605
 20
5.023151270899998
 30
0.0
 11
34.5984798605
 21
5.123184896899998
 31
0.0
  0
LINE
  5
57E
330
541
100
AcDbEntity
  8
0
  6
Continuous
 62
     7
370
    25
100
AcDbLine
 10
35.5981202137
 20
5.0499685078
 30
0.0
 11
34.5984798605
 21
5.023151270899998
 31
0.0
  0
LINE
  5
57F
330
541
100
AcDbEntity
  8
0
  6
Continuous
 62
     7
370
    25
100
AcDbLine
 10
35.5981202137
 20
5.150006865399999
 30
0.0
 11
35.5981202137
 21
5.0499685078
 31
0.0
  0
LINE
  5
580
330
541
100
AcDbEntity
  8
0
  6
Continuous
 62
     7
370
    25
100
AcDbLine
 10
33.398848767
 20
4.993402688199998
 30
0.0
 11
33.398848767
 21
5.093429749599999
 31
0.0
  0
LINE
  5
581
330
541
100
AcDbEntity
  8
0
  6
Continuous
 62
     7
370
    25
100
AcDbLine
 10
34.3985461256
 20
5.018003289
 30
0.0
 11
33.398848767
 21
4.993402688199998
 31
0.0
  0
LINE
  5
582
330
541
100
AcDbEntity
  8
0
  6
Continuous
 62
     7
370
    25
100
AcDbLine
 10
34.3985461256
 20
5.1180359635
 30
0.0
 11
34.3985461256
 21
5.018003289
 31
0.0
  0
LINE
  5
583
330
541
100
AcDbEntity
  8
0
  6
Continuous
 62
     7
370
    25
100
AcDbLine
 10
32.1991495169
 20
4.9665439636
 30
0.0
 11
32.1991495169
 21
5.066564901899998
 31
0.0
  0
LINE
  5
584
330
541
100
AcDbEntity
  8
0
  6
Continuous
 62
     7
370
    25
100
AcDbLine
 10
33.1989036329
 20
4.9887183193
 30
0.0
 11
32.1991495169
 21
4.9665439636
 31
0.0
  0
LINE
  5
585
330
541
100
AcDbEntity
  8
0
  6
Continuous
 62
     7
370
    25
100
AcDbLine
 10
33.1989036329
 20
5.088744023899999
 30
0.0
 11
33.1989036329
 21
4.9887183193
 31
0.0
  0
LINE
  5
586
330
541
100
AcDbEntity
  8
0
  6
Continuous
 62
     7
370
    25
100
AcDbLine
 10
37.624757218
 20
10.2232000903
 30
0.0
 11
31.1232674356
 21
10.2232000903
 31
0.0
  0
LINE
  5
587
330
541
100
AcDbEntity
  8
0
  6
Continuous
 62
     7
370
    25
100
AcDbLine
 10
31.8138296204
 20
18.1539256714
 30
0.0
 11
38.3153194028
 21
11.9464731155
 31
0.0
  0
LINE
  5
588
330
541
100
AcDbEntity
  8
0
  6
Continuous
 62
     7
370
    25
100
AcDbLine
 10
30.1232674356
 20
11.2232000903
 30
0.0
 11
30.1232674356
 21
17.4306526463
 31
0.0
  0
LINE
  5
589
330
541
100
AcDbEntity
  8
0
  6
Continuous
 62
     7
370
    25
100
AcDbLine
 10
96.2380846235
 20
12.2229406613
 30
0.0
 11
91.0808075809
 21
18.1090224248
 31
0.0
  0
LINE
  5
58A
330
541
100
AcDbEntity
  8
0
  6
Continuous
 62
     7
370
    25
100
AcDbLine
 10
97.9902206883
 20
18.76803027
 30
0.0
 11
97.9902206883
 21
12.8819485065
 31
0.0
  0
LINE
  5
58B
330
541
100
AcDbEntity
  8
0
  6
Continuous
 62
     7
370
    25
100
AcDbLine
 10
91.8329436457
 20
19.76803027
 30
0.0
 11
96.9902206883
 21
19.76803027
 31
0.0
  0
LINE
  5
58C
330
541
100
AcDbEntity
  8
0
  6
Continuous
 62
     7
370
    25
100
AcDbLine
 10
61.4565492756
 20
17.894352157
 30
0.0
 11
67.0016305554
 21
11.902409333
 31
0.0
  0
LINE
  5
58D
330
541
100
AcDbEntity
  8
0
  6
Continuous
 62
     7
370
    25
100
AcDbLine
 10
59.7226045879
 20
11.2232000903
 30
0.0
 11
59.7226045879
 21
17.2151429143
 31
0.0
  0
LINE
  5
58E
330
541
100
AcDbEntity
  8
0
  6
Continuous
 62
     7
370
    25
100
AcDbLine
 10
66.26768586779999
 20
10.2232000903
 30
0.0
 11
60.7226045879
 21
10.2232000903
 31
0.0
  0
LINE
  5
58F
330
541
100
AcDbEntity
  8
0
  6
Continuous
 62
     7
370
    25
100
AcDbLine
 10
56.351150213
 20
10.2232000903
 30
0.0
 11
50.2205345884
 21
10.2232000903
 31
0.0
  0
LINE
  5
590
330
541
100
AcDbEntity
  8
0
  6
Continuous
 62
     7
370
    25
100
AcDbLine
 10
57.351150213
 20
17.3538164914
 30
0.0
 11
57.351150213
 21
11.2232000903
 31
0.0
  0
LINE
  5
591
330
541
100
AcDbEntity
  8
0
  6
Continuous
 62
     7
370
    25
100
AcDbLine
 10
49.5134277625
 20
11.9303068267
 30
0.0
 11
55.644043387
 21
18.0609232278
 31
0.0
  0
LINE
  5
592
330
541
100
AcDbEntity
  8
0
  6
Continuous
 62
     7
370
    25
100
AcDbLine
 10
45.0935800333
 20
12.6374136526
 30
0.0
 11
45.0935800333
 21
18.76803027
 31
0.0
  0
LINE
  5
593
330
541
100
AcDbEntity
  8
0
  6
Continuous
 62
     7
370
    25
100
AcDbLine
 10
52.9313034318
 20
18.0609234888
 30
0.0
 11
46.80068681449998
 21
11.9303068714
 31
0.0
  0
LINE
  5
594
330
541
100
AcDbEntity
  8
0
  6
Continuous
 62
     7
370
    25
100
AcDbLine
 10
46.0935800333
 20
19.76803027
 30
0.0
 11
52.22419665069999
 21
19.76803027
 31
0.0
  0
LINE
  5
595
330
541
100
AcDbEntity
  8
0
  6
Continuous
 62
     7
370
    25
100
AcDbLine
 10
41.1370627609
 20
11.8903646825
 30
0.0
 11
34.6911463403
 21
18.0447572448
 31
0.0
  0
LINE
  5
596
330
541
100
AcDbEntity
  8
0
  6
Continuous
 62
     7
370
    25
100
AcDbLine
 10
42.684967865
 20
18.791160327
 30
0.0
 11
42.82735741009999
 21
12.6367677646
 31
0.0
  0
LINE
  5
597
330
541
100
AcDbEntity
  8
0
  6
Continuous
 62
     7
370
    25
100
AcDbLine
 10
35.3817085251
 20
19.76803027
 30
0.0
 11
41.6852354005
 21
19.76803027
 31
0.0
  0
LINE
  5
598
330
541
100
AcDbEntity
  8
0
  6
Continuous
 62
     7
370
    25
100
AcDbLine
 10
93.36982176020001
 20
10.2232000903
 30
0.0
 11
88.2125447175
 21
10.2232000903
 31
0.0
  0
LINE
  5
599
330
541
100
AcDbEntity
  8
0
  6
Continuous
 62
     7
370
    25
100
AcDbLine
 10
88.96468078229998
 20
17.768289699
 30
0.0
 11
94.12195782499999
 21
11.8822079355
 31
0.0
  0
LINE
  5
59A
330
541
100
AcDbEntity
  8
0
  6
Continuous
 62
     7
370
    25
100
AcDbLine
 10
87.21254471749999
 20
11.2232000903
 30
0.0
 11
87.21254471749999
 21
17.1092818538
 31
0.0
  0
LINE
  5
59B
330
541
100
AcDbEntity
  8
0
  6
Continuous
 62
     7
370
    25
100
AcDbLine
 10
83.5408268137
 20
10.2232000903
 30
0.0
 11
78.04946060569999
 21
10.2232000903
 31
0.0
  0
LINE
  5
59C
330
541
100
AcDbEntity
  8
0
  6
Continuous
 62
     7
370
    25
100
AcDbLine
 10
84.5408268137
 20
17.2012057929
 30
0.0
 11
84.5408268137
 21
11.2232000903
 31
0.0
  0
LINE
  5
59D
330
541
100
AcDbEntity
  8
0
  6
Continuous
 62
     7
370
    25
100
AcDbLine
 10
77.3130142506
 20
11.8996960371
 30
0.0
 11
82.8043804586
 21
17.8777017398
 31
0.0
  0
LINE
  5
59E
330
541
100
AcDbEntity
  8
0
  6
Continuous
 62
     7
370
    25
100
AcDbLine
 10
73.5868016996
 20
12.7900245675
 30
0.0
 11
73.5868016996
 21
18.76803027
 31
0.0
  0
LINE
  5
59F
330
541
100
AcDbEntity
  8
0
  6
Continuous
 62
     7
370
    25
100
AcDbLine
 10
80.81461426209997
 20
18.0915343232
 30
0.0
 11
75.3232480547
 21
12.1135286207
 31
0.0
  0
LINE
  5
5A0
330
541
100
AcDbEntity
  8
0
  6
Continuous
 62
     7
370
    25
100
AcDbLine
 10
74.5868016996
 20
19.76803027
 30
0.0
 11
80.0781679071
 21
19.76803027
 31
0.0
  0
LINE
  5
5A1
330
541
100
AcDbEntity
  8
0
  6
Continuous
 62
     7
370
    25
100
AcDbLine
 10
69.467495506
 20
12.0968782032
 30
0.0
 11
63.92241422609999
 21
18.0888210272
 31
0.0
  0
LINE
  5
5A2
330
541
100
AcDbEntity
  8
0
  6
Continuous
 62
     7
370
    25
100
AcDbLine
 10
71.20144019369998
 20
18.76803027
 30
0.0
 11
71.20144019369998
 21
12.776087446
 31
0.0
  0
LINE
  5
5A3
330
541
100
AcDbEntity
  8
0
  6
Continuous
 62
     7
370
    25
100
AcDbLine
 10
64.6563589138
 20
19.76803027
 30
0.0
 11
70.20144019369999
 21
19.76803027
 31
0.0
  0
SPLINE
  5
5A4
330
541
100
AcDbEntity
  8
0
  6
Continuous
 62
     7
370
    25
100
AcDbSpline
210
0.0
220
0.0
230
1.0
 70
     8
 71
     3
 72
     8
 73
     4
 74
     0
 42
0.00000001
 43
0.0000000001
 40
0.8452512074253284
 40
0.8452512074253284
 40
0.8452512074253284
 40
0.8452512074253284
 40
0.8641438424584318
 40
0.8641438424584318
 40
0.8641438424584318
 40
0.8641438424584318
 10
113.6620151453501
 20
7.993969182490731
 30
0.0
 10
115.7937881883211
 20
8.072272212694876
 30
0.0
 10
117.9255613243174
 20
8.150571695483124
 30
0.0
 10
120.0573345779122
 20
8.228864412937019
 30
0.0
  0
SPLINE
  5
5A5
330
541
100
AcDbEntity
  8
0
  6
Continuous
 62
     7
370
    25
100
AcDbSpline
210
0.0
220
0.0
230
1.0
 70
     8
 71
     3
 72
    23
 73
    19
 74
     0
 42
0.00000001
 43
0.0000000001
 40
0.6152326334232532
 40
0.6152326334232532
 40
0.6152326334232532
 40
0.6152326334232532
 40
0.6236846061334937
 40
0.6314806637101624
 40
0.6392767212868311
 40
0.6470727788634998
 40
0.6548688364401683
 40
0.6704609515935056
 40
0.6860530667468429
 40
0.7016451819001805
 40
0.7172372970535177
 40
0.732829412206855
 40
0.7484215273601924
 40
0.7640136425135296
 40
0.7796057576668672
 40
0.8107899879735416
 40
0.8263821031268792
 40
0.8340330448191972
 40
0.8340330448191972
 40
0.8340330448191972
 40
0.8340330448191972
 10
35.7980426084
 20
5.155578935156118
 30
0.0
 10
36.75199952808422
 20
5.182326803788813
 30
0.0
 10
38.58575630825163
 20
5.238121331616928
 30
0.0
 10
41.29907197068134
 20
5.330163903416278
 30
0.0
 10
43.93814134524291
 20
5.426110666203111
 30
0.0
 10
46.57707291403179
 20
5.525760085185922
 30
0.0
 10
50.09557424574376
 20
5.660565277659535
 30
0.0
 10
54.4938557640501
 20
5.82499570652058
 30
0.0
 10
59.7719609688089
 20
6.017765075952496
 30
0.0
 10
65.05012580553359
 20
6.208889827534012
 30
0.0
 10
70.32823680012754
 20
6.401497060063647
 30
0.0
 10
75.60629486284355
 20
6.595548634963917
 30
0.0
 10
80.88433530796043
 20
6.790077511666182
 30
0.0
 10
86.16238548748855
 20
6.984342888770419
 30
0.0
 10
93.19980893075522
 20
7.242731228182647
 30
0.0
 10
100.2372402100321
 20
7.500905312049947
 30
0.0
 10
106.3786096715791
 20
7.726443624352722
 30
0.0
 10
109.0012677394589
 20
7.822774598972943
 30
0.0
 10
109.8645708569501
 20
7.854484700200004
 30
0.0
  0
SPLINE
  5
5A6
330
541
100
AcDbEntity
  8
0
  6
Continuous
 62
     7
370
    25
100
AcDbSpline
210
0.0
220
0.0
230
1.0
 70
     8
 71
     3
 72
    73
 73
    69
 74
     0
 42
0.00000001
 43
0.0000000001
 40
0.1842939855889897
 40
0.1842939855889897
 40
0.1842939855889897
 40
0.1842939855889897
 40
0.1871053818400481
 40
0.2026974969933854
 40
0.2182896121467227
 40
0.2338817273000601
 40
0.2494738424533974
 40
0.2650659576067348
 40
0.280658072760072
 40
0.2962501879134095
 40
0.3118423030667468
 40
0.3274344182200841
 40
0.3430265333734214
 40
0.3586186485267588
 40
0.3742107636800962
 40
0.3820068212567648
 40
0.3898028788334335
 40
0.3975989364101021
 40
0.4053949939867711
 40
0.4131910515634396
 40
0.4209871091401083
 40
0.4287831667167769
 40
0.4365792242934455
 40
0.4443752818701141
 40
0.4482733106584484
 40
0.4521713394467828
 40
0.4560693682351172
 40
0.4599673970234516
 40
0.463865425811786
 40
0.4677634546001203
 40
0.4716614833884547
 40
0.4755595121767888
 40
0.4794575409651232
 40
0.4833555697534575
 40
0.4853045841476247
 40
0.4872535985417918
 40
0.489202612935959
 40
0.4911516273301262
 40
0.4931006417242936
 40
0.4950496561184606
 40
0.4969986705126277
 40
0.4989476849067949
 40
0.5008966993009622
 40
0.5028457136951294
 40
0.5047947280892964
 40
0.5067437424834635
 40
0.5086927568776308
 40
0.5106417712717981
 40
0.5125907856659651
 40
0.5145398000601322
 40
0.5184378288484666
 40
0.5223358576368009
 40
0.5242848720309681
 40
0.5262338864251354
 40
0.5281829008193025
 40
0.5301319152134696
 40
0.534029944001804
 40
0.5379279727901383
 40
0.5418260015784728
 40
0.5457240303668069
 40
0.5535200879434754
 40
0.5613161455201441
 40
0.5691122030968128
 40
0.5769082606734816
 40
0.5847043182501503
 40
0.5925003758268189
 40
0.6002964334034877
 40
0.6040144827571758
 40
0.6040144827571758
 40
0.6040144827571758
 40
0.6040144827571758
 10
104.0573346147441
 20
21.88682857997527
 30
0.0
 10
103.7427871775986
 20
21.92959351972632
 30
0.0
 10
101.6834325942197
 20
22.20722165484193
 30
0.0
 10
97.87549465864081
 20
22.69152127115487
 30
0.0
 10
92.627078942156
 20
23.28405740061747
 30
0.0
 10
87.3708562195228
 20
23.80282336783769
 30
0.0
 10
82.10778175457482
 20
24.24657481858516
 30
0.0
 10
76.83886298564072
 20
24.61507712509016
 30
0.0
 10
71.56456415437287
 20
24.89658258154402
 30
0.0
 10
66.2858866533673
 20
25.0814137439549
 30
0.0
 10
61.00452523895924
 20
25.15544937771591
 30
0.0
 10
55.7227326379953
 20
25.13165861548871
 30
0.0
 10
50.44215186571403
 20
25.02100175121572
 30
0.0
 10
45.16330603905172
 20
24.84599038112962
 30
0.0
 10
40.76791574867614
 20
24.609197193156
 30
0.0
 10
37.25779483296907
 20
24.32875421928524
 30
0.0
 10
34.62986788151105
 20
24.06699689881412
 30
0.0
 10
32.00874239469972
 20
23.74327079030734
 30
0.0
 10
29.39671776218818
 20
23.35301918209243
 30
0.0
 10
26.79521043766318
 20
22.89791968703496
 30
0.0
 10
24.20532094680918
 20
22.38089010460566
 30
0.0
 10
21.62860547309049
 20
21.80164207149475
 30
0.0
 10
19.06804964252403
 20
21.15447562237897
 30
0.0
 10
16.9514518201528
 20
20.55093771074731
 30
0.0
 10
15.27119694129715
 20
20.02509437296569
 30
0.0
 10
14.01786406731758
 20
19.60947567588756
 30
0.0
 10
12.77138447512389
 20
19.17372335920142
 30
0.0
 10
11.53261516565425
 20
18.71646752568182
 30
0.0
 10
10.30453143808056
 20
18.23110988329134
 30
0.0
 10
9.08988180024593
 20
17.71299184036262
 30
0.0
 10
7.89310627350941
 20
17.15452606167769
 30
0.0
 10
6.720339003348432
 20
16.54718459737044
 30
0.0
 10
5.57709273703169
 20
15.88557901501399
 30
0.0
 10
4.660408926347962
 20
15.27570587484411
 30
0.0
 10
3.95596137960614
 20
14.74756005346665
 30
0.0
 10
3.442486809771788
 20
14.33239457148108
 30
0.0
 10
2.946026993618998
 20
13.89700830037988
 30
0.0
 10
2.464234458806309
 20
13.44552516566573
 30
0.0
 10
1.99303551501357
 20
12.98309040365382
 30
0.0
 10
1.527436379596909
 20
12.51495325004996
 30
0.0
 10
1.077677081452441
 20
12.03147276090011
 30
0.0
 10
0.6582264133211914
 20
11.52090833103681
 30
0.0
 10
0.2930392444899005
 20
10.96939197573098
 30
0.0
 10
0.0173848736626709
 20
10.36613704466796
 30
0.0
 10
-0.0814937630191679
 20
9.702076017338081
 30
0.0
 10
0.0820695697586906
 20
9.050255755320744
 30
0.0
 10
0.4248574837857221
 20
8.481675670310503
 30
0.0
 10
0.8625665753233704
 20
7.98451860040104
 30
0.0
 10
1.366422869282211
 20
7.556498570485753
 30
0.0
 10
2.100634307249923
 20
7.066008408341803
 30
0.0
 10
3.126290695761991
 20
6.64945184900925
 30
0.0
 10
4.198425793932961
 20
6.398265924269584
 30
0.0
 10
5.06182644494109
 20
6.226808057418615
 30
0.0
 10
5.709241932564922
 20
6.097623010704047
 30
0.0
 10
6.357955156626571
 20
5.974761468178682
 30
0.0
 10
7.225317539831451
 20
5.824577041632259
 30
0.0
 10
8.314415545936132
 20
5.66602663542532
 30
0.0
 10
9.627264038401481
 20
5.523735699342627
 30
0.0
 10
10.94334639970822
 20
5.415534037296712
 30
0.0
 10
12.70061787965623
 20
5.307928914077618
 30
0.0
 10
14.89848072457938
 20
5.19593469125113
 30
0.0
 10
17.53719363139464
 20
5.0894974393409
 30
0.0
 10
20.17727192352893
 20
5.02376464991104
 30
0.0
 10
22.8178536269897
 20
4.987485105724339
 30
0.0
 10
25.4587052763862
 20
4.980388747407518
 30
0.0
 10
28.09947754024796
 20
4.997290971829829
 30
0.0
 10
30.27962537765572
 20
5.028706175362677
 30
0.0
 10
31.57946945776468
 20
5.053717628363919
 30
0.0
 10
31.9991930979
 20
5.0623890492
 30
0.0
  0
SPLINE
  5
5A7
330
541
100
AcDbEntity
  8
0
  6
Continuous
 62
     7
370
    25
100
AcDbSpline
210
0.0
220
0.0
230
1.0
 70
     8
 71
     3
 72
    11
 73
     7
 74
     0
 42
0.00000001
 43
0.0000000001
 40
0.1365069400392428
 40
0.1365069400392428
 40
0.1365069400392428
 40
0.1365069400392428
 40
0.140329036380036
 40
0.1559211515333734
 40
0.1715132666867107
 40
0.1783334551567434
 40
0.1783334551567434
 40
0.1783334551567434
 40
0.1783334551567434
 10
120.0573340199258
 20
19.43634512847072
 30
0.0
 10
119.6317729381662
 20
19.50805829545448
 30
0.0
 10
117.4697429078321
 20
19.86991351181473
 30
0.0
 10
113.567626087315
 20
20.50021056317988
 30
0.0
 10
109.3249278017228
 20
21.14369401227655
 30
0.0
 10
106.8199062069969
 20
21.5028293704982
 30
0.0
 10
106.0573346147441
 20
21.61012802103257
 30
0.0
  0
SPLINE
  5
5A8
330
541
100
AcDbEntity
  8
0
  6
Continuous
 62
     7
370
    25
100
AcDbSpline
210
0.0
220
0.0
230
1.0
 70
     8
 71
     3
 72
     8
 73
     4
 74
     0
 42
0.00000001
 43
0.0000000001
 40
0.8417086297751621
 40
0.8417086297751621
 40
0.8417086297751621
 40
0.8417086297751621
 40
0.8446607777379146
 40
0.8446607777379146
 40
0.8446607777379146
 40
0.8446607777379146
 10
112.4628221468
 20
7.949922686874512
 30
0.0
 10
112.7959312794985
 20
7.96215836894762
 30
0.0
 10
113.1290404163857
 20
7.974394019351811
 30
0.0
 10
113.4621495569443
 20
7.986629611960673
 30
0.0
  0
SPLINE
  5
5A9
330
541
100
AcDbEntity
  8
0
  6
Continuous
 62
     7
370
    25
100
AcDbSpline
210
0.0
220
0.0
230
1.0
 70
     8
 71
     3
 72
     8
 73
     4
 74
     0
 42
0.00000001
 43
0.0000000001
 40
0.8381660520744315
 40
0.8381660520744315
 40
0.8381660520744315
 40
0.8381660520744315
 40
0.8411181999268332
 40
0.8411181999268332
 40
0.8411181999268332
 40
0.8411181999268332
 10
111.2636292137
 20
7.905874193853292
 30
0.0
 10
111.5967383285251
 20
7.918109869744327
 30
0.0
 10
111.9298474439292
 20
7.930345580002756
 30
0.0
 10
112.2629565627117
 20
7.942581271325093
 30
0.0
  0
SPLINE
  5
5AA
330
541
100
AcDbEntity
  8
0
  6
Continuous
 62
     7
370
    25
100
AcDbSpline
210
0.0
220
0.0
230
1.0
 70
     8
 71
     3
 72
     8
 73
     4
 74
     0
 42
0.00000001
 43
0.0000000001
 40
0.8346234744206331
 40
0.8346234744206331
 40
0.8346234744206331
 40
0.8346234744206331
 40
0.837575622461097
 40
0.837575622461097
 40
0.837575622461097
 40
0.837575622461097
 10
110.0644362805
 20
7.861825998350007
 30
0.0
 10
110.3975454191859
 20
7.874061515781678
 30
0.0
 10
110.7306545550921
 20
7.886297131544956
 30
0.0
 10
111.0637636910176
 20
7.898532792336342
 30
0.0
  0
SPLINE
  5
5AB
330
541
100
AcDbEntity
  8
0
  6
Continuous
 62
     7
370
    25
100
AcDbSpline
210
0.0
220
0.0
230
1.0
 70
     8
 71
     3
 72
     8
 73
     4
 74
     0
 42
0.00000001
 43
0.0000000001
 40
0.611690060995901
 40
0.611690060995901
 40
0.611690060995901
 40
0.611690060995901
 40
0.6146422047190182
 40
0.6146422047190182
 40
0.6146422047190182
 40
0.6146422047190182
 10
34.59847986050001
 20
5.123184896903726
 30
0.0
 10
34.93170117152637
 20
5.131827846909418
 30
0.0
 10
35.26491462615887
 20
5.140776225385308
 30
0.0
 10
35.59812021372991
 20
5.150006865447193
 30
0.0
  0
SPLINE
  5
5AC
330
541
100
AcDbEntity
  8
0
  6
Continuous
 62
     7
370
    25
100
AcDbSpline
210
0.0
220
0.0
230
1.0
 70
     8
 71
     3
 72
     8
 73
     4
 74
     0
 42
0.00000001
 43
0.0000000001
 40
0.6081474871917362
 40
0.6081474871917362
 40
0.6081474871917362
 40
0.6081474871917362
 40
0.6110996322349384
 40
0.6110996322349384
 40
0.6110996322349384
 40
0.6110996322349384
 10
33.398848767
 20
5.093429749553308
 30
0.0
 10
33.73208906702963
 20
5.101306314137677
 30
0.0
 10
34.06532152345943
 20
5.109516107761782
 30
0.0
 10
34.39854612562183
 20
5.118035963510344
 30
0.0
  0
SPLINE
  5
5AD
330
541
100
AcDbEntity
  8
0
  6
Continuous
 62
     7
370
    25
100
AcDbSpline
210
0.0
220
0.0
230
1.0
 70
     8
 71
     3
 72
     8
 73
     4
 74
     0
 42
0.00000001
 43
0.0000000001
 40
0.604604911969632
 40
0.604604911969632
 40
0.604604911969632
 40
0.604604911969632
 40
0.6075570581437586
 40
0.6075570581437586
 40
0.6075570581437586
 40
0.6075570581437586
 10
32.19914951690001
 20
5.066564901863053
 30
0.0
 10
32.53240867582615
 20
5.073598868720988
 30
0.0
 10
32.86566007001893
 20
5.081001898316382
 30
0.0
 10
33.19890363288305
 20
5.088744023882731
 30
0.0
  0
SPLINE
  5
5AE
330
541
100
AcDbEntity
  8
0
  6
Continuous
 62
     7
370
    25
100
AcDbSpline
210
0.0
220
0.0
230
1.0
 70
     8
 71
     3
 72
     8
 73
     4
 74
     0
 42
0.00000001
 43
0.0000000001
 40
0.0
 40
0.0
 40
0.0
 40
0.0
 40
1.0
 40
1.0
 40
1.0
 40
1.0
 10
19.1928435646105
 20
7.678219643021271
 30
0.0
 10
19.14835850397651
 20
7.676770114910522
 30
0.0
 10
19.10383803164707
 20
7.676044774019147
 30
0.0
 10
19.05931755305395
 20
7.676044774019147
 30
0.0
  0
SPLINE
  5
5AF
330
541
100
AcDbEntity
  8
0
  6
Continuous
 62
     7
370
    25
100
AcDbSpline
210
0.0
220
0.0
230
1.0
 70
     8
 71
     3
 72
     8
 73
     4
 74
     0
 42
0.00000001
 43
0.0000000001
 40
0.0
 40
0.0
 40
0.0
 40
0.0
 40
1.0
 40
1.0
 40
1.0
 40
1.0
 10
19.05931755305395
 20
15.87604477401914
 30
0.0
 10
19.10383803164792
 20
15.87604477401914
 30
0.0
 10
19.1483585039782
 20
15.87531943312774
 30
0.0
 10
19.19284356461304
 20
15.87386990501694
 30
0.0
  0
SPLINE
  5
5B0
330
541
100
AcDbEntity
  8
0
  6
Continuous
 62
     7
370
    25
100
AcDbSpline
210
0.0
220
0.0
230
1.0
 70
     8
 71
     3
 72
    10
 73
     6
 74
     0
 42
0.00000001
 43
0.0000000001
 40
0.0
 40
0.0
 40
0.0
 40
0.0
 40
0.5000000000000001
 40
0.5000000000000001
 40
1.0
 40
1.0
 40
1.0
 40
1.0
 10
19.05931755305395
 20
7.676044774019147
 30
0.0
 10
16.32598421972061
 20
7.676044774019147
 30
0.0
 10
14.95931755305395
 20
10.40937810735248
 30
0.0
 10
14.95931755305395
 20
13.14271144068581
 30
0.0
 10
16.3259842197206
 20
15.87604477401914
 30
0.0
 10
19.05931755305394
 20
15.87604477401914
 30
0.0
  0
ENDBLK
  5
5B1
330
541
100
AcDbEntity
  8
0
100
AcDbBlockEnd
  0
BLOCK
  5
5B3
330
5B2
100
AcDbEntity
  8
0
100
AcDbBlockBegin
  2
main_wing_第五块翼肋
 70
     0
 10
0.0
 20
0.0
 30
0.0
  3
main_wing_第五块翼肋
  1

  0
ARC
  5
5B4
330
5B2
100
AcDbEntity
  8
0
  6
Continuous
 62
     7
370
    25
100
AcDbCircle
 10
38.0446847572
 20
10.5311617323
 30
0.0
 40
1.0
100
AcDbArc
 50
269.9999999996
 51
43.4306451963
  0
ARC
  5
5B5
330
5B2
100
AcDbEntity
  8
0
  6
Continuous
 62
     7
370
    25
100
AcDbCircle
 10
31.1423395846
 20
17.8223714216
 30
0.0
 40
0.9999999999810691
100
AcDbArc
 50
43.43064519619999
 51
180.0
  0
ARC
  5
5B6
330
5B2
100
AcDbEntity
  8
0
  6
Continuous
 62
     7
370
    25
100
AcDbCircle
 10
31.1423395846
 20
10.5311617323
 30
0.0
 40
1.0
100
AcDbArc
 50
180.0
 51
270.0
  0
ARC
  5
5B7
330
5B2
100
AcDbEntity
  8
0
  6
Continuous
 62
     7
370
    25
100
AcDbCircle
 10
76.24350389219998
 20
19.3333056239
 30
0.0
 40
1.000000000000012
100
AcDbArc
 50
359.9999999992
 51
90.0000000003
  0
ARC
  5
5B8
330
5B2
100
AcDbEntity
  8
0
  6
Continuous
 62
     7
370
    25
100
AcDbCircle
 10
69.0444552754
 20
19.3333056239
 30
0.0
 40
1.000000000000001
100
AcDbArc
 50
90.0
 51
224.3990802785
  0
ARC
  5
5B9
330
5B2
100
AcDbEntity
  8
0
  6
Continuous
 62
     7
370
    25
100
AcDbCircle
 10
76.24350389219998
 20
11.9816431506
 30
0.0
 40
1.00000000002064
100
AcDbArc
 50
224.3990802772
 51
0.0
  0
ARC
  5
5BA
330
5B2
100
AcDbEntity
  8
0
  6
Continuous
 62
     7
370
    25
100
AcDbCircle
 10
81.0765676693
 20
12.3678386714
 30
0.0
 40
1.000000000000002
100
AcDbArc
 50
180.0
 51
321.162326972
  0
ARC
  5
5BB
330
5B2
100
AcDbEntity
  8
0
  6
Continuous
 62
     7
370
    25
100
AcDbCircle
 10
86.68449148379998
 20
19.3333056239
 30
0.0
 40
1.000000000006413
100
AcDbArc
 50
321.1623269737
 51
90.0000000002
  0
ARC
  5
5BC
330
5B2
100
AcDbEntity
  8
0
  6
Continuous
 62
     7
370
    25
100
AcDbCircle
 10
81.0765676693
 20
19.3333056239
 30
0.0
 40
1.0
100
AcDbArc
 50
90.0
 51
180.0
  0
ARC
  5
5BD
330
5B2
100
AcDbEntity
  8
0
  6
Continuous
 62
     7
370
    25
100
AcDbCircle
 10
90.87001920659998
 20
10.5311617323
 30
0.0
 40
1.0
100
AcDbArc
 50
270.0
 51
0.0
  0
ARC
  5
5BE
330
5B2
100
AcDbEntity
  8
0
  6
Continuous
 62
     7
370
    25
100
AcDbCircle
 10
90.87001920659998
 20
17.4966286847
 30
0.0
 40
1.000000000000012
100
AcDbArc
 50
0.0000000002
 51
141.1623269715
  0
ARC
  5
5BF
330
5B2
100
AcDbEntity
  8
0
  6
Continuous
 62
     7
370
    25
100
AcDbCircle
 10
85.26209539220001
 20
10.5311617323
 30
0.0
 40
1.000000000006404
100
AcDbArc
 50
141.1623269735
 51
270.0
  0
ARC
  5
5C0
330
5B2
100
AcDbEntity
  8
0
  6
Continuous
 62
     7
370
    25
100
AcDbCircle
 10
42.32095513239999
 20
12.0420959345
 30
0.0
 40
1.000000000017374
100
AcDbArc
 50
223.4306451923
 51
0.0
  0
ARC
  5
5C1
330
5B2
100
AcDbEntity
  8
0
  6
Continuous
 62
     7
370
    25
100
AcDbCircle
 10
42.32095513239999
 20
19.3333056239
 30
0.0
 40
1.000000000000007
100
AcDbArc
 50
359.9999999997
 51
89.9999999995
  0
ARC
  5
5C2
330
5B2
100
AcDbEntity
  8
0
  6
Continuous
 62
     7
370
    25
100
AcDbCircle
 10
35.4186099598
 20
19.3333056239
 30
0.0
 40
0.999999999981064
100
AcDbArc
 50
90.0
 51
223.4306451963
  0
ARC
  5
5C3
330
5B2
100
AcDbEntity
  8
0
  6
Continuous
 62
     7
370
    25
100
AcDbCircle
 10
47.4175697146
 20
11.9453752946
 30
0.0
 40
1.000000000000009
100
AcDbArc
 50
180.0
 51
315.0
  0
ARC
  5
5C4
330
5B2
100
AcDbEntity
  8
0
  6
Continuous
 62
     7
370
    25
100
AcDbCircle
 10
54.8055000439
 20
19.3333056239
 30
0.0
 40
1.000000000009531
100
AcDbArc
 50
315.0000000013
 51
89.9999999987
  0
ARC
  5
5C5
330
5B2
100
AcDbEntity
  8
0
  6
Continuous
 62
     7
370
    25
100
AcDbCircle
 10
47.4175697146
 20
19.3333056239
 30
0.0
 40
1.0
100
AcDbArc
 50
90.0
 51
180.0
  0
ARC
  5
5C6
330
5B2
100
AcDbEntity
  8
0
  6
Continuous
 62
     7
370
    25
100
AcDbCircle
 10
59.3163281885
 20
17.9190920614
 30
0.0
 40
1.0
100
AcDbArc
 50
0.0000000036
 51
134.9999999985
  0
ARC
  5
5C7
330
5B2
100
AcDbEntity
  8
0
  6
Continuous
 62
     7
370
    25
100
AcDbCircle
 10
51.92839785930001
 20
10.5311617323
 30
0.0
 40
0.9999999999741632
100
AcDbArc
 50
135.0000000041
 51
270.0
  0
ARC
  5
5C8
330
5B2
100
AcDbEntity
  8
0
  6
Continuous
 62
     7
370
    25
100
AcDbCircle
 10
59.3163281885
 20
10.5311617323
 30
0.0
 40
1.0
100
AcDbArc
 50
270.0
 51
0.0
  0
ARC
  5
5C9
330
5B2
100
AcDbEntity
  8
0
  6
Continuous
 62
     7
370
    25
100
AcDbCircle
 10
64.4129427708
 20
17.8828242055
 30
0.0
 40
1.000000000020655
100
AcDbArc
 50
44.3990802772
 51
180.0
  0
ARC
  5
5CA
330
5B2
100
AcDbEntity
  8
0
  6
Continuous
 62
     7
370
    25
100
AcDbCircle
 10
64.4129427708
 20
10.5311617323
 30
0.0
 40
1.000000000000007
100
AcDbArc
 50
180.0
 51
270.0
  0
ARC
  5
5CB
330
5B2
100
AcDbEntity
  8
0
  6
Continuous
 62
     7
370
    25
100
AcDbCircle
 10
71.6119913876
 20
10.5311617322
 30
0.0
 40
0.9999999999499268
100
AcDbArc
 50
270.0000000016999
 51
44.3990802772
  0
ARC
  5
5CC
330
5B2
100
AcDbEntity
  8
0
  6
Continuous
 62
     7
370
    25
100
AcDbCircle
 10
19.3361483399
 20
11.7760446632
 30
0.0
 40
4.099999999982813
100
AcDbArc
 50
268.1337000222
 51
91.86629998399999
  0
LINE
  5
5CD
330
5B2
100
AcDbEntity
  8
0
  6
Continuous
 62
     7
370
    25
100
AcDbLine
 10
38.1219239478
 20
5.4256769212
 30
0.0
 11
38.1219239478
 21
5.5257422133
 31
0.0
  0
LINE
  5
5CE
330
5B2
100
AcDbEntity
  8
0
  6
Continuous
 62
     7
370
    25
100
AcDbLine
 10
39.1213284212
 20
5.460183420199999
 30
0.0
 11
38.1219239478
 21
5.4256769212
 31
0.0
  0
LINE
  5
5CF
330
5B2
100
AcDbEntity
  8
0
  6
Continuous
 62
     7
370
    25
100
AcDbLine
 10
39.1213284115
 20
5.5602523037
 30
0.0
 11
39.1213284212
 21
5.460183420199999
 31
0.0
  0
LINE
  5
5D0
330
5B2
100
AcDbEntity
  8
0
  6
Continuous
 62
     7
370
    25
100
AcDbLine
 10
36.92258764
 20
5.385773070499999
 30
0.0
 11
36.92258764
 21
5.4858336244
 31
0.0
  0
LINE
  5
5D1
330
5B2
100
AcDbEntity
  8
0
  6
Continuous
 62
     7
370
    25
100
AcDbLine
 10
37.9220385779
 20
5.418906479099998
 30
0.0
 11
36.92258764
 21
5.385773070499999
 31
0.0
  0
LINE
  5
5D2
330
5B2
100
AcDbEntity
  8
0
  6
Continuous
 62
     7
370
    25
100
AcDbLine
 10
37.9220385685
 20
5.518971013699998
 30
0.0
 11
37.9220385779
 21
5.418906479099998
 31
0.0
  0
LINE
  5
5D3
330
5B2
100
AcDbEntity
  8
0
  6
Continuous
 62
     7
370
    25
100
AcDbLine
 10
35.7231902356
 20
5.347750313299998
 30
0.0
 11
35.7231902356
 21
5.4478056658
 31
0.0
  0
LINE
  5
5D4
330
5B2
100
AcDbEntity
  8
0
  6
Continuous
 62
     7
370
    25
100
AcDbLine
 10
36.7226924721
 20
5.3792983616
 30
0.0
 11
35.7231902356
 21
5.347750313299998
 31
0.0
  0
LINE
  5
5D5
330
5B2
100
AcDbEntity
  8
0
  6
Continuous
 62
     7
370
    25
100
AcDbLine
 10
36.7226924631
 20
5.479358080199999
 30
0.0
 11
36.7226924721
 21
5.3792983616
 31
0.0
  0
LINE
  5
5D6
330
5B2
100
AcDbEntity
  8
0
  6
Continuous
 62
     7
370
    25
100
AcDbLine
 10
35.5232843817
 20
5.441668835999998
 30
0.0
 11
35.5232843817
 21
5.3416143907
 31
0.0
  0
LINE
  5
5D7
330
5B2
100
AcDbEntity
  8
0
  6
Continuous
 62
     7
370
    25
100
AcDbLine
 10
95.65497455979999
 20
14.5743264176
 30
0.0
 11
95.65497496170001
 21
21.6946892608
 31
0.0
  0
LINE
  5
5D8
330
5B2
100
AcDbEntity
  8
0
  6
Continuous
 62
     7
370
    25
100
AcDbLine
 10
97.6549745598
 20
14.5743264176
 30
0.0
 11
95.65497455979999
 21
14.5743264176
 31
0.0
  0
LINE
  5
5D9
330
5B2
100
AcDbEntity
  8
0
  6
Continuous
 62
     7
370
    25
100
AcDbLine
 10
97.6549745598
 20
21.4339749269
 30
0.0
 11
97.6549745598
 21
14.5743264176
 31
0.0
  0
LINE
  5
5DA
330
5B2
100
AcDbEntity
  8
0
  6
Continuous
 62
     7
370
    25
100
AcDbLine
 10
111.6549745925
 20
15.4182186866
 30
0.0
 11
111.6549745925
 21
19.3417975264
 31
0.0
  0
LINE
  5
5DB
330
5B2
100
AcDbEntity
  8
0
  6
Continuous
 62
     7
370
    25
100
AcDbLine
 10
113.6549744042
 20
15.4182186866
 30
0.0
 11
111.6549745925
 21
15.4182186866
 31
0.0
  0
LINE
  5
5DC
330
5B2
100
AcDbEntity
  8
0
  6
Continuous
 62
     7
370
    25
100
AcDbLine
 10
113.6549744042
 20
12.4182213019
 30
0.0
 11
113.6549744042
 21
15.4182186866
 31
0.0
  0
LINE
  5
5DD
330
5B2
100
AcDbEntity
  8
0
  6
Continuous
 62
     7
370
    25
100
AcDbLine
 10
111.6549744451
 20
12.4182213019
 30
0.0
 11
113.6549744042
 21
12.4182213019
 31
0.0
  0
LINE
  5
5DE
330
5B2
100
AcDbEntity
  8
0
  6
Continuous
 62
     7
370
    25
100
AcDbLine
 10
111.6549744451
 20
8.228860752
 30
0.0
 11
111.6549744451
 21
12.4182213019
 31
0.0
  0
LINE
  5
5DF
330
5B2
100
AcDbEntity
  8
0
  6
Continuous
 62
     7
370
    25
100
AcDbLine
 10
105.1456502725
 20
7.9897667075
 30
0.0
 11
105.1456502725
 21
-0.0000000014
 31
0.0
  0
LINE
  5
5E0
330
5B2
100
AcDbEntity
  8
0
  6
Continuous
 62
     7
370
    25
100
AcDbLine
 10
105.1456502725
 20
-0.0000000014
 30
0.0
 11
101.1456502725
 21
-0.0000000014
 31
0.0
  0
LINE
  5
5E1
330
5B2
100
AcDbEntity
  8
0
  6
Continuous
 62
     7
370
    25
100
AcDbLine
 10
101.1456502725
 20
-0.0000000014
 30
0.0
 11
101.1456502725
 21
7.7371917846
 31
0.0
  0
LINE
  5
5E2
330
5B2
100
AcDbEntity
  8
0
  6
Continuous
 62
     7
370
    25
100
AcDbLine
 10
101.1456502725
 20
7.7371917846
 30
0.0
 11
101.3482059841
 21
7.744624418999998
 31
0.0
  0
LINE
  5
5E3
330
5B2
100
AcDbEntity
  8
0
  6
Continuous
 62
     7
370
    25
100
AcDbLine
 10
101.3482059841
 20
7.744624418999998
 30
0.0
 11
101.3482059841
 21
7.850287104199999
 31
0.0
  0
LINE
  5
5E4
330
5B2
100
AcDbEntity
  8
0
  6
Continuous
 62
     7
370
    25
100
AcDbLine
 10
39.3176834365
 20
0.0
 30
0.0
 11
39.3176834365
 21
5.567152826799999
 31
0.0
  0
LINE
  5
5E5
330
5B2
100
AcDbEntity
  8
0
  6
Continuous
 62
     7
370
    25
100
AcDbLine
 10
35.3176834358
 20
0.0
 30
0.0
 11
39.3176834365
 21
0.0
 31
0.0
  0
LINE
  5
5E6
330
5B2
100
AcDbEntity
  8
0
  6
Continuous
 62
     7
370
    25
100
AcDbLine
 10
35.3176834358
 20
5.335366636799999
 30
0.0
 11
35.3176834358
 21
0.0
 31
0.0
  0
LINE
  5
5E7
330
5B2
100
AcDbEntity
  8
0
  6
Continuous
 62
     7
370
    25
100
AcDbLine
 10
35.5232843817
 20
5.3416143907
 30
0.0
 11
35.3176834358
 21
5.335366636799999
 31
0.0
  0
LINE
  5
5E8
330
5B2
100
AcDbEntity
  8
0
  6
Continuous
 62
     7
370
    25
100
AcDbLine
 10
104.9457848165
 20
7.876634955499999
 30
0.0
 11
104.9457848704
 21
7.982425362899999
 31
0.0
  0
LINE
  5
5E9
330
5B2
100
AcDbEntity
  8
0
  6
Continuous
 62
     7
370
    25
100
AcDbLine
 10
103.9464573722
 20
7.9457189883
 30
0.0
 11
103.9464573722
 21
7.8399653624
 31
0.0
  0
LINE
  5
5EA
330
5B2
100
AcDbEntity
  8
0
  6
Continuous
 62
     7
370
    25
100
AcDbLine
 10
103.9464573722
 20
7.8399653624
 30
0.0
 11
104.9457848165
 21
7.876634955499999
 31
0.0
  0
LINE
  5
5EB
330
5B2
100
AcDbEntity
  8
0
  6
Continuous
 62
     7
370
    25
100
AcDbLine
 10
103.7465918833
 20
7.832631443799998
 30
0.0
 11
103.7465919006
 21
7.9383778051
 31
0.0
  0
LINE
  5
5EC
330
5B2
100
AcDbEntity
  8
0
  6
Continuous
 62
     7
370
    25
100
AcDbLine
 10
102.747264439
 20
7.9016724723
 30
0.0
 11
102.747264439
 21
7.7959618507
 31
0.0
  0
LINE
  5
5ED
330
5B2
100
AcDbEntity
  8
0
  6
Continuous
 62
     7
370
    25
100
AcDbLine
 10
102.747264439
 20
7.7959618507
 30
0.0
 11
103.7465918833
 21
7.832631443799998
 31
0.0
  0
LINE
  5
5EE
330
5B2
100
AcDbEntity
  8
0
  6
Continuous
 62
     7
370
    25
100
AcDbLine
 10
102.5473989501
 20
7.7886279321
 30
0.0
 11
102.5473989388
 21
7.894331540099998
 31
0.0
  0
LINE
  5
5EF
330
5B2
100
AcDbEntity
  8
0
  6
Continuous
 62
     7
370
    25
100
AcDbLine
 10
101.5480715058
 20
7.857627690399999
 30
0.0
 11
101.5480715058
 21
7.751958338999998
 31
0.0
  0
LINE
  5
5F0
330
5B2
100
AcDbEntity
  8
0
  6
Continuous
 62
     7
370
    25
100
AcDbLine
 10
101.5480715058
 20
7.751958338999998
 30
0.0
 11
102.5473989501
 21
7.7886279321
 31
0.0
  0
LINE
  5
5F1
330
5B2
100
AcDbEntity
  8
0
  6
Continuous
 62
     7
370
    25
100
AcDbLine
 10
38.0446847572
 20
9.531161732300001
 30
0.0
 11
31.1423395846
 21
9.531161732300001
 31
0.0
  0
LINE
  5
5F2
330
5B2
100
AcDbEntity
  8
0
  6
Continuous
 62
     7
370
    25
100
AcDbLine
 10
31.8685466563
 20
18.5098474495
 30
0.0
 11
38.7708918289
 21
11.2186377602
 31
0.0
  0
LINE
  5
5F3
330
5B2
100
AcDbEntity
  8
0
  6
Continuous
 62
     7
370
    25
100
AcDbLine
 10
30.1423395846
 20
10.5311617323
 30
0.0
 11
30.1423395846
 21
17.8223714216
 31
0.0
  0
LINE
  5
5F4
330
5B2
100
AcDbEntity
  8
0
  6
Continuous
 62
     7
370
    25
100
AcDbLine
 10
77.24350389219998
 20
19.3333056239
 30
0.0
 11
77.24350389219998
 21
11.9816431506
 31
0.0
  0
LINE
  5
5F5
330
5B2
100
AcDbEntity
  8
0
  6
Continuous
 62
     7
370
    25
100
AcDbLine
 10
69.0444552754
 20
20.3333056239
 30
0.0
 11
76.24350389219998
 21
20.3333056239
 31
0.0
  0
LINE
  5
5F6
330
5B2
100
AcDbEntity
  8
0
  6
Continuous
 62
     7
370
    25
100
AcDbLine
 10
75.5290199815
 20
11.281991279
 30
0.0
 11
68.3299713647
 21
18.6336537523
 31
0.0
  0
LINE
  5
5F7
330
5B2
100
AcDbEntity
  8
0
  6
Continuous
 62
     7
370
    25
100
AcDbLine
 10
80.07656766930002
 20
12.3678386714
 30
0.0
 11
80.07656766930002
 21
19.3333056239
 31
0.0
  0
LINE
  5
5F8
330
5B2
100
AcDbEntity
  8
0
  6
Continuous
 62
     7
370
    25
100
AcDbLine
 10
87.4634172768
 20
18.706189519
 30
0.0
 11
81.85549346229999
 21
11.7407225665
 31
0.0
  0
LINE
  5
5F9
330
5B2
100
AcDbEntity
  8
0
  6
Continuous
 62
     7
370
    25
100
AcDbLine
 10
81.0765676693
 20
20.3333056239
 30
0.0
 11
86.68449148379998
 21
20.3333056239
 31
0.0
  0
LINE
  5
5FA
330
5B2
100
AcDbEntity
  8
0
  6
Continuous
 62
     7
370
    25
100
AcDbLine
 10
90.87001920659998
 20
9.531161732300001
 30
0.0
 11
85.26209539220001
 21
9.531161732300001
 31
0.0
  0
LINE
  5
5FB
330
5B2
100
AcDbEntity
  8
0
  6
Continuous
 62
     7
370
    25
100
AcDbLine
 10
91.8700192066
 20
17.4966286847
 30
0.0
 11
91.8700192066
 21
10.5311617323
 31
0.0
  0
LINE
  5
5FC
330
5B2
100
AcDbEntity
  8
0
  6
Continuous
 62
     7
370
    25
100
AcDbLine
 10
84.48316959919997
 20
11.1582778372
 30
0.0
 11
90.0910934136
 21
18.1237447896
 31
0.0
  0
LINE
  5
5FD
330
5B2
100
AcDbEntity
  8
0
  6
Continuous
 62
     7
370
    25
100
AcDbLine
 10
41.59474806059999
 20
11.3546199066
 30
0.0
 11
34.6924028881
 21
18.645829596
 31
0.0
  0
LINE
  5
5FE
330
5B2
100
AcDbEntity
  8
0
  6
Continuous
 62
     7
370
    25
100
AcDbLine
 10
43.32095513239998
 20
19.3333056239
 30
0.0
 11
43.32095513239998
 21
12.0420959345
 31
0.0
  0
LINE
  5
5FF
330
5B2
100
AcDbEntity
  8
0
  6
Continuous
 62
     7
370
    25
100
AcDbLine
 10
35.4186099598
 20
20.3333056239
 30
0.0
 11
42.32095513239999
 21
20.3333056239
 31
0.0
  0
LINE
  5
600
330
5B2
100
AcDbEntity
  8
0
  6
Continuous
 62
     7
370
    25
100
AcDbLine
 10
46.4175697146
 20
11.9453752946
 30
0.0
 11
46.4175697146
 21
19.3333056239
 31
0.0
  0
LINE
  5
601
330
5B2
100
AcDbEntity
  8
0
  6
Continuous
 62
     7
370
    25
100
AcDbLine
 10
55.5126068251
 20
18.6261988427
 30
0.0
 11
48.1246764958
 21
11.2382685134
 31
0.0
  0
LINE
  5
602
330
5B2
100
AcDbEntity
  8
0
  6
Continuous
 62
     7
370
    25
100
AcDbLine
 10
47.4175697146
 20
20.3333056239
 30
0.0
 11
54.8055000439
 21
20.3333056239
 31
0.0
  0
LINE
  5
603
330
5B2
100
AcDbEntity
  8
0
  6
Continuous
 62
     7
370
    25
100
AcDbLine
 10
60.3163281885
 20
17.9190920615
 30
0.0
 11
60.3163281885
 21
10.5311617323
 31
0.0
  0
LINE
  5
604
330
5B2
100
AcDbEntity
  8
0
  6
Continuous
 62
     7
370
    25
100
AcDbLine
 10
51.2212910781
 20
11.2382685134
 30
0.0
 11
58.6092214073
 21
18.6261988426
 31
0.0
  0
LINE
  5
605
330
5B2
100
AcDbEntity
  8
0
  6
Continuous
 62
     7
370
    25
100
AcDbLine
 10
59.3163281885
 20
9.531161732300001
 30
0.0
 11
51.92839785930001
 21
9.531161732300001
 31
0.0
  0
LINE
  5
606
330
5B2
100
AcDbEntity
  8
0
  6
Continuous
 62
     7
370
    25
100
AcDbLine
 10
65.1274266815
 20
18.5824760771
 30
0.0
 11
72.32647529819998
 21
11.2308136038
 31
0.0
  0
LINE
  5
607
330
5B2
100
AcDbEntity
  8
0
  6
Continuous
 62
     7
370
    25
100
AcDbLine
 10
63.4129427708
 20
10.5311617323
 30
0.0
 11
63.4129427708
 21
17.8828242055
 31
0.0
  0
LINE
  5
608
330
5B2
100
AcDbEntity
  8
0
  6
Continuous
 62
     7
370
    25
100
AcDbLine
 10
71.6119913876
 20
9.531161732300001
 30
0.0
 11
64.4129427708
 21
9.531161732300001
 31
0.0
  0
SPLINE
  5
609
330
5B2
100
AcDbEntity
  8
0
  6
Continuous
 62
     7
370
    25
100
AcDbSpline
210
0.0
220
0.0
230
1.0
 70
     8
 71
     3
 72
     8
 73
     4
 74
     0
 42
0.00000001
 43
0.0000000001
 40
0.3688122680365715
 40
0.3688122680365715
 40
0.3688122680365715
 40
0.3688122680365715
 40
0.3719219102251599
 40
0.3719219102251599
 40
0.3719219102251599
 40
0.3719219102251599
 10
39.12132841149865
 20
5.560252303706794
 30
0.0
 10
38.78819957529002
 20
5.548577022974702
 30
0.0
 10
38.45506494720265
 20
5.537065513203493
 30
0.0
 10
38.1219239478
 20
5.525742213273193
 30
0.0
  0
SPLINE
  5
60A
330
5B2
100
AcDbEntity
  8
0
  6
Continuous
 62
     7
370
    25
100
AcDbSpline
210
0.0
220
0.0
230
1.0
 70
     8
 71
     3
 72
     8
 73
     4
 74
     0
 42
0.00000001
 43
0.0000000001
 40
0.3725438386955066
 40
0.3725438386955066
 40
0.3725438386955066
 40
0.3725438386955066
 40
0.3756534814258674
 40
0.3756534814258674
 40
0.3756534814258674
 40
0.3756534814258674
 10
37.92203856849481
 20
5.518971013652921
 30
0.0
 10
37.58889493934704
 20
5.507723973258742
 30
0.0
 10
37.25574482299439
 20
5.496670030549018
 30
0.0
 10
36.92258764
 20
5.485833624416552
 30
0.0
  0
SPLINE
  5
60B
330
5B2
100
AcDbEntity
  8
0
  6
Continuous
 62
     7
370
    25
100
AcDbSpline
210
0.0
220
0.0
230
1.0
 70
     8
 71
     3
 72
     8
 73
     4
 74
     0
 42
0.00000001
 43
0.0000000001
 40
0.3762754100166025
 40
0.3762754100166025
 40
0.3762754100166025
 40
0.3762754100166025
 40
0.3793850531565574
 40
0.3793850531565574
 40
0.3793850531565574
 40
0.3793850531565574
 10
36.72269246313236
 20
5.479358080174358
 30
0.0
 10
36.38953238642248
 20
5.468609664819047
 30
0.0
 10
36.05636512548939
 20
5.458083659295827
 30
0.0
 10
35.7231902356
 20
5.447805665818111
 30
0.0
  0
SPLINE
  5
60C
330
5B2
100
AcDbEntity
  8
0
  6
Continuous
 62
     7
370
    25
100
AcDbSpline
210
0.0
220
0.0
230
1.0
 70
     8
 71
     3
 72
    73
 73
    69
 74
     0
 42
0.00000001
 43
0.0000000001
 40
0.3800069817876977
 40
0.3800069817876977
 40
0.3800069817876977
 40
0.3800069817876977
 40
0.3919075090198435
 40
0.3997035665965121
 40
0.4074996241731811
 40
0.4152956817498497
 40
0.4230917393265183
 40
0.4308877969031869
 40
0.4386838544798555
 40
0.4464799120565244
 40
0.4542759696331928
 40
0.4581739984215272
 40
0.4620720272098616
 40
0.4659700559981961
 40
0.4698680847865303
 40
0.4718170991806975
 40
0.4737661135748648
 40
0.475715127969032
 40
0.4776641423631989
 40
0.4815621711515333
 40
0.4854601999398678
 40
0.4874092143340347
 40
0.4893582287282019
 40
0.4913072431223691
 40
0.4932562575165362
 40
0.4952052719107034
 40
0.4971542863048706
 40
0.4991033006990377
 40
0.501052315093205
 40
0.5030013294873721
 40
0.5049503438815393
 40
0.5068993582757066
 40
0.5088483726698736
 40
0.5107973870640408
 40
0.512746401458208
 40
0.5146954158523753
 40
0.5166444302465423
 40
0.5205424590348767
 40
0.5244404878232111
 40
0.5283385166115453
 40
0.5322365453998798
 40
0.536134574188214
 40
0.5400326029765484
 40
0.5439306317648827
 40
0.547828660553217
 40
0.5517266893415513
 40
0.5556247181298854
 40
0.5634207757065541
 40
0.5712168332832228
 40
0.5790128908598915
 40
0.5868089484365602
 40
0.5946050060132291
 40
0.6024010635898978
 40
0.6101971211665666
 40
0.6179931787432352
 40
0.6257892363199038
 40
0.6413813514732412
 40
0.6569734666265783
 40
0.6725655817799156
 40
0.6881576969332529
 40
0.7037498120865904
 40
0.7193419272399277
 40
0.7349340423932651
 40
0.7505261575466025
 40
0.7661182726999396
 40
0.7817103878532771
 40
0.7973025030066144
 40
0.8058565931300782
 40
0.8058565931300782
 40
0.8058565931300782
 40
0.8058565931300782
 10
35.5232843817
 20
5.441668835999998
 30
0.0
 10
34.24822058860137
 20
5.402718783596966
 30
0.0
 10
32.13766524136288
 20
5.344385349521028
 30
0.0
 10
29.19127175335719
 20
5.282650635087253
 30
0.0
 10
26.68445019408427
 20
5.246527060645425
 30
0.0
 10
24.17742869150383
 20
5.230481401693816
 30
0.0
 10
21.67033167113883
 20
5.237217988868696
 30
0.0
 10
19.1634910114083
 20
5.271660116051065
 30
0.0
 10
16.6571282060043
 20
5.334063491219025
 30
0.0
 10
14.15206168414832
 20
5.435109804729266
 30
0.0
 10
12.06551684333933
 20
5.541431670968183
 30
0.0
 10
10.39724825547143
 20
5.643586645999477
 30
0.0
 10
9.1478231155283
 20
5.746307944303463
 30
0.0
 10
7.901468414592898
 20
5.881391795876357
 30
0.0
 10
6.867530883855402
 20
6.031911803690067
 30
0.0
 10
6.044099651579522
 20
6.174489273520514
 30
0.0
 10
5.428241249570675
 20
6.291128382807679
 30
0.0
 10
4.813618933425281
 20
6.413769651257179
 30
0.0
 10
3.993943063585241
 20
6.576544812173311
 30
0.0
 10
2.976121309542443
 20
6.815004816205721
 30
0.0
 10
2.002377983872555
 20
7.210471062851982
 30
0.0
 10
1.305376859593625
 20
7.676114618157949
 30
0.0
 10
0.8270485213151561
 20
8.082452216926634
 30
0.0
 10
0.4114635898546732
 20
8.554441612984055
 30
0.0
 10
0.0860689557621834
 20
9.094224231779726
 30
0.0
 10
-0.0692096030415356
 20
9.713028705901047
 30
0.0
 10
0.0246625368242662
 20
10.34345773990431
 30
0.0
 10
0.2863572848586742
 20
10.91615713486759
 30
0.0
 10
0.633048894099364
 20
11.43974001421237
 30
0.0
 10
1.031255096781443
 20
11.92444519234091
 30
0.0
 10
1.458236073589645
 20
12.38343697829741
 30
0.0
 10
1.900251464224334
 20
12.8278658239662
 30
0.0
 10
2.347588910693303
 20
13.26687483554008
 30
0.0
 10
2.80497225959459
 20
13.6954989020943
 30
0.0
 10
3.276301626495493
 20
14.10881759815505
 30
0.0
 10
3.763753532602626
 20
14.5029757636634
 30
0.0
 10
4.432532678141966
 20
15.00435540876467
 30
0.0
 10
5.302781986464112
 20
15.58334910671718
 30
0.0
 10
6.388128224546312
 20
16.2114398873559
 30
0.0
 10
7.50149522437666
 20
16.78802304764305
 30
0.0
 10
8.637657060913092
 20
17.31820185449939
 30
0.0
 10
9.790786374939759
 20
17.81007864485792
 30
0.0
 10
10.95667001026045
 20
18.27085322918764
 30
0.0
 10
12.13269766147938
 20
18.70494994337394
 30
0.0
 10
13.31604525435753
 20
19.11863190293674
 30
0.0
 10
14.50589893932285
 20
19.51320027065787
 30
0.0
 10
16.10105176733856
 20
20.01241022193713
 30
0.0
 10
18.11044755476255
 20
20.58538014710458
 30
0.0
 10
20.54131550576619
 20
21.19976796570873
 30
0.0
 10
22.9875248662014
 20
21.74967904469328
 30
0.0
 10
25.44624055354254
 20
22.24051976856542
 30
0.0
 10
27.91598648705104
 20
22.67257309457652
 30
0.0
 10
30.39571541976795
 20
23.04305064593367
 30
0.0
 10
32.88408768574263
 20
23.35040322619264
 30
0.0
 10
35.3789142881419
 20
23.59888118909779
 30
0.0
 10
38.71125352470539
 20
23.86512743024822
 30
0.0
 10
42.88402472012616
 20
24.08992299798812
 30
0.0
 10
47.89550588884806
 20
24.25607286167756
 30
0.0
 10
52.90863418679091
 20
24.36112380630433
 30
0.0
 10
57.92291282724573
 20
24.38371000516787
 30
0.0
 10
62.93678232115553
 20
24.31342415717204
 30
0.0
 10
67.94810345584143
 20
24.13795357412693
 30
0.0
 10
72.95526840226115
 20
23.87070745749596
 30
0.0
 10
77.95732444999227
 20
23.52086590607307
 30
0.0
 10
82.95383467843427
 20
23.09959574417254
 30
0.0
 10
87.94383555691323
 20
22.60709294725752
 30
0.0
 10
92.17674583993948
 20
22.12922408472267
 30
0.0
 10
94.74541545031586
 20
21.81081401974828
 30
0.0
 10
95.65497496170721
 20
21.69468926081588
 30
0.0
  0
SPLINE
  5
60D
330
5B2
100
AcDbEntity
  8
0
  6
Continuous
 62
     7
370
    25
100
AcDbSpline
210
0.0
220
0.0
230
1.0
 70
     8
 71
     3
 72
    10
 73
     6
 74
     0
 42
0.00000001
 43
0.0000000001
 40
0.8121284993749402
 40
0.8121284993749402
 40
0.8121284993749402
 40
0.8121284993749402
 40
0.8284867333132892
 40
0.8440788484666265
 40
0.8561485847559604
 40
0.8561485847559604
 40
0.8561485847559604
 40
0.8561485847559604
 10
97.65497455983009
 20
21.43397492690889
 30
0.0
 10
99.39316477815246
 20
21.20278539385236
 30
0.0
 10
102.7851145300529
 20
20.72851958948248
 30
0.0
 10
107.4504476834613
 20
20.02078154302111
 30
0.0
 10
110.3782462233803
 20
19.55127314584279
 30
0.0
 10
111.6549745924669
 20
19.34179752641528
 30
0.0
  0
SPLINE
  5
60E
330
5B2
100
AcDbEntity
  8
0
  6
Continuous
 62
     7
370
    25
100
AcDbSpline
210
0.0
220
0.0
230
1.0
 70
     8
 71
     3
 72
     8
 73
     4
 74
     0
 42
0.00000001
 43
0.0000000001
 40
0.1431059563308651
 40
0.1431059563308651
 40
0.1431059563308651
 40
0.1431059563308651
 40
0.1633612761995149
 40
0.1633612761995149
 40
0.1633612761995149
 40
0.1633612761995149
 10
111.6549744451137
 20
8.22886075202884
 30
0.0
 10
109.4851994595811
 20
8.149167819894872
 30
0.0
 10
107.3154250556068
 20
8.069465775209897
 30
0.0
 10
105.14565027248
 20
7.9897667075174
 30
0.0
  0
SPLINE
  5
60F
330
5B2
100
AcDbEntity
  8
0
  6
Continuous
 62
     7
370
    25
100
AcDbSpline
210
0.0
220
0.0
230
1.0
 70
     8
 71
     3
 72
    20
 73
    16
 74
     0
 42
0.00000001
 43
0.0000000001
 40
0.175177931857991
 40
0.175177931857991
 40
0.175177931857991
 40
0.175177931857991
 40
0.1892100120264582
 40
0.2203942423331328
 40
0.2359863574864702
 40
0.2515784726398074
 40
0.2671705877931448
 40
0.2827627029464821
 40
0.2983548180998195
 40
0.3139469332531569
 40
0.3295390484064942
 40
0.3451311635598315
 40
0.3529272211365002
 40
0.3607232787131689
 40
0.3682012972704036
 40
0.3682012972704036
 40
0.3682012972704036
 40
0.3682012972704036
 10
101.34820598408
 20
7.850287104201327
 30
0.0
 10
99.84507208694999
 20
7.795080833751317
 30
0.0
 10
95.00144403321256
 20
7.617206865072002
 30
0.0
 10
88.487559807193
 20
7.378239962082096
 30
0.0
 10
81.80656994526058
 20
7.132938707233482
 30
0.0
 10
76.79584412952165
 20
6.948512482568843
 30
0.0
 10
71.78512752462205
 20
6.763836195818987
 30
0.0
 10
66.77439420931527
 20
6.579612987211377
 30
0.0
 10
61.76361063525785
 20
6.396760998668106
 30
0.0
 10
56.75277595022722
 20
6.215316377093142
 30
0.0
 10
51.74199787468033
 20
6.032310482908567
 30
0.0
 10
47.56648189971619
 20
5.876208135246741
 30
0.0
 10
44.22618672882038
 20
5.748230670296477
 30
0.0
 10
41.75498002350249
 20
5.654914621614302
 30
0.0
 10
40.11878100377233
 20
5.595381777275066
 30
0.0
 10
39.31768343649999
 20
5.567152826817284
 30
0.0
  0
SPLINE
  5
610
330
5B2
100
AcDbEntity
  8
0
  6
Continuous
 62
     7
370
    25
100
AcDbSpline
210
0.0
220
0.0
230
1.0
 70
     8
 71
     3
 72
     8
 73
     4
 74
     0
 42
0.00000001
 43
0.0000000001
 40
0.1639832053102883
 40
0.1639832053102883
 40
0.1639832053102883
 40
0.1639832053102883
 40
0.1670928518079071
 40
0.1670928518079071
 40
0.1670928518079071
 40
0.1670928518079071
 10
104.9457848703603
 20
7.982425362859181
 30
0.0
 10
104.6126757097935
 20
7.970189799375119
 30
0.0
 10
104.279566543832
 20
7.957954324236457
 30
0.0
 10
103.9464573722
 20
7.94571898831253
 30
0.0
  0
SPLINE
  5
611
330
5B2
100
AcDbEntity
  8
0
  6
Continuous
 62
     7
370
    25
100
AcDbSpline
210
0.0
220
0.0
230
1.0
 70
     8
 71
     3
 72
     8
 73
     4
 74
     0
 42
0.00000001
 43
0.0000000001
 40
0.1677147810074446
 40
0.1677147810074446
 40
0.1677147810074446
 40
0.1677147810074446
 40
0.1708244272637184
 40
0.1708244272637184
 40
0.1708244272637184
 40
0.1708244272637184
 10
103.7465919006267
 20
7.938377805051117
 30
0.0
 10
103.4134827525686
 20
7.926142527797447
 30
0.0
 10
103.0803735987849
 20
7.913907399932347
 30
0.0
 10
102.747264439
 20
7.901672472325141
 30
0.0
  0
SPLINE
  5
612
330
5B2
100
AcDbEntity
  8
0
  6
Continuous
 62
     7
370
    25
100
AcDbSpline
210
0.0
220
0.0
230
1.0
 70
     8
 71
     3
 72
     8
 73
     4
 74
     0
 42
0.00000001
 43
0.0000000001
 40
0.1714463565261591
 40
0.1714463565261591
 40
0.1714463565261591
 40
0.1714463565261591
 40
0.1745560025577771
 40
0.1745560025577771
 40
0.1745560025577771
 40
0.1745560025577771
 10
102.5473989387747
 20
7.894331540066688
 30
0.0
 10
102.2142898006436
 20
7.882096695481312
 30
0.0
 10
101.8811806567723
 20
7.869862056906793
 30
0.0
 10
101.5480715058
 20
7.85762769038487
 30
0.0
  0
SPLINE
  5
613
330
5B2
100
AcDbEntity
  8
0
  6
Continuous
 62
     7
370
    25
100
AcDbSpline
210
0.0
220
0.0
230
1.0
 70
     8
 71
     3
 72
     8
 73
     4
 74
     0
 42
0.00000001
 43
0.0000000001
 40
0.0
 40
0.0
 40
0.0
 40
0.0
 40
1.0
 40
1.0
 40
1.0
 40
1.0
 10
19.20262232906438
 20
7.678219532228772
 30
0.0
 10
19.15813726835372
 20
7.676770004113026
 30
0.0
 10
19.11361679594755
 20
7.676044663219148
 30
0.0
 10
19.0690963172776
 20
7.676044663219148
 30
0.0
  0
SPLINE
  5
614
330
5B2
100
AcDbEntity
  8
0
  6
Continuous
 62
     7
370
    25
100
AcDbSpline
210
0.0
220
0.0
230
1.0
 70
     8
 71
     3
 72
     8
 73
     4
 74
     0
 42
0.00000001
 43
0.0000000001
 40
0.0
 40
0.0
 40
0.0
 40
0.0
 40
1.0
 40
1.0
 40
1.0
 40
1.0
 10
19.0690963172776
 20
15.87604466321914
 30
0.0
 10
19.11361679579955
 20
15.87604466321913
 30
0.0
 10
19.15813726805785
 20
15.87531932233009
 30
0.0
 10
19.20262232862082
 20
15.87386979422397
 30
0.0
  0
SPLINE
  5
615
330
5B2
100
AcDbEntity
  8
0
  6
Continuous
 62
     7
370
    25
100
AcDbSpline
210
0.0
220
0.0
230
1.0
 70
     8
 71
     3
 72
    10
 73
     6
 74
     0
 42
0.00000001
 43
0.0000000001
 40
0.0
 40
0.0
 40
0.0
 40
0.0
 40
0.5
 40
0.5
 40
1.0
 40
1.0
 40
1.0
 40
1.0
 10
19.0690963172776
 20
7.676044663219148
 30
0.0
 10
16.33576298394427
 20
7.676044663219148
 30
0.0
 10
14.96909631727761
 20
10.40937799655248
 30
0.0
 10
14.96909631727759
 20
13.14271132988581
 30
0.0
 10
16.33576298394427
 20
15.87604466321914
 30
0.0
 10
19.0690963172776
 20
15.87604466321914
 30
0.0
  0
ENDBLK
  5
616
330
5B2
100
AcDbEntity
  8
0
100
AcDbBlockEnd
  0
BLOCK
  5
618
330
617
100
AcDbEntity
  8
0
100
AcDbBlockBegin
  2
main_wing_第六块翼肋
 70
     0
 10
0.0
 20
0.0
 30
0.0
  3
main_wing_第六块翼肋
  1

  0
ARC
  5
619
330
617
100
AcDbEntity
  8
0
  6
Continuous
 62
     7
370
    25
100
AcDbCircle
 10
63.7159577286
 20
10.7519617039
 30
0.0
 40
1.000000000000002
100
AcDbArc
 50
270.0000000002
 51
41.9727548171
  0
ARC
  5
61A
330
617
100
AcDbEntity
  8
0
  6
Continuous
 62
     7
370
    25
100
AcDbCircle
 10
57.7500515176
 20
17.38411124809999
 30
0.0
 40
1.000000000012605
100
AcDbArc
 50
41.9727548181
 51
180.0
  0
ARC
  5
61B
330
617
100
AcDbEntity
  8
0
  6
Continuous
 62
     7
370
    25
100
AcDbCircle
 10
57.7500515176
 20
10.7519617039
 30
0.0
 40
1.0
100
AcDbArc
 50
180.0
 51
270.0
  0
ARC
  5
61C
330
617
100
AcDbEntity
  8
0
  6
Continuous
 62
     7
370
    25
100
AcDbCircle
 10
53.4123594937
 20
10.7519617039
 30
0.0
 40
1.000000000000007
100
AcDbArc
 50
270.0
 51
0.0
  0
ARC
  5
61D
330
617
100
AcDbEntity
  8
0
  6
Continuous
 62
     7
370
    25
100
AcDbCircle
 10
53.4123594937
 20
17.2909141747
 30
0.0
 40
1.000000000000007
100
AcDbArc
 50
0.0000000001
 51
139.3556420187
  0
ARC
  5
61E
330
617
100
AcDbEntity
  8
0
  6
Continuous
 62
     7
370
    25
100
AcDbCircle
 10
47.7990121672
 20
10.7519617039
 30
0.0
 40
1.00000000000318
100
AcDbArc
 50
139.3556420172
 51
270.0
  0
ARC
  5
61F
330
617
100
AcDbEntity
  8
0
  6
Continuous
 62
     7
370
    25
100
AcDbCircle
 10
44.47196082189999
 20
12.4521002978
 30
0.0
 40
1.0
100
AcDbArc
 50
180.0
 51
319.3556420189
  0
ARC
  5
620
330
617
100
AcDbEntity
  8
0
  6
Continuous
 62
     7
370
    25
100
AcDbCircle
 10
50.0853081484
 20
18.9910527686
 30
0.0
 40
1.000000000003171
100
AcDbArc
 50
319.3556420172
 51
90.0000000001
  0
ARC
  5
621
330
617
100
AcDbEntity
  8
0
  6
Continuous
 62
     7
370
    25
100
AcDbCircle
 10
44.47196082189999
 20
18.9910527686
 30
0.0
 40
1.0
100
AcDbArc
 50
90.0
 51
180.0
  0
ARC
  5
622
330
617
100
AcDbEntity
  8
0
  6
Continuous
 62
     7
370
    25
100
AcDbCircle
 10
33.4730550341
 20
18.9910527686
 30
0.0
 40
1.000000000000011
100
AcDbArc
 50
90.0
 51
224.6048629575
  0
ARC
  5
623
330
617
100
AcDbEntity
  8
0
  6
Continuous
 62
     7
370
    25
100
AcDbCircle
 10
40.1810226384
 20
12.1899189475
 30
0.0
 40
0.9999999999790174
100
AcDbArc
 50
224.6048629594
 51
0.0
  0
ARC
  5
624
330
617
100
AcDbEntity
  8
0
  6
Continuous
 62
     7
370
    25
100
AcDbCircle
 10
40.1810226384
 20
18.9910527686
 30
0.0
 40
1.0
100
AcDbArc
 50
0.0000000008
 51
89.99999999969999
  0
ARC
  5
625
330
617
100
AcDbEntity
  8
0
  6
Continuous
 62
     7
370
    25
100
AcDbCircle
 10
81.4221782623
 20
10.7519617039
 30
0.0
 40
1.0
100
AcDbArc
 50
270.0
 51
0.0
  0
ARC
  5
626
330
617
100
AcDbEntity
  8
0
  6
Continuous
 62
     7
370
    25
100
AcDbCircle
 10
81.4221782623
 20
17.3489870577
 30
0.0
 40
1.000000000000011
100
AcDbArc
 50
359.9999999987001
 51
138.5375211357
  0
ARC
  5
627
330
617
100
AcDbEntity
  8
0
  6
Continuous
 62
     7
370
    25
100
AcDbCircle
 10
75.59332054800001
 20
10.7519617039
 30
0.0
 40
0.9999999999567872
100
AcDbArc
 50
138.5375211324
 51
270.0
  0
ARC
  5
628
330
617
100
AcDbEntity
  8
0
  6
Continuous
 62
     7
370
    25
100
AcDbCircle
 10
71.9805918487
 20
12.3940274147
 30
0.0
 40
1.000000000000001
100
AcDbArc
 50
180.0
 51
318.5375211329
  0
ARC
  5
629
330
617
100
AcDbEntity
  8
0
  6
Continuous
 62
     7
370
    25
100
AcDbCircle
 10
77.809449563
 20
18.9910527686
 30
0.0
 40
0.9999999999898951
100
AcDbArc
 50
318.5375211279
 51
89.99999999969999
  0
ARC
  5
62A
330
617
100
AcDbEntity
  8
0
  6
Continuous
 62
     7
370
    25
100
AcDbCircle
 10
71.9805918487
 20
18.9910527686
 30
0.0
 40
1.0
100
AcDbArc
 50
90.0
 51
180.0
  0
ARC
  5
62B
330
617
100
AcDbEntity
  8
0
  6
Continuous
 62
     7
370
    25
100
AcDbCircle
 10
67.3917577966
 20
12.3589032244
 30
0.0
 40
1.000000000012619
100
AcDbArc
 50
221.9727548181
 51
0.0
  0
ARC
  5
62C
330
617
100
AcDbEntity
  8
0
  6
Continuous
 62
     7
370
    25
100
AcDbCircle
 10
67.3917577966
 20
18.9910527686
 30
0.0
 40
1.000000000000002
100
AcDbArc
 50
359.9999999993
 51
90.0000000007
  0
ARC
  5
62D
330
617
100
AcDbEntity
  8
0
  6
Continuous
 62
     7
370
    25
100
AcDbCircle
 10
61.42585158560001
 20
18.9910527686
 30
0.0
 40
1.000000000012605
100
AcDbArc
 50
90.0
 51
221.9727548181
  0
ARC
  5
62E
330
617
100
AcDbEntity
  8
0
  6
Continuous
 62
     7
370
    25
100
AcDbCircle
 10
36.592730197
 20
10.7519617039
 30
0.0
 40
1.000000000000001
100
AcDbArc
 50
270.0000000003
 51
44.6048629567
  0
ARC
  5
62F
330
617
100
AcDbEntity
  8
0
  6
Continuous
 62
     7
370
    25
100
AcDbCircle
 10
29.8847625927
 20
17.5530955249
 30
0.0
 40
1.000000000014634
100
AcDbArc
 50
44.60486295539999
 51
180.0
  0
ARC
  5
630
330
617
100
AcDbEntity
  8
0
  6
Continuous
 62
     7
370
    25
100
AcDbCircle
 10
29.8847625927
 20
10.7519617039
 30
0.0
 40
1.0
100
AcDbArc
 50
180.0
 51
270.0
  0
ARC
  5
631
330
617
100
AcDbEntity
  8
0
  6
Continuous
 62
     7
370
    25
100
AcDbCircle
 10
19.3580680795
 20
11.776044664
 30
0.0
 40
4.10000000000021
100
AcDbArc
 50
268.1337001816999
 51
91.86630015549999
  0
LINE
  5
632
330
617
100
AcDbEntity
  8
0
  6
Continuous
 62
     7
370
    25
100
AcDbLine
 10
96.0234610344
 20
7.8867729633
 30
0.0
 11
96.0234611485
 21
7.987390571
 31
0.0
  0
LINE
  5
633
330
617
100
AcDbEntity
  8
0
  6
Continuous
 62
     7
370
    25
100
AcDbLine
 10
95.0241337199
 20
7.9506878774
 30
0.0
 11
95.02413359
 21
7.850103370199998
 31
0.0
  0
LINE
  5
634
330
617
100
AcDbEntity
  8
0
  6
Continuous
 62
     7
370
    25
100
AcDbLine
 10
95.02413359
 20
7.850103370199998
 30
0.0
 11
96.0234610344
 21
7.8867729633
 31
0.0
  0
LINE
  5
635
330
617
100
AcDbEntity
  8
0
  6
Continuous
 62
     7
370
    25
100
AcDbLine
 10
94.82426810120001
 20
7.842769451599998
 30
0.0
 11
94.8242682318
 21
7.943347596599998
 31
0.0
  0
LINE
  5
636
330
617
100
AcDbEntity
  8
0
  6
Continuous
 62
     7
370
    25
100
AcDbLine
 10
93.824940774
 20
7.906647840499999
 30
0.0
 11
93.82494065690002
 21
7.8060998585
 31
0.0
  0
LINE
  5
637
330
617
100
AcDbEntity
  8
0
  6
Continuous
 62
     7
370
    25
100
AcDbLine
 10
93.82494065690002
 20
7.8060998585
 30
0.0
 11
94.82426810120001
 21
7.842769451599998
 31
0.0
  0
LINE
  5
638
330
617
100
AcDbEntity
  8
0
  6
Continuous
 62
     7
370
    25
100
AcDbLine
 10
93.62507516799999
 20
7.798765939899999
 30
0.0
 11
93.6250752169
 21
7.8993082646
 31
0.0
  0
LINE
  5
639
330
617
100
AcDbEntity
  8
0
  6
Continuous
 62
     7
370
    25
100
AcDbLine
 10
92.62574772369999
 20
7.862612619299999
 30
0.0
 11
92.62574772369999
 21
7.762096346799999
 31
0.0
  0
LINE
  5
63A
330
617
100
AcDbEntity
  8
0
  6
Continuous
 62
     7
370
    25
100
AcDbLine
 10
92.62574772369999
 20
7.762096346799999
 30
0.0
 11
93.62507516799999
 21
7.798765939899999
 31
0.0
  0
LINE
  5
63B
330
617
100
AcDbEntity
  8
0
  6
Continuous
 62
     7
370
    25
100
AcDbLine
 10
96.22332668250001
 20
7.994729967999999
 30
0.0
 11
96.22332657290002
 21
-0.0000013548
 31
0.0
  0
LINE
  5
63C
330
617
100
AcDbEntity
  8
0
  6
Continuous
 62
     7
370
    25
100
AcDbLine
 10
96.22332657290002
 20
-0.0000013548
 30
0.0
 11
92.22332657290001
 21
-0.0000013548
 31
0.0
  0
LINE
  5
63D
330
617
100
AcDbEntity
  8
0
  6
Continuous
 62
     7
370
    25
100
AcDbLine
 10
92.22332657290001
 20
-0.0000013548
 30
0.0
 11
92.22332657290001
 21
7.747328438999998
 31
0.0
  0
LINE
  5
63E
330
617
100
AcDbEntity
  8
0
  6
Continuous
 62
     7
370
    25
100
AcDbLine
 10
92.22332657290001
 20
7.747328438999998
 30
0.0
 11
92.42588228459998
 21
7.7547610734
 31
0.0
  0
LINE
  5
63F
330
617
100
AcDbEntity
  8
0
  6
Continuous
 62
     7
370
    25
100
AcDbLine
 10
92.42588228459998
 20
7.7547610734
 30
0.0
 11
92.42588228459998
 21
7.8552739829
 31
0.0
  0
LINE
  5
640
330
617
100
AcDbEntity
  8
0
  6
Continuous
 62
     7
370
    25
100
AcDbLine
 10
36.5606290624
 20
0.0
 30
0.0
 11
36.5606290624
 21
5.7997461996
 31
0.0
  0
LINE
  5
641
330
617
100
AcDbEntity
  8
0
  6
Continuous
 62
     7
370
    25
100
AcDbLine
 10
32.5606290624
 20
0.0
 30
0.0
 11
36.5606290624
 21
0.0
 31
0.0
  0
LINE
  5
642
330
617
100
AcDbEntity
  8
0
  6
Continuous
 62
     7
370
    25
100
AcDbLine
 10
32.5606290624
 20
5.571426204899998
 30
0.0
 11
32.5606290624
 21
0.0
 31
0.0
  0
LINE
  5
643
330
617
100
AcDbEntity
  8
0
  6
Continuous
 62
     7
370
    25
100
AcDbLine
 10
32.7660703708
 20
5.577411629
 30
0.0
 11
32.5606290624
 21
5.571426204899998
 31
0.0
  0
LINE
  5
644
330
617
100
AcDbEntity
  8
0
  6
Continuous
 62
     7
370
    25
100
AcDbLine
 10
32.7660703708
 20
5.677524317
 30
0.0
 11
32.7660703708
 21
5.577411629
 31
0.0
  0
LINE
  5
645
330
617
100
AcDbEntity
  8
0
  6
Continuous
 62
     7
370
    25
100
AcDbLine
 10
86.5971255128
 20
14.4640818168
 30
0.0
 11
86.5971286903
 21
21.453497243
 31
0.0
  0
LINE
  5
646
330
617
100
AcDbEntity
  8
0
  6
Continuous
 62
     7
370
    25
100
AcDbLine
 10
88.59712551280001
 20
14.4640818168
 30
0.0
 11
86.5971255128
 21
14.4640818168
 31
0.0
  0
LINE
  5
647
330
617
100
AcDbEntity
  8
0
  6
Continuous
 62
     7
370
    25
100
AcDbLine
 10
88.59712551280001
 20
21.2134295506
 30
0.0
 11
88.59712551280001
 21
14.4640818168
 31
0.0
  0
LINE
  5
648
330
617
100
AcDbEntity
  8
0
  6
Continuous
 62
     7
370
    25
100
AcDbLine
 10
113.5971266355
 20
17.3588131461
 30
0.0
 11
113.5971266355
 21
15.4182177217
 31
0.0
  0
LINE
  5
649
330
617
100
AcDbEntity
  8
0
  6
Continuous
 62
     7
370
    25
100
AcDbLine
 10
113.5971266355
 20
15.4182177217
 30
0.0
 11
111.5971255628
 21
15.4182177217
 31
0.0
  0
LINE
  5
64A
330
617
100
AcDbEntity
  8
0
  6
Continuous
 62
     7
370
    25
100
AcDbLine
 10
111.5971255628
 20
15.4182177217
 30
0.0
 11
111.5971255628
 21
12.4182177217
 31
0.0
  0
LINE
  5
64B
330
617
100
AcDbEntity
  8
0
  6
Continuous
 62
     7
370
    25
100
AcDbLine
 10
111.5971255628
 20
12.4182177217
 30
0.0
 11
113.5971255628
 21
12.4182177217
 31
0.0
  0
LINE
  5
64C
330
617
100
AcDbEntity
  8
0
  6
Continuous
 62
     7
370
    25
100
AcDbLine
 10
113.5971255628
 20
12.4182177217
 30
0.0
 11
113.5971255628
 21
8.632840965099997
 31
0.0
  0
LINE
  5
64D
330
617
100
AcDbEntity
  8
0
  6
Continuous
 62
     7
370
    25
100
AcDbLine
 10
35.3647894734
 20
5.6589670382
 30
0.0
 11
35.3647894734
 21
5.7590899135
 31
0.0
  0
LINE
  5
64E
330
617
100
AcDbEntity
  8
0
  6
Continuous
 62
     7
370
    25
100
AcDbLine
 10
36.3642160633
 20
5.692826918699998
 30
0.0
 11
35.3647894734
 21
5.6589670382
 31
0.0
  0
LINE
  5
64F
330
617
100
AcDbEntity
  8
0
  6
Continuous
 62
     7
370
    25
100
AcDbLine
 10
36.3642160633
 20
5.792953070299998
 30
0.0
 11
36.3642160633
 21
5.692826918699998
 31
0.0
  0
LINE
  5
650
330
617
100
AcDbEntity
  8
0
  6
Continuous
 62
     7
370
    25
100
AcDbLine
 10
34.1654204587
 20
5.620059058999998
 30
0.0
 11
34.1654204587
 21
5.720177497599999
 31
0.0
  0
LINE
  5
651
330
617
100
AcDbEntity
  8
0
  6
Continuous
 62
     7
370
    25
100
AcDbLine
 10
35.1648991264
 20
5.652345165899999
 30
0.0
 11
34.1654204587
 21
5.620059058999998
 31
0.0
  0
LINE
  5
652
330
617
100
AcDbEntity
  8
0
  6
Continuous
 62
     7
370
    25
100
AcDbLine
 10
35.1648991265
 20
5.752467337599998
 30
0.0
 11
35.1648991264
 21
5.652345165899999
 31
0.0
  0
LINE
  5
653
330
617
100
AcDbEntity
  8
0
  6
Continuous
 62
     7
370
    25
100
AcDbLine
 10
32.9659834764
 20
5.583306560099998
 30
0.0
 11
32.9659834764
 21
5.683420100299998
 31
0.0
  0
LINE
  5
654
330
617
100
AcDbEntity
  8
0
  6
Continuous
 62
     7
370
    25
100
AcDbLine
 10
33.9655191774
 20
5.613775926599998
 30
0.0
 11
32.9659834764
 21
5.583306560099998
 31
0.0
  0
LINE
  5
655
330
617
100
AcDbEntity
  8
0
  6
Continuous
 62
     7
370
    25
100
AcDbLine
 10
33.9655191775
 20
5.713893577699998
 30
0.0
 11
33.9655191774
 21
5.613775926599998
 31
0.0
  0
LINE
  5
656
330
617
100
AcDbEntity
  8
0
  6
Continuous
 62
     7
370
    25
100
AcDbLine
 10
102.5971255131
 20
15.4182190765
 30
0.0
 11
102.5971255131
 21
12.4182190765
 31
0.0
  0
LINE
  5
657
330
617
100
AcDbEntity
  8
0
  6
Continuous
 62
     7
370
    25
100
AcDbLine
 10
102.5971255131
 20
12.4182190765
 30
0.0
 11
104.5971255131
 21
12.4182190765
 31
0.0
  0
LINE
  5
658
330
617
100
AcDbEntity
  8
0
  6
Continuous
 62
     7
370
    25
100
AcDbLine
 10
104.5971255131
 20
12.4182190765
 30
0.0
 11
104.5971255131
 21
15.4182190765
 31
0.0
  0
LINE
  5
659
330
617
100
AcDbEntity
  8
0
  6
Continuous
 62
     7
370
    25
100
AcDbLine
 10
104.5971255131
 20
15.4182190765
 30
0.0
 11
102.5971255131
 21
15.4182190765
 31
0.0
  0
LINE
  5
65A
330
617
100
AcDbEntity
  8
0
  6
Continuous
 62
     7
370
    25
100
AcDbLine
 10
63.7159577286
 20
9.751961703899999
 30
0.0
 11
57.7500515176
 21
9.751961703899999
 31
0.0
  0
LINE
  5
65B
330
617
100
AcDbEntity
  8
0
  6
Continuous
 62
     7
370
    25
100
AcDbLine
 10
58.49351444279998
 20
18.0528884
 30
0.0
 11
64.45942065379999
 21
11.4207388558
 31
0.0
  0
LINE
  5
65C
330
617
100
AcDbEntity
  8
0
  6
Continuous
 62
     7
370
    25
100
AcDbLine
 10
56.7500515176
 20
10.7519617039
 30
0.0
 11
56.7500515176
 21
17.38411124809999
 31
0.0
  0
LINE
  5
65D
330
617
100
AcDbEntity
  8
0
  6
Continuous
 62
     7
370
    25
100
AcDbLine
 10
53.4123594937
 20
9.751961703899999
 30
0.0
 11
47.7990121672
 21
9.751961703899999
 31
0.0
  0
LINE
  5
65E
330
617
100
AcDbEntity
  8
0
  6
Continuous
 62
     7
370
    25
100
AcDbLine
 10
54.4123594937
 20
17.2909141747
 30
0.0
 11
54.4123594937
 21
10.7519617039
 31
0.0
  0
LINE
  5
65F
330
617
100
AcDbEntity
  8
0
  6
Continuous
 62
     7
370
    25
100
AcDbLine
 10
47.0402449121
 20
11.4033235485
 30
0.0
 11
52.65359223859999
 21
17.9422760193
 31
0.0
  0
LINE
  5
660
330
617
100
AcDbEntity
  8
0
  6
Continuous
 62
     7
370
    25
100
AcDbLine
 10
43.47196082189999
 20
12.4521002978
 30
0.0
 11
43.47196082189999
 21
18.9910527686
 31
0.0
  0
LINE
  5
661
330
617
100
AcDbEntity
  8
0
  6
Continuous
 62
     7
370
    25
100
AcDbLine
 10
50.8440754035
 20
18.339690924
 30
0.0
 11
45.23072807699999
 21
11.8007384532
 31
0.0
  0
LINE
  5
662
330
617
100
AcDbEntity
  8
0
  6
Continuous
 62
     7
370
    25
100
AcDbLine
 10
44.47196082189999
 20
19.9910527686
 30
0.0
 11
50.0853081484
 21
19.9910527686
 31
0.0
  0
LINE
  5
663
330
617
100
AcDbEntity
  8
0
  6
Continuous
 62
     7
370
    25
100
AcDbLine
 10
33.4730550341
 20
19.9910527686
 30
0.0
 11
40.1810226384
 21
19.9910527686
 31
0.0
  0
LINE
  5
664
330
617
100
AcDbEntity
  8
0
  6
Continuous
 62
     7
370
    25
100
AcDbLine
 10
39.46905619000001
 20
11.4877054641
 30
0.0
 11
32.7610885856
 21
18.28883928519999
 31
0.0
  0
LINE
  5
665
330
617
100
AcDbEntity
  8
0
  6
Continuous
 62
     7
370
    25
100
AcDbLine
 10
41.18102263839999
 20
18.9910527686
 30
0.0
 11
41.18102263839999
 21
12.1899189475
 31
0.0
  0
LINE
  5
666
330
617
100
AcDbEntity
  8
0
  6
Continuous
 62
     7
370
    25
100
AcDbLine
 10
81.4221782623
 20
9.751961703899999
 30
0.0
 11
75.59332054800001
 21
9.751961703899999
 31
0.0
  0
LINE
  5
667
330
617
100
AcDbEntity
  8
0
  6
Continuous
 62
     7
370
    25
100
AcDbLine
 10
82.4221782623
 20
17.3489870577
 30
0.0
 11
82.4221782623
 21
10.7519617039
 31
0.0
  0
LINE
  5
668
330
617
100
AcDbEntity
  8
0
  6
Continuous
 62
     7
370
    25
100
AcDbLine
 10
74.84393105969998
 20
11.4140911434
 30
0.0
 11
80.6727887739
 21
18.0111164973
 31
0.0
  0
LINE
  5
669
330
617
100
AcDbEntity
  8
0
  6
Continuous
 62
     7
370
    25
100
AcDbLine
 10
70.9805918487
 20
12.3940274147
 30
0.0
 11
70.9805918487
 21
18.9910527686
 31
0.0
  0
LINE
  5
66A
330
617
100
AcDbEntity
  8
0
  6
Continuous
 62
     7
370
    25
100
AcDbLine
 10
78.55883905129998
 20
18.328923329
 30
0.0
 11
72.7299813371
 21
11.7318979751
 31
0.0
  0
LINE
  5
66B
330
617
100
AcDbEntity
  8
0
  6
Continuous
 62
     7
370
    25
100
AcDbLine
 10
71.9805918487
 20
19.9910527686
 30
0.0
 11
77.809449563
 21
19.9910527686
 31
0.0
  0
LINE
  5
66C
330
617
100
AcDbEntity
  8
0
  6
Continuous
 62
     7
370
    25
100
AcDbLine
 10
66.6482948714
 20
11.6901260725
 30
0.0
 11
60.6823886604
 21
18.3222756167
 31
0.0
  0
LINE
  5
66D
330
617
100
AcDbEntity
  8
0
  6
Continuous
 62
     7
370
    25
100
AcDbLine
 10
68.3917577966
 20
18.9910527686
 30
0.0
 11
68.3917577966
 21
12.3589032244
 31
0.0
  0
LINE
  5
66E
330
617
100
AcDbEntity
  8
0
  6
Continuous
 62
     7
370
    25
100
AcDbLine
 10
61.42585158560001
 20
19.9910527686
 30
0.0
 11
67.3917577966
 21
19.9910527686
 31
0.0
  0
LINE
  5
66F
330
617
100
AcDbEntity
  8
0
  6
Continuous
 62
     7
370
    25
100
AcDbLine
 10
36.592730197
 20
9.751961703899999
 30
0.0
 11
29.8847625927
 21
9.751961703899999
 31
0.0
  0
LINE
  5
670
330
617
100
AcDbEntity
  8
0
  6
Continuous
 62
     7
370
    25
100
AcDbLine
 10
30.5967290412
 20
18.2553090083
 30
0.0
 11
37.3046966455
 21
11.4541751873
 31
0.0
  0
LINE
  5
671
330
617
100
AcDbEntity
  8
0
  6
Continuous
 62
     7
370
    25
100
AcDbLine
 10
28.8847625927
 20
10.7519617039
 30
0.0
 11
28.8847625927
 21
17.5530955249
 31
0.0
  0
SPLINE
  5
672
330
617
100
AcDbEntity
  8
0
  6
Continuous
 62
     7
370
    25
100
AcDbSpline
210
0.0
220
0.0
230
1.0
 70
     8
 71
     3
 72
     8
 73
     4
 74
     0
 42
0.00000001
 43
0.0000000001
 40
0.1735576892137513
 40
0.1735576892137513
 40
0.1735576892137513
 40
0.1735576892137513
 40
0.1768573443243003
 40
0.1768573443243003
 40
0.1768573443243003
 40
0.1768573443243003
 10
96.02346114854281
 20
7.987390571013071
 30
0.0
 10
95.69035201420206
 20
7.975156036073182
 30
0.0
 10
95.35724287327637
 20
7.962921759692423
 30
0.0
 10
95.0241337198855
 20
7.950687877392081
 30
0.0
  0
SPLINE
  5
673
330
617
100
AcDbEntity
  8
0
  6
Continuous
 62
     7
370
    25
100
AcDbSpline
210
0.0
220
0.0
230
1.0
 70
     8
 71
     3
 72
     8
 73
     4
 74
     0
 42
0.00000001
 43
0.0000000001
 40
0.1775172753284183
 40
0.1775172753284183
 40
0.1775172753284183
 40
0.1775172753284183
 40
0.1808169302246695
 40
0.1808169302246695
 40
0.1808169302246695
 40
0.1808169302246695
 10
94.82426823175641
 20
7.943347596589507
 30
0.0
 10
94.4911590947759
 20
7.931113878150027
 30
0.0
 10
94.15804994414699
 20
7.918880580936192
 30
0.0
 10
93.82494077397621
 20
7.906647840546481
 30
0.0
  0
SPLINE
  5
674
330
617
100
AcDbEntity
  8
0
  6
Continuous
 62
     7
370
    25
100
AcDbSpline
210
0.0
220
0.0
230
1.0
 70
     8
 71
     3
 72
     8
 73
     4
 74
     0
 42
0.00000001
 43
0.0000000001
 40
0.1814768611735561
 40
0.1814768611735561
 40
0.1814768611735561
 40
0.1814768611735561
 40
0.1847765157082289
 40
0.1847765157082289
 40
0.1847765157082289
 40
0.1847765157082289
 10
93.6250752169186
 20
7.899308264554027
 30
0.0
 10
93.2919660751976
 20
7.887075753658337
 30
0.0
 10
92.95885691275588
 20
7.874843826706338
 30
0.0
 10
92.62574772369999
 20
7.86261261929645
 30
0.0
  0
SPLINE
  5
675
330
617
100
AcDbEntity
  8
0
  6
Continuous
 62
     7
370
    25
100
AcDbSpline
210
0.0
220
0.0
230
1.0
 70
     8
 71
     3
 72
     9
 73
     5
 74
     0
 42
0.00000001
 43
0.0000000001
 40
0.1155316288085257
 40
0.1155316288085257
 40
0.1155316288085257
 40
0.1155316288085257
 40
0.1424336665664461
 40
0.1728977581770465
 40
0.1728977581770465
 40
0.1728977581770465
 40
0.1728977581770465
 10
113.5971255628055
 20
8.632840965073457
 30
0.0
 10
110.8812917947708
 20
8.533102069481516
 30
0.0
 10
105.0900235813348
 20
8.320427805873062
 30
0.0
 10
99.29875934561295
 20
8.107686346333517
 30
0.0
 10
96.2233266824931
 20
7.994729968034542
 30
0.0
  0
SPLINE
  5
676
330
617
100
AcDbEntity
  8
0
  6
Continuous
 62
     7
370
    25
100
AcDbSpline
210
0.0
220
0.0
230
1.0
 70
     8
 71
     3
 72
    21
 73
    17
 74
     0
 42
0.00000001
 43
0.0000000001
 40
0.1854364465629509
 40
0.1854364465629509
 40
0.1854364465629509
 40
0.1854364465629509
 40
0.1892100120264582
 40
0.2203942423331328
 40
0.2359863574864702
 40
0.2515784726398075
 40
0.2671705877931448
 40
0.2827627029464821
 40
0.2983548180998195
 40
0.3139469332531569
 40
0.3295390484064942
 40
0.3451311635598315
 40
0.3529272211365002
 40
0.3607232787131689
 40
0.3685193362898376
 40
0.3698970545749121
 40
0.3698970545749121
 40
0.3698970545749121
 40
0.3698970545749121
 10
92.42588228462258
 20
7.855273982860976
 30
0.0
 10
92.04493047307648
 20
7.841286410886173
 30
0.0
 10
88.51584451291433
 20
7.711716498451616
 30
0.0
 10
83.41268596089117
 20
7.524503543786302
 30
0.0
 10
77.11641796852688
 20
7.2933278541287
 30
0.0
 10
72.3942325995918
 20
7.119521733022122
 30
0.0
 10
67.67205591140721
 20
6.945479949010557
 30
0.0
 10
62.94986347493727
 20
6.771865152746503
 30
0.0
 10
58.2276236739586
 20
6.59954261436412
 30
0.0
 10
53.50533570511452
 20
6.428546401887074
 30
0.0
 10
48.78310108589539
 20
6.256078823175476
 30
0.0
 10
44.84803036566964
 20
6.108965564896178
 30
0.0
 10
41.70008462615899
 20
5.988357627199811
 30
0.0
 10
39.33907560292751
 20
5.899202785440811
 30
0.0
 10
37.62590106321346
 20
5.836918293311262
 30
0.0
 10
36.69972357031607
 20
5.804572083024575
 30
0.0
 10
36.5606290624
 20
5.79974619960975
 30
0.0
  0
SPLINE
  5
677
330
617
100
AcDbEntity
  8
0
  6
Continuous
 62
     7
370
    25
100
AcDbSpline
210
0.0
220
0.0
230
1.0
 70
     8
 71
     3
 72
    72
 73
    68
 74
     0
 42
0.00000001
 43
0.0000000001
 40
0.3824242832591161
 40
0.3824242832591161
 40
0.3824242832591161
 40
0.3824242832591161
 40
0.3919075090198435
 40
0.3997035665965121
 40
0.4074996241731811
 40
0.4152956817498497
 40
0.4230917393265183
 40
0.4308877969031869
 40
0.4386838544798555
 40
0.4464799120565244
 40
0.4542759696331928
 40
0.4581739984215272
 40
0.4620720272098616
 40
0.4659700559981961
 40
0.4698680847865303
 40
0.4718170991806975
 40
0.4737661135748648
 40
0.475715127969032
 40
0.4776641423631989
 40
0.4815621711515333
 40
0.4854601999398678
 40
0.4874092143340347
 40
0.4893582287282019
 40
0.4913072431223691
 40
0.4932562575165362
 40
0.4952052719107034
 40
0.4971542863048706
 40
0.4991033006990377
 40
0.501052315093205
 40
0.5030013294873721
 40
0.5049503438815393
 40
0.5068993582757066
 40
0.5088483726698736
 40
0.5107973870640408
 40
0.512746401458208
 40
0.5146954158523753
 40
0.5166444302465423
 40
0.5205424590348767
 40
0.5244404878232111
 40
0.5283385166115453
 40
0.5322365453998798
 40
0.536134574188214
 40
0.5400326029765484
 40
0.5439306317648827
 40
0.547828660553217
 40
0.5517266893415513
 40
0.5556247181298854
 40
0.5634207757065541
 40
0.5712168332832228
 40
0.5790128908598915
 40
0.5868089484365602
 40
0.5946050060132291
 40
0.6024010635898978
 40
0.6101971211665666
 40
0.6179931787432352
 40
0.6257892363199037
 40
0.6413813514732412
 40
0.6569734666265783
 40
0.6725655817799156
 40
0.6881576969332529
 40
0.7037498120865904
 40
0.7193419272399277
 40
0.7349340423932651
 40
0.7505261575466025
 40
0.7661182726999396
 40
0.7817103878532771
 40
0.7939880831831197
 40
0.7939880831831197
 40
0.7939880831831197
 40
0.7939880831831197
 10
32.76607037079999
 20
5.677524317
 30
0.0
 10
31.80847908877467
 20
5.64944886414249
 30
0.0
 10
30.06353054933222
 20
5.602652030506432
 30
0.0
 10
27.53094863269949
 20
5.54958773453492
 30
0.0
 10
25.1684812949325
 20
5.515544290190072
 30
0.0
 10
22.80582552234694
 20
5.500422577525968
 30
0.0
 10
20.44309858945315
 20
5.506771198453573
 30
0.0
 10
18.08061323714066
 20
5.539229941253738
 30
0.0
 10
15.7185782534812
 20
5.598039790533622
 30
0.0
 10
13.35776484460801
 20
5.693267323083107
 30
0.0
 10
11.39137284294532
 20
5.793466669076368
 30
0.0
 10
9.81917065246532
 20
5.889739020587088
 30
0.0
 10
8.641693324049606
 20
5.986545024845577
 30
0.0
 10
7.467108921169847
 20
6.113850034265611
 30
0.0
 10
6.492711094034087
 20
6.255702164942731
 30
0.0
 10
5.71669538182181
 20
6.390069419205067
 30
0.0
 10
5.136303516547112
 20
6.499991557435152
 30
0.0
 10
4.557068976109828
 20
6.615571131444661
 30
0.0
 10
3.784602583425683
 20
6.768971893109354
 30
0.0
 10
2.825373908321348
 20
6.993702133141289
 30
0.0
 10
1.90774034464834
 20
7.366388785217334
 30
0.0
 10
1.25081738762542
 20
7.805224522859705
 30
0.0
 10
0.8001155814669139
 20
8.188175066990629
 30
0.0
 10
0.4082987310892202
 20
8.632951169360156
 30
0.0
 10
0.1019405121360487
 20
9.141716849622616
 30
0.0
 10
-0.0446381519194906
 20
9.724850388163444
 30
0.0
 10
0.0439064730193076
 20
10.31898386123475
 30
0.0
 10
0.2905001027587583
 20
10.85870063504554
 30
0.0
 10
0.6172464249678621
 20
11.3521337924487
 30
0.0
 10
0.9925140311262431
 20
11.80892615833053
 30
0.0
 10
1.394912395162388
 20
12.24148707177823
 30
0.0
 10
1.811472261282299
 20
12.66032332931279
 30
0.0
 10
2.23305133626672
 20
13.07405220413994
 30
0.0
 10
2.664096129257923
 20
13.47799379243592
 30
0.0
 10
3.108284626312931
 20
13.86751150237636
 30
0.0
 10
3.56766727307806
 20
14.23897172483914
 30
0.0
 10
4.197934832590187
 20
14.71147953324286
 30
0.0
 10
5.018073052660676
 20
15.25713078176024
 30
0.0
 10
6.040917647017581
 20
15.84905412170835
 30
0.0
 10
7.090177099767731
 20
16.39243204535403
 30
0.0
 10
8.160905191827056
 20
16.89208328560582
 30
0.0
 10
9.247634417282286
 20
17.35563096753325
 30
0.0
 10
10.34638036521502
 20
17.78987413872017
 30
0.0
 10
11.45468748015057
 20
18.198972195612
 30
0.0
 10
12.56989225324041
 20
18.58883313564127
 30
0.0
 10
13.69122905387853
 20
18.96067977216637
 30
0.0
 10
15.19452538805214
 20
19.43114336265099
 30
0.0
 10
17.08821167084545
 20
19.97111806087651
 30
0.0
 10
19.37909820846821
 20
20.55012710879843
 30
0.0
 10
21.68444448631373
 20
21.06837662980694
 30
0.0
 10
24.00157794813333
 20
21.53094705252154
 30
0.0
 10
26.32910425453643
 20
21.93811671609225
 30
0.0
 10
28.66603818233116
 20
22.28727608878381
 30
0.0
 10
31.0111209659467
 20
22.57688705258206
 30
0.0
 10
33.36227898392976
 20
22.8111086958499
 30
0.0
 10
36.50272539197408
 20
23.06198960343531
 30
0.0
 10
40.43521052886778
 20
23.27386026196093
 30
0.0
 10
45.15810702682172
 20
23.43043018174448
 30
0.0
 10
49.88255692030762
 20
23.52943820782006
 30
0.0
 10
54.60809032110697
 20
23.55072032914741
 30
0.0
 10
59.333238445515
 20
23.48448358858814
 30
0.0
 10
64.0559848013326
 20
23.31911647368958
 30
0.0
 10
68.77481436137209
 20
23.06725989176148
 30
0.0
 10
73.48882922495609
 20
22.73756387352268
 30
0.0
 10
78.19761754183557
 20
22.3405517884223
 30
0.0
 10
82.56705674863347
 20
21.90929825955681
 30
0.0
 10
85.36522951217959
 20
21.59762857628503
 30
0.0
 10
86.59712869032469
 20
21.45349724298068
 30
0.0
  0
SPLINE
  5
678
330
617
100
AcDbEntity
  8
0
  6
Continuous
 62
     7
370
    25
100
AcDbSpline
210
0.0
220
0.0
230
1.0
 70
     8
 71
     3
 72
    13
 73
     9
 74
     0
 42
0.00000001
 43
0.0000000001
 40
0.8006347626593298
 40
0.8006347626593298
 40
0.8006347626593298
 40
0.8006347626593298
 40
0.8128946181599518
 40
0.8284867333132892
 40
0.8440788484666265
 40
0.8596709636199635
 40
0.8752630787733009
 40
0.8841115231092469
 40
0.8841115231092469
 40
0.8841115231092469
 40
0.8841115231092469
 10
88.59712551283896
 20
21.2134295505576
 30
0.0
 10
89.82635160763138
 20
21.06216184545046
 30
0.0
 10
92.61704858388224
 20
20.70336987780788
 30
0.0
 10
96.96344562871315
 20
20.09442795939279
 30
0.0
 10
101.6354156515131
 20
19.38566250872423
 30
0.0
 10
106.3004618352962
 20
18.63242243128469
 30
0.0
 10
110.2867316479158
 20
17.95073949691037
 30
0.0
 10
112.7174919643127
 20
17.5177673623352
 30
0.0
 10
113.5971266354547
 20
17.35881314609226
 30
0.0
  0
SPLINE
  5
679
330
617
100
AcDbEntity
  8
0
  6
Continuous
 62
     7
370
    25
100
AcDbSpline
210
0.0
220
0.0
230
1.0
 70
     8
 71
     3
 72
     8
 73
     4
 74
     0
 42
0.00000001
 43
0.0000000001
 40
0.3705455363448903
 40
0.3705455363448903
 40
0.3705455363448903
 40
0.3705455363448903
 40
0.3738451876742691
 40
0.3738451876742691
 40
0.3738451876742691
 40
0.3738451876742691
 10
36.36421606331706
 20
5.792953070285013
 30
0.0
 10
36.03108057263155
 20
5.781467947135088
 30
0.0
 10
35.69793859346572
 20
5.77017105597367
 30
0.0
 10
35.3647894734
 20
5.759089913523195
 30
0.0
  0
SPLINE
  5
67A
330
617
100
AcDbEntity
  8
0
  6
Continuous
 62
     7
370
    25
100
AcDbSpline
210
0.0
220
0.0
230
1.0
 70
     8
 71
     3
 72
     8
 73
     4
 74
     0
 42
0.00000001
 43
0.0000000001
 40
0.3745051179823924
 40
0.3745051179823924
 40
0.3745051179823924
 40
0.3745051179823924
 40
0.3778047699970142
 40
0.3778047699970142
 40
0.3778047699970142
 40
0.3778047699970142
 10
35.16489912645069
 20
5.752467337609719
 30
0.0
 10
34.83174705474193
 20
5.741473593035097
 30
0.0
 10
34.49858769468297
 20
5.730700954131137
 30
0.0
 10
34.1654204587
 20
5.720177497580107
 30
0.0
  0
SPLINE
  5
67B
330
617
100
AcDbEntity
  8
0
  6
Continuous
 62
     7
370
    25
100
AcDbSpline
210
0.0
220
0.0
230
1.0
 70
     8
 71
     3
 72
     8
 73
     4
 74
     0
 42
0.00000001
 43
0.0000000001
 40
0.3784647003768934
 40
0.3784647003768934
 40
0.3784647003768934
 40
0.3784647003768934
 40
0.3817643528526932
 40
0.3817643528526932
 40
0.3817643528526932
 40
0.3817643528526932
 10
33.96551917747024
 20
5.713893577732153
 30
0.0
 10
33.63234873277296
 20
5.703471016964317
 30
0.0
 10
33.29917033263586
 20
5.693303582095197
 30
0.0
 10
32.9659834764
 20
5.683420100326112
 30
0.0
  0
SPLINE
  5
67C
330
617
100
AcDbEntity
  8
0
  6
Continuous
 62
     7
370
    25
100
AcDbSpline
210
0.0
220
0.0
230
1.0
 70
     8
 71
     3
 72
     8
 73
     4
 74
     0
 42
0.00000001
 43
0.0000000001
 40
0.0
 40
0.0
 40
0.0
 40
0.0
 40
1.0
 40
1.0
 40
1.0
 40
1.0
 10
19.22454208009106
 20
7.678219532614656
 30
0.0
 10
19.17933244768427
 20
7.676746394485892
 30
0.0
 10
19.13482302037685
 20
7.676044663348187
 30
0.0
 10
19.09101606853354
 20
7.676044663219236
 30
0.0
  0
SPLINE
  5
67D
330
617
100
AcDbEntity
  8
0
  6
Continuous
 62
     7
370
    25
100
AcDbSpline
210
0.0
220
0.0
230
1.0
 70
     8
 71
     3
 72
     8
 73
     4
 74
     0
 42
0.00000001
 43
0.0000000001
 40
0.0
 40
0.0
 40
0.0
 40
0.0
 40
1.0
 40
1.0
 40
1.0
 40
1.0
 10
19.09101605667732
 20
15.87604466321923
 30
0.0
 10
19.1348230045565
 20
15.87604466321923
 30
0.0
 10
19.17933242777671
 20
15.87534293233949
 30
0.0
 10
19.22454205597447
 20
15.87386979461658
 30
0.0
  0
SPLINE
  5
67E
330
617
100
AcDbEntity
  8
0
  6
Continuous
 62
     7
370
    25
100
AcDbSpline
210
0.0
220
0.0
230
1.0
 70
     8
 71
     3
 72
    10
 73
     6
 74
     0
 42
0.00000001
 43
0.0000000001
 40
0.0
 40
0.0
 40
0.0
 40
0.0
 40
0.5
 40
0.5
 40
1.0
 40
1.0
 40
1.0
 40
1.0
 10
19.09101606853354
 20
7.676044663219236
 30
0.0
 10
17.72434939593876
 20
7.67604465926717
 30
0.0
 10
14.99101606458148
 20
9.042711314077632
 30
0.0
 10
14.99101604877319
 20
14.50937798864843
 30
0.0
 10
17.72434938803463
 20
15.87604466321923
 30
0.0
 10
19.09101605667732
 20
15.87604466321923
 30
0.0
  0
ENDBLK
  5
67F
330
617
100
AcDbEntity
  8
0
100
AcDbBlockEnd
  0
BLOCK
  5
681
330
680
100
AcDbEntity
  8
0
100
AcDbBlockBegin
  2
main_wing_第七块翼肋
 70
     0
 10
0.0
 20
0.0
 30
0.0
  3
main_wing_第七块翼肋
  1

  0
ARC
  5
682
330
680
100
AcDbEntity
  8
0
  6
Continuous
 62
     7
370
    25
100
AcDbCircle
 10
62.29696847979999
 20
17.4846245316
 30
0.0
 40
1.000000000009514
100
AcDbArc
 50
45.0
 51
180.0
  0
ARC
  5
683
330
680
100
AcDbEntity
  8
0
  6
Continuous
 62
     7
370
    25
100
AcDbCircle
 10
62.29696847979999
 20
10.7116762141
 30
0.0
 40
1.0
100
AcDbArc
 50
180.0
 51
270.0
  0
ARC
  5
684
330
680
100
AcDbEntity
  8
0
  6
Continuous
 62
     7
370
    25
100
AcDbCircle
 10
69.06991679729999
 20
10.7116762141
 30
0.0
 40
1.000000000009514
100
AcDbArc
 50
270.0
 51
44.99999999919999
  0
ARC
  5
685
330
680
100
AcDbEntity
  8
0
  6
Continuous
 62
     7
370
    25
100
AcDbCircle
 10
57.6558524369
 20
17.2917403946
 30
0.0
 40
1.0
100
AcDbArc
 50
0.0000000005
 51
138.0295406545
  0
ARC
  5
686
330
680
100
AcDbEntity
  8
0
  6
Continuous
 62
     7
370
    25
100
AcDbCircle
 10
51.7372761899
 20
10.7116762141
 30
0.0
 40
1.000000000016515
100
AcDbArc
 50
138.0295406546
 51
270.0
  0
ARC
  5
687
330
680
100
AcDbEntity
  8
0
  6
Continuous
 62
     7
370
    25
100
AcDbCircle
 10
57.6558524369
 20
10.7116762141
 30
0.0
 40
0.9999999999999964
100
AcDbArc
 50
270.0
 51
0.0
  0
ARC
  5
688
330
680
100
AcDbEntity
  8
0
  6
Continuous
 62
     7
370
    25
100
AcDbCircle
 10
47.42047811569999
 20
12.3187739134
 30
0.0
 40
1.0
100
AcDbArc
 50
180.0
 51
318.0295406556
  0
ARC
  5
689
330
680
100
AcDbEntity
  8
0
  6
Continuous
 62
     7
370
    25
100
AcDbCircle
 10
53.33905436270001
 20
18.898838094
 30
0.0
 40
1.000000000016539
100
AcDbArc
 50
318.029540655
 51
90.00000000040001
  0
ARC
  5
68A
330
680
100
AcDbEntity
  8
0
  6
Continuous
 62
     7
370
    25
100
AcDbCircle
 10
47.42047811569999
 20
18.898838094
 30
0.0
 40
1.0
100
AcDbArc
 50
90.0
 51
180.0
  0
ARC
  5
68B
330
680
100
AcDbEntity
  8
0
  6
Continuous
 62
     7
370
    25
100
AcDbCircle
 10
42.941063055
 20
12.056863176
 30
0.0
 40
0.9999999999945288
100
AcDbArc
 50
226.1873073153
 51
0.0
  0
ARC
  5
68C
330
680
100
AcDbEntity
  8
0
  6
Continuous
 62
     7
370
    25
100
AcDbCircle
 10
42.941063055
 20
18.898838094
 30
0.0
 40
1.0
100
AcDbArc
 50
359.9999999997
 51
90.0000000011
  0
ARC
  5
68D
330
680
100
AcDbEntity
  8
0
  6
Continuous
 62
     7
370
    25
100
AcDbCircle
 10
35.8094807331
 20
18.898838094
 30
0.0
 40
1.000000000030607
100
AcDbArc
 50
90.0
 51
226.1873073193
  0
ARC
  5
68E
330
680
100
AcDbEntity
  8
0
  6
Continuous
 62
     7
370
    25
100
AcDbCircle
 10
66.2983977577
 20
18.898838094
 30
0.0
 40
1.000000000000001
100
AcDbArc
 50
90.0
 51
225.0
  0
ARC
  5
68F
330
680
100
AcDbEntity
  8
0
  6
Continuous
 62
     7
370
    25
100
AcDbCircle
 10
73.07134607520001
 20
12.1258897765
 30
0.0
 40
1.000000000009521
100
AcDbArc
 50
225.0
 51
0.0
  0
ARC
  5
690
330
680
100
AcDbEntity
  8
0
  6
Continuous
 62
     7
370
    25
100
AcDbCircle
 10
73.07134607520001
 20
18.898838094
 30
0.0
 40
1.000000000000002
100
AcDbArc
 50
0.0000000004
 51
90.0000000009
  0
ARC
  5
691
330
680
100
AcDbEntity
  8
0
  6
Continuous
 62
     7
370
    25
100
AcDbCircle
 10
38.7592645074
 20
10.7116762141
 30
0.0
 40
1.000000000000002
100
AcDbArc
 50
269.9999999999
 51
46.187307316
  0
ARC
  5
692
330
680
100
AcDbEntity
  8
0
  6
Continuous
 62
     7
370
    25
100
AcDbCircle
 10
31.6276821856
 20
17.5536511321
 30
0.0
 40
0.9999999999945329
100
AcDbArc
 50
46.18730731529999
 51
180.0
  0
ARC
  5
693
330
680
100
AcDbEntity
  8
0
  6
Continuous
 62
     7
370
    25
100
AcDbCircle
 10
31.6276821856
 20
10.7116762141
 30
0.0
 40
1.000000000000002
100
AcDbArc
 50
180.0
 51
270.0
  0
ARC
  5
694
330
680
100
AcDbEntity
  8
0
  6
Continuous
 62
     7
370
    25
100
AcDbCircle
 10
19.3115356934
 20
11.7760446632
 30
0.0
 40
4.099999999981334
100
AcDbArc
 50
268.1337000232
 51
91.86629998369999
  0
LINE
  5
695
330
680
100
AcDbEntity
  8
0
  6
Continuous
 62
     7
370
    25
100
AcDbLine
 10
89.76313213799999
 20
7.8962374408
 30
0.0
 11
89.76313218139999
 21
7.994569120199998
 31
0.0
  0
LINE
  5
696
330
680
100
AcDbEntity
  8
0
  6
Continuous
 62
     7
370
    25
100
AcDbLine
 10
88.76380469370001
 20
7.9578726723
 30
0.0
 11
88.76380469370001
 21
7.8595678477
 31
0.0
  0
LINE
  5
697
330
680
100
AcDbEntity
  8
0
  6
Continuous
 62
     7
370
    25
100
AcDbLine
 10
88.76380469370001
 20
7.8595678477
 30
0.0
 11
89.76313213799999
 21
7.8962374408
 31
0.0
  0
LINE
  5
698
330
680
100
AcDbEntity
  8
0
  6
Continuous
 62
     7
370
    25
100
AcDbLine
 10
88.5639392048
 20
7.852233929099998
 30
0.0
 11
88.56393925819999
 21
7.9505338771
 31
0.0
  0
LINE
  5
699
330
680
100
AcDbEntity
  8
0
  6
Continuous
 62
     7
370
    25
100
AcDbLine
 10
87.56461176049999
 20
7.913842765
 30
0.0
 11
87.56461176049999
 21
7.815564336
 31
0.0
  0
LINE
  5
69A
330
680
100
AcDbEntity
  8
0
  6
Continuous
 62
     7
370
    25
100
AcDbLine
 10
87.56461176049999
 20
7.815564336
 30
0.0
 11
88.5639392048
 21
7.852233929099998
 31
0.0
  0
LINE
  5
69B
330
680
100
AcDbEntity
  8
0
  6
Continuous
 62
     7
370
    25
100
AcDbLine
 10
87.3647462717
 20
7.808230417399999
 30
0.0
 11
87.36474625639999
 21
7.906505165399999
 31
0.0
  0
LINE
  5
69C
330
680
100
AcDbEntity
  8
0
  6
Continuous
 62
     7
370
    25
100
AcDbLine
 10
86.36541882739997
 20
7.869820403899998
 30
0.0
 11
86.36541882739997
 21
7.771560824299999
 31
0.0
  0
LINE
  5
69D
330
680
100
AcDbEntity
  8
0
  6
Continuous
 62
     7
370
    25
100
AcDbLine
 10
86.36541882739997
 20
7.771560824299999
 30
0.0
 11
87.3647462717
 21
7.808230417399999
 31
0.0
  0
LINE
  5
69E
330
680
100
AcDbEntity
  8
0
  6
Continuous
 62
     7
370
    25
100
AcDbLine
 10
89.96299776149998
 20
8.001908397299999
 30
0.0
 11
89.96299764360001
 21
-0.000000457
 31
0.0
  0
LINE
  5
69F
330
680
100
AcDbEntity
  8
0
  6
Continuous
 62
     7
370
    25
100
AcDbLine
 10
89.96299764360001
 20
-0.000000457
 30
0.0
 11
85.96299764360001
 21
-0.000000457
 31
0.0
  0
LINE
  5
6A0
330
680
100
AcDbEntity
  8
0
  6
Continuous
 62
     7
370
    25
100
AcDbLine
 10
85.96299764360001
 20
-0.000000457
 30
0.0
 11
85.96299764360001
 21
7.756793814299999
 31
0.0
  0
LINE
  5
6A1
330
680
100
AcDbEntity
  8
0
  6
Continuous
 62
     7
370
    25
100
AcDbLine
 10
85.96299764360001
 20
7.756793814299999
 30
0.0
 11
86.16555335520002
 21
7.764226448699998
 31
0.0
  0
LINE
  5
6A2
330
680
100
AcDbEntity
  8
0
  6
Continuous
 62
     7
370
    25
100
AcDbLine
 10
86.16555335520002
 20
7.764226448699998
 30
0.0
 11
86.16555335520002
 21
7.8624840433
 31
0.0
  0
LINE
  5
6A3
330
680
100
AcDbEntity
  8
0
  6
Continuous
 62
     7
370
    25
100
AcDbLine
 10
39.6565826775
 20
0.0000000006
 30
0.0
 11
39.6565826775
 21
6.150526510299998
 31
0.0
  0
LINE
  5
6A4
330
680
100
AcDbEntity
  8
0
  6
Continuous
 62
     7
370
    25
100
AcDbLine
 10
35.6565826775
 20
0.0000000006
 30
0.0
 11
39.6565826775
 21
0.0000000006
 31
0.0
  0
LINE
  5
6A5
330
680
100
AcDbEntity
  8
0
  6
Continuous
 62
     7
370
    25
100
AcDbLine
 10
35.6565826775
 20
5.902566705399999
 30
0.0
 11
35.6565826775
 21
0.0000000006
 31
0.0
  0
LINE
  5
6A6
330
680
100
AcDbEntity
  8
0
  6
Continuous
 62
     7
370
    25
100
AcDbLine
 10
35.85918845510001
 20
5.909773753799998
 30
0.0
 11
35.6565826775
 21
5.902566705399999
 31
0.0
  0
LINE
  5
6A7
330
680
100
AcDbEntity
  8
0
  6
Continuous
 62
     7
370
    25
100
AcDbLine
 10
35.85918845510001
 20
6.009837362999999
 30
0.0
 11
35.85918845510001
 21
5.909773753799998
 31
0.0
  0
LINE
  5
6A8
330
680
100
AcDbEntity
  8
0
  6
Continuous
 62
     7
370
    25
100
AcDbLine
 10
80.14134448890002
 20
14.3744408746
 30
0.0
 11
80.14134448890002
 21
21.2574928076
 31
0.0
  0
LINE
  5
6A9
330
680
100
AcDbEntity
  8
0
  6
Continuous
 62
     7
370
    25
100
AcDbLine
 10
82.1413444889
 20
14.3744408746
 30
0.0
 11
80.14134448890002
 21
14.3744408746
 31
0.0
  0
LINE
  5
6AA
330
680
100
AcDbEntity
  8
0
  6
Continuous
 62
     7
370
    25
100
AcDbLine
 10
82.1413444889
 20
21.0341163599
 30
0.0
 11
82.1413444889
 21
14.3744408746
 31
0.0
  0
LINE
  5
6AB
330
680
100
AcDbEntity
  8
0
  6
Continuous
 62
     7
370
    25
100
AcDbLine
 10
105.141344447
 20
15.4182187091
 30
0.0
 11
105.1413445634
 21
17.6594958121
 31
0.0
  0
LINE
  5
6AC
330
680
100
AcDbEntity
  8
0
  6
Continuous
 62
     7
370
    25
100
AcDbLine
 10
107.141344593
 20
15.4182187091
 30
0.0
 11
105.141344447
 21
15.4182187091
 31
0.0
  0
LINE
  5
6AD
330
680
100
AcDbEntity
  8
0
  6
Continuous
 62
     7
370
    25
100
AcDbLine
 10
107.141344593
 20
12.4182186195
 30
0.0
 11
107.141344593
 21
15.4182187091
 31
0.0
  0
LINE
  5
6AE
330
680
100
AcDbEntity
  8
0
  6
Continuous
 62
     7
370
    25
100
AcDbLine
 10
105.1413445917
 20
12.4182186195
 30
0.0
 11
107.141344593
 21
12.4182186195
 31
0.0
  0
LINE
  5
6AF
330
680
100
AcDbEntity
  8
0
  6
Continuous
 62
     7
370
    25
100
AcDbLine
 10
105.1413445917
 20
8.5593919749
 30
0.0
 11
105.1413445917
 21
12.4182186195
 31
0.0
  0
LINE
  5
6B0
330
680
100
AcDbEntity
  8
0
  6
Continuous
 62
     7
370
    25
100
AcDbLine
 10
38.4574380375
 20
6.0051540159
 30
0.0
 11
38.4574380375
 21
6.105224420899999
 31
0.0
  0
LINE
  5
6B1
330
680
100
AcDbEntity
  8
0
  6
Continuous
 62
     7
370
    25
100
AcDbLine
 10
39.4567265817
 20
6.0428688123
 30
0.0
 11
38.4574380375
 21
6.0051540159
 31
0.0
  0
LINE
  5
6B2
330
680
100
AcDbEntity
  8
0
  6
Continuous
 62
     7
370
    25
100
AcDbLine
 10
39.4567265817
 20
6.142940704699999
 30
0.0
 11
39.4567265817
 21
6.0428688123
 31
0.0
  0
LINE
  5
6B3
330
680
100
AcDbEntity
  8
0
  6
Continuous
 62
     7
370
    25
100
AcDbLine
 10
37.2582676396
 20
5.9605408499
 30
0.0
 11
37.2582676396
 21
6.060608671499998
 31
0.0
  0
LINE
  5
6B4
330
680
100
AcDbEntity
  8
0
  6
Continuous
 62
     7
370
    25
100
AcDbLine
 10
38.2575783756
 20
5.997662986699999
 30
0.0
 11
37.2582676396
 21
5.9605408499
 31
0.0
  0
LINE
  5
6B5
330
680
100
AcDbEntity
  8
0
  6
Continuous
 62
     7
370
    25
100
AcDbLine
 10
38.2575783755
 20
6.097733021299998
 30
0.0
 11
38.2575783756
 21
5.997662986699999
 31
0.0
  0
LINE
  5
6B6
330
680
100
AcDbEntity
  8
0
  6
Continuous
 62
     7
370
    25
100
AcDbLine
 10
36.059060647
 20
5.9169226757
 30
0.0
 11
36.059060647
 21
6.016986965
 31
0.0
  0
LINE
  5
6B7
330
680
100
AcDbEntity
  8
0
  6
Continuous
 62
     7
370
    25
100
AcDbLine
 10
37.0584026649
 20
5.9531929301
 30
0.0
 11
36.059060647
 21
5.9169226757
 31
0.0
  0
LINE
  5
6B8
330
680
100
AcDbEntity
  8
0
  6
Continuous
 62
     7
370
    25
100
AcDbLine
 10
37.0584026649
 20
6.053260230299998
 30
0.0
 11
37.0584026649
 21
5.9531929301
 31
0.0
  0
LINE
  5
6B9
330
680
100
AcDbEntity
  8
0
  6
Continuous
 62
     7
370
    25
100
AcDbLine
 10
63.004075261
 20
18.1917313128
 30
0.0
 11
69.77702357850001
 21
11.4187829953
 31
0.0
  0
LINE
  5
6BA
330
680
100
AcDbEntity
  8
0
  6
Continuous
 62
     7
370
    25
100
AcDbLine
 10
61.2969684798
 20
10.7116762141
 30
0.0
 11
61.2969684798
 21
17.4846245316
 31
0.0
  0
LINE
  5
6BB
330
680
100
AcDbEntity
  8
0
  6
Continuous
 62
     7
370
    25
100
AcDbLine
 10
69.06991679729999
 20
9.711676214099998
 30
0.0
 11
62.29696847979999
 21
9.711676214099998
 31
0.0
  0
LINE
  5
6BC
330
680
100
AcDbEntity
  8
0
  6
Continuous
 62
     7
370
    25
100
AcDbLine
 10
58.6558524369
 20
17.2917403946
 30
0.0
 11
58.6558524369
 21
10.7116762141
 31
0.0
  0
LINE
  5
6BD
330
680
100
AcDbEntity
  8
0
  6
Continuous
 62
     7
370
    25
100
AcDbLine
 10
50.9937864717
 20
11.3804235797
 30
0.0
 11
56.9123627187
 21
17.9604877602
 31
0.0
  0
LINE
  5
6BE
330
680
100
AcDbEntity
  8
0
  6
Continuous
 62
     7
370
    25
100
AcDbLine
 10
57.6558524369
 20
9.711676214099998
 30
0.0
 11
51.7372761899
 21
9.711676214099998
 31
0.0
  0
LINE
  5
6BF
330
680
100
AcDbEntity
  8
0
  6
Continuous
 62
     7
370
    25
100
AcDbLine
 10
46.4204781157
 20
12.3187739134
 30
0.0
 11
46.4204781157
 21
18.898838094
 31
0.0
  0
LINE
  5
6C0
330
680
100
AcDbEntity
  8
0
  6
Continuous
 62
     7
370
    25
100
AcDbLine
 10
54.0825440809
 20
18.2300907284
 30
0.0
 11
48.1639678339
 21
11.6500265478
 31
0.0
  0
LINE
  5
6C1
330
680
100
AcDbEntity
  8
0
  6
Continuous
 62
     7
370
    25
100
AcDbLine
 10
47.42047811569999
 20
19.898838094
 30
0.0
 11
53.33905436270001
 21
19.898838094
 31
0.0
  0
LINE
  5
6C2
330
680
100
AcDbEntity
  8
0
  6
Continuous
 62
     7
370
    25
100
AcDbLine
 10
42.2487600072
 20
11.3352562955
 30
0.0
 11
35.1171776853
 21
18.1772312134
 31
0.0
  0
LINE
  5
6C3
330
680
100
AcDbEntity
  8
0
  6
Continuous
 62
     7
370
    25
100
AcDbLine
 10
43.941063055
 20
18.898838094
 30
0.0
 11
43.941063055
 21
12.056863176
 31
0.0
  0
LINE
  5
6C4
330
680
100
AcDbEntity
  8
0
  6
Continuous
 62
     7
370
    25
100
AcDbLine
 10
35.8094807331
 20
19.898838094
 30
0.0
 11
42.941063055
 21
19.898838094
 31
0.0
  0
LINE
  5
6C5
330
680
100
AcDbEntity
  8
0
  6
Continuous
 62
     7
370
    25
100
AcDbLine
 10
66.2983977577
 20
19.898838094
 30
0.0
 11
73.07134607520001
 21
19.898838094
 31
0.0
  0
LINE
  5
6C6
330
680
100
AcDbEntity
  8
0
  6
Continuous
 62
     7
370
    25
100
AcDbLine
 10
72.364239294
 20
11.4187829953
 30
0.0
 11
65.59129097649999
 21
18.1917313128
 31
0.0
  0
LINE
  5
6C7
330
680
100
AcDbEntity
  8
0
  6
Continuous
 62
     7
370
    25
100
AcDbLine
 10
74.07134607520001
 20
18.898838094
 30
0.0
 11
74.07134607520001
 21
12.1258897765
 31
0.0
  0
LINE
  5
6C8
330
680
100
AcDbEntity
  8
0
  6
Continuous
 62
     7
370
    25
100
AcDbLine
 10
38.7592645074
 20
9.711676214099998
 30
0.0
 11
31.6276821856
 21
9.711676214099998
 31
0.0
  0
LINE
  5
6C9
330
680
100
AcDbEntity
  8
0
  6
Continuous
 62
     7
370
    25
100
AcDbLine
 10
32.31998523340001
 20
18.2752580126
 30
0.0
 11
39.4515675552
 21
11.4332830946
 31
0.0
  0
LINE
  5
6CA
330
680
100
AcDbEntity
  8
0
  6
Continuous
 62
     7
370
    25
100
AcDbLine
 10
30.6276821856
 20
10.7116762141
 30
0.0
 11
30.6276821856
 21
17.5536511321
 31
0.0
  0
SPLINE
  5
6CB
330
680
100
AcDbEntity
  8
0
  6
Continuous
 62
     7
370
    25
100
AcDbSpline
210
0.0
220
0.0
230
1.0
 70
     8
 71
     3
 72
     8
 73
     4
 74
     0
 42
0.00000001
 43
0.0000000001
 40
0.1807080335470145
 40
0.1807080335470145
 40
0.1807080335470145
 40
0.1807080335470145
 40
0.1841564228789171
 40
0.1841564228789171
 40
0.1841564228789171
 40
0.1841564228789171
 10
89.7631321814452
 20
7.994569120220044
 30
0.0
 10
89.43002304124028
 20
7.982336344305611
 30
0.0
 10
89.09691388079798
 20
7.970104145634082
 30
0.0
 10
88.76380469370001
 20
7.957872672298206
 30
0.0
  0
SPLINE
  5
6CC
330
680
100
AcDbEntity
  8
0
  6
Continuous
 62
     7
370
    25
100
AcDbSpline
210
0.0
220
0.0
230
1.0
 70
     8
 71
     3
 72
     8
 73
     4
 74
     0
 42
0.00000001
 43
0.0000000001
 40
0.1848461006934455
 40
0.1848461006934455
 40
0.1848461006934455
 40
0.1848461006934455
 40
0.1882944893813842
 40
0.1882944893813842
 40
0.1882944893813842
 40
0.1882944893813842
 10
88.56393925816981
 20
7.950533877073446
 30
0.0
 10
88.23083012235864
 20
7.938302702079607
 30
0.0
 10
87.89772095860824
 20
7.926072282039686
 30
0.0
 10
87.56461176050001
 20
7.913842765046342
 30
0.0
  0
SPLINE
  5
6CD
330
680
100
AcDbEntity
  8
0
  6
Continuous
 62
     7
370
    25
100
AcDbSpline
210
0.0
220
0.0
230
1.0
 70
     8
 71
     3
 72
     8
 73
     4
 74
     0
 42
0.00000001
 43
0.0000000001
 40
0.1889841670234889
 40
0.1889841670234889
 40
0.1889841670234889
 40
0.1889841670234889
 40
0.192432554643362
 40
0.192432554643362
 40
0.192432554643362
 40
0.192432554643362
 10
87.36474625644506
 20
7.906505165416517
 30
0.0
 10
87.03163714750971
 20
7.894276019353164
 30
0.0
 10
86.69852800215716
 20
7.882047824838794
 30
0.0
 10
86.36541882739996
 20
7.869820403854286
 30
0.0
  0
SPLINE
  5
6CE
330
680
100
AcDbEntity
  8
0
  6
Continuous
 62
     7
370
    25
100
AcDbSpline
210
0.0
220
0.0
230
1.0
 70
     8
 71
     3
 72
    10
 73
     6
 74
     0
 42
0.00000001
 43
0.0000000001
 40
0.1276422691482506
 40
0.1276422691482506
 40
0.1276422691482506
 40
0.1276422691482506
 40
0.1424336665664461
 40
0.1736178968731208
 40
0.1800183556389839
 40
0.1800183556389839
 40
0.1800183556389839
 40
0.1800183556389839
 10
105.1413445916963
 20
8.559391974870383
 30
0.0
 10
103.7125182508327
 20
8.506918293422994
 30
0.0
 10
99.27134262950069
 20
8.343815161653832
 30
0.0
 10
94.211895348474
 20
8.157954743295176
 30
0.0
 10
90.58127228361744
 20
8.024613727315571
 30
0.0
 10
89.96299776150342
 20
8.001908397310808
 30
0.0
  0
SPLINE
  5
6CF
330
680
100
AcDbEntity
  8
0
  6
Continuous
 62
     7
370
    25
100
AcDbSpline
210
0.0
220
0.0
230
1.0
 70
     8
 71
     3
 72
    18
 73
    14
 74
     0
 42
0.00000001
 43
0.0000000001
 40
0.1931222320881109
 40
0.1931222320881109
 40
0.1931222320881109
 40
0.1931222320881109
 40
0.2203942423331328
 40
0.2359863574864702
 40
0.2515784726398074
 40
0.2671705877931448
 40
0.2827627029464821
 40
0.2983548180998195
 40
0.3139469332531569
 40
0.3295390484064942
 40
0.3451311635598315
 40
0.3529272211365002
 40
0.3536117326544113
 40
0.3536117326544113
 40
0.3536117326544113
 40
0.3536117326544113
 10
86.16555335524855
 20
7.862484043314439
 30
0.0
 10
83.53111716638769
 20
7.765784321038339
 30
0.0
 10
79.39050282669889
 20
7.61387281898415
 30
0.0
 10
73.74371783847554
 20
7.406543738548343
 30
0.0
 10
69.22520811382785
 20
7.240234173189562
 30
0.0
 10
64.70670669651226
 20
7.073699078502349
 30
0.0
 10
60.18819020878705
 20
6.907572609211232
 30
0.0
 10
55.66962840182114
 20
6.742682560764351
 30
0.0
 10
51.15102050017935
 20
6.579061820975322
 30
0.0
 10
46.63246365623417
 20
6.414032776926182
 30
0.0
 10
42.86711901599813
 20
6.273265256539802
 30
0.0
 10
40.54187296439192
 20
6.184177018097232
 30
0.0
 10
39.72270233426667
 20
6.153038079339963
 30
0.0
 10
39.6565826775
 20
6.150526510304298
 30
0.0
  0
SPLINE
  5
6D0
330
680
100
AcDbEntity
  8
0
  6
Continuous
 62
     7
370
    25
100
AcDbSpline
210
0.0
220
0.0
230
1.0
 70
     8
 71
     3
 72
    74
 73
    70
 74
     0
 42
0.00000001
 43
0.0000000001
 40
0.3667155999086537
 40
0.3667155999086537
 40
0.3667155999086537
 40
0.3667155999086537
 40
0.3685193362898376
 40
0.3763153938665063
 40
0.3841114514431748
 40
0.3919075090198435
 40
0.3997035665965121
 40
0.4074996241731811
 40
0.4152956817498497
 40
0.4230917393265183
 40
0.4308877969031869
 40
0.4386838544798555
 40
0.4464799120565244
 40
0.4542759696331928
 40
0.4581739984215272
 40
0.4620720272098616
 40
0.4659700559981961
 40
0.4698680847865303
 40
0.4737661135748648
 40
0.475715127969032
 40
0.4776641423631989
 40
0.4815621711515333
 40
0.4854601999398678
 40
0.4874092143340347
 40
0.4893582287282019
 40
0.4913072431223691
 40
0.4932562575165362
 40
0.4952052719107034
 40
0.4971542863048706
 40
0.4991033006990377
 40
0.501052315093205
 40
0.5030013294873721
 40
0.5049503438815393
 40
0.5068993582757066
 40
0.5088483726698736
 40
0.5107973870640408
 40
0.512746401458208
 40
0.5146954158523753
 40
0.5166444302465423
 40
0.5205424590348767
 40
0.5244404878232111
 40
0.5283385166115453
 40
0.5322365453998798
 40
0.536134574188214
 40
0.5400326029765484
 40
0.5439306317648827
 40
0.547828660553217
 40
0.5517266893415513
 40
0.5556247181298854
 40
0.5634207757065541
 40
0.5712168332832228
 40
0.5790128908598915
 40
0.5868089484365602
 40
0.5946050060132291
 40
0.6024010635898978
 40
0.6101971211665666
 40
0.6179931787432352
 40
0.6257892363199038
 40
0.6413813514732411
 40
0.6569734666265783
 40
0.6725655817799156
 40
0.6881576969332529
 40
0.7037498120865904
 40
0.7193419272399277
 40
0.7349340423932651
 40
0.7505261575466025
 40
0.7661182726999396
 40
0.7817103878532771
 40
0.7847080734862201
 40
0.7847080734862201
 40
0.7847080734862201
 40
0.7847080734862201
 10
35.85918845509999
 20
6.009837362999997
 30
0.0
 10
35.68494368416715
 20
6.003621163593392
 30
0.0
 10
34.75757475867182
 20
5.970772720040026
 30
0.0
 10
33.07699398680622
 20
5.91376273443595
 30
0.0
 10
30.81726145257462
 20
5.84468776767446
 30
0.0
 10
28.55724681670709
 20
5.785375446945307
 30
0.0
 10
26.29695142930025
 20
5.738010162497086
 30
0.0
 10
24.03638174167793
 20
5.705445593438437
 30
0.0
 10
21.77563023708543
 20
5.690956777349785
 30
0.0
 10
19.51481341537572
 20
5.697067316217227
 30
0.0
 10
17.25422261264081
 20
5.728059559080612
 30
0.0
 10
14.99407219263464
 20
5.784454528638217
 30
0.0
 10
12.73507441907806
 20
5.875369075845723
 30
0.0
 10
10.85349075479023
 20
5.971181580091737
 30
0.0
 10
9.3491166243223
 20
6.063591044460125
 30
0.0
 10
8.222414650110817
 20
6.156042818017964
 30
0.0
 10
7.098503883662306
 20
6.278024183072456
 30
0.0
 10
5.979639916626847
 20
6.440675212668197
 30
0.0
 10
5.05292326902879
 20
6.610331349707442
 30
0.0
 10
4.313993227909231
 20
6.75808411652809
 30
0.0
 10
3.574772426534531
 20
6.904787670414912
 30
0.0
 10
2.65704304194798
 20
7.119856132429935
 30
0.0
 10
1.77887061505195
 20
7.476444193787427
 30
0.0
 10
1.150336775125034
 20
7.896367877246588
 30
0.0
 10
0.7190469336722906
 20
8.262793036219996
 30
0.0
 10
0.3441459178935224
 20
8.68839024398146
 30
0.0
 10
0.0509931271902124
 20
9.175209629224113
 30
0.0
 10
-0.0892579981147585
 20
9.733193266538251
 30
0.0
 10
-0.0045342178231402
 20
10.30169988623219
 30
0.0
 10
0.2314252029560129
 20
10.81813803762702
 30
0.0
 10
0.5440778444629919
 20
11.2902882300804
 30
0.0
 10
0.9031600524556555
 20
11.72737840954457
 30
0.0
 10
1.2882021763351
 20
12.14128213083879
 30
0.0
 10
1.686795261881201
 20
12.54205329926321
 30
0.0
 10
2.090190897472534
 20
12.93793732752936
 30
0.0
 10
2.502644085445477
 20
13.32445621760944
 30
0.0
 10
2.92767403170013
 20
13.69717332999855
 30
0.0
 10
3.367242799440463
 20
14.05261180374592
 30
0.0
 10
3.970325927242705
 20
14.50473950484822
 30
0.0
 10
4.755090298960733
 20
15.0268558110333
 30
0.0
 10
5.7338179560605
 20
15.5932484669857
 30
0.0
 10
6.737821164631181
 20
16.11318949222402
 30
0.0
 10
7.762366992909636
 20
16.5912899756867
 30
0.0
 10
8.802223852284857
 20
17.03484388377201
 30
0.0
 10
9.853579017057324
 20
17.45035767791721
 30
0.0
 10
10.91408316383682
 20
17.84181010068833
 30
0.0
 10
11.98118706800606
 20
18.21485667493318
 30
0.0
 10
13.05415927753669
 20
18.57066293968495
 30
0.0
 10
14.49261501499727
 20
19.02083836417935
 30
0.0
 10
16.30462526230867
 20
19.53751622573358
 30
0.0
 10
18.49669894454735
 20
20.09156298471963
 30
0.0
 10
20.70261489703445
 20
20.58745711983515
 30
0.0
 10
22.91980741001329
 20
21.03006893517879
 30
0.0
 10
25.14694301850547
 20
21.41968096204472
 30
0.0
 10
27.38308150186404
 20
21.75377849001134
 30
0.0
 10
29.62701684061848
 20
22.03089824867006
 30
0.0
 10
31.87676556962879
 20
22.25501874577192
 30
0.0
 10
34.88175942766888
 20
22.49507529040246
 30
0.0
 10
38.64462978729866
 20
22.69781524978918
 30
0.0
 10
43.16382030836463
 20
22.84761393245123
 30
0.0
 10
47.68449770318101
 20
22.94236974527808
 30
0.0
 10
52.2062106191991
 20
22.96272582110831
 30
0.0
 10
56.72755552980428
 20
22.89935000936299
 30
0.0
 10
61.2466019467824
 20
22.74111328563729
 30
0.0
 10
65.76190061336098
 20
22.50012073678648
 30
0.0
 10
70.2725923059715
 20
22.18464455227769
 30
0.0
 10
74.7782826398436
 20
21.80475630327075
 30
0.0
 10
78.06653666271341
 20
21.48021338510954
 30
0.0
 10
79.8532685068653
 20
21.28875531256838
 30
0.0
 10
80.14134448888867
 20
21.25749280759576
 30
0.0
  0
SPLINE
  5
6D1
330
680
100
AcDbEntity
  8
0
  6
Continuous
 62
     7
370
    25
100
AcDbSpline
210
0.0
220
0.0
230
1.0
 70
     8
 71
     3
 72
    13
 73
     9
 74
     0
 42
0.00000001
 43
0.0000000001
 40
0.7916477342726898
 40
0.7916477342726898
 40
0.7916477342726898
 40
0.7916477342726898
 40
0.7973025030066144
 40
0.8128946181599518
 40
0.8284867333132892
 40
0.8440788484666265
 40
0.8596709636199635
 40
0.8718206627149738
 40
0.8718206627149738
 40
0.8718206627149738
 40
0.8718206627149738
 10
82.14134448888868
 20
21.03411635988763
 30
0.0
 10
82.68438457838348
 20
20.97174365518979
 30
0.0
 10
84.72417123684609
 20
20.73218109108445
 30
0.0
 10
88.25677849407957
 20
20.28286346417822
 30
0.0
 10
92.73471023435281
 20
19.65550711971759
 30
0.0
 10
97.2051690096759
 20
18.9773046152777
 30
0.0
 10
101.3404972956705
 20
18.30959865311693
 30
0.0
 10
103.9842082121722
 20
17.86029203578209
 30
0.0
 10
105.141344563433
 20
17.65949581211131
 30
0.0
  0
SPLINE
  5
6D2
330
680
100
AcDbEntity
  8
0
  6
Continuous
 62
     7
370
    25
100
AcDbSpline
210
0.0
220
0.0
230
1.0
 70
     8
 71
     3
 72
     8
 73
     4
 74
     0
 42
0.00000001
 43
0.0000000001
 40
0.3543014098069731
 40
0.3543014098069731
 40
0.3543014098069731
 40
0.3543014098069731
 40
0.3577497957259531
 40
0.3577497957259531
 40
0.3577497957259531
 40
0.3577497957259531
 10
39.45672658168823
 20
6.14294070465645
 30
0.0
 10
39.12363269569508
 20
6.130307667014367
 30
0.0
 10
38.79053685240025
 20
6.117726337980026
 30
0.0
 10
38.4574380375
 20
6.105224420869077
 30
0.0
  0
SPLINE
  5
6D3
330
680
100
AcDbEntity
  8
0
  6
Continuous
 62
     7
370
    25
100
AcDbSpline
210
0.0
220
0.0
230
1.0
 70
     8
 71
     3
 72
     8
 73
     4
 74
     0
 42
0.00000001
 43
0.0000000001
 40
0.3584394729386254
 40
0.3584394729386254
 40
0.3584394729386254
 40
0.3584394729386254
 40
0.3618878590720592
 40
0.3618878590720592
 40
0.3618878590720592
 40
0.3618878590720592
 10
38.25757837549886
 20
6.097733021346599
 30
0.0
 10
37.92447831066882
 20
6.085263976363612
 30
0.0
 10
37.59137507863835
 20
6.072879444691166
 30
0.0
 10
37.25826763960001
 20
6.060608671515802
 30
0.0
  0
SPLINE
  5
6D4
330
680
100
AcDbEntity
  8
0
  6
Continuous
 62
     7
370
    25
100
AcDbSpline
210
0.0
220
0.0
230
1.0
 70
     8
 71
     3
 72
     8
 73
     4
 74
     0
 42
0.00000001
 43
0.0000000001
 40
0.3625775362846261
 40
0.3625775362846261
 40
0.3625775362846261
 40
0.3625775362846261
 40
0.3660259226299953
 40
0.3660259226299953
 40
0.3660259226299953
 40
0.3660259226299953
 10
37.05840266487262
 20
6.053260230307949
 30
0.0
 10
36.72529347243879
 20
6.041036645123888
 30
0.0
 10
36.39217983664755
 20
6.02893438370982
 30
0.0
 10
36.059060647
 20
6.016986965035514
 30
0.0
  0
SPLINE
  5
6D5
330
680
100
AcDbEntity
  8
0
  6
Continuous
 62
     7
370
    25
100
AcDbSpline
210
0.0
220
0.0
230
1.0
 70
     8
 71
     3
 72
     8
 73
     4
 74
     0
 42
0.00000001
 43
0.0000000001
 40
0.0
 40
0.0
 40
0.0
 40
0.0
 40
1.0
 40
1.0
 40
1.0
 40
1.0
 10
19.17800968262927
 20
7.678219532229567
 30
0.0
 10
19.13352462191045
 20
7.676770004113291
 30
0.0
 10
19.08900414949613
 20
7.676044663219148
 30
0.0
 10
19.04448367081807
 20
7.676044663219148
 30
0.0
  0
SPLINE
  5
6D6
330
680
100
AcDbEntity
  8
0
  6
Continuous
 62
     7
370
    25
100
AcDbSpline
210
0.0
220
0.0
230
1.0
 70
     8
 71
     3
 72
     8
 73
     4
 74
     0
 42
0.00000001
 43
0.0000000001
 40
0.0
 40
0.0
 40
0.0
 40
0.0
 40
1.0
 40
1.0
 40
1.0
 40
1.0
 10
19.04448367081805
 20
15.87604466321914
 30
0.0
 10
19.08900414933266
 20
15.87604466321914
 30
0.0
 10
19.13352462158355
 20
15.87531932233033
 30
0.0
 10
19.17800968213924
 20
15.87386979422469
 30
0.0
  0
SPLINE
  5
6D7
330
680
100
AcDbEntity
  8
0
  6
Continuous
 62
     7
370
    25
100
AcDbSpline
210
0.0
220
0.0
230
1.0
 70
     8
 71
     3
 72
    10
 73
     6
 74
     0
 42
0.00000001
 43
0.0000000001
 40
0.0
 40
0.0
 40
0.0
 40
0.0
 40
0.5
 40
0.5
 40
1.0
 40
1.0
 40
1.0
 40
1.0
 10
19.04448367081807
 20
7.676044663219148
 30
0.0
 10
16.31115033748474
 20
7.676044663219148
 30
0.0
 10
14.94448367081808
 20
10.40937799655248
 30
0.0
 10
14.94448367081806
 20
13.14271132988581
 30
0.0
 10
16.31115033748474
 20
15.87604466321913
 30
0.0
 10
19.04448367081805
 20
15.87604466321914
 30
0.0
  0
ENDBLK
  5
6D8
330
680
100
AcDbEntity
  8
0
100
AcDbBlockEnd
  0
BLOCK
  5
704
330
703
100
AcDbEntity
  8
0
100
AcDbBlockBegin
  2
main_wing_第二横梁左
 70
     0
 10
0.0
 20
0.0
 30
0.0
  3
main_wing_第二横梁左
  1

  0
CIRCLE
  5
705
330
703
100
AcDbEntity
  8
0
  6
Continuous
 62
     7
370
    25
100
AcDbCircle
 10
327.1329482296
 20
14.5643014218
 30
0.0
 40
2.0
  0
CIRCLE
  5
706
330
703
100
AcDbEntity
  8
0
  6
Continuous
 62
     7
370
    25
100
AcDbCircle
 10
262.2004740774
 20
14.5643014218
 30
0.0
 40
2.0
  0
CIRCLE
  5
707
330
703
100
AcDbEntity
  8
0
  6
Continuous
 62
     7
370
    25
100
AcDbCircle
 10
443.8562575491
 20
14.7738126864
 30
0.0
 40
2.0
  0
CIRCLE
  5
708
330
703
100
AcDbEntity
  8
0
  6
Continuous
 62
     7
370
    25
100
AcDbCircle
 10
387.8297847425
 20
14.6391265469
 30
0.0
 40
2.0
  0
CIRCLE
  5
709
330
703
100
AcDbEntity
  8
0
  6
Continuous
 62
     7
370
    25
100
AcDbCircle
 10
77.5956877415
 20
14.0694359192
 30
0.0
 40
2.0
  0
CIRCLE
  5
70A
330
703
100
AcDbEntity
  8
0
  6
Continuous
 62
     7
370
    25
100
AcDbCircle
 10
23.3600222773
 20
14.0694359192
 30
0.0
 40
2.0
  0
CIRCLE
  5
70B
330
703
100
AcDbEntity
  8
0
  6
Continuous
 62
     7
370
    25
100
AcDbCircle
 10
203.7086748279
 20
14.3940166714
 30
0.0
 40
2.0
  0
CIRCLE
  5
70C
330
703
100
AcDbEntity
  8
0
  6
Continuous
 62
     7
370
    25
100
AcDbCircle
 10
145.932655152
 20
14.2543498977
 30
0.0
 40
2.0
  0
CIRCLE
  5
70D
330
703
100
AcDbEntity
  8
0
  6
Continuous
 62
     7
370
    25
100
AcDbCircle
 10
494.1490269982
 20
14.7151926429
 30
0.0
 40
2.000000000000055
  0
LINE
  5
70E
330
703
100
AcDbEntity
  8
0
  6
Continuous
 62
     7
370
    18
100
AcDbLine
 10
569.0
 20
18.9616019211
 30
0.0
 11
565.0
 21
18.9616019211
 31
0.0
  0
LINE
  5
70F
330
703
100
AcDbEntity
  8
0
  6
Continuous
 62
     7
370
    18
100
AcDbLine
 10
569.0
 20
18.9616019211
 30
0.0
 11
569.0
 21
16.96160192109999
 31
0.0
  0
LINE
  5
710
330
703
100
AcDbEntity
  8
0
  6
Continuous
 62
     7
370
    18
100
AcDbLine
 10
569.0
 20
16.96160192109999
 30
0.0
 11
565.0
 21
16.96160192109999
 31
0.0
  0
LINE
  5
711
330
703
100
AcDbEntity
  8
0
  6
Continuous
 62
     7
370
    18
100
AcDbLine
 10
565.0
 20
18.9616019211
 30
0.0
 11
565.0
 21
16.96160192109999
 31
0.0
  0
LINE
  5
712
330
703
100
AcDbEntity
  8
0
  6
Continuous
 62
     7
370
    18
100
AcDbLine
 10
569.0
 20
12.8888611027
 30
0.0
 11
565.0
 21
12.8888611027
 31
0.0
  0
LINE
  5
713
330
703
100
AcDbEntity
  8
0
  6
Continuous
 62
     7
370
    18
100
AcDbLine
 10
565.0
 20
12.8888611027
 30
0.0
 11
565.0
 21
10.8888611027
 31
0.0
  0
LINE
  5
714
330
703
100
AcDbEntity
  8
0
  6
Continuous
 62
     7
370
    18
100
AcDbLine
 10
565.0
 20
10.8888611027
 30
0.0
 11
569.0
 21
10.8888611027
 31
0.0
  0
LINE
  5
715
330
703
100
AcDbEntity
  8
0
  6
Continuous
 62
     7
370
    18
100
AcDbLine
 10
569.0
 20
10.8888611027
 30
0.0
 11
569.0
 21
12.8888611027
 31
0.0
  0
LINE
  5
716
330
703
100
AcDbEntity
  8
0
  6
Continuous
 62
     7
370
    25
100
AcDbLine
 10
571.0
 20
21.9616019211
 30
0.0
 11
519.0
 21
21.9616019211
 31
0.0
  0
LINE
  5
717
330
703
100
AcDbEntity
  8
0
  6
Continuous
 62
     7
370
    25
100
AcDbLine
 10
519.0
 20
21.9616019211
 30
0.0
 11
519.0
 21
14.7151926429
 31
0.0
  0
LINE
  5
718
330
703
100
AcDbEntity
  8
0
  6
Continuous
 62
     7
370
    25
100
AcDbLine
 10
519.0
 20
14.7151926429
 30
0.0
 11
517.0
 21
14.7151926429
 31
0.0
  0
LINE
  5
719
330
703
100
AcDbEntity
  8
0
  6
Continuous
 62
     7
370
    25
100
AcDbLine
 10
517.0
 20
21.9616019211
 30
0.0
 11
517.0
 21
14.7151926429
 31
0.0
  0
LINE
  5
71A
330
703
100
AcDbEntity
  8
0
  6
Continuous
 62
     7
370
    25
100
AcDbLine
 10
2.0
 20
20.1327918098
 30
0.0
 11
2.0
 21
16.7139230727
 31
0.0
  0
LINE
  5
71B
330
703
100
AcDbEntity
  8
0
  6
Continuous
 62
     7
370
    25
100
AcDbLine
 10
2.0
 20
16.7139230727
 30
0.0
 11
0.0
 21
16.7139230727
 31
0.0
  0
LINE
  5
71C
330
703
100
AcDbEntity
  8
0
  6
Continuous
 62
     7
370
    25
100
AcDbLine
 10
0.0
 20
10.7139230727
 30
0.0
 11
0.0
 21
16.7139230727
 31
0.0
  0
LINE
  5
71D
330
703
100
AcDbEntity
  8
0
  6
Continuous
 62
     7
370
    25
100
AcDbLine
 10
2.0
 20
10.7139230727
 30
0.0
 11
0.0
 21
10.7139230727
 31
0.0
  0
LINE
  5
71E
330
703
100
AcDbEntity
  8
0
  6
Continuous
 62
     7
370
    25
100
AcDbLine
 10
2.0
 20
10.7139230727
 30
0.0
 11
2.0
 21
7.7139230727
 31
0.0
  0
LINE
  5
71F
330
703
100
AcDbEntity
  8
0
  6
Continuous
 62
     7
370
    25
100
AcDbLine
 10
43.0
 20
14.0694359192
 30
0.0
 11
43.0
 21
7.703143585299998
 31
0.0
  0
LINE
  5
720
330
703
100
AcDbEntity
  8
0
  6
Continuous
 62
     7
370
    25
100
AcDbLine
 10
45.0000000014
 20
14.0694359192
 30
0.0
 11
43.0
 21
14.0694359192
 31
0.0
  0
LINE
  5
721
330
703
100
AcDbEntity
  8
0
  6
Continuous
 62
     7
370
    25
100
AcDbLine
 10
45.0000000014
 20
14.0694359192
 30
0.0
 11
45.0000000014
 21
7.7027869995
 31
0.0
  0
LINE
  5
722
330
703
100
AcDbEntity
  8
0
  6
Continuous
 62
     7
370
    25
100
AcDbLine
 10
111.0000000014
 20
14.2543498977
 30
0.0
 11
111.0000000014
 21
7.6979996561
 31
0.0
  0
LINE
  5
723
330
703
100
AcDbEntity
  8
0
  6
Continuous
 62
     7
370
    25
100
AcDbLine
 10
113.0000000028
 20
14.2543498977
 30
0.0
 11
111.0000000014
 21
14.2543498977
 31
0.0
  0
LINE
  5
724
330
703
100
AcDbEntity
  8
0
  6
Continuous
 62
     7
370
    25
100
AcDbLine
 10
113.0000000028
 20
14.2543498977
 30
0.0
 11
113.0000000028
 21
7.698032816699999
 31
0.0
  0
LINE
  5
725
330
703
100
AcDbEntity
  8
0
  6
Continuous
 62
     7
370
    25
100
AcDbLine
 10
119.0000000028
 20
0.0
 30
0.0
 11
119.0000000028
 21
7.6981833974
 31
0.0
  0
LINE
  5
726
330
703
100
AcDbEntity
  8
0
  6
Continuous
 62
     7
370
    25
100
AcDbLine
 10
119.0000000028
 20
0.0
 30
0.0
 11
123.0000000028
 21
0.0
 31
0.0
  0
LINE
  5
727
330
703
100
AcDbEntity
  8
0
  6
Continuous
 62
     7
370
    25
100
AcDbLine
 10
123.0000000028
 20
0.0
 30
0.0
 11
123.0000000028
 21
7.615192642899999
 31
0.0
  0
LINE
  5
728
330
703
100
AcDbEntity
  8
0
  6
Continuous
 62
     7
370
    25
100
AcDbLine
 10
122.8000000028
 20
7.615192642899999
 30
0.0
 11
123.0000000028
 21
7.615192642899999
 31
0.0
  0
LINE
  5
729
330
703
100
AcDbEntity
  8
0
  6
Continuous
 62
     7
370
    25
100
AcDbLine
 10
122.8000000028
 20
7.6983170196
 30
0.0
 11
122.8000000028
 21
7.615192642899999
 31
0.0
  0
LINE
  5
72A
330
703
100
AcDbEntity
  8
0
  6
Continuous
 62
     7
370
    25
100
AcDbLine
 10
179.0000000028
 20
14.3940166714
 30
0.0
 11
179.0000000028
 21
7.703079708699998
 31
0.0
  0
LINE
  5
72B
330
703
100
AcDbEntity
  8
0
  6
Continuous
 62
     7
370
    25
100
AcDbLine
 10
181.0000000028
 20
14.3940166714
 30
0.0
 11
179.0000000028
 21
14.3940166714
 31
0.0
  0
LINE
  5
72C
330
703
100
AcDbEntity
  8
0
  6
Continuous
 62
     7
370
    25
100
AcDbLine
 10
181.0000000028
 20
7.703324297999999
 30
0.0
 11
181.0000000028
 21
14.3940166714
 31
0.0
  0
LINE
  5
72D
330
703
100
AcDbEntity
  8
0
  6
Continuous
 62
     7
370
    25
100
AcDbLine
 10
227.0000000028
 20
14.4723128564
 30
0.0
 11
227.0000000028
 21
7.709747893999998
 31
0.0
  0
LINE
  5
72E
330
703
100
AcDbEntity
  8
0
  6
Continuous
 62
     7
370
    25
100
AcDbLine
 10
229.0000000028
 20
14.4723128564
 30
0.0
 11
227.0000000028
 21
14.4723128564
 31
0.0
  0
LINE
  5
72F
330
703
100
AcDbEntity
  8
0
  6
Continuous
 62
     7
370
    25
100
AcDbLine
 10
229.0000000028
 20
7.710049649199999
 30
0.0
 11
229.0000000028
 21
14.4723128564
 31
0.0
  0
LINE
  5
730
330
703
100
AcDbEntity
  8
0
  6
Continuous
 62
     7
370
    25
100
AcDbLine
 10
269.0000000028
 20
0.0
 30
0.0
 11
269.0000000028
 21
7.716121535399999
 31
0.0
  0
LINE
  5
731
330
703
100
AcDbEntity
  8
0
  6
Continuous
 62
     7
370
    25
100
AcDbLine
 10
269.0000000028
 20
0.0
 30
0.0
 11
273.0000000028
 21
0.0
 31
0.0
  0
LINE
  5
732
330
703
100
AcDbEntity
  8
0
  6
Continuous
 62
     7
370
    25
100
AcDbLine
 10
273.0000000028
 20
0.0
 30
0.0
 11
273.0000000028
 21
7.615192642899999
 31
0.0
  0
LINE
  5
733
330
703
100
AcDbEntity
  8
0
  6
Continuous
 62
     7
370
    25
100
AcDbLine
 10
272.8000000028
 20
7.615192642899999
 30
0.0
 11
273.0000000028
 21
7.615192642899999
 31
0.0
  0
LINE
  5
734
330
703
100
AcDbEntity
  8
0
  6
Continuous
 62
     7
370
    25
100
AcDbLine
 10
272.8000000028
 20
7.7166847686
 30
0.0
 11
272.8000000028
 21
7.615192642899999
 31
0.0
  0
LINE
  5
735
330
703
100
AcDbEntity
  8
0
  6
Continuous
 62
     7
370
    25
100
AcDbLine
 10
295.0000000028
 20
14.5643014217
 30
0.0
 11
295.0000000028
 21
7.7198459573
 31
0.0
  0
LINE
  5
736
330
703
100
AcDbEntity
  8
0
  6
Continuous
 62
     7
370
    25
100
AcDbLine
 10
297.0000000028
 20
14.5643014217
 30
0.0
 11
295.0000000028
 21
14.5643014217
 31
0.0
  0
LINE
  5
737
330
703
100
AcDbEntity
  8
0
  6
Continuous
 62
     7
370
    25
100
AcDbLine
 10
297.0000000028
 20
7.7201171236
 30
0.0
 11
297.0000000028
 21
14.5643014217
 31
0.0
  0
LINE
  5
738
330
703
100
AcDbEntity
  8
0
  6
Continuous
 62
     7
370
    25
100
AcDbLine
 10
358.0000000028
 20
14.6391265468
 30
0.0
 11
358.0000000028
 21
7.726670749299999
 31
0.0
  0
LINE
  5
739
330
703
100
AcDbEntity
  8
0
  6
Continuous
 62
     7
370
    25
100
AcDbLine
 10
360.0000000028
 20
14.6391265468
 30
0.0
 11
358.0000000028
 21
14.6391265468
 31
0.0
  0
LINE
  5
73A
330
703
100
AcDbEntity
  8
0
  6
Continuous
 62
     7
370
    25
100
AcDbLine
 10
360.0000000028
 20
7.726814357899999
 30
0.0
 11
360.0000000028
 21
14.6391265468
 31
0.0
  0
LINE
  5
73B
330
703
100
AcDbEntity
  8
0
  6
Continuous
 62
     7
370
    25
100
AcDbLine
 10
416.0000000027999
 20
14.7071178423
 30
0.0
 11
416.0000000027999
 21
7.7283456344
 31
0.0
  0
LINE
  5
73C
330
703
100
AcDbEntity
  8
0
  6
Continuous
 62
     7
370
    25
100
AcDbLine
 10
418.0000000028
 20
14.7071178423
 30
0.0
 11
416.0000000027999
 21
14.7071178423
 31
0.0
  0
LINE
  5
73D
330
703
100
AcDbEntity
  8
0
  6
Continuous
 62
     7
370
    25
100
AcDbLine
 10
418.0000000028
 20
7.728300492799998
 30
0.0
 11
418.0000000028
 21
14.7071178423
 31
0.0
  0
LINE
  5
73E
330
703
100
AcDbEntity
  8
0
  6
Continuous
 62
     7
370
    25
100
AcDbLine
 10
419.0000000028
 20
-0.0000000001
 30
0.0
 11
419.0000000028
 21
7.728275071699999
 31
0.0
  0
LINE
  5
73F
330
703
100
AcDbEntity
  8
0
  6
Continuous
 62
     7
370
    25
100
AcDbLine
 10
419.0000000028
 20
-0.0000000001
 30
0.0
 11
423.0000000028
 21
-0.0000000001
 31
0.0
  0
LINE
  5
740
330
703
100
AcDbEntity
  8
0
  6
Continuous
 62
     7
370
    25
100
AcDbLine
 10
423.0000000028
 20
-0.0000000001
 30
0.0
 11
423.0000000028
 21
7.615192642799998
 31
0.0
  0
LINE
  5
741
330
703
100
AcDbEntity
  8
0
  6
Continuous
 62
     7
370
    25
100
AcDbLine
 10
422.8000000028
 20
7.615192642799998
 30
0.0
 11
423.0000000028
 21
7.615192642799998
 31
0.0
  0
LINE
  5
742
330
703
100
AcDbEntity
  8
0
  6
Continuous
 62
     7
370
    25
100
AcDbLine
 10
422.8000000028
 20
7.7281609596
 30
0.0
 11
422.8000000028
 21
7.615192642799998
 31
0.0
  0
LINE
  5
743
330
703
100
AcDbEntity
  8
0
  6
Continuous
 62
     7
370
    25
100
AcDbLine
 10
469.0000000028
 20
14.7738126863
 30
0.0
 11
469.0000000028
 21
7.724387654199999
 31
0.0
  0
LINE
  5
744
330
703
100
AcDbEntity
  8
0
  6
Continuous
 62
     7
370
    25
100
AcDbLine
 10
471.0000000027999
 20
14.7738126863
 30
0.0
 11
469.0000000028
 21
14.7738126863
 31
0.0
  0
LINE
  5
745
330
703
100
AcDbEntity
  8
0
  6
Continuous
 62
     7
370
    25
100
AcDbLine
 10
471.0000000027999
 20
7.724117765199999
 30
0.0
 11
471.0000000027999
 21
14.7738126863
 31
0.0
  0
LINE
  5
746
330
703
100
AcDbEntity
  8
0
  6
Continuous
 62
     7
370
    25
100
AcDbLine
 10
517.0000000027998
 20
7.715192642799998
 30
0.0
 11
569.0000000029
 21
7.715192642799998
 31
0.0
  0
LINE
  5
747
330
703
100
AcDbEntity
  8
0
  6
Continuous
 62
     7
370
    25
100
AcDbLine
 10
569.0
 20
0.0
 30
0.0
 11
569.0
 21
7.7153209699
 31
0.0
  0
LINE
  5
748
330
703
100
AcDbEntity
  8
0
  6
Continuous
 62
     7
370
    25
100
AcDbLine
 10
569.0
 20
0.0
 30
0.0
 11
571.0
 21
0.0
 31
0.0
  0
LINE
  5
749
330
703
100
AcDbEntity
  8
0
  6
Continuous
 62
     7
370
    25
100
AcDbLine
 10
569.2000000001
 20
7.7153206158
 30
0.0
 11
569.2000000001
 21
7.615192642899999
 31
0.0
  0
LINE
  5
74A
330
703
100
AcDbEntity
  8
0
  6
Continuous
 62
     7
370
    25
100
AcDbLine
 10
569.1999999987
 20
7.715192642899999
 30
0.0
 11
570.2000000001
 21
7.715192642899999
 31
0.0
  0
LINE
  5
74B
330
703
100
AcDbEntity
  8
0
  6
Continuous
 62
     7
370
    25
100
AcDbLine
 10
570.2000000001
 20
7.615192642899999
 30
0.0
 11
570.2000000001
 21
7.7153193649
 31
0.0
  0
LINE
  5
74C
330
703
100
AcDbEntity
  8
0
  6
Continuous
 62
     7
370
    25
100
AcDbLine
 10
569.2000000001
 20
7.615192642899999
 30
0.0
 11
570.2000000001
 21
7.615192642899999
 31
0.0
  0
LINE
  5
74D
330
703
100
AcDbEntity
  8
0
  6
Continuous
 62
     7
370
    25
100
AcDbLine
 10
570.4000000001
 20
7.715319224899999
 30
0.0
 11
570.4000000001
 21
7.615192642899999
 31
0.0
  0
LINE
  5
74E
330
703
100
AcDbEntity
  8
0
  6
Continuous
 62
     7
370
    25
100
AcDbLine
 10
570.4000000001
 20
7.715192642899999
 30
0.0
 11
571.0
 21
7.715192642899999
 31
0.0
  0
LINE
  5
74F
330
703
100
AcDbEntity
  8
0
  6
Continuous
 62
     7
370
    25
100
AcDbLine
 10
570.4000000001
 20
7.615192642899999
 30
0.0
 11
571.0
 21
7.615192642899999
 31
0.0
  0
LINE
  5
750
330
703
100
AcDbEntity
  8
0
  6
Continuous
 62
     7
370
    25
100
AcDbLine
 10
422.6000000001
 20
7.615192642899999
 30
0.0
 11
422.6000000001
 21
7.728167661699999
 31
0.0
  0
LINE
  5
751
330
703
100
AcDbEntity
  8
0
  6
Continuous
 62
     7
370
    25
100
AcDbLine
 10
421.6000000001
 20
7.615192642899999
 30
0.0
 11
422.6000000001
 21
7.615192642899999
 31
0.0
  0
LINE
  5
752
330
703
100
AcDbEntity
  8
0
  6
Continuous
 62
     7
370
    25
100
AcDbLine
 10
421.6000000001
 20
7.728200007
 30
0.0
 11
421.6000000001
 21
7.615192642899999
 31
0.0
  0
LINE
  5
753
330
703
100
AcDbEntity
  8
0
  6
Continuous
 62
     7
370
    25
100
AcDbLine
 10
421.4000000001
 20
7.615192642899999
 30
0.0
 11
421.4000000001
 21
7.728206243599998
 31
0.0
  0
LINE
  5
754
330
703
100
AcDbEntity
  8
0
  6
Continuous
 62
     7
370
    25
100
AcDbLine
 10
420.4000000001
 20
7.615192642899999
 30
0.0
 11
421.4000000001
 21
7.615192642899999
 31
0.0
  0
LINE
  5
755
330
703
100
AcDbEntity
  8
0
  6
Continuous
 62
     7
370
    25
100
AcDbLine
 10
420.4000000001
 20
7.7282362682
 30
0.0
 11
420.4000000001
 21
7.615192642899999
 31
0.0
  0
LINE
  5
756
330
703
100
AcDbEntity
  8
0
  6
Continuous
 62
     7
370
    25
100
AcDbLine
 10
420.2000000001
 20
7.615192642899999
 30
0.0
 11
420.2000000001
 21
7.7282420419
 31
0.0
  0
LINE
  5
757
330
703
100
AcDbEntity
  8
0
  6
Continuous
 62
     7
370
    25
100
AcDbLine
 10
419.2000000001
 20
7.615192642899999
 30
0.0
 11
420.2000000001
 21
7.615192642899999
 31
0.0
  0
LINE
  5
758
330
703
100
AcDbEntity
  8
0
  6
Continuous
 62
     7
370
    25
100
AcDbLine
 10
419.2000000001
 20
7.7282697584
 30
0.0
 11
419.2000000001
 21
7.615192642899999
 31
0.0
  0
LINE
  5
759
330
703
100
AcDbEntity
  8
0
  6
Continuous
 62
     7
370
    25
100
AcDbLine
 10
272.6000000001
 20
7.615192642899999
 30
0.0
 11
272.6000000001
 21
7.716655252299998
 31
0.0
  0
LINE
  5
75A
330
703
100
AcDbEntity
  8
0
  6
Continuous
 62
     7
370
    25
100
AcDbLine
 10
271.6000000001
 20
7.615192642899999
 30
0.0
 11
272.6000000001
 21
7.615192642899999
 31
0.0
  0
LINE
  5
75B
330
703
100
AcDbEntity
  8
0
  6
Continuous
 62
     7
370
    25
100
AcDbLine
 10
271.6000000001
 20
7.7165074516
 30
0.0
 11
271.6000000001
 21
7.615192642899999
 31
0.0
  0
LINE
  5
75C
330
703
100
AcDbEntity
  8
0
  6
Continuous
 62
     7
370
    25
100
AcDbLine
 10
271.4000000001
 20
7.615192642899999
 30
0.0
 11
271.4000000001
 21
7.7164778484
 31
0.0
  0
LINE
  5
75D
330
703
100
AcDbEntity
  8
0
  6
Continuous
 62
     7
370
    25
100
AcDbLine
 10
270.4000000001
 20
7.615192642899999
 30
0.0
 11
271.4000000001
 21
7.615192642899999
 31
0.0
  0
LINE
  5
75E
330
703
100
AcDbEntity
  8
0
  6
Continuous
 62
     7
370
    25
100
AcDbLine
 10
270.4000000001
 20
7.716329622
 30
0.0
 11
270.4000000001
 21
7.615192642899999
 31
0.0
  0
LINE
  5
75F
330
703
100
AcDbEntity
  8
0
  6
Continuous
 62
     7
370
    25
100
AcDbLine
 10
270.2000000001
 20
7.615192642899999
 30
0.0
 11
270.2000000001
 21
7.716299935399999
 31
0.0
  0
LINE
  5
760
330
703
100
AcDbEntity
  8
0
  6
Continuous
 62
     7
370
    25
100
AcDbLine
 10
269.2000000001
 20
7.615192642899999
 30
0.0
 11
270.2000000001
 21
7.615192642899999
 31
0.0
  0
LINE
  5
761
330
703
100
AcDbEntity
  8
0
  6
Continuous
 62
     7
370
    25
100
AcDbLine
 10
269.2000000001
 20
7.716151301699999
 30
0.0
 11
269.2000000001
 21
7.615192642899999
 31
0.0
  0
LINE
  5
762
330
703
100
AcDbEntity
  8
0
  6
Continuous
 62
     7
370
    25
100
AcDbLine
 10
122.6000000001
 20
7.615192642899999
 30
0.0
 11
122.6000000001
 21
7.6983092689
 31
0.0
  0
LINE
  5
763
330
703
100
AcDbEntity
  8
0
  6
Continuous
 62
     7
370
    25
100
AcDbLine
 10
121.6000000001
 20
7.615192642899999
 30
0.0
 11
122.6000000001
 21
7.615192642899999
 31
0.0
  0
LINE
  5
764
330
703
100
AcDbEntity
  8
0
  6
Continuous
 62
     7
370
    25
100
AcDbLine
 10
121.6000000001
 20
7.6982717024
 30
0.0
 11
121.6000000001
 21
7.615192642899999
 31
0.0
  0
LINE
  5
765
330
703
100
AcDbEntity
  8
0
  6
Continuous
 62
     7
370
    25
100
AcDbLine
 10
121.4000000001
 20
7.615192642899999
 30
0.0
 11
121.4000000001
 21
7.698264427499998
 31
0.0
  0
LINE
  5
766
330
703
100
AcDbEntity
  8
0
  6
Continuous
 62
     7
370
    25
100
AcDbLine
 10
120.4000000001
 20
7.615192642899999
 30
0.0
 11
121.4000000001
 21
7.615192642899999
 31
0.0
  0
LINE
  5
767
330
703
100
AcDbEntity
  8
0
  6
Continuous
 62
     7
370
    25
100
AcDbLine
 10
120.4000000001
 20
7.6982292533
 30
0.0
 11
120.4000000001
 21
7.615192642899999
 31
0.0
  0
LINE
  5
768
330
703
100
AcDbEntity
  8
0
  6
Continuous
 62
     7
370
    25
100
AcDbLine
 10
120.2000000001
 20
7.615192642899999
 30
0.0
 11
120.2000000001
 21
7.6982224595
 31
0.0
  0
LINE
  5
769
330
703
100
AcDbEntity
  8
0
  6
Continuous
 62
     7
370
    25
100
AcDbLine
 10
119.2000000001
 20
7.615192642899999
 30
0.0
 11
120.2000000001
 21
7.615192642899999
 31
0.0
  0
LINE
  5
76A
330
703
100
AcDbEntity
  8
0
  6
Continuous
 62
     7
370
    25
100
AcDbLine
 10
119.2000000001
 20
7.6981897046
 30
0.0
 11
119.2000000001
 21
7.615192642899999
 31
0.0
  0
LINE
  5
76B
330
703
100
AcDbEntity
  8
0
  6
Continuous
 62
     7
370
    18
100
AcDbLine
 10
571.0
 20
21.9616019211
 30
0.0
 11
571.0
 21
0.0
 31
0.0
  0
SPLINE
  5
76C
330
703
100
AcDbEntity
  8
0
  6
Continuous
 62
     7
370
    25
100
AcDbSpline
210
0.0
220
0.0
230
1.0
 70
     8
 71
     3
 72
     9
 73
     5
 74
     0
 42
0.00000001
 43
0.0000000001
 40
0.0
 40
0.0
 40
0.0
 40
0.0
 40
0.25
 40
0.4713061447714532
 40
0.4713061447714532
 40
0.4713061447714532
 40
0.4713061447714532
 10
516.9999999999686
 20
21.96160192111667
 30
0.0
 10
474.0832387290611
 20
21.8226808321522
 30
0.0
 10
393.1753286390888
 20
21.61935827953534
 30
0.0
 10
312.2673543136083
 20
21.44759455769693
 30
0.0
 10
274.2762991638099
 20
21.35388325771095
 30
0.0
  0
SPLINE
  5
76D
330
703
100
AcDbEntity
  8
0
  6
Continuous
 62
     7
370
    25
100
AcDbSpline
210
0.0
220
0.0
230
1.0
 70
     8
 71
     3
 72
     8
 73
     4
 74
     0
 42
0.00000001
 43
0.0000000001
 40
0.2542678093718727
 40
0.2542678093718727
 40
0.2542678093718727
 40
0.2542678093718727
 40
0.2742792198792242
 40
0.2742792198792242
 40
0.2742792198792242
 40
0.2742792198792242
 10
254.2649322592081
 20
21.30320540364623
 30
0.0
 10
260.93538658063
 20
21.3205892295767
 30
0.0
 10
267.6058422179745
 20
21.33744148358085
 30
0.0
 10
274.2762991638099
 20
21.35388325771095
 30
0.0
  0
SPLINE
  5
76E
330
703
100
AcDbEntity
  8
0
  6
Continuous
 62
     7
370
    25
100
AcDbSpline
210
0.0
220
0.0
230
1.0
 70
     8
 71
     3
 72
    11
 73
     7
 74
     0
 42
0.00000001
 43
0.0000000001
 40
0.0020000567171339
 40
0.0020000567171339
 40
0.0020000567171339
 40
0.0020000567171339
 40
0.1348402169052703
 40
0.1348402169052703
 40
0.1348402169052703
 40
0.2542678093718727
 40
0.2542678093718727
 40
0.2542678093718727
 40
0.2542678093718727
 10
1.999999999999974
 20
20.13279180978151
 30
0.0
 10
46.27872888801991
 20
20.47528039403074
 30
0.0
 10
90.55824421679432
 20
20.71999133088152
 30
0.0
 10
134.8378990117021
 20
20.90787856543932
 30
0.0
 10
174.6467698231872
 20
21.07679538925563
 30
0.0
 10
214.4558382616978
 20
21.1994591927952
 30
0.0
 10
254.2649322592081
 20
21.30320540364623
 30
0.0
  0
SPLINE
  5
76F
330
703
100
AcDbEntity
  8
0
  6
Continuous
 62
     7
370
    25
100
AcDbSpline
210
0.0
220
0.0
230
1.0
 70
     8
 71
     3
 72
     8
 73
     4
 74
     0
 42
0.00000001
 43
0.0000000001
 40
0.4760000024266354
 40
0.4760000024266354
 40
0.4760000024266354
 40
0.4760000024266354
 40
0.5170000038455257
 40
0.5170000038455257
 40
0.5170000038455257
 40
0.5170000038455257
 10
42.99999999997124
 20
7.703143585293878
 30
0.0
 10
29.33333308707637
 20
7.705629609803647
 30
0.0
 10
15.66666629835896
 20
7.709129573963418
 30
0.0
 10
2.0
 20
7.7139230727
 30
0.0
  0
SPLINE
  5
770
330
703
100
AcDbEntity
  8
0
  6
Continuous
 62
     7
370
    25
100
AcDbSpline
210
0.0
220
0.0
230
1.0
 70
     8
 71
     3
 72
     8
 73
     4
 74
     0
 42
0.00000001
 43
0.0000000001
 40
0.4080000016218991
 40
0.4080000016218991
 40
0.4080000016218991
 40
0.4080000016218991
 40
0.4740000023780019
 40
0.4740000023780019
 40
0.4740000023780019
 40
0.4740000023780019
 10
111.0000000013717
 20
7.69799965611959
 30
0.0
 10
88.99999994577722
 20
7.697682853238582
 30
0.0
 10
66.99999972353743
 20
7.698943665994838
 30
0.0
 10
45.00000000137123
 20
7.702786999489193
 30
0.0
  0
SPLINE
  5
771
330
703
100
AcDbEntity
  8
0
  6
Continuous
 62
     7
370
    25
100
AcDbSpline
210
0.0
220
0.0
230
1.0
 70
     8
 71
     3
 72
     8
 73
     4
 74
     0
 42
0.00000001
 43
0.0000000001
 40
0.4000000016230973
 40
0.4000000016230973
 40
0.4000000016230973
 40
0.4000000016230973
 40
0.4060000016206621
 40
0.4060000016206621
 40
0.4060000016206621
 40
0.4060000016206621
 10
119.0000000028378
 20
7.69818339736458
 30
0.0
 10
117.0000000031676
 20
7.698120733405282
 30
0.0
 10
115.0000000030721
 20
7.698070311821219
 30
0.0
 10
113.0000000027717
 20
7.698032816655238
 30
0.0
  0
SPLINE
  5
772
330
703
100
AcDbEntity
  8
0
  6
Continuous
 62
     7
370
    25
100
AcDbSpline
210
0.0
220
0.0
230
1.0
 70
     8
 71
     3
 72
     8
 73
     4
 74
     0
 42
0.00000001
 43
0.0000000001
 40
0.3400000016425662
 40
0.3400000016425662
 40
0.3400000016425662
 40
0.3400000016425662
 40
0.3962000016293331
 40
0.3962000016293331
 40
0.3962000016293331
 40
0.3962000016293331
 10
179.0000000027718
 20
7.703079708708027
 30
0.0
 10
160.2666667384163
 20
7.700806979161439
 30
0.0
 10
141.5333333954035
 20
7.699046688997168
 30
0.0
 10
122.8000000028378
 20
7.698317019580664
 30
0.0
  0
SPLINE
  5
773
330
703
100
AcDbEntity
  8
0
  6
Continuous
 62
     7
370
    25
100
AcDbSpline
210
0.0
220
0.0
230
1.0
 70
     8
 71
     3
 72
     8
 73
     4
 74
     0
 42
0.00000001
 43
0.0000000001
 40
0.2920000013663427
 40
0.2920000013663427
 40
0.2920000013663427
 40
0.2920000013663427
 40
0.3380000016348957
 40
0.3380000016348957
 40
0.3380000016348957
 40
0.3380000016348957
 10
227.0000000027716
 20
7.70974789404372
 30
0.0
 10
211.6666666939058
 20
7.707438117552907
 30
0.0
 10
196.3333333691303
 20
7.70521426067915
 30
0.0
 10
181.0000000027718
 20
7.70332429800871
 30
0.0
  0
SPLINE
  5
774
330
703
100
AcDbEntity
  8
0
  6
Continuous
 62
     7
370
    25
100
AcDbSpline
210
0.0
220
0.0
230
1.0
 70
     8
 71
     3
 72
     8
 73
     4
 74
     0
 42
0.00000001
 43
0.0000000001
 40
0.2500000010614116
 40
0.2500000010614116
 40
0.2500000010614116
 40
0.2500000010614116
 40
0.2900000013520694
 40
0.2900000013520694
 40
0.2900000013520694
 40
0.2900000013520694
 10
269.0000000028377
 20
7.716121535430174
 30
0.0
 10
255.6666666636018
 20
7.714136690790233
 30
0.0
 10
242.3333333375187
 20
7.712064422082349
 30
0.0
 10
229.0000000027716
 20
7.710049649188428
 30
0.0
  0
SPLINE
  5
775
330
703
100
AcDbEntity
  8
0
  6
Continuous
 62
     7
370
    25
100
AcDbSpline
210
0.0
220
0.0
230
1.0
 70
     8
 71
     3
 72
     8
 73
     4
 74
     0
 42
0.00000001
 43
0.0000000001
 40
0.2240000009039702
 40
0.2240000009039702
 40
0.2240000009039702
 40
0.2240000009039702
 40
0.2462000010357243
 40
0.2462000010357243
 40
0.2462000010357243
 40
0.2462000010357243
 10
295.0000000027715
 20
7.719845957331205
 30
0.0
 10
287.599999996443
 20
7.71883781163078
 30
0.0
 10
280.1999999972923
 20
7.717776597349002
 30
0.0
 10
272.8000000028377
 20
7.71668476856056
 30
0.0
  0
SPLINE
  5
776
330
703
100
AcDbEntity
  8
0
  6
Continuous
 62
     7
370
    25
100
AcDbSpline
210
0.0
220
0.0
230
1.0
 70
     8
 71
     3
 72
     8
 73
     4
 74
     0
 42
0.00000001
 43
0.0000000001
 40
0.1610000007762342
 40
0.1610000007762342
 40
0.1610000007762342
 40
0.1610000007762342
 40
0.2220000008940177
 40
0.2220000008940177
 40
0.2220000008940177
 40
0.2220000008940177
 10
358.0000000027717
 20
7.726670749269811
 30
0.0
 10
337.6666666108234
 20
7.725183382235374
 30
0.0
 10
317.3333332786628
 20
7.722860546050932
 30
0.0
 10
297.0000000027715
 20
7.720117123627747
 30
0.0
  0
SPLINE
  5
777
330
703
100
AcDbEntity
  8
0
  6
Continuous
 62
     7
370
    25
100
AcDbSpline
210
0.0
220
0.0
230
1.0
 70
     8
 71
     3
 72
     8
 73
     4
 74
     0
 42
0.00000001
 43
0.0000000001
 40
0.1030000009110995
 40
0.1030000009110995
 40
0.1030000009110995
 40
0.1030000009110995
 40
0.1590000007768164
 40
0.1590000007768164
 40
0.1590000007768164
 40
0.1590000007768164
 10
416.0000000027716
 20
7.728345634408648
 30
0.0
 10
397.3333333331177
 20
7.728731649655793
 30
0.0
 10
378.66666663009
 20
7.728129475565593
 30
0.0
 10
360.0000000027717
 20
7.72681435793273
 30
0.0
  0
SPLINE
  5
778
330
703
100
AcDbEntity
  8
0
  6
Continuous
 62
     7
370
    25
100
AcDbSpline
210
0.0
220
0.0
230
1.0
 70
     8
 71
     3
 72
     8
 73
     4
 74
     0
 42
0.00000001
 43
0.0000000001
 40
0.1000000009254584
 40
0.1000000009254584
 40
0.1000000009254584
 40
0.1000000009254584
 40
0.101000000920626
 40
0.101000000920626
 40
0.101000000920626
 40
0.101000000920626
 10
419.0000000028375
 20
7.728275071747293
 30
0.0
 10
418.6666666694907
 20
7.728283863620371
 30
0.0
 10
418.3333333361349
 20
7.728292336831642
 30
0.0
 10
418.0000000027716
 20
7.728300492849027
 30
0.0
  0
SPLINE
  5
779
330
703
100
AcDbEntity
  8
0
  6
Continuous
 62
     7
370
    25
100
AcDbSpline
210
0.0
220
0.0
230
1.0
 70
     8
 71
     3
 72
     8
 73
     4
 74
     0
 42
0.00000001
 43
0.0000000001
 40
0.0500000008673456
 40
0.0500000008673456
 40
0.0500000008673456
 40
0.0500000008673456
 40
0.0962000009447868
 40
0.0962000009447868
 40
0.0962000009447868
 40
0.0962000009447868
 10
469.0000000027715
 20
7.724387654174742
 30
0.0
 10
453.6000000868351
 20
7.726429824321221
 30
0.0
 10
438.2000000454315
 20
7.727641911075504
 30
0.0
 10
422.8000000028376
 20
7.728160959639042
 30
0.0
  0
SPLINE
  5
77A
330
703
100
AcDbEntity
  8
0
  6
Continuous
 62
     7
370
    25
100
AcDbSpline
210
0.0
220
0.0
230
1.0
 70
     8
 71
     3
 72
     8
 73
     4
 74
     0
 42
0.00000001
 43
0.0000000001
 40
0.0020000000523124
 40
0.0020000000523124
 40
0.0020000000523124
 40
0.0020000000523124
 40
0.0480000008491541
 40
0.0480000008491541
 40
0.0480000008491541
 40
0.0480000008491541
 10
517.0000000027695
 20
7.715192642778267
 30
0.0
 10
501.6666668734396
 20
7.719079409393747
 30
0.0
 10
486.3333334802226
 20
7.722012715671633
 30
0.0
 10
471.0000000027716
 20
7.724117765199085
 30
0.0
  0
SPLINE
  5
77B
330
703
100
AcDbEntity
  8
0
  6
Continuous
 62
     7
370
    25
100
AcDbSpline
210
0.0
220
0.0
230
1.0
 70
     8
 71
     3
 72
     8
 73
     4
 74
     0
 42
0.00000001
 43
0.0000000001
 40
0.0964000009437811
 40
0.0964000009437811
 40
0.0964000009437811
 40
0.0964000009437811
 40
0.0974000009386191
 40
0.0974000009386191
 40
0.0974000009386191
 40
0.0974000009386191
 10
422.6000000001
 20
7.728167661736685
 30
0.0
 10
422.266666666781
 20
7.728178766927821
 30
0.0
 10
421.93333333345
 20
7.72818954819863
 30
0.0
 10
421.6000000001
 20
7.728200007005761
 30
0.0
  0
SPLINE
  5
77C
330
703
100
AcDbEntity
  8
0
  6
Continuous
 62
     7
370
    25
100
AcDbSpline
210
0.0
220
0.0
230
1.0
 70
     8
 71
     3
 72
     8
 73
     4
 74
     0
 42
0.00000001
 43
0.0000000001
 40
0.0976000009375848
 40
0.0976000009375848
 40
0.0976000009375848
 40
0.0976000009375848
 40
0.0986000009324683
 40
0.0986000009324683
 40
0.0986000009324683
 40
0.0986000009324683
 10
421.4000000001
 20
7.728206243606095
 30
0.0
 10
421.0666666667762
 20
7.728216573486196
 30
0.0
 10
420.7333333334428
 20
7.728226581194325
 30
0.0
 10
420.4000000001
 20
7.728236268190862
 30
0.0
  0
SPLINE
  5
77D
330
703
100
AcDbEntity
  8
0
  6
Continuous
 62
     7
370
    25
100
AcDbSpline
210
0.0
220
0.0
230
1.0
 70
     8
 71
     3
 72
     8
 73
     4
 74
     0
 42
0.00000001
 43
0.0000000001
 40
0.0988000009314561
 40
0.0988000009314561
 40
0.0988000009314561
 40
0.0988000009314561
 40
0.0998000009264489
 40
0.0998000009264489
 40
0.0998000009264489
 40
0.0998000009264489
 10
420.2000000000998
 20
7.72824204191512
 30
0.0
 10
419.8666666667755
 20
7.728251600685607
 30
0.0
 10
419.533333333442
 20
7.728260839036956
 30
0.0
 10
419.2000000001
 20
7.728269758433294
 30
0.0
  0
SPLINE
  5
77E
330
703
100
AcDbEntity
  8
0
  6
Continuous
 62
     7
370
    25
100
AcDbSpline
210
0.0
220
0.0
230
1.0
 70
     8
 71
     3
 72
     8
 73
     4
 74
     0
 42
0.00000001
 43
0.0000000001
 40
0.2464000010370585
 40
0.2464000010370585
 40
0.2464000010370585
 40
0.2464000010370585
 40
0.2474000010437591
 40
0.2474000010437591
 40
0.2474000010437591
 40
0.2474000010437591
 10
272.6000000001
 20
7.716655252337572
 30
0.0
 10
272.2666666667577
 20
7.716606046191976
 30
0.0
 10
271.9333333334245
 20
7.71655677858613
 30
0.0
 10
271.6000000001001
 20
7.716507451640834
 30
0.0
  0
SPLINE
  5
77F
330
703
100
AcDbEntity
  8
0
  6
Continuous
 62
     7
370
    25
100
AcDbSpline
210
0.0
220
0.0
230
1.0
 70
     8
 71
     3
 72
     8
 73
     4
 74
     0
 42
0.00000001
 43
0.0000000001
 40
0.2476000010451053
 40
0.2476000010451053
 40
0.2476000010451053
 40
0.2476000010451053
 40
0.2486000010518661
 40
0.2486000010518661
 40
0.2486000010518661
 40
0.2486000010518661
 10
271.4000000001
 20
7.71647784836998
 30
0.0
 10
271.066666666758
 20
7.716428497774066
 30
0.0
 10
270.7333333334248
 20
7.716379088263582
 30
0.0
 10
270.4000000001
 20
7.7163296219665
 30
0.0
  0
SPLINE
  5
780
330
703
100
AcDbEntity
  8
0
  6
Continuous
 62
     7
370
    25
100
AcDbSpline
210
0.0
220
0.0
230
1.0
 70
     8
 71
     3
 72
     8
 73
     4
 74
     0
 42
0.00000001
 43
0.0000000001
 40
0.2488000010532241
 40
0.2488000010532241
 40
0.2488000010532241
 40
0.2488000010532241
 40
0.2498000010600424
 40
0.2498000010600424
 40
0.2498000010600424
 40
0.2498000010600424
 10
270.2000000001
 20
7.716299935390968
 30
0.0
 10
269.8666666667584
 20
7.716250446464695
 30
0.0
 10
269.5333333334251
 20
7.716200901178138
 30
0.0
 10
269.2000000001
 20
7.716151301666462
 30
0.0
  0
SPLINE
  5
781
330
703
100
AcDbEntity
  8
0
  6
Continuous
 62
     7
370
    25
100
AcDbSpline
210
0.0
220
0.0
230
1.0
 70
     8
 71
     3
 72
     8
 73
     4
 74
     0
 42
0.00000001
 43
0.0000000001
 40
0.3964000016289175
 40
0.3964000016289175
 40
0.3964000016289175
 40
0.3964000016289175
 40
0.3974000016269843
 40
0.3974000016269843
 40
0.3974000016269843
 40
0.3974000016269843
 10
122.6000000001002
 20
7.698309268916541
 30
0.0
 10
122.2666666667794
 20
7.698296416881532
 30
0.0
 10
121.9333333334457
 20
7.69828389367353
 30
0.0
 10
121.6000000001
 20
7.69827170241061
 30
0.0
  0
SPLINE
  5
782
330
703
100
AcDbEntity
  8
0
  6
Continuous
 62
     7
370
    25
100
AcDbSpline
210
0.0
220
0.0
230
1.0
 70
     8
 71
     3
 72
     8
 73
     4
 74
     0
 42
0.00000001
 43
0.0000000001
 40
0.3976000016266266
 40
0.3976000016266266
 40
0.3976000016266266
 40
0.3976000016266266
 40
0.3986000016249843
 40
0.3986000016249843
 40
0.3986000016249843
 40
0.3986000016249843
 10
121.4000000001001
 20
7.698264427511327
 30
0.0
 10
121.0666666667787
 20
7.698252369151608
 30
0.0
 10
120.733333333445
 20
7.698240643361543
 30
0.0
 10
120.4000000001
 20
7.698229253268766
 30
0.0
  0
SPLINE
  5
783
330
703
100
AcDbEntity
  8
0
  6
Continuous
 62
     7
370
    25
100
AcDbSpline
210
0.0
220
0.0
230
1.0
 70
     8
 71
     3
 72
     8
 73
     4
 74
     0
 42
0.00000001
 43
0.0000000001
 40
0.3988000016246852
 40
0.3988000016246852
 40
0.3988000016246852
 40
0.3988000016246852
 40
0.3998000016233369
 40
0.3998000016233369
 40
0.3998000016233369
 40
0.3998000016233369
 10
120.2000000000998
 20
7.698222459521911
 30
0.0
 10
119.8666666667777
 20
7.698211203833601
 30
0.0
 10
119.5333333334442
 20
7.698200284469062
 30
0.0
 10
119.2000000001
 20
7.698189704565512
 30
0.0
  0
ENDBLK
  5
784
330
703
100
AcDbEntity
  8
0
100
AcDbBlockEnd
  0
BLOCK
  5
786
330
785
100
AcDbEntity
  8
0
100
AcDbBlockBegin
  2
块2
 70
     0
 10
0.0
 20
0.0
 30
0.0
  3
块2
  1

  0
LINE
  5
787
330
785
100
AcDbEntity
  8
SLD-0
100
AcDbLine
 10
31.318878093
 20
45.165625326
 30
0.0
 11
35.31887809300001
 21
45.165625326
 31
0.0
  0
LINE
  5
788
330
785
100
AcDbEntity
  8
SLD-0
100
AcDbLine
 10
31.318878093
 20
45.165625326
 30
0.0
 11
31.318878093
 21
49.165625326
 31
0.0
  0
LINE
  5
789
330
785
100
AcDbEntity
  8
SLD-0
100
AcDbLine
 10
31.318878093
 20
49.165625326
 30
0.0
 11
43.318878093
 21
49.165625326
 31
0.0
  0
LINE
  5
78A
330
785
100
AcDbEntity
  8
SLD-0
100
AcDbLine
 10
43.318878093
 20
49.165625326
 30
0.0
 11
43.318878093
 21
45.165625326
 31
0.0
  0
LINE
  5
78B
330
785
100
AcDbEntity
  8
SLD-0
100
AcDbLine
 10
43.318878093
 20
45.165625326
 30
0.0
 11
39.318878093
 21
45.165625326
 31
0.0
  0
LINE
  5
78C
330
785
100
AcDbEntity
  8
SLD-0
100
AcDbLine
 10
35.31887809300001
 20
45.165625326
 30
0.0
 11
35.31887809300001
 21
47.165625326
 31
0.0
  0
LINE
  5
78D
330
785
100
AcDbEntity
  8
SLD-0
100
AcDbLine
 10
35.31887809300001
 20
47.165625326
 30
0.0
 11
39.318878093
 21
47.165625326
 31
0.0
  0
LINE
  5
78E
330
785
100
AcDbEntity
  8
SLD-0
100
AcDbLine
 10
39.318878093
 20
47.165625326
 30
0.0
 11
39.318878093
 21
45.165625326
 31
0.0
  0
ENDBLK
  5
78F
330
785
100
AcDbEntity
  8
0
100
AcDbBlockEnd
  0
BLOCK
  5
791
330
790
100
AcDbEntity
  8
0
100
AcDbBlockBegin
  2
襟翼前龙骨挡板
 70
     0
 10
0.0
 20
0.0
 30
0.0
  3
襟翼前龙骨挡板
  1

  0
LINE
  5
792
330
790
100
AcDbEntity
  8
0
  6
Continuous
 62
     7
370
    25
100
AcDbLine
 10
645.6193991077999
 20
8.097416624999999
 30
0.0
 11
645.6193991077999
 21
8.3033940622
 31
0.0
  0
LINE
  5
793
330
790
100
AcDbEntity
  8
0
  6
Continuous
 62
     7
370
    25
100
AcDbLine
 10
644.6193991077999
 20
8.097416624999999
 30
0.0
 11
645.6193991077999
 21
8.097416624999999
 31
0.0
  0
LINE
  5
794
330
790
100
AcDbEntity
  8
0
  6
Continuous
 62
     7
370
    25
100
AcDbLine
 10
644.6193991077999
 20
8.3035078624
 30
0.0
 11
644.6193991077999
 21
8.097416624999999
 31
0.0
  0
LINE
  5
795
330
790
100
AcDbEntity
  8
0
  6
Continuous
 62
     7
370
    25
100
AcDbLine
 10
644.4193991078
 20
8.097416624999999
 30
0.0
 11
644.4193991078
 21
8.303530589899999
 31
0.0
  0
LINE
  5
796
330
790
100
AcDbEntity
  8
0
  6
Continuous
 62
     7
370
    25
100
AcDbLine
 10
643.4193991078
 20
8.097416624999999
 30
0.0
 11
644.4193991078
 21
8.097416624999999
 31
0.0
  0
LINE
  5
797
330
790
100
AcDbEntity
  8
0
  6
Continuous
 62
     7
370
    25
100
AcDbLine
 10
643.4193991078
 20
8.3036440625
 30
0.0
 11
643.4193991078
 21
8.097416624999999
 31
0.0
  0
LINE
  5
798
330
790
100
AcDbEntity
  8
0
  6
Continuous
 62
     7
370
    25
100
AcDbLine
 10
643.2193991077999
 20
8.097416624999999
 30
0.0
 11
643.2193991077999
 21
8.303666723600001
 31
0.0
  0
LINE
  5
799
330
790
100
AcDbEntity
  8
0
  6
Continuous
 62
     7
370
    25
100
AcDbLine
 10
642.2193991078
 20
8.097416624999999
 30
0.0
 11
643.2193991077999
 21
8.097416624999999
 31
0.0
  0
LINE
  5
79A
330
790
100
AcDbEntity
  8
0
  6
Continuous
 62
     7
370
    25
100
AcDbLine
 10
642.2193991078
 20
8.3037798594
 30
0.0
 11
642.2193991078
 21
8.097416624999999
 31
0.0
  0
LINE
  5
79B
330
790
100
AcDbEntity
  8
0
  6
Continuous
 62
     7
370
    25
100
AcDbLine
 10
645.8193991077998
 20
8.303371269999999
 30
0.0
 11
645.8193991077998
 21
8.097416624999999
 31
0.0
  0
LINE
  5
79C
330
790
100
AcDbEntity
  8
0
  6
Continuous
 62
     7
370
    25
100
AcDbLine
 10
686.0000000001
 20
12.5
 30
0.0
 11
686.0000000001
 21
8.298644017499999
 31
0.0
  0
LINE
  5
79D
330
790
100
AcDbEntity
  8
0
  6
Continuous
 62
     7
370
    25
100
AcDbLine
 10
688.0000000000999
 20
12.5
 30
0.0
 11
686.0000000001
 21
12.5
 31
0.0
  0
LINE
  5
79E
330
790
100
AcDbEntity
  8
0
  6
Continuous
 62
     7
370
    25
100
AcDbLine
 10
688.0000000000999
 20
15.5
 30
0.0
 11
688.0000000000999
 21
12.5
 31
0.0
  0
LINE
  5
79F
330
790
100
AcDbEntity
  8
0
  6
Continuous
 62
     7
370
    25
100
AcDbLine
 10
686.0000000001
 20
15.5
 30
0.0
 11
688.0000000000999
 21
15.5
 31
0.0
  0
LINE
  5
7A0
330
790
100
AcDbEntity
  8
0
  6
Continuous
 62
     7
370
    25
100
AcDbLine
 10
686.0000000001
 20
18.9240406625
 30
0.0
 11
686.0000000001
 21
15.5
 31
0.0
  0
LINE
  5
7A1
330
790
100
AcDbEntity
  8
0
  6
Continuous
 62
     7
370
    25
100
AcDbLine
 10
292.0000000003
 20
19.2759805486
 30
0.0
 11
395.9999999998999
 21
19.2759805486
 31
0.0
  0
LINE
  5
7A2
330
790
100
AcDbEntity
  8
0
  6
Continuous
 62
     7
370
    25
100
AcDbLine
 10
2.0000000001
 20
15.5
 30
0.0
 11
2.0000000001
 21
18.9240406625
 31
0.0
  0
LINE
  5
7A3
330
790
100
AcDbEntity
  8
0
  6
Continuous
 62
     7
370
    25
100
AcDbLine
 10
0.0000000001
 20
15.5
 30
0.0
 11
2.0000000001
 21
15.5
 31
0.0
  0
LINE
  5
7A4
330
790
100
AcDbEntity
  8
0
  6
Continuous
 62
     7
370
    25
100
AcDbLine
 10
0.0000000001
 20
15.5
 30
0.0
 11
0.0000000001
 21
12.5
 31
0.0
  0
LINE
  5
7A5
330
790
100
AcDbEntity
  8
0
  6
Continuous
 62
     7
370
    25
100
AcDbLine
 10
0.0000000001
 20
12.5
 30
0.0
 11
2.0000000001
 21
12.5
 31
0.0
  0
LINE
  5
7A6
330
790
100
AcDbEntity
  8
0
  6
Continuous
 62
     7
370
    25
100
AcDbLine
 10
2.0000000001
 20
12.5
 30
0.0
 11
2.0000000001
 21
8.298644017599999
 31
0.0
  0
LINE
  5
7A7
330
790
100
AcDbEntity
  8
0
  6
Continuous
 62
     7
370
    25
100
AcDbLine
 10
42.01939910780001
 20
0.0
 30
0.0
 11
42.01939910780001
 21
8.3034351112
 31
0.0
  0
LINE
  5
7A8
330
790
100
AcDbEntity
  8
0
  6
Continuous
 62
     7
370
    25
100
AcDbLine
 10
42.01939910780001
 20
0.0
 30
0.0
 11
46.01939910779999
 21
0.0
 31
0.0
  0
LINE
  5
7A9
330
790
100
AcDbEntity
  8
0
  6
Continuous
 62
     7
370
    25
100
AcDbLine
 10
46.01939910779999
 20
0.0
 30
0.0
 11
46.01939910779999
 21
8.097416624999999
 31
0.0
  0
LINE
  5
7AA
330
790
100
AcDbEntity
  8
0
  6
Continuous
 62
     7
370
    25
100
AcDbLine
 10
45.8193991078
 20
8.097416624999999
 30
0.0
 11
46.01939910779999
 21
8.097416624999999
 31
0.0
  0
LINE
  5
7AB
330
790
100
AcDbEntity
  8
0
  6
Continuous
 62
     7
370
    25
100
AcDbLine
 10
45.8193991078
 20
8.303877313600001
 30
0.0
 11
45.8193991078
 21
8.097416624999999
 31
0.0
  0
LINE
  5
7AC
330
790
100
AcDbEntity
  8
0
  6
Continuous
 62
     7
370
    25
100
AcDbLine
 10
192.0193991078
 20
0.0
 30
0.0
 11
192.0193991078
 21
8.3128648534
 31
0.0
  0
LINE
  5
7AD
330
790
100
AcDbEntity
  8
0
  6
Continuous
 62
     7
370
    25
100
AcDbLine
 10
192.0193991078
 20
0.0
 30
0.0
 11
196.0193991078
 21
0.0
 31
0.0
  0
LINE
  5
7AE
330
790
100
AcDbEntity
  8
0
  6
Continuous
 62
     7
370
    25
100
AcDbLine
 10
196.0193991078
 20
0.0
 30
0.0
 11
196.0193991078
 21
8.097416624999999
 31
0.0
  0
LINE
  5
7AF
330
790
100
AcDbEntity
  8
0
  6
Continuous
 62
     7
370
    25
100
AcDbLine
 10
195.8193991078
 20
8.097416624999999
 30
0.0
 11
196.0193991078
 21
8.097416624999999
 31
0.0
  0
LINE
  5
7B0
330
790
100
AcDbEntity
  8
0
  6
Continuous
 62
     7
370
    25
100
AcDbLine
 10
195.8193991078
 20
8.312773862
 30
0.0
 11
195.8193991078
 21
8.097416624999999
 31
0.0
  0
LINE
  5
7B1
330
790
100
AcDbEntity
  8
0
  6
Continuous
 62
     7
370
    25
100
AcDbLine
 10
342.0193991078
 20
8.302317134299999
 30
0.0
 11
292.0000000001
 21
8.302317134299999
 31
0.0
  0
LINE
  5
7B2
330
790
100
AcDbEntity
  8
0
  6
Continuous
 62
     7
370
    25
100
AcDbLine
 10
342.0193991078
 20
0.0000000001
 30
0.0
 11
342.0193991078
 21
8.302317134299999
 31
0.0
  0
LINE
  5
7B3
330
790
100
AcDbEntity
  8
0
  6
Continuous
 62
     7
370
    25
100
AcDbLine
 10
342.0193991078
 20
0.0000000001
 30
0.0
 11
346.0193991078
 21
0.0000000001
 31
0.0
  0
LINE
  5
7B4
330
790
100
AcDbEntity
  8
0
  6
Continuous
 62
     7
370
    25
100
AcDbLine
 10
346.0193991078
 20
0.0000000001
 30
0.0
 11
346.0193991078
 21
8.097416625099999
 31
0.0
  0
LINE
  5
7B5
330
790
100
AcDbEntity
  8
0
  6
Continuous
 62
     7
370
    25
100
AcDbLine
 10
345.8193991078
 20
8.097416625099999
 30
0.0
 11
346.0193991078
 21
8.097416625099999
 31
0.0
  0
LINE
  5
7B6
330
790
100
AcDbEntity
  8
0
  6
Continuous
 62
     7
370
    25
100
AcDbLine
 10
345.8193991078
 20
8.302317002799997
 30
0.0
 11
345.8193991078
 21
8.097416625099999
 31
0.0
  0
LINE
  5
7B7
330
790
100
AcDbEntity
  8
0
  6
Continuous
 62
     7
370
    25
100
AcDbLine
 10
396.0000000002
 20
8.302317002799997
 30
0.0
 11
345.8193991078
 21
8.302317002799997
 31
0.0
  0
LINE
  5
7B8
330
790
100
AcDbEntity
  8
0
  6
Continuous
 62
     7
370
    25
100
AcDbLine
 10
492.0193991078
 20
0.0
 30
0.0
 11
492.0193991078
 21
8.312616661099998
 31
0.0
  0
LINE
  5
7B9
330
790
100
AcDbEntity
  8
0
  6
Continuous
 62
     7
370
    25
100
AcDbLine
 10
492.0193991078
 20
0.0
 30
0.0
 11
496.0193991077999
 21
0.0
 31
0.0
  0
LINE
  5
7BA
330
790
100
AcDbEntity
  8
0
  6
Continuous
 62
     7
370
    25
100
AcDbLine
 10
496.0193991077999
 20
0.0
 30
0.0
 11
496.0193991077999
 21
8.097416624999999
 31
0.0
  0
LINE
  5
7BB
330
790
100
AcDbEntity
  8
0
  6
Continuous
 62
     7
370
    25
100
AcDbLine
 10
495.8193991077999
 20
8.097416624999999
 30
0.0
 11
496.0193991077999
 21
8.097416624999999
 31
0.0
  0
LINE
  5
7BC
330
790
100
AcDbEntity
  8
0
  6
Continuous
 62
     7
370
    25
100
AcDbLine
 10
495.8193991077999
 20
8.3127278351
 30
0.0
 11
495.8193991077999
 21
8.097416624999999
 31
0.0
  0
LINE
  5
7BD
330
790
100
AcDbEntity
  8
0
  6
Continuous
 62
     7
370
    25
100
AcDbLine
 10
642.0193991078
 20
0.0
 30
0.0
 11
642.0193991078
 21
8.303802452200001
 31
0.0
  0
LINE
  5
7BE
330
790
100
AcDbEntity
  8
0
  6
Continuous
 62
     7
370
    25
100
AcDbLine
 10
642.0193991078
 20
0.0
 30
0.0
 11
646.0193991078
 21
0.0
 31
0.0
  0
LINE
  5
7BF
330
790
100
AcDbEntity
  8
0
  6
Continuous
 62
     7
370
    25
100
AcDbLine
 10
646.0193991078
 20
0.0
 30
0.0
 11
646.0193991078
 21
8.097416624999999
 31
0.0
  0
LINE
  5
7C0
330
790
100
AcDbEntity
  8
0
  6
Continuous
 62
     7
370
    25
100
AcDbLine
 10
645.8193991077998
 20
8.097416624999999
 30
0.0
 11
646.0193991078
 21
8.097416624999999
 31
0.0
  0
LINE
  5
7C1
330
790
100
AcDbEntity
  8
0
  6
Continuous
 62
     7
370
    25
100
AcDbLine
 10
495.6193991077999
 20
8.097416624999999
 30
0.0
 11
495.6193991077999
 21
8.3127225386
 31
0.0
  0
LINE
  5
7C2
330
790
100
AcDbEntity
  8
0
  6
Continuous
 62
     7
370
    25
100
AcDbLine
 10
494.6193991078
 20
8.097416624999999
 30
0.0
 11
495.6193991077999
 21
8.097416624999999
 31
0.0
  0
LINE
  5
7C3
330
790
100
AcDbEntity
  8
0
  6
Continuous
 62
     7
370
    25
100
AcDbLine
 10
494.6193991078
 20
8.3126951338
 30
0.0
 11
494.6193991078
 21
8.097416624999999
 31
0.0
  0
LINE
  5
7C4
330
790
100
AcDbEntity
  8
0
  6
Continuous
 62
     7
370
    25
100
AcDbLine
 10
494.4193991077999
 20
8.097416624999999
 30
0.0
 11
494.4193991077999
 21
8.3126894682
 31
0.0
  0
LINE
  5
7C5
330
790
100
AcDbEntity
  8
0
  6
Continuous
 62
     7
370
    25
100
AcDbLine
 10
493.4193991077998
 20
8.097416624999999
 30
0.0
 11
494.4193991077999
 21
8.097416624999999
 31
0.0
  0
LINE
  5
7C6
330
790
100
AcDbEntity
  8
0
  6
Continuous
 62
     7
370
    25
100
AcDbLine
 10
493.4193991077998
 20
8.312660214199999
 30
0.0
 11
493.4193991077998
 21
8.097416624999999
 31
0.0
  0
LINE
  5
7C7
330
790
100
AcDbEntity
  8
0
  6
Continuous
 62
     7
370
    25
100
AcDbLine
 10
493.2193991077999
 20
8.097416624999999
 30
0.0
 11
493.2193991077999
 21
8.312654178099997
 31
0.0
  0
LINE
  5
7C8
330
790
100
AcDbEntity
  8
0
  6
Continuous
 62
     7
370
    25
100
AcDbLine
 10
492.2193991078
 20
8.097416624999999
 30
0.0
 11
493.2193991077999
 21
8.097416624999999
 31
0.0
  0
LINE
  5
7C9
330
790
100
AcDbEntity
  8
0
  6
Continuous
 62
     7
370
    25
100
AcDbLine
 10
492.2193991078
 20
8.3126230689
 30
0.0
 11
492.2193991078
 21
8.097416624999999
 31
0.0
  0
LINE
  5
7CA
330
790
100
AcDbEntity
  8
0
  6
Continuous
 62
     7
370
    25
100
AcDbLine
 10
342.2193991078
 20
8.302317134199999
 30
0.0
 11
342.2193991078
 21
8.097416624999999
 31
0.0
  0
LINE
  5
7CB
330
790
100
AcDbEntity
  8
0
  6
Continuous
 62
     7
370
    25
100
AcDbLine
 10
343.2193991078
 20
8.302317134199999
 30
0.0
 11
342.2193991078
 21
8.302317134199999
 31
0.0
  0
LINE
  5
7CC
330
790
100
AcDbEntity
  8
0
  6
Continuous
 62
     7
370
    25
100
AcDbLine
 10
343.2193991078
 20
8.097416624999999
 30
0.0
 11
343.2193991078
 21
8.302317134199999
 31
0.0
  0
LINE
  5
7CD
330
790
100
AcDbEntity
  8
0
  6
Continuous
 62
     7
370
    25
100
AcDbLine
 10
342.2193991078
 20
8.097416624999999
 30
0.0
 11
343.2193991078
 21
8.097416624999999
 31
0.0
  0
LINE
  5
7CE
330
790
100
AcDbEntity
  8
0
  6
Continuous
 62
     7
370
    25
100
AcDbLine
 10
343.4193991078
 20
8.302317134199999
 30
0.0
 11
343.4193991078
 21
8.097416624999999
 31
0.0
  0
LINE
  5
7CF
330
790
100
AcDbEntity
  8
0
  6
Continuous
 62
     7
370
    25
100
AcDbLine
 10
344.4193991077999
 20
8.302317134199999
 30
0.0
 11
343.4193991078
 21
8.302317134199999
 31
0.0
  0
LINE
  5
7D0
330
790
100
AcDbEntity
  8
0
  6
Continuous
 62
     7
370
    25
100
AcDbLine
 10
344.4193991077999
 20
8.097416624999999
 30
0.0
 11
344.4193991077999
 21
8.302317134199999
 31
0.0
  0
LINE
  5
7D1
330
790
100
AcDbEntity
  8
0
  6
Continuous
 62
     7
370
    25
100
AcDbLine
 10
343.4193991078
 20
8.097416624999999
 30
0.0
 11
344.4193991077999
 21
8.097416624999999
 31
0.0
  0
LINE
  5
7D2
330
790
100
AcDbEntity
  8
0
  6
Continuous
 62
     7
370
    25
100
AcDbLine
 10
344.6193991078
 20
8.302317129
 30
0.0
 11
344.6193991078
 21
8.097416624999999
 31
0.0
  0
LINE
  5
7D3
330
790
100
AcDbEntity
  8
0
  6
Continuous
 62
     7
370
    25
100
AcDbLine
 10
345.6193991078
 20
8.302317129
 30
0.0
 11
344.6193991078
 21
8.302317129
 31
0.0
  0
LINE
  5
7D4
330
790
100
AcDbEntity
  8
0
  6
Continuous
 62
     7
370
    25
100
AcDbLine
 10
345.6193991078
 20
8.097416624999999
 30
0.0
 11
345.6193991078
 21
8.302317129
 31
0.0
  0
LINE
  5
7D5
330
790
100
AcDbEntity
  8
0
  6
Continuous
 62
     7
370
    25
100
AcDbLine
 10
344.6193991078
 20
8.097416624999999
 30
0.0
 11
345.6193991078
 21
8.097416624999999
 31
0.0
  0
LINE
  5
7D6
330
790
100
AcDbEntity
  8
0
  6
Continuous
 62
     7
370
    25
100
AcDbLine
 10
195.6193991077999
 20
8.097416624999999
 30
0.0
 11
195.6193991077999
 21
8.3127791895
 31
0.0
  0
LINE
  5
7D7
330
790
100
AcDbEntity
  8
0
  6
Continuous
 62
     7
370
    25
100
AcDbLine
 10
194.6193991077999
 20
8.097416624999999
 30
0.0
 11
195.6193991077999
 21
8.097416624999999
 31
0.0
  0
LINE
  5
7D8
330
790
100
AcDbEntity
  8
0
  6
Continuous
 62
     7
370
    25
100
AcDbLine
 10
194.6193991077999
 20
8.3128049264
 30
0.0
 11
194.6193991077999
 21
8.097416624999999
 31
0.0
  0
LINE
  5
7D9
330
790
100
AcDbEntity
  8
0
  6
Continuous
 62
     7
370
    25
100
AcDbLine
 10
194.4193991078
 20
8.097416624999999
 30
0.0
 11
194.4193991078
 21
8.312809893999999
 31
0.0
  0
LINE
  5
7DA
330
790
100
AcDbEntity
  8
0
  6
Continuous
 62
     7
370
    25
100
AcDbLine
 10
193.4193991078
 20
8.097416624999999
 30
0.0
 11
194.4193991078
 21
8.097416624999999
 31
0.0
  0
LINE
  5
7DB
330
790
100
AcDbEntity
  8
0
  6
Continuous
 62
     7
370
    25
100
AcDbLine
 10
193.4193991078
 20
8.312833835499999
 30
0.0
 11
193.4193991078
 21
8.097416624999999
 31
0.0
  0
LINE
  5
7DC
330
790
100
AcDbEntity
  8
0
  6
Continuous
 62
     7
370
    25
100
AcDbLine
 10
193.2193991078
 20
8.097416624999999
 30
0.0
 11
193.2193991078
 21
8.3128384449
 31
0.0
  0
LINE
  5
7DD
330
790
100
AcDbEntity
  8
0
  6
Continuous
 62
     7
370
    25
100
AcDbLine
 10
192.2193991078
 20
8.097416624999999
 30
0.0
 11
193.2193991078
 21
8.097416624999999
 31
0.0
  0
LINE
  5
7DE
330
790
100
AcDbEntity
  8
0
  6
Continuous
 62
     7
370
    25
100
AcDbLine
 10
192.2193991078
 20
8.3128606003
 30
0.0
 11
192.2193991078
 21
8.097416624999999
 31
0.0
  0
LINE
  5
7DF
330
790
100
AcDbEntity
  8
0
  6
Continuous
 62
     7
370
    25
100
AcDbLine
 10
42.2193991078
 20
8.303458489199996
 30
0.0
 11
42.2193991078
 21
8.097416624999999
 31
0.0
  0
LINE
  5
7E0
330
790
100
AcDbEntity
  8
0
  6
Continuous
 62
     7
370
    25
100
AcDbLine
 10
43.21939910779998
 20
8.097416624999999
 30
0.0
 11
43.21939910779998
 21
8.303575211
 31
0.0
  0
LINE
  5
7E1
330
790
100
AcDbEntity
  8
0
  6
Continuous
 62
     7
370
    25
100
AcDbLine
 10
42.2193991078
 20
8.097416624999999
 30
0.0
 11
43.21939910779998
 21
8.097416624999999
 31
0.0
  0
LINE
  5
7E2
330
790
100
AcDbEntity
  8
0
  6
Continuous
 62
     7
370
    25
100
AcDbLine
 10
43.41939910779998
 20
8.303598520999999
 30
0.0
 11
43.41939910779998
 21
8.097416624999999
 31
0.0
  0
LINE
  5
7E3
330
790
100
AcDbEntity
  8
0
  6
Continuous
 62
     7
370
    25
100
AcDbLine
 10
44.41939910779999
 20
8.097416624999999
 30
0.0
 11
44.41939910779999
 21
8.303714895599997
 31
0.0
  0
LINE
  5
7E4
330
790
100
AcDbEntity
  8
0
  6
Continuous
 62
     7
370
    25
100
AcDbLine
 10
43.41939910779998
 20
8.097416624999999
 30
0.0
 11
44.41939910779999
 21
8.097416624999999
 31
0.0
  0
LINE
  5
7E5
330
790
100
AcDbEntity
  8
0
  6
Continuous
 62
     7
370
    25
100
AcDbLine
 10
44.61939910779999
 20
8.303738134799999
 30
0.0
 11
44.61939910779999
 21
8.097416624999999
 31
0.0
  0
LINE
  5
7E6
330
790
100
AcDbEntity
  8
0
  6
Continuous
 62
     7
370
    25
100
AcDbLine
 10
45.6193991078
 20
8.097416624999999
 30
0.0
 11
45.6193991078
 21
8.303854147999999
 31
0.0
  0
LINE
  5
7E7
330
790
100
AcDbEntity
  8
0
  6
Continuous
 62
     7
370
    25
100
AcDbLine
 10
44.61939910779999
 20
8.097416624999999
 30
0.0
 11
45.6193991078
 21
8.097416624999999
 31
0.0
  0
LINE
  5
7E8
330
790
100
AcDbEntity
  8
0
  6
Continuous
 62
     7
370
    25
100
AcDbLine
 10
620.0
 20
15.5
 30
0.0
 11
620.0
 21
12.5
 31
0.0
  0
LINE
  5
7E9
330
790
100
AcDbEntity
  8
0
  6
Continuous
 62
     7
370
    25
100
AcDbLine
 10
620.0
 20
12.5
 30
0.0
 11
617.9999999998999
 21
12.5
 31
0.0
  0
LINE
  5
7EA
330
790
100
AcDbEntity
  8
0
  6
Continuous
 62
     7
370
    25
100
AcDbLine
 10
617.9999999998999
 20
12.5
 30
0.0
 11
617.9999999998999
 21
15.5
 31
0.0
  0
LINE
  5
7EB
330
790
100
AcDbEntity
  8
0
  6
Continuous
 62
     7
370
    25
100
AcDbLine
 10
617.9999999998999
 20
15.5
 30
0.0
 11
620.0
 21
15.5
 31
0.0
  0
LINE
  5
7EC
330
790
100
AcDbEntity
  8
0
  6
Continuous
 62
     7
370
    25
100
AcDbLine
 10
557.0
 20
15.5
 30
0.0
 11
557.0
 21
12.5
 31
0.0
  0
LINE
  5
7ED
330
790
100
AcDbEntity
  8
0
  6
Continuous
 62
     7
370
    25
100
AcDbLine
 10
557.0
 20
12.5
 30
0.0
 11
554.9999999998999
 21
12.5
 31
0.0
  0
LINE
  5
7EE
330
790
100
AcDbEntity
  8
0
  6
Continuous
 62
     7
370
    25
100
AcDbLine
 10
554.9999999998999
 20
12.5
 30
0.0
 11
554.9999999998999
 21
15.5
 31
0.0
  0
LINE
  5
7EF
330
790
100
AcDbEntity
  8
0
  6
Continuous
 62
     7
370
    25
100
AcDbLine
 10
554.9999999998999
 20
15.5
 30
0.0
 11
557.0
 21
15.5
 31
0.0
  0
LINE
  5
7F0
330
790
100
AcDbEntity
  8
0
  6
Continuous
 62
     7
370
    25
100
AcDbLine
 10
499.0
 20
15.5
 30
0.0
 11
496.9999999998998
 21
15.5
 31
0.0
  0
LINE
  5
7F1
330
790
100
AcDbEntity
  8
0
  6
Continuous
 62
     7
370
    25
100
AcDbLine
 10
499.0
 20
12.5
 30
0.0
 11
499.0
 21
15.5
 31
0.0
  0
LINE
  5
7F2
330
790
100
AcDbEntity
  8
0
  6
Continuous
 62
     7
370
    25
100
AcDbLine
 10
496.9999999998998
 20
12.5
 30
0.0
 11
499.0
 21
12.5
 31
0.0
  0
LINE
  5
7F3
330
790
100
AcDbEntity
  8
0
  6
Continuous
 62
     7
370
    25
100
AcDbLine
 10
496.9999999998998
 20
15.5
 30
0.0
 11
496.9999999998998
 21
12.5
 31
0.0
  0
LINE
  5
7F4
330
790
100
AcDbEntity
  8
0
  6
Continuous
 62
     7
370
    25
100
AcDbLine
 10
446.0
 20
15.5
 30
0.0
 11
446.0
 21
12.5
 31
0.0
  0
LINE
  5
7F5
330
790
100
AcDbEntity
  8
0
  6
Continuous
 62
     7
370
    25
100
AcDbLine
 10
446.0
 20
12.5
 30
0.0
 11
443.9999999998999
 21
12.5
 31
0.0
  0
LINE
  5
7F6
330
790
100
AcDbEntity
  8
0
  6
Continuous
 62
     7
370
    25
100
AcDbLine
 10
443.9999999998999
 20
12.5
 30
0.0
 11
443.9999999998999
 21
15.5
 31
0.0
  0
LINE
  5
7F7
330
790
100
AcDbEntity
  8
0
  6
Continuous
 62
     7
370
    25
100
AcDbLine
 10
443.9999999998999
 20
15.5
 30
0.0
 11
446.0
 21
15.5
 31
0.0
  0
LINE
  5
7F8
330
790
100
AcDbEntity
  8
0
  6
Continuous
 62
     7
370
    25
100
AcDbLine
 10
395.9999999998999
 20
15.5
 30
0.0
 11
398.0
 21
15.5
 31
0.0
  0
LINE
  5
7F9
330
790
100
AcDbEntity
  8
0
  6
Continuous
 62
     7
370
    25
100
AcDbLine
 10
398.0
 20
15.5
 30
0.0
 11
398.0
 21
12.5
 31
0.0
  0
LINE
  5
7FA
330
790
100
AcDbEntity
  8
0
  6
Continuous
 62
     7
370
    25
100
AcDbLine
 10
398.0
 20
12.5
 30
0.0
 11
395.9999999998999
 21
12.5
 31
0.0
  0
LINE
  5
7FB
330
790
100
AcDbEntity
  8
0
  6
Continuous
 62
     7
370
    25
100
AcDbLine
 10
395.9999999998999
 20
12.5
 30
0.0
 11
395.9999999998999
 21
15.5
 31
0.0
  0
LINE
  5
7FC
330
790
100
AcDbEntity
  8
0
  6
Continuous
 62
     7
370
    25
100
AcDbLine
 10
292.0000000001
 20
15.5
 30
0.0
 11
290.0
 21
15.5
 31
0.0
  0
LINE
  5
7FD
330
790
100
AcDbEntity
  8
0
  6
Continuous
 62
     7
370
    25
100
AcDbLine
 10
292.0000000001
 20
12.5
 30
0.0
 11
292.0000000001
 21
15.5
 31
0.0
  0
LINE
  5
7FE
330
790
100
AcDbEntity
  8
0
  6
Continuous
 62
     7
370
    25
100
AcDbLine
 10
290.0
 20
12.5
 30
0.0
 11
292.0000000001
 21
12.5
 31
0.0
  0
LINE
  5
7FF
330
790
100
AcDbEntity
  8
0
  6
Continuous
 62
     7
370
    25
100
AcDbLine
 10
290.0
 20
15.5
 30
0.0
 11
290.0
 21
12.5
 31
0.0
  0
LINE
  5
800
330
790
100
AcDbEntity
  8
0
  6
Continuous
 62
     7
370
    25
100
AcDbLine
 10
191.0000000001
 20
15.5
 30
0.0
 11
189.0
 21
15.5
 31
0.0
  0
LINE
  5
801
330
790
100
AcDbEntity
  8
0
  6
Continuous
 62
     7
370
    25
100
AcDbLine
 10
191.0000000001
 20
12.5
 30
0.0
 11
191.0000000001
 21
15.5
 31
0.0
  0
LINE
  5
802
330
790
100
AcDbEntity
  8
0
  6
Continuous
 62
     7
370
    25
100
AcDbLine
 10
189.0
 20
12.5
 30
0.0
 11
191.0000000001
 21
12.5
 31
0.0
  0
LINE
  5
803
330
790
100
AcDbEntity
  8
0
  6
Continuous
 62
     7
370
    25
100
AcDbLine
 10
189.0
 20
15.5
 30
0.0
 11
189.0
 21
12.5
 31
0.0
  0
LINE
  5
804
330
790
100
AcDbEntity
  8
0
  6
Continuous
 62
     7
370
    25
100
AcDbLine
 10
133.0000000001
 20
15.5
 30
0.0
 11
131.0
 21
15.5
 31
0.0
  0
LINE
  5
805
330
790
100
AcDbEntity
  8
0
  6
Continuous
 62
     7
370
    25
100
AcDbLine
 10
133.0000000001
 20
12.5
 30
0.0
 11
133.0000000001
 21
15.5
 31
0.0
  0
LINE
  5
806
330
790
100
AcDbEntity
  8
0
  6
Continuous
 62
     7
370
    25
100
AcDbLine
 10
131.0
 20
12.5
 30
0.0
 11
133.0000000001
 21
12.5
 31
0.0
  0
LINE
  5
807
330
790
100
AcDbEntity
  8
0
  6
Continuous
 62
     7
370
    25
100
AcDbLine
 10
131.0
 20
15.5
 30
0.0
 11
131.0
 21
12.5
 31
0.0
  0
LINE
  5
808
330
790
100
AcDbEntity
  8
0
  6
Continuous
 62
     7
370
    25
100
AcDbLine
 10
70.0000000001
 20
15.5
 30
0.0
 11
68.0
 21
15.5
 31
0.0
  0
LINE
  5
809
330
790
100
AcDbEntity
  8
0
  6
Continuous
 62
     7
370
    25
100
AcDbLine
 10
70.0000000001
 20
12.5
 30
0.0
 11
70.0000000001
 21
15.5
 31
0.0
  0
LINE
  5
80A
330
790
100
AcDbEntity
  8
0
  6
Continuous
 62
     7
370
    25
100
AcDbLine
 10
68.0
 20
12.5
 30
0.0
 11
70.0000000001
 21
12.5
 31
0.0
  0
LINE
  5
80B
330
790
100
AcDbEntity
  8
0
  6
Continuous
 62
     7
370
    25
100
AcDbLine
 10
68.0
 20
15.5
 30
0.0
 11
68.0
 21
12.5
 31
0.0
  0
LINE
  5
80C
330
790
100
AcDbEntity
  8
0
  6
Continuous
 62
     7
370
    25
100
AcDbLine
 10
244.0000000001
 20
15.5
 30
0.0
 11
242.0
 21
15.5
 31
0.0
  0
LINE
  5
80D
330
790
100
AcDbEntity
  8
0
  6
Continuous
 62
     7
370
    25
100
AcDbLine
 10
244.0000000001
 20
12.5
 30
0.0
 11
244.0000000001
 21
15.5
 31
0.0
  0
LINE
  5
80E
330
790
100
AcDbEntity
  8
0
  6
Continuous
 62
     7
370
    25
100
AcDbLine
 10
242.0
 20
12.5
 30
0.0
 11
244.0000000001
 21
12.5
 31
0.0
  0
LINE
  5
80F
330
790
100
AcDbEntity
  8
0
  6
Continuous
 62
     7
370
    25
100
AcDbLine
 10
242.0
 20
15.5
 30
0.0
 11
242.0
 21
12.5
 31
0.0
  0
SPLINE
  5
810
330
790
100
AcDbEntity
  8
0
  6
Continuous
 62
     7
370
    25
100
AcDbSpline
210
0.0
220
0.0
230
1.0
 70
     8
 71
     3
 72
     8
 73
     4
 74
     0
 42
0.00000001
 43
0.0000000001
 40
0.1024973101569476
 40
0.1024973101569476
 40
0.1024973101569476
 40
0.1024973101569476
 40
0.1050355515339357
 40
0.1050355515339357
 40
0.1050355515339357
 40
0.1050355515339357
 10
645.6193991170943
 20
8.303473233234601
 30
0.0
 10
645.2860658983762
 20
8.303512159203702
 30
0.0
 10
644.9527325681303
 20
8.303551039644013
 30
0.0
 10
644.6193991274222
 20
8.303589872898017
 30
0.0
  0
SPLINE
  5
811
330
790
100
AcDbEntity
  8
0
  6
Continuous
 62
     7
370
    25
100
AcDbSpline
210
0.0
220
0.0
230
1.0
 70
     8
 71
     3
 72
     8
 73
     4
 74
     0
 42
0.00000001
 43
0.0000000001
 40
0.1055431996374587
 40
0.1055431996374587
 40
0.1055431996374587
 40
0.1055431996374587
 40
0.1080814389967004
 40
0.1080814389967004
 40
0.1080814389967004
 40
0.1080814389967004
 10
644.4193991174645
 20
8.303613167166918
 30
0.0
 10
644.0860658975938
 20
8.303651981449249
 30
0.0
 10
643.7527325674736
 20
8.303690748213838
 30
0.0
 10
643.4193991281702
 20
8.303729465803176
 30
0.0
  0
SPLINE
  5
812
330
790
100
AcDbEntity
  8
0
  6
Continuous
 62
     7
370
    25
100
AcDbSpline
210
0.0
220
0.0
230
1.0
 70
     8
 71
     3
 72
     8
 73
     4
 74
     0
 42
0.00000001
 43
0.0000000001
 40
0.1085890867001758
 40
0.1085890867001758
 40
0.1085890867001758
 40
0.1085890867001758
 40
0.1111273240650654
 40
0.1111273240650654
 40
0.1111273240650654
 40
0.1111273240650654
 10
643.2193991178288
 20
8.303752690434784
 30
0.0
 10
642.8860658968025
 20
8.303791388257314
 30
0.0
 10
642.5527325668056
 20
8.303830036573161
 30
0.0
 10
642.2193991289041
 20
8.303868633724809
 30
0.0
  0
SPLINE
  5
813
330
790
100
AcDbEntity
  8
0
  6
Continuous
 62
     7
370
    25
100
AcDbSpline
210
0.0
220
0.0
230
1.0
 70
     8
 71
     3
 72
     8
 73
     4
 74
     0
 42
0.00000001
 43
0.0000000001
 40
0.0
 40
0.0
 40
0.0
 40
0.0
 40
0.1019896616487307
 40
0.1019896616487307
 40
0.1019896616487307
 40
0.1019896616487307
 10
686.0000000000645
 20
8.298644017538402
 30
0.0
 10
672.6066928696605
 20
8.300247254892088
 30
0.0
 10
659.2131362029572
 20
8.301885049747808
 30
0.0
 10
645.8193991268412
 20
8.303449872179138
 30
0.0
  0
SPLINE
  5
814
330
790
100
AcDbEntity
  8
0
  6
Continuous
 62
     7
370
    25
100
AcDbSpline
210
0.0
220
0.0
230
1.0
 70
     8
 71
     3
 72
    11
 73
     7
 74
     0
 42
0.00000001
 43
0.0000000001
 40
0.0
 40
0.0
 40
0.0
 40
0.0
 40
0.25
 40
0.5000000000000001
 40
0.75
 40
1.0
 40
1.0
 40
1.0
 40
1.0
 10
395.9999999998992
 20
19.27598054862469
 30
0.0
 10
420.1655496702604
 20
19.22533633069973
 30
0.0
 10
468.4983110764675
 20
19.14227842127272
 30
0.0
 10
540.9999439343266
 20
19.05579732993972
 30
0.0
 10
613.5015983539439
 20
18.9913598744689
 30
0.0
 10
661.8344099848533
 20
18.94883832841384
 30
0.0
 10
686.0000000000645
 20
18.92404066248691
 30
0.0
  0
SPLINE
  5
815
330
790
100
AcDbEntity
  8
0
  6
Continuous
 62
     7
370
    25
100
AcDbSpline
210
0.0
220
0.0
230
1.0
 70
     8
 71
     3
 72
    10
 73
     6
 74
     0
 42
0.00000001
 43
0.0000000001
 40
0.002000001051294
 40
0.002000001051294
 40
0.002000001051294
 40
0.002000001051294
 40
0.080532057966042
 40
0.080532057966042
 40
0.2920002388616436
 40
0.2920002388616436
 40
0.2920002388616436
 40
0.2920002388616436
 10
2.000000000099968
 20
18.92404066248678
 30
0.0
 10
28.17733852279114
 20
18.9509026962767
 30
0.0
 10
54.35468133246574
 20
18.97344046880035
 30
0.0
 10
151.0213826804028
 20
19.05915602989346
 30
0.0
 10
221.5107677504454
 20
19.12825487765424
 30
0.0
 10
292.0000000002655
 20
19.27598054862469
 30
0.0
  0
SPLINE
  5
816
330
790
100
AcDbEntity
  8
0
  6
Continuous
 62
     7
370
    25
100
AcDbSpline
210
0.0
220
0.0
230
1.0
 70
     8
 71
     3
 72
     8
 73
     4
 74
     0
 42
0.00000001
 43
0.0000000001
 40
0.2499806015453199
 40
0.2499806015453199
 40
0.2499806015453199
 40
0.2499806015453199
 40
0.2900000008399044
 40
0.2900000008399044
 40
0.2900000008399044
 40
0.2900000008399044
 10
42.01939910782588
 20
8.303435111153161
 30
0.0
 10
28.67959940082938
 20
8.301875447162576
 30
0.0
 10
15.33979970269905
 20
8.300240849880909
 30
0.0
 10
2.000000000099988
 20
8.298644017599999
 30
0.0
  0
SPLINE
  5
817
330
790
100
AcDbEntity
  8
0
  6
Continuous
 62
     7
370
    25
100
AcDbSpline
210
0.0
220
0.0
230
1.0
 70
     8
 71
     3
 72
     9
 73
     5
 74
     0
 42
0.00000001
 43
0.0000000001
 40
0.0999806014493498
 40
0.0999806014493498
 40
0.0999806014493498
 40
0.0999806014493498
 40
0.1944848299748223
 40
0.2461806015289706
 40
0.2461806015289706
 40
0.2461806015289706
 40
0.2461806015289706
 10
192.0193991078116
 20
8.312864853445711
 30
0.0
 10
160.517989560137
 20
8.31353008847895
 30
0.0
 10
111.7846560688547
 20
8.311116253488432
 30
0.0
 10
63.05132288653547
 20
8.305872707218567
 30
0.0
 10
45.81939910782586
 20
8.303877313648651
 30
0.0
  0
SPLINE
  5
818
330
790
100
AcDbEntity
  8
0
  6
Continuous
 62
     7
370
    25
100
AcDbSpline
210
0.0
220
0.0
230
1.0
 70
     8
 71
     3
 72
     8
 73
     4
 74
     0
 42
0.00000001
 43
0.0000000001
 40
0.0
 40
0.0
 40
0.0
 40
0.0
 40
0.0961806014607209
 40
0.0961806014607209
 40
0.0961806014607209
 40
0.0961806014607209
 10
292.000000000128
 20
8.302317134265171
 30
0.0
 10
259.9398001534987
 20
8.308724577268728
 30
0.0
 10
227.8795995832224
 20
8.311915024176979
 30
0.0
 10
195.8193991078116
 20
8.312773862040002
 30
0.0
  0
SPLINE
  5
819
330
790
100
AcDbEntity
  8
0
  6
Continuous
 62
     7
370
    25
100
AcDbSpline
210
0.0
220
0.0
230
1.0
 70
     8
 71
     3
 72
     9
 73
     5
 74
     0
 42
0.00000001
 43
0.0000000001
 40
0.4923612911483952
 40
0.4923612911483952
 40
0.4923612911483952
 40
0.4923612911483952
 40
0.552060737527115
 40
0.7360809833694866
 40
0.7360809833694866
 40
0.7360809833694866
 40
0.7360809833694866
 10
492.019399104739
 20
8.312724803327558
 30
0.0
 10
484.1792247577848
 20
8.312492855251084
 30
0.0
 10
452.1723394603734
 20
8.310940191177726
 30
0.0
 10
420.1666229292331
 20
8.30659650185712
 30
0.0
 10
396.0000000001627
 20
8.302317002765175
 30
0.0
  0
SPLINE
  5
81A
330
790
100
AcDbEntity
  8
0
  6
Continuous
 62
     7
370
    25
100
AcDbSpline
210
0.0
220
0.0
230
1.0
 70
     8
 71
     3
 72
    10
 73
     6
 74
     0
 42
0.00000001
 43
0.0000000001
 40
0.1116349713731485
 40
0.1116349713731485
 40
0.1116349713731485
 40
0.1116349713731485
 40
0.1840202458423716
 40
0.3680404916847433
 40
0.4827161960945002
 40
0.4827161960945002
 40
0.4827161960945002
 40
0.4827161960945002
 10
642.0193991181872
 20
8.303891785855315
 30
0.0
 10
632.5134183745306
 20
8.30499191117923
 30
0.0
 10
598.8407078242129
 20
8.308740462766881
 30
0.0
 10
550.1069544235522
 20
8.312706939657394
 30
0.0
 10
510.8794919155232
 20
8.313180224029107
 30
0.0
 10
495.8193991037679
 20
8.312825817528123
 30
0.0
  0
SPLINE
  5
81B
330
790
100
AcDbEntity
  8
0
  6
Continuous
 62
     7
370
    25
100
AcDbSpline
210
0.0
220
0.0
230
1.0
 70
     8
 71
     3
 72
     8
 73
     4
 74
     0
 42
0.00000001
 43
0.0000000001
 40
0.4832238322262007
 40
0.4832238322262007
 40
0.4832238322262007
 40
0.4832238322262007
 40
0.4857620136413873
 40
0.4857620136413873
 40
0.4857620136413873
 40
0.4857620136413873
 10
495.6193991054816
 20
8.312821079435092
 30
0.0
 10
495.2860656914758
 20
8.312813130044423
 30
0.0
 10
494.9527323568108
 20
8.31280491772291
 30
0.0
 10
494.6193991032351
 20
8.312796441003772
 30
0.0
  0
SPLINE
  5
81C
330
790
100
AcDbEntity
  8
0
  6
Continuous
 62
     7
370
    25
100
AcDbSpline
210
0.0
220
0.0
230
1.0
 70
     8
 71
     3
 72
     8
 73
     4
 74
     0
 42
0.00000001
 43
0.0000000001
 40
0.4862696500656122
 40
0.4862696500656122
 40
0.4862696500656122
 40
0.4862696500656122
 40
0.4888078329666238
 40
0.4888078329666238
 40
0.4888078329666238
 40
0.4888078329666238
 10
494.4193991052088
 20
8.312791323231405
 30
0.0
 10
494.0860656890091
 20
8.312782740689492
 30
0.0
 10
493.7527323542485
 20
8.312773893456286
 30
0.0
 10
493.4193991026754
 20
8.312764780065004
 30
0.0
  0
SPLINE
  5
81D
330
790
100
AcDbEntity
  8
0
  6
Continuous
 62
     7
370
    25
100
AcDbSpline
210
0.0
220
0.0
230
1.0
 70
     8
 71
     3
 72
     8
 73
     4
 74
     0
 42
0.00000001
 43
0.0000000001
 40
0.4893154696910045
 40
0.4893154696910045
 40
0.4893154696910045
 40
0.4893154696910045
 40
0.4918536541162247
 40
0.4918536541162247
 40
0.4918536541162247
 40
0.4918536541162247
 10
493.2193991049245
 20
8.312759280077962
 30
0.0
 10
492.886065686526
 20
8.312750060159212
 30
0.0
 10
492.5527323516652
 20
8.312740573788712
 30
0.0
 10
492.2193991020902
 20
8.312730819499675
 30
0.0
  0
SPLINE
  5
81E
330
790
100
AcDbEntity
  8
0
  6
Continuous
 62
     7
370
    25
100
AcDbSpline
210
0.0
220
0.0
230
1.0
 70
     8
 71
     3
 72
     8
 73
     4
 74
     0
 42
0.00000001
 43
0.0000000001
 40
0.0963806014601291
 40
0.0963806014601291
 40
0.0963806014601291
 40
0.0963806014601291
 40
0.0973806014570627
 40
0.0973806014570627
 40
0.0973806014570627
 40
0.0973806014570627
 10
195.6193991077716
 20
8.312779189548157
 30
0.0
 10
195.2860657744566
 20
8.312788018710724
 30
0.0
 10
194.9527324411335
 20
8.312796597314957
 30
0.0
 10
194.6193991077999
 20
8.312804926444515
 30
0.0
  0
SPLINE
  5
81F
330
790
100
AcDbEntity
  8
0
  6
Continuous
 62
     7
370
    25
100
AcDbSpline
210
0.0
220
0.0
230
1.0
 70
     8
 71
     3
 72
     8
 73
     4
 74
     0
 42
0.00000001
 43
0.0000000001
 40
0.0975806014564541
 40
0.0975806014564541
 40
0.0975806014564541
 40
0.0975806014564541
 40
0.0985806014534724
 40
0.0985806014534724
 40
0.0985806014534724
 40
0.0985806014534724
 10
194.4193991078284
 20
8.312809893993991
 30
0.0
 10
194.0860657744915
 20
8.312818123377152
 30
0.0
 10
193.7527324411487
 20
8.312826103502651
 30
0.0
 10
193.4193991078
 20
8.312833835456915
 30
0.0
  0
SPLINE
  5
820
330
790
100
AcDbEntity
  8
0
  6
Continuous
 62
     7
370
    25
100
AcDbSpline
210
0.0
220
0.0
230
1.0
 70
     8
 71
     3
 72
     8
 73
     4
 74
     0
 42
0.00000001
 43
0.0000000001
 40
0.098780601452877
 40
0.098780601452877
 40
0.098780601452877
 40
0.098780601452877
 40
0.0997806014499322
 40
0.0997806014499322
 40
0.0997806014499322
 40
0.0997806014499322
 10
193.2193991078
 20
8.312838444857646
 30
0.0
 10
192.8860657744722
 20
8.312846077587005
 30
0.0
 10
192.5527324411387
 20
8.312853462362694
 30
0.0
 10
192.2193991078
 20
8.312860600273943
 30
0.0
  0
SPLINE
  5
821
330
790
100
AcDbEntity
  8
0
  6
Continuous
 62
     7
370
    25
100
AcDbSpline
210
0.0
220
0.0
230
1.0
 70
     8
 71
     3
 72
     8
 73
     4
 74
     0
 42
0.00000001
 43
0.0000000001
 40
0.2487806015400902
 40
0.2487806015400902
 40
0.2487806015400902
 40
0.2487806015400902
 40
0.2497806015444304
 40
0.2497806015444304
 40
0.2497806015444304
 40
0.2497806015444304
 10
43.21939910780371
 20
8.303575210955576
 30
0.0
 10
42.88606577446361
 20
8.303536351205895
 30
0.0
 10
42.55273244112902
 20
8.303497443404165
 30
0.0
 10
42.2193991078
 20
8.303458489199996
 30
0.0
  0
SPLINE
  5
822
330
790
100
AcDbEntity
  8
0
  6
Continuous
 62
     7
370
    25
100
AcDbSpline
210
0.0
220
0.0
230
1.0
 70
     8
 71
     3
 72
     8
 73
     4
 74
     0
 42
0.00000001
 43
0.0000000001
 40
0.2475806015349507
 40
0.2475806015349507
 40
0.2475806015349507
 40
0.2475806015349507
 40
0.248580601539228
 40
0.248580601539228
 40
0.248580601539228
 40
0.248580601539228
 10
44.41939910777928
 20
8.303714895601988
 30
0.0
 10
44.0860657744471
 20
8.303676153544973
 30
0.0
 10
43.75273244112078
 20
8.303637361463161
 30
0.0
 10
43.41939910779998
 20
8.303598520999999
 30
0.0
  0
SPLINE
  5
823
330
790
100
AcDbEntity
  8
0
  6
Continuous
 62
     7
370
    25
100
AcDbSpline
210
0.0
220
0.0
230
1.0
 70
     8
 71
     3
 72
     8
 73
     4
 74
     0
 42
0.00000001
 43
0.0000000001
 40
0.2463806015298247
 40
0.2463806015298247
 40
0.2463806015298247
 40
0.2463806015298247
 40
0.2473806015340952
 40
0.2473806015340952
 40
0.2473806015340952
 40
0.2473806015340952
 10
45.61939910781263
 20
8.303854148049094
 30
0.0
 10
45.2860657744691
 20
8.303815528410442
 30
0.0
 10
44.95273244113171
 20
8.303776856781651
 30
0.0
 10
44.61939910779999
 20
8.303738134799999
 30
0.0
  0
ENDBLK
  5
824
330
790
100
AcDbEntity
  8
0
100
AcDbBlockEnd
  0
BLOCK
  5
826
330
825
100
AcDbEntity
  8
0
100
AcDbBlockBegin
  2
tail_第一块翼肋
 70
     0
 10
0.0
 20
0.0
 30
0.0
  3
tail_第一块翼肋
  1

  0
ARC
  5
827
330
825
100
AcDbEntity
  8
0
  6
Continuous
 62
     7
370
    25
100
AcDbCircle
 10
41.3368481089
 20
14.8724900924
 30
0.0
 40
1.0
100
AcDbArc
 50
359.9999999987001
 51
135.0000000005
  0
ARC
  5
828
330
825
100
AcDbEntity
  8
0
  6
Continuous
 62
     7
370
    25
100
AcDbCircle
 10
37.208476873
 20
10.7441188565
 30
0.0
 40
1.000000000009514
100
AcDbArc
 50
135.0
 51
270.0
  0
ARC
  5
829
330
825
100
AcDbEntity
  8
0
  6
Continuous
 62
     7
370
    25
100
AcDbCircle
 10
41.3368481089
 20
10.7441188565
 30
0.0
 40
1.0
100
AcDbArc
 50
270.0
 51
0.0
  0
ARC
  5
82A
330
825
100
AcDbEntity
  8
0
  6
Continuous
 62
     7
370
    25
100
AcDbCircle
 10
50.5044151481
 20
16.2867036548
 30
0.0
 40
1.000000000000002
100
AcDbArc
 50
90.0
 51
226.7545066616
  0
ARC
  5
82B
330
825
100
AcDbEntity
  8
0
  6
Continuous
 62
     7
370
    25
100
AcDbCircle
 10
55.000897676
 20
12.057501865
 30
0.0
 40
1.000000000022281
100
AcDbArc
 50
226.7545066639
 51
0.0
  0
ARC
  5
82C
330
825
100
AcDbEntity
  8
0
  6
Continuous
 62
     7
370
    25
100
AcDbCircle
 10
55.000897676
 20
16.2867036548
 30
0.0
 40
0.9999999999999964
100
AcDbArc
 50
359.9999999991001
 51
90.00000000040001
  0
ARC
  5
82D
330
825
100
AcDbEntity
  8
0
  6
Continuous
 62
     7
370
    25
100
AcDbCircle
 10
63.7994681398
 20
16.2867036548
 30
0.0
 40
0.9999999999999982
100
AcDbArc
 50
315.1194356508
 51
90.0
  0
ARC
  5
82E
330
825
100
AcDbEntity
  8
0
  6
Continuous
 62
     7
370
    25
100
AcDbCircle
 10
59.69537803369998
 20
16.2867036548
 30
0.0
 40
1.0
100
AcDbArc
 50
90.0
 51
180.0
  0
ARC
  5
82F
330
825
100
AcDbEntity
  8
0
  6
Continuous
 62
     7
370
    25
100
AcDbCircle
 10
59.69537803369998
 20
12.1654674581
 30
0.0
 40
1.000000000000001
100
AcDbArc
 50
180.0
 51
315.1194356508
  0
ARC
  5
830
330
825
100
AcDbEntity
  8
0
  6
Continuous
 62
     7
370
    25
100
AcDbCircle
 10
24.5073766525
 20
16.2867036548
 30
0.0
 40
1.000000000000001
100
AcDbArc
 50
90.0
 51
226.2691456136
  0
ARC
  5
831
330
825
100
AcDbEntity
  8
0
  6
Continuous
 62
     7
370
    25
100
AcDbCircle
 10
28.8998140449
 20
12.0846715193
 30
0.0
 40
0.9999999999806
100
AcDbArc
 50
226.2691456096
 51
0.0
  0
ARC
  5
832
330
825
100
AcDbEntity
  8
0
  6
Continuous
 62
     7
370
    25
100
AcDbCircle
 10
28.8998140449
 20
16.2867036548
 30
0.0
 40
0.9999999999999964
100
AcDbArc
 50
0.0000000008
 51
89.99999999969999
  0
ARC
  5
833
330
825
100
AcDbEntity
  8
0
  6
Continuous
 62
     7
370
    25
100
AcDbCircle
 10
67.9752914428
 20
14.8653550531
 30
0.0
 40
1.000000000000012
100
AcDbArc
 50
0.0000000003
 51
135.11943565
  0
ARC
  5
834
330
825
100
AcDbEntity
  8
0
  6
Continuous
 62
     7
370
    25
100
AcDbCircle
 10
63.8712013367
 20
10.7441188565
 30
0.0
 40
1.000000000013326
100
AcDbArc
 50
135.119435652
 51
270.0
  0
ARC
  5
835
330
825
100
AcDbEntity
  8
0
  6
Continuous
 62
     7
370
    25
100
AcDbCircle
 10
67.9752914428
 20
10.7441188565
 30
0.0
 40
1.0
100
AcDbArc
 50
270.0
 51
0.0
  0
ARC
  5
836
330
825
100
AcDbEntity
  8
0
  6
Continuous
 62
     7
370
    25
100
AcDbCircle
 10
33.1730491397
 20
12.1583324189
 30
0.0
 40
1.000000000000007
100
AcDbArc
 50
180.0
 51
315.0
  0
ARC
  5
837
330
825
100
AcDbEntity
  8
0
  6
Continuous
 62
     7
370
    25
100
AcDbCircle
 10
37.30142037570001
 20
16.2867036548
 30
0.0
 40
0.9999999999741715
100
AcDbArc
 50
314.9999999924
 51
90.00000000360001
  0
ARC
  5
838
330
825
100
AcDbEntity
  8
0
  6
Continuous
 62
     7
370
    25
100
AcDbCircle
 10
33.1730491397
 20
16.2867036548
 30
0.0
 40
1.0
100
AcDbArc
 50
90.0
 51
180.0
  0
ARC
  5
839
330
825
100
AcDbEntity
  8
0
  6
Continuous
 62
     7
370
    25
100
AcDbCircle
 10
24.8260230678
 20
10.7441188565
 30
0.0
 40
1.000000000000005
100
AcDbArc
 50
270.0000000004
 51
46.2691456126
  0
ARC
  5
83A
330
825
100
AcDbEntity
  8
0
  6
Continuous
 62
     7
370
    25
100
AcDbCircle
 10
20.4335856754
 20
14.9461509919
 30
0.0
 40
1.000000000016728
100
AcDbArc
 50
46.26914561359999
 51
180.0
  0
ARC
  5
83B
330
825
100
AcDbEntity
  8
0
  6
Continuous
 62
     7
370
    25
100
AcDbCircle
 10
20.4335856754
 20
10.7441188565
 30
0.0
 40
1.0
100
AcDbArc
 50
180.0
 51
270.0
  0
ARC
  5
83C
330
825
100
AcDbEntity
  8
0
  6
Continuous
 62
     7
370
    25
100
AcDbCircle
 10
50.28029143619999
 20
10.7441188565
 30
0.0
 40
1.0
100
AcDbArc
 50
269.9999999996
 51
46.75450666249999
  0
ARC
  5
83D
330
825
100
AcDbEntity
  8
0
  6
Continuous
 62
     7
370
    25
100
AcDbCircle
 10
45.7838089083
 20
14.9733206463
 30
0.0
 40
0.9999999999858619
100
AcDbArc
 50
46.75450665999998
 51
180.0
  0
ARC
  5
83E
330
825
100
AcDbEntity
  8
0
  6
Continuous
 62
     7
370
    25
100
AcDbCircle
 10
45.7838089083
 20
10.7441188565
 30
0.0
 40
1.000000000000007
100
AcDbArc
 50
180.0
 51
270.0
  0
ARC
  5
83F
330
825
100
AcDbEntity
  8
0
  6
Continuous
 62
     7
370
    25
100
AcDbCircle
 10
10.1363990296
 20
10.9498357902
 30
0.0
 40
2.199999999999863
100
AcDbArc
 50
266.8637105194
 51
93.1362894823
  0
ARC
  5
840
330
825
100
AcDbEntity
  8
0
  6
Continuous
 62
     7
370
    25
100
AcDbCircle
 10
9.8956695463
 20
10.9498357902
 30
0.0
 40
2.200000000000946
100
AcDbArc
 50
86.86371051889999
 51
273.1362894828
  0
LINE
  5
841
330
825
100
AcDbEntity
  8
0
  6
Continuous
 62
     7
370
    25
100
AcDbLine
 10
40.6297413277
 20
15.5795968736
 30
0.0
 11
36.5013700918
 21
11.4512256377
 31
0.0
  0
LINE
  5
842
330
825
100
AcDbEntity
  8
0
  6
Continuous
 62
     7
370
    25
100
AcDbLine
 10
37.208476873
 20
9.7441188565
 30
0.0
 11
41.3368481089
 21
9.7441188565
 31
0.0
  0
LINE
  5
843
330
825
100
AcDbEntity
  8
0
  6
Continuous
 62
     7
370
    25
100
AcDbLine
 10
42.33684810889999
 20
10.7441188565
 30
0.0
 11
42.33684810889999
 21
14.8724900924
 31
0.0
  0
LINE
  5
844
330
825
100
AcDbEntity
  8
0
  6
Continuous
 62
     7
370
    25
100
AcDbLine
 10
55.000897676
 20
17.2867036548
 30
0.0
 11
50.5044151481
 21
17.2867036548
 31
0.0
  0
LINE
  5
845
330
825
100
AcDbEntity
  8
0
  6
Continuous
 62
     7
370
    25
100
AcDbLine
 10
49.81928945069999
 20
15.5582787934
 30
0.0
 11
54.3157719786
 21
11.3290770035
 31
0.0
  0
LINE
  5
846
330
825
100
AcDbEntity
  8
0
  6
Continuous
 62
     7
370
    25
100
AcDbLine
 10
56.000897676
 20
12.057501865
 30
0.0
 11
56.000897676
 21
16.2867036548
 31
0.0
  0
LINE
  5
847
330
825
100
AcDbEntity
  8
0
  6
Continuous
 62
     7
370
    25
100
AcDbLine
 10
59.69537803369998
 20
17.2867036548
 30
0.0
 11
63.7994681398
 21
17.2867036548
 31
0.0
  0
LINE
  5
848
330
825
100
AcDbEntity
  8
0
  6
Continuous
 62
     7
370
    25
100
AcDbLine
 10
58.6953780337
 20
16.2867036548
 30
0.0
 11
58.6953780337
 21
12.1654674581
 31
0.0
  0
LINE
  5
849
330
825
100
AcDbEntity
  8
0
  6
Continuous
 62
     7
370
    25
100
AcDbLine
 10
64.50804737979999
 20
15.581072405
 30
0.0
 11
60.4039572737
 21
11.4598362083
 31
0.0
  0
LINE
  5
84A
330
825
100
AcDbEntity
  8
0
  6
Continuous
 62
     7
370
    25
100
AcDbLine
 10
28.8998140449
 20
17.2867036548
 30
0.0
 11
24.5073766525
 21
17.2867036548
 31
0.0
  0
LINE
  5
84B
330
825
100
AcDbEntity
  8
0
  6
Continuous
 62
     7
370
    25
100
AcDbLine
 10
23.8161050161
 20
15.5641086612
 30
0.0
 11
28.2085424085
 21
11.3620765258
 31
0.0
  0
LINE
  5
84C
330
825
100
AcDbEntity
  8
0
  6
Continuous
 62
     7
370
    25
100
AcDbLine
 10
29.8998140449
 20
12.0846715193
 30
0.0
 11
29.8998140449
 21
16.2867036548
 31
0.0
  0
LINE
  5
84D
330
825
100
AcDbEntity
  8
0
  6
Continuous
 62
     7
370
    25
100
AcDbLine
 10
67.2667122028
 20
15.5709863029
 30
0.0
 11
63.1626220967
 21
11.4497501063
 31
0.0
  0
LINE
  5
84E
330
825
100
AcDbEntity
  8
0
  6
Continuous
 62
     7
370
    25
100
AcDbLine
 10
63.8712013367
 20
9.7441188565
 30
0.0
 11
67.9752914428
 21
9.7441188565
 31
0.0
  0
LINE
  5
84F
330
825
100
AcDbEntity
  8
0
  6
Continuous
 62
     7
370
    25
100
AcDbLine
 10
68.97529144279999
 20
10.7441188565
 30
0.0
 11
68.97529144279999
 21
14.8653550531
 31
0.0
  0
LINE
  5
850
330
825
100
AcDbEntity
  8
0
  6
Continuous
 62
     7
370
    25
100
AcDbLine
 10
33.8801559209
 20
11.4512256377
 30
0.0
 11
38.0085271567
 21
15.5795968736
 31
0.0
  0
LINE
  5
851
330
825
100
AcDbEntity
  8
0
  6
Continuous
 62
     7
370
    25
100
AcDbLine
 10
37.3014203756
 20
17.2867036548
 30
0.0
 11
33.1730491397
 21
17.2867036548
 31
0.0
  0
LINE
  5
852
330
825
100
AcDbEntity
  8
0
  6
Continuous
 62
     7
370
    25
100
AcDbLine
 10
32.1730491397
 20
16.2867036548
 30
0.0
 11
32.1730491397
 21
12.1583324189
 31
0.0
  0
LINE
  5
853
330
825
100
AcDbEntity
  8
0
  6
Continuous
 62
     7
370
    25
100
AcDbLine
 10
25.5172947042
 20
11.4667138501
 30
0.0
 11
21.1248573118
 21
15.6687459855
 31
0.0
  0
LINE
  5
854
330
825
100
AcDbEntity
  8
0
  6
Continuous
 62
     7
370
    25
100
AcDbLine
 10
19.4335856754
 20
14.9461509919
 30
0.0
 11
19.4335856754
 21
10.7441188565
 31
0.0
  0
LINE
  5
855
330
825
100
AcDbEntity
  8
0
  6
Continuous
 62
     7
370
    25
100
AcDbLine
 10
20.4335856754
 20
9.7441188565
 30
0.0
 11
24.8260230678
 21
9.7441188565
 31
0.0
  0
LINE
  5
856
330
825
100
AcDbEntity
  8
0
  6
Continuous
 62
     7
370
    25
100
AcDbLine
 10
50.9654171336
 20
11.4725437179
 30
0.0
 11
46.4689346057
 21
15.7017455077
 31
0.0
  0
LINE
  5
857
330
825
100
AcDbEntity
  8
0
  6
Continuous
 62
     7
370
    25
100
AcDbLine
 10
44.78380890829998
 20
14.9733206463
 30
0.0
 11
44.78380890829998
 21
10.7441188565
 31
0.0
  0
LINE
  5
858
330
825
100
AcDbEntity
  8
0
  6
Continuous
 62
     7
370
    25
100
AcDbLine
 10
45.7838089083
 20
9.7441188565
 30
0.0
 11
50.28029143619999
 21
9.7441188565
 31
0.0
  0
LINE
  5
859
330
825
100
AcDbEntity
  8
0
  6
Continuous
 62
     7
370
    25
100
AcDbLine
 10
21.9225652718
 20
6.492155117699998
 30
0.0
 11
21.9225652718
 21
6.5897805052
 31
0.0
  0
LINE
  5
85A
330
825
100
AcDbEntity
  8
0
  6
Continuous
 62
     7
370
    25
100
AcDbLine
 10
22.9222559025
 20
6.517027650599999
 30
0.0
 11
21.9225652718
 21
6.492155117699998
 31
0.0
  0
LINE
  5
85B
330
825
100
AcDbEntity
  8
0
  6
Continuous
 62
     7
370
    25
100
AcDbLine
 10
22.9222558941
 20
6.6118914551
 30
0.0
 11
22.9222559025
 21
6.517027650599999
 31
0.0
  0
LINE
  5
85C
330
825
100
AcDbEntity
  8
0
  6
Continuous
 62
     7
370
    25
100
AcDbLine
 10
23.1221940286
 20
6.5220021572
 30
0.0
 11
23.1221940286
 21
6.6166727332
 31
0.0
  0
LINE
  5
85D
330
825
100
AcDbEntity
  8
0
  6
Continuous
 62
     7
370
    25
100
AcDbLine
 10
24.1218846593
 20
6.5468746901
 30
0.0
 11
23.1221940286
 21
6.5220021572
 31
0.0
  0
LINE
  5
85E
330
825
100
AcDbEntity
  8
0
  6
Continuous
 62
     7
370
    25
100
AcDbLine
 10
24.1218846499
 20
6.642233445599999
 30
0.0
 11
24.1218846593
 21
6.5468746901
 31
0.0
  0
LINE
  5
85F
330
825
100
AcDbEntity
  8
0
  6
Continuous
 62
     7
370
    25
100
AcDbLine
 10
24.3218227854
 20
6.551849196699999
 30
0.0
 11
24.3218227854
 21
6.647660172999999
 31
0.0
  0
LINE
  5
860
330
825
100
AcDbEntity
  8
0
  6
Continuous
 62
     7
370
    25
100
AcDbLine
 10
25.3215134161
 20
6.5767217296
 30
0.0
 11
24.3218227854
 21
6.551849196699999
 31
0.0
  0
LINE
  5
861
330
825
100
AcDbEntity
  8
0
  6
Continuous
 62
     7
370
    25
100
AcDbLine
 10
25.3215134161
 20
6.676238914299999
 30
0.0
 11
25.3215134161
 21
6.5767217296
 31
0.0
  0
LINE
  5
862
330
825
100
AcDbEntity
  8
0
  6
Continuous
 62
     7
370
    25
100
AcDbLine
 10
73.08640666089998
 20
8.421489938099997
 30
0.0
 11
73.08640647139998
 21
8.3214194927
 31
0.0
  0
LINE
  5
863
330
825
100
AcDbEntity
  8
0
  6
Continuous
 62
     7
370
    25
100
AcDbLine
 10
72.0870803011
 20
8.2847151982
 30
0.0
 11
72.08708049800001
 21
8.3847923767
 31
0.0
  0
LINE
  5
864
330
825
100
AcDbEntity
  8
0
  6
Continuous
 62
     7
370
    25
100
AcDbLine
 10
73.08640647139998
 20
8.3214194927
 30
0.0
 11
72.0870803011
 21
8.2847151982
 31
0.0
  0
LINE
  5
865
330
825
100
AcDbEntity
  8
0
  6
Continuous
 62
     7
370
    25
100
AcDbLine
 10
74.285598007
 20
8.465532751900001
 30
0.0
 11
74.2855978759
 21
8.365464646099999
 31
0.0
  0
LINE
  5
866
330
825
100
AcDbEntity
  8
0
  6
Continuous
 62
     7
370
    25
100
AcDbLine
 10
73.28627170549999
 20
8.328760351599997
 30
0.0
 11
73.2862718889
 21
8.428829989199996
 31
0.0
  0
LINE
  5
867
330
825
100
AcDbEntity
  8
0
  6
Continuous
 62
     7
370
    25
100
AcDbLine
 10
74.2855978759
 20
8.365464646099999
 30
0.0
 11
73.28627170549999
 21
8.328760351599997
 31
0.0
  0
LINE
  5
868
330
825
100
AcDbEntity
  8
0
  6
Continuous
 62
     7
370
    25
100
AcDbLine
 10
75.4847893244
 20
8.5095806053
 30
0.0
 11
75.48478928029999
 21
8.4095097994
 31
0.0
  0
LINE
  5
869
330
825
100
AcDbEntity
  8
0
  6
Continuous
 62
     7
370
    25
100
AcDbLine
 10
74.4854631099
 20
8.372805505
 30
0.0
 11
74.48546322689998
 21
8.472873769999999
 31
0.0
  0
LINE
  5
86A
330
825
100
AcDbEntity
  8
0
  6
Continuous
 62
     7
370
    25
100
AcDbLine
 10
75.48478928029999
 20
8.4095097994
 30
0.0
 11
74.4854631099
 21
8.372805505
 31
0.0
  0
LINE
  5
86B
330
825
100
AcDbEntity
  8
0
  6
Continuous
 62
     7
370
    25
100
AcDbLine
 10
0.7959440442
 20
9.949835790199999
 30
0.0
 11
0.0000002846
 21
9.153892030599999
 31
0.0
  0
LINE
  5
86C
330
825
100
AcDbEntity
  8
0
  6
Continuous
 62
     7
370
    25
100
AcDbLine
 10
0.0480832128
 20
10.6976966215
 30
0.0
 11
0.7959440442
 21
9.949835790199999
 31
0.0
  0
LINE
  5
86D
330
825
100
AcDbEntity
  8
0
  6
Continuous
 62
     7
370
    25
100
AcDbLine
 10
77.7009130878
 20
13.9498373157
 30
0.0
 11
77.7009130878
 21
17.371565977
 31
0.0
  0
LINE
  5
86E
330
825
100
AcDbEntity
  8
0
  6
Continuous
 62
     7
370
    25
100
AcDbLine
 10
79.70091621769999
 20
13.9498373157
 30
0.0
 11
77.7009130878
 21
13.9498373157
 31
0.0
  0
LINE
  5
86F
330
825
100
AcDbEntity
  8
0
  6
Continuous
 62
     7
370
    25
100
AcDbLine
 10
79.70091621769999
 20
13.9498373157
 30
0.0
 11
79.70091621769999
 21
10.9498246284
 31
0.0
  0
LINE
  5
870
330
825
100
AcDbEntity
  8
0
  6
Continuous
 62
     7
370
    25
100
AcDbLine
 10
77.70091621769998
 20
10.9498246284
 30
0.0
 11
79.70091621769999
 21
10.9498246284
 31
0.0
  0
LINE
  5
871
330
825
100
AcDbEntity
  8
0
  6
Continuous
 62
     7
370
    25
100
AcDbLine
 10
77.70091621769998
 20
8.5909755802
 30
0.0
 11
77.70091621769998
 21
10.9498246284
 31
0.0
  0
LINE
  5
872
330
825
100
AcDbEntity
  8
0
  6
Continuous
 62
     7
370
    25
100
AcDbLine
 10
75.68465499289998
 20
-0.0000111618
 30
0.0
 11
75.68465499289998
 21
8.516911075800001
 31
0.0
  0
LINE
  5
873
330
825
100
AcDbEntity
  8
0
  6
Continuous
 62
     7
370
    25
100
AcDbLine
 10
71.68465500169998
 20
-0.0000111618
 30
0.0
 11
75.68465499289998
 21
-0.0000111618
 31
0.0
  0
LINE
  5
874
330
825
100
AcDbEntity
  8
0
  6
Continuous
 62
     7
370
    25
100
AcDbLine
 10
71.68465500169998
 20
8.2699233225
 30
0.0
 11
71.68465500169998
 21
-0.0000111618
 31
0.0
  0
LINE
  5
875
330
825
100
AcDbEntity
  8
0
  6
Continuous
 62
     7
370
    25
100
AcDbLine
 10
71.88721554549998
 20
8.277363177499998
 30
0.0
 11
71.68465500169998
 21
8.2699233225
 31
0.0
  0
LINE
  5
876
330
825
100
AcDbEntity
  8
0
  6
Continuous
 62
     7
370
    25
100
AcDbLine
 10
71.88721554549998
 20
8.3774475451
 30
0.0
 11
71.88721554549998
 21
8.277363177499998
 31
0.0
  0
LINE
  5
877
330
825
100
AcDbEntity
  8
0
  6
Continuous
 62
     7
370
    25
100
AcDbLine
 10
25.5214518269
 20
-0.0000058812
 30
0.0
 11
25.5214518269
 21
6.6822216458
 31
0.0
  0
LINE
  5
878
330
825
100
AcDbEntity
  8
0
  6
Continuous
 62
     7
370
    25
100
AcDbLine
 10
21.5214518295
 20
-0.0000058812
 30
0.0
 11
25.5214518269
 21
-0.0000058812
 31
0.0
  0
LINE
  5
879
330
825
100
AcDbEntity
  8
0
  6
Continuous
 62
     7
370
    25
100
AcDbLine
 10
21.5214518295
 20
6.482169434299999
 30
0.0
 11
21.5214518295
 21
-0.0000058812
 31
0.0
  0
LINE
  5
87A
330
825
100
AcDbEntity
  8
0
  6
Continuous
 62
     7
370
    25
100
AcDbLine
 10
21.7226274303
 20
6.4871747296
 30
0.0
 11
21.5214518295
 21
6.482169434299999
 31
0.0
  0
LINE
  5
87B
330
825
100
AcDbEntity
  8
0
  6
Continuous
 62
     7
370
    25
100
AcDbLine
 10
21.7226274303
 20
6.585738287799998
 30
0.0
 11
21.7226274303
 21
6.4871747296
 31
0.0
  0
SPLINE
  5
87C
330
825
100
AcDbEntity
  8
0
  6
Continuous
 62
     7
370
    25
100
AcDbSpline
210
0.0
220
0.0
230
1.0
 70
     8
 71
     3
 72
     8
 73
     4
 74
     0
 42
0.00000001
 43
0.0000000001
 40
0.3897244136826575
 40
0.3897244136826575
 40
0.3897244136826575
 40
0.3897244136826575
 40
0.3939909622150395
 40
0.3939909622150395
 40
0.3939909622150395
 40
0.3939909622150395
 10
22.92225589405005
 20
6.611891455133874
 30
0.0
 10
22.58903699977577
 20
6.604018708558865
 30
0.0
 10
22.25580671625385
 20
6.596627678558524
 30
0.0
 10
21.9225652718
 20
6.589780505187151
 30
0.0
  0
SPLINE
  5
87D
330
825
100
AcDbEntity
  8
0
  6
Continuous
 62
     7
370
    25
100
AcDbSpline
210
0.0
220
0.0
230
1.0
 70
     8
 71
     3
 72
     8
 73
     4
 74
     0
 42
0.00000001
 43
0.0000000001
 40
0.3846041717753733
 40
0.3846041717753733
 40
0.3846041717753733
 40
0.3846041717753733
 40
0.3888710691305234
 40
0.3888710691305234
 40
0.3888710691305234
 40
0.3888710691305234
 10
24.12188464988169
 20
6.642233445586088
 30
0.0
 10
23.78866581073638
 20
6.633273360139494
 30
0.0
 10
23.45543561167108
 20
6.624736941451652
 30
0.0
 10
23.1221940286
 20
6.61667273319041
 30
0.0
  0
SPLINE
  5
87E
330
825
100
AcDbEntity
  8
0
  6
Continuous
 62
     7
370
    25
100
AcDbSpline
210
0.0
220
0.0
230
1.0
 70
     8
 71
     3
 72
     8
 73
     4
 74
     0
 42
0.00000001
 43
0.0000000001
 40
0.3794835114985483
 40
0.3794835114985483
 40
0.3794835114985483
 40
0.3794835114985483
 40
0.3837507573243518
 40
0.3837507573243518
 40
0.3837507573243518
 40
0.3837507573243518
 10
25.32151341610183
 20
6.676238914324207
 30
0.0
 10
24.98829433864774
 20
6.666330827924472
 30
0.0
 10
24.65506429443088
 20
6.656788535628543
 30
0.0
 10
24.3218227854
 20
6.647660173000075
 30
0.0
  0
SPLINE
  5
87F
330
825
100
AcDbEntity
  8
0
  6
Continuous
 62
     7
370
    25
100
AcDbSpline
210
0.0
220
0.0
230
1.0
 70
     8
 71
     3
 72
     8
 73
     4
 74
     0
 42
0.00000001
 43
0.0000000001
 40
0.1755430452024472
 40
0.1755430452024472
 40
0.1755430452024472
 40
0.1755430452024472
 40
0.1798098667953444
 40
0.1798098667953444
 40
0.1798098667953444
 40
0.1798098667953444
 10
73.08640666088971
 20
8.42148993812378
 30
0.0
 10
72.7532979631483
 20
8.409256665299716
 30
0.0
 10
72.42018924430796
 20
8.397024121692902
 30
0.0
 10
72.08708049803965
 20
8.384792376718657
 30
0.0
  0
SPLINE
  5
880
330
825
100
AcDbEntity
  8
0
  6
Continuous
 62
     7
370
    25
100
AcDbSpline
210
0.0
220
0.0
230
1.0
 70
     8
 71
     3
 72
     8
 73
     4
 74
     0
 42
0.00000001
 43
0.0000000001
 40
0.1704228588018754
 40
0.1704228588018754
 40
0.1704228588018754
 40
0.1704228588018754
 40
0.1746896808333229
 40
0.1746896808333229
 40
0.1746896808333229
 40
0.1746896808333229
 10
74.28559800702726
 20
8.46553275190171
 30
0.0
 10
73.95248931685312
 20
8.45329783904685
 30
0.0
 10
73.61938061268372
 20
8.441063552195476
 30
0.0
 10
73.28627188889132
 20
8.428829989203725
 30
0.0
  0
SPLINE
  5
881
330
825
100
AcDbEntity
  8
0
  6
Continuous
 62
     7
370
    25
100
AcDbSpline
210
0.0
220
0.0
230
1.0
 70
     8
 71
     3
 72
     8
 73
     4
 74
     0
 42
0.00000001
 43
0.0000000001
 40
0.1653026719687853
 40
0.1653026719687853
 40
0.1653026719687853
 40
0.1653026719687853
 40
0.1695694943634528
 40
0.1695694943634528
 40
0.1695694943634528
 40
0.1695694943634528
 10
75.4847893243503
 20
8.509580605267428
 30
0.0
 10
75.1516806381902
 20
8.497344609060066
 30
0.0
 10
74.81857193967576
 20
8.485108914143749
 30
0.0
 10
74.4854632269181
 20
8.472873769971592
 30
0.0
  0
SPLINE
  5
882
330
825
100
AcDbEntity
  8
0
  6
Continuous
 62
     7
370
    25
100
AcDbSpline
210
0.0
220
0.0
230
1.0
 70
     8
 71
     3
 72
    47
 73
    43
 74
     0
 42
0.00000001
 43
0.0000000001
 40
0.4970790217664389
 40
0.4970790217664389
 40
0.4970790217664389
 40
0.4970790217664389
 40
0.4988976851387915
 40
0.5008465042213653
 40
0.5027953233039387
 40
0.5047441423865117
 40
0.5066929614690851
 40
0.5086417805516587
 40
0.5105905996342322
 40
0.5144882377993787
 40
0.5183858759645254
 40
0.5222835141296726
 40
0.5261811522948192
 40
0.5300787904599664
 40
0.533976428625113
 40
0.5378740667902596
 40
0.5417717049554068
 40
0.5456693431205533
 40
0.5495669812857002
 40
0.5534646194508471
 40
0.5612598957811407
 40
0.5690551721114341
 40
0.5768504484417277
 40
0.5846457247720215
 40
0.5924410011023153
 40
0.6002362774326086
 40
0.6080315537629022
 40
0.6236221064234896
 40
0.6392126590840767
 40
0.654803211744664
 40
0.6703937644052511
 40
0.6859843170658385
 40
0.7015748697264255
 40
0.717165422387013
 40
0.7327559750476
 40
0.7483465277081876
 40
0.7639370803687744
 40
0.7795276330293622
 40
0.7951181856899491
 40
0.8107087383505364
 40
0.8262992910111233
 40
0.838927673802393
 40
0.838927673802393
 40
0.838927673802393
 40
0.838927673802393
 10
0.0480832127999986
 20
10.6976966215
 30
0.0
 10
0.1183109076747202
 20
10.82120926536768
 30
0.0
 10
0.2819527730591702
 20
11.06646430149267
 30
0.0
 10
0.5656345037361785
 20
11.41183482834775
 30
0.0
 10
0.8768184943565715
 20
11.74628568888269
 30
0.0
 10
1.198884948326292
 20
12.07019412672505
 30
0.0
 10
1.524928016080374
 20
12.39003858903514
 30
0.0
 10
1.858147186364363
 20
12.70250025392651
 30
0.0
 10
2.316271617413099
 20
13.10386516340884
 30
0.0
 10
2.917527545636066
 20
13.57170567275479
 30
0.0
 10
3.678355999121578
 20
14.07822623860147
 30
0.0
 10
4.46935989775667
 20
14.5358222772802
 30
0.0
 10
5.280656945403575
 20
14.95603983784119
 30
0.0
 10
6.108621900741999
 20
15.34236421451
 30
0.0
 10
6.948920942879042
 20
15.70082198294706
 30
0.0
 10
7.798532662761792
 20
16.03659328621104
 30
0.0
 10
8.655528070570968
 20
16.35293061912332
 30
0.0
 10
9.517861644151796
 20
16.65439089836746
 30
0.0
 10
10.38493549416348
 20
16.94191640486709
 30
0.0
 10
11.54736034266626
 20
17.30570486366447
 30
0.0
 10
13.01165176552709
 20
17.72323571459565
 30
0.0
 10
14.78307957587324
 20
18.1709724721438
 30
0.0
 10
16.56569000794371
 20
18.57167142073271
 30
0.0
 10
18.35740578730366
 20
18.92942955108103
 30
0.0
 10
20.15718087706856
 20
19.24412846916013
 30
0.0
 10
21.96418662508526
 20
19.51438074909907
 30
0.0
 10
24.3820310957945
 20
19.81237876956046
 30
0.0
 10
27.41580568711379
 20
20.08028831394278
 30
0.0
 10
31.06470824250225
 20
20.27710414885937
 30
0.0
 10
34.7167139278327
 20
20.39809696865417
 30
0.0
 10
38.36987811790108
 20
20.47475022579595
 30
0.0
 10
42.02390591388338
 20
20.49114600038754
 30
0.0
 10
45.67762192788928
 20
20.43996195461547
 30
0.0
 10
49.32948808917097
 20
20.31209237773828
 30
0.0
 10
52.97832031526457
 20
20.11733031966419
 30
0.0
 10
56.62343346842714
 20
19.8623927600756
 30
0.0
 10
60.26450338959825
 20
19.55540809043015
 30
0.0
 10
63.90083037797768
 20
19.19650149012869
 30
0.0
 10
67.53176332846348
 20
18.78660353682828
 30
0.0
 10
71.15654212793351
 20
18.32555584438935
 30
0.0
 10
74.54600104825901
 20
17.85069249557364
 30
0.0
 10
76.72595313768559
 20
17.52238802823737
 30
0.0
 10
77.70091308776994
 20
17.37156597695513
 30
0.0
  0
SPLINE
  5
883
330
825
100
AcDbEntity
  8
0
  6
Continuous
 62
     7
370
    25
100
AcDbSpline
210
0.0
220
0.0
230
1.0
 70
     8
 71
     3
 72
     8
 73
     4
 74
     0
 42
0.00000001
 43
0.0000000001
 40
0.1558404763617093
 40
0.1558404763617093
 40
0.1558404763617093
 40
0.1558404763617093
 40
0.1644493074413185
 40
0.1644493074413185
 40
0.1644493074413185
 40
0.1644493074413185
 10
77.70091621771235
 20
8.590975580183295
 30
0.0
 10
77.02882918119755
 20
8.566287754425736
 30
0.0
 10
76.35674211144817
 20
8.541598903450831
 30
0.0
 10
75.6846549929418
 20
8.51691107576503
 30
0.0
  0
SPLINE
  5
884
330
825
100
AcDbEntity
  8
0
  6
Continuous
 62
     7
370
    25
100
AcDbSpline
210
0.0
220
0.0
230
1.0
 70
     8
 71
     3
 72
    21
 73
    17
 74
     0
 42
0.00000001
 43
0.0000000001
 40
0.1806632310543722
 40
0.1806632310543722
 40
0.1806632310543722
 40
0.1806632310543722
 40
0.2026771845876341
 40
0.2182677372482213
 40
0.2338582899088086
 40
0.2494488425693957
 40
0.2650393952299831
 40
0.2806299478905703
 40
0.2962205005511576
 40
0.3118110532117448
 40
0.327401605872332
 40
0.3429921585329193
 40
0.3507874348632127
 40
0.3585827111935065
 40
0.3663779875238
 40
0.3786300282683898
 40
0.3786300282683898
 40
0.3786300282683898
 40
0.3786300282683898
 10
71.88721554554181
 20
8.377447545096343
 30
0.0
 10
70.16859653386998
 20
8.314341561852483
 30
0.0
 10
67.23282853769886
 20
8.206589026420646
 30
0.0
 10
63.07991130663078
 20
8.054205062972171
 30
0.0
 10
59.42846977036502
 20
7.920128141986096
 30
0.0
 10
55.77703971544485
 20
7.785740441598826
 30
0.0
 10
52.12561690522993
 20
7.651155522062352
 30
0.0
 10
48.47418155666423
 20
7.516910836011621
 30
0.0
 10
44.82270990288857
 20
7.383656511340168
 30
0.0
 10
41.17120017332065
 20
7.251450734754027
 30
0.0
 10
37.51973267731852
 20
7.118079940481583
 30
0.0
 10
34.47693939899274
 20
7.004322086135008
 30
0.0
 10
32.04279025428204
 20
6.911065462292647
 30
0.0
 10
30.21714033894288
 20
6.842119336728699
 30
0.0
 10
28.04345184935702
 20
6.763110397436497
 30
0.0
 10
26.47817213228774
 20
6.711084268980203
 30
0.0
 10
25.52145182687213
 20
6.682221645839542
 30
0.0
  0
SPLINE
  5
885
330
825
100
AcDbEntity
  8
0
  6
Continuous
 62
     7
370
    25
100
AcDbSpline
210
0.0
220
0.0
230
1.0
 70
     8
 71
     3
 72
    26
 73
    22
 74
     0
 42
0.00000001
 43
0.0000000001
 40
0.3948442374466959
 40
0.3948442374466959
 40
0.3948442374466959
 40
0.3948442374466959
 40
0.3975590928449745
 40
0.4053543691752683
 40
0.4131496455055619
 40
0.4209449218358554
 40
0.4287401981661489
 40
0.4365354744964426
 40
0.4443307508267362
 40
0.4521260271570299
 40
0.4599213034873234
 40
0.4638189416524705
 40
0.4677165798176171
 40
0.4716142179827639
 40
0.4755118561479108
 40
0.4794094943130575
 40
0.4833071324782043
 40
0.4852559515607778
 40
0.4872047706433512
 40
0.4891535897259246
 40
0.4901229637002155
 40
0.4901229637002155
 40
0.4901229637002155
 40
0.4901229637002155
 10
21.72262743027213
 20
6.585738287758862
 30
0.0
 10
21.51057911478883
 20
6.581521351436197
 30
0.0
 10
20.68965029825423
 20
6.566068117935178
 30
0.0
 10
19.25972954006298
 20
6.545450668229816
 30
0.0
 10
17.43280298466139
 20
6.533806650479832
 30
0.0
 10
15.60582906040982
 20
6.538649860300902
 30
0.0
 10
13.77902791479938
 20
6.563827184325763
 30
0.0
 10
11.95260261585613
 20
6.609183186414427
 30
0.0
 10
10.12706961425109
 20
6.683071739646867
 30
0.0
 10
8.302504924447083
 20
6.774991008130863
 30
0.0
 10
6.783090917881704
 20
6.875668038760956
 30
0.0
 10
5.572220811458051
 20
7.008904390528344
 30
0.0
 10
4.667799196690229
 20
7.138523811425076
 30
0.0
 10
3.769808197364122
 20
7.306432921306559
 30
0.0
 10
2.873386009428538
 20
7.482346229383412
 30
0.0
 10
1.982770545892845
 20
7.687216410238412
 30
0.0
 10
1.273385922542386
 20
7.977189005204924
 30
0.0
 10
0.7653875754083547
 20
8.315721422072307
 30
0.0
 10
0.4169402918700297
 20
8.612266034982145
 30
0.0
 10
0.1646414097010846
 20
8.89832646177585
 30
0.0
 10
0.0381225759789691
 20
9.088507653302782
 30
0.0
 10
0.0000002845500006
 20
9.153892030549998
 30
0.0
  0
ENDBLK
  5
886
330
825
100
AcDbEntity
  8
0
100
AcDbBlockEnd
  0
BLOCK
  5
888
330
887
100
AcDbEntity
  8
0
100
AcDbBlockBegin
  2
tail_第二块翼肋
 70
     0
 10
0.0
 20
0.0
 30
0.0
  3
tail_第二块翼肋
  1

  0
ARC
  5
889
330
887
100
AcDbEntity
  8
0
  6
Continuous
 62
     7
370
    25
100
AcDbCircle
 10
10.1264063424
 20
10.9498357898
 30
0.0
 40
2.200000000006947
100
AcDbArc
 50
266.8637105151
 51
93.13628948469999
  0
ARC
  5
88A
330
887
100
AcDbEntity
  8
0
  6
Continuous
 62
     7
370
    25
100
AcDbCircle
 10
24.130687916
 20
15.1195634884
 30
0.0
 40
1.000000000027944
100
AcDbArc
 50
46.01218761739999
 51
180.0
  0
ARC
  5
88B
330
887
100
AcDbEntity
  8
0
  6
Continuous
 62
     7
370
    25
100
AcDbCircle
 10
24.130687916
 20
10.3568434458
 30
0.0
 40
1.0
100
AcDbArc
 50
180.0
 51
270.0
  0
ARC
  5
88C
330
887
100
AcDbEntity
  8
0
  6
Continuous
 62
     7
370
    25
100
AcDbCircle
 10
29.06472882340001
 20
10.3568434458
 30
0.0
 40
1.000000000026699
100
AcDbArc
 50
270.0000000001
 51
46.012187607
  0
ARC
  5
88D
330
887
100
AcDbEntity
  8
0
  6
Continuous
 62
     7
370
    25
100
AcDbCircle
 10
59.7645626139
 20
12.4324013316
 30
0.0
 40
0.9999999999897543
100
AcDbArc
 50
224.6967319576
 51
0.0
  0
ARC
  5
88E
330
887
100
AcDbEntity
  8
0
  6
Continuous
 62
     7
370
    25
100
AcDbCircle
 10
59.7645626139
 20
15.5662078559
 30
0.0
 40
1.0
100
AcDbArc
 50
0.0000000006
 51
89.99999999939999
  0
ARC
  5
88F
330
887
100
AcDbEntity
  8
0
  6
Continuous
 62
     7
370
    25
100
AcDbCircle
 10
56.66375636439999
 20
15.5662078559
 30
0.0
 40
0.9999999999897504
100
AcDbArc
 50
90.0
 51
224.6967319576
  0
ARC
  5
890
330
887
100
AcDbEntity
  8
0
  6
Continuous
 62
     7
370
    25
100
AcDbCircle
 10
33.75268296730001
 20
11.7119993435
 30
0.0
 40
0.9999999999919731
100
AcDbArc
 50
226.0121876134
 51
0.0
  0
ARC
  5
891
330
887
100
AcDbEntity
  8
0
  6
Continuous
 62
     7
370
    25
100
AcDbCircle
 10
33.75268296730001
 20
16.4747193862
 30
0.0
 40
1.000000000000002
100
AcDbArc
 50
359.9999999998999
 51
90.000000001
  0
ARC
  5
892
330
887
100
AcDbEntity
  8
0
  6
Continuous
 62
     7
370
    25
100
AcDbCircle
 10
28.8186420598
 20
16.4747193862
 30
0.0
 40
1.000000000027948
100
AcDbArc
 50
90.0
 51
226.0121876174
  0
ARC
  5
893
330
887
100
AcDbEntity
  8
0
  6
Continuous
 62
     7
370
    25
100
AcDbCircle
 10
38.4391742857
 20
11.7710570082
 30
0.0
 40
1.0
100
AcDbArc
 50
180.0
 51
315.0
  0
ARC
  5
894
330
887
100
AcDbEntity
  8
0
  6
Continuous
 62
     7
370
    25
100
AcDbCircle
 10
43.14283666369998
 20
16.4747193862
 30
0.0
 40
1.000000000009517
100
AcDbArc
 50
314.9999999973
 51
90.00000000440001
  0
ARC
  5
895
330
887
100
AcDbEntity
  8
0
  6
Continuous
 62
     7
370
    25
100
AcDbCircle
 10
38.4391742857
 20
16.4747193862
 30
0.0
 40
1.000000000000002
100
AcDbArc
 50
90.0
 51
180.0
  0
ARC
  5
896
330
887
100
AcDbEntity
  8
0
  6
Continuous
 62
     7
370
    25
100
AcDbCircle
 10
47.1851395592
 20
10.3568434458
 30
0.0
 40
1.0
100
AcDbArc
 50
270.0
 51
0.0
  0
ARC
  5
897
330
887
100
AcDbEntity
  8
0
  6
Continuous
 62
     7
370
    25
100
AcDbCircle
 10
47.1851395592
 20
15.0605058238
 30
0.0
 40
1.0
100
AcDbArc
 50
359.9999999987001
 51
135.0000000005
  0
ARC
  5
898
330
887
100
AcDbEntity
  8
0
  6
Continuous
 62
     7
370
    25
100
AcDbCircle
 10
42.4814771812
 20
10.3568434458
 30
0.0
 40
1.000000000009515
100
AcDbArc
 50
135.0
 51
270.0
  0
ARC
  5
899
330
887
100
AcDbEntity
  8
0
  6
Continuous
 62
     7
370
    25
100
AcDbCircle
 10
51.68936272649999
 20
15.0423180545
 30
0.0
 40
0.9999999999897539
100
AcDbArc
 50
44.6967319576
 51
180.0
  0
ARC
  5
89A
330
887
100
AcDbEntity
  8
0
  6
Continuous
 62
     7
370
    25
100
AcDbCircle
 10
51.68936272649999
 20
10.3568434458
 30
0.0
 40
1.0
100
AcDbArc
 50
180.0
 51
270.0
  0
ARC
  5
89B
330
887
100
AcDbEntity
  8
0
  6
Continuous
 62
     7
370
    25
100
AcDbCircle
 10
56.32549735579999
 20
10.3568434458
 30
0.0
 40
0.9999999999897546
100
AcDbArc
 50
270.0
 51
44.6967319584
  0
LINE
  5
89C
330
887
100
AcDbEntity
  8
0
  6
Continuous
 62
     7
370
    25
100
AcDbLine
 10
24.8251932571
 20
15.8390510361
 30
0.0
 11
29.7592341646
 21
11.0763309934
 31
0.0
  0
LINE
  5
89D
330
887
100
AcDbEntity
  8
0
  6
Continuous
 62
     7
370
    25
100
AcDbLine
 10
23.130687916
 20
10.3568434458
 30
0.0
 11
23.130687916
 21
15.1195634884
 31
0.0
  0
LINE
  5
89E
330
887
100
AcDbEntity
  8
0
  6
Continuous
 62
     7
370
    25
100
AcDbLine
 10
29.06472882340001
 20
9.3568434458
 30
0.0
 11
24.130687916
 21
9.3568434458
 31
0.0
  0
LINE
  5
89F
330
887
100
AcDbEntity
  8
0
  6
Continuous
 62
     7
370
    25
100
AcDbLine
 10
59.0537230209
 20
11.7290471726
 30
0.0
 11
55.9529167714
 21
14.8628536969
 31
0.0
  0
LINE
  5
8A0
330
887
100
AcDbEntity
  8
0
  6
Continuous
 62
     7
370
    25
100
AcDbLine
 10
60.7645626139
 20
15.5662078559
 30
0.0
 11
60.7645626139
 21
12.4324013316
 31
0.0
  0
LINE
  5
8A1
330
887
100
AcDbEntity
  8
0
  6
Continuous
 62
     7
370
    25
100
AcDbLine
 10
56.66375636439999
 20
16.5662078559
 30
0.0
 11
59.7645626139
 21
16.5662078559
 31
0.0
  0
LINE
  5
8A2
330
887
100
AcDbEntity
  8
0
  6
Continuous
 62
     7
370
    25
100
AcDbLine
 10
33.0581776262
 20
10.9925117959
 30
0.0
 11
28.1241367187
 21
15.7552318385
 31
0.0
  0
LINE
  5
8A3
330
887
100
AcDbEntity
  8
0
  6
Continuous
 62
     7
370
    25
100
AcDbLine
 10
34.7526829673
 20
16.4747193862
 30
0.0
 11
34.7526829673
 21
11.7119993435
 31
0.0
  0
LINE
  5
8A4
330
887
100
AcDbEntity
  8
0
  6
Continuous
 62
     7
370
    25
100
AcDbLine
 10
28.8186420598
 20
17.4747193862
 30
0.0
 11
33.75268296730001
 21
17.4747193862
 31
0.0
  0
LINE
  5
8A5
330
887
100
AcDbEntity
  8
0
  6
Continuous
 62
     7
370
    25
100
AcDbLine
 10
37.4391742857
 20
11.7710570082
 30
0.0
 11
37.4391742857
 21
16.4747193862
 31
0.0
  0
LINE
  5
8A6
330
887
100
AcDbEntity
  8
0
  6
Continuous
 62
     7
370
    25
100
AcDbLine
 10
43.84994344479999
 20
15.767612605
 30
0.0
 11
39.1462810669
 21
11.063950227
 31
0.0
  0
LINE
  5
8A7
330
887
100
AcDbEntity
  8
0
  6
Continuous
 62
     7
370
    25
100
AcDbLine
 10
38.4391742857
 20
17.4747193862
 30
0.0
 11
43.14283666359999
 21
17.4747193862
 31
0.0
  0
LINE
  5
8A8
330
887
100
AcDbEntity
  8
0
  6
Continuous
 62
     7
370
    25
100
AcDbLine
 10
47.1851395592
 20
9.3568434458
 30
0.0
 11
42.4814771812
 21
9.3568434458
 31
0.0
  0
LINE
  5
8A9
330
887
100
AcDbEntity
  8
0
  6
Continuous
 62
     7
370
    25
100
AcDbLine
 10
48.1851395592
 20
15.0605058238
 30
0.0
 11
48.1851395592
 21
10.3568434458
 31
0.0
  0
LINE
  5
8AA
330
887
100
AcDbEntity
  8
0
  6
Continuous
 62
     7
370
    25
100
AcDbLine
 10
41.7743704
 20
11.063950227
 30
0.0
 11
46.478032778
 21
15.767612605
 31
0.0
  0
LINE
  5
8AB
330
887
100
AcDbEntity
  8
0
  6
Continuous
 62
     7
370
    25
100
AcDbLine
 10
52.40020231949999
 20
15.7456722135
 30
0.0
 11
57.0363369488
 21
11.0601976048
 31
0.0
  0
LINE
  5
8AC
330
887
100
AcDbEntity
  8
0
  6
Continuous
 62
     7
370
    25
100
AcDbLine
 10
50.68936272649999
 20
10.3568434458
 30
0.0
 11
50.68936272649999
 21
15.0423180545
 31
0.0
  0
LINE
  5
8AD
330
887
100
AcDbEntity
  8
0
  6
Continuous
 62
     7
370
    25
100
AcDbLine
 10
56.32549735579999
 20
9.3568434458
 30
0.0
 11
51.68936272649999
 21
9.3568434458
 31
0.0
  0
LINE
  5
8AE
330
887
100
AcDbEntity
  8
0
  6
Continuous
 62
     7
370
    25
100
AcDbLine
 10
21.2212268358
 20
6.506812583899998
 30
0.0
 11
21.2212268262
 21
6.795930422
 31
0.0
  0
LINE
  5
8AF
330
887
100
AcDbEntity
  8
0
  6
Continuous
 62
     7
370
    25
100
AcDbLine
 10
20.2215363147
 20
6.7751216414
 30
0.0
 11
20.2215362051
 21
6.4819400509
 31
0.0
  0
LINE
  5
8B0
330
887
100
AcDbEntity
  8
0
  6
Continuous
 62
     7
370
    25
100
AcDbLine
 10
20.2215362051
 20
6.4819400509
 30
0.0
 11
21.2212268358
 21
6.506812583899998
 31
0.0
  0
LINE
  5
8B1
330
887
100
AcDbEntity
  8
0
  6
Continuous
 62
     7
370
    25
100
AcDbLine
 10
22.4208555926
 20
6.5366596234
 30
0.0
 11
22.4208555831
 21
6.825128260299998
 31
0.0
  0
LINE
  5
8B2
330
887
100
AcDbEntity
  8
0
  6
Continuous
 62
     7
370
    25
100
AcDbLine
 10
21.4211649619
 20
6.800492286499998
 30
0.0
 11
21.4211649619
 21
6.511787090399999
 31
0.0
  0
LINE
  5
8B3
330
887
100
AcDbEntity
  8
0
  6
Continuous
 62
     7
370
    25
100
AcDbLine
 10
21.4211649619
 20
6.511787090399999
 30
0.0
 11
22.4208555926
 21
6.5366596234
 31
0.0
  0
LINE
  5
8B4
330
887
100
AcDbEntity
  8
0
  6
Continuous
 62
     7
370
    25
100
AcDbLine
 10
23.6204843494
 20
6.566506662899999
 30
0.0
 11
23.6204843496
 21
6.858347291799999
 31
0.0
  0
LINE
  5
8B5
330
887
100
AcDbEntity
  8
0
  6
Continuous
 62
     7
370
    25
100
AcDbLine
 10
22.6207939065
 20
6.830401350499999
 30
0.0
 11
22.6207937187
 21
6.5416341299
 31
0.0
  0
LINE
  5
8B6
330
887
100
AcDbEntity
  8
0
  6
Continuous
 62
     7
370
    25
100
AcDbLine
 10
22.6207937187
 20
6.5416341299
 30
0.0
 11
23.6204843494
 21
6.566506662899999
 31
0.0
  0
LINE
  5
8B7
330
887
100
AcDbEntity
  8
0
  6
Continuous
 62
     7
370
    25
100
AcDbLine
 10
66.4739257993
 20
8.3283019758
 30
0.0
 11
66.4739258834
 21
8.422153349
 31
0.0
  0
LINE
  5
8B8
330
887
100
AcDbEntity
  8
0
  6
Continuous
 62
     7
370
    25
100
AcDbLine
 10
65.47459962899999
 20
8.385469009599999
 30
0.0
 11
65.47459962899999
 21
8.291597681399997
 31
0.0
  0
LINE
  5
8B9
330
887
100
AcDbEntity
  8
0
  6
Continuous
 62
     7
370
    25
100
AcDbLine
 10
65.47459962899999
 20
8.291597681399997
 30
0.0
 11
66.4739257993
 21
8.3283019758
 31
0.0
  0
LINE
  5
8BA
330
887
100
AcDbEntity
  8
0
  6
Continuous
 62
     7
370
    25
100
AcDbLine
 10
67.6731172038
 20
8.372347129199999
 30
0.0
 11
67.6731173996
 21
8.466182320899999
 31
0.0
  0
LINE
  5
8BB
330
887
100
AcDbEntity
  8
0
  6
Continuous
 62
     7
370
    25
100
AcDbLine
 10
66.67379119039999
 20
8.4294909309
 30
0.0
 11
66.6737910334
 21
8.335642834699999
 31
0.0
  0
LINE
  5
8BC
330
887
100
AcDbEntity
  8
0
  6
Continuous
 62
     7
370
    25
100
AcDbLine
 10
66.6737910334
 20
8.335642834699999
 30
0.0
 11
67.6731172038
 21
8.372347129199999
 31
0.0
  0
LINE
  5
8BD
330
887
100
AcDbEntity
  8
0
  6
Continuous
 62
     7
370
    25
100
AcDbLine
 10
68.8723086082
 20
8.4163922825
 30
0.0
 11
68.87230879239999
 21
8.510218980999999
 31
0.0
  0
LINE
  5
8BE
330
887
100
AcDbEntity
  8
0
  6
Continuous
 62
     7
370
    25
100
AcDbLine
 10
67.872982636
 20
8.4735212597
 30
0.0
 11
67.87298243779999
 21
8.379687988099997
 31
0.0
  0
LINE
  5
8BF
330
887
100
AcDbEntity
  8
0
  6
Continuous
 62
     7
370
    25
100
AcDbLine
 10
67.87298243779999
 20
8.379687988099997
 30
0.0
 11
68.8723086082
 21
8.4163922825
 31
0.0
  0
LINE
  5
8C0
330
887
100
AcDbEntity
  8
0
  6
Continuous
 62
     7
370
    25
100
AcDbLine
 10
0.7859513568000001
 20
9.949835789799999
 30
0.0
 11
0.0000056096
 21
9.1638900426
 31
0.0
  0
LINE
  5
8C1
330
887
100
AcDbEntity
  8
0
  6
Continuous
 62
     7
370
    25
100
AcDbLine
 10
0.0448587151
 20
10.6909284315
 30
0.0
 11
0.7859513568000001
 21
9.949835789799999
 31
0.0
  0
LINE
  5
8C2
330
887
100
AcDbEntity
  8
0
  6
Continuous
 62
     7
370
    25
100
AcDbLine
 10
73.0708611191
 20
13.9498345231
 30
0.0
 11
73.07086149369998
 21
16.964347507
 31
0.0
  0
LINE
  5
8C3
330
887
100
AcDbEntity
  8
0
  6
Continuous
 62
     7
370
    25
100
AcDbLine
 10
73.0708611191
 20
13.9498345231
 30
0.0
 11
71.07086791649999
 21
13.9498345231
 31
0.0
  0
LINE
  5
8C4
330
887
100
AcDbEntity
  8
0
  6
Continuous
 62
     7
370
    25
100
AcDbLine
 10
71.07086791649999
 20
10.9498345231
 30
0.0
 11
71.07086791649999
 21
13.9498345231
 31
0.0
  0
LINE
  5
8C5
330
887
100
AcDbEntity
  8
0
  6
Continuous
 62
     7
370
    25
100
AcDbLine
 10
73.07086791649999
 20
10.9498345231
 30
0.0
 11
71.07086791649999
 21
10.9498345231
 31
0.0
  0
LINE
  5
8C6
330
887
100
AcDbEntity
  8
0
  6
Continuous
 62
     7
370
    25
100
AcDbLine
 10
73.07086791649999
 20
10.9498345231
 30
0.0
 11
73.07086791649999
 21
8.664435193400001
 31
0.0
  0
LINE
  5
8C7
330
887
100
AcDbEntity
  8
0
  6
Continuous
 62
     7
370
    25
100
AcDbLine
 10
69.07217966240001
 20
8.517557277699998
 30
0.0
 11
69.07217948600001
 21
-0.0000018178
 31
0.0
  0
LINE
  5
8C8
330
887
100
AcDbEntity
  8
0
  6
Continuous
 62
     7
370
    25
100
AcDbLine
 10
69.07217948600001
 20
-0.0000018178
 30
0.0
 11
65.0721794948
 21
-0.0000018178
 31
0.0
  0
LINE
  5
8C9
330
887
100
AcDbEntity
  8
0
  6
Continuous
 62
     7
370
    25
100
AcDbLine
 10
65.0721794948
 20
-0.0000018178
 30
0.0
 11
65.0721794948
 21
8.2768151496
 31
0.0
  0
LINE
  5
8CA
330
887
100
AcDbEntity
  8
0
  6
Continuous
 62
     7
370
    25
100
AcDbLine
 10
65.0721794948
 20
8.2768151496
 30
0.0
 11
65.2747400386
 21
8.2842550047
 31
0.0
  0
LINE
  5
8CB
330
887
100
AcDbEntity
  8
0
  6
Continuous
 62
     7
370
    25
100
AcDbLine
 10
65.2747400386
 20
8.2842550047
 30
0.0
 11
65.2747400386
 21
8.378132156499997
 31
0.0
  0
LINE
  5
8CC
330
887
100
AcDbEntity
  8
0
  6
Continuous
 62
     7
370
    25
100
AcDbLine
 10
23.8204282791
 20
6.864233559299999
 30
0.0
 11
23.8204280759
 21
-0.0000006389
 31
0.0
  0
LINE
  5
8CD
330
887
100
AcDbEntity
  8
0
  6
Continuous
 62
     7
370
    25
100
AcDbLine
 10
23.8204280759
 20
-0.0000006389
 30
0.0
 11
19.8204280785
 21
-0.0000006389
 31
0.0
  0
LINE
  5
8CE
330
887
100
AcDbEntity
  8
0
  6
Continuous
 62
     7
370
    25
100
AcDbLine
 10
19.8204280785
 20
-0.0000006389
 30
0.0
 11
19.8204280785
 21
6.471959610199998
 31
0.0
  0
LINE
  5
8CF
330
887
100
AcDbEntity
  8
0
  6
Continuous
 62
     7
370
    25
100
AcDbLine
 10
19.8204280785
 20
6.471959610199998
 30
0.0
 11
20.0216036793
 21
6.4769649054
 31
0.0
  0
LINE
  5
8D0
330
887
100
AcDbEntity
  8
0
  6
Continuous
 62
     7
370
    25
100
AcDbLine
 10
20.0216036793
 20
6.4769649054
 30
0.0
 11
20.0216036793
 21
6.7713886835
 31
0.0
  0
SPLINE
  5
8D1
330
887
100
AcDbEntity
  8
0
  6
Continuous
 62
     7
370
    25
100
AcDbSpline
210
0.0
220
0.0
230
1.0
 70
     8
 71
     3
 72
     8
 73
     4
 74
     0
 42
0.00000001
 43
0.0000000001
 40
0.0
 40
0.0
 40
0.0
 40
0.0
 40
1.0
 40
1.0
 40
1.0
 40
1.0
 10
10.00604160058047
 20
8.753130909976956
 30
0.0
 10
9.965980113413987
 20
8.750935808305865
 30
0.0
 10
9.925828508700043
 20
8.749835789784526
 30
0.0
 10
9.885676858948947
 20
8.749835789784349
 30
0.0
  0
SPLINE
  5
8D2
330
887
100
AcDbEntity
  8
0
  6
Continuous
 62
     7
370
    25
100
AcDbSpline
210
0.0
220
0.0
230
1.0
 70
     8
 71
     3
 72
     8
 73
     4
 74
     0
 42
0.00000001
 43
0.0000000001
 40
0.0
 40
0.0
 40
0.0
 40
0.0
 40
1.0
 40
1.0
 40
1.0
 40
1.0
 10
9.88567685894894
 20
13.14983578978435
 30
0.0
 10
9.925828508703279
 20
13.14983578978435
 30
0.0
 10
9.965980113420512
 20
13.14873577126301
 30
0.0
 10
10.00604160059025
 20
13.14654066959174
 30
0.0
  0
SPLINE
  5
8D3
330
887
100
AcDbEntity
  8
0
  6
Continuous
 62
     7
370
    25
100
AcDbSpline
210
0.0
220
0.0
230
1.0
 70
     8
 71
     3
 72
    10
 73
     6
 74
     0
 42
0.00000001
 43
0.0000000001
 40
0.0
 40
0.0
 40
0.0
 40
0.0
 40
0.5
 40
0.5
 40
1.0
 40
1.0
 40
1.0
 40
1.0
 10
9.885676858948947
 20
8.749835789784349
 30
0.0
 10
8.419010192282279
 20
8.749835789784352
 30
0.0
 10
7.685676858948951
 20
10.21650245645102
 30
0.0
 10
7.685676858948951
 20
11.68316912311768
 30
0.0
 10
8.419010192282279
 20
13.14983578978434
 30
0.0
 10
9.88567685894894
 20
13.14983578978435
 30
0.0
  0
SPLINE
  5
8D4
330
887
100
AcDbEntity
  8
0
  6
Continuous
 62
     7
370
    25
100
AcDbSpline
210
0.0
220
0.0
230
1.0
 70
     8
 71
     3
 72
     8
 73
     4
 74
     0
 42
0.00000001
 43
0.0000000001
 40
0.3913497559564363
 40
0.3913497559564363
 40
0.3913497559564363
 40
0.3913497559564363
 40
0.3958770283065947
 40
0.3958770283065947
 40
0.3958770283065947
 40
0.3958770283065947
 10
21.22122682624173
 20
6.795930422037271
 30
0.0
 10
20.88800858037047
 20
6.788434144543201
 30
0.0
 10
20.55477831577055
 20
6.781474941086736
 30
0.0
 10
20.22153631472387
 20
6.775121641417222
 30
0.0
  0
SPLINE
  5
8D5
330
887
100
AcDbEntity
  8
0
  6
Continuous
 62
     7
370
    25
100
AcDbSpline
210
0.0
220
0.0
230
1.0
 70
     8
 71
     3
 72
     8
 73
     4
 74
     0
 42
0.00000001
 43
0.0000000001
 40
0.3859165977228247
 40
0.3859165977228247
 40
0.3859165977228247
 40
0.3859165977228247
 40
0.3904442623900923
 40
0.3904442623900923
 40
0.3904442623900923
 40
0.3904442623900923
 10
22.420855583119
 20
6.825128260268372
 30
0.0
 10
22.08763744792958
 20
6.816432414025065
 30
0.0
 10
21.75440726385497
 20
6.808201317418582
 30
0.0
 10
21.4211649619
 20
6.800492286482195
 30
0.0
  0
SPLINE
  5
8D6
330
887
100
AcDbEntity
  8
0
  6
Continuous
 62
     7
370
    25
100
AcDbSpline
210
0.0
220
0.0
230
1.0
 70
     8
 71
     3
 72
     8
 73
     4
 74
     0
 42
0.00000001
 43
0.0000000001
 40
0.380482968368145
 40
0.380482968368145
 40
0.380482968368145
 40
0.380482968368145
 40
0.3850110245397497
 40
0.3850110245397497
 40
0.3850110245397497
 40
0.3850110245397497
 10
23.62048434955532
 20
6.858347291760472
 30
0.0
 10
23.28726610255725
 20
6.848615370970818
 30
0.0
 10
22.95403604116982
 20
6.839281704080042
 30
0.0
 10
22.62079390645576
 20
6.830401350524494
 30
0.0
  0
SPLINE
  5
8D7
330
887
100
AcDbEntity
  8
0
  6
Continuous
 62
     7
370
    25
100
AcDbSpline
210
0.0
220
0.0
230
1.0
 70
     8
 71
     3
 72
     8
 73
     4
 74
     0
 42
0.00000001
 43
0.0000000001
 40
0.1863265854679006
 40
0.1863265854679006
 40
0.1863265854679006
 40
0.1863265854679006
 40
0.1908542719127639
 40
0.1908542719127639
 40
0.1908542719127639
 40
0.1908542719127639
 10
66.47392588344189
 20
8.422153349048134
 30
0.0
 10
66.1408171724958
 20
8.409924249012691
 30
0.0
 10
65.80770841804649
 20
8.397696201440696
 30
0.0
 10
65.47459962900001
 20
8.385469009561914
 30
0.0
  0
SPLINE
  5
8D8
330
887
100
AcDbEntity
  8
0
  6
Continuous
 62
     7
370
    25
100
AcDbSpline
210
0.0
220
0.0
230
1.0
 70
     8
 71
     3
 72
     8
 73
     4
 74
     0
 42
0.00000001
 43
0.0000000001
 40
0.1808933605482384
 40
0.1808933605482384
 40
0.1808933605482384
 40
0.1808933605482384
 40
0.185421048063109
 40
0.185421048063109
 40
0.185421048063109
 40
0.185421048063109
 10
67.67311739957889
 20
8.466182320873118
 30
0.0
 10
67.34000869754606
 20
8.45395093370192
 30
0.0
 10
67.00689996385138
 20
8.441720435489667
 30
0.0
 10
66.67379119040674
 20
8.429490930919882
 30
0.0
  0
SPLINE
  5
8D9
330
887
100
AcDbEntity
  8
0
  6
Continuous
 62
     7
370
    25
100
AcDbSpline
210
0.0
220
0.0
230
1.0
 70
     8
 71
     3
 72
     8
 73
     4
 74
     0
 42
0.00000001
 43
0.0000000001
 40
0.1754601346774022
 40
0.1754601346774022
 40
0.1754601346774022
 40
0.1754601346774022
 40
0.1799878229594255
 40
0.1799878229594255
 40
0.1799878229594255
 40
0.1799878229594255
 10
68.87230879236172
 20
8.510218981013059
 30
0.0
 10
68.53920009822989
 20
8.4979856090116
 30
0.0
 10
68.20609138214192
 20
8.485753000349099
 30
0.0
 10
67.87298263600972
 20
8.473521259709134
 30
0.0
  0
SPLINE
  5
8DA
330
887
100
AcDbEntity
  8
0
  6
Continuous
 62
     7
370
    25
100
AcDbSpline
210
0.0
220
0.0
230
1.0
 70
     8
 71
     3
 72
    47
 73
    43
 74
     0
 42
0.00000001
 43
0.0000000001
 40
0.4972690191622318
 40
0.4972690191622318
 40
0.4972690191622318
 40
0.4972690191622318
 40
0.4988976851387915
 40
0.5008465042213653
 40
0.5027953233039387
 40
0.5047441423865117
 40
0.5066929614690851
 40
0.5086417805516587
 40
0.5105905996342322
 40
0.5144882377993787
 40
0.5183858759645254
 40
0.5222835141296726
 40
0.5261811522948192
 40
0.5300787904599664
 40
0.533976428625113
 40
0.5378740667902596
 40
0.5417717049554068
 40
0.5456693431205533
 40
0.5495669812857002
 40
0.5534646194508471
 40
0.5612598957811407
 40
0.5690551721114341
 40
0.5768504484417277
 40
0.5846457247720215
 40
0.5924410011023153
 40
0.6002362774326086
 40
0.6080315537629022
 40
0.6236221064234896
 40
0.6392126590840767
 40
0.654803211744664
 40
0.6703937644052511
 40
0.6859843170658385
 40
0.7015748697264255
 40
0.717165422387013
 40
0.7327559750476
 40
0.7483465277081876
 40
0.7639370803687744
 40
0.7795276330293622
 40
0.7951181856899491
 40
0.8107087383505364
 40
0.8262992910111233
 40
0.8383238588588165
 40
0.8383238588588165
 40
0.8383238588588165
 40
0.8383238588588165
 10
0.0448587150999961
 20
10.6909284315
 30
0.0
 10
0.1056411899313051
 20
10.79427105380112
 30
0.0
 10
0.2531300636996855
 20
11.0129442385994
 30
0.0
 10
0.5115813639583764
 20
11.32759810958553
 30
0.0
 10
0.8048361148840767
 20
11.6427793884436
 30
0.0
 10
1.108346397064271
 20
11.94802559544794
 30
0.0
 10
1.41560417858902
 20
12.2494419735731
 30
0.0
 10
1.729624581281965
 20
12.54390094630114
 30
0.0
 10
2.161353676441954
 20
12.92214098361803
 30
0.0
 10
2.727967610683744
 20
13.36302659365382
 30
0.0
 10
3.444960154522678
 20
13.84036372508756
 30
0.0
 10
4.190389603106158
 20
14.271595083801
 30
0.0
 10
4.954943000512789
 20
14.66760160009765
 30
0.0
 10
5.735204001478106
 20
15.03166759083774
 30
0.0
 10
6.527088425694749
 20
15.36947272327662
 30
0.0
 10
7.327749046546688
 20
15.68589808514907
 30
0.0
 10
8.135367813610978
 20
15.98400990432839
 30
0.0
 10
8.948017435459119
 20
16.26810042901933
 30
0.0
 10
9.765133728408001
 20
16.53906174430909
 30
0.0
 10
10.86058510662686
 20
16.88188696776837
 30
0.0
 10
12.24051032096423
 20
17.27536418245932
 30
0.0
 10
13.9098756244617
 20
17.69730341303841
 30
0.0
 10
15.58977941725305
 20
18.07491719011237
 30
0.0
 10
17.27826401003492
 20
18.41206005324102
 30
0.0
 10
18.97434325744024
 20
18.70863267321615
 30
0.0
 10
20.67723722880226
 20
18.9633046951678
 30
0.0
 10
22.9557745816581
 20
19.24415248582441
 30
0.0
 10
25.81475745320532
 20
19.49658723387606
 30
0.0
 10
29.25342229003738
 20
19.68212736333476
 30
0.0
 10
32.69501730854039
 20
19.79609573795935
 30
0.0
 10
36.13769828063975
 20
19.86839228519115
 30
0.0
 10
39.58120026414196
 20
19.88381889870999
 30
0.0
 10
43.02440430981535
 20
19.83555150320039
 30
0.0
 10
46.46586515609015
 20
19.71506593610733
 30
0.0
 10
49.90446636577729
 20
19.53151685285571
 30
0.0
 10
53.33956449137752
 20
19.29127774395434
 30
0.0
 10
56.77084816420918
 20
19.00196756887433
 30
0.0
 10
60.19767052950054
 20
18.66375838355482
 30
0.0
 10
63.619393779134
 20
18.27744553208058
 30
0.0
 10
67.03534647537458
 20
17.84301350868946
 30
0.0
 10
70.18546313675553
 20
17.40159265537891
 30
0.0
 10
72.1959490324797
 20
17.0993337713574
 30
0.0
 10
73.07086149367163
 20
16.96434750695524
 30
0.0
  0
SPLINE
  5
8DB
330
887
100
AcDbEntity
  8
0
  6
Continuous
 62
     7
370
    25
100
AcDbSpline
210
0.0
220
0.0
230
1.0
 70
     8
 71
     3
 72
     8
 73
     4
 74
     0
 42
0.00000001
 43
0.0000000001
 40
0.1564375700209334
 40
0.1564375700209334
 40
0.1564375700209334
 40
0.1564375700209334
 40
0.1745545969644095
 40
0.1745545969644095
 40
0.1745545969644095
 40
0.1745545969644095
 10
73.07086791652931
 20
8.664435193429257
 30
0.0
 10
71.7379720178808
 20
8.615473665476983
 30
0.0
 10
70.4050759789329
 20
8.566508921935412
 30
0.0
 10
69.0721796624169
 20
8.517557277682151
 30
0.0
  0
SPLINE
  5
8DC
330
887
100
AcDbEntity
  8
0
  6
Continuous
 62
     7
370
    25
100
AcDbSpline
210
0.0
220
0.0
230
1.0
 70
     8
 71
     3
 72
    21
 73
    17
 74
     0
 42
0.00000001
 43
0.0000000001
 40
0.1917598090799666
 40
0.1917598090799666
 40
0.1917598090799666
 40
0.1917598090799666
 40
0.2026771845876341
 40
0.2182677372482213
 40
0.2338582899088086
 40
0.2494488425693957
 40
0.2650393952299831
 40
0.2806299478905703
 40
0.2962205005511576
 40
0.3118110532117448
 40
0.327401605872332
 40
0.3429921585329193
 40
0.3585827111935065
 40
0.3663779875238
 40
0.3741732638540937
 40
0.3795773173591817
 40
0.3795773173591817
 40
0.3795773173591817
 40
0.3795773173591817
 10
65.27474003855634
 20
8.378132156546312
 30
0.0
 10
64.47153205939918
 20
8.348650159506536
 30
0.0
 10
62.52130287204622
 20
8.277077758522322
 30
0.0
 10
59.42405226534986
 20
8.163424996500081
 30
0.0
 10
55.98299168689928
 20
8.037073380177297
 30
0.0
 10
52.54194171102192
 20
7.910435124051632
 30
0.0
 10
49.10089893784336
 20
7.783600174666696
 30
0.0
 10
45.65984425661976
 20
7.657089482931683
 30
0.0
 10
42.21875507052534
 20
7.531517970696861
 30
0.0
 10
38.77763079133241
 20
7.406917022674473
 30
0.0
 10
35.33654450846954
 20
7.281259061140192
 30
0.0
 10
31.89557093546944
 20
7.152556753046074
 30
0.0
 10
29.0282192851548
 20
7.041953071223972
 30
0.0
 10
26.73414292200871
 20
6.958667059655275
 30
0.0
 10
25.18938611306269
 20
6.906217983620293
 30
0.0
 10
24.2181053403475
 20
6.876036358524966
 30
0.0
 10
23.82042827911421
 20
6.864233559336246
 30
0.0
  0
SPLINE
  5
8DD
330
887
100
AcDbEntity
  8
0
  6
Continuous
 62
     7
370
    25
100
AcDbSpline
210
0.0
220
0.0
230
1.0
 70
     8
 71
     3
 72
    26
 73
    22
 74
     0
 42
0.00000001
 43
0.0000000001
 40
0.3967824449106496
 40
0.3967824449106496
 40
0.3967824449106496
 40
0.3967824449106496
 40
0.3975590928449745
 40
0.4053543691752683
 40
0.4131496455055619
 40
0.4209449218358554
 40
0.4287401981661489
 40
0.4365354744964426
 40
0.4443307508267362
 40
0.4521260271570299
 40
0.4599213034873234
 40
0.4638189416524705
 40
0.4677165798176171
 40
0.4716142179827639
 40
0.4755118561479108
 40
0.4794094943130575
 40
0.4833071324782043
 40
0.4852559515607778
 40
0.4872047706433512
 40
0.4891535897259246
 40
0.4899336465538063
 40
0.4899336465538063
 40
0.4899336465538063
 40
0.4899336465538063
 10
20.02160367929181
 20
6.77138868352899
 30
0.0
 10
19.96443562558549
 20
6.770340830225941
 30
0.0
 10
19.33346353192819
 20
6.758976865686508
 30
0.0
 10
18.12860812286317
 20
6.741601072574236
 30
0.0
 10
16.40694165170903
 20
6.730616806464338
 30
0.0
 10
14.68523088388537
 20
6.735200744181785
 30
0.0
 10
12.96368219809119
 20
6.758916487367303
 30
0.0
 10
11.24248812977831
 20
6.801665234830579
 30
0.0
 10
9.522134707800873
 20
6.871293149808128
 30
0.0
 10
7.802693944037042
 20
6.957918282139437
 30
0.0
 10
6.370822267739223
 20
7.052793763977803
 30
0.0
 10
5.229717492676362
 20
7.178353904285246
 30
0.0
 10
4.37740489416624
 20
7.300504858085122
 30
0.0
 10
3.531152412450511
 20
7.458739775073232
 30
0.0
 10
2.686378366511158
 20
7.624517640028332
 30
0.0
 10
1.847076439678911
 20
7.817583832017321
 30
0.0
 10
1.178563442066071
 20
8.090848898586813
 30
0.0
 10
0.6998335846844462
 20
8.409876072453302
 30
0.0
 10
0.3714621893659574
 20
8.689334762505877
 30
0.0
 10
0.1429479335862509
 20
8.948427237426846
 30
0.0
 10
0.030038033882279
 20
9.114956727072508
 30
0.0
 10
0.0000056095500001
 20
9.163890042549999
 30
0.0
  0
ENDBLK
  5
8DE
330
887
100
AcDbEntity
  8
0
100
AcDbBlockEnd
  0
BLOCK
  5
8E0
330
8DF
100
AcDbEntity
  8
0
100
AcDbBlockBegin
  2
tail_第三块翼肋
 70
     0
 10
0.0
 20
0.0
 30
0.0
  3
tail_第三块翼肋
  1

  0
ARC
  5
8E1
330
8DF
100
AcDbEntity
  8
0
  6
Continuous
 62
     7
370
    25
100
AcDbCircle
 10
10.1146428913
 20
10.9498357898
 30
0.0
 40
2.200000000011779
100
AcDbArc
 50
266.8637105109
 51
93.13628948500001
  0
ARC
  5
8E2
330
8DF
100
AcDbEntity
  8
0
  6
Continuous
 62
     7
370
    25
100
AcDbCircle
 10
20.3263015689
 20
14.5796483841
 30
0.0
 40
0.9999999999775576
100
AcDbArc
 50
46.072829276
 51
180.0
  0
ARC
  5
8E3
330
8DF
100
AcDbEntity
  8
0
  6
Continuous
 62
     7
370
    25
100
AcDbCircle
 10
20.3263015689
 20
10.6464180667
 30
0.0
 40
1.0
100
AcDbArc
 50
180.0
 51
270.0
  0
ARC
  5
8E4
330
8DF
100
AcDbEntity
  8
0
  6
Continuous
 62
     7
370
    25
100
AcDbCircle
 10
24.4096551808
 20
10.6464180667
 30
0.0
 40
0.999999999977544
100
AcDbArc
 50
270.0
 51
46.0728292778
  0
ARC
  5
8E5
330
8DF
100
AcDbEntity
  8
0
  6
Continuous
 62
     7
370
    25
100
AcDbCircle
 10
49.0837461662
 20
15.93134406
 30
0.0
 40
1.0
100
AcDbArc
 50
90.0
 51
225.5177465163
  0
ARC
  5
8E6
330
8DF
100
AcDbEntity
  8
0
  6
Continuous
 62
     7
370
    25
100
AcDbCircle
 10
53.0950174379
 20
11.991920257
 30
0.0
 40
0.9999999999928043
100
AcDbArc
 50
225.5177465199
 51
0.0
  0
ARC
  5
8E7
330
8DF
100
AcDbEntity
  8
0
  6
Continuous
 62
     7
370
    25
100
AcDbCircle
 10
53.0950174379
 20
15.93134406
 30
0.0
 40
1.000000000000007
100
AcDbArc
 50
0.0000000003
 51
89.9999999999
  0
ARC
  5
8E8
330
8DF
100
AcDbEntity
  8
0
  6
Continuous
 62
     7
370
    25
100
AcDbCircle
 10
28.5585640327
 20
11.9981137426
 30
0.0
 40
0.9999999999775484
100
AcDbArc
 50
226.072829276
 51
0.0
  0
ARC
  5
8E9
330
8DF
100
AcDbEntity
  8
0
  6
Continuous
 62
     7
370
    25
100
AcDbCircle
 10
28.5585640327
 20
15.93134406
 30
0.0
 40
1.000000000000007
100
AcDbArc
 50
0.0000000007
 51
90.0000000001
  0
ARC
  5
8EA
330
8DF
100
AcDbEntity
  8
0
  6
Continuous
 62
     7
370
    25
100
AcDbCircle
 10
24.4752104208
 20
15.93134406
 30
0.0
 40
1.000000000013558
100
AcDbArc
 50
90.0
 51
226.0728292799
  0
ARC
  5
8EB
330
8DF
100
AcDbEntity
  8
0
  6
Continuous
 62
     7
370
    25
100
AcDbCircle
 10
32.8941891603
 20
12.0606316291
 30
0.0
 40
1.000000000000002
100
AcDbArc
 50
180.0
 51
315.0
  0
ARC
  5
8EC
330
8DF
100
AcDbEntity
  8
0
  6
Continuous
 62
     7
370
    25
100
AcDbCircle
 10
36.7649015912
 20
15.93134406
 30
0.0
 40
1.00000000000951
100
AcDbArc
 50
315.0000000013
 51
89.9999999987
  0
ARC
  5
8ED
330
8DF
100
AcDbEntity
  8
0
  6
Continuous
 62
     7
370
    25
100
AcDbCircle
 10
32.8941891603
 20
15.93134406
 30
0.0
 40
1.000000000000002
100
AcDbArc
 50
90.0
 51
180.0
  0
ARC
  5
8EE
330
8DF
100
AcDbEntity
  8
0
  6
Continuous
 62
     7
370
    25
100
AcDbCircle
 10
40.40352003699999
 20
14.5171304975
 30
0.0
 40
1.000000000000007
100
AcDbArc
 50
0.0000000036
 51
134.9999999985
  0
ARC
  5
8EF
330
8DF
100
AcDbEntity
  8
0
  6
Continuous
 62
     7
370
    25
100
AcDbCircle
 10
36.5328076061
 20
10.6464180667
 30
0.0
 40
0.9999999999741644
100
AcDbArc
 50
134.9999999959
 51
270.0
  0
ARC
  5
8F0
330
8DF
100
AcDbEntity
  8
0
  6
Continuous
 62
     7
370
    25
100
AcDbCircle
 10
40.40352003699999
 20
10.6464180667
 30
0.0
 40
1.0
100
AcDbArc
 50
270.0
 51
0.0
  0
ARC
  5
8F1
330
8DF
100
AcDbEntity
  8
0
  6
Continuous
 62
     7
370
    25
100
AcDbCircle
 10
44.9059755309
 20
14.5476499389
 30
0.0
 40
1.000000000027844
100
AcDbArc
 50
45.51774651579999
 51
180.0
  0
ARC
  5
8F2
330
8DF
100
AcDbEntity
  8
0
  6
Continuous
 62
     7
370
    25
100
AcDbCircle
 10
44.9059755309
 20
10.6082261359
 30
0.0
 40
1.000000000000007
100
AcDbArc
 50
180.0
 51
270.0
  0
ARC
  5
8F3
330
8DF
100
AcDbEntity
  8
0
  6
Continuous
 62
     7
370
    25
100
AcDbCircle
 10
48.91724680260001
 20
10.6082261359
 30
0.0
 40
1.000000000027834
100
AcDbArc
 50
270.0
 51
45.5177465135
  0
LINE
  5
8F4
330
8DF
100
AcDbEntity
  8
0
  6
Continuous
 62
     7
370
    25
100
AcDbLine
 10
21.0200450179
 20
15.2998705907
 30
0.0
 11
25.1033986298
 21
11.3666402733
 31
0.0
  0
LINE
  5
8F5
330
8DF
100
AcDbEntity
  8
0
  6
Continuous
 62
     7
370
    25
100
AcDbLine
 10
19.3263015689
 20
10.6464180667
 30
0.0
 11
19.3263015689
 21
14.5796483841
 31
0.0
  0
LINE
  5
8F6
330
8DF
100
AcDbEntity
  8
0
  6
Continuous
 62
     7
370
    25
100
AcDbLine
 10
24.4096551808
 20
9.646418066699999
 30
0.0
 11
20.3263015689
 21
9.646418066699999
 31
0.0
  0
LINE
  5
8F7
330
8DF
100
AcDbEntity
  8
0
  6
Continuous
 62
     7
370
    25
100
AcDbLine
 10
49.0837461662
 20
16.93134406
 30
0.0
 11
53.0950174379
 21
16.93134406
 31
0.0
  0
LINE
  5
8F8
330
8DF
100
AcDbEntity
  8
0
  6
Continuous
 62
     7
370
    25
100
AcDbLine
 10
52.394329126
 20
11.2784527458
 30
0.0
 11
48.38305785420001
 21
15.2178765488
 31
0.0
  0
LINE
  5
8F9
330
8DF
100
AcDbEntity
  8
0
  6
Continuous
 62
     7
370
    25
100
AcDbLine
 10
54.09501743789999
 20
15.93134406
 30
0.0
 11
54.09501743789999
 21
11.991920257
 31
0.0
  0
LINE
  5
8FA
330
8DF
100
AcDbEntity
  8
0
  6
Continuous
 62
     7
370
    25
100
AcDbLine
 10
27.8648205837
 20
11.277891536
 30
0.0
 11
23.7814669718
 21
15.2111218533
 31
0.0
  0
LINE
  5
8FB
330
8DF
100
AcDbEntity
  8
0
  6
Continuous
 62
     7
370
    25
100
AcDbLine
 10
29.5585640327
 20
15.93134406
 30
0.0
 11
29.5585640327
 21
11.9981137426
 31
0.0
  0
LINE
  5
8FC
330
8DF
100
AcDbEntity
  8
0
  6
Continuous
 62
     7
370
    25
100
AcDbLine
 10
24.4752104208
 20
16.93134406
 30
0.0
 11
28.5585640327
 21
16.93134406
 31
0.0
  0
LINE
  5
8FD
330
8DF
100
AcDbEntity
  8
0
  6
Continuous
 62
     7
370
    25
100
AcDbLine
 10
31.8941891603
 20
12.0606316291
 30
0.0
 11
31.8941891603
 21
15.93134406
 31
0.0
  0
LINE
  5
8FE
330
8DF
100
AcDbEntity
  8
0
  6
Continuous
 62
     7
370
    25
100
AcDbLine
 10
37.4720083724
 20
15.2242372788
 30
0.0
 11
33.6012959415
 21
11.3535248479
 31
0.0
  0
LINE
  5
8FF
330
8DF
100
AcDbEntity
  8
0
  6
Continuous
 62
     7
370
    25
100
AcDbLine
 10
32.8941891603
 20
16.93134406
 30
0.0
 11
36.7649015912
 21
16.93134406
 31
0.0
  0
LINE
  5
900
330
8DF
100
AcDbEntity
  8
0
  6
Continuous
 62
     7
370
    25
100
AcDbLine
 10
41.403520037
 20
14.5171304976
 30
0.0
 11
41.403520037
 21
10.6464180667
 31
0.0
  0
LINE
  5
901
330
8DF
100
AcDbEntity
  8
0
  6
Continuous
 62
     7
370
    25
100
AcDbLine
 10
35.825700825
 20
11.3535248479
 30
0.0
 11
39.6964132559
 21
15.2242372788
 31
0.0
  0
LINE
  5
902
330
8DF
100
AcDbEntity
  8
0
  6
Continuous
 62
     7
370
    25
100
AcDbLine
 10
40.40352003699999
 20
9.646418066699999
 30
0.0
 11
36.5328076061
 21
9.646418066699999
 31
0.0
  0
LINE
  5
903
330
8DF
100
AcDbEntity
  8
0
  6
Continuous
 62
     7
370
    25
100
AcDbLine
 10
45.6066638429
 20
15.2611174501
 30
0.0
 11
49.6179351146
 21
11.3216936471
 31
0.0
  0
LINE
  5
904
330
8DF
100
AcDbEntity
  8
0
  6
Continuous
 62
     7
370
    25
100
AcDbLine
 10
43.9059755309
 20
10.6082261359
 30
0.0
 11
43.9059755309
 21
14.5476499389
 31
0.0
  0
LINE
  5
905
330
8DF
100
AcDbEntity
  8
0
  6
Continuous
 62
     7
370
    25
100
AcDbLine
 10
48.91724680260001
 20
9.6082261359
 30
0.0
 11
44.9059755309
 21
9.6082261359
 31
0.0
  0
LINE
  5
906
330
8DF
100
AcDbEntity
  8
0
  6
Continuous
 62
     7
370
    25
100
AcDbLine
 10
18.3850915493
 20
6.758375138699999
 30
0.0
 11
18.3850915493
 21
6.978478782299998
 31
0.0
  0
LINE
  5
907
330
8DF
100
AcDbEntity
  8
0
  6
Continuous
 62
     7
370
    25
100
AcDbLine
 10
17.3854009186
 20
6.963434939199999
 30
0.0
 11
17.3854009186
 21
6.7335026058
 31
0.0
  0
LINE
  5
908
330
8DF
100
AcDbEntity
  8
0
  6
Continuous
 62
     7
370
    25
100
AcDbLine
 10
17.3854009186
 20
6.7335026058
 30
0.0
 11
18.3850915493
 21
6.758375138699999
 31
0.0
  0
LINE
  5
909
330
8DF
100
AcDbEntity
  8
0
  6
Continuous
 62
     7
370
    25
100
AcDbLine
 10
19.5847203061
 20
6.7882221782
 30
0.0
 11
19.5847202967
 21
7.001954805399999
 31
0.0
  0
LINE
  5
90A
330
8DF
100
AcDbEntity
  8
0
  6
Continuous
 62
     7
370
    25
100
AcDbLine
 10
18.5850297997
 20
6.982001734799998
 30
0.0
 11
18.5850296754
 21
6.763349645299998
 31
0.0
  0
LINE
  5
90B
330
8DF
100
AcDbEntity
  8
0
  6
Continuous
 62
     7
370
    25
100
AcDbLine
 10
18.5850296754
 20
6.763349645299998
 30
0.0
 11
19.5847203061
 21
6.7882221782
 31
0.0
  0
LINE
  5
90C
330
8DF
100
AcDbEntity
  8
0
  6
Continuous
 62
     7
370
    25
100
AcDbLine
 10
20.7843490629
 20
6.818069217699998
 30
0.0
 11
20.7843490628
 21
7.030543611699999
 31
0.0
  0
LINE
  5
90D
330
8DF
100
AcDbEntity
  8
0
  6
Continuous
 62
     7
370
    25
100
AcDbLine
 10
19.7846584322
 20
7.0063863573
 30
0.0
 11
19.7846584322
 21
6.793196684799998
 31
0.0
  0
LINE
  5
90E
330
8DF
100
AcDbEntity
  8
0
  6
Continuous
 62
     7
370
    25
100
AcDbLine
 10
19.7846584322
 20
6.793196684799998
 30
0.0
 11
20.7843490629
 21
6.818069217699998
 31
0.0
  0
LINE
  5
90F
330
8DF
100
AcDbEntity
  8
0
  6
Continuous
 62
     7
370
    25
100
AcDbLine
 10
59.1890955339
 20
8.283571635700001
 30
0.0
 11
59.1890954912
 21
8.420334239199997
 31
0.0
  0
LINE
  5
910
330
8DF
100
AcDbEntity
  8
0
  6
Continuous
 62
     7
370
    25
100
AcDbLine
 10
58.1897691892
 20
8.383661241799996
 30
0.0
 11
58.18976936350001
 21
8.246867341299997
 31
0.0
  0
LINE
  5
911
330
8DF
100
AcDbEntity
  8
0
  6
Continuous
 62
     7
370
    25
100
AcDbLine
 10
58.18976936350001
 20
8.246867341299997
 30
0.0
 11
59.1890955339
 21
8.283571635700001
 31
0.0
  0
LINE
  5
912
330
8DF
100
AcDbEntity
  8
0
  6
Continuous
 62
     7
370
    25
100
AcDbLine
 10
60.3882869383
 20
8.3276167891
 30
0.0
 11
60.38828697199999
 21
8.46434535
 31
0.0
  0
LINE
  5
913
330
8DF
100
AcDbEntity
  8
0
  6
Continuous
 62
     7
370
    25
100
AcDbLine
 10
59.388960768
 20
8.4276690961
 30
0.0
 11
59.388960768
 21
8.2909124946
 31
0.0
  0
LINE
  5
914
330
8DF
100
AcDbEntity
  8
0
  6
Continuous
 62
     7
370
    25
100
AcDbLine
 10
59.388960768
 20
8.2909124946
 30
0.0
 11
60.3882869383
 21
8.3276167891
 31
0.0
  0
LINE
  5
915
330
8DF
100
AcDbEntity
  8
0
  6
Continuous
 62
     7
370
    25
100
AcDbLine
 10
61.58747834279999
 20
8.371661942399999
 30
0.0
 11
61.5874784236
 21
8.5083627832
 31
0.0
  0
LINE
  5
916
330
8DF
100
AcDbEntity
  8
0
  6
Continuous
 62
     7
370
    25
100
AcDbLine
 10
60.5881521724
 20
8.471681079399999
 30
0.0
 11
60.5881521724
 21
8.334957647999999
 31
0.0
  0
LINE
  5
917
330
8DF
100
AcDbEntity
  8
0
  6
Continuous
 62
     7
370
    25
100
AcDbLine
 10
60.5881521724
 20
8.334957647999999
 30
0.0
 11
61.58747834279999
 21
8.371661942399999
 31
0.0
  0
LINE
  5
918
330
8DF
100
AcDbEntity
  8
0
  6
Continuous
 62
     7
370
    25
100
AcDbLine
 10
0.7741879057
 20
9.949835789799999
 30
0.0
 11
0.0000041769
 21
9.175652061
 31
0.0
  0
LINE
  5
919
330
8DF
100
AcDbEntity
  8
0
  6
Continuous
 62
     7
370
    25
100
AcDbLine
 10
0.0410495218
 20
10.6829741737
 30
0.0
 11
0.7741879057
 21
9.949835789799999
 31
0.0
  0
LINE
  5
91A
330
8DF
100
AcDbEntity
  8
0
  6
Continuous
 62
     7
370
    25
100
AcDbLine
 10
65.8372164151
 20
13.9498435356
 30
0.0
 11
65.8372164151
 21
16.8475348898
 31
0.0
  0
LINE
  5
91B
330
8DF
100
AcDbEntity
  8
0
  6
Continuous
 62
     7
370
    25
100
AcDbLine
 10
65.8372164151
 20
13.9498435356
 30
0.0
 11
63.83721838939999
 21
13.9498435356
 31
0.0
  0
LINE
  5
91C
330
8DF
100
AcDbEntity
  8
0
  6
Continuous
 62
     7
370
    25
100
AcDbLine
 10
63.83721838939999
 20
10.9498435356
 30
0.0
 11
63.83721838939999
 21
13.9498435356
 31
0.0
  0
LINE
  5
91D
330
8DF
100
AcDbEntity
  8
0
  6
Continuous
 62
     7
370
    25
100
AcDbLine
 10
65.83721838939999
 20
10.9498435356
 30
0.0
 11
63.83721838939999
 21
10.9498435356
 31
0.0
  0
LINE
  5
91E
330
8DF
100
AcDbEntity
  8
0
  6
Continuous
 62
     7
370
    25
100
AcDbLine
 10
65.83721838939999
 20
10.9498435356
 30
0.0
 11
65.83721838939999
 21
8.664429339799999
 31
0.0
  0
LINE
  5
91F
330
8DF
100
AcDbEntity
  8
0
  6
Continuous
 62
     7
370
    25
100
AcDbLine
 10
61.78734766409998
 20
8.5157095974
 30
0.0
 11
61.7873475481
 21
0.000009778
 31
0.0
  0
LINE
  5
920
330
8DF
100
AcDbEntity
  8
0
  6
Continuous
 62
     7
370
    25
100
AcDbLine
 10
61.7873475481
 20
0.000009778
 30
0.0
 11
57.787347557
 21
0.000009778
 31
0.0
  0
LINE
  5
921
330
8DF
100
AcDbEntity
  8
0
  6
Continuous
 62
     7
370
    25
100
AcDbLine
 10
57.787347557
 20
0.000009778
 30
0.0
 11
57.787347557
 21
8.2320964053
 31
0.0
  0
LINE
  5
922
330
8DF
100
AcDbEntity
  8
0
  6
Continuous
 62
     7
370
    25
100
AcDbLine
 10
57.787347557
 20
8.2320964053
 30
0.0
 11
57.9899081008
 21
8.239536260399999
 31
0.0
  0
LINE
  5
923
330
8DF
100
AcDbEntity
  8
0
  6
Continuous
 62
     7
370
    25
100
AcDbLine
 10
57.9899081008
 20
8.239536260399999
 30
0.0
 11
57.9899081008
 21
8.376330961399997
 31
0.0
  0
LINE
  5
924
330
8DF
100
AcDbEntity
  8
0
  6
Continuous
 62
     7
370
    25
100
AcDbLine
 10
20.9842915249
 20
7.0357560282
 30
0.0
 11
20.9842913659
 21
0.0000041769
 31
0.0
  0
LINE
  5
925
330
8DF
100
AcDbEntity
  8
0
  6
Continuous
 62
     7
370
    25
100
AcDbLine
 10
20.9842913659
 20
0.0000041769
 30
0.0
 11
16.9842913685
 21
0.0000041769
 31
0.0
  0
LINE
  5
926
330
8DF
100
AcDbEntity
  8
0
  6
Continuous
 62
     7
370
    25
100
AcDbLine
 10
16.9842913685
 20
0.0000041769
 30
0.0
 11
16.9842913685
 21
6.723526980799999
 31
0.0
  0
LINE
  5
927
330
8DF
100
AcDbEntity
  8
0
  6
Continuous
 62
     7
370
    25
100
AcDbLine
 10
16.9842913685
 20
6.723526980799999
 30
0.0
 11
17.1854669693
 21
6.7285322761
 31
0.0
  0
LINE
  5
928
330
8DF
100
AcDbEntity
  8
0
  6
Continuous
 62
     7
370
    25
100
AcDbLine
 10
17.1854669693
 20
6.7285322761
 30
0.0
 11
17.1854669693
 21
6.960976809299999
 31
0.0
  0
SPLINE
  5
929
330
8DF
100
AcDbEntity
  8
0
  6
Continuous
 62
     7
370
    25
100
AcDbSpline
210
0.0
220
0.0
230
1.0
 70
     8
 71
     3
 72
     8
 73
     4
 74
     0
 42
0.00000001
 43
0.0000000001
 40
0.0
 40
0.0
 40
0.0
 40
0.0
 40
1.0
 40
1.0
 40
1.0
 40
1.0
 10
9.99427814938509
 20
8.753130909972806
 30
0.0
 10
9.954216662243712
 20
8.750935808304474
 30
0.0
 10
9.914065057555022
 20
8.749835789784526
 30
0.0
 10
9.87391340782921
 20
8.749835789784349
 30
0.0
  0
SPLINE
  5
92A
330
8DF
100
AcDbEntity
  8
0
  6
Continuous
 62
     7
370
    25
100
AcDbSpline
210
0.0
220
0.0
230
1.0
 70
     8
 71
     3
 72
     8
 73
     4
 74
     0
 42
0.00000001
 43
0.0000000001
 40
0.0
 40
0.0
 40
0.0
 40
0.0
 40
1.0
 40
1.0
 40
1.0
 40
1.0
 10
9.873913407829199
 20
13.14983578978434
 30
0.0
 10
9.914065057608095
 20
13.14983578978434
 30
0.0
 10
9.954216662349899
 20
13.14873577126167
 30
0.0
 10
9.994278149543999
 20
13.14654066958771
 30
0.0
  0
SPLINE
  5
92B
330
8DF
100
AcDbEntity
  8
0
  6
Continuous
 62
     7
370
    25
100
AcDbSpline
210
0.0
220
0.0
230
1.0
 70
     8
 71
     3
 72
    10
 73
     6
 74
     0
 42
0.00000001
 43
0.0000000001
 40
0.0
 40
0.0
 40
0.0
 40
0.0
 40
0.5
 40
0.5
 40
1.0
 40
1.0
 40
1.0
 40
1.0
 10
9.87391340782921
 20
8.749835789784349
 30
0.0
 10
8.407246741162531
 20
8.749835789784343
 30
0.0
 10
7.673913407829211
 20
10.21650245645101
 30
0.0
 10
7.6739134078292
 20
11.68316912311768
 30
0.0
 10
8.407246741162531
 20
13.14983578978435
 30
0.0
 10
9.873913407829199
 20
13.14983578978434
 30
0.0
  0
SPLINE
  5
92C
330
8DF
100
AcDbEntity
  8
0
  6
Continuous
 62
     7
370
    25
100
AcDbSpline
210
0.0
220
0.0
230
1.0
 70
     8
 71
     3
 72
     8
 73
     4
 74
     0
 42
0.00000001
 43
0.0000000001
 40
0.3981188367640196
 40
0.3981188367640196
 40
0.3981188367640196
 40
0.3981188367640196
 40
0.4029691357816392
 40
0.4029691357816392
 40
0.4029691357816392
 40
0.4029691357816392
 10
18.38509154932094
 20
6.978478782347186
 30
0.0
 10
18.05187270167207
 20
6.972743829753934
 30
0.0
 10
17.71864168587365
 20
6.967697120850262
 30
0.0
 10
17.3854009186
 20
6.963434939235632
 30
0.0
  0
SPLINE
  5
92D
330
8DF
100
AcDbEntity
  8
0
  6
Continuous
 62
     7
370
    25
100
AcDbSpline
210
0.0
220
0.0
230
1.0
 70
     8
 71
     3
 72
     8
 73
     4
 74
     0
 42
0.00000001
 43
0.0000000001
 40
0.3922980170445916
 40
0.3922980170445916
 40
0.3922980170445916
 40
0.3922980170445916
 40
0.3971487361060734
 40
0.3971487361060734
 40
0.3971487361060734
 40
0.3971487361060734
 10
19.58472029669014
 20
7.001954805368657
 30
0.0
 10
19.2515028325956
 20
6.994686347813718
 30
0.0
 10
18.91827255494051
 20
6.988008784354707
 30
0.0
 10
18.58502979966632
 20
6.982001734758221
 30
0.0
  0
SPLINE
  5
92E
330
8DF
100
AcDbEntity
  8
0
  6
Continuous
 62
     7
370
    25
100
AcDbSpline
210
0.0
220
0.0
230
1.0
 70
     8
 71
     3
 72
     8
 73
     4
 74
     0
 42
0.00000001
 43
0.0000000001
 40
0.3864766606767744
 40
0.3864766606767744
 40
0.3864766606767744
 40
0.3864766606767744
 40
0.3913278286021295
 40
0.3913278286021295
 40
0.3913278286021295
 40
0.3913278286021295
 10
20.78434906275289
 20
7.030543611690157
 30
0.0
 10
20.45113180084752
 20
7.021963884632792
 30
0.0
 10
20.11790159117566
 20
7.013888692447884
 30
0.0
 10
19.7846584322
 20
7.00638635729661
 30
0.0
  0
SPLINE
  5
92F
330
8DF
100
AcDbEntity
  8
0
  6
Continuous
 62
     7
370
    25
100
AcDbSpline
210
0.0
220
0.0
230
1.0
 70
     8
 71
     3
 72
     8
 73
     4
 74
     0
 42
0.00000001
 43
0.0000000001
 40
0.2000432649884192
 40
0.2000432649884192
 40
0.2000432649884192
 40
0.2000432649884192
 40
0.2048945104584826
 40
0.2048945104584826
 40
0.2048945104584826
 40
0.2048945104584826
 10
59.1890954912364
 20
8.420334239226784
 30
0.0
 10
58.85598673420945
 20
8.40810956695841
 30
0.0
 10
58.52287796242439
 20
8.395885348085027
 30
0.0
 10
58.18976918918862
 20
8.383661241803343
 30
0.0
  0
SPLINE
  5
930
330
8DF
100
AcDbEntity
  8
0
  6
Continuous
 62
     7
370
    25
100
AcDbSpline
210
0.0
220
0.0
230
1.0
 70
     8
 71
     3
 72
     8
 73
     4
 74
     0
 42
0.00000001
 43
0.0000000001
 40
0.1942217703655313
 40
0.1942217703655313
 40
0.1942217703655313
 40
0.1942217703655313
 40
0.1990730158996683
 40
0.1990730158996683
 40
0.1990730158996683
 40
0.1990730158996683
 10
60.38828697200171
 20
8.464345349968107
 30
0.0
 10
60.05517826178495
 20
8.452119284979469
 30
0.0
 10
59.72206952322636
 20
8.439893950553715
 30
0.0
 10
59.388960768
 20
8.427669096140766
 30
0.0
  0
SPLINE
  5
931
330
8DF
100
AcDbEntity
  8
0
  6
Continuous
 62
     7
370
    25
100
AcDbSpline
210
0.0
220
0.0
230
1.0
 70
     8
 71
     3
 72
     8
 73
     4
 74
     0
 42
0.00000001
 43
0.0000000001
 40
0.1884002743587835
 40
0.1884002743587835
 40
0.1884002743587835
 40
0.1884002743587835
 40
0.1932515211532544
 40
0.1932515211532544
 40
0.1932515211532544
 40
0.1932515211532544
 10
61.58747842355603
 20
8.508362783237295
 30
0.0
 10
61.25436971163004
 20
8.496134600928201
 30
0.0
 10
60.92126095735335
 20
8.483907449842702
 30
0.0
 10
60.58815217239999
 20
8.471681079430512
 30
0.0
  0
SPLINE
  5
932
330
8DF
100
AcDbEntity
  8
0
  6
Continuous
 62
     7
370
    25
100
AcDbSpline
210
0.0
220
0.0
230
1.0
 70
     8
 71
     3
 72
    47
 73
    43
 74
     0
 42
0.00000001
 43
0.0000000001
 40
0.4975037067084633
 40
0.4975037067084633
 40
0.4975037067084633
 40
0.4975037067084633
 40
0.4988976851387915
 40
0.5008465042213653
 40
0.5027953233039387
 40
0.5047441423865117
 40
0.5066929614690851
 40
0.5086417805516587
 40
0.5105905996342322
 40
0.5144882377993787
 40
0.5183858759645254
 40
0.5222835141296726
 40
0.5261811522948192
 40
0.5300787904599664
 40
0.533976428625113
 40
0.5378740667902596
 40
0.5417717049554068
 40
0.5456693431205533
 40
0.5495669812857002
 40
0.5534646194508471
 40
0.5612598957811407
 40
0.5690551721114341
 40
0.5768504484417277
 40
0.5846457247720215
 40
0.5924410011023153
 40
0.6002362774326086
 40
0.6080315537629022
 40
0.6236221064234896
 40
0.6392126590840767
 40
0.654803211744664
 40
0.6703937644052511
 40
0.6859843170658385
 40
0.7015748697264255
 40
0.717165422387013
 40
0.7327559750476
 40
0.7483465277081876
 40
0.7639370803687744
 40
0.7795276330293622
 40
0.7951181856899491
 40
0.8107087383505364
 40
0.8262992910111233
 40
0.8268718950932692
 40
0.8268718950932692
 40
0.8268718950932692
 40
0.8268718950932692
 10
0.0410495217999994
 20
10.6829741737
 30
0.0
 10
0.0910308668929606
 20
10.76466459857025
 30
0.0
 10
0.2207860508764995
 20
10.95450717429116
 30
0.0
 10
0.4517565114753094
 20
11.23570381687894
 30
0.0
 10
0.7254518360320909
 20
11.52986339666847
 30
0.0
 10
1.008719398815149
 20
11.81475084036795
 30
0.0
 10
1.295483823573129
 20
12.09606383231874
 30
0.0
 10
1.588560719160159
 20
12.37088331686792
 30
0.0
 10
1.991494094008119
 20
12.72389631169697
 30
0.0
 10
2.520318878443419
 20
13.13537601070516
 30
0.0
 10
3.1894878099676
 20
13.58087597033797
 30
0.0
 10
3.885198652038502
 20
13.98335559081994
 30
0.0
 10
4.598767975337047
 20
14.35293756433843
 30
0.0
 10
5.326983078482731
 20
14.69272892873138
 30
0.0
 10
6.066055063285761
 20
15.00799811654094
 30
0.0
 10
6.813311777188869
 20
15.30332459544091
 30
0.0
 10
7.567068438324619
 20
15.58154529501368
 30
0.0
 10
8.325512462566067
 20
15.84670148204956
 30
0.0
 10
9.088131729640721
 20
16.09958408958413
 30
0.0
 10
10.11052174810092
 20
16.41953867781572
 30
0.0
 10
11.39841086831113
 20
16.78677624509033
 30
0.0
 10
12.95643555481004
 20
17.18057267772575
 30
0.0
 10
14.52429576706238
 20
17.53300061263311
 30
0.0
 10
16.10016443936479
 20
17.84765837048278
 30
0.0
 10
17.68312138196264
 20
18.12444797015417
 30
0.0
 10
19.27243819752658
 20
18.36213898346655
 30
0.0
 10
21.39900570654116
 20
18.62424533952086
 30
0.0
 10
24.0673036852569
 20
18.85986390155379
 30
0.0
 10
27.2766235354455
 20
19.03299292127565
 30
0.0
 10
30.48867358207231
 20
19.13942094699918
 30
0.0
 10
33.7017453207473
 20
19.20678779338452
 30
0.0
 10
36.91557160388089
 20
19.22125102613223
 30
0.0
 10
40.12912805485036
 20
19.17620397209109
 30
0.0
 10
43.34105382878139
 20
19.06375041889427
 30
0.0
 10
46.55031322331701
 20
18.89245526861539
 30
0.0
 10
49.75630256976104
 20
18.66823072821786
 30
0.0
 10
52.9587319693411
 20
18.39822166983716
 30
0.0
 10
56.15699719796879
 20
18.08256532991962
 30
0.0
 10
59.35050432381982
 20
17.72202347501961
 30
0.0
 10
62.53862455900556
 20
17.31656270798323
 30
0.0
 10
64.69936891530934
 20
17.01378433911858
 30
0.0
 10
65.79828677271613
 20
16.85323077169169
 30
0.0
 10
65.83721641512489
 20
16.84753488981403
 30
0.0
  0
SPLINE
  5
933
330
8DF
100
AcDbEntity
  8
0
  6
Continuous
 62
     7
370
    25
100
AcDbSpline
210
0.0
220
0.0
230
1.0
 70
     8
 71
     3
 72
     8
 73
     4
 74
     0
 42
0.00000001
 43
0.0000000001
 40
0.1677698450771798
 40
0.1677698450771798
 40
0.1677698450771798
 40
0.1677698450771798
 40
0.1874300248603863
 40
0.1874300248603863
 40
0.1874300248603863
 40
0.1874300248603863
 10
65.83721838944386
 20
8.66442933979213
 30
0.0
 10
64.48726184934854
 20
8.614843514252878
 30
0.0
 10
63.13730512841754
 20
8.56526728423659
 30
0.0
 10
61.78734766406964
 20
8.515709597428077
 30
0.0
  0
SPLINE
  5
934
330
8DF
100
AcDbEntity
  8
0
  6
Continuous
 62
     7
370
    25
100
AcDbSpline
210
0.0
220
0.0
230
1.0
 70
     8
 71
     3
 72
    21
 73
    17
 74
     0
 42
0.00000001
 43
0.0000000001
 40
0.2058647595589313
 40
0.2058647595589313
 40
0.2058647595589313
 40
0.2058647595589313
 40
0.2182677372482213
 40
0.2338582899088086
 40
0.2494488425693957
 40
0.2650393952299831
 40
0.2806299478905703
 40
0.2962205005511576
 40
0.3118110532117448
 40
0.327401605872332
 40
0.3429921585329193
 40
0.3585827111935065
 40
0.3663779875238
 40
0.3741732638540937
 40
0.3819685401843872
 40
0.3855063810996336
 40
0.3855063810996336
 40
0.3855063810996336
 40
0.3855063810996336
 10
57.98990810078208
 20
8.376330961399157
 30
0.0
 10
57.13826274391755
 20
8.34507813666878
 30
0.0
 10
55.21609853862964
 20
8.274540385765499
 30
0.0
 10
52.22341762596276
 20
8.164656738153228
 30
0.0
 10
49.01187371857863
 20
8.046456243761124
 30
0.0
 10
45.80033598111999
 20
7.928087207609005
 30
0.0
 10
42.5887874839138
 20
7.810011164658237
 30
0.0
 10
39.37720660544658
 20
7.692816516116563
 30
0.0
 10
36.16559307091057
 20
7.576525033364922
 30
0.0
 10
32.95401494507395
 20
7.459248578419548
 30
0.0
 10
29.74254203891385
 20
7.339129904892035
 30
0.0
 10
27.06643250858324
 20
7.235903383968811
 30
0.0
 10
24.92536285070472
 20
7.158171939760896
 30
0.0
 10
23.31942741961509
 20
7.10364613575446
 30
0.0
 10
22.00571084050299
 20
7.063508047388999
 30
0.0
 10
21.22729515152851
 20
7.042158625102963
 30
0.0
 10
20.98429152487432
 20
7.035756028184083
 30
0.0
  0
SPLINE
  5
935
330
8DF
100
AcDbEntity
  8
0
  6
Continuous
 62
     7
370
    25
100
AcDbSpline
210
0.0
220
0.0
230
1.0
 70
     8
 71
     3
 72
    25
 73
    21
 74
     0
 42
0.00000001
 43
0.0000000001
 40
0.4039391592708663
 40
0.4039391592708663
 40
0.4039391592708663
 40
0.4039391592708663
 40
0.4053543691752683
 40
0.4131496455055619
 40
0.4209449218358554
 40
0.4287401981661489
 40
0.4365354744964426
 40
0.4443307508267362
 40
0.4521260271570299
 40
0.4599213034873234
 40
0.4638189416524705
 40
0.4677165798176171
 40
0.4716142179827639
 40
0.4755118561479108
 40
0.4794094943130575
 40
0.4833071324782043
 40
0.4852559515607778
 40
0.4872047706433512
 40
0.4891535897259246
 40
0.4897002655002705
 40
0.4897002655002705
 40
0.4897002655002705
 40
0.4897002655002705
 10
17.18546696925081
 20
6.960976809312542
 30
0.0
 10
17.08823357893071
 20
6.959825882354763
 30
0.0
 10
16.45541291555221
 20
6.952780759598598
 30
0.0
 10
15.28694875580632
 20
6.945311619239996
 30
0.0
 10
13.68007036556014
 20
6.949606219949162
 30
0.0
 10
12.07334250406785
 20
6.971732471885956
 30
0.0
 10
10.4669466260353
 20
7.011647706831923
 30
0.0
 10
8.861333156662015
 20
7.076595849702247
 30
0.0
 10
7.256577479430177
 20
7.157526854113955
 30
0.0
 10
5.92019830794154
 20
7.245979539934097
 30
0.0
 10
4.855207221382011
 20
7.363210623084217
 30
0.0
 10
4.059738538231948
 20
7.477199569252732
 30
0.0
 10
3.269927335663238
 20
7.624886817726742
 30
0.0
 10
2.48150114273496
 20
7.779608072727614
 30
0.0
 10
1.698168308201129
 20
7.959792224390379
 30
0.0
 10
1.074259121288857
 20
8.214842662337247
 30
0.0
 10
0.6274344298281199
 20
8.512573859165197
 30
0.0
 10
0.3209642890888586
 20
8.773396221945741
 30
0.0
 10
0.1183484507171402
 20
9.003155174148231
 30
0.0
 10
0.0204921163497689
 20
9.144162688347595
 30
0.0
 10
0.0000041768499992
 20
9.17565206095
 30
0.0
  0
ENDBLK
  5
936
330
8DF
100
AcDbEntity
  8
0
100
AcDbBlockEnd
  0
BLOCK
  5
938
330
937
100
AcDbEntity
  8
0
100
AcDbBlockBegin
  2
tail_第四块翼肋
 70
     0
 10
0.0
 20
0.0
 30
0.0
  3
tail_第四块翼肋
  1

  0
ARC
  5
939
330
937
100
AcDbEntity
  8
0
  6
Continuous
 62
     7
370
    25
100
AcDbCircle
 10
10.1008040391
 20
10.9498357898
 30
0.0
 40
2.200000000004791
100
AcDbArc
 50
266.8637105175
 51
93.13628948500001
  0
ARC
  5
93A
330
937
100
AcDbEntity
  8
0
  6
Continuous
 62
     7
370
    25
100
AcDbCircle
 10
18.7475826641
 20
13.7668453695
 30
0.0
 40
1.00000000001604
100
AcDbArc
 50
43.876697288
 51
180.0
  0
ARC
  5
93B
330
937
100
AcDbEntity
  8
0
  6
Continuous
 62
     7
370
    25
100
AcDbCircle
 10
18.7475826641
 20
10.7386878706
 30
0.0
 40
1.0
100
AcDbArc
 50
180.0
 51
270.0
  0
ARC
  5
93C
330
937
100
AcDbEntity
  8
0
  6
Continuous
 62
     7
370
    25
100
AcDbCircle
 10
21.6592725669
 20
10.7386878706
 30
0.0
 40
0.9999999999813871
100
AcDbArc
 50
270.0000000008
 51
43.87669728339999
  0
ARC
  5
93D
330
937
100
AcDbEntity
  8
0
  6
Continuous
 62
     7
370
    25
100
AcDbCircle
 10
43.30064901439999
 20
15.2496204733
 30
0.0
 40
1.000000000000001
100
AcDbArc
 50
90.0
 51
225.0
  0
ARC
  5
93E
330
937
100
AcDbEntity
  8
0
  6
Continuous
 62
     7
370
    25
100
AcDbCircle
 10
46.3973680548
 20
12.1529014329
 30
0.0
 40
0.9999999999741618
100
AcDbArc
 50
224.9999999959
 51
0.0
  0
ARC
  5
93F
330
937
100
AcDbEntity
  8
0
  6
Continuous
 62
     7
370
    25
100
AcDbCircle
 10
46.3973680548
 20
15.2496204733
 30
0.0
 40
1.0
100
AcDbArc
 50
359.999999999
 51
89.9999999975
  0
ARC
  5
940
330
937
100
AcDbEntity
  8
0
  6
Continuous
 62
     7
370
    25
100
AcDbCircle
 10
25.3620473384
 20
12.2214629743
 30
0.0
 40
0.9999999999813871
100
AcDbArc
 50
223.8766972839
 51
0.0
  0
ARC
  5
941
330
937
100
AcDbEntity
  8
0
  6
Continuous
 62
     7
370
    25
100
AcDbCircle
 10
25.3620473384
 20
15.2496204733
 30
0.0
 40
1.000000000000002
100
AcDbArc
 50
0.0000000005
 51
90.00000000040001
  0
ARC
  5
942
330
937
100
AcDbEntity
  8
0
  6
Continuous
 62
     7
370
    25
100
AcDbCircle
 10
22.4503574356
 20
15.2496204733
 30
0.0
 40
1.000000000016044
100
AcDbArc
 50
90.0
 51
223.876697288
  0
ARC
  5
943
330
937
100
AcDbEntity
  8
0
  6
Continuous
 62
     7
370
    25
100
AcDbCircle
 10
29.46557941
 20
12.1529014329
 30
0.0
 40
1.0
100
AcDbArc
 50
180.0
 51
315.0
  0
ARC
  5
944
330
937
100
AcDbEntity
  8
0
  6
Continuous
 62
     7
370
    25
100
AcDbCircle
 10
32.5622984504
 20
15.2496204733
 30
0.0
 40
1.000000000009512
100
AcDbArc
 50
314.9999999973
 51
90.00000000440001
  0
ARC
  5
945
330
937
100
AcDbEntity
  8
0
  6
Continuous
 62
     7
370
    25
100
AcDbCircle
 10
29.46557941
 20
15.2496204733
 30
0.0
 40
1.0
100
AcDbArc
 50
90.0
 51
180.0
  0
ARC
  5
946
330
937
100
AcDbEntity
  8
0
  6
Continuous
 62
     7
370
    25
100
AcDbCircle
 10
35.8296235996
 20
10.7386878706
 30
0.0
 40
1.000000000000001
100
AcDbArc
 50
270.0
 51
0.0
  0
ARC
  5
947
330
937
100
AcDbEntity
  8
0
  6
Continuous
 62
     7
370
    25
100
AcDbCircle
 10
35.8296235996
 20
13.8354069109
 30
0.0
 40
1.0
100
AcDbArc
 50
359.9999999987001
 51
135.0000000005
  0
ARC
  5
948
330
937
100
AcDbEntity
  8
0
  6
Continuous
 62
     7
370
    25
100
AcDbCircle
 10
32.7329045593
 20
10.7386878706
 30
0.0
 40
1.000000000009519
100
AcDbArc
 50
135.0
 51
270.0
  0
ARC
  5
949
330
937
100
AcDbEntity
  8
0
  6
Continuous
 62
     7
370
    25
100
AcDbCircle
 10
42.9797906146
 20
10.7386878706
 30
0.0
 40
1.000000000000001
100
AcDbArc
 50
269.9999999987
 51
45.0000000005
  0
ARC
  5
94A
330
937
100
AcDbEntity
  8
0
  6
Continuous
 62
     7
370
    25
100
AcDbCircle
 10
39.8830715743
 20
13.8354069109
 30
0.0
 40
1.000000000009514
100
AcDbArc
 50
45.0
 51
180.0
  0
ARC
  5
94B
330
937
100
AcDbEntity
  8
0
  6
Continuous
 62
     7
370
    25
100
AcDbCircle
 10
39.8830715743
 20
10.7386878706
 30
0.0
 40
1.0
100
AcDbArc
 50
180.0
 51
270.0
  0
LINE
  5
94C
330
937
100
AcDbEntity
  8
0
  6
Continuous
 62
     7
370
    25
100
AcDbLine
 10
19.468415729
 20
14.4599540858
 30
0.0
 11
22.3801056318
 21
11.4317965868
 31
0.0
  0
LINE
  5
94D
330
937
100
AcDbEntity
  8
0
  6
Continuous
 62
     7
370
    25
100
AcDbLine
 10
17.7475826641
 20
10.7386878706
 30
0.0
 11
17.7475826641
 21
13.7668453695
 31
0.0
  0
LINE
  5
94E
330
937
100
AcDbEntity
  8
0
  6
Continuous
 62
     7
370
    25
100
AcDbLine
 10
21.6592725669
 20
9.738687870599999
 30
0.0
 11
18.7475826641
 21
9.738687870599999
 31
0.0
  0
LINE
  5
94F
330
937
100
AcDbEntity
  8
0
  6
Continuous
 62
     7
370
    25
100
AcDbLine
 10
43.30064901439999
 20
16.2496204733
 30
0.0
 11
46.3973680548
 21
16.2496204733
 31
0.0
  0
LINE
  5
950
330
937
100
AcDbEntity
  8
0
  6
Continuous
 62
     7
370
    25
100
AcDbLine
 10
45.69026127359999
 20
11.4457946518
 30
0.0
 11
42.5935422332
 21
14.5425136921
 31
0.0
  0
LINE
  5
951
330
937
100
AcDbEntity
  8
0
  6
Continuous
 62
     7
370
    25
100
AcDbLine
 10
47.39736805479999
 20
15.2496204733
 30
0.0
 11
47.39736805479999
 21
12.1529014329
 31
0.0
  0
LINE
  5
952
330
937
100
AcDbEntity
  8
0
  6
Continuous
 62
     7
370
    25
100
AcDbLine
 10
24.6412142735
 20
11.5283542581
 30
0.0
 11
21.7295243707
 21
14.556511757
 31
0.0
  0
LINE
  5
953
330
937
100
AcDbEntity
  8
0
  6
Continuous
 62
     7
370
    25
100
AcDbLine
 10
26.3620473384
 20
15.2496204733
 30
0.0
 11
26.3620473384
 21
12.2214629743
 31
0.0
  0
LINE
  5
954
330
937
100
AcDbEntity
  8
0
  6
Continuous
 62
     7
370
    25
100
AcDbLine
 10
22.4503574356
 20
16.2496204733
 30
0.0
 11
25.3620473384
 21
16.2496204733
 31
0.0
  0
LINE
  5
955
330
937
100
AcDbEntity
  8
0
  6
Continuous
 62
     7
370
    25
100
AcDbLine
 10
28.46557941
 20
12.1529014329
 30
0.0
 11
28.46557941
 21
15.2496204733
 31
0.0
  0
LINE
  5
956
330
937
100
AcDbEntity
  8
0
  6
Continuous
 62
     7
370
    25
100
AcDbLine
 10
33.2694052315
 20
14.5425136921
 30
0.0
 11
30.1726861912
 21
11.4457946517
 31
0.0
  0
LINE
  5
957
330
937
100
AcDbEntity
  8
0
  6
Continuous
 62
     7
370
    25
100
AcDbLine
 10
29.46557941
 20
16.2496204733
 30
0.0
 11
32.56229845030001
 21
16.2496204733
 31
0.0
  0
LINE
  5
958
330
937
100
AcDbEntity
  8
0
  6
Continuous
 62
     7
370
    25
100
AcDbLine
 10
35.8296235996
 20
9.738687870599999
 30
0.0
 11
32.7329045593
 21
9.738687870599999
 31
0.0
  0
LINE
  5
959
330
937
100
AcDbEntity
  8
0
  6
Continuous
 62
     7
370
    25
100
AcDbLine
 10
36.8296235996
 20
13.8354069109
 30
0.0
 11
36.8296235996
 21
10.7386878706
 31
0.0
  0
LINE
  5
95A
330
937
100
AcDbEntity
  8
0
  6
Continuous
 62
     7
370
    25
100
AcDbLine
 10
32.0257977781
 20
11.4457946518
 30
0.0
 11
35.1225168184
 21
14.5425136921
 31
0.0
  0
LINE
  5
95B
330
937
100
AcDbEntity
  8
0
  6
Continuous
 62
     7
370
    25
100
AcDbLine
 10
42.9797906146
 20
9.738687870599999
 30
0.0
 11
39.8830715743
 21
9.738687870599999
 31
0.0
  0
LINE
  5
95C
330
937
100
AcDbEntity
  8
0
  6
Continuous
 62
     7
370
    25
100
AcDbLine
 10
40.5901783555
 20
14.5425136921
 30
0.0
 11
43.6868973958
 21
11.4457946518
 31
0.0
  0
LINE
  5
95D
330
937
100
AcDbEntity
  8
0
  6
Continuous
 62
     7
370
    25
100
AcDbLine
 10
38.8830715743
 20
10.7386878706
 30
0.0
 11
38.8830715743
 21
13.8354069109
 31
0.0
  0
LINE
  5
95E
330
937
100
AcDbEntity
  8
0
  6
Continuous
 62
     7
370
    25
100
AcDbLine
 10
18.7697067701
 20
6.9780829409
 30
0.0
 11
18.7697067613
 21
7.2471383962
 31
0.0
  0
LINE
  5
95F
330
937
100
AcDbEntity
  8
0
  6
Continuous
 62
     7
370
    25
100
AcDbLine
 10
17.7700161394
 20
7.2244769759
 30
0.0
 11
17.7700161394
 21
6.953210407999999
 31
0.0
  0
LINE
  5
960
330
937
100
AcDbEntity
  8
0
  6
Continuous
 62
     7
370
    25
100
AcDbLine
 10
17.7700161394
 20
6.953210407999999
 30
0.0
 11
18.7697067701
 21
6.9780829409
 31
0.0
  0
LINE
  5
961
330
937
100
AcDbEntity
  8
0
  6
Continuous
 62
     7
370
    25
100
AcDbLine
 10
19.969335527
 20
7.007929980399999
 30
0.0
 11
19.9693355173
 21
7.2788694626
 31
0.0
  0
LINE
  5
962
330
937
100
AcDbEntity
  8
0
  6
Continuous
 62
     7
370
    25
100
AcDbLine
 10
18.9696448963
 20
7.252102038899998
 30
0.0
 11
18.9696448963
 21
6.9830574475
 31
0.0
  0
LINE
  5
963
330
937
100
AcDbEntity
  8
0
  6
Continuous
 62
     7
370
    25
100
AcDbLine
 10
18.9696448963
 20
6.9830574475
 30
0.0
 11
19.969335527
 21
7.007929980399999
 31
0.0
  0
LINE
  5
964
330
937
100
AcDbEntity
  8
0
  6
Continuous
 62
     7
370
    25
100
AcDbLine
 10
21.1689642838
 20
7.0377770199
 30
0.0
 11
21.1689642838
 21
7.3148101257
 31
0.0
  0
LINE
  5
965
330
937
100
AcDbEntity
  8
0
  6
Continuous
 62
     7
370
    25
100
AcDbLine
 10
20.1692738647
 20
7.284587347799998
 30
0.0
 11
20.1692736531
 21
7.012904487
 31
0.0
  0
LINE
  5
966
330
937
100
AcDbEntity
  8
0
  6
Continuous
 62
     7
370
    25
100
AcDbLine
 10
20.1692736531
 20
7.012904487
 30
0.0
 11
21.1689642838
 21
7.0377770199
 31
0.0
  0
LINE
  5
967
330
937
100
AcDbEntity
  8
0
  6
Continuous
 62
     7
370
    25
100
AcDbLine
 10
51.51972936589999
 20
8.3047475786
 30
0.0
 11
51.5197290272
 21
8.4265895212
 31
0.0
  0
LINE
  5
968
330
937
100
AcDbEntity
  8
0
  6
Continuous
 62
     7
370
    25
100
AcDbLine
 10
50.5204030784
 20
8.389907171499999
 30
0.0
 11
50.5204031955
 21
8.268043284099999
 31
0.0
  0
LINE
  5
969
330
937
100
AcDbEntity
  8
0
  6
Continuous
 62
     7
370
    25
100
AcDbLine
 10
50.5204031955
 20
8.268043284099999
 30
0.0
 11
51.51972936589999
 21
8.3047475786
 31
0.0
  0
LINE
  5
96A
330
937
100
AcDbEntity
  8
0
  6
Continuous
 62
     7
370
    25
100
AcDbLine
 10
52.71892077029999
 20
8.348792731899999
 30
0.0
 11
52.7189204731
 21
8.470600086299999
 31
0.0
  0
LINE
  5
96B
330
937
100
AcDbEntity
  8
0
  6
Continuous
 62
     7
370
    25
100
AcDbLine
 10
51.71959444
 20
8.4339251057
 30
0.0
 11
51.7195946
 21
8.312088437499998
 31
0.0
  0
LINE
  5
96C
330
937
100
AcDbEntity
  8
0
  6
Continuous
 62
     7
370
    25
100
AcDbLine
 10
51.7195946
 20
8.312088437499998
 30
0.0
 11
52.71892077029999
 21
8.348792731899999
 31
0.0
  0
LINE
  5
96D
330
937
100
AcDbEntity
  8
0
  6
Continuous
 62
     7
370
    25
100
AcDbLine
 10
53.91811217479999
 20
8.3928378853
 30
0.0
 11
53.91811205399999
 21
8.514607097799999
 31
0.0
  0
LINE
  5
96E
330
937
100
AcDbEntity
  8
0
  6
Continuous
 62
     7
370
    25
100
AcDbLine
 10
52.9187857327
 20
8.4779346845
 30
0.0
 11
52.9187860044
 21
8.3561335908
 31
0.0
  0
LINE
  5
96F
330
937
100
AcDbEntity
  8
0
  6
Continuous
 62
     7
370
    25
100
AcDbLine
 10
52.9187860044
 20
8.3561335908
 30
0.0
 11
53.91811217479999
 21
8.3928378853
 31
0.0
  0
LINE
  5
970
330
937
100
AcDbEntity
  8
0
  6
Continuous
 62
     7
370
    25
100
AcDbLine
 10
0.7603490536000001
 20
9.949835789799999
 30
0.0
 11
0.0
 21
9.189486736199999
 31
0.0
  0
LINE
  5
971
330
937
100
AcDbEntity
  8
0
  6
Continuous
 62
     7
370
    25
100
AcDbLine
 10
0.0366073168
 20
10.6735775266
 30
0.0
 11
0.7603490536000001
 21
9.949835789799999
 31
0.0
  0
LINE
  5
972
330
937
100
AcDbEntity
  8
0
  6
Continuous
 62
     7
370
    25
100
AcDbLine
 10
57.99966963350001
 20
13.9498301394
 30
0.0
 11
57.99966963350001
 21
16.69507412619999
 31
0.0
  0
LINE
  5
973
330
937
100
AcDbEntity
  8
0
  6
Continuous
 62
     7
370
    25
100
AcDbLine
 10
57.99966963350001
 20
13.9498301394
 30
0.0
 11
55.9996655388
 21
13.9498301394
 31
0.0
  0
LINE
  5
974
330
937
100
AcDbEntity
  8
0
  6
Continuous
 62
     7
370
    25
100
AcDbLine
 10
55.9996655388
 20
10.9498301394
 30
0.0
 11
55.9996655388
 21
13.9498301394
 31
0.0
  0
LINE
  5
975
330
937
100
AcDbEntity
  8
0
  6
Continuous
 62
     7
370
    25
100
AcDbLine
 10
57.9996655388
 20
10.9498301394
 30
0.0
 11
55.9996655388
 21
10.9498301394
 31
0.0
  0
LINE
  5
976
330
937
100
AcDbEntity
  8
0
  6
Continuous
 62
     7
370
    25
100
AcDbLine
 10
57.9996655388
 20
10.9498301394
 30
0.0
 11
57.9996655388
 21
8.6644212114
 31
0.0
  0
LINE
  5
977
330
937
100
AcDbEntity
  8
0
  6
Continuous
 62
     7
370
    25
100
AcDbLine
 10
54.1179754074
 20
8.521940430099999
 30
0.0
 11
54.1179754074
 21
-0.0000012156
 31
0.0
  0
LINE
  5
978
330
937
100
AcDbEntity
  8
0
  6
Continuous
 62
     7
370
    25
100
AcDbLine
 10
54.1179754074
 20
-0.0000012156
 30
0.0
 11
50.1179754163
 21
-0.0000012156
 31
0.0
  0
LINE
  5
979
330
937
100
AcDbEntity
  8
0
  6
Continuous
 62
     7
370
    25
100
AcDbLine
 10
50.1179754163
 20
-0.0000012156
 30
0.0
 11
50.1179754163
 21
8.253261354600001
 31
0.0
  0
LINE
  5
97A
330
937
100
AcDbEntity
  8
0
  6
Continuous
 62
     7
370
    25
100
AcDbLine
 10
50.1179754163
 20
8.253261354600001
 30
0.0
 11
50.3205359601
 21
8.2607012096
 31
0.0
  0
LINE
  5
97B
330
937
100
AcDbEntity
  8
0
  6
Continuous
 62
     7
370
    25
100
AcDbLine
 10
50.3205359601
 20
8.2607012096
 30
0.0
 11
50.3205359601
 21
8.382567513199999
 31
0.0
  0
LINE
  5
97C
330
937
100
AcDbEntity
  8
0
  6
Continuous
 62
     7
370
    25
100
AcDbLine
 10
21.3689004364
 20
7.3211564399
 30
0.0
 11
21.3689004364
 21
-0.0000019736
 31
0.0
  0
LINE
  5
97D
330
937
100
AcDbEntity
  8
0
  6
Continuous
 62
     7
370
    25
100
AcDbLine
 10
21.3689004364
 20
-0.0000019736
 30
0.0
 11
17.368900439
 21
-0.0000019736
 31
0.0
  0
LINE
  5
97E
330
937
100
AcDbEntity
  8
0
  6
Continuous
 62
     7
370
    25
100
AcDbLine
 10
17.368900439
 20
-0.0000019736
 30
0.0
 11
17.368900439
 21
6.9432286326
 31
0.0
  0
LINE
  5
97F
330
937
100
AcDbEntity
  8
0
  6
Continuous
 62
     7
370
    25
100
AcDbLine
 10
17.368900439
 20
6.9432286326
 30
0.0
 11
17.5700760398
 21
6.948233927799998
 31
0.0
  0
LINE
  5
980
330
937
100
AcDbEntity
  8
0
  6
Continuous
 62
     7
370
    25
100
AcDbLine
 10
17.5700760398
 20
6.948233927799998
 30
0.0
 11
17.5700760398
 21
7.2204042361
 31
0.0
  0
SPLINE
  5
981
330
937
100
AcDbEntity
  8
0
  6
Continuous
 62
     7
370
    25
100
AcDbSpline
210
0.0
220
0.0
230
1.0
 70
     8
 71
     3
 72
     8
 73
     4
 74
     0
 42
0.00000001
 43
0.0000000001
 40
0.0
 40
0.0
 40
0.0
 40
0.0
 40
1.0
 40
1.0
 40
1.0
 40
1.0
 10
9.980439297401495
 20
8.753130909979905
 30
0.0
 10
9.940377810217116
 20
8.750935808306852
 30
0.0
 10
9.9002262054852
 20
8.749835789784526
 30
0.0
 10
9.860074555716119
 20
8.749835789784349
 30
0.0
  0
SPLINE
  5
982
330
937
100
AcDbEntity
  8
0
  6
Continuous
 62
     7
370
    25
100
AcDbSpline
210
0.0
220
0.0
230
1.0
 70
     8
 71
     3
 72
     8
 73
     4
 74
     0
 42
0.00000001
 43
0.0000000001
 40
0.0
 40
0.0
 40
0.0
 40
0.0
 40
1.0
 40
1.0
 40
1.0
 40
1.0
 10
9.860074555716119
 20
13.14983578978435
 30
0.0
 10
9.900226205453183
 20
13.14983578978435
 30
0.0
 10
9.940377810153092
 20
13.14873577126396
 30
0.0
 10
9.980439297305613
 20
13.14654066959458
 30
0.0
  0
SPLINE
  5
983
330
937
100
AcDbEntity
  8
0
  6
Continuous
 62
     7
370
    25
100
AcDbSpline
210
0.0
220
0.0
230
1.0
 70
     8
 71
     3
 72
    10
 73
     6
 74
     0
 42
0.00000001
 43
0.0000000001
 40
0.0
 40
0.0
 40
0.0
 40
0.0
 40
0.5000000000000001
 40
0.5000000000000001
 40
1.0
 40
1.0
 40
1.0
 40
1.0
 10
9.860074555716119
 20
8.749835789784349
 30
0.0
 10
8.393407889049457
 20
8.749835789784352
 30
0.0
 10
7.660074555716142
 20
10.21650245645102
 30
0.0
 10
7.660074555716133
 20
11.68316912311768
 30
0.0
 10
8.393407889049452
 20
13.14983578978434
 30
0.0
 10
9.860074555716106
 20
13.14983578978435
 30
0.0
  0
SPLINE
  5
984
330
937
100
AcDbEntity
  8
0
  6
Continuous
 62
     7
370
    25
100
AcDbSpline
210
0.0
220
0.0
230
1.0
 70
     8
 71
     3
 72
     8
 73
     4
 74
     0
 42
0.00000001
 43
0.0000000001
 40
0.3884471809978291
 40
0.3884471809978291
 40
0.3884471809978291
 40
0.3884471809978291
 40
0.3937052491231832
 40
0.3937052491231832
 40
0.3937052491231832
 40
0.3937052491231832
 10
18.76970676128377
 20
7.24713839615645
 30
0.0
 10
18.43649057156255
 20
7.238980357865947
 30
0.0
 10
18.10326026023978
 20
7.23139628462599
 30
0.0
 10
17.7700161394
 20
7.224476975947699
 30
0.0
  0
SPLINE
  5
985
330
937
100
AcDbEntity
  8
0
  6
Continuous
 62
     7
370
    25
100
AcDbSpline
210
0.0
220
0.0
230
1.0
 70
     8
 71
     3
 72
     8
 73
     4
 74
     0
 42
0.00000001
 43
0.0000000001
 40
0.3821369156809396
 40
0.3821369156809396
 40
0.3821369156809396
 40
0.3821369156809396
 40
0.3873955142161207
 40
0.3873955142161207
 40
0.3873955142161207
 40
0.3873955142161207
 10
19.96933551729401
 20
7.278869462588668
 30
0.0
 10
19.63611924819125
 20
7.269436272635142
 30
0.0
 10
19.30288908456593
 20
7.260488473423015
 30
0.0
 10
18.9696448963
 20
7.252102038940986
 30
0.0
  0
SPLINE
  5
986
330
937
100
AcDbEntity
  8
0
  6
Continuous
 62
     7
370
    25
100
AcDbSpline
210
0.0
220
0.0
230
1.0
 70
     8
 71
     3
 72
     8
 73
     4
 74
     0
 42
0.00000001
 43
0.0000000001
 40
0.3758260261577433
 40
0.3758260261577433
 40
0.3758260261577433
 40
0.3758260261577433
 40
0.3810851420633595
 40
0.3810851420633595
 40
0.3810851420633595
 40
0.3810851420633595
 10
21.16896428382099
 20
7.314810125668727
 30
0.0
 10
20.83574719060992
 20
7.304309875223347
 30
0.0
 10
20.50251738901679
 20
7.294212826909567
 30
0.0
 10
20.16927386471514
 20
7.284587347818908
 30
0.0
  0
SPLINE
  5
987
330
937
100
AcDbEntity
  8
0
  6
Continuous
 62
     7
370
    25
100
AcDbSpline
210
0.0
220
0.0
230
1.0
 70
     8
 71
     3
 72
     8
 73
     4
 74
     0
 42
0.00000001
 43
0.0000000001
 40
0.2161242610943796
 40
0.2161242610943796
 40
0.2161242610943796
 40
0.2161242610943796
 40
0.2213825960619379
 40
0.2213825960619379
 40
0.2213825960619379
 40
0.2213825960619379
 10
51.51972902722572
 20
8.4265895212258
 30
0.0
 10
51.18662033197954
 20
8.414363354625139
 30
0.0
 10
50.85351167041785
 20
8.40213622962792
 30
0.0
 10
50.52040307839635
 20
8.389907171516954
 30
0.0
  0
SPLINE
  5
988
330
937
100
AcDbEntity
  8
0
  6
Continuous
 62
     7
370
    25
100
AcDbSpline
210
0.0
220
0.0
230
1.0
 70
     8
 71
     3
 72
     8
 73
     4
 74
     0
 42
0.00000001
 43
0.0000000001
 40
0.2098142590724803
 40
0.2098142590724803
 40
0.2098142590724803
 40
0.2098142590724803
 40
0.2150725930947047
 40
0.2150725930947047
 40
0.2150725930947047
 40
0.2150725930947047
 10
52.71892047309719
 20
8.470600086345557
 30
0.0
 10
52.38581177341798
 20
8.458375683326753
 30
0.0
 10
52.05270308966936
 20
8.446150869019815
 30
0.0
 10
51.71959443996613
 20
8.433925105722066
 30
0.0
  0
SPLINE
  5
989
330
937
100
AcDbEntity
  8
0
  6
Continuous
 62
     7
370
    25
100
AcDbSpline
210
0.0
220
0.0
230
1.0
 70
     8
 71
     3
 72
     8
 73
     4
 74
     0
 42
0.00000001
 43
0.0000000001
 40
0.2035042570645535
 40
0.2035042570645535
 40
0.2035042570645535
 40
0.2035042570645535
 40
0.208762592067885
 40
0.208762592067885
 40
0.208762592067885
 40
0.208762592067885
 10
53.91811205395359
 20
8.514607097837039
 30
0.0
 10
53.58500327997436
 20
8.50238290533699
 30
0.0
 10
53.251894500188
 20
8.490158946792231
 30
0.0
 10
52.91878573270929
 20
8.477934684499777
 30
0.0
  0
SPLINE
  5
98A
330
937
100
AcDbEntity
  8
0
  6
Continuous
 62
     7
370
    25
100
AcDbSpline
210
0.0
220
0.0
230
1.0
 70
     8
 71
     3
 72
    46
 73
    42
 74
     0
 42
0.00000001
 43
0.0000000001
 40
0.4977976510702835
 40
0.4977976510702835
 40
0.4977976510702835
 40
0.4977976510702835
 40
0.4988976851387915
 40
0.5008465042213653
 40
0.5027953233039387
 40
0.5047441423865117
 40
0.5066929614690851
 40
0.5086417805516587
 40
0.5105905996342322
 40
0.5144882377993787
 40
0.5183858759645254
 40
0.5222835141296726
 40
0.5261811522948192
 40
0.5300787904599664
 40
0.533976428625113
 40
0.5378740667902596
 40
0.5417717049554068
 40
0.5456693431205533
 40
0.5495669812857002
 40
0.5534646194508471
 40
0.5612598957811407
 40
0.5690551721114341
 40
0.5768504484417277
 40
0.5846457247720215
 40
0.5924410011023153
 40
0.6002362774326086
 40
0.6080315537629022
 40
0.6236221064234896
 40
0.6392126590840767
 40
0.654803211744664
 40
0.6703937644052511
 40
0.6859843170658385
 40
0.7015748697264255
 40
0.717165422387013
 40
0.7327559750476
 40
0.7483465277081876
 40
0.7639370803687744
 40
0.7795276330293622
 40
0.7951181856899491
 40
0.8107087383505364
 40
0.8124831015476646
 40
0.8124831015476646
 40
0.8124831015476646
 40
0.8124831015476646
 10
0.0366073168000053
 20
10.6735775266
 30
0.0
 10
0.0742155812934339
 20
10.73229615611449
 30
0.0
 10
0.1845798527793047
 20
10.89115881507917
 30
0.0
 10
0.3858589544257253
 20
11.13614246735694
 30
0.0
 10
0.6383511550866748
 20
11.40754770392808
 30
0.0
 10
0.899694466535575
 20
11.67037144946691
 30
0.0
 10
1.164255880753864
 20
11.92990943645051
 30
0.0
 10
1.434643592323094
 20
12.18345210031402
 30
0.0
 10
1.806384539215685
 20
12.50913396200801
 30
0.0
 10
2.294263897769884
 20
12.88876253332573
 30
0.0
 10
2.911636159183236
 20
13.29976403709149
 30
0.0
 10
3.553483712989084
 20
13.67107932534635
 30
0.0
 10
4.211800290483902
 20
14.01206215333595
 30
0.0
 10
4.883644223346824
 20
14.32554018089114
 30
0.0
 10
5.565495619182623
 20
14.61640591836119
 30
0.0
 10
6.254902915322035
 20
14.88886672712473
 30
0.0
 10
6.950304385049365
 20
15.14554931160926
 30
0.0
 10
7.650031686310793
 20
15.39017707938744
 30
0.0
 10
8.353610302395754
 20
15.62348235185618
 30
0.0
 10
9.296849094674332
 20
15.91866657862136
 30
0.0
 10
10.48503239649407
 20
16.25747353129423
 30
0.0
 10
11.92243804723396
 20
16.62078298230209
 30
0.0
 10
13.3689177073271
 20
16.94592682597052
 30
0.0
 10
14.82278587958062
 20
17.23622426908975
 30
0.0
 10
16.28319351532425
 20
17.49158574474832
 30
0.0
 10
17.74946872112591
 20
17.71087466831332
 30
0.0
 10
19.71140166224562
 20
17.95269047643298
 30
0.0
 10
22.17312564023825
 20
18.17006558568181
 30
0.0
 10
25.13398626934093
 20
18.32979556574554
 30
0.0
 10
28.09736645360795
 20
18.42797705033607
 30
0.0
 10
31.0616879375052
 20
18.49014105292979
 30
0.0
 10
34.02670730760505
 20
18.50348127827619
 30
0.0
 10
36.99147531733622
 20
18.46192822736881
 30
0.0
 10
39.95474218792546
 20
18.35816417075851
 30
0.0
 10
42.91554702285622
 20
18.20013520568572
 30
0.0
 10
45.87333521513217
 20
17.99327057006182
 30
0.0
 10
48.82783915747847
 20
17.74416413833749
 30
0.0
 10
51.77850123225804
 20
17.45294582109763
 30
0.0
 10
54.72477361224378
 20
17.12031608713265
 30
0.0
 10
56.79722531338235
 20
16.85674462454519
 30
0.0
 10
57.88820329548739
 20
16.71013453534484
 30
0.0
 10
57.99966963348406
 20
16.69507412616063
 30
0.0
  0
SPLINE
  5
98B
330
937
100
AcDbEntity
  8
0
  6
Continuous
 62
     7
370
    25
100
AcDbSpline
210
0.0
220
0.0
230
1.0
 70
     8
 71
     3
 72
     8
 73
     4
 74
     0
 42
0.00000001
 43
0.0000000001
 40
0.1820275966100769
 40
0.1820275966100769
 40
0.1820275966100769
 40
0.1820275966100769
 40
0.2024525900708171
 40
0.2024525900708171
 40
0.2024525900708171
 40
0.2024525900708171
 10
57.99966553877933
 20
8.664421211439931
 30
0.0
 10
56.7057694232286
 20
8.616912544343181
 30
0.0
 10
55.41187251815967
 20
8.569423405845952
 30
0.0
 10
54.11797540741077
 20
8.521940430081157
 30
0.0
  0
SPLINE
  5
98C
330
937
100
AcDbEntity
  8
0
  6
Continuous
 62
     7
370
    25
100
AcDbSpline
210
0.0
220
0.0
230
1.0
 70
     8
 71
     3
 72
    17
 73
    13
 74
     0
 42
0.00000001
 43
0.0000000001
 40
0.2224342630481056
 40
0.2224342630481056
 40
0.2224342630481056
 40
0.2224342630481056
 40
0.2338582899088086
 40
0.2494488425693957
 40
0.2650393952299831
 40
0.2806299478905703
 40
0.2962205005511576
 40
0.327401605872332
 40
0.3429921585329193
 40
0.3585827111935065
 40
0.3663779875238
 40
0.3747741535911829
 40
0.3747741535911829
 40
0.3747741535911829
 40
0.3747741535911829
 10
50.32053596011077
 20
8.38256751323512
 30
0.0
 10
49.59683897713848
 20
8.355997355458342
 30
0.0
 10
47.88550202516778
 20
8.293141415309451
 30
0.0
 10
45.18653226810857
 20
8.193806151927239
 30
0.0
 10
42.22362518626957
 20
8.084601003495766
 30
0.0
 10
39.26070817772516
 20
7.975666165331709
 30
0.0
 10
35.31011233378214
 20
7.831503926372094
 30
0.0
 10
31.35945569703003
 20
7.688998676021252
 30
0.0
 10
27.40899267102349
 20
7.541239564311677
 30
0.0
 10
24.94006204411236
 20
7.446004628770128
 30
0.0
 10
22.92668344087064
 20
7.372909005539137
 30
0.0
 10
21.90087268405114
 20
7.338173195117793
 30
0.0
 10
21.36890043637446
 20
7.321156439928826
 30
0.0
  0
SPLINE
  5
98D
330
937
100
AcDbEntity
  8
0
  6
Continuous
 62
     7
370
    25
100
AcDbSpline
210
0.0
220
0.0
230
1.0
 70
     8
 71
     3
 72
    26
 73
    22
 74
     0
 42
0.00000001
 43
0.0000000001
 40
0.3947568101675339
 40
0.3947568101675339
 40
0.3947568101675339
 40
0.3947568101675339
 40
0.3975590928449745
 40
0.4053543691752683
 40
0.4131496455055619
 40
0.4209449218358554
 40
0.4287401981661489
 40
0.4365354744964426
 40
0.4443307508267362
 40
0.4521260271570299
 40
0.4599213034873234
 40
0.4638189416524705
 40
0.4677165798176171
 40
0.4716142179827639
 40
0.4755118561479108
 40
0.4794094943130575
 40
0.4833071324782043
 40
0.4852559515607778
 40
0.4872047706433512
 40
0.4891535897259246
 40
0.4894084920488007
 40
0.4894084920488007
 40
0.4894084920488007
 40
0.4894084920488007
 10
17.57007603977446
 20
7.220404236101181
 30
0.0
 10
17.39247095524358
 20
7.216860474645374
 30
0.0
 10
16.72079652542541
 20
7.204193866002437
 30
0.0
 10
15.55496149427564
 20
7.18738606222969
 30
0.0
 10
14.07252173415534
 20
7.177909919185244
 30
0.0
 10
12.59004455371721
 20
7.181872037578133
 30
0.0
 10
11.10770629296305
 20
7.202285357875112
 30
0.0
 10
9.62567422950793
 20
7.239110401608562
 30
0.0
 10
8.144364164592872
 20
7.299030503004304
 30
0.0
 10
6.663845144608311
 20
7.373695798128211
 30
0.0
 10
5.430926103363369
 20
7.455301037055492
 30
0.0
 10
4.448383841724931
 20
7.563455853544023
 30
0.0
 10
3.714499937522303
 20
7.668621112630852
 30
0.0
 10
2.985831511580053
 20
7.80487232753921
 30
0.0
 10
2.258449266127604
 20
7.947620259020728
 30
0.0
 10
1.53575013594181
 20
8.113846017728793
 30
0.0
 10
0.9601604621019832
 20
8.349166650392742
 30
0.0
 10
0.5479009380938728
 20
8.623823972770987
 30
0.0
 10
0.2651593158790404
 20
8.864470460591519
 30
0.0
 10
0.0904461675602035
 20
9.062461734404683
 30
0.0
 10
0.0092239169189532
 20
9.176211269058743
 30
0.0
 10
-0.0000000000499995
 20
9.189486736149998
 30
0.0
  0
ENDBLK
  5
98E
330
937
100
AcDbEntity
  8
0
100
AcDbBlockEnd
  0
BLOCK
  5
990
330
98F
100
AcDbEntity
  8
0
100
AcDbBlockBegin
  2
tail_第五块翼肋
 70
     0
 10
0.0
 20
0.0
 30
0.0
  3
tail_第五块翼肋
  1

  0
ARC
  5
991
330
98F
100
AcDbEntity
  8
0
  6
Continuous
 62
     7
370
    25
100
AcDbCircle
 10
10.0838192227
 20
10.9498357898
 30
0.0
 40
2.20000000001103
100
AcDbArc
 50
266.863710512
 51
93.13628948540001
  0
ARC
  5
992
330
98F
100
AcDbEntity
  8
0
  6
Continuous
 62
     7
370
    25
100
AcDbCircle
 10
18.0427543156
 20
13.4420295515
 30
0.0
 40
1.0000000000132
100
AcDbArc
 50
45.335059213
 51
180.0
  0
ARC
  5
993
330
98F
100
AcDbEntity
  8
0
  6
Continuous
 62
     7
370
    25
100
AcDbCircle
 10
18.0427543156
 20
10.3228322501
 30
0.0
 40
1.0
100
AcDbArc
 50
180.0
 51
270.0
  0
ARC
  5
994
330
98F
100
AcDbEntity
  8
0
  6
Continuous
 62
     7
370
    25
100
AcDbCircle
 10
21.1986480559
 20
10.3228322501
 30
0.0
 40
0.999999999978044
100
AcDbArc
 50
270.0000000008
 51
45.3350592168
  0
ARC
  5
995
330
98F
100
AcDbEntity
  8
0
  6
Continuous
 62
     7
370
    25
100
AcDbCircle
 10
43.2165003636
 20
13.8343651828
 30
0.0
 40
0.9999999999938447
100
AcDbArc
 50
223.2390654669
 51
0.0
  0
ARC
  5
996
330
98F
100
AcDbEntity
  8
0
  6
Continuous
 62
     7
370
    25
100
AcDbCircle
 10
43.2165003636
 20
14.8364170762
 30
0.0
 40
1.0
100
AcDbArc
 50
0.0000000004
 51
89.99999999959999
  0
ARC
  5
997
330
98F
100
AcDbEntity
  8
0
  6
Continuous
 62
     7
370
    25
100
AcDbCircle
 10
42.2742244679
 20
14.8364170762
 30
0.0
 40
0.9999999999938431
100
AcDbArc
 50
90.0
 51
223.2390654669
  0
ARC
  5
998
330
98F
100
AcDbEntity
  8
0
  6
Continuous
 62
     7
370
    25
100
AcDbCircle
 10
24.8169362285
 20
11.7172197748
 30
0.0
 40
0.9999999999780442
100
AcDbArc
 50
225.335059217
 51
0.0
  0
ARC
  5
999
330
98F
100
AcDbEntity
  8
0
  6
Continuous
 62
     7
370
    25
100
AcDbCircle
 10
24.8169362285
 20
14.8364170762
 30
0.0
 40
1.0
100
AcDbArc
 50
0.0000000013
 51
89.9999999987
  0
ARC
  5
99A
330
98F
100
AcDbEntity
  8
0
  6
Continuous
 62
     7
370
    25
100
AcDbCircle
 10
21.6610424883
 20
14.8364170762
 30
0.0
 40
0.9999999999780387
100
AcDbArc
 50
90.0
 51
225.335059217
  0
ARC
  5
99B
330
98F
100
AcDbEntity
  8
0
  6
Continuous
 62
     7
370
    25
100
AcDbCircle
 10
28.7430535525
 20
11.7370458125
 30
0.0
 40
1.0
100
AcDbArc
 50
180.0
 51
315.0
  0
ARC
  5
99C
330
98F
100
AcDbEntity
  8
0
  6
Continuous
 62
     7
370
    25
100
AcDbCircle
 10
31.8424248162
 20
14.8364170762
 30
0.0
 40
1.000000000009514
100
AcDbArc
 50
315.0000000013
 51
89.9999999987
  0
ARC
  5
99D
330
98F
100
AcDbEntity
  8
0
  6
Continuous
 62
     7
370
    25
100
AcDbCircle
 10
28.7430535525
 20
14.8364170762
 30
0.0
 40
1.0
100
AcDbArc
 50
90.0
 51
180.0
  0
ARC
  5
99E
330
98F
100
AcDbEntity
  8
0
  6
Continuous
 62
     7
370
    25
100
AcDbCircle
 10
35.0729997859
 20
10.3228322501
 30
0.0
 40
1.0
100
AcDbArc
 50
270.0
 51
0.0
  0
ARC
  5
99F
330
98F
100
AcDbEntity
  8
0
  6
Continuous
 62
     7
370
    25
100
AcDbCircle
 10
35.0729997859
 20
13.4222035138
 30
0.0
 40
1.000000000000007
100
AcDbArc
 50
359.9999999987001
 51
135.0000000005
  0
ARC
  5
9A0
330
98F
100
AcDbEntity
  8
0
  6
Continuous
 62
     7
370
    25
100
AcDbCircle
 10
31.9736285222
 20
10.3228322501
 30
0.0
 40
1.000000000009515
100
AcDbArc
 50
135.0
 51
270.0
  0
ARC
  5
9A1
330
98F
100
AcDbEntity
  8
0
  6
Continuous
 62
     7
370
    25
100
AcDbCircle
 10
39.0914742881
 20
13.3132188762
 30
0.0
 40
1.000000000028115
100
AcDbArc
 50
43.23906547109999
 51
180.0
  0
ARC
  5
9A2
330
98F
100
AcDbEntity
  8
0
  6
Continuous
 62
     7
370
    25
100
AcDbCircle
 10
39.0914742881
 20
10.3228322501
 30
0.0
 40
1.0
100
AcDbArc
 50
180.0
 51
270.0
  0
ARC
  5
9A3
330
98F
100
AcDbEntity
  8
0
  6
Continuous
 62
     7
370
    25
100
AcDbCircle
 10
41.9034736018
 20
10.3228322501
 30
0.0
 40
0.9999999999938447
100
AcDbArc
 50
270.0000000008
 51
43.2390654656
  0
LINE
  5
9A4
330
98F
100
AcDbEntity
  8
0
  6
Continuous
 62
     7
370
    25
100
AcDbLine
 10
18.7457139495
 20
14.1532592986
 30
0.0
 11
21.9016076897
 21
11.0340619972
 31
0.0
  0
LINE
  5
9A5
330
98F
100
AcDbEntity
  8
0
  6
Continuous
 62
     7
370
    25
100
AcDbLine
 10
17.0427543156
 20
10.3228322501
 30
0.0
 11
17.0427543156
 21
13.4420295515
 31
0.0
  0
LINE
  5
9A6
330
98F
100
AcDbEntity
  8
0
  6
Continuous
 62
     7
370
    25
100
AcDbLine
 10
21.1986480559
 20
9.322832250099999
 30
0.0
 11
18.0427543156
 21
9.322832250099999
 31
0.0
  0
LINE
  5
9A7
330
98F
100
AcDbEntity
  8
0
  6
Continuous
 62
     7
370
    25
100
AcDbLine
 10
42.48799864419999
 20
13.1493212099
 30
0.0
 11
41.54572274849999
 21
14.1513731033
 31
0.0
  0
LINE
  5
9A8
330
98F
100
AcDbEntity
  8
0
  6
Continuous
 62
     7
370
    25
100
AcDbLine
 10
44.21650036359999
 20
14.8364170762
 30
0.0
 11
44.21650036359999
 21
13.8343651828
 31
0.0
  0
LINE
  5
9A9
330
98F
100
AcDbEntity
  8
0
  6
Continuous
 62
     7
370
    25
100
AcDbLine
 10
42.2742244679
 20
15.8364170762
 30
0.0
 11
43.2165003636
 21
15.8364170762
 31
0.0
  0
LINE
  5
9AA
330
98F
100
AcDbEntity
  8
0
  6
Continuous
 62
     7
370
    25
100
AcDbLine
 10
24.1139765947
 20
11.0059900277
 30
0.0
 11
20.9580828545
 21
14.1251873291
 31
0.0
  0
LINE
  5
9AB
330
98F
100
AcDbEntity
  8
0
  6
Continuous
 62
     7
370
    25
100
AcDbLine
 10
25.8169362285
 20
14.8364170762
 30
0.0
 11
25.8169362285
 21
11.7172197748
 31
0.0
  0
LINE
  5
9AC
330
98F
100
AcDbEntity
  8
0
  6
Continuous
 62
     7
370
    25
100
AcDbLine
 10
21.6610424883
 20
15.8364170762
 30
0.0
 11
24.8169362285
 21
15.8364170762
 31
0.0
  0
LINE
  5
9AD
330
98F
100
AcDbEntity
  8
0
  6
Continuous
 62
     7
370
    25
100
AcDbLine
 10
27.7430535525
 20
11.7370458125
 30
0.0
 11
27.7430535525
 21
14.8364170762
 31
0.0
  0
LINE
  5
9AE
330
98F
100
AcDbEntity
  8
0
  6
Continuous
 62
     7
370
    25
100
AcDbLine
 10
32.5495315974
 20
14.129310295
 30
0.0
 11
29.4501603337
 21
11.0299390313
 31
0.0
  0
LINE
  5
9AF
330
98F
100
AcDbEntity
  8
0
  6
Continuous
 62
     7
370
    25
100
AcDbLine
 10
28.7430535525
 20
15.8364170762
 30
0.0
 11
31.8424248162
 21
15.8364170762
 31
0.0
  0
LINE
  5
9B0
330
98F
100
AcDbEntity
  8
0
  6
Continuous
 62
     7
370
    25
100
AcDbLine
 10
35.0729997859
 20
9.322832250099999
 30
0.0
 11
31.9736285222
 21
9.322832250099999
 31
0.0
  0
LINE
  5
9B1
330
98F
100
AcDbEntity
  8
0
  6
Continuous
 62
     7
370
    25
100
AcDbLine
 10
36.0729997859
 20
13.4222035138
 30
0.0
 11
36.0729997859
 21
10.3228322501
 31
0.0
  0
LINE
  5
9B2
330
98F
100
AcDbEntity
  8
0
  6
Continuous
 62
     7
370
    25
100
AcDbLine
 10
31.266521741
 20
11.0299390313
 30
0.0
 11
34.3658930047
 21
14.129310295
 31
0.0
  0
LINE
  5
9B3
330
98F
100
AcDbEntity
  8
0
  6
Continuous
 62
     7
370
    25
100
AcDbLine
 10
39.8199760075
 20
13.9982628492
 30
0.0
 11
42.6319753212
 21
11.007876223
 31
0.0
  0
LINE
  5
9B4
330
98F
100
AcDbEntity
  8
0
  6
Continuous
 62
     7
370
    25
100
AcDbLine
 10
38.0914742881
 20
10.3228322501
 30
0.0
 11
38.0914742881
 21
13.3132188762
 31
0.0
  0
LINE
  5
9B5
330
98F
100
AcDbEntity
  8
0
  6
Continuous
 62
     7
370
    25
100
AcDbLine
 10
41.9034736018
 20
9.322832250099999
 30
0.0
 11
39.0914742881
 21
9.322832250099999
 31
0.0
  0
LINE
  5
9B6
330
98F
100
AcDbEntity
  8
0
  6
Continuous
 62
     7
370
    25
100
AcDbLine
 10
19.9767238576
 20
7.227714106
 30
0.0
 11
19.9767238482
 21
7.586236702299999
 31
0.0
  0
LINE
  5
9B7
330
98F
100
AcDbEntity
  8
0
  6
Continuous
 62
     7
370
    25
100
AcDbLine
 10
18.9770332269
 20
7.5539418872
 30
0.0
 11
18.9770332269
 21
7.202841573099999
 31
0.0
  0
LINE
  5
9B8
330
98F
100
AcDbEntity
  8
0
  6
Continuous
 62
     7
370
    25
100
AcDbLine
 10
18.9770332269
 20
7.202841573099999
 30
0.0
 11
19.9767238576
 21
7.227714106
 31
0.0
  0
LINE
  5
9B9
330
98F
100
AcDbEntity
  8
0
  6
Continuous
 62
     7
370
    25
100
AcDbLine
 10
21.1763526144
 20
7.257561145499999
 30
0.0
 11
21.176352605
 21
7.627871328099999
 31
0.0
  0
LINE
  5
9BA
330
98F
100
AcDbEntity
  8
0
  6
Continuous
 62
     7
370
    25
100
AcDbLine
 10
20.1766619837
 20
7.5929807538
 30
0.0
 11
20.1766619837
 21
7.232688612599998
 31
0.0
  0
LINE
  5
9BB
330
98F
100
AcDbEntity
  8
0
  6
Continuous
 62
     7
370
    25
100
AcDbLine
 10
20.1766619837
 20
7.232688612599998
 30
0.0
 11
21.1763526144
 21
7.257561145499999
 31
0.0
  0
LINE
  5
9BC
330
98F
100
AcDbEntity
  8
0
  6
Continuous
 62
     7
370
    25
100
AcDbLine
 10
22.3759813713
 20
7.287408185
 30
0.0
 11
22.3759813713
 21
7.671774677899999
 31
0.0
  0
LINE
  5
9BD
330
98F
100
AcDbEntity
  8
0
  6
Continuous
 62
     7
370
    25
100
AcDbLine
 10
21.3762907406
 20
7.6350532319
 30
0.0
 11
21.3762907406
 21
7.2625356521
 31
0.0
  0
LINE
  5
9BE
330
98F
100
AcDbEntity
  8
0
  6
Continuous
 62
     7
370
    25
100
AcDbLine
 10
21.3762907406
 20
7.2625356521
 30
0.0
 11
22.3759813713
 21
7.287408185
 31
0.0
  0
LINE
  5
9BF
330
98F
100
AcDbEntity
  8
0
  6
Continuous
 62
     7
370
    25
100
AcDbLine
 10
42.78826294289999
 20
8.4247679364
 30
0.0
 11
42.7882629777
 21
8.293240454600001
 31
0.0
  0
LINE
  5
9C0
330
98F
100
AcDbEntity
  8
0
  6
Continuous
 62
     7
370
    25
100
AcDbLine
 10
41.78893680739999
 20
8.256536160199997
 30
0.0
 11
41.78893680739999
 21
8.387990716399999
 31
0.0
  0
LINE
  5
9C1
330
98F
100
AcDbEntity
  8
0
  6
Continuous
 62
     7
370
    25
100
AcDbLine
 10
42.7882629777
 20
8.293240454600001
 30
0.0
 11
41.78893680739999
 21
8.256536160199997
 31
0.0
  0
LINE
  5
9C2
330
98F
100
AcDbEntity
  8
0
  6
Continuous
 62
     7
370
    25
100
AcDbLine
 10
43.98745449329999
 20
8.468861633399999
 30
0.0
 11
43.98745438219999
 21
8.337285608
 31
0.0
  0
LINE
  5
9C3
330
98F
100
AcDbEntity
  8
0
  6
Continuous
 62
     7
370
    25
100
AcDbLine
 10
42.9881282118
 20
8.3005813135
 30
0.0
 11
42.9881282118
 21
8.4321200785
 31
0.0
  0
LINE
  5
9C4
330
98F
100
AcDbEntity
  8
0
  6
Continuous
 62
     7
370
    25
100
AcDbLine
 10
43.98745438219999
 20
8.337285608
 30
0.0
 11
42.9881282118
 21
8.3005813135
 31
0.0
  0
LINE
  5
9C5
330
98F
100
AcDbEntity
  8
0
  6
Continuous
 62
     7
370
    25
100
AcDbLine
 10
45.18664582169999
 20
8.5129124376
 30
0.0
 11
45.1866457866
 21
8.381330761299999
 31
0.0
  0
LINE
  5
9C6
330
98F
100
AcDbEntity
  8
0
  6
Continuous
 62
     7
370
    25
100
AcDbLine
 10
44.18731961619999
 20
8.344626466900001
 30
0.0
 11
44.18731961619999
 21
8.4762060553
 31
0.0
  0
LINE
  5
9C7
330
98F
100
AcDbEntity
  8
0
  6
Continuous
 62
     7
370
    25
100
AcDbLine
 10
45.1866457866
 20
8.381330761299999
 30
0.0
 11
44.18731961619999
 21
8.344626466900001
 31
0.0
  0
LINE
  5
9C8
330
98F
100
AcDbEntity
  8
0
  6
Continuous
 62
     7
370
    25
100
AcDbLine
 10
0.7433642370999999
 20
9.949835789799999
 30
0.0
 11
0.0000037368
 21
9.2064752895
 31
0.0
  0
LINE
  5
9C9
330
98F
100
AcDbEntity
  8
0
  6
Continuous
 62
     7
370
    25
100
AcDbLine
 10
0.031134327
 20
10.6620656999
 30
0.0
 11
0.7433642370999999
 21
9.949835789799999
 31
0.0
  0
LINE
  5
9CA
330
98F
100
AcDbEntity
  8
0
  6
Continuous
 62
     7
370
    25
100
AcDbLine
 10
49.31641973619999
 20
13.94984138
 30
0.0
 11
49.31641973619999
 21
16.4811917044
 31
0.0
  0
LINE
  5
9CB
330
98F
100
AcDbEntity
  8
0
  6
Continuous
 62
     7
370
    25
100
AcDbLine
 10
49.31641973619999
 20
13.94984138
 30
0.0
 11
47.31642467100001
 21
13.94984138
 31
0.0
  0
LINE
  5
9CC
330
98F
100
AcDbEntity
  8
0
  6
Continuous
 62
     7
370
    25
100
AcDbLine
 10
47.31642467100001
 20
10.94984138
 30
0.0
 11
47.31642467100001
 21
13.94984138
 31
0.0
  0
LINE
  5
9CD
330
98F
100
AcDbEntity
  8
0
  6
Continuous
 62
     7
370
    25
100
AcDbLine
 10
49.31642467100001
 20
10.94984138
 30
0.0
 11
47.31642467100001
 21
10.94984138
 31
0.0
  0
LINE
  5
9CE
330
98F
100
AcDbEntity
  8
0
  6
Continuous
 62
     7
370
    25
100
AcDbLine
 10
49.31642467100001
 20
10.94984138
 30
0.0
 11
49.31642467100001
 21
8.664490552
 31
0.0
  0
LINE
  5
9CF
330
98F
100
AcDbEntity
  8
0
  6
Continuous
 62
     7
370
    25
100
AcDbLine
 10
45.38651473829999
 20
0.0000042597
 30
0.0
 11
45.38651473829999
 21
8.520255396099999
 31
0.0
  0
LINE
  5
9D0
330
98F
100
AcDbEntity
  8
0
  6
Continuous
 62
     7
370
    25
100
AcDbLine
 10
41.3865147471
 20
0.0000042597
 30
0.0
 11
45.38651473829999
 21
0.0000042597
 31
0.0
  0
LINE
  5
9D1
330
98F
100
AcDbEntity
  8
0
  6
Continuous
 62
     7
370
    25
100
AcDbLine
 10
41.3865147471
 20
8.241759705899999
 30
0.0
 11
41.3865147471
 21
0.0000042597
 31
0.0
  0
LINE
  5
9D2
330
98F
100
AcDbEntity
  8
0
  6
Continuous
 62
     7
370
    25
100
AcDbLine
 10
41.5890752909
 20
8.249199561000001
 30
0.0
 11
41.3865147471
 21
8.241759705899999
 31
0.0
  0
LINE
  5
9D3
330
98F
100
AcDbEntity
  8
0
  6
Continuous
 62
     7
370
    25
100
AcDbLine
 10
41.5890752909
 20
8.3806360591
 30
0.0
 11
41.5890752909
 21
8.249199561000001
 31
0.0
  0
LINE
  5
9D4
330
98F
100
AcDbEntity
  8
0
  6
Continuous
 62
     7
370
    25
100
AcDbLine
 10
22.5759232342
 20
7.6792580421
 30
0.0
 11
22.5759232342
 21
0.0000037366
 31
0.0
  0
LINE
  5
9D5
330
98F
100
AcDbEntity
  8
0
  6
Continuous
 62
     7
370
    25
100
AcDbLine
 10
22.5759232342
 20
0.0000037366
 30
0.0
 11
18.5759232367
 21
0.0000037366
 31
0.0
  0
LINE
  5
9D6
330
98F
100
AcDbEntity
  8
0
  6
Continuous
 62
     7
370
    25
100
AcDbLine
 10
18.5759232367
 20
0.0000037366
 30
0.0
 11
18.5759232367
 21
7.192865507899999
 31
0.0
  0
LINE
  5
9D7
330
98F
100
AcDbEntity
  8
0
  6
Continuous
 62
     7
370
    25
100
AcDbLine
 10
18.5759232367
 20
7.192865507899999
 30
0.0
 11
18.7770988376
 21
7.197870803099999
 31
0.0
  0
LINE
  5
9D8
330
98F
100
AcDbEntity
  8
0
  6
Continuous
 62
     7
370
    25
100
AcDbLine
 10
18.7770988376
 20
7.197870803099999
 30
0.0
 11
18.7770988376
 21
7.547802118099999
 31
0.0
  0
SPLINE
  5
9D9
330
98F
100
AcDbEntity
  8
0
  6
Continuous
 62
     7
370
    25
100
AcDbSpline
210
0.0
220
0.0
230
1.0
 70
     8
 71
     3
 72
     8
 73
     4
 74
     0
 42
0.00000001
 43
0.0000000001
 40
0.0
 40
0.0
 40
0.0
 40
0.0
 40
1.0
 40
1.0
 40
1.0
 40
1.0
 10
9.963454480779224
 20
8.753130909974503
 30
0.0
 10
9.923392993627578
 20
8.750935808305046
 30
0.0
 10
9.883241388928599
 20
8.749835789784526
 30
0.0
 10
9.843089739192439
 20
8.749835789784349
 30
0.0
  0
SPLINE
  5
9DA
330
98F
100
AcDbEntity
  8
0
  6
Continuous
 62
     7
370
    25
100
AcDbSpline
210
0.0
220
0.0
230
1.0
 70
     8
 71
     3
 72
     8
 73
     4
 74
     0
 42
0.00000001
 43
0.0000000001
 40
0.0
 40
0.0
 40
0.0
 40
0.0
 40
1.0
 40
1.0
 40
1.0
 40
1.0
 10
9.843089739192432
 20
13.14983578978434
 30
0.0
 10
9.883241388961053
 20
13.14983578978434
 30
0.0
 10
9.923392993692527
 20
13.14873577126223
 30
0.0
 10
9.963454480876377
 20
13.1465406695894
 30
0.0
  0
SPLINE
  5
9DB
330
98F
100
AcDbEntity
  8
0
  6
Continuous
 62
     7
370
    25
100
AcDbSpline
210
0.0
220
0.0
230
1.0
 70
     8
 71
     3
 72
    10
 73
     6
 74
     0
 42
0.00000001
 43
0.0000000001
 40
0.0
 40
0.0
 40
0.0
 40
0.0
 40
0.5
 40
0.5
 40
1.0
 40
1.0
 40
1.0
 40
1.0
 10
9.843089739192439
 20
8.749835789784349
 30
0.0
 10
8.376423072525756
 20
8.74983578978434
 30
0.0
 10
7.643089739192436
 20
10.21650245645101
 30
0.0
 10
7.643089739192428
 20
11.68316912311768
 30
0.0
 10
8.376423072525756
 20
13.14983578978434
 30
0.0
 10
9.843089739192432
 20
13.14983578978434
 30
0.0
  0
SPLINE
  5
9DC
330
98F
100
AcDbEntity
  8
0
  6
Continuous
 62
     7
370
    25
100
AcDbSpline
210
0.0
220
0.0
230
1.0
 70
     8
 71
     3
 72
     8
 73
     4
 74
     0
 42
0.00000001
 43
0.0000000001
 40
0.3711032265347868
 40
0.3711032265347868
 40
0.3711032265347868
 40
0.3711032265347868
 40
0.3769016566621355
 40
0.3769016566621355
 40
0.3769016566621355
 40
0.3769016566621355
 10
19.97672384820683
 20
7.586236702319352
 30
0.0
 10
19.64350676349011
 20
7.57506982584986
 30
0.0
 10
19.31027720478092
 20
7.56427470785228
 30
0.0
 10
18.9770332269
 20
7.553941887166052
 30
0.0
  0
SPLINE
  5
9DD
330
98F
100
AcDbEntity
  8
0
  6
Continuous
 62
     7
370
    25
100
AcDbSpline
210
0.0
220
0.0
230
1.0
 70
     8
 71
     3
 72
     8
 73
     4
 74
     0
 42
0.00000001
 43
0.0000000001
 40
0.3641445528282156
 40
0.3641445528282156
 40
0.3641445528282156
 40
0.3641445528282156
 40
0.3699434863141378
 40
0.3699434863141378
 40
0.3699434863141378
 40
0.3699434863141378
 10
21.17635260497054
 20
7.627871328100923
 30
0.0
 10
20.84313254433123
 20
7.615953089981682
 30
0.0
 10
20.509903166486
 20
7.6042926773635
 30
0.0
 10
20.1766619837
 20
7.592980753763047
 30
0.0
  0
SPLINE
  5
9DE
330
98F
100
AcDbEntity
  8
0
  6
Continuous
 62
     7
370
    25
100
AcDbSpline
210
0.0
220
0.0
230
1.0
 70
     8
 71
     3
 72
     8
 73
     4
 74
     0
 42
0.00000001
 43
0.0000000001
 40
0.3571854106937853
 40
0.3571854106937853
 40
0.3571854106937853
 40
0.3571854106937853
 40
0.3629847243607173
 40
0.3629847243607173
 40
0.3629847243607173
 40
0.3629847243607173
 10
22.37598137126685
 20
7.671774677859763
 30
0.0
 10
22.04275835914199
 20
7.659340525477722
 30
0.0
 10
21.70952900754208
 20
7.647073580475876
 30
0.0
 10
21.3762907406
 20
7.635053231877407
 30
0.0
  0
SPLINE
  5
9DF
330
98F
100
AcDbEntity
  8
0
  6
Continuous
 62
     7
370
    25
100
AcDbSpline
210
0.0
220
0.0
230
1.0
 70
     8
 71
     3
 72
     8
 73
     4
 74
     0
 42
0.00000001
 43
0.0000000001
 40
0.2387708618423977
 40
0.2387708618423977
 40
0.2387708618423977
 40
0.2387708618423977
 40
0.2445680755130477
 40
0.2445680755130477
 40
0.2445680755130477
 40
0.2445680755130477
 10
42.78826294289102
 20
8.424767936387025
 30
0.0
 10
42.45515406480131
 20
8.412513373605207
 30
0.0
 10
42.12204536601778
 20
8.400253951338303
 30
0.0
 10
41.78893680739999
 20
8.387990716445191
 30
0.0
  0
SPLINE
  5
9E0
330
98F
100
AcDbEntity
  8
0
  6
Continuous
 62
     7
370
    25
100
AcDbSpline
210
0.0
220
0.0
230
1.0
 70
     8
 71
     3
 72
     8
 73
     4
 74
     0
 42
0.00000001
 43
0.0000000001
 40
0.2318142128627634
 40
0.2318142128627634
 40
0.2318142128627634
 40
0.2318142128627634
 40
0.2376114197537733
 40
0.2376114197537733
 40
0.2376114197537733
 40
0.2376114197537733
 10
43.98745449330147
 20
8.468861633430712
 30
0.0
 10
43.65434553082569
 20
8.456619914819379
 30
0.0
 10
43.32123677361845
 20
8.444372641235743
 30
0.0
 10
42.9881282118
 20
8.432120078450152
 30
0.0
  0
SPLINE
  5
9E1
330
98F
100
AcDbEntity
  8
0
  6
Continuous
 62
     7
370
    25
100
AcDbSpline
210
0.0
220
0.0
230
1.0
 70
     8
 71
     3
 72
     8
 73
     4
 74
     0
 42
0.00000001
 43
0.0000000001
 40
0.2248575733050042
 40
0.2248575733050042
 40
0.2248575733050042
 40
0.2248575733050042
 40
0.2306547722406824
 40
0.2306547722406824
 40
0.2306547722406824
 40
0.2306547722406824
 10
45.18664582166706
 20
8.512912437553275
 30
0.0
 10
44.85353695136381
 20
8.500680661715069
 30
0.0
 10
44.52042819506825
 20
8.488445764593242
 30
0.0
 10
44.18731961619999
 20
8.476206055290562
 30
0.0
  0
SPLINE
  5
9E2
330
98F
100
AcDbEntity
  8
0
  6
Continuous
 62
     7
370
    25
100
AcDbSpline
210
0.0
220
0.0
230
1.0
 70
     8
 71
     3
 72
    44
 73
    40
 74
     0
 42
0.00000001
 43
0.0000000001
 40
0.4981846822383371
 40
0.4981846822383371
 40
0.4981846822383371
 40
0.4981846822383371
 40
0.4988976851387915
 40
0.5008465042213653
 40
0.5027953233039387
 40
0.5047441423865117
 40
0.5066929614690851
 40
0.5086417805516587
 40
0.5105905996342322
 40
0.5144882377993787
 40
0.5183858759645254
 40
0.5222835141296726
 40
0.5261811522948192
 40
0.5300787904599664
 40
0.533976428625113
 40
0.5378740667902596
 40
0.5417717049554068
 40
0.5456693431205533
 40
0.5495669812857002
 40
0.5534646194508471
 40
0.5612598957811407
 40
0.5690551721114341
 40
0.5768504484417277
 40
0.5846457247720215
 40
0.5924410011023153
 40
0.6002362774326086
 40
0.6080315537629022
 40
0.6236221064234896
 40
0.6392126590840767
 40
0.654803211744664
 40
0.6703937644052511
 40
0.6859843170658385
 40
0.7015748697264255
 40
0.717165422387013
 40
0.7327559750476
 40
0.7483465277081876
 40
0.7639370803687744
 40
0.7795276330293622
 40
0.7934714424706976
 40
0.7934714424706976
 40
0.7934714424706976
 40
0.7934714424706976
 10
0.0311343269999958
 20
10.6620656999
 30
0.0
 10
0.054115399018385
 20
10.69602000957857
 30
0.0
 10
0.1427583968750944
 20
10.82087554494336
 30
0.0
 10
0.3111977221064341
 20
11.02588308881991
 30
0.0
 10
0.5402153144998635
 20
11.27205790873951
 30
0.0
 10
0.7772693854069132
 20
11.51045291003074
 30
0.0
 10
1.017237664466025
 20
11.7458662670978
 30
0.0
 10
1.262493989086304
 20
11.97584094582387
 30
0.0
 10
1.599679364208568
 20
12.27125196279335
 30
0.0
 10
2.042213444637515
 20
12.61558863238258
 30
0.0
 10
2.602194163148912
 20
12.98839498242885
 30
0.0
 10
3.184384842549076
 20
13.32519219592449
 30
0.0
 10
3.781511486280193
 20
13.63447783739201
 30
0.0
 10
4.390905614680695
 20
13.91881887541746
 30
0.0
 10
5.009378585475601
 20
14.18264725333424
 30
0.0
 10
5.634704216143262
 20
14.42978274030384
 30
0.0
 10
6.265467320283626
 20
14.66260595855379
 30
0.0
 10
6.900153897841327
 20
14.88449527584311
 30
0.0
 10
7.538333939392557
 20
15.09611430341232
 30
0.0
 10
8.393897330858726
 20
15.36386070610945
 30
0.0
 10
9.47163734572768
 20
15.67117475585971
 30
0.0
 10
10.77543406619736
 20
16.00071418192917
 30
0.0
 10
12.08746142696147
 20
16.29563486310048
 30
0.0
 10
13.40619039165295
 20
16.55894941194481
 30
0.0
 10
14.73085119492705
 20
16.79057310054698
 30
0.0
 10
16.06083375864996
 20
16.98948116454395
 30
0.0
 10
17.84040271225453
 20
17.20881554603098
 30
0.0
 10
20.07330517465098
 20
17.40598447857374
 30
0.0
 10
22.75894641445119
 20
17.55092788696096
 30
0.0
 10
25.44687902930008
 20
17.63990449184081
 30
0.0
 10
28.13566157627194
 20
17.69632693846721
 30
0.0
 10
30.82507900760409
 20
17.70839394407333
 30
0.0
 10
33.514267367762
 20
17.6707265432836
 30
0.0
 10
36.20209447184814
 20
17.57660115802431
 30
0.0
 10
38.88768820207203
 20
17.43326185627296
 30
0.0
 10
41.57054572658266
 20
17.24562570738359
 30
0.0
 10
44.25042417551317
 20
17.01967353582884
 30
0.0
 10
46.83258723817942
 20
16.76482551066027
 30
0.0
 10
48.5202372414189
 20
16.57555887731388
 30
0.0
 10
49.31641973616414
 20
16.48119170438832
 30
0.0
  0
SPLINE
  5
9E3
330
98F
100
AcDbEntity
  8
0
  6
Continuous
 62
     7
370
    25
100
AcDbSpline
210
0.0
220
0.0
230
1.0
 70
     8
 71
     3
 72
     8
 73
     4
 74
     0
 42
0.00000001
 43
0.0000000001
 40
0.2009003279254803
 40
0.2009003279254803
 40
0.2009003279254803
 40
0.2009003279254803
 40
0.2236981344105125
 40
0.2236981344105125
 40
0.2236981344105125
 40
0.2236981344105125
 10
49.31642467101969
 20
8.664490551962343
 30
0.0
 10
48.00645449061813
 20
8.616417081133505
 30
0.0
 10
46.69648402342068
 20
8.568352889457123
 30
0.0
 10
45.38651473830618
 20
8.520255396129236
 30
0.0
  0
SPLINE
  5
9E4
330
98F
100
AcDbEntity
  8
0
  6
Continuous
 62
     7
370
    25
100
AcDbSpline
210
0.0
220
0.0
230
1.0
 70
     8
 71
     3
 72
    15
 73
    11
 74
     0
 42
0.00000001
 43
0.0000000001
 40
0.2457275188561217
 40
0.2457275188561217
 40
0.2457275188561217
 40
0.2457275188561217
 40
0.2494488425693957
 40
0.2650393952299831
 40
0.2806299478905703
 40
0.2962205005511576
 40
0.3118110532117448
 40
0.327401605872332
 40
0.3429921585329193
 40
0.3560255187818709
 40
0.3560255187818709
 40
0.3560255187818709
 40
0.3560255187818709
 10
41.58907529090618
 20
8.380636059149637
 30
0.0
 10
41.37524764095427
 20
8.372763141437188
 30
0.0
 10
40.26558548676754
 20
8.331898788199231
 30
0.0
 10
38.26009092406003
 20
8.257985695229491
 30
0.0
 10
35.57258134198296
 20
8.159176383005473
 30
0.0
 10
32.88504476749917
 20
8.061101689273231
 30
0.0
 10
30.19748082136468
 20
7.963784341478057
 30
0.0
 10
27.50994658182178
 20
7.865640531753075
 30
0.0
 10
24.96943328210354
 20
7.770626809218307
 30
0.0
 10
23.32480242241775
 20
7.70734156023099
 30
0.0
 10
22.57592323422426
 20
7.679258042078467
 30
0.0
  0
SPLINE
  5
9E5
330
98F
100
AcDbEntity
  8
0
  6
Continuous
 62
     7
370
    25
100
AcDbSpline
210
0.0
220
0.0
230
1.0
 70
     8
 71
     3
 72
    27
 73
    23
 74
     0
 42
0.00000001
 43
0.0000000001
 40
0.3780612848019904
 40
0.3780612848019904
 40
0.3780612848019904
 40
0.3780612848019904
 40
0.3819685401843872
 40
0.3897638165146809
 40
0.3975590928449745
 40
0.4053543691752683
 40
0.4131496455055619
 40
0.4209449218358554
 40
0.4287401981661489
 40
0.4365354744964426
 40
0.4443307508267362
 40
0.4521260271570299
 40
0.4599213034873234
 40
0.4638189416524705
 40
0.4677165798176171
 40
0.4716142179827639
 40
0.4755118561479108
 40
0.4794094943130575
 40
0.4833071324782043
 40
0.4852559515607778
 40
0.4872047706433512
 40
0.4890245838136062
 40
0.4890245838136062
 40
0.4890245838136062
 40
0.4890245838136062
 10
18.77709883762427
 20
7.547802118145476
 30
0.0
 10
18.55253947238214
 20
7.540965628845682
 30
0.0
 10
17.87994710990859
 20
7.5211380093172
 30
0.0
 10
16.75922426545405
 20
7.491712373301777
 30
0.0
 10
15.41485215493645
 20
7.463554685731829
 30
0.0
 10
14.07031786633138
 20
7.44415406506004
 30
0.0
 10
12.72567406807017
 20
7.43559498528717
 30
0.0
 10
11.38099352006351
 20
7.439134344131311
 30
0.0
 10
10.03644404667776
 20
7.457750270314092
 30
0.0
 10
8.692163148984976
 20
7.490995941869146
 30
0.0
 10
7.348550523125257
 20
7.54549382205525
 30
0.0
 10
6.005642809827766
 20
7.613283712460551
 30
0.0
 10
4.887327502606321
 20
7.687097719602884
 30
0.0
 10
3.996112941959498
 20
7.7853174443204
 30
0.0
 10
3.330445695516236
 20
7.88064244557061
 30
0.0
 10
2.669505908171944
 20
8.004264498989158
 30
0.0
 10
2.009738915473664
 20
8.133728215172432
 30
0.0
 10
1.354208302046947
 20
8.284508390424088
 30
0.0
 10
0.8321324949359585
 20
8.497956696280061
 30
0.0
 10
0.4581736359442168
 20
8.747074304717001
 30
0.0
 10
0.2074025758859683
 20
8.960552326202456
 30
0.0
 10
0.0628481024265888
 20
9.122789330530927
 30
0.0
 10
0.0000037368000001
 20
9.2064752895
 30
0.0
  0
ENDBLK
  5
9E6
330
98F
100
AcDbEntity
  8
0
100
AcDbBlockEnd
  0
BLOCK
  5
9E8
330
9E7
100
AcDbEntity
  8
0
100
AcDbBlockBegin
  2
main_wing_第二横梁右
 70
     0
 10
0.0
 20
0.0
 30
0.0
  3
main_wing_第二横梁右
  1

  0
CIRCLE
  5
9E9
330
9E7
100
AcDbEntity
  8
0
  6
Continuous
 62
     7
370
    25
100
AcDbCircle
 10
996.0673448480001
 20
14.2543498977
 30
0.0
 40
2.0
  0
CIRCLE
  5
9EA
330
9E7
100
AcDbEntity
  8
0
  6
Continuous
 62
     7
370
    25
100
AcDbCircle
 10
938.2913251721001
 20
14.3940166714
 30
0.0
 40
2.0
  0
CIRCLE
  5
9EB
330
9E7
100
AcDbEntity
  8
0
  6
Continuous
 62
     7
370
    25
100
AcDbCircle
 10
1118.6399777227
 20
14.0694359192
 30
0.0
 40
2.0
  0
CIRCLE
  5
9EC
330
9E7
100
AcDbEntity
  8
0
  6
Continuous
 62
     7
370
    25
100
AcDbCircle
 10
1064.4043122585
 20
14.0694359192
 30
0.0
 40
2.0
  0
CIRCLE
  5
9ED
330
9E7
100
AcDbEntity
  8
0
  6
Continuous
 62
     7
370
    25
100
AcDbCircle
 10
754.1702152574998
 20
14.6391265469
 30
0.0
 40
2.0
  0
CIRCLE
  5
9EE
330
9E7
100
AcDbEntity
  8
0
  6
Continuous
 62
     7
370
    25
100
AcDbCircle
 10
698.1437424508998
 20
14.7738126864
 30
0.0
 40
2.0
  0
CIRCLE
  5
9EF
330
9E7
100
AcDbEntity
  8
0
  6
Continuous
 62
     7
370
    25
100
AcDbCircle
 10
879.7995259225999
 20
14.5643014218
 30
0.0
 40
2.0
  0
CIRCLE
  5
9F0
330
9E7
100
AcDbEntity
  8
0
  6
Continuous
 62
     7
370
    25
100
AcDbCircle
 10
814.8670517703999
 20
14.5643014218
 30
0.0
 40
2.0
  0
CIRCLE
  5
9F1
330
9E7
100
AcDbEntity
  8
0
  6
Continuous
 62
     7
370
    25
100
AcDbCircle
 10
647.8509730017998
 20
14.7151926429
 30
0.0
 40
2.0
  0
LINE
  5
9F2
330
9E7
100
AcDbEntity
  8
0
  6
Continuous
 62
     7
370
    25
100
AcDbLine
 10
1019.2000000001
 20
7.698316480099999
 30
0.0
 11
1019.2000000001
 21
7.615192642899999
 31
0.0
  0
LINE
  5
9F3
330
9E7
100
AcDbEntity
  8
0
  6
Continuous
 62
     7
370
    25
100
AcDbLine
 10
1020.1999999744
 20
7.615192642899999
 30
0.0
 11
1020.1999999744
 21
7.698278606499998
 31
0.0
  0
LINE
  5
9F4
330
9E7
100
AcDbEntity
  8
0
  6
Continuous
 62
     7
370
    25
100
AcDbLine
 10
1019.2000000001
 20
7.615192642899999
 30
0.0
 11
1020.1999999744
 21
7.615192642899999
 31
0.0
  0
LINE
  5
9F5
330
9E7
100
AcDbEntity
  8
0
  6
Continuous
 62
     7
370
    25
100
AcDbLine
 10
1020.4000000001
 20
7.698271269199999
 30
0.0
 11
1020.4000000001
 21
7.615192642899999
 31
0.0
  0
LINE
  5
9F6
330
9E7
100
AcDbEntity
  8
0
  6
Continuous
 62
     7
370
    25
100
AcDbLine
 10
1021.3999999675
 20
7.615192642899999
 30
0.0
 11
1021.3999999675
 21
7.698235777499998
 31
0.0
  0
LINE
  5
9F7
330
9E7
100
AcDbEntity
  8
0
  6
Continuous
 62
     7
370
    25
100
AcDbLine
 10
1020.4000000001
 20
7.615192642899999
 30
0.0
 11
1021.3999999675
 21
7.615192642899999
 31
0.0
  0
LINE
  5
9F8
330
9E7
100
AcDbEntity
  8
0
  6
Continuous
 62
     7
370
    25
100
AcDbLine
 10
1021.6000000001
 20
7.698228919099998
 30
0.0
 11
1021.6000000001
 21
7.615192642899999
 31
0.0
  0
LINE
  5
9F9
330
9E7
100
AcDbEntity
  8
0
  6
Continuous
 62
     7
370
    25
100
AcDbLine
 10
1022.5999999707
 20
7.615192642899999
 30
0.0
 11
1022.5999999707
 21
7.698195834699999
 31
0.0
  0
LINE
  5
9FA
330
9E7
100
AcDbEntity
  8
0
  6
Continuous
 62
     7
370
    25
100
AcDbLine
 10
1021.6000000001
 20
7.615192642899999
 30
0.0
 11
1022.5999999707
 21
7.615192642899999
 31
0.0
  0
LINE
  5
9FB
330
9E7
100
AcDbEntity
  8
0
  6
Continuous
 62
     7
370
    25
100
AcDbLine
 10
1019.0000000131
 20
0.0
 30
0.0
 11
1019.0000000131
 21
7.698324291199998
 31
0.0
  0
LINE
  5
9FC
330
9E7
100
AcDbEntity
  8
0
  6
Continuous
 62
     7
370
    25
100
AcDbLine
 10
1019.0000000131
 20
0.0
 30
0.0
 11
1023.0000000131
 21
0.0
 31
0.0
  0
LINE
  5
9FD
330
9E7
100
AcDbEntity
  8
0
  6
Continuous
 62
     7
370
    25
100
AcDbLine
 10
1023.0000000131
 20
0.0
 30
0.0
 11
1023.0000000131
 21
7.615192642899999
 31
0.0
  0
LINE
  5
9FE
330
9E7
100
AcDbEntity
  8
0
  6
Continuous
 62
     7
370
    25
100
AcDbLine
 10
1022.8000000131
 20
7.615192642899999
 30
0.0
 11
1023.0000000131
 21
7.615192642899999
 31
0.0
  0
LINE
  5
9FF
330
9E7
100
AcDbEntity
  8
0
  6
Continuous
 62
     7
370
    25
100
AcDbLine
 10
1022.8000000131
 20
7.6981894603
 30
0.0
 11
1022.8000000131
 21
7.615192642899999
 31
0.0
  0
LINE
  5
A00
330
9E7
100
AcDbEntity
  8
0
  6
Continuous
 62
     7
370
    25
100
AcDbLine
 10
1028.9999999972
 20
7.698032816599998
 30
0.0
 11
1028.9999999972
 21
14.2543498977
 31
0.0
  0
LINE
  5
A01
330
9E7
100
AcDbEntity
  8
0
  6
Continuous
 62
     7
370
    25
100
AcDbLine
 10
1028.9999999972
 20
14.2543498977
 30
0.0
 11
1030.9999999986
 21
14.2543498977
 31
0.0
  0
LINE
  5
A02
330
9E7
100
AcDbEntity
  8
0
  6
Continuous
 62
     7
370
    25
100
AcDbLine
 10
1030.9999999986
 20
14.2543498977
 30
0.0
 11
1030.9999999986
 21
7.6979996562
 31
0.0
  0
LINE
  5
A03
330
9E7
100
AcDbEntity
  8
0
  6
Continuous
 62
     7
370
    25
100
AcDbLine
 10
1096.9999999986
 20
7.7027869995
 30
0.0
 11
1096.9999999986
 21
14.0694359192
 31
0.0
  0
LINE
  5
A04
330
9E7
100
AcDbEntity
  8
0
  6
Continuous
 62
     7
370
    25
100
AcDbLine
 10
1096.9999999986
 20
14.0694359192
 30
0.0
 11
1099.0
 21
14.0694359192
 31
0.0
  0
LINE
  5
A05
330
9E7
100
AcDbEntity
  8
0
  6
Continuous
 62
     7
370
    25
100
AcDbLine
 10
1099.0
 20
14.0694359192
 30
0.0
 11
1099.0
 21
7.703143585299998
 31
0.0
  0
LINE
  5
A06
330
9E7
100
AcDbEntity
  8
0
  6
Continuous
 62
     7
370
    25
100
AcDbLine
 10
1139.9999999999
 20
7.7139230727
 30
0.0
 11
1139.9999999999
 21
10.7139230727
 31
0.0
  0
LINE
  5
A07
330
9E7
100
AcDbEntity
  8
0
  6
Continuous
 62
     7
370
    25
100
AcDbLine
 10
1139.9999999999
 20
10.7139230727
 30
0.0
 11
1141.9999999999
 21
10.7139230727
 31
0.0
  0
LINE
  5
A08
330
9E7
100
AcDbEntity
  8
0
  6
Continuous
 62
     7
370
    25
100
AcDbLine
 10
1141.9999999999
 20
10.7139230727
 30
0.0
 11
1141.9999999999
 21
16.7139230727
 31
0.0
  0
LINE
  5
A09
330
9E7
100
AcDbEntity
  8
0
  6
Continuous
 62
     7
370
    25
100
AcDbLine
 10
1141.9999999999
 20
16.7139230727
 30
0.0
 11
1139.9999999999
 21
16.7139230727
 31
0.0
  0
LINE
  5
A0A
330
9E7
100
AcDbEntity
  8
0
  6
Continuous
 62
     7
370
    25
100
AcDbLine
 10
1139.9999999999
 20
16.7139230727
 30
0.0
 11
1139.9999999999
 21
20.1327918098
 31
0.0
  0
LINE
  5
A0B
330
9E7
100
AcDbEntity
  8
0
  6
Continuous
 62
     7
370
    25
100
AcDbLine
 10
625.0
 20
21.9616019211
 30
0.0
 11
625.0
 21
14.7151926429
 31
0.0
  0
LINE
  5
A0C
330
9E7
100
AcDbEntity
  8
0
  6
Continuous
 62
     7
370
    25
100
AcDbLine
 10
625.0
 20
14.7151926429
 30
0.0
 11
623.0
 21
14.7151926429
 31
0.0
  0
LINE
  5
A0D
330
9E7
100
AcDbEntity
  8
0
  6
Continuous
 62
     7
370
    25
100
AcDbLine
 10
623.0
 20
14.7151926429
 30
0.0
 11
623.0
 21
21.9616019211
 31
0.0
  0
LINE
  5
A0E
330
9E7
100
AcDbEntity
  8
0
  6
Continuous
 62
     7
370
    25
100
AcDbLine
 10
623.0
 20
21.9616019211
 30
0.0
 11
571.0
 21
21.9616019211
 31
0.0
  0
LINE
  5
A0F
330
9E7
100
AcDbEntity
  8
0
  6
Continuous
 62
     7
370
    18
100
AcDbLine
 10
573.0
 20
18.9616019211
 30
0.0
 11
577.0
 21
18.9616019211
 31
0.0
  0
LINE
  5
A10
330
9E7
100
AcDbEntity
  8
0
  6
Continuous
 62
     7
370
    18
100
AcDbLine
 10
573.0
 20
18.9616019211
 30
0.0
 11
573.0
 21
16.96160192109999
 31
0.0
  0
LINE
  5
A11
330
9E7
100
AcDbEntity
  8
0
  6
Continuous
 62
     7
370
    18
100
AcDbLine
 10
573.0
 20
16.96160192109999
 30
0.0
 11
577.0
 21
16.96160192109999
 31
0.0
  0
LINE
  5
A12
330
9E7
100
AcDbEntity
  8
0
  6
Continuous
 62
     7
370
    18
100
AcDbLine
 10
577.0
 20
18.9616019211
 30
0.0
 11
577.0
 21
16.96160192109999
 31
0.0
  0
LINE
  5
A13
330
9E7
100
AcDbEntity
  8
0
  6
Continuous
 62
     7
370
    18
100
AcDbLine
 10
573.0
 20
12.9616019211
 30
0.0
 11
577.0
 21
12.9616019211
 31
0.0
  0
LINE
  5
A14
330
9E7
100
AcDbEntity
  8
0
  6
Continuous
 62
     7
370
    18
100
AcDbLine
 10
573.0
 20
12.9616019211
 30
0.0
 11
573.0
 21
10.9616019211
 31
0.0
  0
LINE
  5
A15
330
9E7
100
AcDbEntity
  8
0
  6
Continuous
 62
     7
370
    18
100
AcDbLine
 10
573.0
 20
10.9616019211
 30
0.0
 11
577.0
 21
10.9616019211
 31
0.0
  0
LINE
  5
A16
330
9E7
100
AcDbEntity
  8
0
  6
Continuous
 62
     7
370
    18
100
AcDbLine
 10
577.0
 20
12.9616019211
 30
0.0
 11
577.0
 21
10.9616019211
 31
0.0
  0
LINE
  5
A17
330
9E7
100
AcDbEntity
  8
0
  6
Continuous
 62
     7
370
    25
100
AcDbLine
 10
122.8000000028
 20
7.615192642899999
 30
0.0
 11
123.0000000028
 21
7.615192642899999
 31
0.0
  0
LINE
  5
A18
330
9E7
100
AcDbEntity
  8
0
  6
Continuous
 62
     7
370
    25
100
AcDbLine
 10
122.8000000028
 20
7.6983170196
 30
0.0
 11
122.8000000028
 21
7.615192642899999
 31
0.0
  0
LINE
  5
A19
330
9E7
100
AcDbEntity
  8
0
  6
Continuous
 62
     7
370
    25
100
AcDbLine
 10
272.8000000028
 20
7.7166847686
 30
0.0
 11
272.8000000028
 21
7.615192642899999
 31
0.0
  0
LINE
  5
A1A
330
9E7
100
AcDbEntity
  8
0
  6
Continuous
 62
     7
370
    25
100
AcDbLine
 10
422.8000000028
 20
7.615192642799998
 30
0.0
 11
423.0000000028
 21
7.615192642799998
 31
0.0
  0
LINE
  5
A1B
330
9E7
100
AcDbEntity
  8
0
  6
Continuous
 62
     7
370
    25
100
AcDbLine
 10
422.8000000028
 20
7.7281609596
 30
0.0
 11
422.8000000028
 21
7.615192642799998
 31
0.0
  0
LINE
  5
A1C
330
9E7
100
AcDbEntity
  8
0
  6
Continuous
 62
     7
370
    25
100
AcDbLine
 10
569.0000000029
 20
7.715192642799998
 30
0.0
 11
569.0000000029
 21
7.7153209699
 31
0.0
  0
LINE
  5
A1D
330
9E7
100
AcDbEntity
  8
0
  6
Continuous
 62
     7
370
    25
100
AcDbLine
 10
571.0
 20
0.0
 30
0.0
 11
573.0
 21
0.0
 31
0.0
  0
LINE
  5
A1E
330
9E7
100
AcDbEntity
  8
0
  6
Continuous
 62
     7
370
    25
100
AcDbLine
 10
573.0
 20
0.0
 30
0.0
 11
573.0
 21
7.615192642899999
 31
0.0
  0
LINE
  5
A1F
330
9E7
100
AcDbEntity
  8
0
  6
Continuous
 62
     7
370
    25
100
AcDbLine
 10
572.7999999999998
 20
7.615192642899999
 30
0.0
 11
573.0
 21
7.615192642899999
 31
0.0
  0
LINE
  5
A20
330
9E7
100
AcDbEntity
  8
0
  6
Continuous
 62
     7
370
    25
100
AcDbLine
 10
572.7999999999998
 20
7.7153206158
 30
0.0
 11
572.7999999999998
 21
7.615192642899999
 31
0.0
  0
LINE
  5
A21
330
9E7
100
AcDbEntity
  8
0
  6
Continuous
 62
     7
370
    25
100
AcDbLine
 10
572.8000000014
 20
7.715192642899999
 30
0.0
 11
625.0000000001
 21
7.715192642899999
 31
0.0
  0
LINE
  5
A22
330
9E7
100
AcDbEntity
  8
0
  6
Continuous
 62
     7
370
    25
100
AcDbLine
 10
671.0
 20
7.724117765299998
 30
0.0
 11
671.0
 21
14.7738126864
 31
0.0
  0
LINE
  5
A23
330
9E7
100
AcDbEntity
  8
0
  6
Continuous
 62
     7
370
    25
100
AcDbLine
 10
671.0
 20
14.7738126864
 30
0.0
 11
673.0
 21
14.7738126864
 31
0.0
  0
LINE
  5
A24
330
9E7
100
AcDbEntity
  8
0
  6
Continuous
 62
     7
370
    25
100
AcDbLine
 10
673.0
 20
14.7738126864
 30
0.0
 11
673.0
 21
7.724387654299999
 31
0.0
  0
LINE
  5
A25
330
9E7
100
AcDbEntity
  8
0
  6
Continuous
 62
     7
370
    25
100
AcDbLine
 10
719.0
 20
0.0
 30
0.0
 11
719.0
 21
7.7281541436
 31
0.0
  0
LINE
  5
A26
330
9E7
100
AcDbEntity
  8
0
  6
Continuous
 62
     7
370
    25
100
AcDbLine
 10
719.0
 20
0.0
 30
0.0
 11
723.0
 21
0.0
 31
0.0
  0
LINE
  5
A27
330
9E7
100
AcDbEntity
  8
0
  6
Continuous
 62
     7
370
    25
100
AcDbLine
 10
723.0
 20
0.0
 30
0.0
 11
723.0
 21
7.615192642899999
 31
0.0
  0
LINE
  5
A28
330
9E7
100
AcDbEntity
  8
0
  6
Continuous
 62
     7
370
    25
100
AcDbLine
 10
722.7999999999998
 20
7.615192642899999
 30
0.0
 11
723.0
 21
7.615192642899999
 31
0.0
  0
LINE
  5
A29
330
9E7
100
AcDbEntity
  8
0
  6
Continuous
 62
     7
370
    25
100
AcDbLine
 10
722.7999999999998
 20
7.728269756
 30
0.0
 11
722.7999999999998
 21
7.615192642899999
 31
0.0
  0
LINE
  5
A2A
330
9E7
100
AcDbEntity
  8
0
  6
Continuous
 62
     7
370
    25
100
AcDbLine
 10
723.9999999935998
 20
7.728300492999999
 30
0.0
 11
723.9999999935998
 21
14.7071178425
 31
0.0
  0
LINE
  5
A2B
330
9E7
100
AcDbEntity
  8
0
  6
Continuous
 62
     7
370
    25
100
AcDbLine
 10
723.9999999935998
 20
14.7071178425
 30
0.0
 11
725.9999999936
 21
14.7071178425
 31
0.0
  0
LINE
  5
A2C
330
9E7
100
AcDbEntity
  8
0
  6
Continuous
 62
     7
370
    25
100
AcDbLine
 10
725.9999999936
 20
14.7071178425
 30
0.0
 11
725.9999999936
 21
7.7283456346
 31
0.0
  0
LINE
  5
A2D
330
9E7
100
AcDbEntity
  8
0
  6
Continuous
 62
     7
370
    25
100
AcDbLine
 10
781.9999999935999
 20
7.726814358099999
 30
0.0
 11
781.9999999935999
 21
14.639126547
 31
0.0
  0
LINE
  5
A2E
330
9E7
100
AcDbEntity
  8
0
  6
Continuous
 62
     7
370
    25
100
AcDbLine
 10
781.9999999935999
 20
14.639126547
 30
0.0
 11
783.9999999936
 21
14.639126547
 31
0.0
  0
LINE
  5
A2F
330
9E7
100
AcDbEntity
  8
0
  6
Continuous
 62
     7
370
    25
100
AcDbLine
 10
783.9999999936
 20
14.639126547
 30
0.0
 11
783.9999999936
 21
7.7266707494
 31
0.0
  0
LINE
  5
A30
330
9E7
100
AcDbEntity
  8
0
  6
Continuous
 62
     7
370
    25
100
AcDbLine
 10
844.9999999936
 20
7.720117123799998
 30
0.0
 11
844.9999999936
 21
14.5643014219
 31
0.0
  0
LINE
  5
A31
330
9E7
100
AcDbEntity
  8
0
  6
Continuous
 62
     7
370
    25
100
AcDbLine
 10
844.9999999936
 20
14.5643014219
 30
0.0
 11
846.9999999936
 21
14.5643014219
 31
0.0
  0
LINE
  5
A32
330
9E7
100
AcDbEntity
  8
0
  6
Continuous
 62
     7
370
    25
100
AcDbLine
 10
846.9999999936
 20
14.5643014219
 30
0.0
 11
846.9999999936
 21
7.719845957499998
 31
0.0
  0
LINE
  5
A33
330
9E7
100
AcDbEntity
  8
0
  6
Continuous
 62
     7
370
    25
100
AcDbLine
 10
869.0000000000999
 20
0.0
 30
0.0
 11
869.0000000000999
 21
7.716682915199998
 31
0.0
  0
LINE
  5
A34
330
9E7
100
AcDbEntity
  8
0
  6
Continuous
 62
     7
370
    25
100
AcDbLine
 10
869.0000000000999
 20
0.0
 30
0.0
 11
873.0000000000998
 21
0.0
 31
0.0
  0
LINE
  5
A35
330
9E7
100
AcDbEntity
  8
0
  6
Continuous
 62
     7
370
    25
100
AcDbLine
 10
873.0000000000998
 20
0.0
 30
0.0
 11
873.0000000000998
 21
7.615192642899999
 31
0.0
  0
LINE
  5
A36
330
9E7
100
AcDbEntity
  8
0
  6
Continuous
 62
     7
370
    25
100
AcDbLine
 10
872.8000000000999
 20
7.615192642899999
 30
0.0
 11
873.0000000000998
 21
7.615192642899999
 31
0.0
  0
LINE
  5
A37
330
9E7
100
AcDbEntity
  8
0
  6
Continuous
 62
     7
370
    25
100
AcDbLine
 10
872.8000000000999
 20
7.716118962699998
 30
0.0
 11
872.8000000000999
 21
7.615192642899999
 31
0.0
  0
LINE
  5
A38
330
9E7
100
AcDbEntity
  8
0
  6
Continuous
 62
     7
370
    25
100
AcDbLine
 10
913.0000000130999
 20
7.710049649199999
 30
0.0
 11
913.0000000130999
 21
14.4723128564
 31
0.0
  0
LINE
  5
A39
330
9E7
100
AcDbEntity
  8
0
  6
Continuous
 62
     7
370
    25
100
AcDbLine
 10
913.0000000130999
 20
14.4723128564
 30
0.0
 11
915.0000000130999
 21
14.4723128564
 31
0.0
  0
LINE
  5
A3A
330
9E7
100
AcDbEntity
  8
0
  6
Continuous
 62
     7
370
    25
100
AcDbLine
 10
915.0000000130999
 20
14.4723128564
 30
0.0
 11
915.0000000130999
 21
7.709747894099998
 31
0.0
  0
LINE
  5
A3B
330
9E7
100
AcDbEntity
  8
0
  6
Continuous
 62
     7
370
    25
100
AcDbLine
 10
961.0000000131
 20
7.703324297999999
 30
0.0
 11
961.0000000131
 21
14.3940166714
 31
0.0
  0
LINE
  5
A3C
330
9E7
100
AcDbEntity
  8
0
  6
Continuous
 62
     7
370
    25
100
AcDbLine
 10
961.0000000131
 20
14.3940166714
 30
0.0
 11
963.0000000130999
 21
14.3940166714
 31
0.0
  0
LINE
  5
A3D
330
9E7
100
AcDbEntity
  8
0
  6
Continuous
 62
     7
370
    25
100
AcDbLine
 10
963.0000000130999
 20
14.3940166714
 30
0.0
 11
963.0000000130999
 21
7.703079708699998
 31
0.0
  0
LINE
  5
A3E
330
9E7
100
AcDbEntity
  8
0
  6
Continuous
 62
     7
370
    25
100
AcDbLine
 10
869.2000000001
 20
7.7166533197
 30
0.0
 11
869.2000000001
 21
7.615192642899999
 31
0.0
  0
LINE
  5
A3F
330
9E7
100
AcDbEntity
  8
0
  6
Continuous
 62
     7
370
    25
100
AcDbLine
 10
870.2000000001
 20
7.615192642899999
 30
0.0
 11
870.2000000001
 21
7.716505193099999
 31
0.0
  0
LINE
  5
A40
330
9E7
100
AcDbEntity
  8
0
  6
Continuous
 62
     7
370
    25
100
AcDbLine
 10
869.2000000001
 20
7.615192642899999
 30
0.0
 11
870.2000000001
 21
7.615192642899999
 31
0.0
  0
LINE
  5
A41
330
9E7
100
AcDbEntity
  8
0
  6
Continuous
 62
     7
370
    25
100
AcDbLine
 10
870.4000000000998
 20
7.7164755386
 30
0.0
 11
870.4000000000998
 21
7.615192642899999
 31
0.0
  0
LINE
  5
A42
330
9E7
100
AcDbEntity
  8
0
  6
Continuous
 62
     7
370
    25
100
AcDbLine
 10
871.4000000000998
 20
7.615192642899999
 30
0.0
 11
871.4000000000998
 21
7.7163271245
 31
0.0
  0
LINE
  5
A43
330
9E7
100
AcDbEntity
  8
0
  6
Continuous
 62
     7
370
    25
100
AcDbLine
 10
870.4000000000998
 20
7.615192642899999
 30
0.0
 11
871.4000000000998
 21
7.615192642899999
 31
0.0
  0
LINE
  5
A44
330
9E7
100
AcDbEntity
  8
0
  6
Continuous
 62
     7
370
    25
100
AcDbLine
 10
871.6000000000999
 20
7.716297413899998
 30
0.0
 11
871.6000000000999
 21
7.615192642899999
 31
0.0
  0
LINE
  5
A45
330
9E7
100
AcDbEntity
  8
0
  6
Continuous
 62
     7
370
    25
100
AcDbLine
 10
872.6000000000999
 20
7.615192642899999
 30
0.0
 11
872.6000000000999
 21
7.7161487265
 31
0.0
  0
LINE
  5
A46
330
9E7
100
AcDbEntity
  8
0
  6
Continuous
 62
     7
370
    25
100
AcDbLine
 10
871.6000000000999
 20
7.615192642899999
 30
0.0
 11
872.6000000000999
 21
7.615192642899999
 31
0.0
  0
LINE
  5
A47
330
9E7
100
AcDbEntity
  8
0
  6
Continuous
 62
     7
370
    25
100
AcDbLine
 10
719.2000000001
 20
7.7281609259
 30
0.0
 11
719.2000000001
 21
7.615192642899999
 31
0.0
  0
LINE
  5
A48
330
9E7
100
AcDbEntity
  8
0
  6
Continuous
 62
     7
370
    25
100
AcDbLine
 10
720.1999999992
 20
7.615192642899999
 30
0.0
 11
720.1999999992
 21
7.7281936708
 31
0.0
  0
LINE
  5
A49
330
9E7
100
AcDbEntity
  8
0
  6
Continuous
 62
     7
370
    25
100
AcDbLine
 10
719.2000000001
 20
7.615192642899999
 30
0.0
 11
720.1999999992
 21
7.615192642899999
 31
0.0
  0
LINE
  5
A4A
330
9E7
100
AcDbEntity
  8
0
  6
Continuous
 62
     7
370
    25
100
AcDbLine
 10
720.4000000000998
 20
7.728199987
 30
0.0
 11
720.4000000000998
 21
7.615192642899999
 31
0.0
  0
LINE
  5
A4B
330
9E7
100
AcDbEntity
  8
0
  6
Continuous
 62
     7
370
    25
100
AcDbLine
 10
721.4000000102
 20
7.615192642899999
 30
0.0
 11
721.4000000102
 21
7.728230406599998
 31
0.0
  0
LINE
  5
A4C
330
9E7
100
AcDbEntity
  8
0
  6
Continuous
 62
     7
370
    25
100
AcDbLine
 10
720.4000000000998
 20
7.615192642899999
 30
0.0
 11
721.4000000102
 21
7.615192642899999
 31
0.0
  0
LINE
  5
A4D
330
9E7
100
AcDbEntity
  8
0
  6
Continuous
 62
     7
370
    25
100
AcDbLine
 10
721.6000000000999
 20
7.728236258799999
 30
0.0
 11
721.6000000000999
 21
7.615192642899999
 31
0.0
  0
LINE
  5
A4E
330
9E7
100
AcDbEntity
  8
0
  6
Continuous
 62
     7
370
    25
100
AcDbLine
 10
722.6000000068999
 20
7.615192642899999
 30
0.0
 11
722.6000000068999
 21
7.728264365199998
 31
0.0
  0
LINE
  5
A4F
330
9E7
100
AcDbEntity
  8
0
  6
Continuous
 62
     7
370
    25
100
AcDbLine
 10
721.6000000000999
 20
7.615192642899999
 30
0.0
 11
722.6000000068999
 21
7.615192642899999
 31
0.0
  0
LINE
  5
A50
330
9E7
100
AcDbEntity
  8
0
  6
Continuous
 62
     7
370
    25
100
AcDbLine
 10
569.2000000001
 20
7.7153206158
 30
0.0
 11
569.2000000001
 21
7.715192642899999
 31
0.0
  0
LINE
  5
A51
330
9E7
100
AcDbEntity
  8
0
  6
Continuous
 62
     7
370
    25
100
AcDbLine
 10
570.2000000001
 20
7.715192642899999
 30
0.0
 11
570.2000000001
 21
7.7153193649
 31
0.0
  0
LINE
  5
A52
330
9E7
100
AcDbEntity
  8
0
  6
Continuous
 62
     7
370
    25
100
AcDbLine
 10
571.0
 20
7.715192642899999
 30
0.0
 11
571.4000000001
 21
7.715192642899999
 31
0.0
  0
LINE
  5
A53
330
9E7
100
AcDbEntity
  8
0
  6
Continuous
 62
     7
370
    25
100
AcDbLine
 10
571.4000000001
 20
7.615192642899999
 30
0.0
 11
571.4000000001
 21
7.715319123799998
 31
0.0
  0
LINE
  5
A54
330
9E7
100
AcDbEntity
  8
0
  6
Continuous
 62
     7
370
    25
100
AcDbLine
 10
571.0
 20
7.615192642899999
 30
0.0
 11
571.4000000001
 21
7.615192642899999
 31
0.0
  0
LINE
  5
A55
330
9E7
100
AcDbEntity
  8
0
  6
Continuous
 62
     7
370
    25
100
AcDbLine
 10
571.6000000001001
 20
7.715319224899999
 30
0.0
 11
571.6000000001001
 21
7.615192642899999
 31
0.0
  0
LINE
  5
A56
330
9E7
100
AcDbEntity
  8
0
  6
Continuous
 62
     7
370
    25
100
AcDbLine
 10
571.6000000001001
 20
7.715192642899999
 30
0.0
 11
572.6000000001
 21
7.715192642899999
 31
0.0
  0
LINE
  5
A57
330
9E7
100
AcDbEntity
  8
0
  6
Continuous
 62
     7
370
    25
100
AcDbLine
 10
572.6000000001
 20
7.615192642899999
 30
0.0
 11
572.6000000001
 21
7.715320295199998
 31
0.0
  0
LINE
  5
A58
330
9E7
100
AcDbEntity
  8
0
  6
Continuous
 62
     7
370
    25
100
AcDbLine
 10
571.6000000001001
 20
7.615192642899999
 30
0.0
 11
572.6000000001
 21
7.615192642899999
 31
0.0
  0
LINE
  5
A59
330
9E7
100
AcDbEntity
  8
0
  6
Continuous
 62
     7
370
    25
100
AcDbLine
 10
422.6000000001
 20
7.615192642899999
 30
0.0
 11
422.6000000001
 21
7.728167661699999
 31
0.0
  0
LINE
  5
A5A
330
9E7
100
AcDbEntity
  8
0
  6
Continuous
 62
     7
370
    25
100
AcDbLine
 10
421.6000000001
 20
7.728200007
 30
0.0
 11
421.6000000001
 21
7.615192642899999
 31
0.0
  0
LINE
  5
A5B
330
9E7
100
AcDbEntity
  8
0
  6
Continuous
 62
     7
370
    25
100
AcDbLine
 10
421.4000000001
 20
7.615192642899999
 30
0.0
 11
421.4000000001
 21
7.728206243599998
 31
0.0
  0
LINE
  5
A5C
330
9E7
100
AcDbEntity
  8
0
  6
Continuous
 62
     7
370
    25
100
AcDbLine
 10
420.4000000001
 20
7.7282362682
 30
0.0
 11
420.4000000001
 21
7.615192642899999
 31
0.0
  0
LINE
  5
A5D
330
9E7
100
AcDbEntity
  8
0
  6
Continuous
 62
     7
370
    25
100
AcDbLine
 10
420.2000000001
 20
7.615192642899999
 30
0.0
 11
420.2000000001
 21
7.7282420419
 31
0.0
  0
LINE
  5
A5E
330
9E7
100
AcDbEntity
  8
0
  6
Continuous
 62
     7
370
    25
100
AcDbLine
 10
419.2000000001
 20
7.7282697584
 30
0.0
 11
419.2000000001
 21
7.615192642899999
 31
0.0
  0
LINE
  5
A5F
330
9E7
100
AcDbEntity
  8
0
  6
Continuous
 62
     7
370
    25
100
AcDbLine
 10
272.6000000001
 20
7.615192642899999
 30
0.0
 11
272.6000000001
 21
7.716655252299998
 31
0.0
  0
LINE
  5
A60
330
9E7
100
AcDbEntity
  8
0
  6
Continuous
 62
     7
370
    25
100
AcDbLine
 10
271.6000000001
 20
7.615192642899999
 30
0.0
 11
272.6000000001
 21
7.615192642899999
 31
0.0
  0
LINE
  5
A61
330
9E7
100
AcDbEntity
  8
0
  6
Continuous
 62
     7
370
    25
100
AcDbLine
 10
271.6000000001
 20
7.7165074516
 30
0.0
 11
271.6000000001
 21
7.615192642899999
 31
0.0
  0
LINE
  5
A62
330
9E7
100
AcDbEntity
  8
0
  6
Continuous
 62
     7
370
    25
100
AcDbLine
 10
271.4000000001
 20
7.615192642899999
 30
0.0
 11
271.4000000001
 21
7.7164778484
 31
0.0
  0
LINE
  5
A63
330
9E7
100
AcDbEntity
  8
0
  6
Continuous
 62
     7
370
    25
100
AcDbLine
 10
270.4000000001
 20
7.716329622
 30
0.0
 11
270.4000000001
 21
7.615192642899999
 31
0.0
  0
LINE
  5
A64
330
9E7
100
AcDbEntity
  8
0
  6
Continuous
 62
     7
370
    25
100
AcDbLine
 10
270.2000000001
 20
7.615192642899999
 30
0.0
 11
270.2000000001
 21
7.716299935399999
 31
0.0
  0
LINE
  5
A65
330
9E7
100
AcDbEntity
  8
0
  6
Continuous
 62
     7
370
    25
100
AcDbLine
 10
269.2000000001
 20
7.716151301699999
 30
0.0
 11
269.2000000001
 21
7.615192642899999
 31
0.0
  0
LINE
  5
A66
330
9E7
100
AcDbEntity
  8
0
  6
Continuous
 62
     7
370
    25
100
AcDbLine
 10
122.6000000001
 20
7.615192642899999
 30
0.0
 11
122.6000000001
 21
7.6983092689
 31
0.0
  0
LINE
  5
A67
330
9E7
100
AcDbEntity
  8
0
  6
Continuous
 62
     7
370
    25
100
AcDbLine
 10
121.6000000001
 20
7.6982717024
 30
0.0
 11
121.6000000001
 21
7.615192642899999
 31
0.0
  0
LINE
  5
A68
330
9E7
100
AcDbEntity
  8
0
  6
Continuous
 62
     7
370
    25
100
AcDbLine
 10
121.4000000001
 20
7.615192642899999
 30
0.0
 11
121.4000000001
 21
7.698264427499998
 31
0.0
  0
LINE
  5
A69
330
9E7
100
AcDbEntity
  8
0
  6
Continuous
 62
     7
370
    25
100
AcDbLine
 10
120.4000000001
 20
7.615192642899999
 30
0.0
 11
121.4000000001
 21
7.615192642899999
 31
0.0
  0
LINE
  5
A6A
330
9E7
100
AcDbEntity
  8
0
  6
Continuous
 62
     7
370
    25
100
AcDbLine
 10
120.4000000001
 20
7.6982292533
 30
0.0
 11
120.4000000001
 21
7.615192642899999
 31
0.0
  0
LINE
  5
A6B
330
9E7
100
AcDbEntity
  8
0
  6
Continuous
 62
     7
370
    25
100
AcDbLine
 10
120.2000000001
 20
7.615192642899999
 30
0.0
 11
120.2000000001
 21
7.6982224595
 31
0.0
  0
LINE
  5
A6C
330
9E7
100
AcDbEntity
  8
0
  6
Continuous
 62
     7
370
    25
100
AcDbLine
 10
119.2000000001
 20
7.615192642899999
 30
0.0
 11
120.2000000001
 21
7.615192642899999
 31
0.0
  0
LINE
  5
A6D
330
9E7
100
AcDbEntity
  8
0
  6
Continuous
 62
     7
370
    25
100
AcDbLine
 10
119.2000000001
 20
7.6981897046
 30
0.0
 11
119.2000000001
 21
7.615192642899999
 31
0.0
  0
LINE
  5
A6E
330
9E7
100
AcDbEntity
  8
0
  6
Continuous
 62
     7
370
    18
100
AcDbLine
 10
571.0
 20
21.9616019211
 30
0.0
 11
571.0
 21
0.0
 31
0.0
  0
SPLINE
  5
A6F
330
9E7
100
AcDbEntity
  8
0
  6
Continuous
 62
     7
370
    25
100
AcDbSpline
210
0.0
220
0.0
230
1.0
 70
     8
 71
     3
 72
     8
 73
     4
 74
     0
 42
0.00000001
 43
0.0000000001
 40
0.8515151519081236
 40
0.8515151519081236
 40
0.8515151519081236
 40
0.8515151519081236
 40
0.8666666666613112
 40
0.8666666666613112
 40
0.8666666666613112
 40
0.8666666666613112
 10
1019.2000000001
 20
7.698316480099999
 30
0.0
 10
1019.533333324874
 20
7.698303527035053
 30
0.0
 10
1019.866666649631
 20
7.698290901528786
 30
0.0
 10
1020.19999997437
 20
7.698278606535388
 30
0.0
  0
SPLINE
  5
A70
330
9E7
100
AcDbEntity
  8
0
  6
Continuous
 62
     7
370
    25
100
AcDbSpline
210
0.0
220
0.0
230
1.0
 70
     8
 71
     3
 72
     8
 73
     4
 74
     0
 42
0.00000001
 43
0.0000000001
 40
0.8696969701845381
 40
0.8696969701845381
 40
0.8696969701845381
 40
0.8696969701845381
 40
0.8848484848350977
 40
0.8848484848350977
 40
0.8848484848350977
 40
0.8848484848350977
 10
1020.4000000001
 20
7.698271269199999
 30
0.0
 10
1020.733333322575
 20
7.698259106530027
 30
0.0
 10
1021.066666645031
 20
7.698247274963759
 30
0.0
 10
1021.399999967468
 20
7.698235777455386
 30
0.0
  0
SPLINE
  5
A71
330
9E7
100
AcDbEntity
  8
0
  6
Continuous
 62
     7
370
    25
100
AcDbSpline
210
0.0
220
0.0
230
1.0
 70
     8
 71
     3
 72
     8
 73
     4
 74
     0
 42
0.00000001
 43
0.0000000001
 40
0.8878787883090065
 40
0.8878787883090065
 40
0.8878787883090065
 40
0.8878787883090065
 40
0.9030303030113879
 40
0.9030303030113879
 40
0.9030303030113879
 40
0.9030303030113879
 10
1021.6000000001
 20
7.698228919099998
 30
0.0
 10
1021.93333332367
 20
7.698217555332937
 30
0.0
 10
1022.26666664722
 20
7.698206526214613
 30
0.0
 10
1022.59999997075
 20
7.698195834699213
 30
0.0
  0
SPLINE
  5
A72
330
9E7
100
AcDbEntity
  8
0
  6
Continuous
 62
     7
370
    25
100
AcDbSpline
210
0.0
220
0.0
230
1.0
 70
     8
 71
     3
 72
     8
 73
     4
 74
     0
 42
0.00000001
 43
0.0000000001
 40
0.0
 40
0.0
 40
0.0
 40
0.0
 40
0.8484848484898639
 40
0.8484848484898639
 40
0.8484848484898639
 40
0.8484848484898639
 10
963.0000000130548
 20
7.703079708696326
 30
0.0
 10
981.6666666041472
 20
7.700815067156081
 30
0.0
 10
1000.333333334558
 20
7.699056993595756
 30
0.0
 10
1019.00000001312
 20
7.698324291241267
 30
0.0
  0
SPLINE
  5
A73
330
9E7
100
AcDbEntity
  8
0
  6
Continuous
 62
     7
370
    25
100
AcDbSpline
210
0.0
220
0.0
230
1.0
 70
     8
 71
     3
 72
     8
 73
     4
 74
     0
 42
0.00000001
 43
0.0000000001
 40
0.9060606062817827
 40
0.9060606062817827
 40
0.9060606062817827
 40
0.9060606062817827
 40
1.0
 40
1.0
 40
1.0
 40
1.0
 10
1022.80000001312
 20
7.698189460296844
 30
0.0
 10
1024.86666667535
 20
7.698124010887577
 30
0.0
 10
1026.933333336784
 20
7.698071561647357
 30
0.0
 10
1028.999999997165
 20
7.698032816642632
 30
0.0
  0
SPLINE
  5
A74
330
9E7
100
AcDbEntity
  8
0
  6
Continuous
 62
     7
370
    25
100
AcDbSpline
210
0.0
220
0.0
230
1.0
 70
     8
 71
     3
 72
     8
 73
     4
 74
     0
 42
0.00000001
 43
0.0000000001
 40
0.0
 40
0.0
 40
0.0
 40
0.0
 40
1.0
 40
1.0
 40
1.0
 40
1.0
 10
1030.999999998565
 20
7.697999656167866
 30
0.0
 10
1053.000000231152
 20
7.697682853284317
 30
0.0
 10
1075.000000271887
 20
7.698943666042348
 30
0.0
 10
1096.999999998565
 20
7.702786999537496
 30
0.0
  0
SPLINE
  5
A75
330
9E7
100
AcDbEntity
  8
0
  6
Continuous
 62
     7
370
    25
100
AcDbSpline
210
0.0
220
0.0
230
1.0
 70
     8
 71
     3
 72
     8
 73
     4
 74
     0
 42
0.00000001
 43
0.0000000001
 40
0.0
 40
0.0
 40
0.0
 40
0.0
 40
1.0
 40
1.0
 40
1.0
 40
1.0
 10
1098.999999999966
 20
7.703143585303321
 30
0.0
 10
1112.66666680126
 20
7.705629609792794
 30
0.0
 10
1126.333333479251
 20
7.709129573894893
 30
0.0
 10
1139.999999999937
 20
7.71392307270946
 30
0.0
  0
SPLINE
  5
A76
330
9E7
100
AcDbEntity
  8
0
  6
Continuous
 62
     7
370
    25
100
AcDbSpline
210
0.0
220
0.0
230
1.0
 70
     8
 71
     3
 72
    11
 73
     7
 74
     0
 42
0.00000001
 43
0.0000000001
 40
0.0
 40
0.0
 40
0.0
 40
0.0
 40
0.25
 40
0.5
 40
0.75
 40
1.0
 40
1.0
 40
1.0
 40
1.0
 10
1139.999999999937
 20
20.13279180979842
 30
0.0
 10
1097.084297640101
 20
20.46473761114359
 30
0.0
 10
1011.251545374698
 20
20.94657827659804
 30
0.0
 10
882.5011452092757
 20
21.33670572449064
 30
0.0
 10
753.7504714691659
 20
21.60697968454707
 30
0.0
 10
667.9167612708758
 20
21.82268083216888
 30
0.0
 10
624.9999999999685
 20
21.96160192113335
 30
0.0
  0
SPLINE
  5
A77
330
9E7
100
AcDbEntity
  8
0
  6
Continuous
 62
     7
370
    25
100
AcDbSpline
210
0.0
220
0.0
230
1.0
 70
     8
 71
     3
 72
     8
 73
     4
 74
     0
 42
0.00000001
 43
0.0000000001
 40
0.1000000009254584
 40
0.1000000009254584
 40
0.1000000009254584
 40
0.1000000009254584
 40
0.101000000920626
 40
0.101000000920626
 40
0.101000000920626
 40
0.101000000920626
 10
419.0000000028375
 20
7.728275071747293
 30
0.0
 10
418.6666666694907
 20
7.728283863620371
 30
0.0
 10
418.3333333361349
 20
7.728292336831642
 30
0.0
 10
418.0000000027716
 20
7.728300492849027
 30
0.0
  0
SPLINE
  5
A78
330
9E7
100
AcDbEntity
  8
0
  6
Continuous
 62
     7
370
    25
100
AcDbSpline
210
0.0
220
0.0
230
1.0
 70
     8
 71
     3
 72
    11
 73
     7
 74
     0
 42
0.00000001
 43
0.0000000001
 40
0.7699680511182108
 40
0.7699680511182108
 40
0.7699680511182108
 40
0.7699680511182108
 40
0.8274760383386578
 40
0.884984025559105
 40
0.9424920127795527
 40
1.0
 40
1.0
 40
1.0
 40
1.0
 10
625.0000000001
 20
7.715192642899999
 30
0.0
 10
628.8324147656664
 20
7.715341998021835
 30
0.0
 10
636.4966424300229
 20
7.715900426634378
 30
0.0
 10
648.0050774101498
 20
7.720380000720311
 30
0.0
 10
659.5031239300084
 20
7.722435932857999
 30
0.0
 10
667.1677079838485
 20
7.723591645902017
 30
0.0
 10
670.9999999999662
 20
7.72411776532083
 30
0.0
  0
SPLINE
  5
A79
330
9E7
100
AcDbEntity
  8
0
  6
Continuous
 62
     7
370
    25
100
AcDbSpline
210
0.0
220
0.0
230
1.0
 70
     8
 71
     3
 72
     8
 73
     4
 74
     0
 42
0.00000001
 43
0.0000000001
 40
0.0
 40
0.0
 40
0.0
 40
0.0
 40
0.9019607848523991
 40
0.9019607848523991
 40
0.9019607848523991
 40
0.9019607848523991
 10
672.9999999999662
 20
7.72438765430923
 30
0.0
 10
688.3333332239961
 20
7.726420983888912
 30
0.0
 10
703.666666580152
 20
7.727631175978442
 30
0.0
 10
719.0000000000321
 20
7.728154143620789
 30
0.0
  0
SPLINE
  5
A7A
330
9E7
100
AcDbEntity
  8
0
  6
Continuous
 62
     7
370
    25
100
AcDbSpline
210
0.0
220
0.0
230
1.0
 70
     8
 71
     3
 72
     8
 73
     4
 74
     0
 42
0.00000001
 43
0.0000000001
 40
0.9764705884976116
 40
0.9764705884976116
 40
0.9764705884976116
 40
0.9764705884976116
 40
1.0
 40
1.0
 40
1.0
 40
1.0
 10
722.8000000000322
 20
7.728269756033528
 30
0.0
 10
723.199999997854
 20
7.728280460912789
 30
0.0
 10
723.5999999957153
 20
7.728290705756394
 30
0.0
 10
723.9999999936152
 20
7.728300492977205
 30
0.0
  0
SPLINE
  5
A7B
330
9E7
100
AcDbEntity
  8
0
  6
Continuous
 62
     7
370
    25
100
AcDbSpline
210
0.0
220
0.0
230
1.0
 70
     8
 71
     3
 72
     8
 73
     4
 74
     0
 42
0.00000001
 43
0.0000000001
 40
0.0
 40
0.0
 40
0.0
 40
0.0
 40
1.0
 40
1.0
 40
1.0
 40
1.0
 10
725.9999999936152
 20
7.728345634567157
 30
0.0
 10
744.6666667027622
 20
7.72873164981513
 30
0.0
 10
763.3333333650812
 20
7.728129475724203
 30
0.0
 10
781.9999999936152
 20
7.726814358091262
 30
0.0
  0
SPLINE
  5
A7C
330
9E7
100
AcDbEntity
  8
0
  6
Continuous
 62
     7
370
    25
100
AcDbSpline
210
0.0
220
0.0
230
1.0
 70
     8
 71
     3
 72
     8
 73
     4
 74
     0
 42
0.00000001
 43
0.0000000001
 40
0.0
 40
0.0
 40
0.0
 40
0.0
 40
1.0
 40
1.0
 40
1.0
 40
1.0
 10
783.9999999936152
 20
7.726670749407475
 30
0.0
 10
804.333333370832
 20
7.725183382374122
 30
0.0
 10
824.6666667203086
 20
7.722860546188264
 30
0.0
 10
844.9999999936155
 20
7.720117123765438
 30
0.0
  0
SPLINE
  5
A7D
330
9E7
100
AcDbEntity
  8
0
  6
Continuous
 62
     7
370
    25
100
AcDbSpline
210
0.0
220
0.0
230
1.0
 70
     8
 71
     3
 72
     8
 73
     4
 74
     0
 42
0.00000001
 43
0.0000000001
 40
0.0
 40
0.0
 40
0.0
 40
0.0
 40
0.3333333331182509
 40
0.3333333331182509
 40
0.3333333331182509
 40
0.3333333331182509
 10
846.9999999936156
 20
7.719845957470305
 30
0.0
 10
854.3333333348376
 20
7.718846894163356
 30
0.0
 10
861.6666666685702
 20
7.717794769405736
 30
0.0
 10
868.9999999980964
 20
7.71671283952195
 30
0.0
  0
SPLINE
  5
A7E
330
9E7
100
AcDbEntity
  8
0
  6
Continuous
 62
     7
370
    25
100
AcDbSpline
210
0.0
220
0.0
230
1.0
 70
     8
 71
     3
 72
     8
 73
     4
 74
     0
 42
0.00000001
 43
0.0000000001
 40
0.3909090904627871
 40
0.3909090904627871
 40
0.3909090904627871
 40
0.3909090904627871
 40
1.0
 40
1.0
 40
1.0
 40
1.0
 10
872.8000000023941
 20
7.716149655179203
 30
0.0
 10
886.2000000114253
 20
7.714155127874401
 30
0.0
 10
899.6000000083032
 20
7.712074495939182
 30
0.0
 10
913.0000000130548
 20
7.710049649180289
 30
0.0
  0
SPLINE
  5
A7F
330
9E7
100
AcDbEntity
  8
0
  6
Continuous
 62
     7
370
    25
100
AcDbSpline
210
0.0
220
0.0
230
1.0
 70
     8
 71
     3
 72
     8
 73
     4
 74
     0
 42
0.00000001
 43
0.0000000001
 40
0.0
 40
0.0
 40
0.0
 40
0.0
 40
1.0
 40
1.0
 40
1.0
 40
1.0
 10
915.0000000130548
 20
7.709747894052281
 30
0.0
 10
930.3333333269252
 20
7.707438117560721
 30
0.0
 10
945.6666666507159
 20
7.705214260687227
 30
0.0
 10
961.0000000130547
 20
7.703324298017289
 30
0.0
  0
SPLINE
  5
A80
330
9E7
100
AcDbEntity
  8
0
  6
Continuous
 62
     7
370
    25
100
AcDbSpline
210
0.0
220
0.0
230
1.0
 70
     8
 71
     3
 72
     8
 73
     4
 74
     0
 42
0.00000001
 43
0.0000000001
 40
0.3363636359182127
 40
0.3363636359182127
 40
0.3363636359182127
 40
0.3363636359182127
 40
0.3515151512995287
 40
0.3515151512995287
 40
0.3515151512995287
 40
0.3515151512995287
 10
869.1999999893022
 20
7.716683324906567
 30
0.0
 10
869.5333333277298
 20
7.716634121729737
 30
0.0
 10
869.8666666661488
 20
7.716584857408887
 30
0.0
 10
870.2000000045591
 20
7.716535534128122
 30
0.0
  0
SPLINE
  5
A81
330
9E7
100
AcDbEntity
  8
0
  6
Continuous
 62
     7
370
    25
100
AcDbSpline
210
0.0
220
0.0
230
1.0
 70
     8
 71
     3
 72
     8
 73
     4
 74
     0
 42
0.00000001
 43
0.0000000001
 40
0.3545454542468234
 40
0.3545454542468234
 40
0.3545454542468234
 40
0.3545454542468234
 40
0.3696969694814665
 40
0.3696969694814665
 40
0.3696969694814665
 40
0.3696969694814665
 10
870.3999999990926
 20
7.716505933103202
 30
0.0
 10
870.7333333342731
 20
7.716456586326311
 30
0.0
 10
871.0666666694452
 20
7.716407181026323
 30
0.0
 10
871.4000000046096
 20
7.716357719387339
 30
0.0
  0
SPLINE
  5
A82
330
9E7
100
AcDbEntity
  8
0
  6
Continuous
 62
     7
370
    25
100
AcDbSpline
210
0.0
220
0.0
230
1.0
 70
     8
 71
     3
 72
     8
 73
     4
 74
     0
 42
0.00000001
 43
0.0000000001
 40
0.3727272724284216
 40
0.3727272724284216
 40
0.3727272724284216
 40
0.3727272724284216
 40
0.3878787876640866
 40
0.3878787876640866
 40
0.3878787876640866
 40
0.3878787876640866
 10
871.5999999991087
 20
7.716328035661723
 30
0.0
 10
871.9333333342923
 20
7.716278551574507
 30
0.0
 10
872.2666666694678
 20
7.716229011585116
 30
0.0
 10
872.600000004636
 20
7.716179417877653
 30
0.0
  0
SPLINE
  5
A83
330
9E7
100
AcDbEntity
  8
0
  6
Continuous
 62
     7
370
    25
100
AcDbSpline
210
0.0
220
0.0
230
1.0
 70
     8
 71
     3
 72
     8
 73
     4
 74
     0
 42
0.00000001
 43
0.0000000001
 40
0.9058823534773839
 40
0.9058823534773839
 40
0.9058823534773839
 40
0.9058823534773839
 40
0.9254901964958211
 40
0.9254901964958211
 40
0.9254901964958211
 40
0.9254901964958211
 10
719.2000000001
 20
7.7281609259
 30
0.0
 10
719.5333333331078
 20
7.728172164907465
 30
0.0
 10
719.8666666661455
 20
7.728183079418943
 30
0.0
 10
720.1999999992128
 20
7.728193670830759
 30
0.0
  0
SPLINE
  5
A84
330
9E7
100
AcDbEntity
  8
0
  6
Continuous
 62
     7
370
    25
100
AcDbSpline
210
0.0
220
0.0
230
1.0
 70
     8
 71
     3
 72
     8
 73
     4
 74
     0
 42
0.00000001
 43
0.0000000001
 40
0.9294117649042995
 40
0.9294117649042995
 40
0.9294117649042995
 40
0.9294117649042995
 40
0.9490196081342851
 40
0.9490196081342851
 40
0.9490196081342851
 40
0.9490196081342851
 10
720.4000000000998
 20
7.728199987
 30
0.0
 10
720.7333333367751
 20
7.728210449227923
 30
0.0
 10
721.0666666734793
 20
7.728220588635449
 30
0.0
 10
721.4000000102117
 20
7.7282304066189
 30
0.0
  0
SPLINE
  5
A85
330
9E7
100
AcDbEntity
  8
0
  6
Continuous
 62
     7
370
    25
100
AcDbSpline
210
0.0
220
0.0
230
1.0
 70
     8
 71
     3
 72
     8
 73
     4
 74
     0
 42
0.00000001
 43
0.0000000001
 40
0.9529411766065717
 40
0.9529411766065717
 40
0.9529411766065717
 40
0.9529411766065717
 40
0.9725490197679324
 40
0.9725490197679324
 40
0.9725490197679324
 40
0.9725490197679324
 10
721.6000000000999
 20
7.728236258799999
 30
0.0
 10
721.9333333356772
 20
7.728245948269646
 30
0.0
 10
722.2666666712828
 20
7.728255316594487
 30
0.0
 10
722.6000000069161
 20
7.728264365170856
 30
0.0
  0
SPLINE
  5
A86
330
9E7
100
AcDbEntity
  8
0
  6
Continuous
 62
     7
370
    25
100
AcDbSpline
210
0.0
220
0.0
230
1.0
 70
     8
 71
     3
 72
     8
 73
     4
 74
     0
 42
0.00000001
 43
0.0000000001
 40
0.2464000010370585
 40
0.2464000010370585
 40
0.2464000010370585
 40
0.2464000010370585
 40
0.2474000010437591
 40
0.2474000010437591
 40
0.2474000010437591
 40
0.2474000010437591
 10
272.6000000001
 20
7.716655252337572
 30
0.0
 10
272.2666666667577
 20
7.716606046191976
 30
0.0
 10
271.9333333334245
 20
7.71655677858613
 30
0.0
 10
271.6000000001001
 20
7.716507451640834
 30
0.0
  0
SPLINE
  5
A87
330
9E7
100
AcDbEntity
  8
0
  6
Continuous
 62
     7
370
    25
100
AcDbSpline
210
0.0
220
0.0
230
1.0
 70
     8
 71
     3
 72
     8
 73
     4
 74
     0
 42
0.00000001
 43
0.0000000001
 40
0.3976000016266266
 40
0.3976000016266266
 40
0.3976000016266266
 40
0.3976000016266266
 40
0.3986000016249843
 40
0.3986000016249843
 40
0.3986000016249843
 40
0.3986000016249843
 10
121.4000000001001
 20
7.698264427511327
 30
0.0
 10
121.0666666667787
 20
7.698252369151608
 30
0.0
 10
120.733333333445
 20
7.698240643361543
 30
0.0
 10
120.4000000001
 20
7.698229253268766
 30
0.0
  0
SPLINE
  5
A88
330
9E7
100
AcDbEntity
  8
0
  6
Continuous
 62
     7
370
    25
100
AcDbSpline
210
0.0
220
0.0
230
1.0
 70
     8
 71
     3
 72
     8
 73
     4
 74
     0
 42
0.00000001
 43
0.0000000001
 40
0.3988000016246852
 40
0.3988000016246852
 40
0.3988000016246852
 40
0.3988000016246852
 40
0.3998000016233369
 40
0.3998000016233369
 40
0.3998000016233369
 40
0.3998000016233369
 10
120.2000000000998
 20
7.698222459521911
 30
0.0
 10
119.8666666667777
 20
7.698211203833601
 30
0.0
 10
119.5333333334442
 20
7.698200284469062
 30
0.0
 10
119.2000000001
 20
7.698189704565512
 30
0.0
  0
ENDBLK
  5
A89
330
9E7
100
AcDbEntity
  8
0
100
AcDbBlockEnd
  0
ENDSEC
  0
SECTION
  2
ENTITIES
  0
LINE
  5
B0F
330
1F
100
AcDbEntity
  8
SLD-0
100
AcDbLine
 10
-36.63918378043309
 20
-161.3747266439386
 30
0.0
 11
963.3608162195669
 21
-161.3747266439386
 31
0.0
  0
LINE
  5
B10
330
1F
100
AcDbEntity
  8
SLD-0
100
AcDbLine
 10
-36.63918378043309
 20
-161.3747266439386
 30
0.0
 11
-36.63918378043309
 21
-61.37472664393863
 31
0.0
  0
LINE
  5
B11
330
1F
100
AcDbEntity
  8
SLD-0
100
AcDbLine
 10
-36.63918378043309
 20
-61.37472664393863
 30
0.0
 11
963.3608162195669
 21
-61.37472664393863
 31
0.0
  0
LINE
  5
B12
330
1F
100
AcDbEntity
  8
SLD-0
100
AcDbLine
 10
963.3608162195669
 20
-161.3747266439386
 30
0.0
 11
963.3608162195669
 21
-61.37472664393863
 31
0.0
  0
INSERT
  5
B16
330
1F
100
AcDbEntity
  8
0
  6
Continuous
 62
     7
100
AcDbBlockReference
  2
tail_第六块翼肋
 10
450.4222055388669
 20
-89.37288222863863
 30
0.0
  0
INSERT
  5
B17
330
1F
100
AcDbEntity
  8
0
  6
Continuous
 62
     7
100
AcDbBlockReference
  2
fin_第二翼肋_高度为59
 10
560.4348389600669
 20
-90.91756109443862
 30
0.0
  0
INSERT
  5
B18
330
1F
100
AcDbEntity
  8
0
  6
Continuous
 62
     7
100
AcDbBlockReference
  2
fin_第二翼肋_高度为59
 10
560.4348389600669
 20
-75.85466644423863
 30
0.0
  0
INSERT
  5
B1A
330
1F
100
AcDbEntity
  8
0
  6
Continuous
 62
     7
100
AcDbBlockReference
  2
tail_第六块翼肋
 10
450.4222055388669
 20
-155.9633113684386
 30
0.0
  0
INSERT
  5
B1D
330
1F
100
AcDbEntity
  8
0
  6
Continuous
 62
     7
100
AcDbBlockReference
  2
fin__第一翼肋_高度为59
 10
516.5818420683669
 20
-81.26580048693863
 30
0.0
 50
270.0
  0
INSERT
  5
B1F
330
1F
100
AcDbEntity
  8
0
  6
Continuous
 62
     7
100
AcDbBlockReference
  2
fin__第一翼肋_高度为59
 10
516.5818420688668
 20
-68.16141907343864
 30
0.0
 50
270.0
  0
INSERT
  5
B2B
330
1F
100
AcDbEntity
  8
0
  6
Continuous
 62
     7
100
AcDbBlockReference
  2
main_wing_第八块翼肋
 10
117.0766481647669
 20
-90.23910747333863
 30
0.0
  0
INSERT
  5
B2C
330
1F
100
AcDbEntity
  8
0
  6
Continuous
 62
     7
100
AcDbBlockReference
  2
main_wing_第九块翼肋
 10
225.3359543689669
 20
-89.80598900773863
 30
0.0
  0
INSERT
  5
B2D
330
1F
100
AcDbEntity
  8
0
  6
Continuous
 62
     7
100
AcDbBlockReference
  2
main_wing_第十块翼肋
 10
323.8452950947669
 20
-89.37288535893863
 30
0.0
  0
INSERT
  5
B2E
330
1F
100
AcDbEntity
  8
0
  6
Continuous
 62
     7
100
AcDbBlockReference
  2
main_wing_第十块翼肋
 10
323.3011717115669
 20
-155.9633144987386
 30
0.0
  0
INSERT
  5
B2F
330
1F
100
AcDbEntity
  8
0
  6
Continuous
 62
     7
100
AcDbBlockReference
  2
main_wing_第八块翼肋
 10
116.5325247815669
 20
-156.8295366130386
 30
0.0
  0
INSERT
  5
B30
330
1F
100
AcDbEntity
  8
0
  6
Continuous
 62
     7
100
AcDbBlockReference
  2
main_wing_第九块翼肋
 10
224.7918309857669
 20
-156.3964181475386
 30
0.0
  0
INSERT
  5
B31
330
1F
100
AcDbEntity
  8
0
  6
Continuous
 62
     7
100
AcDbBlockReference
  2
main_wing_平面版小翼_可以是木板
 10
-25.20008039263309
 20
-111.2822527613386
 30
0.0
  0
INSERT
  5
B32
330
1F
100
AcDbEntity
  8
0
  6
Continuous
 62
     7
100
AcDbBlockReference
  2
main_wing_平面版小翼_可以是木板
 10
-25.20008039263309
 20
-154.2895163629386
 30
0.0
  0
MTEXT
  5
B33
330
1F
100
AcDbEntity
  8
SLD-0
100
AcDbMText
 10
-32.50920508893309
 20
-65.26223235383863
 30
0.0
 40
3.5
 41
0.0
 46
0.0
 71
     1
 72
     1
  1
轻木 2mm
  7
SLDTEXTSTYLE0
 73
     1
 44
1.0
  0
INSERT
  5
B69
330
1F
100
AcDbEntity
  8
0
  6
Continuous
 62
     7
100
AcDbBlockReference
  2
tail_第四块翼肋
 10
381.3169424702064
 20
-121.6472320267615
 30
0.0
  0
INSERT
  5
B6A
330
1F
100
AcDbEntity
  8
0
  6
Continuous
 62
     7
100
AcDbBlockReference
  2
tail_第二块翼肋
 10
216.7945435299064
 20
-121.6472399870615
 30
0.0
  0
INSERT
  5
B6B
330
1F
100
AcDbEntity
  8
0
  6
Continuous
 62
     7
100
AcDbBlockReference
  2
tail_第三块翼肋
 10
305.0417664962065
 20
-121.6472418047615
 30
0.0
  0
INSERT
  5
B6C
330
1F
100
AcDbEntity
  8
0
  6
Continuous
 62
     7
100
AcDbBlockReference
  2
tail_第一块翼肋
 10
121.2340147930063
 20
-121.6472288252615
 30
0.0
  0
INSERT
  5
B6D
330
1F
100
AcDbEntity
  8
0
  6
Continuous
 62
     7
100
AcDbBlockReference
  2
tail_第五块翼肋
 10
449.5231271821062
 20
-121.6472332423615
 30
0.0
  0
INSERT
  5
B77
330
1F
100
AcDbEntity
  8
0
  6
Continuous
 62
     7
100
AcDbBlockReference
  2
tail_第一块翼肋
 10
521.0122751834042
 20
-124.5637671775792
 30
0.0
  0
INSERT
  5
B78
330
1F
100
AcDbEntity
  8
0
  6
Continuous
 62
     7
100
AcDbBlockReference
  2
tail_第二块翼肋
 10
617.7490880874042
 20
-124.5637783393792
 30
0.0
  0
INSERT
  5
B79
330
1F
100
AcDbEntity
  8
0
  6
Continuous
 62
     7
100
AcDbBlockReference
  2
tail_第三块翼肋
 10
705.9963110537044
 20
-124.5637801571792
 30
0.0
  0
INSERT
  5
B7A
330
1F
100
AcDbEntity
  8
0
  6
Continuous
 62
     7
100
AcDbBlockReference
  2
tail_第五块翼肋
 10
850.477671739604
 20
-124.5637715947792
 30
0.0
  0
INSERT
  5
B7B
330
1F
100
AcDbEntity
  8
0
  6
Continuous
 62
     7
100
AcDbBlockReference
  2
tail_第四块翼肋
 10
782.2714870277043
 20
-124.5637703791792
 30
0.0
  0
ENDSEC
  0
SECTION
  2
OBJECTS
  0
DICTIONARY
  5
C
330
0
100
AcDbDictionary
281
     1
  3
ACAD_CIP_PREVIOUS_PRODUCT_INFO
350
DB
  3
ACAD_COLOR
350
D0
  3
ACAD_DETAILVIEWSTYLE
350
D7
  3
ACAD_GROUP
350
D
  3
ACAD_LAYOUT
350
1A
  3
ACAD_MATERIAL
350
9E
  3
ACAD_MLEADERSTYLE
350
D3
  3
ACAD_MLINESTYLE
350
17
  3
ACAD_PLOTSETTINGS
350
19
  3
ACAD_PLOTSTYLENAME
350
E
  3
ACAD_SCALELIST
350
47
  3
ACAD_SECTIONVIEWSTYLE
350
D5
  3
ACAD_TABLESTYLE
350
D1
  3
ACAD_VISUALSTYLE
350
B7
  3
ACDB_RECOMPOSE_DATA
350
B7D
  3
AcDbVariableDictionary
350
AB8
  0
DICTIONARY
  5
AD9
330
10
100
AcDbDictionary
280
     1
281
     1
  3
ADSK_XREC_LAYER_RECONCILED
360
ADA
  0
DICTIONARY
  5
ADB
330
3B3
100
AcDbDictionary
280
     1
281
     1
  3
ADSK_XREC_LAYER_RECONCILED
360
ADC
  0
XRECORD
  5
DB
102
{ACAD_REACTORS
330
C
102
}
330
C
100
AcDbXrecord
280
     1
300
ACD
300
2022
300

  0
DICTIONARY
  5
D0
102
{ACAD_REACTORS
330
C
102
}
330
C
100
AcDbDictionary
281
     1
  0
DICTIONARY
  5
D7
102
{ACAD_REACTORS
330
C
102
}
330
C
100
AcDbDictionary
281
     1
  3
Metric50
350
D8
  0
DICTIONARY
  5
D
102
{ACAD_REACTORS
330
C
102
}
330
C
100
AcDbDictionary
281
     1
  0
DICTIONARY
  5
1A
102
{ACAD_REACTORS
330
C
102
}
330
C
100
AcDbDictionary
281
     1
  3
Layout1
350
1E
  3
Layout2
350
26
  3
Model
350
22
  0
DICTIONARY
  5
9E
102
{ACAD_REACTORS
330
C
102
}
330
C
100
AcDbDictionary
281
     1
  3
ByBlock
350
A7
  3
ByLayer
350
9F
  3
Global
350
AF
  0
DICTIONARY
  5
D3
102
{ACAD_REACTORS
330
C
102
}
330
C
100
AcDbDictionary
281
     1
  3
Standard
350
D4
  0
DICTIONARY
  5
17
102
{ACAD_REACTORS
330
C
102
}
330
C
100
AcDbDictionary
281
     1
  3
Standard
350
18
  0
DICTIONARY
  5
19
102
{ACAD_REACTORS
330
C
102
}
330
C
100
AcDbDictionary
281
     1
  0
ACDBDICTIONARYWDFLT
  5
E
102
{ACAD_REACTORS
330
C
102
}
330
C
100
AcDbDictionary
281
     1
  3
Normal
350
F
100
AcDbDictionaryWithDefault
340
F
  0
DICTIONARY
  5
47
102
{ACAD_REACTORS
330
C
102
}
330
C
100
AcDbDictionary
281
     1
  3
A0
350
48
  3
A1
350
49
  3
A2
350
4A
  3
A3
350
4B
  3
A4
350
4C
  3
A5
350
4D
  3
A6
350
4E
  3
A7
350
4F
  3
A8
350
50
  3
A9
350
51
  3
B0
350
52
  3
B1
350
53
  3
B2
350
54
  3
B3
350
55
  3
B4
350
56
  3
B5
350
57
  3
B6
350
58
  0
DICTIONARY
  5
D5
102
{ACAD_REACTORS
330
C
102
}
330
C
100
AcDbDictionary
281
     1
  3
Metric50
350
D6
  0
DICTIONARY
  5
D1
102
{ACAD_REACTORS
330
C
102
}
330
C
100
AcDbDictionary
281
     1
  3
Standard
350
D2
  0
DICTIONARY
  5
B7
102
{ACAD_REACTORS
330
C
102
}
330
C
100
AcDbDictionary
281
     1
  3
2dWireframe
350
BD
  3
Basic
350
BC
  3
Brighten
350
C3
  3
ColorChange
350
C7
  3
Conceptual
350
C0
  3
Dim
350
C2
  3
EdgeColorOff
350
CF
  3
Facepattern
350
C6
  3
Flat
350
B8
  3
FlatWithEdges
350
B9
  3
Gouraud
350
BA
  3
GouraudWithEdges
350
BB
  3
Hidden
350
BF
  3
JitterOff
350
CD
  3
Linepattern
350
C5
  3
OverhangOff
350
CE
  3
Realistic
350
C1
  3
Shaded
350
CC
  3
Shaded with edges
350
CB
  3
Shades of Gray
350
C8
  3
Sketchy
350
C9
  3
Thicken
350
C4
  3
Wireframe
350
BE
  3
X-Ray
350
CA
  0
XRECORD
  5
B7D
102
{ACAD_REACTORS
330
C
102
}
330
C
100
AcDbXrecord
280
     1
 90
        1
330
D2
  0
DICTIONARY
  5
AB8
102
{ACAD_REACTORS
330
C
102
}
330
C
100
AcDbDictionary
281
     1
  3
CANNOSCALE
350
ABE
  3
CMLEADERSTYLE
350
ABA
  3
CTABLESTYLE
350
AB9
  3
CVIEWDETAILSTYLE
350
ABB
  3
CVIEWSECTIONSTYLE
350
ABC
  3
LAYEREVAL
350
AC0
  3
LAYERNOTIFY
350
AC1
  3
LIGHTINGUNITS
350
ABF
  3
MSLTSCALE
350
ABD
  0
XRECORD
  5
ADA
102
{ACAD_REACTORS
330
AD9
102
}
330
AD9
100
AcDbXrecord
280
     1
290
     1
  0
XRECORD
  5
ADC
102
{ACAD_REACTORS
330
ADB
102
}
330
ADB
100
AcDbXrecord
280
     1
290
     1
  0
ACDBDETAILVIEWSTYLE
  5
D8
102
{ACAD_REACTORS
330
D7
102
}
330
D7
100
AcDbModelDocViewStyle
 70
     0
  3
Metric50
290
     0
300
Metric50
 90
        0
100
AcDbDetailViewStyle
 70
     0
 71
     0
 90
        3
 71
     1
340
11
 62
   256
 40
5.0
340
0
 62
   256
 40
5.0
300

 40
0.0
280
     1
 71
     2
340
16
 90
       25
 62
   256
 71
     3
340
11
 62
   256
 40
5.0
 90
        0
 40
15.0
 90
        1
300
%<\AcVar ViewDetailId>% (%<\AcVar ViewScale \f "%sn">%)
 71
     4
340
16
 90
       25
 62
   256
340
16
 90
       25
 62
   256
280
     0
  0
LAYOUT
  5
1E
102
{ACAD_REACTORS
330
1A
102
}
330
1A
100
AcDbPlotSettings
  1

  2
none_device
  4

  6

 40
0.0
 41
0.0
 42
0.0
 43
0.0
 44
0.0
 45
0.0
 46
0.0
 47
0.0
 48
0.0
 49
0.0
140
0.0
141
0.0
142
1.0
143
1.0
 70
   688
 72
     1
 73
     0
 74
     5
  7

 75
    16
147
1.0
 76
     0
 77
     2
 78
   300
148
0.0
149
0.0
100
AcDbLayout
  1
Layout1
 70
     1
 71
     1
 10
0.0
 20
0.0
 11
420.0
 21
297.0
 12
0.0
 22
0.0
 32
0.0
 14
1.000000000000000E+20
 24
1.000000000000000E+20
 34
1.000000000000000E+20
 15
-1.000000000000000E+20
 25
-1.000000000000000E+20
 35
-1.000000000000000E+20
146
0.0
 13
0.0
 23
0.0
 33
0.0
 16
1.0
 26
0.0
 36
0.0
 17
0.0
 27
1.0
 37
0.0
 76
     0
330
1B
  0
LAYOUT
  5
26
102
{ACAD_REACTORS
330
1A
102
}
330
1A
100
AcDbPlotSettings
  1

  2
none_device
  4

  6

 40
0.0
 41
0.0
 42
0.0
 43
0.0
 44
0.0
 45
0.0
 46
0.0
 47
0.0
 48
0.0
 49
0.0
140
0.0
141
0.0
142
1.0
143
1.0
 70
   688
 72
     1
 73
     0
 74
     5
  7

 75
    16
147
1.0
 76
     0
 77
     2
 78
   300
148
0.0
149
0.0
100
AcDbLayout
  1
Layout2
 70
     1
 71
     2
 10
0.0
 20
0.0
 11
0.0
 21
0.0
 12
0.0
 22
0.0
 32
0.0
 14
0.0
 24
0.0
 34
0.0
 15
0.0
 25
0.0
 35
0.0
146
0.0
 13
0.0
 23
0.0
 33
0.0
 16
1.0
 26
0.0
 36
0.0
 17
0.0
 27
1.0
 37
0.0
 76
     0
330
23
  0
LAYOUT
  5
22
102
{ACAD_REACTORS
330
1A
102
}
330
1A
100
AcDbPlotSettings
  1

  2
none_device
  4
ANSI_A_(11.00_x_8.50_Inches)
  6

 40
6.349999999999998
 41
19.05
 42
6.350005079999998
 43
19.05000254
 44
279.4
 45
215.9
 46
22.20467746
 47
-17.97050127
 48
0.0
 49
0.0
140
0.0
141
0.0
142
0.08415
143
1.0
 70
  1696
 72
     0
 73
     0
 74
     0
  7

 75
     0
147
0.0179189148
 76
     0
 77
     2
 78
   300
148
-1300.4909072572
149
0.0
100
AcDbLayout
  1
Model
 70
     1
 71
     0
 10
0.0
 20
0.0
 11
420.0
 21
297.0
 12
0.0
 22
0.0
 32
0.0
 14
0.0
 24
0.0
 34
0.0
 15
104.0
 25
100.0
 35
0.0
146
0.0
 13
0.0
 23
0.0
 33
0.0
 16
1.0
 26
0.0
 36
0.0
 17
0.0
 27
1.0
 37
0.0
 76
     0
330
1F
331
29
  0
MATERIAL
  5
A7
102
{ACAD_XDICTIONARY
360
A8
102
}
102
{ACAD_REACTORS
330
9E
102
}
330
9E
100
AcDbMaterial
  1
ByBlock
 72
     0
 43
0.0008202099737533
 43
0.0
 43
0.0
 43
0.0
 43
0.0
 43
0.0008202099737533
 43
0.0
 43
0.0
 43
0.0
 43
0.0
 43
1.0
 43
0.0
 43
0.0
 43
0.0
 43
0.0
 43
1.0
 77
     0
 47
0.0008202099737533
 47
0.0
 47
0.0
 47
0.0
 47
0.0
 47
0.0008202099737533
 47
0.0
 47
0.0
 47
0.0
 47
0.0
 47
1.0
 47
0.0
 47
0.0
 47
0.0
 47
0.0
 47
1.0
171
     0
 49
0.0008202099737533
 49
0.0
 49
0.0
 49
0.0
 49
0.0
 49
0.0008202099737533
 49
0.0
 49
0.0
 49
0.0
 49
0.0
 49
1.0
 49
0.0
 49
0.0
 49
0.0
 49
0.0
 49
1.0
175
     0
142
0.0008202099737533
142
0.0
142
0.0
142
0.0
142
0.0
142
0.0008202099737533
142
0.0
142
0.0
142
0.0
142
0.0
142
1.0
142
0.0
142
0.0
142
0.0
142
0.0
142
1.0
179
     0
144
0.0008202099737533
144
0.0
144
0.0
144
0.0
144
0.0
144
0.0008202099737533
144
0.0
144
0.0
144
0.0
144
0.0
144
1.0
144
0.0
144
0.0
144
0.0
144
0.0
144
1.0
147
0.0008202099737533
147
0.0
147
0.0
147
0.0
147
0.0
147
0.0008202099737533
147
0.0
147
0.0
147
0.0
147
0.0
147
1.0
147
0.0
147
0.0
147
0.0
147
0.0
147
1.0
  0
MATERIAL
  5
9F
102
{ACAD_XDICTIONARY
360
A0
102
}
102
{ACAD_REACTORS
330
9E
102
}
330
9E
100
AcDbMaterial
  1
ByLayer
 72
     0
 43
0.0008202099737533
 43
0.0
 43
0.0
 43
0.0
 43
0.0
 43
0.0008202099737533
 43
0.0
 43
0.0
 43
0.0
 43
0.0
 43
1.0
 43
0.0
 43
0.0
 43
0.0
 43
0.0
 43
1.0
 77
     0
 47
0.0008202099737533
 47
0.0
 47
0.0
 47
0.0
 47
0.0
 47
0.0008202099737533
 47
0.0
 47
0.0
 47
0.0
 47
0.0
 47
1.0
 47
0.0
 47
0.0
 47
0.0
 47
0.0
 47
1.0
171
     0
 49
0.0008202099737533
 49
0.0
 49
0.0
 49
0.0
 49
0.0
 49
0.0008202099737533
 49
0.0
 49
0.0
 49
0.0
 49
0.0
 49
1.0
 49
0.0
 49
0.0
 49
0.0
 49
0.0
 49
1.0
175
     0
142
0.0008202099737533
142
0.0
142
0.0
142
0.0
142
0.0
142
0.0008202099737533
142
0.0
142
0.0
142
0.0
142
0.0
142
1.0
142
0.0
142
0.0
142
0.0
142
0.0
142
1.0
179
     0
144
0.0008202099737533
144
0.0
144
0.0
144
0.0
144
0.0
144
0.0008202099737533
144
0.0
144
0.0
144
0.0
144
0.0
144
1.0
144
0.0
144
0.0
144
0.0
144
0.0
144
1.0
147
0.0008202099737533
147
0.0
147
0.0
147
0.0
147
0.0
147
0.0008202099737533
147
0.0
147
0.0
147
0.0
147
0.0
147
1.0
147
0.0
147
0.0
147
0.0
147
0.0
147
1.0
  0
MATERIAL
  5
AF
102
{ACAD_XDICTIONARY
360
B0
102
}
102
{ACAD_REACTORS
330
9E
102
}
330
9E
100
AcDbMaterial
  1
Global
 72
     0
 43
0.0008202099737533
 43
0.0
 43
0.0
 43
0.0
 43
0.0
 43
0.0008202099737533
 43
0.0
 43
0.0
 43
0.0
 43
0.0
 43
1.0
 43
0.0
 43
0.0
 43
0.0
 43
0.0
 43
1.0
 77
     0
 47
0.0008202099737533
 47
0.0
 47
0.0
 47
0.0
 47
0.0
 47
0.0008202099737533
 47
0.0
 47
0.0
 47
0.0
 47
0.0
 47
1.0
 47
0.0
 47
0.0
 47
0.0
 47
0.0
 47
1.0
171
     0
 49
0.0008202099737533
 49
0.0
 49
0.0
 49
0.0
 49
0.0
 49
0.0008202099737533
 49
0.0
 49
0.0
 49
0.0
 49
0.0
 49
1.0
 49
0.0
 49
0.0
 49
0.0
 49
0.0
 49
1.0
175
     0
142
0.0008202099737533
142
0.0
142
0.0
142
0.0
142
0.0
142
0.0008202099737533
142
0.0
142
0.0
142
0.0
142
0.0
142
1.0
142
0.0
142
0.0
142
0.0
142
0.0
142
1.0
179
     0
144
0.0008202099737533
144
0.0
144
0.0
144
0.0
144
0.0
144
0.0008202099737533
144
0.0
144
0.0
144
0.0
144
0.0
144
1.0
144
0.0
144
0.0
144
0.0
144
0.0
144
1.0
147
0.0008202099737533
147
0.0
147
0.0
147
0.0
147
0.0
147
0.0008202099737533
147
0.0
147
0.0
147
0.0
147
0.0
147
1.0
147
0.0
147
0.0
147
0.0
147
0.0
147
1.0
  0
MLEADERSTYLE
  5
D4
102
{ACAD_REACTORS
330
D3
102
}
330
D3
100
AcDbMLeaderStyle
179
     2
170
     2
171
     1
172
     0
 90
        2
 40
0.0
 41
0.0
173
     1
 91
-1056964608
340
14
 92
       -2
290
     1
 42
2.0
291
     1
 43
0.36
  3
Standard
 44
4.0
300

342
11
174
     1
178
     6
175
     1
176
     0
 93
-1056964608
 45
4.0
292
     0
297
     0
 46
4.0
 94
-1056964608
 47
1.0
 49
1.0
140
1.0
293
     1
141
0.0
294
     1
177
     0
142
1.0
295
     0
296
     0
143
0.125
271
     0
272
     9
273
     9
298
     0
  0
MLINESTYLE
  5
18
102
{ACAD_REACTORS
330
17
102
}
330
17
100
AcDbMlineStyle
  2
STANDARD
 70
     0
  3

 62
   256
 51
90.0
 52
90.0
 71
     2
 49
0.5
 62
   256
  6
BYLAYER
 49
-0.5
 62
   256
  6
BYLAYER
  0
ACDBPLACEHOLDER
  5
F
102
{ACAD_REACTORS
330
E
102
}
330
E
  0
SCALE
  5
48
102
{ACAD_REACTORS
330
47
102
}
330
47
100
AcDbScale
 70
     0
300
1:1
140
1.0
141
1.0
290
     1
  0
SCALE
  5
49
102
{ACAD_REACTORS
330
47
102
}
330
47
100
AcDbScale
 70
     0
300
1:2
140
1.0
141
2.0
290
     0
  0
SCALE
  5
4A
102
{ACAD_REACTORS
330
47
102
}
330
47
100
AcDbScale
 70
     0
300
1:4
140
1.0
141
4.0
290
     0
  0
SCALE
  5
4B
102
{ACAD_REACTORS
330
47
102
}
330
47
100
AcDbScale
 70
     0
300
1:5
140
1.0
141
5.0
290
     0
  0
SCALE
  5
4C
102
{ACAD_REACTORS
330
47
102
}
330
47
100
AcDbScale
 70
     0
300
1:8
140
1.0
141
8.0
290
     0
  0
SCALE
  5
4D
102
{ACAD_REACTORS
330
47
102
}
330
47
100
AcDbScale
 70
     0
300
1:10
140
1.0
141
10.0
290
     0
  0
SCALE
  5
4E
102
{ACAD_REACTORS
330
47
102
}
330
47
100
AcDbScale
 70
     0
300
1:16
140
1.0
141
16.0
290
     0
  0
SCALE
  5
4F
102
{ACAD_REACTORS
330
47
102
}
330
47
100
AcDbScale
 70
     0
300
1:20
140
1.0
141
20.0
290
     0
  0
SCALE
  5
50
102
{ACAD_REACTORS
330
47
102
}
330
47
100
AcDbScale
 70
     0
300
1:30
140
1.0
141
30.0
290
     0
  0
SCALE
  5
51
102
{ACAD_REACTORS
330
47
102
}
330
47
100
AcDbScale
 70
     0
300
1:40
140
1.0
141
40.0
290
     0
  0
SCALE
  5
52
102
{ACAD_REACTORS
330
47
102
}
330
47
100
AcDbScale
 70
     0
300
1:50
140
1.0
141
50.0
290
     0
  0
SCALE
  5
53
102
{ACAD_REACTORS
330
47
102
}
330
47
100
AcDbScale
 70
     0
300
1:100
140
1.0
141
100.0
290
     0
  0
SCALE
  5
54
102
{ACAD_REACTORS
330
47
102
}
330
47
100
AcDbScale
 70
     0
300
2:1
140
2.0
141
1.0
290
     0
  0
SCALE
  5
55
102
{ACAD_REACTORS
330
47
102
}
330
47
100
AcDbScale
 70
     0
300
4:1
140
4.0
141
1.0
290
     0
  0
SCALE
  5
56
102
{ACAD_REACTORS
330
47
102
}
330
47
100
AcDbScale
 70
     0
300
8:1
140
8.0
141
1.0
290
     0
  0
SCALE
  5
57
102
{ACAD_REACTORS
330
47
102
}
330
47
100
AcDbScale
 70
     0
300
10:1
140
10.0
141
1.0
290
     0
  0
SCALE
  5
58
102
{ACAD_REACTORS
330
47
102
}
330
47
100
AcDbScale
 70
     0
300
100:1
140
100.0
141
1.0
290
     0
  0
ACDBSECTIONVIEWSTYLE
  5
D6
102
{ACAD_REACTORS
330
D5
102
}
330
D5
100
AcDbModelDocViewStyle
 70
     0
  3
Metric50
290
     0
300
Metric50
 90
        0
100
AcDbSectionViewStyle
 70
     0
 71
     0
 90
      102
 71
     1
340
11
 62
   256
 40
5.0
340
0
340
0
 62
   256
 40
5.0
300
I, O, Q, S, X, Z
 40
10.0
 90
        0
 40
2.5
 90
        0
 71
     2
340
16
 90
       25
 62
   256
340
16
 90
       50
 62
   256
 40
5.0
 40
2.5
 40
5.0
 71
     3
340
11
 62
   256
 40
5.0
 90
        0
 40
15.0
 90
        1
300
%<\AcVar ViewSectionStartId>%-%<\AcVar ViewSectionEndId>% (%<\AcVar ViewScale \f "%sn">%)
 71
     4
 62
   256
 62
   257
300
ANSI31
 40
1.0
 90
        0
290
     0
290
     0
 90
        6
 40
0.0
 40
1.570796326794896
 40
0.2617993877991494
 40
1.308996938995747
 40
-0.2617993877991494
 40
1.832595714594045
  0
TABLESTYLE
  5
D2
102
{ACAD_XDICTIONARY
360
ADD
102
}
102
{ACAD_REACTORS
330
D1
102
}
330
D1
100
AcDbTableStyle
280
     0
  3
Standard
 70
     0
 71
     0
 40
1.5
 41
1.5
280
     0
281
     0
  7
Standard
140
4.5
170
     2
 62
     0
 63
     7
283
     0
 90
      512
 91
        0
  1

274
    -2
284
     1
 64
     0
275
    -2
285
     1
 65
     0
276
    -2
286
     1
 66
     0
277
    -2
287
     1
 67
     0
278
    -2
288
     1
 68
     0
279
    -2
289
     1
 69
     0
  7
Standard
140
6.0
170
     5
 62
     0
 63
     7
283
     0
 90
      512
 91
        0
  1

274
    -2
284
     1
 64
     0
275
    -2
285
     1
 65
     0
276
    -2
286
     1
 66
     0
277
    -2
287
     1
 67
     0
278
    -2
288
     1
 68
     0
279
    -2
289
     1
 69
     0
  7
Standard
140
4.5
170
     5
 62
     0
 63
     7
283
     0
 90
      512
 91
        0
  1

274
    -2
284
     1
 64
     0
275
    -2
285
     1
 65
     0
276
    -2
286
     1
 66
     0
277
    -2
287
     1
 67
     0
278
    -2
288
     1
 68
     0
279
    -2
289
     1
 69
     0
  0
VISUALSTYLE
  5
BD
102
{ACAD_REACTORS
330
B7
102
}
330
B7
100
AcDbVisualStyle
  2
2dWireframe
 70
     4
177
     3
291
     0
 70
    58
 90
        0
176
     1
 90
        2
176
     1
 90
        0
176
     1
 90
        0
176
     1
 40
0.6
176
     1
 40
30.0
176
     1
 62
     7
420
 16777215
176
     1
 90
        1
176
     1
 90
        4
176
     1
 62
     7
176
     1
 62
   257
176
     1
 90
        1
176
     1
 90
        1
176
     1
 40
1.0
176
     1
 90
        0
176
     1
 62
   257
176
     1
 40
1.0
176
     1
 90
        1
176
     1
 90
        6
176
     1
 90
        2
176
     1
 62
     7
176
     1
 90
        5
176
     1
 90
        0
176
     1
 90
        0
176
     1
290
     0
176
     1
 90
        1
176
     1
 40
0.0
176
     1
 90
        0
176
     1
290
     1
176
     1
290
     1
176
     1
290
     0
176
     1
290
     0
176
     1
290
     0
176
     1
290
     0
176
     1
290
     0
176
     1
290
     0
176
     1
290
     0
176
     1
 90
       50
176
     1
 40
0.0
176
     1
 40
1.0
176
     1
 90
        0
176
     1
 62
    18
176
     1
 90
       50
176
     1
 90
        3
176
     1
 62
     5
420
      255
176
     1
290
     0
176
     1
 90
       50
176
     1
 90
       50
176
     1
 90
       50
176
     1
290
     0
176
     1
 90
       50
176
     1
 62
   256
176
     0
 40
1.0
176
     0
 90
        2
176
     1
  1
strokes_ogs.tif
176
     1
290
     0
176
     1
 40
1.0
176
     1
 40
1.0
176
     1
  0
VISUALSTYLE
  5
BC
102
{ACAD_REACTORS
330
B7
102
}
330
B7
100
AcDbVisualStyle
  2
Basic
 70
     7
177
     3
291
     1
 70
    58
 90
        1
176
     1
 90
        0
176
     1
 90
        1
176
     1
 90
        0
176
     1
 40
0.6
176
     1
 40
30.0
176
     1
 62
     7
420
 16777215
176
     1
 90
        0
176
     1
 90
        4
176
     1
 62
     7
176
     1
 62
   257
176
     1
 90
        1
176
     1
 90
        1
176
     1
 40
1.0
176
     1
 90
        8
176
     1
 62
     7
176
     1
 40
1.0
176
     1
 90
        1
176
     1
 90
        6
176
     1
 90
        2
176
     1
 62
     7
176
     1
 90
        5
176
     1
 90
        0
176
     1
 90
        0
176
     1
290
     0
176
     1
 90
        1
176
     1
 40
0.0
176
     1
 90
        0
176
     1
290
     0
176
     1
290
     1
176
     1
290
     1
176
     1
290
     0
176
     1
290
     0
176
     1
290
     0
176
     1
290
     0
176
     1
290
     0
176
     1
290
     0
176
     1
 90
       50
176
     1
 40
0.0
176
     1
 40
1.0
176
     1
 90
        0
176
     1
 62
    18
176
     1
 90
       50
176
     1
 90
        3
176
     1
 62
     5
420
      255
176
     1
290
     0
176
     1
 90
       50
176
     1
 90
       50
176
     1
 90
       50
176
     1
290
     0
176
     1
 90
       50
176
     1
 62
   256
176
     0
 40
1.0
176
     0
 90
        2
176
     1
  1
strokes_ogs.tif
176
     1
290
     0
176
     1
 40
1.0
176
     1
 40
1.0
176
     1
  0
VISUALSTYLE
  5
C3
102
{ACAD_REACTORS
330
B7
102
}
330
B7
100
AcDbVisualStyle
  2
Brighten
 70
    12
177
     3
291
     1
 70
    58
 90
        2
176
     1
 90
        2
176
     1
 90
        0
176
     1
 90
        0
176
     1
 40
0.6
176
     1
 40
30.0
176
     1
 62
     7
420
 16777215
176
     1
 90
        1
176
     1
 90
        4
176
     1
 62
     7
176
     1
 62
   257
176
     1
 90
        1
176
     1
 90
        1
176
     1
 40
1.0
176
     1
 90
        8
176
     1
 62
     7
176
     1
 40
1.0
176
     1
 90
        1
176
     1
 90
        6
176
     1
 90
        2
176
     1
 62
     7
176
     1
 90
        5
176
     1
 90
        0
176
     1
 90
        0
176
     1
290
     0
176
     1
 90
        1
176
     1
 40
50.0
176
     1
 90
        0
176
     1
290
     0
176
     1
290
     1
176
     1
290
     1
176
     1
290
     0
176
     1
290
     0
176
     1
290
     0
176
     1
290
     0
176
     1
290
     0
176
     1
290
     0
176
     1
 90
       50
176
     1
 40
0.0
176
     1
 40
1.0
176
     1
 90
        0
176
     1
 62
    18
176
     1
 90
       50
176
     1
 90
        3
176
     1
 62
     5
420
      255
176
     1
290
     0
176
     1
 90
       50
176
     1
 90
       50
176
     1
 90
       50
176
     1
290
     0
176
     1
 90
       50
176
     1
 62
   256
176
     0
 40
1.0
176
     0
 90
        2
176
     1
  1
strokes_ogs.tif
176
     1
290
     0
176
     1
 40
1.0
176
     1
 40
1.0
176
     1
  0
VISUALSTYLE
  5
C7
102
{ACAD_REACTORS
330
B7
102
}
330
B7
100
AcDbVisualStyle
  2
ColorChange
 70
    16
177
     3
291
     1
 70
    58
 90
        2
176
     1
 90
        2
176
     1
 90
        3
176
     1
 90
        0
176
     1
 40
0.6
176
     1
 40
30.0
176
     1
 62
     8
420
  8421504
176
     1
 90
        1
176
     1
 90
        4
176
     1
 62
     7
176
     1
 62
   257
176
     1
 90
        1
176
     1
 90
        1
176
     1
 40
1.0
176
     1
 90
        8
176
     1
 62
     8
420
  8421504
176
     1
 40
1.0
176
     1
 90
        1
176
     1
 90
        6
176
     1
 90
        2
176
     1
 62
     7
176
     1
 90
        5
176
     1
 90
        0
176
     1
 90
        0
176
     1
290
     0
176
     1
 90
        1
176
     1
 40
0.0
176
     1
 90
        0
176
     1
290
     0
176
     1
290
     1
176
     1
290
     1
176
     1
290
     0
176
     1
290
     0
176
     1
290
     0
176
     1
290
     0
176
     1
290
     0
176
     1
290
     0
176
     1
 90
       50
176
     1
 40
0.0
176
     1
 40
1.0
176
     1
 90
        0
176
     1
 62
    18
176
     1
 90
       50
176
     1
 90
        3
176
     1
 62
     5
420
      255
176
     1
290
     0
176
     1
 90
       50
176
     1
 90
       50
176
     1
 90
       50
176
     1
290
     0
176
     1
 90
       50
176
     1
 62
   256
176
     0
 40
1.0
176
     0
 90
        2
176
     1
  1
strokes_ogs.tif
176
     1
290
     0
176
     1
 40
1.0
176
     1
 40
1.0
176
     1
  0
VISUALSTYLE
  5
C0
102
{ACAD_REACTORS
330
B7
102
}
330
B7
100
AcDbVisualStyle
  2
Conceptual
 70
     9
177
     3
291
     0
 70
    58
 90
        3
176
     1
 90
        2
176
     1
 90
        0
176
     1
 90
        0
176
     1
 40
0.6
176
     1
 40
30.0
176
     1
 62
     7
420
 16777215
176
     1
 90
        2
176
     1
 90
        2
176
     1
 62
     7
176
     1
 62
   257
176
     1
 90
        1
176
     1
 90
        1
176
     1
 40
179.0
176
     1
 90
        8
176
     1
 62
     7
176
     1
 40
1.0
176
     1
 90
        1
176
     1
 90
        6
176
     1
 90
        2
176
     1
 62
     7
176
     1
 90
        3
176
     1
 90
        0
176
     1
 90
        0
176
     1
290
     0
176
     1
 90
        1
176
     1
 40
0.0
176
     1
 90
        0
176
     1
290
     0
176
     1
290
     1
176
     1
290
     1
176
     1
290
     0
176
     1
290
     0
176
     1
290
     0
176
     1
290
     0
176
     1
290
     0
176
     1
290
     0
176
     1
 90
       50
176
     1
 40
0.0
176
     1
 40
1.0
176
     1
 90
        0
176
     1
 62
    18
176
     1
 90
       50
176
     1
 90
        3
176
     1
 62
     5
420
      255
176
     1
290
     0
176
     1
 90
       50
176
     1
 90
       50
176
     1
 90
       50
176
     1
290
     0
176
     1
 90
       50
176
     1
 62
   256
176
     0
 40
1.0
176
     0
 90
        2
176
     1
  1
strokes_ogs.tif
176
     1
290
     0
176
     1
 40
1.0
176
     1
 40
1.0
176
     1
  0
VISUALSTYLE
  5
C2
102
{ACAD_REACTORS
330
B7
102
}
330
B7
100
AcDbVisualStyle
  2
Dim
 70
    11
177
     3
291
     1
 70
    58
 90
        2
176
     1
 90
        2
176
     1
 90
        0
176
     1
 90
        0
176
     1
 40
0.6
176
     1
 40
30.0
176
     1
 62
     7
420
 16777215
176
     1
 90
        1
176
     1
 90
        4
176
     1
 62
     7
176
     1
 62
   257
176
     1
 90
        1
176
     1
 90
        1
176
     1
 40
1.0
176
     1
 90
        8
176
     1
 62
     7
176
     1
 40
1.0
176
     1
 90
        1
176
     1
 90
        6
176
     1
 90
        2
176
     1
 62
     7
176
     1
 90
        5
176
     1
 90
        0
176
     1
 90
        0
176
     1
290
     0
176
     1
 90
        1
176
     1
 40
-50.0
176
     1
 90
        0
176
     1
290
     0
176
     1
290
     1
176
     1
290
     1
176
     1
290
     0
176
     1
290
     0
176
     1
290
     0
176
     1
290
     0
176
     1
290
     0
176
     1
290
     0
176
     1
 90
       50
176
     1
 40
0.0
176
     1
 40
1.0
176
     1
 90
        0
176
     1
 62
    18
176
     1
 90
       50
176
     1
 90
        3
176
     1
 62
     5
420
      255
176
     1
290
     0
176
     1
 90
       50
176
     1
 90
       50
176
     1
 90
       50
176
     1
290
     0
176
     1
 90
       50
176
     1
 62
   256
176
     0
 40
1.0
176
     0
 90
        2
176
     1
  1
strokes_ogs.tif
176
     1
290
     0
176
     1
 40
1.0
176
     1
 40
1.0
176
     1
  0
VISUALSTYLE
  5
CF
102
{ACAD_REACTORS
330
B7
102
}
330
B7
100
AcDbVisualStyle
  2
EdgeColorOff
 70
    22
177
     3
291
     1
 70
    58
 90
        2
176
     0
 90
        2
176
     0
 90
        0
176
     0
 90
        0
176
     0
 40
0.6
176
     0
 40
30.0
176
     0
 62
     7
420
 16777215
176
     0
 90
        1
176
     0
 90
        4
176
     0
 62
     7
176
     0
 62
   257
176
     0
 90
        1
176
     0
 90
        1
176
     0
 40
1.0
176
     0
 90
        8
176
     2
 62
     7
176
     0
 40
1.0
176
     0
 90
        1
176
     0
 90
        6
176
     0
 90
        2
176
     0
 62
     7
176
     0
 90
        5
176
     0
 90
        0
176
     0
 90
        0
176
     0
290
     0
176
     0
 90
        1
176
     0
 40
0.0
176
     0
 90
        0
176
     0
290
     0
176
     1
290
     1
176
     1
290
     1
176
     1
290
     0
176
     1
290
     0
176
     1
290
     0
176
     1
290
     0
176
     1
290
     0
176
     1
290
     0
176
     1
 90
       50
176
     0
 40
0.0
176
     0
 40
1.0
176
     0
 90
        0
176
     0
 62
    18
176
     0
 90
       50
176
     0
 90
        3
176
     0
 62
     5
420
      255
176
     0
290
     0
176
     1
 90
       50
176
     0
 90
       50
176
     0
 90
       50
176
     0
290
     0
176
     1
 90
       50
176
     0
 62
   256
176
     0
 40
1.0
176
     0
 90
        2
176
     0
  1
strokes_ogs.tif
176
     0
290
     0
176
     1
 40
1.0
176
     0
 40
1.0
176
     0
  0
VISUALSTYLE
  5
C6
102
{ACAD_REACTORS
330
B7
102
}
330
B7
100
AcDbVisualStyle
  2
Facepattern
 70
    15
177
     3
291
     1
 70
    58
 90
        2
176
     1
 90
        2
176
     1
 90
        0
176
     1
 90
        0
176
     1
 40
0.6
176
     1
 40
30.0
176
     1
 62
     7
420
 16777215
176
     1
 90
        1
176
     1
 90
        4
176
     1
 62
     7
176
     1
 62
   257
176
     1
 90
        1
176
     1
 90
        1
176
     1
 40
1.0
176
     1
 90
        8
176
     1
 62
     7
176
     1
 40
1.0
176
     1
 90
        1
176
     1
 90
        6
176
     1
 90
        2
176
     1
 62
     7
176
     1
 90
        5
176
     1
 90
        0
176
     1
 90
        0
176
     1
290
     0
176
     1
 90
        1
176
     1
 40
0.0
176
     1
 90
        0
176
     1
290
     0
176
     1
290
     1
176
     1
290
     1
176
     1
290
     0
176
     1
290
     0
176
     1
290
     0
176
     1
290
     0
176
     1
290
     0
176
     1
290
     0
176
     1
 90
       50
176
     1
 40
0.0
176
     1
 40
1.0
176
     1
 90
        0
176
     1
 62
    18
176
     1
 90
       50
176
     1
 90
        3
176
     1
 62
     5
420
      255
176
     1
290
     0
176
     1
 90
       50
176
     1
 90
       50
176
     1
 90
       50
176
     1
290
     0
176
     1
 90
       50
176
     1
 62
   256
176
     0
 40
1.0
176
     0
 90
        2
176
     1
  1
strokes_ogs.tif
176
     1
290
     0
176
     1
 40
1.0
176
     1
 40
1.0
176
     1
  0
VISUALSTYLE
  5
B8
102
{ACAD_REACTORS
330
B7
102
}
330
B7
100
AcDbVisualStyle
  2
Flat
 70
     0
177
     3
291
     1
 70
    58
 90
        2
176
     1
 90
        1
176
     1
 90
        1
176
     1
 90
        2
176
     1
 40
0.6
176
     1
 40
30.0
176
     1
 62
     7
420
 16777215
176
     1
 90
        0
176
     1
 90
        0
176
     1
 62
     7
176
     1
 62
   257
176
     1
 90
        1
176
     1
 90
        1
176
     1
 40
1.0
176
     1
 90
        8
176
     1
 62
     7
176
     1
 40
1.0
176
     1
 90
        1
176
     1
 90
        6
176
     1
 90
        2
176
     1
 62
     7
176
     1
 90
        5
176
     1
 90
        0
176
     1
 90
        0
176
     1
290
     0
176
     1
 90
       13
176
     1
 40
0.0
176
     1
 90
        0
176
     1
290
     0
176
     1
290
     1
176
     1
290
     1
176
     1
290
     0
176
     1
290
     0
176
     1
290
     0
176
     1
290
     0
176
     1
290
     0
176
     1
290
     0
176
     1
 90
       50
176
     1
 40
0.0
176
     1
 40
1.0
176
     1
 90
        0
176
     1
 62
    18
176
     1
 90
       50
176
     1
 90
        3
176
     1
 62
     5
420
      255
176
     1
290
     0
176
     1
 90
       50
176
     1
 90
       50
176
     1
 90
       50
176
     1
290
     0
176
     1
 90
       50
176
     1
 62
   256
176
     0
 40
1.0
176
     0
 90
        2
176
     1
  1
strokes_ogs.tif
176
     1
290
     0
176
     1
 40
1.0
176
     1
 40
1.0
176
     1
  0
VISUALSTYLE
  5
B9
102
{ACAD_REACTORS
330
B7
102
}
330
B7
100
AcDbVisualStyle
  2
FlatWithEdges
 70
     1
177
     3
291
     1
 70
    58
 90
        2
176
     1
 90
        1
176
     1
 90
        1
176
     1
 90
        2
176
     1
 40
0.6
176
     1
 40
30.0
176
     1
 62
     7
420
 16777215
176
     1
 90
        1
176
     1
 90
        0
176
     1
 62
     7
176
     1
 62
   257
176
     1
 90
        1
176
     1
 90
        1
176
     1
 40
1.0
176
     1
 90
        0
176
     1
 62
   257
176
     1
 40
1.0
176
     1
 90
        1
176
     1
 90
        6
176
     1
 90
        2
176
     1
 62
     7
176
     1
 90
        5
176
     1
 90
        0
176
     1
 90
        0
176
     1
290
     0
176
     1
 90
       13
176
     1
 40
0.0
176
     1
 90
        0
176
     1
290
     0
176
     1
290
     1
176
     1
290
     1
176
     1
290
     0
176
     1
290
     0
176
     1
290
     0
176
     1
290
     0
176
     1
290
     0
176
     1
290
     0
176
     1
 90
       50
176
     1
 40
0.0
176
     1
 40
1.0
176
     1
 90
        0
176
     1
 62
    18
176
     1
 90
       50
176
     1
 90
        3
176
     1
 62
     5
420
      255
176
     1
290
     0
176
     1
 90
       50
176
     1
 90
       50
176
     1
 90
       50
176
     1
290
     0
176
     1
 90
       50
176
     1
 62
   256
176
     0
 40
1.0
176
     0
 90
        2
176
     1
  1
strokes_ogs.tif
176
     1
290
     0
176
     1
 40
1.0
176
     1
 40
1.0
176
     1
  0
VISUALSTYLE
  5
BA
102
{ACAD_REACTORS
330
B7
102
}
330
B7
100
AcDbVisualStyle
  2
Gouraud
 70
     2
177
     3
291
     1
 70
    58
 90
        2
176
     1
 90
        2
176
     1
 90
        1
176
     1
 90
        2
176
     1
 40
0.6
176
     1
 40
30.0
176
     1
 62
     7
420
 16777215
176
     1
 90
        0
176
     1
 90
        0
176
     1
 62
     7
176
     1
 62
   257
176
     1
 90
        1
176
     1
 90
        1
176
     1
 40
1.0
176
     1
 90
        0
176
     1
 62
     7
176
     1
 40
1.0
176
     1
 90
        1
176
     1
 90
        6
176
     1
 90
        2
176
     1
 62
     7
176
     1
 90
        5
176
     1
 90
        0
176
     1
 90
        0
176
     1
290
     0
176
     1
 90
       13
176
     1
 40
0.0
176
     1
 90
        0
176
     1
290
     0
176
     1
290
     1
176
     1
290
     1
176
     1
290
     0
176
     1
290
     0
176
     1
290
     0
176
     1
290
     0
176
     1
290
     0
176
     1
290
     0
176
     1
 90
       50
176
     1
 40
0.0
176
     1
 40
1.0
176
     1
 90
        0
176
     1
 62
    18
176
     1
 90
       50
176
     1
 90
        3
176
     1
 62
     5
420
      255
176
     1
290
     0
176
     1
 90
       50
176
     1
 90
       50
176
     1
 90
       50
176
     1
290
     0
176
     1
 90
       50
176
     1
 62
   256
176
     0
 40
1.0
176
     0
 90
        2
176
     1
  1
strokes_ogs.tif
176
     1
290
     0
176
     1
 40
1.0
176
     1
 40
1.0
176
     1
  0
VISUALSTYLE
  5
BB
102
{ACAD_REACTORS
330
B7
102
}
330
B7
100
AcDbVisualStyle
  2
GouraudWithEdges
 70
     3
177
     3
291
     1
 70
    58
 90
        2
176
     1
 90
        2
176
     1
 90
        1
176
     1
 90
        2
176
     1
 40
0.6
176
     1
 40
30.0
176
     1
 62
     7
420
 16777215
176
     1
 90
        1
176
     1
 90
        0
176
     1
 62
     7
176
     1
 62
   257
176
     1
 90
        1
176
     1
 90
        1
176
     1
 40
1.0
176
     1
 90
        0
176
     1
 62
   257
176
     1
 40
1.0
176
     1
 90
        1
176
     1
 90
        6
176
     1
 90
        2
176
     1
 62
     7
176
     1
 90
        5
176
     1
 90
        0
176
     1
 90
        0
176
     1
290
     0
176
     1
 90
       13
176
     1
 40
0.0
176
     1
 90
        0
176
     1
290
     0
176
     1
290
     1
176
     1
290
     1
176
     1
290
     0
176
     1
290
     0
176
     1
290
     0
176
     1
290
     0
176
     1
290
     0
176
     1
290
     0
176
     1
 90
       50
176
     1
 40
0.0
176
     1
 40
1.0
176
     1
 90
        0
176
     1
 62
    18
176
     1
 90
       50
176
     1
 90
        3
176
     1
 62
     5
420
      255
176
     1
290
     0
176
     1
 90
       50
176
     1
 90
       50
176
     1
 90
       50
176
     1
290
     0
176
     1
 90
       50
176
     1
 62
   256
176
     0
 40
1.0
176
     0
 90
        2
176
     1
  1
strokes_ogs.tif
176
     1
290
     0
176
     1
 40
1.0
176
     1
 40
1.0
176
     1
  0
VISUALSTYLE
  5
BF
102
{ACAD_REACTORS
330
B7
102
}
330
B7
100
AcDbVisualStyle
  2
Hidden
 70
     6
177
     3
291
     0
 70
    58
 90
        1
176
     1
 90
        2
176
     1
 90
        2
176
     1
 90
        0
176
     1
 40
0.6
176
     1
 40
30.0
176
     1
 62
     7
420
 16777215
176
     1
 90
        2
176
     1
 90
        2
176
     1
 62
     7
176
     1
 62
   257
176
     1
 90
        2
176
     1
 90
        1
176
     1
 40
40.0
176
     1
 90
        0
176
     1
 62
   257
176
     1
 40
1.0
176
     1
 90
        1
176
     1
 90
        6
176
     1
 90
        2
176
     1
 62
     7
176
     1
 90
        3
176
     1
 90
        0
176
     1
 90
        0
176
     1
290
     0
176
     1
 90
        1
176
     1
 40
0.0
176
     1
 90
        0
176
     1
290
     0
176
     1
290
     1
176
     1
290
     1
176
     1
290
     0
176
     1
290
     0
176
     1
290
     0
176
     1
290
     0
176
     1
290
     0
176
     1
290
     0
176
     1
 90
       50
176
     1
 40
0.0
176
     1
 40
1.0
176
     1
 90
        0
176
     1
 62
    18
176
     1
 90
       50
176
     1
 90
        3
176
     1
 62
     5
420
      255
176
     1
290
     0
176
     1
 90
       50
176
     1
 90
       50
176
     1
 90
       50
176
     1
290
     0
176
     1
 90
       50
176
     1
 62
   256
176
     0
 40
1.0
176
     0
 90
        2
176
     1
  1
strokes_ogs.tif
176
     1
290
     0
176
     1
 40
1.0
176
     1
 40
1.0
176
     1
  0
VISUALSTYLE
  5
CD
102
{ACAD_REACTORS
330
B7
102
}
330
B7
100
AcDbVisualStyle
  2
JitterOff
 70
    20
177
     3
291
     1
 70
    58
 90
        2
176
     0
 90
        2
176
     0
 90
        0
176
     0
 90
        0
176
     0
 40
0.6
176
     0
 40
30.0
176
     0
 62
     7
420
 16777215
176
     0
 90
        1
176
     0
 90
        4
176
     0
 62
     7
176
     0
 62
   257
176
     0
 90
        1
176
     0
 90
        1
176
     0
 40
1.0
176
     0
 90
       10
176
     2
 62
     7
176
     0
 40
1.0
176
     0
 90
        1
176
     0
 90
        6
176
     0
 90
        2
176
     0
 62
     7
176
     0
 90
        5
176
     0
 90
        0
176
     0
 90
        0
176
     0
290
     0
176
     0
 90
        1
176
     0
 40
0.0
176
     0
 90
        0
176
     0
290
     0
176
     1
290
     1
176
     1
290
     1
176
     1
290
     0
176
     1
290
     0
176
     1
290
     0
176
     1
290
     0
176
     1
290
     0
176
     1
290
     0
176
     1
 90
       50
176
     0
 40
0.0
176
     0
 40
1.0
176
     0
 90
        0
176
     0
 62
    18
176
     0
 90
       50
176
     0
 90
        3
176
     0
 62
     5
420
      255
176
     0
290
     0
176
     1
 90
       50
176
     0
 90
       50
176
     0
 90
       50
176
     0
290
     0
176
     1
 90
       50
176
     0
 62
   256
176
     0
 40
1.0
176
     0
 90
        2
176
     0
  1
strokes_ogs.tif
176
     0
290
     0
176
     1
 40
1.0
176
     0
 40
1.0
176
     0
  0
VISUALSTYLE
  5
C5
102
{ACAD_REACTORS
330
B7
102
}
330
B7
100
AcDbVisualStyle
  2
Linepattern
 70
    14
177
     3
291
     1
 70
    58
 90
        2
176
     1
 90
        2
176
     1
 90
        0
176
     1
 90
        0
176
     1
 40
0.6
176
     1
 40
30.0
176
     1
 62
     7
420
 16777215
176
     1
 90
        1
176
     1
 90
        4
176
     1
 62
     7
176
     1
 62
   257
176
     1
 90
        7
176
     1
 90
        7
176
     1
 40
1.0
176
     1
 90
        8
176
     1
 62
     7
176
     1
 40
1.0
176
     1
 90
        1
176
     1
 90
        6
176
     1
 90
        2
176
     1
 62
     7
176
     1
 90
        5
176
     1
 90
        0
176
     1
 90
        0
176
     1
290
     0
176
     1
 90
        1
176
     1
 40
0.0
176
     1
 90
        0
176
     1
290
     0
176
     1
290
     1
176
     1
290
     1
176
     1
290
     0
176
     1
290
     0
176
     1
290
     0
176
     1
290
     0
176
     1
290
     0
176
     1
290
     0
176
     1
 90
       50
176
     1
 40
0.0
176
     1
 40
1.0
176
     1
 90
        0
176
     1
 62
    18
176
     1
 90
       50
176
     1
 90
        3
176
     1
 62
     5
420
      255
176
     1
290
     0
176
     1
 90
       50
176
     1
 90
       50
176
     1
 90
       50
176
     1
290
     0
176
     1
 90
       50
176
     1
 62
   256
176
     0
 40
1.0
176
     0
 90
        2
176
     1
  1
strokes_ogs.tif
176
     1
290
     0
176
     1
 40
1.0
176
     1
 40
1.0
176
     1
  0
VISUALSTYLE
  5
CE
102
{ACAD_REACTORS
330
B7
102
}
330
B7
100
AcDbVisualStyle
  2
OverhangOff
 70
    21
177
     3
291
     1
 70
    58
 90
        2
176
     0
 90
        2
176
     0
 90
        0
176
     0
 90
        0
176
     0
 40
0.6
176
     0
 40
30.0
176
     0
 62
     7
420
 16777215
176
     0
 90
        1
176
     0
 90
        4
176
     0
 62
     7
176
     0
 62
   257
176
     0
 90
        1
176
     0
 90
        1
176
     0
 40
1.0
176
     0
 90
        9
176
     2
 62
     7
176
     0
 40
1.0
176
     0
 90
        1
176
     0
 90
        6
176
     0
 90
        2
176
     0
 62
     7
176
     0
 90
        5
176
     0
 90
        0
176
     0
 90
        0
176
     0
290
     0
176
     0
 90
        1
176
     0
 40
0.0
176
     0
 90
        0
176
     0
290
     0
176
     1
290
     1
176
     1
290
     1
176
     1
290
     0
176
     1
290
     0
176
     1
290
     0
176
     1
290
     0
176
     1
290
     0
176
     1
290
     0
176
     1
 90
       50
176
     0
 40
0.0
176
     0
 40
1.0
176
     0
 90
        0
176
     0
 62
    18
176
     0
 90
       50
176
     0
 90
        3
176
     0
 62
     5
420
      255
176
     0
290
     0
176
     1
 90
       50
176
     0
 90
       50
176
     0
 90
       50
176
     0
290
     0
176
     1
 90
       50
176
     0
 62
   256
176
     0
 40
1.0
176
     0
 90
        2
176
     0
  1
strokes_ogs.tif
176
     0
290
     0
176
     1
 40
1.0
176
     0
 40
1.0
176
     0
  0
VISUALSTYLE
  5
C1
102
{ACAD_REACTORS
330
B7
102
}
330
B7
100
AcDbVisualStyle
  2
Realistic
 70
     8
177
     3
291
     0
 70
    58
 90
        2
176
     1
 90
        3
176
     1
 90
        0
176
     1
 90
        2
176
     1
 40
0.6
176
     1
 40
30.0
176
     1
 62
     7
420
 16777215
176
     1
 90
        0
176
     1
 90
        0
176
     1
 62
     7
176
     1
 62
   257
176
     1
 90
        1
176
     1
 90
        1
176
     1
 40
1.0
176
     1
 90
        8
176
     1
 62
   257
176
     1
 40
1.0
176
     1
 90
        1
176
     1
 90
        6
176
     1
 90
        2
176
     1
 62
     7
176
     1
 90
        3
176
     1
 90
        0
176
     1
 90
        0
176
     1
290
     0
176
     1
 90
       13
176
     1
 40
0.0
176
     1
 90
        0
176
     1
290
     0
176
     1
290
     1
176
     1
290
     1
176
     1
290
     0
176
     1
290
     0
176
     1
290
     0
176
     1
290
     0
176
     1
290
     0
176
     1
290
     0
176
     1
 90
       50
176
     1
 40
0.0
176
     1
 40
1.0
176
     1
 90
        0
176
     1
 62
    18
176
     1
 90
       50
176
     1
 90
        3
176
     1
 62
     5
420
      255
176
     1
290
     0
176
     1
 90
       50
176
     1
 90
       50
176
     1
 90
       50
176
     1
290
     0
176
     1
 90
       50
176
     1
 62
   256
176
     0
 40
1.0
176
     0
 90
        2
176
     1
  1
strokes_ogs.tif
176
     1
290
     0
176
     1
 40
1.0
176
     1
 40
1.0
176
     1
  0
VISUALSTYLE
  5
CC
102
{ACAD_REACTORS
330
B7
102
}
330
B7
100
AcDbVisualStyle
  2
Shaded
 70
    27
177
     3
291
     0
 70
    58
 90
        2
176
     1
 90
        2
176
     1
 90
        1
176
     1
 90
        2
176
     1
 40
0.6
176
     1
 40
30.0
176
     1
 62
     7
420
 16777215
176
     1
 90
        0
176
     1
 90
        4
176
     1
 62
     7
176
     1
 62
   257
176
     1
 90
        1
176
     1
 90
        1
176
     1
 40
1.0
176
     1
 90
        8
176
     1
 62
   257
176
     1
 40
1.0
176
     1
 90
        1
176
     1
 90
        6
176
     1
 90
        2
176
     1
 62
     8
420
  7895160
176
     1
 90
        3
176
     1
 90
        0
176
     1
 90
        0
176
     1
290
     0
176
     1
 90
        5
176
     1
 40
0.0
176
     1
 90
        0
176
     1
290
     0
176
     1
290
     1
176
     1
290
     1
176
     1
290
     0
176
     1
290
     0
176
     1
290
     0
176
     1
290
     0
176
     1
290
     0
176
     1
290
     0
176
     1
 90
       50
176
     1
 40
0.0
176
     1
 40
1.0
176
     1
 90
        0
176
     1
 62
    18
176
     1
 90
       50
176
     1
 90
        3
176
     1
 62
     5
420
      255
176
     1
290
     0
176
     1
 90
       50
176
     1
 90
       50
176
     1
 90
       50
176
     1
290
     0
176
     1
 90
       50
176
     1
 62
   256
176
     0
 40
1.0
176
     0
 90
        2
176
     1
  1
strokes_ogs.tif
176
     1
290
     0
176
     1
 40
1.0
176
     1
 40
1.0
176
     1
  0
VISUALSTYLE
  5
CB
102
{ACAD_REACTORS
330
B7
102
}
330
B7
100
AcDbVisualStyle
  2
Shaded with edges
 70
    26
177
     3
291
     0
 70
    58
 90
        2
176
     1
 90
        2
176
     1
 90
        1
176
     1
 90
        2
176
     1
 40
0.6
176
     1
 40
30.0
176
     1
 62
     7
420
 16777215
176
     1
 90
        1
176
     1
 90
        2
176
     1
 62
     7
176
     1
 62
   257
176
     1
 90
        2
176
     1
 90
        1
176
     1
 40
1.0
176
     1
 90
        8
176
     1
 62
   257
176
     1
 40
1.0
176
     1
 90
        1
176
     1
 90
        6
176
     1
 90
        2
176
     1
 62
     7
176
     1
 90
        3
176
     1
 90
        0
176
     1
 90
        0
176
     1
290
     0
176
     1
 90
        5
176
     1
 40
0.0
176
     1
 90
        0
176
     1
290
     0
176
     1
290
     1
176
     1
290
     1
176
     1
290
     0
176
     1
290
     0
176
     1
290
     0
176
     1
290
     0
176
     1
290
     0
176
     1
290
     0
176
     1
 90
       50
176
     1
 40
0.0
176
     1
 40
1.0
176
     1
 90
        0
176
     1
 62
    18
176
     1
 90
       50
176
     1
 90
        3
176
     1
 62
     5
420
      255
176
     1
290
     0
176
     1
 90
       50
176
     1
 90
       50
176
     1
 90
       50
176
     1
290
     0
176
     1
 90
       50
176
     1
 62
   256
176
     0
 40
1.0
176
     0
 90
        2
176
     1
  1
strokes_ogs.tif
176
     1
290
     0
176
     1
 40
1.0
176
     1
 40
1.0
176
     1
  0
VISUALSTYLE
  5
C8
102
{ACAD_REACTORS
330
B7
102
}
330
B7
100
AcDbVisualStyle
  2
Shades of Gray
 70
    23
177
     3
291
     0
 70
    58
 90
        2
176
     1
 90
        2
176
     1
 90
        3
176
     1
 90
        0
176
     1
 40
0.6
176
     1
 40
30.0
176
     1
 62
     7
420
 16777215
176
     1
 90
        2
176
     1
 90
        2
176
     1
 62
     7
176
     1
 62
     7
176
     1
 90
        1
176
     1
 90
        1
176
     1
 40
40.0
176
     1
 90
        8
176
     1
 62
     7
176
     1
 40
1.0
176
     1
 90
        1
176
     1
 90
        6
176
     1
 90
        2
176
     1
 62
     7
176
     1
 90
        3
176
     1
 90
        0
176
     1
 90
        0
176
     1
290
     0
176
     1
 90
        1
176
     1
 40
0.0
176
     1
 90
        0
176
     1
290
     0
176
     1
290
     1
176
     1
290
     1
176
     1
290
     0
176
     1
290
     0
176
     1
290
     0
176
     1
290
     0
176
     1
290
     0
176
     1
290
     0
176
     1
 90
       50
176
     1
 40
0.0
176
     1
 40
1.0
176
     1
 90
        0
176
     1
 62
    18
176
     1
 90
       50
176
     1
 90
        3
176
     1
 62
     5
420
      255
176
     1
290
     0
176
     1
 90
       50
176
     1
 90
       50
176
     1
 90
       50
176
     1
290
     0
176
     1
 90
       50
176
     1
 62
   256
176
     0
 40
1.0
176
     0
 90
        2
176
     1
  1
strokes_ogs.tif
176
     1
290
     0
176
     1
 40
1.0
176
     1
 40
1.0
176
     1
  0
VISUALSTYLE
  5
C9
102
{ACAD_REACTORS
330
B7
102
}
330
B7
100
AcDbVisualStyle
  2
Sketchy
 70
    24
177
     3
291
     0
 70
    58
 90
        1
176
     1
 90
        2
176
     1
 90
        2
176
     1
 90
        0
176
     1
 40
0.6
176
     1
 40
30.0
176
     1
 62
     7
420
 16777215
176
     1
 90
        2
176
     1
 90
        2
176
     1
 62
     7
176
     1
 62
     7
176
     1
 90
        1
176
     1
 90
        1
176
     1
 40
40.0
176
     1
 90
       11
176
     1
 62
     7
176
     1
 40
1.0
176
     1
 90
        1
176
     1
 90
        6
176
     1
 90
        2
176
     1
 62
     7
176
     1
 90
        6
176
     1
 90
        0
176
     1
 90
        0
176
     1
290
     0
176
     1
 90
        1
176
     1
 40
0.0
176
     1
 90
        0
176
     1
290
     0
176
     1
290
     1
176
     1
290
     1
176
     1
290
     0
176
     1
290
     0
176
     1
290
     0
176
     1
290
     0
176
     1
290
     0
176
     1
290
     0
176
     1
 90
       50
176
     1
 40
0.0
176
     1
 40
1.0
176
     1
 90
        0
176
     1
 62
    18
176
     1
 90
       50
176
     1
 90
        3
176
     1
 62
     5
420
      255
176
     1
290
     0
176
     1
 90
       50
176
     1
 90
       50
176
     1
 90
       50
176
     1
290
     0
176
     1
 90
       50
176
     1
 62
   256
176
     0
 40
1.0
176
     0
 90
        2
176
     1
  1
strokes_ogs.tif
176
     1
290
     0
176
     1
 40
1.0
176
     1
 40
1.0
176
     1
  0
VISUALSTYLE
  5
C4
102
{ACAD_REACTORS
330
B7
102
}
330
B7
100
AcDbVisualStyle
  2
Thicken
 70
    13
177
     3
291
     1
 70
    58
 90
        2
176
     1
 90
        2
176
     1
 90
        0
176
     1
 90
        0
176
     1
 40
0.6
176
     1
 40
30.0
176
     1
 62
     7
420
 16777215
176
     1
 90
        1
176
     1
 90
        4
176
     1
 62
     7
176
     1
 62
   257
176
     1
 90
        1
176
     1
 90
        1
176
     1
 40
1.0
176
     1
 90
       12
176
     1
 62
     7
176
     1
 40
1.0
176
     1
 90
        1
176
     1
 90
        6
176
     1
 90
        2
176
     1
 62
     7
176
     1
 90
        5
176
     1
 90
        0
176
     1
 90
        0
176
     1
290
     0
176
     1
 90
        1
176
     1
 40
0.0
176
     1
 90
        0
176
     1
290
     0
176
     1
290
     1
176
     1
290
     1
176
     1
290
     0
176
     1
290
     0
176
     1
290
     0
176
     1
290
     0
176
     1
290
     0
176
     1
290
     0
176
     1
 90
       50
176
     1
 40
0.0
176
     1
 40
1.0
176
     1
 90
        0
176
     1
 62
    18
176
     1
 90
       50
176
     1
 90
        3
176
     1
 62
     5
420
      255
176
     1
290
     0
176
     1
 90
       50
176
     1
 90
       50
176
     1
 90
       50
176
     1
290
     0
176
     1
 90
       50
176
     1
 62
   256
176
     0
 40
1.0
176
     0
 90
        2
176
     1
  1
strokes_ogs.tif
176
     1
290
     0
176
     1
 40
1.0
176
     1
 40
1.0
176
     1
  0
VISUALSTYLE
  5
BE
102
{ACAD_REACTORS
330
B7
102
}
330
B7
100
AcDbVisualStyle
  2
Wireframe
 70
     5
177
     3
291
     0
 70
    58
 90
        0
176
     1
 90
        2
176
     1
 90
        0
176
     1
 90
        0
176
     1
 40
0.6
176
     1
 40
30.0
176
     1
 62
     7
420
 16777215
176
     1
 90
        1
176
     1
 90
        4
176
     1
 62
     7
176
     1
 62
   257
176
     1
 90
        1
176
     1
 90
        1
176
     1
 40
1.0
176
     1
 90
        0
176
     1
 62
   257
176
     1
 40
1.0
176
     1
 90
        1
176
     1
 90
        6
176
     1
 90
        2
176
     1
 62
     7
176
     1
 90
        3
176
     1
 90
        0
176
     1
 90
        0
176
     1
290
     0
176
     1
 90
        1
176
     1
 40
0.0
176
     1
 90
        0
176
     1
290
     0
176
     1
290
     1
176
     1
290
     1
176
     1
290
     0
176
     1
290
     0
176
     1
290
     0
176
     1
290
     0
176
     1
290
     0
176
     1
290
     0
176
     1
 90
       50
176
     1
 40
0.0
176
     1
 40
1.0
176
     1
 90
        0
176
     1
 62
    18
176
     1
 90
       50
176
     1
 90
        3
176
     1
 62
     5
420
      255
176
     1
290
     0
176
     1
 90
       50
176
     1
 90
       50
176
     1
 90
       50
176
     1
290
     0
176
     1
 90
       50
176
     1
 62
   256
176
     0
 40
1.0
176
     0
 90
        2
176
     1
  1
strokes_ogs.tif
176
     1
290
     0
176
     1
 40
1.0
176
     1
 40
1.0
176
     1
  0
VISUALSTYLE
  5
CA
102
{ACAD_REACTORS
330
B7
102
}
330
B7
100
AcDbVisualStyle
  2
X-Ray
 70
    25
177
     3
291
     0
 70
    58
 90
        2
176
     1
 90
        2
176
     1
 90
        1
176
     1
 90
        1
176
     1
 40
0.5
176
     1
 40
30.0
176
     1
 62
     7
420
 16777215
176
     1
 90
        1
176
     1
 90
        0
176
     1
 62
     7
176
     1
 62
   257
176
     1
 90
        1
176
     1
 90
        1
176
     1
 40
1.0
176
     1
 90
        8
176
     1
 62
     7
176
     1
 40
1.0
176
     1
 90
        1
176
     1
 90
        6
176
     1
 90
        2
176
     1
 62
     7
176
     1
 90
        3
176
     1
 90
        0
176
     1
 90
        0
176
     1
290
     0
176
     1
 90
       13
176
     1
 40
0.0
176
     1
 90
        0
176
     1
290
     0
176
     1
290
     1
176
     1
290
     1
176
     1
290
     0
176
     1
290
     0
176
     1
290
     0
176
     1
290
     0
176
     1
290
     0
176
     1
290
     0
176
     1
 90
       50
176
     1
 40
0.0
176
     1
 40
1.0
176
     1
 90
        0
176
     1
 62
    18
176
     1
 90
       50
176
     1
 90
        3
176
     1
 62
     5
420
      255
176
     1
290
     0
176
     1
 90
       50
176
     1
 90
       50
176
     1
 90
       50
176
     1
290
     0
176
     1
 90
       50
176
     1
 62
   256
176
     0
 40
1.0
176
     0
 90
        2
176
     1
  1
strokes_ogs.tif
176
     1
290
     0
176
     1
 40
1.0
176
     1
 40
1.0
176
     1
  0
DICTIONARYVAR
  5
ABE
102
{ACAD_REACTORS
330
AB8
102
}
330
AB8
100
DictionaryVariables
280
     0
  1
1:1
  0
DICTIONARYVAR
  5
ABA
102
{ACAD_REACTORS
330
AB8
102
}
330
AB8
100
DictionaryVariables
280
     0
  1
STANDARD
  0
DICTIONARYVAR
  5
AB9
102
{ACAD_REACTORS
330
AB8
102
}
330
AB8
100
DictionaryVariables
280
     0
  1
STANDARD
  0
DICTIONARYVAR
  5
ABB
102
{ACAD_REACTORS
330
AB8
102
}
330
AB8
100
DictionaryVariables
280
     0
  1
Metric50
  0
DICTIONARYVAR
  5
ABC
102
{ACAD_REACTORS
330
AB8
102
}
330
AB8
100
DictionaryVariables
280
     0
  1
Metric50
  0
DICTIONARYVAR
  5
AC0
102
{ACAD_REACTORS
330
AB8
102
}
330
AB8
100
DictionaryVariables
280
     0
  1
1
  0
DICTIONARYVAR
  5
AC1
102
{ACAD_REACTORS
330
AB8
102
}
330
AB8
100
DictionaryVariables
280
     0
  1
15
  0
DICTIONARYVAR
  5
ABF
102
{ACAD_REACTORS
330
AB8
102
}
330
AB8
100
DictionaryVariables
280
     0
  1
0
  0
DICTIONARYVAR
  5
ABD
102
{ACAD_REACTORS
330
AB8
102
}
330
AB8
100
DictionaryVariables
280
     0
  1
0
  0
DICTIONARY
  5
A8
330
A7
100
AcDbDictionary
280
     1
281
     1
  3
BUMPTILE
360
AA
  3
DIFFUSETILE
360
A9
  3
OPACITYTILE
360
AD
  3
REFLECTIONTILE
360
AC
  3
REFRACTIONTILE
360
AE
  3
SPECULARTILE
360
AB
  0
DICTIONARY
  5
A0
330
9F
100
AcDbDictionary
280
     1
281
     1
  3
BUMPTILE
360
A2
  3
DIFFUSETILE
360
A1
  3
OPACITYTILE
360
A5
  3
REFLECTIONTILE
360
A4
  3
REFRACTIONTILE
360
A6
  3
SPECULARTILE
360
A3
  0
DICTIONARY
  5
B0
330
AF
100
AcDbDictionary
280
     1
281
     1
  3
BUMPTILE
360
B2
  3
DIFFUSETILE
360
B1
  3
OPACITYTILE
360
B5
  3
REFLECTIONTILE
360
B4
  3
REFRACTIONTILE
360
B6
  3
SPECULARTILE
360
B3
  0
DICTIONARY
  5
ADD
330
D2
100
AcDbDictionary
280
     1
281
     1
  3
ACAD_ROUNDTRIP_2008_TABLESTYLE_CELLSTYLEMAP
360
B7C
  0
XRECORD
  5
AA
102
{ACAD_REACTORS
330
A8
102
}
330
A8
100
AcDbXrecord
280
     1
270
     1
271
     1
  0
XRECORD
  5
A9
102
{ACAD_REACTORS
330
A8
102
}
330
A8
100
AcDbXrecord
280
     1
270
     1
271
     1
  0
XRECORD
  5
AD
102
{ACAD_REACTORS
330
A8
102
}
330
A8
100
AcDbXrecord
280
     1
270
     1
271
     1
  0
XRECORD
  5
AC
102
{ACAD_REACTORS
330
A8
102
}
330
A8
100
AcDbXrecord
280
     1
270
     1
271
     1
  0
XRECORD
  5
AE
102
{ACAD_REACTORS
330
A8
102
}
330
A8
100
AcDbXrecord
280
     1
270
     1
271
     1
  0
XRECORD
  5
AB
102
{ACAD_REACTORS
330
A8
102
}
330
A8
100
AcDbXrecord
280
     1
270
     1
271
     1
  0
XRECORD
  5
A2
102
{ACAD_REACTORS
330
A0
102
}
330
A0
100
AcDbXrecord
280
     1
270
     1
271
     1
  0
XRECORD
  5
A1
102
{ACAD_REACTORS
330
A0
102
}
330
A0
100
AcDbXrecord
280
     1
270
     1
271
     1
  0
XRECORD
  5
A5
102
{ACAD_REACTORS
330
A0
102
}
330
A0
100
AcDbXrecord
280
     1
270
     1
271
     1
  0
XRECORD
  5
A4
102
{ACAD_REACTORS
330
A0
102
}
330
A0
100
AcDbXrecord
280
     1
270
     1
271
     1
  0
XRECORD
  5
A6
102
{ACAD_REACTORS
330
A0
102
}
330
A0
100
AcDbXrecord
280
     1
270
     1
271
     1
  0
XRECORD
  5
A3
102
{ACAD_REACTORS
330
A0
102
}
330
A0
100
AcDbXrecord
280
     1
270
     1
271
     1
  0
XRECORD
  5
B2
102
{ACAD_REACTORS
330
B0
102
}
330
B0
100
AcDbXrecord
280
     1
270
     1
271
     1
  0
XRECORD
  5
B1
102
{ACAD_REACTORS
330
B0
102
}
330
B0
100
AcDbXrecord
280
     1
270
     1
271
     1
  0
XRECORD
  5
B5
102
{ACAD_REACTORS
330
B0
102
}
330
B0
100
AcDbXrecord
280
     1
270
     1
271
     1
  0
XRECORD
  5
B4
102
{ACAD_REACTORS
330
B0
102
}
330
B0
100
AcDbXrecord
280
     1
270
     1
271
     1
  0
XRECORD
  5
B6
102
{ACAD_REACTORS
330
B0
102
}
330
B0
100
AcDbXrecord
280
     1
270
     1
271
     1
  0
XRECORD
  5
B3
102
{ACAD_REACTORS
330
B0
102
}
330
B0
100
AcDbXrecord
280
     1
270
     1
271
     1
  0
CELLSTYLEMAP
  5
B7C
102
{ACAD_REACTORS
330
ADD
102
}
330
ADD
100
AcDbCellStyleMap
 90
        3
300
CELLSTYLE
  1
TABLEFORMAT_BEGIN
 90
        5
170
     1
 91
        0
 92
    32768
 62
   257
 93
        1
300
CONTENTFORMAT
  1
CONTENTFORMAT_BEGIN
 90
        0
 91
        0
 92
      512
 93
        0
300

 40
0.0
140
1.0
 94
        5
 62
     0
340
11
144
6.0
309
CONTENTFORMAT_END
171
     1
301
MARGIN
  1
CELLMARGIN_BEGIN
 40
1.5
 40
1.5
 40
1.5
 40
1.5
 40
0.18
 40
0.18
309
CELLMARGIN_END
 94
        6
 95
        1
302
GRIDFORMAT
  1
GRIDFORMAT_BEGIN
 90
        0
 91
        1
 62
     0
 92
       -2
340
0
 93
        0
 40
1.125
309
GRIDFORMAT_END
 95
        2
302
GRIDFORMAT
  1
GRIDFORMAT_BEGIN
 90
        0
 91
        1
 62
     0
 92
       -2
340
0
 93
        0
 40
1.125
309
GRIDFORMAT_END
 95
        4
302
GRIDFORMAT
  1
GRIDFORMAT_BEGIN
 90
        0
 91
        1
 62
     0
 92
       -2
340
0
 93
        0
 40
1.125
309
GRIDFORMAT_END
 95
        8
302
GRIDFORMAT
  1
GRIDFORMAT_BEGIN
 90
        0
 91
        1
 62
     0
 92
       -2
340
0
 93
        0
 40
1.125
309
GRIDFORMAT_END
 95
       16
302
GRIDFORMAT
  1
GRIDFORMAT_BEGIN
 90
        0
 91
        1
 62
     0
 92
       -2
340
0
 93
        0
 40
1.125
309
GRIDFORMAT_END
 95
       32
302
GRIDFORMAT
  1
GRIDFORMAT_BEGIN
 90
        0
 91
        1
 62
     0
 92
       -2
340
0
 93
        0
 40
1.125
309
GRIDFORMAT_END
309
TABLEFORMAT_END
  1
CELLSTYLE_BEGIN
 90
        1
 91
        1
300
_TITLE
309
CELLSTYLE_END
300
CELLSTYLE
  1
TABLEFORMAT_BEGIN
 90
        5
170
     1
 91
        0
 92
        0
 62
   257
 93
        1
300
CONTENTFORMAT
  1
CONTENTFORMAT_BEGIN
 90
        0
 91
        0
 92
      512
 93
        0
300

 40
0.0
140
1.0
 94
        5
 62
     0
340
11
144
4.5
309
CONTENTFORMAT_END
171
     1
301
MARGIN
  1
CELLMARGIN_BEGIN
 40
1.5
 40
1.5
 40
1.5
 40
1.5
 40
0.18
 40
0.18
309
CELLMARGIN_END
 94
        6
 95
        1
302
GRIDFORMAT
  1
GRIDFORMAT_BEGIN
 90
        0
 91
        1
 62
     0
 92
       -2
340
0
 93
        0
 40
1.125
309
GRIDFORMAT_END
 95
        2
302
GRIDFORMAT
  1
GRIDFORMAT_BEGIN
 90
        0
 91
        1
 62
     0
 92
       -2
340
0
 93
        0
 40
1.125
309
GRIDFORMAT_END
 95
        4
302
GRIDFORMAT
  1
GRIDFORMAT_BEGIN
 90
        0
 91
        1
 62
     0
 92
       -2
340
0
 93
        0
 40
1.125
309
GRIDFORMAT_END
 95
        8
302
GRIDFORMAT
  1
GRIDFORMAT_BEGIN
 90
        0
 91
        1
 62
     0
 92
       -2
340
0
 93
        0
 40
1.125
309
GRIDFORMAT_END
 95
       16
302
GRIDFORMAT
  1
GRIDFORMAT_BEGIN
 90
        0
 91
        1
 62
     0
 92
       -2
340
0
 93
        0
 40
1.125
309
GRIDFORMAT_END
 95
       32
302
GRIDFORMAT
  1
GRIDFORMAT_BEGIN
 90
        0
 91
        1
 62
     0
 92
       -2
340
0
 93
        0
 40
1.125
309
GRIDFORMAT_END
309
TABLEFORMAT_END
  1
CELLSTYLE_BEGIN
 90
        2
 91
        1
300
_HEADER
309
CELLSTYLE_END
300
CELLSTYLE
  1
TABLEFORMAT_BEGIN
 90
        5
170
     1
 91
        0
 92
        0
 62
   257
 93
        1
300
CONTENTFORMAT
  1
CONTENTFORMAT_BEGIN
 90
        0
 91
        0
 92
      512
 93
        0
300

 40
0.0
140
1.0
 94
        2
 62
     0
340
11
144
4.5
309
CONTENTFORMAT_END
171
     1
301
MARGIN
  1
CELLMARGIN_BEGIN
 40
1.5
 40
1.5
 40
1.5
 40
1.5
 40
0.18
 40
0.18
309
CELLMARGIN_END
 94
        6
 95
        1
302
GRIDFORMAT
  1
GRIDFORMAT_BEGIN
 90
        0
 91
        1
 62
     0
 92
       -2
340
0
 93
        0
 40
1.125
309
GRIDFORMAT_END
 95
        2
302
GRIDFORMAT
  1
GRIDFORMAT_BEGIN
 90
        0
 91
        1
 62
     0
 92
       -2
340
0
 93
        0
 40
1.125
309
GRIDFORMAT_END
 95
        4
302
GRIDFORMAT
  1
GRIDFORMAT_BEGIN
 90
        0
 91
        1
 62
     0
 92
       -2
340
0
 93
        0
 40
1.125
309
GRIDFORMAT_END
 95
        8
302
GRIDFORMAT
  1
GRIDFORMAT_BEGIN
 90
        0
 91
        1
 62
     0
 92
       -2
340
0
 93
        0
 40
1.125
309
GRIDFORMAT_END
 95
       16
302
GRIDFORMAT
  1
GRIDFORMAT_BEGIN
 90
        0
 91
        1
 62
     0
 92
       -2
340
0
 93
        0
 40
1.125
309
GRIDFORMAT_END
 95
       32
302
GRIDFORMAT
  1
GRIDFORMAT_BEGIN
 90
        0
 91
        1
 62
     0
 92
       -2
340
0
 93
        0
 40
1.125
309
GRIDFORMAT_END
309
TABLEFORMAT_END
  1
CELLSTYLE_BEGIN
 90
        3
 91
        2
300
_DATA
309
CELLSTYLE_END
  0
ENDSEC
  0
EOF
