  0
SECTION
  2
HEADER
  9
$ACADVER
  1
AC1032
  9
$ACADMAINTVER
 90
      197
  9
$DWGCODEPAGE
  3
ANSI_936
  9
$LASTSAVEDBY
  1
17501
  9
$REQUIREDVERSIONS
160
                 0
  9
$INSBASE
 10
0.0
 20
0.0
 30
0.0
  9
$EXTMIN
 10
-454.0123201279004
 20
-791.2423066111305
 30
0.0
  9
$EXTMAX
 10
1723.814775150587
 20
231.5030566623705
 30
0.0
  9
$LIMMIN
 10
0.0
 20
0.0
  9
$LIMMAX
 10
420.0
 20
297.0
  9
$ORTHOMODE
 70
     0
  9
$REGENMODE
 70
     1
  9
$FILLMODE
 70
     1
  9
$QTEXTMODE
 70
     0
  9
$MIRRTEXT
 70
     1
  9
$LTSCALE
 40
1.0
  9
$ATTMODE
 70
     1
  9
$TEXTSIZE
 40
18.12181790714442
  9
$TRACEWID
 40
1.0
  9
$TEXTSTYLE
  7
Standard
  9
$CLAYER
  8
0
  9
$CELTYPE
  6
ByLayer
  9
$CECOLOR
 62
   256
  9
$CELTSCALE
 40
1.0
  9
$DISPSILH
 70
     0
  9
$DIMSCALE
 40
1.0
  9
$DIMASZ
 40
3.556
  9
$DIMEXO
 40
0.0
  9
$DIMDLI
 40
3.75
  9
$DIMRND
 40
0.0
  9
$DIMDLE
 40
0.0
  9
$DIMEXE
 40
1.0
  9
$DIMTP
 40
0.0
  9
$DIMTM
 40
0.0
  9
$DIMTXT
 40
3.5
  9
$DIMCEN
 40
2.5
  9
$DIMTSZ
 40
0.0
  9
$DIMTOL
 70
     0
  9
$DIMLIM
 70
     0
  9
$DIMTIH
 70
     1
  9
$DIMTOH
 70
     1
  9
$DIMSE1
 70
     0
  9
$DIMSE2
 70
     0
  9
$DIMTAD
 70
     1
  9
$DIMZIN
 70
     1
  9
$DIMBLK
  1

  9
$DIMASO
 70
     1
  9
$DIMSHO
 70
     1
  9
$DIMPOST
  1

  9
$DIMAPOST
  1

  9
$DIMALT
 70
     0
  9
$DIMALTD
 70
     3
  9
$DIMALTF
 40
0.0393700787
  9
$DIMLFAC
 40
1.0
  9
$DIMTOFL
 70
     1
  9
$DIMTVP
 40
0.0
  9
$DIMTIX
 70
     0
  9
$DIMSOXD
 70
     0
  9
$DIMSAH
 70
     0
  9
$DIMBLK1
  1

  9
$DIMBLK2
  1

  9
$DIMSTYLE
  2
ISO-25
  9
$DIMCLRD
 70
     0
  9
$DIMCLRE
 70
     0
  9
$DIMCLRT
 70
     0
  9
$DIMTFAC
 40
1.0
  9
$DIMGAP
 40
1.524
  9
$DIMJUST
 70
     0
  9
$DIMSD1
 70
     0
  9
$DIMSD2
 70
     0
  9
$DIMTOLJ
 70
     0
  9
$DIMTZIN
 70
     1
  9
$DIMALTZ
 70
     0
  9
$DIMALTTZ
 70
     0
  9
$DIMUPT
 70
     0
  9
$DIMDEC
 70
     2
  9
$DIMTDEC
 70
     2
  9
$DIMALTU
 70
     2
  9
$DIMALTTD
 70
     3
  9
$DIMTXSTY
  7
Standard
  9
$DIMAUNIT
 70
     0
  9
$DIMADEC
 70
     2
  9
$DIMALTRND
 40
0.0
  9
$DIMAZIN
 70
     0
  9
$DIMDSEP
 70
    44
  9
$DIMATFIT
 70
     3
  9
$DIMFRAC
 70
     0
  9
$DIMLDRBLK
  1

  9
$DIMLUNIT
 70
     2
  9
$DIMLWD
 70
    -2
  9
$DIMLWE
 70
    -2
  9
$DIMTMOVE
 70
     0
  9
$DIMFXL
 40
1.0
  9
$DIMFXLON
 70
     0
  9
$DIMJOGANG
 40
0.7853981633974483
  9
$DIMTFILL
 70
     0
  9
$DIMTFILLCLR
 70
     0
  9
$DIMARCSYM
 70
     0
  9
$DIMLTYPE
  6

  9
$DIMLTEX1
  6

  9
$DIMLTEX2
  6

  9
$DIMTXTDIRECTION
 70
     0
  9
$LUNITS
 70
     2
  9
$LUPREC
 70
     2
  9
$SKETCHINC
 40
1.0
  9
$FILLETRAD
 40
0.0
  9
$AUNITS
 70
     0
  9
$AUPREC
 70
     2
  9
$MENU
  1
.
  9
$ELEVATION
 40
0.0
  9
$PELEVATION
 40
0.0
  9
$THICKNESS
 40
0.0
  9
$LIMCHECK
 70
     0
  9
$CHAMFERA
 40
0.0
  9
$CHAMFERB
 40
0.0
  9
$CHAMFERC
 40
0.0
  9
$CHAMFERD
 40
0.0
  9
$SKPOLY
 70
     0
  9
$TDCREATE
 40
2461090.841770833
  9
$TDUCREATE
 40
2461090.508443183
  9
$TDUPDATE
 40
2461098.484861111
  9
$TDUUPDATE
 40
2461098.151527778
  9
$TDINDWG
 40
0.0166203819
  9
$TDUSRTIMER
 40
0.0166203819
  9
$USRTIMER
 70
     1
  9
$ANGBASE
 50
0.0
  9
$ANGDIR
 70
     0
  9
$PDMODE
 70
     0
  9
$PDSIZE
 40
-1.0
  9
$PLINEWID
 40
0.0
  9
$SPLFRAME
 70
     0
  9
$SPLINETYPE
 70
     6
  9
$SPLINESEGS
 70
     8
  9
$HANDSEED
  5
97B
  9
$SURFTAB1
 70
     6
  9
$SURFTAB2
 70
     6
  9
$SURFTYPE
 70
     6
  9
$SURFU
 70
     6
  9
$SURFV
 70
     6
  9
$UCSBASE
  2

  9
$UCSNAME
  2

  9
$UCSORG
 10
0.0
 20
0.0
 30
0.0
  9
$UCSXDIR
 10
1.0
 20
0.0
 30
0.0
  9
$UCSYDIR
 10
0.0
 20
1.0
 30
0.0
  9
$UCSORTHOREF
  2

  9
$UCSORTHOVIEW
 70
     0
  9
$UCSORGTOP
 10
0.0
 20
0.0
 30
0.0
  9
$UCSORGBOTTOM
 10
0.0
 20
0.0
 30
0.0
  9
$UCSORGLEFT
 10
0.0
 20
0.0
 30
0.0
  9
$UCSORGRIGHT
 10
0.0
 20
0.0
 30
0.0
  9
$UCSORGFRONT
 10
0.0
 20
0.0
 30
0.0
  9
$UCSORGBACK
 10
0.0
 20
0.0
 30
0.0
  9
$PUCSBASE
  2

  9
$PUCSNAME
  2

  9
$PUCSORG
 10
0.0
 20
0.0
 30
0.0
  9
$PUCSXDIR
 10
1.0
 20
0.0
 30
0.0
  9
$PUCSYDIR
 10
0.0
 20
1.0
 30
0.0
  9
$PUCSORTHOREF
  2

  9
$PUCSORTHOVIEW
 70
     0
  9
$PUCSORGTOP
 10
0.0
 20
0.0
 30
0.0
  9
$PUCSORGBOTTOM
 10
0.0
 20
0.0
 30
0.0
  9
$PUCSORGLEFT
 10
0.0
 20
0.0
 30
0.0
  9
$PUCSORGRIGHT
 10
0.0
 20
0.0
 30
0.0
  9
$PUCSORGFRONT
 10
0.0
 20
0.0
 30
0.0
  9
$PUCSORGBACK
 10
0.0
 20
0.0
 30
0.0
  9
$USERI1
 70
     0
  9
$USERI2
 70
     0
  9
$USERI3
 70
     0
  9
$USERI4
 70
     0
  9
$USERI5
 70
     0
  9
$USERR1
 40
0.0
  9
$USERR2
 40
0.0
  9
$USERR3
 40
0.0
  9
$USERR4
 40
0.0
  9
$USERR5
 40
0.0
  9
$WORLDVIEW
 70
     1
  9
$SHADEDGE
 70
     3
  9
$SHADEDIF
 70
    70
  9
$TILEMODE
 70
     1
  9
$MAXACTVP
 70
    64
  9
$PINSBASE
 10
0.0
 20
0.0
 30
0.0
  9
$PLIMCHECK
 70
     0
  9
$PEXTMIN
 10
1.000000000000000E+20
 20
1.000000000000000E+20
 30
1.000000000000000E+20
  9
$PEXTMAX
 10
-1.000000000000000E+20
 20
-1.000000000000000E+20
 30
-1.000000000000000E+20
  9
$PLIMMIN
 10
0.0
 20
0.0
  9
$PLIMMAX
 10
420.0
 20
297.0
  9
$UNITMODE
 70
     0
  9
$VISRETAIN
 70
     1
  9
$PLINEGEN
 70
     0
  9
$PSLTSCALE
 70
     1
  9
$TREEDEPTH
 70
  3020
  9
$CMLSTYLE
  2
Standard
  9
$CMLJUST
 70
     0
  9
$CMLSCALE
 40
20.0
  9
$PROXYGRAPHICS
 70
     1
  9
$MEASUREMENT
 70
     1
  9
$CELWEIGHT
370
    -1
  9
$ENDCAPS
280
     0
  9
$JOINSTYLE
280
     0
  9
$LWDISPLAY
290
     1
  9
$INSUNITS
 70
     4
  9
$HYPERLINKBASE
  1

  9
$STYLESHEET
  1

  9
$XEDIT
290
     1
  9
$CEPSNTYPE
380
     0
  9
$PSTYLEMODE
290
     1
  9
$FINGERPRINTGUID
  2
{BDC9D161-4562-40AF-B3C2-04B618B33E8D}
  9
$VERSIONGUID
  2
{880885BB-4083-264E-B8DE-E8E621439933}
  9
$EXTNAMES
290
     1
  9
$PSVPSCALE
 40
0.0
  9
$OLESTARTUP
290
     0
  9
$SORTENTS
280
   127
  9
$INDEXCTL
280
     0
  9
$HIDETEXT
280
     0
  9
$XCLIPFRAME
280
     2
  9
$HALOGAP
280
     0
  9
$OBSCOLOR
 70
   257
  9
$OBSLTYPE
280
     0
  9
$INTERSECTIONDISPLAY
280
     0
  9
$INTERSECTIONCOLOR
 70
   257
  9
$DIMASSOC
280
     1
  9
$PROJECTNAME
  1

  9
$CAMERADISPLAY
290
     0
  9
$LENSLENGTH
 40
50.0
  9
$CAMERAHEIGHT
 40
0.0
  9
$STEPSPERSEC
 40
2.0
  9
$STEPSIZE
 40
6.0
  9
$3DDWFPREC
 40
2.0
  9
$PSOLWIDTH
 40
0.25
  9
$PSOLHEIGHT
 40
4.0
  9
$LOFTANG1
 40
1.570796326794896
  9
$LOFTANG2
 40
1.570796326794896
  9
$LOFTMAG1
 40
0.0
  9
$LOFTMAG2
 40
0.0
  9
$LOFTPARAM
 70
     7
  9
$LOFTNORMALS
280
     1
  9
$LATITUDE
 40
37.795
  9
$LONGITUDE
 40
-122.394
  9
$NORTHDIRECTION
 40
0.0
  9
$TIMEZONE
 70
 -8000
  9
$LIGHTGLYPHDISPLAY
280
     1
  9
$TILEMODELIGHTSYNCH
280
     1
  9
$CMATERIAL
347
93
  9
$SOLIDHIST
280
     0
  9
$SHOWHIST
280
     1
  9
$DWFFRAME
280
     2
  9
$DGNFRAME
280
     0
  9
$REALWORLDSCALE
290
     1
  9
$INTERFERECOLOR
 62
     1
  9
$INTERFEREOBJVS
345
B5
  9
$INTERFEREVPVS
346
B2
  9
$CSHADOW
280
     0
  9
$SHADOWPLANELOCATION
 40
0.0
  0
ENDSEC
  0
SECTION
  2
CLASSES
  0
CLASS
  1
ACDBDICTIONARYWDFLT
  2
AcDbDictionaryWithDefault
  3
ObjectDBX Classes
 90
        0
 91
        1
280
     0
281
     0
  0
CLASS
  1
VISUALSTYLE
  2
AcDbVisualStyle
  3
ObjectDBX Classes
 90
     4095
 91
       24
280
     0
281
     0
  0
CLASS
  1
MATERIAL
  2
AcDbMaterial
  3
ObjectDBX Classes
 90
     1153
 91
        3
280
     0
281
     0
  0
CLASS
  1
SCALE
  2
AcDbScale
  3
ObjectDBX Classes
 90
     1153
 91
       17
280
     0
281
     0
  0
CLASS
  1
TABLESTYLE
  2
AcDbTableStyle
  3
ObjectDBX Classes
 90
     4095
 91
        1
280
     0
281
     0
  0
CLASS
  1
MLEADERSTYLE
  2
AcDbMLeaderStyle
  3
ACDB_MLEADERSTYLE_CLASS
 90
     4095
 91
        1
280
     0
281
     0
  0
CLASS
  1
SUN
  2
AcDbSun
  3
SCENEOE
 90
     1153
 91
        0
280
     0
281
     0
  0
CLASS
  1
ACDBSECTIONVIEWSTYLE
  2
AcDbSectionViewStyle
  3
ObjectDBX Classes
 90
     1025
 91
        1
280
     0
281
     0
  0
CLASS
  1
ACDBDETAILVIEWSTYLE
  2
AcDbDetailViewStyle
  3
ObjectDBX Classes
 90
     1025
 91
        1
280
     0
281
     0
  0
CLASS
  1
DICTIONARYVAR
  2
AcDbDictionaryVar
  3
ObjectDBX Classes
 90
        0
 91
        9
280
     0
281
     0
  0
CLASS
  1
CELLSTYLEMAP
  2
AcDbCellStyleMap
  3
ObjectDBX Classes
 90
     1152
 91
        2
280
     0
281
     0
  0
ENDSEC
  0
SECTION
  2
TABLES
  0
TABLE
  2
VPORT
  5
8
330
0
100
AcDbSymbolTable
 70
     1
  0
VPORT
  5
29
330
8
100
AcDbSymbolTableRecord
100
AcDbViewportTableRecord
  2
*Active
 70
     0
 10
0.0
 20
0.0
 11
1.0
 21
1.0
 12
21.88925108638569
 22
-188.6173184851404
 13
0.0
 23
0.0
 14
10.0
 24
10.0
 15
10.0
 25
10.0
 16
0.0
 26
0.0
 36
1.0
 17
0.0
 27
0.0
 37
0.0
 40
1040.596447486779
 41
2.146566164154104
 42
50.0
 43
0.0
 44
0.0
 50
0.0
 51
0.0
 71
     0
 72
   100
 73
     1
 74
     3
 75
     0
 76
     0
 77
     0
 78
     0
281
     0
 65
     1
110
0.0
120
0.0
130
0.0
111
1.0
121
0.0
131
0.0
112
0.0
122
1.0
132
0.0
 79
     0
146
0.0
348
B1
 60
     3
 61
     5
292
     1
282
     1
141
0.0
142
0.0
 63
   250
421
  3355443
1001
ACAD_NAV_VCDISPLAY
1070
     3
  0
ENDTAB
  0
TABLE
  2
LTYPE
  5
5
330
0
100
AcDbSymbolTable
 70
     8
  0
LTYPE
  5
14
330
5
100
AcDbSymbolTableRecord
100
AcDbLinetypeTableRecord
  2
ByBlock
 70
     0
  3

 72
    65
 73
     0
 40
0.0
  0
LTYPE
  5
15
330
5
100
AcDbSymbolTableRecord
100
AcDbLinetypeTableRecord
  2
ByLayer
 70
     0
  3

 72
    65
 73
     0
 40
0.0
  0
LTYPE
  5
16
330
5
100
AcDbSymbolTableRecord
100
AcDbLinetypeTableRecord
  2
Continuous
 70
     0
  3
Solid line
 72
    65
 73
     0
 40
0.0
  0
LTYPE
  5
5E
330
5
100
AcDbSymbolTableRecord
100
AcDbLinetypeTableRecord
  2
HIDDEN
 70
     0
  3
Hidden __ __ __ __ __ __ __ __ __ __ __ __ __ __
 72
    65
 73
     2
 40
1.905
 49
1.27
 74
     0
 49
-0.635
 74
     0
  0
LTYPE
  5
5F
330
5
100
AcDbSymbolTableRecord
100
AcDbLinetypeTableRecord
  2
PHANTOM
 70
     0
  3
Phantom ______  __  __  ______  __  __  ______
 72
    65
 73
     6
 40
12.7
 49
6.349999999999998
 74
     0
 49
-1.27
 74
     0
 49
1.27
 74
     0
 49
-1.27
 74
     0
 49
1.27
 74
     0
 49
-1.27
 74
     0
  0
LTYPE
  5
60
330
5
100
AcDbSymbolTableRecord
100
AcDbLinetypeTableRecord
  2
CENTER
 70
     0
  3
Center ____ _ ____ _ ____ _ ____ _ ____ _ ____
 72
    65
 73
     4
 40
10.16
 49
6.349999999999998
 74
     0
 49
-1.27
 74
     0
 49
1.27
 74
     0
 49
-1.27
 74
     0
  0
LTYPE
  5
61
330
5
100
AcDbSymbolTableRecord
100
AcDbLinetypeTableRecord
  2
CENTERX2
 70
     0
  3
Center (2x) ________  __  ________  __  _____
 72
    65
 73
     4
 40
20.32
 49
12.7
 74
     0
 49
-2.54
 74
     0
 49
2.54
 74
     0
 49
-2.54
 74
     0
  0
LTYPE
  5
62
330
5
100
AcDbSymbolTableRecord
100
AcDbLinetypeTableRecord
  2
DOT2
 70
     0
  3
Dot (.5x) ........................................
 72
    65
 73
     2
 40
0.635
 49
0.0
 74
     0
 49
-0.635
 74
     0
  0
ENDTAB
  0
TABLE
  2
LAYER
  5
2
330
0
100
AcDbSymbolTable
 70
     2
  0
LAYER
  5
10
102
{ACAD_XDICTIONARY
360
5F5
102
}
330
2
100
AcDbSymbolTableRecord
100
AcDbLayerTableRecord
  2
0
 70
     0
 62
     7
  6
Continuous
370
    -3
390
F
347
A3
348
0
  0
LAYER
  5
7D7
102
{ACAD_XDICTIONARY
360
7D8
102
}
330
2
100
AcDbSymbolTableRecord
100
AcDbLayerTableRecord
  2
SLD-0
 70
     0
 62
     7
  6
Continuous
370
    -3
390
F
347
A3
348
0
  0
ENDTAB
  0
TABLE
  2
STYLE
  5
3
330
0
100
AcDbSymbolTable
 70
     1
  0
STYLE
  5
11
330
3
100
AcDbSymbolTableRecord
100
AcDbTextStyleTableRecord
  2
Standard
 70
     0
 40
0.0
 41
1.0
 50
0.0
 71
     0
 42
18.12181790714442
  3
txt
  4

  0
ENDTAB
  0
TABLE
  2
VIEW
  5
6
330
0
100
AcDbSymbolTable
 70
     0
  0
ENDTAB
  0
TABLE
  2
UCS
  5
7
330
0
100
AcDbSymbolTable
 70
     0
  0
ENDTAB
  0
TABLE
  2
APPID
  5
9
330
0
100
AcDbSymbolTable
 70
     5
  0
APPID
  5
12
330
9
100
AcDbSymbolTableRecord
100
AcDbRegAppTableRecord
  2
ACAD
 70
     0
  0
APPID
  5
D1
330
9
100
AcDbSymbolTableRecord
100
AcDbRegAppTableRecord
  2
ACAD_NAV_VCDISPLAY
 70
     0
  0
APPID
  5
5F2
330
9
100
AcDbSymbolTableRecord
100
AcDbRegAppTableRecord
  2
ACAD_EXEMPT_FROM_CAD_STANDARDS
 70
     0
  0
APPID
  5
610
330
9
100
AcDbSymbolTableRecord
100
AcDbRegAppTableRecord
  2
Acad_TC
 70
     0
  0
APPID
  5
611
330
9
100
AcDbSymbolTableRecord
100
AcDbRegAppTableRecord
  2
ACAD_DSTYLE_DIMRADIAL_EXTENSION
 70
     0
  0
ENDTAB
  0
TABLE
  2
DIMSTYLE
  5
A
330
0
100
AcDbSymbolTable
 70
     3
100
AcDbDimStyleTable
 71
     1
340
27
  0
DIMSTYLE
105
27
330
A
100
AcDbSymbolTableRecord
100
AcDbDimStyleTableRecord
  2
ISO-25
 70
     0
 41
2.5
 42
0.625
 43
3.75
 44
1.25
 73
     0
 74
     0
 77
     1
 78
     8
140
2.5
141
2.5
143
0.0393700787
147
0.625
171
     3
172
     1
271
     2
272
     2
274
     3
278
    44
283
     0
284
     8
340
11
  0
ENDTAB
  0
TABLE
  2
BLOCK_RECORD
  5
1
330
0
100
AcDbSymbolTable
 70
    23
  0
BLOCK_RECORD
  5
1F
330
1
100
AcDbSymbolTableRecord
100
AcDbBlockTableRecord
  2
*Model_Space
340
22
 70
     0
280
     1
281
     0
  0
BLOCK_RECORD
  5
1B
330
1
100
AcDbSymbolTableRecord
100
AcDbBlockTableRecord
  2
*Paper_Space
340
1E
 70
     0
280
     1
281
     0
  0
BLOCK_RECORD
  5
23
330
1
100
AcDbSymbolTableRecord
100
AcDbBlockTableRecord
  2
*Paper_Space0
340
26
 70
     0
280
     1
281
     0
  0
BLOCK_RECORD
  5
612
330
1
100
AcDbSymbolTableRecord
100
AcDbBlockTableRecord
  2
main_wing_第二横梁左
340
0
102
{BLKREFS
331
7E3
102
}
 70
     0
280
     1
281
     0
  0
BLOCK_RECORD
  5
694
330
1
100
AcDbSymbolTableRecord
100
AcDbBlockTableRecord
  2
块2
340
0
102
{BLKREFS
331
7E2
331
7E5
102
}
 70
     0
280
     1
281
     0
  0
BLOCK_RECORD
  5
69F
330
1
100
AcDbSymbolTableRecord
100
AcDbBlockTableRecord
  2
襟翼前龙骨挡板
340
0
102
{BLKREFS
331
7E4
102
}
 70
     0
280
     1
281
     0
  0
BLOCK_RECORD
  5
734
330
1
100
AcDbSymbolTableRecord
100
AcDbBlockTableRecord
  2
main_wing_第二横梁右
340
0
102
{BLKREFS
331
7E6
102
}
 70
     0
280
     1
281
     0
  0
BLOCK_RECORD
  5
7FE
330
1
100
AcDbSymbolTableRecord
100
AcDbBlockTableRecord
  2
tail_卡扣
340
0
102
{BLKREFS
331
813
331
814
102
}
 70
     0
280
     1
281
     0
  0
BLOCK_RECORD
  5
815
330
1
100
AcDbSymbolTableRecord
100
AcDbBlockTableRecord
  2
插座板
340
0
102
{BLKREFS
331
840
331
841
102
}
 70
     0
280
     1
281
     0
  0
BLOCK_RECORD
  5
824
330
1
100
AcDbSymbolTableRecord
100
AcDbBlockTableRecord
  2
5mm插座
340
0
102
{BLKREFS
331
844
331
845
331
847
331
848
102
}
 70
     0
280
     1
281
     0
  0
BLOCK_RECORD
  5
82B
330
1
100
AcDbSymbolTableRecord
100
AcDbBlockTableRecord
  2
6mm插座
340
0
102
{BLKREFS
331
842
331
843
331
846
331
849
102
}
 70
     0
280
     1
281
     0
  0
BLOCK_RECORD
  5
84A
330
1
100
AcDbSymbolTableRecord
100
AcDbBlockTableRecord
  2
副翼前挡板
340
0
102
{BLKREFS
331
925
331
927
102
}
 70
     0
280
     1
281
     0
  0
BLOCK_RECORD
  5
89B
330
1
100
AcDbSymbolTableRecord
100
AcDbBlockTableRecord
  2
升降舵前挡板
340
0
102
{BLKREFS
331
93E
331
93F
102
}
 70
     0
280
     1
281
     0
  0
BLOCK_RECORD
  5
940
330
1
100
AcDbSymbolTableRecord
100
AcDbBlockTableRecord
  2
fin_方向舵前挡板_高度为59
340
0
102
{BLKREFS
331
95C
102
}
 70
     0
280
     1
281
     0
  0
BLOCK_RECORD
  5
95D
330
1
100
AcDbSymbolTableRecord
100
AcDbBlockTableRecord
  2
fin_卡扣_高度为59
340
0
102
{BLKREFS
331
969
102
}
 70
     0
280
     1
281
     0
  0
BLOCK_RECORD
  5
96A
330
1
100
AcDbSymbolTableRecord
100
AcDbBlockTableRecord
  2
main_wing_平面版小翼_可以是木板
340
0
102
{BLKREFS
331
977
331
978
102
}
 70
     0
280
     1
281
     0
  0
ENDTAB
  0
ENDSEC
  0
SECTION
  2
BLOCKS
  0
BLOCK
  5
20
330
1F
100
AcDbEntity
  8
0
100
AcDbBlockBegin
  2
*Model_Space
 70
     0
 10
0.0
 20
0.0
 30
0.0
  3
*Model_Space
  1

  0
ENDBLK
  5
21
330
1F
100
AcDbEntity
  8
0
100
AcDbBlockEnd
  0
BLOCK
  5
1C
330
1B
100
AcDbEntity
 67
     1
  8
0
100
AcDbBlockBegin
  2
*Paper_Space
 70
     0
 10
0.0
 20
0.0
 30
0.0
  3
*Paper_Space
  1

  0
ENDBLK
  5
1D
330
1B
100
AcDbEntity
 67
     1
  8
0
100
AcDbBlockEnd
  0
BLOCK
  5
24
330
23
100
AcDbEntity
 67
     1
  8
0
100
AcDbBlockBegin
  2
*Paper_Space0
 70
     0
 10
0.0
 20
0.0
 30
0.0
  3
*Paper_Space0
  1

  0
ENDBLK
  5
25
330
23
100
AcDbEntity
 67
     1
  8
0
100
AcDbBlockEnd
  0
BLOCK
  5
613
330
612
100
AcDbEntity
  8
0
100
AcDbBlockBegin
  2
main_wing_第二横梁左
 70
     0
 10
0.0
 20
0.0
 30
0.0
  3
main_wing_第二横梁左
  1

  0
CIRCLE
  5
614
330
612
100
AcDbEntity
  8
0
  6
Continuous
 62
     7
370
    25
100
AcDbCircle
 10
327.1329482296
 20
14.5643014218
 30
0.0
 40
2.0
  0
CIRCLE
  5
615
330
612
100
AcDbEntity
  8
0
  6
Continuous
 62
     7
370
    25
100
AcDbCircle
 10
262.2004740774
 20
14.5643014218
 30
0.0
 40
2.0
  0
CIRCLE
  5
616
330
612
100
AcDbEntity
  8
0
  6
Continuous
 62
     7
370
    25
100
AcDbCircle
 10
443.8562575491
 20
14.7738126864
 30
0.0
 40
2.0
  0
CIRCLE
  5
617
330
612
100
AcDbEntity
  8
0
  6
Continuous
 62
     7
370
    25
100
AcDbCircle
 10
387.8297847425
 20
14.6391265469
 30
0.0
 40
2.0
  0
CIRCLE
  5
618
330
612
100
AcDbEntity
  8
0
  6
Continuous
 62
     7
370
    25
100
AcDbCircle
 10
77.5956877415
 20
14.0694359192
 30
0.0
 40
2.0
  0
CIRCLE
  5
619
330
612
100
AcDbEntity
  8
0
  6
Continuous
 62
     7
370
    25
100
AcDbCircle
 10
23.3600222773
 20
14.0694359192
 30
0.0
 40
2.0
  0
CIRCLE
  5
61A
330
612
100
AcDbEntity
  8
0
  6
Continuous
 62
     7
370
    25
100
AcDbCircle
 10
203.7086748279
 20
14.3940166714
 30
0.0
 40
2.0
  0
CIRCLE
  5
61B
330
612
100
AcDbEntity
  8
0
  6
Continuous
 62
     7
370
    25
100
AcDbCircle
 10
145.932655152
 20
14.2543498977
 30
0.0
 40
2.0
  0
CIRCLE
  5
61C
330
612
100
AcDbEntity
  8
0
  6
Continuous
 62
     7
370
    25
100
AcDbCircle
 10
494.1490269982
 20
14.7151926429
 30
0.0
 40
2.000000000000055
  0
LINE
  5
61D
330
612
100
AcDbEntity
  8
0
  6
Continuous
 62
     7
370
    18
100
AcDbLine
 10
569.0
 20
18.9616019211
 30
0.0
 11
565.0
 21
18.9616019211
 31
0.0
  0
LINE
  5
61E
330
612
100
AcDbEntity
  8
0
  6
Continuous
 62
     7
370
    18
100
AcDbLine
 10
569.0
 20
18.9616019211
 30
0.0
 11
569.0
 21
16.96160192109999
 31
0.0
  0
LINE
  5
61F
330
612
100
AcDbEntity
  8
0
  6
Continuous
 62
     7
370
    18
100
AcDbLine
 10
569.0
 20
16.96160192109999
 30
0.0
 11
565.0
 21
16.96160192109999
 31
0.0
  0
LINE
  5
620
330
612
100
AcDbEntity
  8
0
  6
Continuous
 62
     7
370
    18
100
AcDbLine
 10
565.0
 20
18.9616019211
 30
0.0
 11
565.0
 21
16.96160192109999
 31
0.0
  0
LINE
  5
621
330
612
100
AcDbEntity
  8
0
  6
Continuous
 62
     7
370
    18
100
AcDbLine
 10
569.0
 20
12.8888611027
 30
0.0
 11
565.0
 21
12.8888611027
 31
0.0
  0
LINE
  5
622
330
612
100
AcDbEntity
  8
0
  6
Continuous
 62
     7
370
    18
100
AcDbLine
 10
565.0
 20
12.8888611027
 30
0.0
 11
565.0
 21
10.8888611027
 31
0.0
  0
LINE
  5
623
330
612
100
AcDbEntity
  8
0
  6
Continuous
 62
     7
370
    18
100
AcDbLine
 10
565.0
 20
10.8888611027
 30
0.0
 11
569.0
 21
10.8888611027
 31
0.0
  0
LINE
  5
624
330
612
100
AcDbEntity
  8
0
  6
Continuous
 62
     7
370
    18
100
AcDbLine
 10
569.0
 20
10.8888611027
 30
0.0
 11
569.0
 21
12.8888611027
 31
0.0
  0
LINE
  5
625
330
612
100
AcDbEntity
  8
0
  6
Continuous
 62
     7
370
    25
100
AcDbLine
 10
571.0
 20
21.9616019211
 30
0.0
 11
519.0
 21
21.9616019211
 31
0.0
  0
LINE
  5
626
330
612
100
AcDbEntity
  8
0
  6
Continuous
 62
     7
370
    25
100
AcDbLine
 10
519.0
 20
21.9616019211
 30
0.0
 11
519.0
 21
14.7151926429
 31
0.0
  0
LINE
  5
627
330
612
100
AcDbEntity
  8
0
  6
Continuous
 62
     7
370
    25
100
AcDbLine
 10
519.0
 20
14.7151926429
 30
0.0
 11
517.0
 21
14.7151926429
 31
0.0
  0
LINE
  5
628
330
612
100
AcDbEntity
  8
0
  6
Continuous
 62
     7
370
    25
100
AcDbLine
 10
517.0
 20
21.9616019211
 30
0.0
 11
517.0
 21
14.7151926429
 31
0.0
  0
LINE
  5
629
330
612
100
AcDbEntity
  8
0
  6
Continuous
 62
     7
370
    25
100
AcDbLine
 10
2.0
 20
20.1327918098
 30
0.0
 11
2.0
 21
16.7139230727
 31
0.0
  0
LINE
  5
62A
330
612
100
AcDbEntity
  8
0
  6
Continuous
 62
     7
370
    25
100
AcDbLine
 10
2.0
 20
16.7139230727
 30
0.0
 11
0.0
 21
16.7139230727
 31
0.0
  0
LINE
  5
62B
330
612
100
AcDbEntity
  8
0
  6
Continuous
 62
     7
370
    25
100
AcDbLine
 10
0.0
 20
10.7139230727
 30
0.0
 11
0.0
 21
16.7139230727
 31
0.0
  0
LINE
  5
62C
330
612
100
AcDbEntity
  8
0
  6
Continuous
 62
     7
370
    25
100
AcDbLine
 10
2.0
 20
10.7139230727
 30
0.0
 11
0.0
 21
10.7139230727
 31
0.0
  0
LINE
  5
62D
330
612
100
AcDbEntity
  8
0
  6
Continuous
 62
     7
370
    25
100
AcDbLine
 10
2.0
 20
10.7139230727
 30
0.0
 11
2.0
 21
7.7139230727
 31
0.0
  0
LINE
  5
62E
330
612
100
AcDbEntity
  8
0
  6
Continuous
 62
     7
370
    25
100
AcDbLine
 10
43.0
 20
14.0694359192
 30
0.0
 11
43.0
 21
7.703143585299998
 31
0.0
  0
LINE
  5
62F
330
612
100
AcDbEntity
  8
0
  6
Continuous
 62
     7
370
    25
100
AcDbLine
 10
45.0000000014
 20
14.0694359192
 30
0.0
 11
43.0
 21
14.0694359192
 31
0.0
  0
LINE
  5
630
330
612
100
AcDbEntity
  8
0
  6
Continuous
 62
     7
370
    25
100
AcDbLine
 10
45.0000000014
 20
14.0694359192
 30
0.0
 11
45.0000000014
 21
7.7027869995
 31
0.0
  0
LINE
  5
631
330
612
100
AcDbEntity
  8
0
  6
Continuous
 62
     7
370
    25
100
AcDbLine
 10
111.0000000014
 20
14.2543498977
 30
0.0
 11
111.0000000014
 21
7.6979996561
 31
0.0
  0
LINE
  5
632
330
612
100
AcDbEntity
  8
0
  6
Continuous
 62
     7
370
    25
100
AcDbLine
 10
113.0000000028
 20
14.2543498977
 30
0.0
 11
111.0000000014
 21
14.2543498977
 31
0.0
  0
LINE
  5
633
330
612
100
AcDbEntity
  8
0
  6
Continuous
 62
     7
370
    25
100
AcDbLine
 10
113.0000000028
 20
14.2543498977
 30
0.0
 11
113.0000000028
 21
7.698032816699999
 31
0.0
  0
LINE
  5
634
330
612
100
AcDbEntity
  8
0
  6
Continuous
 62
     7
370
    25
100
AcDbLine
 10
119.0000000028
 20
0.0
 30
0.0
 11
119.0000000028
 21
7.6981833974
 31
0.0
  0
LINE
  5
635
330
612
100
AcDbEntity
  8
0
  6
Continuous
 62
     7
370
    25
100
AcDbLine
 10
119.0000000028
 20
0.0
 30
0.0
 11
123.0000000028
 21
0.0
 31
0.0
  0
LINE
  5
636
330
612
100
AcDbEntity
  8
0
  6
Continuous
 62
     7
370
    25
100
AcDbLine
 10
123.0000000028
 20
0.0
 30
0.0
 11
123.0000000028
 21
7.615192642899999
 31
0.0
  0
LINE
  5
637
330
612
100
AcDbEntity
  8
0
  6
Continuous
 62
     7
370
    25
100
AcDbLine
 10
122.8000000028
 20
7.615192642899999
 30
0.0
 11
123.0000000028
 21
7.615192642899999
 31
0.0
  0
LINE
  5
638
330
612
100
AcDbEntity
  8
0
  6
Continuous
 62
     7
370
    25
100
AcDbLine
 10
122.8000000028
 20
7.6983170196
 30
0.0
 11
122.8000000028
 21
7.615192642899999
 31
0.0
  0
LINE
  5
639
330
612
100
AcDbEntity
  8
0
  6
Continuous
 62
     7
370
    25
100
AcDbLine
 10
179.0000000028
 20
14.3940166714
 30
0.0
 11
179.0000000028
 21
7.703079708699998
 31
0.0
  0
LINE
  5
63A
330
612
100
AcDbEntity
  8
0
  6
Continuous
 62
     7
370
    25
100
AcDbLine
 10
181.0000000028
 20
14.3940166714
 30
0.0
 11
179.0000000028
 21
14.3940166714
 31
0.0
  0
LINE
  5
63B
330
612
100
AcDbEntity
  8
0
  6
Continuous
 62
     7
370
    25
100
AcDbLine
 10
181.0000000028
 20
7.703324297999999
 30
0.0
 11
181.0000000028
 21
14.3940166714
 31
0.0
  0
LINE
  5
63C
330
612
100
AcDbEntity
  8
0
  6
Continuous
 62
     7
370
    25
100
AcDbLine
 10
227.0000000028
 20
14.4723128564
 30
0.0
 11
227.0000000028
 21
7.709747893999998
 31
0.0
  0
LINE
  5
63D
330
612
100
AcDbEntity
  8
0
  6
Continuous
 62
     7
370
    25
100
AcDbLine
 10
229.0000000028
 20
14.4723128564
 30
0.0
 11
227.0000000028
 21
14.4723128564
 31
0.0
  0
LINE
  5
63E
330
612
100
AcDbEntity
  8
0
  6
Continuous
 62
     7
370
    25
100
AcDbLine
 10
229.0000000028
 20
7.710049649199999
 30
0.0
 11
229.0000000028
 21
14.4723128564
 31
0.0
  0
LINE
  5
63F
330
612
100
AcDbEntity
  8
0
  6
Continuous
 62
     7
370
    25
100
AcDbLine
 10
269.0000000028
 20
0.0
 30
0.0
 11
269.0000000028
 21
7.716121535399999
 31
0.0
  0
LINE
  5
640
330
612
100
AcDbEntity
  8
0
  6
Continuous
 62
     7
370
    25
100
AcDbLine
 10
269.0000000028
 20
0.0
 30
0.0
 11
273.0000000028
 21
0.0
 31
0.0
  0
LINE
  5
641
330
612
100
AcDbEntity
  8
0
  6
Continuous
 62
     7
370
    25
100
AcDbLine
 10
273.0000000028
 20
0.0
 30
0.0
 11
273.0000000028
 21
7.615192642899999
 31
0.0
  0
LINE
  5
642
330
612
100
AcDbEntity
  8
0
  6
Continuous
 62
     7
370
    25
100
AcDbLine
 10
272.8000000028
 20
7.615192642899999
 30
0.0
 11
273.0000000028
 21
7.615192642899999
 31
0.0
  0
LINE
  5
643
330
612
100
AcDbEntity
  8
0
  6
Continuous
 62
     7
370
    25
100
AcDbLine
 10
272.8000000028
 20
7.7166847686
 30
0.0
 11
272.8000000028
 21
7.615192642899999
 31
0.0
  0
LINE
  5
644
330
612
100
AcDbEntity
  8
0
  6
Continuous
 62
     7
370
    25
100
AcDbLine
 10
295.0000000028
 20
14.5643014217
 30
0.0
 11
295.0000000028
 21
7.7198459573
 31
0.0
  0
LINE
  5
645
330
612
100
AcDbEntity
  8
0
  6
Continuous
 62
     7
370
    25
100
AcDbLine
 10
297.0000000028
 20
14.5643014217
 30
0.0
 11
295.0000000028
 21
14.5643014217
 31
0.0
  0
LINE
  5
646
330
612
100
AcDbEntity
  8
0
  6
Continuous
 62
     7
370
    25
100
AcDbLine
 10
297.0000000028
 20
7.7201171236
 30
0.0
 11
297.0000000028
 21
14.5643014217
 31
0.0
  0
LINE
  5
647
330
612
100
AcDbEntity
  8
0
  6
Continuous
 62
     7
370
    25
100
AcDbLine
 10
358.0000000028
 20
14.6391265468
 30
0.0
 11
358.0000000028
 21
7.726670749299999
 31
0.0
  0
LINE
  5
648
330
612
100
AcDbEntity
  8
0
  6
Continuous
 62
     7
370
    25
100
AcDbLine
 10
360.0000000028
 20
14.6391265468
 30
0.0
 11
358.0000000028
 21
14.6391265468
 31
0.0
  0
LINE
  5
649
330
612
100
AcDbEntity
  8
0
  6
Continuous
 62
     7
370
    25
100
AcDbLine
 10
360.0000000028
 20
7.726814357899999
 30
0.0
 11
360.0000000028
 21
14.6391265468
 31
0.0
  0
LINE
  5
64A
330
612
100
AcDbEntity
  8
0
  6
Continuous
 62
     7
370
    25
100
AcDbLine
 10
416.0000000027999
 20
14.7071178423
 30
0.0
 11
416.0000000027999
 21
7.7283456344
 31
0.0
  0
LINE
  5
64B
330
612
100
AcDbEntity
  8
0
  6
Continuous
 62
     7
370
    25
100
AcDbLine
 10
418.0000000028
 20
14.7071178423
 30
0.0
 11
416.0000000027999
 21
14.7071178423
 31
0.0
  0
LINE
  5
64C
330
612
100
AcDbEntity
  8
0
  6
Continuous
 62
     7
370
    25
100
AcDbLine
 10
418.0000000028
 20
7.728300492799998
 30
0.0
 11
418.0000000028
 21
14.7071178423
 31
0.0
  0
LINE
  5
64D
330
612
100
AcDbEntity
  8
0
  6
Continuous
 62
     7
370
    25
100
AcDbLine
 10
419.0000000028
 20
-0.0000000001
 30
0.0
 11
419.0000000028
 21
7.728275071699999
 31
0.0
  0
LINE
  5
64E
330
612
100
AcDbEntity
  8
0
  6
Continuous
 62
     7
370
    25
100
AcDbLine
 10
419.0000000028
 20
-0.0000000001
 30
0.0
 11
423.0000000028
 21
-0.0000000001
 31
0.0
  0
LINE
  5
64F
330
612
100
AcDbEntity
  8
0
  6
Continuous
 62
     7
370
    25
100
AcDbLine
 10
423.0000000028
 20
-0.0000000001
 30
0.0
 11
423.0000000028
 21
7.615192642799998
 31
0.0
  0
LINE
  5
650
330
612
100
AcDbEntity
  8
0
  6
Continuous
 62
     7
370
    25
100
AcDbLine
 10
422.8000000028
 20
7.615192642799998
 30
0.0
 11
423.0000000028
 21
7.615192642799998
 31
0.0
  0
LINE
  5
651
330
612
100
AcDbEntity
  8
0
  6
Continuous
 62
     7
370
    25
100
AcDbLine
 10
422.8000000028
 20
7.7281609596
 30
0.0
 11
422.8000000028
 21
7.615192642799998
 31
0.0
  0
LINE
  5
652
330
612
100
AcDbEntity
  8
0
  6
Continuous
 62
     7
370
    25
100
AcDbLine
 10
469.0000000028
 20
14.7738126863
 30
0.0
 11
469.0000000028
 21
7.724387654199999
 31
0.0
  0
LINE
  5
653
330
612
100
AcDbEntity
  8
0
  6
Continuous
 62
     7
370
    25
100
AcDbLine
 10
471.0000000027999
 20
14.7738126863
 30
0.0
 11
469.0000000028
 21
14.7738126863
 31
0.0
  0
LINE
  5
654
330
612
100
AcDbEntity
  8
0
  6
Continuous
 62
     7
370
    25
100
AcDbLine
 10
471.0000000027999
 20
7.724117765199999
 30
0.0
 11
471.0000000027999
 21
14.7738126863
 31
0.0
  0
LINE
  5
655
330
612
100
AcDbEntity
  8
0
  6
Continuous
 62
     7
370
    25
100
AcDbLine
 10
517.0000000027998
 20
7.715192642799998
 30
0.0
 11
569.0000000029
 21
7.715192642799998
 31
0.0
  0
LINE
  5
656
330
612
100
AcDbEntity
  8
0
  6
Continuous
 62
     7
370
    25
100
AcDbLine
 10
569.0
 20
0.0
 30
0.0
 11
569.0
 21
7.7153209699
 31
0.0
  0
LINE
  5
657
330
612
100
AcDbEntity
  8
0
  6
Continuous
 62
     7
370
    25
100
AcDbLine
 10
569.0
 20
0.0
 30
0.0
 11
571.0
 21
0.0
 31
0.0
  0
LINE
  5
658
330
612
100
AcDbEntity
  8
0
  6
Continuous
 62
     7
370
    25
100
AcDbLine
 10
569.2000000001
 20
7.7153206158
 30
0.0
 11
569.2000000001
 21
7.615192642899999
 31
0.0
  0
LINE
  5
659
330
612
100
AcDbEntity
  8
0
  6
Continuous
 62
     7
370
    25
100
AcDbLine
 10
569.1999999987
 20
7.715192642899999
 30
0.0
 11
570.2000000001
 21
7.715192642899999
 31
0.0
  0
LINE
  5
65A
330
612
100
AcDbEntity
  8
0
  6
Continuous
 62
     7
370
    25
100
AcDbLine
 10
570.2000000001
 20
7.615192642899999
 30
0.0
 11
570.2000000001
 21
7.7153193649
 31
0.0
  0
LINE
  5
65B
330
612
100
AcDbEntity
  8
0
  6
Continuous
 62
     7
370
    25
100
AcDbLine
 10
569.2000000001
 20
7.615192642899999
 30
0.0
 11
570.2000000001
 21
7.615192642899999
 31
0.0
  0
LINE
  5
65C
330
612
100
AcDbEntity
  8
0
  6
Continuous
 62
     7
370
    25
100
AcDbLine
 10
570.4000000001
 20
7.715319224899999
 30
0.0
 11
570.4000000001
 21
7.615192642899999
 31
0.0
  0
LINE
  5
65D
330
612
100
AcDbEntity
  8
0
  6
Continuous
 62
     7
370
    25
100
AcDbLine
 10
570.4000000001
 20
7.715192642899999
 30
0.0
 11
571.0
 21
7.715192642899999
 31
0.0
  0
LINE
  5
65E
330
612
100
AcDbEntity
  8
0
  6
Continuous
 62
     7
370
    25
100
AcDbLine
 10
570.4000000001
 20
7.615192642899999
 30
0.0
 11
571.0
 21
7.615192642899999
 31
0.0
  0
LINE
  5
65F
330
612
100
AcDbEntity
  8
0
  6
Continuous
 62
     7
370
    25
100
AcDbLine
 10
422.6000000001
 20
7.615192642899999
 30
0.0
 11
422.6000000001
 21
7.728167661699999
 31
0.0
  0
LINE
  5
660
330
612
100
AcDbEntity
  8
0
  6
Continuous
 62
     7
370
    25
100
AcDbLine
 10
421.6000000001
 20
7.615192642899999
 30
0.0
 11
422.6000000001
 21
7.615192642899999
 31
0.0
  0
LINE
  5
661
330
612
100
AcDbEntity
  8
0
  6
Continuous
 62
     7
370
    25
100
AcDbLine
 10
421.6000000001
 20
7.728200007
 30
0.0
 11
421.6000000001
 21
7.615192642899999
 31
0.0
  0
LINE
  5
662
330
612
100
AcDbEntity
  8
0
  6
Continuous
 62
     7
370
    25
100
AcDbLine
 10
421.4000000001
 20
7.615192642899999
 30
0.0
 11
421.4000000001
 21
7.728206243599998
 31
0.0
  0
LINE
  5
663
330
612
100
AcDbEntity
  8
0
  6
Continuous
 62
     7
370
    25
100
AcDbLine
 10
420.4000000001
 20
7.615192642899999
 30
0.0
 11
421.4000000001
 21
7.615192642899999
 31
0.0
  0
LINE
  5
664
330
612
100
AcDbEntity
  8
0
  6
Continuous
 62
     7
370
    25
100
AcDbLine
 10
420.4000000001
 20
7.7282362682
 30
0.0
 11
420.4000000001
 21
7.615192642899999
 31
0.0
  0
LINE
  5
665
330
612
100
AcDbEntity
  8
0
  6
Continuous
 62
     7
370
    25
100
AcDbLine
 10
420.2000000001
 20
7.615192642899999
 30
0.0
 11
420.2000000001
 21
7.7282420419
 31
0.0
  0
LINE
  5
666
330
612
100
AcDbEntity
  8
0
  6
Continuous
 62
     7
370
    25
100
AcDbLine
 10
419.2000000001
 20
7.615192642899999
 30
0.0
 11
420.2000000001
 21
7.615192642899999
 31
0.0
  0
LINE
  5
667
330
612
100
AcDbEntity
  8
0
  6
Continuous
 62
     7
370
    25
100
AcDbLine
 10
419.2000000001
 20
7.7282697584
 30
0.0
 11
419.2000000001
 21
7.615192642899999
 31
0.0
  0
LINE
  5
668
330
612
100
AcDbEntity
  8
0
  6
Continuous
 62
     7
370
    25
100
AcDbLine
 10
272.6000000001
 20
7.615192642899999
 30
0.0
 11
272.6000000001
 21
7.716655252299998
 31
0.0
  0
LINE
  5
669
330
612
100
AcDbEntity
  8
0
  6
Continuous
 62
     7
370
    25
100
AcDbLine
 10
271.6000000001
 20
7.615192642899999
 30
0.0
 11
272.6000000001
 21
7.615192642899999
 31
0.0
  0
LINE
  5
66A
330
612
100
AcDbEntity
  8
0
  6
Continuous
 62
     7
370
    25
100
AcDbLine
 10
271.6000000001
 20
7.7165074516
 30
0.0
 11
271.6000000001
 21
7.615192642899999
 31
0.0
  0
LINE
  5
66B
330
612
100
AcDbEntity
  8
0
  6
Continuous
 62
     7
370
    25
100
AcDbLine
 10
271.4000000001
 20
7.615192642899999
 30
0.0
 11
271.4000000001
 21
7.7164778484
 31
0.0
  0
LINE
  5
66C
330
612
100
AcDbEntity
  8
0
  6
Continuous
 62
     7
370
    25
100
AcDbLine
 10
270.4000000001
 20
7.615192642899999
 30
0.0
 11
271.4000000001
 21
7.615192642899999
 31
0.0
  0
LINE
  5
66D
330
612
100
AcDbEntity
  8
0
  6
Continuous
 62
     7
370
    25
100
AcDbLine
 10
270.4000000001
 20
7.716329622
 30
0.0
 11
270.4000000001
 21
7.615192642899999
 31
0.0
  0
LINE
  5
66E
330
612
100
AcDbEntity
  8
0
  6
Continuous
 62
     7
370
    25
100
AcDbLine
 10
270.2000000001
 20
7.615192642899999
 30
0.0
 11
270.2000000001
 21
7.716299935399999
 31
0.0
  0
LINE
  5
66F
330
612
100
AcDbEntity
  8
0
  6
Continuous
 62
     7
370
    25
100
AcDbLine
 10
269.2000000001
 20
7.615192642899999
 30
0.0
 11
270.2000000001
 21
7.615192642899999
 31
0.0
  0
LINE
  5
670
330
612
100
AcDbEntity
  8
0
  6
Continuous
 62
     7
370
    25
100
AcDbLine
 10
269.2000000001
 20
7.716151301699999
 30
0.0
 11
269.2000000001
 21
7.615192642899999
 31
0.0
  0
LINE
  5
671
330
612
100
AcDbEntity
  8
0
  6
Continuous
 62
     7
370
    25
100
AcDbLine
 10
122.6000000001
 20
7.615192642899999
 30
0.0
 11
122.6000000001
 21
7.6983092689
 31
0.0
  0
LINE
  5
672
330
612
100
AcDbEntity
  8
0
  6
Continuous
 62
     7
370
    25
100
AcDbLine
 10
121.6000000001
 20
7.615192642899999
 30
0.0
 11
122.6000000001
 21
7.615192642899999
 31
0.0
  0
LINE
  5
673
330
612
100
AcDbEntity
  8
0
  6
Continuous
 62
     7
370
    25
100
AcDbLine
 10
121.6000000001
 20
7.6982717024
 30
0.0
 11
121.6000000001
 21
7.615192642899999
 31
0.0
  0
LINE
  5
674
330
612
100
AcDbEntity
  8
0
  6
Continuous
 62
     7
370
    25
100
AcDbLine
 10
121.4000000001
 20
7.615192642899999
 30
0.0
 11
121.4000000001
 21
7.698264427499998
 31
0.0
  0
LINE
  5
675
330
612
100
AcDbEntity
  8
0
  6
Continuous
 62
     7
370
    25
100
AcDbLine
 10
120.4000000001
 20
7.615192642899999
 30
0.0
 11
121.4000000001
 21
7.615192642899999
 31
0.0
  0
LINE
  5
676
330
612
100
AcDbEntity
  8
0
  6
Continuous
 62
     7
370
    25
100
AcDbLine
 10
120.4000000001
 20
7.6982292533
 30
0.0
 11
120.4000000001
 21
7.615192642899999
 31
0.0
  0
LINE
  5
677
330
612
100
AcDbEntity
  8
0
  6
Continuous
 62
     7
370
    25
100
AcDbLine
 10
120.2000000001
 20
7.615192642899999
 30
0.0
 11
120.2000000001
 21
7.6982224595
 31
0.0
  0
LINE
  5
678
330
612
100
AcDbEntity
  8
0
  6
Continuous
 62
     7
370
    25
100
AcDbLine
 10
119.2000000001
 20
7.615192642899999
 30
0.0
 11
120.2000000001
 21
7.615192642899999
 31
0.0
  0
LINE
  5
679
330
612
100
AcDbEntity
  8
0
  6
Continuous
 62
     7
370
    25
100
AcDbLine
 10
119.2000000001
 20
7.6981897046
 30
0.0
 11
119.2000000001
 21
7.615192642899999
 31
0.0
  0
LINE
  5
67A
330
612
100
AcDbEntity
  8
0
  6
Continuous
 62
     7
370
    18
100
AcDbLine
 10
571.0
 20
21.9616019211
 30
0.0
 11
571.0
 21
0.0
 31
0.0
  0
SPLINE
  5
67B
330
612
100
AcDbEntity
  8
0
  6
Continuous
 62
     7
370
    25
100
AcDbSpline
210
0.0
220
0.0
230
1.0
 70
     8
 71
     3
 72
     9
 73
     5
 74
     0
 42
0.00000001
 43
0.0000000001
 40
0.0
 40
0.0
 40
0.0
 40
0.0
 40
0.25
 40
0.4713061447714532
 40
0.4713061447714532
 40
0.4713061447714532
 40
0.4713061447714532
 10
516.9999999999686
 20
21.96160192111667
 30
0.0
 10
474.0832387290611
 20
21.8226808321522
 30
0.0
 10
393.1753286390888
 20
21.61935827953534
 30
0.0
 10
312.2673543136083
 20
21.44759455769693
 30
0.0
 10
274.2762991638099
 20
21.35388325771095
 30
0.0
  0
SPLINE
  5
67C
330
612
100
AcDbEntity
  8
0
  6
Continuous
 62
     7
370
    25
100
AcDbSpline
210
0.0
220
0.0
230
1.0
 70
     8
 71
     3
 72
     8
 73
     4
 74
     0
 42
0.00000001
 43
0.0000000001
 40
0.2542678093718727
 40
0.2542678093718727
 40
0.2542678093718727
 40
0.2542678093718727
 40
0.2742792198792242
 40
0.2742792198792242
 40
0.2742792198792242
 40
0.2742792198792242
 10
254.2649322592081
 20
21.30320540364623
 30
0.0
 10
260.93538658063
 20
21.3205892295767
 30
0.0
 10
267.6058422179745
 20
21.33744148358085
 30
0.0
 10
274.2762991638099
 20
21.35388325771095
 30
0.0
  0
SPLINE
  5
67D
330
612
100
AcDbEntity
  8
0
  6
Continuous
 62
     7
370
    25
100
AcDbSpline
210
0.0
220
0.0
230
1.0
 70
     8
 71
     3
 72
    11
 73
     7
 74
     0
 42
0.00000001
 43
0.0000000001
 40
0.0020000567171339
 40
0.0020000567171339
 40
0.0020000567171339
 40
0.0020000567171339
 40
0.1348402169052703
 40
0.1348402169052703
 40
0.1348402169052703
 40
0.2542678093718727
 40
0.2542678093718727
 40
0.2542678093718727
 40
0.2542678093718727
 10
1.999999999999974
 20
20.13279180978151
 30
0.0
 10
46.27872888801991
 20
20.47528039403074
 30
0.0
 10
90.55824421679432
 20
20.71999133088152
 30
0.0
 10
134.8378990117021
 20
20.90787856543932
 30
0.0
 10
174.6467698231872
 20
21.07679538925563
 30
0.0
 10
214.4558382616978
 20
21.1994591927952
 30
0.0
 10
254.2649322592081
 20
21.30320540364623
 30
0.0
  0
SPLINE
  5
67E
330
612
100
AcDbEntity
  8
0
  6
Continuous
 62
     7
370
    25
100
AcDbSpline
210
0.0
220
0.0
230
1.0
 70
     8
 71
     3
 72
     8
 73
     4
 74
     0
 42
0.00000001
 43
0.0000000001
 40
0.4760000024266354
 40
0.4760000024266354
 40
0.4760000024266354
 40
0.4760000024266354
 40
0.5170000038455257
 40
0.5170000038455257
 40
0.5170000038455257
 40
0.5170000038455257
 10
42.99999999997124
 20
7.703143585293878
 30
0.0
 10
29.33333308707637
 20
7.705629609803647
 30
0.0
 10
15.66666629835896
 20
7.709129573963418
 30
0.0
 10
2.0
 20
7.7139230727
 30
0.0
  0
SPLINE
  5
67F
330
612
100
AcDbEntity
  8
0
  6
Continuous
 62
     7
370
    25
100
AcDbSpline
210
0.0
220
0.0
230
1.0
 70
     8
 71
     3
 72
     8
 73
     4
 74
     0
 42
0.00000001
 43
0.0000000001
 40
0.4080000016218991
 40
0.4080000016218991
 40
0.4080000016218991
 40
0.4080000016218991
 40
0.4740000023780019
 40
0.4740000023780019
 40
0.4740000023780019
 40
0.4740000023780019
 10
111.0000000013717
 20
7.69799965611959
 30
0.0
 10
88.99999994577722
 20
7.697682853238582
 30
0.0
 10
66.99999972353743
 20
7.698943665994838
 30
0.0
 10
45.00000000137123
 20
7.702786999489193
 30
0.0
  0
SPLINE
  5
680
330
612
100
AcDbEntity
  8
0
  6
Continuous
 62
     7
370
    25
100
AcDbSpline
210
0.0
220
0.0
230
1.0
 70
     8
 71
     3
 72
     8
 73
     4
 74
     0
 42
0.00000001
 43
0.0000000001
 40
0.4000000016230973
 40
0.4000000016230973
 40
0.4000000016230973
 40
0.4000000016230973
 40
0.4060000016206621
 40
0.4060000016206621
 40
0.4060000016206621
 40
0.4060000016206621
 10
119.0000000028378
 20
7.69818339736458
 30
0.0
 10
117.0000000031676
 20
7.698120733405282
 30
0.0
 10
115.0000000030721
 20
7.698070311821219
 30
0.0
 10
113.0000000027717
 20
7.698032816655238
 30
0.0
  0
SPLINE
  5
681
330
612
100
AcDbEntity
  8
0
  6
Continuous
 62
     7
370
    25
100
AcDbSpline
210
0.0
220
0.0
230
1.0
 70
     8
 71
     3
 72
     8
 73
     4
 74
     0
 42
0.00000001
 43
0.0000000001
 40
0.3400000016425662
 40
0.3400000016425662
 40
0.3400000016425662
 40
0.3400000016425662
 40
0.3962000016293331
 40
0.3962000016293331
 40
0.3962000016293331
 40
0.3962000016293331
 10
179.0000000027718
 20
7.703079708708027
 30
0.0
 10
160.2666667384163
 20
7.700806979161439
 30
0.0
 10
141.5333333954035
 20
7.699046688997168
 30
0.0
 10
122.8000000028378
 20
7.698317019580664
 30
0.0
  0
SPLINE
  5
682
330
612
100
AcDbEntity
  8
0
  6
Continuous
 62
     7
370
    25
100
AcDbSpline
210
0.0
220
0.0
230
1.0
 70
     8
 71
     3
 72
     8
 73
     4
 74
     0
 42
0.00000001
 43
0.0000000001
 40
0.2920000013663427
 40
0.2920000013663427
 40
0.2920000013663427
 40
0.2920000013663427
 40
0.3380000016348957
 40
0.3380000016348957
 40
0.3380000016348957
 40
0.3380000016348957
 10
227.0000000027716
 20
7.70974789404372
 30
0.0
 10
211.6666666939058
 20
7.707438117552907
 30
0.0
 10
196.3333333691303
 20
7.70521426067915
 30
0.0
 10
181.0000000027718
 20
7.70332429800871
 30
0.0
  0
SPLINE
  5
683
330
612
100
AcDbEntity
  8
0
  6
Continuous
 62
     7
370
    25
100
AcDbSpline
210
0.0
220
0.0
230
1.0
 70
     8
 71
     3
 72
     8
 73
     4
 74
     0
 42
0.00000001
 43
0.0000000001
 40
0.2500000010614116
 40
0.2500000010614116
 40
0.2500000010614116
 40
0.2500000010614116
 40
0.2900000013520694
 40
0.2900000013520694
 40
0.2900000013520694
 40
0.2900000013520694
 10
269.0000000028377
 20
7.716121535430174
 30
0.0
 10
255.6666666636018
 20
7.714136690790233
 30
0.0
 10
242.3333333375187
 20
7.712064422082349
 30
0.0
 10
229.0000000027716
 20
7.710049649188428
 30
0.0
  0
SPLINE
  5
684
330
612
100
AcDbEntity
  8
0
  6
Continuous
 62
     7
370
    25
100
AcDbSpline
210
0.0
220
0.0
230
1.0
 70
     8
 71
     3
 72
     8
 73
     4
 74
     0
 42
0.00000001
 43
0.0000000001
 40
0.2240000009039702
 40
0.2240000009039702
 40
0.2240000009039702
 40
0.2240000009039702
 40
0.2462000010357243
 40
0.2462000010357243
 40
0.2462000010357243
 40
0.2462000010357243
 10
295.0000000027715
 20
7.719845957331205
 30
0.0
 10
287.599999996443
 20
7.71883781163078
 30
0.0
 10
280.1999999972923
 20
7.717776597349002
 30
0.0
 10
272.8000000028377
 20
7.71668476856056
 30
0.0
  0
SPLINE
  5
685
330
612
100
AcDbEntity
  8
0
  6
Continuous
 62
     7
370
    25
100
AcDbSpline
210
0.0
220
0.0
230
1.0
 70
     8
 71
     3
 72
     8
 73
     4
 74
     0
 42
0.00000001
 43
0.0000000001
 40
0.1610000007762342
 40
0.1610000007762342
 40
0.1610000007762342
 40
0.1610000007762342
 40
0.2220000008940177
 40
0.2220000008940177
 40
0.2220000008940177
 40
0.2220000008940177
 10
358.0000000027717
 20
7.726670749269811
 30
0.0
 10
337.6666666108234
 20
7.725183382235374
 30
0.0
 10
317.3333332786628
 20
7.722860546050932
 30
0.0
 10
297.0000000027715
 20
7.720117123627747
 30
0.0
  0
SPLINE
  5
686
330
612
100
AcDbEntity
  8
0
  6
Continuous
 62
     7
370
    25
100
AcDbSpline
210
0.0
220
0.0
230
1.0
 70
     8
 71
     3
 72
     8
 73
     4
 74
     0
 42
0.00000001
 43
0.0000000001
 40
0.1030000009110995
 40
0.1030000009110995
 40
0.1030000009110995
 40
0.1030000009110995
 40
0.1590000007768164
 40
0.1590000007768164
 40
0.1590000007768164
 40
0.1590000007768164
 10
416.0000000027716
 20
7.728345634408648
 30
0.0
 10
397.3333333331177
 20
7.728731649655793
 30
0.0
 10
378.66666663009
 20
7.728129475565593
 30
0.0
 10
360.0000000027717
 20
7.72681435793273
 30
0.0
  0
SPLINE
  5
687
330
612
100
AcDbEntity
  8
0
  6
Continuous
 62
     7
370
    25
100
AcDbSpline
210
0.0
220
0.0
230
1.0
 70
     8
 71
     3
 72
     8
 73
     4
 74
     0
 42
0.00000001
 43
0.0000000001
 40
0.1000000009254584
 40
0.1000000009254584
 40
0.1000000009254584
 40
0.1000000009254584
 40
0.101000000920626
 40
0.101000000920626
 40
0.101000000920626
 40
0.101000000920626
 10
419.0000000028375
 20
7.728275071747293
 30
0.0
 10
418.6666666694907
 20
7.728283863620371
 30
0.0
 10
418.3333333361349
 20
7.728292336831642
 30
0.0
 10
418.0000000027716
 20
7.728300492849027
 30
0.0
  0
SPLINE
  5
688
330
612
100
AcDbEntity
  8
0
  6
Continuous
 62
     7
370
    25
100
AcDbSpline
210
0.0
220
0.0
230
1.0
 70
     8
 71
     3
 72
     8
 73
     4
 74
     0
 42
0.00000001
 43
0.0000000001
 40
0.0500000008673456
 40
0.0500000008673456
 40
0.0500000008673456
 40
0.0500000008673456
 40
0.0962000009447868
 40
0.0962000009447868
 40
0.0962000009447868
 40
0.0962000009447868
 10
469.0000000027715
 20
7.724387654174742
 30
0.0
 10
453.6000000868351
 20
7.726429824321221
 30
0.0
 10
438.2000000454315
 20
7.727641911075504
 30
0.0
 10
422.8000000028376
 20
7.728160959639042
 30
0.0
  0
SPLINE
  5
689
330
612
100
AcDbEntity
  8
0
  6
Continuous
 62
     7
370
    25
100
AcDbSpline
210
0.0
220
0.0
230
1.0
 70
     8
 71
     3
 72
     8
 73
     4
 74
     0
 42
0.00000001
 43
0.0000000001
 40
0.0020000000523124
 40
0.0020000000523124
 40
0.0020000000523124
 40
0.0020000000523124
 40
0.0480000008491541
 40
0.0480000008491541
 40
0.0480000008491541
 40
0.0480000008491541
 10
517.0000000027695
 20
7.715192642778267
 30
0.0
 10
501.6666668734396
 20
7.719079409393747
 30
0.0
 10
486.3333334802226
 20
7.722012715671633
 30
0.0
 10
471.0000000027716
 20
7.724117765199085
 30
0.0
  0
SPLINE
  5
68A
330
612
100
AcDbEntity
  8
0
  6
Continuous
 62
     7
370
    25
100
AcDbSpline
210
0.0
220
0.0
230
1.0
 70
     8
 71
     3
 72
     8
 73
     4
 74
     0
 42
0.00000001
 43
0.0000000001
 40
0.0964000009437811
 40
0.0964000009437811
 40
0.0964000009437811
 40
0.0964000009437811
 40
0.0974000009386191
 40
0.0974000009386191
 40
0.0974000009386191
 40
0.0974000009386191
 10
422.6000000001
 20
7.728167661736685
 30
0.0
 10
422.266666666781
 20
7.728178766927821
 30
0.0
 10
421.93333333345
 20
7.72818954819863
 30
0.0
 10
421.6000000001
 20
7.728200007005761
 30
0.0
  0
SPLINE
  5
68B
330
612
100
AcDbEntity
  8
0
  6
Continuous
 62
     7
370
    25
100
AcDbSpline
210
0.0
220
0.0
230
1.0
 70
     8
 71
     3
 72
     8
 73
     4
 74
     0
 42
0.00000001
 43
0.0000000001
 40
0.0976000009375848
 40
0.0976000009375848
 40
0.0976000009375848
 40
0.0976000009375848
 40
0.0986000009324683
 40
0.0986000009324683
 40
0.0986000009324683
 40
0.0986000009324683
 10
421.4000000001
 20
7.728206243606095
 30
0.0
 10
421.0666666667762
 20
7.728216573486196
 30
0.0
 10
420.7333333334428
 20
7.728226581194325
 30
0.0
 10
420.4000000001
 20
7.728236268190862
 30
0.0
  0
SPLINE
  5
68C
330
612
100
AcDbEntity
  8
0
  6
Continuous
 62
     7
370
    25
100
AcDbSpline
210
0.0
220
0.0
230
1.0
 70
     8
 71
     3
 72
     8
 73
     4
 74
     0
 42
0.00000001
 43
0.0000000001
 40
0.0988000009314561
 40
0.0988000009314561
 40
0.0988000009314561
 40
0.0988000009314561
 40
0.0998000009264489
 40
0.0998000009264489
 40
0.0998000009264489
 40
0.0998000009264489
 10
420.2000000000998
 20
7.72824204191512
 30
0.0
 10
419.8666666667755
 20
7.728251600685607
 30
0.0
 10
419.533333333442
 20
7.728260839036956
 30
0.0
 10
419.2000000001
 20
7.728269758433294
 30
0.0
  0
SPLINE
  5
68D
330
612
100
AcDbEntity
  8
0
  6
Continuous
 62
     7
370
    25
100
AcDbSpline
210
0.0
220
0.0
230
1.0
 70
     8
 71
     3
 72
     8
 73
     4
 74
     0
 42
0.00000001
 43
0.0000000001
 40
0.2464000010370585
 40
0.2464000010370585
 40
0.2464000010370585
 40
0.2464000010370585
 40
0.2474000010437591
 40
0.2474000010437591
 40
0.2474000010437591
 40
0.2474000010437591
 10
272.6000000001
 20
7.716655252337572
 30
0.0
 10
272.2666666667577
 20
7.716606046191976
 30
0.0
 10
271.9333333334245
 20
7.71655677858613
 30
0.0
 10
271.6000000001001
 20
7.716507451640834
 30
0.0
  0
SPLINE
  5
68E
330
612
100
AcDbEntity
  8
0
  6
Continuous
 62
     7
370
    25
100
AcDbSpline
210
0.0
220
0.0
230
1.0
 70
     8
 71
     3
 72
     8
 73
     4
 74
     0
 42
0.00000001
 43
0.0000000001
 40
0.2476000010451053
 40
0.2476000010451053
 40
0.2476000010451053
 40
0.2476000010451053
 40
0.2486000010518661
 40
0.2486000010518661
 40
0.2486000010518661
 40
0.2486000010518661
 10
271.4000000001
 20
7.71647784836998
 30
0.0
 10
271.066666666758
 20
7.716428497774066
 30
0.0
 10
270.7333333334248
 20
7.716379088263582
 30
0.0
 10
270.4000000001
 20
7.7163296219665
 30
0.0
  0
SPLINE
  5
68F
330
612
100
AcDbEntity
  8
0
  6
Continuous
 62
     7
370
    25
100
AcDbSpline
210
0.0
220
0.0
230
1.0
 70
     8
 71
     3
 72
     8
 73
     4
 74
     0
 42
0.00000001
 43
0.0000000001
 40
0.2488000010532241
 40
0.2488000010532241
 40
0.2488000010532241
 40
0.2488000010532241
 40
0.2498000010600424
 40
0.2498000010600424
 40
0.2498000010600424
 40
0.2498000010600424
 10
270.2000000001
 20
7.716299935390968
 30
0.0
 10
269.8666666667584
 20
7.716250446464695
 30
0.0
 10
269.5333333334251
 20
7.716200901178138
 30
0.0
 10
269.2000000001
 20
7.716151301666462
 30
0.0
  0
SPLINE
  5
690
330
612
100
AcDbEntity
  8
0
  6
Continuous
 62
     7
370
    25
100
AcDbSpline
210
0.0
220
0.0
230
1.0
 70
     8
 71
     3
 72
     8
 73
     4
 74
     0
 42
0.00000001
 43
0.0000000001
 40
0.3964000016289175
 40
0.3964000016289175
 40
0.3964000016289175
 40
0.3964000016289175
 40
0.3974000016269843
 40
0.3974000016269843
 40
0.3974000016269843
 40
0.3974000016269843
 10
122.6000000001002
 20
7.698309268916541
 30
0.0
 10
122.2666666667794
 20
7.698296416881532
 30
0.0
 10
121.9333333334457
 20
7.69828389367353
 30
0.0
 10
121.6000000001
 20
7.69827170241061
 30
0.0
  0
SPLINE
  5
691
330
612
100
AcDbEntity
  8
0
  6
Continuous
 62
     7
370
    25
100
AcDbSpline
210
0.0
220
0.0
230
1.0
 70
     8
 71
     3
 72
     8
 73
     4
 74
     0
 42
0.00000001
 43
0.0000000001
 40
0.3976000016266266
 40
0.3976000016266266
 40
0.3976000016266266
 40
0.3976000016266266
 40
0.3986000016249843
 40
0.3986000016249843
 40
0.3986000016249843
 40
0.3986000016249843
 10
121.4000000001001
 20
7.698264427511327
 30
0.0
 10
121.0666666667787
 20
7.698252369151608
 30
0.0
 10
120.733333333445
 20
7.698240643361543
 30
0.0
 10
120.4000000001
 20
7.698229253268766
 30
0.0
  0
SPLINE
  5
692
330
612
100
AcDbEntity
  8
0
  6
Continuous
 62
     7
370
    25
100
AcDbSpline
210
0.0
220
0.0
230
1.0
 70
     8
 71
     3
 72
     8
 73
     4
 74
     0
 42
0.00000001
 43
0.0000000001
 40
0.3988000016246852
 40
0.3988000016246852
 40
0.3988000016246852
 40
0.3988000016246852
 40
0.3998000016233369
 40
0.3998000016233369
 40
0.3998000016233369
 40
0.3998000016233369
 10
120.2000000000998
 20
7.698222459521911
 30
0.0
 10
119.8666666667777
 20
7.698211203833601
 30
0.0
 10
119.5333333334442
 20
7.698200284469062
 30
0.0
 10
119.2000000001
 20
7.698189704565512
 30
0.0
  0
ENDBLK
  5
693
330
612
100
AcDbEntity
  8
0
100
AcDbBlockEnd
  0
BLOCK
  5
695
330
694
100
AcDbEntity
  8
0
100
AcDbBlockBegin
  2
块2
 70
     0
 10
0.0
 20
0.0
 30
0.0
  3
块2
  1

  0
LINE
  5
696
330
694
100
AcDbEntity
  8
SLD-0
100
AcDbLine
 10
31.318878093
 20
45.165625326
 30
0.0
 11
35.31887809300001
 21
45.165625326
 31
0.0
  0
LINE
  5
697
330
694
100
AcDbEntity
  8
SLD-0
100
AcDbLine
 10
31.318878093
 20
45.165625326
 30
0.0
 11
31.318878093
 21
49.165625326
 31
0.0
  0
LINE
  5
698
330
694
100
AcDbEntity
  8
SLD-0
100
AcDbLine
 10
31.318878093
 20
49.165625326
 30
0.0
 11
43.318878093
 21
49.165625326
 31
0.0
  0
LINE
  5
699
330
694
100
AcDbEntity
  8
SLD-0
100
AcDbLine
 10
43.318878093
 20
49.165625326
 30
0.0
 11
43.318878093
 21
45.165625326
 31
0.0
  0
LINE
  5
69A
330
694
100
AcDbEntity
  8
SLD-0
100
AcDbLine
 10
43.318878093
 20
45.165625326
 30
0.0
 11
39.318878093
 21
45.165625326
 31
0.0
  0
LINE
  5
69B
330
694
100
AcDbEntity
  8
SLD-0
100
AcDbLine
 10
35.31887809300001
 20
45.165625326
 30
0.0
 11
35.31887809300001
 21
47.165625326
 31
0.0
  0
LINE
  5
69C
330
694
100
AcDbEntity
  8
SLD-0
100
AcDbLine
 10
35.31887809300001
 20
47.165625326
 30
0.0
 11
39.318878093
 21
47.165625326
 31
0.0
  0
LINE
  5
69D
330
694
100
AcDbEntity
  8
SLD-0
100
AcDbLine
 10
39.318878093
 20
47.165625326
 30
0.0
 11
39.318878093
 21
45.165625326
 31
0.0
  0
ENDBLK
  5
69E
330
694
100
AcDbEntity
  8
0
100
AcDbBlockEnd
  0
BLOCK
  5
6A0
330
69F
100
AcDbEntity
  8
0
100
AcDbBlockBegin
  2
襟翼前龙骨挡板
 70
     0
 10
0.0
 20
0.0
 30
0.0
  3
襟翼前龙骨挡板
  1

  0
LINE
  5
6A1
330
69F
100
AcDbEntity
  8
0
  6
Continuous
 62
     7
370
    25
100
AcDbLine
 10
645.6193991077999
 20
8.097416624999999
 30
0.0
 11
645.6193991077999
 21
8.3033940622
 31
0.0
  0
LINE
  5
6A2
330
69F
100
AcDbEntity
  8
0
  6
Continuous
 62
     7
370
    25
100
AcDbLine
 10
644.6193991077999
 20
8.097416624999999
 30
0.0
 11
645.6193991077999
 21
8.097416624999999
 31
0.0
  0
LINE
  5
6A3
330
69F
100
AcDbEntity
  8
0
  6
Continuous
 62
     7
370
    25
100
AcDbLine
 10
644.6193991077999
 20
8.3035078624
 30
0.0
 11
644.6193991077999
 21
8.097416624999999
 31
0.0
  0
LINE
  5
6A4
330
69F
100
AcDbEntity
  8
0
  6
Continuous
 62
     7
370
    25
100
AcDbLine
 10
644.4193991078
 20
8.097416624999999
 30
0.0
 11
644.4193991078
 21
8.303530589899999
 31
0.0
  0
LINE
  5
6A5
330
69F
100
AcDbEntity
  8
0
  6
Continuous
 62
     7
370
    25
100
AcDbLine
 10
643.4193991078
 20
8.097416624999999
 30
0.0
 11
644.4193991078
 21
8.097416624999999
 31
0.0
  0
LINE
  5
6A6
330
69F
100
AcDbEntity
  8
0
  6
Continuous
 62
     7
370
    25
100
AcDbLine
 10
643.4193991078
 20
8.3036440625
 30
0.0
 11
643.4193991078
 21
8.097416624999999
 31
0.0
  0
LINE
  5
6A7
330
69F
100
AcDbEntity
  8
0
  6
Continuous
 62
     7
370
    25
100
AcDbLine
 10
643.2193991077999
 20
8.097416624999999
 30
0.0
 11
643.2193991077999
 21
8.303666723600001
 31
0.0
  0
LINE
  5
6A8
330
69F
100
AcDbEntity
  8
0
  6
Continuous
 62
     7
370
    25
100
AcDbLine
 10
642.2193991078
 20
8.097416624999999
 30
0.0
 11
643.2193991077999
 21
8.097416624999999
 31
0.0
  0
LINE
  5
6A9
330
69F
100
AcDbEntity
  8
0
  6
Continuous
 62
     7
370
    25
100
AcDbLine
 10
642.2193991078
 20
8.3037798594
 30
0.0
 11
642.2193991078
 21
8.097416624999999
 31
0.0
  0
LINE
  5
6AA
330
69F
100
AcDbEntity
  8
0
  6
Continuous
 62
     7
370
    25
100
AcDbLine
 10
645.8193991077998
 20
8.303371269999999
 30
0.0
 11
645.8193991077998
 21
8.097416624999999
 31
0.0
  0
LINE
  5
6AB
330
69F
100
AcDbEntity
  8
0
  6
Continuous
 62
     7
370
    25
100
AcDbLine
 10
686.0000000001
 20
12.5
 30
0.0
 11
686.0000000001
 21
8.298644017499999
 31
0.0
  0
LINE
  5
6AC
330
69F
100
AcDbEntity
  8
0
  6
Continuous
 62
     7
370
    25
100
AcDbLine
 10
688.0000000000999
 20
12.5
 30
0.0
 11
686.0000000001
 21
12.5
 31
0.0
  0
LINE
  5
6AD
330
69F
100
AcDbEntity
  8
0
  6
Continuous
 62
     7
370
    25
100
AcDbLine
 10
688.0000000000999
 20
15.5
 30
0.0
 11
688.0000000000999
 21
12.5
 31
0.0
  0
LINE
  5
6AE
330
69F
100
AcDbEntity
  8
0
  6
Continuous
 62
     7
370
    25
100
AcDbLine
 10
686.0000000001
 20
15.5
 30
0.0
 11
688.0000000000999
 21
15.5
 31
0.0
  0
LINE
  5
6AF
330
69F
100
AcDbEntity
  8
0
  6
Continuous
 62
     7
370
    25
100
AcDbLine
 10
686.0000000001
 20
18.9240406625
 30
0.0
 11
686.0000000001
 21
15.5
 31
0.0
  0
LINE
  5
6B0
330
69F
100
AcDbEntity
  8
0
  6
Continuous
 62
     7
370
    25
100
AcDbLine
 10
292.0000000003
 20
19.2759805486
 30
0.0
 11
395.9999999998999
 21
19.2759805486
 31
0.0
  0
LINE
  5
6B1
330
69F
100
AcDbEntity
  8
0
  6
Continuous
 62
     7
370
    25
100
AcDbLine
 10
2.0000000001
 20
15.5
 30
0.0
 11
2.0000000001
 21
18.9240406625
 31
0.0
  0
LINE
  5
6B2
330
69F
100
AcDbEntity
  8
0
  6
Continuous
 62
     7
370
    25
100
AcDbLine
 10
0.0000000001
 20
15.5
 30
0.0
 11
2.0000000001
 21
15.5
 31
0.0
  0
LINE
  5
6B3
330
69F
100
AcDbEntity
  8
0
  6
Continuous
 62
     7
370
    25
100
AcDbLine
 10
0.0000000001
 20
15.5
 30
0.0
 11
0.0000000001
 21
12.5
 31
0.0
  0
LINE
  5
6B4
330
69F
100
AcDbEntity
  8
0
  6
Continuous
 62
     7
370
    25
100
AcDbLine
 10
0.0000000001
 20
12.5
 30
0.0
 11
2.0000000001
 21
12.5
 31
0.0
  0
LINE
  5
6B5
330
69F
100
AcDbEntity
  8
0
  6
Continuous
 62
     7
370
    25
100
AcDbLine
 10
2.0000000001
 20
12.5
 30
0.0
 11
2.0000000001
 21
8.298644017599999
 31
0.0
  0
LINE
  5
6B6
330
69F
100
AcDbEntity
  8
0
  6
Continuous
 62
     7
370
    25
100
AcDbLine
 10
42.01939910780001
 20
0.0
 30
0.0
 11
42.01939910780001
 21
8.3034351112
 31
0.0
  0
LINE
  5
6B7
330
69F
100
AcDbEntity
  8
0
  6
Continuous
 62
     7
370
    25
100
AcDbLine
 10
42.01939910780001
 20
0.0
 30
0.0
 11
46.01939910779999
 21
0.0
 31
0.0
  0
LINE
  5
6B8
330
69F
100
AcDbEntity
  8
0
  6
Continuous
 62
     7
370
    25
100
AcDbLine
 10
46.01939910779999
 20
0.0
 30
0.0
 11
46.01939910779999
 21
8.097416624999999
 31
0.0
  0
LINE
  5
6B9
330
69F
100
AcDbEntity
  8
0
  6
Continuous
 62
     7
370
    25
100
AcDbLine
 10
45.8193991078
 20
8.097416624999999
 30
0.0
 11
46.01939910779999
 21
8.097416624999999
 31
0.0
  0
LINE
  5
6BA
330
69F
100
AcDbEntity
  8
0
  6
Continuous
 62
     7
370
    25
100
AcDbLine
 10
45.8193991078
 20
8.303877313600001
 30
0.0
 11
45.8193991078
 21
8.097416624999999
 31
0.0
  0
LINE
  5
6BB
330
69F
100
AcDbEntity
  8
0
  6
Continuous
 62
     7
370
    25
100
AcDbLine
 10
192.0193991078
 20
0.0
 30
0.0
 11
192.0193991078
 21
8.3128648534
 31
0.0
  0
LINE
  5
6BC
330
69F
100
AcDbEntity
  8
0
  6
Continuous
 62
     7
370
    25
100
AcDbLine
 10
192.0193991078
 20
0.0
 30
0.0
 11
196.0193991078
 21
0.0
 31
0.0
  0
LINE
  5
6BD
330
69F
100
AcDbEntity
  8
0
  6
Continuous
 62
     7
370
    25
100
AcDbLine
 10
196.0193991078
 20
0.0
 30
0.0
 11
196.0193991078
 21
8.097416624999999
 31
0.0
  0
LINE
  5
6BE
330
69F
100
AcDbEntity
  8
0
  6
Continuous
 62
     7
370
    25
100
AcDbLine
 10
195.8193991078
 20
8.097416624999999
 30
0.0
 11
196.0193991078
 21
8.097416624999999
 31
0.0
  0
LINE
  5
6BF
330
69F
100
AcDbEntity
  8
0
  6
Continuous
 62
     7
370
    25
100
AcDbLine
 10
195.8193991078
 20
8.312773862
 30
0.0
 11
195.8193991078
 21
8.097416624999999
 31
0.0
  0
LINE
  5
6C0
330
69F
100
AcDbEntity
  8
0
  6
Continuous
 62
     7
370
    25
100
AcDbLine
 10
342.0193991078
 20
8.302317134299999
 30
0.0
 11
292.0000000001
 21
8.302317134299999
 31
0.0
  0
LINE
  5
6C1
330
69F
100
AcDbEntity
  8
0
  6
Continuous
 62
     7
370
    25
100
AcDbLine
 10
342.0193991078
 20
0.0000000001
 30
0.0
 11
342.0193991078
 21
8.302317134299999
 31
0.0
  0
LINE
  5
6C2
330
69F
100
AcDbEntity
  8
0
  6
Continuous
 62
     7
370
    25
100
AcDbLine
 10
342.0193991078
 20
0.0000000001
 30
0.0
 11
346.0193991078
 21
0.0000000001
 31
0.0
  0
LINE
  5
6C3
330
69F
100
AcDbEntity
  8
0
  6
Continuous
 62
     7
370
    25
100
AcDbLine
 10
346.0193991078
 20
0.0000000001
 30
0.0
 11
346.0193991078
 21
8.097416625099999
 31
0.0
  0
LINE
  5
6C4
330
69F
100
AcDbEntity
  8
0
  6
Continuous
 62
     7
370
    25
100
AcDbLine
 10
345.8193991078
 20
8.097416625099999
 30
0.0
 11
346.0193991078
 21
8.097416625099999
 31
0.0
  0
LINE
  5
6C5
330
69F
100
AcDbEntity
  8
0
  6
Continuous
 62
     7
370
    25
100
AcDbLine
 10
345.8193991078
 20
8.302317002799997
 30
0.0
 11
345.8193991078
 21
8.097416625099999
 31
0.0
  0
LINE
  5
6C6
330
69F
100
AcDbEntity
  8
0
  6
Continuous
 62
     7
370
    25
100
AcDbLine
 10
396.0000000002
 20
8.302317002799997
 30
0.0
 11
345.8193991078
 21
8.302317002799997
 31
0.0
  0
LINE
  5
6C7
330
69F
100
AcDbEntity
  8
0
  6
Continuous
 62
     7
370
    25
100
AcDbLine
 10
492.0193991078
 20
0.0
 30
0.0
 11
492.0193991078
 21
8.312616661099998
 31
0.0
  0
LINE
  5
6C8
330
69F
100
AcDbEntity
  8
0
  6
Continuous
 62
     7
370
    25
100
AcDbLine
 10
492.0193991078
 20
0.0
 30
0.0
 11
496.0193991077999
 21
0.0
 31
0.0
  0
LINE
  5
6C9
330
69F
100
AcDbEntity
  8
0
  6
Continuous
 62
     7
370
    25
100
AcDbLine
 10
496.0193991077999
 20
0.0
 30
0.0
 11
496.0193991077999
 21
8.097416624999999
 31
0.0
  0
LINE
  5
6CA
330
69F
100
AcDbEntity
  8
0
  6
Continuous
 62
     7
370
    25
100
AcDbLine
 10
495.8193991077999
 20
8.097416624999999
 30
0.0
 11
496.0193991077999
 21
8.097416624999999
 31
0.0
  0
LINE
  5
6CB
330
69F
100
AcDbEntity
  8
0
  6
Continuous
 62
     7
370
    25
100
AcDbLine
 10
495.8193991077999
 20
8.3127278351
 30
0.0
 11
495.8193991077999
 21
8.097416624999999
 31
0.0
  0
LINE
  5
6CC
330
69F
100
AcDbEntity
  8
0
  6
Continuous
 62
     7
370
    25
100
AcDbLine
 10
642.0193991078
 20
0.0
 30
0.0
 11
642.0193991078
 21
8.303802452200001
 31
0.0
  0
LINE
  5
6CD
330
69F
100
AcDbEntity
  8
0
  6
Continuous
 62
     7
370
    25
100
AcDbLine
 10
642.0193991078
 20
0.0
 30
0.0
 11
646.0193991078
 21
0.0
 31
0.0
  0
LINE
  5
6CE
330
69F
100
AcDbEntity
  8
0
  6
Continuous
 62
     7
370
    25
100
AcDbLine
 10
646.0193991078
 20
0.0
 30
0.0
 11
646.0193991078
 21
8.097416624999999
 31
0.0
  0
LINE
  5
6CF
330
69F
100
AcDbEntity
  8
0
  6
Continuous
 62
     7
370
    25
100
AcDbLine
 10
645.8193991077998
 20
8.097416624999999
 30
0.0
 11
646.0193991078
 21
8.097416624999999
 31
0.0
  0
LINE
  5
6D0
330
69F
100
AcDbEntity
  8
0
  6
Continuous
 62
     7
370
    25
100
AcDbLine
 10
495.6193991077999
 20
8.097416624999999
 30
0.0
 11
495.6193991077999
 21
8.3127225386
 31
0.0
  0
LINE
  5
6D1
330
69F
100
AcDbEntity
  8
0
  6
Continuous
 62
     7
370
    25
100
AcDbLine
 10
494.6193991078
 20
8.097416624999999
 30
0.0
 11
495.6193991077999
 21
8.097416624999999
 31
0.0
  0
LINE
  5
6D2
330
69F
100
AcDbEntity
  8
0
  6
Continuous
 62
     7
370
    25
100
AcDbLine
 10
494.6193991078
 20
8.3126951338
 30
0.0
 11
494.6193991078
 21
8.097416624999999
 31
0.0
  0
LINE
  5
6D3
330
69F
100
AcDbEntity
  8
0
  6
Continuous
 62
     7
370
    25
100
AcDbLine
 10
494.4193991077999
 20
8.097416624999999
 30
0.0
 11
494.4193991077999
 21
8.3126894682
 31
0.0
  0
LINE
  5
6D4
330
69F
100
AcDbEntity
  8
0
  6
Continuous
 62
     7
370
    25
100
AcDbLine
 10
493.4193991077998
 20
8.097416624999999
 30
0.0
 11
494.4193991077999
 21
8.097416624999999
 31
0.0
  0
LINE
  5
6D5
330
69F
100
AcDbEntity
  8
0
  6
Continuous
 62
     7
370
    25
100
AcDbLine
 10
493.4193991077998
 20
8.312660214199999
 30
0.0
 11
493.4193991077998
 21
8.097416624999999
 31
0.0
  0
LINE
  5
6D6
330
69F
100
AcDbEntity
  8
0
  6
Continuous
 62
     7
370
    25
100
AcDbLine
 10
493.2193991077999
 20
8.097416624999999
 30
0.0
 11
493.2193991077999
 21
8.312654178099997
 31
0.0
  0
LINE
  5
6D7
330
69F
100
AcDbEntity
  8
0
  6
Continuous
 62
     7
370
    25
100
AcDbLine
 10
492.2193991078
 20
8.097416624999999
 30
0.0
 11
493.2193991077999
 21
8.097416624999999
 31
0.0
  0
LINE
  5
6D8
330
69F
100
AcDbEntity
  8
0
  6
Continuous
 62
     7
370
    25
100
AcDbLine
 10
492.2193991078
 20
8.3126230689
 30
0.0
 11
492.2193991078
 21
8.097416624999999
 31
0.0
  0
LINE
  5
6D9
330
69F
100
AcDbEntity
  8
0
  6
Continuous
 62
     7
370
    25
100
AcDbLine
 10
342.2193991078
 20
8.302317134199999
 30
0.0
 11
342.2193991078
 21
8.097416624999999
 31
0.0
  0
LINE
  5
6DA
330
69F
100
AcDbEntity
  8
0
  6
Continuous
 62
     7
370
    25
100
AcDbLine
 10
343.2193991078
 20
8.302317134199999
 30
0.0
 11
342.2193991078
 21
8.302317134199999
 31
0.0
  0
LINE
  5
6DB
330
69F
100
AcDbEntity
  8
0
  6
Continuous
 62
     7
370
    25
100
AcDbLine
 10
343.2193991078
 20
8.097416624999999
 30
0.0
 11
343.2193991078
 21
8.302317134199999
 31
0.0
  0
LINE
  5
6DC
330
69F
100
AcDbEntity
  8
0
  6
Continuous
 62
     7
370
    25
100
AcDbLine
 10
342.2193991078
 20
8.097416624999999
 30
0.0
 11
343.2193991078
 21
8.097416624999999
 31
0.0
  0
LINE
  5
6DD
330
69F
100
AcDbEntity
  8
0
  6
Continuous
 62
     7
370
    25
100
AcDbLine
 10
343.4193991078
 20
8.302317134199999
 30
0.0
 11
343.4193991078
 21
8.097416624999999
 31
0.0
  0
LINE
  5
6DE
330
69F
100
AcDbEntity
  8
0
  6
Continuous
 62
     7
370
    25
100
AcDbLine
 10
344.4193991077999
 20
8.302317134199999
 30
0.0
 11
343.4193991078
 21
8.302317134199999
 31
0.0
  0
LINE
  5
6DF
330
69F
100
AcDbEntity
  8
0
  6
Continuous
 62
     7
370
    25
100
AcDbLine
 10
344.4193991077999
 20
8.097416624999999
 30
0.0
 11
344.4193991077999
 21
8.302317134199999
 31
0.0
  0
LINE
  5
6E0
330
69F
100
AcDbEntity
  8
0
  6
Continuous
 62
     7
370
    25
100
AcDbLine
 10
343.4193991078
 20
8.097416624999999
 30
0.0
 11
344.4193991077999
 21
8.097416624999999
 31
0.0
  0
LINE
  5
6E1
330
69F
100
AcDbEntity
  8
0
  6
Continuous
 62
     7
370
    25
100
AcDbLine
 10
344.6193991078
 20
8.302317129
 30
0.0
 11
344.6193991078
 21
8.097416624999999
 31
0.0
  0
LINE
  5
6E2
330
69F
100
AcDbEntity
  8
0
  6
Continuous
 62
     7
370
    25
100
AcDbLine
 10
345.6193991078
 20
8.302317129
 30
0.0
 11
344.6193991078
 21
8.302317129
 31
0.0
  0
LINE
  5
6E3
330
69F
100
AcDbEntity
  8
0
  6
Continuous
 62
     7
370
    25
100
AcDbLine
 10
345.6193991078
 20
8.097416624999999
 30
0.0
 11
345.6193991078
 21
8.302317129
 31
0.0
  0
LINE
  5
6E4
330
69F
100
AcDbEntity
  8
0
  6
Continuous
 62
     7
370
    25
100
AcDbLine
 10
344.6193991078
 20
8.097416624999999
 30
0.0
 11
345.6193991078
 21
8.097416624999999
 31
0.0
  0
LINE
  5
6E5
330
69F
100
AcDbEntity
  8
0
  6
Continuous
 62
     7
370
    25
100
AcDbLine
 10
195.6193991077999
 20
8.097416624999999
 30
0.0
 11
195.6193991077999
 21
8.3127791895
 31
0.0
  0
LINE
  5
6E6
330
69F
100
AcDbEntity
  8
0
  6
Continuous
 62
     7
370
    25
100
AcDbLine
 10
194.6193991077999
 20
8.097416624999999
 30
0.0
 11
195.6193991077999
 21
8.097416624999999
 31
0.0
  0
LINE
  5
6E7
330
69F
100
AcDbEntity
  8
0
  6
Continuous
 62
     7
370
    25
100
AcDbLine
 10
194.6193991077999
 20
8.3128049264
 30
0.0
 11
194.6193991077999
 21
8.097416624999999
 31
0.0
  0
LINE
  5
6E8
330
69F
100
AcDbEntity
  8
0
  6
Continuous
 62
     7
370
    25
100
AcDbLine
 10
194.4193991078
 20
8.097416624999999
 30
0.0
 11
194.4193991078
 21
8.312809893999999
 31
0.0
  0
LINE
  5
6E9
330
69F
100
AcDbEntity
  8
0
  6
Continuous
 62
     7
370
    25
100
AcDbLine
 10
193.4193991078
 20
8.097416624999999
 30
0.0
 11
194.4193991078
 21
8.097416624999999
 31
0.0
  0
LINE
  5
6EA
330
69F
100
AcDbEntity
  8
0
  6
Continuous
 62
     7
370
    25
100
AcDbLine
 10
193.4193991078
 20
8.312833835499999
 30
0.0
 11
193.4193991078
 21
8.097416624999999
 31
0.0
  0
LINE
  5
6EB
330
69F
100
AcDbEntity
  8
0
  6
Continuous
 62
     7
370
    25
100
AcDbLine
 10
193.2193991078
 20
8.097416624999999
 30
0.0
 11
193.2193991078
 21
8.3128384449
 31
0.0
  0
LINE
  5
6EC
330
69F
100
AcDbEntity
  8
0
  6
Continuous
 62
     7
370
    25
100
AcDbLine
 10
192.2193991078
 20
8.097416624999999
 30
0.0
 11
193.2193991078
 21
8.097416624999999
 31
0.0
  0
LINE
  5
6ED
330
69F
100
AcDbEntity
  8
0
  6
Continuous
 62
     7
370
    25
100
AcDbLine
 10
192.2193991078
 20
8.3128606003
 30
0.0
 11
192.2193991078
 21
8.097416624999999
 31
0.0
  0
LINE
  5
6EE
330
69F
100
AcDbEntity
  8
0
  6
Continuous
 62
     7
370
    25
100
AcDbLine
 10
42.2193991078
 20
8.303458489199996
 30
0.0
 11
42.2193991078
 21
8.097416624999999
 31
0.0
  0
LINE
  5
6EF
330
69F
100
AcDbEntity
  8
0
  6
Continuous
 62
     7
370
    25
100
AcDbLine
 10
43.21939910779998
 20
8.097416624999999
 30
0.0
 11
43.21939910779998
 21
8.303575211
 31
0.0
  0
LINE
  5
6F0
330
69F
100
AcDbEntity
  8
0
  6
Continuous
 62
     7
370
    25
100
AcDbLine
 10
42.2193991078
 20
8.097416624999999
 30
0.0
 11
43.21939910779998
 21
8.097416624999999
 31
0.0
  0
LINE
  5
6F1
330
69F
100
AcDbEntity
  8
0
  6
Continuous
 62
     7
370
    25
100
AcDbLine
 10
43.41939910779998
 20
8.303598520999999
 30
0.0
 11
43.41939910779998
 21
8.097416624999999
 31
0.0
  0
LINE
  5
6F2
330
69F
100
AcDbEntity
  8
0
  6
Continuous
 62
     7
370
    25
100
AcDbLine
 10
44.41939910779999
 20
8.097416624999999
 30
0.0
 11
44.41939910779999
 21
8.303714895599997
 31
0.0
  0
LINE
  5
6F3
330
69F
100
AcDbEntity
  8
0
  6
Continuous
 62
     7
370
    25
100
AcDbLine
 10
43.41939910779998
 20
8.097416624999999
 30
0.0
 11
44.41939910779999
 21
8.097416624999999
 31
0.0
  0
LINE
  5
6F4
330
69F
100
AcDbEntity
  8
0
  6
Continuous
 62
     7
370
    25
100
AcDbLine
 10
44.61939910779999
 20
8.303738134799999
 30
0.0
 11
44.61939910779999
 21
8.097416624999999
 31
0.0
  0
LINE
  5
6F5
330
69F
100
AcDbEntity
  8
0
  6
Continuous
 62
     7
370
    25
100
AcDbLine
 10
45.6193991078
 20
8.097416624999999
 30
0.0
 11
45.6193991078
 21
8.303854147999999
 31
0.0
  0
LINE
  5
6F6
330
69F
100
AcDbEntity
  8
0
  6
Continuous
 62
     7
370
    25
100
AcDbLine
 10
44.61939910779999
 20
8.097416624999999
 30
0.0
 11
45.6193991078
 21
8.097416624999999
 31
0.0
  0
LINE
  5
6F7
330
69F
100
AcDbEntity
  8
0
  6
Continuous
 62
     7
370
    25
100
AcDbLine
 10
620.0
 20
15.5
 30
0.0
 11
620.0
 21
12.5
 31
0.0
  0
LINE
  5
6F8
330
69F
100
AcDbEntity
  8
0
  6
Continuous
 62
     7
370
    25
100
AcDbLine
 10
620.0
 20
12.5
 30
0.0
 11
617.9999999998999
 21
12.5
 31
0.0
  0
LINE
  5
6F9
330
69F
100
AcDbEntity
  8
0
  6
Continuous
 62
     7
370
    25
100
AcDbLine
 10
617.9999999998999
 20
12.5
 30
0.0
 11
617.9999999998999
 21
15.5
 31
0.0
  0
LINE
  5
6FA
330
69F
100
AcDbEntity
  8
0
  6
Continuous
 62
     7
370
    25
100
AcDbLine
 10
617.9999999998999
 20
15.5
 30
0.0
 11
620.0
 21
15.5
 31
0.0
  0
LINE
  5
6FB
330
69F
100
AcDbEntity
  8
0
  6
Continuous
 62
     7
370
    25
100
AcDbLine
 10
557.0
 20
15.5
 30
0.0
 11
557.0
 21
12.5
 31
0.0
  0
LINE
  5
6FC
330
69F
100
AcDbEntity
  8
0
  6
Continuous
 62
     7
370
    25
100
AcDbLine
 10
557.0
 20
12.5
 30
0.0
 11
554.9999999998999
 21
12.5
 31
0.0
  0
LINE
  5
6FD
330
69F
100
AcDbEntity
  8
0
  6
Continuous
 62
     7
370
    25
100
AcDbLine
 10
554.9999999998999
 20
12.5
 30
0.0
 11
554.9999999998999
 21
15.5
 31
0.0
  0
LINE
  5
6FE
330
69F
100
AcDbEntity
  8
0
  6
Continuous
 62
     7
370
    25
100
AcDbLine
 10
554.9999999998999
 20
15.5
 30
0.0
 11
557.0
 21
15.5
 31
0.0
  0
LINE
  5
6FF
330
69F
100
AcDbEntity
  8
0
  6
Continuous
 62
     7
370
    25
100
AcDbLine
 10
499.0
 20
15.5
 30
0.0
 11
496.9999999998998
 21
15.5
 31
0.0
  0
LINE
  5
700
330
69F
100
AcDbEntity
  8
0
  6
Continuous
 62
     7
370
    25
100
AcDbLine
 10
499.0
 20
12.5
 30
0.0
 11
499.0
 21
15.5
 31
0.0
  0
LINE
  5
701
330
69F
100
AcDbEntity
  8
0
  6
Continuous
 62
     7
370
    25
100
AcDbLine
 10
496.9999999998998
 20
12.5
 30
0.0
 11
499.0
 21
12.5
 31
0.0
  0
LINE
  5
702
330
69F
100
AcDbEntity
  8
0
  6
Continuous
 62
     7
370
    25
100
AcDbLine
 10
496.9999999998998
 20
15.5
 30
0.0
 11
496.9999999998998
 21
12.5
 31
0.0
  0
LINE
  5
703
330
69F
100
AcDbEntity
  8
0
  6
Continuous
 62
     7
370
    25
100
AcDbLine
 10
446.0
 20
15.5
 30
0.0
 11
446.0
 21
12.5
 31
0.0
  0
LINE
  5
704
330
69F
100
AcDbEntity
  8
0
  6
Continuous
 62
     7
370
    25
100
AcDbLine
 10
446.0
 20
12.5
 30
0.0
 11
443.9999999998999
 21
12.5
 31
0.0
  0
LINE
  5
705
330
69F
100
AcDbEntity
  8
0
  6
Continuous
 62
     7
370
    25
100
AcDbLine
 10
443.9999999998999
 20
12.5
 30
0.0
 11
443.9999999998999
 21
15.5
 31
0.0
  0
LINE
  5
706
330
69F
100
AcDbEntity
  8
0
  6
Continuous
 62
     7
370
    25
100
AcDbLine
 10
443.9999999998999
 20
15.5
 30
0.0
 11
446.0
 21
15.5
 31
0.0
  0
LINE
  5
707
330
69F
100
AcDbEntity
  8
0
  6
Continuous
 62
     7
370
    25
100
AcDbLine
 10
395.9999999998999
 20
15.5
 30
0.0
 11
398.0
 21
15.5
 31
0.0
  0
LINE
  5
708
330
69F
100
AcDbEntity
  8
0
  6
Continuous
 62
     7
370
    25
100
AcDbLine
 10
398.0
 20
15.5
 30
0.0
 11
398.0
 21
12.5
 31
0.0
  0
LINE
  5
709
330
69F
100
AcDbEntity
  8
0
  6
Continuous
 62
     7
370
    25
100
AcDbLine
 10
398.0
 20
12.5
 30
0.0
 11
395.9999999998999
 21
12.5
 31
0.0
  0
LINE
  5
70A
330
69F
100
AcDbEntity
  8
0
  6
Continuous
 62
     7
370
    25
100
AcDbLine
 10
395.9999999998999
 20
12.5
 30
0.0
 11
395.9999999998999
 21
15.5
 31
0.0
  0
LINE
  5
70B
330
69F
100
AcDbEntity
  8
0
  6
Continuous
 62
     7
370
    25
100
AcDbLine
 10
292.0000000001
 20
15.5
 30
0.0
 11
290.0
 21
15.5
 31
0.0
  0
LINE
  5
70C
330
69F
100
AcDbEntity
  8
0
  6
Continuous
 62
     7
370
    25
100
AcDbLine
 10
292.0000000001
 20
12.5
 30
0.0
 11
292.0000000001
 21
15.5
 31
0.0
  0
LINE
  5
70D
330
69F
100
AcDbEntity
  8
0
  6
Continuous
 62
     7
370
    25
100
AcDbLine
 10
290.0
 20
12.5
 30
0.0
 11
292.0000000001
 21
12.5
 31
0.0
  0
LINE
  5
70E
330
69F
100
AcDbEntity
  8
0
  6
Continuous
 62
     7
370
    25
100
AcDbLine
 10
290.0
 20
15.5
 30
0.0
 11
290.0
 21
12.5
 31
0.0
  0
LINE
  5
70F
330
69F
100
AcDbEntity
  8
0
  6
Continuous
 62
     7
370
    25
100
AcDbLine
 10
191.0000000001
 20
15.5
 30
0.0
 11
189.0
 21
15.5
 31
0.0
  0
LINE
  5
710
330
69F
100
AcDbEntity
  8
0
  6
Continuous
 62
     7
370
    25
100
AcDbLine
 10
191.0000000001
 20
12.5
 30
0.0
 11
191.0000000001
 21
15.5
 31
0.0
  0
LINE
  5
711
330
69F
100
AcDbEntity
  8
0
  6
Continuous
 62
     7
370
    25
100
AcDbLine
 10
189.0
 20
12.5
 30
0.0
 11
191.0000000001
 21
12.5
 31
0.0
  0
LINE
  5
712
330
69F
100
AcDbEntity
  8
0
  6
Continuous
 62
     7
370
    25
100
AcDbLine
 10
189.0
 20
15.5
 30
0.0
 11
189.0
 21
12.5
 31
0.0
  0
LINE
  5
713
330
69F
100
AcDbEntity
  8
0
  6
Continuous
 62
     7
370
    25
100
AcDbLine
 10
133.0000000001
 20
15.5
 30
0.0
 11
131.0
 21
15.5
 31
0.0
  0
LINE
  5
714
330
69F
100
AcDbEntity
  8
0
  6
Continuous
 62
     7
370
    25
100
AcDbLine
 10
133.0000000001
 20
12.5
 30
0.0
 11
133.0000000001
 21
15.5
 31
0.0
  0
LINE
  5
715
330
69F
100
AcDbEntity
  8
0
  6
Continuous
 62
     7
370
    25
100
AcDbLine
 10
131.0
 20
12.5
 30
0.0
 11
133.0000000001
 21
12.5
 31
0.0
  0
LINE
  5
716
330
69F
100
AcDbEntity
  8
0
  6
Continuous
 62
     7
370
    25
100
AcDbLine
 10
131.0
 20
15.5
 30
0.0
 11
131.0
 21
12.5
 31
0.0
  0
LINE
  5
717
330
69F
100
AcDbEntity
  8
0
  6
Continuous
 62
     7
370
    25
100
AcDbLine
 10
70.0000000001
 20
15.5
 30
0.0
 11
68.0
 21
15.5
 31
0.0
  0
LINE
  5
718
330
69F
100
AcDbEntity
  8
0
  6
Continuous
 62
     7
370
    25
100
AcDbLine
 10
70.0000000001
 20
12.5
 30
0.0
 11
70.0000000001
 21
15.5
 31
0.0
  0
LINE
  5
719
330
69F
100
AcDbEntity
  8
0
  6
Continuous
 62
     7
370
    25
100
AcDbLine
 10
68.0
 20
12.5
 30
0.0
 11
70.0000000001
 21
12.5
 31
0.0
  0
LINE
  5
71A
330
69F
100
AcDbEntity
  8
0
  6
Continuous
 62
     7
370
    25
100
AcDbLine
 10
68.0
 20
15.5
 30
0.0
 11
68.0
 21
12.5
 31
0.0
  0
LINE
  5
71B
330
69F
100
AcDbEntity
  8
0
  6
Continuous
 62
     7
370
    25
100
AcDbLine
 10
244.0000000001
 20
15.5
 30
0.0
 11
242.0
 21
15.5
 31
0.0
  0
LINE
  5
71C
330
69F
100
AcDbEntity
  8
0
  6
Continuous
 62
     7
370
    25
100
AcDbLine
 10
244.0000000001
 20
12.5
 30
0.0
 11
244.0000000001
 21
15.5
 31
0.0
  0
LINE
  5
71D
330
69F
100
AcDbEntity
  8
0
  6
Continuous
 62
     7
370
    25
100
AcDbLine
 10
242.0
 20
12.5
 30
0.0
 11
244.0000000001
 21
12.5
 31
0.0
  0
LINE
  5
71E
330
69F
100
AcDbEntity
  8
0
  6
Continuous
 62
     7
370
    25
100
AcDbLine
 10
242.0
 20
15.5
 30
0.0
 11
242.0
 21
12.5
 31
0.0
  0
SPLINE
  5
71F
330
69F
100
AcDbEntity
  8
0
  6
Continuous
 62
     7
370
    25
100
AcDbSpline
210
0.0
220
0.0
230
1.0
 70
     8
 71
     3
 72
     8
 73
     4
 74
     0
 42
0.00000001
 43
0.0000000001
 40
0.1024973101569476
 40
0.1024973101569476
 40
0.1024973101569476
 40
0.1024973101569476
 40
0.1050355515339357
 40
0.1050355515339357
 40
0.1050355515339357
 40
0.1050355515339357
 10
645.6193991170943
 20
8.303473233234601
 30
0.0
 10
645.2860658983762
 20
8.303512159203702
 30
0.0
 10
644.9527325681303
 20
8.303551039644013
 30
0.0
 10
644.6193991274222
 20
8.303589872898017
 30
0.0
  0
SPLINE
  5
720
330
69F
100
AcDbEntity
  8
0
  6
Continuous
 62
     7
370
    25
100
AcDbSpline
210
0.0
220
0.0
230
1.0
 70
     8
 71
     3
 72
     8
 73
     4
 74
     0
 42
0.00000001
 43
0.0000000001
 40
0.1055431996374587
 40
0.1055431996374587
 40
0.1055431996374587
 40
0.1055431996374587
 40
0.1080814389967004
 40
0.1080814389967004
 40
0.1080814389967004
 40
0.1080814389967004
 10
644.4193991174645
 20
8.303613167166918
 30
0.0
 10
644.0860658975938
 20
8.303651981449249
 30
0.0
 10
643.7527325674736
 20
8.303690748213838
 30
0.0
 10
643.4193991281702
 20
8.303729465803176
 30
0.0
  0
SPLINE
  5
721
330
69F
100
AcDbEntity
  8
0
  6
Continuous
 62
     7
370
    25
100
AcDbSpline
210
0.0
220
0.0
230
1.0
 70
     8
 71
     3
 72
     8
 73
     4
 74
     0
 42
0.00000001
 43
0.0000000001
 40
0.1085890867001758
 40
0.1085890867001758
 40
0.1085890867001758
 40
0.1085890867001758
 40
0.1111273240650654
 40
0.1111273240650654
 40
0.1111273240650654
 40
0.1111273240650654
 10
643.2193991178288
 20
8.303752690434784
 30
0.0
 10
642.8860658968025
 20
8.303791388257314
 30
0.0
 10
642.5527325668056
 20
8.303830036573161
 30
0.0
 10
642.2193991289041
 20
8.303868633724809
 30
0.0
  0
SPLINE
  5
722
330
69F
100
AcDbEntity
  8
0
  6
Continuous
 62
     7
370
    25
100
AcDbSpline
210
0.0
220
0.0
230
1.0
 70
     8
 71
     3
 72
     8
 73
     4
 74
     0
 42
0.00000001
 43
0.0000000001
 40
0.0
 40
0.0
 40
0.0
 40
0.0
 40
0.1019896616487307
 40
0.1019896616487307
 40
0.1019896616487307
 40
0.1019896616487307
 10
686.0000000000645
 20
8.298644017538402
 30
0.0
 10
672.6066928696605
 20
8.300247254892088
 30
0.0
 10
659.2131362029572
 20
8.301885049747808
 30
0.0
 10
645.8193991268412
 20
8.303449872179138
 30
0.0
  0
SPLINE
  5
723
330
69F
100
AcDbEntity
  8
0
  6
Continuous
 62
     7
370
    25
100
AcDbSpline
210
0.0
220
0.0
230
1.0
 70
     8
 71
     3
 72
    11
 73
     7
 74
     0
 42
0.00000001
 43
0.0000000001
 40
0.0
 40
0.0
 40
0.0
 40
0.0
 40
0.25
 40
0.5000000000000001
 40
0.75
 40
1.0
 40
1.0
 40
1.0
 40
1.0
 10
395.9999999998992
 20
19.27598054862469
 30
0.0
 10
420.1655496702604
 20
19.22533633069973
 30
0.0
 10
468.4983110764675
 20
19.14227842127272
 30
0.0
 10
540.9999439343266
 20
19.05579732993972
 30
0.0
 10
613.5015983539439
 20
18.9913598744689
 30
0.0
 10
661.8344099848533
 20
18.94883832841384
 30
0.0
 10
686.0000000000645
 20
18.92404066248691
 30
0.0
  0
SPLINE
  5
724
330
69F
100
AcDbEntity
  8
0
  6
Continuous
 62
     7
370
    25
100
AcDbSpline
210
0.0
220
0.0
230
1.0
 70
     8
 71
     3
 72
    10
 73
     6
 74
     0
 42
0.00000001
 43
0.0000000001
 40
0.002000001051294
 40
0.002000001051294
 40
0.002000001051294
 40
0.002000001051294
 40
0.080532057966042
 40
0.080532057966042
 40
0.2920002388616436
 40
0.2920002388616436
 40
0.2920002388616436
 40
0.2920002388616436
 10
2.000000000099968
 20
18.92404066248678
 30
0.0
 10
28.17733852279114
 20
18.9509026962767
 30
0.0
 10
54.35468133246574
 20
18.97344046880035
 30
0.0
 10
151.0213826804028
 20
19.05915602989346
 30
0.0
 10
221.5107677504454
 20
19.12825487765424
 30
0.0
 10
292.0000000002655
 20
19.27598054862469
 30
0.0
  0
SPLINE
  5
725
330
69F
100
AcDbEntity
  8
0
  6
Continuous
 62
     7
370
    25
100
AcDbSpline
210
0.0
220
0.0
230
1.0
 70
     8
 71
     3
 72
     8
 73
     4
 74
     0
 42
0.00000001
 43
0.0000000001
 40
0.2499806015453199
 40
0.2499806015453199
 40
0.2499806015453199
 40
0.2499806015453199
 40
0.2900000008399044
 40
0.2900000008399044
 40
0.2900000008399044
 40
0.2900000008399044
 10
42.01939910782588
 20
8.303435111153161
 30
0.0
 10
28.67959940082938
 20
8.301875447162576
 30
0.0
 10
15.33979970269905
 20
8.300240849880909
 30
0.0
 10
2.000000000099988
 20
8.298644017599999
 30
0.0
  0
SPLINE
  5
726
330
69F
100
AcDbEntity
  8
0
  6
Continuous
 62
     7
370
    25
100
AcDbSpline
210
0.0
220
0.0
230
1.0
 70
     8
 71
     3
 72
     9
 73
     5
 74
     0
 42
0.00000001
 43
0.0000000001
 40
0.0999806014493498
 40
0.0999806014493498
 40
0.0999806014493498
 40
0.0999806014493498
 40
0.1944848299748223
 40
0.2461806015289706
 40
0.2461806015289706
 40
0.2461806015289706
 40
0.2461806015289706
 10
192.0193991078116
 20
8.312864853445711
 30
0.0
 10
160.517989560137
 20
8.31353008847895
 30
0.0
 10
111.7846560688547
 20
8.311116253488432
 30
0.0
 10
63.05132288653547
 20
8.305872707218567
 30
0.0
 10
45.81939910782586
 20
8.303877313648651
 30
0.0
  0
SPLINE
  5
727
330
69F
100
AcDbEntity
  8
0
  6
Continuous
 62
     7
370
    25
100
AcDbSpline
210
0.0
220
0.0
230
1.0
 70
     8
 71
     3
 72
     8
 73
     4
 74
     0
 42
0.00000001
 43
0.0000000001
 40
0.0
 40
0.0
 40
0.0
 40
0.0
 40
0.0961806014607209
 40
0.0961806014607209
 40
0.0961806014607209
 40
0.0961806014607209
 10
292.000000000128
 20
8.302317134265171
 30
0.0
 10
259.9398001534987
 20
8.308724577268728
 30
0.0
 10
227.8795995832224
 20
8.311915024176979
 30
0.0
 10
195.8193991078116
 20
8.312773862040002
 30
0.0
  0
SPLINE
  5
728
330
69F
100
AcDbEntity
  8
0
  6
Continuous
 62
     7
370
    25
100
AcDbSpline
210
0.0
220
0.0
230
1.0
 70
     8
 71
     3
 72
     9
 73
     5
 74
     0
 42
0.00000001
 43
0.0000000001
 40
0.4923612911483952
 40
0.4923612911483952
 40
0.4923612911483952
 40
0.4923612911483952
 40
0.552060737527115
 40
0.7360809833694866
 40
0.7360809833694866
 40
0.7360809833694866
 40
0.7360809833694866
 10
492.019399104739
 20
8.312724803327558
 30
0.0
 10
484.1792247577848
 20
8.312492855251084
 30
0.0
 10
452.1723394603734
 20
8.310940191177726
 30
0.0
 10
420.1666229292331
 20
8.30659650185712
 30
0.0
 10
396.0000000001627
 20
8.302317002765175
 30
0.0
  0
SPLINE
  5
729
330
69F
100
AcDbEntity
  8
0
  6
Continuous
 62
     7
370
    25
100
AcDbSpline
210
0.0
220
0.0
230
1.0
 70
     8
 71
     3
 72
    10
 73
     6
 74
     0
 42
0.00000001
 43
0.0000000001
 40
0.1116349713731485
 40
0.1116349713731485
 40
0.1116349713731485
 40
0.1116349713731485
 40
0.1840202458423716
 40
0.3680404916847433
 40
0.4827161960945002
 40
0.4827161960945002
 40
0.4827161960945002
 40
0.4827161960945002
 10
642.0193991181872
 20
8.303891785855315
 30
0.0
 10
632.5134183745306
 20
8.30499191117923
 30
0.0
 10
598.8407078242129
 20
8.308740462766881
 30
0.0
 10
550.1069544235522
 20
8.312706939657394
 30
0.0
 10
510.8794919155232
 20
8.313180224029107
 30
0.0
 10
495.8193991037679
 20
8.312825817528123
 30
0.0
  0
SPLINE
  5
72A
330
69F
100
AcDbEntity
  8
0
  6
Continuous
 62
     7
370
    25
100
AcDbSpline
210
0.0
220
0.0
230
1.0
 70
     8
 71
     3
 72
     8
 73
     4
 74
     0
 42
0.00000001
 43
0.0000000001
 40
0.4832238322262007
 40
0.4832238322262007
 40
0.4832238322262007
 40
0.4832238322262007
 40
0.4857620136413873
 40
0.4857620136413873
 40
0.4857620136413873
 40
0.4857620136413873
 10
495.6193991054816
 20
8.312821079435092
 30
0.0
 10
495.2860656914758
 20
8.312813130044423
 30
0.0
 10
494.9527323568108
 20
8.31280491772291
 30
0.0
 10
494.6193991032351
 20
8.312796441003772
 30
0.0
  0
SPLINE
  5
72B
330
69F
100
AcDbEntity
  8
0
  6
Continuous
 62
     7
370
    25
100
AcDbSpline
210
0.0
220
0.0
230
1.0
 70
     8
 71
     3
 72
     8
 73
     4
 74
     0
 42
0.00000001
 43
0.0000000001
 40
0.4862696500656122
 40
0.4862696500656122
 40
0.4862696500656122
 40
0.4862696500656122
 40
0.4888078329666238
 40
0.4888078329666238
 40
0.4888078329666238
 40
0.4888078329666238
 10
494.4193991052088
 20
8.312791323231405
 30
0.0
 10
494.0860656890091
 20
8.312782740689492
 30
0.0
 10
493.7527323542485
 20
8.312773893456286
 30
0.0
 10
493.4193991026754
 20
8.312764780065004
 30
0.0
  0
SPLINE
  5
72C
330
69F
100
AcDbEntity
  8
0
  6
Continuous
 62
     7
370
    25
100
AcDbSpline
210
0.0
220
0.0
230
1.0
 70
     8
 71
     3
 72
     8
 73
     4
 74
     0
 42
0.00000001
 43
0.0000000001
 40
0.4893154696910045
 40
0.4893154696910045
 40
0.4893154696910045
 40
0.4893154696910045
 40
0.4918536541162247
 40
0.4918536541162247
 40
0.4918536541162247
 40
0.4918536541162247
 10
493.2193991049245
 20
8.312759280077962
 30
0.0
 10
492.886065686526
 20
8.312750060159212
 30
0.0
 10
492.5527323516652
 20
8.312740573788712
 30
0.0
 10
492.2193991020902
 20
8.312730819499675
 30
0.0
  0
SPLINE
  5
72D
330
69F
100
AcDbEntity
  8
0
  6
Continuous
 62
     7
370
    25
100
AcDbSpline
210
0.0
220
0.0
230
1.0
 70
     8
 71
     3
 72
     8
 73
     4
 74
     0
 42
0.00000001
 43
0.0000000001
 40
0.0963806014601291
 40
0.0963806014601291
 40
0.0963806014601291
 40
0.0963806014601291
 40
0.0973806014570627
 40
0.0973806014570627
 40
0.0973806014570627
 40
0.0973806014570627
 10
195.6193991077716
 20
8.312779189548157
 30
0.0
 10
195.2860657744566
 20
8.312788018710724
 30
0.0
 10
194.9527324411335
 20
8.312796597314957
 30
0.0
 10
194.6193991077999
 20
8.312804926444515
 30
0.0
  0
SPLINE
  5
72E
330
69F
100
AcDbEntity
  8
0
  6
Continuous
 62
     7
370
    25
100
AcDbSpline
210
0.0
220
0.0
230
1.0
 70
     8
 71
     3
 72
     8
 73
     4
 74
     0
 42
0.00000001
 43
0.0000000001
 40
0.0975806014564541
 40
0.0975806014564541
 40
0.0975806014564541
 40
0.0975806014564541
 40
0.0985806014534724
 40
0.0985806014534724
 40
0.0985806014534724
 40
0.0985806014534724
 10
194.4193991078284
 20
8.312809893993991
 30
0.0
 10
194.0860657744915
 20
8.312818123377152
 30
0.0
 10
193.7527324411487
 20
8.312826103502651
 30
0.0
 10
193.4193991078
 20
8.312833835456915
 30
0.0
  0
SPLINE
  5
72F
330
69F
100
AcDbEntity
  8
0
  6
Continuous
 62
     7
370
    25
100
AcDbSpline
210
0.0
220
0.0
230
1.0
 70
     8
 71
     3
 72
     8
 73
     4
 74
     0
 42
0.00000001
 43
0.0000000001
 40
0.098780601452877
 40
0.098780601452877
 40
0.098780601452877
 40
0.098780601452877
 40
0.0997806014499322
 40
0.0997806014499322
 40
0.0997806014499322
 40
0.0997806014499322
 10
193.2193991078
 20
8.312838444857646
 30
0.0
 10
192.8860657744722
 20
8.312846077587005
 30
0.0
 10
192.5527324411387
 20
8.312853462362694
 30
0.0
 10
192.2193991078
 20
8.312860600273943
 30
0.0
  0
SPLINE
  5
730
330
69F
100
AcDbEntity
  8
0
  6
Continuous
 62
     7
370
    25
100
AcDbSpline
210
0.0
220
0.0
230
1.0
 70
     8
 71
     3
 72
     8
 73
     4
 74
     0
 42
0.00000001
 43
0.0000000001
 40
0.2487806015400902
 40
0.2487806015400902
 40
0.2487806015400902
 40
0.2487806015400902
 40
0.2497806015444304
 40
0.2497806015444304
 40
0.2497806015444304
 40
0.2497806015444304
 10
43.21939910780371
 20
8.303575210955576
 30
0.0
 10
42.88606577446361
 20
8.303536351205895
 30
0.0
 10
42.55273244112902
 20
8.303497443404165
 30
0.0
 10
42.2193991078
 20
8.303458489199996
 30
0.0
  0
SPLINE
  5
731
330
69F
100
AcDbEntity
  8
0
  6
Continuous
 62
     7
370
    25
100
AcDbSpline
210
0.0
220
0.0
230
1.0
 70
     8
 71
     3
 72
     8
 73
     4
 74
     0
 42
0.00000001
 43
0.0000000001
 40
0.2475806015349507
 40
0.2475806015349507
 40
0.2475806015349507
 40
0.2475806015349507
 40
0.248580601539228
 40
0.248580601539228
 40
0.248580601539228
 40
0.248580601539228
 10
44.41939910777928
 20
8.303714895601988
 30
0.0
 10
44.0860657744471
 20
8.303676153544973
 30
0.0
 10
43.75273244112078
 20
8.303637361463161
 30
0.0
 10
43.41939910779998
 20
8.303598520999999
 30
0.0
  0
SPLINE
  5
732
330
69F
100
AcDbEntity
  8
0
  6
Continuous
 62
     7
370
    25
100
AcDbSpline
210
0.0
220
0.0
230
1.0
 70
     8
 71
     3
 72
     8
 73
     4
 74
     0
 42
0.00000001
 43
0.0000000001
 40
0.2463806015298247
 40
0.2463806015298247
 40
0.2463806015298247
 40
0.2463806015298247
 40
0.2473806015340952
 40
0.2473806015340952
 40
0.2473806015340952
 40
0.2473806015340952
 10
45.61939910781263
 20
8.303854148049094
 30
0.0
 10
45.2860657744691
 20
8.303815528410442
 30
0.0
 10
44.95273244113171
 20
8.303776856781651
 30
0.0
 10
44.61939910779999
 20
8.303738134799999
 30
0.0
  0
ENDBLK
  5
733
330
69F
100
AcDbEntity
  8
0
100
AcDbBlockEnd
  0
BLOCK
  5
735
330
734
100
AcDbEntity
  8
0
100
AcDbBlockBegin
  2
main_wing_第二横梁右
 70
     0
 10
0.0
 20
0.0
 30
0.0
  3
main_wing_第二横梁右
  1

  0
CIRCLE
  5
736
330
734
100
AcDbEntity
  8
0
  6
Continuous
 62
     7
370
    25
100
AcDbCircle
 10
996.0673448480001
 20
14.2543498977
 30
0.0
 40
2.0
  0
CIRCLE
  5
737
330
734
100
AcDbEntity
  8
0
  6
Continuous
 62
     7
370
    25
100
AcDbCircle
 10
938.2913251721001
 20
14.3940166714
 30
0.0
 40
2.0
  0
CIRCLE
  5
738
330
734
100
AcDbEntity
  8
0
  6
Continuous
 62
     7
370
    25
100
AcDbCircle
 10
1118.6399777227
 20
14.0694359192
 30
0.0
 40
2.0
  0
CIRCLE
  5
739
330
734
100
AcDbEntity
  8
0
  6
Continuous
 62
     7
370
    25
100
AcDbCircle
 10
1064.4043122585
 20
14.0694359192
 30
0.0
 40
2.0
  0
CIRCLE
  5
73A
330
734
100
AcDbEntity
  8
0
  6
Continuous
 62
     7
370
    25
100
AcDbCircle
 10
754.1702152574998
 20
14.6391265469
 30
0.0
 40
2.0
  0
CIRCLE
  5
73B
330
734
100
AcDbEntity
  8
0
  6
Continuous
 62
     7
370
    25
100
AcDbCircle
 10
698.1437424508998
 20
14.7738126864
 30
0.0
 40
2.0
  0
CIRCLE
  5
73C
330
734
100
AcDbEntity
  8
0
  6
Continuous
 62
     7
370
    25
100
AcDbCircle
 10
879.7995259225999
 20
14.5643014218
 30
0.0
 40
2.0
  0
CIRCLE
  5
73D
330
734
100
AcDbEntity
  8
0
  6
Continuous
 62
     7
370
    25
100
AcDbCircle
 10
814.8670517703999
 20
14.5643014218
 30
0.0
 40
2.0
  0
CIRCLE
  5
73E
330
734
100
AcDbEntity
  8
0
  6
Continuous
 62
     7
370
    25
100
AcDbCircle
 10
647.8509730017998
 20
14.7151926429
 30
0.0
 40
2.0
  0
LINE
  5
73F
330
734
100
AcDbEntity
  8
0
  6
Continuous
 62
     7
370
    25
100
AcDbLine
 10
1019.2000000001
 20
7.698316480099999
 30
0.0
 11
1019.2000000001
 21
7.615192642899999
 31
0.0
  0
LINE
  5
740
330
734
100
AcDbEntity
  8
0
  6
Continuous
 62
     7
370
    25
100
AcDbLine
 10
1020.1999999744
 20
7.615192642899999
 30
0.0
 11
1020.1999999744
 21
7.698278606499998
 31
0.0
  0
LINE
  5
741
330
734
100
AcDbEntity
  8
0
  6
Continuous
 62
     7
370
    25
100
AcDbLine
 10
1019.2000000001
 20
7.615192642899999
 30
0.0
 11
1020.1999999744
 21
7.615192642899999
 31
0.0
  0
LINE
  5
742
330
734
100
AcDbEntity
  8
0
  6
Continuous
 62
     7
370
    25
100
AcDbLine
 10
1020.4000000001
 20
7.698271269199999
 30
0.0
 11
1020.4000000001
 21
7.615192642899999
 31
0.0
  0
LINE
  5
743
330
734
100
AcDbEntity
  8
0
  6
Continuous
 62
     7
370
    25
100
AcDbLine
 10
1021.3999999675
 20
7.615192642899999
 30
0.0
 11
1021.3999999675
 21
7.698235777499998
 31
0.0
  0
LINE
  5
744
330
734
100
AcDbEntity
  8
0
  6
Continuous
 62
     7
370
    25
100
AcDbLine
 10
1020.4000000001
 20
7.615192642899999
 30
0.0
 11
1021.3999999675
 21
7.615192642899999
 31
0.0
  0
LINE
  5
745
330
734
100
AcDbEntity
  8
0
  6
Continuous
 62
     7
370
    25
100
AcDbLine
 10
1021.6000000001
 20
7.698228919099998
 30
0.0
 11
1021.6000000001
 21
7.615192642899999
 31
0.0
  0
LINE
  5
746
330
734
100
AcDbEntity
  8
0
  6
Continuous
 62
     7
370
    25
100
AcDbLine
 10
1022.5999999707
 20
7.615192642899999
 30
0.0
 11
1022.5999999707
 21
7.698195834699999
 31
0.0
  0
LINE
  5
747
330
734
100
AcDbEntity
  8
0
  6
Continuous
 62
     7
370
    25
100
AcDbLine
 10
1021.6000000001
 20
7.615192642899999
 30
0.0
 11
1022.5999999707
 21
7.615192642899999
 31
0.0
  0
LINE
  5
748
330
734
100
AcDbEntity
  8
0
  6
Continuous
 62
     7
370
    25
100
AcDbLine
 10
1019.0000000131
 20
0.0
 30
0.0
 11
1019.0000000131
 21
7.698324291199998
 31
0.0
  0
LINE
  5
749
330
734
100
AcDbEntity
  8
0
  6
Continuous
 62
     7
370
    25
100
AcDbLine
 10
1019.0000000131
 20
0.0
 30
0.0
 11
1023.0000000131
 21
0.0
 31
0.0
  0
LINE
  5
74A
330
734
100
AcDbEntity
  8
0
  6
Continuous
 62
     7
370
    25
100
AcDbLine
 10
1023.0000000131
 20
0.0
 30
0.0
 11
1023.0000000131
 21
7.615192642899999
 31
0.0
  0
LINE
  5
74B
330
734
100
AcDbEntity
  8
0
  6
Continuous
 62
     7
370
    25
100
AcDbLine
 10
1022.8000000131
 20
7.615192642899999
 30
0.0
 11
1023.0000000131
 21
7.615192642899999
 31
0.0
  0
LINE
  5
74C
330
734
100
AcDbEntity
  8
0
  6
Continuous
 62
     7
370
    25
100
AcDbLine
 10
1022.8000000131
 20
7.6981894603
 30
0.0
 11
1022.8000000131
 21
7.615192642899999
 31
0.0
  0
LINE
  5
74D
330
734
100
AcDbEntity
  8
0
  6
Continuous
 62
     7
370
    25
100
AcDbLine
 10
1028.9999999972
 20
7.698032816599998
 30
0.0
 11
1028.9999999972
 21
14.2543498977
 31
0.0
  0
LINE
  5
74E
330
734
100
AcDbEntity
  8
0
  6
Continuous
 62
     7
370
    25
100
AcDbLine
 10
1028.9999999972
 20
14.2543498977
 30
0.0
 11
1030.9999999986
 21
14.2543498977
 31
0.0
  0
LINE
  5
74F
330
734
100
AcDbEntity
  8
0
  6
Continuous
 62
     7
370
    25
100
AcDbLine
 10
1030.9999999986
 20
14.2543498977
 30
0.0
 11
1030.9999999986
 21
7.6979996562
 31
0.0
  0
LINE
  5
750
330
734
100
AcDbEntity
  8
0
  6
Continuous
 62
     7
370
    25
100
AcDbLine
 10
1096.9999999986
 20
7.7027869995
 30
0.0
 11
1096.9999999986
 21
14.0694359192
 31
0.0
  0
LINE
  5
751
330
734
100
AcDbEntity
  8
0
  6
Continuous
 62
     7
370
    25
100
AcDbLine
 10
1096.9999999986
 20
14.0694359192
 30
0.0
 11
1099.0
 21
14.0694359192
 31
0.0
  0
LINE
  5
752
330
734
100
AcDbEntity
  8
0
  6
Continuous
 62
     7
370
    25
100
AcDbLine
 10
1099.0
 20
14.0694359192
 30
0.0
 11
1099.0
 21
7.703143585299998
 31
0.0
  0
LINE
  5
753
330
734
100
AcDbEntity
  8
0
  6
Continuous
 62
     7
370
    25
100
AcDbLine
 10
1139.9999999999
 20
7.7139230727
 30
0.0
 11
1139.9999999999
 21
10.7139230727
 31
0.0
  0
LINE
  5
754
330
734
100
AcDbEntity
  8
0
  6
Continuous
 62
     7
370
    25
100
AcDbLine
 10
1139.9999999999
 20
10.7139230727
 30
0.0
 11
1141.9999999999
 21
10.7139230727
 31
0.0
  0
LINE
  5
755
330
734
100
AcDbEntity
  8
0
  6
Continuous
 62
     7
370
    25
100
AcDbLine
 10
1141.9999999999
 20
10.7139230727
 30
0.0
 11
1141.9999999999
 21
16.7139230727
 31
0.0
  0
LINE
  5
756
330
734
100
AcDbEntity
  8
0
  6
Continuous
 62
     7
370
    25
100
AcDbLine
 10
1141.9999999999
 20
16.7139230727
 30
0.0
 11
1139.9999999999
 21
16.7139230727
 31
0.0
  0
LINE
  5
757
330
734
100
AcDbEntity
  8
0
  6
Continuous
 62
     7
370
    25
100
AcDbLine
 10
1139.9999999999
 20
16.7139230727
 30
0.0
 11
1139.9999999999
 21
20.1327918098
 31
0.0
  0
LINE
  5
758
330
734
100
AcDbEntity
  8
0
  6
Continuous
 62
     7
370
    25
100
AcDbLine
 10
625.0
 20
21.9616019211
 30
0.0
 11
625.0
 21
14.7151926429
 31
0.0
  0
LINE
  5
759
330
734
100
AcDbEntity
  8
0
  6
Continuous
 62
     7
370
    25
100
AcDbLine
 10
625.0
 20
14.7151926429
 30
0.0
 11
623.0
 21
14.7151926429
 31
0.0
  0
LINE
  5
75A
330
734
100
AcDbEntity
  8
0
  6
Continuous
 62
     7
370
    25
100
AcDbLine
 10
623.0
 20
14.7151926429
 30
0.0
 11
623.0
 21
21.9616019211
 31
0.0
  0
LINE
  5
75B
330
734
100
AcDbEntity
  8
0
  6
Continuous
 62
     7
370
    25
100
AcDbLine
 10
623.0
 20
21.9616019211
 30
0.0
 11
571.0
 21
21.9616019211
 31
0.0
  0
LINE
  5
75C
330
734
100
AcDbEntity
  8
0
  6
Continuous
 62
     7
370
    18
100
AcDbLine
 10
573.0
 20
18.9616019211
 30
0.0
 11
577.0
 21
18.9616019211
 31
0.0
  0
LINE
  5
75D
330
734
100
AcDbEntity
  8
0
  6
Continuous
 62
     7
370
    18
100
AcDbLine
 10
573.0
 20
18.9616019211
 30
0.0
 11
573.0
 21
16.96160192109999
 31
0.0
  0
LINE
  5
75E
330
734
100
AcDbEntity
  8
0
  6
Continuous
 62
     7
370
    18
100
AcDbLine
 10
573.0
 20
16.96160192109999
 30
0.0
 11
577.0
 21
16.96160192109999
 31
0.0
  0
LINE
  5
75F
330
734
100
AcDbEntity
  8
0
  6
Continuous
 62
     7
370
    18
100
AcDbLine
 10
577.0
 20
18.9616019211
 30
0.0
 11
577.0
 21
16.96160192109999
 31
0.0
  0
LINE
  5
760
330
734
100
AcDbEntity
  8
0
  6
Continuous
 62
     7
370
    18
100
AcDbLine
 10
573.0
 20
12.9616019211
 30
0.0
 11
577.0
 21
12.9616019211
 31
0.0
  0
LINE
  5
761
330
734
100
AcDbEntity
  8
0
  6
Continuous
 62
     7
370
    18
100
AcDbLine
 10
573.0
 20
12.9616019211
 30
0.0
 11
573.0
 21
10.9616019211
 31
0.0
  0
LINE
  5
762
330
734
100
AcDbEntity
  8
0
  6
Continuous
 62
     7
370
    18
100
AcDbLine
 10
573.0
 20
10.9616019211
 30
0.0
 11
577.0
 21
10.9616019211
 31
0.0
  0
LINE
  5
763
330
734
100
AcDbEntity
  8
0
  6
Continuous
 62
     7
370
    18
100
AcDbLine
 10
577.0
 20
12.9616019211
 30
0.0
 11
577.0
 21
10.9616019211
 31
0.0
  0
LINE
  5
764
330
734
100
AcDbEntity
  8
0
  6
Continuous
 62
     7
370
    25
100
AcDbLine
 10
122.8000000028
 20
7.615192642899999
 30
0.0
 11
123.0000000028
 21
7.615192642899999
 31
0.0
  0
LINE
  5
765
330
734
100
AcDbEntity
  8
0
  6
Continuous
 62
     7
370
    25
100
AcDbLine
 10
122.8000000028
 20
7.6983170196
 30
0.0
 11
122.8000000028
 21
7.615192642899999
 31
0.0
  0
LINE
  5
766
330
734
100
AcDbEntity
  8
0
  6
Continuous
 62
     7
370
    25
100
AcDbLine
 10
272.8000000028
 20
7.7166847686
 30
0.0
 11
272.8000000028
 21
7.615192642899999
 31
0.0
  0
LINE
  5
767
330
734
100
AcDbEntity
  8
0
  6
Continuous
 62
     7
370
    25
100
AcDbLine
 10
422.8000000028
 20
7.615192642799998
 30
0.0
 11
423.0000000028
 21
7.615192642799998
 31
0.0
  0
LINE
  5
768
330
734
100
AcDbEntity
  8
0
  6
Continuous
 62
     7
370
    25
100
AcDbLine
 10
422.8000000028
 20
7.7281609596
 30
0.0
 11
422.8000000028
 21
7.615192642799998
 31
0.0
  0
LINE
  5
769
330
734
100
AcDbEntity
  8
0
  6
Continuous
 62
     7
370
    25
100
AcDbLine
 10
569.0000000029
 20
7.715192642799998
 30
0.0
 11
569.0000000029
 21
7.7153209699
 31
0.0
  0
LINE
  5
76A
330
734
100
AcDbEntity
  8
0
  6
Continuous
 62
     7
370
    25
100
AcDbLine
 10
571.0
 20
0.0
 30
0.0
 11
573.0
 21
0.0
 31
0.0
  0
LINE
  5
76B
330
734
100
AcDbEntity
  8
0
  6
Continuous
 62
     7
370
    25
100
AcDbLine
 10
573.0
 20
0.0
 30
0.0
 11
573.0
 21
7.615192642899999
 31
0.0
  0
LINE
  5
76C
330
734
100
AcDbEntity
  8
0
  6
Continuous
 62
     7
370
    25
100
AcDbLine
 10
572.7999999999998
 20
7.615192642899999
 30
0.0
 11
573.0
 21
7.615192642899999
 31
0.0
  0
LINE
  5
76D
330
734
100
AcDbEntity
  8
0
  6
Continuous
 62
     7
370
    25
100
AcDbLine
 10
572.7999999999998
 20
7.7153206158
 30
0.0
 11
572.7999999999998
 21
7.615192642899999
 31
0.0
  0
LINE
  5
76E
330
734
100
AcDbEntity
  8
0
  6
Continuous
 62
     7
370
    25
100
AcDbLine
 10
572.8000000014
 20
7.715192642899999
 30
0.0
 11
625.0000000001
 21
7.715192642899999
 31
0.0
  0
LINE
  5
76F
330
734
100
AcDbEntity
  8
0
  6
Continuous
 62
     7
370
    25
100
AcDbLine
 10
671.0
 20
7.724117765299998
 30
0.0
 11
671.0
 21
14.7738126864
 31
0.0
  0
LINE
  5
770
330
734
100
AcDbEntity
  8
0
  6
Continuous
 62
     7
370
    25
100
AcDbLine
 10
671.0
 20
14.7738126864
 30
0.0
 11
673.0
 21
14.7738126864
 31
0.0
  0
LINE
  5
771
330
734
100
AcDbEntity
  8
0
  6
Continuous
 62
     7
370
    25
100
AcDbLine
 10
673.0
 20
14.7738126864
 30
0.0
 11
673.0
 21
7.724387654299999
 31
0.0
  0
LINE
  5
772
330
734
100
AcDbEntity
  8
0
  6
Continuous
 62
     7
370
    25
100
AcDbLine
 10
719.0
 20
0.0
 30
0.0
 11
719.0
 21
7.7281541436
 31
0.0
  0
LINE
  5
773
330
734
100
AcDbEntity
  8
0
  6
Continuous
 62
     7
370
    25
100
AcDbLine
 10
719.0
 20
0.0
 30
0.0
 11
723.0
 21
0.0
 31
0.0
  0
LINE
  5
774
330
734
100
AcDbEntity
  8
0
  6
Continuous
 62
     7
370
    25
100
AcDbLine
 10
723.0
 20
0.0
 30
0.0
 11
723.0
 21
7.615192642899999
 31
0.0
  0
LINE
  5
775
330
734
100
AcDbEntity
  8
0
  6
Continuous
 62
     7
370
    25
100
AcDbLine
 10
722.7999999999998
 20
7.615192642899999
 30
0.0
 11
723.0
 21
7.615192642899999
 31
0.0
  0
LINE
  5
776
330
734
100
AcDbEntity
  8
0
  6
Continuous
 62
     7
370
    25
100
AcDbLine
 10
722.7999999999998
 20
7.728269756
 30
0.0
 11
722.7999999999998
 21
7.615192642899999
 31
0.0
  0
LINE
  5
777
330
734
100
AcDbEntity
  8
0
  6
Continuous
 62
     7
370
    25
100
AcDbLine
 10
723.9999999935998
 20
7.728300492999999
 30
0.0
 11
723.9999999935998
 21
14.7071178425
 31
0.0
  0
LINE
  5
778
330
734
100
AcDbEntity
  8
0
  6
Continuous
 62
     7
370
    25
100
AcDbLine
 10
723.9999999935998
 20
14.7071178425
 30
0.0
 11
725.9999999936
 21
14.7071178425
 31
0.0
  0
LINE
  5
779
330
734
100
AcDbEntity
  8
0
  6
Continuous
 62
     7
370
    25
100
AcDbLine
 10
725.9999999936
 20
14.7071178425
 30
0.0
 11
725.9999999936
 21
7.7283456346
 31
0.0
  0
LINE
  5
77A
330
734
100
AcDbEntity
  8
0
  6
Continuous
 62
     7
370
    25
100
AcDbLine
 10
781.9999999935999
 20
7.726814358099999
 30
0.0
 11
781.9999999935999
 21
14.639126547
 31
0.0
  0
LINE
  5
77B
330
734
100
AcDbEntity
  8
0
  6
Continuous
 62
     7
370
    25
100
AcDbLine
 10
781.9999999935999
 20
14.639126547
 30
0.0
 11
783.9999999936
 21
14.639126547
 31
0.0
  0
LINE
  5
77C
330
734
100
AcDbEntity
  8
0
  6
Continuous
 62
     7
370
    25
100
AcDbLine
 10
783.9999999936
 20
14.639126547
 30
0.0
 11
783.9999999936
 21
7.7266707494
 31
0.0
  0
LINE
  5
77D
330
734
100
AcDbEntity
  8
0
  6
Continuous
 62
     7
370
    25
100
AcDbLine
 10
844.9999999936
 20
7.720117123799998
 30
0.0
 11
844.9999999936
 21
14.5643014219
 31
0.0
  0
LINE
  5
77E
330
734
100
AcDbEntity
  8
0
  6
Continuous
 62
     7
370
    25
100
AcDbLine
 10
844.9999999936
 20
14.5643014219
 30
0.0
 11
846.9999999936
 21
14.5643014219
 31
0.0
  0
LINE
  5
77F
330
734
100
AcDbEntity
  8
0
  6
Continuous
 62
     7
370
    25
100
AcDbLine
 10
846.9999999936
 20
14.5643014219
 30
0.0
 11
846.9999999936
 21
7.719845957499998
 31
0.0
  0
LINE
  5
780
330
734
100
AcDbEntity
  8
0
  6
Continuous
 62
     7
370
    25
100
AcDbLine
 10
869.0000000000999
 20
0.0
 30
0.0
 11
869.0000000000999
 21
7.716682915199998
 31
0.0
  0
LINE
  5
781
330
734
100
AcDbEntity
  8
0
  6
Continuous
 62
     7
370
    25
100
AcDbLine
 10
869.0000000000999
 20
0.0
 30
0.0
 11
873.0000000000998
 21
0.0
 31
0.0
  0
LINE
  5
782
330
734
100
AcDbEntity
  8
0
  6
Continuous
 62
     7
370
    25
100
AcDbLine
 10
873.0000000000998
 20
0.0
 30
0.0
 11
873.0000000000998
 21
7.615192642899999
 31
0.0
  0
LINE
  5
783
330
734
100
AcDbEntity
  8
0
  6
Continuous
 62
     7
370
    25
100
AcDbLine
 10
872.8000000000999
 20
7.615192642899999
 30
0.0
 11
873.0000000000998
 21
7.615192642899999
 31
0.0
  0
LINE
  5
784
330
734
100
AcDbEntity
  8
0
  6
Continuous
 62
     7
370
    25
100
AcDbLine
 10
872.8000000000999
 20
7.716118962699998
 30
0.0
 11
872.8000000000999
 21
7.615192642899999
 31
0.0
  0
LINE
  5
785
330
734
100
AcDbEntity
  8
0
  6
Continuous
 62
     7
370
    25
100
AcDbLine
 10
913.0000000130999
 20
7.710049649199999
 30
0.0
 11
913.0000000130999
 21
14.4723128564
 31
0.0
  0
LINE
  5
786
330
734
100
AcDbEntity
  8
0
  6
Continuous
 62
     7
370
    25
100
AcDbLine
 10
913.0000000130999
 20
14.4723128564
 30
0.0
 11
915.0000000130999
 21
14.4723128564
 31
0.0
  0
LINE
  5
787
330
734
100
AcDbEntity
  8
0
  6
Continuous
 62
     7
370
    25
100
AcDbLine
 10
915.0000000130999
 20
14.4723128564
 30
0.0
 11
915.0000000130999
 21
7.709747894099998
 31
0.0
  0
LINE
  5
788
330
734
100
AcDbEntity
  8
0
  6
Continuous
 62
     7
370
    25
100
AcDbLine
 10
961.0000000131
 20
7.703324297999999
 30
0.0
 11
961.0000000131
 21
14.3940166714
 31
0.0
  0
LINE
  5
789
330
734
100
AcDbEntity
  8
0
  6
Continuous
 62
     7
370
    25
100
AcDbLine
 10
961.0000000131
 20
14.3940166714
 30
0.0
 11
963.0000000130999
 21
14.3940166714
 31
0.0
  0
LINE
  5
78A
330
734
100
AcDbEntity
  8
0
  6
Continuous
 62
     7
370
    25
100
AcDbLine
 10
963.0000000130999
 20
14.3940166714
 30
0.0
 11
963.0000000130999
 21
7.703079708699998
 31
0.0
  0
LINE
  5
78B
330
734
100
AcDbEntity
  8
0
  6
Continuous
 62
     7
370
    25
100
AcDbLine
 10
869.2000000001
 20
7.7166533197
 30
0.0
 11
869.2000000001
 21
7.615192642899999
 31
0.0
  0
LINE
  5
78C
330
734
100
AcDbEntity
  8
0
  6
Continuous
 62
     7
370
    25
100
AcDbLine
 10
870.2000000001
 20
7.615192642899999
 30
0.0
 11
870.2000000001
 21
7.716505193099999
 31
0.0
  0
LINE
  5
78D
330
734
100
AcDbEntity
  8
0
  6
Continuous
 62
     7
370
    25
100
AcDbLine
 10
869.2000000001
 20
7.615192642899999
 30
0.0
 11
870.2000000001
 21
7.615192642899999
 31
0.0
  0
LINE
  5
78E
330
734
100
AcDbEntity
  8
0
  6
Continuous
 62
     7
370
    25
100
AcDbLine
 10
870.4000000000998
 20
7.7164755386
 30
0.0
 11
870.4000000000998
 21
7.615192642899999
 31
0.0
  0
LINE
  5
78F
330
734
100
AcDbEntity
  8
0
  6
Continuous
 62
     7
370
    25
100
AcDbLine
 10
871.4000000000998
 20
7.615192642899999
 30
0.0
 11
871.4000000000998
 21
7.7163271245
 31
0.0
  0
LINE
  5
790
330
734
100
AcDbEntity
  8
0
  6
Continuous
 62
     7
370
    25
100
AcDbLine
 10
870.4000000000998
 20
7.615192642899999
 30
0.0
 11
871.4000000000998
 21
7.615192642899999
 31
0.0
  0
LINE
  5
791
330
734
100
AcDbEntity
  8
0
  6
Continuous
 62
     7
370
    25
100
AcDbLine
 10
871.6000000000999
 20
7.716297413899998
 30
0.0
 11
871.6000000000999
 21
7.615192642899999
 31
0.0
  0
LINE
  5
792
330
734
100
AcDbEntity
  8
0
  6
Continuous
 62
     7
370
    25
100
AcDbLine
 10
872.6000000000999
 20
7.615192642899999
 30
0.0
 11
872.6000000000999
 21
7.7161487265
 31
0.0
  0
LINE
  5
793
330
734
100
AcDbEntity
  8
0
  6
Continuous
 62
     7
370
    25
100
AcDbLine
 10
871.6000000000999
 20
7.615192642899999
 30
0.0
 11
872.6000000000999
 21
7.615192642899999
 31
0.0
  0
LINE
  5
794
330
734
100
AcDbEntity
  8
0
  6
Continuous
 62
     7
370
    25
100
AcDbLine
 10
719.2000000001
 20
7.7281609259
 30
0.0
 11
719.2000000001
 21
7.615192642899999
 31
0.0
  0
LINE
  5
795
330
734
100
AcDbEntity
  8
0
  6
Continuous
 62
     7
370
    25
100
AcDbLine
 10
720.1999999992
 20
7.615192642899999
 30
0.0
 11
720.1999999992
 21
7.7281936708
 31
0.0
  0
LINE
  5
796
330
734
100
AcDbEntity
  8
0
  6
Continuous
 62
     7
370
    25
100
AcDbLine
 10
719.2000000001
 20
7.615192642899999
 30
0.0
 11
720.1999999992
 21
7.615192642899999
 31
0.0
  0
LINE
  5
797
330
734
100
AcDbEntity
  8
0
  6
Continuous
 62
     7
370
    25
100
AcDbLine
 10
720.4000000000998
 20
7.728199987
 30
0.0
 11
720.4000000000998
 21
7.615192642899999
 31
0.0
  0
LINE
  5
798
330
734
100
AcDbEntity
  8
0
  6
Continuous
 62
     7
370
    25
100
AcDbLine
 10
721.4000000102
 20
7.615192642899999
 30
0.0
 11
721.4000000102
 21
7.728230406599998
 31
0.0
  0
LINE
  5
799
330
734
100
AcDbEntity
  8
0
  6
Continuous
 62
     7
370
    25
100
AcDbLine
 10
720.4000000000998
 20
7.615192642899999
 30
0.0
 11
721.4000000102
 21
7.615192642899999
 31
0.0
  0
LINE
  5
79A
330
734
100
AcDbEntity
  8
0
  6
Continuous
 62
     7
370
    25
100
AcDbLine
 10
721.6000000000999
 20
7.728236258799999
 30
0.0
 11
721.6000000000999
 21
7.615192642899999
 31
0.0
  0
LINE
  5
79B
330
734
100
AcDbEntity
  8
0
  6
Continuous
 62
     7
370
    25
100
AcDbLine
 10
722.6000000068999
 20
7.615192642899999
 30
0.0
 11
722.6000000068999
 21
7.728264365199998
 31
0.0
  0
LINE
  5
79C
330
734
100
AcDbEntity
  8
0
  6
Continuous
 62
     7
370
    25
100
AcDbLine
 10
721.6000000000999
 20
7.615192642899999
 30
0.0
 11
722.6000000068999
 21
7.615192642899999
 31
0.0
  0
LINE
  5
79D
330
734
100
AcDbEntity
  8
0
  6
Continuous
 62
     7
370
    25
100
AcDbLine
 10
569.2000000001
 20
7.7153206158
 30
0.0
 11
569.2000000001
 21
7.715192642899999
 31
0.0
  0
LINE
  5
79E
330
734
100
AcDbEntity
  8
0
  6
Continuous
 62
     7
370
    25
100
AcDbLine
 10
570.2000000001
 20
7.715192642899999
 30
0.0
 11
570.2000000001
 21
7.7153193649
 31
0.0
  0
LINE
  5
79F
330
734
100
AcDbEntity
  8
0
  6
Continuous
 62
     7
370
    25
100
AcDbLine
 10
571.0
 20
7.715192642899999
 30
0.0
 11
571.4000000001
 21
7.715192642899999
 31
0.0
  0
LINE
  5
7A0
330
734
100
AcDbEntity
  8
0
  6
Continuous
 62
     7
370
    25
100
AcDbLine
 10
571.4000000001
 20
7.615192642899999
 30
0.0
 11
571.4000000001
 21
7.715319123799998
 31
0.0
  0
LINE
  5
7A1
330
734
100
AcDbEntity
  8
0
  6
Continuous
 62
     7
370
    25
100
AcDbLine
 10
571.0
 20
7.615192642899999
 30
0.0
 11
571.4000000001
 21
7.615192642899999
 31
0.0
  0
LINE
  5
7A2
330
734
100
AcDbEntity
  8
0
  6
Continuous
 62
     7
370
    25
100
AcDbLine
 10
571.6000000001001
 20
7.715319224899999
 30
0.0
 11
571.6000000001001
 21
7.615192642899999
 31
0.0
  0
LINE
  5
7A3
330
734
100
AcDbEntity
  8
0
  6
Continuous
 62
     7
370
    25
100
AcDbLine
 10
571.6000000001001
 20
7.715192642899999
 30
0.0
 11
572.6000000001
 21
7.715192642899999
 31
0.0
  0
LINE
  5
7A4
330
734
100
AcDbEntity
  8
0
  6
Continuous
 62
     7
370
    25
100
AcDbLine
 10
572.6000000001
 20
7.615192642899999
 30
0.0
 11
572.6000000001
 21
7.715320295199998
 31
0.0
  0
LINE
  5
7A5
330
734
100
AcDbEntity
  8
0
  6
Continuous
 62
     7
370
    25
100
AcDbLine
 10
571.6000000001001
 20
7.615192642899999
 30
0.0
 11
572.6000000001
 21
7.615192642899999
 31
0.0
  0
LINE
  5
7A6
330
734
100
AcDbEntity
  8
0
  6
Continuous
 62
     7
370
    25
100
AcDbLine
 10
422.6000000001
 20
7.615192642899999
 30
0.0
 11
422.6000000001
 21
7.728167661699999
 31
0.0
  0
LINE
  5
7A7
330
734
100
AcDbEntity
  8
0
  6
Continuous
 62
     7
370
    25
100
AcDbLine
 10
421.6000000001
 20
7.728200007
 30
0.0
 11
421.6000000001
 21
7.615192642899999
 31
0.0
  0
LINE
  5
7A8
330
734
100
AcDbEntity
  8
0
  6
Continuous
 62
     7
370
    25
100
AcDbLine
 10
421.4000000001
 20
7.615192642899999
 30
0.0
 11
421.4000000001
 21
7.728206243599998
 31
0.0
  0
LINE
  5
7A9
330
734
100
AcDbEntity
  8
0
  6
Continuous
 62
     7
370
    25
100
AcDbLine
 10
420.4000000001
 20
7.7282362682
 30
0.0
 11
420.4000000001
 21
7.615192642899999
 31
0.0
  0
LINE
  5
7AA
330
734
100
AcDbEntity
  8
0
  6
Continuous
 62
     7
370
    25
100
AcDbLine
 10
420.2000000001
 20
7.615192642899999
 30
0.0
 11
420.2000000001
 21
7.7282420419
 31
0.0
  0
LINE
  5
7AB
330
734
100
AcDbEntity
  8
0
  6
Continuous
 62
     7
370
    25
100
AcDbLine
 10
419.2000000001
 20
7.7282697584
 30
0.0
 11
419.2000000001
 21
7.615192642899999
 31
0.0
  0
LINE
  5
7AC
330
734
100
AcDbEntity
  8
0
  6
Continuous
 62
     7
370
    25
100
AcDbLine
 10
272.6000000001
 20
7.615192642899999
 30
0.0
 11
272.6000000001
 21
7.716655252299998
 31
0.0
  0
LINE
  5
7AD
330
734
100
AcDbEntity
  8
0
  6
Continuous
 62
     7
370
    25
100
AcDbLine
 10
271.6000000001
 20
7.615192642899999
 30
0.0
 11
272.6000000001
 21
7.615192642899999
 31
0.0
  0
LINE
  5
7AE
330
734
100
AcDbEntity
  8
0
  6
Continuous
 62
     7
370
    25
100
AcDbLine
 10
271.6000000001
 20
7.7165074516
 30
0.0
 11
271.6000000001
 21
7.615192642899999
 31
0.0
  0
LINE
  5
7AF
330
734
100
AcDbEntity
  8
0
  6
Continuous
 62
     7
370
    25
100
AcDbLine
 10
271.4000000001
 20
7.615192642899999
 30
0.0
 11
271.4000000001
 21
7.7164778484
 31
0.0
  0
LINE
  5
7B0
330
734
100
AcDbEntity
  8
0
  6
Continuous
 62
     7
370
    25
100
AcDbLine
 10
270.4000000001
 20
7.716329622
 30
0.0
 11
270.4000000001
 21
7.615192642899999
 31
0.0
  0
LINE
  5
7B1
330
734
100
AcDbEntity
  8
0
  6
Continuous
 62
     7
370
    25
100
AcDbLine
 10
270.2000000001
 20
7.615192642899999
 30
0.0
 11
270.2000000001
 21
7.716299935399999
 31
0.0
  0
LINE
  5
7B2
330
734
100
AcDbEntity
  8
0
  6
Continuous
 62
     7
370
    25
100
AcDbLine
 10
269.2000000001
 20
7.716151301699999
 30
0.0
 11
269.2000000001
 21
7.615192642899999
 31
0.0
  0
LINE
  5
7B3
330
734
100
AcDbEntity
  8
0
  6
Continuous
 62
     7
370
    25
100
AcDbLine
 10
122.6000000001
 20
7.615192642899999
 30
0.0
 11
122.6000000001
 21
7.6983092689
 31
0.0
  0
LINE
  5
7B4
330
734
100
AcDbEntity
  8
0
  6
Continuous
 62
     7
370
    25
100
AcDbLine
 10
121.6000000001
 20
7.6982717024
 30
0.0
 11
121.6000000001
 21
7.615192642899999
 31
0.0
  0
LINE
  5
7B5
330
734
100
AcDbEntity
  8
0
  6
Continuous
 62
     7
370
    25
100
AcDbLine
 10
121.4000000001
 20
7.615192642899999
 30
0.0
 11
121.4000000001
 21
7.698264427499998
 31
0.0
  0
LINE
  5
7B6
330
734
100
AcDbEntity
  8
0
  6
Continuous
 62
     7
370
    25
100
AcDbLine
 10
120.4000000001
 20
7.615192642899999
 30
0.0
 11
121.4000000001
 21
7.615192642899999
 31
0.0
  0
LINE
  5
7B7
330
734
100
AcDbEntity
  8
0
  6
Continuous
 62
     7
370
    25
100
AcDbLine
 10
120.4000000001
 20
7.6982292533
 30
0.0
 11
120.4000000001
 21
7.615192642899999
 31
0.0
  0
LINE
  5
7B8
330
734
100
AcDbEntity
  8
0
  6
Continuous
 62
     7
370
    25
100
AcDbLine
 10
120.2000000001
 20
7.615192642899999
 30
0.0
 11
120.2000000001
 21
7.6982224595
 31
0.0
  0
LINE
  5
7B9
330
734
100
AcDbEntity
  8
0
  6
Continuous
 62
     7
370
    25
100
AcDbLine
 10
119.2000000001
 20
7.615192642899999
 30
0.0
 11
120.2000000001
 21
7.615192642899999
 31
0.0
  0
LINE
  5
7BA
330
734
100
AcDbEntity
  8
0
  6
Continuous
 62
     7
370
    25
100
AcDbLine
 10
119.2000000001
 20
7.6981897046
 30
0.0
 11
119.2000000001
 21
7.615192642899999
 31
0.0
  0
LINE
  5
7BB
330
734
100
AcDbEntity
  8
0
  6
Continuous
 62
     7
370
    18
100
AcDbLine
 10
571.0
 20
21.9616019211
 30
0.0
 11
571.0
 21
0.0
 31
0.0
  0
SPLINE
  5
7BC
330
734
100
AcDbEntity
  8
0
  6
Continuous
 62
     7
370
    25
100
AcDbSpline
210
0.0
220
0.0
230
1.0
 70
     8
 71
     3
 72
     8
 73
     4
 74
     0
 42
0.00000001
 43
0.0000000001
 40
0.8515151519081236
 40
0.8515151519081236
 40
0.8515151519081236
 40
0.8515151519081236
 40
0.8666666666613112
 40
0.8666666666613112
 40
0.8666666666613112
 40
0.8666666666613112
 10
1019.2000000001
 20
7.698316480099999
 30
0.0
 10
1019.533333324874
 20
7.698303527035053
 30
0.0
 10
1019.866666649631
 20
7.698290901528786
 30
0.0
 10
1020.19999997437
 20
7.698278606535388
 30
0.0
  0
SPLINE
  5
7BD
330
734
100
AcDbEntity
  8
0
  6
Continuous
 62
     7
370
    25
100
AcDbSpline
210
0.0
220
0.0
230
1.0
 70
     8
 71
     3
 72
     8
 73
     4
 74
     0
 42
0.00000001
 43
0.0000000001
 40
0.8696969701845381
 40
0.8696969701845381
 40
0.8696969701845381
 40
0.8696969701845381
 40
0.8848484848350977
 40
0.8848484848350977
 40
0.8848484848350977
 40
0.8848484848350977
 10
1020.4000000001
 20
7.698271269199999
 30
0.0
 10
1020.733333322575
 20
7.698259106530027
 30
0.0
 10
1021.066666645031
 20
7.698247274963759
 30
0.0
 10
1021.399999967468
 20
7.698235777455386
 30
0.0
  0
SPLINE
  5
7BE
330
734
100
AcDbEntity
  8
0
  6
Continuous
 62
     7
370
    25
100
AcDbSpline
210
0.0
220
0.0
230
1.0
 70
     8
 71
     3
 72
     8
 73
     4
 74
     0
 42
0.00000001
 43
0.0000000001
 40
0.8878787883090065
 40
0.8878787883090065
 40
0.8878787883090065
 40
0.8878787883090065
 40
0.9030303030113879
 40
0.9030303030113879
 40
0.9030303030113879
 40
0.9030303030113879
 10
1021.6000000001
 20
7.698228919099998
 30
0.0
 10
1021.93333332367
 20
7.698217555332937
 30
0.0
 10
1022.26666664722
 20
7.698206526214613
 30
0.0
 10
1022.59999997075
 20
7.698195834699213
 30
0.0
  0
SPLINE
  5
7BF
330
734
100
AcDbEntity
  8
0
  6
Continuous
 62
     7
370
    25
100
AcDbSpline
210
0.0
220
0.0
230
1.0
 70
     8
 71
     3
 72
     8
 73
     4
 74
     0
 42
0.00000001
 43
0.0000000001
 40
0.0
 40
0.0
 40
0.0
 40
0.0
 40
0.8484848484898639
 40
0.8484848484898639
 40
0.8484848484898639
 40
0.8484848484898639
 10
963.0000000130548
 20
7.703079708696326
 30
0.0
 10
981.6666666041472
 20
7.700815067156081
 30
0.0
 10
1000.333333334558
 20
7.699056993595756
 30
0.0
 10
1019.00000001312
 20
7.698324291241267
 30
0.0
  0
SPLINE
  5
7C0
330
734
100
AcDbEntity
  8
0
  6
Continuous
 62
     7
370
    25
100
AcDbSpline
210
0.0
220
0.0
230
1.0
 70
     8
 71
     3
 72
     8
 73
     4
 74
     0
 42
0.00000001
 43
0.0000000001
 40
0.9060606062817827
 40
0.9060606062817827
 40
0.9060606062817827
 40
0.9060606062817827
 40
1.0
 40
1.0
 40
1.0
 40
1.0
 10
1022.80000001312
 20
7.698189460296844
 30
0.0
 10
1024.86666667535
 20
7.698124010887577
 30
0.0
 10
1026.933333336784
 20
7.698071561647357
 30
0.0
 10
1028.999999997165
 20
7.698032816642632
 30
0.0
  0
SPLINE
  5
7C1
330
734
100
AcDbEntity
  8
0
  6
Continuous
 62
     7
370
    25
100
AcDbSpline
210
0.0
220
0.0
230
1.0
 70
     8
 71
     3
 72
     8
 73
     4
 74
     0
 42
0.00000001
 43
0.0000000001
 40
0.0
 40
0.0
 40
0.0
 40
0.0
 40
1.0
 40
1.0
 40
1.0
 40
1.0
 10
1030.999999998565
 20
7.697999656167866
 30
0.0
 10
1053.000000231152
 20
7.697682853284317
 30
0.0
 10
1075.000000271887
 20
7.698943666042348
 30
0.0
 10
1096.999999998565
 20
7.702786999537496
 30
0.0
  0
SPLINE
  5
7C2
330
734
100
AcDbEntity
  8
0
  6
Continuous
 62
     7
370
    25
100
AcDbSpline
210
0.0
220
0.0
230
1.0
 70
     8
 71
     3
 72
     8
 73
     4
 74
     0
 42
0.00000001
 43
0.0000000001
 40
0.0
 40
0.0
 40
0.0
 40
0.0
 40
1.0
 40
1.0
 40
1.0
 40
1.0
 10
1098.999999999966
 20
7.703143585303321
 30
0.0
 10
1112.66666680126
 20
7.705629609792794
 30
0.0
 10
1126.333333479251
 20
7.709129573894893
 30
0.0
 10
1139.999999999937
 20
7.71392307270946
 30
0.0
  0
SPLINE
  5
7C3
330
734
100
AcDbEntity
  8
0
  6
Continuous
 62
     7
370
    25
100
AcDbSpline
210
0.0
220
0.0
230
1.0
 70
     8
 71
     3
 72
    11
 73
     7
 74
     0
 42
0.00000001
 43
0.0000000001
 40
0.0
 40
0.0
 40
0.0
 40
0.0
 40
0.25
 40
0.5
 40
0.75
 40
1.0
 40
1.0
 40
1.0
 40
1.0
 10
1139.999999999937
 20
20.13279180979842
 30
0.0
 10
1097.084297640101
 20
20.46473761114359
 30
0.0
 10
1011.251545374698
 20
20.94657827659804
 30
0.0
 10
882.5011452092757
 20
21.33670572449064
 30
0.0
 10
753.7504714691659
 20
21.60697968454707
 30
0.0
 10
667.9167612708758
 20
21.82268083216888
 30
0.0
 10
624.9999999999685
 20
21.96160192113335
 30
0.0
  0
SPLINE
  5
7C4
330
734
100
AcDbEntity
  8
0
  6
Continuous
 62
     7
370
    25
100
AcDbSpline
210
0.0
220
0.0
230
1.0
 70
     8
 71
     3
 72
     8
 73
     4
 74
     0
 42
0.00000001
 43
0.0000000001
 40
0.1000000009254584
 40
0.1000000009254584
 40
0.1000000009254584
 40
0.1000000009254584
 40
0.101000000920626
 40
0.101000000920626
 40
0.101000000920626
 40
0.101000000920626
 10
419.0000000028375
 20
7.728275071747293
 30
0.0
 10
418.6666666694907
 20
7.728283863620371
 30
0.0
 10
418.3333333361349
 20
7.728292336831642
 30
0.0
 10
418.0000000027716
 20
7.728300492849027
 30
0.0
  0
SPLINE
  5
7C5
330
734
100
AcDbEntity
  8
0
  6
Continuous
 62
     7
370
    25
100
AcDbSpline
210
0.0
220
0.0
230
1.0
 70
     8
 71
     3
 72
    11
 73
     7
 74
     0
 42
0.00000001
 43
0.0000000001
 40
0.7699680511182108
 40
0.7699680511182108
 40
0.7699680511182108
 40
0.7699680511182108
 40
0.8274760383386578
 40
0.884984025559105
 40
0.9424920127795527
 40
1.0
 40
1.0
 40
1.0
 40
1.0
 10
625.0000000001
 20
7.715192642899999
 30
0.0
 10
628.8324147656664
 20
7.715341998021835
 30
0.0
 10
636.4966424300229
 20
7.715900426634378
 30
0.0
 10
648.0050774101498
 20
7.720380000720311
 30
0.0
 10
659.5031239300084
 20
7.722435932857999
 30
0.0
 10
667.1677079838485
 20
7.723591645902017
 30
0.0
 10
670.9999999999662
 20
7.72411776532083
 30
0.0
  0
SPLINE
  5
7C6
330
734
100
AcDbEntity
  8
0
  6
Continuous
 62
     7
370
    25
100
AcDbSpline
210
0.0
220
0.0
230
1.0
 70
     8
 71
     3
 72
     8
 73
     4
 74
     0
 42
0.00000001
 43
0.0000000001
 40
0.0
 40
0.0
 40
0.0
 40
0.0
 40
0.9019607848523991
 40
0.9019607848523991
 40
0.9019607848523991
 40
0.9019607848523991
 10
672.9999999999662
 20
7.72438765430923
 30
0.0
 10
688.3333332239961
 20
7.726420983888912
 30
0.0
 10
703.666666580152
 20
7.727631175978442
 30
0.0
 10
719.0000000000321
 20
7.728154143620789
 30
0.0
  0
SPLINE
  5
7C7
330
734
100
AcDbEntity
  8
0
  6
Continuous
 62
     7
370
    25
100
AcDbSpline
210
0.0
220
0.0
230
1.0
 70
     8
 71
     3
 72
     8
 73
     4
 74
     0
 42
0.00000001
 43
0.0000000001
 40
0.9764705884976116
 40
0.9764705884976116
 40
0.9764705884976116
 40
0.9764705884976116
 40
1.0
 40
1.0
 40
1.0
 40
1.0
 10
722.8000000000322
 20
7.728269756033528
 30
0.0
 10
723.199999997854
 20
7.728280460912789
 30
0.0
 10
723.5999999957153
 20
7.728290705756394
 30
0.0
 10
723.9999999936152
 20
7.728300492977205
 30
0.0
  0
SPLINE
  5
7C8
330
734
100
AcDbEntity
  8
0
  6
Continuous
 62
     7
370
    25
100
AcDbSpline
210
0.0
220
0.0
230
1.0
 70
     8
 71
     3
 72
     8
 73
     4
 74
     0
 42
0.00000001
 43
0.0000000001
 40
0.0
 40
0.0
 40
0.0
 40
0.0
 40
1.0
 40
1.0
 40
1.0
 40
1.0
 10
725.9999999936152
 20
7.728345634567157
 30
0.0
 10
744.6666667027622
 20
7.72873164981513
 30
0.0
 10
763.3333333650812
 20
7.728129475724203
 30
0.0
 10
781.9999999936152
 20
7.726814358091262
 30
0.0
  0
SPLINE
  5
7C9
330
734
100
AcDbEntity
  8
0
  6
Continuous
 62
     7
370
    25
100
AcDbSpline
210
0.0
220
0.0
230
1.0
 70
     8
 71
     3
 72
     8
 73
     4
 74
     0
 42
0.00000001
 43
0.0000000001
 40
0.0
 40
0.0
 40
0.0
 40
0.0
 40
1.0
 40
1.0
 40
1.0
 40
1.0
 10
783.9999999936152
 20
7.726670749407475
 30
0.0
 10
804.333333370832
 20
7.725183382374122
 30
0.0
 10
824.6666667203086
 20
7.722860546188264
 30
0.0
 10
844.9999999936155
 20
7.720117123765438
 30
0.0
  0
SPLINE
  5
7CA
330
734
100
AcDbEntity
  8
0
  6
Continuous
 62
     7
370
    25
100
AcDbSpline
210
0.0
220
0.0
230
1.0
 70
     8
 71
     3
 72
     8
 73
     4
 74
     0
 42
0.00000001
 43
0.0000000001
 40
0.0
 40
0.0
 40
0.0
 40
0.0
 40
0.3333333331182509
 40
0.3333333331182509
 40
0.3333333331182509
 40
0.3333333331182509
 10
846.9999999936156
 20
7.719845957470305
 30
0.0
 10
854.3333333348376
 20
7.718846894163356
 30
0.0
 10
861.6666666685702
 20
7.717794769405736
 30
0.0
 10
868.9999999980964
 20
7.71671283952195
 30
0.0
  0
SPLINE
  5
7CB
330
734
100
AcDbEntity
  8
0
  6
Continuous
 62
     7
370
    25
100
AcDbSpline
210
0.0
220
0.0
230
1.0
 70
     8
 71
     3
 72
     8
 73
     4
 74
     0
 42
0.00000001
 43
0.0000000001
 40
0.3909090904627871
 40
0.3909090904627871
 40
0.3909090904627871
 40
0.3909090904627871
 40
1.0
 40
1.0
 40
1.0
 40
1.0
 10
872.8000000023941
 20
7.716149655179203
 30
0.0
 10
886.2000000114253
 20
7.714155127874401
 30
0.0
 10
899.6000000083032
 20
7.712074495939182
 30
0.0
 10
913.0000000130548
 20
7.710049649180289
 30
0.0
  0
SPLINE
  5
7CC
330
734
100
AcDbEntity
  8
0
  6
Continuous
 62
     7
370
    25
100
AcDbSpline
210
0.0
220
0.0
230
1.0
 70
     8
 71
     3
 72
     8
 73
     4
 74
     0
 42
0.00000001
 43
0.0000000001
 40
0.0
 40
0.0
 40
0.0
 40
0.0
 40
1.0
 40
1.0
 40
1.0
 40
1.0
 10
915.0000000130548
 20
7.709747894052281
 30
0.0
 10
930.3333333269252
 20
7.707438117560721
 30
0.0
 10
945.6666666507159
 20
7.705214260687227
 30
0.0
 10
961.0000000130547
 20
7.703324298017289
 30
0.0
  0
SPLINE
  5
7CD
330
734
100
AcDbEntity
  8
0
  6
Continuous
 62
     7
370
    25
100
AcDbSpline
210
0.0
220
0.0
230
1.0
 70
     8
 71
     3
 72
     8
 73
     4
 74
     0
 42
0.00000001
 43
0.0000000001
 40
0.3363636359182127
 40
0.3363636359182127
 40
0.3363636359182127
 40
0.3363636359182127
 40
0.3515151512995287
 40
0.3515151512995287
 40
0.3515151512995287
 40
0.3515151512995287
 10
869.1999999893022
 20
7.716683324906567
 30
0.0
 10
869.5333333277298
 20
7.716634121729737
 30
0.0
 10
869.8666666661488
 20
7.716584857408887
 30
0.0
 10
870.2000000045591
 20
7.716535534128122
 30
0.0
  0
SPLINE
  5
7CE
330
734
100
AcDbEntity
  8
0
  6
Continuous
 62
     7
370
    25
100
AcDbSpline
210
0.0
220
0.0
230
1.0
 70
     8
 71
     3
 72
     8
 73
     4
 74
     0
 42
0.00000001
 43
0.0000000001
 40
0.3545454542468234
 40
0.3545454542468234
 40
0.3545454542468234
 40
0.3545454542468234
 40
0.3696969694814665
 40
0.3696969694814665
 40
0.3696969694814665
 40
0.3696969694814665
 10
870.3999999990926
 20
7.716505933103202
 30
0.0
 10
870.7333333342731
 20
7.716456586326311
 30
0.0
 10
871.0666666694452
 20
7.716407181026323
 30
0.0
 10
871.4000000046096
 20
7.716357719387339
 30
0.0
  0
SPLINE
  5
7CF
330
734
100
AcDbEntity
  8
0
  6
Continuous
 62
     7
370
    25
100
AcDbSpline
210
0.0
220
0.0
230
1.0
 70
     8
 71
     3
 72
     8
 73
     4
 74
     0
 42
0.00000001
 43
0.0000000001
 40
0.3727272724284216
 40
0.3727272724284216
 40
0.3727272724284216
 40
0.3727272724284216
 40
0.3878787876640866
 40
0.3878787876640866
 40
0.3878787876640866
 40
0.3878787876640866
 10
871.5999999991087
 20
7.716328035661723
 30
0.0
 10
871.9333333342923
 20
7.716278551574507
 30
0.0
 10
872.2666666694678
 20
7.716229011585116
 30
0.0
 10
872.600000004636
 20
7.716179417877653
 30
0.0
  0
SPLINE
  5
7D0
330
734
100
AcDbEntity
  8
0
  6
Continuous
 62
     7
370
    25
100
AcDbSpline
210
0.0
220
0.0
230
1.0
 70
     8
 71
     3
 72
     8
 73
     4
 74
     0
 42
0.00000001
 43
0.0000000001
 40
0.9058823534773839
 40
0.9058823534773839
 40
0.9058823534773839
 40
0.9058823534773839
 40
0.9254901964958211
 40
0.9254901964958211
 40
0.9254901964958211
 40
0.9254901964958211
 10
719.2000000001
 20
7.7281609259
 30
0.0
 10
719.5333333331078
 20
7.728172164907465
 30
0.0
 10
719.8666666661455
 20
7.728183079418943
 30
0.0
 10
720.1999999992128
 20
7.728193670830759
 30
0.0
  0
SPLINE
  5
7D1
330
734
100
AcDbEntity
  8
0
  6
Continuous
 62
     7
370
    25
100
AcDbSpline
210
0.0
220
0.0
230
1.0
 70
     8
 71
     3
 72
     8
 73
     4
 74
     0
 42
0.00000001
 43
0.0000000001
 40
0.9294117649042995
 40
0.9294117649042995
 40
0.9294117649042995
 40
0.9294117649042995
 40
0.9490196081342851
 40
0.9490196081342851
 40
0.9490196081342851
 40
0.9490196081342851
 10
720.4000000000998
 20
7.728199987
 30
0.0
 10
720.7333333367751
 20
7.728210449227923
 30
0.0
 10
721.0666666734793
 20
7.728220588635449
 30
0.0
 10
721.4000000102117
 20
7.7282304066189
 30
0.0
  0
SPLINE
  5
7D2
330
734
100
AcDbEntity
  8
0
  6
Continuous
 62
     7
370
    25
100
AcDbSpline
210
0.0
220
0.0
230
1.0
 70
     8
 71
     3
 72
     8
 73
     4
 74
     0
 42
0.00000001
 43
0.0000000001
 40
0.9529411766065717
 40
0.9529411766065717
 40
0.9529411766065717
 40
0.9529411766065717
 40
0.9725490197679324
 40
0.9725490197679324
 40
0.9725490197679324
 40
0.9725490197679324
 10
721.6000000000999
 20
7.728236258799999
 30
0.0
 10
721.9333333356772
 20
7.728245948269646
 30
0.0
 10
722.2666666712828
 20
7.728255316594487
 30
0.0
 10
722.6000000069161
 20
7.728264365170856
 30
0.0
  0
SPLINE
  5
7D3
330
734
100
AcDbEntity
  8
0
  6
Continuous
 62
     7
370
    25
100
AcDbSpline
210
0.0
220
0.0
230
1.0
 70
     8
 71
     3
 72
     8
 73
     4
 74
     0
 42
0.00000001
 43
0.0000000001
 40
0.2464000010370585
 40
0.2464000010370585
 40
0.2464000010370585
 40
0.2464000010370585
 40
0.2474000010437591
 40
0.2474000010437591
 40
0.2474000010437591
 40
0.2474000010437591
 10
272.6000000001
 20
7.716655252337572
 30
0.0
 10
272.2666666667577
 20
7.716606046191976
 30
0.0
 10
271.9333333334245
 20
7.71655677858613
 30
0.0
 10
271.6000000001001
 20
7.716507451640834
 30
0.0
  0
SPLINE
  5
7D4
330
734
100
AcDbEntity
  8
0
  6
Continuous
 62
     7
370
    25
100
AcDbSpline
210
0.0
220
0.0
230
1.0
 70
     8
 71
     3
 72
     8
 73
     4
 74
     0
 42
0.00000001
 43
0.0000000001
 40
0.3976000016266266
 40
0.3976000016266266
 40
0.3976000016266266
 40
0.3976000016266266
 40
0.3986000016249843
 40
0.3986000016249843
 40
0.3986000016249843
 40
0.3986000016249843
 10
121.4000000001001
 20
7.698264427511327
 30
0.0
 10
121.0666666667787
 20
7.698252369151608
 30
0.0
 10
120.733333333445
 20
7.698240643361543
 30
0.0
 10
120.4000000001
 20
7.698229253268766
 30
0.0
  0
SPLINE
  5
7D5
330
734
100
AcDbEntity
  8
0
  6
Continuous
 62
     7
370
    25
100
AcDbSpline
210
0.0
220
0.0
230
1.0
 70
     8
 71
     3
 72
     8
 73
     4
 74
     0
 42
0.00000001
 43
0.0000000001
 40
0.3988000016246852
 40
0.3988000016246852
 40
0.3988000016246852
 40
0.3988000016246852
 40
0.3998000016233369
 40
0.3998000016233369
 40
0.3998000016233369
 40
0.3998000016233369
 10
120.2000000000998
 20
7.698222459521911
 30
0.0
 10
119.8666666667777
 20
7.698211203833601
 30
0.0
 10
119.5333333334442
 20
7.698200284469062
 30
0.0
 10
119.2000000001
 20
7.698189704565512
 30
0.0
  0
ENDBLK
  5
7D6
330
734
100
AcDbEntity
  8
0
100
AcDbBlockEnd
  0
BLOCK
  5
7FF
330
7FE
100
AcDbEntity
  8
0
100
AcDbBlockBegin
  2
tail_卡扣
 70
     0
 10
0.0
 20
0.0
 30
0.0
  3
tail_卡扣
  1

  0
LINE
  5
800
330
7FE
100
AcDbEntity
  8
0
  6
Continuous
 62
     7
370
    25
100
AcDbLine
 10
8.0
 20
2.3588496284
 30
0.0
 11
0.0
 21
2.3588496284
 31
0.0
  0
LINE
  5
801
330
7FE
100
AcDbEntity
  8
0
  6
Continuous
 62
     7
370
    25
100
AcDbLine
 10
8.0
 20
2.3588496284
 30
0.0
 11
8.0
 21
0.0734633052
 31
0.0
  0
LINE
  5
802
330
7FE
100
AcDbEntity
  8
0
  6
Continuous
 62
     7
370
    25
100
AcDbLine
 10
8.0
 20
0.0734633052
 30
0.0
 11
5.0
 21
0.0734633052
 31
0.0
  0
LINE
  5
803
330
7FE
100
AcDbEntity
  8
0
  6
Continuous
 62
     7
370
    25
100
AcDbLine
 10
5.0
 20
0.0734633052
 30
0.0
 11
3.0
 21
0.0
 31
0.0
  0
LINE
  5
804
330
7FE
100
AcDbEntity
  8
0
  6
Continuous
 62
     7
370
    25
100
AcDbLine
 10
3.0
 20
0.0
 30
0.0
 11
0.0
 21
0.0
 31
0.0
  0
LINE
  5
805
330
7FE
100
AcDbEntity
  8
0
  6
Continuous
 62
     7
370
    25
100
AcDbLine
 10
0.0
 20
0.0
 30
0.0
 11
0.0
 21
2.3588496284
 31
0.0
  0
LINE
  5
806
330
7FE
100
AcDbEntity
  8
0
  6
Continuous
 62
     7
370
    25
100
AcDbLine
 10
5.0
 20
8.4625704011
 30
0.0
 11
3.0
 21
8.777012450499999
 31
0.0
  0
LINE
  5
807
330
7FE
100
AcDbEntity
  8
0
  6
Continuous
 62
     7
370
    25
100
AcDbLine
 10
5.0
 20
8.4625704011
 30
0.0
 11
8.0
 21
8.4625704011
 31
0.0
  0
LINE
  5
808
330
7FE
100
AcDbEntity
  8
0
  6
Continuous
 62
     7
370
    25
100
AcDbLine
 10
8.0
 20
8.4625704011
 30
0.0
 11
8.0
 21
5.358849628399998
 31
0.0
  0
LINE
  5
809
330
7FE
100
AcDbEntity
  8
0
  6
Continuous
 62
     7
370
    25
100
AcDbLine
 10
8.0
 20
5.358849628399998
 30
0.0
 11
0.0
 21
5.358849628399998
 31
0.0
  0
LINE
  5
80A
330
7FE
100
AcDbEntity
  8
0
  6
Continuous
 62
     7
370
    25
100
AcDbLine
 10
0.0
 20
5.358849628399998
 30
0.0
 11
0.0
 21
8.777012450499999
 31
0.0
  0
LINE
  5
80B
330
7FE
100
AcDbEntity
  8
0
  6
Continuous
 62
     7
370
    25
100
AcDbLine
 10
0.0
 20
8.777012450499999
 30
0.0
 11
3.0
 21
8.777012450499999
 31
0.0
  0
ENDBLK
  5
80C
330
7FE
100
AcDbEntity
  8
0
100
AcDbBlockEnd
  0
BLOCK
  5
816
330
815
100
AcDbEntity
  8
0
100
AcDbBlockBegin
  2
插座板
 70
     0
 10
0.0
 20
0.0
 30
0.0
  3
插座板
  1

  0
LINE
  5
817
330
815
100
AcDbEntity
  8
0
  6
Continuous
 62
     7
370
    25
100
AcDbLine
 10
0.0
 20
12.0
 30
0.0
 11
0.0
 21
0.0
 31
0.0
  0
LINE
  5
818
330
815
100
AcDbEntity
  8
0
  6
Continuous
 62
     7
370
    25
100
AcDbLine
 10
0.0
 20
0.0
 30
0.0
 11
6.0
 21
0.0
 31
0.0
  0
LINE
  5
819
330
815
100
AcDbEntity
  8
0
  6
Continuous
 62
     7
370
    25
100
AcDbLine
 10
6.0
 20
0.0
 30
0.0
 11
6.0
 21
12.0
 31
0.0
  0
LINE
  5
81A
330
815
100
AcDbEntity
  8
0
  6
Continuous
 62
     7
370
    25
100
AcDbLine
 10
6.0
 20
12.0
 30
0.0
 11
0.0
 21
12.0
 31
0.0
  0
LINE
  5
81B
330
815
100
AcDbEntity
  8
0
  6
Continuous
 62
     7
370
    25
100
AcDbLine
 10
4.0
 20
10.0
 30
0.0
 11
2.0
 21
10.0
 31
0.0
  0
LINE
  5
81C
330
815
100
AcDbEntity
  8
0
  6
Continuous
 62
     7
370
    25
100
AcDbLine
 10
4.0
 20
8.0
 30
0.0
 11
4.0
 21
10.0
 31
0.0
  0
LINE
  5
81D
330
815
100
AcDbEntity
  8
0
  6
Continuous
 62
     7
370
    25
100
AcDbLine
 10
2.0
 20
8.0
 30
0.0
 11
4.0
 21
8.0
 31
0.0
  0
LINE
  5
81E
330
815
100
AcDbEntity
  8
0
  6
Continuous
 62
     7
370
    25
100
AcDbLine
 10
2.0
 20
10.0
 30
0.0
 11
2.0
 21
8.0
 31
0.0
  0
LINE
  5
81F
330
815
100
AcDbEntity
  8
0
  6
Continuous
 62
     7
370
    25
100
AcDbLine
 10
4.0
 20
4.0
 30
0.0
 11
2.0
 21
4.0
 31
0.0
  0
LINE
  5
820
330
815
100
AcDbEntity
  8
0
  6
Continuous
 62
     7
370
    25
100
AcDbLine
 10
4.0
 20
2.0
 30
0.0
 11
4.0
 21
4.0
 31
0.0
  0
LINE
  5
821
330
815
100
AcDbEntity
  8
0
  6
Continuous
 62
     7
370
    25
100
AcDbLine
 10
2.0
 20
2.0
 30
0.0
 11
4.0
 21
2.0
 31
0.0
  0
LINE
  5
822
330
815
100
AcDbEntity
  8
0
  6
Continuous
 62
     7
370
    25
100
AcDbLine
 10
2.0
 20
4.0
 30
0.0
 11
2.0
 21
2.0
 31
0.0
  0
ENDBLK
  5
823
330
815
100
AcDbEntity
  8
0
100
AcDbBlockEnd
  0
BLOCK
  5
825
330
824
100
AcDbEntity
  8
0
100
AcDbBlockBegin
  2
5mm插座
 70
     0
 10
0.0
 20
0.0
 30
0.0
  3
5mm插座
  1

  0
LINE
  5
826
330
824
100
AcDbEntity
  8
0
  6
Continuous
 62
     7
370
    25
100
AcDbLine
 10
0.0
 20
5.0
 30
0.0
 11
0.0
 21
0.0
 31
0.0
  0
LINE
  5
827
330
824
100
AcDbEntity
  8
0
  6
Continuous
 62
     7
370
    25
100
AcDbLine
 10
0.0
 20
0.0
 30
0.0
 11
2.0
 21
0.0
 31
0.0
  0
LINE
  5
828
330
824
100
AcDbEntity
  8
0
  6
Continuous
 62
     7
370
    25
100
AcDbLine
 10
2.0
 20
5.0
 30
0.0
 11
2.0
 21
0.0
 31
0.0
  0
LINE
  5
829
330
824
100
AcDbEntity
  8
0
  6
Continuous
 62
     7
370
    25
100
AcDbLine
 10
0.0
 20
5.0
 30
0.0
 11
2.0
 21
5.0
 31
0.0
  0
ENDBLK
  5
82A
330
824
100
AcDbEntity
  8
0
100
AcDbBlockEnd
  0
BLOCK
  5
82C
330
82B
100
AcDbEntity
  8
0
100
AcDbBlockBegin
  2
6mm插座
 70
     0
 10
0.0
 20
0.0
 30
0.0
  3
6mm插座
  1

  0
LINE
  5
82D
330
82B
100
AcDbEntity
  8
0
  6
Continuous
 62
     7
370
    25
100
AcDbLine
 10
0.0
 20
6.0
 30
0.0
 11
0.0
 21
0.0
 31
0.0
  0
LINE
  5
82E
330
82B
100
AcDbEntity
  8
0
  6
Continuous
 62
     7
370
    25
100
AcDbLine
 10
0.0
 20
0.0
 30
0.0
 11
2.0
 21
0.0
 31
0.0
  0
LINE
  5
82F
330
82B
100
AcDbEntity
  8
0
  6
Continuous
 62
     7
370
    25
100
AcDbLine
 10
2.0
 20
0.0
 30
0.0
 11
2.0
 21
6.0
 31
0.0
  0
LINE
  5
830
330
82B
100
AcDbEntity
  8
0
  6
Continuous
 62
     7
370
    25
100
AcDbLine
 10
2.0
 20
6.0
 30
0.0
 11
0.0
 21
6.0
 31
0.0
  0
ENDBLK
  5
831
330
82B
100
AcDbEntity
  8
0
100
AcDbBlockEnd
  0
BLOCK
  5
84B
330
84A
100
AcDbEntity
  8
0
100
AcDbBlockBegin
  2
副翼前挡板
 70
     0
 10
0.0
 20
0.0
 30
0.0
  3
副翼前挡板
  1

  0
LINE
  5
84C
330
84A
100
AcDbEntity
  8
0
  6
Continuous
 62
     7
370
    25
100
AcDbLine
 10
209.9478623173
 20
8.423063689500001
 30
0.0
 11
209.9478623173
 21
8.627014975199998
 31
0.0
  0
LINE
  5
84D
330
84A
100
AcDbEntity
  8
0
  6
Continuous
 62
     7
370
    25
100
AcDbLine
 10
208.9478623173
 20
8.423063689500001
 30
0.0
 11
209.9478623173
 21
8.423063689500001
 31
0.0
  0
LINE
  5
84E
330
84A
100
AcDbEntity
  8
0
  6
Continuous
 62
     7
370
    25
100
AcDbLine
 10
208.9478623173
 20
8.626912671199999
 30
0.0
 11
208.9478623173
 21
8.423063689500001
 31
0.0
  0
LINE
  5
84F
330
84A
100
AcDbEntity
  8
0
  6
Continuous
 62
     7
370
    25
100
AcDbLine
 10
208.7478623173
 20
8.423063689500001
 30
0.0
 11
208.7478623173
 21
8.6268922465
 31
0.0
  0
LINE
  5
850
330
84A
100
AcDbEntity
  8
0
  6
Continuous
 62
     7
370
    25
100
AcDbLine
 10
207.7478623173
 20
8.423063689500001
 30
0.0
 11
208.7478623173
 21
8.423063689500001
 31
0.0
  0
LINE
  5
851
330
84A
100
AcDbEntity
  8
0
  6
Continuous
 62
     7
370
    25
100
AcDbLine
 10
207.7478623173
 20
8.6267903077
 30
0.0
 11
207.7478623173
 21
8.423063689500001
 31
0.0
  0
LINE
  5
852
330
84A
100
AcDbEntity
  8
0
  6
Continuous
 62
     7
370
    25
100
AcDbLine
 10
207.5478623173
 20
8.423063689500001
 30
0.0
 11
207.5478623173
 21
8.6267699574
 31
0.0
  0
LINE
  5
853
330
84A
100
AcDbEntity
  8
0
  6
Continuous
 62
     7
370
    25
100
AcDbLine
 10
206.5478623173
 20
8.423063689500001
 30
0.0
 11
207.5478623173
 21
8.423063689500001
 31
0.0
  0
LINE
  5
854
330
84A
100
AcDbEntity
  8
0
  6
Continuous
 62
     7
370
    25
100
AcDbLine
 10
206.5478623173
 20
8.626668397799997
 30
0.0
 11
206.5478623173
 21
8.423063689500001
 31
0.0
  0
LINE
  5
855
330
84A
100
AcDbEntity
  8
0
  6
Continuous
 62
     7
370
    25
100
AcDbLine
 10
206.3478623172
 20
0.0
 30
0.0
 11
206.3478623172
 21
8.6266481249
 31
0.0
  0
LINE
  5
856
330
84A
100
AcDbEntity
  8
0
  6
Continuous
 62
     7
370
    25
100
AcDbLine
 10
206.3478623172
 20
0.0
 30
0.0
 11
210.3478623172
 21
0.0
 31
0.0
  0
LINE
  5
857
330
84A
100
AcDbEntity
  8
0
  6
Continuous
 62
     7
370
    25
100
AcDbLine
 10
210.3478623172
 20
0.0
 30
0.0
 11
210.3478623172
 21
8.423063689500001
 31
0.0
  0
LINE
  5
858
330
84A
100
AcDbEntity
  8
0
  6
Continuous
 62
     7
370
    25
100
AcDbLine
 10
210.1478623172
 20
8.423063689500001
 30
0.0
 11
210.3478623172
 21
8.423063689500001
 31
0.0
  0
LINE
  5
859
330
84A
100
AcDbEntity
  8
0
  6
Continuous
 62
     7
370
    25
100
AcDbLine
 10
210.1478623172
 20
8.627035471499999
 30
0.0
 11
210.1478623172
 21
8.423063689500001
 31
0.0
  0
LINE
  5
85A
330
84A
100
AcDbEntity
  8
0
  6
Continuous
 62
     7
370
    25
100
AcDbLine
 10
227.0000000003
 20
12.4083250736
 30
0.0
 11
227.0000000003
 21
8.628796667599997
 31
0.0
  0
LINE
  5
85B
330
84A
100
AcDbEntity
  8
0
  6
Continuous
 62
     7
370
    25
100
AcDbLine
 10
227.0000000003
 20
12.4083250736
 30
0.0
 11
229.0000000003
 21
12.4083250736
 31
0.0
  0
LINE
  5
85C
330
84A
100
AcDbEntity
  8
0
  6
Continuous
 62
     7
370
    25
100
AcDbLine
 10
229.0000000003
 20
12.4083250736
 30
0.0
 11
229.0000000003
 21
15.4083250736
 31
0.0
  0
LINE
  5
85D
330
84A
100
AcDbEntity
  8
0
  6
Continuous
 62
     7
370
    25
100
AcDbLine
 10
229.0000000003
 20
15.4083250736
 30
0.0
 11
227.0000000003
 21
15.4083250736
 31
0.0
  0
LINE
  5
85E
330
84A
100
AcDbEntity
  8
0
  6
Continuous
 62
     7
370
    25
100
AcDbLine
 10
227.0000000003
 20
17.3665095989
 30
0.0
 11
227.0000000003
 21
15.4083250736
 31
0.0
  0
LINE
  5
85F
330
84A
100
AcDbEntity
  8
0
  6
Continuous
 62
     7
370
    25
100
AcDbLine
 10
2.0
 20
15.4083250736
 30
0.0
 11
2.0
 21
17.0624522975
 31
0.0
  0
LINE
  5
860
330
84A
100
AcDbEntity
  8
0
  6
Continuous
 62
     7
370
    25
100
AcDbLine
 10
0.0
 20
15.4083250736
 30
0.0
 11
2.0
 21
15.4083250736
 31
0.0
  0
LINE
  5
861
330
84A
100
AcDbEntity
  8
0
  6
Continuous
 62
     7
370
    25
100
AcDbLine
 10
0.0
 20
15.4083250736
 30
0.0
 11
0.0
 21
12.4083250736
 31
0.0
  0
LINE
  5
862
330
84A
100
AcDbEntity
  8
0
  6
Continuous
 62
     7
370
    25
100
AcDbLine
 10
2.0
 20
12.4083250736
 30
0.0
 11
0.0
 21
12.4083250736
 31
0.0
  0
LINE
  5
863
330
84A
100
AcDbEntity
  8
0
  6
Continuous
 62
     7
370
    25
100
AcDbLine
 10
2.0
 20
8.6296767979
 30
0.0
 11
2.0
 21
12.4083250736
 31
0.0
  0
LINE
  5
864
330
84A
100
AcDbEntity
  8
0
  6
Continuous
 62
     7
370
    25
100
AcDbLine
 10
6.3478623172
 20
0.0
 30
0.0
 11
6.3478623172
 21
8.628714075499999
 31
0.0
  0
LINE
  5
865
330
84A
100
AcDbEntity
  8
0
  6
Continuous
 62
     7
370
    25
100
AcDbLine
 10
6.3478623172
 20
0.0
 30
0.0
 11
10.3478623172
 21
0.0
 31
0.0
  0
LINE
  5
866
330
84A
100
AcDbEntity
  8
0
  6
Continuous
 62
     7
370
    25
100
AcDbLine
 10
10.3478623172
 20
0.0
 30
0.0
 11
10.3478623172
 21
8.423063689500001
 31
0.0
  0
LINE
  5
867
330
84A
100
AcDbEntity
  8
0
  6
Continuous
 62
     7
370
    25
100
AcDbLine
 10
10.1478623172
 20
8.423063689500001
 30
0.0
 11
10.3478623172
 21
8.423063689500001
 31
0.0
  0
LINE
  5
868
330
84A
100
AcDbEntity
  8
0
  6
Continuous
 62
     7
370
    25
100
AcDbLine
 10
10.1478623172
 20
8.6279209811
 30
0.0
 11
10.1478623172
 21
8.423063689500001
 31
0.0
  0
LINE
  5
869
330
84A
100
AcDbEntity
  8
0
  6
Continuous
 62
     7
370
    25
100
AcDbLine
 10
106.3478623172
 20
0.0
 30
0.0
 11
106.3478623172
 21
8.6199635615
 31
0.0
  0
LINE
  5
86A
330
84A
100
AcDbEntity
  8
0
  6
Continuous
 62
     7
370
    25
100
AcDbLine
 10
106.3478623172
 20
0.0
 30
0.0
 11
110.3478623172
 21
0.0
 31
0.0
  0
LINE
  5
86B
330
84A
100
AcDbEntity
  8
0
  6
Continuous
 62
     7
370
    25
100
AcDbLine
 10
110.3478623172
 20
0.0
 30
0.0
 11
110.3478623172
 21
8.423063689500001
 31
0.0
  0
LINE
  5
86C
330
84A
100
AcDbEntity
  8
0
  6
Continuous
 62
     7
370
    25
100
AcDbLine
 10
110.1478623172
 20
8.423063689500001
 30
0.0
 11
110.3478623172
 21
8.423063689500001
 31
0.0
  0
LINE
  5
86D
330
84A
100
AcDbEntity
  8
0
  6
Continuous
 62
     7
370
    25
100
AcDbLine
 10
110.1478623172
 20
8.6200227723
 30
0.0
 11
110.1478623172
 21
8.423063689500001
 31
0.0
  0
LINE
  5
86E
330
84A
100
AcDbEntity
  8
0
  6
Continuous
 62
     7
370
    25
100
AcDbLine
 10
109.9478623173
 20
8.423063689500001
 30
0.0
 11
109.9478623173
 21
8.620019125499997
 31
0.0
  0
LINE
  5
86F
330
84A
100
AcDbEntity
  8
0
  6
Continuous
 62
     7
370
    25
100
AcDbLine
 10
108.9478623173
 20
8.423063689500001
 30
0.0
 11
109.9478623173
 21
8.423063689500001
 31
0.0
  0
LINE
  5
870
330
84A
100
AcDbEntity
  8
0
  6
Continuous
 62
     7
370
    25
100
AcDbLine
 10
108.9478623173
 20
8.620001768499999
 30
0.0
 11
108.9478623173
 21
8.423063689500001
 31
0.0
  0
LINE
  5
871
330
84A
100
AcDbEntity
  8
0
  6
Continuous
 62
     7
370
    25
100
AcDbLine
 10
108.7478623173
 20
8.423063689500001
 30
0.0
 11
108.7478623173
 21
8.6199984733
 31
0.0
  0
LINE
  5
872
330
84A
100
AcDbEntity
  8
0
  6
Continuous
 62
     7
370
    25
100
AcDbLine
 10
107.7478623173
 20
8.423063689500001
 30
0.0
 11
108.7478623173
 21
8.423063689500001
 31
0.0
  0
LINE
  5
873
330
84A
100
AcDbEntity
  8
0
  6
Continuous
 62
     7
370
    25
100
AcDbLine
 10
107.7478623173
 20
8.6199828838
 30
0.0
 11
107.7478623173
 21
8.423063689500001
 31
0.0
  0
LINE
  5
874
330
84A
100
AcDbEntity
  8
0
  6
Continuous
 62
     7
370
    25
100
AcDbLine
 10
107.5478623173
 20
8.423063689500001
 30
0.0
 11
107.5478623173
 21
8.619979943999997
 31
0.0
  0
LINE
  5
875
330
84A
100
AcDbEntity
  8
0
  6
Continuous
 62
     7
370
    25
100
AcDbLine
 10
106.5478623173
 20
8.423063689500001
 30
0.0
 11
107.5478623173
 21
8.423063689500001
 31
0.0
  0
LINE
  5
876
330
84A
100
AcDbEntity
  8
0
  6
Continuous
 62
     7
370
    25
100
AcDbLine
 10
106.5478623173
 20
8.619966141799999
 30
0.0
 11
106.5478623173
 21
8.423063689500001
 31
0.0
  0
LINE
  5
877
330
84A
100
AcDbEntity
  8
0
  6
Continuous
 62
     7
370
    25
100
AcDbLine
 10
9.9478623173
 20
8.423063689500001
 30
0.0
 11
9.9478623173
 21
8.6279616169
 31
0.0
  0
LINE
  5
878
330
84A
100
AcDbEntity
  8
0
  6
Continuous
 62
     7
370
    25
100
AcDbLine
 10
8.9478623173
 20
8.423063689500001
 30
0.0
 11
9.9478623173
 21
8.423063689500001
 31
0.0
  0
LINE
  5
879
330
84A
100
AcDbEntity
  8
0
  6
Continuous
 62
     7
370
    25
100
AcDbLine
 10
8.9478623173
 20
8.6281666297
 30
0.0
 11
8.9478623173
 21
8.423063689500001
 31
0.0
  0
LINE
  5
87A
330
84A
100
AcDbEntity
  8
0
  6
Continuous
 62
     7
370
    25
100
AcDbLine
 10
8.7478623173
 20
8.423063689500001
 30
0.0
 11
8.7478623173
 21
8.628208
 31
0.0
  0
LINE
  5
87B
330
84A
100
AcDbEntity
  8
0
  6
Continuous
 62
     7
370
    25
100
AcDbLine
 10
7.7478623173
 20
8.423063689500001
 30
0.0
 11
8.7478623173
 21
8.423063689500001
 31
0.0
  0
LINE
  5
87C
330
84A
100
AcDbEntity
  8
0
  6
Continuous
 62
     7
370
    25
100
AcDbLine
 10
7.7478623173
 20
8.6284166988
 30
0.0
 11
7.7478623173
 21
8.423063689500001
 31
0.0
  0
LINE
  5
87D
330
84A
100
AcDbEntity
  8
0
  6
Continuous
 62
     7
370
    25
100
AcDbLine
 10
7.547862317299999
 20
8.423063689500001
 30
0.0
 11
7.547862317299999
 21
8.628458808999997
 31
0.0
  0
LINE
  5
87E
330
84A
100
AcDbEntity
  8
0
  6
Continuous
 62
     7
370
    25
100
AcDbLine
 10
6.547862317299999
 20
8.423063689500001
 30
0.0
 11
7.547862317299999
 21
8.423063689500001
 31
0.0
  0
LINE
  5
87F
330
84A
100
AcDbEntity
  8
0
  6
Continuous
 62
     7
370
    25
100
AcDbLine
 10
6.547862317299999
 20
8.628671220199999
 30
0.0
 11
6.547862317299999
 21
8.423063689500001
 31
0.0
  0
LINE
  5
880
330
84A
100
AcDbEntity
  8
0
  6
Continuous
 62
     7
370
    25
100
AcDbLine
 10
111.0
 20
12.4083250736
 30
0.0
 11
113.0
 21
12.4083250736
 31
0.0
  0
LINE
  5
881
330
84A
100
AcDbEntity
  8
0
  6
Continuous
 62
     7
370
    25
100
AcDbLine
 10
111.0
 20
15.4083250736
 30
0.0
 11
111.0
 21
12.4083250736
 31
0.0
  0
LINE
  5
882
330
84A
100
AcDbEntity
  8
0
  6
Continuous
 62
     7
370
    25
100
AcDbLine
 10
113.0
 20
15.4083250736
 30
0.0
 11
111.0
 21
15.4083250736
 31
0.0
  0
LINE
  5
883
330
84A
100
AcDbEntity
  8
0
  6
Continuous
 62
     7
370
    25
100
AcDbLine
 10
113.0
 20
12.4083250736
 30
0.0
 11
113.0
 21
15.4083250736
 31
0.0
  0
LINE
  5
884
330
84A
100
AcDbEntity
  8
0
  6
Continuous
 62
     7
370
    25
100
AcDbLine
 10
181.0
 20
15.4083250736
 30
0.0
 11
179.0
 21
15.4083250736
 31
0.0
  0
LINE
  5
885
330
84A
100
AcDbEntity
  8
0
  6
Continuous
 62
     7
370
    25
100
AcDbLine
 10
181.0
 20
12.4083250736
 30
0.0
 11
181.0
 21
15.4083250736
 31
0.0
  0
LINE
  5
886
330
84A
100
AcDbEntity
  8
0
  6
Continuous
 62
     7
370
    25
100
AcDbLine
 10
179.0
 20
12.4083250736
 30
0.0
 11
181.0
 21
12.4083250736
 31
0.0
  0
LINE
  5
887
330
84A
100
AcDbEntity
  8
0
  6
Continuous
 62
     7
370
    25
100
AcDbLine
 10
179.0
 20
15.4083250736
 30
0.0
 11
179.0
 21
12.4083250736
 31
0.0
  0
LINE
  5
888
330
84A
100
AcDbEntity
  8
0
  6
Continuous
 62
     7
370
    25
100
AcDbLine
 10
45.0
 20
15.4083250736
 30
0.0
 11
43.0
 21
15.4083250736
 31
0.0
  0
LINE
  5
889
330
84A
100
AcDbEntity
  8
0
  6
Continuous
 62
     7
370
    25
100
AcDbLine
 10
45.0
 20
12.4083250736
 30
0.0
 11
45.0
 21
15.4083250736
 31
0.0
  0
LINE
  5
88A
330
84A
100
AcDbEntity
  8
0
  6
Continuous
 62
     7
370
    25
100
AcDbLine
 10
43.0
 20
12.4083250736
 30
0.0
 11
45.0
 21
12.4083250736
 31
0.0
  0
LINE
  5
88B
330
84A
100
AcDbEntity
  8
0
  6
Continuous
 62
     7
370
    25
100
AcDbLine
 10
43.0
 20
15.4083250736
 30
0.0
 11
43.0
 21
12.4083250736
 31
0.0
  0
SPLINE
  5
88C
330
84A
100
AcDbEntity
  8
0
  6
Continuous
 62
     7
370
    25
100
AcDbSpline
210
0.0
220
0.0
230
1.0
 70
     8
 71
     3
 72
     8
 73
     4
 74
     0
 42
0.00000001
 43
0.0000000001
 40
0.3090521387097357
 40
0.3090521387097357
 40
0.3090521387097357
 40
0.3090521387097357
 40
0.3100521387148114
 40
0.3100521387148114
 40
0.3100521387148114
 40
0.3100521387148114
 10
209.9478623173001
 20
8.627014975193088
 30
0.0
 10
209.6145289839718
 20
8.626980824424382
 30
0.0
 10
209.2811956506385
 20
8.626946722558651
 30
0.0
 10
208.9478623173
 20
8.626912671234832
 30
0.0
  0
SPLINE
  5
88D
330
84A
100
AcDbEntity
  8
0
  6
Continuous
 62
     7
370
    25
100
AcDbSpline
210
0.0
220
0.0
230
1.0
 70
     8
 71
     3
 72
     8
 73
     4
 74
     0
 42
0.00000001
 43
0.0000000001
 40
0.3102521387158227
 40
0.3102521387158227
 40
0.3102521387158227
 40
0.3102521387158227
 40
0.3112521387208611
 40
0.3112521387208611
 40
0.3112521387208611
 40
0.3112521387208611
 10
208.7478623173
 20
8.626892246518767
 30
0.0
 10
208.4145289839719
 20
8.626858215477582
 30
0.0
 10
208.0811956506386
 20
8.626824235306761
 30
0.0
 10
207.7478623173
 20
8.626790307651845
 30
0.0
  0
SPLINE
  5
88E
330
84A
100
AcDbEntity
  8
0
  6
Continuous
 62
     7
370
    25
100
AcDbSpline
210
0.0
220
0.0
230
1.0
 70
     8
 71
     3
 72
     8
 73
     4
 74
     0
 42
0.00000001
 43
0.0000000001
 40
0.311452138721865
 40
0.311452138721865
 40
0.311452138721865
 40
0.311452138721865
 40
0.3124521387268683
 40
0.3124521387268683
 40
0.3124521387268683
 40
0.3124521387268683
 10
207.5478623173036
 20
8.626769957374047
 30
0.0
 10
207.2145289839745
 20
8.626736050791633
 30
0.0
 10
206.8811956506401
 20
8.626702197054878
 30
0.0
 10
206.5478623173001
 20
8.626668397815981
 30
0.0
  0
SPLINE
  5
88F
330
84A
100
AcDbEntity
  8
0
  6
Continuous
 62
     7
370
    25
100
AcDbSpline
210
0.0
220
0.0
230
1.0
 70
     8
 71
     3
 72
     9
 73
     5
 74
     0
 42
0.00000001
 43
0.0000000001
 40
0.3126521387278643
 40
0.3126521387278643
 40
0.3126521387278643
 40
0.3126521387278643
 40
0.3652142764545254
 40
0.4088521389692165
 40
0.4088521389692165
 40
0.4088521389692165
 40
0.4088521389692165
 10
206.3478623171836
 20
8.626648124863786
 30
0.0
 10
188.8271498288113
 20
8.624872713922115
 30
0.0
 10
156.7604832102153
 20
8.621893049957499
 30
0.0
 10
124.6938164883638
 20
8.620290119728007
 30
0.0
 10
110.1478623172262
 20
8.620022772335577
 30
0.0
  0
SPLINE
  5
890
330
84A
100
AcDbEntity
  8
0
  6
Continuous
 62
     7
370
    25
100
AcDbSpline
210
0.0
220
0.0
230
1.0
 70
     8
 71
     3
 72
     8
 73
     4
 74
     0
 42
0.00000001
 43
0.0000000001
 40
0.2920000009362365
 40
0.2920000009362365
 40
0.2920000009362365
 40
0.2920000009362365
 40
0.3088521387087169
 40
0.3088521387087169
 40
0.3088521387087169
 40
0.3088521387087169
 10
227.0000000002925
 20
8.628796667585428
 30
0.0
 10
221.3826207734932
 20
8.628200914939437
 30
0.0
 10
215.7652415460498
 20
8.627611313542709
 30
0.0
 10
210.1478623171836
 20
8.627035471538098
 30
0.0
  0
SPLINE
  5
891
330
84A
100
AcDbEntity
  8
0
  6
Continuous
 62
     7
370
    25
100
AcDbSpline
210
0.0
220
0.0
230
1.0
 70
     8
 71
     3
 72
    11
 73
     7
 74
     0
 42
0.00000001
 43
0.0000000001
 40
0.0020000071941948
 40
0.0020000071941948
 40
0.0020000071941948
 40
0.0020000071941948
 40
0.1358482621237057
 40
0.1358482621237057
 40
0.1358482621237057
 40
0.2270002219980527
 40
0.2270002219980527
 40
0.2270002219980527
 40
0.2270002219980527
 10
2.000000000000003
 20
17.06245229752489
 30
0.0
 10
46.61590181400032
 20
17.19029773768321
 30
0.0
 10
91.23197354321241
 20
17.26000448302824
 30
0.0
 10
135.8480366405815
 20
17.30419525869468
 30
0.0
 10
166.2320166234226
 20
17.33428961373324
 30
0.0
 10
196.6160084113041
 20
17.3523537922919
 30
0.0
 10
227.0000000003142
 20
17.36650959893001
 30
0.0
  0
SPLINE
  5
892
330
84A
100
AcDbEntity
  8
0
  6
Continuous
 62
     7
370
    25
100
AcDbSpline
210
0.0
220
0.0
230
1.0
 70
     8
 71
     3
 72
     8
 73
     4
 74
     0
 42
0.00000001
 43
0.0000000001
 40
0.5126521395580508
 40
0.5126521395580508
 40
0.5126521395580508
 40
0.5126521395580508
 40
0.5170000019822203
 40
0.5170000019822203
 40
0.5170000019822203
 40
0.5170000019822203
 10
6.347862317247517
 20
8.628714075491004
 30
0.0
 10
4.898574876005112
 20
8.629025075572213
 30
0.0
 10
3.44928743683556
 20
8.629345898125412
 30
0.0
 10
2.0
 20
8.6296767979
 30
0.0
  0
SPLINE
  5
893
330
84A
100
AcDbEntity
  8
0
  6
Continuous
 62
     7
370
    25
100
AcDbSpline
210
0.0
220
0.0
230
1.0
 70
     8
 71
     3
 72
     9
 73
     5
 74
     0
 42
0.00000001
 43
0.0000000001
 40
0.4126521389691391
 40
0.4126521389691391
 40
0.4126521389691391
 40
0.4126521389691391
 40
0.4626047501744716
 40
0.5088521394744499
 40
0.5088521394744499
 40
0.5088521394744499
 40
0.5088521394744499
 10
106.3478623172262
 20
8.619963561507756
 30
0.0
 10
89.69699191406013
 20
8.619751245229151
 30
0.0
 10
57.63032504812183
 20
8.620541338782054
 30
0.0
 10
25.56365843159611
 20
8.624793515008706
 30
0.0
 10
10.14786231724747
 20
8.627920981100807
 30
0.0
  0
SPLINE
  5
894
330
84A
100
AcDbEntity
  8
0
  6
Continuous
 62
     7
370
    25
100
AcDbSpline
210
0.0
220
0.0
230
1.0
 70
     8
 71
     3
 72
     8
 73
     4
 74
     0
 42
0.00000001
 43
0.0000000001
 40
0.4090521389692233
 40
0.4090521389692233
 40
0.4090521389692233
 40
0.4090521389692233
 40
0.410052138969238
 40
0.410052138969238
 40
0.410052138969238
 40
0.410052138969238
 10
109.9478623173
 20
8.620019125518174
 30
0.0
 10
109.614528983971
 20
8.620013096118128
 30
0.0
 10
109.2811956506375
 20
8.620007309696429
 30
0.0
 10
108.9478623173
 20
8.620001768531787
 30
0.0
  0
SPLINE
  5
895
330
84A
100
AcDbEntity
  8
0
  6
Continuous
 62
     7
370
    25
100
AcDbSpline
210
0.0
220
0.0
230
1.0
 70
     8
 71
     3
 72
     8
 73
     4
 74
     0
 42
0.00000001
 43
0.0000000001
 40
0.4102521389692372
 40
0.4102521389692372
 40
0.4102521389692372
 40
0.4102521389692372
 40
0.4112521389692171
 40
0.4112521389692171
 40
0.4112521389692171
 40
0.4112521389692171
 10
108.7478623173001
 20
8.619998473282187
 30
0.0
 10
108.4145289839707
 20
8.619993030311924
 30
0.0
 10
108.0811956506373
 20
8.619987833055329
 30
0.0
 10
107.7478623173
 20
8.61998288379979
 30
0.0
  0
SPLINE
  5
896
330
84A
100
AcDbEntity
  8
0
  6
Continuous
 62
     7
370
    25
100
AcDbSpline
210
0.0
220
0.0
230
1.0
 70
     8
 71
     3
 72
     8
 73
     4
 74
     0
 42
0.00000001
 43
0.0000000001
 40
0.4114521389692094
 40
0.4114521389692094
 40
0.4114521389692094
 40
0.4114521389692094
 40
0.4124521389691538
 40
0.4124521389691538
 40
0.4124521389691538
 40
0.4124521389691538
 10
107.5478623173
 20
8.619979944024995
 30
0.0
 10
107.2145289839702
 20
8.619975094061773
 30
0.0
 10
106.8811956506367
 20
8.619970492557941
 30
0.0
 10
106.5478623173
 20
8.619966141809559
 30
0.0
  0
SPLINE
  5
897
330
84A
100
AcDbEntity
  8
0
  6
Continuous
 62
     7
370
    25
100
AcDbSpline
210
0.0
220
0.0
230
1.0
 70
     8
 71
     3
 72
     8
 73
     4
 74
     0
 42
0.00000001
 43
0.0000000001
 40
0.5090521394786247
 40
0.5090521394786247
 40
0.5090521394786247
 40
0.5090521394786247
 40
0.5100521394998714
 40
0.5100521394998714
 40
0.5100521394998714
 40
0.5100521394998714
 10
9.947862317300122
 20
8.627961616866992
 30
0.0
 10
9.614528983862726
 20
8.628029444881519
 30
0.0
 10
9.281195650528216
 20
8.628097781468902
 30
0.0
 10
8.947862317300007
 20
8.628166629684953
 30
0.0
  0
SPLINE
  5
898
330
84A
100
AcDbEntity
  8
0
  6
Continuous
 62
     7
370
    25
100
AcDbSpline
210
0.0
220
0.0
230
1.0
 70
     8
 71
     3
 72
     8
 73
     4
 74
     0
 42
0.00000001
 43
0.0000000001
 40
0.5102521395041957
 40
0.5102521395041957
 40
0.5102521395041957
 40
0.5102521395041957
 40
0.5112521395261939
 40
0.5112521395261939
 40
0.5112521395261939
 40
0.5112521395261939
 10
8.747862317300413
 20
8.628208000034604
 30
0.0
 10
8.414528983860121
 20
8.62827705302487
 30
0.0
 10
8.081195650525726
 20
8.628346618255962
 30
0.0
 10
7.747862317300017
 20
8.628416698793607
 30
0.0
  0
SPLINE
  5
899
330
84A
100
AcDbEntity
  8
0
  6
Continuous
 62
     7
370
    25
100
AcDbSpline
210
0.0
220
0.0
230
1.0
 70
     8
 71
     3
 72
     8
 73
     4
 74
     0
 42
0.00000001
 43
0.0000000001
 40
0.5114521395306692
 40
0.5114521395306692
 40
0.5114521395306692
 40
0.5114521395306692
 40
0.5124521395534237
 40
0.5124521395534237
 40
0.5124521395534237
 40
0.5124521395534237
 10
7.547862317299744
 20
8.628458808977644
 30
0.0
 10
7.214528983857065
 20
8.628529095761061
 30
0.0
 10
6.881195650522839
 20
8.628599898465168
 30
0.0
 10
6.547862317299972
 20
8.628671220165621
 30
0.0
  0
ENDBLK
  5
89A
330
84A
100
AcDbEntity
  8
0
100
AcDbBlockEnd
  0
BLOCK
  5
89C
330
89B
100
AcDbEntity
  8
0
100
AcDbBlockBegin
  2
升降舵前挡板
 70
     0
 10
0.0
 20
0.0
 30
0.0
  3
升降舵前挡板
  1

  0
LINE
  5
89D
330
89B
100
AcDbEntity
  8
0
  6
Continuous
 62
     7
370
    25
100
AcDbLine
 10
21.124919684
 20
8.6645543846
 30
0.0
 11
21.124919684
 21
0.0
 31
0.0
  0
LINE
  5
89E
330
89B
100
AcDbEntity
  8
0
  6
Continuous
 62
     7
370
    25
100
AcDbLine
 10
21.124919684
 20
0.0
 30
0.0
 11
25.124919684
 21
0.0
 31
0.0
  0
LINE
  5
89F
330
89B
100
AcDbEntity
  8
0
  6
Continuous
 62
     7
370
    25
100
AcDbLine
 10
25.124919684
 20
0.0
 30
0.0
 11
25.124919684
 21
8.564448699599999
 31
0.0
  0
LINE
  5
8A0
330
89B
100
AcDbEntity
  8
0
  6
Continuous
 62
     7
370
    25
100
AcDbLine
 10
25.124919684
 20
8.564448699599999
 30
0.0
 11
24.9249197074
 21
8.564448699599999
 31
0.0
  0
LINE
  5
8A1
330
89B
100
AcDbEntity
  8
0
  6
Continuous
 62
     7
370
    25
100
AcDbLine
 10
24.9249197074
 20
8.564448699599999
 30
0.0
 11
24.9249197074
 21
8.664551045999999
 31
0.0
  0
LINE
  5
8A2
330
89B
100
AcDbEntity
  8
0
  6
Continuous
 62
     7
370
    25
100
AcDbLine
 10
75.0
 20
8.6644890062
 30
0.0
 11
75.0
 21
10.9498357898
 31
0.0
  0
LINE
  5
8A3
330
89B
100
AcDbEntity
  8
0
  6
Continuous
 62
     7
370
    25
100
AcDbLine
 10
75.0
 20
10.9498357898
 30
0.0
 11
77.0
 21
10.9498357898
 31
0.0
  0
LINE
  5
8A4
330
89B
100
AcDbEntity
  8
0
  6
Continuous
 62
     7
370
    25
100
AcDbLine
 10
77.0
 20
10.9498357898
 30
0.0
 11
77.0
 21
8.6644863909
 31
0.0
  0
LINE
  5
8A5
330
89B
100
AcDbEntity
  8
0
  6
Continuous
 62
     7
370
    25
100
AcDbLine
 10
121.1249196836
 20
8.664438480899999
 30
0.0
 11
121.1249196836
 21
0.0
 31
0.0
  0
LINE
  5
8A6
330
89B
100
AcDbEntity
  8
0
  6
Continuous
 62
     7
370
    25
100
AcDbLine
 10
121.1249196836
 20
0.0
 30
0.0
 11
125.1249196836
 21
0.0
 31
0.0
  0
LINE
  5
8A7
330
89B
100
AcDbEntity
  8
0
  6
Continuous
 62
     7
370
    25
100
AcDbLine
 10
125.1249196836
 20
0.0
 30
0.0
 11
125.1249196836
 21
8.564448699599999
 31
0.0
  0
LINE
  5
8A8
330
89B
100
AcDbEntity
  8
0
  6
Continuous
 62
     7
370
    25
100
AcDbLine
 10
125.1249196836
 20
8.564448699599999
 30
0.0
 11
124.9249197071
 21
8.564448699599999
 31
0.0
  0
LINE
  5
8A9
330
89B
100
AcDbEntity
  8
0
  6
Continuous
 62
     7
370
    25
100
AcDbLine
 10
124.9249197071
 20
8.564448699599999
 30
0.0
 11
124.9249197071
 21
8.6644355463
 31
0.0
  0
LINE
  5
8AA
330
89B
100
AcDbEntity
  8
0
  6
Continuous
 62
     7
370
    25
100
AcDbLine
 10
147.0000000001
 20
8.664422913200001
 30
0.0
 11
147.0000000001
 21
10.9498357898
 31
0.0
  0
LINE
  5
8AB
330
89B
100
AcDbEntity
  8
0
  6
Continuous
 62
     7
370
    25
100
AcDbLine
 10
147.0000000001
 20
10.9498357898
 30
0.0
 11
149.0000000001
 21
10.9498357898
 31
0.0
  0
LINE
  5
8AC
330
89B
100
AcDbEntity
  8
0
  6
Continuous
 62
     7
370
    25
100
AcDbLine
 10
149.0000000001
 20
10.9498357898
 30
0.0
 11
149.0000000001
 21
8.6644221136
 31
0.0
  0
LINE
  5
8AD
330
89B
100
AcDbEntity
  8
0
  6
Continuous
 62
     7
370
    25
100
AcDbLine
 10
212.0000000001
 20
10.9498357898
 30
0.0
 11
212.0000000001
 21
8.664418965199999
 31
0.0
  0
LINE
  5
8AE
330
89B
100
AcDbEntity
  8
0
  6
Continuous
 62
     7
370
    25
100
AcDbLine
 10
214.0000000001
 20
10.9498357898
 30
0.0
 11
212.0000000001
 21
10.9498357898
 31
0.0
  0
LINE
  5
8AF
330
89B
100
AcDbEntity
  8
0
  6
Continuous
 62
     7
370
    25
100
AcDbLine
 10
214.0000000001
 20
8.6644194017
 30
0.0
 11
214.0000000001
 21
10.9498357898
 31
0.0
  0
LINE
  5
8B0
330
89B
100
AcDbEntity
  8
0
  6
Continuous
 62
     7
370
    25
100
AcDbLine
 10
221.1249196832
 20
8.664421114099997
 30
0.0
 11
221.1249196832
 21
0.0000000001
 31
0.0
  0
LINE
  5
8B1
330
89B
100
AcDbEntity
  8
0
  6
Continuous
 62
     7
370
    25
100
AcDbLine
 10
221.1249196832
 20
0.0000000001
 30
0.0
 11
225.1249196832
 21
0.0000000001
 31
0.0
  0
LINE
  5
8B2
330
89B
100
AcDbEntity
  8
0
  6
Continuous
 62
     7
370
    25
100
AcDbLine
 10
225.1249196832
 20
0.0000000001
 30
0.0
 11
225.1249196832
 21
8.564448699699999
 31
0.0
  0
LINE
  5
8B3
330
89B
100
AcDbEntity
  8
0
  6
Continuous
 62
     7
370
    25
100
AcDbLine
 10
225.1249196832
 20
8.564448699699999
 30
0.0
 11
224.9249197067
 21
8.564448699699999
 31
0.0
  0
LINE
  5
8B4
330
89B
100
AcDbEntity
  8
0
  6
Continuous
 62
     7
370
    25
100
AcDbLine
 10
224.9249197067
 20
8.564448699699999
 30
0.0
 11
224.9249197067
 21
8.6644221145
 31
0.0
  0
LINE
  5
8B5
330
89B
100
AcDbEntity
  8
0
  6
Continuous
 62
     7
370
    25
100
AcDbLine
 10
272.0000000002
 20
10.9498357899
 30
0.0
 11
272.0000000002
 21
8.664436464599999
 31
0.0
  0
LINE
  5
8B6
330
89B
100
AcDbEntity
  8
0
  6
Continuous
 62
     7
370
    25
100
AcDbLine
 10
274.0000000002
 20
10.9498357899
 30
0.0
 11
272.0000000002
 21
10.9498357899
 31
0.0
  0
LINE
  5
8B7
330
89B
100
AcDbEntity
  8
0
  6
Continuous
 62
     7
370
    25
100
AcDbLine
 10
274.0000000002
 20
8.6644370553
 30
0.0
 11
274.0000000002
 21
10.9498357899
 31
0.0
  0
LINE
  5
8B8
330
89B
100
AcDbEntity
  8
0
  6
Continuous
 62
     7
370
    25
100
AcDbLine
 10
321.1249196828
 20
8.6644483901
 30
0.0
 11
321.1249196828
 21
0.0000000001
 31
0.0
  0
LINE
  5
8B9
330
89B
100
AcDbEntity
  8
0
  6
Continuous
 62
     7
370
    25
100
AcDbLine
 10
321.1249196828
 20
0.0000000001
 30
0.0
 11
325.1249196828
 21
0.0000000001
 31
0.0
  0
LINE
  5
8BA
330
89B
100
AcDbEntity
  8
0
  6
Continuous
 62
     7
370
    25
100
AcDbLine
 10
325.1249196828
 20
0.0000000001
 30
0.0
 11
325.1249196828
 21
8.564448699699999
 31
0.0
  0
LINE
  5
8BB
330
89B
100
AcDbEntity
  8
0
  6
Continuous
 62
     7
370
    25
100
AcDbLine
 10
325.1249196828
 20
8.564448699699999
 30
0.0
 11
324.9249197062
 21
8.564448699699999
 31
0.0
  0
LINE
  5
8BC
330
89B
100
AcDbEntity
  8
0
  6
Continuous
 62
     7
370
    25
100
AcDbLine
 10
324.9249197062
 20
8.564448699699999
 30
0.0
 11
324.9249197062
 21
8.6644490948
 31
0.0
  0
LINE
  5
8BD
330
89B
100
AcDbEntity
  8
0
  6
Continuous
 62
     7
370
    25
100
AcDbLine
 10
327.0000000002
 20
8.664449466699997
 30
0.0
 11
331.0000000002
 21
8.664449466699997
 31
0.0
  0
LINE
  5
8BE
330
89B
100
AcDbEntity
  8
0
  6
Continuous
 62
     7
370
    25
100
AcDbLine
 10
331.0000000002
 20
8.664449466699997
 30
0.0
 11
331.0000000002
 21
10.9498357899
 31
0.0
  0
LINE
  5
8BF
330
89B
100
AcDbEntity
  8
0
  6
Continuous
 62
     7
370
    25
100
AcDbLine
 10
331.0000000002
 20
10.9498357899
 30
0.0
 11
333.0000000002
 21
10.9498357899
 31
0.0
  0
LINE
  5
8C0
330
89B
100
AcDbEntity
  8
0
  6
Continuous
 62
     7
370
    25
100
AcDbLine
 10
333.0000000002
 20
10.9498357899
 30
0.0
 11
333.0000000002
 21
8.664449466699997
 31
0.0
  0
LINE
  5
8C1
330
89B
100
AcDbEntity
  8
0
  6
Continuous
 62
     7
370
    25
100
AcDbLine
 10
333.0000000002
 20
8.664449466699997
 30
0.0
 11
335.0000000002
 21
8.664449466699997
 31
0.0
  0
LINE
  5
8C2
330
89B
100
AcDbEntity
  8
0
  6
Continuous
 62
     7
370
    25
100
AcDbLine
 10
335.0000000002
 20
8.664449466699997
 30
0.0
 11
335.0000000002
 21
17.0535565624
 31
0.0
  0
LINE
  5
8C3
330
89B
100
AcDbEntity
  8
0
  6
Continuous
 62
     7
370
    25
100
AcDbLine
 10
335.0000000002
 20
17.0535565624
 30
0.0
 11
333.0
 21
17.0535565624
 31
0.0
  0
LINE
  5
8C4
330
89B
100
AcDbEntity
  8
0
  6
Continuous
 62
     7
370
    25
100
AcDbLine
 10
333.0
 20
17.0535565624
 30
0.0
 11
333.0
 21
13.9498357897
 31
0.0
  0
LINE
  5
8C5
330
89B
100
AcDbEntity
  8
0
  6
Continuous
 62
     7
370
    25
100
AcDbLine
 10
333.0
 20
13.9498357897
 30
0.0
 11
331.0
 21
13.9498357897
 31
0.0
  0
LINE
  5
8C6
330
89B
100
AcDbEntity
  8
0
  6
Continuous
 62
     7
370
    25
100
AcDbLine
 10
331.0
 20
13.9498357897
 30
0.0
 11
331.0
 21
17.0535565624
 31
0.0
  0
LINE
  5
8C7
330
89B
100
AcDbEntity
  8
0
  6
Continuous
 62
     7
370
    25
100
AcDbLine
 10
331.0
 20
17.0535565624
 30
0.0
 11
327.0
 21
17.0535565624
 31
0.0
  0
LINE
  5
8C8
330
89B
100
AcDbEntity
  8
0
  6
Continuous
 62
     7
370
    25
100
AcDbLine
 10
274.0
 20
13.9498357897
 30
0.0
 11
274.0
 21
16.9643187209
 31
0.0
  0
LINE
  5
8C9
330
89B
100
AcDbEntity
  8
0
  6
Continuous
 62
     7
370
    25
100
AcDbLine
 10
272.0
 20
13.9498357897
 30
0.0
 11
274.0
 21
13.9498357897
 31
0.0
  0
LINE
  5
8CA
330
89B
100
AcDbEntity
  8
0
  6
Continuous
 62
     7
370
    25
100
AcDbLine
 10
272.0
 20
16.9607213522
 30
0.0
 11
272.0
 21
13.9498357897
 31
0.0
  0
LINE
  5
8CB
330
89B
100
AcDbEntity
  8
0
  6
Continuous
 62
     7
370
    25
100
AcDbLine
 10
214.0
 20
16.847539101
 30
0.0
 11
214.0
 21
13.9498357897
 31
0.0
  0
LINE
  5
8CC
330
89B
100
AcDbEntity
  8
0
  6
Continuous
 62
     7
370
    25
100
AcDbLine
 10
214.0
 20
13.9498357897
 30
0.0
 11
212.0
 21
13.9498357897
 31
0.0
  0
LINE
  5
8CD
330
89B
100
AcDbEntity
  8
0
  6
Continuous
 62
     7
370
    25
100
AcDbLine
 10
212.0
 20
13.9498357897
 30
0.0
 11
212.0
 21
16.8432945534
 31
0.0
  0
LINE
  5
8CE
330
89B
100
AcDbEntity
  8
0
  6
Continuous
 62
     7
370
    25
100
AcDbLine
 10
149.0
 20
16.6950825929
 30
0.0
 11
149.0
 21
13.9498357897
 31
0.0
  0
LINE
  5
8CF
330
89B
100
AcDbEntity
  8
0
  6
Continuous
 62
     7
370
    25
100
AcDbLine
 10
149.0
 20
13.9498357897
 30
0.0
 11
147.0
 21
13.9498357897
 31
0.0
  0
LINE
  5
8D0
330
89B
100
AcDbEntity
  8
0
  6
Continuous
 62
     7
370
    25
100
AcDbLine
 10
147.0
 20
13.9498357897
 30
0.0
 11
147.0
 21
16.6898587768
 31
0.0
  0
LINE
  5
8D1
330
89B
100
AcDbEntity
  8
0
  6
Continuous
 62
     7
370
    25
100
AcDbLine
 10
77.0
 20
16.4811826531
 30
0.0
 11
77.0
 21
13.9498357898
 31
0.0
  0
LINE
  5
8D2
330
89B
100
AcDbEntity
  8
0
  6
Continuous
 62
     7
370
    25
100
AcDbLine
 10
77.0
 20
13.9498357898
 30
0.0
 11
75.0
 21
13.9498357898
 31
0.0
  0
LINE
  5
8D3
330
89B
100
AcDbEntity
  8
0
  6
Continuous
 62
     7
370
    25
100
AcDbLine
 10
75.0
 20
13.9498357898
 30
0.0
 11
75.0
 21
16.4743725992
 31
0.0
  0
LINE
  5
8D4
330
89B
100
AcDbEntity
  8
0
  6
Continuous
 62
     7
370
    25
100
AcDbLine
 10
2.0
 20
13.9498357898
 30
0.0
 11
2.0
 21
16.1851849589
 31
0.0
  0
LINE
  5
8D5
330
89B
100
AcDbEntity
  8
0
  6
Continuous
 62
     7
370
    25
100
AcDbLine
 10
0.0
 20
13.9498357898
 30
0.0
 11
2.0
 21
13.9498357898
 31
0.0
  0
LINE
  5
8D6
330
89B
100
AcDbEntity
  8
0
  6
Continuous
 62
     7
370
    25
100
AcDbLine
 10
0.0
 20
13.9498357898
 30
0.0
 11
0.0
 21
10.9498357898
 31
0.0
  0
LINE
  5
8D7
330
89B
100
AcDbEntity
  8
0
  6
Continuous
 62
     7
370
    25
100
AcDbLine
 10
2.0
 20
10.9498357898
 30
0.0
 11
0.0
 21
10.9498357898
 31
0.0
  0
LINE
  5
8D8
330
89B
100
AcDbEntity
  8
0
  6
Continuous
 62
     7
370
    25
100
AcDbLine
 10
2.0
 20
8.6645634236
 30
0.0
 11
2.0
 21
10.9498357898
 31
0.0
  0
LINE
  5
8D9
330
89B
100
AcDbEntity
  8
0
  6
Continuous
 62
     7
370
    25
100
AcDbLine
 10
22.3249197074
 20
8.6645533683
 30
0.0
 11
22.3249197074
 21
8.564448371799999
 31
0.0
  0
LINE
  5
8DA
330
89B
100
AcDbEntity
  8
0
  6
Continuous
 62
     7
370
    25
100
AcDbLine
 10
22.3249197074
 20
8.564448371799999
 30
0.0
 11
21.3249197074
 21
8.564448137599999
 31
0.0
  0
LINE
  5
8DB
330
89B
100
AcDbEntity
  8
0
  6
Continuous
 62
     7
370
    25
100
AcDbLine
 10
21.3249197074
 20
8.564448137599999
 30
0.0
 11
21.3249197074
 21
8.664554217699999
 31
0.0
  0
LINE
  5
8DC
330
89B
100
AcDbEntity
  8
0
  6
Continuous
 62
     7
370
    25
100
AcDbLine
 10
23.5249197074
 20
8.6645523165
 30
0.0
 11
23.5249197074
 21
8.564448652799997
 31
0.0
  0
LINE
  5
8DD
330
89B
100
AcDbEntity
  8
0
  6
Continuous
 62
     7
370
    25
100
AcDbLine
 10
23.5249197074
 20
8.564448652799997
 30
0.0
 11
22.5249197074
 21
8.564448418599999
 31
0.0
  0
LINE
  5
8DE
330
89B
100
AcDbEntity
  8
0
  6
Continuous
 62
     7
370
    25
100
AcDbLine
 10
22.5249197074
 20
8.564448418599999
 30
0.0
 11
22.5249197074
 21
8.664553195499999
 31
0.0
  0
LINE
  5
8DF
330
89B
100
AcDbEntity
  8
0
  6
Continuous
 62
     7
370
    25
100
AcDbLine
 10
23.7249197074
 20
8.564448699599999
 30
0.0
 11
23.7249197074
 21
8.664552137799997
 31
0.0
  0
LINE
  5
8E0
330
89B
100
AcDbEntity
  8
0
  6
Continuous
 62
     7
370
    25
100
AcDbLine
 10
24.7249197074
 20
8.664551230299997
 30
0.0
 11
24.7249197074
 21
8.564448699599999
 31
0.0
  0
LINE
  5
8E1
330
89B
100
AcDbEntity
  8
0
  6
Continuous
 62
     7
370
    25
100
AcDbLine
 10
24.7249197074
 20
8.564448699599999
 30
0.0
 11
23.7249197074
 21
8.564448699599999
 31
0.0
  0
LINE
  5
8E2
330
89B
100
AcDbEntity
  8
0
  6
Continuous
 62
     7
370
    25
100
AcDbLine
 10
122.324919707
 20
8.6644375299
 30
0.0
 11
122.324919707
 21
8.564448371799999
 31
0.0
  0
LINE
  5
8E3
330
89B
100
AcDbEntity
  8
0
  6
Continuous
 62
     7
370
    25
100
AcDbLine
 10
122.324919707
 20
8.564448371799999
 30
0.0
 11
121.324919707
 21
8.564448137599999
 31
0.0
  0
LINE
  5
8E4
330
89B
100
AcDbEntity
  8
0
  6
Continuous
 62
     7
370
    25
100
AcDbLine
 10
121.324919707
 20
8.564448137599999
 30
0.0
 11
121.324919707
 21
8.6644383209
 31
0.0
  0
LINE
  5
8E5
330
89B
100
AcDbEntity
  8
0
  6
Continuous
 62
     7
370
    25
100
AcDbLine
 10
123.524919707
 20
8.6644366013
 30
0.0
 11
123.524919707
 21
8.564448652799997
 31
0.0
  0
LINE
  5
8E6
330
89B
100
AcDbEntity
  8
0
  6
Continuous
 62
     7
370
    25
100
AcDbLine
 10
123.524919707
 20
8.564448652799997
 30
0.0
 11
122.524919707
 21
8.564448418599999
 31
0.0
  0
LINE
  5
8E7
330
89B
100
AcDbEntity
  8
0
  6
Continuous
 62
     7
370
    25
100
AcDbLine
 10
122.524919707
 20
8.564448418599999
 30
0.0
 11
122.524919707
 21
8.6644373736
 31
0.0
  0
LINE
  5
8E8
330
89B
100
AcDbEntity
  8
0
  6
Continuous
 62
     7
370
    25
100
AcDbLine
 10
123.724919707
 20
8.564448699599999
 30
0.0
 11
123.724919707
 21
8.6644364487
 31
0.0
  0
LINE
  5
8E9
330
89B
100
AcDbEntity
  8
0
  6
Continuous
 62
     7
370
    25
100
AcDbLine
 10
124.724919707
 20
8.664435695099998
 30
0.0
 11
124.724919707
 21
8.564448699599999
 31
0.0
  0
LINE
  5
8EA
330
89B
100
AcDbEntity
  8
0
  6
Continuous
 62
     7
370
    25
100
AcDbLine
 10
124.724919707
 20
8.564448699599999
 30
0.0
 11
123.724919707
 21
8.564448699599999
 31
0.0
  0
LINE
  5
8EB
330
89B
100
AcDbEntity
  8
0
  6
Continuous
 62
     7
370
    25
100
AcDbLine
 10
322.324919706
 20
8.664448615899999
 30
0.0
 11
322.324919706
 21
8.564448371799999
 31
0.0
  0
LINE
  5
8EC
330
89B
100
AcDbEntity
  8
0
  6
Continuous
 62
     7
370
    25
100
AcDbLine
 10
322.324919706
 20
8.564448371799999
 30
0.0
 11
321.324919706
 21
8.564448137599999
 31
0.0
  0
LINE
  5
8ED
330
89B
100
AcDbEntity
  8
0
  6
Continuous
 62
     7
370
    25
100
AcDbLine
 10
321.324919706
 20
8.564448137599999
 30
0.0
 11
321.324919706
 21
8.6644484279
 31
0.0
  0
LINE
  5
8EE
330
89B
100
AcDbEntity
  8
0
  6
Continuous
 62
     7
370
    25
100
AcDbLine
 10
323.524919706
 20
8.6644488386
 30
0.0
 11
323.524919706
 21
8.564448652799997
 31
0.0
  0
LINE
  5
8EF
330
89B
100
AcDbEntity
  8
0
  6
Continuous
 62
     7
370
    25
100
AcDbLine
 10
323.524919706
 20
8.564448652799997
 30
0.0
 11
322.524919706
 21
8.564448418599999
 31
0.0
  0
LINE
  5
8F0
330
89B
100
AcDbEntity
  8
0
  6
Continuous
 62
     7
370
    25
100
AcDbLine
 10
322.524919706
 20
8.564448418599999
 30
0.0
 11
322.524919706
 21
8.6644486532
 31
0.0
  0
LINE
  5
8F1
330
89B
100
AcDbEntity
  8
0
  6
Continuous
 62
     7
370
    25
100
AcDbLine
 10
323.724919706
 20
8.564448699599999
 30
0.0
 11
323.724919706
 21
8.664448875399999
 31
0.0
  0
LINE
  5
8F2
330
89B
100
AcDbEntity
  8
0
  6
Continuous
 62
     7
370
    25
100
AcDbLine
 10
324.724919706
 20
8.6644490583
 30
0.0
 11
324.724919706
 21
8.564448699599999
 31
0.0
  0
LINE
  5
8F3
330
89B
100
AcDbEntity
  8
0
  6
Continuous
 62
     7
370
    25
100
AcDbLine
 10
324.724919706
 20
8.564448699599999
 30
0.0
 11
323.724919706
 21
8.564448699599999
 31
0.0
  0
LINE
  5
8F4
330
89B
100
AcDbEntity
  8
0
  6
Continuous
 62
     7
370
    25
100
AcDbLine
 10
222.3249197065
 20
8.664421424
 30
0.0
 11
222.3249197065
 21
8.564448371799999
 31
0.0
  0
LINE
  5
8F5
330
89B
100
AcDbEntity
  8
0
  6
Continuous
 62
     7
370
    25
100
AcDbLine
 10
222.3249197065
 20
8.564448371799999
 30
0.0
 11
221.3249197065
 21
8.564448137599999
 31
0.0
  0
LINE
  5
8F6
330
89B
100
AcDbEntity
  8
0
  6
Continuous
 62
     7
370
    25
100
AcDbLine
 10
221.3249197065
 20
8.564448137599999
 30
0.0
 11
221.3249197065
 21
8.6644211653
 31
0.0
  0
LINE
  5
8F7
330
89B
100
AcDbEntity
  8
0
  6
Continuous
 62
     7
370
    25
100
AcDbLine
 10
223.5249197065
 20
8.664421739599999
 30
0.0
 11
223.5249197065
 21
8.564448652799997
 31
0.0
  0
LINE
  5
8F8
330
89B
100
AcDbEntity
  8
0
  6
Continuous
 62
     7
370
    25
100
AcDbLine
 10
223.5249197065
 20
8.564448652799997
 30
0.0
 11
222.5249197065
 21
8.564448418599999
 31
0.0
  0
LINE
  5
8F9
330
89B
100
AcDbEntity
  8
0
  6
Continuous
 62
     7
370
    25
100
AcDbLine
 10
222.5249197065
 20
8.564448418599999
 30
0.0
 11
222.5249197065
 21
8.664421476199999
 31
0.0
  0
LINE
  5
8FA
330
89B
100
AcDbEntity
  8
0
  6
Continuous
 62
     7
370
    25
100
AcDbLine
 10
223.7249197065
 20
8.564448699599999
 30
0.0
 11
223.7249197065
 21
8.6644217927
 31
0.0
  0
LINE
  5
8FB
330
89B
100
AcDbEntity
  8
0
  6
Continuous
 62
     7
370
    25
100
AcDbLine
 10
224.7249197065
 20
8.664422060399999
 30
0.0
 11
224.7249197065
 21
8.564448699599999
 31
0.0
  0
LINE
  5
8FC
330
89B
100
AcDbEntity
  8
0
  6
Continuous
 62
     7
370
    25
100
AcDbLine
 10
224.7249197065
 20
8.564448699599999
 30
0.0
 11
223.7249197065
 21
8.564448699599999
 31
0.0
  0
LINE
  5
8FD
330
89B
100
AcDbEntity
  8
0
  6
Continuous
 62
     7
370
    25
100
AcDbLine
 10
327.0
 20
13.9498357898
 30
0.0
 11
329.0
 21
13.9498357898
 31
0.0
  0
LINE
  5
8FE
330
89B
100
AcDbEntity
  8
0
  6
Continuous
 62
     7
370
    25
100
AcDbLine
 10
329.0
 20
13.9498357898
 30
0.0
 11
329.0
 21
10.9498357898
 31
0.0
  0
LINE
  5
8FF
330
89B
100
AcDbEntity
  8
0
  6
Continuous
 62
     7
370
    25
100
AcDbLine
 10
329.0
 20
10.9498357898
 30
0.0
 11
327.0
 21
10.9498357898
 31
0.0
  0
LINE
  5
900
330
89B
100
AcDbEntity
  8
0
  6
Continuous
 62
     7
370
    25
100
AcDbLine
 10
327.0
 20
10.9498357898
 30
0.0
 11
327.0
 21
13.9498357898
 31
0.0
  0
SPLINE
  5
901
330
89B
100
AcDbEntity
  8
0
  6
Continuous
 62
     7
370
    25
100
AcDbSpline
210
0.0
220
0.0
230
1.0
 70
     8
 71
     3
 72
     8
 73
     4
 74
     0
 42
0.00000001
 43
0.0000000001
 40
0.3078750803160236
 40
0.3078750803160236
 40
0.3078750803160236
 40
0.3078750803160236
 40
0.3270000000000591
 40
0.3270000000000591
 40
0.3270000000000591
 40
0.3270000000000591
 10
21.12491968404021
 20
8.664554384550587
 30
0.0
 10
14.74994645602902
 20
8.664559685979062
 30
0.0
 10
8.374973228015621
 20
8.66456344684091
 30
0.0
 10
2.000000000002216
 20
8.664563423576058
 30
0.0
  0
SPLINE
  5
902
330
89B
100
AcDbEntity
  8
0
  6
Continuous
 62
     7
370
    25
100
AcDbSpline
210
0.0
220
0.0
230
1.0
 70
     8
 71
     3
 72
     8
 73
     4
 74
     0
 42
0.00000001
 43
0.0000000001
 40
0.2540000000000298
 40
0.2540000000000298
 40
0.2540000000000298
 40
0.2540000000000298
 40
0.3040750802926263
 40
0.3040750802926263
 40
0.3040750802926263
 40
0.3040750802926263
 10
75.00000000000252
 20
8.66448900621363
 30
0.0
 10
58.3083065691493
 20
8.664510926314656
 30
0.0
 10
41.61661313829847
 20
8.664535626349502
 30
0.0
 10
24.92491970743799
 20
8.664551045999999
 30
0.0
  0
SPLINE
  5
903
330
89B
100
AcDbEntity
  8
0
  6
Continuous
 62
     7
370
    25
100
AcDbSpline
210
0.0
220
0.0
230
1.0
 70
     8
 71
     3
 72
     8
 73
     4
 74
     0
 42
0.00000001
 43
0.0000000001
 40
0.207875080316449
 40
0.207875080316449
 40
0.207875080316449
 40
0.207875080316449
 40
0.252000000000029
 40
0.252000000000029
 40
0.252000000000029
 40
0.252000000000029
 10
121.1249196835612
 20
8.66443848088091
 30
0.0
 10
106.416613122371
 20
8.664450272815317
 30
0.0
 10
91.708306561185
 20
8.66446724282829
 30
0.0
 10
77.0000000000025
 20
8.664486390883572
 30
0.0
  0
SPLINE
  5
904
330
89B
100
AcDbEntity
  8
0
  6
Continuous
 62
     7
370
    25
100
AcDbSpline
210
0.0
220
0.0
230
1.0
 70
     8
 71
     3
 72
     8
 73
     4
 74
     0
 42
0.00000001
 43
0.0000000001
 40
0.1820000000000061
 40
0.1820000000000061
 40
0.1820000000000061
 40
0.1820000000000061
 40
0.2040750802930359
 40
0.2040750802930359
 40
0.2040750802930359
 40
0.2040750802930359
 10
147.0000000000902
 20
8.664422913221535
 30
0.0
 10
139.6416399024134
 20
8.664425953059492
 30
0.0
 10
132.2832798047369
 20
8.664430082435041
 30
0.0
 10
124.9249197070612
 20
8.664435546252411
 30
0.0
  0
SPLINE
  5
905
330
89B
100
AcDbEntity
  8
0
  6
Continuous
 62
     7
370
    25
100
AcDbSpline
210
0.0
220
0.0
230
1.0
 70
     8
 71
     3
 72
     8
 73
     4
 74
     0
 42
0.00000001
 43
0.0000000001
 40
0.1170000000000038
 40
0.1170000000000038
 40
0.1170000000000038
 40
0.1170000000000038
 40
0.1800000000000061
 40
0.1800000000000061
 40
0.1800000000000061
 40
0.1800000000000061
 10
212.0000000000903
 20
8.664418965244548
 30
0.0
 10
191.0000000000906
 20
8.664414494689133
 30
0.0
 10
170.0000000000887
 20
8.664413993647118
 30
0.0
 10
149.0000000000902
 20
8.664422113571401
 30
0.0
  0
SPLINE
  5
906
330
89B
100
AcDbEntity
  8
0
  6
Continuous
 62
     7
370
    25
100
AcDbSpline
210
0.0
220
0.0
230
1.0
 70
     8
 71
     3
 72
     8
 73
     4
 74
     0
 42
0.00000001
 43
0.0000000001
 40
0.1078750803169284
 40
0.1078750803169284
 40
0.1078750803169284
 40
0.1078750803169284
 40
0.1150000000000037
 40
0.1150000000000037
 40
0.1150000000000037
 40
0.1150000000000037
 10
221.1249196831653
 20
8.664421114082056
 30
0.0
 10
218.7499464554735
 20
8.664420506211728
 30
0.0
 10
216.374973227782
 20
8.664419932350043
 30
0.0
 10
214.0000000000903
 20
8.664419401708082
 30
0.0
  0
SPLINE
  5
907
330
89B
100
AcDbEntity
  8
0
  6
Continuous
 62
     7
370
    25
100
AcDbSpline
210
0.0
220
0.0
230
1.0
 70
     8
 71
     3
 72
     8
 73
     4
 74
     0
 42
0.00000001
 43
0.0000000001
 40
0.0569999999999733
 40
0.0569999999999733
 40
0.0569999999999733
 40
0.0569999999999733
 40
0.1040750802935391
 40
0.1040750802935391
 40
0.1040750802935391
 40
0.1040750802935391
 10
272.0000000002289
 20
8.664436464584882
 30
0.0
 10
256.3083065690411
 20
8.664431798788829
 30
0.0
 10
240.6166131378533
 20
8.664426354231125
 30
0.0
 10
224.9249197066653
 20
8.664422114450918
 30
0.0
  0
SPLINE
  5
908
330
89B
100
AcDbEntity
  8
0
  6
Continuous
 62
     7
370
    25
100
AcDbSpline
210
0.0
220
0.0
230
1.0
 70
     8
 71
     3
 72
     8
 73
     4
 74
     0
 42
0.00000001
 43
0.0000000001
 40
0.0078750803174444
 40
0.0078750803174444
 40
0.0078750803174444
 40
0.0078750803174444
 40
0.0550000000000016
 40
0.0550000000000016
 40
0.0550000000000016
 40
0.0550000000000016
 10
321.1249196827846
 20
8.664448390140352
 30
0.0
 10
305.4166131219325
 20
8.66444541464328
 30
0.0
 10
289.7083065610805
 20
8.664441663101706
 30
0.0
 10
274.0000000002288
 20
8.664437055288907
 30
0.0
  0
SPLINE
  5
909
330
89B
100
AcDbEntity
  8
0
  6
Continuous
 62
     7
370
    25
100
AcDbSpline
210
0.0
220
0.0
230
1.0
 70
     8
 71
     3
 72
     8
 73
     4
 74
     0
 42
0.00000001
 43
0.0000000001
 40
0.002
 40
0.002
 40
0.002
 40
0.002
 40
0.0040750802940268
 40
0.0040750802940268
 40
0.0040750802940268
 40
0.0040750802940268
 10
327.0000000002113
 20
8.664449466665187
 30
0.0
 10
326.3083065688691
 20
8.664449344204959
 30
0.0
 10
325.6166131375268
 20
8.664449220235708
 30
0.0
 10
324.9249197061846
 20
8.664449094755532
 30
0.0
  0
SPLINE
  5
90A
330
89B
100
AcDbEntity
  8
0
  6
Continuous
 62
     7
370
    25
100
AcDbSpline
210
0.0
220
0.0
230
1.0
 70
     8
 71
     3
 72
     8
 73
     4
 74
     0
 42
0.00000001
 43
0.0000000001
 40
0.2740012566156412
 40
0.2740012566156412
 40
0.2740012566156412
 40
0.2740012566156412
 40
0.327001337280557
 40
0.327001337280557
 40
0.327001337280557
 40
0.327001337280557
 10
274.0000000000284
 20
16.96431872093456
 30
0.0
 10
291.6666632752302
 20
16.99601497910146
 30
0.0
 10
309.3333303752116
 20
17.02562269886668
 30
0.0
 10
326.9999999999998
 20
17.05355656238185
 30
0.0
  0
SPLINE
  5
90B
330
89B
100
AcDbEntity
  8
0
  6
Continuous
 62
     7
370
    25
100
AcDbSpline
210
0.0
220
0.0
230
1.0
 70
     8
 71
     3
 72
     9
 73
     5
 74
     0
 42
0.00000001
 43
0.0000000001
 40
0.2140011368134432
 40
0.2140011368134432
 40
0.2140011368134432
 40
0.2140011368134432
 40
0.2314763046557788
 40
0.2720012531635501
 40
0.2720012531635501
 40
0.2720012531635501
 40
0.2720012531635501
 10
213.9999999999999
 20
16.84753910103282
 30
0.0
 10
219.8250423436945
 20
16.85986467776535
 30
0.0
 10
239.1583715444777
 20
16.89971099343757
 30
0.0
 10
258.4917071506803
 20
16.93636242905181
 30
0.0
 10
272.0000000000284
 20
16.96072135220296
 30
0.0
  0
SPLINE
  5
90C
330
89B
100
AcDbEntity
  8
0
  6
Continuous
 62
     7
370
    25
100
AcDbSpline
210
0.0
220
0.0
230
1.0
 70
     8
 71
     3
 72
     8
 73
     4
 74
     0
 42
0.00000001
 43
0.0000000001
 40
0.1490009491423562
 40
0.1490009491423562
 40
0.1490009491423562
 40
0.1490009491423562
 40
0.2120011320858409
 40
0.2120011320858409
 40
0.2120011320858409
 40
0.2120011320858409
 10
148.9999999999999
 20
16.6950825928739
 30
0.0
 10
169.9999869701142
 20
16.74974527617031
 30
0.0
 10
190.999989462036
 20
16.7985937780407
 30
0.0
 10
211.9999999999999
 20
16.84329455340464
 30
0.0
  0
SPLINE
  5
90D
330
89B
100
AcDbEntity
  8
0
  6
Continuous
 62
     7
370
    25
100
AcDbSpline
210
0.0
220
0.0
230
1.0
 70
     8
 71
     3
 72
    10
 73
     6
 74
     0
 42
0.00000001
 43
0.0000000001
 40
0.0770006175966454
 40
0.0770006175966454
 40
0.0770006175966454
 40
0.0770006175966454
 40
0.1339743189990143
 40
0.1339743189990143
 40
0.1470009421182959
 40
0.1470009421182959
 40
0.1470009421182959
 40
0.1470009421182959
 10
76.9999999999999
 20
16.48118265311373
 30
0.0
 10
95.9911206591922
 20
16.54559586078819
 30
0.0
 10
114.9822662525535
 20
16.60285582911464
 30
0.0
 10
138.3156157674748
 20
16.66684405139028
 30
0.0
 10
142.6578075549974
 20
16.67847848512302
 30
0.0
 10
146.9999999999999
 20
16.68985877683593
 30
0.0
  0
SPLINE
  5
90E
330
89B
100
AcDbEntity
  8
0
  6
Continuous
 62
     7
370
    25
100
AcDbSpline
210
0.0
220
0.0
230
1.0
 70
     8
 71
     3
 72
    10
 73
     6
 74
     0
 42
0.00000001
 43
0.0000000001
 40
0.0020000209931599
 40
0.0020000209931599
 40
0.0020000209931599
 40
0.0020000209931599
 40
0.0267948527362129
 40
0.0267948527362129
 40
0.0750006054846783
 40
0.0750006054846783
 40
0.0750006054846783
 40
0.0750006054846783
 10
2.000000000000114
 20
16.18518495885544
 30
0.0
 10
10.26485766543198
 20
16.22294339554438
 30
0.0
 10
18.52972421019803
 20
16.25879581374228
 30
0.0
 10
42.86304152034648
 20
16.3593798748088
 30
0.0
 10
58.93151259965788
 20
16.41944509489345
 30
0.0
 10
75.0
 20
16.47437259915226
 30
0.0
  0
SPLINE
  5
90F
330
89B
100
AcDbEntity
  8
0
  6
Continuous
 62
     7
370
    25
100
AcDbSpline
210
0.0
220
0.0
230
1.0
 70
     8
 71
     3
 72
     8
 73
     4
 74
     0
 42
0.00000001
 43
0.0000000001
 40
0.3066750802926269
 40
0.3066750802926269
 40
0.3066750802926269
 40
0.3066750802926269
 40
0.3076750802926058
 40
0.3076750802926058
 40
0.3076750802926058
 40
0.3076750802926058
 10
22.3249197073787
 20
8.66455336832695
 30
0.0
 10
21.99158637405236
 20
8.664553655610012
 30
0.0
 10
21.65825304072616
 20
8.6645539387889
 30
0.0
 10
21.3249197074
 20
8.664554217712383
 30
0.0
  0
SPLINE
  5
910
330
89B
100
AcDbEntity
  8
0
  6
Continuous
 62
     7
370
    25
100
AcDbSpline
210
0.0
220
0.0
230
1.0
 70
     8
 71
     3
 72
     8
 73
     4
 74
     0
 42
0.00000001
 43
0.0000000001
 40
0.3054750802926049
 40
0.3054750802926049
 40
0.3054750802926049
 40
0.3054750802926049
 40
0.3064750802926053
 40
0.3064750802926053
 40
0.3064750802926053
 40
0.3064750802926053
 10
23.52491970739999
 20
8.664552316521874
 30
0.0
 10
23.19158637406673
 20
8.664552613521411
 30
0.0
 10
22.85825304073342
 20
8.664552906539338
 30
0.0
 10
22.52491970739999
 20
8.664553195464142
 30
0.0
  0
SPLINE
  5
911
330
89B
100
AcDbEntity
  8
0
  6
Continuous
 62
     7
370
    25
100
AcDbSpline
210
0.0
220
0.0
230
1.0
 70
     8
 71
     3
 72
     8
 73
     4
 74
     0
 42
0.00000001
 43
0.0000000001
 40
0.3042750802926045
 40
0.3042750802926045
 40
0.3042750802926045
 40
0.3042750802926045
 40
0.3052750802926265
 40
0.3052750802926265
 40
0.3052750802926265
 40
0.3052750802926265
 10
24.72491970742175
 20
8.6645512302695
 30
0.0
 10
24.39158637408116
 20
8.664551536665124
 30
0.0
 10
24.05825304074057
 20
8.664551839212249
 30
0.0
 10
23.72491970739998
 20
8.664552137799997
 30
0.0
  0
SPLINE
  5
912
330
89B
100
AcDbEntity
  8
0
  6
Continuous
 62
     7
370
    25
100
AcDbSpline
210
0.0
220
0.0
230
1.0
 70
     8
 71
     3
 72
     8
 73
     4
 74
     0
 42
0.00000001
 43
0.0000000001
 40
0.2066750802930325
 40
0.2066750802930325
 40
0.2066750802930325
 40
0.2066750802930325
 40
0.2076750802930313
 40
0.2076750802930313
 40
0.2076750802930313
 40
0.2076750802930313
 10
122.3249197069986
 20
8.664437529943905
 30
0.0
 10
121.9915863736658
 20
8.664437791018603
 30
0.0
 10
121.6582530403329
 20
8.664438054674912
 30
0.0
 10
121.324919707
 20
8.664438320891481
 30
0.0
  0
SPLINE
  5
913
330
89B
100
AcDbEntity
  8
0
  6
Continuous
 62
     7
370
    25
100
AcDbSpline
210
0.0
220
0.0
230
1.0
 70
     8
 71
     3
 72
     8
 73
     4
 74
     0
 42
0.00000001
 43
0.0000000001
 40
0.2054750802930345
 40
0.2054750802930345
 40
0.2054750802930345
 40
0.2054750802930345
 40
0.2064750802930333
 40
0.2064750802930333
 40
0.2064750802930333
 40
0.2064750802930333
 10
123.5249197069987
 20
8.664436601263592
 30
0.0
 10
123.1915863736658
 20
8.664436856112406
 30
0.0
 10
122.8582530403329
 20
8.664437113567812
 30
0.0
 10
122.524919707
 20
8.664437373609043
 30
0.0
  0
SPLINE
  5
914
330
89B
100
AcDbEntity
  8
0
  6
Continuous
 62
     7
370
    25
100
AcDbSpline
210
0.0
220
0.0
230
1.0
 70
     8
 71
     3
 72
     8
 73
     4
 74
     0
 42
0.00000001
 43
0.0000000001
 40
0.2042750802930358
 40
0.2042750802930358
 40
0.2042750802930358
 40
0.2042750802930358
 40
0.2052750802930347
 40
0.2052750802930347
 40
0.2052750802930347
 40
0.2052750802930347
 10
124.7249197069986
 20
8.664435695136161
 30
0.0
 10
124.3915863736657
 20
8.664435943699947
 30
0.0
 10
124.0582530403329
 20
8.664436194894628
 30
0.0
 10
123.724919707
 20
8.6644364487
 30
0.0
  0
SPLINE
  5
915
330
89B
100
AcDbEntity
  8
0
  6
Continuous
 62
     7
370
    25
100
AcDbSpline
210
0.0
220
0.0
230
1.0
 70
     8
 71
     3
 72
     8
 73
     4
 74
     0
 42
0.00000001
 43
0.0000000001
 40
0.0066750802940268
 40
0.0066750802940268
 40
0.0066750802940268
 40
0.0066750802940268
 40
0.0076750802940045
 40
0.0076750802940045
 40
0.0076750802940045
 40
0.0076750802940045
 10
322.3249197059776
 20
8.664448615871243
 30
0.0
 10
321.9915863726519
 20
8.66444855357483
 30
0.0
 10
321.6582530393259
 20
8.664448490926837
 30
0.0
 10
321.324919706
 20
8.664448427926972
 30
0.0
  0
SPLINE
  5
916
330
89B
100
AcDbEntity
  8
0
  6
Continuous
 62
     7
370
    25
100
AcDbSpline
210
0.0
220
0.0
230
1.0
 70
     8
 71
     3
 72
     8
 73
     4
 74
     0
 42
0.00000001
 43
0.0000000001
 40
0.0054750802940268
 40
0.0054750802940268
 40
0.0054750802940268
 40
0.0054750802940268
 40
0.0064750802940091
 40
0.0064750802940091
 40
0.0064750802940091
 40
0.0064750802940091
 10
323.5249197059823
 20
8.664448838620012
 30
0.0
 10
323.1915863726549
 20
8.664448777166978
 30
0.0
 10
322.8582530393274
 20
8.664448715362702
 30
0.0
 10
322.524919706
 20
8.664448653206907
 30
0.0
  0
SPLINE
  5
917
330
89B
100
AcDbEntity
  8
0
  6
Continuous
 62
     7
370
    25
100
AcDbSpline
210
0.0
220
0.0
230
1.0
 70
     8
 71
     3
 72
     8
 73
     4
 74
     0
 42
0.00000001
 43
0.0000000001
 40
0.0042750802940268
 40
0.0042750802940268
 40
0.0042750802940268
 40
0.0042750802940268
 40
0.0052750802940268
 40
0.0052750802940268
 40
0.0052750802940268
 40
0.0052750802940268
 10
324.724919706
 20
8.664449058284299
 30
0.0
 10
324.3915863726666
 20
8.664448997673897
 30
0.0
 10
324.0582530393334
 20
8.664448936712542
 30
0.0
 10
323.724919706
 20
8.664448875400003
 30
0.0
  0
SPLINE
  5
918
330
89B
100
AcDbEntity
  8
0
  6
Continuous
 62
     7
370
    25
100
AcDbSpline
210
0.0
220
0.0
230
1.0
 70
     8
 71
     3
 72
     8
 73
     4
 74
     0
 42
0.00000001
 43
0.0000000001
 40
0.1066750802935391
 40
0.1066750802935391
 40
0.1066750802935391
 40
0.1066750802935391
 40
0.1076750802935392
 40
0.1076750802935392
 40
0.1076750802935392
 40
0.1076750802935392
 10
222.3249197065
 20
8.664421424025196
 30
0.0
 10
221.9915863731667
 20
8.664421337134116
 30
0.0
 10
221.6582530398333
 20
8.664421250884613
 30
0.0
 10
221.3249197065
 20
8.664421165301121
 30
0.0
  0
SPLINE
  5
919
330
89B
100
AcDbEntity
  8
0
  6
Continuous
 62
     7
370
    25
100
AcDbSpline
210
0.0
220
0.0
230
1.0
 70
     8
 71
     3
 72
     8
 73
     4
 74
     0
 42
0.00000001
 43
0.0000000001
 40
0.1054750802935391
 40
0.1054750802935391
 40
0.1054750802935391
 40
0.1054750802935391
 40
0.1064750802935391
 40
0.1064750802935391
 40
0.1064750802935391
 40
0.1064750802935391
 10
223.5249197064999
 20
8.664421739562806
 30
0.0
 10
223.1915863731666
 20
8.66442165116682
 30
0.0
 10
222.8582530398333
 20
8.664421563383374
 30
0.0
 10
222.5249197065
 20
8.664421476236638
 30
0.0
  0
SPLINE
  5
91A
330
89B
100
AcDbEntity
  8
0
  6
Continuous
 62
     7
370
    25
100
AcDbSpline
210
0.0
220
0.0
230
1.0
 70
     8
 71
     3
 72
     8
 73
     4
 74
     0
 42
0.00000001
 43
0.0000000001
 40
0.1042750802935391
 40
0.1042750802935391
 40
0.1042750802935391
 40
0.1042750802935391
 40
0.1052750802935391
 40
0.1052750802935391
 40
0.1052750802935391
 40
0.1052750802935391
 10
224.7249197065
 20
8.664422060419449
 30
0.0
 10
224.3915863731667
 20
8.664421970587827
 30
0.0
 10
224.0582530398334
 20
8.664421881340048
 30
0.0
 10
223.7249197065
 20
8.6644217927
 30
0.0
  0
ENDBLK
  5
91B
330
89B
100
AcDbEntity
  8
0
100
AcDbBlockEnd
  0
BLOCK
  5
941
330
940
100
AcDbEntity
  8
0
100
AcDbBlockBegin
  2
fin_方向舵前挡板_高度为59
 70
     0
 10
0.0
 20
0.0
 30
0.0
  3
fin_方向舵前挡板_高度为59
  1

  0
LINE
  5
942
330
940
100
AcDbEntity
  8
0
  6
Continuous
 62
     7
370
    25
100
AcDbLine
 10
6.0
 20
3.7473134211
 30
0.0
 11
6.0
 21
2.686914416999999
 31
0.0
  0
LINE
  5
943
330
940
100
AcDbEntity
  8
0
  6
Continuous
 62
     7
370
    25
100
AcDbLine
 10
6.0
 20
2.686914416999999
 30
0.0
 11
4.0
 21
2.686914416999999
 31
0.0
  0
LINE
  5
944
330
940
100
AcDbEntity
  8
0
  6
Continuous
 62
     7
370
    25
100
AcDbLine
 10
4.0
 20
3.873828833999998
 30
0.0
 11
4.0
 21
2.686914416999999
 31
0.0
  0
LINE
  5
945
330
940
100
AcDbEntity
  8
0
  6
Continuous
 62
     7
370
    25
100
AcDbLine
 10
0.0
 20
3.873828833999998
 30
0.0
 11
4.0
 21
3.873828833999998
 31
0.0
  0
LINE
  5
946
330
940
100
AcDbEntity
  8
0
  6
Continuous
 62
     7
370
    25
100
AcDbLine
 10
0.0
 20
2.686914416999999
 30
0.0
 11
0.0
 21
3.873828833999998
 31
0.0
  0
LINE
  5
947
330
940
100
AcDbEntity
  8
0
  6
Continuous
 62
     7
370
    25
100
AcDbLine
 10
0.0
 20
2.686914416999999
 30
0.0
 11
2.0
 21
2.686914416999999
 31
0.0
  0
LINE
  5
948
330
940
100
AcDbEntity
  8
0
  6
Continuous
 62
     7
370
    25
100
AcDbLine
 10
2.0
 20
2.686914416999999
 30
0.0
 11
2.0
 21
1.186914417
 31
0.0
  0
LINE
  5
949
330
940
100
AcDbEntity
  8
0
  6
Continuous
 62
     7
370
    25
100
AcDbLine
 10
2.0
 20
1.186914417
 30
0.0
 11
0.0
 21
1.186914417
 31
0.0
  0
LINE
  5
94A
330
940
100
AcDbEntity
  8
0
  6
Continuous
 62
     7
370
    25
100
AcDbLine
 10
0.0
 20
0.0
 30
0.0
 11
0.0
 21
1.186914417
 31
0.0
  0
LINE
  5
94B
330
940
100
AcDbEntity
  8
0
  6
Continuous
 62
     7
370
    25
100
AcDbLine
 10
4.0
 20
0.0
 30
0.0
 11
0.0
 21
0.0
 31
0.0
  0
LINE
  5
94C
330
940
100
AcDbEntity
  8
0
  6
Continuous
 62
     7
370
    25
100
AcDbLine
 10
4.0
 20
1.186914417
 30
0.0
 11
4.0
 21
0.0
 31
0.0
  0
LINE
  5
94D
330
940
100
AcDbEntity
  8
0
  6
Continuous
 62
     7
370
    25
100
AcDbLine
 10
6.0
 20
1.186914417
 30
0.0
 11
4.0
 21
1.186914417
 31
0.0
  0
LINE
  5
94E
330
940
100
AcDbEntity
  8
0
  6
Continuous
 62
     7
370
    25
100
AcDbLine
 10
6.0
 20
0.1265154129
 30
0.0
 11
6.0
 21
1.186914417
 31
0.0
  0
LINE
  5
94F
330
940
100
AcDbEntity
  8
0
  6
Continuous
 62
     7
370
    25
100
AcDbLine
 10
58.9741943984
 20
0.6011288388000002
 30
0.0
 11
58.9741943984
 21
1.186914417
 31
0.0
  0
LINE
  5
950
330
940
100
AcDbEntity
  8
0
  6
Continuous
 62
     7
370
    25
100
AcDbLine
 10
58.9741943984
 20
1.186914417
 30
0.0
 11
61.0
 21
1.186914417
 31
0.0
  0
LINE
  5
951
330
940
100
AcDbEntity
  8
0
  6
Continuous
 62
     7
370
    25
100
AcDbLine
 10
61.0
 20
1.186914417
 30
0.0
 11
61.0
 21
2.686914416999999
 31
0.0
  0
LINE
  5
952
330
940
100
AcDbEntity
  8
0
  6
Continuous
 62
     7
370
    25
100
AcDbLine
 10
58.9741943984
 20
2.686914416999999
 30
0.0
 11
61.0
 21
2.686914416999999
 31
0.0
  0
LINE
  5
953
330
940
100
AcDbEntity
  8
0
  6
Continuous
 62
     7
370
    25
100
AcDbLine
 10
58.9741943984
 20
2.686914416999999
 30
0.0
 11
58.9741943984
 21
3.272699995199998
 31
0.0
  0
SPLINE
  5
954
330
940
100
AcDbEntity
  8
0
  6
Continuous
 62
     7
370
    25
100
AcDbSpline
210
0.0
220
0.0
230
1.0
 70
     8
 71
     3
 72
    18
 73
    14
 74
     0
 42
0.00000001
 43
0.0000000001
 40
0.002026361609151
 40
0.002026361609151
 40
0.002026361609151
 40
0.002026361609151
 40
0.0036497399375527
 40
0.0036497399375527
 40
0.0036497399375527
 40
0.0182490834024745
 40
0.0182490834024745
 40
0.0182490834024745
 40
0.0328481356518786
 40
0.0328481356518786
 40
0.0449139633270326
 40
0.0449139633270326
 40
0.055003643052148
 40
0.055003643052148
 40
0.055003643052148
 40
0.055003643052148
 10
58.97419439839749
 20
3.272699995227958
 30
0.0
 10
58.43319771504024
 20
3.284559375561026
 30
0.0
 10
57.8921880793045
 20
3.29583812106618
 30
0.0
 10
57.35116889052338
 20
3.306622075631495
 30
0.0
 10
52.48575442819157
 20
3.403602755044018
 30
0.0
 10
47.61961676881992
 20
3.463583668845651
 30
0.0
 10
42.75349146912176
 20
3.513460618273457
 30
0.0
 10
37.88743640482036
 20
3.563336847800496
 30
0.0
 10
33.02125246030161
 20
3.600785510245326
 30
0.0
 10
24.13321991356851
 20
3.659098653843153
 30
0.0
 10
20.11136670732379
 20
3.681520986534466
 30
0.0
 10
12.72634299299706
 20
3.718354966072852
 30
0.0
 10
9.363173739163194
 20
3.733427915355371
 30
0.0
 10
6.0
 20
3.747313421129856
 30
0.0
  0
SPLINE
  5
955
330
940
100
AcDbEntity
  8
0
  6
Continuous
 62
     7
370
    25
100
AcDbSpline
210
0.0
220
0.0
230
1.0
 70
     8
 71
     3
 72
    17
 73
    13
 74
     0
 42
0.00000001
 43
0.0000000001
 40
0.0020000163788366
 40
0.0020000163788366
 40
0.0020000163788366
 40
0.0020000163788366
 40
0.0101832314309529
 40
0.0101832314309529
 40
0.0203664642595398
 40
0.0203664642595398
 40
0.0305497009331655
 40
0.0305497009331655
 40
0.0407329499265144
 40
0.0407329499265144
 40
0.0407329499265144
 40
0.0549770090290327
 40
0.0549770090290327
 40
0.0549770090290327
 40
0.0549770090290327
 10
5.999999999999996
 20
0.1265154129000002
 30
0.0
 10
8.727715110348356
 20
0.1377773062345131
 30
0.0
 10
11.4554271742246
 20
0.1498247988812771
 30
0.0
 10
17.57750572556871
 20
0.1792157753278001
 30
0.0
 10
20.97187046019397
 20
0.1971154085210931
 30
0.0
 10
27.76057143837052
 20
0.2376854339675931
 30
0.0
 10
31.15491038087258
 20
0.2603269605030072
 30
0.0
 10
37.94352722427721
 20
0.3135174721288791
 30
0.0
 10
41.33781299213684
 20
0.3439940502211691
 30
0.0
 10
44.73202071037717
 20
0.3813938413929551
 30
0.0
 10
49.47968873222933
 20
0.4337070194038421
 30
0.0
 10
54.22737856764593
 20
0.4970722040023113
 30
0.0
 10
58.97419439839659
 20
0.6011288388018891
 30
0.0
  0
ENDBLK
  5
956
330
940
100
AcDbEntity
  8
0
100
AcDbBlockEnd
  0
BLOCK
  5
95E
330
95D
100
AcDbEntity
  8
0
100
AcDbBlockBegin
  2
fin_卡扣_高度为59
 70
     0
 10
0.0
 20
0.0
 30
0.0
  3
fin_卡扣_高度为59
  1

  0
LINE
  5
95F
330
95D
100
AcDbEntity
  8
0
  6
Continuous
 62
     7
370
    25
100
AcDbLine
 10
0.0
 20
0.0
 30
0.0
 11
2.0
 21
0.0
 31
0.0
  0
LINE
  5
960
330
95D
100
AcDbEntity
  8
0
  6
Continuous
 62
     7
370
    25
100
AcDbLine
 10
2.0
 20
4.0
 30
0.0
 11
2.0
 21
0.0
 31
0.0
  0
LINE
  5
961
330
95D
100
AcDbEntity
  8
0
  6
Continuous
 62
     7
370
    25
100
AcDbLine
 10
0.0
 20
4.0
 30
0.0
 11
2.0
 21
4.0
 31
0.0
  0
LINE
  5
962
330
95D
100
AcDbEntity
  8
0
  6
Continuous
 62
     7
370
    25
100
AcDbLine
 10
0.0
 20
4.0
 30
0.0
 11
0.0
 21
0.0
 31
0.0
  0
ENDBLK
  5
963
330
95D
100
AcDbEntity
  8
0
100
AcDbBlockEnd
  0
BLOCK
  5
96B
330
96A
100
AcDbEntity
  8
0
100
AcDbBlockBegin
  2
main_wing_平面版小翼_可以是木板
 70
     0
 10
0.0
 20
0.0
 30
0.0
  3
main_wing_平面版小翼_可以是木板
  1

  0
LINE
  5
96C
330
96A
100
AcDbEntity
  8
0
  6
Continuous
 62
     7
370
    25
100
AcDbLine
 10
132.1537327291
 20
43.2540064992
 30
0.0
 11
13.5131949737
 21
11.464370218
 31
0.0
  0
LINE
  5
96D
330
96A
100
AcDbEntity
  8
0
  6
Continuous
 62
     7
370
    25
100
AcDbLine
 10
117.1683791424
 20
3.4735645372
 30
0.0
 11
117.6816982828
 21
3.4924186442
 31
0.0
  0
LINE
  5
96E
330
96A
100
AcDbEntity
  8
0
  6
Continuous
 62
     7
370
    25
100
AcDbLine
 10
117.6816982828
 20
3.4924186442
 30
0.0
 11
132.1537327291
 21
43.2540064992
 31
0.0
  0
SPLINE
  5
96F
330
96A
100
AcDbEntity
  8
0
  6
Continuous
 62
     7
370
    25
100
AcDbSpline
210
0.0
220
0.0
230
1.0
 70
     8
 71
     3
 72
    74
 73
    70
 74
     0
 42
0.00000001
 43
0.0000000001
 40
0.475675046554935
 40
0.475675046554935
 40
0.475675046554935
 40
0.475675046554935
 40
0.4797558775605216
 40
0.4838367085661081
 40
0.4879175395716946
 40
0.4919983705772812
 40
0.4960792015828678
 40
0.5001600325884544
 40
0.504240863594041
 40
0.5083216945996277
 40
0.5124025256052143
 40
0.5164833566108007
 40
0.5185237721135941
 40
0.5205641876163875
 40
0.5226046031191807
 40
0.524645018621974
 40
0.5266854341247674
 40
0.5287258496275608
 40
0.530766265130354
 40
0.5328066806331472
 40
0.5348470961359404
 40
0.5368875116387338
 40
0.5389279271415272
 40
0.5409683426443204
 40
0.5430087581471137
 40
0.5450491736499071
 40
0.5470895891527005
 40
0.5491300046554936
 40
0.5511704201582868
 40
0.5532108356610801
 40
0.5572916666666669
 40
0.5613724976722534
 40
0.5654533286778399
 40
0.5695341596834265
 40
0.5736149906890132
 40
0.5776958216945998
 40
0.5817766527001862
 40
0.585857483705773
 40
0.5899383147113598
 40
0.5940191457169463
 40
0.5980999767225327
 40
0.6062616387337059
 40
0.6144233007448791
 40
0.6225849627560524
 40
0.6307466247672254
 40
0.6389082867783987
 40
0.647069948789572
 40
0.655231610800745
 40
0.6633932728119183
 40
0.6715549348230914
 40
0.6797165968342646
 40
0.6878782588454379
 40
0.6960399208566109
 40
0.7042015828677842
 40
0.7205249068901305
 40
0.7368482309124769
 40
0.7531715549348234
 40
0.7694948789571697
 40
0.785818202979516
 40
0.8021415270018621
 40
0.8184648510242087
 40
0.834788175046555
 40
0.8511114990689014
 40
0.8674348230912476
 40
0.8837581471135942
 40
0.9000814711359407
 40
0.9327281191806331
 40
0.965374767225326
 40
0.9980214152700186
 40
0.9980214152700186
 40
0.9980214152700186
 40
0.9980214152700186
 10
13.51319497374962
 20
11.4643702179952
 30
0.0
 10
13.17392135925452
 20
11.37346212697802
 30
0.0
 10
12.4969479495182
 20
11.18592492084807
 30
0.0
 10
11.48673862701723
 20
10.8861712223051
 30
0.0
 10
10.48248042410992
 20
10.56706509418654
 30
0.0
 10
9.484423860622783
 20
10.22908383567831
 30
0.0
 10
8.492558356105575
 20
9.873313562437122
 30
0.0
 10
7.509054507978447
 20
9.494940270342194
 30
0.0
 10
6.536820277858325
 20
9.088366001418151
 30
0.0
 10
5.579735880964434
 20
8.647084960233927
 30
0.0
 10
4.643819414666495
 20
8.162325105548235
 30
0.0
 10
3.886541166213731
 20
7.717037056818592
 30
0.0
 10
3.301362157318024
 20
7.328083952409267
 30
0.0
 10
2.874818685189197
 20
7.018714381144541
 30
0.0
 10
2.461452676631024
 20
6.691824487299597
 30
0.0
 10
2.062913154803127
 20
6.347114507480784
 30
0.0
 10
1.678326597565258
 20
5.986835602938115
 30
0.0
 10
1.302655597146767
 20
5.61760643473404
 30
0.0
 10
0.9326054661329266
 20
5.242266176003436
 30
0.0
 10
0.5797583870141523
 20
4.851241307315256
 30
0.0
 10
0.2614984403384
 20
4.429348598802124
 30
0.0
 10
0.0054131667980499
 20
3.968236971839622
 30
0.0
 10
-0.1280240628388469
 20
3.44826881408745
 30
0.0
 10
-0.0290089952102477
 20
2.918368874046127
 30
0.0
 10
0.2440600433819782
 20
2.462183711127679
 30
0.0
 10
0.5988152573176251
 20
2.071122566427398
 30
0.0
 10
1.01007939050116
 20
1.738901174994824
 30
0.0
 10
1.461935936162249
 20
1.46610754881877
 30
0.0
 10
1.948396058649505
 20
1.26028450030522
 30
0.0
 10
2.62124615235936
 20
1.056409841517709
 30
0.0
 10
3.482631122596331
 20
0.8827367238935106
 30
0.0
 10
4.516192789832088
 20
0.6789299883762832
 30
0.0
 10
5.556940348970699
 20
0.5118998693263253
 30
0.0
 10
6.60378216206817
 20
0.3904708759594202
 30
0.0
 10
7.653871585879882
 20
0.302344762803143
 30
0.0
 10
8.705616503947139
 20
0.2377524691313293
 30
0.0
 10
9.757789858159126
 20
0.181370910077427
 30
0.0
 10
10.81036382050478
 20
0.1326140338490012
 30
0.0
 10
11.86317265339181
 20
0.0895405969438112
 30
0.0
 10
12.91632138901535
 20
0.0553344029856242
 30
0.0
 10
14.32083604805921
 20
0.0213811279093239
 30
0.0
 10
16.0768333093753
 20
-0.0043631965387849
 30
0.0
 10
18.18424095279432
 20
-0.0090772066967557
 30
0.0
 10
20.2915768787211
 20
0.0074705415621033
 30
0.0
 10
22.39868404897219
 20
0.0423047078423271
 30
0.0
 10
24.50549862005619
 20
0.091441031461819
 30
0.0
 10
26.61201358349983
 20
0.1519905643591062
 30
0.0
 10
28.71825260476865
 20
0.2213817282847779
 30
0.0
 10
30.8242710376234
 20
0.297126590766621
 30
0.0
 10
32.9301519160783
 20
0.37656826009577
 30
0.0
 10
35.03598448330021
 20
0.4572762069026632
 30
0.0
 10
37.14187636740721
 20
0.536424391832143
 30
0.0
 10
39.24781175450441
 20
0.6144023994654303
 30
0.0
 10
42.05576996981431
 20
0.7171696115835471
 30
0.0
 10
45.56576905137239
 20
0.8442160251965571
 30
0.0
 10
49.77772743439519
 20
0.9977888879603268
 30
0.0
 10
53.9896355434134
 20
1.152731819934802
 30
0.0
 10
58.20153253732251
 20
1.307979468752314
 30
0.0
 10
62.4134422414315
 20
1.462874270922964
 30
0.0
 10
66.6253641987832
 20
1.61745076201739
 30
0.0
 10
70.8372860039842
 20
1.772003809988285
 30
0.0
 10
75.04920621557253
 20
1.926650092607671
 30
0.0
 10
79.26112003416759
 20
2.081378168027395
 30
0.0
 10
83.4730409569614
 20
2.236086382356583
 30
0.0
 10
87.68495038981811
 20
2.390769441907368
 30
0.0
 10
93.30085714481381
 20
2.597017943586738
 30
0.0
 10
100.3206852798635
 20
2.854821130599951
 30
0.0
 10
108.7445863681374
 20
3.164203264597904
 30
0.0
 10
114.3603728248497
 20
3.370427039330232
 30
0.0
 10
117.1683791424213
 20
3.473564537172177
 30
0.0
  0
ENDBLK
  5
970
330
96A
100
AcDbEntity
  8
0
100
AcDbBlockEnd
  0
ENDSEC
  0
SECTION
  2
ENTITIES
  0
CIRCLE
  5
63
330
1F
100
AcDbEntity
  8
0
  6
Continuous
 62
     7
370
    25
100
AcDbCircle
 10
8.499999543699914
 20
97.000000361
 30
0.0
 40
5.000000000000006
  0
CIRCLE
  5
65
330
1F
100
AcDbEntity
  8
0
  6
Continuous
 62
     7
370
    25
100
AcDbCircle
 10
8.499999543699914
 20
47.00000036099999
 30
0.0
 40
5.000000000000004
  0
CIRCLE
  5
66
330
1F
100
AcDbEntity
  8
0
  6
Continuous
 62
     7
370
    25
100
AcDbCircle
 10
328.4999995436999
 20
97.000000361
 30
0.0
 40
5.000000000000056
  0
CIRCLE
  5
67
330
1F
100
AcDbEntity
  8
0
  6
Continuous
 62
     7
370
    25
100
AcDbCircle
 10
328.4999995436999
 20
47.00000036099999
 30
0.0
 40
5.0
  0
LINE
  5
7B
330
1F
100
AcDbEntity
  8
0
  6
Continuous
 62
     7
370
    25
100
AcDbLine
 10
-11.50000045630008
 20
82.00000036099998
 30
0.0
 11
-9.500000456300085
 21
82.00000036099998
 31
0.0
  0
LINE
  5
7C
330
1F
100
AcDbEntity
  8
0
  6
Continuous
 62
     7
370
    25
100
AcDbLine
 10
-9.500000456300085
 20
122.000000361
 30
0.0
 11
-9.500000456300085
 21
82.00000036099998
 31
0.0
  0
LINE
  5
7D
330
1F
100
AcDbEntity
  8
0
  6
Continuous
 62
     7
370
    25
100
AcDbLine
 10
-9.500000456300085
 20
122.000000361
 30
0.0
 11
88.49999954369991
 21
122.000000361
 31
0.0
  0
LINE
  5
7E
330
1F
100
AcDbEntity
  8
0
  6
Continuous
 62
     7
370
    25
100
AcDbLine
 10
88.49999954369991
 20
122.000000361
 30
0.0
 11
88.49999954369991
 21
124.000000361
 31
0.0
  0
LINE
  5
7F
330
1F
100
AcDbEntity
  8
0
  6
Continuous
 62
     7
370
    25
100
AcDbLine
 10
88.49999954369991
 20
124.000000361
 30
0.0
 11
128.4999995436999
 21
124.000000361
 31
0.0
  0
LINE
  5
80
330
1F
100
AcDbEntity
  8
0
  6
Continuous
 62
     7
370
    25
100
AcDbLine
 10
128.4999995436999
 20
122.000000361
 30
0.0
 11
128.4999995436999
 21
124.000000361
 31
0.0
  0
LINE
  5
81
330
1F
100
AcDbEntity
  8
0
  6
Continuous
 62
     7
370
    25
100
AcDbLine
 10
128.4999995436999
 20
122.000000361
 30
0.0
 11
338.4999995436999
 21
122.000000361
 31
0.0
  0
LINE
  5
82
330
1F
100
AcDbEntity
  8
0
  6
Continuous
 62
     7
370
    25
100
AcDbLine
 10
338.4999995436999
 20
82.00000036099998
 30
0.0
 11
338.4999995436999
 21
122.000000361
 31
0.0
  0
LINE
  5
83
330
1F
100
AcDbEntity
  8
0
  6
Continuous
 62
     7
370
    25
100
AcDbLine
 10
338.4999995436999
 20
82.00000036099998
 30
0.0
 11
340.4999995436999
 21
82.00000036099998
 31
0.0
  0
LINE
  5
84
330
1F
100
AcDbEntity
  8
0
  6
Continuous
 62
     7
370
    25
100
AcDbLine
 10
340.4999995436999
 20
82.00000036099998
 30
0.0
 11
340.4999995436999
 21
62.000000361
 31
0.0
  0
LINE
  5
85
330
1F
100
AcDbEntity
  8
0
  6
Continuous
 62
     7
370
    25
100
AcDbLine
 10
338.4999995436999
 20
62.000000361
 30
0.0
 11
340.4999995436999
 21
62.000000361
 31
0.0
  0
LINE
  5
86
330
1F
100
AcDbEntity
  8
0
  6
Continuous
 62
     7
370
    25
100
AcDbLine
 10
338.4999995436999
 20
22.000000361
 30
0.0
 11
338.4999995436999
 21
62.000000361
 31
0.0
  0
LINE
  5
87
330
1F
100
AcDbEntity
  8
0
  6
Continuous
 62
     7
370
    25
100
AcDbLine
 10
128.4999995436999
 20
22.000000361
 30
0.0
 11
338.4999995436999
 21
22.000000361
 31
0.0
  0
LINE
  5
88
330
1F
100
AcDbEntity
  8
0
  6
Continuous
 62
     7
370
    25
100
AcDbLine
 10
128.4999995436999
 20
22.000000361
 30
0.0
 11
128.4999995436999
 21
20.000000361
 31
0.0
  0
LINE
  5
89
330
1F
100
AcDbEntity
  8
0
  6
Continuous
 62
     7
370
    25
100
AcDbLine
 10
88.49999954369991
 20
20.000000361
 30
0.0
 11
128.4999995436999
 21
20.000000361
 31
0.0
  0
LINE
  5
8A
330
1F
100
AcDbEntity
  8
0
  6
Continuous
 62
     7
370
    25
100
AcDbLine
 10
88.49999954369991
 20
22.000000361
 30
0.0
 11
88.49999954369991
 21
20.000000361
 31
0.0
  0
LINE
  5
8B
330
1F
100
AcDbEntity
  8
0
  6
Continuous
 62
     7
370
    25
100
AcDbLine
 10
-9.500000456300085
 20
22.000000361
 30
0.0
 11
88.49999954369991
 21
22.000000361
 31
0.0
  0
LINE
  5
8C
330
1F
100
AcDbEntity
  8
0
  6
Continuous
 62
     7
370
    25
100
AcDbLine
 10
-9.500000456300085
 20
62.000000361
 30
0.0
 11
-9.500000456300085
 21
22.000000361
 31
0.0
  0
LINE
  5
8D
330
1F
100
AcDbEntity
  8
0
  6
Continuous
 62
     7
370
    25
100
AcDbLine
 10
-11.50000045630008
 20
62.000000361
 30
0.0
 11
-9.500000456300085
 21
62.000000361
 31
0.0
  0
LINE
  5
8E
330
1F
100
AcDbEntity
  8
0
  6
Continuous
 62
     7
370
    25
100
AcDbLine
 10
-11.50000045630008
 20
62.000000361
 30
0.0
 11
-11.50000045630008
 21
82.00000036099998
 31
0.0
  0
LWPOLYLINE
  5
D0
330
1F
100
AcDbEntity
  8
0
100
AcDbPolyline
 90
        4
 70
     1
 43
0.0
 10
-19.48972373084871
 20
131.5030566623704
 10
900.5102762691512
 20
131.5030566623704
 10
900.5102762691512
 20
-788.4969433376295
 10
-19.48972373084871
 20
-788.4969433376295
  0
CIRCLE
  5
155
330
1F
100
AcDbEntity
  8
0
  6
Continuous
 62
     7
370
    25
100
AcDbCircle
 10
269.2265090640615
 20
-26.94843479688143
 30
0.0
 40
15.00000000000003
  0
LINE
  5
156
330
1F
100
AcDbEntity
  8
0
  6
Continuous
 62
     7
370
    25
100
AcDbLine
 10
27.02833867806155
 20
-1.856600700381427
 30
0.0
 11
28.20656984916155
 21
-3.472698255481411
 31
0.0
  0
LINE
  5
157
330
1F
100
AcDbEntity
  8
0
  6
Continuous
 62
     7
370
    25
100
AcDbLine
 10
-3.273490479638446
 20
-23.94843515788141
 30
0.0
 11
27.02833867806155
 21
-1.856600700381427
 31
0.0
  0
LINE
  5
158
330
1F
100
AcDbEntity
  8
0
  6
Continuous
 62
     7
370
    25
100
AcDbLine
 10
-3.273490479638446
 20
-23.94843515788141
 30
0.0
 11
-2.095259308538444
 21
-25.56453271298142
 31
0.0
  0
LINE
  5
159
330
1F
100
AcDbEntity
  8
0
  6
Continuous
 62
     7
370
    25
100
AcDbLine
 10
-2.095259308538444
 20
-25.56453271298142
 30
0.0
 11
28.20656984916155
 21
-3.472698255481411
 31
0.0
  0
LINE
  5
15A
330
1F
100
AcDbEntity
  8
0
  6
Continuous
 62
     7
370
    25
100
AcDbLine
 10
27.02833867806155
 20
-86.04026961538135
 30
0.0
 11
28.20656984916155
 21
-84.42417206028135
 31
0.0
  0
LINE
  5
15B
330
1F
100
AcDbEntity
  8
0
  6
Continuous
 62
     7
370
    25
100
AcDbLine
 10
-2.095259308538444
 20
-62.33233760278141
 30
0.0
 11
28.20656984916155
 21
-84.42417206028135
 31
0.0
  0
LINE
  5
15C
330
1F
100
AcDbEntity
  8
0
  6
Continuous
 62
     7
370
    25
100
AcDbLine
 10
-3.273490479638446
 20
-63.9484351578814
 30
0.0
 11
-2.095259308538444
 21
-62.33233760278141
 31
0.0
  0
LINE
  5
15D
330
1F
100
AcDbEntity
  8
0
  6
Continuous
 62
     7
370
    25
100
AcDbLine
 10
-3.273490479638446
 20
-63.9484351578814
 30
0.0
 11
27.02833867806155
 21
-86.04026961538135
 31
0.0
  0
LINE
  5
15E
330
1F
100
AcDbEntity
  8
0
  6
Continuous
 62
     7
370
    25
100
AcDbLine
 10
82.46663548186154
 20
-7.288946626781402
 30
0.0
 11
126.8034004257615
 21
-7.288946626781402
 31
0.0
  0
LINE
  5
15F
330
1F
100
AcDbEntity
  8
0
  6
Continuous
 62
     7
370
    25
100
AcDbLine
 10
81.71082894366156
 20
-10.08461497818141
 30
0.0
 11
103.7925076985615
 21
-22.9655942518814
 31
0.0
  0
LINE
  5
160
330
1F
100
AcDbEntity
  8
0
  6
Continuous
 62
     7
370
    25
100
AcDbLine
 10
127.5547999753615
 20
-10.08717569628142
 30
0.0
 11
105.2997137863615
 21
-22.96815497008142
 31
0.0
  0
LINE
  5
161
330
1F
100
AcDbEntity
  8
0
  6
Continuous
 62
     7
370
    25
100
AcDbLine
 10
74.16965417656155
 20
-40.98586333658142
 30
0.0
 11
95.49886403086157
 21
-28.64077027668142
 31
0.0
  0
LINE
  5
162
330
1F
100
AcDbEntity
  8
0
  6
Continuous
 62
     7
370
    25
100
AcDbLine
 10
95.50327101966155
 20
-26.04687285578141
 30
0.0
 11
74.17406116526155
 21
-13.60483377418142
 31
0.0
  0
LINE
  5
163
330
1F
100
AcDbEntity
  8
0
  6
Continuous
 62
     7
370
    25
100
AcDbLine
 10
71.91825462706154
 20
-14.90050212548142
 30
0.0
 11
71.91825462706154
 21
-39.68763426708141
 31
0.0
  0
LINE
  5
164
330
1F
100
AcDbEntity
  8
0
  6
Continuous
 62
     7
370
    25
100
AcDbLine
 10
136.9182546270615
 20
-14.90050212548142
 30
0.0
 11
136.9182546270615
 21
-39.67739112808141
 31
0.0
  0
LINE
  5
165
330
1F
100
AcDbEntity
  8
0
  6
Continuous
 62
     7
370
    25
100
AcDbLine
 10
113.4251146578615
 20
-25.99327827548142
 30
0.0
 11
134.6624480887615
 21
-13.60483377418142
 31
0.0
  0
LINE
  5
166
330
1F
100
AcDbEntity
  8
0
  6
Continuous
 62
     7
370
    25
100
AcDbLine
 10
113.4251146578615
 20
-28.58461497818143
 30
0.0
 11
134.6624480887615
 21
-40.97305947948142
 31
0.0
  0
LINE
  5
167
330
1F
100
AcDbEntity
  8
0
  6
Continuous
 62
     7
370
    25
100
AcDbLine
 10
312.7974375711616
 20
-6.948434796881421
 30
0.0
 11
357.8155018225617
 21
-6.948434796881421
 31
0.0
  0
LINE
  5
168
330
1F
100
AcDbEntity
  8
0
  6
Continuous
 62
     7
370
    25
100
AcDbLine
 10
312.0245683913615
 20
-9.733998187281422
 30
0.0
 11
334.1062471463616
 21
-23.00930539958142
 31
0.0
  0
LINE
  5
169
330
1F
100
AcDbEntity
  8
0
  6
Continuous
 62
     7
370
    25
100
AcDbLine
 10
358.5669013720615
 20
-9.746663866381425
 30
0.0
 11
335.6305158756616
 21
-23.02197107868142
 31
0.0
  0
LINE
  5
16A
330
1F
100
AcDbEntity
  8
0
  6
Continuous
 62
     7
370
    25
100
AcDbLine
 10
304.5004562658615
 20
-41.03967944518141
 30
0.0
 11
325.8296661201616
 21
-28.69458638528142
 31
0.0
  0
LINE
  5
16B
330
1F
100
AcDbEntity
  8
0
  6
Continuous
 62
     7
370
    25
100
AcDbLine
 10
325.8340731089615
 20
-26.10068896448142
 30
0.0
 11
304.5048632545615
 21
-13.65864988278141
 31
0.0
  0
LINE
  5
16C
330
1F
100
AcDbEntity
  8
0
  6
Continuous
 62
     7
370
    25
100
AcDbLine
 10
302.2490567162616
 20
-14.95431823408142
 30
0.0
 11
302.2490567162616
 21
-39.74145037568141
 31
0.0
  0
LINE
  5
16D
330
1F
100
AcDbEntity
  8
0
  6
Continuous
 62
     7
370
    25
100
AcDbLine
 10
366.7265090640615
 20
-14.95431823408142
 30
0.0
 11
366.7265090640615
 21
-39.42638777298143
 31
0.0
  0
LINE
  5
16E
330
1F
100
AcDbEntity
  8
0
  6
Continuous
 62
     7
370
    25
100
AcDbLine
 10
343.7418277900615
 20
-26.05541626838141
 30
0.0
 11
364.4566135686616
 21
-13.66697176708141
 31
0.0
  0
LINE
  5
16F
330
1F
100
AcDbEntity
  8
0
  6
Continuous
 62
     7
370
    25
100
AcDbLine
 10
343.7559167471615
 20
-28.63843108678142
 30
0.0
 11
364.4707025257616
 21
-40.72205612428141
 31
0.0
  0
LINE
  5
170
330
1F
100
AcDbEntity
  8
0
  6
Continuous
 62
     7
370
    25
100
AcDbLine
 10
182.2748899189616
 20
-7.288946626781402
 30
0.0
 11
226.6116548628616
 21
-7.288946626781402
 31
0.0
  0
LINE
  5
171
330
1F
100
AcDbEntity
  8
0
  6
Continuous
 62
     7
370
    25
100
AcDbLine
 10
181.5190833806615
 20
-10.08461497818141
 30
0.0
 11
203.6007621356616
 21
-22.9655942518814
 31
0.0
  0
LINE
  5
172
330
1F
100
AcDbEntity
  8
0
  6
Continuous
 62
     7
370
    25
100
AcDbLine
 10
227.3630544123616
 20
-10.08717569628142
 30
0.0
 11
205.1079682234616
 21
-22.96815497008142
 31
0.0
  0
LINE
  5
173
330
1F
100
AcDbEntity
  8
0
  6
Continuous
 62
     7
370
    25
100
AcDbLine
 10
173.9779086135615
 20
-40.98586333658142
 30
0.0
 11
195.3071184679616
 21
-28.64077027668142
 31
0.0
  0
LINE
  5
174
330
1F
100
AcDbEntity
  8
0
  6
Continuous
 62
     7
370
    25
100
AcDbLine
 10
195.3115254566615
 20
-26.04687285578141
 30
0.0
 11
173.9823156023616
 21
-13.60483377418142
 31
0.0
  0
LINE
  5
175
330
1F
100
AcDbEntity
  8
0
  6
Continuous
 62
     7
370
    25
100
AcDbLine
 10
171.7265090640615
 20
-14.90050212548142
 30
0.0
 11
171.7265090640615
 21
-39.68763426708141
 31
0.0
  0
LINE
  5
176
330
1F
100
AcDbEntity
  8
0
  6
Continuous
 62
     7
370
    25
100
AcDbLine
 10
236.7265090640616
 20
-14.55999029558141
 30
0.0
 11
236.7265090640616
 21
-39.33687929818143
 31
0.0
  0
LINE
  5
177
330
1F
100
AcDbEntity
  8
0
  6
Continuous
 62
     7
370
    25
100
AcDbLine
 10
213.2333690949615
 20
-25.65276644558141
 30
0.0
 11
234.4707025257616
 21
-13.26432194418141
 31
0.0
  0
LINE
  5
178
330
1F
100
AcDbEntity
  8
0
  6
Continuous
 62
     7
370
    25
100
AcDbLine
 10
213.2333690949615
 20
-28.24410314828142
 30
0.0
 11
234.4707025257616
 21
-40.63254764958142
 31
0.0
  0
LINE
  5
179
330
1F
100
AcDbEntity
  8
0
  6
Continuous
 62
     7
370
    25
100
AcDbLine
 10
136.7265095203615
 20
-91.94843515788134
 30
0.0
 11
136.7265095203615
 21
-93.94843515788135
 31
0.0
  0
LINE
  5
17A
330
1F
100
AcDbEntity
  8
0
  6
Continuous
 62
     7
370
    25
100
AcDbLine
 10
36.72650952036156
 20
-93.94843515788135
 30
0.0
 11
136.7265095203615
 21
-93.94843515788135
 31
0.0
  0
LINE
  5
17B
330
1F
100
AcDbEntity
  8
0
  6
Continuous
 62
     7
370
    25
100
AcDbLine
 10
36.72650952036156
 20
6.051564842118583
 30
0.0
 11
181.7265095409615
 21
6.051564842118583
 31
0.0
  0
LINE
  5
17C
330
1F
100
AcDbEntity
  8
0
  6
Continuous
 62
     7
370
    25
100
AcDbLine
 10
181.7265095409615
 20
6.051564842118583
 30
0.0
 11
368.2265095203616
 21
7.051564842118583
 31
0.0
  0
LINE
  5
17D
330
1F
100
AcDbEntity
  8
0
  6
Continuous
 62
     7
370
    25
100
AcDbLine
 10
368.2265095203616
 20
7.051564842118583
 30
0.0
 11
386.7265095203616
 21
7.051564842118583
 31
0.0
  0
LINE
  5
17E
330
1F
100
AcDbEntity
  8
0
  6
Continuous
 62
     7
370
    25
100
AcDbLine
 10
386.7265095203616
 20
7.051564842118583
 30
0.0
 11
386.7265095203616
 21
-23.94843515788141
 31
0.0
  0
LINE
  5
17F
330
1F
100
AcDbEntity
  8
0
  6
Continuous
 62
     7
370
    25
100
AcDbLine
 10
386.7265095203616
 20
-23.94843515788141
 30
0.0
 11
388.7265095203616
 21
-23.94843515788141
 31
0.0
  0
LINE
  5
180
330
1F
100
AcDbEntity
  8
0
  6
Continuous
 62
     7
370
    25
100
AcDbLine
 10
388.7265095203616
 20
-23.94843515788141
 30
0.0
 11
388.7265095203616
 21
-63.9484351578814
 31
0.0
  0
LINE
  5
181
330
1F
100
AcDbEntity
  8
0
  6
Continuous
 62
     7
370
    25
100
AcDbLine
 10
386.7265095203616
 20
-63.9484351578814
 30
0.0
 11
386.7265095203616
 21
-93.94843515788135
 31
0.0
  0
LINE
  5
182
330
1F
100
AcDbEntity
  8
0
  6
Continuous
 62
     7
370
    25
100
AcDbLine
 10
176.7265095203615
 20
-93.94843515788135
 30
0.0
 11
386.7265095203616
 21
-93.94843515788135
 31
0.0
  0
LINE
  5
183
330
1F
100
AcDbEntity
  8
0
  6
Continuous
 62
     7
370
    25
100
AcDbLine
 10
176.7265095203615
 20
-91.94843515788134
 30
0.0
 11
176.7265095203615
 21
-93.94843515788135
 31
0.0
  0
LINE
  5
184
330
1F
100
AcDbEntity
  8
0
  6
Continuous
 62
     7
370
    25
100
AcDbLine
 10
136.7265095203615
 20
-91.94843515788134
 30
0.0
 11
176.7265095203615
 21
-91.94843515788134
 31
0.0
  0
LINE
  5
185
330
1F
100
AcDbEntity
  8
0
  6
Continuous
 62
     7
370
    25
100
AcDbLine
 10
116.7265090640615
 20
-61.94843479688142
 30
0.0
 11
116.7265090640615
 21
-63.94843479688141
 31
0.0
  0
LINE
  5
186
330
1F
100
AcDbEntity
  8
0
  6
Continuous
 62
     7
370
    25
100
AcDbLine
 10
76.72650906406156
 20
-61.94843479688142
 30
0.0
 11
116.7265090640615
 21
-61.94843479688142
 31
0.0
  0
LINE
  5
187
330
1F
100
AcDbEntity
  8
0
  6
Continuous
 62
     7
370
    25
100
AcDbLine
 10
76.72650906406156
 20
-61.94843479688142
 30
0.0
 11
76.72650906406156
 21
-63.94843479688141
 31
0.0
  0
LINE
  5
188
330
1F
100
AcDbEntity
  8
0
  6
Continuous
 62
     7
370
    25
100
AcDbLine
 10
76.72650906406156
 20
-63.94843479688141
 30
0.0
 11
116.7265090640615
 21
-63.94843479688141
 31
0.0
  0
LINE
  5
189
330
1F
100
AcDbEntity
  8
0
  6
Continuous
 62
     7
370
    25
100
AcDbLine
 10
236.7265090640616
 20
-61.94843479688142
 30
0.0
 11
236.7265090640616
 21
-63.94843479688141
 31
0.0
  0
LINE
  5
18A
330
1F
100
AcDbEntity
  8
0
  6
Continuous
 62
     7
370
    25
100
AcDbLine
 10
186.7265090640615
 20
-61.94843479688142
 30
0.0
 11
236.7265090640616
 21
-61.94843479688142
 31
0.0
  0
LINE
  5
18B
330
1F
100
AcDbEntity
  8
0
  6
Continuous
 62
     7
370
    25
100
AcDbLine
 10
186.7265090640615
 20
-61.94843479688142
 30
0.0
 11
186.7265090640615
 21
-63.94843479688141
 31
0.0
  0
LINE
  5
18C
330
1F
100
AcDbEntity
  8
0
  6
Continuous
 62
     7
370
    25
100
AcDbLine
 10
186.7265090640615
 20
-63.94843479688141
 30
0.0
 11
236.7265090640616
 21
-63.94843479688141
 31
0.0
  0
LINE
  5
18D
330
1F
100
AcDbEntity
  8
0
  6
Continuous
 62
     7
370
    25
100
AcDbLine
 10
356.7265090640615
 20
-61.94843479688142
 30
0.0
 11
356.7265090640615
 21
-63.94843479688141
 31
0.0
  0
LINE
  5
18E
330
1F
100
AcDbEntity
  8
0
  6
Continuous
 62
     7
370
    25
100
AcDbLine
 10
306.7265090640615
 20
-61.94843479688142
 30
0.0
 11
356.7265090640615
 21
-61.94843479688142
 31
0.0
  0
LINE
  5
18F
330
1F
100
AcDbEntity
  8
0
  6
Continuous
 62
     7
370
    25
100
AcDbLine
 10
306.7265090640615
 20
-61.94843479688142
 30
0.0
 11
306.7265090640615
 21
-63.94843479688141
 31
0.0
  0
LINE
  5
190
330
1F
100
AcDbEntity
  8
0
  6
Continuous
 62
     7
370
    25
100
AcDbLine
 10
306.7265090640615
 20
-63.94843479688141
 30
0.0
 11
356.7265090640615
 21
-63.94843479688141
 31
0.0
  0
LINE
  5
191
330
1F
100
AcDbEntity
  8
0
  6
Continuous
 62
     7
370
    25
100
AcDbLine
 10
181.5190833806615
 20
-44.49327827548143
 30
0.0
 11
203.4707025257616
 21
-31.68816710748141
 31
0.0
  0
LINE
  5
192
330
1F
100
AcDbEntity
  8
0
  6
Continuous
 62
     7
370
    25
100
AcDbLine
 10
182.2748899189616
 20
-47.28894662678139
 30
0.0
 11
226.1781282091616
 21
-47.28894662678139
 31
0.0
  0
LINE
  5
193
330
1F
100
AcDbEntity
  8
0
  6
Continuous
 62
     7
370
    25
100
AcDbLine
 10
204.9823156023616
 20
-31.68816710748141
 30
0.0
 11
226.9339347474616
 21
-44.49327827548143
 31
0.0
  0
LINE
  5
194
330
1F
100
AcDbEntity
  8
0
  6
Continuous
 62
     7
370
    25
100
AcDbLine
 10
312.0416310328616
 20
-44.54709438408142
 30
0.0
 11
333.9932501780615
 21
-31.74198321608143
 31
0.0
  0
LINE
  5
195
330
1F
100
AcDbEntity
  8
0
  6
Continuous
 62
     7
370
    25
100
AcDbLine
 10
312.7974375711616
 20
-47.34276273538142
 30
0.0
 11
356.7006758614617
 21
-47.34276273538142
 31
0.0
  0
LINE
  5
196
330
1F
100
AcDbEntity
  8
0
  6
Continuous
 62
     7
370
    25
100
AcDbLine
 10
335.5048632545615
 20
-31.74198321608143
 30
0.0
 11
357.4564823996616
 21
-44.54709438408142
 31
0.0
  0
LINE
  5
197
330
1F
100
AcDbEntity
  8
0
  6
Continuous
 62
     7
370
    25
100
AcDbLine
 10
81.71082894366156
 20
-44.49327827548143
 30
0.0
 11
103.6624480887615
 21
-31.68816710748141
 31
0.0
  0
LINE
  5
198
330
1F
100
AcDbEntity
  8
0
  6
Continuous
 62
     7
370
    25
100
AcDbLine
 10
82.46663548186154
 20
-47.28894662678139
 30
0.0
 11
126.3698737721615
 21
-47.28894662678139
 31
0.0
  0
LINE
  5
199
330
1F
100
AcDbEntity
  8
0
  6
Continuous
 62
     7
370
    25
100
AcDbLine
 10
105.1740611652615
 20
-31.68816710748141
 30
0.0
 11
127.1256803104615
 21
-44.49327827548143
 31
0.0
  0
LINE
  5
19A
330
1F
100
AcDbEntity
  8
0
  6
Continuous
 62
     7
370
    25
100
AcDbLine
 10
181.7265095203615
 20
-74.94853365898136
 30
0.0
 11
181.7265095203615
 21
-85.94843515788134
 31
0.0
  0
LINE
  5
19B
330
1F
100
AcDbEntity
  8
0
  6
Continuous
 62
     7
370
    25
100
AcDbLine
 10
187.7265095203615
 20
-91.94843515788134
 30
0.0
 11
362.2265095203616
 21
-91.94843515788134
 31
0.0
  0
LINE
  5
19C
330
1F
100
AcDbEntity
  8
0
  6
Continuous
 62
     7
370
    25
100
AcDbLine
 10
368.2265095203616
 20
-74.94843516758135
 30
0.0
 11
368.2265095203616
 21
-85.94843515788134
 31
0.0
  0
LINE
  5
19D
330
1F
100
AcDbEntity
  8
0
  6
Continuous
 62
     7
370
    25
100
AcDbLine
 10
187.7265061338615
 20
-68.94853365898142
 30
0.0
 11
362.2265061338616
 21
-68.94843516758142
 31
0.0
  0
LINE
  5
19E
330
1F
100
AcDbEntity
  8
0
  6
Continuous
 62
     7
370
    25
100
AcDbLine
 10
36.72650952036156
 20
-63.9484351578814
 30
0.0
 11
38.72650952036155
 21
-63.9484351578814
 31
0.0
  0
LINE
  5
19F
330
1F
100
AcDbEntity
  8
0
  6
Continuous
 62
     7
370
    25
100
AcDbLine
 10
38.72650952036155
 20
-23.94843515788141
 30
0.0
 11
38.72650952036155
 21
-63.9484351578814
 31
0.0
  0
LINE
  5
1A0
330
1F
100
AcDbEntity
  8
0
  6
Continuous
 62
     7
370
    25
100
AcDbLine
 10
36.72650952036156
 20
-23.94843515788141
 30
0.0
 11
38.72650952036155
 21
-23.94843515788141
 31
0.0
  0
LINE
  5
1A1
330
1F
100
AcDbEntity
  8
0
  6
Continuous
 62
     7
370
    25
100
AcDbLine
 10
36.72650952036156
 20
-23.94843515788141
 30
0.0
 11
36.72650952036156
 21
-63.9484351578814
 31
0.0
  0
LINE
  5
1A2
330
1F
100
AcDbEntity
  8
0
  6
Continuous
 62
     7
370
    25
100
AcDbLine
 10
-3.273490479638446
 20
-51.9484351578814
 30
0.0
 11
-8.273490479638446
 21
-51.9484351578814
 31
0.0
  0
LINE
  5
1A3
330
1F
100
AcDbEntity
  8
0
  6
Continuous
 62
     7
370
    25
100
AcDbLine
 10
-3.273490479638446
 20
-53.94843515788143
 30
0.0
 11
-3.273490479638446
 21
-51.9484351578814
 31
0.0
  0
LINE
  5
1A4
330
1F
100
AcDbEntity
  8
0
  6
Continuous
 62
     7
370
    25
100
AcDbLine
 10
-3.273490479638446
 20
-53.94843515788143
 30
0.0
 11
26.72650952036156
 21
-53.94843515788143
 31
0.0
  0
LINE
  5
1A5
330
1F
100
AcDbEntity
  8
0
  6
Continuous
 62
     7
370
    25
100
AcDbLine
 10
26.72650952036156
 20
-53.94843515788143
 30
0.0
 11
26.72650952036156
 21
-51.9484351578814
 31
0.0
  0
LINE
  5
1A6
330
1F
100
AcDbEntity
  8
0
  6
Continuous
 62
     7
370
    25
100
AcDbLine
 10
33.72650952036155
 20
-51.9484351578814
 30
0.0
 11
26.72650952036156
 21
-51.9484351578814
 31
0.0
  0
LINE
  5
1A7
330
1F
100
AcDbEntity
  8
0
  6
Continuous
 62
     7
370
    25
100
AcDbLine
 10
33.72650952036155
 20
-28.94843515788141
 30
0.0
 11
33.72650952036155
 21
-51.9484351578814
 31
0.0
  0
LINE
  5
1A8
330
1F
100
AcDbEntity
  8
0
  6
Continuous
 62
     7
370
    25
100
AcDbLine
 10
-8.273490479638446
 20
-28.94843515788141
 30
0.0
 11
33.72650952036155
 21
-28.94843515788141
 31
0.0
  0
LINE
  5
1A9
330
1F
100
AcDbEntity
  8
0
  6
Continuous
 62
     7
370
    25
100
AcDbLine
 10
-8.273490479638446
 20
-51.9484351578814
 30
0.0
 11
-8.273490479638446
 21
-28.94843515788141
 31
0.0
  0
LINE
  5
1AA
330
1F
100
AcDbEntity
  8
0
  6
Continuous
 62
     7
370
    25
100
AcDbLine
 10
386.7265095203616
 20
-63.9484351578814
 30
0.0
 11
388.7265095203616
 21
-63.9484351578814
 31
0.0
  0
ARC
  5
1AB
330
1F
100
AcDbEntity
  8
0
  6
Continuous
 62
     7
370
    25
100
AcDbCircle
 10
126.8034004257615
 20
-8.788946626781402
 30
0.0
 40
1.5
100
AcDbArc
 50
300.0617481900999
 51
90.0
  0
ARC
  5
1AC
330
1F
100
AcDbEntity
  8
0
  6
Continuous
 62
     7
370
    25
100
AcDbCircle
 10
82.46663548186154
 20
-8.788946626781402
 30
0.0
 40
1.500000000000006
100
AcDbArc
 50
90.0
 51
239.7435628365003
  0
ARC
  5
1AD
330
1F
100
AcDbEntity
  8
0
  6
Continuous
 62
     7
370
    25
100
AcDbCircle
 10
104.5483142368615
 20
-21.66992590058142
 30
0.0
 40
1.50000000000006
100
AcDbArc
 50
239.7435628365003
 51
300.0617481900999
  0
ARC
  5
1AE
330
1F
100
AcDbEntity
  8
0
  6
Continuous
 62
     7
370
    25
100
AcDbCircle
 10
73.41825462706154
 20
-39.68763426708141
 30
0.0
 40
1.499999999999993
100
AcDbArc
 50
180.0
 51
300.0617481900999
  0
ARC
  5
1AF
330
1F
100
AcDbEntity
  8
0
  6
Continuous
 62
     7
370
    25
100
AcDbCircle
 10
94.74746448136157
 20
-27.34254120718143
 30
0.0
 40
1.500000000000004
100
AcDbArc
 50
300.0617481900999
 51
59.74356283650028
  0
ARC
  5
1B0
330
1F
100
AcDbEntity
  8
0
  6
Continuous
 62
     7
370
    25
100
AcDbCircle
 10
73.41825462706154
 20
-14.90050212548142
 30
0.0
 40
1.500000000000006
100
AcDbArc
 50
59.74356283650028
 51
180.0
  0
ARC
  5
1B1
330
1F
100
AcDbEntity
  8
0
  6
Continuous
 62
     7
370
    25
100
AcDbCircle
 10
135.4182546270615
 20
-39.67739112808141
 30
0.0
 40
1.500000000000026
100
AcDbArc
 50
239.7435628365003
 51
0.0
  0
ARC
  5
1B2
330
1F
100
AcDbEntity
  8
0
  6
Continuous
 62
     7
370
    25
100
AcDbCircle
 10
135.4182546270615
 20
-14.90050212548142
 30
0.0
 40
1.5
100
AcDbArc
 50
0.0
 51
120.2564371634997
  0
ARC
  5
1B3
330
1F
100
AcDbEntity
  8
0
  6
Continuous
 62
     7
370
    25
100
AcDbCircle
 10
114.1809211961615
 20
-27.28894662678142
 30
0.0
 40
1.500000000000011
100
AcDbArc
 50
120.2564371634997
 51
239.7435628365003
  0
ARC
  5
1B4
330
1F
100
AcDbEntity
  8
0
  6
Continuous
 62
     7
370
    25
100
AcDbCircle
 10
357.8155018225617
 20
-8.448434796881421
 30
0.0
 40
1.500000000000026
100
AcDbArc
 50
300.0617481900999
 51
90.0
  0
ARC
  5
1B5
330
1F
100
AcDbEntity
  8
0
  6
Continuous
 62
     7
370
    25
100
AcDbCircle
 10
312.7974375711616
 20
-8.448434796881421
 30
0.0
 40
1.50000000000001
100
AcDbArc
 50
90.0
 51
238.9860925992995
  0
ARC
  5
1B6
330
1F
100
AcDbEntity
  8
0
  6
Continuous
 62
     7
370
    25
100
AcDbCircle
 10
334.8791163261616
 20
-21.72374200918142
 30
0.0
 40
1.499999999999879
100
AcDbArc
 50
238.9860925992995
 51
300.0617481900999
  0
ARC
  5
1B7
330
1F
100
AcDbEntity
  8
0
  6
Continuous
 62
     7
370
    25
100
AcDbCircle
 10
303.7490567162616
 20
-39.74145037568141
 30
0.0
 40
1.5
100
AcDbArc
 50
180.0
 51
300.0617481900999
  0
ARC
  5
1B8
330
1F
100
AcDbEntity
  8
0
  6
Continuous
 62
     7
370
    25
100
AcDbCircle
 10
325.0782665706615
 20
-27.39635731578141
 30
0.0
 40
1.500000000000043
100
AcDbArc
 50
300.0617481900999
 51
59.74356283650028
  0
ARC
  5
1B9
330
1F
100
AcDbEntity
  8
0
  6
Continuous
 62
     7
370
    25
100
AcDbCircle
 10
303.7490567162616
 20
-14.95431823408142
 30
0.0
 40
1.499999999999956
100
AcDbArc
 50
59.74356283650028
 51
180.0
  0
ARC
  5
1BA
330
1F
100
AcDbEntity
  8
0
  6
Continuous
 62
     7
370
    25
100
AcDbCircle
 10
365.2265090640615
 20
-39.42638777298143
 30
0.0
 40
1.499999999999884
100
AcDbArc
 50
239.7435628365003
 51
0.0
  0
ARC
  5
1BB
330
1F
100
AcDbEntity
  8
0
  6
Continuous
 62
     7
370
    25
100
AcDbCircle
 10
365.2265090640615
 20
-14.95431823408142
 30
0.0
 40
1.499999999999964
100
AcDbArc
 50
0.0
 51
120.8814663135995
  0
ARC
  5
1BC
330
1F
100
AcDbEntity
  8
0
  6
Continuous
 62
     7
370
    25
100
AcDbCircle
 10
344.5117232854615
 20
-27.34276273538142
 30
0.0
 40
1.500000000000059
100
AcDbArc
 50
120.8814663135995
 51
239.7435628365003
  0
ARC
  5
1BD
330
1F
100
AcDbEntity
  8
0
  6
Continuous
 62
     7
370
    25
100
AcDbCircle
 10
226.6116548628616
 20
-8.788946626781402
 30
0.0
 40
1.499999999999995
100
AcDbArc
 50
300.0617481900999
 51
90.0
  0
ARC
  5
1BE
330
1F
100
AcDbEntity
  8
0
  6
Continuous
 62
     7
370
    25
100
AcDbCircle
 10
182.2748899189616
 20
-8.788946626781402
 30
0.0
 40
1.500000000000024
100
AcDbArc
 50
90.0
 51
239.7435628365003
  0
ARC
  5
1BF
330
1F
100
AcDbEntity
  8
0
  6
Continuous
 62
     7
370
    25
100
AcDbCircle
 10
204.3565686739615
 20
-21.66992590058142
 30
0.0
 40
1.50000000000007
100
AcDbArc
 50
239.7435628365003
 51
300.0617481900999
  0
ARC
  5
1C0
330
1F
100
AcDbEntity
  8
0
  6
Continuous
 62
     7
370
    25
100
AcDbCircle
 10
173.2265090640615
 20
-39.68763426708141
 30
0.0
 40
1.5
100
AcDbArc
 50
180.0
 51
300.0617481900999
  0
ARC
  5
1C1
330
1F
100
AcDbEntity
  8
0
  6
Continuous
 62
     7
370
    25
100
AcDbCircle
 10
194.5557189183615
 20
-27.34254120718143
 30
0.0
 40
1.500000000000011
100
AcDbArc
 50
300.0617481900999
 51
59.74356283650028
  0
ARC
  5
1C2
330
1F
100
AcDbEntity
  8
0
  6
Continuous
 62
     7
370
    25
100
AcDbCircle
 10
173.2265090640615
 20
-14.90050212548142
 30
0.0
 40
1.5
100
AcDbArc
 50
59.74356283650028
 51
180.0
  0
ARC
  5
1C3
330
1F
100
AcDbEntity
  8
0
  6
Continuous
 62
     7
370
    25
100
AcDbCircle
 10
235.2265090640615
 20
-39.33687929818143
 30
0.0
 40
1.500000000000085
100
AcDbArc
 50
239.7435628365003
 51
0.0
  0
ARC
  5
1C4
330
1F
100
AcDbEntity
  8
0
  6
Continuous
 62
     7
370
    25
100
AcDbCircle
 10
235.2265090640615
 20
-14.55999029558141
 30
0.0
 40
1.500000000000027
100
AcDbArc
 50
0.0
 51
120.2564371634997
  0
ARC
  5
1C5
330
1F
100
AcDbEntity
  8
0
  6
Continuous
 62
     7
370
    25
100
AcDbCircle
 10
213.9891756332616
 20
-26.94843479688143
 30
0.0
 40
1.500000000000041
100
AcDbArc
 50
120.2564371634997
 51
239.7435628365003
  0
ARC
  5
1C6
330
1F
100
AcDbEntity
  8
0
  6
Continuous
 62
     7
370
    25
100
AcDbCircle
 10
36.72650952036156
 20
-43.9484351578814
 30
0.0
 40
50.0
100
AcDbArc
 50
90.0
 51
270.0
  0
ARC
  5
1C7
330
1F
100
AcDbEntity
  8
0
  6
Continuous
 62
     7
370
    25
100
AcDbCircle
 10
182.2748899189616
 20
-45.78894662678139
 30
0.0
 40
1.500000000000011
100
AcDbArc
 50
120.2564371634997
 51
270.0
  0
ARC
  5
1C8
330
1F
100
AcDbEntity
  8
0
  6
Continuous
 62
     7
370
    25
100
AcDbCircle
 10
226.1781282091616
 20
-45.78894662678139
 30
0.0
 40
1.500000000000006
100
AcDbArc
 50
270.0
 51
59.74356283650028
  0
ARC
  5
1C9
330
1F
100
AcDbEntity
  8
0
  6
Continuous
 62
     7
370
    25
100
AcDbCircle
 10
204.2265090640615
 20
-32.98383545878142
 30
0.0
 40
1.49999999999993
100
AcDbArc
 50
59.74356283650028
 51
120.2564371634997
  0
ARC
  5
1CA
330
1F
100
AcDbEntity
  8
0
  6
Continuous
 62
     7
370
    25
100
AcDbCircle
 10
312.7974375711616
 20
-45.84276273538143
 30
0.0
 40
1.500000000000003
100
AcDbArc
 50
120.2564371634997
 51
270.0
  0
ARC
  5
1CB
330
1F
100
AcDbEntity
  8
0
  6
Continuous
 62
     7
370
    25
100
AcDbCircle
 10
356.7006758614617
 20
-45.84276273538143
 30
0.0
 40
1.500000000000031
100
AcDbArc
 50
270.0
 51
59.74356283650028
  0
ARC
  5
1CC
330
1F
100
AcDbEntity
  8
0
  6
Continuous
 62
     7
370
    25
100
AcDbCircle
 10
334.7490567162616
 20
-33.03765156738142
 30
0.0
 40
1.499999999999945
100
AcDbArc
 50
59.74356283650028
 51
120.2564371634997
  0
ARC
  5
1CD
330
1F
100
AcDbEntity
  8
0
  6
Continuous
 62
     7
370
    25
100
AcDbCircle
 10
82.46663548186154
 20
-45.78894662678139
 30
0.0
 40
1.500000000000006
100
AcDbArc
 50
120.2564371634997
 51
270.0
  0
ARC
  5
1CE
330
1F
100
AcDbEntity
  8
0
  6
Continuous
 62
     7
370
    25
100
AcDbCircle
 10
126.3698737721615
 20
-45.78894662678139
 30
0.0
 40
1.500000000000004
100
AcDbArc
 50
270.0
 51
59.74356283650028
  0
ARC
  5
1CF
330
1F
100
AcDbEntity
  8
0
  6
Continuous
 62
     7
370
    25
100
AcDbCircle
 10
104.4182546270615
 20
-32.98383545878142
 30
0.0
 40
1.500000000000003
100
AcDbArc
 50
59.74356283650028
 51
120.2564371634997
  0
ARC
  5
1D0
330
1F
100
AcDbEntity
  8
0
  6
Continuous
 62
     7
370
    25
100
AcDbCircle
 10
187.7265095203615
 20
-74.94853365898136
 30
0.0
 40
6.00000000000233
100
AcDbArc
 50
90.00003233890007
 51
180.0
  0
ARC
  5
1D1
330
1F
100
AcDbEntity
  8
0
  6
Continuous
 62
     7
370
    25
100
AcDbCircle
 10
187.7265095203615
 20
-85.94843515788134
 30
0.0
 40
6.00000000000469
100
AcDbArc
 50
180.0
 51
270.0
  0
ARC
  5
1D2
330
1F
100
AcDbEntity
  8
0
  6
Continuous
 62
     7
370
    25
100
AcDbCircle
 10
362.2265095203616
 20
-85.94843515788134
 30
0.0
 40
5.999999999999943
100
AcDbArc
 50
270.0
 51
0.0
  0
ARC
  5
1D3
330
1F
100
AcDbEntity
  8
0
  6
Continuous
 62
     7
370
    25
100
AcDbCircle
 10
362.2265095203616
 20
-74.94843516758135
 30
0.0
 40
5.999999999999968
100
AcDbArc
 50
0.0
 51
90.00003233890007
  0
CIRCLE
  5
257
330
1F
100
AcDbEntity
  8
0
  6
Continuous
 62
     7
370
    25
100
AcDbCircle
 10
626.2982016070311
 20
88.84272419410137
 30
0.0
 40
15.00000000000003
  0
LINE
  5
258
330
1F
100
AcDbEntity
  8
0
  6
Continuous
 62
     7
370
    25
100
AcDbLine
 10
384.1000312210313
 20
113.9345582906014
 30
0.0
 11
385.2782623921313
 21
112.3184607355014
 31
0.0
  0
LINE
  5
259
330
1F
100
AcDbEntity
  8
0
  6
Continuous
 62
     7
370
    25
100
AcDbLine
 10
353.7982020633312
 20
91.84272383310139
 30
0.0
 11
384.1000312210313
 21
113.9345582906014
 31
0.0
  0
LINE
  5
25A
330
1F
100
AcDbEntity
  8
0
  6
Continuous
 62
     7
370
    25
100
AcDbLine
 10
353.7982020633312
 20
91.84272383310139
 30
0.0
 11
354.9764332344313
 21
90.22662627800139
 31
0.0
  0
LINE
  5
25B
330
1F
100
AcDbEntity
  8
0
  6
Continuous
 62
     7
370
    25
100
AcDbLine
 10
354.9764332344313
 20
90.22662627800139
 30
0.0
 11
385.2782623921313
 21
112.3184607355014
 31
0.0
  0
LINE
  5
25C
330
1F
100
AcDbEntity
  8
0
  6
Continuous
 62
     7
370
    25
100
AcDbLine
 10
384.1000312210313
 20
29.7508893756014
 30
0.0
 11
385.2782623921313
 21
31.3669869307014
 31
0.0
  0
LINE
  5
25D
330
1F
100
AcDbEntity
  8
0
  6
Continuous
 62
     7
370
    25
100
AcDbLine
 10
354.9764332344313
 20
53.4588213882014
 30
0.0
 11
385.2782623921313
 21
31.3669869307014
 31
0.0
  0
LINE
  5
25E
330
1F
100
AcDbEntity
  8
0
  6
Continuous
 62
     7
370
    25
100
AcDbLine
 10
353.7982020633312
 20
51.8427238331014
 30
0.0
 11
354.9764332344313
 21
53.4588213882014
 31
0.0
  0
LINE
  5
25F
330
1F
100
AcDbEntity
  8
0
  6
Continuous
 62
     7
370
    25
100
AcDbLine
 10
353.7982020633312
 20
51.8427238331014
 30
0.0
 11
384.1000312210313
 21
29.7508893756014
 31
0.0
  0
LINE
  5
260
330
1F
100
AcDbEntity
  8
0
  6
Continuous
 62
     7
370
    25
100
AcDbLine
 10
439.5383280248313
 20
108.5022123642014
 30
0.0
 11
483.8750929687312
 21
108.5022123642014
 31
0.0
  0
LINE
  5
261
330
1F
100
AcDbEntity
  8
0
  6
Continuous
 62
     7
370
    25
100
AcDbLine
 10
438.7825214866314
 20
105.7065440128014
 30
0.0
 11
460.8642002415312
 21
92.82556473910139
 31
0.0
  0
LINE
  5
262
330
1F
100
AcDbEntity
  8
0
  6
Continuous
 62
     7
370
    25
100
AcDbLine
 10
484.6264925183312
 20
105.7039832947014
 30
0.0
 11
462.3714063293313
 21
92.82300402090138
 31
0.0
  0
LINE
  5
263
330
1F
100
AcDbEntity
  8
0
  6
Continuous
 62
     7
370
    25
100
AcDbLine
 10
431.2413467195312
 20
74.80529565440139
 30
0.0
 11
452.5705565738312
 21
87.15038871430138
 31
0.0
  0
LINE
  5
264
330
1F
100
AcDbEntity
  8
0
  6
Continuous
 62
     7
370
    25
100
AcDbLine
 10
452.5749635626312
 20
89.7442861352014
 30
0.0
 11
431.2457537082313
 21
102.1863252168013
 31
0.0
  0
LINE
  5
265
330
1F
100
AcDbEntity
  8
0
  6
Continuous
 62
     7
370
    25
100
AcDbLine
 10
428.9899471700313
 20
100.8906568655014
 30
0.0
 11
428.9899471700313
 21
76.10352472390139
 31
0.0
  0
LINE
  5
266
330
1F
100
AcDbEntity
  8
0
  6
Continuous
 62
     7
370
    25
100
AcDbLine
 10
493.9899471700312
 20
100.8906568655014
 30
0.0
 11
493.9899471700312
 21
76.11376786290138
 31
0.0
  0
LINE
  5
267
330
1F
100
AcDbEntity
  8
0
  6
Continuous
 62
     7
370
    25
100
AcDbLine
 10
470.4968072008312
 20
89.79788071550141
 30
0.0
 11
491.7341406317312
 21
102.1863252168013
 31
0.0
  0
LINE
  5
268
330
1F
100
AcDbEntity
  8
0
  6
Continuous
 62
     7
370
    25
100
AcDbLine
 10
470.4968072008312
 20
87.20654401280137
 30
0.0
 11
491.7341406317312
 21
74.8180995115014
 31
0.0
  0
LINE
  5
269
330
1F
100
AcDbEntity
  8
0
  6
Continuous
 62
     7
370
    25
100
AcDbLine
 10
669.8691301141313
 20
108.8427241941014
 30
0.0
 11
714.8871943655314
 21
108.8427241941014
 31
0.0
  0
LINE
  5
26A
330
1F
100
AcDbEntity
  8
0
  6
Continuous
 62
     7
370
    25
100
AcDbLine
 10
669.0962609343313
 20
106.0571608037014
 30
0.0
 11
691.1779396893312
 21
92.78185359140138
 31
0.0
  0
LINE
  5
26B
330
1F
100
AcDbEntity
  8
0
  6
Continuous
 62
     7
370
    25
100
AcDbLine
 10
715.6385939150312
 20
106.0444951246014
 30
0.0
 11
692.7022084186312
 21
92.76918791230139
 31
0.0
  0
LINE
  5
26C
330
1F
100
AcDbEntity
  8
0
  6
Continuous
 62
     7
370
    25
100
AcDbLine
 10
661.5721488088312
 20
74.7514795458014
 30
0.0
 11
682.9013586631313
 21
87.09657260570139
 31
0.0
  0
LINE
  5
26D
330
1F
100
AcDbEntity
  8
0
  6
Continuous
 62
     7
370
    25
100
AcDbLine
 10
682.9057656519312
 20
89.69047002650141
 30
0.0
 11
661.5765557975312
 21
102.1325091082014
 31
0.0
  0
LINE
  5
26E
330
1F
100
AcDbEntity
  8
0
  6
Continuous
 62
     7
370
    25
100
AcDbLine
 10
659.3207492592312
 20
100.8368407569014
 30
0.0
 11
659.3207492592312
 21
76.0497086153014
 31
0.0
  0
LINE
  5
26F
330
1F
100
AcDbEntity
  8
0
  6
Continuous
 62
     7
370
    25
100
AcDbLine
 10
723.7982016070311
 20
100.8368407569014
 30
0.0
 11
723.7982016070311
 21
76.3647712180014
 31
0.0
  0
LINE
  5
270
330
1F
100
AcDbEntity
  8
0
  6
Continuous
 62
     7
370
    25
100
AcDbLine
 10
700.8135203330312
 20
89.7357427226014
 30
0.0
 11
721.5283061116314
 21
102.1241872239014
 31
0.0
  0
LINE
  5
271
330
1F
100
AcDbEntity
  8
0
  6
Continuous
 62
     7
370
    25
100
AcDbLine
 10
700.8276092901313
 20
87.15272790420138
 30
0.0
 11
721.5423950687314
 21
75.06910286670138
 31
0.0
  0
LINE
  5
272
330
1F
100
AcDbEntity
  8
0
  6
Continuous
 62
     7
370
    25
100
AcDbLine
 10
539.3465824619312
 20
108.5022123642014
 30
0.0
 11
583.6833474058312
 21
108.5022123642014
 31
0.0
  0
LINE
  5
273
330
1F
100
AcDbEntity
  8
0
  6
Continuous
 62
     7
370
    25
100
AcDbLine
 10
538.5907759236313
 20
105.7065440128014
 30
0.0
 11
560.6724546786314
 21
92.82556473910139
 31
0.0
  0
LINE
  5
274
330
1F
100
AcDbEntity
  8
0
  6
Continuous
 62
     7
370
    25
100
AcDbLine
 10
584.4347469553313
 20
105.7039832947014
 30
0.0
 11
562.1796607664312
 21
92.82300402090138
 31
0.0
  0
LINE
  5
275
330
1F
100
AcDbEntity
  8
0
  6
Continuous
 62
     7
370
    25
100
AcDbLine
 10
531.0496011565312
 20
74.80529565440139
 30
0.0
 11
552.3788110109312
 21
87.15038871430138
 31
0.0
  0
LINE
  5
276
330
1F
100
AcDbEntity
  8
0
  6
Continuous
 62
     7
370
    25
100
AcDbLine
 10
552.3832179996313
 20
89.7442861352014
 30
0.0
 11
531.0540081453313
 21
102.1863252168013
 31
0.0
  0
LINE
  5
277
330
1F
100
AcDbEntity
  8
0
  6
Continuous
 62
     7
370
    25
100
AcDbLine
 10
528.7982016070314
 20
100.8906568655014
 30
0.0
 11
528.7982016070314
 21
76.10352472390139
 31
0.0
  0
LINE
  5
278
330
1F
100
AcDbEntity
  8
0
  6
Continuous
 62
     7
370
    25
100
AcDbLine
 10
593.7982016070312
 20
101.2311686954014
 30
0.0
 11
593.7982016070312
 21
76.45427969280138
 31
0.0
  0
LINE
  5
279
330
1F
100
AcDbEntity
  8
0
  6
Continuous
 62
     7
370
    25
100
AcDbLine
 10
570.3050616379313
 20
90.13839254540139
 30
0.0
 11
591.5423950687312
 21
102.5268370468014
 31
0.0
  0
LINE
  5
27A
330
1F
100
AcDbEntity
  8
0
  6
Continuous
 62
     7
370
    25
100
AcDbLine
 10
570.3050616379313
 20
87.54705584270139
 30
0.0
 11
591.5423950687312
 21
75.1586113414014
 31
0.0
  0
LINE
  5
27B
330
1F
100
AcDbEntity
  8
0
  6
Continuous
 62
     7
370
    25
100
AcDbLine
 10
493.7982020633312
 20
23.8427238331014
 30
0.0
 11
493.7982020633312
 21
21.8427238331014
 31
0.0
  0
LINE
  5
27C
330
1F
100
AcDbEntity
  8
0
  6
Continuous
 62
     7
370
    25
100
AcDbLine
 10
393.7982020633313
 20
21.8427238331014
 30
0.0
 11
493.7982020633312
 21
21.8427238331014
 31
0.0
  0
LINE
  5
27D
330
1F
100
AcDbEntity
  8
0
  6
Continuous
 62
     7
370
    25
100
AcDbLine
 10
393.7982020633313
 20
121.8427238331014
 30
0.0
 11
538.7982020839313
 21
121.8427238331014
 31
0.0
  0
LINE
  5
27E
330
1F
100
AcDbEntity
  8
0
  6
Continuous
 62
     7
370
    25
100
AcDbLine
 10
538.7982020839313
 20
121.8427238331014
 30
0.0
 11
725.2982020633312
 21
122.8427238331014
 31
0.0
  0
LINE
  5
27F
330
1F
100
AcDbEntity
  8
0
  6
Continuous
 62
     7
370
    25
100
AcDbLine
 10
725.2982020633312
 20
122.8427238331014
 30
0.0
 11
743.7982020633313
 21
122.8427238331014
 31
0.0
  0
LINE
  5
280
330
1F
100
AcDbEntity
  8
0
  6
Continuous
 62
     7
370
    25
100
AcDbLine
 10
743.7982020633313
 20
122.8427238331014
 30
0.0
 11
743.7982020633313
 21
91.84272383310139
 31
0.0
  0
LINE
  5
281
330
1F
100
AcDbEntity
  8
0
  6
Continuous
 62
     7
370
    25
100
AcDbLine
 10
743.7982020633313
 20
91.84272383310139
 30
0.0
 11
745.7982020633312
 21
91.84272383310139
 31
0.0
  0
LINE
  5
282
330
1F
100
AcDbEntity
  8
0
  6
Continuous
 62
     7
370
    25
100
AcDbLine
 10
745.7982020633312
 20
91.84272383310139
 30
0.0
 11
745.7982020633312
 21
51.8427238331014
 31
0.0
  0
LINE
  5
283
330
1F
100
AcDbEntity
  8
0
  6
Continuous
 62
     7
370
    25
100
AcDbLine
 10
743.7982020633313
 20
51.8427238331014
 30
0.0
 11
743.7982020633313
 21
21.8427238331014
 31
0.0
  0
LINE
  5
284
330
1F
100
AcDbEntity
  8
0
  6
Continuous
 62
     7
370
    25
100
AcDbLine
 10
533.7982020633312
 20
21.8427238331014
 30
0.0
 11
743.7982020633313
 21
21.8427238331014
 31
0.0
  0
LINE
  5
285
330
1F
100
AcDbEntity
  8
0
  6
Continuous
 62
     7
370
    25
100
AcDbLine
 10
533.7982020633312
 20
23.8427238331014
 30
0.0
 11
533.7982020633312
 21
21.8427238331014
 31
0.0
  0
LINE
  5
286
330
1F
100
AcDbEntity
  8
0
  6
Continuous
 62
     7
370
    25
100
AcDbLine
 10
493.7982020633312
 20
23.8427238331014
 30
0.0
 11
533.7982020633312
 21
23.8427238331014
 31
0.0
  0
LINE
  5
287
330
1F
100
AcDbEntity
  8
0
  6
Continuous
 62
     7
370
    25
100
AcDbLine
 10
473.7982016070313
 20
53.84272419410139
 30
0.0
 11
473.7982016070313
 21
51.84272419410139
 31
0.0
  0
LINE
  5
288
330
1F
100
AcDbEntity
  8
0
  6
Continuous
 62
     7
370
    25
100
AcDbLine
 10
433.7982016070312
 20
53.84272419410139
 30
0.0
 11
473.7982016070313
 21
53.84272419410139
 31
0.0
  0
LINE
  5
289
330
1F
100
AcDbEntity
  8
0
  6
Continuous
 62
     7
370
    25
100
AcDbLine
 10
433.7982016070312
 20
53.84272419410139
 30
0.0
 11
433.7982016070312
 21
51.84272419410139
 31
0.0
  0
LINE
  5
28A
330
1F
100
AcDbEntity
  8
0
  6
Continuous
 62
     7
370
    25
100
AcDbLine
 10
433.7982016070312
 20
51.84272419410139
 30
0.0
 11
473.7982016070313
 21
51.84272419410139
 31
0.0
  0
LINE
  5
28B
330
1F
100
AcDbEntity
  8
0
  6
Continuous
 62
     7
370
    25
100
AcDbLine
 10
593.7982016070312
 20
53.84272419410139
 30
0.0
 11
593.7982016070312
 21
51.84272419410139
 31
0.0
  0
LINE
  5
28C
330
1F
100
AcDbEntity
  8
0
  6
Continuous
 62
     7
370
    25
100
AcDbLine
 10
543.7982016070312
 20
53.84272419410139
 30
0.0
 11
593.7982016070312
 21
53.84272419410139
 31
0.0
  0
LINE
  5
28D
330
1F
100
AcDbEntity
  8
0
  6
Continuous
 62
     7
370
    25
100
AcDbLine
 10
543.7982016070312
 20
53.84272419410139
 30
0.0
 11
543.7982016070312
 21
51.84272419410139
 31
0.0
  0
LINE
  5
28E
330
1F
100
AcDbEntity
  8
0
  6
Continuous
 62
     7
370
    25
100
AcDbLine
 10
543.7982016070312
 20
51.84272419410139
 30
0.0
 11
593.7982016070312
 21
51.84272419410139
 31
0.0
  0
LINE
  5
28F
330
1F
100
AcDbEntity
  8
0
  6
Continuous
 62
     7
370
    25
100
AcDbLine
 10
713.7982016070311
 20
53.84272419410139
 30
0.0
 11
713.7982016070311
 21
51.84272419410139
 31
0.0
  0
LINE
  5
290
330
1F
100
AcDbEntity
  8
0
  6
Continuous
 62
     7
370
    25
100
AcDbLine
 10
663.7982016070311
 20
53.84272419410139
 30
0.0
 11
713.7982016070311
 21
53.84272419410139
 31
0.0
  0
LINE
  5
291
330
1F
100
AcDbEntity
  8
0
  6
Continuous
 62
     7
370
    25
100
AcDbLine
 10
663.7982016070311
 20
53.84272419410139
 30
0.0
 11
663.7982016070311
 21
51.84272419410139
 31
0.0
  0
LINE
  5
292
330
1F
100
AcDbEntity
  8
0
  6
Continuous
 62
     7
370
    25
100
AcDbLine
 10
663.7982016070311
 20
51.84272419410139
 30
0.0
 11
713.7982016070311
 21
51.84272419410139
 31
0.0
  0
LINE
  5
293
330
1F
100
AcDbEntity
  8
0
  6
Continuous
 62
     7
370
    25
100
AcDbLine
 10
538.5907759236313
 20
71.29788071550137
 30
0.0
 11
560.5423950687312
 21
84.10299188350141
 31
0.0
  0
LINE
  5
294
330
1F
100
AcDbEntity
  8
0
  6
Continuous
 62
     7
370
    25
100
AcDbLine
 10
539.3465824619312
 20
68.50221236420139
 30
0.0
 11
583.2498207521312
 21
68.50221236420139
 31
0.0
  0
LINE
  5
295
330
1F
100
AcDbEntity
  8
0
  6
Continuous
 62
     7
370
    25
100
AcDbLine
 10
562.0540081453314
 20
84.10299188350141
 30
0.0
 11
584.0056272904313
 21
71.29788071550137
 31
0.0
  0
LINE
  5
296
330
1F
100
AcDbEntity
  8
0
  6
Continuous
 62
     7
370
    25
100
AcDbLine
 10
669.1133235758313
 20
71.24406460690138
 30
0.0
 11
691.0649427210313
 21
84.04917577490138
 31
0.0
  0
LINE
  5
297
330
1F
100
AcDbEntity
  8
0
  6
Continuous
 62
     7
370
    25
100
AcDbLine
 10
669.8691301141313
 20
68.44839625560138
 30
0.0
 11
713.7723684044313
 21
68.44839625560138
 31
0.0
  0
LINE
  5
298
330
1F
100
AcDbEntity
  8
0
  6
Continuous
 62
     7
370
    25
100
AcDbLine
 10
692.5765557975312
 20
84.04917577490138
 30
0.0
 11
714.5281749426315
 21
71.24406460690138
 31
0.0
  0
LINE
  5
299
330
1F
100
AcDbEntity
  8
0
  6
Continuous
 62
     7
370
    25
100
AcDbLine
 10
438.7825214866314
 20
71.29788071550137
 30
0.0
 11
460.7341406317312
 21
84.10299188350141
 31
0.0
  0
LINE
  5
29A
330
1F
100
AcDbEntity
  8
0
  6
Continuous
 62
     7
370
    25
100
AcDbLine
 10
439.5383280248313
 20
68.50221236420139
 30
0.0
 11
483.4415663151312
 21
68.50221236420139
 31
0.0
  0
LINE
  5
29B
330
1F
100
AcDbEntity
  8
0
  6
Continuous
 62
     7
370
    25
100
AcDbLine
 10
462.2457537082312
 20
84.10299188350141
 30
0.0
 11
484.1973728534312
 21
71.29788071550137
 31
0.0
  0
LINE
  5
29C
330
1F
100
AcDbEntity
  8
0
  6
Continuous
 62
     7
370
    25
100
AcDbLine
 10
538.7982020633312
 20
40.84262533200138
 30
0.0
 11
538.7982020633312
 21
29.8427238331014
 31
0.0
  0
LINE
  5
29D
330
1F
100
AcDbEntity
  8
0
  6
Continuous
 62
     7
370
    25
100
AcDbLine
 10
544.7982020633312
 20
23.8427238331014
 30
0.0
 11
719.2982020633313
 21
23.8427238331014
 31
0.0
  0
LINE
  5
29E
330
1F
100
AcDbEntity
  8
0
  6
Continuous
 62
     7
370
    25
100
AcDbLine
 10
725.2982020633312
 20
40.8427238234014
 30
0.0
 11
725.2982020633312
 21
29.8427238331014
 31
0.0
  0
LINE
  5
29F
330
1F
100
AcDbEntity
  8
0
  6
Continuous
 62
     7
370
    25
100
AcDbLine
 10
544.7981986768313
 20
46.84262533200139
 30
0.0
 11
719.2981986768313
 21
46.84272382340139
 31
0.0
  0
LINE
  5
2A0
330
1F
100
AcDbEntity
  8
0
  6
Continuous
 62
     7
370
    25
100
AcDbLine
 10
393.7982020633313
 20
51.8427238331014
 30
0.0
 11
395.7982020633313
 21
51.8427238331014
 31
0.0
  0
LINE
  5
2A1
330
1F
100
AcDbEntity
  8
0
  6
Continuous
 62
     7
370
    25
100
AcDbLine
 10
395.7982020633313
 20
91.84272383310139
 30
0.0
 11
395.7982020633313
 21
51.8427238331014
 31
0.0
  0
LINE
  5
2A2
330
1F
100
AcDbEntity
  8
0
  6
Continuous
 62
     7
370
    25
100
AcDbLine
 10
393.7982020633313
 20
91.84272383310139
 30
0.0
 11
395.7982020633313
 21
91.84272383310139
 31
0.0
  0
LINE
  5
2A3
330
1F
100
AcDbEntity
  8
0
  6
Continuous
 62
     7
370
    25
100
AcDbLine
 10
393.7982020633313
 20
91.84272383310139
 30
0.0
 11
393.7982020633313
 21
51.8427238331014
 31
0.0
  0
LINE
  5
2A4
330
1F
100
AcDbEntity
  8
0
  6
Continuous
 62
     7
370
    25
100
AcDbLine
 10
353.7982020633312
 20
63.84272383310139
 30
0.0
 11
348.7982020633312
 21
63.84272383310139
 31
0.0
  0
LINE
  5
2A5
330
1F
100
AcDbEntity
  8
0
  6
Continuous
 62
     7
370
    25
100
AcDbLine
 10
353.7982020633312
 20
61.8427238331014
 30
0.0
 11
353.7982020633312
 21
63.84272383310139
 31
0.0
  0
LINE
  5
2A6
330
1F
100
AcDbEntity
  8
0
  6
Continuous
 62
     7
370
    25
100
AcDbLine
 10
353.7982020633312
 20
61.8427238331014
 30
0.0
 11
383.7982020633313
 21
61.8427238331014
 31
0.0
  0
LINE
  5
2A7
330
1F
100
AcDbEntity
  8
0
  6
Continuous
 62
     7
370
    25
100
AcDbLine
 10
383.7982020633313
 20
61.8427238331014
 30
0.0
 11
383.7982020633313
 21
63.84272383310139
 31
0.0
  0
LINE
  5
2A8
330
1F
100
AcDbEntity
  8
0
  6
Continuous
 62
     7
370
    25
100
AcDbLine
 10
390.7982020633312
 20
63.84272383310139
 30
0.0
 11
383.7982020633313
 21
63.84272383310139
 31
0.0
  0
LINE
  5
2A9
330
1F
100
AcDbEntity
  8
0
  6
Continuous
 62
     7
370
    25
100
AcDbLine
 10
390.7982020633312
 20
86.84272383310139
 30
0.0
 11
390.7982020633312
 21
63.84272383310139
 31
0.0
  0
LINE
  5
2AA
330
1F
100
AcDbEntity
  8
0
  6
Continuous
 62
     7
370
    25
100
AcDbLine
 10
348.7982020633312
 20
86.84272383310139
 30
0.0
 11
390.7982020633312
 21
86.84272383310139
 31
0.0
  0
LINE
  5
2AB
330
1F
100
AcDbEntity
  8
0
  6
Continuous
 62
     7
370
    25
100
AcDbLine
 10
348.7982020633312
 20
63.84272383310139
 30
0.0
 11
348.7982020633312
 21
86.84272383310139
 31
0.0
  0
LINE
  5
2AC
330
1F
100
AcDbEntity
  8
0
  6
Continuous
 62
     7
370
    25
100
AcDbLine
 10
743.7982020633313
 20
51.8427238331014
 30
0.0
 11
745.7982020633312
 21
51.8427238331014
 31
0.0
  0
ARC
  5
2AD
330
1F
100
AcDbEntity
  8
0
  6
Continuous
 62
     7
370
    25
100
AcDbCircle
 10
483.8750929687312
 20
107.0022123642014
 30
0.0
 40
1.5
100
AcDbArc
 50
300.0617481901
 51
90.0
  0
ARC
  5
2AE
330
1F
100
AcDbEntity
  8
0
  6
Continuous
 62
     7
370
    25
100
AcDbCircle
 10
439.5383280248313
 20
107.0022123642014
 30
0.0
 40
1.500000000000006
100
AcDbArc
 50
90.0
 51
239.7435628364991
  0
ARC
  5
2AF
330
1F
100
AcDbEntity
  8
0
  6
Continuous
 62
     7
370
    25
100
AcDbCircle
 10
461.6200067798311
 20
94.12123309040138
 30
0.0
 40
1.50000000000006
100
AcDbArc
 50
239.7435628364991
 51
300.0617481901
  0
ARC
  5
2B0
330
1F
100
AcDbEntity
  8
0
  6
Continuous
 62
     7
370
    25
100
AcDbCircle
 10
430.4899471700312
 20
76.10352472390139
 30
0.0
 40
1.499999999999993
100
AcDbArc
 50
180.0
 51
300.0617481901
  0
ARC
  5
2B1
330
1F
100
AcDbEntity
  8
0
  6
Continuous
 62
     7
370
    25
100
AcDbCircle
 10
451.8191570243313
 20
88.44861778380138
 30
0.0
 40
1.500000000000004
100
AcDbArc
 50
300.0617481901
 51
59.74356283649915
  0
ARC
  5
2B2
330
1F
100
AcDbEntity
  8
0
  6
Continuous
 62
     7
370
    25
100
AcDbCircle
 10
430.4899471700312
 20
100.8906568655014
 30
0.0
 40
1.500000000000006
100
AcDbArc
 50
59.74356283649915
 51
180.0
  0
ARC
  5
2B3
330
1F
100
AcDbEntity
  8
0
  6
Continuous
 62
     7
370
    25
100
AcDbCircle
 10
492.4899471700313
 20
76.11376786290138
 30
0.0
 40
1.500000000000026
100
AcDbArc
 50
239.7435628364991
 51
0.0
  0
ARC
  5
2B4
330
1F
100
AcDbEntity
  8
0
  6
Continuous
 62
     7
370
    25
100
AcDbCircle
 10
492.4899471700313
 20
100.8906568655014
 30
0.0
 40
1.5
100
AcDbArc
 50
0.0
 51
120.2564371635008
  0
ARC
  5
2B5
330
1F
100
AcDbEntity
  8
0
  6
Continuous
 62
     7
370
    25
100
AcDbCircle
 10
471.2526137391312
 20
88.50221236420139
 30
0.0
 40
1.500000000000011
100
AcDbArc
 50
120.2564371635008
 51
239.7435628364991
  0
ARC
  5
2B6
330
1F
100
AcDbEntity
  8
0
  6
Continuous
 62
     7
370
    25
100
AcDbCircle
 10
714.8871943655314
 20
107.3427241941014
 30
0.0
 40
1.500000000000026
100
AcDbArc
 50
300.0617481901
 51
90.0
  0
ARC
  5
2B7
330
1F
100
AcDbEntity
  8
0
  6
Continuous
 62
     7
370
    25
100
AcDbCircle
 10
669.8691301141313
 20
107.3427241941014
 30
0.0
 40
1.50000000000001
100
AcDbArc
 50
90.0
 51
238.9860925992998
  0
ARC
  5
2B8
330
1F
100
AcDbEntity
  8
0
  6
Continuous
 62
     7
370
    25
100
AcDbCircle
 10
691.9508088691312
 20
94.06741698180141
 30
0.0
 40
1.499999999999879
100
AcDbArc
 50
238.9860925992998
 51
300.0617481901
  0
ARC
  5
2B9
330
1F
100
AcDbEntity
  8
0
  6
Continuous
 62
     7
370
    25
100
AcDbCircle
 10
660.8207492592311
 20
76.0497086153014
 30
0.0
 40
1.5
100
AcDbArc
 50
180.0
 51
300.0617481901
  0
ARC
  5
2BA
330
1F
100
AcDbEntity
  8
0
  6
Continuous
 62
     7
370
    25
100
AcDbCircle
 10
682.1499591136312
 20
88.39480167520139
 30
0.0
 40
1.500000000000043
100
AcDbArc
 50
300.0617481901
 51
59.74356283649915
  0
ARC
  5
2BB
330
1F
100
AcDbEntity
  8
0
  6
Continuous
 62
     7
370
    25
100
AcDbCircle
 10
660.8207492592311
 20
100.8368407569014
 30
0.0
 40
1.499999999999956
100
AcDbArc
 50
59.74356283649915
 51
180.0
  0
ARC
  5
2BC
330
1F
100
AcDbEntity
  8
0
  6
Continuous
 62
     7
370
    25
100
AcDbCircle
 10
722.2982016070311
 20
76.3647712180014
 30
0.0
 40
1.499999999999884
100
AcDbArc
 50
239.7435628364991
 51
0.0
  0
ARC
  5
2BD
330
1F
100
AcDbEntity
  8
0
  6
Continuous
 62
     7
370
    25
100
AcDbCircle
 10
722.2982016070311
 20
100.8368407569014
 30
0.0
 40
1.499999999999964
100
AcDbArc
 50
0.0
 51
120.8814663136006
  0
ARC
  5
2BE
330
1F
100
AcDbEntity
  8
0
  6
Continuous
 62
     7
370
    25
100
AcDbCircle
 10
701.5834158284313
 20
88.44839625560139
 30
0.0
 40
1.500000000000059
100
AcDbArc
 50
120.8814663136006
 51
239.7435628364991
  0
ARC
  5
2BF
330
1F
100
AcDbEntity
  8
0
  6
Continuous
 62
     7
370
    25
100
AcDbCircle
 10
583.6833474058312
 20
107.0022123642014
 30
0.0
 40
1.499999999999995
100
AcDbArc
 50
300.0617481901
 51
90.0
  0
ARC
  5
2C0
330
1F
100
AcDbEntity
  8
0
  6
Continuous
 62
     7
370
    25
100
AcDbCircle
 10
539.3465824619312
 20
107.0022123642014
 30
0.0
 40
1.500000000000024
100
AcDbArc
 50
90.0
 51
239.7435628364991
  0
ARC
  5
2C1
330
1F
100
AcDbEntity
  8
0
  6
Continuous
 62
     7
370
    25
100
AcDbCircle
 10
561.4282612169311
 20
94.12123309040138
 30
0.0
 40
1.50000000000007
100
AcDbArc
 50
239.7435628364991
 51
300.0617481901
  0
ARC
  5
2C2
330
1F
100
AcDbEntity
  8
0
  6
Continuous
 62
     7
370
    25
100
AcDbCircle
 10
530.2982016070313
 20
76.10352472390139
 30
0.0
 40
1.5
100
AcDbArc
 50
180.0
 51
300.0617481901
  0
ARC
  5
2C3
330
1F
100
AcDbEntity
  8
0
  6
Continuous
 62
     7
370
    25
100
AcDbCircle
 10
551.6274114613312
 20
88.44861778380138
 30
0.0
 40
1.500000000000011
100
AcDbArc
 50
300.0617481901
 51
59.74356283649915
  0
ARC
  5
2C4
330
1F
100
AcDbEntity
  8
0
  6
Continuous
 62
     7
370
    25
100
AcDbCircle
 10
530.2982016070313
 20
100.8906568655014
 30
0.0
 40
1.5
100
AcDbArc
 50
59.74356283649915
 51
180.0
  0
ARC
  5
2C5
330
1F
100
AcDbEntity
  8
0
  6
Continuous
 62
     7
370
    25
100
AcDbCircle
 10
592.2982016070313
 20
76.45427969280138
 30
0.0
 40
1.500000000000085
100
AcDbArc
 50
239.7435628364991
 51
0.0
  0
ARC
  5
2C6
330
1F
100
AcDbEntity
  8
0
  6
Continuous
 62
     7
370
    25
100
AcDbCircle
 10
592.2982016070313
 20
101.2311686954014
 30
0.0
 40
1.500000000000027
100
AcDbArc
 50
0.0
 51
120.2564371635008
  0
ARC
  5
2C7
330
1F
100
AcDbEntity
  8
0
  6
Continuous
 62
     7
370
    25
100
AcDbCircle
 10
571.0608681762312
 20
88.84272419410137
 30
0.0
 40
1.500000000000041
100
AcDbArc
 50
120.2564371635008
 51
239.7435628364991
  0
ARC
  5
2C8
330
1F
100
AcDbEntity
  8
0
  6
Continuous
 62
     7
370
    25
100
AcDbCircle
 10
393.7982020633313
 20
71.8427238331014
 30
0.0
 40
50.0
100
AcDbArc
 50
90.0
 51
270.0
  0
ARC
  5
2C9
330
1F
100
AcDbEntity
  8
0
  6
Continuous
 62
     7
370
    25
100
AcDbCircle
 10
539.3465824619312
 20
70.0022123642014
 30
0.0
 40
1.500000000000011
100
AcDbArc
 50
120.2564371635008
 51
270.0
  0
ARC
  5
2CA
330
1F
100
AcDbEntity
  8
0
  6
Continuous
 62
     7
370
    25
100
AcDbCircle
 10
583.2498207521312
 20
70.0022123642014
 30
0.0
 40
1.500000000000006
100
AcDbArc
 50
270.0
 51
59.74356283649915
  0
ARC
  5
2CB
330
1F
100
AcDbEntity
  8
0
  6
Continuous
 62
     7
370
    25
100
AcDbCircle
 10
561.2982016070313
 20
82.80732353220139
 30
0.0
 40
1.49999999999993
100
AcDbArc
 50
59.74356283649915
 51
120.2564371635008
  0
ARC
  5
2CC
330
1F
100
AcDbEntity
  8
0
  6
Continuous
 62
     7
370
    25
100
AcDbCircle
 10
669.8691301141313
 20
69.94839625560138
 30
0.0
 40
1.500000000000003
100
AcDbArc
 50
120.2564371635008
 51
270.0
  0
ARC
  5
2CD
330
1F
100
AcDbEntity
  8
0
  6
Continuous
 62
     7
370
    25
100
AcDbCircle
 10
713.7723684044313
 20
69.94839625560138
 30
0.0
 40
1.500000000000031
100
AcDbArc
 50
270.0
 51
59.74356283649915
  0
ARC
  5
2CE
330
1F
100
AcDbEntity
  8
0
  6
Continuous
 62
     7
370
    25
100
AcDbCircle
 10
691.8207492592312
 20
82.75350742360139
 30
0.0
 40
1.499999999999945
100
AcDbArc
 50
59.74356283649915
 51
120.2564371635008
  0
ARC
  5
2CF
330
1F
100
AcDbEntity
  8
0
  6
Continuous
 62
     7
370
    25
100
AcDbCircle
 10
439.5383280248313
 20
70.0022123642014
 30
0.0
 40
1.500000000000006
100
AcDbArc
 50
120.2564371635008
 51
270.0
  0
ARC
  5
2D0
330
1F
100
AcDbEntity
  8
0
  6
Continuous
 62
     7
370
    25
100
AcDbCircle
 10
483.4415663151312
 20
70.0022123642014
 30
0.0
 40
1.500000000000004
100
AcDbArc
 50
270.0
 51
59.74356283649915
  0
ARC
  5
2D1
330
1F
100
AcDbEntity
  8
0
  6
Continuous
 62
     7
370
    25
100
AcDbCircle
 10
461.4899471700312
 20
82.80732353220139
 30
0.0
 40
1.500000000000003
100
AcDbArc
 50
59.74356283649915
 51
120.2564371635008
  0
ARC
  5
2D2
330
1F
100
AcDbEntity
  8
0
  6
Continuous
 62
     7
370
    25
100
AcDbCircle
 10
544.7982020633312
 20
40.84262533200138
 30
0.0
 40
6.00000000000233
100
AcDbArc
 50
90.00003233890129
 51
180.0
  0
ARC
  5
2D3
330
1F
100
AcDbEntity
  8
0
  6
Continuous
 62
     7
370
    25
100
AcDbCircle
 10
544.7982020633312
 20
29.8427238331014
 30
0.0
 40
6.00000000000469
100
AcDbArc
 50
180.0
 51
270.0
  0
ARC
  5
2D4
330
1F
100
AcDbEntity
  8
0
  6
Continuous
 62
     7
370
    25
100
AcDbCircle
 10
719.2982020633313
 20
29.8427238331014
 30
0.0
 40
5.999999999999943
100
AcDbArc
 50
270.0
 51
0.0
  0
ARC
  5
2D5
330
1F
100
AcDbEntity
  8
0
  6
Continuous
 62
     7
370
    25
100
AcDbCircle
 10
719.2982020633313
 20
40.8427238234014
 30
0.0
 40
5.999999999999968
100
AcDbArc
 50
0.0
 51
90.00003233890129
  0
CIRCLE
  5
302
330
1F
100
AcDbEntity
  8
0
  6
Continuous
 62
     7
370
    25
100
AcDbCircle
 10
718.3195157455775
 20
-141.226577675975
 30
0.0
 40
2.599999999999995
  0
CIRCLE
  5
303
330
1F
100
AcDbEntity
  8
0
  6
Continuous
 62
     7
370
    25
100
AcDbCircle
 10
668.3195157455775
 20
-156.226577675975
 30
0.0
 40
5.000000000000011
  0
CIRCLE
  5
304
330
1F
100
AcDbEntity
  8
0
  6
Continuous
 62
     7
370
    25
100
AcDbCircle
 10
528.3195157455775
 20
-126.226577675975
 30
0.0
 40
3.999999999999998
  0
CIRCLE
  5
305
330
1F
100
AcDbEntity
  8
0
  6
Continuous
 62
     7
370
    25
100
AcDbCircle
 10
528.3195157455775
 20
-156.226577675975
 30
0.0
 40
3.999999999999998
  0
LINE
  5
306
330
1F
100
AcDbEntity
  8
0
  6
Continuous
 62
     7
370
    25
100
AcDbLine
 10
751.0195157455775
 20
-139.383805536275
 30
0.0
 11
751.0195157455775
 21
-143.257634370175
 31
0.0
  0
LINE
  5
307
330
1F
100
AcDbEntity
  8
0
  6
Continuous
 62
     7
370
    25
100
AcDbLine
 10
751.0195157455775
 20
-143.257634370175
 30
0.0
 11
753.0195157455775
 21
-143.257634370175
 31
0.0
  0
LINE
  5
308
330
1F
100
AcDbEntity
  8
0
  6
Continuous
 62
     7
370
    25
100
AcDbLine
 10
753.0195157455775
 20
-139.383805536275
 30
0.0
 11
753.0195157455775
 21
-143.257634370175
 31
0.0
  0
LINE
  5
309
330
1F
100
AcDbEntity
  8
0
  6
Continuous
 62
     7
370
    25
100
AcDbLine
 10
751.0195157455775
 20
-139.383805536275
 30
0.0
 11
753.0195157455775
 21
-139.383805536275
 31
0.0
  0
LINE
  5
30A
330
1F
100
AcDbEntity
  8
0
  6
Continuous
 62
     7
370
    25
100
AcDbLine
 10
538.3195157455775
 20
-116.226577675975
 30
0.0
 11
538.3195157455775
 21
-166.226577675975
 31
0.0
  0
LINE
  5
30B
330
1F
100
AcDbEntity
  8
0
  6
Continuous
 62
     7
370
    25
100
AcDbLine
 10
538.3195157455775
 20
-166.226577675975
 30
0.0
 11
643.3195157455775
 21
-166.226577675975
 31
0.0
  0
LINE
  5
30C
330
1F
100
AcDbEntity
  8
0
  6
Continuous
 62
     7
370
    25
100
AcDbLine
 10
643.3195157455775
 20
-116.226577675975
 30
0.0
 11
643.3195157455775
 21
-166.226577675975
 31
0.0
  0
LINE
  5
30D
330
1F
100
AcDbEntity
  8
0
  6
Continuous
 62
     7
370
    25
100
AcDbLine
 10
538.3195157455775
 20
-116.226577675975
 30
0.0
 11
643.3195157455775
 21
-116.226577675975
 31
0.0
  0
LINE
  5
30E
330
1F
100
AcDbEntity
  8
0
  6
Continuous
 62
     7
370
    25
100
AcDbLine
 10
516.3195157455775
 20
-161.226577675975
 30
0.0
 11
516.3195157455775
 21
-121.226577675975
 31
0.0
  0
LINE
  5
30F
330
1F
100
AcDbEntity
  8
0
  6
Continuous
 62
     7
370
    25
100
AcDbLine
 10
516.3195157455775
 20
-121.226577675975
 30
0.0
 11
518.3195157455775
 21
-121.226577675975
 31
0.0
  0
LINE
  5
310
330
1F
100
AcDbEntity
  8
0
  6
Continuous
 62
     7
370
    25
100
AcDbLine
 10
518.3195157455775
 20
-111.226577675975
 30
0.0
 11
518.3195157455775
 21
-121.226577675975
 31
0.0
  0
LINE
  5
311
330
1F
100
AcDbEntity
  8
0
  6
Continuous
 62
     7
370
    25
100
AcDbLine
 10
518.3195157455775
 20
-111.226577675975
 30
0.0
 11
568.3195157455775
 21
-111.226577675975
 31
0.0
  0
LINE
  5
312
330
1F
100
AcDbEntity
  8
0
  6
Continuous
 62
     7
370
    25
100
AcDbLine
 10
568.3195157455775
 20
-109.226577675975
 30
0.0
 11
568.3195157455775
 21
-111.226577675975
 31
0.0
  0
LINE
  5
313
330
1F
100
AcDbEntity
  8
0
  6
Continuous
 62
     7
370
    25
100
AcDbLine
 10
568.3195157455775
 20
-109.226577675975
 30
0.0
 11
608.3195157455775
 21
-109.226577675975
 31
0.0
  0
LINE
  5
314
330
1F
100
AcDbEntity
  8
0
  6
Continuous
 62
     7
370
    25
100
AcDbLine
 10
608.3195157455775
 20
-109.226577675975
 30
0.0
 11
608.3195157455775
 21
-111.226577675975
 31
0.0
  0
LINE
  5
315
330
1F
100
AcDbEntity
  8
0
  6
Continuous
 62
     7
370
    25
100
AcDbLine
 10
608.3195157455775
 20
-111.226577675975
 30
0.0
 11
653.3195157455775
 21
-111.226577675975
 31
0.0
  0
LINE
  5
316
330
1F
100
AcDbEntity
  8
0
  6
Continuous
 62
     7
370
    25
100
AcDbLine
 10
653.3195157455775
 20
-109.226577675975
 30
0.0
 11
723.3195157455774
 21
-109.226577675975
 31
0.0
  0
LINE
  5
317
330
1F
100
AcDbEntity
  8
0
  6
Continuous
 62
     7
370
    25
100
AcDbLine
 10
723.3195157455774
 20
-111.226577675975
 30
0.0
 11
793.3195157455775
 21
-111.226577675975
 31
0.0
  0
LINE
  5
318
330
1F
100
AcDbEntity
  8
0
  6
Continuous
 62
     7
370
    25
100
AcDbLine
 10
793.3195157455775
 20
-171.226577675975
 30
0.0
 11
793.3195157455775
 21
-111.226577675975
 31
0.0
  0
LINE
  5
319
330
1F
100
AcDbEntity
  8
0
  6
Continuous
 62
     7
370
    25
100
AcDbLine
 10
723.3195157455774
 20
-171.226577675975
 30
0.0
 11
793.3195157455775
 21
-171.226577675975
 31
0.0
  0
LINE
  5
31A
330
1F
100
AcDbEntity
  8
0
  6
Continuous
 62
     7
370
    25
100
AcDbLine
 10
723.3195157455774
 20
-171.226577675975
 30
0.0
 11
723.3195157455774
 21
-173.226577675975
 31
0.0
  0
LINE
  5
31B
330
1F
100
AcDbEntity
  8
0
  6
Continuous
 62
     7
370
    25
100
AcDbLine
 10
653.3195157455775
 20
-173.226577675975
 30
0.0
 11
723.3195157455774
 21
-173.226577675975
 31
0.0
  0
LINE
  5
31C
330
1F
100
AcDbEntity
  8
0
  6
Continuous
 62
     7
370
    25
100
AcDbLine
 10
653.3195157455775
 20
-171.226577675975
 30
0.0
 11
653.3195157455775
 21
-173.226577675975
 31
0.0
  0
LINE
  5
31D
330
1F
100
AcDbEntity
  8
0
  6
Continuous
 62
     7
370
    25
100
AcDbLine
 10
608.3195157455775
 20
-171.226577675975
 30
0.0
 11
653.3195157455775
 21
-171.226577675975
 31
0.0
  0
LINE
  5
31E
330
1F
100
AcDbEntity
  8
0
  6
Continuous
 62
     7
370
    25
100
AcDbLine
 10
608.3195157455775
 20
-171.226577675975
 30
0.0
 11
608.3195157455775
 21
-173.226577675975
 31
0.0
  0
LINE
  5
31F
330
1F
100
AcDbEntity
  8
0
  6
Continuous
 62
     7
370
    25
100
AcDbLine
 10
568.3195157455775
 20
-173.226577675975
 30
0.0
 11
608.3195157455775
 21
-173.226577675975
 31
0.0
  0
LINE
  5
320
330
1F
100
AcDbEntity
  8
0
  6
Continuous
 62
     7
370
    25
100
AcDbLine
 10
568.3195157455775
 20
-171.226577675975
 30
0.0
 11
568.3195157455775
 21
-173.226577675975
 31
0.0
  0
LINE
  5
321
330
1F
100
AcDbEntity
  8
0
  6
Continuous
 62
     7
370
    25
100
AcDbLine
 10
518.3195157455775
 20
-171.226577675975
 30
0.0
 11
568.3195157455775
 21
-171.226577675975
 31
0.0
  0
LINE
  5
322
330
1F
100
AcDbEntity
  8
0
  6
Continuous
 62
     7
370
    25
100
AcDbLine
 10
518.3195157455775
 20
-161.226577675975
 30
0.0
 11
518.3195157455775
 21
-171.226577675975
 31
0.0
  0
LINE
  5
323
330
1F
100
AcDbEntity
  8
0
  6
Continuous
 62
     7
370
    25
100
AcDbLine
 10
516.3195157455775
 20
-161.226577675975
 30
0.0
 11
518.3195157455775
 21
-161.226577675975
 31
0.0
  0
LINE
  5
324
330
1F
100
AcDbEntity
  8
0
  6
Continuous
 62
     7
370
    25
100
AcDbLine
 10
655.3195157455775
 20
-126.226577675975
 30
0.0
 11
655.3195157455775
 21
-156.226577675975
 31
0.0
  0
LINE
  5
325
330
1F
100
AcDbEntity
  8
0
  6
Continuous
 62
     7
370
    25
100
AcDbLine
 10
653.3195157455775
 20
-126.226577675975
 30
0.0
 11
655.3195157455775
 21
-126.226577675975
 31
0.0
  0
LINE
  5
326
330
1F
100
AcDbEntity
  8
0
  6
Continuous
 62
     7
370
    25
100
AcDbLine
 10
653.3195157455775
 20
-126.226577675975
 30
0.0
 11
653.3195157455775
 21
-156.226577675975
 31
0.0
  0
LINE
  5
327
330
1F
100
AcDbEntity
  8
0
  6
Continuous
 62
     7
370
    25
100
AcDbLine
 10
653.3195157455775
 20
-156.226577675975
 30
0.0
 11
655.3195157455775
 21
-156.226577675975
 31
0.0
  0
LINE
  5
328
330
1F
100
AcDbEntity
  8
0
  6
Continuous
 62
     7
370
    25
100
AcDbLine
 10
723.3195157455774
 20
-109.226577675975
 30
0.0
 11
723.3195157455774
 21
-111.226577675975
 31
0.0
  0
LINE
  5
329
330
1F
100
AcDbEntity
  8
0
  6
Continuous
 62
     7
370
    25
100
AcDbLine
 10
653.3195157455775
 20
-109.226577675975
 30
0.0
 11
653.3195157455775
 21
-111.226577675975
 31
0.0
  0
LINE
  5
342
330
1F
100
AcDbEntity
  8
0
  6
Continuous
 62
     7
370
    25
100
AcDbLine
 10
232.0214674447961
 20
-203.0742352027864
 30
0.0
 11
234.0214674447961
 21
-203.0742352027864
 31
0.0
  0
LINE
  5
343
330
1F
100
AcDbEntity
  8
0
  6
Continuous
 62
     7
370
    25
100
AcDbLine
 10
234.0214674447961
 20
-183.0742352027864
 30
0.0
 11
234.0214674447961
 21
-203.0742352027864
 31
0.0
  0
LINE
  5
344
330
1F
100
AcDbEntity
  8
0
  6
Continuous
 62
     7
370
    25
100
AcDbLine
 10
234.0214674447961
 20
-183.0742352027864
 30
0.0
 11
274.0214674447961
 21
-183.0742352027864
 31
0.0
  0
LINE
  5
345
330
1F
100
AcDbEntity
  8
0
  6
Continuous
 62
     7
370
    25
100
AcDbLine
 10
324.0214674447961
 20
-183.0742352027864
 30
0.0
 11
369.0214674447962
 21
-183.0742352027864
 31
0.0
  0
LINE
  5
346
330
1F
100
AcDbEntity
  8
0
  6
Continuous
 62
     7
370
    25
100
AcDbLine
 10
369.0214674447962
 20
-183.0742352027864
 30
0.0
 11
369.0214674447962
 21
-203.0742352027864
 31
0.0
  0
LINE
  5
347
330
1F
100
AcDbEntity
  8
0
  6
Continuous
 62
     7
370
    25
100
AcDbLine
 10
369.0214674447962
 20
-203.0742352027864
 30
0.0
 11
371.0214674447962
 21
-203.0742352027864
 31
0.0
  0
LINE
  5
348
330
1F
100
AcDbEntity
  8
0
  6
Continuous
 62
     7
370
    25
100
AcDbLine
 10
371.0214674447962
 20
-203.0742352027864
 30
0.0
 11
371.0214674447962
 21
-223.0742352027864
 31
0.0
  0
LINE
  5
349
330
1F
100
AcDbEntity
  8
0
  6
Continuous
 62
     7
370
    25
100
AcDbLine
 10
369.0214674447962
 20
-223.0742352027864
 30
0.0
 11
371.0214674447962
 21
-223.0742352027864
 31
0.0
  0
LINE
  5
34A
330
1F
100
AcDbEntity
  8
0
  6
Continuous
 62
     7
370
    25
100
AcDbLine
 10
369.0214674447962
 20
-223.0742352027864
 30
0.0
 11
369.0214674447962
 21
-243.0742352027865
 31
0.0
  0
LINE
  5
34B
330
1F
100
AcDbEntity
  8
0
  6
Continuous
 62
     7
370
    25
100
AcDbLine
 10
324.0214674447961
 20
-243.0742352027865
 30
0.0
 11
369.0214674447962
 21
-243.0742352027865
 31
0.0
  0
LINE
  5
34C
330
1F
100
AcDbEntity
  8
0
  6
Continuous
 62
     7
370
    25
100
AcDbLine
 10
324.0214674447961
 20
-243.0742352027865
 30
0.0
 11
324.0214674447961
 21
-245.0742352027865
 31
0.0
  0
LINE
  5
34D
330
1F
100
AcDbEntity
  8
0
  6
Continuous
 62
     7
370
    25
100
AcDbLine
 10
274.0214674447961
 20
-245.0742352027865
 30
0.0
 11
324.0214674447961
 21
-245.0742352027865
 31
0.0
  0
LINE
  5
34E
330
1F
100
AcDbEntity
  8
0
  6
Continuous
 62
     7
370
    25
100
AcDbLine
 10
274.0214674447961
 20
-243.0742352027865
 30
0.0
 11
274.0214674447961
 21
-245.0742352027865
 31
0.0
  0
LINE
  5
34F
330
1F
100
AcDbEntity
  8
0
  6
Continuous
 62
     7
370
    25
100
AcDbLine
 10
234.0214674447961
 20
-243.0742352027865
 30
0.0
 11
274.0214674447961
 21
-243.0742352027865
 31
0.0
  0
LINE
  5
350
330
1F
100
AcDbEntity
  8
0
  6
Continuous
 62
     7
370
    25
100
AcDbLine
 10
234.0214674447961
 20
-223.0742352027864
 30
0.0
 11
234.0214674447961
 21
-243.0742352027865
 31
0.0
  0
LINE
  5
351
330
1F
100
AcDbEntity
  8
0
  6
Continuous
 62
     7
370
    25
100
AcDbLine
 10
232.0214674447961
 20
-223.0742352027864
 30
0.0
 11
234.0214674447961
 21
-223.0742352027864
 31
0.0
  0
LINE
  5
352
330
1F
100
AcDbEntity
  8
0
  6
Continuous
 62
     7
370
    25
100
AcDbLine
 10
232.0214674447961
 20
-203.0742352027864
 30
0.0
 11
232.0214674447961
 21
-223.0742352027864
 31
0.0
  0
LINE
  5
353
330
1F
100
AcDbEntity
  8
0
  6
Continuous
 62
     7
370
    25
100
AcDbLine
 10
274.0214674447961
 20
-181.0742352027864
 30
0.0
 11
324.0214674447961
 21
-181.0742352027864
 31
0.0
  0
LINE
  5
354
330
1F
100
AcDbEntity
  8
0
  6
Continuous
 62
     7
370
    25
100
AcDbLine
 10
324.0214674447961
 20
-181.0742352027864
 30
0.0
 11
324.0214674447961
 21
-183.0742352027864
 31
0.0
  0
LINE
  5
355
330
1F
100
AcDbEntity
  8
0
  6
Continuous
 62
     7
370
    25
100
AcDbLine
 10
274.0214674447961
 20
-181.0742352027864
 30
0.0
 11
274.0214674447961
 21
-183.0742352027864
 31
0.0
  0
LINE
  5
36E
330
1F
100
AcDbEntity
  8
0
  6
Continuous
 62
     7
370
    25
100
AcDbLine
 10
18.08771506028051
 20
-158.4679387302462
 30
0.0
 11
18.08771506028051
 21
-160.4679387302462
 31
0.0
  0
LINE
  5
36F
330
1F
100
AcDbEntity
  8
0
  6
Continuous
 62
     7
370
    25
100
AcDbLine
 10
-3.912284939719483
 20
-130.4679387302461
 30
0.0
 11
-1.912284939719484
 21
-130.4679387302461
 31
0.0
  0
LINE
  5
370
330
1F
100
AcDbEntity
  8
0
  6
Continuous
 62
     7
370
    25
100
AcDbLine
 10
-1.912284939719484
 20
-110.4679387302461
 30
0.0
 11
-1.912284939719484
 21
-130.4679387302461
 31
0.0
  0
LINE
  5
371
330
1F
100
AcDbEntity
  8
0
  6
Continuous
 62
     7
370
    25
100
AcDbLine
 10
-1.912284939719484
 20
-110.4679387302461
 30
0.0
 11
13.08771506028051
 21
-110.4679387302461
 31
0.0
  0
LINE
  5
372
330
1F
100
AcDbEntity
  8
0
  6
Continuous
 62
     7
370
    25
100
AcDbLine
 10
13.08771506028051
 20
-108.4679387302461
 30
0.0
 11
13.08771506028051
 21
-110.4679387302461
 31
0.0
  0
LINE
  5
373
330
1F
100
AcDbEntity
  8
0
  6
Continuous
 62
     7
370
    25
100
AcDbLine
 10
13.08771506028051
 20
-108.4679387302461
 30
0.0
 11
43.0877150602805
 21
-108.4679387302461
 31
0.0
  0
LINE
  5
374
330
1F
100
AcDbEntity
  8
0
  6
Continuous
 62
     7
370
    25
100
AcDbLine
 10
43.0877150602805
 20
-108.4679387302461
 30
0.0
 11
43.0877150602805
 21
-110.4679387302461
 31
0.0
  0
LINE
  5
375
330
1F
100
AcDbEntity
  8
0
  6
Continuous
 62
     7
370
    25
100
AcDbLine
 10
43.0877150602805
 20
-110.4679387302461
 30
0.0
 11
58.0877150602805
 21
-110.4679387302461
 31
0.0
  0
LINE
  5
376
330
1F
100
AcDbEntity
  8
0
  6
Continuous
 62
     7
370
    25
100
AcDbLine
 10
58.0877150602805
 20
-110.4679387302461
 30
0.0
 11
58.0877150602805
 21
-130.4679387302461
 31
0.0
  0
LINE
  5
377
330
1F
100
AcDbEntity
  8
0
  6
Continuous
 62
     7
370
    25
100
AcDbLine
 10
58.0877150602805
 20
-130.4679387302461
 30
0.0
 11
60.0877150602805
 21
-130.4679387302461
 31
0.0
  0
LINE
  5
378
330
1F
100
AcDbEntity
  8
0
  6
Continuous
 62
     7
370
    25
100
AcDbLine
 10
60.0877150602805
 20
-130.4679387302461
 30
0.0
 11
60.0877150602805
 21
-150.4679387302461
 31
0.0
  0
LINE
  5
379
330
1F
100
AcDbEntity
  8
0
  6
Continuous
 62
     7
370
    25
100
AcDbLine
 10
58.0877150602805
 20
-150.4679387302461
 30
0.0
 11
60.0877150602805
 21
-150.4679387302461
 31
0.0
  0
LINE
  5
37A
330
1F
100
AcDbEntity
  8
0
  6
Continuous
 62
     7
370
    25
100
AcDbLine
 10
58.0877150602805
 20
-150.4679387302461
 30
0.0
 11
58.0877150602805
 21
-170.4679387302461
 31
0.0
  0
LINE
  5
37B
330
1F
100
AcDbEntity
  8
0
  6
Continuous
 62
     7
370
    25
100
AcDbLine
 10
-1.912284939719484
 20
-170.4679387302461
 30
0.0
 11
58.0877150602805
 21
-170.4679387302461
 31
0.0
  0
LINE
  5
37C
330
1F
100
AcDbEntity
  8
0
  6
Continuous
 62
     7
370
    25
100
AcDbLine
 10
-1.912284939719484
 20
-150.4679387302461
 30
0.0
 11
-1.912284939719484
 21
-170.4679387302461
 31
0.0
  0
LINE
  5
37D
330
1F
100
AcDbEntity
  8
0
  6
Continuous
 62
     7
370
    25
100
AcDbLine
 10
-3.912284939719483
 20
-150.4679387302461
 30
0.0
 11
-1.912284939719484
 21
-150.4679387302461
 31
0.0
  0
LINE
  5
37E
330
1F
100
AcDbEntity
  8
0
  6
Continuous
 62
     7
370
    25
100
AcDbLine
 10
-3.912284939719483
 20
-130.4679387302461
 30
0.0
 11
-3.912284939719483
 21
-150.4679387302461
 31
0.0
  0
LINE
  5
37F
330
1F
100
AcDbEntity
  8
0
  6
Continuous
 62
     7
370
    25
100
AcDbLine
 10
18.08771506028051
 20
-160.4679387302462
 30
0.0
 11
38.08771506028051
 21
-160.4679387302462
 31
0.0
  0
LINE
  5
380
330
1F
100
AcDbEntity
  8
0
  6
Continuous
 62
     7
370
    25
100
AcDbLine
 10
38.08771506028051
 20
-158.4679387302462
 30
0.0
 11
38.08771506028051
 21
-160.4679387302462
 31
0.0
  0
LINE
  5
381
330
1F
100
AcDbEntity
  8
0
  6
Continuous
 62
     7
370
    25
100
AcDbLine
 10
18.08771506028051
 20
-158.4679387302462
 30
0.0
 11
38.08771506028051
 21
-158.4679387302462
 31
0.0
  0
CIRCLE
  5
3BE
330
1F
100
AcDbEntity
  8
0
  6
Continuous
 62
     7
370
    25
100
AcDbCircle
 10
220.7903929679023
 20
-124.9236317431283
 30
0.0
 40
2.500000000000028
  0
LINE
  5
3BF
330
1F
100
AcDbEntity
  8
0
  6
Continuous
 62
     7
370
    25
100
AcDbLine
 10
70.02989947020228
 20
-109.7925649058283
 30
0.0
 11
120.0298994702023
 21
-109.7925649058283
 31
0.0
  0
LINE
  5
3C0
330
1F
100
AcDbEntity
  8
0
  6
Continuous
 62
     7
370
    25
100
AcDbLine
 10
120.0298994702023
 20
-109.7925649058283
 30
0.0
 11
120.0298994702023
 21
-111.7925651680284
 31
0.0
  0
LINE
  5
3C1
330
1F
100
AcDbEntity
  8
0
  6
Continuous
 62
     7
370
    25
100
AcDbLine
 10
120.0298994702023
 20
-111.7925651680284
 30
0.0
 11
160.0298994702023
 21
-111.7925651680284
 31
0.0
  0
LINE
  5
3C2
330
1F
100
AcDbEntity
  8
0
  6
Continuous
 62
     7
370
    25
100
AcDbLine
 10
160.0298994702023
 20
-109.7925649058283
 30
0.0
 11
160.0298994702023
 21
-111.7925651680284
 31
0.0
  0
LINE
  5
3C3
330
1F
100
AcDbEntity
  8
0
  6
Continuous
 62
     7
370
    25
100
AcDbLine
 10
160.0298994702023
 20
-109.7925649058283
 30
0.0
 11
205.0298994702024
 21
-109.7925649058283
 31
0.0
  0
LINE
  5
3C4
330
1F
100
AcDbEntity
  8
0
  6
Continuous
 62
     7
370
    25
100
AcDbLine
 10
205.0298994702024
 20
-109.7925649058283
 30
0.0
 11
205.0298994702024
 21
-111.7925651680284
 31
0.0
  0
LINE
  5
3C5
330
1F
100
AcDbEntity
  8
0
  6
Continuous
 62
     7
370
    25
100
AcDbLine
 10
205.0298994702024
 20
-111.7925651680284
 30
0.0
 11
275.0298995264022
 21
-111.7925651680284
 31
0.0
  0
LINE
  5
3C6
330
1F
100
AcDbEntity
  8
0
  6
Continuous
 62
     7
370
    25
100
AcDbLine
 10
275.0298995264022
 20
-109.7925649058283
 30
0.0
 11
275.0298995264022
 21
-111.7925651680284
 31
0.0
  0
LINE
  5
3C7
330
1F
100
AcDbEntity
  8
0
  6
Continuous
 62
     7
370
    25
100
AcDbLine
 10
275.0298995264022
 20
-109.7925649058283
 30
0.0
 11
345.0298995826024
 21
-109.7925649058283
 31
0.0
  0
LINE
  5
3C8
330
1F
100
AcDbEntity
  8
0
  6
Continuous
 62
     7
370
    25
100
AcDbLine
 10
345.0298995826024
 20
-111.7925651680284
 30
0.0
 11
205.0298994702024
 21
-171.7925652161283
 31
0.0
  0
LINE
  5
3C9
330
1F
100
AcDbEntity
  8
0
  6
Continuous
 62
     7
370
    25
100
AcDbLine
 10
345.0298995826024
 20
-109.7925649058283
 30
0.0
 11
345.0298995826024
 21
-111.7925651680284
 31
0.0
  0
LINE
  5
3CA
330
1F
100
AcDbEntity
  8
0
  6
Continuous
 62
     7
370
    25
100
AcDbLine
 10
70.02989947020228
 20
-171.7925652161283
 30
0.0
 11
205.0298994702024
 21
-171.7925652161283
 31
0.0
  0
LINE
  5
3CB
330
1F
100
AcDbEntity
  8
0
  6
Continuous
 62
     7
370
    25
100
AcDbLine
 10
205.0298994702024
 20
-131.7925649058283
 30
0.0
 11
205.0298994702024
 21
-151.7925649058282
 31
0.0
  0
LINE
  5
3CC
330
1F
100
AcDbEntity
  8
0
  6
Continuous
 62
     7
370
    25
100
AcDbLine
 10
205.0298994702024
 20
-131.7925649058283
 30
0.0
 11
207.0298994702024
 21
-131.7925649058283
 31
0.0
  0
LINE
  5
3CD
330
1F
100
AcDbEntity
  8
0
  6
Continuous
 62
     7
370
    25
100
AcDbLine
 10
207.0298994702024
 20
-131.7925649058283
 30
0.0
 11
207.0298994702024
 21
-151.7925649058282
 31
0.0
  0
LINE
  5
3CE
330
1F
100
AcDbEntity
  8
0
  6
Continuous
 62
     7
370
    25
100
AcDbLine
 10
205.0298994702024
 20
-151.7925649058282
 30
0.0
 11
207.0298994702024
 21
-151.7925649058282
 31
0.0
  0
LINE
  5
3CF
330
1F
100
AcDbEntity
  8
0
  6
Continuous
 62
     7
370
    25
100
AcDbLine
 10
161.7062140595023
 20
-147.8738339027283
 30
0.0
 11
138.0942321182023
 21
-140.9291333317282
 31
0.0
  0
LINE
  5
3D0
330
1F
100
AcDbEntity
  8
0
  6
Continuous
 62
     7
370
    25
100
AcDbLine
 10
113.9179175289023
 20
-151.7925649058282
 30
0.0
 11
161.1418814115023
 21
-151.7925649058282
 31
0.0
  0
LINE
  5
3D1
330
1F
100
AcDbEntity
  8
0
  6
Continuous
 62
     7
370
    25
100
AcDbLine
 10
113.3535848809023
 20
-147.8738339027283
 30
0.0
 11
136.9655668222023
 21
-140.9291333317282
 31
0.0
  0
LINE
  5
3D2
330
1F
100
AcDbEntity
  8
0
  6
Continuous
 62
     7
370
    25
100
AcDbLine
 10
113.3535848809023
 20
-125.7112959089283
 30
0.0
 11
136.9655668222023
 21
-132.6559964799284
 31
0.0
  0
LINE
  5
3D3
330
1F
100
AcDbEntity
  8
0
  6
Continuous
 62
     7
370
    25
100
AcDbLine
 10
113.9179175289023
 20
-121.7925649058283
 30
0.0
 11
161.1418814115023
 21
-121.7925649058283
 31
0.0
  0
LINE
  5
3D4
330
1F
100
AcDbEntity
  8
0
  6
Continuous
 62
     7
370
    25
100
AcDbLine
 10
161.7062140595023
 20
-125.7112959089283
 30
0.0
 11
138.0942321182023
 21
-132.6559964799284
 31
0.0
  0
LINE
  5
3D5
330
1F
100
AcDbEntity
  8
0
  6
Continuous
 62
     7
370
    25
100
AcDbLine
 10
70.02989947020228
 20
-109.7925649058283
 30
0.0
 11
70.02989947020228
 21
-171.7925652161283
 31
0.0
  0
LINE
  5
3D6
330
1F
100
AcDbEntity
  8
0
  6
Continuous
 62
     7
370
    25
100
AcDbLine
 10
110.0298994702022
 20
-159.7925649058282
 30
0.0
 11
160.0298994702023
 21
-159.7925649058282
 31
0.0
  0
LINE
  5
3D7
330
1F
100
AcDbEntity
  8
0
  6
Continuous
 62
     7
370
    25
100
AcDbLine
 10
160.0298994702023
 20
-159.7925649058282
 30
0.0
 11
160.0298994702023
 21
-161.7925649058282
 31
0.0
  0
LINE
  5
3D8
330
1F
100
AcDbEntity
  8
0
  6
Continuous
 62
     7
370
    25
100
AcDbLine
 10
110.0298994702022
 20
-161.7925649058282
 30
0.0
 11
160.0298994702023
 21
-161.7925649058282
 31
0.0
  0
LINE
  5
3D9
330
1F
100
AcDbEntity
  8
0
  6
Continuous
 62
     7
370
    25
100
AcDbLine
 10
110.0298994702022
 20
-159.7925649058282
 30
0.0
 11
110.0298994702022
 21
-161.7925649058282
 31
0.0
  0
LINE
  5
3DA
330
1F
100
AcDbEntity
  8
0
  6
Continuous
 62
     7
370
    25
100
AcDbLine
 10
117.5062140595023
 20
-138.7112959089284
 30
0.0
 11
92.59423211820228
 21
-146.0383494211283
 31
0.0
  0
LINE
  5
3DB
330
1F
100
AcDbEntity
  8
0
  6
Continuous
 62
     7
370
    25
100
AcDbLine
 10
90.02989947020228
 20
-129.4655113936282
 30
0.0
 11
90.02989947020228
 21
-144.1196184180283
 31
0.0
  0
LINE
  5
3DC
330
1F
100
AcDbEntity
  8
0
  6
Continuous
 62
     7
370
    25
100
AcDbLine
 10
92.59423211820228
 20
-127.5467803905284
 30
0.0
 11
117.5062140595023
 21
-134.8738339027283
 31
0.0
  0
LINE
  5
3DD
330
1F
100
AcDbEntity
  8
0
  6
Continuous
 62
     7
370
    25
100
AcDbLine
 10
157.5535848809024
 20
-138.7112959089284
 30
0.0
 11
182.4655668222023
 21
-146.0383494211283
 31
0.0
  0
LINE
  5
3DE
330
1F
100
AcDbEntity
  8
0
  6
Continuous
 62
     7
370
    25
100
AcDbLine
 10
157.5535848809024
 20
-134.8738339027283
 30
0.0
 11
182.4655668222023
 21
-127.5467803905284
 31
0.0
  0
LINE
  5
3DF
330
1F
100
AcDbEntity
  8
0
  6
Continuous
 62
     7
370
    25
100
AcDbLine
 10
185.0298994702023
 20
-129.4655113936282
 30
0.0
 11
185.0298994702023
 21
-144.1196184180283
 31
0.0
  0
LINE
  5
3E0
330
1F
100
AcDbEntity
  8
0
  6
Continuous
 62
     7
370
    25
100
AcDbLine
 10
290.6261951800022
 20
-126.0650027753283
 30
0.0
 11
288.6264997897023
 21
-126.0999075882283
 31
0.0
  0
LINE
  5
3E1
330
1F
100
AcDbEntity
  8
0
  6
Continuous
 62
     7
370
    25
100
AcDbLine
 10
288.6264997897023
 20
-126.0999075882283
 30
0.0
 11
288.4732851136024
 21
-117.3222446724283
 31
0.0
  0
LINE
  5
3E2
330
1F
100
AcDbEntity
  8
0
  6
Continuous
 62
     7
370
    25
100
AcDbLine
 10
288.4732851136024
 20
-117.3222446724283
 30
0.0
 11
290.4729805039023
 21
-117.2873398595283
 31
0.0
  0
LINE
  5
3E3
330
1F
100
AcDbEntity
  8
0
  6
Continuous
 62
     7
370
    25
100
AcDbLine
 10
290.4729805039023
 20
-117.2873398595283
 30
0.0
 11
290.6261951800022
 21
-126.0650027753283
 31
0.0
  0
LINE
  5
3E4
330
1F
100
AcDbEntity
  8
0
  6
Continuous
 62
     7
370
    25
100
AcDbLine
 10
217.8177380674024
 20
-155.5977769356283
 30
0.0
 11
241.0738893301022
 21
-145.6308549658283
 31
0.0
  0
LINE
  5
3E5
330
1F
100
AcDbEntity
  8
0
  6
Continuous
 62
     7
370
    25
100
AcDbLine
 10
215.0298994702024
 20
-143.7925649058283
 30
0.0
 11
215.0298994702024
 21
-153.7594868756283
 31
0.0
  0
LINE
  5
3E6
330
1F
100
AcDbEntity
  8
0
  6
Continuous
 62
     7
370
    25
100
AcDbLine
 10
217.0298994702024
 20
-141.7925649058282
 30
0.0
 11
240.2860507330024
 21
-141.7925649058282
 31
0.0
  0
ARC
  5
3E7
330
1F
100
AcDbEntity
  8
0
  6
Continuous
 62
     7
370
    25
100
AcDbCircle
 10
137.5298994702023
 20
-142.8478643348283
 30
0.0
 40
1.999999999999779
100
AcDbArc
 50
73.61045966600018
 51
106.3895403339998
  0
ARC
  5
3E8
330
1F
100
AcDbEntity
  8
0
  6
Continuous
 62
     7
370
    25
100
AcDbCircle
 10
161.1418814115023
 20
-149.7925649058283
 30
0.0
 40
1.999999999999984
100
AcDbArc
 50
270.0
 51
73.61045966600018
  0
ARC
  5
3E9
330
1F
100
AcDbEntity
  8
0
  6
Continuous
 62
     7
370
    25
100
AcDbCircle
 10
113.9179175289023
 20
-149.7925649058283
 30
0.0
 40
1.999999999999938
100
AcDbArc
 50
106.3895403339998
 51
270.0
  0
ARC
  5
3EA
330
1F
100
AcDbEntity
  8
0
  6
Continuous
 62
     7
370
    25
100
AcDbCircle
 10
137.5298994702023
 20
-130.7372654768283
 30
0.0
 40
2.000000000000014
100
AcDbArc
 50
253.6104596660002
 51
286.3895403339993
  0
ARC
  5
3EB
330
1F
100
AcDbEntity
  8
0
  6
Continuous
 62
     7
370
    25
100
AcDbCircle
 10
113.9179175289023
 20
-123.7925649058283
 30
0.0
 40
2.000000000000014
100
AcDbArc
 50
90.0
 51
253.6104596660002
  0
ARC
  5
3EC
330
1F
100
AcDbEntity
  8
0
  6
Continuous
 62
     7
370
    25
100
AcDbCircle
 10
161.1418814115023
 20
-123.7925649058283
 30
0.0
 40
2.000000000000073
100
AcDbArc
 50
286.3895403339993
 51
90.0
  0
ARC
  5
3ED
330
1F
100
AcDbEntity
  8
0
  6
Continuous
 62
     7
370
    25
100
AcDbCircle
 10
92.02989947020228
 20
-144.1196184180283
 30
0.0
 40
2.000000000000011
100
AcDbArc
 50
180.0
 51
286.3895403339993
  0
ARC
  5
3EE
330
1F
100
AcDbEntity
  8
0
  6
Continuous
 62
     7
370
    25
100
AcDbCircle
 10
92.02989947020228
 20
-129.4655113936282
 30
0.0
 40
2.000000000000018
100
AcDbArc
 50
73.61045966600018
 51
180.0
  0
ARC
  5
3EF
330
1F
100
AcDbEntity
  8
0
  6
Continuous
 62
     7
370
    25
100
AcDbCircle
 10
116.9418814115023
 20
-136.7925649058282
 30
0.0
 40
1.999999999999968
100
AcDbArc
 50
286.3895403339993
 51
73.61045966600018
  0
ARC
  5
3F0
330
1F
100
AcDbEntity
  8
0
  6
Continuous
 62
     7
370
    25
100
AcDbCircle
 10
158.1179175289024
 20
-136.7925649058282
 30
0.0
 40
1.999999999999993
100
AcDbArc
 50
106.3895403339998
 51
253.6104596660002
  0
ARC
  5
3F1
330
1F
100
AcDbEntity
  8
0
  6
Continuous
 62
     7
370
    25
100
AcDbCircle
 10
183.0298994702023
 20
-129.4655113936282
 30
0.0
 40
2.000000000000083
100
AcDbArc
 50
0.0
 51
106.3895403339998
  0
ARC
  5
3F2
330
1F
100
AcDbEntity
  8
0
  6
Continuous
 62
     7
370
    25
100
AcDbCircle
 10
183.0298994702023
 20
-144.1196184180283
 30
0.0
 40
2.000000000000043
100
AcDbArc
 50
253.6104596660002
 51
0.0
  0
ARC
  5
3F3
330
1F
100
AcDbEntity
  8
0
  6
Continuous
 62
     7
370
    25
100
AcDbCircle
 10
217.0298994702024
 20
-153.7594868756283
 30
0.0
 40
1.999999999999971
100
AcDbArc
 50
180.0
 51
293.1985905136
  0
ARC
  5
3F4
330
1F
100
AcDbEntity
  8
0
  6
Continuous
 62
     7
370
    25
100
AcDbCircle
 10
217.0298994702024
 20
-143.7925649058283
 30
0.0
 40
2.0
100
AcDbArc
 50
90.0
 51
180.0
  0
ARC
  5
3F5
330
1F
100
AcDbEntity
  8
0
  6
Continuous
 62
     7
370
    25
100
AcDbCircle
 10
240.2860507330024
 20
-143.7925649058283
 30
0.0
 40
2.00000000000001
100
AcDbArc
 50
293.1985905136
 51
90.0
  0
CIRCLE
  5
432
330
1F
100
AcDbEntity
  8
0
  6
Continuous
 62
     7
370
    25
100
AcDbCircle
 10
354.9722577018351
 20
-156.8285561065057
 30
0.0
 40
2.500000000000028
  0
LINE
  5
433
330
1F
100
AcDbEntity
  8
0
  6
Continuous
 62
     7
370
    25
100
AcDbLine
 10
505.7327511995354
 20
-171.9596229438058
 30
0.0
 11
455.7327511995354
 21
-171.9596229438058
 31
0.0
  0
LINE
  5
434
330
1F
100
AcDbEntity
  8
0
  6
Continuous
 62
     7
370
    25
100
AcDbLine
 10
455.7327511995354
 20
-171.9596229438058
 30
0.0
 11
455.7327511995354
 21
-169.9596226816057
 31
0.0
  0
LINE
  5
435
330
1F
100
AcDbEntity
  8
0
  6
Continuous
 62
     7
370
    25
100
AcDbLine
 10
455.7327511995354
 20
-169.9596226816057
 30
0.0
 11
415.7327511995354
 21
-169.9596226816057
 31
0.0
  0
LINE
  5
436
330
1F
100
AcDbEntity
  8
0
  6
Continuous
 62
     7
370
    25
100
AcDbLine
 10
415.7327511995354
 20
-171.9596229438058
 30
0.0
 11
415.7327511995354
 21
-169.9596226816057
 31
0.0
  0
LINE
  5
437
330
1F
100
AcDbEntity
  8
0
  6
Continuous
 62
     7
370
    25
100
AcDbLine
 10
415.7327511995354
 20
-171.9596229438058
 30
0.0
 11
370.7327511995354
 21
-171.9596229438057
 31
0.0
  0
LINE
  5
438
330
1F
100
AcDbEntity
  8
0
  6
Continuous
 62
     7
370
    25
100
AcDbLine
 10
370.7327511995354
 20
-171.9596229438057
 30
0.0
 11
370.7327511995354
 21
-169.9596226816057
 31
0.0
  0
LINE
  5
439
330
1F
100
AcDbEntity
  8
0
  6
Continuous
 62
     7
370
    25
100
AcDbLine
 10
370.7327511995354
 20
-169.9596226816057
 30
0.0
 11
300.7327511433355
 21
-169.9596226816057
 31
0.0
  0
LINE
  5
43A
330
1F
100
AcDbEntity
  8
0
  6
Continuous
 62
     7
370
    25
100
AcDbLine
 10
300.7327511433355
 20
-171.9596229438057
 30
0.0
 11
300.7327511433355
 21
-169.9596226816057
 31
0.0
  0
LINE
  5
43B
330
1F
100
AcDbEntity
  8
0
  6
Continuous
 62
     7
370
    25
100
AcDbLine
 10
300.7327511433355
 20
-171.9596229438057
 30
0.0
 11
230.7327510871355
 21
-171.9596229438057
 31
0.0
  0
LINE
  5
43C
330
1F
100
AcDbEntity
  8
0
  6
Continuous
 62
     7
370
    25
100
AcDbLine
 10
230.7327510871355
 20
-169.9596226816057
 30
0.0
 11
370.7327511995354
 21
-109.9596226335058
 31
0.0
  0
LINE
  5
43D
330
1F
100
AcDbEntity
  8
0
  6
Continuous
 62
     7
370
    25
100
AcDbLine
 10
230.7327510871355
 20
-171.9596229438057
 30
0.0
 11
230.7327510871355
 21
-169.9596226816057
 31
0.0
  0
LINE
  5
43E
330
1F
100
AcDbEntity
  8
0
  6
Continuous
 62
     7
370
    25
100
AcDbLine
 10
505.7327511995354
 20
-109.9596226335058
 30
0.0
 11
370.7327511995354
 21
-109.9596226335058
 31
0.0
  0
LINE
  5
43F
330
1F
100
AcDbEntity
  8
0
  6
Continuous
 62
     7
370
    25
100
AcDbLine
 10
370.7327511995354
 20
-149.9596229438057
 30
0.0
 11
370.7327511995354
 21
-129.9596229438057
 31
0.0
  0
LINE
  5
440
330
1F
100
AcDbEntity
  8
0
  6
Continuous
 62
     7
370
    25
100
AcDbLine
 10
370.7327511995354
 20
-149.9596229438057
 30
0.0
 11
368.7327511995354
 21
-149.9596229438057
 31
0.0
  0
LINE
  5
441
330
1F
100
AcDbEntity
  8
0
  6
Continuous
 62
     7
370
    25
100
AcDbLine
 10
368.7327511995354
 20
-149.9596229438057
 30
0.0
 11
368.7327511995354
 21
-129.9596229438057
 31
0.0
  0
LINE
  5
442
330
1F
100
AcDbEntity
  8
0
  6
Continuous
 62
     7
370
    25
100
AcDbLine
 10
370.7327511995354
 20
-129.9596229438057
 30
0.0
 11
368.7327511995354
 21
-129.9596229438057
 31
0.0
  0
LINE
  5
443
330
1F
100
AcDbEntity
  8
0
  6
Continuous
 62
     7
370
    25
100
AcDbLine
 10
414.0564366102353
 20
-133.8783539469058
 30
0.0
 11
437.6684185515355
 21
-140.8230545179057
 31
0.0
  0
LINE
  5
444
330
1F
100
AcDbEntity
  8
0
  6
Continuous
 62
     7
370
    25
100
AcDbLine
 10
461.8447331408353
 20
-129.9596229438057
 30
0.0
 11
414.6207692582354
 21
-129.9596229438057
 31
0.0
  0
LINE
  5
445
330
1F
100
AcDbEntity
  8
0
  6
Continuous
 62
     7
370
    25
100
AcDbLine
 10
462.4090657888355
 20
-133.8783539469058
 30
0.0
 11
438.7970838475353
 21
-140.8230545179057
 31
0.0
  0
LINE
  5
446
330
1F
100
AcDbEntity
  8
0
  6
Continuous
 62
     7
370
    25
100
AcDbLine
 10
462.4090657888355
 20
-156.0408919407057
 30
0.0
 11
438.7970838475353
 21
-149.0961913697057
 31
0.0
  0
LINE
  5
447
330
1F
100
AcDbEntity
  8
0
  6
Continuous
 62
     7
370
    25
100
AcDbLine
 10
461.8447331408353
 20
-159.9596229438058
 30
0.0
 11
414.6207692582354
 21
-159.9596229438058
 31
0.0
  0
LINE
  5
448
330
1F
100
AcDbEntity
  8
0
  6
Continuous
 62
     7
370
    25
100
AcDbLine
 10
414.0564366102353
 20
-156.0408919407057
 30
0.0
 11
437.6684185515355
 21
-149.0961913697057
 31
0.0
  0
LINE
  5
449
330
1F
100
AcDbEntity
  8
0
  6
Continuous
 62
     7
370
    25
100
AcDbLine
 10
505.7327511995354
 20
-171.9596229438058
 30
0.0
 11
505.7327511995354
 21
-109.9596226335058
 31
0.0
  0
LINE
  5
44A
330
1F
100
AcDbEntity
  8
0
  6
Continuous
 62
     7
370
    25
100
AcDbLine
 10
465.7327511995354
 20
-121.9596229438057
 30
0.0
 11
415.7327511995354
 21
-121.9596229438057
 31
0.0
  0
LINE
  5
44B
330
1F
100
AcDbEntity
  8
0
  6
Continuous
 62
     7
370
    25
100
AcDbLine
 10
415.7327511995354
 20
-121.9596229438057
 30
0.0
 11
415.7327511995354
 21
-119.9596229438057
 31
0.0
  0
LINE
  5
44C
330
1F
100
AcDbEntity
  8
0
  6
Continuous
 62
     7
370
    25
100
AcDbLine
 10
465.7327511995354
 20
-119.9596229438057
 30
0.0
 11
415.7327511995354
 21
-119.9596229438057
 31
0.0
  0
LINE
  5
44D
330
1F
100
AcDbEntity
  8
0
  6
Continuous
 62
     7
370
    25
100
AcDbLine
 10
465.7327511995354
 20
-121.9596229438057
 30
0.0
 11
465.7327511995354
 21
-119.9596229438057
 31
0.0
  0
LINE
  5
44E
330
1F
100
AcDbEntity
  8
0
  6
Continuous
 62
     7
370
    25
100
AcDbLine
 10
458.2564366102356
 20
-143.0408919407058
 30
0.0
 11
483.1684185515355
 21
-135.7138384285057
 31
0.0
  0
LINE
  5
44F
330
1F
100
AcDbEntity
  8
0
  6
Continuous
 62
     7
370
    25
100
AcDbLine
 10
485.7327511995354
 20
-152.2866764560058
 30
0.0
 11
485.7327511995354
 21
-137.6325694316058
 31
0.0
  0
LINE
  5
450
330
1F
100
AcDbEntity
  8
0
  6
Continuous
 62
     7
370
    25
100
AcDbLine
 10
483.1684185515355
 20
-154.2054074591058
 30
0.0
 11
458.2564366102356
 21
-146.8783539469058
 31
0.0
  0
LINE
  5
451
330
1F
100
AcDbEntity
  8
0
  6
Continuous
 62
     7
370
    25
100
AcDbLine
 10
418.2090657888354
 20
-143.0408919407058
 30
0.0
 11
393.2970838475353
 21
-135.7138384285057
 31
0.0
  0
LINE
  5
452
330
1F
100
AcDbEntity
  8
0
  6
Continuous
 62
     7
370
    25
100
AcDbLine
 10
418.2090657888354
 20
-146.8783539469058
 30
0.0
 11
393.2970838475353
 21
-154.2054074591058
 31
0.0
  0
LINE
  5
453
330
1F
100
AcDbEntity
  8
0
  6
Continuous
 62
     7
370
    25
100
AcDbLine
 10
390.7327511995354
 20
-152.2866764560058
 30
0.0
 11
390.7327511995354
 21
-137.6325694316058
 31
0.0
  0
LINE
  5
454
330
1F
100
AcDbEntity
  8
0
  6
Continuous
 62
     7
370
    25
100
AcDbLine
 10
285.1364554897354
 20
-155.6871850743057
 30
0.0
 11
287.1361508800354
 21
-155.6522802614057
 31
0.0
  0
LINE
  5
455
330
1F
100
AcDbEntity
  8
0
  6
Continuous
 62
     7
370
    25
100
AcDbLine
 10
287.1361508800354
 20
-155.6522802614057
 30
0.0
 11
287.2893655561354
 21
-164.4299431772057
 31
0.0
  0
LINE
  5
456
330
1F
100
AcDbEntity
  8
0
  6
Continuous
 62
     7
370
    25
100
AcDbLine
 10
287.2893655561354
 20
-164.4299431772057
 30
0.0
 11
285.2896701658354
 21
-164.4648479901057
 31
0.0
  0
LINE
  5
457
330
1F
100
AcDbEntity
  8
0
  6
Continuous
 62
     7
370
    25
100
AcDbLine
 10
285.2896701658354
 20
-164.4648479901057
 30
0.0
 11
285.1364554897354
 21
-155.6871850743057
 31
0.0
  0
LINE
  5
458
330
1F
100
AcDbEntity
  8
0
  6
Continuous
 62
     7
370
    25
100
AcDbLine
 10
357.9449126023356
 20
-126.1544109140057
 30
0.0
 11
334.6887613396355
 21
-136.1213328838057
 31
0.0
  0
LINE
  5
459
330
1F
100
AcDbEntity
  8
0
  6
Continuous
 62
     7
370
    25
100
AcDbLine
 10
360.7327511995354
 20
-137.9596229438057
 30
0.0
 11
360.7327511995354
 21
-127.9927009740057
 31
0.0
  0
LINE
  5
45A
330
1F
100
AcDbEntity
  8
0
  6
Continuous
 62
     7
370
    25
100
AcDbLine
 10
358.7327511995354
 20
-139.9596229438057
 30
0.0
 11
335.4765999367355
 21
-139.9596229438057
 31
0.0
  0
ARC
  5
45B
330
1F
100
AcDbEntity
  8
0
  6
Continuous
 62
     7
370
    25
100
AcDbCircle
 10
368.7327511995354
 20
-149.9596229438057
 30
0.0
 40
2.000000000000394
100
AcDbArc
 50
253.6104596660071
 51
286.3895403339928
  0
ARC
  5
45C
330
1F
100
AcDbEntity
  8
0
  6
Continuous
 62
     7
370
    25
100
AcDbCircle
 10
414.6207692582354
 20
-131.9596229438057
 30
0.0
 40
1.999999999999984
100
AcDbArc
 50
90.0
 51
253.6104596660071
  0
ARC
  5
45D
330
1F
100
AcDbEntity
  8
0
  6
Continuous
 62
     7
370
    25
100
AcDbCircle
 10
461.8447331408353
 20
-131.9596229438057
 30
0.0
 40
1.999999999999938
100
AcDbArc
 50
286.3895403339928
 51
90.0
  0
ARC
  5
45E
330
1F
100
AcDbEntity
  8
0
  6
Continuous
 62
     7
370
    25
100
AcDbCircle
 10
438.2327511995354
 20
-151.0149223728057
 30
0.0
 40
2.000000000000014
100
AcDbArc
 50
73.61045966600713
 51
106.3895403339929
  0
ARC
  5
45F
330
1F
100
AcDbEntity
  8
0
  6
Continuous
 62
     7
370
    25
100
AcDbCircle
 10
461.8447331408353
 20
-157.9596229438058
 30
0.0
 40
2.000000000000014
100
AcDbArc
 50
270.0
 51
73.61045966600713
  0
ARC
  5
460
330
1F
100
AcDbEntity
  8
0
  6
Continuous
 62
     7
370
    25
100
AcDbCircle
 10
414.6207692582354
 20
-157.9596229438058
 30
0.0
 40
2.000000000000073
100
AcDbArc
 50
106.3895403339929
 51
270.0
  0
ARC
  5
461
330
1F
100
AcDbEntity
  8
0
  6
Continuous
 62
     7
370
    25
100
AcDbCircle
 10
483.7327511995353
 20
-137.6325694316058
 30
0.0
 40
2.000000000000011
100
AcDbArc
 50
0.0
 51
106.3895403339929
  0
ARC
  5
462
330
1F
100
AcDbEntity
  8
0
  6
Continuous
 62
     7
370
    25
100
AcDbCircle
 10
483.7327511995353
 20
-152.2866764560058
 30
0.0
 40
2.000000000000018
100
AcDbArc
 50
253.6104596660071
 51
0.0
  0
ARC
  5
463
330
1F
100
AcDbEntity
  8
0
  6
Continuous
 62
     7
370
    25
100
AcDbCircle
 10
458.8207692582354
 20
-144.9596229438057
 30
0.0
 40
1.999999999999968
100
AcDbArc
 50
106.3895403339929
 51
253.6104596660071
  0
ARC
  5
464
330
1F
100
AcDbEntity
  8
0
  6
Continuous
 62
     7
370
    25
100
AcDbCircle
 10
417.6447331408353
 20
-144.9596229438057
 30
0.0
 40
1.999999999999993
100
AcDbArc
 50
286.3895403339928
 51
73.61045966600713
  0
ARC
  5
465
330
1F
100
AcDbEntity
  8
0
  6
Continuous
 62
     7
370
    25
100
AcDbCircle
 10
392.7327511995354
 20
-152.2866764560058
 30
0.0
 40
2.000000000000083
100
AcDbArc
 50
180.0
 51
286.3895403339928
  0
ARC
  5
466
330
1F
100
AcDbEntity
  8
0
  6
Continuous
 62
     7
370
    25
100
AcDbCircle
 10
392.7327511995354
 20
-137.6325694316058
 30
0.0
 40
2.000000000000043
100
AcDbArc
 50
73.61045966600713
 51
180.0
  0
ARC
  5
467
330
1F
100
AcDbEntity
  8
0
  6
Continuous
 62
     7
370
    25
100
AcDbCircle
 10
358.7327511995354
 20
-127.9927009740057
 30
0.0
 40
1.999999999999971
100
AcDbArc
 50
0.0
 51
113.1985905135969
  0
ARC
  5
468
330
1F
100
AcDbEntity
  8
0
  6
Continuous
 62
     7
370
    25
100
AcDbCircle
 10
358.7327511995354
 20
-137.9596229438057
 30
0.0
 40
2.0
100
AcDbArc
 50
270.0
 51
0.0
  0
ARC
  5
469
330
1F
100
AcDbEntity
  8
0
  6
Continuous
 62
     7
370
    25
100
AcDbCircle
 10
335.4765999367355
 20
-137.9596229438057
 30
0.0
 40
2.00000000000001
100
AcDbArc
 50
113.1985905135969
 51
270.0
  0
CIRCLE
  5
483
330
1F
100
AcDbEntity
  8
0
  6
Continuous
 62
     7
370
    25
100
AcDbCircle
 10
821.68875388976
 20
70.8702238060946
 30
0.0
 40
15.00000000000002
  0
LINE
  5
484
330
1F
100
AcDbEntity
  8
0
  6
Continuous
 62
     7
370
    25
100
AcDbLine
 10
769.6887538897599
 20
90.87022380609459
 30
0.0
 11
771.6887538897599
 21
90.87022380609459
 31
0.0
  0
LINE
  5
485
330
1F
100
AcDbEntity
  8
0
  6
Continuous
 62
     7
370
    25
100
AcDbLine
 10
771.6887538897599
 20
90.87022380609459
 30
0.0
 11
771.6887538897599
 21
120.8702238060946
 31
0.0
  0
LINE
  5
486
330
1F
100
AcDbEntity
  8
0
  6
Continuous
 62
     7
370
    25
100
AcDbLine
 10
771.6887538897599
 20
120.8702238060946
 30
0.0
 11
811.6887538897602
 21
120.8702238060946
 31
0.0
  0
LINE
  5
487
330
1F
100
AcDbEntity
  8
0
  6
Continuous
 62
     7
370
    25
100
AcDbLine
 10
811.6887538897602
 20
120.8702238060946
 30
0.0
 11
811.6887538897602
 21
118.8702238060946
 31
0.0
  0
LINE
  5
488
330
1F
100
AcDbEntity
  8
0
  6
Continuous
 62
     7
370
    25
100
AcDbLine
 10
811.6887538897602
 20
118.8702238060946
 30
0.0
 11
831.6887538897599
 21
118.8702238060946
 31
0.0
  0
LINE
  5
489
330
1F
100
AcDbEntity
  8
0
  6
Continuous
 62
     7
370
    25
100
AcDbLine
 10
831.6887538897599
 20
120.8702238060946
 30
0.0
 11
831.6887538897599
 21
118.8702238060946
 31
0.0
  0
LINE
  5
48A
330
1F
100
AcDbEntity
  8
0
  6
Continuous
 62
     7
370
    25
100
AcDbLine
 10
831.6887538897599
 20
120.8702238060946
 30
0.0
 11
871.68875388976
 21
120.8702238060946
 31
0.0
  0
LINE
  5
48B
330
1F
100
AcDbEntity
  8
0
  6
Continuous
 62
     7
370
    25
100
AcDbLine
 10
871.68875388976
 20
90.87022380609459
 30
0.0
 11
871.68875388976
 21
120.8702238060946
 31
0.0
  0
LINE
  5
48C
330
1F
100
AcDbEntity
  8
0
  6
Continuous
 62
     7
370
    25
100
AcDbLine
 10
871.68875388976
 20
90.87022380609459
 30
0.0
 11
873.6887538897599
 21
90.87022380609459
 31
0.0
  0
LINE
  5
48D
330
1F
100
AcDbEntity
  8
0
  6
Continuous
 62
     7
370
    25
100
AcDbLine
 10
873.6887538897599
 20
90.87022380609459
 30
0.0
 11
873.6887538897599
 21
50.8702238060946
 31
0.0
  0
LINE
  5
48E
330
1F
100
AcDbEntity
  8
0
  6
Continuous
 62
     7
370
    25
100
AcDbLine
 10
871.68875388976
 20
50.8702238060946
 30
0.0
 11
873.6887538897599
 21
50.8702238060946
 31
0.0
  0
LINE
  5
48F
330
1F
100
AcDbEntity
  8
0
  6
Continuous
 62
     7
370
    25
100
AcDbLine
 10
871.68875388976
 20
20.87022380609449
 30
0.0
 11
871.68875388976
 21
50.8702238060946
 31
0.0
  0
LINE
  5
490
330
1F
100
AcDbEntity
  8
0
  6
Continuous
 62
     7
370
    25
100
AcDbLine
 10
841.6887538897599
 20
20.87022380609449
 30
0.0
 11
871.68875388976
 21
20.87022380609449
 31
0.0
  0
LINE
  5
491
330
1F
100
AcDbEntity
  8
0
  6
Continuous
 62
     7
370
    25
100
AcDbLine
 10
841.6887538897599
 20
20.87022380609449
 30
0.0
 11
841.6887538897599
 21
22.87022380609449
 31
0.0
  0
LINE
  5
492
330
1F
100
AcDbEntity
  8
0
  6
Continuous
 62
     7
370
    25
100
AcDbLine
 10
801.6887538897599
 20
22.87022380609449
 30
0.0
 11
841.6887538897599
 21
22.87022380609449
 31
0.0
  0
LINE
  5
493
330
1F
100
AcDbEntity
  8
0
  6
Continuous
 62
     7
370
    25
100
AcDbLine
 10
801.6887538897599
 20
20.87022380609449
 30
0.0
 11
801.6887538897599
 21
22.87022380609449
 31
0.0
  0
LINE
  5
494
330
1F
100
AcDbEntity
  8
0
  6
Continuous
 62
     7
370
    25
100
AcDbLine
 10
771.6887538897599
 20
20.87022380609449
 30
0.0
 11
801.6887538897599
 21
20.87022380609449
 31
0.0
  0
LINE
  5
495
330
1F
100
AcDbEntity
  8
0
  6
Continuous
 62
     7
370
    25
100
AcDbLine
 10
771.6887538897599
 20
20.87022380609449
 30
0.0
 11
771.6887538897599
 21
50.8702238060946
 31
0.0
  0
LINE
  5
496
330
1F
100
AcDbEntity
  8
0
  6
Continuous
 62
     7
370
    25
100
AcDbLine
 10
769.6887538897599
 20
50.8702238060946
 30
0.0
 11
771.6887538897599
 21
50.8702238060946
 31
0.0
  0
LINE
  5
497
330
1F
100
AcDbEntity
  8
0
  6
Continuous
 62
     7
370
    25
100
AcDbLine
 10
769.6887538897599
 20
90.87022380609459
 30
0.0
 11
769.6887538897599
 21
50.8702238060946
 31
0.0
  0
LINE
  5
4A8
330
1F
100
AcDbEntity
  8
0
  6
Continuous
 62
     7
370
    25
100
AcDbLine
 10
0.9251148967628067
 20
-184.704508120124
 30
0.0
 11
2.925114896762806
 21
-184.704508120124
 31
0.0
  0
LINE
  5
4A9
330
1F
100
AcDbEntity
  8
0
  6
Continuous
 62
     7
370
    25
100
AcDbLine
 10
2.925114896762806
 20
-184.704508120124
 30
0.0
 11
2.925114896762806
 21
-182.204508120124
 31
0.0
  0
LINE
  5
4AA
330
1F
100
AcDbEntity
  8
0
  6
Continuous
 62
     7
370
    25
100
AcDbLine
 10
2.925114896762806
 20
-182.204508120124
 30
0.0
 11
102.9251148967628
 21
-182.204508120124
 31
0.0
  0
LINE
  5
4AB
330
1F
100
AcDbEntity
  8
0
  6
Continuous
 62
     7
370
    25
100
AcDbLine
 10
102.9251148967628
 20
-184.704508120124
 30
0.0
 11
102.9251148967628
 21
-182.204508120124
 31
0.0
  0
LINE
  5
4AC
330
1F
100
AcDbEntity
  8
0
  6
Continuous
 62
     7
370
    25
100
AcDbLine
 10
102.9251148967628
 20
-184.704508120124
 30
0.0
 11
104.9251148967628
 21
-184.704508120124
 31
0.0
  0
LINE
  5
4AD
330
1F
100
AcDbEntity
  8
0
  6
Continuous
 62
     7
370
    25
100
AcDbLine
 10
104.9251148967628
 20
-184.704508120124
 30
0.0
 11
104.9251148967628
 21
-222.204508120124
 31
0.0
  0
LINE
  5
4AE
330
1F
100
AcDbEntity
  8
0
  6
Continuous
 62
     7
370
    25
100
AcDbLine
 10
102.9251148967628
 20
-222.204508120124
 30
0.0
 11
104.9251148967628
 21
-222.204508120124
 31
0.0
  0
LINE
  5
4AF
330
1F
100
AcDbEntity
  8
0
  6
Continuous
 62
     7
370
    25
100
AcDbLine
 10
102.9251148967628
 20
-224.704508120124
 30
0.0
 11
102.9251148967628
 21
-222.204508120124
 31
0.0
  0
LINE
  5
4B0
330
1F
100
AcDbEntity
  8
0
  6
Continuous
 62
     7
370
    25
100
AcDbLine
 10
2.925114896762806
 20
-224.704508120124
 30
0.0
 11
102.9251148967628
 21
-224.704508120124
 31
0.0
  0
LINE
  5
4B1
330
1F
100
AcDbEntity
  8
0
  6
Continuous
 62
     7
370
    25
100
AcDbLine
 10
2.925114896762806
 20
-224.704508120124
 30
0.0
 11
2.925114896762806
 21
-222.204508120124
 31
0.0
  0
LINE
  5
4B2
330
1F
100
AcDbEntity
  8
0
  6
Continuous
 62
     7
370
    25
100
AcDbLine
 10
0.9251148967628067
 20
-222.204508120124
 30
0.0
 11
2.925114896762806
 21
-222.204508120124
 31
0.0
  0
LINE
  5
4B3
330
1F
100
AcDbEntity
  8
0
  6
Continuous
 62
     7
370
    25
100
AcDbLine
 10
0.9251148967628067
 20
-184.704508120124
 30
0.0
 11
0.9251148967628067
 21
-222.204508120124
 31
0.0
  0
LINE
  5
4C4
330
1F
100
AcDbEntity
  8
0
  6
Continuous
 62
     7
370
    25
100
AcDbLine
 10
116.6564625350928
 20
-185.5394951549278
 30
0.0
 11
118.6564625350928
 21
-185.5394951549278
 31
0.0
  0
LINE
  5
4C5
330
1F
100
AcDbEntity
  8
0
  6
Continuous
 62
     7
370
    25
100
AcDbLine
 10
118.6564625350928
 20
-185.5394951549278
 30
0.0
 11
118.6564625350928
 21
-183.0394951549278
 31
0.0
  0
LINE
  5
4C6
330
1F
100
AcDbEntity
  8
0
  6
Continuous
 62
     7
370
    25
100
AcDbLine
 10
118.6564625350928
 20
-183.0394951549278
 30
0.0
 11
218.6564625350929
 21
-183.0394951549278
 31
0.0
  0
LINE
  5
4C7
330
1F
100
AcDbEntity
  8
0
  6
Continuous
 62
     7
370
    25
100
AcDbLine
 10
218.6564625350929
 20
-185.5394951549278
 30
0.0
 11
218.6564625350929
 21
-183.0394951549278
 31
0.0
  0
LINE
  5
4C8
330
1F
100
AcDbEntity
  8
0
  6
Continuous
 62
     7
370
    25
100
AcDbLine
 10
218.6564625350929
 20
-185.5394951549278
 30
0.0
 11
220.6564625350929
 21
-185.5394951549278
 31
0.0
  0
LINE
  5
4C9
330
1F
100
AcDbEntity
  8
0
  6
Continuous
 62
     7
370
    25
100
AcDbLine
 10
220.6564625350929
 20
-185.5394951549278
 30
0.0
 11
220.6564625350929
 21
-223.0394951549278
 31
0.0
  0
LINE
  5
4CA
330
1F
100
AcDbEntity
  8
0
  6
Continuous
 62
     7
370
    25
100
AcDbLine
 10
218.6564625350929
 20
-223.0394951549278
 30
0.0
 11
220.6564625350929
 21
-223.0394951549278
 31
0.0
  0
LINE
  5
4CB
330
1F
100
AcDbEntity
  8
0
  6
Continuous
 62
     7
370
    25
100
AcDbLine
 10
218.6564625350929
 20
-225.5394951549279
 30
0.0
 11
218.6564625350929
 21
-223.0394951549278
 31
0.0
  0
LINE
  5
4CC
330
1F
100
AcDbEntity
  8
0
  6
Continuous
 62
     7
370
    25
100
AcDbLine
 10
118.6564625350928
 20
-225.5394951549279
 30
0.0
 11
218.6564625350929
 21
-225.5394951549279
 31
0.0
  0
LINE
  5
4CD
330
1F
100
AcDbEntity
  8
0
  6
Continuous
 62
     7
370
    25
100
AcDbLine
 10
118.6564625350928
 20
-225.5394951549279
 30
0.0
 11
118.6564625350928
 21
-223.0394951549278
 31
0.0
  0
LINE
  5
4CE
330
1F
100
AcDbEntity
  8
0
  6
Continuous
 62
     7
370
    25
100
AcDbLine
 10
116.6564625350928
 20
-223.0394951549278
 30
0.0
 11
118.6564625350928
 21
-223.0394951549278
 31
0.0
  0
LINE
  5
4CF
330
1F
100
AcDbEntity
  8
0
  6
Continuous
 62
     7
370
    25
100
AcDbLine
 10
116.6564625350928
 20
-185.5394951549278
 30
0.0
 11
116.6564625350928
 21
-223.0394951549278
 31
0.0
  0
LINE
  5
4D8
330
1F
100
AcDbEntity
  8
0
  6
Continuous
 62
     7
370
    25
100
AcDbLine
 10
798.6234009626205
 20
-111.6939044842448
 30
0.0
 11
798.6234009626205
 21
-151.6939044842448
 31
0.0
  0
LINE
  5
4D9
330
1F
100
AcDbEntity
  8
0
  6
Continuous
 62
     7
370
    25
100
AcDbLine
 10
821.6234009626205
 20
-111.6939044842448
 30
0.0
 11
798.6234009626205
 21
-111.6939044842448
 31
0.0
  0
LINE
  5
4DA
330
1F
100
AcDbEntity
  8
0
  6
Continuous
 62
     7
370
    25
100
AcDbLine
 10
821.6234009626205
 20
-151.6939044842448
 30
0.0
 11
821.6234009626205
 21
-111.6939044842448
 31
0.0
  0
LINE
  5
4DB
330
1F
100
AcDbEntity
  8
0
  6
Continuous
 62
     7
370
    25
100
AcDbLine
 10
798.6234009626205
 20
-151.6939044842448
 30
0.0
 11
821.6234009626205
 21
-151.6939044842448
 31
0.0
  0
LINE
  5
4E4
330
1F
100
AcDbEntity
  8
0
  6
Continuous
 62
     7
370
    25
100
AcDbLine
 10
826.674656184663
 20
-112.8536417690457
 30
0.0
 11
826.674656184663
 21
-152.8536417690457
 31
0.0
  0
LINE
  5
4E5
330
1F
100
AcDbEntity
  8
0
  6
Continuous
 62
     7
370
    25
100
AcDbLine
 10
849.6746561846631
 20
-112.8536417690457
 30
0.0
 11
826.674656184663
 21
-112.8536417690457
 31
0.0
  0
LINE
  5
4E6
330
1F
100
AcDbEntity
  8
0
  6
Continuous
 62
     7
370
    25
100
AcDbLine
 10
849.6746561846631
 20
-152.8536417690457
 30
0.0
 11
849.6746561846631
 21
-112.8536417690457
 31
0.0
  0
LINE
  5
4E7
330
1F
100
AcDbEntity
  8
0
  6
Continuous
 62
     7
370
    25
100
AcDbLine
 10
826.674656184663
 20
-152.8536417690457
 30
0.0
 11
849.6746561846631
 21
-152.8536417690457
 31
0.0
  0
LINE
  5
4F0
330
1F
100
AcDbEntity
  8
0
  6
Continuous
 62
     7
370
    25
100
AcDbLine
 10
861.7096792951295
 20
-115.440143055871
 30
0.0
 11
881.6732484767294
 21
-115.440143055871
 31
0.0
  0
LINE
  5
4F1
330
1F
100
AcDbEntity
  8
0
  6
Continuous
 62
     7
370
    25
100
AcDbLine
 10
861.7096792951295
 20
-127.440143055871
 30
0.0
 11
881.6732484767294
 21
-127.440143055871
 31
0.0
  0
LINE
  5
4F2
330
1F
100
AcDbEntity
  8
0
  6
Continuous
 62
     7
370
    25
100
AcDbLine
 10
861.7096792951295
 20
-115.440143055871
 30
0.0
 11
861.7096792951295
 21
-127.440143055871
 31
0.0
  0
LINE
  5
4F3
330
1F
100
AcDbEntity
  8
0
  6
Continuous
 62
     7
370
    25
100
AcDbLine
 10
881.6732484767294
 20
-115.440143055871
 30
0.0
 11
881.6732484767294
 21
-127.440143055871
 31
0.0
  0
LINE
  5
4FC
330
1F
100
AcDbEntity
  8
0
  6
Continuous
 62
     7
370
    25
100
AcDbLine
 10
858.2277539685239
 20
-141.5429173366402
 30
0.0
 11
878.1913231501238
 21
-141.5429173366402
 31
0.0
  0
LINE
  5
4FD
330
1F
100
AcDbEntity
  8
0
  6
Continuous
 62
     7
370
    25
100
AcDbLine
 10
858.2277539685239
 20
-153.5429173366401
 30
0.0
 11
878.1913231501238
 21
-153.5429173366401
 31
0.0
  0
LINE
  5
4FE
330
1F
100
AcDbEntity
  8
0
  6
Continuous
 62
     7
370
    25
100
AcDbLine
 10
858.2277539685239
 20
-141.5429173366402
 30
0.0
 11
858.2277539685239
 21
-153.5429173366401
 31
0.0
  0
LINE
  5
4FF
330
1F
100
AcDbEntity
  8
0
  6
Continuous
 62
     7
370
    25
100
AcDbLine
 10
878.1913231501238
 20
-141.5429173366402
 30
0.0
 11
878.1913231501238
 21
-153.5429173366401
 31
0.0
  0
CIRCLE
  5
525
330
1F
100
AcDbEntity
  8
0
  6
Continuous
 62
     7
370
    25
100
AcDbCircle
 10
605.4842017598623
 20
-43.46955729575881
 30
0.0
 40
5.000000000000018
  0
LINE
  5
526
330
1F
100
AcDbEntity
  8
0
  6
Continuous
 62
     7
370
    25
100
AcDbLine
 10
748.7787994317622
 20
-23.26136006805882
 30
0.0
 11
750.7787994317623
 21
-23.26136006805882
 31
0.0
  0
LINE
  5
527
330
1F
100
AcDbEntity
  8
0
  6
Continuous
 62
     7
370
    25
100
AcDbLine
 10
750.7787994317623
 20
-23.26136006805882
 30
0.0
 11
750.7787994317623
 21
-63.26136006805882
 31
0.0
  0
LINE
  5
528
330
1F
100
AcDbEntity
  8
0
  6
Continuous
 62
     7
370
    25
100
AcDbLine
 10
748.7787994317622
 20
-63.26136006805882
 30
0.0
 11
750.7787994317623
 21
-63.26136006805882
 31
0.0
  0
LINE
  5
529
330
1F
100
AcDbEntity
  8
0
  6
Continuous
 62
     7
370
    25
100
AcDbLine
 10
478.7787994317623
 20
6.738639931941207
 30
0.0
 11
548.7787994317621
 21
6.738639931941207
 31
0.0
  0
LINE
  5
52A
330
1F
100
AcDbEntity
  8
0
  6
Continuous
 62
     7
370
    25
100
AcDbLine
 10
548.7787994317621
 20
8.738639931941207
 30
0.0
 11
548.7787994317621
 21
6.738639931941207
 31
0.0
  0
LINE
  5
52B
330
1F
100
AcDbEntity
  8
0
  6
Continuous
 62
     7
370
    25
100
AcDbLine
 10
548.7787994317621
 20
8.738639931941207
 30
0.0
 11
598.7787994317621
 21
8.738639931941207
 31
0.0
  0
LINE
  5
52C
330
1F
100
AcDbEntity
  8
0
  6
Continuous
 62
     7
370
    25
100
AcDbLine
 10
598.7787994317621
 20
8.738639931941207
 30
0.0
 11
598.7787994317621
 21
6.738639931941207
 31
0.0
  0
LINE
  5
52D
330
1F
100
AcDbEntity
  8
0
  6
Continuous
 62
     7
370
    25
100
AcDbLine
 10
598.7787994317621
 20
6.738639931941207
 30
0.0
 11
668.7787994317621
 21
6.738639931941207
 31
0.0
  0
LINE
  5
52E
330
1F
100
AcDbEntity
  8
0
  6
Continuous
 62
     7
370
    25
100
AcDbLine
 10
668.7787994317621
 20
8.738639931941207
 30
0.0
 11
668.7787994317621
 21
6.738639931941207
 31
0.0
  0
LINE
  5
52F
330
1F
100
AcDbEntity
  8
0
  6
Continuous
 62
     7
370
    25
100
AcDbLine
 10
668.7787994317621
 20
8.738639931941207
 30
0.0
 11
718.7787994317621
 21
8.738639931941207
 31
0.0
  0
LINE
  5
530
330
1F
100
AcDbEntity
  8
0
  6
Continuous
 62
     7
370
    25
100
AcDbLine
 10
718.7787994317621
 20
8.738639931941207
 30
0.0
 11
718.7787994317621
 21
6.738639931941207
 31
0.0
  0
LINE
  5
531
330
1F
100
AcDbEntity
  8
0
  6
Continuous
 62
     7
370
    25
100
AcDbLine
 10
718.7787994317621
 20
6.738639931941207
 30
0.0
 11
748.7787994317622
 21
6.738639931941207
 31
0.0
  0
LINE
  5
532
330
1F
100
AcDbEntity
  8
0
  6
Continuous
 62
     7
370
    25
100
AcDbLine
 10
748.7787994317622
 20
-63.26136006805882
 30
0.0
 11
748.7787994317622
 21
-93.26136006805882
 31
0.0
  0
LINE
  5
533
330
1F
100
AcDbEntity
  8
0
  6
Continuous
 62
     7
370
    25
100
AcDbLine
 10
718.7787994317621
 20
-93.26136006805882
 30
0.0
 11
748.7787994317622
 21
-93.26136006805882
 31
0.0
  0
LINE
  5
534
330
1F
100
AcDbEntity
  8
0
  6
Continuous
 62
     7
370
    25
100
AcDbLine
 10
718.7787994317621
 20
-93.26136006805882
 30
0.0
 11
718.7787994317621
 21
-95.26136006805883
 31
0.0
  0
LINE
  5
535
330
1F
100
AcDbEntity
  8
0
  6
Continuous
 62
     7
370
    25
100
AcDbLine
 10
668.7787994317621
 20
-95.26136006805883
 30
0.0
 11
718.7787994317621
 21
-95.26136006805883
 31
0.0
  0
LINE
  5
536
330
1F
100
AcDbEntity
  8
0
  6
Continuous
 62
     7
370
    25
100
AcDbLine
 10
668.7787994317621
 20
-93.26136006805882
 30
0.0
 11
668.7787994317621
 21
-95.26136006805883
 31
0.0
  0
LINE
  5
537
330
1F
100
AcDbEntity
  8
0
  6
Continuous
 62
     7
370
    25
100
AcDbLine
 10
598.7787994317621
 20
-93.26136006805882
 30
0.0
 11
668.7787994317621
 21
-93.26136006805882
 31
0.0
  0
LINE
  5
538
330
1F
100
AcDbEntity
  8
0
  6
Continuous
 62
     7
370
    25
100
AcDbLine
 10
598.7787994317621
 20
-93.26136006805882
 30
0.0
 11
598.7787994317621
 21
-95.26136006805883
 31
0.0
  0
LINE
  5
539
330
1F
100
AcDbEntity
  8
0
  6
Continuous
 62
     7
370
    25
100
AcDbLine
 10
548.7787994317621
 20
-95.26136006805883
 30
0.0
 11
598.7787994317621
 21
-95.26136006805883
 31
0.0
  0
LINE
  5
53A
330
1F
100
AcDbEntity
  8
0
  6
Continuous
 62
     7
370
    25
100
AcDbLine
 10
548.7787994317621
 20
-93.26136006805882
 30
0.0
 11
548.7787994317621
 21
-95.26136006805883
 31
0.0
  0
LINE
  5
53B
330
1F
100
AcDbEntity
  8
0
  6
Continuous
 62
     7
370
    25
100
AcDbLine
 10
478.7787994317623
 20
-93.26136006805882
 30
0.0
 11
548.7787994317621
 21
-93.26136006805882
 31
0.0
  0
LINE
  5
53C
330
1F
100
AcDbEntity
  8
0
  6
Continuous
 62
     7
370
    25
100
AcDbLine
 10
478.7787994317623
 20
-93.26136006805882
 30
0.0
 11
478.7787994317623
 21
-95.26136006805883
 31
0.0
  0
LINE
  5
53D
330
1F
100
AcDbEntity
  8
0
  6
Continuous
 62
     7
370
    25
100
AcDbLine
 10
438.7787994317624
 20
-95.26136006805883
 30
0.0
 11
478.7787994317623
 21
-95.26136006805883
 31
0.0
  0
LINE
  5
53E
330
1F
100
AcDbEntity
  8
0
  6
Continuous
 62
     7
370
    25
100
AcDbLine
 10
438.7787994317624
 20
-93.26136006805882
 30
0.0
 11
438.7787994317624
 21
-95.26136006805883
 31
0.0
  0
LINE
  5
53F
330
1F
100
AcDbEntity
  8
0
  6
Continuous
 62
     7
370
    25
100
AcDbLine
 10
398.7787994317622
 20
-93.26136006805882
 30
0.0
 11
438.7787994317624
 21
-93.26136006805882
 31
0.0
  0
LINE
  5
540
330
1F
100
AcDbEntity
  8
0
  6
Continuous
 62
     7
370
    25
100
AcDbLine
 10
398.7787994317622
 20
6.738639931941207
 30
0.0
 11
398.7787994317622
 21
-93.26136006805882
 31
0.0
  0
LINE
  5
541
330
1F
100
AcDbEntity
  8
0
  6
Continuous
 62
     7
370
    25
100
AcDbLine
 10
398.7787994317622
 20
6.738639931941207
 30
0.0
 11
438.7787994317624
 21
6.738639931941207
 31
0.0
  0
LINE
  5
542
330
1F
100
AcDbEntity
  8
0
  6
Continuous
 62
     7
370
    25
100
AcDbLine
 10
438.7787994317624
 20
8.738639931941207
 30
0.0
 11
438.7787994317624
 21
6.738639931941207
 31
0.0
  0
LINE
  5
543
330
1F
100
AcDbEntity
  8
0
  6
Continuous
 62
     7
370
    25
100
AcDbLine
 10
438.7787994317624
 20
8.738639931941207
 30
0.0
 11
478.7787994317623
 21
8.738639931941207
 31
0.0
  0
LINE
  5
544
330
1F
100
AcDbEntity
  8
0
  6
Continuous
 62
     7
370
    25
100
AcDbLine
 10
478.7787994317623
 20
8.738639931941207
 30
0.0
 11
478.7787994317623
 21
6.738639931941207
 31
0.0
  0
LINE
  5
545
330
1F
100
AcDbEntity
  8
0
  6
Continuous
 62
     7
370
    25
100
AcDbLine
 10
748.7787994317622
 20
6.738639931941207
 30
0.0
 11
748.7787994317622
 21
-23.26136006805882
 31
0.0
  0
LINE
  5
566
330
1F
100
AcDbEntity
  8
0
  6
Continuous
 62
     7
370
    25
100
AcDbLine
 10
463.578400104121
 20
-229.2135668303375
 30
0.0
 11
462.019944575621
 21
-227.9600851329375
 31
0.0
  0
LINE
  5
567
330
1F
100
AcDbEntity
  8
0
  6
Continuous
 62
     7
370
    25
100
AcDbLine
 10
488.648034050721
 20
-198.0444562593374
 30
0.0
 11
463.578400104121
 21
-229.2135668303375
 31
0.0
  0
LINE
  5
568
330
1F
100
AcDbEntity
  8
0
  6
Continuous
 62
     7
370
    25
100
AcDbLine
 10
487.089578522121
 20
-196.7909745620375
 30
0.0
 11
488.648034050721
 21
-198.0444562593374
 31
0.0
  0
LINE
  5
569
330
1F
100
AcDbEntity
  8
0
  6
Continuous
 62
     7
370
    25
100
AcDbLine
 10
462.019944575621
 20
-227.9600851329375
 30
0.0
 11
487.089578522121
 21
-196.7909745620375
 31
0.0
  0
LINE
  5
56A
330
1F
100
AcDbEntity
  8
0
  6
Continuous
 62
     7
370
    25
100
AcDbLine
 10
399.3446628195211
 20
-198.0444562593374
 30
0.0
 11
424.4142967661209
 21
-229.2135668303375
 31
0.0
  0
LINE
  5
56B
330
1F
100
AcDbEntity
  8
0
  6
Continuous
 62
     7
370
    25
100
AcDbLine
 10
424.4142967661209
 20
-229.2135668303375
 30
0.0
 11
425.972752294621
 21
-227.9600851329375
 31
0.0
  0
LINE
  5
56C
330
1F
100
AcDbEntity
  8
0
  6
Continuous
 62
     7
370
    25
100
AcDbLine
 10
425.972752294621
 20
-227.9600851329375
 30
0.0
 11
400.903118348121
 21
-196.7909745620375
 31
0.0
  0
LINE
  5
56D
330
1F
100
AcDbEntity
  8
0
  6
Continuous
 62
     7
370
    25
100
AcDbLine
 10
400.903118348121
 20
-196.7909745620375
 30
0.0
 11
399.3446628195211
 21
-198.0444562593374
 31
0.0
  0
LINE
  5
56E
330
1F
100
AcDbEntity
  8
0
  6
Continuous
 62
     7
370
    25
100
AcDbLine
 10
391.996348435121
 20
-198.0444562593374
 30
0.0
 11
393.996348435121
 21
-198.0444562593374
 31
0.0
  0
LINE
  5
56F
330
1F
100
AcDbEntity
  8
0
  6
Continuous
 62
     7
370
    25
100
AcDbLine
 10
493.996348435121
 20
-198.0444562593374
 30
0.0
 11
495.996348435121
 21
-198.0444562593374
 31
0.0
  0
LINE
  5
570
330
1F
100
AcDbEntity
  8
0
  6
Continuous
 62
     7
370
    25
100
AcDbLine
 10
495.996348435121
 20
-198.0444562593374
 30
0.0
 11
495.996348435121
 21
-228.0444562593375
 31
0.0
  0
LINE
  5
571
330
1F
100
AcDbEntity
  8
0
  6
Continuous
 62
     7
370
    25
100
AcDbLine
 10
493.996348435121
 20
-228.0444562593375
 30
0.0
 11
495.996348435121
 21
-228.0444562593375
 31
0.0
  0
LINE
  5
572
330
1F
100
AcDbEntity
  8
0
  6
Continuous
 62
     7
370
    25
100
AcDbLine
 10
493.996348435121
 20
-228.0444562593375
 30
0.0
 11
493.996348435121
 21
-233.0444562593375
 31
0.0
  0
LINE
  5
573
330
1F
100
AcDbEntity
  8
0
  6
Continuous
 62
     7
370
    25
100
AcDbLine
 10
455.996348435121
 20
-233.0444562593375
 30
0.0
 11
493.996348435121
 21
-233.0444562593375
 31
0.0
  0
LINE
  5
574
330
1F
100
AcDbEntity
  8
0
  6
Continuous
 62
     7
370
    25
100
AcDbLine
 10
455.996348435121
 20
-233.0444562593375
 30
0.0
 11
455.996348435121
 21
-213.0444562593374
 31
0.0
  0
LINE
  5
575
330
1F
100
AcDbEntity
  8
0
  6
Continuous
 62
     7
370
    25
100
AcDbLine
 10
453.996348435121
 20
-213.0444562593374
 30
0.0
 11
455.996348435121
 21
-213.0444562593374
 31
0.0
  0
LINE
  5
576
330
1F
100
AcDbEntity
  8
0
  6
Continuous
 62
     7
370
    25
100
AcDbLine
 10
453.996348435121
 20
-233.0444562593375
 30
0.0
 11
453.996348435121
 21
-213.0444562593374
 31
0.0
  0
LINE
  5
577
330
1F
100
AcDbEntity
  8
0
  6
Continuous
 62
     7
370
    25
100
AcDbLine
 10
433.996348435121
 20
-233.0444562593375
 30
0.0
 11
453.996348435121
 21
-233.0444562593375
 31
0.0
  0
LINE
  5
578
330
1F
100
AcDbEntity
  8
0
  6
Continuous
 62
     7
370
    25
100
AcDbLine
 10
433.996348435121
 20
-233.0444562593375
 30
0.0
 11
433.996348435121
 21
-213.0444562593374
 31
0.0
  0
LINE
  5
579
330
1F
100
AcDbEntity
  8
0
  6
Continuous
 62
     7
370
    25
100
AcDbLine
 10
431.996348435121
 20
-213.0444562593374
 30
0.0
 11
433.996348435121
 21
-213.0444562593374
 31
0.0
  0
LINE
  5
57A
330
1F
100
AcDbEntity
  8
0
  6
Continuous
 62
     7
370
    25
100
AcDbLine
 10
431.996348435121
 20
-233.0444562593375
 30
0.0
 11
431.996348435121
 21
-213.0444562593374
 31
0.0
  0
LINE
  5
57B
330
1F
100
AcDbEntity
  8
0
  6
Continuous
 62
     7
370
    25
100
AcDbLine
 10
393.996348435121
 20
-233.0444562593375
 30
0.0
 11
431.996348435121
 21
-233.0444562593375
 31
0.0
  0
LINE
  5
57C
330
1F
100
AcDbEntity
  8
0
  6
Continuous
 62
     7
370
    25
100
AcDbLine
 10
393.996348435121
 20
-228.0444562593375
 30
0.0
 11
393.996348435121
 21
-233.0444562593375
 31
0.0
  0
LINE
  5
57D
330
1F
100
AcDbEntity
  8
0
  6
Continuous
 62
     7
370
    25
100
AcDbLine
 10
391.996348435121
 20
-228.0444562593375
 30
0.0
 11
393.996348435121
 21
-228.0444562593375
 31
0.0
  0
LINE
  5
57E
330
1F
100
AcDbEntity
  8
0
  6
Continuous
 62
     7
370
    25
100
AcDbLine
 10
391.996348435121
 20
-198.0444562593374
 30
0.0
 11
391.996348435121
 21
-228.0444562593375
 31
0.0
  0
LINE
  5
57F
330
1F
100
AcDbEntity
  8
0
  6
Continuous
 62
     7
370
    25
100
AcDbLine
 10
393.996348435121
 20
-193.0444562593374
 30
0.0
 11
393.996348435121
 21
-198.0444562593374
 31
0.0
  0
LINE
  5
580
330
1F
100
AcDbEntity
  8
0
  6
Continuous
 62
     7
370
    25
100
AcDbLine
 10
393.996348435121
 20
-193.0444562593374
 30
0.0
 11
493.996348435121
 21
-193.0444562593374
 31
0.0
  0
LINE
  5
581
330
1F
100
AcDbEntity
  8
0
  6
Continuous
 62
     7
370
    25
100
AcDbLine
 10
493.996348435121
 20
-193.0444562593374
 30
0.0
 11
493.996348435121
 21
-198.0444562593374
 31
0.0
  0
LINE
  5
5A2
330
1F
100
AcDbEntity
  8
0
  6
Continuous
 62
     7
370
    25
100
AcDbLine
 10
811.7486953153767
 20
-93.94770088643417
 30
0.0
 11
811.7486953153767
 21
-91.94770088643435
 31
0.0
  0
LINE
  5
5A3
330
1F
100
AcDbEntity
  8
0
  6
Continuous
 62
     7
370
    25
100
AcDbLine
 10
801.7486953153765
 20
-61.94770088643434
 30
0.0
 11
841.7486953153765
 21
-61.94770088643434
 31
0.0
  0
LINE
  5
5A4
330
1F
100
AcDbEntity
  8
0
  6
Continuous
 62
     7
370
    25
100
AcDbLine
 10
811.7486953153767
 20
-43.94770088643435
 30
0.0
 11
831.7486953153766
 21
-43.94770088643435
 31
0.0
  0
LINE
  5
5A5
330
1F
100
AcDbEntity
  8
0
  6
Continuous
 62
     7
370
    25
100
AcDbLine
 10
801.7486953153765
 20
-63.94770088643435
 30
0.0
 11
801.7486953153765
 21
-61.94770088643434
 31
0.0
  0
LINE
  5
5A6
330
1F
100
AcDbEntity
  8
0
  6
Continuous
 62
     7
370
    25
100
AcDbLine
 10
801.7486953153765
 20
-63.94770088643435
 30
0.0
 11
841.7486953153765
 21
-63.94770088643435
 31
0.0
  0
LINE
  5
5A7
330
1F
100
AcDbEntity
  8
0
  6
Continuous
 62
     7
370
    25
100
AcDbLine
 10
841.7486953153765
 20
-63.94770088643435
 30
0.0
 11
841.7486953153765
 21
-61.94770088643434
 31
0.0
  0
LINE
  5
5A8
330
1F
100
AcDbEntity
  8
0
  6
Continuous
 62
     7
370
    25
100
AcDbLine
 10
811.7486953153767
 20
-45.94770088643435
 30
0.0
 11
811.7486953153767
 21
-43.94770088643435
 31
0.0
  0
LINE
  5
5A9
330
1F
100
AcDbEntity
  8
0
  6
Continuous
 62
     7
370
    25
100
AcDbLine
 10
811.7486953153767
 20
-45.94770088643435
 30
0.0
 11
831.7486953153766
 21
-45.94770088643435
 31
0.0
  0
LINE
  5
5AA
330
1F
100
AcDbEntity
  8
0
  6
Continuous
 62
     7
370
    25
100
AcDbLine
 10
831.7486953153766
 20
-45.94770088643435
 30
0.0
 11
831.7486953153766
 21
-43.94770088643435
 31
0.0
  0
LINE
  5
5AB
330
1F
100
AcDbEntity
  8
0
  6
Continuous
 62
     7
370
    25
100
AcDbLine
 10
769.7486953153766
 20
-93.94770088643417
 30
0.0
 11
811.7486953153767
 21
-93.94770088643417
 31
0.0
  0
LINE
  5
5AC
330
1F
100
AcDbEntity
  8
0
  6
Continuous
 62
     7
370
    25
100
AcDbLine
 10
769.7486953153766
 20
-93.94770088643417
 30
0.0
 11
769.7486953153766
 21
-63.94770088643435
 31
0.0
  0
LINE
  5
5AD
330
1F
100
AcDbEntity
  8
0
  6
Continuous
 62
     7
370
    25
100
AcDbLine
 10
769.7486953153766
 20
-63.94770088643435
 30
0.0
 11
771.7486953153766
 21
-63.94770088643435
 31
0.0
  0
LINE
  5
5AE
330
1F
100
AcDbEntity
  8
0
  6
Continuous
 62
     7
370
    25
100
AcDbLine
 10
771.7486953153766
 20
-23.94770088643435
 30
0.0
 11
771.7486953153766
 21
-63.94770088643435
 31
0.0
  0
LINE
  5
5AF
330
1F
100
AcDbEntity
  8
0
  6
Continuous
 62
     7
370
    25
100
AcDbLine
 10
769.7486953153766
 20
-23.94770088643435
 30
0.0
 11
771.7486953153766
 21
-23.94770088643435
 31
0.0
  0
LINE
  5
5B0
330
1F
100
AcDbEntity
  8
0
  6
Continuous
 62
     7
370
    25
100
AcDbLine
 10
769.7486953153766
 20
-23.94770088643435
 30
0.0
 11
769.7486953153766
 21
6.052299113565652
 31
0.0
  0
LINE
  5
5B1
330
1F
100
AcDbEntity
  8
0
  6
Continuous
 62
     7
370
    25
100
AcDbLine
 10
769.7486953153766
 20
6.052299113565652
 30
0.0
 11
791.7486953153765
 21
6.052299113565652
 31
0.0
  0
LINE
  5
5B2
330
1F
100
AcDbEntity
  8
0
  6
Continuous
 62
     7
370
    25
100
AcDbLine
 10
791.7486953153765
 20
6.052299113565652
 30
0.0
 11
791.7486953153765
 21
4.052299113565652
 31
0.0
  0
LINE
  5
5B3
330
1F
100
AcDbEntity
  8
0
  6
Continuous
 62
     7
370
    25
100
AcDbLine
 10
791.7486953153765
 20
4.052299113565652
 30
0.0
 11
851.7486953153765
 21
4.052299113565652
 31
0.0
  0
LINE
  5
5B4
330
1F
100
AcDbEntity
  8
0
  6
Continuous
 62
     7
370
    25
100
AcDbLine
 10
851.7486953153765
 20
6.052299113565652
 30
0.0
 11
851.7486953153765
 21
4.052299113565652
 31
0.0
  0
LINE
  5
5B5
330
1F
100
AcDbEntity
  8
0
  6
Continuous
 62
     7
370
    25
100
AcDbLine
 10
851.7486953153765
 20
6.052299113565652
 30
0.0
 11
873.7486953153766
 21
6.052299113565652
 31
0.0
  0
LINE
  5
5B6
330
1F
100
AcDbEntity
  8
0
  6
Continuous
 62
     7
370
    25
100
AcDbLine
 10
873.7486953153766
 20
-23.94770088643435
 30
0.0
 11
873.7486953153766
 21
6.052299113565652
 31
0.0
  0
LINE
  5
5B7
330
1F
100
AcDbEntity
  8
0
  6
Continuous
 62
     7
370
    25
100
AcDbLine
 10
871.7486953153766
 20
-23.94770088643435
 30
0.0
 11
873.7486953153766
 21
-23.94770088643435
 31
0.0
  0
LINE
  5
5B8
330
1F
100
AcDbEntity
  8
0
  6
Continuous
 62
     7
370
    25
100
AcDbLine
 10
871.7486953153766
 20
-23.94770088643435
 30
0.0
 11
871.7486953153766
 21
-63.94770088643435
 31
0.0
  0
LINE
  5
5B9
330
1F
100
AcDbEntity
  8
0
  6
Continuous
 62
     7
370
    25
100
AcDbLine
 10
871.7486953153766
 20
-63.94770088643435
 30
0.0
 11
873.7486953153766
 21
-63.94770088643435
 31
0.0
  0
LINE
  5
5BA
330
1F
100
AcDbEntity
  8
0
  6
Continuous
 62
     7
370
    25
100
AcDbLine
 10
873.7486953153766
 20
-93.94770088643417
 30
0.0
 11
873.7486953153766
 21
-63.94770088643435
 31
0.0
  0
LINE
  5
5BB
330
1F
100
AcDbEntity
  8
0
  6
Continuous
 62
     7
370
    25
100
AcDbLine
 10
831.7486953153766
 20
-93.94770088643417
 30
0.0
 11
873.7486953153766
 21
-93.94770088643417
 31
0.0
  0
LINE
  5
5BC
330
1F
100
AcDbEntity
  8
0
  6
Continuous
 62
     7
370
    25
100
AcDbLine
 10
831.7486953153766
 20
-91.94770088643435
 30
0.0
 11
831.7486953153766
 21
-93.94770088643417
 31
0.0
  0
LINE
  5
5BD
330
1F
100
AcDbEntity
  8
0
  6
Continuous
 62
     7
370
    25
100
AcDbLine
 10
811.7486953153767
 20
-91.94770088643435
 30
0.0
 11
831.7486953153766
 21
-91.94770088643435
 31
0.0
  0
CIRCLE
  5
5D8
330
1F
100
AcDbEntity
  8
0
  6
Continuous
 62
     7
370
    25
100
AcDbCircle
 10
863.0856704406415
 20
-220.6586109287218
 30
0.0
 40
3.999999999999843
  0
CIRCLE
  5
5D9
330
1F
100
AcDbEntity
  8
0
  6
Continuous
 62
     7
370
    25
100
AcDbCircle
 10
863.0856704406415
 20
-250.6586109287218
 30
0.0
 40
3.999999999999925
  0
LINE
  5
5DA
330
1F
100
AcDbEntity
  8
0
  6
Continuous
 62
     7
370
    25
100
AcDbLine
 10
558.0856704406413
 20
-195.6586109287218
 30
0.0
 11
558.0856704406413
 21
-275.6586109287218
 31
0.0
  0
LINE
  5
5DB
330
1F
100
AcDbEntity
  8
0
  6
Continuous
 62
     7
370
    25
100
AcDbLine
 10
558.0856704406413
 20
-275.6586109287218
 30
0.0
 11
828.0856704406414
 21
-275.6586109287218
 31
0.0
  0
LINE
  5
5DC
330
1F
100
AcDbEntity
  8
0
  6
Continuous
 62
     7
370
    25
100
AcDbLine
 10
828.0856704406414
 20
-195.6586109287218
 30
0.0
 11
828.0856704406414
 21
-275.6586109287218
 31
0.0
  0
LINE
  5
5DD
330
1F
100
AcDbEntity
  8
0
  6
Continuous
 62
     7
370
    25
100
AcDbLine
 10
558.0856704406413
 20
-195.6586109287218
 30
0.0
 11
828.0856704406414
 21
-195.6586109287218
 31
0.0
  0
LINE
  5
5DE
330
1F
100
AcDbEntity
  8
0
  6
Continuous
 62
     7
370
    25
100
AcDbLine
 10
878.0856704406415
 20
-255.6586109287218
 30
0.0
 11
878.0856704406415
 21
-265.6586109287219
 31
0.0
  0
LINE
  5
5DF
330
1F
100
AcDbEntity
  8
0
  6
Continuous
 62
     7
370
    25
100
AcDbLine
 10
876.0856704406414
 20
-265.6586109287219
 30
0.0
 11
878.0856704406415
 21
-265.6586109287219
 31
0.0
  0
LINE
  5
5E0
330
1F
100
AcDbEntity
  8
0
  6
Continuous
 62
     7
370
    25
100
AcDbLine
 10
876.0856704406414
 20
-285.6586109287218
 30
0.0
 11
876.0856704406414
 21
-265.6586109287219
 31
0.0
  0
LINE
  5
5E1
330
1F
100
AcDbEntity
  8
0
  6
Continuous
 62
     7
370
    25
100
AcDbLine
 10
528.0856704406414
 20
-285.6586109287218
 30
0.0
 11
876.0856704406414
 21
-285.6586109287218
 31
0.0
  0
LINE
  5
5E2
330
1F
100
AcDbEntity
  8
0
  6
Continuous
 62
     7
370
    25
100
AcDbLine
 10
528.0856704406414
 20
-285.6586109287218
 30
0.0
 11
528.0856704406414
 21
-255.6586109287218
 31
0.0
  0
LINE
  5
5E3
330
1F
100
AcDbEntity
  8
0
  6
Continuous
 62
     7
370
    25
100
AcDbLine
 10
528.0856704406414
 20
-255.6586109287218
 30
0.0
 11
526.0856704406414
 21
-255.6586109287218
 31
0.0
  0
LINE
  5
5E4
330
1F
100
AcDbEntity
  8
0
  6
Continuous
 62
     7
370
    25
100
AcDbLine
 10
526.0856704406414
 20
-255.6586109287218
 30
0.0
 11
526.0856704406414
 21
-215.6586109287219
 31
0.0
  0
LINE
  5
5E5
330
1F
100
AcDbEntity
  8
0
  6
Continuous
 62
     7
370
    25
100
AcDbLine
 10
528.0856704406414
 20
-215.6586109287219
 30
0.0
 11
526.0856704406414
 21
-215.6586109287219
 31
0.0
  0
LINE
  5
5E6
330
1F
100
AcDbEntity
  8
0
  6
Continuous
 62
     7
370
    25
100
AcDbLine
 10
876.0856704406414
 20
-205.6586109287218
 30
0.0
 11
878.0856704406415
 21
-205.6586109287218
 31
0.0
  0
LINE
  5
5E7
330
1F
100
AcDbEntity
  8
0
  6
Continuous
 62
     7
370
    25
100
AcDbLine
 10
878.0856704406415
 20
-205.6586109287218
 30
0.0
 11
878.0856704406415
 21
-215.6586109287219
 31
0.0
  0
LINE
  5
5E8
330
1F
100
AcDbEntity
  8
0
  6
Continuous
 62
     7
370
    25
100
AcDbLine
 10
876.0856704406414
 20
-215.6586109287219
 30
0.0
 11
878.0856704406415
 21
-215.6586109287219
 31
0.0
  0
LINE
  5
5E9
330
1F
100
AcDbEntity
  8
0
  6
Continuous
 62
     7
370
    25
100
AcDbLine
 10
876.0856704406414
 20
-255.6586109287218
 30
0.0
 11
876.0856704406414
 21
-215.6586109287219
 31
0.0
  0
LINE
  5
5EA
330
1F
100
AcDbEntity
  8
0
  6
Continuous
 62
     7
370
    25
100
AcDbLine
 10
876.0856704406414
 20
-255.6586109287218
 30
0.0
 11
878.0856704406415
 21
-255.6586109287218
 31
0.0
  0
LINE
  5
5EB
330
1F
100
AcDbEntity
  8
0
  6
Continuous
 62
     7
370
    25
100
AcDbLine
 10
876.0856704406414
 20
-205.6586109287218
 30
0.0
 11
876.0856704406414
 21
-185.6586109287218
 31
0.0
  0
LINE
  5
5EC
330
1F
100
AcDbEntity
  8
0
  6
Continuous
 62
     7
370
    25
100
AcDbLine
 10
528.0856704406414
 20
-215.6586109287219
 30
0.0
 11
528.0856704406414
 21
-185.6586109287218
 31
0.0
  0
LINE
  5
5ED
330
1F
100
AcDbEntity
  8
0
  6
Continuous
 62
     7
370
    25
100
AcDbLine
 10
528.0856704406414
 20
-185.6586109287218
 30
0.0
 11
876.0856704406414
 21
-185.6586109287218
 31
0.0
  0
TEXT
  5
5F4
330
1F
100
AcDbEntity
  8
0
100
AcDbText
 10
138.7420793070632
 20
-675.9022456104538
 30
0.0
 40
18.12181790714442
  1
层板,2mm
 50
359.2261076188222
100
AcDbText
  0
INSERT
  5
7E2
330
1F
100
AcDbEntity
  8
0
  6
Continuous
 62
     7
100
AcDbBlockReference
  2
块2
 10
-16.05654267430054
 20
-395.142657670875
 30
0.0
  0
INSERT
  5
7E3
330
1F
100
AcDbEntity
  8
0
  6
Continuous
 62
     7
100
AcDbBlockReference
  2
main_wing_第二横梁左
 10
-4.77784585170059
 20
-336.532678253675
 30
0.0
  0
INSERT
  5
7E4
330
1F
100
AcDbEntity
  8
0
  6
Continuous
 62
     7
100
AcDbBlockReference
  2
襟翼前龙骨挡板
 10
34.82662194239947
 20
-361.7561567861749
 30
0.0
  0
INSERT
  5
7E5
330
1F
100
AcDbEntity
  8
0
  6
Continuous
 62
     7
100
AcDbBlockReference
  2
块2
 10
-34.73037551670064
 20
-395.4165679065749
 30
0.0
  0
INSERT
  5
7E6
330
1F
100
AcDbEntity
  8
0
  6
Continuous
 62
     7
100
AcDbBlockReference
  2
main_wing_第二横梁右
 10
-573.2123201280004
 20
-394.7960584773749
 30
0.0
  0
INSERT
  5
813
330
1F
100
AcDbEntity
  8
0
  6
Continuous
 62
     7
100
AcDbBlockReference
  2
tail_卡扣
 10
506.5251231748352
 20
-206.7750640603499
 30
0.0
  0
INSERT
  5
814
330
1F
100
AcDbEntity
  8
0
  6
Continuous
 62
     7
100
AcDbBlockReference
  2
tail_卡扣
 10
506.5251231748352
 20
-193.3303199726499
 30
0.0
  0
INSERT
  5
840
330
1F
100
AcDbEntity
  8
0
  6
Continuous
 62
     7
100
AcDbBlockReference
  2
插座板
 10
421.3873115909613
 20
-255.7086126425793
 30
0.0
  0
INSERT
  5
841
330
1F
100
AcDbEntity
  8
0
  6
Continuous
 62
     7
100
AcDbBlockReference
  2
插座板
 10
402.9458390240615
 20
-255.7086126425793
 30
0.0
  0
INSERT
  5
842
330
1F
100
AcDbEntity
  8
0
  6
Continuous
 62
     7
100
AcDbBlockReference
  2
6mm插座
 10
465.0028578204613
 20
-249.2687333334793
 30
0.0
  0
INSERT
  5
843
330
1F
100
AcDbEntity
  8
0
  6
Continuous
 62
     7
100
AcDbBlockReference
  2
6mm插座
 10
477.8826164385614
 20
-249.2687333334793
 30
0.0
  0
INSERT
  5
844
330
1F
100
AcDbEntity
  8
0
  6
Continuous
 62
     7
100
AcDbBlockReference
  2
5mm插座
 10
435.1452355693612
 20
-249.2687333334793
 30
0.0
  0
INSERT
  5
845
330
1F
100
AcDbEntity
  8
0
  6
Continuous
 62
     7
100
AcDbBlockReference
  2
5mm插座
 10
447.1468288271613
 20
-249.2687333334793
 30
0.0
  0
INSERT
  5
846
330
1F
100
AcDbEntity
  8
0
  6
Continuous
 62
     7
100
AcDbBlockReference
  2
6mm插座
 10
471.4427371294614
 20
-249.2687333334793
 30
0.0
  0
INSERT
  5
847
330
1F
100
AcDbEntity
  8
0
  6
Continuous
 62
     7
100
AcDbBlockReference
  2
5mm插座
 10
440.9996713048615
 20
-249.2687333334793
 30
0.0
  0
INSERT
  5
848
330
1F
100
AcDbEntity
  8
0
  6
Continuous
 62
     7
100
AcDbBlockReference
  2
5mm插座
 10
453.2939863494614
 20
-249.2687333334793
 30
0.0
  0
INSERT
  5
849
330
1F
100
AcDbEntity
  8
0
  6
Continuous
 62
     7
100
AcDbBlockReference
  2
6mm插座
 10
459.1484220849612
 20
-249.2687333334793
 30
0.0
  0
INSERT
  5
925
330
1F
100
AcDbEntity
  8
0
  6
Continuous
 62
     7
100
AcDbBlockReference
  2
副翼前挡板
 10
-11.0626005382181
 20
-271.3642434575568
 30
0.0
  0
INSERT
  5
927
330
1F
100
AcDbEntity
  8
0
  6
Continuous
 62
     7
100
AcDbBlockReference
  2
副翼前挡板
 10
-4.699472222518011
 20
-249.2488497485568
 30
0.0
  0
INSERT
  5
93E
330
1F
100
AcDbEntity
  8
0
  6
Continuous
 62
     7
100
AcDbBlockReference
  2
升降舵前挡板
 10
5.526171590568992
 20
-310.5145373497917
 30
0.0
  0
INSERT
  5
93F
330
1F
100
AcDbEntity
  8
0
  6
Continuous
 62
     7
100
AcDbBlockReference
  2
升降舵前挡板
 10
11.833400526969
 20
-292.6106754854917
 30
0.0
  0
INSERT
  5
95C
330
1F
100
AcDbEntity
  8
0
  6
Continuous
 62
     7
100
AcDbBlockReference
  2
fin_方向舵前挡板_高度为59
 10
358.1435891402343
 20
-303.1644738001924
 30
0.0
  0
INSERT
  5
969
330
1F
100
AcDbEntity
  8
0
  6
Continuous
 62
     7
100
AcDbBlockReference
  2
fin_卡扣_高度为59
 10
357.8242693655866
 20
-291.3383185821122
 30
0.0
  0
INSERT
  5
977
330
1F
100
AcDbEntity
  8
0
  6
Continuous
 62
     7
100
AcDbBlockReference
  2
main_wing_平面版小翼_可以是木板
 10
744.6622492662468
 20
-344.0813933778782
 30
0.0
  0
INSERT
  5
978
330
1F
100
AcDbEntity
  8
0
  6
Continuous
 62
     7
100
AcDbBlockReference
  2
main_wing_平面版小翼_可以是木板
 10
744.6622492662468
 20
-387.0886569794782
 30
0.0
  0
ENDSEC
  0
SECTION
  2
OBJECTS
  0
DICTIONARY
  5
C
330
0
100
AcDbDictionary
281
     1
  3
ACAD_CIP_PREVIOUS_PRODUCT_INFO
350
CF
  3
ACAD_COLOR
350
C4
  3
ACAD_DETAILVIEWSTYLE
350
CB
  3
ACAD_GROUP
350
D
  3
ACAD_LAYOUT
350
1A
  3
ACAD_MATERIAL
350
92
  3
ACAD_MLEADERSTYLE
350
C7
  3
ACAD_MLINESTYLE
350
17
  3
ACAD_PLOTSETTINGS
350
19
  3
ACAD_PLOTSTYLENAME
350
E
  3
ACAD_SCALELIST
350
47
  3
ACAD_SECTIONVIEWSTYLE
350
C9
  3
ACAD_TABLESTYLE
350
C5
  3
ACAD_VISUALSTYLE
350
AB
  3
ACDB_RECOMPOSE_DATA
350
97A
  3
AcDbVariableDictionary
350
5F7
  0
DICTIONARY
  5
5F5
330
10
100
AcDbDictionary
280
     1
281
     1
  3
ADSK_XREC_LAYER_RECONCILED
360
5F6
  0
DICTIONARY
  5
7D8
330
7D7
100
AcDbDictionary
280
     1
281
     1
  0
XRECORD
  5
CF
102
{ACAD_REACTORS
330
C
102
}
330
C
100
AcDbXrecord
280
     1
300
ACD
300
2022
300

  0
DICTIONARY
  5
C4
102
{ACAD_REACTORS
330
C
102
}
330
C
100
AcDbDictionary
281
     1
  0
DICTIONARY
  5
CB
102
{ACAD_REACTORS
330
C
102
}
330
C
100
AcDbDictionary
281
     1
  3
Metric50
350
CC
  0
DICTIONARY
  5
D
102
{ACAD_REACTORS
330
C
102
}
330
C
100
AcDbDictionary
281
     1
  0
DICTIONARY
  5
1A
102
{ACAD_REACTORS
330
C
102
}
330
C
100
AcDbDictionary
281
     1
  3
Layout1
350
1E
  3
Layout2
350
26
  3
Model
350
22
  0
DICTIONARY
  5
92
102
{ACAD_REACTORS
330
C
102
}
330
C
100
AcDbDictionary
281
     1
  3
ByBlock
350
9B
  3
ByLayer
350
93
  3
Global
350
A3
  0
DICTIONARY
  5
C7
102
{ACAD_REACTORS
330
C
102
}
330
C
100
AcDbDictionary
281
     1
  3
Standard
350
C8
  0
DICTIONARY
  5
17
102
{ACAD_REACTORS
330
C
102
}
330
C
100
AcDbDictionary
281
     1
  3
Standard
350
18
  0
DICTIONARY
  5
19
102
{ACAD_REACTORS
330
C
102
}
330
C
100
AcDbDictionary
281
     1
  0
ACDBDICTIONARYWDFLT
  5
E
102
{ACAD_REACTORS
330
C
102
}
330
C
100
AcDbDictionary
281
     1
  3
Normal
350
F
100
AcDbDictionaryWithDefault
340
F
  0
DICTIONARY
  5
47
102
{ACAD_REACTORS
330
C
102
}
330
C
100
AcDbDictionary
281
     1
  3
A0
350
48
  3
A1
350
49
  3
A2
350
4A
  3
A3
350
4B
  3
A4
350
4C
  3
A5
350
4D
  3
A6
350
4E
  3
A7
350
4F
  3
A8
350
50
  3
A9
350
51
  3
B0
350
52
  3
B1
350
53
  3
B2
350
54
  3
B3
350
55
  3
B4
350
56
  3
B5
350
57
  3
B6
350
58
  0
DICTIONARY
  5
C9
102
{ACAD_REACTORS
330
C
102
}
330
C
100
AcDbDictionary
281
     1
  3
Metric50
350
CA
  0
DICTIONARY
  5
C5
102
{ACAD_REACTORS
330
C
102
}
330
C
100
AcDbDictionary
281
     1
  3
Standard
350
C6
  0
DICTIONARY
  5
AB
102
{ACAD_REACTORS
330
C
102
}
330
C
100
AcDbDictionary
281
     1
  3
2dWireframe
350
B1
  3
Basic
350
B0
  3
Brighten
350
B7
  3
ColorChange
350
BB
  3
Conceptual
350
B4
  3
Dim
350
B6
  3
EdgeColorOff
350
C3
  3
Facepattern
350
BA
  3
Flat
350
AC
  3
FlatWithEdges
350
AD
  3
Gouraud
350
AE
  3
GouraudWithEdges
350
AF
  3
Hidden
350
B3
  3
JitterOff
350
C1
  3
Linepattern
350
B9
  3
OverhangOff
350
C2
  3
Realistic
350
B5
  3
Shaded
350
C0
  3
Shaded with edges
350
BF
  3
Shades of Gray
350
BC
  3
Sketchy
350
BD
  3
Thicken
350
B8
  3
Wireframe
350
B2
  3
X-Ray
350
BE
  0
XRECORD
  5
97A
102
{ACAD_REACTORS
330
C
102
}
330
C
100
AcDbXrecord
280
     1
 90
        1
330
C6
  0
DICTIONARY
  5
5F7
102
{ACAD_REACTORS
330
C
102
}
330
C
100
AcDbDictionary
281
     1
  3
CANNOSCALE
350
5FD
  3
CMLEADERSTYLE
350
5F9
  3
CTABLESTYLE
350
5F8
  3
CVIEWDETAILSTYLE
350
5FA
  3
CVIEWSECTIONSTYLE
350
5FB
  3
LAYEREVAL
350
5FF
  3
LAYERNOTIFY
350
600
  3
LIGHTINGUNITS
350
5FE
  3
MSLTSCALE
350
5FC
  0
XRECORD
  5
5F6
102
{ACAD_REACTORS
330
5F5
102
}
330
5F5
100
AcDbXrecord
280
     1
290
     1
  0
ACDBDETAILVIEWSTYLE
  5
CC
102
{ACAD_REACTORS
330
CB
102
}
330
CB
100
AcDbModelDocViewStyle
 70
     0
  3
Metric50
290
     0
300
Metric50
 90
        0
100
AcDbDetailViewStyle
 70
     0
 71
     0
 90
        3
 71
     1
340
11
 62
   256
 40
5.0
340
0
 62
   256
 40
5.0
300

 40
0.0
280
     1
 71
     2
340
16
 90
       25
 62
   256
 71
     3
340
11
 62
   256
 40
5.0
 90
        0
 40
15.0
 90
        1
300
%<\AcVar ViewDetailId>% (%<\AcVar ViewScale \f "%sn">%)
 71
     4
340
16
 90
       25
 62
   256
340
16
 90
       25
 62
   256
280
     0
  0
LAYOUT
  5
1E
102
{ACAD_REACTORS
330
1A
102
}
330
1A
100
AcDbPlotSettings
  1

  2
none_device
  4

  6

 40
0.0
 41
0.0
 42
0.0
 43
0.0
 44
0.0
 45
0.0
 46
0.0
 47
0.0
 48
0.0
 49
0.0
140
0.0
141
0.0
142
1.0
143
1.0
 70
   688
 72
     1
 73
     0
 74
     5
  7

 75
    16
147
1.0
 76
     0
 77
     2
 78
   300
148
0.0
149
0.0
100
AcDbLayout
  1
Layout1
 70
     1
 71
     1
 10
0.0
 20
0.0
 11
420.0
 21
297.0
 12
0.0
 22
0.0
 32
0.0
 14
1.000000000000000E+20
 24
1.000000000000000E+20
 34
1.000000000000000E+20
 15
-1.000000000000000E+20
 25
-1.000000000000000E+20
 35
-1.000000000000000E+20
146
0.0
 13
0.0
 23
0.0
 33
0.0
 16
1.0
 26
0.0
 36
0.0
 17
0.0
 27
1.0
 37
0.0
 76
     0
330
1B
  0
LAYOUT
  5
26
102
{ACAD_REACTORS
330
1A
102
}
330
1A
100
AcDbPlotSettings
  1

  2
none_device
  4

  6

 40
0.0
 41
0.0
 42
0.0
 43
0.0
 44
0.0
 45
0.0
 46
0.0
 47
0.0
 48
0.0
 49
0.0
140
0.0
141
0.0
142
1.0
143
1.0
 70
   688
 72
     1
 73
     0
 74
     5
  7

 75
    16
147
1.0
 76
     0
 77
     2
 78
   300
148
0.0
149
0.0
100
AcDbLayout
  1
Layout2
 70
     1
 71
     2
 10
0.0
 20
0.0
 11
0.0
 21
0.0
 12
0.0
 22
0.0
 32
0.0
 14
0.0
 24
0.0
 34
0.0
 15
0.0
 25
0.0
 35
0.0
146
0.0
 13
0.0
 23
0.0
 33
0.0
 16
1.0
 26
0.0
 36
0.0
 17
0.0
 27
1.0
 37
0.0
 76
     0
330
23
  0
LAYOUT
  5
22
102
{ACAD_REACTORS
330
1A
102
}
330
1A
100
AcDbPlotSettings
  1

  2
none_device
  4
ANSI_A_(11.00_x_8.50_Inches)
  6

 40
6.349999999999998
 41
19.05
 42
6.350005079999998
 43
19.05000254
 44
279.4
 45
215.9
 46
-4.953002539999999
 47
49.60937373
 48
0.0
 49
0.0
140
0.0
141
0.0
142
0.0309375
143
1.0
 70
  1696
 72
     0
 73
     0
 74
     0
  7

 75
     0
147
0.0179189148
 76
     0
 77
     2
 78
   300
148
-1300.4909072572
149
0.0
100
AcDbLayout
  1
Model
 70
     1
 71
     0
 10
0.0
 20
0.0
 11
420.0
 21
297.0
 12
0.0
 22
0.0
 32
0.0
 14
0.0
 24
-2.0
 34
0.0
 15
352.0
 25
102.0
 35
0.0
146
0.0
 13
0.0
 23
0.0
 33
0.0
 16
1.0
 26
0.0
 36
0.0
 17
0.0
 27
1.0
 37
0.0
 76
     0
330
1F
331
29
  0
MATERIAL
  5
9B
102
{ACAD_XDICTIONARY
360
9C
102
}
102
{ACAD_REACTORS
330
92
102
}
330
92
100
AcDbMaterial
  1
ByBlock
 72
     0
 43
0.0008202099737533
 43
0.0
 43
0.0
 43
0.0
 43
0.0
 43
0.0008202099737533
 43
0.0
 43
0.0
 43
0.0
 43
0.0
 43
1.0
 43
0.0
 43
0.0
 43
0.0
 43
0.0
 43
1.0
 77
     0
 47
0.0008202099737533
 47
0.0
 47
0.0
 47
0.0
 47
0.0
 47
0.0008202099737533
 47
0.0
 47
0.0
 47
0.0
 47
0.0
 47
1.0
 47
0.0
 47
0.0
 47
0.0
 47
0.0
 47
1.0
171
     0
 49
0.0008202099737533
 49
0.0
 49
0.0
 49
0.0
 49
0.0
 49
0.0008202099737533
 49
0.0
 49
0.0
 49
0.0
 49
0.0
 49
1.0
 49
0.0
 49
0.0
 49
0.0
 49
0.0
 49
1.0
175
     0
142
0.0008202099737533
142
0.0
142
0.0
142
0.0
142
0.0
142
0.0008202099737533
142
0.0
142
0.0
142
0.0
142
0.0
142
1.0
142
0.0
142
0.0
142
0.0
142
0.0
142
1.0
179
     0
144
0.0008202099737533
144
0.0
144
0.0
144
0.0
144
0.0
144
0.0008202099737533
144
0.0
144
0.0
144
0.0
144
0.0
144
1.0
144
0.0
144
0.0
144
0.0
144
0.0
144
1.0
147
0.0008202099737533
147
0.0
147
0.0
147
0.0
147
0.0
147
0.0008202099737533
147
0.0
147
0.0
147
0.0
147
0.0
147
1.0
147
0.0
147
0.0
147
0.0
147
0.0
147
1.0
  0
MATERIAL
  5
93
102
{ACAD_XDICTIONARY
360
94
102
}
102
{ACAD_REACTORS
330
92
102
}
330
92
100
AcDbMaterial
  1
ByLayer
 72
     0
 43
0.0008202099737533
 43
0.0
 43
0.0
 43
0.0
 43
0.0
 43
0.0008202099737533
 43
0.0
 43
0.0
 43
0.0
 43
0.0
 43
1.0
 43
0.0
 43
0.0
 43
0.0
 43
0.0
 43
1.0
 77
     0
 47
0.0008202099737533
 47
0.0
 47
0.0
 47
0.0
 47
0.0
 47
0.0008202099737533
 47
0.0
 47
0.0
 47
0.0
 47
0.0
 47
1.0
 47
0.0
 47
0.0
 47
0.0
 47
0.0
 47
1.0
171
     0
 49
0.0008202099737533
 49
0.0
 49
0.0
 49
0.0
 49
0.0
 49
0.0008202099737533
 49
0.0
 49
0.0
 49
0.0
 49
0.0
 49
1.0
 49
0.0
 49
0.0
 49
0.0
 49
0.0
 49
1.0
175
     0
142
0.0008202099737533
142
0.0
142
0.0
142
0.0
142
0.0
142
0.0008202099737533
142
0.0
142
0.0
142
0.0
142
0.0
142
1.0
142
0.0
142
0.0
142
0.0
142
0.0
142
1.0
179
     0
144
0.0008202099737533
144
0.0
144
0.0
144
0.0
144
0.0
144
0.0008202099737533
144
0.0
144
0.0
144
0.0
144
0.0
144
1.0
144
0.0
144
0.0
144
0.0
144
0.0
144
1.0
147
0.0008202099737533
147
0.0
147
0.0
147
0.0
147
0.0
147
0.0008202099737533
147
0.0
147
0.0
147
0.0
147
0.0
147
1.0
147
0.0
147
0.0
147
0.0
147
0.0
147
1.0
  0
MATERIAL
  5
A3
102
{ACAD_XDICTIONARY
360
A4
102
}
102
{ACAD_REACTORS
330
92
102
}
330
92
100
AcDbMaterial
  1
Global
 72
     0
 43
0.0008202099737533
 43
0.0
 43
0.0
 43
0.0
 43
0.0
 43
0.0008202099737533
 43
0.0
 43
0.0
 43
0.0
 43
0.0
 43
1.0
 43
0.0
 43
0.0
 43
0.0
 43
0.0
 43
1.0
 77
     0
 47
0.0008202099737533
 47
0.0
 47
0.0
 47
0.0
 47
0.0
 47
0.0008202099737533
 47
0.0
 47
0.0
 47
0.0
 47
0.0
 47
1.0
 47
0.0
 47
0.0
 47
0.0
 47
0.0
 47
1.0
171
     0
 49
0.0008202099737533
 49
0.0
 49
0.0
 49
0.0
 49
0.0
 49
0.0008202099737533
 49
0.0
 49
0.0
 49
0.0
 49
0.0
 49
1.0
 49
0.0
 49
0.0
 49
0.0
 49
0.0
 49
1.0
175
     0
142
0.0008202099737533
142
0.0
142
0.0
142
0.0
142
0.0
142
0.0008202099737533
142
0.0
142
0.0
142
0.0
142
0.0
142
1.0
142
0.0
142
0.0
142
0.0
142
0.0
142
1.0
179
     0
144
0.0008202099737533
144
0.0
144
0.0
144
0.0
144
0.0
144
0.0008202099737533
144
0.0
144
0.0
144
0.0
144
0.0
144
1.0
144
0.0
144
0.0
144
0.0
144
0.0
144
1.0
147
0.0008202099737533
147
0.0
147
0.0
147
0.0
147
0.0
147
0.0008202099737533
147
0.0
147
0.0
147
0.0
147
0.0
147
1.0
147
0.0
147
0.0
147
0.0
147
0.0
147
1.0
  0
MLEADERSTYLE
  5
C8
102
{ACAD_REACTORS
330
C7
102
}
330
C7
100
AcDbMLeaderStyle
179
     2
170
     2
171
     1
172
     0
 90
        2
 40
0.0
 41
0.0
173
     1
 91
-1056964608
340
14
 92
       -2
290
     1
 42
2.0
291
     1
 43
0.36
  3
Standard
 44
4.0
300

342
11
174
     1
178
     6
175
     1
176
     0
 93
-1056964608
 45
4.0
292
     0
297
     0
 46
4.0
 94
-1056964608
 47
1.0
 49
1.0
140
1.0
293
     1
141
0.0
294
     1
177
     0
142
1.0
295
     0
296
     0
143
0.125
271
     0
272
     9
273
     9
298
     0
  0
MLINESTYLE
  5
18
102
{ACAD_REACTORS
330
17
102
}
330
17
100
AcDbMlineStyle
  2
STANDARD
 70
     0
  3

 62
   256
 51
90.0
 52
90.0
 71
     2
 49
0.5
 62
   256
  6
BYLAYER
 49
-0.5
 62
   256
  6
BYLAYER
  0
ACDBPLACEHOLDER
  5
F
102
{ACAD_REACTORS
330
E
102
}
330
E
  0
SCALE
  5
48
102
{ACAD_REACTORS
330
47
102
}
330
47
100
AcDbScale
 70
     0
300
1:1
140
1.0
141
1.0
290
     1
  0
SCALE
  5
49
102
{ACAD_REACTORS
330
47
102
}
330
47
100
AcDbScale
 70
     0
300
1:2
140
1.0
141
2.0
290
     0
  0
SCALE
  5
4A
102
{ACAD_REACTORS
330
47
102
}
330
47
100
AcDbScale
 70
     0
300
1:4
140
1.0
141
4.0
290
     0
  0
SCALE
  5
4B
102
{ACAD_REACTORS
330
47
102
}
330
47
100
AcDbScale
 70
     0
300
1:5
140
1.0
141
5.0
290
     0
  0
SCALE
  5
4C
102
{ACAD_REACTORS
330
47
102
}
330
47
100
AcDbScale
 70
     0
300
1:8
140
1.0
141
8.0
290
     0
  0
SCALE
  5
4D
102
{ACAD_REACTORS
330
47
102
}
330
47
100
AcDbScale
 70
     0
300
1:10
140
1.0
141
10.0
290
     0
  0
SCALE
  5
4E
102
{ACAD_REACTORS
330
47
102
}
330
47
100
AcDbScale
 70
     0
300
1:16
140
1.0
141
16.0
290
     0
  0
SCALE
  5
4F
102
{ACAD_REACTORS
330
47
102
}
330
47
100
AcDbScale
 70
     0
300
1:20
140
1.0
141
20.0
290
     0
  0
SCALE
  5
50
102
{ACAD_REACTORS
330
47
102
}
330
47
100
AcDbScale
 70
     0
300
1:30
140
1.0
141
30.0
290
     0
  0
SCALE
  5
51
102
{ACAD_REACTORS
330
47
102
}
330
47
100
AcDbScale
 70
     0
300
1:40
140
1.0
141
40.0
290
     0
  0
SCALE
  5
52
102
{ACAD_REACTORS
330
47
102
}
330
47
100
AcDbScale
 70
     0
300
1:50
140
1.0
141
50.0
290
     0
  0
SCALE
  5
53
102
{ACAD_REACTORS
330
47
102
}
330
47
100
AcDbScale
 70
     0
300
1:100
140
1.0
141
100.0
290
     0
  0
SCALE
  5
54
102
{ACAD_REACTORS
330
47
102
}
330
47
100
AcDbScale
 70
     0
300
2:1
140
2.0
141
1.0
290
     0
  0
SCALE
  5
55
102
{ACAD_REACTORS
330
47
102
}
330
47
100
AcDbScale
 70
     0
300
4:1
140
4.0
141
1.0
290
     0
  0
SCALE
  5
56
102
{ACAD_REACTORS
330
47
102
}
330
47
100
AcDbScale
 70
     0
300
8:1
140
8.0
141
1.0
290
     0
  0
SCALE
  5
57
102
{ACAD_REACTORS
330
47
102
}
330
47
100
AcDbScale
 70
     0
300
10:1
140
10.0
141
1.0
290
     0
  0
SCALE
  5
58
102
{ACAD_REACTORS
330
47
102
}
330
47
100
AcDbScale
 70
     0
300
100:1
140
100.0
141
1.0
290
     0
  0
ACDBSECTIONVIEWSTYLE
  5
CA
102
{ACAD_REACTORS
330
C9
102
}
330
C9
100
AcDbModelDocViewStyle
 70
     0
  3
Metric50
290
     0
300
Metric50
 90
        0
100
AcDbSectionViewStyle
 70
     0
 71
     0
 90
      102
 71
     1
340
11
 62
   256
 40
5.0
340
0
340
0
 62
   256
 40
5.0
300
I, O, Q, S, X, Z
 40
10.0
 90
        0
 40
2.5
 90
        0
 71
     2
340
16
 90
       25
 62
   256
340
16
 90
       50
 62
   256
 40
5.0
 40
2.5
 40
5.0
 71
     3
340
11
 62
   256
 40
5.0
 90
        0
 40
15.0
 90
        1
300
%<\AcVar ViewSectionStartId>%-%<\AcVar ViewSectionEndId>% (%<\AcVar ViewScale \f "%sn">%)
 71
     4
 62
   256
 62
   257
300
ANSI31
 40
1.0
 90
        0
290
     0
290
     0
 90
        6
 40
0.0
 40
1.570796326794896
 40
0.2617993877991494
 40
1.308996938995747
 40
-0.2617993877991494
 40
1.832595714594045
  0
TABLESTYLE
  5
C6
102
{ACAD_XDICTIONARY
360
601
102
}
102
{ACAD_REACTORS
330
C5
102
}
330
C5
100
AcDbTableStyle
280
     0
  3
Standard
 70
     0
 71
     0
 40
1.5
 41
1.5
280
     0
281
     0
  7
Standard
140
4.5
170
     2
 62
     0
 63
     7
283
     0
 90
      512
 91
        0
  1

274
    -2
284
     1
 64
     0
275
    -2
285
     1
 65
     0
276
    -2
286
     1
 66
     0
277
    -2
287
     1
 67
     0
278
    -2
288
     1
 68
     0
279
    -2
289
     1
 69
     0
  7
Standard
140
6.0
170
     5
 62
     0
 63
     7
283
     0
 90
      512
 91
        0
  1

274
    -2
284
     1
 64
     0
275
    -2
285
     1
 65
     0
276
    -2
286
     1
 66
     0
277
    -2
287
     1
 67
     0
278
    -2
288
     1
 68
     0
279
    -2
289
     1
 69
     0
  7
Standard
140
4.5
170
     5
 62
     0
 63
     7
283
     0
 90
      512
 91
        0
  1

274
    -2
284
     1
 64
     0
275
    -2
285
     1
 65
     0
276
    -2
286
     1
 66
     0
277
    -2
287
     1
 67
     0
278
    -2
288
     1
 68
     0
279
    -2
289
     1
 69
     0
  0
VISUALSTYLE
  5
B1
102
{ACAD_REACTORS
330
AB
102
}
330
AB
100
AcDbVisualStyle
  2
2dWireframe
 70
     4
177
     3
291
     0
 70
    58
 90
        0
176
     1
 90
        2
176
     1
 90
        0
176
     1
 90
        0
176
     1
 40
0.6
176
     1
 40
30.0
176
     1
 62
     7
420
 16777215
176
     1
 90
        1
176
     1
 90
        4
176
     1
 62
     7
176
     1
 62
   257
176
     1
 90
        1
176
     1
 90
        1
176
     1
 40
1.0
176
     1
 90
        0
176
     1
 62
   257
176
     1
 40
1.0
176
     1
 90
        1
176
     1
 90
        6
176
     1
 90
        2
176
     1
 62
     7
176
     1
 90
        5
176
     1
 90
        0
176
     1
 90
        0
176
     1
290
     0
176
     1
 90
        1
176
     1
 40
0.0
176
     1
 90
        0
176
     1
290
     1
176
     1
290
     1
176
     1
290
     0
176
     1
290
     0
176
     1
290
     0
176
     1
290
     0
176
     1
290
     0
176
     1
290
     0
176
     1
290
     0
176
     1
 90
       50
176
     1
 40
0.0
176
     1
 40
1.0
176
     1
 90
        0
176
     1
 62
    18
176
     1
 90
       50
176
     1
 90
        3
176
     1
 62
     5
420
      255
176
     1
290
     0
176
     1
 90
       50
176
     1
 90
       50
176
     1
 90
       50
176
     1
290
     0
176
     1
 90
       50
176
     1
 62
   256
176
     0
 40
1.0
176
     0
 90
        2
176
     1
  1
strokes_ogs.tif
176
     1
290
     0
176
     1
 40
1.0
176
     1
 40
1.0
176
     1
  0
VISUALSTYLE
  5
B0
102
{ACAD_REACTORS
330
AB
102
}
330
AB
100
AcDbVisualStyle
  2
Basic
 70
     7
177
     3
291
     1
 70
    58
 90
        1
176
     1
 90
        0
176
     1
 90
        1
176
     1
 90
        0
176
     1
 40
0.6
176
     1
 40
30.0
176
     1
 62
     7
420
 16777215
176
     1
 90
        0
176
     1
 90
        4
176
     1
 62
     7
176
     1
 62
   257
176
     1
 90
        1
176
     1
 90
        1
176
     1
 40
1.0
176
     1
 90
        8
176
     1
 62
     7
176
     1
 40
1.0
176
     1
 90
        1
176
     1
 90
        6
176
     1
 90
        2
176
     1
 62
     7
176
     1
 90
        5
176
     1
 90
        0
176
     1
 90
        0
176
     1
290
     0
176
     1
 90
        1
176
     1
 40
0.0
176
     1
 90
        0
176
     1
290
     0
176
     1
290
     1
176
     1
290
     1
176
     1
290
     0
176
     1
290
     0
176
     1
290
     0
176
     1
290
     0
176
     1
290
     0
176
     1
290
     0
176
     1
 90
       50
176
     1
 40
0.0
176
     1
 40
1.0
176
     1
 90
        0
176
     1
 62
    18
176
     1
 90
       50
176
     1
 90
        3
176
     1
 62
     5
420
      255
176
     1
290
     0
176
     1
 90
       50
176
     1
 90
       50
176
     1
 90
       50
176
     1
290
     0
176
     1
 90
       50
176
     1
 62
   256
176
     0
 40
1.0
176
     0
 90
        2
176
     1
  1
strokes_ogs.tif
176
     1
290
     0
176
     1
 40
1.0
176
     1
 40
1.0
176
     1
  0
VISUALSTYLE
  5
B7
102
{ACAD_REACTORS
330
AB
102
}
330
AB
100
AcDbVisualStyle
  2
Brighten
 70
    12
177
     3
291
     1
 70
    58
 90
        2
176
     1
 90
        2
176
     1
 90
        0
176
     1
 90
        0
176
     1
 40
0.6
176
     1
 40
30.0
176
     1
 62
     7
420
 16777215
176
     1
 90
        1
176
     1
 90
        4
176
     1
 62
     7
176
     1
 62
   257
176
     1
 90
        1
176
     1
 90
        1
176
     1
 40
1.0
176
     1
 90
        8
176
     1
 62
     7
176
     1
 40
1.0
176
     1
 90
        1
176
     1
 90
        6
176
     1
 90
        2
176
     1
 62
     7
176
     1
 90
        5
176
     1
 90
        0
176
     1
 90
        0
176
     1
290
     0
176
     1
 90
        1
176
     1
 40
50.0
176
     1
 90
        0
176
     1
290
     0
176
     1
290
     1
176
     1
290
     1
176
     1
290
     0
176
     1
290
     0
176
     1
290
     0
176
     1
290
     0
176
     1
290
     0
176
     1
290
     0
176
     1
 90
       50
176
     1
 40
0.0
176
     1
 40
1.0
176
     1
 90
        0
176
     1
 62
    18
176
     1
 90
       50
176
     1
 90
        3
176
     1
 62
     5
420
      255
176
     1
290
     0
176
     1
 90
       50
176
     1
 90
       50
176
     1
 90
       50
176
     1
290
     0
176
     1
 90
       50
176
     1
 62
   256
176
     0
 40
1.0
176
     0
 90
        2
176
     1
  1
strokes_ogs.tif
176
     1
290
     0
176
     1
 40
1.0
176
     1
 40
1.0
176
     1
  0
VISUALSTYLE
  5
BB
102
{ACAD_REACTORS
330
AB
102
}
330
AB
100
AcDbVisualStyle
  2
ColorChange
 70
    16
177
     3
291
     1
 70
    58
 90
        2
176
     1
 90
        2
176
     1
 90
        3
176
     1
 90
        0
176
     1
 40
0.6
176
     1
 40
30.0
176
     1
 62
     8
420
  8421504
176
     1
 90
        1
176
     1
 90
        4
176
     1
 62
     7
176
     1
 62
   257
176
     1
 90
        1
176
     1
 90
        1
176
     1
 40
1.0
176
     1
 90
        8
176
     1
 62
     8
420
  8421504
176
     1
 40
1.0
176
     1
 90
        1
176
     1
 90
        6
176
     1
 90
        2
176
     1
 62
     7
176
     1
 90
        5
176
     1
 90
        0
176
     1
 90
        0
176
     1
290
     0
176
     1
 90
        1
176
     1
 40
0.0
176
     1
 90
        0
176
     1
290
     0
176
     1
290
     1
176
     1
290
     1
176
     1
290
     0
176
     1
290
     0
176
     1
290
     0
176
     1
290
     0
176
     1
290
     0
176
     1
290
     0
176
     1
 90
       50
176
     1
 40
0.0
176
     1
 40
1.0
176
     1
 90
        0
176
     1
 62
    18
176
     1
 90
       50
176
     1
 90
        3
176
     1
 62
     5
420
      255
176
     1
290
     0
176
     1
 90
       50
176
     1
 90
       50
176
     1
 90
       50
176
     1
290
     0
176
     1
 90
       50
176
     1
 62
   256
176
     0
 40
1.0
176
     0
 90
        2
176
     1
  1
strokes_ogs.tif
176
     1
290
     0
176
     1
 40
1.0
176
     1
 40
1.0
176
     1
  0
VISUALSTYLE
  5
B4
102
{ACAD_REACTORS
330
AB
102
}
330
AB
100
AcDbVisualStyle
  2
Conceptual
 70
     9
177
     3
291
     0
 70
    58
 90
        3
176
     1
 90
        2
176
     1
 90
        0
176
     1
 90
        0
176
     1
 40
0.6
176
     1
 40
30.0
176
     1
 62
     7
420
 16777215
176
     1
 90
        2
176
     1
 90
        2
176
     1
 62
     7
176
     1
 62
   257
176
     1
 90
        1
176
     1
 90
        1
176
     1
 40
179.0
176
     1
 90
        8
176
     1
 62
     7
176
     1
 40
1.0
176
     1
 90
        1
176
     1
 90
        6
176
     1
 90
        2
176
     1
 62
     7
176
     1
 90
        3
176
     1
 90
        0
176
     1
 90
        0
176
     1
290
     0
176
     1
 90
        1
176
     1
 40
0.0
176
     1
 90
        0
176
     1
290
     0
176
     1
290
     1
176
     1
290
     1
176
     1
290
     0
176
     1
290
     0
176
     1
290
     0
176
     1
290
     0
176
     1
290
     0
176
     1
290
     0
176
     1
 90
       50
176
     1
 40
0.0
176
     1
 40
1.0
176
     1
 90
        0
176
     1
 62
    18
176
     1
 90
       50
176
     1
 90
        3
176
     1
 62
     5
420
      255
176
     1
290
     0
176
     1
 90
       50
176
     1
 90
       50
176
     1
 90
       50
176
     1
290
     0
176
     1
 90
       50
176
     1
 62
   256
176
     0
 40
1.0
176
     0
 90
        2
176
     1
  1
strokes_ogs.tif
176
     1
290
     0
176
     1
 40
1.0
176
     1
 40
1.0
176
     1
  0
VISUALSTYLE
  5
B6
102
{ACAD_REACTORS
330
AB
102
}
330
AB
100
AcDbVisualStyle
  2
Dim
 70
    11
177
     3
291
     1
 70
    58
 90
        2
176
     1
 90
        2
176
     1
 90
        0
176
     1
 90
        0
176
     1
 40
0.6
176
     1
 40
30.0
176
     1
 62
     7
420
 16777215
176
     1
 90
        1
176
     1
 90
        4
176
     1
 62
     7
176
     1
 62
   257
176
     1
 90
        1
176
     1
 90
        1
176
     1
 40
1.0
176
     1
 90
        8
176
     1
 62
     7
176
     1
 40
1.0
176
     1
 90
        1
176
     1
 90
        6
176
     1
 90
        2
176
     1
 62
     7
176
     1
 90
        5
176
     1
 90
        0
176
     1
 90
        0
176
     1
290
     0
176
     1
 90
        1
176
     1
 40
-50.0
176
     1
 90
        0
176
     1
290
     0
176
     1
290
     1
176
     1
290
     1
176
     1
290
     0
176
     1
290
     0
176
     1
290
     0
176
     1
290
     0
176
     1
290
     0
176
     1
290
     0
176
     1
 90
       50
176
     1
 40
0.0
176
     1
 40
1.0
176
     1
 90
        0
176
     1
 62
    18
176
     1
 90
       50
176
     1
 90
        3
176
     1
 62
     5
420
      255
176
     1
290
     0
176
     1
 90
       50
176
     1
 90
       50
176
     1
 90
       50
176
     1
290
     0
176
     1
 90
       50
176
     1
 62
   256
176
     0
 40
1.0
176
     0
 90
        2
176
     1
  1
strokes_ogs.tif
176
     1
290
     0
176
     1
 40
1.0
176
     1
 40
1.0
176
     1
  0
VISUALSTYLE
  5
C3
102
{ACAD_REACTORS
330
AB
102
}
330
AB
100
AcDbVisualStyle
  2
EdgeColorOff
 70
    22
177
     3
291
     1
 70
    58
 90
        2
176
     0
 90
        2
176
     0
 90
        0
176
     0
 90
        0
176
     0
 40
0.6
176
     0
 40
30.0
176
     0
 62
     7
420
 16777215
176
     0
 90
        1
176
     0
 90
        4
176
     0
 62
     7
176
     0
 62
   257
176
     0
 90
        1
176
     0
 90
        1
176
     0
 40
1.0
176
     0
 90
        8
176
     2
 62
     7
176
     0
 40
1.0
176
     0
 90
        1
176
     0
 90
        6
176
     0
 90
        2
176
     0
 62
     7
176
     0
 90
        5
176
     0
 90
        0
176
     0
 90
        0
176
     0
290
     0
176
     0
 90
        1
176
     0
 40
0.0
176
     0
 90
        0
176
     0
290
     0
176
     1
290
     1
176
     1
290
     1
176
     1
290
     0
176
     1
290
     0
176
     1
290
     0
176
     1
290
     0
176
     1
290
     0
176
     1
290
     0
176
     1
 90
       50
176
     0
 40
0.0
176
     0
 40
1.0
176
     0
 90
        0
176
     0
 62
    18
176
     0
 90
       50
176
     0
 90
        3
176
     0
 62
     5
420
      255
176
     0
290
     0
176
     1
 90
       50
176
     0
 90
       50
176
     0
 90
       50
176
     0
290
     0
176
     1
 90
       50
176
     0
 62
   256
176
     0
 40
1.0
176
     0
 90
        2
176
     0
  1
strokes_ogs.tif
176
     0
290
     0
176
     1
 40
1.0
176
     0
 40
1.0
176
     0
  0
VISUALSTYLE
  5
BA
102
{ACAD_REACTORS
330
AB
102
}
330
AB
100
AcDbVisualStyle
  2
Facepattern
 70
    15
177
     3
291
     1
 70
    58
 90
        2
176
     1
 90
        2
176
     1
 90
        0
176
     1
 90
        0
176
     1
 40
0.6
176
     1
 40
30.0
176
     1
 62
     7
420
 16777215
176
     1
 90
        1
176
     1
 90
        4
176
     1
 62
     7
176
     1
 62
   257
176
     1
 90
        1
176
     1
 90
        1
176
     1
 40
1.0
176
     1
 90
        8
176
     1
 62
     7
176
     1
 40
1.0
176
     1
 90
        1
176
     1
 90
        6
176
     1
 90
        2
176
     1
 62
     7
176
     1
 90
        5
176
     1
 90
        0
176
     1
 90
        0
176
     1
290
     0
176
     1
 90
        1
176
     1
 40
0.0
176
     1
 90
        0
176
     1
290
     0
176
     1
290
     1
176
     1
290
     1
176
     1
290
     0
176
     1
290
     0
176
     1
290
     0
176
     1
290
     0
176
     1
290
     0
176
     1
290
     0
176
     1
 90
       50
176
     1
 40
0.0
176
     1
 40
1.0
176
     1
 90
        0
176
     1
 62
    18
176
     1
 90
       50
176
     1
 90
        3
176
     1
 62
     5
420
      255
176
     1
290
     0
176
     1
 90
       50
176
     1
 90
       50
176
     1
 90
       50
176
     1
290
     0
176
     1
 90
       50
176
     1
 62
   256
176
     0
 40
1.0
176
     0
 90
        2
176
     1
  1
strokes_ogs.tif
176
     1
290
     0
176
     1
 40
1.0
176
     1
 40
1.0
176
     1
  0
VISUALSTYLE
  5
AC
102
{ACAD_REACTORS
330
AB
102
}
330
AB
100
AcDbVisualStyle
  2
Flat
 70
     0
177
     3
291
     1
 70
    58
 90
        2
176
     1
 90
        1
176
     1
 90
        1
176
     1
 90
        2
176
     1
 40
0.6
176
     1
 40
30.0
176
     1
 62
     7
420
 16777215
176
     1
 90
        0
176
     1
 90
        0
176
     1
 62
     7
176
     1
 62
   257
176
     1
 90
        1
176
     1
 90
        1
176
     1
 40
1.0
176
     1
 90
        8
176
     1
 62
     7
176
     1
 40
1.0
176
     1
 90
        1
176
     1
 90
        6
176
     1
 90
        2
176
     1
 62
     7
176
     1
 90
        5
176
     1
 90
        0
176
     1
 90
        0
176
     1
290
     0
176
     1
 90
       13
176
     1
 40
0.0
176
     1
 90
        0
176
     1
290
     0
176
     1
290
     1
176
     1
290
     1
176
     1
290
     0
176
     1
290
     0
176
     1
290
     0
176
     1
290
     0
176
     1
290
     0
176
     1
290
     0
176
     1
 90
       50
176
     1
 40
0.0
176
     1
 40
1.0
176
     1
 90
        0
176
     1
 62
    18
176
     1
 90
       50
176
     1
 90
        3
176
     1
 62
     5
420
      255
176
     1
290
     0
176
     1
 90
       50
176
     1
 90
       50
176
     1
 90
       50
176
     1
290
     0
176
     1
 90
       50
176
     1
 62
   256
176
     0
 40
1.0
176
     0
 90
        2
176
     1
  1
strokes_ogs.tif
176
     1
290
     0
176
     1
 40
1.0
176
     1
 40
1.0
176
     1
  0
VISUALSTYLE
  5
AD
102
{ACAD_REACTORS
330
AB
102
}
330
AB
100
AcDbVisualStyle
  2
FlatWithEdges
 70
     1
177
     3
291
     1
 70
    58
 90
        2
176
     1
 90
        1
176
     1
 90
        1
176
     1
 90
        2
176
     1
 40
0.6
176
     1
 40
30.0
176
     1
 62
     7
420
 16777215
176
     1
 90
        1
176
     1
 90
        0
176
     1
 62
     7
176
     1
 62
   257
176
     1
 90
        1
176
     1
 90
        1
176
     1
 40
1.0
176
     1
 90
        0
176
     1
 62
   257
176
     1
 40
1.0
176
     1
 90
        1
176
     1
 90
        6
176
     1
 90
        2
176
     1
 62
     7
176
     1
 90
        5
176
     1
 90
        0
176
     1
 90
        0
176
     1
290
     0
176
     1
 90
       13
176
     1
 40
0.0
176
     1
 90
        0
176
     1
290
     0
176
     1
290
     1
176
     1
290
     1
176
     1
290
     0
176
     1
290
     0
176
     1
290
     0
176
     1
290
     0
176
     1
290
     0
176
     1
290
     0
176
     1
 90
       50
176
     1
 40
0.0
176
     1
 40
1.0
176
     1
 90
        0
176
     1
 62
    18
176
     1
 90
       50
176
     1
 90
        3
176
     1
 62
     5
420
      255
176
     1
290
     0
176
     1
 90
       50
176
     1
 90
       50
176
     1
 90
       50
176
     1
290
     0
176
     1
 90
       50
176
     1
 62
   256
176
     0
 40
1.0
176
     0
 90
        2
176
     1
  1
strokes_ogs.tif
176
     1
290
     0
176
     1
 40
1.0
176
     1
 40
1.0
176
     1
  0
VISUALSTYLE
  5
AE
102
{ACAD_REACTORS
330
AB
102
}
330
AB
100
AcDbVisualStyle
  2
Gouraud
 70
     2
177
     3
291
     1
 70
    58
 90
        2
176
     1
 90
        2
176
     1
 90
        1
176
     1
 90
        2
176
     1
 40
0.6
176
     1
 40
30.0
176
     1
 62
     7
420
 16777215
176
     1
 90
        0
176
     1
 90
        0
176
     1
 62
     7
176
     1
 62
   257
176
     1
 90
        1
176
     1
 90
        1
176
     1
 40
1.0
176
     1
 90
        0
176
     1
 62
     7
176
     1
 40
1.0
176
     1
 90
        1
176
     1
 90
        6
176
     1
 90
        2
176
     1
 62
     7
176
     1
 90
        5
176
     1
 90
        0
176
     1
 90
        0
176
     1
290
     0
176
     1
 90
       13
176
     1
 40
0.0
176
     1
 90
        0
176
     1
290
     0
176
     1
290
     1
176
     1
290
     1
176
     1
290
     0
176
     1
290
     0
176
     1
290
     0
176
     1
290
     0
176
     1
290
     0
176
     1
290
     0
176
     1
 90
       50
176
     1
 40
0.0
176
     1
 40
1.0
176
     1
 90
        0
176
     1
 62
    18
176
     1
 90
       50
176
     1
 90
        3
176
     1
 62
     5
420
      255
176
     1
290
     0
176
     1
 90
       50
176
     1
 90
       50
176
     1
 90
       50
176
     1
290
     0
176
     1
 90
       50
176
     1
 62
   256
176
     0
 40
1.0
176
     0
 90
        2
176
     1
  1
strokes_ogs.tif
176
     1
290
     0
176
     1
 40
1.0
176
     1
 40
1.0
176
     1
  0
VISUALSTYLE
  5
AF
102
{ACAD_REACTORS
330
AB
102
}
330
AB
100
AcDbVisualStyle
  2
GouraudWithEdges
 70
     3
177
     3
291
     1
 70
    58
 90
        2
176
     1
 90
        2
176
     1
 90
        1
176
     1
 90
        2
176
     1
 40
0.6
176
     1
 40
30.0
176
     1
 62
     7
420
 16777215
176
     1
 90
        1
176
     1
 90
        0
176
     1
 62
     7
176
     1
 62
   257
176
     1
 90
        1
176
     1
 90
        1
176
     1
 40
1.0
176
     1
 90
        0
176
     1
 62
   257
176
     1
 40
1.0
176
     1
 90
        1
176
     1
 90
        6
176
     1
 90
        2
176
     1
 62
     7
176
     1
 90
        5
176
     1
 90
        0
176
     1
 90
        0
176
     1
290
     0
176
     1
 90
       13
176
     1
 40
0.0
176
     1
 90
        0
176
     1
290
     0
176
     1
290
     1
176
     1
290
     1
176
     1
290
     0
176
     1
290
     0
176
     1
290
     0
176
     1
290
     0
176
     1
290
     0
176
     1
290
     0
176
     1
 90
       50
176
     1
 40
0.0
176
     1
 40
1.0
176
     1
 90
        0
176
     1
 62
    18
176
     1
 90
       50
176
     1
 90
        3
176
     1
 62
     5
420
      255
176
     1
290
     0
176
     1
 90
       50
176
     1
 90
       50
176
     1
 90
       50
176
     1
290
     0
176
     1
 90
       50
176
     1
 62
   256
176
     0
 40
1.0
176
     0
 90
        2
176
     1
  1
strokes_ogs.tif
176
     1
290
     0
176
     1
 40
1.0
176
     1
 40
1.0
176
     1
  0
VISUALSTYLE
  5
B3
102
{ACAD_REACTORS
330
AB
102
}
330
AB
100
AcDbVisualStyle
  2
Hidden
 70
     6
177
     3
291
     0
 70
    58
 90
        1
176
     1
 90
        2
176
     1
 90
        2
176
     1
 90
        0
176
     1
 40
0.6
176
     1
 40
30.0
176
     1
 62
     7
420
 16777215
176
     1
 90
        2
176
     1
 90
        2
176
     1
 62
     7
176
     1
 62
   257
176
     1
 90
        2
176
     1
 90
        1
176
     1
 40
40.0
176
     1
 90
        0
176
     1
 62
   257
176
     1
 40
1.0
176
     1
 90
        1
176
     1
 90
        6
176
     1
 90
        2
176
     1
 62
     7
176
     1
 90
        3
176
     1
 90
        0
176
     1
 90
        0
176
     1
290
     0
176
     1
 90
        1
176
     1
 40
0.0
176
     1
 90
        0
176
     1
290
     0
176
     1
290
     1
176
     1
290
     1
176
     1
290
     0
176
     1
290
     0
176
     1
290
     0
176
     1
290
     0
176
     1
290
     0
176
     1
290
     0
176
     1
 90
       50
176
     1
 40
0.0
176
     1
 40
1.0
176
     1
 90
        0
176
     1
 62
    18
176
     1
 90
       50
176
     1
 90
        3
176
     1
 62
     5
420
      255
176
     1
290
     0
176
     1
 90
       50
176
     1
 90
       50
176
     1
 90
       50
176
     1
290
     0
176
     1
 90
       50
176
     1
 62
   256
176
     0
 40
1.0
176
     0
 90
        2
176
     1
  1
strokes_ogs.tif
176
     1
290
     0
176
     1
 40
1.0
176
     1
 40
1.0
176
     1
  0
VISUALSTYLE
  5
C1
102
{ACAD_REACTORS
330
AB
102
}
330
AB
100
AcDbVisualStyle
  2
JitterOff
 70
    20
177
     3
291
     1
 70
    58
 90
        2
176
     0
 90
        2
176
     0
 90
        0
176
     0
 90
        0
176
     0
 40
0.6
176
     0
 40
30.0
176
     0
 62
     7
420
 16777215
176
     0
 90
        1
176
     0
 90
        4
176
     0
 62
     7
176
     0
 62
   257
176
     0
 90
        1
176
     0
 90
        1
176
     0
 40
1.0
176
     0
 90
       10
176
     2
 62
     7
176
     0
 40
1.0
176
     0
 90
        1
176
     0
 90
        6
176
     0
 90
        2
176
     0
 62
     7
176
     0
 90
        5
176
     0
 90
        0
176
     0
 90
        0
176
     0
290
     0
176
     0
 90
        1
176
     0
 40
0.0
176
     0
 90
        0
176
     0
290
     0
176
     1
290
     1
176
     1
290
     1
176
     1
290
     0
176
     1
290
     0
176
     1
290
     0
176
     1
290
     0
176
     1
290
     0
176
     1
290
     0
176
     1
 90
       50
176
     0
 40
0.0
176
     0
 40
1.0
176
     0
 90
        0
176
     0
 62
    18
176
     0
 90
       50
176
     0
 90
        3
176
     0
 62
     5
420
      255
176
     0
290
     0
176
     1
 90
       50
176
     0
 90
       50
176
     0
 90
       50
176
     0
290
     0
176
     1
 90
       50
176
     0
 62
   256
176
     0
 40
1.0
176
     0
 90
        2
176
     0
  1
strokes_ogs.tif
176
     0
290
     0
176
     1
 40
1.0
176
     0
 40
1.0
176
     0
  0
VISUALSTYLE
  5
B9
102
{ACAD_REACTORS
330
AB
102
}
330
AB
100
AcDbVisualStyle
  2
Linepattern
 70
    14
177
     3
291
     1
 70
    58
 90
        2
176
     1
 90
        2
176
     1
 90
        0
176
     1
 90
        0
176
     1
 40
0.6
176
     1
 40
30.0
176
     1
 62
     7
420
 16777215
176
     1
 90
        1
176
     1
 90
        4
176
     1
 62
     7
176
     1
 62
   257
176
     1
 90
        7
176
     1
 90
        7
176
     1
 40
1.0
176
     1
 90
        8
176
     1
 62
     7
176
     1
 40
1.0
176
     1
 90
        1
176
     1
 90
        6
176
     1
 90
        2
176
     1
 62
     7
176
     1
 90
        5
176
     1
 90
        0
176
     1
 90
        0
176
     1
290
     0
176
     1
 90
        1
176
     1
 40
0.0
176
     1
 90
        0
176
     1
290
     0
176
     1
290
     1
176
     1
290
     1
176
     1
290
     0
176
     1
290
     0
176
     1
290
     0
176
     1
290
     0
176
     1
290
     0
176
     1
290
     0
176
     1
 90
       50
176
     1
 40
0.0
176
     1
 40
1.0
176
     1
 90
        0
176
     1
 62
    18
176
     1
 90
       50
176
     1
 90
        3
176
     1
 62
     5
420
      255
176
     1
290
     0
176
     1
 90
       50
176
     1
 90
       50
176
     1
 90
       50
176
     1
290
     0
176
     1
 90
       50
176
     1
 62
   256
176
     0
 40
1.0
176
     0
 90
        2
176
     1
  1
strokes_ogs.tif
176
     1
290
     0
176
     1
 40
1.0
176
     1
 40
1.0
176
     1
  0
VISUALSTYLE
  5
C2
102
{ACAD_REACTORS
330
AB
102
}
330
AB
100
AcDbVisualStyle
  2
OverhangOff
 70
    21
177
     3
291
     1
 70
    58
 90
        2
176
     0
 90
        2
176
     0
 90
        0
176
     0
 90
        0
176
     0
 40
0.6
176
     0
 40
30.0
176
     0
 62
     7
420
 16777215
176
     0
 90
        1
176
     0
 90
        4
176
     0
 62
     7
176
     0
 62
   257
176
     0
 90
        1
176
     0
 90
        1
176
     0
 40
1.0
176
     0
 90
        9
176
     2
 62
     7
176
     0
 40
1.0
176
     0
 90
        1
176
     0
 90
        6
176
     0
 90
        2
176
     0
 62
     7
176
     0
 90
        5
176
     0
 90
        0
176
     0
 90
        0
176
     0
290
     0
176
     0
 90
        1
176
     0
 40
0.0
176
     0
 90
        0
176
     0
290
     0
176
     1
290
     1
176
     1
290
     1
176
     1
290
     0
176
     1
290
     0
176
     1
290
     0
176
     1
290
     0
176
     1
290
     0
176
     1
290
     0
176
     1
 90
       50
176
     0
 40
0.0
176
     0
 40
1.0
176
     0
 90
        0
176
     0
 62
    18
176
     0
 90
       50
176
     0
 90
        3
176
     0
 62
     5
420
      255
176
     0
290
     0
176
     1
 90
       50
176
     0
 90
       50
176
     0
 90
       50
176
     0
290
     0
176
     1
 90
       50
176
     0
 62
   256
176
     0
 40
1.0
176
     0
 90
        2
176
     0
  1
strokes_ogs.tif
176
     0
290
     0
176
     1
 40
1.0
176
     0
 40
1.0
176
     0
  0
VISUALSTYLE
  5
B5
102
{ACAD_REACTORS
330
AB
102
}
330
AB
100
AcDbVisualStyle
  2
Realistic
 70
     8
177
     3
291
     0
 70
    58
 90
        2
176
     1
 90
        3
176
     1
 90
        0
176
     1
 90
        2
176
     1
 40
0.6
176
     1
 40
30.0
176
     1
 62
     7
420
 16777215
176
     1
 90
        0
176
     1
 90
        0
176
     1
 62
     7
176
     1
 62
   257
176
     1
 90
        1
176
     1
 90
        1
176
     1
 40
1.0
176
     1
 90
        8
176
     1
 62
   257
176
     1
 40
1.0
176
     1
 90
        1
176
     1
 90
        6
176
     1
 90
        2
176
     1
 62
     7
176
     1
 90
        3
176
     1
 90
        0
176
     1
 90
        0
176
     1
290
     0
176
     1
 90
       13
176
     1
 40
0.0
176
     1
 90
        0
176
     1
290
     0
176
     1
290
     1
176
     1
290
     1
176
     1
290
     0
176
     1
290
     0
176
     1
290
     0
176
     1
290
     0
176
     1
290
     0
176
     1
290
     0
176
     1
 90
       50
176
     1
 40
0.0
176
     1
 40
1.0
176
     1
 90
        0
176
     1
 62
    18
176
     1
 90
       50
176
     1
 90
        3
176
     1
 62
     5
420
      255
176
     1
290
     0
176
     1
 90
       50
176
     1
 90
       50
176
     1
 90
       50
176
     1
290
     0
176
     1
 90
       50
176
     1
 62
   256
176
     0
 40
1.0
176
     0
 90
        2
176
     1
  1
strokes_ogs.tif
176
     1
290
     0
176
     1
 40
1.0
176
     1
 40
1.0
176
     1
  0
VISUALSTYLE
  5
C0
102
{ACAD_REACTORS
330
AB
102
}
330
AB
100
AcDbVisualStyle
  2
Shaded
 70
    27
177
     3
291
     0
 70
    58
 90
        2
176
     1
 90
        2
176
     1
 90
        1
176
     1
 90
        2
176
     1
 40
0.6
176
     1
 40
30.0
176
     1
 62
     7
420
 16777215
176
     1
 90
        0
176
     1
 90
        4
176
     1
 62
     7
176
     1
 62
   257
176
     1
 90
        1
176
     1
 90
        1
176
     1
 40
1.0
176
     1
 90
        8
176
     1
 62
   257
176
     1
 40
1.0
176
     1
 90
        1
176
     1
 90
        6
176
     1
 90
        2
176
     1
 62
     8
420
  7895160
176
     1
 90
        3
176
     1
 90
        0
176
     1
 90
        0
176
     1
290
     0
176
     1
 90
        5
176
     1
 40
0.0
176
     1
 90
        0
176
     1
290
     0
176
     1
290
     1
176
     1
290
     1
176
     1
290
     0
176
     1
290
     0
176
     1
290
     0
176
     1
290
     0
176
     1
290
     0
176
     1
290
     0
176
     1
 90
       50
176
     1
 40
0.0
176
     1
 40
1.0
176
     1
 90
        0
176
     1
 62
    18
176
     1
 90
       50
176
     1
 90
        3
176
     1
 62
     5
420
      255
176
     1
290
     0
176
     1
 90
       50
176
     1
 90
       50
176
     1
 90
       50
176
     1
290
     0
176
     1
 90
       50
176
     1
 62
   256
176
     0
 40
1.0
176
     0
 90
        2
176
     1
  1
strokes_ogs.tif
176
     1
290
     0
176
     1
 40
1.0
176
     1
 40
1.0
176
     1
  0
VISUALSTYLE
  5
BF
102
{ACAD_REACTORS
330
AB
102
}
330
AB
100
AcDbVisualStyle
  2
Shaded with edges
 70
    26
177
     3
291
     0
 70
    58
 90
        2
176
     1
 90
        2
176
     1
 90
        1
176
     1
 90
        2
176
     1
 40
0.6
176
     1
 40
30.0
176
     1
 62
     7
420
 16777215
176
     1
 90
        1
176
     1
 90
        2
176
     1
 62
     7
176
     1
 62
   257
176
     1
 90
        2
176
     1
 90
        1
176
     1
 40
1.0
176
     1
 90
        8
176
     1
 62
   257
176
     1
 40
1.0
176
     1
 90
        1
176
     1
 90
        6
176
     1
 90
        2
176
     1
 62
     7
176
     1
 90
        3
176
     1
 90
        0
176
     1
 90
        0
176
     1
290
     0
176
     1
 90
        5
176
     1
 40
0.0
176
     1
 90
        0
176
     1
290
     0
176
     1
290
     1
176
     1
290
     1
176
     1
290
     0
176
     1
290
     0
176
     1
290
     0
176
     1
290
     0
176
     1
290
     0
176
     1
290
     0
176
     1
 90
       50
176
     1
 40
0.0
176
     1
 40
1.0
176
     1
 90
        0
176
     1
 62
    18
176
     1
 90
       50
176
     1
 90
        3
176
     1
 62
     5
420
      255
176
     1
290
     0
176
     1
 90
       50
176
     1
 90
       50
176
     1
 90
       50
176
     1
290
     0
176
     1
 90
       50
176
     1
 62
   256
176
     0
 40
1.0
176
     0
 90
        2
176
     1
  1
strokes_ogs.tif
176
     1
290
     0
176
     1
 40
1.0
176
     1
 40
1.0
176
     1
  0
VISUALSTYLE
  5
BC
102
{ACAD_REACTORS
330
AB
102
}
330
AB
100
AcDbVisualStyle
  2
Shades of Gray
 70
    23
177
     3
291
     0
 70
    58
 90
        2
176
     1
 90
        2
176
     1
 90
        3
176
     1
 90
        0
176
     1
 40
0.6
176
     1
 40
30.0
176
     1
 62
     7
420
 16777215
176
     1
 90
        2
176
     1
 90
        2
176
     1
 62
     7
176
     1
 62
     7
176
     1
 90
        1
176
     1
 90
        1
176
     1
 40
40.0
176
     1
 90
        8
176
     1
 62
     7
176
     1
 40
1.0
176
     1
 90
        1
176
     1
 90
        6
176
     1
 90
        2
176
     1
 62
     7
176
     1
 90
        3
176
     1
 90
        0
176
     1
 90
        0
176
     1
290
     0
176
     1
 90
        1
176
     1
 40
0.0
176
     1
 90
        0
176
     1
290
     0
176
     1
290
     1
176
     1
290
     1
176
     1
290
     0
176
     1
290
     0
176
     1
290
     0
176
     1
290
     0
176
     1
290
     0
176
     1
290
     0
176
     1
 90
       50
176
     1
 40
0.0
176
     1
 40
1.0
176
     1
 90
        0
176
     1
 62
    18
176
     1
 90
       50
176
     1
 90
        3
176
     1
 62
     5
420
      255
176
     1
290
     0
176
     1
 90
       50
176
     1
 90
       50
176
     1
 90
       50
176
     1
290
     0
176
     1
 90
       50
176
     1
 62
   256
176
     0
 40
1.0
176
     0
 90
        2
176
     1
  1
strokes_ogs.tif
176
     1
290
     0
176
     1
 40
1.0
176
     1
 40
1.0
176
     1
  0
VISUALSTYLE
  5
BD
102
{ACAD_REACTORS
330
AB
102
}
330
AB
100
AcDbVisualStyle
  2
Sketchy
 70
    24
177
     3
291
     0
 70
    58
 90
        1
176
     1
 90
        2
176
     1
 90
        2
176
     1
 90
        0
176
     1
 40
0.6
176
     1
 40
30.0
176
     1
 62
     7
420
 16777215
176
     1
 90
        2
176
     1
 90
        2
176
     1
 62
     7
176
     1
 62
     7
176
     1
 90
        1
176
     1
 90
        1
176
     1
 40
40.0
176
     1
 90
       11
176
     1
 62
     7
176
     1
 40
1.0
176
     1
 90
        1
176
     1
 90
        6
176
     1
 90
        2
176
     1
 62
     7
176
     1
 90
        6
176
     1
 90
        0
176
     1
 90
        0
176
     1
290
     0
176
     1
 90
        1
176
     1
 40
0.0
176
     1
 90
        0
176
     1
290
     0
176
     1
290
     1
176
     1
290
     1
176
     1
290
     0
176
     1
290
     0
176
     1
290
     0
176
     1
290
     0
176
     1
290
     0
176
     1
290
     0
176
     1
 90
       50
176
     1
 40
0.0
176
     1
 40
1.0
176
     1
 90
        0
176
     1
 62
    18
176
     1
 90
       50
176
     1
 90
        3
176
     1
 62
     5
420
      255
176
     1
290
     0
176
     1
 90
       50
176
     1
 90
       50
176
     1
 90
       50
176
     1
290
     0
176
     1
 90
       50
176
     1
 62
   256
176
     0
 40
1.0
176
     0
 90
        2
176
     1
  1
strokes_ogs.tif
176
     1
290
     0
176
     1
 40
1.0
176
     1
 40
1.0
176
     1
  0
VISUALSTYLE
  5
B8
102
{ACAD_REACTORS
330
AB
102
}
330
AB
100
AcDbVisualStyle
  2
Thicken
 70
    13
177
     3
291
     1
 70
    58
 90
        2
176
     1
 90
        2
176
     1
 90
        0
176
     1
 90
        0
176
     1
 40
0.6
176
     1
 40
30.0
176
     1
 62
     7
420
 16777215
176
     1
 90
        1
176
     1
 90
        4
176
     1
 62
     7
176
     1
 62
   257
176
     1
 90
        1
176
     1
 90
        1
176
     1
 40
1.0
176
     1
 90
       12
176
     1
 62
     7
176
     1
 40
1.0
176
     1
 90
        1
176
     1
 90
        6
176
     1
 90
        2
176
     1
 62
     7
176
     1
 90
        5
176
     1
 90
        0
176
     1
 90
        0
176
     1
290
     0
176
     1
 90
        1
176
     1
 40
0.0
176
     1
 90
        0
176
     1
290
     0
176
     1
290
     1
176
     1
290
     1
176
     1
290
     0
176
     1
290
     0
176
     1
290
     0
176
     1
290
     0
176
     1
290
     0
176
     1
290
     0
176
     1
 90
       50
176
     1
 40
0.0
176
     1
 40
1.0
176
     1
 90
        0
176
     1
 62
    18
176
     1
 90
       50
176
     1
 90
        3
176
     1
 62
     5
420
      255
176
     1
290
     0
176
     1
 90
       50
176
     1
 90
       50
176
     1
 90
       50
176
     1
290
     0
176
     1
 90
       50
176
     1
 62
   256
176
     0
 40
1.0
176
     0
 90
        2
176
     1
  1
strokes_ogs.tif
176
     1
290
     0
176
     1
 40
1.0
176
     1
 40
1.0
176
     1
  0
VISUALSTYLE
  5
B2
102
{ACAD_REACTORS
330
AB
102
}
330
AB
100
AcDbVisualStyle
  2
Wireframe
 70
     5
177
     3
291
     0
 70
    58
 90
        0
176
     1
 90
        2
176
     1
 90
        0
176
     1
 90
        0
176
     1
 40
0.6
176
     1
 40
30.0
176
     1
 62
     7
420
 16777215
176
     1
 90
        1
176
     1
 90
        4
176
     1
 62
     7
176
     1
 62
   257
176
     1
 90
        1
176
     1
 90
        1
176
     1
 40
1.0
176
     1
 90
        0
176
     1
 62
   257
176
     1
 40
1.0
176
     1
 90
        1
176
     1
 90
        6
176
     1
 90
        2
176
     1
 62
     7
176
     1
 90
        3
176
     1
 90
        0
176
     1
 90
        0
176
     1
290
     0
176
     1
 90
        1
176
     1
 40
0.0
176
     1
 90
        0
176
     1
290
     0
176
     1
290
     1
176
     1
290
     1
176
     1
290
     0
176
     1
290
     0
176
     1
290
     0
176
     1
290
     0
176
     1
290
     0
176
     1
290
     0
176
     1
 90
       50
176
     1
 40
0.0
176
     1
 40
1.0
176
     1
 90
        0
176
     1
 62
    18
176
     1
 90
       50
176
     1
 90
        3
176
     1
 62
     5
420
      255
176
     1
290
     0
176
     1
 90
       50
176
     1
 90
       50
176
     1
 90
       50
176
     1
290
     0
176
     1
 90
       50
176
     1
 62
   256
176
     0
 40
1.0
176
     0
 90
        2
176
     1
  1
strokes_ogs.tif
176
     1
290
     0
176
     1
 40
1.0
176
     1
 40
1.0
176
     1
  0
VISUALSTYLE
  5
BE
102
{ACAD_REACTORS
330
AB
102
}
330
AB
100
AcDbVisualStyle
  2
X-Ray
 70
    25
177
     3
291
     0
 70
    58
 90
        2
176
     1
 90
        2
176
     1
 90
        1
176
     1
 90
        1
176
     1
 40
0.5
176
     1
 40
30.0
176
     1
 62
     7
420
 16777215
176
     1
 90
        1
176
     1
 90
        0
176
     1
 62
     7
176
     1
 62
   257
176
     1
 90
        1
176
     1
 90
        1
176
     1
 40
1.0
176
     1
 90
        8
176
     1
 62
     7
176
     1
 40
1.0
176
     1
 90
        1
176
     1
 90
        6
176
     1
 90
        2
176
     1
 62
     7
176
     1
 90
        3
176
     1
 90
        0
176
     1
 90
        0
176
     1
290
     0
176
     1
 90
       13
176
     1
 40
0.0
176
     1
 90
        0
176
     1
290
     0
176
     1
290
     1
176
     1
290
     1
176
     1
290
     0
176
     1
290
     0
176
     1
290
     0
176
     1
290
     0
176
     1
290
     0
176
     1
290
     0
176
     1
 90
       50
176
     1
 40
0.0
176
     1
 40
1.0
176
     1
 90
        0
176
     1
 62
    18
176
     1
 90
       50
176
     1
 90
        3
176
     1
 62
     5
420
      255
176
     1
290
     0
176
     1
 90
       50
176
     1
 90
       50
176
     1
 90
       50
176
     1
290
     0
176
     1
 90
       50
176
     1
 62
   256
176
     0
 40
1.0
176
     0
 90
        2
176
     1
  1
strokes_ogs.tif
176
     1
290
     0
176
     1
 40
1.0
176
     1
 40
1.0
176
     1
  0
DICTIONARYVAR
  5
5FD
102
{ACAD_REACTORS
330
5F7
102
}
330
5F7
100
DictionaryVariables
280
     0
  1
1:1
  0
DICTIONARYVAR
  5
5F9
102
{ACAD_REACTORS
330
5F7
102
}
330
5F7
100
DictionaryVariables
280
     0
  1
STANDARD
  0
DICTIONARYVAR
  5
5F8
102
{ACAD_REACTORS
330
5F7
102
}
330
5F7
100
DictionaryVariables
280
     0
  1
STANDARD
  0
DICTIONARYVAR
  5
5FA
102
{ACAD_REACTORS
330
5F7
102
}
330
5F7
100
DictionaryVariables
280
     0
  1
Metric50
  0
DICTIONARYVAR
  5
5FB
102
{ACAD_REACTORS
330
5F7
102
}
330
5F7
100
DictionaryVariables
280
     0
  1
Metric50
  0
DICTIONARYVAR
  5
5FF
102
{ACAD_REACTORS
330
5F7
102
}
330
5F7
100
DictionaryVariables
280
     0
  1
1
  0
DICTIONARYVAR
  5
600
102
{ACAD_REACTORS
330
5F7
102
}
330
5F7
100
DictionaryVariables
280
     0
  1
15
  0
DICTIONARYVAR
  5
5FE
102
{ACAD_REACTORS
330
5F7
102
}
330
5F7
100
DictionaryVariables
280
     0
  1
0
  0
DICTIONARYVAR
  5
5FC
102
{ACAD_REACTORS
330
5F7
102
}
330
5F7
100
DictionaryVariables
280
     0
  1
0
  0
DICTIONARY
  5
9C
330
9B
100
AcDbDictionary
280
     1
281
     1
  3
BUMPTILE
360
9E
  3
DIFFUSETILE
360
9D
  3
OPACITYTILE
360
A1
  3
REFLECTIONTILE
360
A0
  3
REFRACTIONTILE
360
A2
  3
SPECULARTILE
360
9F
  0
DICTIONARY
  5
94
330
93
100
AcDbDictionary
280
     1
281
     1
  3
BUMPTILE
360
96
  3
DIFFUSETILE
360
95
  3
OPACITYTILE
360
99
  3
REFLECTIONTILE
360
98
  3
REFRACTIONTILE
360
9A
  3
SPECULARTILE
360
97
  0
DICTIONARY
  5
A4
330
A3
100
AcDbDictionary
280
     1
281
     1
  3
BUMPTILE
360
A6
  3
DIFFUSETILE
360
A5
  3
OPACITYTILE
360
A9
  3
REFLECTIONTILE
360
A8
  3
REFRACTIONTILE
360
AA
  3
SPECULARTILE
360
A7
  0
DICTIONARY
  5
601
330
C6
100
AcDbDictionary
280
     1
281
     1
  3
ACAD_ROUNDTRIP_2008_TABLESTYLE_CELLSTYLEMAP
360
979
  0
XRECORD
  5
9E
102
{ACAD_REACTORS
330
9C
102
}
330
9C
100
AcDbXrecord
280
     1
270
     1
271
     1
  0
XRECORD
  5
9D
102
{ACAD_REACTORS
330
9C
102
}
330
9C
100
AcDbXrecord
280
     1
270
     1
271
     1
  0
XRECORD
  5
A1
102
{ACAD_REACTORS
330
9C
102
}
330
9C
100
AcDbXrecord
280
     1
270
     1
271
     1
  0
XRECORD
  5
A0
102
{ACAD_REACTORS
330
9C
102
}
330
9C
100
AcDbXrecord
280
     1
270
     1
271
     1
  0
XRECORD
  5
A2
102
{ACAD_REACTORS
330
9C
102
}
330
9C
100
AcDbXrecord
280
     1
270
     1
271
     1
  0
XRECORD
  5
9F
102
{ACAD_REACTORS
330
9C
102
}
330
9C
100
AcDbXrecord
280
     1
270
     1
271
     1
  0
XRECORD
  5
96
102
{ACAD_REACTORS
330
94
102
}
330
94
100
AcDbXrecord
280
     1
270
     1
271
     1
  0
XRECORD
  5
95
102
{ACAD_REACTORS
330
94
102
}
330
94
100
AcDbXrecord
280
     1
270
     1
271
     1
  0
XRECORD
  5
99
102
{ACAD_REACTORS
330
94
102
}
330
94
100
AcDbXrecord
280
     1
270
     1
271
     1
  0
XRECORD
  5
98
102
{ACAD_REACTORS
330
94
102
}
330
94
100
AcDbXrecord
280
     1
270
     1
271
     1
  0
XRECORD
  5
9A
102
{ACAD_REACTORS
330
94
102
}
330
94
100
AcDbXrecord
280
     1
270
     1
271
     1
  0
XRECORD
  5
97
102
{ACAD_REACTORS
330
94
102
}
330
94
100
AcDbXrecord
280
     1
270
     1
271
     1
  0
XRECORD
  5
A6
102
{ACAD_REACTORS
330
A4
102
}
330
A4
100
AcDbXrecord
280
     1
270
     1
271
     1
  0
XRECORD
  5
A5
102
{ACAD_REACTORS
330
A4
102
}
330
A4
100
AcDbXrecord
280
     1
270
     1
271
     1
  0
XRECORD
  5
A9
102
{ACAD_REACTORS
330
A4
102
}
330
A4
100
AcDbXrecord
280
     1
270
     1
271
     1
  0
XRECORD
  5
A8
102
{ACAD_REACTORS
330
A4
102
}
330
A4
100
AcDbXrecord
280
     1
270
     1
271
     1
  0
XRECORD
  5
AA
102
{ACAD_REACTORS
330
A4
102
}
330
A4
100
AcDbXrecord
280
     1
270
     1
271
     1
  0
XRECORD
  5
A7
102
{ACAD_REACTORS
330
A4
102
}
330
A4
100
AcDbXrecord
280
     1
270
     1
271
     1
  0
CELLSTYLEMAP
  5
979
102
{ACAD_REACTORS
330
601
102
}
330
601
100
AcDbCellStyleMap
 90
        3
300
CELLSTYLE
  1
TABLEFORMAT_BEGIN
 90
        5
170
     1
 91
        0
 92
    32768
 62
   257
 93
        1
300
CONTENTFORMAT
  1
CONTENTFORMAT_BEGIN
 90
        0
 91
        0
 92
      512
 93
        0
300

 40
0.0
140
1.0
 94
        5
 62
     0
340
11
144
6.0
309
CONTENTFORMAT_END
171
     1
301
MARGIN
  1
CELLMARGIN_BEGIN
 40
1.5
 40
1.5
 40
1.5
 40
1.5
 40
0.18
 40
0.18
309
CELLMARGIN_END
 94
        6
 95
        1
302
GRIDFORMAT
  1
GRIDFORMAT_BEGIN
 90
        0
 91
        1
 62
     0
 92
       -2
340
0
 93
        0
 40
1.125
309
GRIDFORMAT_END
 95
        2
302
GRIDFORMAT
  1
GRIDFORMAT_BEGIN
 90
        0
 91
        1
 62
     0
 92
       -2
340
0
 93
        0
 40
1.125
309
GRIDFORMAT_END
 95
        4
302
GRIDFORMAT
  1
GRIDFORMAT_BEGIN
 90
        0
 91
        1
 62
     0
 92
       -2
340
0
 93
        0
 40
1.125
309
GRIDFORMAT_END
 95
        8
302
GRIDFORMAT
  1
GRIDFORMAT_BEGIN
 90
        0
 91
        1
 62
     0
 92
       -2
340
0
 93
        0
 40
1.125
309
GRIDFORMAT_END
 95
       16
302
GRIDFORMAT
  1
GRIDFORMAT_BEGIN
 90
        0
 91
        1
 62
     0
 92
       -2
340
0
 93
        0
 40
1.125
309
GRIDFORMAT_END
 95
       32
302
GRIDFORMAT
  1
GRIDFORMAT_BEGIN
 90
        0
 91
        1
 62
     0
 92
       -2
340
0
 93
        0
 40
1.125
309
GRIDFORMAT_END
309
TABLEFORMAT_END
  1
CELLSTYLE_BEGIN
 90
        1
 91
        1
300
_TITLE
309
CELLSTYLE_END
300
CELLSTYLE
  1
TABLEFORMAT_BEGIN
 90
        5
170
     1
 91
        0
 92
        0
 62
   257
 93
        1
300
CONTENTFORMAT
  1
CONTENTFORMAT_BEGIN
 90
        0
 91
        0
 92
      512
 93
        0
300

 40
0.0
140
1.0
 94
        5
 62
     0
340
11
144
4.5
309
CONTENTFORMAT_END
171
     1
301
MARGIN
  1
CELLMARGIN_BEGIN
 40
1.5
 40
1.5
 40
1.5
 40
1.5
 40
0.18
 40
0.18
309
CELLMARGIN_END
 94
        6
 95
        1
302
GRIDFORMAT
  1
GRIDFORMAT_BEGIN
 90
        0
 91
        1
 62
     0
 92
       -2
340
0
 93
        0
 40
1.125
309
GRIDFORMAT_END
 95
        2
302
GRIDFORMAT
  1
GRIDFORMAT_BEGIN
 90
        0
 91
        1
 62
     0
 92
       -2
340
0
 93
        0
 40
1.125
309
GRIDFORMAT_END
 95
        4
302
GRIDFORMAT
  1
GRIDFORMAT_BEGIN
 90
        0
 91
        1
 62
     0
 92
       -2
340
0
 93
        0
 40
1.125
309
GRIDFORMAT_END
 95
        8
302
GRIDFORMAT
  1
GRIDFORMAT_BEGIN
 90
        0
 91
        1
 62
     0
 92
       -2
340
0
 93
        0
 40
1.125
309
GRIDFORMAT_END
 95
       16
302
GRIDFORMAT
  1
GRIDFORMAT_BEGIN
 90
        0
 91
        1
 62
     0
 92
       -2
340
0
 93
        0
 40
1.125
309
GRIDFORMAT_END
 95
       32
302
GRIDFORMAT
  1
GRIDFORMAT_BEGIN
 90
        0
 91
        1
 62
     0
 92
       -2
340
0
 93
        0
 40
1.125
309
GRIDFORMAT_END
309
TABLEFORMAT_END
  1
CELLSTYLE_BEGIN
 90
        2
 91
        1
300
_HEADER
309
CELLSTYLE_END
300
CELLSTYLE
  1
TABLEFORMAT_BEGIN
 90
        5
170
     1
 91
        0
 92
        0
 62
   257
 93
        1
300
CONTENTFORMAT
  1
CONTENTFORMAT_BEGIN
 90
        0
 91
        0
 92
      512
 93
        0
300

 40
0.0
140
1.0
 94
        2
 62
     0
340
11
144
4.5
309
CONTENTFORMAT_END
171
     1
301
MARGIN
  1
CELLMARGIN_BEGIN
 40
1.5
 40
1.5
 40
1.5
 40
1.5
 40
0.18
 40
0.18
309
CELLMARGIN_END
 94
        6
 95
        1
302
GRIDFORMAT
  1
GRIDFORMAT_BEGIN
 90
        0
 91
        1
 62
     0
 92
       -2
340
0
 93
        0
 40
1.125
309
GRIDFORMAT_END
 95
        2
302
GRIDFORMAT
  1
GRIDFORMAT_BEGIN
 90
        0
 91
        1
 62
     0
 92
       -2
340
0
 93
        0
 40
1.125
309
GRIDFORMAT_END
 95
        4
302
GRIDFORMAT
  1
GRIDFORMAT_BEGIN
 90
        0
 91
        1
 62
     0
 92
       -2
340
0
 93
        0
 40
1.125
309
GRIDFORMAT_END
 95
        8
302
GRIDFORMAT
  1
GRIDFORMAT_BEGIN
 90
        0
 91
        1
 62
     0
 92
       -2
340
0
 93
        0
 40
1.125
309
GRIDFORMAT_END
 95
       16
302
GRIDFORMAT
  1
GRIDFORMAT_BEGIN
 90
        0
 91
        1
 62
     0
 92
       -2
340
0
 93
        0
 40
1.125
309
GRIDFORMAT_END
 95
       32
302
GRIDFORMAT
  1
GRIDFORMAT_BEGIN
 90
        0
 91
        1
 62
     0
 92
       -2
340
0
 93
        0
 40
1.125
309
GRIDFORMAT_END
309
TABLEFORMAT_END
  1
CELLSTYLE_BEGIN
 90
        3
 91
        2
300
_DATA
309
CELLSTYLE_END
  0
ENDSEC
  0
EOF
