ISO-10303-21;
HEADER;
FILE_DESCRIPTION (( 'STEP AP214' ),
    '1' );
FILE_NAME ('engine mount, print.STEP',
    '2026-04-12T03:09:04',
    ( '' ),
    ( '' ),
    'SwSTEP 2.0',
    'SolidWorks 2024',
    '' );
FILE_SCHEMA (( 'AUTOMOTIVE_DESIGN' ));
ENDSEC;

DATA;
#1 = CARTESIAN_POINT ( 'NONE',  ( 0.000000000000000000, 2.000000000000000000, 0.000000000000000000 ) ) ;
#2 = LINE ( 'NONE', #650, #687 ) ;
#3 = ORIENTED_EDGE ( 'NONE', *, *, #512, .F. ) ;
#4 = CARTESIAN_POINT ( 'NONE',  ( 65.00000000000000000, 4.000000000000000000, -25.00000000000000000 ) ) ;
#5 = AXIS2_PLACEMENT_3D ( 'NONE', #1211, #274, #947 ) ;
#6 = LINE ( 'NONE', #701, #1363 ) ;
#7 = LINE ( 'NONE', #786, #266 ) ;
#8 = EDGE_LOOP ( 'NONE', ( #700, #948, #264, #682, #1098 ) ) ;
#9 = VECTOR ( 'NONE', #1288, 1000.000000000000000 ) ;
#10 = DIRECTION ( 'NONE',  ( 1.000000000000000000, 0.000000000000000000, 0.000000000000000000 ) ) ;
#11 = ORIENTED_EDGE ( 'NONE', *, *, #512, .T. ) ;
#12 = ORIENTED_EDGE ( 'NONE', *, *, #1350, .T. ) ;
#13 = PLANE ( 'NONE',  #871 ) ;
#14 = DIRECTION ( 'NONE',  ( -0.000000000000000000, -1.000000000000000000, -0.000000000000000000 ) ) ;
#15 = ORIENTED_EDGE ( 'NONE', *, *, #1260, .T. ) ;
#16 = ADVANCED_FACE ( 'NONE', ( #521 ), #983, .T. ) ;
#17 = LINE ( 'NONE', #596, #1019 ) ;
#18 = VERTEX_POINT ( 'NONE', #417 ) ;
#19 = ORIENTED_EDGE ( 'NONE', *, *, #686, .F. ) ;
#20 = CARTESIAN_POINT ( 'NONE',  ( 55.00000000000000000, 0.000000000000000000, -4.999999999999999112 ) ) ;
#21 = ORIENTED_EDGE ( 'NONE', *, *, #591, .T. ) ;
#22 = FACE_OUTER_BOUND ( 'NONE', #851, .T. ) ;
#23 = VERTEX_POINT ( 'NONE', #385 ) ;
#24 = ADVANCED_FACE ( 'NONE', ( #160 ), #1200, .F. ) ;
#25 = DIRECTION ( 'NONE',  ( 0.000000000000000000, -0.000000000000000000, 1.000000000000000000 ) ) ;
#26 = CARTESIAN_POINT ( 'NONE',  ( 5.000000000000000000, 2.000000000000000000, -5.000000000000000000 ) ) ;
#27 = ORIENTED_EDGE ( 'NONE', *, *, #1221, .T. ) ;
#28 = DIRECTION ( 'NONE',  ( 0.000000000000000000, 1.000000000000000000, 0.000000000000000000 ) ) ;
#29 = VECTOR ( 'NONE', #126, 1000.000000000000000 ) ;
#30 = VECTOR ( 'NONE', #1326, 1000.000000000000000 ) ;
#31 = VERTEX_POINT ( 'NONE', #297 ) ;
#32 = EDGE_CURVE ( 'NONE', #300, #146, #890, .T. ) ;
#33 = DIRECTION ( 'NONE',  ( 0.000000000000000000, 1.000000000000000000, 0.000000000000000000 ) ) ;
#34 = DIRECTION ( 'NONE',  ( 0.000000000000000000, 0.000000000000000000, -1.000000000000000000 ) ) ;
#35 = ORIENTED_EDGE ( 'NONE', *, *, #1419, .T. ) ;
#36 = DIRECTION ( 'NONE',  ( -0.000000000000000000, -1.000000000000000000, -0.000000000000000000 ) ) ;
#37 = ORIENTED_EDGE ( 'NONE', *, *, #198, .T. ) ;
#38 = ORIENTED_EDGE ( 'NONE', *, *, #59, .F. ) ;
#39 = EDGE_CURVE ( 'NONE', #602, #164, #1191, .T. ) ;
#40 = FACE_OUTER_BOUND ( 'NONE', #1367, .T. ) ;
#41 = CARTESIAN_POINT ( 'NONE',  ( 0.000000000000000000, 2.000000000000000000, 0.000000000000000000 ) ) ;
#42 = CIRCLE ( 'NONE', #1243, 13.99999999999999822 ) ;
#43 = VECTOR ( 'NONE', #925, 1000.000000000000000 ) ;
#44 = DIRECTION ( 'NONE',  ( 0.000000000000000000, -0.000000000000000000, -1.000000000000000000 ) ) ;
#45 = DIRECTION ( 'NONE',  ( 0.000000000000000000, 1.000000000000000000, 0.000000000000000000 ) ) ;
#46 = ORIENTED_EDGE ( 'NONE', *, *, #166, .T. ) ;
#47 = ORIENTED_EDGE ( 'NONE', *, *, #888, .F. ) ;
#48 = CYLINDRICAL_SURFACE ( 'NONE', #1443, 1.500000000000001332 ) ;
#49 = CARTESIAN_POINT ( 'NONE',  ( 65.00000000000000000, 4.000000000000000000, -5.000000000000000000 ) ) ;
#50 = LINE ( 'NONE', #409, #307 ) ;
#51 = CARTESIAN_POINT ( 'NONE',  ( 23.00000000000000000, -3.000000000000000000, -11.00000000000000000 ) ) ;
#52 = EDGE_LOOP ( 'NONE', ( #275, #494, #787, #1319 ) ) ;
#53 = CARTESIAN_POINT ( 'NONE',  ( 5.000000000000000888, 4.000000000000000000, -20.00000000000000355 ) ) ;
#54 = ORIENTED_EDGE ( 'NONE', *, *, #351, .T. ) ;
#55 = VECTOR ( 'NONE', #422, 1000.000000000000000 ) ;
#56 = AXIS2_PLACEMENT_3D ( 'NONE', #278, #727, #855 ) ;
#57 = CYLINDRICAL_SURFACE ( 'NONE', #575, 1.499999999999994449 ) ;
#58 = DIRECTION ( 'NONE',  ( -1.000000000000000000, 0.000000000000000000, 3.469446951953614189E-16 ) ) ;
#59 = EDGE_CURVE ( 'NONE', #1254, #139, #185, .T. ) ;
#60 = DIRECTION ( 'NONE',  ( 0.000000000000000000, -0.4472135954999583163, -0.8944271909999157444 ) ) ;
#61 = CARTESIAN_POINT ( 'NONE',  ( 85.00000000000000000, -20.00000000000000000, -26.00000000000000000 ) ) ;
#62 = EDGE_LOOP ( 'NONE', ( #411, #1202 ) ) ;
#63 = EDGE_CURVE ( 'NONE', #684, #142, #953, .T. ) ;
#64 = SURFACE_SIDE_STYLE ('',( #412 ) ) ;
#65 = ORIENTED_EDGE ( 'NONE', *, *, #365, .T. ) ;
#66 = CIRCLE ( 'NONE', #1268, 5.000000000000005329 ) ;
#67 = CARTESIAN_POINT ( 'NONE',  ( 65.00000000000000000, 2.000000000000000000, -5.000000000000000000 ) ) ;
#68 = LINE ( 'NONE', #1103, #883 ) ;
#69 = CARTESIAN_POINT ( 'NONE',  ( 85.00000000000000000, 0.000000000000000000, -30.00000000000000000 ) ) ;
#70 = LINE ( 'NONE', #403, #1070 ) ;
#71 = VERTEX_POINT ( 'NONE', #840 ) ;
#72 = ORIENTED_EDGE ( 'NONE', *, *, #657, .T. ) ;
#73 = ADVANCED_FACE ( 'NONE', ( #1301, #713 ), #1165, .T. ) ;
#74 = DIRECTION ( 'NONE',  ( -0.000000000000000000, -1.000000000000000000, -0.000000000000000000 ) ) ;
#75 = DIRECTION ( 'NONE',  ( -0.000000000000000000, -0.000000000000000000, 1.000000000000000000 ) ) ;
#76 = PLANE ( 'NONE',  #645 ) ;
#77 = ORIENTED_EDGE ( 'NONE', *, *, #221, .F. ) ;
#78 = CIRCLE ( 'NONE', #194, 4.999999999999997335 ) ;
#79 = CARTESIAN_POINT ( 'NONE',  ( 85.00000000000000000, 0.000000000000000000, -26.00000000000000000 ) ) ;
#80 = ORIENTED_EDGE ( 'NONE', *, *, #1104, .T. ) ;
#81 = AXIS2_PLACEMENT_3D ( 'NONE', #418, #721, #962 ) ;
#82 = AXIS2_PLACEMENT_3D ( 'NONE', #384, #393, #824 ) ;
#83 = DIRECTION ( 'NONE',  ( 0.000000000000000000, 0.000000000000000000, 1.000000000000000000 ) ) ;
#84 = LINE ( 'NONE', #1440, #55 ) ;
#85 = ORIENTED_EDGE ( 'NONE', *, *, #816, .T. ) ;
#86 = DIRECTION ( 'NONE',  ( 0.000000000000000000, 0.000000000000000000, -1.000000000000000000 ) ) ;
#87 = EDGE_CURVE ( 'NONE', #1217, #1133, #168, .T. ) ;
#88 = DIRECTION ( 'NONE',  ( -0.000000000000000000, -1.000000000000000000, -0.000000000000000000 ) ) ;
#89 = PLANE ( 'NONE',  #1402 ) ;
#90 = ORIENTED_EDGE ( 'NONE', *, *, #889, .T. ) ;
#91 = EDGE_CURVE ( 'NONE', #853, #292, #1294, .T. ) ;
#92 = CARTESIAN_POINT ( 'NONE',  ( 15.00000000000000000, 0.000000000000000000, -11.00000000000000000 ) ) ;
#93 = CIRCLE ( 'NONE', #1323, 1.499999999999994449 ) ;
#94 = DIRECTION ( 'NONE',  ( 1.000000000000000000, 0.000000000000000000, 0.000000000000000000 ) ) ;
#95 = CARTESIAN_POINT ( 'NONE',  ( 45.50000000000000711, -27.00000000000000000, -4.999999999999999112 ) ) ;
#96 = DIRECTION ( 'NONE',  ( -0.000000000000000000, 1.000000000000000000, -0.000000000000000000 ) ) ;
#97 = ORIENTED_EDGE ( 'NONE', *, *, #1076, .F. ) ;
#98 = DIRECTION ( 'NONE',  ( -0.000000000000000000, -1.000000000000000000, -0.000000000000000000 ) ) ;
#99 = APPLICATION_PROTOCOL_DEFINITION ( 'draft international standard', 'automotive_design', 1998, #1240 ) ;
#100 = CIRCLE ( 'NONE', #545, 5.000000000000004441 ) ;
#101 = LINE ( 'NONE', #1337, #1388 ) ;
#102 = CARTESIAN_POINT ( 'NONE',  ( 65.00000000000000000, 4.000000000000000000, 4.336808689942017736E-15 ) ) ;
#103 = ADVANCED_FACE ( 'NONE', ( #1054 ), #1088, .F. ) ;
#104 = ORIENTED_EDGE ( 'NONE', *, *, #748, .T. ) ;
#105 = AXIS2_PLACEMENT_3D ( 'NONE', #1380, #138, #912 ) ;
#106 = CARTESIAN_POINT ( 'NONE',  ( 24.50000000000000000, -3.000000000000000000, -4.999999999999999112 ) ) ;
#107 = ADVANCED_FACE ( 'NONE', ( #720 ), #525, .F. ) ;
#108 = DIRECTION ( 'NONE',  ( 0.000000000000000000, -0.000000000000000000, -1.000000000000000000 ) ) ;
#109 = CARTESIAN_POINT ( 'NONE',  ( 65.00000000000000000, 2.000000000000000000, -2.255140518769849223E-14 ) ) ;
#110 = ORIENTED_EDGE ( 'NONE', *, *, #351, .F. ) ;
#111 = CARTESIAN_POINT ( 'NONE',  ( 5.000000000000000888, 4.000000000000000000, -20.00000000000000355 ) ) ;
#112 = AXIS2_PLACEMENT_3D ( 'NONE', #222, #911, #806 ) ;
#113 = VECTOR ( 'NONE', #1231, 1000.000000000000000 ) ;
#114 = EDGE_CURVE ( 'NONE', #23, #327, #50, .T. ) ;
#115 = ADVANCED_FACE ( 'NONE', ( #1433 ), #279, .T. ) ;
#116 = CARTESIAN_POINT ( 'NONE',  ( -15.00000000000000000, -20.00000000000000000, -26.00000000000000000 ) ) ;
#117 = CARTESIAN_POINT ( 'NONE',  ( 85.00000000000000000, 0.000000000000000000, -30.00000000000000000 ) ) ;
#118 = VERTEX_POINT ( 'NONE', #507 ) ;
#119 = DIRECTION ( 'NONE',  ( 0.000000000000000000, -1.000000000000000000, 0.000000000000000000 ) ) ;
#120 = ORIENTED_EDGE ( 'NONE', *, *, #1309, .T. ) ;
#121 = ADVANCED_FACE ( 'NONE', ( #738 ), #177, .T. ) ;
#122 = CARTESIAN_POINT ( 'NONE',  ( 70.00000000000000000, 2.000000000000000000, -30.00000000000000000 ) ) ;
#123 = CARTESIAN_POINT ( 'NONE',  ( 55.00000000000000000, 0.000000000000000000, -4.999999999999999112 ) ) ;
#124 = ORIENTED_EDGE ( 'NONE', *, *, #772, .T. ) ;
#125 = AXIS2_PLACEMENT_3D ( 'NONE', #61, #169, #979 ) ;
#126 = DIRECTION ( 'NONE',  ( -1.000000000000000000, -0.000000000000000000, -0.000000000000000000 ) ) ;
#127 = ORIENTED_EDGE ( 'NONE', *, *, #1306, .T. ) ;
#128 = ORIENTED_EDGE ( 'NONE', *, *, #1336, .T. ) ;
#129 = CARTESIAN_POINT ( 'NONE',  ( 5.000000000000001776, 2.000000000000000000, -1.734723475976807094E-15 ) ) ;
#130 = CARTESIAN_POINT ( 'NONE',  ( 21.31121720579900014, -18.39918748399969672, -30.80040625800015164 ) ) ;
#131 = ORIENTED_EDGE ( 'NONE', *, *, #976, .F. ) ;
#132 = CARTESIAN_POINT ( 'NONE',  ( 65.00000000000000000, 4.000000000000000000, -25.00000000000000000 ) ) ;
#133 = COLOUR_RGB ( '',0.7921568627450980005, 0.8196078431372548767, 0.9333333333333333481 ) ;
#134 = ORIENTED_EDGE ( 'NONE', *, *, #735, .T. ) ;
#135 = EDGE_CURVE ( 'NONE', #1441, #1447, #1422, .T. ) ;
#136 = ORIENTED_EDGE ( 'NONE', *, *, #367, .F. ) ;
#137 = CARTESIAN_POINT ( 'NONE',  ( -15.00000000000000000, -10.00000000000000000, -35.00000000000000000 ) ) ;
#138 = DIRECTION ( 'NONE',  ( 0.000000000000000000, 1.000000000000000000, 0.000000000000000000 ) ) ;
#139 = VERTEX_POINT ( 'NONE', #439 ) ;
#140 = DIRECTION ( 'NONE',  ( 0.000000000000000000, 0.000000000000000000, 1.000000000000000000 ) ) ;
#141 = ADVANCED_FACE ( 'NONE', ( #216 ), #760, .F. ) ;
#142 = VERTEX_POINT ( 'NONE', #536 ) ;
#143 = VECTOR ( 'NONE', #1012, 1000.000000000000000 ) ;
#144 = LINE ( 'NONE', #481, #939 ) ;
#145 = DIRECTION ( 'NONE',  ( -1.000000000000000000, 0.000000000000000000, 0.000000000000000000 ) ) ;
#146 = VERTEX_POINT ( 'NONE', #541 ) ;
#147 = PLANE ( 'NONE',  #1305 ) ;
#148 = EDGE_CURVE ( 'NONE', #603, #1112, #1124, .T. ) ;
#149 = VERTEX_POINT ( 'NONE', #767 ) ;
#150 = LINE ( 'NONE', #1188, #183 ) ;
#151 = DIRECTION ( 'NONE',  ( -0.000000000000000000, -0.000000000000000000, -1.000000000000000000 ) ) ;
#152 = CARTESIAN_POINT ( 'NONE',  ( 48.07669683062202637, -20.00000000000000000, -30.00000000000000000 ) ) ;
#153 = DIRECTION ( 'NONE',  ( -0.000000000000000000, 0.000000000000000000, 1.000000000000000000 ) ) ;
#154 = EDGE_LOOP ( 'NONE', ( #381, #1249, #218, #289, #1033, #769, #1361 ) ) ;
#155 = ORIENTED_EDGE ( 'NONE', *, *, #1040, .T. ) ;
#156 = CARTESIAN_POINT ( 'NONE',  ( 0.000000000000000000, 2.000000000000000000, -30.00000000000000000 ) ) ;
#157 = CARTESIAN_POINT ( 'NONE',  ( 15.00000000000000000, -30.00000000000000000, -4.999999999999999112 ) ) ;
#158 = AXIS2_PLACEMENT_3D ( 'NONE', #1029, #1125, #798 ) ;
#159 = VECTOR ( 'NONE', #1237, 1000.000000000000000 ) ;
#160 = FACE_OUTER_BOUND ( 'NONE', #193, .T. ) ;
#161 = PLANE ( 'NONE',  #1307 ) ;
#162 = ORIENTED_EDGE ( 'NONE', *, *, #181, .F. ) ;
#163 = DIRECTION ( 'NONE',  ( 0.000000000000000000, 0.8944271909999156334, 0.4472135954999582608 ) ) ;
#164 = VERTEX_POINT ( 'NONE', #304 ) ;
#165 = LINE ( 'NONE', #959, #1028 ) ;
#166 = EDGE_CURVE ( 'NONE', #142, #717, #309, .T. ) ;
#167 = PLANE ( 'NONE',  #1116 ) ;
#168 = LINE ( 'NONE', #1286, #1206 ) ;
#169 = DIRECTION ( 'NONE',  ( 0.000000000000000000, -1.000000000000000000, -0.000000000000000000 ) ) ;
#170 = EDGE_LOOP ( 'NONE', ( #235, #1304, #1407, #1298, #1390, #1435 ) ) ;
#171 = VECTOR ( 'NONE', #683, 1000.000000000000000 ) ;
#172 = CARTESIAN_POINT ( 'NONE',  ( 24.50000000000000000, -27.00000000000000000, -11.00000000000000000 ) ) ;
#173 = ORIENTED_EDGE ( 'NONE', *, *, #1309, .F. ) ;
#174 =( GEOMETRIC_REPRESENTATION_CONTEXT ( 3 ) GLOBAL_UNCERTAINTY_ASSIGNED_CONTEXT ( ( #801 ) ) GLOBAL_UNIT_ASSIGNED_CONTEXT ( ( #1412, #666, #1342 ) ) REPRESENTATION_CONTEXT ( 'NONE', 'WORKASPACE' ) );
#175 = CARTESIAN_POINT ( 'NONE',  ( 5.000000000000000000, 4.000000000000000000, -30.00000000000000000 ) ) ;
#176 = CARTESIAN_POINT ( 'NONE',  ( 21.92330316937797363, -20.00000000000000000, -30.00000000000000000 ) ) ;
#177 = PLANE ( 'NONE',  #1444 ) ;
#178 = LINE ( 'NONE', #1173, #265 ) ;
#179 = ORIENTED_EDGE ( 'NONE', *, *, #135, .T. ) ;
#180 = CARTESIAN_POINT ( 'NONE',  ( 85.00000000000000000, 0.000000000000000000, -26.00000000000000000 ) ) ;
#181 = EDGE_CURVE ( 'NONE', #1254, #1290, #101, .T. ) ;
#182 = EDGE_LOOP ( 'NONE', ( #311, #190, #1289, #670 ) ) ;
#183 = VECTOR ( 'NONE', #598, 1000.000000000000000 ) ;
#184 = DIRECTION ( 'NONE',  ( 1.000000000000000000, 0.000000000000000000, 0.000000000000000000 ) ) ;
#185 = LINE ( 'NONE', #394, #329 ) ;
#186 = FACE_BOUND ( 'NONE', #1424, .T. ) ;
#187 = ORIENTED_EDGE ( 'NONE', *, *, #647, .T. ) ;
#188 = FACE_OUTER_BOUND ( 'NONE', #837, .T. ) ;
#189 = EDGE_CURVE ( 'NONE', #732, #1041, #427, .T. ) ;
#190 = ORIENTED_EDGE ( 'NONE', *, *, #87, .T. ) ;
#191 = DIRECTION ( 'NONE',  ( -0.000000000000000000, -0.000000000000000000, 1.000000000000000000 ) ) ;
#192 = CARTESIAN_POINT ( 'NONE',  ( 0.000000000000000000, 0.000000000000000000, -4.999999999999999112 ) ) ;
#193 = EDGE_LOOP ( 'NONE', ( #1174, #1271, #21, #1454 ) ) ;
#194 = AXIS2_PLACEMENT_3D ( 'NONE', #973, #1091, #723 ) ;
#195 = EDGE_CURVE ( 'NONE', #835, #1398, #200, .T. ) ;
#196 = ORIENTED_EDGE ( 'NONE', *, *, #844, .F. ) ;
#197 = VECTOR ( 'NONE', #588, 1000.000000000000000 ) ;
#198 = EDGE_CURVE ( 'NONE', #1290, #590, #891, .T. ) ;
#199 = VECTOR ( 'NONE', #578, 1000.000000000000000 ) ;
#200 = LINE ( 'NONE', #878, #1057 ) ;
#201 = CARTESIAN_POINT ( 'NONE',  ( 65.00000000000000000, 4.000000000000000000, -5.000000000000000000 ) ) ;
#202 = EDGE_LOOP ( 'NONE', ( #387, #994 ) ) ;
#203 = DIRECTION ( 'NONE',  ( -0.000000000000000000, 1.000000000000000000, -0.000000000000000000 ) ) ;
#204 = CARTESIAN_POINT ( 'NONE',  ( 0.000000000000000000, 0.000000000000000000, -30.00000000000000000 ) ) ;
#205 = CARTESIAN_POINT ( 'NONE',  ( 85.00000000000000000, -20.00000000000000000, -30.00000000000000000 ) ) ;
#206 = DIRECTION ( 'NONE',  ( -0.000000000000000000, -0.000000000000000000, 1.000000000000000000 ) ) ;
#207 = VERTEX_POINT ( 'NONE', #1117 ) ;
#208 = DIRECTION ( 'NONE',  ( 1.000000000000000000, 0.000000000000000000, 0.000000000000000000 ) ) ;
#209 = EDGE_CURVE ( 'NONE', #509, #118, #1458, .T. ) ;
#210 = ADVANCED_FACE ( 'NONE', ( #896 ), #325, .F. ) ;
#211 = CARTESIAN_POINT ( 'NONE',  ( 24.50000000000000000, -3.000000000000000000, -35.00100000000000477 ) ) ;
#212 = PLANE ( 'NONE',  #764 ) ;
#213 = VERTEX_POINT ( 'NONE', #318 ) ;
#214 = CARTESIAN_POINT ( 'NONE',  ( 23.00000000000000000, -27.00000000000000000, -35.00100000000000477 ) ) ;
#215 = CIRCLE ( 'NONE', #902, 5.000000000000004441 ) ;
#216 = FACE_OUTER_BOUND ( 'NONE', #505, .T. ) ;
#217 = DIRECTION ( 'NONE',  ( -0.000000000000000000, 1.000000000000000000, -0.000000000000000000 ) ) ;
#218 = ORIENTED_EDGE ( 'NONE', *, *, #580, .F. ) ;
#219 = DIRECTION ( 'NONE',  ( 0.000000000000000000, 0.000000000000000000, -1.000000000000000000 ) ) ;
#220 = EDGE_CURVE ( 'NONE', #678, #501, #1208, .T. ) ;
#221 = EDGE_CURVE ( 'NONE', #1228, #1017, #642, .T. ) ;
#222 = CARTESIAN_POINT ( 'NONE',  ( 70.00000000000000000, 2.000000000000000000, -30.00000000000000000 ) ) ;
#223 = CARTESIAN_POINT ( 'NONE',  ( 85.00000000000000000, 0.000000000000000000, -30.00000000000000000 ) ) ;
#224 = ORIENTED_EDGE ( 'NONE', *, *, #1160, .F. ) ;
#225 = FACE_OUTER_BOUND ( 'NONE', #1148, .T. ) ;
#226 = VERTEX_POINT ( 'NONE', #1106 ) ;
#227 = EDGE_CURVE ( 'NONE', #406, #695, #991, .T. ) ;
#228 = AXIS2_PLACEMENT_3D ( 'NONE', #254, #33, #474 ) ;
#229 = AXIS2_PLACEMENT_3D ( 'NONE', #421, #444, #773 ) ;
#230 = DIRECTION ( 'NONE',  ( 0.000000000000000000, 0.000000000000000000, 1.000000000000000000 ) ) ;
#231 = CARTESIAN_POINT ( 'NONE',  ( 21.00000000000000355, -13.28615930197885575, -33.35692034901057212 ) ) ;
#232 = ORIENTED_EDGE ( 'NONE', *, *, #822, .T. ) ;
#233 = CARTESIAN_POINT ( 'NONE',  ( 0.000000000000000000, 2.000000000000000000, -30.00000000000000000 ) ) ;
#234 = ORIENTED_EDGE ( 'NONE', *, *, #757, .F. ) ;
#235 = ORIENTED_EDGE ( 'NONE', *, *, #1150, .T. ) ;
#236 = LINE ( 'NONE', #122, #1175 ) ;
#237 = EDGE_CURVE ( 'NONE', #372, #690, #553, .T. ) ;
#238 = CARTESIAN_POINT ( 'NONE',  ( 27.37192684880382032, 4.250000000000001776, -27.87499999999998579 ) ) ;
#239 = ORIENTED_EDGE ( 'NONE', *, *, #1463, .T. ) ;
#240 = AXIS2_PLACEMENT_3D ( 'NONE', #1248, #1024, #1134 ) ;
#241 = CYLINDRICAL_SURFACE ( 'NONE', #951, 4.999999999999997335 ) ;
#242 = CIRCLE ( 'NONE', #390, 4.999999999999998224 ) ;
#243 = ORIENTED_EDGE ( 'NONE', *, *, #1344, .T. ) ;
#244 = CARTESIAN_POINT ( 'NONE',  ( 0.000000000000000000, 0.000000000000000000, -30.00000000000000000 ) ) ;
#245 = EDGE_CURVE ( 'NONE', #354, #1158, #1439, .T. ) ;
#246 = CARTESIAN_POINT ( 'NONE',  ( 15.00000000000000000, 0.000000000000000000, -4.999999999999999112 ) ) ;
#247 = VERTEX_POINT ( 'NONE', #205 ) ;
#248 = FACE_OUTER_BOUND ( 'NONE', #364, .T. ) ;
#249 =( GEOMETRIC_REPRESENTATION_CONTEXT ( 3 ) GLOBAL_UNCERTAINTY_ASSIGNED_CONTEXT ( ( #696 ) ) GLOBAL_UNIT_ASSIGNED_CONTEXT ( ( #836, #741, #964 ) ) REPRESENTATION_CONTEXT ( 'NONE', 'WORKASPACE' ) );
#250 = ORIENTED_EDGE ( 'NONE', *, *, #889, .F. ) ;
#251 = EDGE_LOOP ( 'NONE', ( #1137, #127, #920 ) ) ;
#252 = CLOSED_SHELL ( 'NONE', ( #107, #846, #415, #24, #900, #1385, #1129, #807, #1287, #917, #1002, #115, #73, #1092, #210, #857, #1259, #469, #649, #1466, #323, #141, #714, #298, #1368, #924, #872, #1145, #1379, #333, #121, #877, #956, #16, #576, #1121, #380, #626, #1115, #1438, #379, #1105, #999, #103, #546, #778, #504, #443 ) ) ;
#253 = EDGE_CURVE ( 'NONE', #1112, #1158, #312, .T. ) ;
#254 = CARTESIAN_POINT ( 'NONE',  ( 65.00000000000000000, 4.000000000000000000, -5.000000000000000000 ) ) ;
#255 = CARTESIAN_POINT ( 'NONE',  ( 55.00000000000000000, -29.99999999999998579, -4.999999999999999112 ) ) ;
#256 = EDGE_LOOP ( 'NONE', ( #196, #131 ) ) ;
#257 = EDGE_CURVE ( 'NONE', #149, #354, #648, .T. ) ;
#258 = CYLINDRICAL_SURFACE ( 'NONE', #240, 1.499999999999994449 ) ;
#259 = ORIENTED_EDGE ( 'NONE', *, *, #552, .T. ) ;
#260 = VECTOR ( 'NONE', #528, 1000.000000000000000 ) ;
#261 = LINE ( 'NONE', #1052, #423 ) ;
#262 = DIRECTION ( 'NONE',  ( -0.000000000000000000, -0.000000000000000000, 1.000000000000000000 ) ) ;
#263 = LINE ( 'NONE', #233, #171 ) ;
#264 = ORIENTED_EDGE ( 'NONE', *, *, #1181, .T. ) ;
#265 = VECTOR ( 'NONE', #637, 1000.000000000000000 ) ;
#266 = VECTOR ( 'NONE', #454, 1000.000000000000000 ) ;
#267 = VERTEX_POINT ( 'NONE', #95 ) ;
#268 = PRODUCT_RELATED_PRODUCT_CATEGORY ( 'part', '', ( #1250 ) ) ;
#269 = DIRECTION ( 'NONE',  ( -0.000000000000000000, -0.000000000000000000, -1.000000000000000000 ) ) ;
#270 = CARTESIAN_POINT ( 'NONE',  ( 48.07669683062202637, -10.00000000000000000, -35.00000000000000000 ) ) ;
#271 = DIRECTION ( 'NONE',  ( -1.000000000000000000, 0.000000000000000000, 0.000000000000000000 ) ) ;
#272 = CARTESIAN_POINT ( 'NONE',  ( 65.00000000000000000, 4.000000000000000000, -30.00000000000000711 ) ) ;
#273 = EDGE_LOOP ( 'NONE', ( #234, #795, #12, #644 ) ) ;
#274 = DIRECTION ( 'NONE',  ( 0.000000000000000000, 0.000000000000000000, 1.000000000000000000 ) ) ;
#275 = ORIENTED_EDGE ( 'NONE', *, *, #1463, .F. ) ;
#276 = EDGE_CURVE ( 'NONE', #980, #292, #659, .T. ) ;
#277 = DIRECTION ( 'NONE',  ( -1.000000000000000000, -0.000000000000000000, -0.000000000000000000 ) ) ;
#278 = CARTESIAN_POINT ( 'NONE',  ( 5.000000000000000000, 4.000000000000000000, -25.00000000000000000 ) ) ;
#279 = PLANE ( 'NONE',  #1123 ) ;
#280 = FACE_BOUND ( 'NONE', #1074, .T. ) ;
#281 = VERTEX_POINT ( 'NONE', #688 ) ;
#282 = FILL_AREA_STYLE_COLOUR ( '', #133 ) ;
#283 = EDGE_LOOP ( 'NONE', ( #470, #1381, #893 ) ) ;
#284 = LINE ( 'NONE', #175, #676 ) ;
#285 = DIRECTION ( 'NONE',  ( -0.000000000000000000, -0.000000000000000000, 1.000000000000000000 ) ) ;
#286 = EDGE_CURVE ( 'NONE', #1041, #1437, #368, .T. ) ;
#287 = DIRECTION ( 'NONE',  ( 0.000000000000000000, 0.8944271909999156334, -0.4472135954999582608 ) ) ;
#288 = DIRECTION ( 'NONE',  ( 0.000000000000000000, 0.000000000000000000, 1.000000000000000000 ) ) ;
#289 = ORIENTED_EDGE ( 'NONE', *, *, #1234, .F. ) ;
#290 = AXIS2_PLACEMENT_3D ( 'NONE', #132, #1366, #1279 ) ;
#291 = CARTESIAN_POINT ( 'NONE',  ( 0.000000000000000000, 2.000000000000000000, 0.000000000000000000 ) ) ;
#292 = VERTEX_POINT ( 'NONE', #359 ) ;
#293 = CIRCLE ( 'NONE', #414, 1.500000000000001332 ) ;
#294 = VECTOR ( 'NONE', #151, 1000.000000000000000 ) ;
#295 = DIRECTION ( 'NONE',  ( -0.000000000000000000, -0.000000000000000000, 1.000000000000000000 ) ) ;
#296 = DIRECTION ( 'NONE',  ( 1.000000000000000000, 3.469446951953614189E-16, 0.000000000000000000 ) ) ;
#298 = ADVANCED_FACE ( 'NONE', ( #693 ), #13, .T. ) ;
#297 = CARTESIAN_POINT ( 'NONE',  ( 21.00000000000000355, -14.99999999999999822, -32.50000000000000000 ) ) ;
#299 = CARTESIAN_POINT ( 'NONE',  ( 47.00000000000000000, -3.000000000000000000, -4.999999999999999112 ) ) ;
#300 = VERTEX_POINT ( 'NONE', #815 ) ;
#301 = DIRECTION ( 'NONE',  ( -0.000000000000000000, -0.000000000000000000, 1.000000000000000000 ) ) ;
#302 = VERTEX_POINT ( 'NONE', #1130 ) ;
#303 = EDGE_CURVE ( 'NONE', #207, #300, #785, .T. ) ;
#304 = CARTESIAN_POINT ( 'NONE',  ( 48.50000000000000000, -3.000000000000000000, -4.999999999999999112 ) ) ;
#305 = CYLINDRICAL_SURFACE ( 'NONE', #978, 5.000000000000005329 ) ;
#306 = CIRCLE ( 'NONE', #158, 4.999999999999997335 ) ;
#307 = VECTOR ( 'NONE', #499, 1000.000000000000000 ) ;
#308 = ORIENTED_EDGE ( 'NONE', *, *, #604, .F. ) ;
#309 = CIRCLE ( 'NONE', #229, 5.000000000000005329 ) ;
#310 = FILL_AREA_STYLE ('',( #282 ) ) ;
#311 = ORIENTED_EDGE ( 'NONE', *, *, #1040, .F. ) ;
#312 = LINE ( 'NONE', #1214, #350 ) ;
#313 = CARTESIAN_POINT ( 'NONE',  ( 0.000000000000000000, 0.000000000000000000, -26.00000000000000000 ) ) ;
#314 = ORIENTED_EDGE ( 'NONE', *, *, #482, .T. ) ;
#315 = CARTESIAN_POINT ( 'NONE',  ( 49.00000000000000000, -15.00000000000000000, -35.00100000000000477 ) ) ;
#316 = CIRCLE ( 'NONE', #81, 1.500000000000001332 ) ;
#317 = PRODUCT_DEFINITION_FORMATION_WITH_SPECIFIED_SOURCE ( 'ä»', '', #1250, .NOT_KNOWN. ) ;
#318 = CARTESIAN_POINT ( 'NONE',  ( 48.49999999999999289, -27.00000000000000000, -11.00000000000000000 ) ) ;
#319 = FACE_OUTER_BOUND ( 'NONE', #910, .T. ) ;
#320 = ORIENTED_EDGE ( 'NONE', *, *, #1013, .T. ) ;
#321 = CARTESIAN_POINT ( 'NONE',  ( 85.00000000000000000, -20.00000000000000000, -26.00000000000000000 ) ) ;
#322 = EDGE_CURVE ( 'NONE', #1228, #1254, #6, .T. ) ;
#323 = ADVANCED_FACE ( 'NONE', ( #1146 ), #1269, .F. ) ;
#324 = VECTOR ( 'NONE', #1170, 1000.000000000000000 ) ;
#325 = PLANE ( 'NONE',  #1324 ) ;
#326 = DIRECTION ( 'NONE',  ( -1.000000000000000000, 0.000000000000000000, -0.000000000000000000 ) ) ;
#327 = VERTEX_POINT ( 'NONE', #137 ) ;
#328 = DIRECTION ( 'NONE',  ( -0.000000000000000000, 1.000000000000000000, -0.000000000000000000 ) ) ;
#329 = VECTOR ( 'NONE', #745, 1000.000000000000000 ) ;
#330 = CARTESIAN_POINT ( 'NONE',  ( 0.000000000000000000, 2.000000000000000000, 0.000000000000000000 ) ) ;
#331 = LINE ( 'NONE', #445, #1161 ) ;
#332 = ORIENTED_EDGE ( 'NONE', *, *, #1329, .F. ) ;
#333 = ADVANCED_FACE ( 'NONE', ( #1261 ), #342, .T. ) ;
#334 = CARTESIAN_POINT ( 'NONE',  ( 21.50000000000000000, -27.00000000000000000, -11.00000000000000000 ) ) ;
#335 = AXIS2_PLACEMENT_3D ( 'NONE', #1006, #98, #86 ) ;
#336 = AXIS2_PLACEMENT_3D ( 'NONE', #879, #892, #1346 ) ;
#337 = CARTESIAN_POINT ( 'NONE',  ( 35.00000000000000000, -15.00000000000000000, -26.00000000000000000 ) ) ;
#338 = AXIS2_PLACEMENT_3D ( 'NONE', #673, #460, #1140 ) ;
#339 = DIRECTION ( 'NONE',  ( 1.000000000000000000, 0.000000000000000000, 0.000000000000000000 ) ) ;
#340 = ORIENTED_EDGE ( 'NONE', *, *, #1400, .F. ) ;
#341 = CARTESIAN_POINT ( 'NONE',  ( 47.00000000000000000, -3.000000000000000000, -11.00000000000000000 ) ) ;
#342 = PLANE ( 'NONE',  #228 ) ;
#343 = CARTESIAN_POINT ( 'NONE',  ( 5.000000000000000000, 4.000000000000000000, -5.000000000000000000 ) ) ;
#344 = EDGE_CURVE ( 'NONE', #589, #345, #592, .T. ) ;
#345 = VERTEX_POINT ( 'NONE', #1046 ) ;
#346 = CARTESIAN_POINT ( 'NONE',  ( 0.000000000000000000, 0.000000000000000000, 0.000000000000000000 ) ) ;
#347 = ORIENTED_EDGE ( 'NONE', *, *, #1085, .F. ) ;
#348 = AXIS2_PLACEMENT_3D ( 'NONE', #156, #1393, #726 ) ;
#349 = EDGE_LOOP ( 'NONE', ( #629, #584, #224, #1093 ) ) ;
#350 = VECTOR ( 'NONE', #654, 1000.000000000000000 ) ;
#351 = EDGE_CURVE ( 'NONE', #828, #327, #585, .T. ) ;
#352 = DIRECTION ( 'NONE',  ( -0.000000000000000000, -0.000000000000000000, -1.000000000000000000 ) ) ;
#353 = CARTESIAN_POINT ( 'NONE',  ( 42.62807315119616902, 4.250000000000007105, -27.87500000000000000 ) ) ;
#354 = VERTEX_POINT ( 'NONE', #129 ) ;
#355 = CARTESIAN_POINT ( 'NONE',  ( 0.000000000000000000, 2.000000000000000000, -25.00000000000000000 ) ) ;
#356 = ORIENTED_EDGE ( 'NONE', *, *, #777, .F. ) ;
#357 = ORIENTED_EDGE ( 'NONE', *, *, #1392, .T. ) ;
#358 = AXIS2_PLACEMENT_3D ( 'NONE', #341, #426, #540 ) ;
#359 = CARTESIAN_POINT ( 'NONE',  ( 0.000000000000000000, 0.000000000000000000, -30.00000000000000000 ) ) ;
#360 = LINE ( 'NONE', #809, #1334 ) ;
#361 = ORIENTED_EDGE ( 'NONE', *, *, #148, .T. ) ;
#362 = CARTESIAN_POINT ( 'NONE',  ( 5.000000000000000000, 4.000000000000000000, -5.000000000000000000 ) ) ;
#363 = ORIENTED_EDGE ( 'NONE', *, *, #1329, .T. ) ;
#364 = EDGE_LOOP ( 'NONE', ( #747, #1391, #173, #936, #579, #27 ) ) ;
#365 = EDGE_CURVE ( 'NONE', #623, #247, #144, .T. ) ;
#366 = EDGE_CURVE ( 'NONE', #565, #1322, #42, .T. ) ;
#367 = EDGE_CURVE ( 'NONE', #835, #1387, #306, .T. ) ;
#368 = LINE ( 'NONE', #244, #794 ) ;
#369 = DIRECTION ( 'NONE',  ( -0.000000000000000000, -0.000000000000000000, 1.000000000000000000 ) ) ;
#370 = ORIENTED_EDGE ( 'NONE', *, *, #766, .T. ) ;
#371 = CARTESIAN_POINT ( 'NONE',  ( 65.00000000000000000, 4.000000000000000000, -5.000000000000000000 ) ) ;
#372 = VERTEX_POINT ( 'NONE', #1139 ) ;
#373 = AXIS2_PLACEMENT_3D ( 'NONE', #636, #1413, #44 ) ;
#374 = AXIS2_PLACEMENT_3D ( 'NONE', #1345, #996, #108 ) ;
#375 = CARTESIAN_POINT ( 'NONE',  ( -15.00000000000000000, -10.00000000000000000, -35.00000000000000000 ) ) ;
#376 = CARTESIAN_POINT ( 'NONE',  ( 45.50000000000000711, -27.00000000000000000, -35.00100000000000477 ) ) ;
#377 = VERTEX_POINT ( 'NONE', #116 ) ;
#378 = DIRECTION ( 'NONE',  ( 0.000000000000000000, -0.000000000000000000, -1.000000000000000000 ) ) ;
#379 = ADVANCED_FACE ( 'NONE', ( #560 ), #452, .F. ) ;
#380 = ADVANCED_FACE ( 'NONE', ( #1357 ), #790, .T. ) ;
#381 = ORIENTED_EDGE ( 'NONE', *, *, #1417, .T. ) ;
#382 = CIRCLE ( 'NONE', #1213, 5.000000000000005329 ) ;
#383 = DIRECTION ( 'NONE',  ( 0.000000000000000000, -0.8944271909999157444, 0.4472135954999582608 ) ) ;
#384 = CARTESIAN_POINT ( 'NONE',  ( 5.000000000000000000, 4.000000000000000000, -5.000000000000000000 ) ) ;
#385 = CARTESIAN_POINT ( 'NONE',  ( -15.00000000000000000, 0.000000000000000000, -30.00000000000000000 ) ) ;
#386 = DIRECTION ( 'NONE',  ( -0.000000000000000000, -0.000000000000000000, 1.000000000000000000 ) ) ;
#387 = ORIENTED_EDGE ( 'NONE', *, *, #933, .F. ) ;
#388 = EDGE_CURVE ( 'NONE', #142, #589, #236, .T. ) ;
#389 = DIRECTION ( 'NONE',  ( -1.000000000000000000, 0.000000000000000000, 0.000000000000000000 ) ) ;
#390 = AXIS2_PLACEMENT_3D ( 'NONE', #1262, #702, #34 ) ;
#391 = VERTEX_POINT ( 'NONE', #1370 ) ;
#392 = DIRECTION ( 'NONE',  ( -0.000000000000000000, -0.000000000000000000, 1.000000000000000000 ) ) ;
#393 = DIRECTION ( 'NONE',  ( -0.000000000000000000, -1.000000000000000000, -0.000000000000000000 ) ) ;
#394 = CARTESIAN_POINT ( 'NONE',  ( 55.00000000000000000, 0.000000000000000000, -4.999999999999999112 ) ) ;
#395 = CARTESIAN_POINT ( 'NONE',  ( -15.00000000000000000, 0.000000000000000000, -26.00000000000000000 ) ) ;
#396 = ORIENTED_EDGE ( 'NONE', *, *, #1169, .T. ) ;
#397 = LINE ( 'NONE', #291, #771 ) ;
#398 = AXIS2_PLACEMENT_3D ( 'NONE', #1403, #295, #1420 ) ;
#399 = EDGE_LOOP ( 'NONE', ( #80, #661, #1143, #320 ) ) ;
#400 = EDGE_CURVE ( 'NONE', #377, #1447, #615, .T. ) ;
#401 = DIRECTION ( 'NONE',  ( -0.000000000000000000, -0.000000000000000000, 1.000000000000000000 ) ) ;
#402 = DIRECTION ( 'NONE',  ( 0.000000000000000000, -1.000000000000000000, -0.000000000000000000 ) ) ;
#403 = CARTESIAN_POINT ( 'NONE',  ( 15.00000000000000000, 0.000000000000000000, -4.999999999999999112 ) ) ;
#404 = VERTEX_POINT ( 'NONE', #634 ) ;
#405 = DIRECTION ( 'NONE',  ( 1.000000000000000000, 0.000000000000000000, 0.000000000000000000 ) ) ;
#406 = VERTEX_POINT ( 'NONE', #1384 ) ;
#407 = EDGE_CURVE ( 'NONE', #590, #1037, #624, .T. ) ;
#408 = CARTESIAN_POINT ( 'NONE',  ( 35.00000000000000000, -15.00000000000000000, -35.00100000000000477 ) ) ;
#409 = CARTESIAN_POINT ( 'NONE',  ( -15.00000000000000000, 0.000000000000000000, -30.00000000000000000 ) ) ;
#410 = CARTESIAN_POINT ( 'NONE',  ( 0.000000000000000000, 0.000000000000000000, -26.00000000000000000 ) ) ;
#411 = ORIENTED_EDGE ( 'NONE', *, *, #1229, .T. ) ;
#412 = SURFACE_STYLE_FILL_AREA ( #310 ) ;
#413 = ORIENTED_EDGE ( 'NONE', *, *, #1392, .F. ) ;
#414 = AXIS2_PLACEMENT_3D ( 'NONE', #299, #1193, #1082 ) ;
#415 = ADVANCED_FACE ( 'NONE', ( #1078 ), #48, .F. ) ;
#416 = CARTESIAN_POINT ( 'NONE',  ( 23.00000000000000000, -27.00000000000000000, -11.00000000000000000 ) ) ;
#417 = CARTESIAN_POINT ( 'NONE',  ( 65.00000000000000000, 2.000000000000000000, -30.00000000000000000 ) ) ;
#418 = CARTESIAN_POINT ( 'NONE',  ( 47.00000000000000000, -3.000000000000000000, -4.999999999999999112 ) ) ;
#419 = ORIENTED_EDGE ( 'NONE', *, *, #407, .T. ) ;
#420 = EDGE_LOOP ( 'NONE', ( #916, #529, #965, #1034 ) ) ;
#421 = CARTESIAN_POINT ( 'NONE',  ( 65.00000000000000000, 2.000000000000000000, -5.000000000000000000 ) ) ;
#422 = DIRECTION ( 'NONE',  ( -0.000000000000000000, -0.000000000000000000, 1.000000000000000000 ) ) ;
#423 = VECTOR ( 'NONE', #1059, 1000.000000000000000 ) ;
#424 = ORIENTED_EDGE ( 'NONE', *, *, #796, .T. ) ;
#425 = VECTOR ( 'NONE', #191, 1000.000000000000000 ) ;
#426 = DIRECTION ( 'NONE',  ( -0.000000000000000000, -0.000000000000000000, 1.000000000000000000 ) ) ;
#427 = LINE ( 'NONE', #548, #558 ) ;
#428 = DIRECTION ( 'NONE',  ( 0.000000000000000000, 0.000000000000000000, -1.000000000000000000 ) ) ;
#429 = ORIENTED_EDGE ( 'NONE', *, *, #1042, .T. ) ;
#430 = DIRECTION ( 'NONE',  ( 0.000000000000000000, 0.000000000000000000, 1.000000000000000000 ) ) ;
#431 = EDGE_CURVE ( 'NONE', #327, #1447, #1299, .T. ) ;
#432 = VECTOR ( 'NONE', #658, 1000.000000000000000 ) ;
#433 = AXIS2_PLACEMENT_3D ( 'NONE', #841, #834, #1201 ) ;
#434 = CARTESIAN_POINT ( 'NONE',  ( 15.00000000000000000, 0.000000000000000000, -4.999999999999999112 ) ) ;
#435 = DIRECTION ( 'NONE',  ( 0.000000000000000000, 0.000000000000000000, -1.000000000000000000 ) ) ;
#436 = ORIENTED_EDGE ( 'NONE', *, *, #1042, .F. ) ;
#437 = CYLINDRICAL_SURFACE ( 'NONE', #335, 4.999999999999997335 ) ;
#438 = EDGE_CURVE ( 'NONE', #1372, #226, #261, .T. ) ;
#439 = CARTESIAN_POINT ( 'NONE',  ( 55.00000000000000000, 0.000000000000000000, -11.00000000000000000 ) ) ;
#440 = PLANE ( 'NONE',  #336 ) ;
#441 = ORIENTED_EDGE ( 'NONE', *, *, #1449, .F. ) ;
#442 = CARTESIAN_POINT ( 'NONE',  ( 65.00000000000000000, 2.000000000000000000, -5.000000000000000000 ) ) ;
#443 = ADVANCED_FACE ( 'NONE', ( #40 ), #709, .F. ) ;
#444 = DIRECTION ( 'NONE',  ( -0.000000000000000000, 1.000000000000000000, -0.000000000000000000 ) ) ;
#445 = CARTESIAN_POINT ( 'NONE',  ( 70.00000000000000000, 2.000000000000000000, -30.00000000000000000 ) ) ;
#446 = ORIENTED_EDGE ( 'NONE', *, *, #1013, .F. ) ;
#447 = DIRECTION ( 'NONE',  ( -0.000000000000000000, 1.000000000000000000, -0.000000000000000000 ) ) ;
#448 = VECTOR ( 'NONE', #503, 1000.000000000000000 ) ;
#449 = PRODUCT_CONTEXT ( 'NONE', #1427, 'mechanical' ) ;
#450 = EDGE_CURVE ( 'NONE', #213, #404, #93, .T. ) ;
#451 = AXIS2_PLACEMENT_3D ( 'NONE', #395, #729, #153 ) ;
#452 = PLANE ( 'NONE',  #487 ) ;
#453 = CIRCLE ( 'NONE', #56, 4.999999999999997335 ) ;
#454 = DIRECTION ( 'NONE',  ( 1.000000000000000000, 0.000000000000000000, -3.469446951953614189E-16 ) ) ;
#455 = EDGE_LOOP ( 'NONE', ( #361, #813 ) ) ;
#456 = FACE_OUTER_BOUND ( 'NONE', #283, .T. ) ;
#457 = ORIENTED_EDGE ( 'NONE', *, *, #388, .F. ) ;
#458 = EDGE_LOOP ( 'NONE', ( #1303, #479, #906, #1050, #749 ) ) ;
#459 = CARTESIAN_POINT ( 'NONE',  ( 48.07669683062202637, -20.00000000000000000, -35.00100000000000477 ) ) ;
#460 = DIRECTION ( 'NONE',  ( 0.000000000000000000, -1.000000000000000000, 0.000000000000000000 ) ) ;
#461 = ORIENTED_EDGE ( 'NONE', *, *, #303, .F. ) ;
#462 = FACE_OUTER_BOUND ( 'NONE', #52, .T. ) ;
#463 = ORIENTED_EDGE ( 'NONE', *, *, #559, .T. ) ;
#464 = ORIENTED_EDGE ( 'NONE', *, *, #1160, .T. ) ;
#465 = DIRECTION ( 'NONE',  ( 0.000000000000000000, -0.4472135954999583163, -0.8944271909999157444 ) ) ;
#466 = CARTESIAN_POINT ( 'NONE',  ( 21.00000000000000355, -14.99999999999999822, -32.50000000000000000 ) ) ;
#467 = ORIENTED_EDGE ( 'NONE', *, *, #114, .F. ) ;
#468 = DIRECTION ( 'NONE',  ( 0.000000000000000000, 0.000000000000000000, -1.000000000000000000 ) ) ;
#469 = ADVANCED_FACE ( 'NONE', ( #497 ), #743, .F. ) ;
#470 = ORIENTED_EDGE ( 'NONE', *, *, #1291, .F. ) ;
#471 = EDGE_CURVE ( 'NONE', #406, #71, #284, .T. ) ;
#472 = ORIENTED_EDGE ( 'NONE', *, *, #669, .T. ) ;
#473 = AXIS2_PLACEMENT_3D ( 'NONE', #478, #697, #10 ) ;
#474 = DIRECTION ( 'NONE',  ( 0.000000000000000000, -0.000000000000000000, 1.000000000000000000 ) ) ;
#475 = CARTESIAN_POINT ( 'NONE',  ( 48.07669683062202637, -10.00000000000000000, -35.00000000000000000 ) ) ;
#476 = AXIS2_PLACEMENT_3D ( 'NONE', #371, #1382, #1273 ) ;
#477 = ORIENTED_EDGE ( 'NONE', *, *, #366, .T. ) ;
#478 = CARTESIAN_POINT ( 'NONE',  ( 35.00000000000000000, -15.00000000000000000, -35.00100000000000477 ) ) ;
#479 = ORIENTED_EDGE ( 'NONE', *, *, #1229, .F. ) ;
#480 = EDGE_CURVE ( 'NONE', #118, #722, #150, .T. ) ;
#481 = CARTESIAN_POINT ( 'NONE',  ( 85.00000000000000000, -10.00000000000000000, -35.00000000000000000 ) ) ;
#482 = EDGE_CURVE ( 'NONE', #139, #705, #734, .T. ) ;
#483 = CARTESIAN_POINT ( 'NONE',  ( 85.00000000000000000, 0.000000000000000000, -26.00000000000000000 ) ) ;
#484 = ORIENTED_EDGE ( 'NONE', *, *, #1275, .T. ) ;
#485 = CARTESIAN_POINT ( 'NONE',  ( 0.000000000000000000, 2.000000000000000000, 0.000000000000000000 ) ) ;
#486 = EDGE_LOOP ( 'NONE', ( #1383, #1409 ) ) ;
#487 = AXIS2_PLACEMENT_3D ( 'NONE', #20, #904, #230 ) ;
#488 = VECTOR ( 'NONE', #1009, 1000.000000000000000 ) ;
#489 = DIRECTION ( 'NONE',  ( -1.000000000000000000, -0.000000000000000000, -0.000000000000000000 ) ) ;
#490 = EDGE_CURVE ( 'NONE', #717, #1158, #66, .T. ) ;
#491 = CYLINDRICAL_SURFACE ( 'NONE', #82, 4.999999999999998224 ) ;
#492 = CARTESIAN_POINT ( 'NONE',  ( 23.00000000000000000, -3.000000000000000000, -35.00100000000000477 ) ) ;
#493 = FACE_BOUND ( 'NONE', #875, .T. ) ;
#494 = ORIENTED_EDGE ( 'NONE', *, *, #630, .T. ) ;
#495 = CARTESIAN_POINT ( 'NONE',  ( 85.00000000000000000, -10.00000000000000000, -35.00000000000000000 ) ) ;
#496 = EDGE_LOOP ( 'NONE', ( #120, #54, #467, #1167, #928, #15, #1186, #11 ) ) ;
#497 = FACE_OUTER_BOUND ( 'NONE', #170, .T. ) ;
#498 = CARTESIAN_POINT ( 'NONE',  ( -15.00000000000000000, -20.00000000000000000, -30.00000000000000000 ) ) ;
#499 = DIRECTION ( 'NONE',  ( 0.000000000000000000, -0.8944271909999157444, -0.4472135954999582608 ) ) ;
#500 = DIRECTION ( 'NONE',  ( -1.000000000000000000, 0.000000000000000000, 0.000000000000000000 ) ) ;
#501 = VERTEX_POINT ( 'NONE', #968 ) ;
#502 = CIRCLE ( 'NONE', #831, 4.999999999999997335 ) ;
#503 = DIRECTION ( 'NONE',  ( -0.000000000000000000, -1.000000000000000000, -0.000000000000000000 ) ) ;
#504 = ADVANCED_FACE ( 'NONE', ( #942 ), #829, .F. ) ;
#505 = EDGE_LOOP ( 'NONE', ( #97, #1362, #1401 ) ) ;
#506 = CARTESIAN_POINT ( 'NONE',  ( -15.00000000000000000, -20.00000000000000000, -26.00000000000000000 ) ) ;
#507 = CARTESIAN_POINT ( 'NONE',  ( 85.00000000000000000, 0.000000000000000000, -26.00000000000000000 ) ) ;
#508 = DIRECTION ( 'NONE',  ( -0.000000000000000000, -1.000000000000000000, -0.000000000000000000 ) ) ;
#509 = VERTEX_POINT ( 'NONE', #718 ) ;
#510 = LINE ( 'NONE', #868, #260 ) ;
#511 = MECHANICAL_DESIGN_GEOMETRIC_PRESENTATION_REPRESENTATION (  '', ( #1007 ), #249 ) ;
#512 = EDGE_CURVE ( 'NONE', #623, #555, #934, .T. ) ;
#513 = ORIENTED_EDGE ( 'NONE', *, *, #166, .F. ) ;
#514 = CARTESIAN_POINT ( 'NONE',  ( 15.00000000000000000, 0.000000000000000000, -11.00000000000000000 ) ) ;
#515 = VECTOR ( 'NONE', #271, 1000.000000000000000 ) ;
#516 = LINE ( 'NONE', #41, #568 ) ;
#517 = CARTESIAN_POINT ( 'NONE',  ( 70.00000000000000000, 2.000000000000000000, -30.00000000000000000 ) ) ;
#518 = DIRECTION ( 'NONE',  ( -0.000000000000000000, -0.000000000000000000, -1.000000000000000000 ) ) ;
#519 = ORIENTED_EDGE ( 'NONE', *, *, #189, .F. ) ;
#520 = CARTESIAN_POINT ( 'NONE',  ( 48.50000000000000000, -3.000000000000000000, -11.00000000000000000 ) ) ;
#521 = FACE_OUTER_BOUND ( 'NONE', #755, .T. ) ;
#522 = EDGE_CURVE ( 'NONE', #267, #391, #960, .T. ) ;
#523 = DIRECTION ( 'NONE',  ( -0.000000000000000000, -0.000000000000000000, -1.000000000000000000 ) ) ;
#524 = AXIS2_PLACEMENT_3D ( 'NONE', #876, #447, #1242 ) ;
#525 = CYLINDRICAL_SURFACE ( 'NONE', #1343, 13.99999999999999822 ) ;
#526 = FACE_BOUND ( 'NONE', #845, .T. ) ;
#527 = ORIENTED_EDGE ( 'NONE', *, *, #591, .F. ) ;
#528 = DIRECTION ( 'NONE',  ( -0.000000000000000000, 1.000000000000000000, -0.000000000000000000 ) ) ;
#529 = ORIENTED_EDGE ( 'NONE', *, *, #796, .F. ) ;
#530 = CIRCLE ( 'NONE', #711, 1.500000000000001332 ) ;
#531 = DIRECTION ( 'NONE',  ( 0.000000000000000000, 1.000000000000000000, 0.000000000000000000 ) ) ;
#532 = FACE_OUTER_BOUND ( 'NONE', #1168, .T. ) ;
#533 = EDGE_LOOP ( 'NONE', ( #90, #867, #1077, #797, #441, #1340 ) ) ;
#534 = CARTESIAN_POINT ( 'NONE',  ( 85.00000000000000000, 0.000000000000000000, -30.00000000000000000 ) ) ;
#535 = EDGE_CURVE ( 'NONE', #345, #18, #165, .T. ) ;
#536 = CARTESIAN_POINT ( 'NONE',  ( 70.00000000000000000, 2.000000000000000000, -5.000000000000000888 ) ) ;
#537 = FACE_BOUND ( 'NONE', #486, .T. ) ;
#538 = VECTOR ( 'NONE', #383, 1000.000000000000000 ) ;
#539 = ORIENTED_EDGE ( 'NONE', *, *, #1260, .F. ) ;
#540 = DIRECTION ( 'NONE',  ( -1.000000000000000000, 0.000000000000000000, 0.000000000000000000 ) ) ;
#541 = CARTESIAN_POINT ( 'NONE',  ( 49.00000000000000000, -15.00000000000000000, -32.50000000000000000 ) ) ;
#542 = CARTESIAN_POINT ( 'NONE',  ( 65.00000000000000000, 2.000000000000000000, -25.00000000000000000 ) ) ;
#543 = ORIENTED_EDGE ( 'NONE', *, *, #438, .F. ) ;
#544 = CARTESIAN_POINT ( 'NONE',  ( -15.00000000000000000, 0.000000000000000000, -26.00000000000000000 ) ) ;
#545 = AXIS2_PLACEMENT_3D ( 'NONE', #4, #1328, #430 ) ;
#546 = ADVANCED_FACE ( 'NONE', ( #1068 ), #57, .F. ) ;
#547 = CIRCLE ( 'NONE', #926, 13.99999999999999822 ) ;
#548 = CARTESIAN_POINT ( 'NONE',  ( 85.00000000000000000, 0.000000000000000000, -26.00000000000000000 ) ) ;
#549 = DIRECTION ( 'NONE',  ( 0.000000000000000000, 0.000000000000000000, -1.000000000000000000 ) ) ;
#550 = ORIENTED_EDGE ( 'NONE', *, *, #1321, .T. ) ;
#551 = CARTESIAN_POINT ( 'NONE',  ( 23.00000000000000000, -27.00000000000000000, -4.999999999999999112 ) ) ;
#552 = EDGE_CURVE ( 'NONE', #509, #853, #1430, .T. ) ;
#553 = LINE ( 'NONE', #211, #488 ) ;
#554 = DIRECTION ( 'NONE',  ( -1.000000000000000000, 0.000000000000000000, 0.000000000000000000 ) ) ;
#555 = VERTEX_POINT ( 'NONE', #977 ) ;
#556 = DIRECTION ( 'NONE',  ( 0.000000000000000000, 0.000000000000000000, -1.000000000000000000 ) ) ;
#557 = AXIS2_PLACEMENT_3D ( 'NONE', #492, #858, #618 ) ;
#558 = VECTOR ( 'NONE', #992, 1000.000000000000000 ) ;
#559 = EDGE_CURVE ( 'NONE', #678, #633, #1339, .T. ) ;
#560 = FACE_OUTER_BOUND ( 'NONE', #620, .T. ) ;
#561 = LINE ( 'NONE', #483, #1020 ) ;
#562 = ORIENTED_EDGE ( 'NONE', *, *, #933, .T. ) ;
#563 = PLANE ( 'NONE',  #1451 ) ;
#564 = AXIS2_PLACEMENT_3D ( 'NONE', #1176, #852, #163 ) ;
#565 = VERTEX_POINT ( 'NONE', #1075 ) ;
#566 = VECTOR ( 'NONE', #508, 1000.000000000000000 ) ;
#567 = CARTESIAN_POINT ( 'NONE',  ( 0.000000000000000000, 2.000000000000000000, -30.00000000000000000 ) ) ;
#568 = VECTOR ( 'NONE', #969, 1000.000000000000000 ) ;
#569 = DIRECTION ( 'NONE',  ( 0.000000000000000000, 0.000000000000000000, 1.000000000000000000 ) ) ;
#570 = PRODUCT_DEFINITION ( 'æœ', '', #317, #988 ) ;
#571 = ORIENTED_EDGE ( 'NONE', *, *, #480, .T. ) ;
#572 = CARTESIAN_POINT ( 'NONE',  ( 85.00000000000000000, 0.000000000000000000, -26.00000000000000000 ) ) ;
#573 = ORIENTED_EDGE ( 'NONE', *, *, #400, .T. ) ;
#574 = ORIENTED_EDGE ( 'NONE', *, *, #490, .T. ) ;
#575 = AXIS2_PLACEMENT_3D ( 'NONE', #1411, #401, #864 ) ;
#576 = ADVANCED_FACE ( 'NONE', ( #188 ), #1436, .T. ) ;
#577 = DIRECTION ( 'NONE',  ( 1.000000000000000000, 0.000000000000000000, 0.000000000000000000 ) ) ;
#578 = DIRECTION ( 'NONE',  ( 1.000000000000000000, -0.000000000000000000, -0.000000000000000000 ) ) ;
#579 = ORIENTED_EDGE ( 'NONE', *, *, #777, .T. ) ;
#580 = EDGE_CURVE ( 'NONE', #930, #1437, #397, .T. ) ;
#581 = DIRECTION ( 'NONE',  ( -0.000000000000000000, -1.000000000000000000, -0.000000000000000000 ) ) ;
#582 = ORIENTED_EDGE ( 'NONE', *, *, #1432, .F. ) ;
#583 = MANIFOLD_SOLID_BREP ( 'ÇÐ³ý-À­Éì2', #252 ) ;
#584 = ORIENTED_EDGE ( 'NONE', *, *, #1239, .F. ) ;
#585 = LINE ( 'NONE', #1035, #1122 ) ;
#586 = DIRECTION ( 'NONE',  ( -0.000000000000000000, -0.000000000000000000, 1.000000000000000000 ) ) ;
#587 = ORIENTED_EDGE ( 'NONE', *, *, #1350, .F. ) ;
#588 = DIRECTION ( 'NONE',  ( -0.000000000000000000, -0.000000000000000000, 1.000000000000000000 ) ) ;
#589 = VERTEX_POINT ( 'NONE', #1195 ) ;
#590 = VERTEX_POINT ( 'NONE', #1084 ) ;
#591 = EDGE_CURVE ( 'NONE', #501, #740, #707, .T. ) ;
#592 = LINE ( 'NONE', #1364, #750 ) ;
#593 = DIRECTION ( 'NONE',  ( -0.000000000000000000, -1.000000000000000000, -0.000000000000000000 ) ) ;
#594 = AXIS2_PLACEMENT_3D ( 'NONE', #192, #428, #326 ) ;
#595 = ORIENTED_EDGE ( 'NONE', *, *, #1275, .F. ) ;
#596 = CARTESIAN_POINT ( 'NONE',  ( 55.00000000000000000, 0.000000000000000000, -11.00000000000000000 ) ) ;
#597 = EDGE_LOOP ( 'NONE', ( #446, #162, #1025, #314 ) ) ;
#598 = DIRECTION ( 'NONE',  ( 0.000000000000000000, -1.000000000000000000, 0.000000000000000000 ) ) ;
#599 = PLANE ( 'NONE',  #808 ) ;
#600 = CARTESIAN_POINT ( 'NONE',  ( 49.00000000000000000, -16.71384069802114070, -31.64307965098942788 ) ) ;
#601 = CARTESIAN_POINT ( 'NONE',  ( 47.00000000000000000, -27.00000000000000000, -4.999999999999999112 ) ) ;
#602 = VERTEX_POINT ( 'NONE', #520 ) ;
#603 = VERTEX_POINT ( 'NONE', #1204 ) ;
#604 = EDGE_CURVE ( 'NONE', #1387, #71, #78, .T. ) ;
#605 = VECTOR ( 'NONE', #1284, 1000.000000000000000 ) ;
#606 = AXIS2_PLACEMENT_3D ( 'NONE', #884, #531, #667 ) ;
#607 = DIRECTION ( 'NONE',  ( 0.000000000000000000, 0.000000000000000000, 1.000000000000000000 ) ) ;
#608 = DIRECTION ( 'NONE',  ( -3.469446951953613696E-16, 1.000000000000000000, 0.000000000000000000 ) ) ;
#609 = EDGE_CURVE ( 'NONE', #1041, #509, #1297, .T. ) ;
#610 = DIRECTION ( 'NONE',  ( -0.000000000000000000, -0.000000000000000000, 1.000000000000000000 ) ) ;
#611 = DIRECTION ( 'NONE',  ( 1.000000000000000000, 0.000000000000000000, 0.000000000000000000 ) ) ;
#612 = ORIENTED_EDGE ( 'NONE', *, *, #209, .T. ) ;
#613 = FACE_OUTER_BOUND ( 'NONE', #496, .T. ) ;
#614 = ORIENTED_EDGE ( 'NONE', *, *, #400, .F. ) ;
#615 = LINE ( 'NONE', #506, #605 ) ;
#616 = CARTESIAN_POINT ( 'NONE',  ( 0.000000000000000000, 2.000000000000000000, 0.000000000000000000 ) ) ;
#617 = AXIS2_PLACEMENT_3D ( 'NONE', #908, #36, #826 ) ;
#618 = DIRECTION ( 'NONE',  ( 1.000000000000000000, 0.000000000000000000, 0.000000000000000000 ) ) ;
#619 = DIRECTION ( 'NONE',  ( 0.000000000000000000, 0.000000000000000000, -1.000000000000000000 ) ) ;
#620 = EDGE_LOOP ( 'NONE', ( #792, #38, #886, #1428 ) ) ;
#621 = DIRECTION ( 'NONE',  ( -0.000000000000000000, -0.000000000000000000, 1.000000000000000000 ) ) ;
#622 = AXIS2_PLACEMENT_3D ( 'NONE', #343, #593, #694 ) ;
#623 = VERTEX_POINT ( 'NONE', #495 ) ;
#624 = LINE ( 'NONE', #1087, #870 ) ;
#625 = LINE ( 'NONE', #1079, #294 ) ;
#626 = ADVANCED_FACE ( 'NONE', ( #613 ), #1399, .T. ) ;
#627 = CARTESIAN_POINT ( 'NONE',  ( 85.00000000000000000, 0.000000000000000000, -26.00000000000000000 ) ) ;
#628 = PLANE ( 'NONE',  #125 ) ;
#629 = ORIENTED_EDGE ( 'NONE', *, *, #1417, .F. ) ;
#630 = EDGE_CURVE ( 'NONE', #695, #1387, #1065, .T. ) ;
#631 = DIRECTION ( 'NONE',  ( -0.000000000000000000, -1.000000000000000000, -0.000000000000000000 ) ) ;
#632 = VECTOR ( 'NONE', #523, 1000.000000000000000 ) ;
#633 = VERTEX_POINT ( 'NONE', #172 ) ;
#634 = CARTESIAN_POINT ( 'NONE',  ( 45.50000000000000711, -27.00000000000000000, -11.00000000000000000 ) ) ;
#635 = AXIS2_PLACEMENT_3D ( 'NONE', #1172, #944, #1317 ) ;
#636 = CARTESIAN_POINT ( 'NONE',  ( 0.000000000000000000, 0.000000000000000000, 0.000000000000000000 ) ) ;
#637 = DIRECTION ( 'NONE',  ( -0.000000000000000000, -1.000000000000000000, -0.000000000000000000 ) ) ;
#638 = ORIENTED_EDGE ( 'NONE', *, *, #220, .F. ) ;
#639 = EDGE_LOOP ( 'NONE', ( #1353, #612, #484, #539 ) ) ;
#640 = EDGE_CURVE ( 'NONE', #404, #213, #759, .T. ) ;
#641 = AXIS2_PLACEMENT_3D ( 'NONE', #1426, #621, #1320 ) ;
#642 = LINE ( 'NONE', #1110, #113 ) ;
#643 = DIRECTION ( 'NONE',  ( -0.000000000000000000, 0.000000000000000000, -1.000000000000000000 ) ) ;
#644 = ORIENTED_EDGE ( 'NONE', *, *, #1192, .F. ) ;
#645 = AXIS2_PLACEMENT_3D ( 'NONE', #1414, #1318, #1183 ) ;
#646 = CIRCLE ( 'NONE', #903, 13.99999999999999822 ) ;
#647 = EDGE_CURVE ( 'NONE', #377, #732, #510, .T. ) ;
#648 = LINE ( 'NONE', #1099, #1244 ) ;
#649 = ADVANCED_FACE ( 'NONE', ( #957 ), #1408, .F. ) ;
#650 = CARTESIAN_POINT ( 'NONE',  ( 5.000000000000000000, 4.000000000000000000, -9.999999999999998224 ) ) ;
#651 = ORIENTED_EDGE ( 'NONE', *, *, #984, .T. ) ;
#652 = DIRECTION ( 'NONE',  ( 1.000000000000000000, 0.000000000000000000, 0.000000000000000000 ) ) ;
#653 = DIRECTION ( 'NONE',  ( 0.000000000000000000, 0.000000000000000000, 1.000000000000000000 ) ) ;
#654 = DIRECTION ( 'NONE',  ( -0.000000000000000000, -1.000000000000000000, -0.000000000000000000 ) ) ;
#655 = LINE ( 'NONE', #1453, #882 ) ;
#656 = ORIENTED_EDGE ( 'NONE', *, *, #699, .F. ) ;
#657 = EDGE_CURVE ( 'NONE', #1037, #1017, #756, .T. ) ;
#658 = DIRECTION ( 'NONE',  ( 0.000000000000000000, 0.000000000000000000, 1.000000000000000000 ) ) ;
#659 = LINE ( 'NONE', #567, #43 ) ;
#660 = CARTESIAN_POINT ( 'NONE',  ( 0.000000000000000000, 2.000000000000000000, 0.000000000000000000 ) ) ;
#661 = ORIENTED_EDGE ( 'NONE', *, *, #407, .F. ) ;
#662 = EDGE_CURVE ( 'NONE', #1158, #142, #382, .T. ) ;
#663 = FACE_OUTER_BOUND ( 'NONE', #8, .T. ) ;
#664 = AXIS2_PLACEMENT_3D ( 'NONE', #995, #1001, #1225 ) ;
#665 = AXIS2_PLACEMENT_3D ( 'NONE', #1302, #739, #619 ) ;
#666 =( NAMED_UNIT ( * ) PLANE_ANGLE_UNIT ( ) SI_UNIT ( $, .RADIAN. ) );
#667 = DIRECTION ( 'NONE',  ( 0.000000000000000000, 0.000000000000000000, 1.000000000000000000 ) ) ;
#668 = DIRECTION ( 'NONE',  ( 1.000000000000000000, 0.000000000000000000, -0.000000000000000000 ) ) ;
#669 = EDGE_CURVE ( 'NONE', #18, #226, #1094, .T. ) ;
#670 = ORIENTED_EDGE ( 'NONE', *, *, #237, .F. ) ;
#671 = DIRECTION ( 'NONE',  ( -0.000000000000000000, -0.000000000000000000, 1.000000000000000000 ) ) ;
#672 = DIRECTION ( 'NONE',  ( 0.000000000000000000, 0.000000000000000000, 1.000000000000000000 ) ) ;
#673 = CARTESIAN_POINT ( 'NONE',  ( 0.000000000000000000, 2.000000000000000000, 0.000000000000000000 ) ) ;
#674 = VERTEX_POINT ( 'NONE', #534 ) ;
#675 = LINE ( 'NONE', #315, #805 ) ;
#676 = VECTOR ( 'NONE', #74, 1000.000000000000000 ) ;
#677 = VECTOR ( 'NONE', #873, 1000.000000000000000 ) ;
#678 = VERTEX_POINT ( 'NONE', #334 ) ;
#679 = CARTESIAN_POINT ( 'NONE',  ( 0.000000000000000000, 0.000000000000000000, 0.000000000000000000 ) ) ;
#680 = DIRECTION ( 'NONE',  ( 0.000000000000000000, 0.8944271909999156334, -0.4472135954999582608 ) ) ;
#681 = CARTESIAN_POINT ( 'NONE',  ( 21.00000000000000355, -14.99999999999999822, -32.50000000000000000 ) ) ;
#682 = ORIENTED_EDGE ( 'NONE', *, *, #1076, .T. ) ;
#683 = DIRECTION ( 'NONE',  ( -1.000000000000000000, -0.000000000000000000, -0.000000000000000000 ) ) ;
#684 = VERTEX_POINT ( 'NONE', #1462 ) ;
#685 = ORIENTED_EDGE ( 'NONE', *, *, #450, .F. ) ;
#686 = EDGE_CURVE ( 'NONE', #722, #247, #1219, .T. ) ;
#687 = VECTOR ( 'NONE', #1097, 1000.000000000000000 ) ;
#688 = CARTESIAN_POINT ( 'NONE',  ( 45.50000000000000000, -3.000000000000000000, -11.00000000000000000 ) ) ;
#689 = CARTESIAN_POINT ( 'NONE',  ( 21.92330316937797363, -20.00000000000000000, -26.00000000000000000 ) ) ;
#690 = VERTEX_POINT ( 'NONE', #106 ) ;
#691 = CARTESIAN_POINT ( 'NONE',  ( 21.92330316937797363, -10.00000000000000000, -35.00000000000000000 ) ) ;
#692 = ORIENTED_EDGE ( 'NONE', *, *, #640, .T. ) ;
#693 = FACE_OUTER_BOUND ( 'NONE', #820, .T. ) ;
#694 = DIRECTION ( 'NONE',  ( 0.000000000000000000, 0.000000000000000000, -1.000000000000000000 ) ) ;
#695 = VERTEX_POINT ( 'NONE', #111 ) ;
#696 = UNCERTAINTY_MEASURE_WITH_UNIT (LENGTH_MEASURE( 1.000000000000000082E-05 ), #836, 'distance_accuracy_value', 'NONE');
#697 = DIRECTION ( 'NONE',  ( -0.000000000000000000, -0.000000000000000000, 1.000000000000000000 ) ) ;
#698 = ORIENTED_EDGE ( 'NONE', *, *, #39, .F. ) ;
#699 = EDGE_CURVE ( 'NONE', #740, #501, #1395, .T. ) ;
#700 = ORIENTED_EDGE ( 'NONE', *, *, #772, .F. ) ;
#701 = CARTESIAN_POINT ( 'NONE',  ( 55.00000000000000000, 0.000000000000000000, -4.999999999999999112 ) ) ;
#702 = DIRECTION ( 'NONE',  ( -0.000000000000000000, 1.000000000000000000, -0.000000000000000000 ) ) ;
#703 = EDGE_LOOP ( 'NONE', ( #782, #1056, #1194, #1152 ) ) ;
#704 = DIRECTION ( 'NONE',  ( -0.000000000000000000, 1.000000000000000000, -0.000000000000000000 ) ) ;
#705 = VERTEX_POINT ( 'NONE', #92 ) ;
#706 = EDGE_CURVE ( 'NONE', #722, #207, #788, .T. ) ;
#707 = CIRCLE ( 'NONE', #5, 1.500000000000001332 ) ;
#708 = EDGE_LOOP ( 'NONE', ( #656, #527 ) ) ;
#709 = CYLINDRICAL_SURFACE ( 'NONE', #725, 13.99999999999999822 ) ;
#710 = CARTESIAN_POINT ( 'NONE',  ( 15.00000000000000000, -30.00000000000000000, -4.999999999999999112 ) ) ;
#711 = AXIS2_PLACEMENT_3D ( 'NONE', #781, #206, #554 ) ;
#712 = VECTOR ( 'NONE', #1253, 1000.000000000000000 ) ;
#713 = FACE_BOUND ( 'NONE', #597, .T. ) ;
#714 = ADVANCED_FACE ( 'NONE', ( #225 ), #437, .T. ) ;
#715 = CARTESIAN_POINT ( 'NONE',  ( 85.00000000000000000, 0.000000000000000000, -30.00000000000000000 ) ) ;
#716 = EDGE_LOOP ( 'NONE', ( #513, #775, #812, #1064, #232, #308, #136, #1066, #1212, #587, #863, #1027 ) ) ;
#717 = VERTEX_POINT ( 'NONE', #1230 ) ;
#718 = CARTESIAN_POINT ( 'NONE',  ( 70.00000000000000000, 0.000000000000000000, -26.00000000000000000 ) ) ;
#719 = FACE_OUTER_BOUND ( 'NONE', #1359, .T. ) ;
#720 = FACE_OUTER_BOUND ( 'NONE', #899, .T. ) ;
#721 = DIRECTION ( 'NONE',  ( 0.000000000000000000, 0.000000000000000000, 1.000000000000000000 ) ) ;
#722 = VERTEX_POINT ( 'NONE', #321 ) ;
#723 = DIRECTION ( 'NONE',  ( 0.000000000000000000, 0.000000000000000000, -1.000000000000000000 ) ) ;
#724 = ORIENTED_EDGE ( 'NONE', *, *, #227, .T. ) ;
#725 = AXIS2_PLACEMENT_3D ( 'NONE', #408, #392, #184 ) ;
#726 = DIRECTION ( 'NONE',  ( 1.000000000000000000, 0.000000000000000000, -0.000000000000000000 ) ) ;
#727 = DIRECTION ( 'NONE',  ( 0.000000000000000000, 1.000000000000000000, 0.000000000000000000 ) ) ;
#728 = CARTESIAN_POINT ( 'NONE',  ( 85.00000000000000000, -10.00000000000000000, -35.00000000000000000 ) ) ;
#729 = DIRECTION ( 'NONE',  ( -1.000000000000000000, 0.000000000000000000, -0.000000000000000000 ) ) ;
#730 = EDGE_LOOP ( 'NONE', ( #800, #1266, #3, #65, #758 ) ) ;
#731 = DIRECTION ( 'NONE',  ( 1.000000000000000000, -0.000000000000000000, -0.000000000000000000 ) ) ;
#732 = VERTEX_POINT ( 'NONE', #544 ) ;
#733 = EDGE_CURVE ( 'NONE', #1023, #1398, #975, .T. ) ;
#734 = LINE ( 'NONE', #514, #1460 ) ;
#735 = EDGE_CURVE ( 'NONE', #31, #565, #1348, .T. ) ;
#736 = FACE_OUTER_BOUND ( 'NONE', #182, .T. ) ;
#737 = CIRCLE ( 'NONE', #358, 1.500000000000001332 ) ;
#738 = FACE_OUTER_BOUND ( 'NONE', #639, .T. ) ;
#739 = DIRECTION ( 'NONE',  ( -0.000000000000000000, 1.000000000000000000, -0.000000000000000000 ) ) ;
#740 = VERTEX_POINT ( 'NONE', #783 ) ;
#741 =( NAMED_UNIT ( * ) PLANE_ANGLE_UNIT ( ) SI_UNIT ( $, .RADIAN. ) );
#742 = VERTEX_POINT ( 'NONE', #989 ) ;
#743 = PLANE ( 'NONE',  #348 ) ;
#744 = CYLINDRICAL_SURFACE ( 'NONE', #1071, 5.000000000000005329 ) ;
#745 = DIRECTION ( 'NONE',  ( -0.000000000000000000, -0.000000000000000000, -1.000000000000000000 ) ) ;
#746 = CARTESIAN_POINT ( 'NONE',  ( 0.000000000000000000, 2.000000000000000000, -30.00000000000000000 ) ) ;
#747 = ORIENTED_EDGE ( 'NONE', *, *, #735, .F. ) ;
#748 = EDGE_CURVE ( 'NONE', #602, #281, #737, .T. ) ;
#749 = ORIENTED_EDGE ( 'NONE', *, *, #1291, .T. ) ;
#750 = VECTOR ( 'NONE', #352, 1000.000000000000000 ) ;
#751 = AXIS2_PLACEMENT_3D ( 'NONE', #1405, #402, #849 ) ;
#752 = VECTOR ( 'NONE', #1452, 1000.000000000000000 ) ;
#753 = DIRECTION ( 'NONE',  ( 1.000000000000000000, -0.000000000000000000, -0.000000000000000000 ) ) ;
#754 = DIRECTION ( 'NONE',  ( 0.000000000000000000, 0.000000000000000000, -1.000000000000000000 ) ) ;
#755 = EDGE_LOOP ( 'NONE', ( #357, #429, #573, #1333 ) ) ;
#756 = LINE ( 'NONE', #1102, #1015 ) ;
#757 = EDGE_CURVE ( 'NONE', #149, #1058, #1044, .T. ) ;
#758 = ORIENTED_EDGE ( 'NONE', *, *, #1131, .T. ) ;
#759 = CIRCLE ( 'NONE', #641, 1.499999999999994449 ) ;
#760 = PLANE ( 'NONE',  #374 ) ;
#761 = DIRECTION ( 'NONE',  ( 0.000000000000000000, 0.000000000000000000, 1.000000000000000000 ) ) ;
#762 = EDGE_LOOP ( 'NONE', ( #1415, #685, #243, #562 ) ) ;
#763 = CARTESIAN_POINT ( 'NONE',  ( 65.00000000000000000, 2.000000000000000000, -25.00000000000000000 ) ) ;
#764 = AXIS2_PLACEMENT_3D ( 'NONE', #313, #761, #668 ) ;
#765 = CIRCLE ( 'NONE', #1356, 4.999999999999998224 ) ;
#766 = EDGE_CURVE ( 'NONE', #980, #835, #1236, .T. ) ;
#767 = CARTESIAN_POINT ( 'NONE',  ( 5.000000000000000888, 4.000000000000000000, -2.602085213965210642E-15 ) ) ;
#768 = CARTESIAN_POINT ( 'NONE',  ( 21.50000000000000000, -3.000000000000000000, -4.999999999999999112 ) ) ;
#769 = ORIENTED_EDGE ( 'NONE', *, *, #766, .F. ) ;
#770 = CARTESIAN_POINT ( 'NONE',  ( 85.00000000000000000, -20.00000000000000000, -26.00000000000000000 ) ) ;
#771 = VECTOR ( 'NONE', #631, 1000.000000000000000 ) ;
#772 = EDGE_CURVE ( 'NONE', #1372, #302, #100, .T. ) ;
#773 = DIRECTION ( 'NONE',  ( 0.000000000000000000, 0.000000000000000000, -1.000000000000000000 ) ) ;
#774 = FACE_BOUND ( 'NONE', #708, .T. ) ;
#775 = ORIENTED_EDGE ( 'NONE', *, *, #388, .T. ) ;
#776 = FACE_OUTER_BOUND ( 'NONE', #1461, .T. ) ;
#777 = EDGE_CURVE ( 'NONE', #146, #742, #675, .T. ) ;
#778 = ADVANCED_FACE ( 'NONE', ( #776 ), #881, .F. ) ;
#779 = DIRECTION ( 'NONE',  ( 0.000000000000000000, -1.000000000000000000, 0.000000000000000000 ) ) ;
#780 = AXIS2_PLACEMENT_3D ( 'NONE', #763, #328, #556 ) ;
#781 = CARTESIAN_POINT ( 'NONE',  ( 23.00000000000000000, -27.00000000000000000, -11.00000000000000000 ) ) ;
#782 = ORIENTED_EDGE ( 'NONE', *, *, #1199, .F. ) ;
#783 = CARTESIAN_POINT ( 'NONE',  ( 24.50000000000000000, -27.00000000000000000, -4.999999999999999112 ) ) ;
#784 = AXIS2_PLACEMENT_3D ( 'NONE', #51, #386, #500 ) ;
#785 = LINE ( 'NONE', #459, #159 ) ;
#786 = CARTESIAN_POINT ( 'NONE',  ( 0.000000000000000000, 2.000000000000000000, 0.000000000000000000 ) ) ;
#787 = ORIENTED_EDGE ( 'NONE', *, *, #604, .T. ) ;
#788 = LINE ( 'NONE', #1448, #143 ) ;
#789 = DIRECTION ( 'NONE',  ( 0.000000000000000000, 0.000000000000000000, 1.000000000000000000 ) ) ;
#790 = PLANE ( 'NONE',  #990 ) ;
#791 = CARTESIAN_POINT ( 'NONE',  ( 21.31121720579900369, -11.60081251600029439, -34.19959374199985547 ) ) ;
#792 = ORIENTED_EDGE ( 'NONE', *, *, #907, .T. ) ;
#793 = FACE_OUTER_BOUND ( 'NONE', #1315, .T. ) ;
#794 = VECTOR ( 'NONE', #1021, 1000.000000000000000 ) ;
#795 = ORIENTED_EDGE ( 'NONE', *, *, #257, .T. ) ;
#796 = EDGE_CURVE ( 'NONE', #372, #1217, #1187, .T. ) ;
#797 = ORIENTED_EDGE ( 'NONE', *, *, #245, .F. ) ;
#798 = DIRECTION ( 'NONE',  ( 0.000000000000000000, 0.000000000000000000, -1.000000000000000000 ) ) ;
#799 = DIRECTION ( 'NONE',  ( 0.000000000000000000, 0.000000000000000000, 1.000000000000000000 ) ) ;
#800 = ORIENTED_EDGE ( 'NONE', *, *, #32, .T. ) ;
#801 = UNCERTAINTY_MEASURE_WITH_UNIT (LENGTH_MEASURE( 1.000000000000000082E-05 ), #1412, 'distance_accuracy_value', 'NONE');
#802 = CYLINDRICAL_SURFACE ( 'NONE', #473, 13.99999999999999822 ) ;
#803 = ORIENTED_EDGE ( 'NONE', *, *, #480, .F. ) ;
#804 = EDGE_LOOP ( 'NONE', ( #1257, #85, #370 ) ) ;
#805 = VECTOR ( 'NONE', #1341, 1000.000000000000000 ) ;
#806 = DIRECTION ( 'NONE',  ( 0.000000000000000000, 0.000000000000000000, 1.000000000000000000 ) ) ;
#807 = ADVANCED_FACE ( 'NONE', ( #663 ), #1114, .T. ) ;
#808 = AXIS2_PLACEMENT_3D ( 'NONE', #157, #608, #1053 ) ;
#809 = CARTESIAN_POINT ( 'NONE',  ( 48.49999999999999289, -27.00000000000000000, -35.00100000000000477 ) ) ;
#810 = ORIENTED_EDGE ( 'NONE', *, *, #1131, .F. ) ;
#811 = DIRECTION ( 'NONE',  ( 0.000000000000000000, -0.000000000000000000, 1.000000000000000000 ) ) ;
#812 = ORIENTED_EDGE ( 'NONE', *, *, #1181, .F. ) ;
#813 = ORIENTED_EDGE ( 'NONE', *, *, #888, .T. ) ;
#814 = AXIS2_PLACEMENT_3D ( 'NONE', #180, #1314, #843 ) ;
#815 = CARTESIAN_POINT ( 'NONE',  ( 48.07669683062202637, -20.00000000000000000, -30.00000000000000000 ) ) ;
#816 = EDGE_CURVE ( 'NONE', #71, #980, #263, .T. ) ;
#817 = PLANE ( 'NONE',  #338 ) ;
#818 = ORIENTED_EDGE ( 'NONE', *, *, #1431, .T. ) ;
#819 = CYLINDRICAL_SURFACE ( 'NONE', #617, 5.000000000000004441 ) ;
#820 = EDGE_LOOP ( 'NONE', ( #724, #239 ) ) ;
#821 = ORIENTED_EDGE ( 'NONE', *, *, #1199, .T. ) ;
#822 = EDGE_CURVE ( 'NONE', #18, #71, #1389, .T. ) ;
#823 = DIRECTION ( 'NONE',  ( 1.000000000000000000, 0.000000000000000000, 0.000000000000000000 ) ) ;
#824 = DIRECTION ( 'NONE',  ( 0.000000000000000000, 0.000000000000000000, -1.000000000000000000 ) ) ;
#825 = ORIENTED_EDGE ( 'NONE', *, *, #1060, .T. ) ;
#826 = DIRECTION ( 'NONE',  ( 0.000000000000000000, 0.000000000000000000, -1.000000000000000000 ) ) ;
#827 = AXIS2_PLACEMENT_3D ( 'NONE', #1416, #405, #982 ) ;
#828 = VERTEX_POINT ( 'NONE', #691 ) ;
#829 = CYLINDRICAL_SURFACE ( 'NONE', #398, 1.500000000000001332 ) ;
#830 = CARTESIAN_POINT ( 'NONE',  ( 48.68878279420100341, -11.60081251600028551, -34.19959374199985547 ) ) ;
#831 = AXIS2_PLACEMENT_3D ( 'NONE', #1107, #96, #1232 ) ;
#832 = VECTOR ( 'NONE', #1310, 1000.000000000000000 ) ;
#833 = CARTESIAN_POINT ( 'NONE',  ( 5.000000000000000000, 4.000000000000000000, -25.00000000000000000 ) ) ;
#834 = DIRECTION ( 'NONE',  ( 0.000000000000000000, 0.000000000000000000, 1.000000000000000000 ) ) ;
#835 = VERTEX_POINT ( 'NONE', #355 ) ;
#836 =( LENGTH_UNIT ( ) NAMED_UNIT ( * ) SI_UNIT ( .MILLI., .METRE. ) );
#837 = EDGE_LOOP ( 'NONE', ( #1043, #1000, #1233, #595, #571 ) ) ;
#838 = DIRECTION ( 'NONE',  ( -0.000000000000000000, 1.000000000000000000, -0.000000000000000000 ) ) ;
#839 = CYLINDRICAL_SURFACE ( 'NONE', #1283, 1.500000000000001332 ) ;
#840 = CARTESIAN_POINT ( 'NONE',  ( 5.000000000000000000, 2.000000000000000000, -30.00000000000000000 ) ) ;
#841 = CARTESIAN_POINT ( 'NONE',  ( 23.00000000000000000, -3.000000000000000000, -4.999999999999999112 ) ) ;
#842 = ORIENTED_EDGE ( 'NONE', *, *, #322, .T. ) ;
#843 = DIRECTION ( 'NONE',  ( 0.000000000000000000, 0.000000000000000000, -1.000000000000000000 ) ) ;
#844 = EDGE_CURVE ( 'NONE', #690, #1133, #998, .T. ) ;
#845 = EDGE_LOOP ( 'NONE', ( #424, #155 ) ) ;
#846 = ADVANCED_FACE ( 'NONE', ( #248 ), #802, .F. ) ;
#847 = CARTESIAN_POINT ( 'NONE',  ( 47.00000000000000000, -3.000000000000000000, -35.00100000000000477 ) ) ;
#848 = DIRECTION ( 'NONE',  ( -0.000000000000000000, -1.000000000000000000, -0.000000000000000000 ) ) ;
#849 = DIRECTION ( 'NONE',  ( 0.000000000000000000, 0.000000000000000000, -1.000000000000000000 ) ) ;
#850 = CARTESIAN_POINT ( 'NONE',  ( 85.00000000000000000, -20.00000000000000000, -26.00000000000000000 ) ) ;
#851 = EDGE_LOOP ( 'NONE', ( #543, #1031, #972, #472 ) ) ;
#852 = DIRECTION ( 'NONE',  ( 0.000000000000000000, 0.4472135954999583163, -0.8944271909999157444 ) ) ;
#853 = VERTEX_POINT ( 'NONE', #929 ) ;
#854 = DIRECTION ( 'NONE',  ( -1.000000000000000000, 0.000000000000000000, 0.000000000000000000 ) ) ;
#855 = DIRECTION ( 'NONE',  ( 0.000000000000000000, 0.000000000000000000, 1.000000000000000000 ) ) ;
#856 = AXIS2_PLACEMENT_3D ( 'NONE', #1128, #140, #914 ) ;
#857 = ADVANCED_FACE ( 'NONE', ( #456 ), #147, .F. ) ;
#858 = DIRECTION ( 'NONE',  ( -0.000000000000000000, -0.000000000000000000, 1.000000000000000000 ) ) ;
#859 = CIRCLE ( 'NONE', #1096, 1.499999999999994449 ) ;
#860 = CARTESIAN_POINT ( 'NONE',  ( 5.000000000000000000, 4.000000000000000000, -9.999999999999998224 ) ) ;
#861 = ORIENTED_EDGE ( 'NONE', *, *, #657, .F. ) ;
#862 = PRESENTATION_STYLE_ASSIGNMENT (( #1185 ) ) ;
#863 = ORIENTED_EDGE ( 'NONE', *, *, #245, .T. ) ;
#864 = DIRECTION ( 'NONE',  ( 1.000000000000000000, 0.000000000000000000, 0.000000000000000000 ) ) ;
#865 = CARTESIAN_POINT ( 'NONE',  ( 48.68878279420100341, -18.39918748399970738, -30.80040625800014453 ) ) ;
#866 = FACE_OUTER_BOUND ( 'NONE', #251, .T. ) ;
#867 = ORIENTED_EDGE ( 'NONE', *, *, #1203, .F. ) ;
#868 = CARTESIAN_POINT ( 'NONE',  ( -15.00000000000000000, 0.000000000000000000, -26.00000000000000000 ) ) ;
#869 = ORIENTED_EDGE ( 'NONE', *, *, #1203, .T. ) ;
#870 = VECTOR ( 'NONE', #269, 1000.000000000000000 ) ;
#871 = AXIS2_PLACEMENT_3D ( 'NONE', #1154, #1252, #25 ) ;
#872 = ADVANCED_FACE ( 'NONE', ( #22 ), #819, .T. ) ;
#873 = DIRECTION ( 'NONE',  ( 1.000000000000000000, 0.000000000000000000, -3.469446951953614189E-16 ) ) ;
#874 = LINE ( 'NONE', #1100, #1162 ) ;
#875 = EDGE_LOOP ( 'NONE', ( #1101, #692 ) ) ;
#876 = CARTESIAN_POINT ( 'NONE',  ( 5.000000000000000000, 2.000000000000000000, -5.000000000000000000 ) ) ;
#877 = ADVANCED_FACE ( 'NONE', ( #921 ), #563, .T. ) ;
#878 = CARTESIAN_POINT ( 'NONE',  ( 0.000000000000000000, 2.000000000000000000, -30.00000000000000000 ) ) ;
#879 = CARTESIAN_POINT ( 'NONE',  ( 65.00000000000000000, 4.000000000000000000, -25.00000000000000000 ) ) ;
#880 = ORIENTED_EDGE ( 'NONE', *, *, #1104, .F. ) ;
#881 = CYLINDRICAL_SURFACE ( 'NONE', #1374, 1.500000000000001332 ) ;
#882 = VECTOR ( 'NONE', #754, 1000.000000000000000 ) ;
#883 = VECTOR ( 'NONE', #285, 1000.000000000000000 ) ;
#884 = CARTESIAN_POINT ( 'NONE',  ( 65.00000000000000000, 4.000000000000000000, -5.000000000000000000 ) ) ;
#885 = FACE_OUTER_BOUND ( 'NONE', #399, .T. ) ;
#886 = ORIENTED_EDGE ( 'NONE', *, *, #322, .F. ) ;
#887 = DIRECTION ( 'NONE',  ( 1.000000000000000000, 3.469446951953614189E-16, 0.000000000000000000 ) ) ;
#888 = EDGE_CURVE ( 'NONE', #1112, #603, #1256, .T. ) ;
#889 = EDGE_CURVE ( 'NONE', #1437, #909, #1360, .T. ) ;
#890 =( BOUNDED_CURVE ( )  B_SPLINE_CURVE ( 3, ( #152, #865, #600, #1182 ),
 .UNSPECIFIED., .F., .T. ) 
 B_SPLINE_CURVE_WITH_KNOTS ( ( 4, 4 ),
 ( 1.205589105504529579, 1.570796326794896780 ),
 .UNSPECIFIED. ) 
 CURVE ( )  GEOMETRIC_REPRESENTATION_ITEM ( )  RATIONAL_B_SPLINE_CURVE ( ( 1.000000000000000000, 0.9889161569195694668, 0.9889161569195694668, 1.000000000000000000 ) ) 
 REPRESENTATION_ITEM ( '' )  );
#891 = LINE ( 'NONE', #434, #1177 ) ;
#892 = DIRECTION ( 'NONE',  ( 0.000000000000000000, 1.000000000000000000, 0.000000000000000000 ) ) ;
#893 = ORIENTED_EDGE ( 'NONE', *, *, #1449, .T. ) ;
#894 = DIRECTION ( 'NONE',  ( 0.000000000000000000, 0.000000000000000000, 1.000000000000000000 ) ) ;
#895 = DIRECTION ( 'NONE',  ( 1.000000000000000000, 0.000000000000000000, 0.000000000000000000 ) ) ;
#896 = FACE_OUTER_BOUND ( 'NONE', #716, .T. ) ;
#897 = VECTOR ( 'NONE', #731, 1000.000000000000000 ) ;
#898 = FACE_BOUND ( 'NONE', #256, .T. ) ;
#899 = EDGE_LOOP ( 'NONE', ( #332, #134, #477, #413 ) ) ;
#900 = ADVANCED_FACE ( 'NONE', ( #793 ), #258, .F. ) ;
#901 = CARTESIAN_POINT ( 'NONE',  ( 23.00000000000000000, -3.000000000000000000, -11.00000000000000000 ) ) ;
#902 = AXIS2_PLACEMENT_3D ( 'NONE', #1089, #45, #288 ) ;
#903 = AXIS2_PLACEMENT_3D ( 'NONE', #1036, #569, #339 ) ;
#904 = DIRECTION ( 'NONE',  ( -1.000000000000000000, 0.000000000000000000, 0.000000000000000000 ) ) ;
#905 = LINE ( 'NONE', #223, #712 ) ;
#906 = ORIENTED_EDGE ( 'NONE', *, *, #1192, .T. ) ;
#907 = EDGE_CURVE ( 'NONE', #1017, #139, #17, .T. ) ;
#908 = CARTESIAN_POINT ( 'NONE',  ( 65.00000000000000000, 4.000000000000000000, -25.00000000000000000 ) ) ;
#909 = VERTEX_POINT ( 'NONE', #1049 ) ;
#910 = EDGE_LOOP ( 'NONE', ( #1281, #958, #803, #1224, #1086, #519, #941, #436, #1178, #1258 ) ) ;
#911 = DIRECTION ( 'NONE',  ( -1.000000000000000000, 0.000000000000000000, 0.000000000000000000 ) ) ;
#912 = DIRECTION ( 'NONE',  ( 0.000000000000000000, 0.000000000000000000, 1.000000000000000000 ) ) ;
#913 = ORIENTED_EDGE ( 'NONE', *, *, #344, .F. ) ;
#914 = DIRECTION ( 'NONE',  ( 1.000000000000000000, 0.000000000000000000, 0.000000000000000000 ) ) ;
#915 = EDGE_LOOP ( 'NONE', ( #1365, #810, #19, #1051 ) ) ;
#916 = ORIENTED_EDGE ( 'NONE', *, *, #87, .F. ) ;
#917 = ADVANCED_FACE ( 'NONE', ( #462 ), #241, .T. ) ;
#918 = DIRECTION ( 'NONE',  ( -0.000000000000000000, -0.000000000000000000, -1.000000000000000000 ) ) ;
#919 = CARTESIAN_POINT ( 'NONE',  ( 21.92330316937797363, -20.00000000000000000, -30.00000000000000000 ) ) ;
#920 = ORIENTED_EDGE ( 'NONE', *, *, #63, .T. ) ;
#921 = FACE_OUTER_BOUND ( 'NONE', #349, .T. ) ;
#922 = ORIENTED_EDGE ( 'NONE', *, *, #253, .F. ) ;
#923 = ORIENTED_EDGE ( 'NONE', *, *, #640, .F. ) ;
#924 = ADVANCED_FACE ( 'NONE', ( #1373 ), #938, .T. ) ;
#925 = DIRECTION ( 'NONE',  ( -0.000000000000000000, -1.000000000000000000, -0.000000000000000000 ) ) ;
#926 = AXIS2_PLACEMENT_3D ( 'NONE', #1293, #653, #94 ) ;
#927 = CARTESIAN_POINT ( 'NONE',  ( 0.000000000000000000, 2.000000000000000000, -30.00000000000000000 ) ) ;
#928 = ORIENTED_EDGE ( 'NONE', *, *, #91, .F. ) ;
#929 = CARTESIAN_POINT ( 'NONE',  ( 70.00000000000000000, 0.000000000000000000, -30.00000000000000000 ) ) ;
#930 = VERTEX_POINT ( 'NONE', #485 ) ;
#931 = EDGE_LOOP ( 'NONE', ( #651, #124 ) ) ;
#932 = EDGE_CURVE ( 'NONE', #633, #740, #1265, .T. ) ;
#933 = EDGE_CURVE ( 'NONE', #391, #267, #859, .T. ) ;
#934 = LINE ( 'NONE', #1179, #324 ) ;
#935 = CARTESIAN_POINT ( 'NONE',  ( 0.000000000000000000, 2.000000000000000000, -5.000000000000000000 ) ) ;
#936 = ORIENTED_EDGE ( 'NONE', *, *, #1457, .F. ) ;
#937 =( BOUNDED_CURVE ( )  B_SPLINE_CURVE ( 3, ( #681, #1132, #130, #919 ),
 .UNSPECIFIED., .F., .F. ) 
 B_SPLINE_CURVE_WITH_KNOTS ( ( 4, 4 ),
 ( 4.712388980384689674, 5.077596201675055987 ),
 .UNSPECIFIED. ) 
 CURVE ( )  GEOMETRIC_REPRESENTATION_ITEM ( )  RATIONAL_B_SPLINE_CURVE ( ( 1.000000000000000000, 0.9889161569195694668, 0.9889161569195694668, 1.000000000000000000 ) ) 
 REPRESENTATION_ITEM ( '' )  );
#938 = PLANE ( 'NONE',  #1215 ) ;
#939 = VECTOR ( 'NONE', #1351, 1000.000000000000000 ) ;
#940 = AXIS2_PLACEMENT_3D ( 'NONE', #833, #1095, #83 ) ;
#941 = ORIENTED_EDGE ( 'NONE', *, *, #647, .F. ) ;
#942 = FACE_OUTER_BOUND ( 'NONE', #703, .T. ) ;
#943 = LINE ( 'NONE', #710, #1190 ) ;
#944 = DIRECTION ( 'NONE',  ( -0.000000000000000000, -0.000000000000000000, 1.000000000000000000 ) ) ;
#945 = FACE_OUTER_BOUND ( 'NONE', #915, .T. ) ;
#946 = EDGE_LOOP ( 'NONE', ( #464, #1296, #1155, #614, #187 ) ) ;
#947 = DIRECTION ( 'NONE',  ( 1.000000000000000000, 0.000000000000000000, 0.000000000000000000 ) ) ;
#948 = ORIENTED_EDGE ( 'NONE', *, *, #438, .T. ) ;
#949 = DIRECTION ( 'NONE',  ( -0.000000000000000000, -0.000000000000000000, 1.000000000000000000 ) ) ;
#950 = CARTESIAN_POINT ( 'NONE',  ( 49.00000000000000000, -15.00000000000000000, -32.50000000000000000 ) ) ;
#951 = AXIS2_PLACEMENT_3D ( 'NONE', #1142, #581, #468 ) ;
#952 = VECTOR ( 'NONE', #1164, 1000.000000000000000 ) ;
#953 = LINE ( 'NONE', #517, #1149 ) ;
#954 = CARTESIAN_POINT ( 'NONE',  ( 15.00000000000000000, -30.00000000000000000, -11.00000000000000000 ) ) ;
#955 = VERTEX_POINT ( 'NONE', #1073 ) ;
#956 = ADVANCED_FACE ( 'NONE', ( #1055 ), #1312, .T. ) ;
#957 = FACE_OUTER_BOUND ( 'NONE', #154, .T. ) ;
#958 = ORIENTED_EDGE ( 'NONE', *, *, #706, .F. ) ;
#959 = CARTESIAN_POINT ( 'NONE',  ( 0.000000000000000000, 2.000000000000000000, -30.00000000000000000 ) ) ;
#960 = CIRCLE ( 'NONE', #1080, 1.499999999999994449 ) ;
#961 = DIRECTION ( 'NONE',  ( -0.000000000000000000, -0.000000000000000000, 1.000000000000000000 ) ) ;
#962 = DIRECTION ( 'NONE',  ( 1.000000000000000000, 0.000000000000000000, 0.000000000000000000 ) ) ;
#963 = ORIENTED_EDGE ( 'NONE', *, *, #1159, .T. ) ;
#964 =( NAMED_UNIT ( * ) SI_UNIT ( $, .STERADIAN. ) SOLID_ANGLE_UNIT ( ) );
#965 = ORIENTED_EDGE ( 'NONE', *, *, #237, .T. ) ;
#966 = ADVANCED_BREP_SHAPE_REPRESENTATION ( 'engine mount, print', ( #583, #981 ), #174 ) ;
#967 = EDGE_CURVE ( 'NONE', #164, #955, #293, .T. ) ;
#968 = CARTESIAN_POINT ( 'NONE',  ( 21.50000000000000000, -27.00000000000000000, -4.999999999999999112 ) ) ;
#969 = DIRECTION ( 'NONE',  ( 1.000000000000000000, 0.000000000000000000, -3.469446951953614189E-16 ) ) ;
#970 = DIRECTION ( 'NONE',  ( 0.000000000000000000, 1.000000000000000000, 0.000000000000000000 ) ) ;
#971 = LINE ( 'NONE', #272, #566 ) ;
#972 = ORIENTED_EDGE ( 'NONE', *, *, #1008, .T. ) ;
#973 = CARTESIAN_POINT ( 'NONE',  ( 5.000000000000000000, 2.000000000000000000, -25.00000000000000000 ) ) ;
#974 = ORIENTED_EDGE ( 'NONE', *, *, #181, .T. ) ;
#975 = CIRCLE ( 'NONE', #524, 4.999999999999998224 ) ;
#976 = EDGE_CURVE ( 'NONE', #1133, #690, #1282, .T. ) ;
#977 = CARTESIAN_POINT ( 'NONE',  ( 48.07669683062202637, -10.00000000000000000, -35.00000000000000000 ) ) ;
#978 = AXIS2_PLACEMENT_3D ( 'NONE', #201, #1010, #549 ) ;
#979 = DIRECTION ( 'NONE',  ( 0.000000000000000000, 0.000000000000000000, -1.000000000000000000 ) ) ;
#980 = VERTEX_POINT ( 'NONE', #746 ) ;
#981 = AXIS2_PLACEMENT_3D ( 'NONE', #679, #789, #895 ) ;
#982 = DIRECTION ( 'NONE',  ( 0.000000000000000000, 0.000000000000000000, -1.000000000000000000 ) ) ;
#983 = PLANE ( 'NONE',  #751 ) ;
#984 = EDGE_CURVE ( 'NONE', #302, #1372, #215, .T. ) ;
#985 = CARTESIAN_POINT ( 'NONE',  ( 85.00000000000000000, 0.000000000000000000, -26.00000000000000000 ) ) ;
#986 = DIRECTION ( 'NONE',  ( 0.000000000000000000, -1.000000000000000000, 0.000000000000000000 ) ) ;
#987 = ORIENTED_EDGE ( 'NONE', *, *, #367, .T. ) ;
#988 = PRODUCT_DEFINITION_CONTEXT ( 'detailed design', #1240, 'design' ) ;
#989 = CARTESIAN_POINT ( 'NONE',  ( 49.00000000000000000, -15.00000000000000000, -26.00000000000000000 ) ) ;
#990 = AXIS2_PLACEMENT_3D ( 'NONE', #1245, #465, #680 ) ;
#991 = CIRCLE ( 'NONE', #940, 4.999999999999997335 ) ;
#992 = DIRECTION ( 'NONE',  ( 1.000000000000000000, -0.000000000000000000, -0.000000000000000000 ) ) ;
#993 = LINE ( 'NONE', #997, #30 ) ;
#994 = ORIENTED_EDGE ( 'NONE', *, *, #522, .F. ) ;
#995 = CARTESIAN_POINT ( 'NONE',  ( 5.000000000000000000, 4.000000000000000000, -5.000000000000000000 ) ) ;
#996 = DIRECTION ( 'NONE',  ( 0.000000000000000000, -1.000000000000000000, 0.000000000000000000 ) ) ;
#997 = CARTESIAN_POINT ( 'NONE',  ( 15.00000000000000000, 0.000000000000000000, -11.00000000000000000 ) ) ;
#998 = CIRCLE ( 'NONE', #856, 1.500000000000001332 ) ;
#999 = ADVANCED_FACE ( 'NONE', ( #186, #280, #493, #526, #1295 ), #76, .T. ) ;
#1000 = ORIENTED_EDGE ( 'NONE', *, *, #365, .F. ) ;
#1001 = DIRECTION ( 'NONE',  ( 0.000000000000000000, 1.000000000000000000, 0.000000000000000000 ) ) ;
#1002 = ADVANCED_FACE ( 'NONE', ( #945 ), #628, .T. ) ;
#1003 = DIRECTION ( 'NONE',  ( 0.000000000000000000, 0.000000000000000000, 1.000000000000000000 ) ) ;
#1004 = CARTESIAN_POINT ( 'NONE',  ( 85.00000000000000000, -20.00000000000000000, -30.00000000000000000 ) ) ;
#1005 = ORIENTED_EDGE ( 'NONE', *, *, #286, .F. ) ;
#1006 = CARTESIAN_POINT ( 'NONE',  ( 5.000000000000000000, 4.000000000000000000, -25.00000000000000000 ) ) ;
#1007 = STYLED_ITEM ( 'NONE', ( #862 ), #583 ) ;
#1008 = EDGE_CURVE ( 'NONE', #302, #18, #971, .T. ) ;
#1009 = DIRECTION ( 'NONE',  ( -0.000000000000000000, -0.000000000000000000, 1.000000000000000000 ) ) ;
#1010 = DIRECTION ( 'NONE',  ( -0.000000000000000000, -1.000000000000000000, -0.000000000000000000 ) ) ;
#1011 = EDGE_LOOP ( 'NONE', ( #1141, #259, #1127, #913, #457, #1119, #869 ) ) ;
#1012 = DIRECTION ( 'NONE',  ( -1.000000000000000000, 0.000000000000000000, 0.000000000000000000 ) ) ;
#1013 = EDGE_CURVE ( 'NONE', #1290, #705, #70, .T. ) ;
#1014 = DIRECTION ( 'NONE',  ( -0.000000000000000000, 1.000000000000000000, -0.000000000000000000 ) ) ;
#1015 = VECTOR ( 'NONE', #887, 1000.000000000000000 ) ;
#1016 = DIRECTION ( 'NONE',  ( 0.000000000000000000, 0.000000000000000000, -1.000000000000000000 ) ) ;
#1017 = VERTEX_POINT ( 'NONE', #1423 ) ;
#1018 = DIRECTION ( 'NONE',  ( 0.000000000000000000, 1.000000000000000000, 0.000000000000000000 ) ) ;
#1019 = VECTOR ( 'NONE', #704, 1000.000000000000000 ) ;
#1020 = VECTOR ( 'NONE', #1016, 1000.000000000000000 ) ;
#1021 = DIRECTION ( 'NONE',  ( 0.000000000000000000, 0.000000000000000000, 1.000000000000000000 ) ) ;
#1022 = DIRECTION ( 'NONE',  ( 0.000000000000000000, 0.000000000000000000, -1.000000000000000000 ) ) ;
#1023 = VERTEX_POINT ( 'NONE', #1397 ) ;
#1024 = DIRECTION ( 'NONE',  ( -0.000000000000000000, -0.000000000000000000, 1.000000000000000000 ) ) ;
#1025 = ORIENTED_EDGE ( 'NONE', *, *, #59, .T. ) ;
#1026 = EDGE_CURVE ( 'NONE', #674, #623, #1063, .T. ) ;
#1027 = ORIENTED_EDGE ( 'NONE', *, *, #490, .F. ) ;
#1028 = VECTOR ( 'NONE', #277, 1000.000000000000000 ) ;
#1029 = CARTESIAN_POINT ( 'NONE',  ( 5.000000000000000000, 2.000000000000000000, -25.00000000000000000 ) ) ;
#1030 = LINE ( 'NONE', #927, #1138 ) ;
#1031 = ORIENTED_EDGE ( 'NONE', *, *, #984, .F. ) ;
#1032 = CARTESIAN_POINT ( 'NONE',  ( 0.000000000000000000, 2.000000000000000000, 0.000000000000000000 ) ) ;
#1033 = ORIENTED_EDGE ( 'NONE', *, *, #195, .F. ) ;
#1034 = ORIENTED_EDGE ( 'NONE', *, *, #844, .T. ) ;
#1035 = CARTESIAN_POINT ( 'NONE',  ( 85.00000000000000000, -10.00000000000000000, -35.00000000000000000 ) ) ;
#1036 = CARTESIAN_POINT ( 'NONE',  ( 35.00000000000000000, -15.00000000000000000, -26.00000000000000000 ) ) ;
#1037 = VERTEX_POINT ( 'NONE', #954 ) ;
#1038 =( BOUNDED_CURVE ( )  B_SPLINE_CURVE ( 3, ( #475, #353, #238, #1238 ),
 .UNSPECIFIED., .F., .F. ) 
 B_SPLINE_CURVE_WITH_KNOTS ( ( 4, 4 ),
 ( 5.077596201675056875, 7.488774412684116477 ),
 .UNSPECIFIED. ) 
 CURVE ( )  GEOMETRIC_REPRESENTATION_ITEM ( )  RATIONAL_B_SPLINE_CURVE ( ( 1.000000000000000000, 0.5714285714285713969, 0.5714285714285713969, 1.000000000000000000 ) ) 
 REPRESENTATION_ITEM ( '' )  );
#1039 = DIRECTION ( 'NONE',  ( 1.000000000000000000, 0.000000000000000000, -3.469446951953614189E-16 ) ) ;
#1040 = EDGE_CURVE ( 'NONE', #1217, #372, #1235, .T. ) ;
#1041 = VERTEX_POINT ( 'NONE', #410 ) ;
#1042 = EDGE_CURVE ( 'NONE', #1322, #377, #1406, .T. ) ;
#1043 = ORIENTED_EDGE ( 'NONE', *, *, #686, .T. ) ;
#1044 = CIRCLE ( 'NONE', #664, 4.999999999999997335 ) ;
#1045 = VECTOR ( 'NONE', #1039, 1000.000000000000000 ) ;
#1046 = CARTESIAN_POINT ( 'NONE',  ( 70.00000000000000000, 2.000000000000000000, -30.00000000000000000 ) ) ;
#1047 = DIRECTION ( 'NONE',  ( -0.000000000000000000, 1.000000000000000000, -0.000000000000000000 ) ) ;
#1048 = EDGE_LOOP ( 'NONE', ( #72, #77, #340, #419 ) ) ;
#1049 = CARTESIAN_POINT ( 'NONE',  ( 70.00000000000000000, 0.000000000000000000, -2.428612866367529932E-14 ) ) ;
#1050 = ORIENTED_EDGE ( 'NONE', *, *, #733, .T. ) ;
#1051 = ORIENTED_EDGE ( 'NONE', *, *, #706, .T. ) ;
#1052 = CARTESIAN_POINT ( 'NONE',  ( 65.00000000000000000, 4.000000000000000000, -19.99999999999999645 ) ) ;
#1053 = DIRECTION ( 'NONE',  ( -1.000000000000000000, -3.469446951953613696E-16, 0.000000000000000000 ) ) ;
#1054 = FACE_OUTER_BOUND ( 'NONE', #420, .T. ) ;
#1055 = FACE_OUTER_BOUND ( 'NONE', #946, .T. ) ;
#1056 = ORIENTED_EDGE ( 'NONE', *, *, #748, .F. ) ;
#1057 = VECTOR ( 'NONE', #1003, 1000.000000000000000 ) ;
#1058 = VERTEX_POINT ( 'NONE', #860 ) ;
#1059 = DIRECTION ( 'NONE',  ( -0.000000000000000000, -1.000000000000000000, -0.000000000000000000 ) ) ;
#1060 = EDGE_CURVE ( 'NONE', #955, #164, #316, .T. ) ;
#1061 = CARTESIAN_POINT ( 'NONE',  ( 23.00000000000000000, -3.000000000000000000, -35.00100000000000477 ) ) ;
#1062 = DIRECTION ( 'NONE',  ( 1.000000000000000000, 0.000000000000000000, 0.000000000000000000 ) ) ;
#1063 = LINE ( 'NONE', #715, #1113 ) ;
#1064 = ORIENTED_EDGE ( 'NONE', *, *, #669, .F. ) ;
#1065 = LINE ( 'NONE', #53, #448 ) ;
#1066 = ORIENTED_EDGE ( 'NONE', *, *, #195, .T. ) ;
#1067 = AXIS2_PLACEMENT_3D ( 'NONE', #901, #671, #1109 ) ;
#1068 = FACE_OUTER_BOUND ( 'NONE', #762, .T. ) ;
#1069 = DIRECTION ( 'NONE',  ( -3.469446951953614189E-16, 0.000000000000000000, -1.000000000000000000 ) ) ;
#1070 = VECTOR ( 'NONE', #518, 1000.000000000000000 ) ;
#1071 = AXIS2_PLACEMENT_3D ( 'NONE', #49, #848, #1278 ) ;
#1072 = CARTESIAN_POINT ( 'NONE',  ( 35.00000000000000000, -15.00000000000000000, -35.00100000000000477 ) ) ;
#1073 = CARTESIAN_POINT ( 'NONE',  ( 45.50000000000000000, -3.000000000000000000, -4.999999999999999112 ) ) ;
#1074 = EDGE_LOOP ( 'NONE', ( #963, #463 ) ) ;
#1075 = CARTESIAN_POINT ( 'NONE',  ( 21.00000000000000000, -14.99999999999999822, -26.00000000000000000 ) ) ;
#1076 = EDGE_CURVE ( 'NONE', #589, #18, #1354, .T. ) ;
#1077 = ORIENTED_EDGE ( 'NONE', *, *, #1306, .F. ) ;
#1078 = FACE_OUTER_BOUND ( 'NONE', #1090, .T. ) ;
#1079 = CARTESIAN_POINT ( 'NONE',  ( 70.00000000000000000, 0.000000000000000000, -30.00000000000000000 ) ) ;
#1080 = AXIS2_PLACEMENT_3D ( 'NONE', #1308, #607, #1198 ) ;
#1081 = CARTESIAN_POINT ( 'NONE',  ( 48.50000000000000000, -3.000000000000000000, -35.00100000000000477 ) ) ;
#1082 = DIRECTION ( 'NONE',  ( 1.000000000000000000, 0.000000000000000000, 0.000000000000000000 ) ) ;
#1083 = ORIENTED_EDGE ( 'NONE', *, *, #630, .F. ) ;
#1084 = CARTESIAN_POINT ( 'NONE',  ( 15.00000000000000000, -30.00000000000000000, -4.999999999999999112 ) ) ;
#1085 = EDGE_CURVE ( 'NONE', #603, #717, #178, .T. ) ;
#1086 = ORIENTED_EDGE ( 'NONE', *, *, #609, .F. ) ;
#1087 = CARTESIAN_POINT ( 'NONE',  ( 15.00000000000000000, -30.00000000000000000, -4.999999999999999112 ) ) ;
#1088 = CYLINDRICAL_SURFACE ( 'NONE', #557, 1.500000000000001332 ) ;
#1089 = CARTESIAN_POINT ( 'NONE',  ( 65.00000000000000000, 4.000000000000000000, -25.00000000000000000 ) ) ;
#1090 = EDGE_LOOP ( 'NONE', ( #1376, #821, #825, #698 ) ) ;
#1091 = DIRECTION ( 'NONE',  ( -0.000000000000000000, 1.000000000000000000, -0.000000000000000000 ) ) ;
#1092 = ADVANCED_FACE ( 'NONE', ( #866 ), #161, .F. ) ;
#1093 = ORIENTED_EDGE ( 'NONE', *, *, #189, .T. ) ;
#1094 = CIRCLE ( 'NONE', #780, 5.000000000000004441 ) ;
#1095 = DIRECTION ( 'NONE',  ( 0.000000000000000000, 1.000000000000000000, 0.000000000000000000 ) ) ;
#1096 = AXIS2_PLACEMENT_3D ( 'NONE', #601, #1434, #611 ) ;
#1097 = DIRECTION ( 'NONE',  ( -0.000000000000000000, -1.000000000000000000, -0.000000000000000000 ) ) ;
#1098 = ORIENTED_EDGE ( 'NONE', *, *, #1008, .F. ) ;
#1099 = CARTESIAN_POINT ( 'NONE',  ( 5.000000000000000888, 4.000000000000000000, -2.602085213965210642E-15 ) ) ;
#1100 = CARTESIAN_POINT ( 'NONE',  ( 70.00000000000000000, 2.000000000000000000, -2.428612866367529932E-14 ) ) ;
#1101 = ORIENTED_EDGE ( 'NONE', *, *, #450, .T. ) ;
#1102 = CARTESIAN_POINT ( 'NONE',  ( 15.00000000000000000, -30.00000000000000000, -11.00000000000000000 ) ) ;
#1103 = CARTESIAN_POINT ( 'NONE',  ( 21.92330316937798074, -20.00000000000000000, -35.00100000000000477 ) ) ;
#1104 = EDGE_CURVE ( 'NONE', #705, #1037, #993, .T. ) ;
#1105 = ADVANCED_FACE ( 'NONE', ( #537, #774, #1209, #898, #1446 ), #1118, .F. ) ;
#1106 = CARTESIAN_POINT ( 'NONE',  ( 65.00000000000000000, 2.000000000000000000, -19.99999999999999645 ) ) ;
#1107 = CARTESIAN_POINT ( 'NONE',  ( 5.000000000000000000, 2.000000000000000000, -25.00000000000000000 ) ) ;
#1108 = ORIENTED_EDGE ( 'NONE', *, *, #932, .T. ) ;
#1109 = DIRECTION ( 'NONE',  ( -1.000000000000000000, 0.000000000000000000, 0.000000000000000000 ) ) ;
#1110 = CARTESIAN_POINT ( 'NONE',  ( 55.00000000000000000, -29.99999999999998579, -4.999999999999999112 ) ) ;
#1111 = CARTESIAN_POINT ( 'NONE',  ( 15.00000000000000000, 0.000000000000000000, -4.999999999999999112 ) ) ;
#1112 = VERTEX_POINT ( 'NONE', #102 ) ;
#1113 = VECTOR ( 'NONE', #1166, 1000.000000000000000 ) ;
#1114 = CYLINDRICAL_SURFACE ( 'NONE', #290, 5.000000000000004441 ) ;
#1115 = ADVANCED_FACE ( 'NONE', ( #885 ), #89, .F. ) ;
#1116 = AXIS2_PLACEMENT_3D ( 'NONE', #616, #1069, #58 ) ;
#1117 = CARTESIAN_POINT ( 'NONE',  ( 48.07669683062202637, -20.00000000000000000, -26.00000000000000000 ) ) ;
#1118 = PLANE ( 'NONE',  #594 ) ;
#1119 = ORIENTED_EDGE ( 'NONE', *, *, #63, .F. ) ;
#1120 = CARTESIAN_POINT ( 'NONE',  ( 21.00000000000000355, -14.99999999999999822, -35.00100000000000477 ) ) ;
#1121 = ADVANCED_FACE ( 'NONE', ( #319 ), #212, .T. ) ;
#1122 = VECTOR ( 'NONE', #1378, 1000.000000000000000 ) ;
#1123 = AXIS2_PLACEMENT_3D ( 'NONE', #728, #60, #287 ) ;
#1124 = CIRCLE ( 'NONE', #606, 5.000000000000004441 ) ;
#1125 = DIRECTION ( 'NONE',  ( -0.000000000000000000, 1.000000000000000000, -0.000000000000000000 ) ) ;
#1126 = LINE ( 'NONE', #117, #199 ) ;
#1127 = ORIENTED_EDGE ( 'NONE', *, *, #1150, .F. ) ;
#1128 = CARTESIAN_POINT ( 'NONE',  ( 23.00000000000000000, -3.000000000000000000, -4.999999999999999112 ) ) ;
#1129 = ADVANCED_FACE ( 'NONE', ( #532 ), #305, .T. ) ;
#1130 = CARTESIAN_POINT ( 'NONE',  ( 65.00000000000000000, 4.000000000000000000, -30.00000000000000711 ) ) ;
#1131 = EDGE_CURVE ( 'NONE', #247, #300, #1332, .T. ) ;
#1132 = CARTESIAN_POINT ( 'NONE',  ( 21.00000000000000355, -16.71384069802113714, -31.64307965098942788 ) ) ;
#1133 = VERTEX_POINT ( 'NONE', #768 ) ;
#1134 = DIRECTION ( 'NONE',  ( 1.000000000000000000, 0.000000000000000000, 0.000000000000000000 ) ) ;
#1135 = EDGE_LOOP ( 'NONE', ( #1005, #1418, #582, #250 ) ) ;
#1136 = CIRCLE ( 'NONE', #1331, 5.000000000000004441 ) ;
#1137 = ORIENTED_EDGE ( 'NONE', *, *, #662, .F. ) ;
#1138 = VECTOR ( 'NONE', #799, 1000.000000000000000 ) ;
#1139 = CARTESIAN_POINT ( 'NONE',  ( 24.50000000000000000, -3.000000000000000000, -11.00000000000000000 ) ) ;
#1140 = DIRECTION ( 'NONE',  ( 0.000000000000000000, -0.000000000000000000, -1.000000000000000000 ) ) ;
#1141 = ORIENTED_EDGE ( 'NONE', *, *, #1432, .T. ) ;
#1142 = CARTESIAN_POINT ( 'NONE',  ( 5.000000000000000000, 4.000000000000000000, -25.00000000000000000 ) ) ;
#1143 = ORIENTED_EDGE ( 'NONE', *, *, #198, .F. ) ;
#1144 = PRESENTATION_LAYER_ASSIGNMENT (  '', '', ( #1007 ) ) ;
#1145 = ADVANCED_FACE ( 'NONE', ( #1227 ), #440, .T. ) ;
#1146 = FACE_OUTER_BOUND ( 'NONE', #1011, .T. ) ;
#1147 = CARTESIAN_POINT ( 'NONE',  ( 47.00000000000000000, -3.000000000000000000, -11.00000000000000000 ) ) ;
#1148 = EDGE_LOOP ( 'NONE', ( #1083, #1274, #1263, #396, #987 ) ) ;
#1149 = VECTOR ( 'NONE', #1396, 1000.000000000000000 ) ;
#1150 = EDGE_CURVE ( 'NONE', #345, #853, #331, .T. ) ;
#1151 = CARTESIAN_POINT ( 'NONE',  ( 24.50000000000000000, -27.00000000000000000, -35.00100000000000477 ) ) ;
#1152 = ORIENTED_EDGE ( 'NONE', *, *, #967, .T. ) ;
#1153 = ORIENTED_EDGE ( 'NONE', *, *, #522, .T. ) ;
#1154 = CARTESIAN_POINT ( 'NONE',  ( 5.000000000000000000, 4.000000000000000000, -25.00000000000000000 ) ) ;
#1155 = ORIENTED_EDGE ( 'NONE', *, *, #431, .T. ) ;
#1156 = VECTOR ( 'NONE', #1456, 1000.000000000000000 ) ;
#1157 = CARTESIAN_POINT ( 'NONE',  ( 0.000000000000000000, 2.000000000000000000, -30.00000000000000000 ) ) ;
#1158 = VERTEX_POINT ( 'NONE', #109 ) ;
#1159 = EDGE_CURVE ( 'NONE', #633, #678, #530, .T. ) ;
#1160 = EDGE_CURVE ( 'NONE', #732, #23, #655, .T. ) ;
#1161 = VECTOR ( 'NONE', #1223, 1000.000000000000000 ) ;
#1162 = VECTOR ( 'NONE', #14, 1000.000000000000000 ) ;
#1163 = CARTESIAN_POINT ( 'NONE',  ( 47.00000000000000000, -27.00000000000000000, -11.00000000000000000 ) ) ;
#1164 = DIRECTION ( 'NONE',  ( -0.000000000000000000, -0.000000000000000000, 1.000000000000000000 ) ) ;
#1165 = PLANE ( 'NONE',  #373 ) ;
#1166 = DIRECTION ( 'NONE',  ( 0.000000000000000000, -0.8944271909999157444, -0.4472135954999582608 ) ) ;
#1167 = ORIENTED_EDGE ( 'NONE', *, *, #1239, .T. ) ;
#1168 = EDGE_LOOP ( 'NONE', ( #47, #1241, #1184, #46, #347 ) ) ;
#1169 = EDGE_CURVE ( 'NONE', #71, #835, #502, .T. ) ;
#1170 = DIRECTION ( 'NONE',  ( -1.000000000000000000, 0.000000000000000000, 0.000000000000000000 ) ) ;
#1171 = LINE ( 'NONE', #204, #832 ) ;
#1172 = CARTESIAN_POINT ( 'NONE',  ( 23.00000000000000000, -27.00000000000000000, -35.00100000000000477 ) ) ;
#1173 = CARTESIAN_POINT ( 'NONE',  ( 65.00000000000000000, 4.000000000000000000, -10.00000000000000533 ) ) ;
#1174 = ORIENTED_EDGE ( 'NONE', *, *, #559, .F. ) ;
#1175 = VECTOR ( 'NONE', #918, 1000.000000000000000 ) ;
#1176 = CARTESIAN_POINT ( 'NONE',  ( 85.00000000000000000, 0.000000000000000000, -30.00000000000000000 ) ) ;
#1177 = VECTOR ( 'NONE', #1330, 1000.000000000000000 ) ;
#1178 = ORIENTED_EDGE ( 'NONE', *, *, #366, .F. ) ;
#1179 = CARTESIAN_POINT ( 'NONE',  ( 85.00000000000000000, -10.00000000000000000, -35.00000000000000000 ) ) ;
#1180 = FACE_OUTER_BOUND ( 'NONE', #533, .T. ) ;
#1181 = EDGE_CURVE ( 'NONE', #226, #589, #1136, .T. ) ;
#1182 = CARTESIAN_POINT ( 'NONE',  ( 49.00000000000000000, -15.00000000000000000, -32.50000000000000000 ) ) ;
#1183 = DIRECTION ( 'NONE',  ( -1.000000000000000000, 0.000000000000000000, -0.000000000000000000 ) ) ;
#1184 = ORIENTED_EDGE ( 'NONE', *, *, #662, .T. ) ;
#1185 = SURFACE_STYLE_USAGE ( .BOTH. , #64 ) ;
#1186 = ORIENTED_EDGE ( 'NONE', *, *, #1026, .T. ) ;
#1187 = CIRCLE ( 'NONE', #1067, 1.500000000000001332 ) ;
#1188 = CARTESIAN_POINT ( 'NONE',  ( 85.00000000000000000, 0.000000000000000000, -26.00000000000000000 ) ) ;
#1189 = FACE_OUTER_BOUND ( 'NONE', #1048, .T. ) ;
#1190 = VECTOR ( 'NONE', #296, 1000.000000000000000 ) ;
#1192 = EDGE_CURVE ( 'NONE', #1058, #1023, #2, .T. ) ;
#1191 = LINE ( 'NONE', #1081, #1465 ) ;
#1193 = DIRECTION ( 'NONE',  ( 0.000000000000000000, 0.000000000000000000, 1.000000000000000000 ) ) ;
#1194 = ORIENTED_EDGE ( 'NONE', *, *, #39, .T. ) ;
#1195 = CARTESIAN_POINT ( 'NONE',  ( 70.00000000000000000, 2.000000000000000000, -25.00000000000000000 ) ) ;
#1196 = ORIENTED_EDGE ( 'NONE', *, *, #148, .F. ) ;
#1197 =( BOUNDED_CURVE ( )  B_SPLINE_CURVE ( 3, ( #1358, #791, #231, #466 ),
 .UNSPECIFIED., .F., .F. ) 
 B_SPLINE_CURVE_WITH_KNOTS ( ( 4, 4 ),
 ( 4.347181759094323361, 4.712388980384689674 ),
 .UNSPECIFIED. ) 
 CURVE ( )  GEOMETRIC_REPRESENTATION_ITEM ( )  RATIONAL_B_SPLINE_CURVE ( ( 1.000000000000000000, 0.9889161569195694668, 0.9889161569195694668, 1.000000000000000000 ) ) 
 REPRESENTATION_ITEM ( '' )  );
#1198 = DIRECTION ( 'NONE',  ( 1.000000000000000000, 0.000000000000000000, 0.000000000000000000 ) ) ;
#1199 = EDGE_CURVE ( 'NONE', #281, #955, #84, .T. ) ;
#1200 = CYLINDRICAL_SURFACE ( 'NONE', #635, 1.500000000000001332 ) ;
#1201 = DIRECTION ( 'NONE',  ( 1.000000000000000000, 0.000000000000000000, 0.000000000000000000 ) ) ;
#1202 = ORIENTED_EDGE ( 'NONE', *, *, #757, .T. ) ;
#1203 = EDGE_CURVE ( 'NONE', #684, #909, #874, .T. ) ;
#1204 = CARTESIAN_POINT ( 'NONE',  ( 65.00000000000000000, 4.000000000000000000, -10.00000000000000533 ) ) ;
#1205 = ORIENTED_EDGE ( 'NONE', *, *, #431, .F. ) ;
#1206 = VECTOR ( 'NONE', #610, 1000.000000000000000 ) ;
#1207 = VECTOR ( 'NONE', #753, 1000.000000000000000 ) ;
#1208 = LINE ( 'NONE', #1226, #425 ) ;
#1209 = FACE_BOUND ( 'NONE', #202, .T. ) ;
#1210 = ORIENTED_EDGE ( 'NONE', *, *, #1159, .F. ) ;
#1211 = CARTESIAN_POINT ( 'NONE',  ( 23.00000000000000000, -27.00000000000000000, -4.999999999999999112 ) ) ;
#1212 = ORIENTED_EDGE ( 'NONE', *, *, #733, .F. ) ;
#1213 = AXIS2_PLACEMENT_3D ( 'NONE', #442, #203, #219 ) ;
#1214 = CARTESIAN_POINT ( 'NONE',  ( 65.00000000000000000, 4.000000000000000000, 4.336808689942017736E-15 ) ) ;
#1215 = AXIS2_PLACEMENT_3D ( 'NONE', #362, #28, #811 ) ;
#1216 = DIRECTION ( 'NONE',  ( 0.000000000000000000, -0.000000000000000000, -1.000000000000000000 ) ) ;
#1217 = VERTEX_POINT ( 'NONE', #1371 ) ;
#1218 = CIRCLE ( 'NONE', #105, 4.999999999999997335 ) ;
#1219 = LINE ( 'NONE', #770, #1156 ) ;
#1220 = LINE ( 'NONE', #376, #952 ) ;
#1221 = EDGE_CURVE ( 'NONE', #742, #565, #646, .T. ) ;
#1222 = DIRECTION ( 'NONE',  ( -1.000000000000000000, -0.000000000000000000, -0.000000000000000000 ) ) ;
#1223 = DIRECTION ( 'NONE',  ( -0.000000000000000000, -1.000000000000000000, -0.000000000000000000 ) ) ;
#1224 = ORIENTED_EDGE ( 'NONE', *, *, #209, .F. ) ;
#1225 = DIRECTION ( 'NONE',  ( 0.000000000000000000, 0.000000000000000000, 1.000000000000000000 ) ) ;
#1226 = CARTESIAN_POINT ( 'NONE',  ( 21.50000000000000000, -27.00000000000000000, -35.00100000000000477 ) ) ;
#1227 = FACE_OUTER_BOUND ( 'NONE', #931, .T. ) ;
#1228 = VERTEX_POINT ( 'NONE', #255 ) ;
#1229 = EDGE_CURVE ( 'NONE', #1058, #149, #1218, .T. ) ;
#1230 = CARTESIAN_POINT ( 'NONE',  ( 65.00000000000000000, 2.000000000000000000, -10.00000000000000533 ) ) ;
#1231 = DIRECTION ( 'NONE',  ( -0.000000000000000000, -0.000000000000000000, -1.000000000000000000 ) ) ;
#1232 = DIRECTION ( 'NONE',  ( 0.000000000000000000, 0.000000000000000000, -1.000000000000000000 ) ) ;
#1233 = ORIENTED_EDGE ( 'NONE', *, *, #1026, .F. ) ;
#1234 = EDGE_CURVE ( 'NONE', #1398, #930, #1030, .T. ) ;
#1235 = CIRCLE ( 'NONE', #784, 1.500000000000001332 ) ;
#1236 = LINE ( 'NONE', #1355, #432 ) ;
#1237 = DIRECTION ( 'NONE',  ( 0.000000000000000000, 0.000000000000000000, -1.000000000000000000 ) ) ;
#1238 = CARTESIAN_POINT ( 'NONE',  ( 21.92330316937797363, -10.00000000000000000, -35.00000000000000000 ) ) ;
#1239 = EDGE_CURVE ( 'NONE', #23, #292, #905, .T. ) ;
#1241 = ORIENTED_EDGE ( 'NONE', *, *, #253, .T. ) ;
#1240 = APPLICATION_CONTEXT ( 'automotive_design' ) ;
#1242 = DIRECTION ( 'NONE',  ( 0.000000000000000000, 0.000000000000000000, -1.000000000000000000 ) ) ;
#1243 = AXIS2_PLACEMENT_3D ( 'NONE', #337, #672, #577 ) ;
#1244 = VECTOR ( 'NONE', #88, 1000.000000000000000 ) ;
#1245 = CARTESIAN_POINT ( 'NONE',  ( 85.00000000000000000, -10.00000000000000000, -35.00000000000000000 ) ) ;
#1246 = FACE_OUTER_BOUND ( 'NONE', #804, .T. ) ;
#1247 = ORIENTED_EDGE ( 'NONE', *, *, #907, .F. ) ;
#1248 = CARTESIAN_POINT ( 'NONE',  ( 47.00000000000000000, -27.00000000000000000, -35.00100000000000477 ) ) ;
#1249 = ORIENTED_EDGE ( 'NONE', *, *, #286, .T. ) ;
#1250 = PRODUCT ( 'engine mount, print', 'engine mount, print', '', ( #449 ) ) ;
#1251 = ORIENTED_EDGE ( 'NONE', *, *, #32, .F. ) ;
#1252 = DIRECTION ( 'NONE',  ( 0.000000000000000000, 1.000000000000000000, 0.000000000000000000 ) ) ;
#1253 = DIRECTION ( 'NONE',  ( 1.000000000000000000, -0.000000000000000000, -0.000000000000000000 ) ) ;
#1254 = VERTEX_POINT ( 'NONE', #123 ) ;
#1255 = DIRECTION ( 'NONE',  ( 0.000000000000000000, -0.000000000000000000, 1.000000000000000000 ) ) ;
#1256 = CIRCLE ( 'NONE', #476, 5.000000000000004441 ) ;
#1257 = ORIENTED_EDGE ( 'NONE', *, *, #1169, .F. ) ;
#1258 = ORIENTED_EDGE ( 'NONE', *, *, #1221, .F. ) ;
#1259 = ADVANCED_FACE ( 'NONE', ( #1246 ), #817, .F. ) ;
#1260 = EDGE_CURVE ( 'NONE', #853, #674, #1126, .T. ) ;
#1261 = FACE_OUTER_BOUND ( 'NONE', #455, .T. ) ;
#1262 = CARTESIAN_POINT ( 'NONE',  ( 5.000000000000000000, 2.000000000000000000, -5.000000000000000000 ) ) ;
#1263 = ORIENTED_EDGE ( 'NONE', *, *, #471, .T. ) ;
#1264 = PRODUCT_DEFINITION_SHAPE ( 'NONE', 'NONE',  #570 ) ;
#1265 = LINE ( 'NONE', #1151, #197 ) ;
#1266 = ORIENTED_EDGE ( 'NONE', *, *, #1457, .T. ) ;
#1267 = EDGE_LOOP ( 'NONE', ( #1327, #1247, #861, #880 ) ) ;
#1268 = AXIS2_PLACEMENT_3D ( 'NONE', #67, #838, #1292 ) ;
#1269 = PLANE ( 'NONE',  #112 ) ;
#1270 = FACE_OUTER_BOUND ( 'NONE', #273, .T. ) ;
#1271 = ORIENTED_EDGE ( 'NONE', *, *, #220, .T. ) ;
#1272 =( BOUNDED_CURVE ( )  B_SPLINE_CURVE ( 3, ( #950, #1394, #830, #270 ),
 .UNSPECIFIED., .F., .F. ) 
 B_SPLINE_CURVE_WITH_KNOTS ( ( 4, 4 ),
 ( 1.570796326794896780, 1.936003548085264203 ),
 .UNSPECIFIED. ) 
 CURVE ( )  GEOMETRIC_REPRESENTATION_ITEM ( )  RATIONAL_B_SPLINE_CURVE ( ( 1.000000000000000000, 0.9889161569195692447, 0.9889161569195692447, 1.000000000000000000 ) ) 
 REPRESENTATION_ITEM ( '' )  );
#1273 = DIRECTION ( 'NONE',  ( 0.000000000000000000, 0.000000000000000000, 1.000000000000000000 ) ) ;
#1274 = ORIENTED_EDGE ( 'NONE', *, *, #227, .F. ) ;
#1275 = EDGE_CURVE ( 'NONE', #118, #674, #561, .T. ) ;
#1276 = EDGE_LOOP ( 'NONE', ( #550, #363, #179, #1205, #110 ) ) ;
#1277 = DIRECTION ( 'NONE',  ( -0.000000000000000000, -0.000000000000000000, 1.000000000000000000 ) ) ;
#1278 = DIRECTION ( 'NONE',  ( 0.000000000000000000, 0.000000000000000000, -1.000000000000000000 ) ) ;
#1279 = DIRECTION ( 'NONE',  ( 0.000000000000000000, 0.000000000000000000, -1.000000000000000000 ) ) ;
#1280 = ORIENTED_EDGE ( 'NONE', *, *, #1344, .F. ) ;
#1281 = ORIENTED_EDGE ( 'NONE', *, *, #1419, .F. ) ;
#1282 = CIRCLE ( 'NONE', #433, 1.500000000000001332 ) ;
#1283 = AXIS2_PLACEMENT_3D ( 'NONE', #1061, #262, #1300 ) ;
#1284 = DIRECTION ( 'NONE',  ( 0.000000000000000000, 0.000000000000000000, -1.000000000000000000 ) ) ;
#1285 = CARTESIAN_POINT ( 'NONE',  ( 65.00000000000000000, 4.000000000000000000, -19.99999999999999645 ) ) ;
#1286 = CARTESIAN_POINT ( 'NONE',  ( 21.50000000000000000, -3.000000000000000000, -35.00100000000000477 ) ) ;
#1287 = ADVANCED_FACE ( 'NONE', ( #1270 ), #1352, .T. ) ;
#1288 = DIRECTION ( 'NONE',  ( -1.000000000000000000, 0.000000000000000000, 0.000000000000000000 ) ) ;
#1289 = ORIENTED_EDGE ( 'NONE', *, *, #976, .T. ) ;
#1290 = VERTEX_POINT ( 'NONE', #246 ) ;
#1291 = EDGE_CURVE ( 'NONE', #1398, #354, #765, .T. ) ;
#1292 = DIRECTION ( 'NONE',  ( 0.000000000000000000, 0.000000000000000000, -1.000000000000000000 ) ) ;
#1293 = CARTESIAN_POINT ( 'NONE',  ( 35.00000000000000000, -15.00000000000000000, -26.00000000000000000 ) ) ;
#1294 = LINE ( 'NONE', #69, #515 ) ;
#1295 = FACE_OUTER_BOUND ( 'NONE', #1267, .T. ) ;
#1296 = ORIENTED_EDGE ( 'NONE', *, *, #114, .T. ) ;
#1297 = LINE ( 'NONE', #79, #897 ) ;
#1298 = ORIENTED_EDGE ( 'NONE', *, *, #816, .F. ) ;
#1299 = LINE ( 'NONE', #375, #538 ) ;
#1300 = DIRECTION ( 'NONE',  ( 1.000000000000000000, 0.000000000000000000, 0.000000000000000000 ) ) ;
#1301 = FACE_OUTER_BOUND ( 'NONE', #1135, .T. ) ;
#1302 = CARTESIAN_POINT ( 'NONE',  ( 65.00000000000000000, 2.000000000000000000, -25.00000000000000000 ) ) ;
#1303 = ORIENTED_EDGE ( 'NONE', *, *, #257, .F. ) ;
#1304 = ORIENTED_EDGE ( 'NONE', *, *, #91, .T. ) ;
#1305 = AXIS2_PLACEMENT_3D ( 'NONE', #1032, #119, #378 ) ;
#1306 = EDGE_CURVE ( 'NONE', #1158, #684, #7, .T. ) ;
#1307 = AXIS2_PLACEMENT_3D ( 'NONE', #660, #986, #1216 ) ;
#1308 = CARTESIAN_POINT ( 'NONE',  ( 47.00000000000000000, -27.00000000000000000, -4.999999999999999112 ) ) ;
#1309 = EDGE_CURVE ( 'NONE', #555, #828, #1038, .T. ) ;
#1310 = DIRECTION ( 'NONE',  ( 0.000000000000000000, 0.000000000000000000, 1.000000000000000000 ) ) ;
#1311 = DIRECTION ( 'NONE',  ( 0.000000000000000000, -0.000000000000000000, 1.000000000000000000 ) ) ;
#1312 = PLANE ( 'NONE',  #451 ) ;
#1313 = ORIENTED_EDGE ( 'NONE', *, *, #1085, .T. ) ;
#1314 = DIRECTION ( 'NONE',  ( 1.000000000000000000, 0.000000000000000000, 0.000000000000000000 ) ) ;
#1315 = EDGE_LOOP ( 'NONE', ( #923, #818, #1153, #1280 ) ) ;
#1316 = CARTESIAN_POINT ( 'NONE',  ( 70.00000000000000000, 0.000000000000000000, -30.00000000000000000 ) ) ;
#1317 = DIRECTION ( 'NONE',  ( 1.000000000000000000, 0.000000000000000000, 0.000000000000000000 ) ) ;
#1318 = DIRECTION ( 'NONE',  ( 0.000000000000000000, 0.000000000000000000, -1.000000000000000000 ) ) ;
#1319 = ORIENTED_EDGE ( 'NONE', *, *, #471, .F. ) ;
#1320 = DIRECTION ( 'NONE',  ( -1.000000000000000000, 0.000000000000000000, 0.000000000000000000 ) ) ;
#1321 = EDGE_CURVE ( 'NONE', #828, #31, #1197, .T. ) ;
#1322 = VERTEX_POINT ( 'NONE', #689 ) ;
#1323 = AXIS2_PLACEMENT_3D ( 'NONE', #1163, #949, #854 ) ;
#1324 = AXIS2_PLACEMENT_3D ( 'NONE', #330, #779, #1325 ) ;
#1325 = DIRECTION ( 'NONE',  ( 0.000000000000000000, -0.000000000000000000, -1.000000000000000000 ) ) ;
#1326 = DIRECTION ( 'NONE',  ( 0.000000000000000000, -1.000000000000000000, 0.000000000000000000 ) ) ;
#1327 = ORIENTED_EDGE ( 'NONE', *, *, #482, .F. ) ;
#1328 = DIRECTION ( 'NONE',  ( 0.000000000000000000, 1.000000000000000000, 0.000000000000000000 ) ) ;
#1329 = EDGE_CURVE ( 'NONE', #31, #1441, #937, .T. ) ;
#1330 = DIRECTION ( 'NONE',  ( 0.000000000000000000, -1.000000000000000000, 0.000000000000000000 ) ) ;
#1331 = AXIS2_PLACEMENT_3D ( 'NONE', #542, #217, #435 ) ;
#1332 = LINE ( 'NONE', #1004, #1429 ) ;
#1333 = ORIENTED_EDGE ( 'NONE', *, *, #135, .F. ) ;
#1334 = VECTOR ( 'NONE', #586, 1000.000000000000000 ) ;
#1335 = DIRECTION ( 'NONE',  ( -0.000000000000000000, -0.000000000000000000, 1.000000000000000000 ) ) ;
#1336 = EDGE_CURVE ( 'NONE', #281, #602, #1377, .T. ) ;
#1337 = CARTESIAN_POINT ( 'NONE',  ( 15.00000000000000000, 0.000000000000000000, -4.999999999999999112 ) ) ;
#1338 = DIRECTION ( 'NONE',  ( 1.000000000000000000, 0.000000000000000000, -0.000000000000000000 ) ) ;
#1339 = CIRCLE ( 'NONE', #1410, 1.500000000000001332 ) ;
#1340 = ORIENTED_EDGE ( 'NONE', *, *, #580, .T. ) ;
#1341 = DIRECTION ( 'NONE',  ( -0.000000000000000000, -0.000000000000000000, 1.000000000000000000 ) ) ;
#1342 =( NAMED_UNIT ( * ) SI_UNIT ( $, .STERADIAN. ) SOLID_ANGLE_UNIT ( ) );
#1343 = AXIS2_PLACEMENT_3D ( 'NONE', #1072, #961, #1062 ) ;
#1344 = EDGE_CURVE ( 'NONE', #213, #391, #360, .T. ) ;
#1345 = CARTESIAN_POINT ( 'NONE',  ( 0.000000000000000000, 2.000000000000000000, 0.000000000000000000 ) ) ;
#1346 = DIRECTION ( 'NONE',  ( 0.000000000000000000, -0.000000000000000000, 1.000000000000000000 ) ) ;
#1347 = ORIENTED_EDGE ( 'NONE', *, *, #1400, .T. ) ;
#1348 = LINE ( 'NONE', #1120, #1349 ) ;
#1349 = VECTOR ( 'NONE', #1442, 1000.000000000000000 ) ;
#1350 = EDGE_CURVE ( 'NONE', #354, #1023, #242, .T. ) ;
#1351 = DIRECTION ( 'NONE',  ( 0.000000000000000000, -0.8944271909999157444, 0.4472135954999582608 ) ) ;
#1352 = CYLINDRICAL_SURFACE ( 'NONE', #622, 4.999999999999998224 ) ;
#1353 = ORIENTED_EDGE ( 'NONE', *, *, #552, .F. ) ;
#1354 = CIRCLE ( 'NONE', #665, 5.000000000000004441 ) ;
#1355 = CARTESIAN_POINT ( 'NONE',  ( 0.000000000000000000, 2.000000000000000000, -30.00000000000000000 ) ) ;
#1356 = AXIS2_PLACEMENT_3D ( 'NONE', #26, #1047, #1022 ) ;
#1357 = FACE_OUTER_BOUND ( 'NONE', #730, .T. ) ;
#1358 = CARTESIAN_POINT ( 'NONE',  ( 21.92330316937797363, -10.00000000000000000, -35.00000000000000000 ) ) ;
#1359 = EDGE_LOOP ( 'NONE', ( #922, #1196, #1313, #574 ) ) ;
#1360 = LINE ( 'NONE', #346, #1045 ) ;
#1361 = ORIENTED_EDGE ( 'NONE', *, *, #276, .T. ) ;
#1362 = ORIENTED_EDGE ( 'NONE', *, *, #344, .T. ) ;
#1363 = VECTOR ( 'NONE', #1014, 1000.000000000000000 ) ;
#1364 = CARTESIAN_POINT ( 'NONE',  ( 70.00000000000000000, 2.000000000000000000, -30.00000000000000000 ) ) ;
#1365 = ORIENTED_EDGE ( 'NONE', *, *, #303, .T. ) ;
#1366 = DIRECTION ( 'NONE',  ( -0.000000000000000000, -1.000000000000000000, -0.000000000000000000 ) ) ;
#1367 = EDGE_LOOP ( 'NONE', ( #356, #1251, #461, #35 ) ) ;
#1368 = ADVANCED_FACE ( 'NONE', ( #1404 ), #491, .T. ) ;
#1369 = EDGE_LOOP ( 'NONE', ( #974, #37, #1347, #842 ) ) ;
#1370 = CARTESIAN_POINT ( 'NONE',  ( 48.49999999999999289, -27.00000000000000000, -4.999999999999999112 ) ) ;
#1371 = CARTESIAN_POINT ( 'NONE',  ( 21.50000000000000000, -3.000000000000000000, -11.00000000000000000 ) ) ;
#1372 = VERTEX_POINT ( 'NONE', #1285 ) ;
#1373 = FACE_OUTER_BOUND ( 'NONE', #62, .T. ) ;
#1374 = AXIS2_PLACEMENT_3D ( 'NONE', #214, #1335, #208 ) ;
#1375 = ORIENTED_EDGE ( 'NONE', *, *, #699, .T. ) ;
#1376 = ORIENTED_EDGE ( 'NONE', *, *, #1336, .F. ) ;
#1377 = CIRCLE ( 'NONE', #1455, 1.500000000000001332 ) ;
#1378 = DIRECTION ( 'NONE',  ( -1.000000000000000000, 0.000000000000000000, 0.000000000000000000 ) ) ;
#1379 = ADVANCED_FACE ( 'NONE', ( #719 ), #744, .T. ) ;
#1380 = CARTESIAN_POINT ( 'NONE',  ( 5.000000000000000000, 4.000000000000000000, -5.000000000000000000 ) ) ;
#1381 = ORIENTED_EDGE ( 'NONE', *, *, #1234, .T. ) ;
#1382 = DIRECTION ( 'NONE',  ( 0.000000000000000000, 1.000000000000000000, 0.000000000000000000 ) ) ;
#1383 = ORIENTED_EDGE ( 'NONE', *, *, #967, .F. ) ;
#1384 = CARTESIAN_POINT ( 'NONE',  ( 5.000000000000000000, 4.000000000000000000, -30.00000000000000000 ) ) ;
#1385 = ADVANCED_FACE ( 'NONE', ( #736 ), #839, .F. ) ;
#1386 = CARTESIAN_POINT ( 'NONE',  ( 0.000000000000000000, 0.000000000000000000, 0.000000000000000000 ) ) ;
#1387 = VERTEX_POINT ( 'NONE', #1421 ) ;
#1388 = VECTOR ( 'NONE', #1222, 1000.000000000000000 ) ;
#1389 = LINE ( 'NONE', #1157, #29 ) ;
#1390 = ORIENTED_EDGE ( 'NONE', *, *, #822, .F. ) ;
#1391 = ORIENTED_EDGE ( 'NONE', *, *, #1321, .F. ) ;
#1392 = EDGE_CURVE ( 'NONE', #1441, #1322, #68, .T. ) ;
#1393 = DIRECTION ( 'NONE',  ( 0.000000000000000000, 0.000000000000000000, 1.000000000000000000 ) ) ;
#1394 = CARTESIAN_POINT ( 'NONE',  ( 49.00000000000000000, -13.28615930197885042, -33.35692034901057212 ) ) ;
#1395 = CIRCLE ( 'NONE', #1425, 1.500000000000001332 ) ;
#1396 = DIRECTION ( 'NONE',  ( -0.000000000000000000, -0.000000000000000000, -1.000000000000000000 ) ) ;
#1397 = CARTESIAN_POINT ( 'NONE',  ( 5.000000000000000000, 2.000000000000000000, -9.999999999999998224 ) ) ;
#1398 = VERTEX_POINT ( 'NONE', #935 ) ;
#1399 = PLANE ( 'NONE',  #564 ) ;
#1400 = EDGE_CURVE ( 'NONE', #590, #1228, #943, .T. ) ;
#1401 = ORIENTED_EDGE ( 'NONE', *, *, #535, .T. ) ;
#1402 = AXIS2_PLACEMENT_3D ( 'NONE', #1111, #1338, #643 ) ;
#1403 = CARTESIAN_POINT ( 'NONE',  ( 47.00000000000000000, -3.000000000000000000, -35.00100000000000477 ) ) ;
#1404 = FACE_OUTER_BOUND ( 'NONE', #458, .T. ) ;
#1405 = CARTESIAN_POINT ( 'NONE',  ( 85.00000000000000000, -20.00000000000000000, -26.00000000000000000 ) ) ;
#1406 = LINE ( 'NONE', #850, #9 ) ;
#1407 = ORIENTED_EDGE ( 'NONE', *, *, #276, .F. ) ;
#1408 = PLANE ( 'NONE',  #827 ) ;
#1409 = ORIENTED_EDGE ( 'NONE', *, *, #1060, .F. ) ;
#1410 = AXIS2_PLACEMENT_3D ( 'NONE', #416, #301, #389 ) ;
#1411 = CARTESIAN_POINT ( 'NONE',  ( 47.00000000000000000, -27.00000000000000000, -35.00100000000000477 ) ) ;
#1412 =( LENGTH_UNIT ( ) NAMED_UNIT ( * ) SI_UNIT ( .MILLI., .METRE. ) );
#1413 = DIRECTION ( 'NONE',  ( 0.000000000000000000, -1.000000000000000000, 0.000000000000000000 ) ) ;
#1414 = CARTESIAN_POINT ( 'NONE',  ( 0.000000000000000000, 0.000000000000000000, -11.00000000000000000 ) ) ;
#1415 = ORIENTED_EDGE ( 'NONE', *, *, #1431, .F. ) ;
#1416 = CARTESIAN_POINT ( 'NONE',  ( 0.000000000000000000, 2.000000000000000000, -30.00000000000000000 ) ) ;
#1417 = EDGE_CURVE ( 'NONE', #292, #1041, #1171, .T. ) ;
#1418 = ORIENTED_EDGE ( 'NONE', *, *, #609, .T. ) ;
#1419 = EDGE_CURVE ( 'NONE', #207, #742, #547, .T. ) ;
#1420 = DIRECTION ( 'NONE',  ( 1.000000000000000000, 0.000000000000000000, 0.000000000000000000 ) ) ;
#1421 = CARTESIAN_POINT ( 'NONE',  ( 5.000000000000000888, 2.000000000000000000, -20.00000000000000355 ) ) ;
#1422 = LINE ( 'NONE', #1445, #752 ) ;
#1423 = CARTESIAN_POINT ( 'NONE',  ( 55.00000000000000000, -29.99999999999998579, -11.00000000000000000 ) ) ;
#1424 = EDGE_LOOP ( 'NONE', ( #104, #128 ) ) ;
#1425 = AXIS2_PLACEMENT_3D ( 'NONE', #551, #894, #652 ) ;
#1426 = CARTESIAN_POINT ( 'NONE',  ( 47.00000000000000000, -27.00000000000000000, -11.00000000000000000 ) ) ;
#1427 = APPLICATION_CONTEXT ( 'automotive_design' ) ;
#1428 = ORIENTED_EDGE ( 'NONE', *, *, #221, .T. ) ;
#1429 = VECTOR ( 'NONE', #1459, 1000.000000000000000 ) ;
#1430 = LINE ( 'NONE', #1316, #632 ) ;
#1431 = EDGE_CURVE ( 'NONE', #404, #267, #1220, .T. ) ;
#1432 = EDGE_CURVE ( 'NONE', #909, #509, #625, .T. ) ;
#1433 = FACE_OUTER_BOUND ( 'NONE', #1276, .T. ) ;
#1434 = DIRECTION ( 'NONE',  ( 0.000000000000000000, 0.000000000000000000, 1.000000000000000000 ) ) ;
#1435 = ORIENTED_EDGE ( 'NONE', *, *, #535, .F. ) ;
#1436 = PLANE ( 'NONE',  #814 ) ;
#1437 = VERTEX_POINT ( 'NONE', #1386 ) ;
#1438 = ADVANCED_FACE ( 'NONE', ( #1189 ), #599, .F. ) ;
#1439 = LINE ( 'NONE', #1, #677 ) ;
#1440 = CARTESIAN_POINT ( 'NONE',  ( 45.50000000000000000, -3.000000000000000000, -35.00100000000000477 ) ) ;
#1441 = VERTEX_POINT ( 'NONE', #176 ) ;
#1442 = DIRECTION ( 'NONE',  ( -0.000000000000000000, -0.000000000000000000, 1.000000000000000000 ) ) ;
#1443 = AXIS2_PLACEMENT_3D ( 'NONE', #847, #1277, #823 ) ;
#1444 = AXIS2_PLACEMENT_3D ( 'NONE', #627, #970, #1311 ) ;
#1445 = CARTESIAN_POINT ( 'NONE',  ( 85.00000000000000000, -20.00000000000000000, -30.00000000000000000 ) ) ;
#1446 = FACE_OUTER_BOUND ( 'NONE', #1369, .T. ) ;
#1447 = VERTEX_POINT ( 'NONE', #498 ) ;
#1448 = CARTESIAN_POINT ( 'NONE',  ( 85.00000000000000000, -20.00000000000000000, -26.00000000000000000 ) ) ;
#1449 = EDGE_CURVE ( 'NONE', #930, #354, #516, .T. ) ;
#1450 = APPLICATION_PROTOCOL_DEFINITION ( 'draft international standard', 'automotive_design', 1998, #1427 ) ;
#1451 = AXIS2_PLACEMENT_3D ( 'NONE', #572, #1018, #1255 ) ;
#1452 = DIRECTION ( 'NONE',  ( -1.000000000000000000, 0.000000000000000000, 0.000000000000000000 ) ) ;
#1453 = CARTESIAN_POINT ( 'NONE',  ( -15.00000000000000000, 0.000000000000000000, -26.00000000000000000 ) ) ;
#1454 = ORIENTED_EDGE ( 'NONE', *, *, #932, .F. ) ;
#1455 = AXIS2_PLACEMENT_3D ( 'NONE', #1147, #369, #145 ) ;
#1456 = DIRECTION ( 'NONE',  ( 0.000000000000000000, 0.000000000000000000, -1.000000000000000000 ) ) ;
#1457 = EDGE_CURVE ( 'NONE', #146, #555, #1272, .T. ) ;
#1458 = LINE ( 'NONE', #985, #1207 ) ;
#1459 = DIRECTION ( 'NONE',  ( -1.000000000000000000, 0.000000000000000000, 0.000000000000000000 ) ) ;
#1460 = VECTOR ( 'NONE', #489, 1000.000000000000000 ) ;
#1461 = EDGE_LOOP ( 'NONE', ( #638, #1210, #1108, #1375 ) ) ;
#1462 = CARTESIAN_POINT ( 'NONE',  ( 70.00000000000000000, 2.000000000000000000, -2.428612866367529932E-14 ) ) ;
#1463 = EDGE_CURVE ( 'NONE', #695, #406, #453, .T. ) ;
#1464 = SHAPE_DEFINITION_REPRESENTATION ( #1264, #966 ) ;
#1465 = VECTOR ( 'NONE', #75, 1000.000000000000000 ) ;
#1466 = ADVANCED_FACE ( 'NONE', ( #1180 ), #167, .F. ) ;
ENDSEC;
END-ISO-10303-21;
