ISO-10303-21;
HEADER;
FILE_DESCRIPTION (( 'STEP AP214' ),
    '1' );
FILE_NAME ('Fuselage.stp',
    '2025-12-10T15:24:35',
    ( '' ),
    ( '' ),
    'SwSTEP 2.0',
    'SolidWorks 2024',
    '' );
FILE_SCHEMA (( 'AUTOMOTIVE_DESIGN' ));
ENDSEC;

DATA;
#1 = CARTESIAN_POINT ( 'NONE',  ( 49.28601896046261999, 18.96190662430515417, -420.0050310766819166 ) ) ;
#2 = CARTESIAN_POINT ( 'NONE',  ( -10.96034802672340902, 0.6992592564289282775, 0.000000000000000000 ) ) ;
#3 = CARTESIAN_POINT ( 'NONE',  ( 0.6819655176373621286, 72.61136313776370343, -360.0028709458019875 ) ) ;
#4 = CARTESIAN_POINT ( 'NONE',  ( 7.166991044812805356, -20.98360123123540077, -660.1147140781919234 ) ) ;
#5 = CARTESIAN_POINT ( 'NONE',  ( -3.184100598382627823, 62.67652843708401633, -480.0045523954844384 ) ) ;
#6 = CARTESIAN_POINT ( 'NONE',  ( 44.45857374045226607, -29.14732254930556010, -90.82262204780663239 ) ) ;
#7 = CARTESIAN_POINT ( 'NONE',  ( 0.000000000000000000, 0.000000000000000000, 0.000000000000000000 ) ) ;
#8 = CARTESIAN_POINT ( 'NONE',  ( 61.01864018196530992, 10.50722757222671433, -269.8562572438006555 ) ) ;
#9 = CARTESIAN_POINT ( 'NONE',  ( -20.58058886207115634, -6.603671317937852336, -630.0414814863818265 ) ) ;
#10 = CARTESIAN_POINT ( 'NONE',  ( 48.44529755974111396, -23.55964079977447057, -90.82262204780654713 ) ) ;
#11 = CARTESIAN_POINT ( 'NONE',  ( -3.143797871944288502, 5.674345600257557187, -730.0780371991986613 ) ) ;
#12 = CARTESIAN_POINT ( 'NONE',  ( -1.489906413402325880, 14.95670147017169072, -730.0780371991978654 ) ) ;
#13 = CARTESIAN_POINT ( 'NONE',  ( -2.011403059275374439, -5.888549798974466398, -730.0780371991975244 ) ) ;
#14 = CARTESIAN_POINT ( 'NONE',  ( -0.3413595441345280701, -11.08417417577963349, 0.000000000000000000 ) ) ;
#15 = CARTESIAN_POINT ( 'NONE',  ( 22.33146981471210069, 13.38654304589143429, -630.0414814863815991 ) ) ;
#16 = CARTESIAN_POINT ( 'NONE',  ( -11.91031671005497294, 89.26239726242729944, -240.2019763499494616 ) ) ;
#17 = CARTESIAN_POINT ( 'NONE',  ( -47.12597669914843124, 3.430453237564430768, -11.39281912759561344 ) ) ;
#18 = CARTESIAN_POINT ( 'NONE',  ( 16.21040730474487646, 47.96039734843031255, -570.0640010862982763 ) ) ;
#19 = CARTESIAN_POINT ( 'NONE',  ( 4.091514017458192320, 72.50840951423636227, -360.0028709458018170 ) ) ;
#20 = CARTESIAN_POINT ( 'NONE',  ( -55.89677925654886081, -0.4645946427021045988, -90.82262204780765558 ) ) ;
#21 = CARTESIAN_POINT ( 'NONE',  ( 6.187876420965185531, -56.88015638144674568, -210.0478857760844846 ) ) ;
#22 = CARTESIAN_POINT ( 'NONE',  ( -1.611689983851916974, 45.73908849091505857, -630.0414814863817128 ) ) ;
#23 = CARTESIAN_POINT ( 'NONE',  ( 36.84839455367887950, -34.47111595466756739, -60.20661486047661271 ) ) ;
#24 = CARTESIAN_POINT ( 'NONE',  ( -5.615805302442606006, 25.72245665251621816, 6.809709295715915545 ) ) ;
#25 = CARTESIAN_POINT ( 'NONE',  ( 10.96034802690631871, 0.6992587394479505836, 0.000000000000000000 ) ) ;
#26 = CARTESIAN_POINT ( 'NONE',  ( -57.30690170494160895, -12.69517867262271693, -149.2020492516147669 ) ) ;
#27 = CARTESIAN_POINT ( 'NONE',  ( -1.086184121535961777, -4.386974909538992051, -735.0000000000005684 ) ) ;
#28 = CARTESIAN_POINT ( 'NONE',  ( 41.01547803279606086, -20.62749816488616972, -33.67897120884715179 ) ) ;
#29 = CARTESIAN_POINT ( 'NONE',  ( -47.12597669914843124, 3.430453237564430768, -11.39281912759561344 ) ) ;
#30 = CARTESIAN_POINT ( 'NONE',  ( -30.04939921721153340, 41.10107626800782299, -90.82262204780882087 ) ) ;
#31 = CARTESIAN_POINT ( 'NONE',  ( -45.05418505938217777, -34.44407490268094563, -179.7573051204387298 ) ) ;
#32 = CARTESIAN_POINT ( 'NONE',  ( -12.34011456279993446, -55.18574521447526848, -179.7573051204397530 ) ) ;
#33 = CARTESIAN_POINT ( 'NONE',  ( 55.50792612095875000, 14.04413182785975778, -360.0028709458010781 ) ) ;
#34 = CARTESIAN_POINT ( 'NONE',  ( -56.33202688217554055, 20.76035968694150213, -330.0104949334745470 ) ) ;
#35 = CARTESIAN_POINT ( 'NONE',  ( 13.88633266142929479, 44.16619862946986075, -600.0593740079247027 ) ) ;
#36 = CARTESIAN_POINT ( 'NONE',  ( 4.246406883701276946, 50.10924136528138462, -90.82262204780668924 ) ) ;
#37 = CARTESIAN_POINT ( 'NONE',  ( -1.262613483804218006, -40.81238454683534655, -510.0070289517105948 ) ) ;
#38 = CARTESIAN_POINT ( 'NONE',  ( -0.2257478133376080165, 39.12919810839398593, -660.1147140781920371 ) ) ;
#39 = CARTESIAN_POINT ( 'NONE',  ( 13.26153222921132802, -13.43279008576679345, -660.1147140781906728 ) ) ;
#40 = B_SPLINE_SURFACE_WITH_KNOTS ( 'NONE', 3, 3, ( 
 ( #1797, #1813, #858, #2765, #3015, #2753, #902, #2741, #1582, #3030, #2532, #632, #428, #1824, #915, #2569, #2796, #662, #2295, #417, #1852, #1164, #2556, #1360, #691, #2105, #1595, #2516, #1150, #2987 ),
 ( #403, #1347, #2543, #2277, #442, #874, #174, #1101, #190, #205, #1132, #2073, #1837, #676, #1612, #3, #264, #2584, #1425, #1405, #1884, #755, #249, #278, #2155, #71, #2370, #1713, #2137, #2633 ),
 ( #2845, #1213, #2354, #1242, #1902, #771, #36, #2121, #931, #998, #2652, #1196, #964, #2171, #2600, #19, #739, #1678, #310, #53, #2616, #505, #1442, #1869, #1935, #2386, #983, #1919, #947, #2862 ),
 ( #487, #1696, #2812, #705, #521, #1458, #1644, #2404, #471, #536, #293, #1180, #1228, #2878, #1472, #2420, #2828, #722, #1661, #341, #1952, #1304, #2435, #85, #2204, #2923, #2188, #2680, #2711, #599 ),
 ( #1277, #2011, #101, #566, #1548, #2953, #2906, #1504, #584, #842, #386, #2470, #1291, #2451, #1012, #641, #1340, #1602, #1406, #1013, #2634, #1885, #1382, #2331, #182, #2050, #1643, #2599, #2120, #1677 ),
 ( #930, #2861, #1212, #2811, #457, #2104, #1404, #1918, #1424, #997, #1934, #738, #2353, #233, #2827, #2369, #721, #2877, #1660, #504, #1441, #2385, #18, #35, #2170, #946, #52, #754, #1901, #2844 ),
 ( #1695, #2568, #2632, #1627, #1457, #2403, #70, #1389, #2338, #1163, #2939, #1727, #2187, #340, #1027, #828, #2483, #2710, #2905, #2203, #1258, #1770, #2891, #2469, #1276, #598, #1535, #2679, #372, #2238 ),
 ( #100, #1966, #797, #1741, #565, #1503, #2450, #2222, #119, #1520, #1044, #583, #357, #813, #1983, #2922, #1756, #2697, #1058, #1997, #1569, #1364, #1137, #1841, #2078, #2282, #2505, #2017, #680, #2031 ),
 ( #2060, #2974, #1800, #2521, #178, #3019, #2491, #2756, #654, #195, #890, #446, #1378, #2327, #222, #1616, #602, #134, #2088, #2487, #441, #2240, #616, #1785, #1551, #2794, #830, #359, #1148, #2727 ),
 ( #1772, #1161, #2501, #1060, #1866, #388, #3013, #2321, #845, #1374, #2013, #1998, #899, #914, #1317, #1072, #3028, #2714, #1835, #2306, #1292, #1851, #2941, #2471, #1537, #203, #1521, #2956, #216, #689 ),
 ( #1130, #1624, #375, #2070, #2102, #2566, #2253, #1307, #2778, #454, #1387, #674, #1609, #148, #2555, #2336, #231, #1, #928, #2808, #2825, #1950, #519, #736, #2135, #1711, #718, #1675, #2367, #752 ),
 ( #2859, #703, #468, #2842, #1693, #1640, #68, #1402, #1240, #2383, #2613, #2581, #962, #1899, #1657, #33, #2597, #276, #2117, #1932, #2401, #944, #2351, #1176, #15, #995, #502, #83, #1010, #2630 ),
 ( #1455, #291, #2649, #534, #1439, #1210, #981, #2153, #50, #1470, #2418, #246, #769, #1916, #1881, #484, #1422, #262, #1226, #1194, #2168, #2875, #308, #2185, #795, #2936, #1725, #2677, #2008, #1739 ),
 ( #1980, #144, #1753, #1069, #1965, #1487, #369, #563, #1767, #548, #2919, #116, #810, #2950, #2200, #2663, #2480, #1041, #2433, #156, #98, #2496, #2694, #322, #1081, #580, #1288, #595, #2219, #2707 ),
 ( #825, #1025, #131, #2889, #1517, #1256, #1273, #2903, #1501, #1532, #2448, #1055, #1994, #838, #2466, #1545, #354, #1301, #781, #2249, #2235, #1780, #337, #2722, #383, #611, #1313, #2261, #2994, #2317 ),
 ( #2052, #1142, #1575, #2037, #412, #184, #2332, #1126, #881, #2538, #1342, #852, #3023, #1355, #1820, #2980, #2288, #1111, #226, #2064, #2761, #424, #658, #1792, #910, #2303, #1590, #200, #1094, #3007 ),
 ( #395, #211, #670, #2271, #2736, #2510, #1326, #1369, #894, #1383, #2023, #1831, #167, #626, #2772, #1604, #2550, #2965, #436, #2083, #1847, #2788, #868, #684, #2562, #2526, #1620, #450, #1560, #1806 ),
 ( #2748, #643, #2112, #1157, #28, #271, #10, #1205, #3039, #939, #286, #1876, #2098, #731, #1417, #2163, #2870, #61, #257, #2592, #2820, #990, #1705, #2854, #1670, #764, #2644, #957, #530, #513 ),
 ( #699, #1466, #1397, #2413, #1189, #1635, #923, #2362, #2608, #1911, #479, #976, #1652, #1861, #497, #1450, #1894, #713, #1686, #2346, #1434, #2130, #2804, #2395, #2576, #464, #242, #2837, #1171, #2377 ),
 ( #2147, #747, #44, #2703, #1720, #1735, #2946, #127, #1021, #1006, #1266, #591, #1051, #2214, #1749, #1480, #2673, #2428, #558, #1496, #1960, #2461, #2718, #2003, #318, #1541, #1990, #332, #2443, #1297 ),
 ( #1251, #110, #2196, #1974, #2658, #1527, #2932, #544, #2180, #777, #93, #2476, #1036, #607, #304, #349, #2899, #1944, #2913, #806, #2690, #1236, #575, #2230, #1284, #820, #790, #1512, #834, #1763 ),
 ( #364, #2245, #1776, #139, #78, #1065, #2885, #2641, #528, #1267, #2257, #576, #2462, #1076, #932, #2506, #1151, #219, #1409, #3031, #2356, #163, #2731, #1646, #2032, #4, #1788, #2091, #1336, #916 ),
 ( #1887, #2586, #2267, #489, #724, #473, #863, #2283, #1555, #2814, #1089, #1427, #2960, #251, #949, #2522, #621, #2106, #391, #1391, #2018, #1853, #1322, #407, #2975, #1801, #1870, #2744, #2340, #236 ),
 ( #2830, #2797, #707, #848, #1182, #692, #2123, #637, #1629, #1663, #21, #1570, #2570, #458, #2601, #2371, #1165, #1714, #1459, #2388, #2635, #280, #1937, #1679, #1489, #1953, #506, #2139, #741, #2617 ),
 ( #798, #2880, #295, #1198, #523, #86, #311, #2206, #102, #2405, #1698, #538, #1230, #2172, #1259, #1028, #2682, #324, #72, #1443, #37, #568, #984, #1000, #967, #1215, #265, #772, #2421, #2157 ),
 ( #2907, #1904, #1014, #55, #2653, #1473, #550, #1243, #2436, #1920, #2847, #783, #2863, #2189, #757, #2892, #1728, #2665, #1967, #1742, #1505, #2027, #2713, #2924, #342, #2239, #2043, #2485, #814, #1278 ),
 ( #2223, #1565, #173, #601, #1757, #1085, #374, #2726, #120, #2955, #844, #1784, #615, #1550, #857, #2500, #631, #1100, #1045, #1128, #1638, #2066, #229, #2039, #2791, #3009, #3042, #2290, #896, #2579 ),
 ( #1113, #645, #926, #1400, #1833, #2774, #1864, #2540, #883, #672, #1607, #2349, #1145, #2553, #439, #1372, #1577, #2528, #214, #2086, #3026, #186, #687, #1174, #47, #289, #2133, #1223, #13, #960 ),
 ( #2595, #1208, #274, #1468, #979, #2415, #260, #2823, #1707, #31, #64, #1879, #2150, #1437, #1914, #306, #482, #942, #766, #2380, #716, #1482, #1420, #779, #2857, #1655, #2430, #750, #2626, #1929 ),
 ( #2611, #2365, #2166, #1192, #1453, #2115, #1689, #1897, #500, #2840, #734, #2872, #1673, #2398, #993, #1238, #516, #2887, #2646, #532, #2182, #80, #1008, #1946, #1722, #2660, #546, #141, #1038, #1023 ),
 ( #1067, #2232, #1765, #1498, #1751, #2692, #1976, #2478, #2733, #2020, #2445, #1557, #2005, #351, #334, #1790, #1269, #2216, #578, #112, #1992, #1737, #1543, #2948, #560, #2198, #792, #2675, #2720, #129 ),
 ( #366, #2915, #1962, #1514, #1053, #2464, #623, #1286, #2247, #1299, #836, #808, #2934, #850, #822, #1778, #609, #2705, #593, #320, #1530, #1078, #2493, #380, #1253, #2962, #1311, #2259, #153, #95 ),
 ( #2901, #892, #209, #1817, #2314, #2991, #165, #1829, #1843, #1352, #2048, #3021, #639, #2770, #656, #2269, #2785, #865, #393, #1572, #2300, #2508, #879, #1139, #908, #1366, #197, #666, #1803, #697 ),
 ( #2080, #180, #1091, #421, #682, #1618, #1123, #1600, #2524, #2758, #1586, #1107, #2548, #1859, #1155, #409, #1324, #2560, #448, #921, #1380, #2062, #3005, #2536, #433, #2034, #2329, #224, #2977, #2746 ),
 ( #1338, #2285, #2096, #3037, #2802, #537, #2387, #2585, #2813, #488, #1197, #1426, #2339, #2138, #1214, #279, #2156, #2355, #966, #2879, #1886, #54, #756, #2829, #472, #235, #1903, #706, #1697, #250 ),
 ( #522, #1181, #294, #1645, #2122, #1229, #20, #1408, #2846, #740, #999, #1936, #948, #723, #1662, #2515, #402, #1332, #2986, #263, #2860, #753, #2795, #2567, #1883, #737, #690, #2154, #455, #292 ),
 ( #1900, #2, #1388, #17, #1659, #945, #69, #2826, #1676, #2843, #2614, #2810, #720, #1227, #2352, #503, #1440, #247, #929, #2169, #2598, #996, #2384, #704, #1403, #2337, #1868, #1694, #2631, #2402 ),
 ( #1162, #486, #1423, #51, #2368, #982, #1642, #232, #277, #2583, #1211, #2103, #1195, #2136, #34, #1917, #470, #1626, #520, #963, #1178, #2119, #1456, #1533, #1026, #1471, #2250, #99, #338, #2695 ),
 ( #323, #2419, #2920, #1241, #2220, #1933, #2201, #309, #1257, #2186, #782, #581, #84, #117, #1042, #1995, #2904, #596, #796, #1518, #2876, #1754, #1740, #1289, #1011, #2678, #2481, #2467, #2664, #2650 ),
 ( #2708, #564, #1502, #1056, #1488, #1951, #2449, #1274, #145, #1981, #811, #355, #2236, #770, #132, #2890, #370, #1726, #549, #2937, #2434, #826, #1768, #1302, #1712, #535, #2272, #1546, #2762, #1082 ),
 ( #1821, #396, #882, #1561, #1781, #413, #425, #2981, #627, #1591, #2262, #2527, #168, #839, #1356, #2497, #2009, #157, #869, #1070, #2511, #659, #2539, #2995, #1807, #1343, #384, #2319, #2749, #1832 ),
 ( #2951, #2065, #2773, #1327, #1095, #201, #2038, #2024, #644, #1576, #1371, #185, #2289, #1112, #2053, #2723, #2304, #2966, #2552, #853, #1793, #1127, #2737, #3008, #1314, #895, #671, #1606, #612, #438 ),
 ( #3025, #749, #1878, #244, #1144, #466, #30, #259, #2149, #46, #1399, #1637, #481, #2348, #1173, #1207, #978, #2625, #273, #2114, #2564, #2085, #515, #925, #941, #912, #1159, #213, #12, #2364 ),
 ( #1913, #2856, #1849, #959, #1622, #2822, #715, #499, #1654, #1436, #2334, #2790, #733, #2100, #2132, #686, #2594, #1419, #1191, #2379, #452, #1385, #2839, #1896, #228, #3041, #1863, #2806, #2610, #1672 ),
 ( #1688, #701, #2578, #1452, #1222, #2165, #992, #63, #2397, #288, #1658, #16, #2323, #217, #1103, #1134, #904, #192, #860, #2092, #2781, #3032, #2324, #2518, #618, #1392, #933, #758, #1921, #1460 ),
 ( #2815, #2798, #1428, #2124, #985, #524, #1699, #950, #252, #708, #2864, #2406, #507, #2372, #2636, #296, #725, #1231, #281, #5, #2173, #73, #2389, #1647, #22, #2341, #1444, #1871, #1854, #693 ),
 ( #1680, #2357, #2571, #1199, #1216, #1664, #1411, #2158, #2587, #266, #1888, #1630, #56, #237, #459, #474, #2602, #1166, #1183, #2618, #2107, #742, #490, #2140, #2831, #38, #968, #1905, #2848, #2437 ),
 ( #2940, #1758, #2683, #2453, #2190, #103, #1029, #569, #121, #1306, #2486, #1506, #1938, #2698, #829, #1715, #2925, #343, #2224, #1984, #585, #539, #358, #1474, #1244, #953, #2144, #761, #1702, #2639 ) ),
 .UNSPECIFIED., .T., .F., .F.,
 ( 4, 1, 1, 1, 1, 1, 1, 1, 1, 1, 1, 1, 1, 1, 1, 1, 1, 1, 1, 1, 1, 1, 1, 1, 1, 1, 1, 1, 1, 1, 1, 1, 1, 1, 1, 1, 1, 1, 1, 1, 1, 1, 1, 1, 1, 4 ),
 ( 4, 1, 1, 1, 1, 1, 1, 1, 1, 1, 1, 1, 1, 1, 1, 1, 1, 1, 1, 1, 1, 1, 1, 1, 1, 1, 1, 4 ),
 ( 0.000000000000000000, 0.006250000000000088818, 0.03125000000000000000, 0.06250000000000000000, 0.09375000000000000000, 0.1250000000000000000, 0.1562500000000000000, 0.1875000000000000000, 0.2031250000000000000, 0.2187500000000000000, 0.2343750000000000000, 0.2500000000000000000, 0.2656250000000000000, 0.2812500000000000000, 0.2968750000000000000, 0.3125000000000000000, 0.3281250000000000000, 0.3437500000000000000, 0.3750000000000000000, 0.4062500000000000000, 0.4375000000000000000, 0.4687500000000000000, 0.4843750000000000000, 0.5000000000000000000, 0.5312500000000000000, 0.5625000000000000000, 0.5937500000000000000, 0.6250000000000000000, 0.6562500000000000000, 0.6718750000000000000, 0.6875000000000000000, 0.7031250000000000000, 0.7187500000000000000, 0.7343750000000000000, 0.7500000000000000000, 0.7656250000000000000, 0.7812500000000000000, 0.7968750000000000000, 0.8125000000000000000, 0.8437500000000000000, 0.8750000000000000000, 0.9062500000000000000, 0.9375000000000000000, 0.9687500000000000000, 0.9937500000000000222, 1.000000000000000000 ),
 ( 0.000000000000000000, 0.04075269275184083967, 0.05817350234585379892, 0.08382924381437957539, 0.1223132096620386244, 0.1616674492658179141, 0.2028717424154299065, 0.2438103651346008316, 0.2828573906594116782, 0.3212091332412825850, 0.3596836130027758482, 0.3985738460104626957, 0.4371855924833173979, 0.4755993891560734155, 0.5140237500579710739, 0.5524598390318300467, 0.5909086302366012289, 0.6293707323759859529, 0.6678464047881191856, 0.7063353015059965490, 0.7448363498506944680, 0.7833382726061761669, 0.8219888042555332230, 0.8607879644223308535, 0.8997267165646993803, 0.9388603632099700169, 0.9785036198823794384, 1.000000000000000000 ),
 .UNSPECIFIED. ) ;
#41 = CARTESIAN_POINT ( 'NONE',  ( -4.474484456977667612, 90.69183361991278503, -240.2019763499494616 ) ) ;
#42 = CARTESIAN_POINT ( 'NONE',  ( 35.78921690146550816, 5.103789485507284951, -539.9930887323615707 ) ) ;
#43 = CARTESIAN_POINT ( 'NONE',  ( -55.53859958403160135, -15.61008041173965921, -299.9258731499763257 ) ) ;
#44 = CARTESIAN_POINT ( 'NONE',  ( 19.14326046962471040, -20.44410784624446009, 6.809709295715911992 ) ) ;
#45 = CARTESIAN_POINT ( 'NONE',  ( 0.000000000000000000, 0.000000000000000000, 0.000000000000000000 ) ) ;
#46 = CARTESIAN_POINT ( 'NONE',  ( -32.28093471933501490, 79.56733541024574663, -179.7573051204378203 ) ) ;
#47 = CARTESIAN_POINT ( 'NONE',  ( -13.03906758505928032, -20.27946623831838835, -630.0414814863821675 ) ) ;
#48 = CARTESIAN_POINT ( 'NONE',  ( 0.1386452289954570594, -9.612501349323013144, -730.0780371991982065 ) ) ;
#49 = CARTESIAN_POINT ( 'NONE',  ( 38.64637610836366832, 34.48411396665765238, -90.82262204780688819 ) ) ;
#50 = CARTESIAN_POINT ( 'NONE',  ( 61.14757075094519934, 12.90335683944530842, -149.2020492516145111 ) ) ;
#51 = CARTESIAN_POINT ( 'NONE',  ( -46.35375328316398225, 7.556899337787302606, -11.39281912759560456 ) ) ;
#52 = CARTESIAN_POINT ( 'NONE',  ( 6.587026440308408226, 26.89677570320209554, -690.0138044314107901 ) ) ;
#53 = CARTESIAN_POINT ( 'NONE',  ( 3.205525719004535645, 62.67367140975052564, -480.0045523954840974 ) ) ;
#54 = CARTESIAN_POINT ( 'NONE',  ( -35.79030405404161286, 5.131142622917668206, -539.9930887323599791 ) ) ;
#55 = CARTESIAN_POINT ( 'NONE',  ( -8.831945373648116160, -44.81429959984703970, -11.39281912759558502 ) ) ;
#56 = CARTESIAN_POINT ( 'NONE',  ( -0.7390042855486820272, 82.05248061788107350, -269.8562572437998028 ) ) ;
#57 = CARTESIAN_POINT ( 'NONE',  ( 38.04936184307709368, -33.24489835709394470, -390.0054354190792196 ) ) ;
#58 = CARTESIAN_POINT ( 'NONE',  ( -10.89027751490002061, 71.29987892346191813, -360.0028709458021012 ) ) ;
#59 = CARTESIAN_POINT ( 'NONE',  ( 58.13320442808473132, -5.738633828969222250, -119.8781736735591750 ) ) ;
#60 = CARTESIAN_POINT ( 'NONE',  ( -50.23476103754639155, -2.886663514001999165, -420.0050310766845882 ) ) ;
#61 = CARTESIAN_POINT ( 'NONE',  ( 45.11796344375129308, -18.22595366204987499, -420.0050310766832240 ) ) ;
#62 = CARTESIAN_POINT ( 'NONE',  ( -30.24585461244828011, 19.37430134024428696, -570.0640010863007774 ) ) ;
#63 = CARTESIAN_POINT ( 'NONE',  ( -11.54402537157839603, 67.06281437304438953, -119.8781736735577965 ) ) ;
#64 = CARTESIAN_POINT ( 'NONE',  ( -45.18925878629485737, -35.02569208688859703, -210.0478857760847973 ) ) ;
#65 = CARTESIAN_POINT ( 'NONE',  ( -13.85848560418141773, -33.73211635497855099, -539.9930887323603201 ) ) ;
#66 = CARTESIAN_POINT ( 'NONE',  ( 49.52636194590652963, 57.67053523980386842, -179.7573051204402930 ) ) ;
#67 = CARTESIAN_POINT ( 'NONE',  ( 30.15013207303438847, 41.03450327157000999, -90.82262204780664661 ) ) ;
#68 = CARTESIAN_POINT ( 'NONE',  ( 55.58578018167842316, 4.173570194946030654, -90.82262204780698767 ) ) ;
#69 = CARTESIAN_POINT ( 'NONE',  ( -55.57182695484306834, 4.280485935384751528, -90.82262204780788295 ) ) ;
#70 = CARTESIAN_POINT ( 'NONE',  ( 38.64637610836366832, 34.48411396665765238, -90.82262204780688819 ) ) ;
#71 = CARTESIAN_POINT ( 'NONE',  ( 0.2031213182878507939, 39.13085776427279683, -660.1147140781920371 ) ) ;
#72 = CARTESIAN_POINT ( 'NONE',  ( -1.538307218338576865, -46.56881658846219096, -450.0055018290938165 ) ) ;
#73 = CARTESIAN_POINT ( 'NONE',  ( -2.563502021951355125, 57.57704394561619665, -539.9930887323606612 ) ) ;
#74 = CARTESIAN_POINT ( 'NONE',  ( -10.90999592394862105, 39.70526768841252618, -60.20661486047664823 ) ) ;
#75 = CARTESIAN_POINT ( 'NONE',  ( -0.3129621076420169845, -6.435319772813406836, -735.0000000000010232 ) ) ;
#76 = CARTESIAN_POINT ( 'NONE',  ( 61.22388101027132734, 6.293126370119626500, -149.2020492516151648 ) ) ;
#77 = CARTESIAN_POINT ( 'NONE',  ( -62.40212729886282972, 9.352614442661597138, -179.7573051204384171 ) ) ;
#78 = CARTESIAN_POINT ( 'NONE',  ( 17.35006462903371371, -40.45393296304298048, -33.67897120884726547 ) ) ;
#79 = CARTESIAN_POINT ( 'NONE',  ( -6.686890982802465189, 6.543293029443330688, -716.0790747558232852 ) ) ;
#80 = CARTESIAN_POINT ( 'NONE',  ( -29.59264703372685901, -17.11071687827773147, -539.9930887323632760 ) ) ;
#81 = CARTESIAN_POINT ( 'NONE',  ( -30.06639342039970941, -42.03401700325584045, -90.82262204780683135 ) ) ;
#82 = CARTESIAN_POINT ( 'NONE',  ( 32.26626772301359125, 76.88941065566406508, -240.2019763499495184 ) ) ;
#83 = CARTESIAN_POINT ( 'NONE',  ( 6.756733946983031203, 6.052725283943528822, -716.0790747558229441 ) ) ;
#84 = CARTESIAN_POINT ( 'NONE',  ( -57.24639341831613137, 30.11299265774013278, -269.8562572438003144 ) ) ;
#85 = CARTESIAN_POINT ( 'NONE',  ( 5.120248652858979455, 50.63565302235072352, -600.0593740079226563 ) ) ;
#86 = CARTESIAN_POINT ( 'NONE',  ( -1.645964795037808237, -49.31094265247001118, -60.20661486047683297 ) ) ;
#87 = CARTESIAN_POINT ( 'NONE',  ( -0.3514530944435310111, 26.25937438604964669, 6.809709295715923538 ) ) ;
#88 = CARTESIAN_POINT ( 'NONE',  ( 8.349874455054751010E-07, -56.12303431442387591, -299.9258731499768942 ) ) ;
#89 = CARTESIAN_POINT ( 'NONE',  ( 58.07519264907568157, 2.402668377061000005, -330.0104949334756270 ) ) ;
#90 = CARTESIAN_POINT ( 'NONE',  ( -10.74197025455347365, -2.287970391873737519, 0.000000000000000000 ) ) ;
#91 = CARTESIAN_POINT ( 'NONE',  ( -1.865203275842853836, 2.080101495900293251, -734.9999999999996589 ) ) ;
#92 = CARTESIAN_POINT ( 'NONE',  ( -49.02097172619912868, 14.91062212566254708, -60.20661486047636402 ) ) ;
#93 = CARTESIAN_POINT ( 'NONE',  ( 35.40188219922946899, -44.33549534772100742, -210.0478857760832909 ) ) ;
#94 = CARTESIAN_POINT ( 'NONE',  ( -25.08569786609339403, 22.12291980497978727, -600.0593740079223153 ) ) ;
#95 = CARTESIAN_POINT ( 'NONE',  ( -1.894833890954279454, 3.045720058527009666, -734.9999999999994316 ) ) ;
#96 = CARTESIAN_POINT ( 'NONE',  ( -14.91415957265362380, -24.09097094369381864, 6.809709295715975941 ) ) ;
#97 = PRODUCT_RELATED_PRODUCT_CATEGORY ( 'part', '', ( #2666 ) ) ;
#98 = CARTESIAN_POINT ( 'NONE',  ( 40.04454851247354696, 4.334053741120149184, -510.0070289517073547 ) ) ;
#99 = CARTESIAN_POINT ( 'NONE',  ( -6.686890982802465189, 6.543293029443330688, -716.0790747558232852 ) ) ;
#100 = CARTESIAN_POINT ( 'NONE',  ( 0.000000000000000000, 0.000000000000000000, 0.000000000000000000 ) ) ;
#101 = CARTESIAN_POINT ( 'NONE',  ( 10.38332789887421725, 24.09784263115375325, 6.809709295715920874 ) ) ;
#102 = CARTESIAN_POINT ( 'NONE',  ( -2.003783426043818316, -55.17068426377973367, -149.2020492516147954 ) ) ;
#103 = CARTESIAN_POINT ( 'NONE',  ( -0.01514692140367911166, 40.53500843714517288, -60.20661486047677613 ) ) ;
#104 = CARTESIAN_POINT ( 'NONE',  ( 32.10709538044321931, 47.42444967990046933, -450.0055018290915427 ) ) ;
#105 = CARTESIAN_POINT ( 'NONE',  ( -0.8643379006957291333, 31.19769242083820160, -690.0138044314147692 ) ) ;
#106 = CARTESIAN_POINT ( 'NONE',  ( -0.01155370925776512403, -37.45679296025228666, -539.9930887323598654 ) ) ;
#107 = CARTESIAN_POINT ( 'NONE',  ( 10.43715034960465715, -3.267064853842010841, 0.000000000000000000 ) ) ;
#108 = CARTESIAN_POINT ( 'NONE',  ( -46.27711213172562310, -9.370360413373527209, -33.67897120884712336 ) ) ;
#109 = CARTESIAN_POINT ( 'NONE',  ( -6.136406942121361396, 10.85775710450996101, -716.0790747558235125 ) ) ;
#110 = CARTESIAN_POINT ( 'NONE',  ( 5.892258281497928962, -9.096523199410844640, 0.000000000000000000 ) ) ;
#111 = CARTESIAN_POINT ( 'NONE',  ( -60.08399910677058386, 30.58810170300477793, -179.7573051204388435 ) ) ;
#112 = CARTESIAN_POINT ( 'NONE',  ( -39.21002326713239938, -15.47139449632500252, -480.0045523954845521 ) ) ;
#113 = CARTESIAN_POINT ( 'NONE',  ( -17.39057224064758600, -41.91205551323663059, -11.39281912759555304 ) ) ;
#114 = CARTESIAN_POINT ( 'NONE',  ( 48.91735084067122585, 48.70342584700581767, -269.8562572438012239 ) ) ;
#115 = CARTESIAN_POINT ( 'NONE',  ( 7.639473060002329063, 6.998451161650727670, 0.000000000000000000 ) ) ;
#116 = CARTESIAN_POINT ( 'NONE',  ( 62.14114602224602635, 7.585470798095334644, -240.2019763499496889 ) ) ;
#117 = CARTESIAN_POINT ( 'NONE',  ( -56.13268906977378947, 27.42036225133399796, -299.9258731499759278 ) ) ;
#118 = CARTESIAN_POINT ( 'NONE',  ( 1.705155068642659533, -7.344805494491339459, -730.0780371991966149 ) ) ;
#119 = CARTESIAN_POINT ( 'NONE',  ( 48.82447582367583294, 51.65728310382455390, -149.2020492516138859 ) ) ;
#120 = CARTESIAN_POINT ( 'NONE',  ( -23.59002668558882476, -49.70226009062958639, -149.2020492516150796 ) ) ;
#121 = CARTESIAN_POINT ( 'NONE',  ( 0.004015234259115152415, 85.60563742188395508, -149.2020492516148238 ) ) ;
#122 = CARTESIAN_POINT ( 'NONE',  ( -0.01582936954103018184, 68.35118558031561520, -119.8781736735584786 ) ) ;
#123 = CARTESIAN_POINT ( 'NONE',  ( 1.406623082455039864, 10.66452296868430771, -735.0000000000011369 ) ) ;
#124 = CARTESIAN_POINT ( 'NONE',  ( 58.24072454372814178, -12.50706284158465742, -240.2019763499489500 ) ) ;
#125 = CARTESIAN_POINT ( 'NONE',  ( -61.22483733894965496, 6.300499417005459790, -149.2020492516148806 ) ) ;
#126 = CARTESIAN_POINT ( 'NONE',  ( -35.25204310774442007, 37.54438262030754458, -480.0045523954847795 ) ) ;
#127 = CARTESIAN_POINT ( 'NONE',  ( 41.52116178988931949, -35.55649183697290994, -119.8781736735584786 ) ) ;
#128 = CARTESIAN_POINT ( 'NONE',  ( -57.34461563132019535, 17.01508322962430597, -119.8781736735586350 ) ) ;
#129 = CARTESIAN_POINT ( 'NONE',  ( -1.865203275842853836, 2.080101495900293251, -734.9999999999996589 ) ) ;
#130 = CARTESIAN_POINT ( 'NONE',  ( 0.000000000000000000, 0.000000000000000000, 0.000000000000000000 ) ) ;
#131 = CARTESIAN_POINT ( 'NONE',  ( 27.22809332599017296, -6.274103493780070373, 6.809709295715926203 ) ) ;
#132 = CARTESIAN_POINT ( 'NONE',  ( -51.61527535745005935, 34.71255457793822075, -330.0104949334742628 ) ) ;
#133 = CARTESIAN_POINT ( 'NONE',  ( 25.35187466112448007, -36.18994568597911154, -33.67897120884696704 ) ) ;
#134 = CARTESIAN_POINT ( 'NONE',  ( 45.14681802130586874, 31.45364067985874357, -420.0050310766856683 ) ) ;
#135 = CARTESIAN_POINT ( 'NONE',  ( -0.003998965240534051169, -54.91829767447335087, -149.2020492516146817 ) ) ;
#136 = CARTESIAN_POINT ( 'NONE',  ( 1.812794752022269362, 1.065951910591828034, -735.0000000000003411 ) ) ;
#137 = CARTESIAN_POINT ( 'NONE',  ( -44.04099096191377072, 3.491152963137980070, -480.0045523954850069 ) ) ;
#138 = CARTESIAN_POINT ( 'NONE',  ( -45.08373454773872169, 42.56841309413727714, -360.0028709458011917 ) ) ;
#139 = CARTESIAN_POINT ( 'NONE',  ( 17.39124481543996126, -41.91176897353461328, -11.39281912759558857 ) ) ;
#140 = CARTESIAN_POINT ( 'NONE',  ( 54.36956007221598242, 19.95832205369925916, -360.0028709458037497 ) ) ;
#141 = CARTESIAN_POINT ( 'NONE',  ( -5.605884956039720812, -9.419035726452040791, -716.0790747558222620 ) ) ;
#142 = CARTESIAN_POINT ( 'NONE',  ( 14.26812504550583149, 25.23964887709992055, -660.1147140781951066 ) ) ;
#143 = CARTESIAN_POINT ( 'NONE',  ( -28.63856222851095978, -25.54778810036857806, -510.0070289517102538 ) ) ;
#144 = CARTESIAN_POINT ( 'NONE',  ( 10.93618918686087760, -1.294967672622585830, 0.000000000000000000 ) ) ;
#145 = CARTESIAN_POINT ( 'NONE',  ( -54.02273943847333726, 41.38052239855492331, -149.2020492516143690 ) ) ;
#146 = CARTESIAN_POINT ( 'NONE',  ( 0.000000000000000000, 0.000000000000000000, 0.000000000000000000 ) ) ;
#147 = CARTESIAN_POINT ( 'NONE',  ( 3.586374909350667384, 39.09903924853923485, -33.67897120884718021 ) ) ;
#148 = CARTESIAN_POINT ( 'NONE',  ( 57.91070112874070475, 21.22233740759588017, -299.9258731499766100 ) ) ;
#149 = CARTESIAN_POINT ( 'NONE',  ( -2.861244941692632493E-05, 51.43992648695463998, -600.0593740079231111 ) ) ;
#150 = CARTESIAN_POINT ( 'NONE',  ( 21.50049208113996357, -3.446097108938621201, -630.0414814863822812 ) ) ;
#151 = CARTESIAN_POINT ( 'NONE',  ( -25.31713315727794011, 9.879236231590283523, 6.809709295715892452 ) ) ;
#152 = CARTESIAN_POINT ( 'NONE',  ( 10.49425127992007845, 2.652710903678645593, 0.000000000000000000 ) ) ;
#153 = CARTESIAN_POINT ( 'NONE',  ( -3.072195505232834467, 0.9151746675529243147, -730.0780371991976381 ) ) ;
#154 = CARTESIAN_POINT ( 'NONE',  ( -1.660886374099049378, -0.8361801277738016847, -735.0000000000009095 ) ) ;
#155 = CARTESIAN_POINT ( 'NONE',  ( 20.87755709045087471, 69.81229759098667387, -330.0104949334775597 ) ) ;
#156 = CARTESIAN_POINT ( 'NONE',  ( 44.03991004986959013, 3.463201780532168872, -480.0045523954854616 ) ) ;
#157 = CARTESIAN_POINT ( 'NONE',  ( -40.84521400866778151, 39.90722515133600723, -420.0050310766842472 ) ) ;
#158 = CARTESIAN_POINT ( 'NONE',  ( 4.416508039978331190, -45.34249838726582027, -11.39281912759564541 ) ) ;
#159 = CARTESIAN_POINT ( 'NONE',  ( -0.04840487285231979270, 23.31622338520887894, -716.0790747558231715 ) ) ;
#160 = CARTESIAN_POINT ( 'NONE',  ( 0.7490330125250622695, 94.32891840165770247, -210.0478857760843994 ) ) ;
#161 = CARTESIAN_POINT ( 'NONE',  ( 6.502620874865897349, -3.586520842762297434, -716.0790747558222620 ) ) ;
#162 = CARTESIAN_POINT ( 'NONE',  ( -41.70497151180208562, 69.96002577901752773, -210.0478857760849110 ) ) ;
#163 = CARTESIAN_POINT ( 'NONE',  ( 13.83681576497967747, -33.74370004266106093, -539.9930887323615707 ) ) ;
#164 = CARTESIAN_POINT ( 'NONE',  ( 57.22683425451462114, 32.77720382592797677, -149.2020492516145680 ) ) ;
#165 = CARTESIAN_POINT ( 'NONE',  ( -53.08698292195021651, -14.55625642201554726, -90.82262204780712977 ) ) ;
#166 = CARTESIAN_POINT ( 'NONE',  ( -33.88940856457640649, -29.84684859409740909, -450.0055018290925091 ) ) ;
#167 = CARTESIAN_POINT ( 'NONE',  ( 56.90768436576097145, -14.85210441126977976, -269.8562572438012239 ) ) ;
#168 = CARTESIAN_POINT ( 'NONE',  ( -48.91732698618229591, 48.70345937056612939, -269.8562572438027019 ) ) ;
#169 = CARTESIAN_POINT ( 'NONE',  ( 3.961570770944824016, -40.42497007107083107, -510.0070289517108790 ) ) ;
#170 = CARTESIAN_POINT ( 'NONE',  ( 38.88723411402374808, 23.14039628724182052, -11.39281912759563298 ) ) ;
#171 = CARTESIAN_POINT ( 'NONE',  ( -4.238227383551585348, 75.15161805593660915, -330.0104949334759112 ) ) ;
#172 = CARTESIAN_POINT ( 'NONE',  ( 0.3771815456920605825, 13.96685712116550349, -735.0000000000004547 ) ) ;
#173 = CARTESIAN_POINT ( 'NONE',  ( -10.20706315436971678, -26.91697770263438017, 6.809709295715888899 ) ) ;
#174 = CARTESIAN_POINT ( 'NONE',  ( 0.7563202507605334413, 50.19303104740363608, -90.82262204780668924 ) ) ;
#175 = CARTESIAN_POINT ( 'NONE',  ( 38.77756965209178475, -4.945630238785758692, -510.0070289517080369 ) ) ;
#176 = CARTESIAN_POINT ( 'NONE',  ( 1.891651953670912475E-05, 82.05248033630779503, -269.8562572437998028 ) ) ;
#177 = CARTESIAN_POINT ( 'NONE',  ( -31.19980310602822016, 56.82555728767232495, -119.8781736735570291 ) ) ;
#178 = CARTESIAN_POINT ( 'NONE',  ( 43.01001155298792611, 14.79226705855636048, -33.67897120884736495 ) ) ;
#179 = CARTESIAN_POINT ( 'NONE',  ( 54.66147328666794181, 8.885043458484089385, -90.82262204780660397 ) ) ;
#180 = CARTESIAN_POINT ( 'NONE',  ( -10.74197025455347365, -2.287970391873737519, 0.000000000000000000 ) ) ;
#181 = CARTESIAN_POINT ( 'NONE',  ( -48.75856297144483165, -28.37702541684583935, -299.9258731499751889 ) ) ;
#182 = CARTESIAN_POINT ( 'NONE',  ( 7.961117028457691092, 42.95443127413204110, -630.0414814863827360 ) ) ;
#183 = CARTESIAN_POINT ( 'NONE',  ( 12.69342784390837764, 53.76972655217909391, -539.9930887323614570 ) ) ;
#184 = CARTESIAN_POINT ( 'NONE',  ( 50.98148827614816270, -15.26847581607732351, -60.20661486047675481 ) ) ;
#185 = CARTESIAN_POINT ( 'NONE',  ( -41.51449072703968568, 66.96183249628062129, -240.2019763499497742 ) ) ;
#186 = CARTESIAN_POINT ( 'NONE',  ( -20.17179737079129964, -29.08900093314818136, -539.9930887323611159 ) ) ;
#187 = CARTESIAN_POINT ( 'NONE',  ( 4.242390019411578450, -22.78848021370045274, -660.1147140781914686 ) ) ;
#188 = CARTESIAN_POINT ( 'NONE',  ( -1.297876519982059440, 39.07830353783106148, -660.1147140781920371 ) ) ;
#189 = CARTESIAN_POINT ( 'NONE',  ( 11.91076870665249388, 92.11445859928888069, -179.7573051204390424 ) ) ;
#190 = CARTESIAN_POINT ( 'NONE',  ( 0.7403554593008297990, 85.60557601982443998, -149.2020492516148238 ) ) ;
#191 = CARTESIAN_POINT ( 'NONE',  ( -0.1309331851272275415, 23.30665250629566998, -716.0790747558232852 ) ) ;
#192 = CARTESIAN_POINT ( 'NONE',  ( -9.861840171496179863, 66.49568075893053276, -420.0050310766855546 ) ) ;
#193 = CARTESIAN_POINT ( 'NONE',  ( 5.769467404851679859, -7.879447217547847160, -716.0790747558240810 ) ) ;
#194 = CARTESIAN_POINT ( 'NONE',  ( -9.298582017652860188, 33.69029493987557800, -660.1147140781902181 ) ) ;
#195 = CARTESIAN_POINT ( 'NONE',  ( 54.84264391569475805, 46.73824515585214101, -179.7573051204377634 ) ) ;
#196 = CARTESIAN_POINT ( 'NONE',  ( 44.71850474806421261, 23.84317672323960124, -450.0055018290949533 ) ) ;
#197 = CARTESIAN_POINT ( 'NONE',  ( -12.45101289960697066, 0.4597297555685653236, -690.0138044314159060 ) ) ;
#198 = CARTESIAN_POINT ( 'NONE',  ( -41.49719970486510334, -35.57885451944824950, -119.8781736735580949 ) ) ;
#199 = CARTESIAN_POINT ( 'NONE',  ( 25.74006678690881600, 31.94826312794468848, -33.67897120884700968 ) ) ;
#200 = CARTESIAN_POINT ( 'NONE',  ( 6.707791724823254143, -1.669188961463913268, -716.0790747558229441 ) ) ;
#201 = CARTESIAN_POINT ( 'NONE',  ( -37.65867867193795604, 27.54647613971289388, -60.20661486047586664 ) ) ;
#202 = CARTESIAN_POINT ( 'NONE',  ( 13.04216350586725071, -53.15250958622847577, -330.0104949334734101 ) ) ;
#203 = CARTESIAN_POINT ( 'NONE',  ( 16.79166655427499677, 17.25792324658716836, -660.1147140781916960 ) ) ;
#204 = CARTESIAN_POINT ( 'NONE',  ( 11.91016963281521157, 89.26243206666471508, -240.2019763499491773 ) ) ;
#205 = CARTESIAN_POINT ( 'NONE',  ( 0.7447863465814774653, 93.68748325402400212, -179.7573051204385024 ) ) ;
#206 = CARTESIAN_POINT ( 'NONE',  ( 47.86561819574292542, -28.13955902875864368, -119.8781736735581944 ) ) ;
#207 = CARTESIAN_POINT ( 'NONE',  ( -20.87358542668612671, 42.14124909392258189, -570.0640010862995268 ) ) ;
#208 = CARTESIAN_POINT ( 'NONE',  ( 18.05147824652098620, 8.643204316741108784, -660.1147140781919234 ) ) ;
#209 = CARTESIAN_POINT ( 'NONE',  ( -26.44799093184296979, -8.831880867341947550, 6.809709295715926203 ) ) ;
#210 = CARTESIAN_POINT ( 'NONE',  ( -39.21002326713239938, -15.47139449632500252, -480.0045523954845521 ) ) ;
#211 = CARTESIAN_POINT ( 'NONE',  ( 10.02953531067777426, -4.224355617037256927, 0.000000000000000000 ) ) ;
#212 = CARTESIAN_POINT ( 'NONE',  ( -50.32773274032671651, 13.48092928778862287, -420.0050310766835082 ) ) ;
#213 = CARTESIAN_POINT ( 'NONE',  ( -3.687311065642102204, 19.44483451140131081, -716.0790747558230578 ) ) ;
#214 = CARTESIAN_POINT ( 'NONE',  ( -26.50215133927165212, -36.78006468023598075, -450.0055018290956355 ) ) ;
#215 = CARTESIAN_POINT ( 'NONE',  ( 0.000000000000000000, 0.000000000000000000, 0.000000000000000000 ) ) ;
#216 = CARTESIAN_POINT ( 'NONE',  ( 3.007891669217491515, 7.488631741043189294, -730.0780371991983202 ) ) ;
#217 = CARTESIAN_POINT ( 'NONE',  ( -11.59814287468687510, 75.67341772487725393, -299.9258731499769510 ) ) ;
#218 = CARTESIAN_POINT ( 'NONE',  ( -0.002672872478854493999, 56.06707817692125673, -570.0640010862999816 ) ) ;
#219 = CARTESIAN_POINT ( 'NONE',  ( 19.36429841169526256, -44.44525141064703888, -420.0050310766875441 ) ) ;
#220 = CARTESIAN_POINT ( 'NONE',  ( 39.01578077678183121, -22.96587726851368672, -450.0055018290970565 ) ) ;
#221 = CARTESIAN_POINT ( 'NONE',  ( -1.013288613029161400, 12.49140865998809424, -735.0000000000010232 ) ) ;
#222 = CARTESIAN_POINT ( 'NONE',  ( 51.61525415453547794, 34.71260663373818289, -330.0104949334747175 ) ) ;
#223 = CARTESIAN_POINT ( 'NONE',  ( 61.47013836476617143, 23.51089828007628313, -179.7573051204374224 ) ) ;
#224 = CARTESIAN_POINT ( 'NONE',  ( -6.819389901417897804, -1.258722135947460741, -716.0790747558229441 ) ) ;
#225 = CARTESIAN_POINT ( 'NONE',  ( -35.72195451136280298, -13.80871709956619497, -510.0070289517093443 ) ) ;
#226 = CARTESIAN_POINT ( 'NONE',  ( 46.00114905873760307, -7.314213388037400954, -450.0055018290976250 ) ) ;
#227 = CARTESIAN_POINT ( 'NONE',  ( -47.47047226509398143, -1.575220593207553366, -33.67897120884710915 ) ) ;
#228 = CARTESIAN_POINT ( 'NONE',  ( -7.955696975157156459, 42.96674386945786495, -630.0414814863813717 ) ) ;
#229 = CARTESIAN_POINT ( 'NONE',  ( -12.30707277288315815, -30.51552608886682094, -570.0640010862986173 ) ) ;
#230 = CARTESIAN_POINT ( 'NONE',  ( -2.055823263193827355, -56.54328906327199888, -179.7573051204378487 ) ) ;
#231 = CARTESIAN_POINT ( 'NONE',  ( 52.02383429059266717, 19.41330877082191009, -390.0054354190802428 ) ) ;
#232 = CARTESIAN_POINT ( 'NONE',  ( -57.34461563132019535, 17.01508322962430597, -119.8781736735586350 ) ) ;
#233 = CARTESIAN_POINT ( 'NONE',  ( 31.39014762560515948, 64.57294839305777145, -299.9258731499776900 ) ) ;
#234 = CARTESIAN_POINT ( 'NONE',  ( 0.002818714802116096575, 45.79292170604743006, -630.0414814863817128 ) ) ;
#235 = CARTESIAN_POINT ( 'NONE',  ( -18.12573689457236270, 5.582774469701778486, -660.1147140781901044 ) ) ;
#236 = CARTESIAN_POINT ( 'NONE',  ( 0.1669109879750619863, -6.648503449225841244, -734.9999999999995453 ) ) ;
#237 = CARTESIAN_POINT ( 'NONE',  ( -0.7262316261132045758, 77.06517708820878454, -299.9258731499762121 ) ) ;
#238 = CARTESIAN_POINT ( 'NONE',  ( 45.76475984613280446, -26.87238700801979974, -360.0028709458036928 ) ) ;
#239 = CARTESIAN_POINT ( 'NONE',  ( -4.294628292035640449, 45.09296694603883537, -630.0414814863815991 ) ) ;
#240 = CARTESIAN_POINT ( 'NONE',  ( 62.03673261523348259, 14.55699088316605483, -240.2019763499493763 ) ) ;
#241 = CARTESIAN_POINT ( 'NONE',  ( -43.18910908333451459, -16.97386981928392302, -33.67897120884722995 ) ) ;
#242 = CARTESIAN_POINT ( 'NONE',  ( 10.65691173368201561, -7.533108716755912759, -690.0138044314148829 ) ) ;
#243 = CARTESIAN_POINT ( 'NONE',  ( -27.93496017539730758, -1.075442792731963415, 6.809709295715933308 ) ) ;
#244 = CARTESIAN_POINT ( 'NONE',  ( -25.57349855868715238, 35.53068687269598769, -11.39281912759564364 ) ) ;
#245 = CARTESIAN_POINT ( 'NONE',  ( 3.511230790685145209, -37.27736203670549031, -539.9930887323595243 ) ) ;
#246 = CARTESIAN_POINT ( 'NONE',  ( 62.03673261523348259, 14.55699088316605483, -240.2019763499493763 ) ) ;
#247 = CARTESIAN_POINT ( 'NONE',  ( -50.32773274032671651, 13.48092928778862287, -420.0050310766835082 ) ) ;
#248 = CARTESIAN_POINT ( 'NONE',  ( 4.491502747311536758, 17.79242937334911545, -716.0790747558233988 ) ) ;
#249 = CARTESIAN_POINT ( 'NONE',  ( 0.3717736840999513181, 56.06712732884354722, -570.0640010862999816 ) ) ;
#250 = CARTESIAN_POINT ( 'NONE',  ( -1.867948614686796960, 5.840883385870383471, -735.0000000000007958 ) ) ;
#251 = CARTESIAN_POINT ( 'NONE',  ( 13.40466802418634629, -54.46734514878073696, -299.9258731499753594 ) ) ;
#252 = CARTESIAN_POINT ( 'NONE',  ( -4.414025599682720014, 85.48939585906418870, -149.2020492516149375 ) ) ;
#253 = CARTESIAN_POINT ( 'NONE',  ( 7.561364478906885012, -7.704970016663322596, 0.000000000000000000 ) ) ;
#254 = CARTESIAN_POINT ( 'NONE',  ( -10.41744430801968591, 68.92657841608470903, -390.0054354190787649 ) ) ;
#255 = CARTESIAN_POINT ( 'NONE',  ( 0.000000000000000000, 0.000000000000000000, 0.000000000000000000 ) ) ;
#256 = CARTESIAN_POINT ( 'NONE',  ( -33.56875177167093938, -7.846892805361556533, -539.9930887323580464 ) ) ;
#257 = CARTESIAN_POINT ( 'NONE',  ( 42.33740376501517488, -16.95458943971908994, -450.0055018290939302 ) ) ;
#258 = CARTESIAN_POINT ( 'NONE',  ( -35.72087718749951790, 9.595425833745759192, -539.9930887323589559 ) ) ;
#259 = CARTESIAN_POINT ( 'NONE',  ( -31.19980310602822016, 56.82555728767232495, -119.8781736735570291 ) ) ;
#260 = CARTESIAN_POINT ( 'NONE',  ( -38.55009981586038492, -35.49221470417090529, -90.82262204780710135 ) ) ;
#261 = CARTESIAN_POINT ( 'NONE',  ( -0.05930756111074025894, -18.42581306476952463, -716.0790747558207840 ) ) ;
#262 = CARTESIAN_POINT ( 'NONE',  ( 50.85560871880234401, 7.979697955227280204, -420.0050310766837924 ) ) ;
#263 = CARTESIAN_POINT ( 'NONE',  ( -44.02034644751031323, 8.483979613441258394, -480.0045523954843247 ) ) ;
#264 = CARTESIAN_POINT ( 'NONE',  ( 0.6520802622710482055, 70.19090204550212775, -390.0054354190799586 ) ) ;
#265 = CARTESIAN_POINT ( 'NONE',  ( -0.4814520771279529598, -19.33176540591934867, -690.0138044314184071 ) ) ;
#266 = CARTESIAN_POINT ( 'NONE',  ( -0.7468527896808163646, 93.68745165368592609, -179.7573051204385024 ) ) ;
#267 = CARTESIAN_POINT ( 'NONE',  ( 24.32099004026765598, -51.46998054942470446, -210.0478857760854510 ) ) ;
#268 = CARTESIAN_POINT ( 'NONE',  ( -0.8295851084551766341, 10.20597238961125619, 0.000000000000000000 ) ) ;
#269 = CARTESIAN_POINT ( 'NONE',  ( 6.593071614223197763, 7.928659610718293393, -716.0790747558229441 ) ) ;
#270 = CARTESIAN_POINT ( 'NONE',  ( -44.94490592292374487, -13.14346179126900793, -11.39281912759561521 ) ) ;
#271 = CARTESIAN_POINT ( 'NONE',  ( 46.48370068057290894, -23.38648088539645187, -60.20661486047681166 ) ) ;
#272 = CARTESIAN_POINT ( 'NONE',  ( -57.51409893667559459, 14.64139940146371721, -330.0104949334760818 ) ) ;
#273 = CARTESIAN_POINT ( 'NONE',  ( -24.97658728791182625, 54.84269583233579937, -450.0055018290958628 ) ) ;
#274 = CARTESIAN_POINT ( 'NONE',  ( -19.14352100101571352, -20.44384992225797149, 6.809709295715874688 ) ) ;
#275 = CARTESIAN_POINT ( 'NONE',  ( -12.37657238826613870, -56.05324571485594731, -210.0478857760830920 ) ) ;
#276 = CARTESIAN_POINT ( 'NONE',  ( 50.32801609996452186, 13.47891139243660419, -420.0050310766842472 ) ) ;
#277 = CARTESIAN_POINT ( 'NONE',  ( -59.10477737125231812, 26.21057832636441987, -149.2020492516145964 ) ) ;
#278 = CARTESIAN_POINT ( 'NONE',  ( 0.3206021506441615321, 51.43996798637162016, -600.0593740079231111 ) ) ;
#279 = CARTESIAN_POINT ( 'NONE',  ( -56.04293566763009693, 2.213025801740459819, -360.0028709458016465 ) ) ;
#280 = CARTESIAN_POINT ( 'NONE',  ( 3.511230790685145209, -37.27736203670549031, -539.9930887323595243 ) ) ;
#281 = CARTESIAN_POINT ( 'NONE',  ( -3.468743070148875951, 65.15648611822280145, -450.0055018290946691 ) ) ;
#282 = CARTESIAN_POINT ( 'NONE',  ( 20.49878605557584876, -47.13935406520849369, -90.82262204780664661 ) ) ;
#283 = CARTESIAN_POINT ( 'NONE',  ( -11.91280658631510470, 92.11397518130043238, -179.7573051204380477 ) ) ;
#284 = CARTESIAN_POINT ( 'NONE',  ( 62.61952626781418019, 9.273588651780217518, -210.0478857760846267 ) ) ;
#285 = CARTESIAN_POINT ( 'NONE',  ( -42.56812744218542122, -6.265965330753789253, -480.0045523954842679 ) ) ;
#286 = CARTESIAN_POINT ( 'NONE',  ( 56.19889238984426783, -17.66051857297663119, -210.0478857760849394 ) ) ;
#287 = CARTESIAN_POINT ( 'NONE',  ( -38.69111254664397848, 18.46065141693621925, -510.0070289517095716 ) ) ;
#288 = CARTESIAN_POINT ( 'NONE',  ( -11.91280658631510470, 92.11397518130043238, -179.7573051204380477 ) ) ;
#289 = CARTESIAN_POINT ( 'NONE',  ( -10.38687350175224111, -17.78757332857344764, -660.1147140781898770 ) ) ;
#290 = CARTESIAN_POINT ( 'NONE',  ( -2.003783426043818316, -55.17068426377973367, -149.2020492516147954 ) ) ;
#291 = CARTESIAN_POINT ( 'NONE',  ( 11.01222025850131025, -0.2966698693844296297, 0.000000000000000000 ) ) ;
#292 = CARTESIAN_POINT ( 'NONE',  ( -1.824274285896439141, 6.729421389311613488, -735.0000000000010232 ) ) ;
#293 = CARTESIAN_POINT ( 'NONE',  ( 11.95894105338376612, 92.74419016345039779, -210.0478857760842004 ) ) ;
#294 = CARTESIAN_POINT ( 'NONE',  ( -27.93496017539730758, -1.075442792731963415, 6.809709295715933308 ) ) ;
#295 = CARTESIAN_POINT ( 'NONE',  ( -0.8639894115067231484, -29.30475194483946666, 6.809709295715948407 ) ) ;
#296 = CARTESIAN_POINT ( 'NONE',  ( -4.091404526681214016, 72.50842422490529771, -360.0028709458019875 ) ) ;
#297 = CARTESIAN_POINT ( 'NONE',  ( 41.51437758556049573, 66.96193671731811037, -240.2019763499489784 ) ) ;
#298 = CARTESIAN_POINT ( 'NONE',  ( -11.80261776782711181, 80.59568410124892068, -269.8562572438005986 ) ) ;
#299 = CARTESIAN_POINT ( 'NONE',  ( -0.3129621076420169845, -6.435319772813406836, -735.0000000000010232 ) ) ;
#300 = CARTESIAN_POINT ( 'NONE',  ( 55.53799510116491689, -5.315987852965620597, -90.82262204780697346 ) ) ;
#301 = CARTESIAN_POINT ( 'NONE',  ( -45.99941349287522740, -7.321404816483862099, -450.0055018290940438 ) ) ;
#302 = CARTESIAN_POINT ( 'NONE',  ( -0.4488726020077773993, -6.262495654034897719, -735.0000000000010232 ) ) ;
#303 = B_SPLINE_CURVE_WITH_KNOTS ( 'NONE', 3,
 ( #1233, #3035, #919, #587, #314, #1538, #1773, #2699, #1955, #327, #2655, #815, #2192, #2488, #1002, #1293, #1999, #553, #1717, #123, #1476, #1032, #1730, #1522, #1246, #571 ),
 .UNSPECIFIED., .F., .F.,
 ( 4, 1, 1, 1, 1, 1, 1, 1, 1, 1, 1, 1, 1, 1, 1, 1, 1, 1, 1, 1, 1, 1, 1, 4 ),
 ( 0.5000000000000011102, 0.5156250000000011102, 0.5312500000000009992, 0.5625000000000009992, 0.5937500000000008882, 0.6250000000000008882, 0.6562500000000007772, 0.6718750000000006661, 0.6875000000000006661, 0.7031250000000006661, 0.7187500000000006661, 0.7343750000000005551, 0.7500000000000005551, 0.7656250000000004441, 0.7812500000000004441, 0.7968750000000004441, 0.8125000000000004441, 0.8437500000000003331, 0.8750000000000002220, 0.9062500000000002220, 0.9375000000000001110, 0.9687500000000000000, 0.9937499999999999112, 1.000000000000000000 ),
 .UNSPECIFIED. ) ;
#304 = CARTESIAN_POINT ( 'NONE',  ( 32.20229994560587983, -43.67650557468551398, -330.0104949334719890 ) ) ;
#305 = CARTESIAN_POINT ( 'NONE',  ( -29.25213200988676121, 23.50435883806496662, -570.0640010862999816 ) ) ;
#306 = CARTESIAN_POINT ( 'NONE',  ( -39.73654914203666522, -34.58854437402217030, -360.0028709458014760 ) ) ;
#307 = CARTESIAN_POINT ( 'NONE',  ( -7.140598514197786351, -21.06723077864463178, -660.1147140781943108 ) ) ;
#308 = CARTESIAN_POINT ( 'NONE',  ( 31.37621967993236538, 10.95561473344365666, -570.0640010862995268 ) ) ;
#309 = CARTESIAN_POINT ( 'NONE',  ( -55.62294677785914132, 22.69132349074596178, -119.8781736735578960 ) ) ;
#310 = CARTESIAN_POINT ( 'NONE',  ( 3.463005267326799697, 65.15725121206146753, -450.0055018290948396 ) ) ;
#311 = CARTESIAN_POINT ( 'NONE',  ( -1.798099209521974995, -51.37324939096612297, -90.82262204780668924 ) ) ;
#312 = CARTESIAN_POINT ( 'NONE',  ( 40.34879089077586656, 55.66681563827727075, -299.9258731499763257 ) ) ;
#313 = CARTESIAN_POINT ( 'NONE',  ( 0.000000000000000000, 0.000000000000000000, 0.000000000000000000 ) ) ;
#314 = CARTESIAN_POINT ( 'NONE',  ( 0.5097842873492498539, -6.210865063103055306, -735.0000000000027285 ) ) ;
#315 = CARTESIAN_POINT ( 'NONE',  ( 54.57600081108806478, -10.02495241539263837, -90.82262204780641923 ) ) ;
#316 = CARTESIAN_POINT ( 'NONE',  ( -61.86756623489096540, 2.396735968556567009, -179.7573051204387582 ) ) ;
#317 = CARTESIAN_POINT ( 'NONE',  ( 0.000000000000000000, 0.000000000000000000, 0.000000000000000000 ) ) ;
#318 = CARTESIAN_POINT ( 'NONE',  ( 16.61416402138227255, -15.46867381465574098, -630.0414814863805759 ) ) ;
#319 = CARTESIAN_POINT ( 'NONE',  ( -33.39088025712641894, 22.89951468802056311, -539.9930887323612296 ) ) ;
#320 = CARTESIAN_POINT ( 'NONE',  ( -41.10696855750663303, -10.95550685338729835, -480.0045523954838131 ) ) ;
#321 = CARTESIAN_POINT ( 'NONE',  ( -5.081527321371742900, -16.82459634072909793, -690.0138044314107901 ) ) ;
#322 = CARTESIAN_POINT ( 'NONE',  ( 27.03561539217572829, 6.909032326386483014, -600.0593740079231111 ) ) ;
#323 = CARTESIAN_POINT ( 'NONE',  ( 0.000000000000000000, 0.000000000000000000, 0.000000000000000000 ) ) ;
#324 = CARTESIAN_POINT ( 'NONE',  ( -1.642013359625645874, -49.09473464365204620, -420.0050310766854409 ) ) ;
#325 = CARTESIAN_POINT ( 'NONE',  ( 39.24626459652687771, 54.37772887066783767, -330.0104949334764797 ) ) ;
#326 = CARTESIAN_POINT ( 'NONE',  ( -0.7377018302165281316, 68.35094351311646221, -119.8781736735584786 ) ) ;
#327 = CARTESIAN_POINT ( 'NONE',  ( 1.739988179107434974, 0.09633567908561480042, -735.0000000000001137 ) ) ;
#328 = CARTESIAN_POINT ( 'NONE',  ( 44.03991004986959013, 3.463201780532168872, -480.0045523954854616 ) ) ;
#329 = CARTESIAN_POINT ( 'NONE',  ( -49.04831046292500218, -8.166173164794578554, -420.0050310766832240 ) ) ;
#330 = CARTESIAN_POINT ( 'NONE',  ( -1.691756416811776909, 8.422458918497360614, -734.9999999999998863 ) ) ;
#331 = CARTESIAN_POINT ( 'NONE',  ( -38.88768540344407398, 23.13982186522096640, -11.39281912759566140 ) ) ;
#332 = CARTESIAN_POINT ( 'NONE',  ( 5.053740087976845707, -10.70111739530206663, -716.0790747558230578 ) ) ;
#333 = CARTESIAN_POINT ( 'NONE',  ( -53.12141644270410268, 13.62739455980712400, -90.82262204780765558 ) ) ;
#334 = CARTESIAN_POINT ( 'NONE',  ( -51.49881543746875678, -20.69153266832637073, -330.0104949334759112 ) ) ;
#335 = CARTESIAN_POINT ( 'NONE',  ( -22.09070193639696456, -49.84561767596460413, -330.0104949334790376 ) ) ;
#336 = CARTESIAN_POINT ( 'NONE',  ( 31.95411831746728382, 68.97845286942261112, -269.8562572437997460 ) ) ;
#337 = CARTESIAN_POINT ( 'NONE',  ( 31.23205325468154570, 2.532018076263930606, -570.0640010862992995 ) ) ;
#338 = CARTESIAN_POINT ( 'NONE',  ( -2.991157275994043907, 7.933625286785475517, -730.0780371991979791 ) ) ;
#339 = CARTESIAN_POINT ( 'NONE',  ( 15.45695575118780596, -23.16787543407435024, -600.0593740079261806 ) ) ;
#340 = CARTESIAN_POINT ( 'NONE',  ( 40.34879089077586656, 55.66681563827727075, -299.9258731499763257 ) ) ;
#341 = CARTESIAN_POINT ( 'NONE',  ( 8.514409930428616491, 61.65880630294470421, -480.0045523954834152 ) ) ;
#342 = CARTESIAN_POINT ( 'NONE',  ( -4.572315092263107061, -26.48779971437476632, -630.0414814863803485 ) ) ;
#343 = CARTESIAN_POINT ( 'NONE',  ( 0.0007690364813039995452, 67.70831702363416582, -420.0050310766836219 ) ) ;
#344 = CARTESIAN_POINT ( 'NONE',  ( -0.6259832699552541069, 23.21909761475213330, -716.0790747558235125 ) ) ;
#345 = CARTESIAN_POINT ( 'NONE',  ( -0.1885470636494700480, -9.518982333325221035, -730.0780371991984339 ) ) ;
#346 = CARTESIAN_POINT ( 'NONE',  ( 48.96101572478443131, -19.38361155100531974, -60.20661486047676902 ) ) ;
#347 = CARTESIAN_POINT ( 'NONE',  ( -58.94197444768055760, -0.1601378296049791872, -119.8781736735574981 ) ) ;
#348 = CARTESIAN_POINT ( 'NONE',  ( -52.62602115276148851, 30.11208108328136035, -119.8781736735587344 ) ) ;
#349 = CARTESIAN_POINT ( 'NONE',  ( 31.06378758712930122, -42.36502050372642714, -360.0028709458043181 ) ) ;
#350 = CARTESIAN_POINT ( 'NONE',  ( -59.10477737125231812, 26.21057832636441987, -149.2020492516145964 ) ) ;
#351 = CARTESIAN_POINT ( 'NONE',  ( -52.93375380257626972, -21.23321740000638869, -299.9258731499763826 ) ) ;
#352 = CARTESIAN_POINT ( 'NONE',  ( -17.90642885809158003, -26.02918310777439359, -570.0640010863005500 ) ) ;
#353 = CARTESIAN_POINT ( 'NONE',  ( 24.97156827595459205, 54.84742062903214332, -450.0055018290964313 ) ) ;
#354 = CARTESIAN_POINT ( 'NONE',  ( 52.98747413963490516, -3.323956124211365992, -390.0054354190793333 ) ) ;
#355 = CARTESIAN_POINT ( 'NONE',  ( -54.75556659299300577, 44.49763935857967567, -240.2019763499496889 ) ) ;
#356 = CARTESIAN_POINT ( 'NONE',  ( 25.40244363059035848, -37.43125985974693748, -11.39281912759562587 ) ) ;
#357 = CARTESIAN_POINT ( 'NONE',  ( 48.91735084067122585, 48.70342584700581767, -269.8562572438012239 ) ) ;
#358 = CARTESIAN_POINT ( 'NONE',  ( -0.002672872478854493999, 56.06707817692125673, -570.0640010862999816 ) ) ;
#359 = CARTESIAN_POINT ( 'NONE',  ( 5.990761748686218802, 12.11295015510307316, -716.0790747558230578 ) ) ;
#360 = CARTESIAN_POINT ( 'NONE',  ( 0.0002228811090893619701, -51.13369746788544035, -390.0054354190799586 ) ) ;
#361 = CARTESIAN_POINT ( 'NONE',  ( 10.02953531067777426, -4.224355617037256927, 0.000000000000000000 ) ) ;
#362 = CARTESIAN_POINT ( 'NONE',  ( -62.14112825084342262, 7.585333947939987276, -240.2019763499495468 ) ) ;
#363 = CARTESIAN_POINT ( 'NONE',  ( -54.75556659299300577, 44.49763935857967567, -240.2019763499496889 ) ) ;
#364 = CARTESIAN_POINT ( 'NONE',  ( 0.000000000000000000, 0.000000000000000000, 0.000000000000000000 ) ) ;
#365 = CARTESIAN_POINT ( 'NONE',  ( 46.52167829134545229, 6.146534074936435665, -33.67897120884727968 ) ) ;
#366 = CARTESIAN_POINT ( 'NONE',  ( 0.000000000000000000, 0.000000000000000000, 0.000000000000000000 ) ) ;
#367 = CARTESIAN_POINT ( 'NONE',  ( 38.22212634201716241, 38.68908974911008869, -450.0055018290967155 ) ) ;
#368 = CARTESIAN_POINT ( 'NONE',  ( -10.38687350175224111, -17.78757332857344764, -660.1147140781898770 ) ) ;
#369 = CARTESIAN_POINT ( 'NONE',  ( 55.53799510116491689, -5.315987852965620597, -90.82262204780697346 ) ) ;
#370 = CARTESIAN_POINT ( 'NONE',  ( -47.66620723740217613, 32.42009866813847196, -390.0054354190757522 ) ) ;
#371 = CARTESIAN_POINT ( 'NONE',  ( 29.74669410262004376, -40.75675470002808254, -390.0054354190812660 ) ) ;
#372 = CARTESIAN_POINT ( 'NONE',  ( 2.209103022491135881, 12.51872881319798836, -730.0780371991988886 ) ) ;
#373 = CARTESIAN_POINT ( 'NONE',  ( 0.7456525249626142493, 16.10170573943041461, -730.0780371991982065 ) ) ;
#374 = CARTESIAN_POINT ( 'NONE',  ( -20.60814767924533797, -47.09298799308911754, -90.82262204780700188 ) ) ;
#375 = CARTESIAN_POINT ( 'NONE',  ( 27.38110625280899413, 4.088115752560448790, 6.809709295715915545 ) ) ;
#376 = CARTESIAN_POINT ( 'NONE',  ( 1.444556624666248901E-05, -54.77002581490363298, -330.0104949334763091 ) ) ;
#377 = CARTESIAN_POINT ( 'NONE',  ( 54.03215485213112146, -15.20019028926177995, -330.0104949334740354 ) ) ;
#378 = CARTESIAN_POINT ( 'NONE',  ( -49.52765012852087523, 57.66889372512918754, -179.7573051204387582 ) ) ;
#379 = CARTESIAN_POINT ( 'NONE',  ( 46.35358252152511938, 7.557553500252727652, -11.39281912759559745 ) ) ;
#380 = CARTESIAN_POINT ( 'NONE',  ( -25.53205400261862934, -4.377620366447021460, -600.0593740079225427 ) ) ;
#381 = CARTESIAN_POINT ( 'NONE',  ( -51.74495113969260984, -25.30669903144776001, -179.7573051204386445 ) ) ;
#382 = CARTESIAN_POINT ( 'NONE',  ( 40.98175977819328608, 62.80007672700831023, -149.2020492516153070 ) ) ;
#383 = CARTESIAN_POINT ( 'NONE',  ( 22.58459105913238218, 3.194618214129813616, -630.0414814863820538 ) ) ;
#384 = CARTESIAN_POINT ( 'NONE',  ( -10.03433860433376168, 20.54362155498794706, -690.0138044314142007 ) ) ;
#385 = CARTESIAN_POINT ( 'NONE',  ( 12.06811826010841848, -49.85358131584580121, -90.82262204780663239 ) ) ;
#386 = CARTESIAN_POINT ( 'NONE',  ( 22.14091679943861735, 87.97363201802708943, -210.0478857760851383 ) ) ;
#387 = CARTESIAN_POINT ( 'NONE',  ( 10.89038598287213766, 71.29984086782818054, -360.0028709458005665 ) ) ;
#388 = CARTESIAN_POINT ( 'NONE',  ( 51.56020812809374121, 9.733022629219449939, -60.20661486047656297 ) ) ;
#389 = CARTESIAN_POINT ( 'NONE',  ( 48.44529755974111396, -23.55964079977447057, -90.82262204780654713 ) ) ;
#390 = CARTESIAN_POINT ( 'NONE',  ( -30.53207143037691296, 63.06870039001734085, -330.0104949334761386 ) ) ;
#391 = CARTESIAN_POINT ( 'NONE',  ( 10.74130377035863404, -44.96247675463181537, -450.0055018290956355 ) ) ;
#392 = CARTESIAN_POINT ( 'NONE',  ( 46.15085096681231391, 18.66115340521950117, -450.0055018290963176 ) ) ;
#393 = CARTESIAN_POINT ( 'NONE',  ( -45.99941349287522740, -7.321404816483862099, -450.0055018290940438 ) ) ;
#394 = CARTESIAN_POINT ( 'NONE',  ( -43.45601562182670818, -36.67370722968676944, -269.8562572437995186 ) ) ;
#395 = CARTESIAN_POINT ( 'NONE',  ( 0.000000000000000000, 0.000000000000000000, 0.000000000000000000 ) ) ;
#396 = CARTESIAN_POINT ( 'NONE',  ( -9.057002846572167698, 5.399981604345197361, 0.000000000000000000 ) ) ;
#397 = CARTESIAN_POINT ( 'NONE',  ( 4.627382027558872402, -46.15478872921099196, -450.0055018290949533 ) ) ;
#398 = CARTESIAN_POINT ( 'NONE',  ( 23.01905193248785508, 13.75137482493450314, 6.809709295715936861 ) ) ;
#399 = CARTESIAN_POINT ( 'NONE',  ( 49.00640352658787435, 14.93630606635096925, -60.20661486047675481 ) ) ;
#400 = CARTESIAN_POINT ( 'NONE',  ( -0.1083177272607859370, 31.21803244048680170, -690.0138044314147692 ) ) ;
#401 = CARTESIAN_POINT ( 'NONE',  ( 5.616198059385231645, 25.72236708284448170, 6.809709295715919986 ) ) ;
#402 = CARTESIAN_POINT ( 'NONE',  ( -53.66505111542802808, 7.982653907899893042, -390.0054354190796175 ) ) ;
#403 = CARTESIAN_POINT ( 'NONE',  ( 0.000000000000000000, 0.000000000000000000, 0.000000000000000000 ) ) ;
#404 = CARTESIAN_POINT ( 'NONE',  ( 0.000000000000000000, 0.000000000000000000, 0.000000000000000000 ) ) ;
#405 = CARTESIAN_POINT ( 'NONE',  ( 60.80638466994142988, -4.618304320896302606, -210.0478857760849962 ) ) ;
#406 = CARTESIAN_POINT ( 'NONE',  ( -31.95408552717929496, 68.97847521327075526, -269.8562572438025882 ) ) ;
#407 = CARTESIAN_POINT ( 'NONE',  ( 6.279607248675303843, -29.58225625688351101, -600.0593740079248164 ) ) ;
#408 = CARTESIAN_POINT ( 'NONE',  ( 60.08350923676682953, 30.58998264194688232, -179.7573051204390993 ) ) ;
#409 = CARTESIAN_POINT ( 'NONE',  ( -55.35759853329759039, -3.602470220745015883, -360.0028709458029539 ) ) ;
#410 = CARTESIAN_POINT ( 'NONE',  ( -2.486458164353450684, -3.785533921310891170, -730.0780371991991160 ) ) ;
#411 = CARTESIAN_POINT ( 'NONE',  ( 21.31743496773645674, 63.20870274307758763, -119.8781736735587344 ) ) ;
#412 = CARTESIAN_POINT ( 'NONE',  ( 44.95166498799037669, -13.21678884279184807, -33.67897120884713758 ) ) ;
#413 = CARTESIAN_POINT ( 'NONE',  ( -44.60350378630789692, 21.03158457592081731, -60.20661486047666955 ) ) ;
#414 = CARTESIAN_POINT ( 'NONE',  ( 11.43258544786521824, -47.42280209930564183, -420.0050310766820871 ) ) ;
#415 = CARTESIAN_POINT ( 'NONE',  ( -0.3206593755429896775, 51.43988498753765981, -600.0593740079231111 ) ) ;
#416 = CARTESIAN_POINT ( 'NONE',  ( 2.243942218194895144, 55.99690160391448046, -570.0640010862998679 ) ) ;
#417 = CARTESIAN_POINT ( 'NONE',  ( 0.01072291076965425742, 62.76134168025001969, -480.0045523954842679 ) ) ;
#418 = CARTESIAN_POINT ( 'NONE',  ( 32.53767766443537113, -30.69227125845186777, -33.67897120884731521 ) ) ;
#419 = CARTESIAN_POINT ( 'NONE',  ( -31.39014841076487983, 64.57295200693734216, -299.9258731499760415 ) ) ;
#420 = CARTESIAN_POINT ( 'NONE',  ( 1.748981182917947574, 7.842202193028812829, -735.0000000000001137 ) ) ;
#421 = CARTESIAN_POINT ( 'NONE',  ( -46.24449139074947368, -9.056337910382112000, -11.39281912759562054 ) ) ;
#422 = CARTESIAN_POINT ( 'NONE',  ( -39.01202509459434253, -22.97210894347333010, -450.0055018290952376 ) ) ;
#423 = CARTESIAN_POINT ( 'NONE',  ( 11.07002906704945033, 52.45572086363483777, -570.0640010863002090 ) ) ;
#424 = CARTESIAN_POINT ( 'NONE',  ( 34.70425074475630112, -3.651074328886938947, -539.9930887323608886 ) ) ;
#425 = CARTESIAN_POINT ( 'NONE',  ( -45.75885022723549156, 26.84093896435698667, -90.82262204780826664 ) ) ;
#426 = CARTESIAN_POINT ( 'NONE',  ( 13.77189110332579425, -55.33086662898304553, -269.8562572437986091 ) ) ;
#427 = CARTESIAN_POINT ( 'NONE',  ( 4.434153521012921928, 81.93811928029347769, -269.8562572437996891 ) ) ;
#428 = CARTESIAN_POINT ( 'NONE',  ( 1.891651953670912475E-05, 82.05248033630779503, -269.8562572437998028 ) ) ;
#429 = CARTESIAN_POINT ( 'NONE',  ( 0.7563202507605334413, 50.19303104740363608, -90.82262204780668924 ) ) ;
#430 = CARTESIAN_POINT ( 'NONE',  ( 24.42675861309563601, -7.944437382423878091, -600.0593740079216332 ) ) ;
#431 = CARTESIAN_POINT ( 'NONE',  ( -15.00841319774960070, 34.85223943654112588, -630.0414814863800075 ) ) ;
#432 = CARTESIAN_POINT ( 'NONE',  ( 12.55086249416080868, 9.315930282222309344, -690.0138044314142007 ) ) ;
#433 = CARTESIAN_POINT ( 'NONE',  ( -22.58489986785809123, 3.229437788287770505, -630.0414814863785296 ) ) ;
#434 = CARTESIAN_POINT ( 'NONE',  ( -51.49881543746875678, -20.69153266832637073, -330.0104949334759112 ) ) ;
#435 = CARTESIAN_POINT ( 'NONE',  ( 4.082500884507028083, 9.387774666777062293, 0.000000000000000000 ) ) ;
#436 = CARTESIAN_POINT ( 'NONE',  ( 44.40150122725981419, -12.22664231789186751, -450.0055018290925091 ) ) ;
#437 = CARTESIAN_POINT ( 'NONE',  ( -55.57182695484306834, 4.280485935384751528, -90.82262204780788295 ) ) ;
#438 = CARTESIAN_POINT ( 'NONE',  ( -1.013288613029161400, 12.49140865998809424, -735.0000000000010232 ) ) ;
#439 = CARTESIAN_POINT ( 'NONE',  ( -32.20227155307264155, -43.67653231777470069, -330.0104949334740354 ) ) ;
#440 = CARTESIAN_POINT ( 'NONE',  ( 5.930751424934451954, -56.79785366802747149, -269.8562572437997460 ) ) ;
#441 = CARTESIAN_POINT ( 'NONE',  ( 35.34560245437298676, 29.32644190323929934, -510.0070289517057063 ) ) ;
#442 = CARTESIAN_POINT ( 'NONE',  ( 0.5998809011731904839, 39.16164436229688306, -33.67897120884717310 ) ) ;
#443 = CARTESIAN_POINT ( 'NONE',  ( 51.90435713780826887, -25.77343566884542270, -210.0478857760832909 ) ) ;
#444 = CARTESIAN_POINT ( 'NONE',  ( -0.001033221549676067649, 93.68746745385496411, -179.7573051204385024 ) ) ;
#445 = CARTESIAN_POINT ( 'NONE',  ( -20.15513247626828175, 37.19357724008975197, -60.20661486047661271 ) ) ;
#446 = CARTESIAN_POINT ( 'NONE',  ( 54.75549432052525134, 44.49776632488880068, -240.2019763499496605 ) ) ;
#447 = CARTESIAN_POINT ( 'NONE',  ( 60.42778225445112383, 19.55903995603030410, -149.2020492516151648 ) ) ;
#448 = CARTESIAN_POINT ( 'NONE',  ( -47.09633991374904127, -2.264042471032108317, -450.0055018290947260 ) ) ;
#449 = CARTESIAN_POINT ( 'NONE',  ( -25.53205400261862934, -4.377620366447021460, -600.0593740079225427 ) ) ;
#450 = CARTESIAN_POINT ( 'NONE',  ( 6.502620874865897349, -3.586520842762297434, -716.0790747558222620 ) ) ;
#451 = CARTESIAN_POINT ( 'NONE',  ( -22.32995503745482324, 13.41906932860885426, -630.0414814863800075 ) ) ;
#452 = CARTESIAN_POINT ( 'NONE',  ( -14.29651160476488947, 56.17560276541954778, -510.0070289517087758 ) ) ;
#453 = CARTESIAN_POINT ( 'NONE',  ( -1.976942437146814946, -57.30644128199210741, -269.8562572438010534 ) ) ;
#454 = CARTESIAN_POINT ( 'NONE',  ( 60.08350923676682953, 30.58998264194688232, -179.7573051204390993 ) ) ;
#455 = CARTESIAN_POINT ( 'NONE',  ( -3.143797871944288502, 5.674345600257557187, -730.0780371991986613 ) ) ;
#456 = CARTESIAN_POINT ( 'NONE',  ( 47.66598919731995920, 32.42062548084507512, -390.0054354190801291 ) ) ;
#457 = CARTESIAN_POINT ( 'NONE',  ( 25.74006678690881600, 31.94826312794468848, -33.67897120884700968 ) ) ;
#458 = CARTESIAN_POINT ( 'NONE',  ( 5.772315600003332214, -55.87836666494516891, -299.9258731499764963 ) ) ;
#459 = CARTESIAN_POINT ( 'NONE',  ( -0.7063832293879734880, 75.25821487064835935, -330.0104949334759112 ) ) ;
#460 = CARTESIAN_POINT ( 'NONE',  ( 0.000000000000000000, 0.000000000000000000, 0.000000000000000000 ) ) ;
#461 = CARTESIAN_POINT ( 'NONE',  ( -0.09986244123135681883, 14.22390165620102920, -735.0000000000006821 ) ) ;
#462 = CARTESIAN_POINT ( 'NONE',  ( 17.79711981706193669, 11.55793451165530783, -660.1147140781922644 ) ) ;
#463 = CARTESIAN_POINT ( 'NONE',  ( -25.40883751532767576, -11.33459149864084381, 6.809709295715922650 ) ) ;
#464 = CARTESIAN_POINT ( 'NONE',  ( 15.19690952726718969, -9.297996214480317434, -660.1147140781941971 ) ) ;
#465 = CARTESIAN_POINT ( 'NONE',  ( -6.896595074354268995, 0.7089290253616721271, -716.0790747558228304 ) ) ;
#466 = CARTESIAN_POINT ( 'NONE',  ( -29.39634640283081168, 33.00849849148941928, -60.20661486047634270 ) ) ;
#467 = CARTESIAN_POINT ( 'NONE',  ( -1.441107510603869102, -43.79846097270285554, -480.0045523954833016 ) ) ;
#468 = CARTESIAN_POINT ( 'NONE',  ( 27.81683709388467207, 1.520934052399695480, 6.809709295715906663 ) ) ;
#469 = APPLICATION_PROTOCOL_DEFINITION ( 'draft international standard', 'automotive_design', 1998, #2205 ) ;
#470 = CARTESIAN_POINT ( 'NONE',  ( -52.02395373911646459, 19.41276932434020353, -390.0054354190770027 ) ) ;
#471 = CARTESIAN_POINT ( 'NONE',  ( 11.76400667214582896, 84.11947940308756699, -149.2020492516140848 ) ) ;
#472 = CARTESIAN_POINT ( 'NONE',  ( -22.73634006957231790, 6.620590615016778813, -630.0414814863858055 ) ) ;
#473 = CARTESIAN_POINT ( 'NONE',  ( 11.59218921620242604, -47.85657633590101767, -60.20661486047671218 ) ) ;
#474 = CARTESIAN_POINT ( 'NONE',  ( -0.6818559555545817830, 72.61136560192878164, -360.0028709458019875 ) ) ;
#475 = CARTESIAN_POINT ( 'NONE',  ( 38.46182426097290374, -35.57462377122400454, -90.82262204780660397 ) ) ;
#476 = CARTESIAN_POINT ( 'NONE',  ( -4.414025599682720014, 85.48939585906418870, -149.2020492516149375 ) ) ;
#477 = CARTESIAN_POINT ( 'NONE',  ( 6.854666699321612988, 4.142358673220313037, -716.0790747558232852 ) ) ;
#478 = CARTESIAN_POINT ( 'NONE',  ( -42.33438549317460087, -16.96126040256993761, -450.0055018290951239 ) ) ;
#479 = CARTESIAN_POINT ( 'NONE',  ( 51.90435713780826887, -25.77343566884542270, -210.0478857760832909 ) ) ;
#480 = CARTESIAN_POINT ( 'NONE',  ( -11.01222022293207914, -0.2966703228192384967, 0.000000000000000000 ) ) ;
#481 = CARTESIAN_POINT ( 'NONE',  ( -31.95408552717929496, 68.97847521327075526, -269.8562572438025882 ) ) ;
#482 = CARTESIAN_POINT ( 'NONE',  ( -38.04904089293300729, -33.24528530507677715, -390.0054354190796744 ) ) ;
#483 = CARTESIAN_POINT ( 'NONE',  ( -9.951697849675831264, -48.37609548884356769, -60.20661486047686140 ) ) ;
#484 = CARTESIAN_POINT ( 'NONE',  ( 56.07681338025771112, 8.112328038439043709, -360.0028709458030676 ) ) ;
#485 = CARTESIAN_POINT ( 'NONE',  ( 0.002818714802116096575, 45.79292170604743006, -630.0414814863817128 ) ) ;
#486 = CARTESIAN_POINT ( 'NONE',  ( -10.78467078802420254, 1.684706292346728862, 0.000000000000000000 ) ) ;
#487 = CARTESIAN_POINT ( 'NONE',  ( 0.000000000000000000, 0.000000000000000000, 0.000000000000000000 ) ) ;
#488 = CARTESIAN_POINT ( 'NONE',  ( -62.40212729886282972, 9.352614442661597138, -179.7573051204384171 ) ) ;
#489 = CARTESIAN_POINT ( 'NONE',  ( 10.25908661718020198, -44.33041983058971880, -11.39281912759562410 ) ) ;
#490 = CARTESIAN_POINT ( 'NONE',  ( -0.3771194290576536656, 56.06702902499896624, -570.0640010862999816 ) ) ;
#491 = CARTESIAN_POINT ( 'NONE',  ( 42.33733295769958005, -36.54134013411509585, -299.9258731499760984 ) ) ;
#492 = CARTESIAN_POINT ( 'NONE',  ( -8.493233185061894730, 61.66610807409967521, -480.0045523954867690 ) ) ;
#493 = CARTESIAN_POINT ( 'NONE',  ( 47.13784456571777071, 13.41542648018533512, -450.0055018290918838 ) ) ;
#494 = CARTESIAN_POINT ( 'NONE',  ( -46.46730293454351823, -23.41170056819617074, -60.20661486047684718 ) ) ;
#495 = CARTESIAN_POINT ( 'NONE',  ( -0.01514692140367911166, 40.53500843714517288, -60.20661486047677613 ) ) ;
#496 = EDGE_CURVE ( 'NONE', #2069, #1188, #1433, .T. ) ;
#497 = CARTESIAN_POINT ( 'NONE',  ( 47.43779367608438235, -27.66817034514190610, -330.0104949334722164 ) ) ;
#498 = CARTESIAN_POINT ( 'NONE',  ( -59.04197663650334960, 5.539983851832356976, -119.8781736735587060 ) ) ;
#499 = CARTESIAN_POINT ( 'NONE',  ( -21.34726018753642052, 63.19568558009884640, -119.8781736735594876 ) ) ;
#500 = CARTESIAN_POINT ( 'NONE',  ( -50.46532882662194197, -26.07054334202221924, -149.2020492516141132 ) ) ;
#501 = CARTESIAN_POINT ( 'NONE',  ( -0.5928906591465193943, -23.83422235144781709, -660.1147140781914686 ) ) ;
#502 = CARTESIAN_POINT ( 'NONE',  ( 12.55086249416080868, 9.315930282222309344, -690.0138044314142007 ) ) ;
#503 = CARTESIAN_POINT ( 'NONE',  ( -55.50790607451563119, 14.04427532309586013, -360.0028709458016465 ) ) ;
#504 = CARTESIAN_POINT ( 'NONE',  ( 23.03541822379455084, 52.87675208211633304, -480.0045523954821078 ) ) ;
#505 = CARTESIAN_POINT ( 'NONE',  ( 2.584833689466209172, 57.57423080645722280, -539.9930887323610023 ) ) ;
#506 = CARTESIAN_POINT ( 'NONE',  ( 1.227355066401284223, -19.17076003310010890, -690.0138044314164745 ) ) ;
#507 = CARTESIAN_POINT ( 'NONE',  ( -4.434115725134633479, 81.93812266804397382, -269.8562572437999165 ) ) ;
#508 = CARTESIAN_POINT ( 'NONE',  ( 9.286689496424877177, -10.93242033806547298, -690.0138044314123817 ) ) ;
#509 = CARTESIAN_POINT ( 'NONE',  ( -14.29651160476488947, 56.17560276541954778, -510.0070289517087758 ) ) ;
#510 = CARTESIAN_POINT ( 'NONE',  ( 40.04454851247354696, 4.334053741120149184, -510.0070289517073547 ) ) ;
#511 = CARTESIAN_POINT ( 'NONE',  ( -53.50093196853546829, -6.873214709844488901, -60.20661486047638533 ) ) ;
#512 = CARTESIAN_POINT ( 'NONE',  ( -1.280750469146273218, 11.35211373190501583, -734.9999999999996589 ) ) ;
#513 = CARTESIAN_POINT ( 'NONE',  ( 1.644198162301130361, -0.8692762727785773302, -735.0000000000001137 ) ) ;
#514 = CARTESIAN_POINT ( 'NONE',  ( -52.70142440294402775, 25.80510865200464465, -360.0028709458010212 ) ) ;
#515 = CARTESIAN_POINT ( 'NONE',  ( -16.21507073919685027, 47.95691424751264975, -570.0640010862994131 ) ) ;
#516 = CARTESIAN_POINT ( 'NONE',  ( -43.81821089547803183, -25.79276088108588993, -390.0054354190805270 ) ) ;
#517 = CARTESIAN_POINT ( 'NONE',  ( -0.1080452556511952572, -6.641751207624181141, -735.0000000000005684 ) ) ;
#518 = CARTESIAN_POINT ( 'NONE',  ( 30.53204923415632166, 63.06872027323774432, -330.0104949334734101 ) ) ;
#519 = CARTESIAN_POINT ( 'NONE',  ( 30.24434376759070986, 19.37954899872531200, -570.0640010862998679 ) ) ;
#520 = CARTESIAN_POINT ( 'NONE',  ( -46.15250370694037230, 18.65369517378166009, -450.0055018290945554 ) ) ;
#521 = CARTESIAN_POINT ( 'NONE',  ( 9.540918977191113370, 38.36478385459014362, -33.67897120884720152 ) ) ;
#522 = CARTESIAN_POINT ( 'NONE',  ( 0.000000000000000000, 0.000000000000000000, 0.000000000000000000 ) ) ;
#523 = CARTESIAN_POINT ( 'NONE',  ( -1.471118666743667758, -44.06030487647067417, -33.67897120884702389 ) ) ;
#524 = CARTESIAN_POINT ( 'NONE',  ( -4.108476839036490524, 40.46893266897783548, -60.20661486047676902 ) ) ;
#525 = CARTESIAN_POINT ( 'NONE',  ( 35.40188219922946899, -44.33549534772100742, -210.0478857760832909 ) ) ;
#526 = CARTESIAN_POINT ( 'NONE',  ( -0.4024271257822897851, 13.97508401346597928, -734.9999999999986358 ) ) ;
#527 = CARTESIAN_POINT ( 'NONE',  ( 1.863683403782510073, 2.034565421457239065, -735.0000000000007958 ) ) ;
#528 = CARTESIAN_POINT ( 'NONE',  ( 23.58249251637348820, -49.70545396812682526, -149.2020492516151080 ) ) ;
#529 = CARTESIAN_POINT ( 'NONE',  ( -60.62986547963186013, -0.2073871113410055977, -149.2020492516146533 ) ) ;
#530 = CARTESIAN_POINT ( 'NONE',  ( 2.835965607439701497, -2.063849980934379325, -730.0780371991979791 ) ) ;
#531 = CARTESIAN_POINT ( 'NONE',  ( -60.30471508542802894, 30.71276882963050170, -210.0478857760838878 ) ) ;
#532 = CARTESIAN_POINT ( 'NONE',  ( -36.14927213938004513, -21.21481483896888065, -480.0045523954855184 ) ) ;
#533 = CARTESIAN_POINT ( 'NONE',  ( -24.32150533826826333, -51.46976390149255565, -210.0478857760858205 ) ) ;
#534 = CARTESIAN_POINT ( 'NONE',  ( 47.37155297335789328, -0.7353570336054702228, -11.39281912759562054 ) ) ;
#535 = CARTESIAN_POINT ( 'NONE',  ( -15.83328974044350268, 20.80681892496838969, -660.1147140781923781 ) ) ;
#536 = CARTESIAN_POINT ( 'NONE',  ( 11.91076870665249388, 92.11445859928888069, -179.7573051204390424 ) ) ;
#537 = CARTESIAN_POINT ( 'NONE',  ( -53.50093196853546829, -6.873214709844488901, -60.20661486047638533 ) ) ;
#538 = CARTESIAN_POINT ( 'NONE',  ( -2.035948204525148242, -57.71090834074210818, -240.2019763499486089 ) ) ;
#539 = CARTESIAN_POINT ( 'NONE',  ( 0.01067516264496786230, 57.65130204540795944, -539.9930887323606612 ) ) ;
#540 = CARTESIAN_POINT ( 'NONE',  ( -0.01514692140367911166, 40.53500843714517288, -60.20661486047677613 ) ) ;
#541 = CARTESIAN_POINT ( 'NONE',  ( -0.01161517239060794876, -43.60103350759300156, -480.0045523954836426 ) ) ;
#542 = CARTESIAN_POINT ( 'NONE',  ( 58.97127352615543572, -3.742489077099076411, -299.9258731499754163 ) ) ;
#543 = CARTESIAN_POINT ( 'NONE',  ( -38.75337207515461557, -5.045896479029653214, -510.0070289517104811 ) ) ;
#544 = CARTESIAN_POINT ( 'NONE',  ( 32.43691440655456404, -43.02271566040963791, -119.8781736735586776 ) ) ;
#545 = CARTESIAN_POINT ( 'NONE',  ( -58.13579333242219604, 37.58880471924779698, -179.7573051204386445 ) ) ;
#546 = CARTESIAN_POINT ( 'NONE',  ( -10.71048918979924913, -7.028724757826068092, -690.0138044314148829 ) ) ;
#547 = CARTESIAN_POINT ( 'NONE',  ( -24.25068600095821836, -50.66769504988415918, -179.7573051204373087 ) ) ;
#548 = CARTESIAN_POINT ( 'NONE',  ( 62.40237318707532665, 9.354512042739303368, -179.7573051204376497 ) ) ;
#549 = CARTESIAN_POINT ( 'NONE',  ( -42.25952402899482507, 30.60210172623844826, -450.0055018290947260 ) ) ;
#550 = CARTESIAN_POINT ( 'NONE',  ( -10.49681664767173572, -50.37259731999060364, -90.82262204780671766 ) ) ;
#551 = CARTESIAN_POINT ( 'NONE',  ( 37.88526063088834661, 52.44181821261157950, -360.0028709458029539 ) ) ;
#552 = CARTESIAN_POINT ( 'NONE',  ( 0.1118924143971706670, 16.49627385061979723, -730.0780371991983202 ) ) ;
#553 = CARTESIAN_POINT ( 'NONE',  ( 1.748981182917947574, 7.842202193028812829, -735.0000000000001137 ) ) ;
#554 = CARTESIAN_POINT ( 'NONE',  ( 27.22809332599017296, -6.274103493780070373, 6.809709295715926203 ) ) ;
#555 = CARTESIAN_POINT ( 'NONE',  ( -6.819389901417897804, -1.258722135947460741, -716.0790747558229441 ) ) ;
#556 = CARTESIAN_POINT ( 'NONE',  ( -1.473259106246501027, 10.21840568515145264, -734.9999999999986358 ) ) ;
#557 = CARTESIAN_POINT ( 'NONE',  ( -1.473259106246501027, 10.21840568515145264, -734.9999999999986358 ) ) ;
#558 = CARTESIAN_POINT ( 'NONE',  ( 33.89396953742320306, -29.84132235278814349, -450.0055018290908606 ) ) ;
#559 = CARTESIAN_POINT ( 'NONE',  ( -16.80178610259422456, 17.14224474938370690, -660.1147140781919234 ) ) ;
#560 = CARTESIAN_POINT ( 'NONE',  ( -20.58058886207115634, -6.603671317937852336, -630.0414814863818265 ) ) ;
#561 = CARTESIAN_POINT ( 'NONE',  ( -24.58119119715419743, -34.42040292443164162, -480.0045523954865985 ) ) ;
#562 = CARTESIAN_POINT ( 'NONE',  ( 29.37017820025646486, 33.02580449666279350, -60.20661486047698929 ) ) ;
#563 = CARTESIAN_POINT ( 'NONE',  ( 58.94574483325828851, -0.1310712315814226425, -119.8781736735575691 ) ) ;
#564 = CARTESIAN_POINT ( 'NONE',  ( -9.964885237364086379, 3.909988442612009063, 0.000000000000000000 ) ) ;
#565 = CARTESIAN_POINT ( 'NONE',  ( 39.10385939408126887, 20.56488317138829203, -33.67897120884691020 ) ) ;
#566 = CARTESIAN_POINT ( 'NONE',  ( 17.51637974582337165, 39.90907674517776371, -11.39281912759560633 ) ) ;
#567 = CARTESIAN_POINT ( 'NONE',  ( 0.2719108233718954271, 45.79270504978551770, -630.0414814863817128 ) ) ;
#568 = CARTESIAN_POINT ( 'NONE',  ( -1.185837317525369805, -37.63727540474610578, -539.9930887323600928 ) ) ;
#569 = CARTESIAN_POINT ( 'NONE',  ( -0.01582936954103018184, 68.35118558031561520, -119.8781736735584786 ) ) ;
#570 = CARTESIAN_POINT ( 'NONE',  ( 0.2262851672493292332, 14.10514500603365740, -735.0000000000004547 ) ) ;
#571 = CARTESIAN_POINT ( 'NONE',  ( 0.2478725439984802714, 14.08702634528906117, -735.0000000000005684 ) ) ;
#572 = CARTESIAN_POINT ( 'NONE',  ( 46.27588024848797232, -9.375081481928528859, -33.67897120884708073 ) ) ;
#573 = CARTESIAN_POINT ( 'NONE',  ( -47.06417605812843163, -4.909038916786417239, -11.39281912759558146 ) ) ;
#574 = CARTESIAN_POINT ( 'NONE',  ( -55.05049131491952608, 47.00446408748459248, -210.0478857760851668 ) ) ;
#575 = CARTESIAN_POINT ( 'NONE',  ( 17.91130990682119162, -26.02676924609714604, -570.0640010863022553 ) ) ;
#576 = CARTESIAN_POINT ( 'NONE',  ( 24.01137497916796448, -51.86817526395274314, -240.2019763499489784 ) ) ;
#577 = CARTESIAN_POINT ( 'NONE',  ( -46.15250370694037230, 18.65369517378166009, -450.0055018290945554 ) ) ;
#578 = CARTESIAN_POINT ( 'NONE',  ( -42.33438549317460087, -16.96126040256993761, -450.0055018290951239 ) ) ;
#579 = CARTESIAN_POINT ( 'NONE',  ( -31.06388516422636670, -42.36494002588232632, -360.0028709458033518 ) ) ;
#580 = CARTESIAN_POINT ( 'NONE',  ( 18.12454890962007781, 5.713069532566184883, -660.1147140781936287 ) ) ;
#581 = CARTESIAN_POINT ( 'NONE',  ( -58.01512382954557268, 35.46880295131816041, -240.2019763499491773 ) ) ;
#582 = CARTESIAN_POINT ( 'NONE',  ( 28.70538884660622614, -40.55559627730313110, -60.20661486047717403 ) ) ;
#583 = CARTESIAN_POINT ( 'NONE',  ( 49.47130227710984229, 55.28660695386557933, -240.2019763499492058 ) ) ;
#584 = CARTESIAN_POINT ( 'NONE',  ( 21.77371640665545627, 79.65062815180544931, -149.2020492516151933 ) ) ;
#585 = CARTESIAN_POINT ( 'NONE',  ( -0.04003860307225717147, 60.35665022981095973, -510.0070289517102538 ) ) ;
#586 = CARTESIAN_POINT ( 'NONE',  ( -1.335107433479308311E-05, 75.25821518041827574, -330.0104949334759112 ) ) ;
#587 = CARTESIAN_POINT ( 'NONE',  ( 0.1669109879750619863, -6.648503449225841244, -734.9999999999995453 ) ) ;
#588 = CARTESIAN_POINT ( 'NONE',  ( 44.40150122725981419, -12.22664231789186751, -450.0055018290925091 ) ) ;
#589 = CARTESIAN_POINT ( 'NONE',  ( -58.07519144485204521, 2.402632220270745744, -330.0104949334740354 ) ) ;
#590 = CARTESIAN_POINT ( 'NONE',  ( -19.42209694400685294, 17.90188396976136787, 6.809709295715888011 ) ) ;
#591 = CARTESIAN_POINT ( 'NONE',  ( 44.65344858229411784, -35.76067020264164853, -240.2019763499494047 ) ) ;
#592 = CARTESIAN_POINT ( 'NONE',  ( 33.39913079503997295, 22.87263908015673763, -539.9930887323611159 ) ) ;
#593 = CARTESIAN_POINT ( 'NONE',  ( -44.39909398247364436, -12.23358893848125462, -450.0055018290942712 ) ) ;
#594 = CARTESIAN_POINT ( 'NONE',  ( -28.22710689252801686, -38.89167886518455930, -420.0050310766816324 ) ) ;
#595 = CARTESIAN_POINT ( 'NONE',  ( 6.882981664018634760, 2.211076039025726025, -716.0790747558237399 ) ) ;
#596 = CARTESIAN_POINT ( 'NONE',  ( -47.76540760929608354, 24.38082819675804913, -420.0050310766827124 ) ) ;
#597 = CARTESIAN_POINT ( 'NONE',  ( 22.70485435556216913, -51.08225017352873465, -299.9258731499763257 ) ) ;
#598 = CARTESIAN_POINT ( 'NONE',  ( 11.95350793493869190, 29.86474308276199707, -660.1147140781896496 ) ) ;
#599 = CARTESIAN_POINT ( 'NONE',  ( 0.5898985901938811338, 13.65057259716867932, -735.0000000000003411 ) ) ;
#600 = CARTESIAN_POINT ( 'NONE',  ( 11.76400667214582896, 84.11947940308756699, -149.2020492516140848 ) ) ;
#601 = CARTESIAN_POINT ( 'NONE',  ( -17.39057224064758600, -41.91205551323663059, -11.39281912759555304 ) ) ;
#602 = CARTESIAN_POINT ( 'NONE',  ( 47.66598919731995920, 32.42062548084507512, -390.0054354190801291 ) ) ;
#603 = CARTESIAN_POINT ( 'NONE',  ( -5.951144993140457251E-05, -53.10515927907658096, -360.0028709458009644 ) ) ;
#604 = CARTESIAN_POINT ( 'NONE',  ( 60.60572220372610275, -4.393496708535967521, -179.7573051204379908 ) ) ;
#605 = CARTESIAN_POINT ( 'NONE',  ( 53.06344221796789640, 35.51688871893625077, -299.9258731499771784 ) ) ;
#606 = CARTESIAN_POINT ( 'NONE',  ( -42.80100341928481811, 16.88548907702808677, -11.39281912759556015 ) ) ;
#607 = CARTESIAN_POINT ( 'NONE',  ( 33.09781962706424707, -44.76686056752728149, -299.9258731499754163 ) ) ;
#608 = CARTESIAN_POINT ( 'NONE',  ( 41.28108663947940471, 23.39784267354547254, -480.0045523954852342 ) ) ;
#609 = CARTESIAN_POINT ( 'NONE',  ( -49.90740632282626876, -14.14494773367679947, -390.0054354190796175 ) ) ;
#610 = CARTESIAN_POINT ( 'NONE',  ( -31.41806825173171092, -27.78743800291913146, -480.0045523954837563 ) ) ;
#611 = CARTESIAN_POINT ( 'NONE',  ( 18.00655516470535034, 2.789385341669149643, -660.1147140781907865 ) ) ;
#612 = CARTESIAN_POINT ( 'NONE',  ( -1.972132310858101478, 13.61935672582925783, -730.0780371991985476 ) ) ;
#613 = CARTESIAN_POINT ( 'NONE',  ( 12.58053427215038944, -51.53890152905521660, -360.0028709458051708 ) ) ;
#614 = CARTESIAN_POINT ( 'NONE',  ( 4.078211785705902592, 40.47168834157481143, -60.20661486047676902 ) ) ;
#615 = CARTESIAN_POINT ( 'NONE',  ( -23.32377292849663419, -51.81032976267378132, -269.8562572438005986 ) ) ;
#616 = CARTESIAN_POINT ( 'NONE',  ( 27.57907986222085128, 28.88432556721036093, -570.0640010863005500 ) ) ;
#617 = CARTESIAN_POINT ( 'NONE',  ( 0.5431937392958818833, 62.76110104362084030, -480.0045523954842679 ) ) ;
#618 = CARTESIAN_POINT ( 'NONE',  ( -4.294628292035640449, 45.09296694603883537, -630.0414814863815991 ) ) ;
#619 = CARTESIAN_POINT ( 'NONE',  ( 58.82443636234952322, -11.26952394747489805, -210.0478857760841152 ) ) ;
#620 = CARTESIAN_POINT ( 'NONE',  ( -40.97567346671785060, 62.80569485959748732, -149.2020492516131185 ) ) ;
#621 = CARTESIAN_POINT ( 'NONE',  ( 12.04796802020183577, -49.62014777467275195, -390.0054354190795038 ) ) ;
#622 = CARTESIAN_POINT ( 'NONE',  ( 37.43903527011364218, 23.23508829368592643, -510.0070289517070137 ) ) ;
#623 = CARTESIAN_POINT ( 'NONE',  ( -51.04134234007549509, -19.08356056019485081, -90.82262204780660397 ) ) ;
#624 = CARTESIAN_POINT ( 'NONE',  ( 0.000000000000000000, 0.000000000000000000, 0.000000000000000000 ) ) ;
#625 = CARTESIAN_POINT ( 'NONE',  ( 0.5898985901938811338, 13.65057259716867932, -735.0000000000003411 ) ) ;
#626 = CARTESIAN_POINT ( 'NONE',  ( 55.53860053244032002, -15.61008178010070324, -299.9258731499756436 ) ) ;
#627 = CARTESIAN_POINT ( 'NONE',  ( -48.81947404416843028, 51.66364410105962435, -149.2020492516154206 ) ) ;
#628 = CARTESIAN_POINT ( 'NONE',  ( 5.188240433339422530, -50.90997947170209414, -390.0054354190799586 ) ) ;
#629 = CARTESIAN_POINT ( 'NONE',  ( -0.5217479177565639281, 62.76158231687921329, -480.0045523954842679 ) ) ;
#630 = CARTESIAN_POINT ( 'NONE',  ( 1.275271739701595353, 39.08824917407601163, -660.1147140781920371 ) ) ;
#631 = CARTESIAN_POINT ( 'NONE',  ( -20.40610650599417752, -46.52667089907598807, -390.0054354190808681 ) ) ;
#632 = CARTESIAN_POINT ( 'NONE',  ( -7.457917440079411819E-05, 90.81360542393252899, -240.2019763499494047 ) ) ;
#633 = EDGE_CURVE ( 'NONE', #1097, #2069, #2793, .T. ) ;
#634 = CARTESIAN_POINT ( 'NONE',  ( 0.002818714802116096575, 45.79292170604743006, -630.0414814863817128 ) ) ;
#635 = CARTESIAN_POINT ( 'NONE',  ( 1.739988179107434974, 0.09633567908561480042, -735.0000000000001137 ) ) ;
#636 = CARTESIAN_POINT ( 'NONE',  ( -31.85110002019075992, 72.28889060381149534, -149.2020492516174670 ) ) ;
#637 = CARTESIAN_POINT ( 'NONE',  ( 5.665202897401734106, -53.10571212106719230, -119.8781736735585923 ) ) ;
#638 = CARTESIAN_POINT ( 'NONE',  ( 0.000000000000000000, 0.000000000000000000, 0.000000000000000000 ) ) ;
#639 = CARTESIAN_POINT ( 'NONE',  ( -58.94807843680175807, -8.752526697652742271, -269.8562572437998028 ) ) ;
#640 = CARTESIAN_POINT ( 'NONE',  ( -45.76481952364343186, -26.87228641360752235, -360.0028709458023854 ) ) ;
#641 = CARTESIAN_POINT ( 'NONE',  ( 20.15449376558676065, 67.35141541295922707, -360.0028709458036360 ) ) ;
#642 = CARTESIAN_POINT ( 'NONE',  ( 17.51637974582337165, 39.90907674517776371, -11.39281912759560633 ) ) ;
#643 = CARTESIAN_POINT ( 'NONE',  ( 9.526924110784991129, -5.151968653061249626, 0.000000000000000000 ) ) ;
#644 = CARTESIAN_POINT ( 'NONE',  ( -40.97567346671785060, 62.80569485959748732, -149.2020492516131185 ) ) ;
#645 = CARTESIAN_POINT ( 'NONE',  ( -5.892253140249842147, -9.096528032769764849, 0.000000000000000000 ) ) ;
#646 = CARTESIAN_POINT ( 'NONE',  ( 2.379014604002091193, -10.75591362228789372, 0.000000000000000000 ) ) ;
#647 = CARTESIAN_POINT ( 'NONE',  ( 54.02660857438138464, 41.37369903632762913, -149.2020492516148522 ) ) ;
#648 = CARTESIAN_POINT ( 'NONE',  ( -0.001033221549676067649, 93.68746745385496411, -179.7573051204385024 ) ) ;
#649 = CARTESIAN_POINT ( 'NONE',  ( 10.41703805868087862, 68.92671793289092363, -390.0054354190807544 ) ) ;
#650 = CARTESIAN_POINT ( 'NONE',  ( -0.1309331851272275415, 23.30665250629566998, -716.0790747558232852 ) ) ;
#651 = CARTESIAN_POINT ( 'NONE',  ( -0.001033221549676067649, 93.68746745385496411, -179.7573051204385024 ) ) ;
#652 = CARTESIAN_POINT ( 'NONE',  ( 25.40864607634810213, -11.33496168602485810, 6.809709295715919986 ) ) ;
#653 = CARTESIAN_POINT ( 'NONE',  ( -11.97145908376489309, 29.78105873845881035, -660.1147140781945382 ) ) ;
#654 = CARTESIAN_POINT ( 'NONE',  ( 54.02660857438138464, 41.37369903632762913, -149.2020492516148522 ) ) ;
#655 = CARTESIAN_POINT ( 'NONE',  ( 57.24640881203175979, 30.11294986694465337, -269.8562572438003713 ) ) ;
#656 = CARTESIAN_POINT ( 'NONE',  ( -56.00297766648791509, -9.493246184897543571, -330.0104949334745470 ) ) ;
#657 = CARTESIAN_POINT ( 'NONE',  ( -24.13001610274554309, -13.76133136559539061, 6.809709295715931532 ) ) ;
#658 = CARTESIAN_POINT ( 'NONE',  ( 30.62952036999068994, -1.596755429738015319, -570.0640010862998679 ) ) ;
#659 = CARTESIAN_POINT ( 'NONE',  ( -28.46437302754547360, 35.41602903827405413, -539.9930887323632760 ) ) ;
#660 = CARTESIAN_POINT ( 'NONE',  ( 11.59218921620242604, -47.85657633590101767, -60.20661486047671218 ) ) ;
#661 = CARTESIAN_POINT ( 'NONE',  ( 5.120248652858979455, 50.63565302235072352, -600.0593740079226563 ) ) ;
#662 = CARTESIAN_POINT ( 'NONE',  ( 0.0007690364813039995452, 67.70831702363416582, -420.0050310766836219 ) ) ;
#663 = CARTESIAN_POINT ( 'NONE',  ( 22.13310736265053080, -16.86604242153412869, 6.809709295715936861 ) ) ;
#664 = CARTESIAN_POINT ( 'NONE',  ( -20.89537230065347728, 51.01020983603228842, -510.0070289517081505 ) ) ;
#665 = CARTESIAN_POINT ( 'NONE',  ( 50.85560871880234401, 7.979697955227280204, -420.0050310766837924 ) ) ;
#666 = CARTESIAN_POINT ( 'NONE',  ( -6.659407912929843576, -3.217069579381790945, -716.0790747558230578 ) ) ;
#667 = CARTESIAN_POINT ( 'NONE',  ( -38.04904089293300729, -33.24528530507677715, -390.0054354190796744 ) ) ;
#668 = CARTESIAN_POINT ( 'NONE',  ( 2.315589087170228488, 22.03159942484595746, -716.0790747558228304 ) ) ;
#669 = ADVANCED_FACE ( 'NONE', ( #2309 ), #40, .T. ) ;
#670 = CARTESIAN_POINT ( 'NONE',  ( 25.40864607634810213, -11.33496168602485810, 6.809709295715919986 ) ) ;
#671 = CARTESIAN_POINT ( 'NONE',  ( -8.399177281912212578, 24.13941441156312351, -690.0138044314147692 ) ) ;
#672 = CARTESIAN_POINT ( 'NONE',  ( -35.29817606852943612, -43.63095598477183046, -179.7573051204389287 ) ) ;
#673 = CARTESIAN_POINT ( 'NONE',  ( 6.279607248675303843, -29.58225625688351101, -600.0593740079248164 ) ) ;
#674 = CARTESIAN_POINT ( 'NONE',  ( 59.93472426512117579, 28.55802444170571164, -240.2019763499490352 ) ) ;
#675 =( NAMED_UNIT ( * ) SI_UNIT ( $, .STERADIAN. ) SOLID_ANGLE_UNIT ( ) );
#676 = CARTESIAN_POINT ( 'NONE',  ( 0.7262289637122977259, 77.06517707202529266, -299.9258731499762121 ) ) ;
#677 = CARTESIAN_POINT ( 'NONE',  ( 0.6819655176373621286, 72.61136313776370343, -360.0028709458019875 ) ) ;
#678 = CARTESIAN_POINT ( 'NONE',  ( 52.93375514471055965, -21.23321806182661575, -299.9258731499767805 ) ) ;
#679 = CARTESIAN_POINT ( 'NONE',  ( -32.11153309315547943, 47.41865547973257833, -450.0055018290935891 ) ) ;
#680 = CARTESIAN_POINT ( 'NONE',  ( 2.597252611646421183, 10.67645244210722844, -730.0780371991983202 ) ) ;
#681 = CARTESIAN_POINT ( 'NONE',  ( 22.33146981471210069, 13.38654304589143429, -630.0414814863815991 ) ) ;
#682 = CARTESIAN_POINT ( 'NONE',  ( -46.27711213172562310, -9.370360413373527209, -33.67897120884712336 ) ) ;
#683 = CARTESIAN_POINT ( 'NONE',  ( -51.04134234007549509, -19.08356056019485081, -90.82262204780660397 ) ) ;
#684 = CARTESIAN_POINT ( 'NONE',  ( 25.53190632214344902, -4.369905141958673411, -600.0593740079240206 ) ) ;
#685 = CARTESIAN_POINT ( 'NONE',  ( -59.12470040573121111, 14.95428180947667762, -299.9258731499764394 ) ) ;
#686 = CARTESIAN_POINT ( 'NONE',  ( -20.15439063235532302, 67.35147917781087301, -360.0028709458017033 ) ) ;
#687 = CARTESIAN_POINT ( 'NONE',  ( -17.90642885809158003, -26.02918310777439359, -570.0640010863005500 ) ) ;
#688 = CARTESIAN_POINT ( 'NONE',  ( -1.262613483804218006, -40.81238454683534655, -510.0070289517105948 ) ) ;
#689 = CARTESIAN_POINT ( 'NONE',  ( 1.826646887317620704, 6.691209865822441927, -735.0000000000003411 ) ) ;
#690 = CARTESIAN_POINT ( 'NONE',  ( -12.70846318841634748, 7.469792115402848154, -690.0138044314142007 ) ) ;
#691 = CARTESIAN_POINT ( 'NONE',  ( 0.002818714802116096575, 45.79292170604743006, -630.0414814863817128 ) ) ;
#692 = CARTESIAN_POINT ( 'NONE',  ( 4.998355610344587419, -48.93391067705787378, -60.20661486047676902 ) ) ;
#693 = CARTESIAN_POINT ( 'NONE',  ( 0.1181170264225334804, 14.18402511860761628, -735.0000000000004547 ) ) ;
#694 = CARTESIAN_POINT ( 'NONE',  ( 2.602058698484210009, -3.626734708085214809, -730.0780371991986613 ) ) ;
#695 = CARTESIAN_POINT ( 'NONE',  ( -6.352829842886690948, 36.70326952910026108, -660.1147140781924918 ) ) ;
#696 = CARTESIAN_POINT ( 'NONE',  ( 26.56955875906728437, 14.59054392481465712, -600.0593740079231111 ) ) ;
#697 = CARTESIAN_POINT ( 'NONE',  ( -1.904392358365534221, 3.996247024829790551, -734.9999999999997726 ) ) ;
#698 = CARTESIAN_POINT ( 'NONE',  ( -16.40574142442643435, -5.867697386078193134, -660.1147140781927192 ) ) ;
#699 = CARTESIAN_POINT ( 'NONE',  ( 0.000000000000000000, 0.000000000000000000, 0.000000000000000000 ) ) ;
#700 = CARTESIAN_POINT ( 'NONE',  ( -62.03673262209949257, 14.55685369969292253, -240.2019763499491205 ) ) ;
#701 = CARTESIAN_POINT ( 'NONE',  ( -2.207972747147362025, 10.01485400890497779, 0.000000000000000000 ) ) ;
#702 = CARTESIAN_POINT ( 'NONE',  ( -10.83493492091433907, -52.17923031955648128, -360.0028709458053413 ) ) ;
#703 = CARTESIAN_POINT ( 'NONE',  ( 10.96034802690631871, 0.6992587394479505836, 0.000000000000000000 ) ) ;
#704 = CARTESIAN_POINT ( 'NONE',  ( -26.56969613536622887, 14.58377570235855103, -600.0593740079239069 ) ) ;
#705 = CARTESIAN_POINT ( 'NONE',  ( 9.472623782424747674, 42.55007544326699076, -11.39281912759560456 ) ) ;
#706 = CARTESIAN_POINT ( 'NONE',  ( -6.896595074354268995, 0.7089290253616721271, -716.0790747558228304 ) ) ;
#707 = CARTESIAN_POINT ( 'NONE',  ( 2.591129919858741637, -29.08237050807968060, 6.809709295715944855 ) ) ;
#708 = CARTESIAN_POINT ( 'NONE',  ( -4.475954026878387282, 93.56387224206639530, -179.7573051204384171 ) ) ;
#709 = CARTESIAN_POINT ( 'NONE',  ( 29.57868742540323836, -17.13334960690231057, -539.9930887323590696 ) ) ;
#710 = CARTESIAN_POINT ( 'NONE',  ( -5.982423578457479074, 55.16780956019434967, -570.0640010863000953 ) ) ;
#711 = CARTESIAN_POINT ( 'NONE',  ( 44.02189498348706564, 8.455820608118241211, -480.0045523954848932 ) ) ;
#712 = CARTESIAN_POINT ( 'NONE',  ( -21.50221167605322137, -3.410566934270612194, -630.0414814863803485 ) ) ;
#713 = CARTESIAN_POINT ( 'NONE',  ( 41.56738815661875464, -24.49565743622822112, -420.0050310766820871 ) ) ;
#714 = CARTESIAN_POINT ( 'NONE',  ( -12.76350819193947395, 5.134595987877637491, -690.0138044314148829 ) ) ;
#715 = CARTESIAN_POINT ( 'NONE',  ( -20.55677317671655402, 46.15035783751524434, -90.82262204780745662 ) ) ;
#716 = CARTESIAN_POINT ( 'NONE',  ( -28.63856222851095978, -25.54778810036857806, -510.0070289517102538 ) ) ;
#717 = CARTESIAN_POINT ( 'NONE',  ( -0.9014709296028102781, -30.85369837875410326, -600.0593740079202689 ) ) ;
#718 = CARTESIAN_POINT ( 'NONE',  ( 12.26002088058430139, 11.60839966412581781, -690.0138044314147692 ) ) ;
#719 = CARTESIAN_POINT ( 'NONE',  ( -0.01131324752488053510, 39.13002793633339138, -660.1147140781920371 ) ) ;
#720 = CARTESIAN_POINT ( 'NONE',  ( -60.35876847705082326, 17.07771264977271386, -269.8562572437980975 ) ) ;
#721 = CARTESIAN_POINT ( 'NONE',  ( 28.19452076781665895, 58.84014598178328725, -390.0054354190796744 ) ) ;
#722 = CARTESIAN_POINT ( 'NONE',  ( 9.863358973926617423, 66.49515678809207486, -420.0050310766835082 ) ) ;
#723 = CARTESIAN_POINT ( 'NONE',  ( -59.73248065169897814, 8.668051159810101325, -299.9258731499756436 ) ) ;
#724 = CARTESIAN_POINT ( 'NONE',  ( 10.23219354679088511, -42.75911626359906137, -33.67897120884718021 ) ) ;
#725 = CARTESIAN_POINT ( 'NONE',  ( -3.913917984075125478, 70.09163394874717312, -390.0054354190797312 ) ) ;
#726 = CARTESIAN_POINT ( 'NONE',  ( 42.62322423110651215, -28.52266802697803172, -60.20661486047683297 ) ) ;
#727 = CARTESIAN_POINT ( 'NONE',  ( -20.15439063235532302, 67.35147917781087301, -360.0028709458017033 ) ) ;
#728 = CARTESIAN_POINT ( 'NONE',  ( 27.81683709388467207, 1.520934052399695480, 6.809709295715906663 ) ) ;
#729 = CARTESIAN_POINT ( 'NONE',  ( -26.44799093184296979, -8.831880867341947550, 6.809709295715926203 ) ) ;
#730 = CARTESIAN_POINT ( 'NONE',  ( -0.01582936954103018184, 68.35118558031561520, -119.8781736735584786 ) ) ;
#731 = CARTESIAN_POINT ( 'NONE',  ( 52.93375514471055965, -21.23321806182661575, -299.9258731499767805 ) ) ;
#732 = CARTESIAN_POINT ( 'NONE',  ( -47.13890274909753231, 13.40789020532496245, -450.0055018290958628 ) ) ;
#733 = CARTESIAN_POINT ( 'NONE',  ( -21.84529882124025235, 76.21078775850668308, -269.8562572437981544 ) ) ;
#734 = CARTESIAN_POINT ( 'NONE',  ( -51.90472494653395330, -25.77298476755935042, -210.0478857760841436 ) ) ;
#735 = CARTESIAN_POINT ( 'NONE',  ( -1.729115986730297649, -51.35739440890578322, -390.0054354190800154 ) ) ;
#736 = CARTESIAN_POINT ( 'NONE',  ( 25.94644534841609484, 18.39219451084474244, -600.0593740079228837 ) ) ;
#737 = CARTESIAN_POINT ( 'NONE',  ( -18.05512611171475257, 8.515794825770724330, -660.1147140781934013 ) ) ;
#738 = CARTESIAN_POINT ( 'NONE',  ( 32.26626772301359125, 76.88941065566406508, -240.2019763499495184 ) ) ;
#739 = CARTESIAN_POINT ( 'NONE',  ( 3.913506691839403917, 70.09168872347254364, -390.0054354190799586 ) ) ;
#740 = CARTESIAN_POINT ( 'NONE',  ( -62.25723090443896268, 16.40962754315704686, -179.7573051204387582 ) ) ;
#741 = CARTESIAN_POINT ( 'NONE',  ( 0.1386452289954570594, -9.612501349323013144, -730.0780371991982065 ) ) ;
#742 = CARTESIAN_POINT ( 'NONE',  ( -0.4183783919236082616, 57.65153890710232787, -539.9930887323606612 ) ) ;
#743 = CARTESIAN_POINT ( 'NONE',  ( 33.09781962706424707, -44.76686056752728149, -299.9258731499754163 ) ) ;
#744 = CARTESIAN_POINT ( 'NONE',  ( -7.955696975157156459, 42.96674386945786495, -630.0414814863813717 ) ) ;
#745 = CARTESIAN_POINT ( 'NONE',  ( 22.73667586419582420, 6.586393174688178753, -630.0414814863812580 ) ) ;
#746 = CARTESIAN_POINT ( 'NONE',  ( -58.24065734184623011, -12.50719109012189634, -240.2019763499489784 ) ) ;
#747 = CARTESIAN_POINT ( 'NONE',  ( 7.561364478906885012, -7.704970016663322596, 0.000000000000000000 ) ) ;
#748 = CARTESIAN_POINT ( 'NONE',  ( -21.80071529523203111, 16.77631515779379967, -630.0414814863830770 ) ) ;
#749 = CARTESIAN_POINT ( 'NONE',  ( -5.959128153395106153, 8.347653117697801051, 0.000000000000000000 ) ) ;
#750 = CARTESIAN_POINT ( 'NONE',  ( -4.834535334745244661, -12.17403555346916200, -716.0790747558238536 ) ) ;
#751 = CARTESIAN_POINT ( 'NONE',  ( -9.245485872651171277, -45.53593289402964928, -450.0055018290961470 ) ) ;
#752 = CARTESIAN_POINT ( 'NONE',  ( 1.869368190580615208, 5.799817930241653485, -735.0000000000005684 ) ) ;
#753 = CARTESIAN_POINT ( 'NONE',  ( -35.72087718749951790, 9.595425833745759192, -539.9930887323589559 ) ) ;
#754 = CARTESIAN_POINT ( 'NONE',  ( 3.455113083314342859, 20.21238964785333181, -716.0790747558238536 ) ) ;
#755 = CARTESIAN_POINT ( 'NONE',  ( 0.4397287172135516120, 57.65106518371358391, -539.9930887323606612 ) ) ;
#756 = CARTESIAN_POINT ( 'NONE',  ( -31.47195349841345191, 6.721837718983155519, -570.0640010863015732 ) ) ;
#757 = CARTESIAN_POINT ( 'NONE',  ( -11.23242064908632010, -53.81390001680778568, -330.0104949334719890 ) ) ;
#758 = CARTESIAN_POINT ( 'NONE',  ( -1.447499099565511260, 22.77031748875095829, -716.0790747558236262 ) ) ;
#759 = CARTESIAN_POINT ( 'NONE',  ( 33.98901724182532291, -45.23869434746944052, -269.8562572438008260 ) ) ;
#760 = CARTESIAN_POINT ( 'NONE',  ( -1.447499099565511260, 22.77031748875095829, -716.0790747558236262 ) ) ;
#761 = CARTESIAN_POINT ( 'NONE',  ( -0.1309331851272275415, 23.30665250629566998, -716.0790747558232852 ) ) ;
#762 = CARTESIAN_POINT ( 'NONE',  ( 39.64646517501746814, -0.3524196301043942547, -510.0070289517091169 ) ) ;
#763 = CARTESIAN_POINT ( 'NONE',  ( -17.68151751394638538, -0.2429770965366454816, -660.1147140781894223 ) ) ;
#764 = CARTESIAN_POINT ( 'NONE',  ( 16.41582458463192751, -5.732511645792822463, -660.1147140781918097 ) ) ;
#765 = CARTESIAN_POINT ( 'NONE',  ( -56.33202688217554055, 20.76035968694150213, -330.0104949334745470 ) ) ;
#766 = CARTESIAN_POINT ( 'NONE',  ( -33.88940856457640649, -29.84684859409740909, -450.0055018290925091 ) ) ;
#767 = CARTESIAN_POINT ( 'NONE',  ( -3.733589870993275106, -14.92179333010479425, -716.0790747558219209 ) ) ;
#768 = CARTESIAN_POINT ( 'NONE',  ( 1.754744582655001883, 14.08126613600920152, -730.0780371991988886 ) ) ;
#769 = CARTESIAN_POINT ( 'NONE',  ( 61.01864018196530992, 10.50722757222671433, -269.8562572438006555 ) ) ;
#770 = CARTESIAN_POINT ( 'NONE',  ( -53.06345278179300351, 35.51686847800642255, -299.9258731499767237 ) ) ;
#771 = CARTESIAN_POINT ( 'NONE',  ( 4.078211785705902592, 40.47168834157481143, -60.20661486047676902 ) ) ;
#772 = CARTESIAN_POINT ( 'NONE',  ( -0.05930756111074025894, -18.42581306476952463, -716.0790747558207840 ) ) ;
#773 = CARTESIAN_POINT ( 'NONE',  ( -3.913917984075125478, 70.09163394874717312, -390.0054354190797312 ) ) ;
#774 = CARTESIAN_POINT ( 'NONE',  ( 6.776263578034402713E-16, 10.22223087781420858, 0.000000000000000000 ) ) ;
#775 = CARTESIAN_POINT ( 'NONE',  ( 61.86805474143614703, 2.398607397870008207, -179.7573051204392414 ) ) ;
#776 = CARTESIAN_POINT ( 'NONE',  ( -27.22820403751334339, -6.273686692968717615, 6.809709295715928867 ) ) ;
#777 = CARTESIAN_POINT ( 'NONE',  ( 35.29995485044162962, -43.62978443232762515, -179.7573051204389287 ) ) ;
#778 = CARTESIAN_POINT ( 'NONE',  ( -51.57067809192957242, 9.706256048597259323, -60.20661486047656297 ) ) ;
#779 = CARTESIAN_POINT ( 'NONE',  ( -19.70408416488456282, -17.80157609331832091, -600.0593740079222016 ) ) ;
#780 = CARTESIAN_POINT ( 'NONE',  ( -1.086184121535961777, -4.386974909538992051, -735.0000000000005684 ) ) ;
#781 = CARTESIAN_POINT ( 'NONE',  ( 47.09735855999021226, -2.256673943821276396, -450.0055018290922249 ) ) ;
#782 = CARTESIAN_POINT ( 'NONE',  ( -58.35194693913872044, 37.77638905778291445, -210.0478857760842288 ) ) ;
#783 = CARTESIAN_POINT ( 'NONE',  ( -12.21606244589350787, -56.35990163659974428, -240.2019763499497458 ) ) ;
#784 = CARTESIAN_POINT ( 'NONE',  ( -0.7468527896808163646, 93.68745165368592609, -179.7573051204385024 ) ) ;
#785 = CARTESIAN_POINT ( 'NONE',  ( 0.002596521951584221648, 39.16168406935452140, -33.67897120884717310 ) ) ;
#786 = CARTESIAN_POINT ( 'NONE',  ( 31.47226673191462609, 6.726908875584240555, -570.0640010863010048 ) ) ;
#787 = CARTESIAN_POINT ( 'NONE',  ( -12.68149049689418995, 2.792960574359856007, -690.0138044314137460 ) ) ;
#788 = ORIENTED_EDGE ( 'NONE', *, *, #2076, .F. ) ;
#789 = CARTESIAN_POINT ( 'NONE',  ( -2.395435642771899687, 11.97272224382496830, -730.0780371991985476 ) ) ;
#790 = CARTESIAN_POINT ( 'NONE',  ( 7.269313402128640078, -14.42703709714261784, -690.0138044314202261 ) ) ;
#791 = CARTESIAN_POINT ( 'NONE',  ( -58.01512382954557268, 35.46880295131816041, -240.2019763499491773 ) ) ;
#792 = CARTESIAN_POINT ( 'NONE',  ( -11.56577273790784943, -4.106892827008735480, -690.0138044314145418 ) ) ;
#793 = CARTESIAN_POINT ( 'NONE',  ( -34.96353266133620963, -44.87779439002357407, -240.2019763499493763 ) ) ;
#794 = CARTESIAN_POINT ( 'NONE',  ( 6.587026440308408226, 26.89677570320209554, -690.0138044314107901 ) ) ;
#795 = CARTESIAN_POINT ( 'NONE',  ( 22.64744949225274695, 9.992028493172584902, -630.0414814863822812 ) ) ;
#796 = CARTESIAN_POINT ( 'NONE',  ( -44.72072480553880069, 23.83584273121709884, -450.0055018290947260 ) ) ;
#797 = CARTESIAN_POINT ( 'NONE',  ( 23.01905193248785508, 13.75137482493450314, 6.809709295715936861 ) ) ;
#798 = CARTESIAN_POINT ( 'NONE',  ( 0.000000000000000000, 0.000000000000000000, 0.000000000000000000 ) ) ;
#799 = CARTESIAN_POINT ( 'NONE',  ( 20.86946157783273392, 42.14550551454507143, -570.0640010863007774 ) ) ;
#800 = CARTESIAN_POINT ( 'NONE',  ( 41.54341450267637015, 69.50457386709616969, -179.7573051204366550 ) ) ;
#801 = CARTESIAN_POINT ( 'NONE',  ( -0.7458091742903854016, 90.81360428549255914, -240.2019763499494047 ) ) ;
#802 = CARTESIAN_POINT ( 'NONE',  ( -0.01514692140367911166, 40.53500843714517288, -60.20661486047677613 ) ) ;
#803 = CARTESIAN_POINT ( 'NONE',  ( 10.93618918686087760, -1.294967672622585830, 0.000000000000000000 ) ) ;
#804 = CARTESIAN_POINT ( 'NONE',  ( -43.56127012118966491, -1.439670421238679943, -480.0045523954842679 ) ) ;
#805 = CARTESIAN_POINT ( 'NONE',  ( -24.89522886656241951, 35.26708250819653045, -570.0640010863002090 ) ) ;
#806 = CARTESIAN_POINT ( 'NONE',  ( 24.56140608420517069, -34.43714615767751752, -480.0045523954825626 ) ) ;
#807 = CARTESIAN_POINT ( 'NONE',  ( -10.78467078802420254, 1.684706292346728862, 0.000000000000000000 ) ) ;
#808 = CARTESIAN_POINT ( 'NONE',  ( -58.24065734184623011, -12.50719109012189634, -240.2019763499489784 ) ) ;
#809 = CARTESIAN_POINT ( 'NONE',  ( -1.454825436612337208, -7.660435539780529268, -730.0780371991988886 ) ) ;
#810 = CARTESIAN_POINT ( 'NONE',  ( 61.03011523941034966, 3.974072894467809203, -269.8562572437986091 ) ) ;
#811 = CARTESIAN_POINT ( 'NONE',  ( -55.05049131491952608, 47.00446408748459248, -210.0478857760851668 ) ) ;
#812 = CARTESIAN_POINT ( 'NONE',  ( 32.43691440655456404, -43.02271566040963791, -119.8781736735586776 ) ) ;
#813 = CARTESIAN_POINT ( 'NONE',  ( 48.01656625130816280, 45.19475094105706603, -299.9258731499754163 ) ) ;
#814 = CARTESIAN_POINT ( 'NONE',  ( -0.8391295362963666626, -8.955994960033724084, -730.0780371991979791 ) ) ;
#815 = CARTESIAN_POINT ( 'NONE',  ( 1.863683403782510073, 2.034565421457239065, -735.0000000000007958 ) ) ;
#816 = CARTESIAN_POINT ( 'NONE',  ( 55.53860053244032002, -15.61008178010070324, -299.9258731499756436 ) ) ;
#817 = CARTESIAN_POINT ( 'NONE',  ( -1.895042619226434466, 4.928896699160344674, -735.0000000000004547 ) ) ;
#818 = CARTESIAN_POINT ( 'NONE',  ( 1.406623082455039864, 10.66452296868430771, -735.0000000000011369 ) ) ;
#819 = CARTESIAN_POINT ( 'NONE',  ( -5.565804154949379523, 13.73784636239617818, -716.0790747558255589 ) ) ;
#820 = CARTESIAN_POINT ( 'NONE',  ( 10.41007221765834423, -17.67677336884113615, -660.1147140781922644 ) ) ;
#821 = CARTESIAN_POINT ( 'NONE',  ( 0.000000000000000000, 0.000000000000000000, 0.000000000000000000 ) ) ;
#822 = CARTESIAN_POINT ( 'NONE',  ( -54.03214425246689956, -15.20022274029912346, -330.0104949334761386 ) ) ;
#823 = CARTESIAN_POINT ( 'NONE',  ( -0.8391295362963666626, -8.955994960033724084, -730.0780371991979791 ) ) ;
#824 = CARTESIAN_POINT ( 'NONE',  ( 40.05630884472083864, 48.64733360840362764, -119.8781736735581944 ) ) ;
#825 = CARTESIAN_POINT ( 'NONE',  ( 0.000000000000000000, 0.000000000000000000, 0.000000000000000000 ) ) ;
#826 = CARTESIAN_POINT ( 'NONE',  ( -31.50870301960116038, 28.61264492701508289, -539.9930887323597517 ) ) ;
#827 = CARTESIAN_POINT ( 'NONE',  ( 41.19113394195054667, -35.64211626842737957, -330.0104949334799471 ) ) ;
#828 = CARTESIAN_POINT ( 'NONE',  ( 37.88526063088834661, 52.44181821261157950, -360.0028709458029539 ) ) ;
#829 = CARTESIAN_POINT ( 'NONE',  ( -1.335107433479308311E-05, 75.25821518041827574, -330.0104949334759112 ) ) ;
#830 = CARTESIAN_POINT ( 'NONE',  ( 11.17811347124812826, 16.75010075712942736, -690.0138044314153376 ) ) ;
#831 = CARTESIAN_POINT ( 'NONE',  ( 7.425026335764438323E-05, -57.44070192113054674, -240.2019763499489500 ) ) ;
#832 = CARTESIAN_POINT ( 'NONE',  ( 41.01547803279606086, -20.62749816488616972, -33.67897120884715179 ) ) ;
#833 = CARTESIAN_POINT ( 'NONE',  ( -1.280750469146273218, 11.35211373190501583, -734.9999999999996589 ) ) ;
#834 = CARTESIAN_POINT ( 'NONE',  ( 1.705155068642659533, -7.344805494491339459, -730.0780371991966149 ) ) ;
#835 = CARTESIAN_POINT ( 'NONE',  ( 29.25008993603786323, 23.50956090080071803, -570.0640010863004363 ) ) ;
#836 = CARTESIAN_POINT ( 'NONE',  ( -58.82468414787441446, -11.26904998268235758, -210.0478857760847688 ) ) ;
#837 = CARTESIAN_POINT ( 'NONE',  ( -47.43776412000585196, -27.66821879171030218, -330.0104949334746607 ) ) ;
#838 = CARTESIAN_POINT ( 'NONE',  ( 58.97127352615543572, -3.742489077099076411, -299.9258731499754163 ) ) ;
#839 = CARTESIAN_POINT ( 'NONE',  ( -48.01656237242735870, 45.19476348312917935, -299.9258731499751889 ) ) ;
#840 = CARTESIAN_POINT ( 'NONE',  ( 13.40466802418634629, -54.46734514878073696, -299.9258731499753594 ) ) ;
#841 = ORIENTED_EDGE ( 'NONE', *, *, #2076, .T. ) ;
#842 = CARTESIAN_POINT ( 'NONE',  ( 22.05310222660553521, 87.37930778994144987, -179.7573051204373940 ) ) ;
#843 = CARTESIAN_POINT ( 'NONE',  ( 11.95894105338376612, 92.74419016345039779, -210.0478857760842004 ) ) ;
#844 = CARTESIAN_POINT ( 'NONE',  ( -24.32150533826826333, -51.46976390149255565, -210.0478857760858205 ) ) ;
#845 = CARTESIAN_POINT ( 'NONE',  ( 57.22683425451462114, 32.77720382592797677, -149.2020492516145680 ) ) ;
#846 = CARTESIAN_POINT ( 'NONE',  ( 42.56164704223937179, -6.292817735070864060, -480.0045523954869395 ) ) ;
#847 = CARTESIAN_POINT ( 'NONE',  ( -48.81947404416843028, 51.66364410105962435, -149.2020492516154206 ) ) ;
#848 = CARTESIAN_POINT ( 'NONE',  ( 4.416508039978331190, -45.34249838726582027, -11.39281912759564541 ) ) ;
#849 = CARTESIAN_POINT ( 'NONE',  ( 58.35213610523493344, 37.77590778159797225, -210.0478857760844562 ) ) ;
#850 = CARTESIAN_POINT ( 'NONE',  ( -55.53859958403160135, -15.61008041173965921, -299.9258731499763257 ) ) ;
#851 = CARTESIAN_POINT ( 'NONE',  ( -2.788627897396039224, -1.870826922625272504, -730.0780371991979791 ) ) ;
#852 = CARTESIAN_POINT ( 'NONE',  ( 60.24031164715340481, -6.000028713873527764, -240.2019763499492910 ) ) ;
#853 = CARTESIAN_POINT ( 'NONE',  ( -29.60157637552521592, 45.84501029118685267, -480.0045523954851774 ) ) ;
#854 = CARTESIAN_POINT ( 'NONE',  ( 1.107575870809583529, -8.759241749471698313, -730.0780371992004802 ) ) ;
#855 = CARTESIAN_POINT ( 'NONE',  ( -0.7390042855486820272, 82.05248061788107350, -269.8562572437998028 ) ) ;
#856 = CARTESIAN_POINT ( 'NONE',  ( 4.357375423564620931, 76.95592664221975099, -299.9258731499763257 ) ) ;
#857 = CARTESIAN_POINT ( 'NONE',  ( -22.09070193639696456, -49.84561767596460413, -330.0104949334790376 ) ) ;
#858 = CARTESIAN_POINT ( 'NONE',  ( 0.0002153979296389170461, 26.25937108970689948, 6.809709295715923538 ) ) ;
#859 = CARTESIAN_POINT ( 'NONE',  ( 1.891651953670912475E-05, 82.05248033630779503, -269.8562572437998028 ) ) ;
#860 = CARTESIAN_POINT ( 'NONE',  ( -9.228173329666264024, 64.08866759348310893, -450.0055018290935891 ) ) ;
#861 = CARTESIAN_POINT ( 'NONE',  ( 3.086146488221332085, 0.3544506783064292343, -730.0780371991983202 ) ) ;
#862 = CARTESIAN_POINT ( 'NONE',  ( -37.88517812945319463, 52.44192376503701780, -360.0028709458021012 ) ) ;
#863 = CARTESIAN_POINT ( 'NONE',  ( 12.06811826010841848, -49.85358131584580121, -90.82262204780663239 ) ) ;
#864 = CARTESIAN_POINT ( 'NONE',  ( 15.82070017852275612, 20.91567836423957161, -660.1147140781910139 ) ) ;
#865 = CARTESIAN_POINT ( 'NONE',  ( -49.04831046292500218, -8.166173164794578554, -420.0050310766832240 ) ) ;
#866 = CARTESIAN_POINT ( 'NONE',  ( -37.62710164288085934, -25.29504610790295516, -33.67897120884710915 ) ) ;
#867 = CARTESIAN_POINT ( 'NONE',  ( 15.75025702428784236, 58.34554781419514313, -480.0045523954887017 ) ) ;
#868 = CARTESIAN_POINT ( 'NONE',  ( 29.65828670142989765, -5.625814044656683777, -570.0640010862998679 ) ) ;
#869 = CARTESIAN_POINT ( 'NONE',  ( -38.22580647352922512, 38.68248544416598378, -450.0055018290958060 ) ) ;
#870 = CARTESIAN_POINT ( 'NONE',  ( 14.18207030692786041, -55.61125518057888684, -240.2019763499498310 ) ) ;
#871 = EDGE_LOOP ( 'NONE', ( #788, #2274, #1416 ) ) ;
#872 = CARTESIAN_POINT ( 'NONE',  ( 0.0002755614957018694307, 94.32892261507890908, -210.0478857760843994 ) ) ;
#873 = CARTESIAN_POINT ( 'NONE',  ( 4.473889788002364476, 93.56406017493675620, -179.7573051204385592 ) ) ;
#874 = CARTESIAN_POINT ( 'NONE',  ( 0.6670490324252742464, 40.53524006825578851, -60.20661486047677613 ) ) ;
#875 = CARTESIAN_POINT ( 'NONE',  ( -0.002672872478854493999, 56.06707817692125673, -570.0640010862999816 ) ) ;
#876 = CARTESIAN_POINT ( 'NONE',  ( 49.04784608038099947, -8.168098761134743313, -420.0050310766823713 ) ) ;
#877 = CARTESIAN_POINT ( 'NONE',  ( -41.54498008299171374, 69.50313066748955748, -179.7573051204385877 ) ) ;
#878 = CARTESIAN_POINT ( 'NONE',  ( 58.01507203636393939, 35.46893562163275249, -240.2019763499490352 ) ) ;
#879 = CARTESIAN_POINT ( 'NONE',  ( -30.62785526833767946, -1.601454806161297872, -570.0640010863002090 ) ) ;
#880 = CARTESIAN_POINT ( 'NONE',  ( -29.59264703372685901, -17.11071687827773147, -539.9930887323632760 ) ) ;
#881 = CARTESIAN_POINT ( 'NONE',  ( 59.29963444984296217, -6.559907764181826195, -149.2020492516147669 ) ) ;
#882 = CARTESIAN_POINT ( 'NONE',  ( -23.01878246162472408, 13.75170892330193517, 6.809709295715953736 ) ) ;
#883 = CARTESIAN_POINT ( 'NONE',  ( -34.35621180397498620, -43.14970535604428648, -149.2020492516143122 ) ) ;
#884 = CARTESIAN_POINT ( 'NONE',  ( 4.981864407042891685, -17.14020561312318947, -690.0138044314118133 ) ) ;
#885 = CARTESIAN_POINT ( 'NONE',  ( 8.514409930428616491, 61.65880630294470421, -480.0045523954834152 ) ) ;
#886 = CARTESIAN_POINT ( 'NONE',  ( 0.01072291076965425742, 62.76134168025001969, -480.0045523954842679 ) ) ;
#887 = CARTESIAN_POINT ( 'NONE',  ( 0.7060430911344806049, 68.35142764751473976, -119.8781736735584786 ) ) ;
#888 = CARTESIAN_POINT ( 'NONE',  ( 43.81849054645240216, -25.79229788945205470, -390.0054354190787080 ) ) ;
#889 = CARTESIAN_POINT ( 'NONE',  ( -40.08030373455633111, 48.62518228708384527, -119.8781736735586634 ) ) ;
#890 = CARTESIAN_POINT ( 'NONE',  ( 55.05075859317786069, 47.00398875753781169, -210.0478857760851668 ) ) ;
#891 = CARTESIAN_POINT ( 'NONE',  ( 55.50792612095875000, 14.04413182785975778, -360.0028709458010781 ) ) ;
#892 = CARTESIAN_POINT ( 'NONE',  ( -10.43715111415819230, -3.267061537078352895, 0.000000000000000000 ) ) ;
#893 = CARTESIAN_POINT ( 'NONE',  ( 0.000000000000000000, 0.000000000000000000, 0.000000000000000000 ) ) ;
#894 = CARTESIAN_POINT ( 'NONE',  ( 57.30328433360740803, -12.70209645555274491, -149.2020492516146533 ) ) ;
#895 = CARTESIAN_POINT ( 'NONE',  ( -11.97145908376489309, 29.78105873845881035, -660.1147140781945382 ) ) ;
#896 = CARTESIAN_POINT ( 'NONE',  ( -1.454825436612337208, -7.660435539780529268, -730.0780371991988886 ) ) ;
#897 = CARTESIAN_POINT ( 'NONE',  ( 0.000000000000000000, 0.000000000000000000, 0.000000000000000000 ) ) ;
#898 = CARTESIAN_POINT ( 'NONE',  ( 9.964885644320812474, 3.909986177478251612, 0.000000000000000000 ) ) ;
#899 = CARTESIAN_POINT ( 'NONE',  ( 57.24640881203175979, 30.11294986694465337, -269.8562572438003713 ) ) ;
#900 = CARTESIAN_POINT ( 'NONE',  ( -0.1309331851272275415, 23.30665250629566998, -716.0790747558232852 ) ) ;
#901 = CARTESIAN_POINT ( 'NONE',  ( 45.14681802130586874, 31.45364067985874357, -420.0050310766856683 ) ) ;
#902 = CARTESIAN_POINT ( 'NONE',  ( 0.05827795976554283469, 50.19392225049837464, -90.82262204780668924 ) ) ;
#903 = CARTESIAN_POINT ( 'NONE',  ( 0.1382641333787865134, 10.22223089074220681, 0.000000000000000000 ) ) ;
#904 = CARTESIAN_POINT ( 'NONE',  ( -10.41744430801968591, 68.92657841608470903, -390.0054354190787649 ) ) ;
#905 = CARTESIAN_POINT ( 'NONE',  ( 54.26723389803622410, -20.71786940649679565, -269.8562572437983818 ) ) ;
#906 = CARTESIAN_POINT ( 'NONE',  ( -32.28093471933501490, 79.56733541024574663, -179.7573051204378203 ) ) ;
#907 = CARTESIAN_POINT ( 'NONE',  ( 39.53083933323668475, 13.83179795912778687, -510.0070289517064452 ) ) ;
#908 = CARTESIAN_POINT ( 'NONE',  ( -22.17811648049540096, -0.1222119098104822721, -630.0414814863841002 ) ) ;
#909 = CARTESIAN_POINT ( 'NONE',  ( -54.61061868829060728, -16.56277779119230331, -119.8781736735588481 ) ) ;
#910 = CARTESIAN_POINT ( 'NONE',  ( 22.17712462242453242, -0.1574919329505663768, -630.0414814863803485 ) ) ;
#911 = CARTESIAN_POINT ( 'NONE',  ( -35.28428724006332828, 14.06895048024984618, -539.9930887323606612 ) ) ;
#912 = CARTESIAN_POINT ( 'NONE',  ( -9.298582017652860188, 33.69029493987557800, -660.1147140781902181 ) ) ;
#913 = CARTESIAN_POINT ( 'NONE',  ( -8.588234431564325533, -42.80588319564189703, -480.0045523954862006 ) ) ;
#914 = CARTESIAN_POINT ( 'NONE',  ( 56.13268801023865251, 27.42036378113349571, -299.9258731499751320 ) ) ;
#915 = CARTESIAN_POINT ( 'NONE',  ( -1.335107433479308311E-05, 75.25821518041827574, -330.0104949334759112 ) ) ;
#916 = CARTESIAN_POINT ( 'NONE',  ( 0.5097842873492498539, -6.210865063103055306, -735.0000000000027285 ) ) ;
#917 = CARTESIAN_POINT ( 'NONE',  ( 1.644198162301130361, -0.8692762727785773302, -735.0000000000001137 ) ) ;
#918 = CARTESIAN_POINT ( 'NONE',  ( -21.34726018753642052, 63.19568558009884640, -119.8781736735594876 ) ) ;
#919 = CARTESIAN_POINT ( 'NONE',  ( -0.1080452556511903583, -6.641751207624181141, -735.0000000000005684 ) ) ;
#920 = CARTESIAN_POINT ( 'NONE',  ( 3.098160769862418729, 6.353600550535437819, -730.0780371991983202 ) ) ;
#921 = CARTESIAN_POINT ( 'NONE',  ( -43.56127012118966491, -1.439670421238679943, -480.0045523954842679 ) ) ;
#922 = CARTESIAN_POINT ( 'NONE',  ( -29.65599452013207227, -5.630268588528725360, -570.0640010863007774 ) ) ;
#923 = CARTESIAN_POINT ( 'NONE',  ( 44.45857374045226607, -29.14732254930556010, -90.82262204780663239 ) ) ;
#924 = CARTESIAN_POINT ( 'NONE',  ( -1.867948614686796960, 5.840883385870383471, -735.0000000000007958 ) ) ;
#925 = CARTESIAN_POINT ( 'NONE',  ( -13.88641068029305004, 44.16275642539006441, -600.0593740079224290 ) ) ;
#926 = CARTESIAN_POINT ( 'NONE',  ( -14.91415957265362380, -24.09097094369381864, 6.809709295715975941 ) ) ;
#927 = CARTESIAN_POINT ( 'NONE',  ( -6.263064509314591355, -33.41842006372808527, -570.0640010863022553 ) ) ;
#928 = CARTESIAN_POINT ( 'NONE',  ( 46.15085096681231391, 18.66115340521950117, -450.0055018290963176 ) ) ;
#929 = CARTESIAN_POINT ( 'NONE',  ( -47.13890274909753231, 13.40789020532496245, -450.0055018290958628 ) ) ;
#930 = CARTESIAN_POINT ( 'NONE',  ( 0.000000000000000000, 0.000000000000000000, 0.000000000000000000 ) ) ;
#931 = CARTESIAN_POINT ( 'NONE',  ( 4.422047465731763438, 85.48866567682976836, -149.2020492516147101 ) ) ;
#932 = CARTESIAN_POINT ( 'NONE',  ( 22.09072727357491317, -49.84560494432567168, -330.0104949334794924 ) ) ;
#933 = CARTESIAN_POINT ( 'NONE',  ( -2.372320445660430543, 30.80462188111114230, -690.0138044314147692 ) ) ;
#934 = CARTESIAN_POINT ( 'NONE',  ( 19.04338520177936900, -10.73468481806436259, -630.0414814863823949 ) ) ;
#935 = CARTESIAN_POINT ( 'NONE',  ( -9.861840171496179863, 66.49568075893053276, -420.0050310766855546 ) ) ;
#936 = CARTESIAN_POINT ( 'NONE',  ( 59.73248140439067555, 8.668049696376174396, -299.9258731499762121 ) ) ;
#937 = CARTESIAN_POINT ( 'NONE',  ( -54.03214425246689956, -15.20022274029912346, -330.0104949334761386 ) ) ;
#938 = ORIENTED_EDGE ( 'NONE', *, *, #633, .F. ) ;
#939 = CARTESIAN_POINT ( 'NONE',  ( 56.02360511408179633, -17.28892827206086480, -179.7573051204382750 ) ) ;
#940 = CARTESIAN_POINT ( 'NONE',  ( -1.824274285896439141, 6.729421389311613488, -735.0000000000010232 ) ) ;
#941 = CARTESIAN_POINT ( 'NONE',  ( -11.65333709804096429, 39.43448423199313879, -630.0414814863812580 ) ) ;
#942 = CARTESIAN_POINT ( 'NONE',  ( -36.10093485379603351, -31.66357894901684844, -420.0050310766857251 ) ) ;
#943 = CARTESIAN_POINT ( 'NONE',  ( -1.798099209521974995, -51.37324939096612297, -90.82262204780668924 ) ) ;
#944 = CARTESIAN_POINT ( 'NONE',  ( 35.28821244249559186, 14.04137662175193668, -539.9930887323621391 ) ) ;
#945 = CARTESIAN_POINT ( 'NONE',  ( -53.75207660057348846, 1.554426345840349777, -60.20661486047649902 ) ) ;
#946 = CARTESIAN_POINT ( 'NONE',  ( 9.278511140707614402, 33.75685149839182486, -660.1147140781948792 ) ) ;
#947 = CARTESIAN_POINT ( 'NONE',  ( 0.3738442731822168574, 16.40351449076227652, -730.0780371991983202 ) ) ;
#948 = CARTESIAN_POINT ( 'NONE',  ( -61.01864069340550856, 10.50726035844362727, -269.8562572438013376 ) ) ;
#949 = CARTESIAN_POINT ( 'NONE',  ( 13.04216350586725071, -53.15250958622847577, -330.0104949334734101 ) ) ;
#950 = CARTESIAN_POINT ( 'NONE',  ( -4.347051930367245909, 68.24888150576298074, -119.8781736735584076 ) ) ;
#951 = CARTESIAN_POINT ( 'NONE',  ( 28.35850306358041095, -9.521683584134086331, -570.0640010862996405 ) ) ;
#952 = CARTESIAN_POINT ( 'NONE',  ( -9.535813231444567606, 38.36599373881270481, -33.67897120884719442 ) ) ;
#953 = CARTESIAN_POINT ( 'NONE',  ( -0.01131324752488053510, 39.13002793633339138, -660.1147140781920371 ) ) ;
#954 = CARTESIAN_POINT ( 'NONE',  ( 61.14757075094519934, 12.90335683944530842, -149.2020492516145111 ) ) ;
#955 = CARTESIAN_POINT ( 'NONE',  ( -3.072195505232834467, 0.9151746675529243147, -730.0780371991976381 ) ) ;
#956 = CARTESIAN_POINT ( 'NONE',  ( 0.0002153979296389170461, 26.25937108970689948, 6.809709295715923538 ) ) ;
#957 = CARTESIAN_POINT ( 'NONE',  ( 6.225570198318118642, -5.461436097105520915, -716.0790747558228304 ) ) ;
#958 = CARTESIAN_POINT ( 'NONE',  ( -58.10665783191679168, 8.504901190698872071, -330.0104949334760249 ) ) ;
#959 = CARTESIAN_POINT ( 'NONE',  ( -17.51706666314074567, 39.90877825512946941, -11.39281912759560456 ) ) ;
#960 = CARTESIAN_POINT ( 'NONE',  ( -1.405891082398893266, -2.712508087979549121, -734.9999999999998863 ) ) ;
#961 = CARTESIAN_POINT ( 'NONE',  ( -11.86155815948636416, -56.03496403273918247, -269.8562572437989502 ) ) ;
#962 = CARTESIAN_POINT ( 'NONE',  ( 60.35877285989226948, 17.07767906554453319, -269.8562572437984954 ) ) ;
#963 = CARTESIAN_POINT ( 'NONE',  ( -42.60768188498477116, 18.49350610531404726, -480.0045523954845521 ) ) ;
#964 = CARTESIAN_POINT ( 'NONE',  ( 4.434153521012921928, 81.93811928029347769, -269.8562572437996891 ) ) ;
#965 = CARTESIAN_POINT ( 'NONE',  ( 0.3717736840999513181, 56.06712732884354722, -570.0640010862999816 ) ) ;
#966 = CARTESIAN_POINT ( 'NONE',  ( -47.64498187305694898, 2.904908460011209836, -450.0055018290951239 ) ) ;
#967 = CARTESIAN_POINT ( 'NONE',  ( -0.7650899972616239664, -27.23822187861752298, -630.0414814863838728 ) ) ;
#968 = CARTESIAN_POINT ( 'NONE',  ( -0.1083177272607859370, 31.21803244048680170, -690.0138044314147692 ) ) ;
#969 = CARTESIAN_POINT ( 'NONE',  ( 31.40103542931150216, -27.80808517281575476, -480.0045523954870532 ) ) ;
#970 = CARTESIAN_POINT ( 'NONE',  ( 36.24205424133283060, 50.74475319492563585, -390.0054354190800723 ) ) ;
#971 = CARTESIAN_POINT ( 'NONE',  ( -4.434115725134633479, 81.93812266804397382, -269.8562572437999165 ) ) ;
#972 = CARTESIAN_POINT ( 'NONE',  ( 18.00655516470535034, 2.789385341669149643, -660.1147140781907865 ) ) ;
#973 = CARTESIAN_POINT ( 'NONE',  ( -50.97095085133157966, -15.29532787971832164, -60.20661486047652033 ) ) ;
#975 = CARTESIAN_POINT ( 'NONE',  ( 0.2478725439984802714, 14.08702634528906117, -735.0000000000005684 ) ) ;
#974 = MANIFOLD_SURFACE_SHAPE_REPRESENTATION ( 'Fuselage', ( #2174, #1810 ), #1410 ) ;
#976 = CARTESIAN_POINT ( 'NONE',  ( 51.32264998450284565, -26.70038774139509741, -240.2019763499492058 ) ) ;
#977 = CARTESIAN_POINT ( 'NONE',  ( 0.000000000000000000, 0.000000000000000000, 0.000000000000000000 ) ) ;
#978 = CARTESIAN_POINT ( 'NONE',  ( -28.19487931728879815, 58.83980993622596145, -390.0054354190796744 ) ) ;
#979 = CARTESIAN_POINT ( 'NONE',  ( -32.54160351341693058, -30.68860970298897684, -33.67897120884737205 ) ) ;
#980 = CARTESIAN_POINT ( 'NONE',  ( -5.182898106839276764, -28.74867322522225521, 6.809709295715909327 ) ) ;
#981 = CARTESIAN_POINT ( 'NONE',  ( 55.89685291786764765, -0.5721050168066634800, -90.82262204780647608 ) ) ;
#982 = CARTESIAN_POINT ( 'NONE',  ( -52.94683053463728584, 5.679256540643231155, -60.20661486047652744 ) ) ;
#983 = CARTESIAN_POINT ( 'NONE',  ( 0.9500276787072033935, 31.16011082881263761, -690.0138044314147692 ) ) ;
#984 = CARTESIAN_POINT ( 'NONE',  ( -1.041450774812730184, -34.29768013867042242, -570.0640010862996405 ) ) ;
#985 = CARTESIAN_POINT ( 'NONE',  ( -3.581188839108920607, 39.09951106613667093, -33.67897120884717310 ) ) ;
#986 = CARTESIAN_POINT ( 'NONE',  ( 16.61416402138227255, -15.46867381465574098, -630.0414814863805759 ) ) ;
#987 = CARTESIAN_POINT ( 'NONE',  ( -6.840318658210062353, 56.69034401043404614, -539.9930887323606612 ) ) ;
#988 = CARTESIAN_POINT ( 'NONE',  ( 60.62796798917586472, -0.2146598021928765310, -149.2020492516141417 ) ) ;
#989 = CARTESIAN_POINT ( 'NONE',  ( -56.00297766648791509, -9.493246184897543571, -330.0104949334745470 ) ) ;
#990 = CARTESIAN_POINT ( 'NONE',  ( 32.04521435770514870, -11.94506482984556861, -539.9930887323603201 ) ) ;
#991 = CARTESIAN_POINT ( 'NONE',  ( -2.991157275994043907, 7.933625286785475517, -730.0780371991979791 ) ) ;
#992 = CARTESIAN_POINT ( 'NONE',  ( -11.08864803188902037, 49.19548639515971900, -90.82262204780718662 ) ) ;
#993 = CARTESIAN_POINT ( 'NONE',  ( -47.43776412000585196, -27.66821879171030218, -330.0104949334746607 ) ) ;
#994 = CARTESIAN_POINT ( 'NONE',  ( 0.000000000000000000, 0.000000000000000000, 0.000000000000000000 ) ) ;
#995 = CARTESIAN_POINT ( 'NONE',  ( 17.79711981706193669, 11.55793451165530783, -660.1147140781922644 ) ) ;
#996 = CARTESIAN_POINT ( 'NONE',  ( -35.28428724006332828, 14.06895048024984618, -539.9930887323606612 ) ) ;
#997 = CARTESIAN_POINT ( 'NONE',  ( 32.27914868037914431, 79.56851665691941378, -179.7573051204404351 ) ) ;
#998 = CARTESIAN_POINT ( 'NONE',  ( 4.473889788002364476, 93.56406017493675620, -179.7573051204385592 ) ) ;
#999 = CARTESIAN_POINT ( 'NONE',  ( -62.48004241234405498, 16.40073905350706340, -210.0478857760838309 ) ) ;
#1000 = CARTESIAN_POINT ( 'NONE',  ( -0.9014709296028102781, -30.85369837875410326, -600.0593740079202689 ) ) ;
#1001 = CARTESIAN_POINT ( 'NONE',  ( -22.05504880941911239, 87.37845890991063413, -179.7573051204390424 ) ) ;
#1002 = CARTESIAN_POINT ( 'NONE',  ( 1.895497059504449355, 4.884319627380434348, -735.0000000000007958 ) ) ;
#1003 = CARTESIAN_POINT ( 'NONE',  ( 47.64527118372638625, 2.912392958463426940, -450.0055018290958628 ) ) ;
#1004 = CARTESIAN_POINT ( 'NONE',  ( -54.03575370532332300, -9.290203862434166737, -360.0028709458007370 ) ) ;
#1005 = CARTESIAN_POINT ( 'NONE',  ( -0.4024271257822897851, 13.97508401346597928, -734.9999999999986358 ) ) ;
#1006 = CARTESIAN_POINT ( 'NONE',  ( 45.05575538540703207, -34.44260501274011688, -179.7573051204381045 ) ) ;
#1007 = CARTESIAN_POINT ( 'NONE',  ( -17.38136990602433229, 14.31629598099278411, -660.1147140781916960 ) ) ;
#1008 = CARTESIAN_POINT ( 'NONE',  ( -26.21247211948326949, -14.50071963309377310, -570.0640010862996405 ) ) ;
#1009 = CARTESIAN_POINT ( 'NONE',  ( -24.01123510857678056, -51.86823442309709975, -240.2019763499488079 ) ) ;
#1010 = CARTESIAN_POINT ( 'NONE',  ( 3.160066673161175732, 5.188260851376348626, -730.0780371991986613 ) ) ;
#1011 = CARTESIAN_POINT ( 'NONE',  ( -21.07281753592728890, 20.07204886338936589, -630.0414814863821675 ) ) ;
#1012 = CARTESIAN_POINT ( 'NONE',  ( 20.87755709045087471, 69.81229759098667387, -330.0104949334775597 ) ) ;
#1013 = CARTESIAN_POINT ( 'NONE',  ( 15.75025702428784236, 58.34554781419514313, -480.0045523954887017 ) ) ;
#1014 = CARTESIAN_POINT ( 'NONE',  ( -5.182898106839276764, -28.74867322522225521, 6.809709295715909327 ) ) ;
#1015 = CARTESIAN_POINT ( 'NONE',  ( -0.6397643312294354345, 50.19481345359312030, -90.82262204780668924 ) ) ;
#1016 = CARTESIAN_POINT ( 'NONE',  ( 0.0003590022656287800151, -45.51863944866190081, -11.39281912759564541 ) ) ;
#1017 = CARTESIAN_POINT ( 'NONE',  ( 47.06426182622972476, -4.908375733650959027, -11.39281912759561344 ) ) ;
#1018 = CARTESIAN_POINT ( 'NONE',  ( -22.17811648049540096, -0.1222119098104822721, -630.0414814863841002 ) ) ;
#1019 = CARTESIAN_POINT ( 'NONE',  ( -1.894833890954279454, 3.045720058527009666, -734.9999999999994316 ) ) ;
#1020 = CARTESIAN_POINT ( 'NONE',  ( -2.686299160399272079, 10.38472228236390293, -730.0780371991971833 ) ) ;
#1021 = CARTESIAN_POINT ( 'NONE',  ( 43.88289364704917261, -34.59591442680078899, -149.2020492516147954 ) ) ;
#1022 = CARTESIAN_POINT ( 'NONE',  ( -25.94657497216452668, 18.38568460631009671, -600.0593740079211784 ) ) ;
#1023 = CARTESIAN_POINT ( 'NONE',  ( -1.798094884750961242, 0.7830842579640400203, -735.0000000000003411 ) ) ;
#1024 = CARTESIAN_POINT ( 'NONE',  ( -25.40183164793310056, -37.43165810084988721, -11.39281912759569870 ) ) ;
#1025 = CARTESIAN_POINT ( 'NONE',  ( 10.74196853813991126, -2.287975745146715756, 0.000000000000000000 ) ) ;
#1026 = CARTESIAN_POINT ( 'NONE',  ( -21.80071529523203111, 16.77631515779379967, -630.0414814863830770 ) ) ;
#1027 = CARTESIAN_POINT ( 'NONE',  ( 39.24626459652687771, 54.37772887066783767, -330.0104949334764797 ) ) ;
#1028 = CARTESIAN_POINT ( 'NONE',  ( -1.805872684436783837, -53.33663477831271393, -360.0028709457996570 ) ) ;
#1029 = CARTESIAN_POINT ( 'NONE',  ( 0.05827795976554283469, 50.19392225049837464, -90.82262204780668924 ) ) ;
#1030 = CARTESIAN_POINT ( 'NONE',  ( 29.61814439348406580, 45.82338407802814828, -480.0045523954882469 ) ) ;
#1031 = CARTESIAN_POINT ( 'NONE',  ( -4.357378039003092063, 76.95592683089766695, -299.9258731499763257 ) ) ;
#1032 = CARTESIAN_POINT ( 'NONE',  ( 0.8750503517942991305, 12.94915523168615401, -735.0000000000001137 ) ) ;
#1033 = CARTESIAN_POINT ( 'NONE',  ( 26.44783708452020221, -8.832280236292035625, 6.809709295715917321 ) ) ;
#1034 = CARTESIAN_POINT ( 'NONE',  ( 0.000000000000000000, 0.000000000000000000, 0.000000000000000000 ) ) ;
#1035 = CARTESIAN_POINT ( 'NONE',  ( -45.14603520822919336, 31.45553272160737279, -420.0050310766833945 ) ) ;
#1036 = CARTESIAN_POINT ( 'NONE',  ( 33.98901724182532291, -45.23869434746944052, -269.8562572438008260 ) ) ;
#1037 = CARTESIAN_POINT ( 'NONE',  ( -50.42507513018424703, 25.05343268974302262, -390.0054354190834260 ) ) ;
#1038 = CARTESIAN_POINT ( 'NONE',  ( -2.788627897396039224, -1.870826922625272504, -730.0780371991979791 ) ) ;
#1039 = CARTESIAN_POINT ( 'NONE',  ( -35.40236053353988410, -44.33517658115941629, -210.0478857760835467 ) ) ;
#1040 = CARTESIAN_POINT ( 'NONE',  ( 19.42241819057607088, 17.90157880601573126, 6.809709295715891564 ) ) ;
#1041 = CARTESIAN_POINT ( 'NONE',  ( 50.83904733317065450, 2.507446626393087907, -420.0050310766836219 ) ) ;
#1042 = CARTESIAN_POINT ( 'NONE',  ( -54.60163705738811046, 26.81000380439332531, -330.0104949334772186 ) ) ;
#1043 = CARTESIAN_POINT ( 'NONE',  ( 17.39124481543996126, -41.91176897353461328, -11.39281912759558857 ) ) ;
#1044 = CARTESIAN_POINT ( 'NONE',  ( 49.71672108265745038, 58.02896893220414398, -210.0478857760830920 ) ) ;
#1045 = CARTESIAN_POINT ( 'NONE',  ( -18.18381210981819862, -42.10714464015129721, -450.0055018290939302 ) ) ;
#1046 = CARTESIAN_POINT ( 'NONE',  ( -7.457917440079411819E-05, 90.81360542393252899, -240.2019763499494047 ) ) ;
#1047 = CARTESIAN_POINT ( 'NONE',  ( 0.004015234259115152415, 85.60563742188395508, -149.2020492516148238 ) ) ;
#1048 = CARTESIAN_POINT ( 'NONE',  ( 33.55977157826232116, -7.872263073702725045, -539.9930887323612296 ) ) ;
#1049 = CARTESIAN_POINT ( 'NONE',  ( -54.60354159100483429, -9.919391847818028296, -90.82262204780714399 ) ) ;
#1050 = CARTESIAN_POINT ( 'NONE',  ( -44.60350378630789692, 21.03158457592081731, -60.20661486047666955 ) ) ;
#1051 = CARTESIAN_POINT ( 'NONE',  ( 43.45598114601875039, -36.67374271541458342, -269.8562572437986660 ) ) ;
#1052 = CARTESIAN_POINT ( 'NONE',  ( -54.36952793995805422, 19.95846653021251171, -360.0028709458034655 ) ) ;
#1053 = CARTESIAN_POINT ( 'NONE',  ( -43.18910908333451459, -16.97386981928392302, -33.67897120884722995 ) ) ;
#1054 = CARTESIAN_POINT ( 'NONE',  ( -15.45673763622678365, -23.17450703706364834, -600.0593740079245890 ) ) ;
#1055 = CARTESIAN_POINT ( 'NONE',  ( 61.55817949399433076, 0.7129285552526475334, -240.2019763499490921 ) ) ;
#1056 = CARTESIAN_POINT ( 'NONE',  ( -42.80100341928481811, 16.88548907702808677, -11.39281912759556015 ) ) ;
#1057 = CARTESIAN_POINT ( 'NONE',  ( 24.25262640168453387, -50.66687084427336885, -179.7573051204374792 ) ) ;
#1058 = CARTESIAN_POINT ( 'NONE',  ( 38.22212634201716241, 38.68908974911008869, -450.0055018290967155 ) ) ;
#1059 = UNCERTAINTY_MEASURE_WITH_UNIT (LENGTH_MEASURE( 1.000000000000000082E-05 ), #1836, 'distance_accuracy_value', 'NONE');
#1060 = CARTESIAN_POINT ( 'NONE',  ( 45.09080574293144394, 11.61399193313649292, -11.39281912759565074 ) ) ;
#1061 = CARTESIAN_POINT ( 'NONE',  ( 0.000000000000000000, 0.000000000000000000, 0.000000000000000000 ) ) ;
#1062 = CARTESIAN_POINT ( 'NONE',  ( 49.90757846540390119, -14.14445044780560323, -390.0054354190783670 ) ) ;
#1063 = CARTESIAN_POINT ( 'NONE',  ( -35.79030405404161286, 5.131142622917668206, -539.9930887323599791 ) ) ;
#1064 = CARTESIAN_POINT ( 'NONE',  ( -15.83328974044350268, 20.80681892496838969, -660.1147140781923781 ) ) ;
#1065 = CARTESIAN_POINT ( 'NONE',  ( 19.64548827321764790, -45.28991167080400260, -60.20661486047672639 ) ) ;
#1066 = CARTESIAN_POINT ( 'NONE',  ( 60.30484225497588824, 30.71228200480047477, -210.0478857760838309 ) ) ;
#1067 = CARTESIAN_POINT ( 'NONE',  ( 0.000000000000000000, 0.000000000000000000, 0.000000000000000000 ) ) ;
#1068 = CARTESIAN_POINT ( 'NONE',  ( -16.61887922819266450, -15.43501787738199482, -630.0414814863809170 ) ) ;
#1069 = CARTESIAN_POINT ( 'NONE',  ( 47.06426182622972476, -4.908375733650959027, -11.39281912759561344 ) ) ;
#1070 = CARTESIAN_POINT ( 'NONE',  ( -35.25204310774442007, 37.54438262030754458, -480.0045523954847795 ) ) ;
#1071 = CARTESIAN_POINT ( 'NONE',  ( 21.30911162873032083, -48.33709579829575631, -360.0028709457977811 ) ) ;
#1072 = CARTESIAN_POINT ( 'NONE',  ( 52.70146704063118648, 25.80496760838865455, -360.0028709457999980 ) ) ;
#1073 = CARTESIAN_POINT ( 'NONE',  ( 0.0007690364813039995452, 67.70831702363416582, -420.0050310766836219 ) ) ;
#1074 = CARTESIAN_POINT ( 'NONE',  ( 2.978907558571784353, -0.8616979565477987935, -730.0780371991978654 ) ) ;
#1075 = CARTESIAN_POINT ( 'NONE',  ( -9.964885237364086379, 3.909988442612009063, 0.000000000000000000 ) ) ;
#1076 = CARTESIAN_POINT ( 'NONE',  ( 22.70485435556216913, -51.08225017352873465, -299.9258731499763257 ) ) ;
#1077 = CARTESIAN_POINT ( 'NONE',  ( 53.16170149161561653, 13.52441385137440832, -90.82262204780694503 ) ) ;
#1078 = CARTESIAN_POINT ( 'NONE',  ( -33.56875177167093938, -7.846892805361556533, -539.9930887323580464 ) ) ;
#1079 = CARTESIAN_POINT ( 'NONE',  ( -50.01754968943902924, -28.16672839492392200, -269.8562572438004281 ) ) ;
#1080 = CARTESIAN_POINT ( 'NONE',  ( 14.22068382468849990, 56.22319136071341461, -510.0070289517061042 ) ) ;
#1081 = CARTESIAN_POINT ( 'NONE',  ( 22.73667586419582420, 6.586393174688178753, -630.0414814863812580 ) ) ;
#1082 = CARTESIAN_POINT ( 'NONE',  ( -1.473259106246501027, 10.21840568515145264, -734.9999999999986358 ) ) ;
#1083 = CARTESIAN_POINT ( 'NONE',  ( 18.18964492338652761, -42.10394001818588094, -450.0055018290920543 ) ) ;
#1084 = CARTESIAN_POINT ( 'NONE',  ( 3.558893165491430199, 43.35533592286655136, -11.39281912759560633 ) ) ;
#1085 = CARTESIAN_POINT ( 'NONE',  ( -19.61711635835075640, -45.30195142151017507, -60.20661486047676902 ) ) ;
#1086 = CARTESIAN_POINT ( 'NONE',  ( 47.33066480223720163, -13.29267838952061531, -420.0050310766850430 ) ) ;
#1087 = CARTESIAN_POINT ( 'NONE',  ( 51.61525415453547794, 34.71260663373818289, -330.0104949334747175 ) ) ;
#1088 = CARTESIAN_POINT ( 'NONE',  ( -21.76615107200183985, 79.65392984149814026, -149.2020492516119532 ) ) ;
#1089 = CARTESIAN_POINT ( 'NONE',  ( 14.36685524894467036, -55.28946295702714764, -210.0478857760833193 ) ) ;
#1090 = CARTESIAN_POINT ( 'NONE',  ( 38.66803356706081729, 18.56478486909252368, -510.0070289517075821 ) ) ;
#1091 = CARTESIAN_POINT ( 'NONE',  ( -27.22820403751334339, -6.273686692968717615, 6.809709295715928867 ) ) ;
#1092 = CARTESIAN_POINT ( 'NONE',  ( -4.834535334745244661, -12.17403555346916200, -716.0790747558238536 ) ) ;
#1093 = CARTESIAN_POINT ( 'NONE',  ( 21.46446793742797965, 71.48382807211349643, -299.9258731499745068 ) ) ;
#1094 = CARTESIAN_POINT ( 'NONE',  ( 3.086146488221332085, 0.3544506783064292343, -730.0780371991983202 ) ) ;
#1095 = CARTESIAN_POINT ( 'NONE',  ( -32.98810969929733972, 26.74711060100817406, -33.67897120884747864 ) ) ;
#1096 = CARTESIAN_POINT ( 'NONE',  ( 15.44621367829935821, -36.69763620764963008, -510.0070289517080369 ) ) ;
#1097 = VERTEX_POINT ( 'NONE', #1463 ) ;
#1098 = CARTESIAN_POINT ( 'NONE',  ( -0.0003603662867606100342, 43.42382144969548108, -11.39281912759561166 ) ) ;
#1099 = CARTESIAN_POINT ( 'NONE',  ( 11.51280549435029776, 67.07021523444014122, -119.8781736735582228 ) ) ;
#1100 = CARTESIAN_POINT ( 'NONE',  ( -19.36586237446592307, -44.44439058515359875, -420.0050310766861230 ) ) ;
#1101 = CARTESIAN_POINT ( 'NONE',  ( 0.7060430911344806049, 68.35142764751473976, -119.8781736735584786 ) ) ;
#1102 = CARTESIAN_POINT ( 'NONE',  ( -7.457917440079411819E-05, 90.81360542393252899, -240.2019763499494047 ) ) ;
#1103 = CARTESIAN_POINT ( 'NONE',  ( -11.28098074309900412, 73.90025932901886563, -330.0104949334761955 ) ) ;
#1104 = CARTESIAN_POINT ( 'NONE',  ( 34.70425074475630112, -3.651074328886938947, -539.9930887323608886 ) ) ;
#1105 = CARTESIAN_POINT ( 'NONE',  ( -29.47395543177628596, 60.83762790629547368, -360.0028709458023286 ) ) ;
#1106 = CARTESIAN_POINT ( 'NONE',  ( 56.33201960697862631, 20.76039365190666075, -330.0104949334755702 ) ) ;
#1107 = CARTESIAN_POINT ( 'NONE',  ( -61.55814419970420204, 0.7127937441242910843, -240.2019763499492342 ) ) ;
#1108 = CARTESIAN_POINT ( 'NONE',  ( 5.388853251743982220, 14.87441627065043726, -716.0790747558226030 ) ) ;
#1109 = CARTESIAN_POINT ( 'NONE',  ( -36.82545369099447186, -34.49254389929527775, -60.20661486047639954 ) ) ;
#1110 = CARTESIAN_POINT ( 'NONE',  ( 4.512566409496280073, 29.26716860062682812, -690.0138044314159060 ) ) ;
#1111 = CARTESIAN_POINT ( 'NONE',  ( 49.04784608038099947, -8.168098761134743313, -420.0050310766823713 ) ) ;
#1112 = CARTESIAN_POINT ( 'NONE',  ( -40.34879550580197360, 55.66681032049914535, -299.9258731499774058 ) ) ;
#1113 = CARTESIAN_POINT ( 'NONE',  ( 0.000000000000000000, 0.000000000000000000, 0.000000000000000000 ) ) ;
#1114 = CARTESIAN_POINT ( 'NONE',  ( 1.730028867864730424, -17.38148405829777232, -716.0790747558247631 ) ) ;
#1115 = DIRECTION ( 'NONE',  ( 1.000000000000000000, 0.000000000000000000, 0.000000000000000000 ) ) ;
#1116 = CARTESIAN_POINT ( 'NONE',  ( 3.463005267326799697, 65.15725121206146753, -450.0055018290948396 ) ) ;
#1117 = CARTESIAN_POINT ( 'NONE',  ( -0.002871678736356120514, 65.24776756837167113, -450.0055018290947260 ) ) ;
#1118 = PRODUCT_DEFINITION_FORMATION_WITH_SPECIFIED_SOURCE ( 'ไป', '', #2666, .NOT_KNOWN. ) ;
#1119 = CARTESIAN_POINT ( 'NONE',  ( 0.2478725439984813539, 14.08702634528905939, -735.0000000000005684 ) ) ;
#1120 = CARTESIAN_POINT ( 'NONE',  ( 22.59654080737854898, -12.51892098829437927, -600.0593740079243616 ) ) ;
#1121 = CARTESIAN_POINT ( 'NONE',  ( -4.082514194772476124, 9.387769893064307425, 0.000000000000000000 ) ) ;
#1122 = CARTESIAN_POINT ( 'NONE',  ( 23.64368087283238040, 26.98628340713723972, -600.0593740079222016 ) ) ;
#1123 = CARTESIAN_POINT ( 'NONE',  ( -54.60354159100483429, -9.919391847818028296, -90.82262204780714399 ) ) ;
#1124 = CARTESIAN_POINT ( 'NONE',  ( 24.89181832454524468, 35.27186555935453072, -570.0640010862980489 ) ) ;
#1125 = CARTESIAN_POINT ( 'NONE',  ( -43.88897346930751553, -34.59023925099032937, -149.2020492516149943 ) ) ;
#1126 = CARTESIAN_POINT ( 'NONE',  ( 56.67802792375776733, -11.22011175006109696, -119.8781736735583792 ) ) ;
#1127 = CARTESIAN_POINT ( 'NONE',  ( -23.87885133506554070, 42.75227032864837895, -539.9930887323580464 ) ) ;
#1128 = CARTESIAN_POINT ( 'NONE',  ( -16.87458249917039055, -39.52038292207501513, -480.0045523954820510 ) ) ;
#1129 = CARTESIAN_POINT ( 'NONE',  ( 0.1669109879750619863, -6.648503449225841244, -734.9999999999995453 ) ) ;
#1130 = CARTESIAN_POINT ( 'NONE',  ( 0.000000000000000000, 0.000000000000000000, 0.000000000000000000 ) ) ;
#1131 = CARTESIAN_POINT ( 'NONE',  ( 2.457106543123229070, 30.70539781671136481, -690.0138044314160197 ) ) ;
#1132 = CARTESIAN_POINT ( 'NONE',  ( 0.7490330125250622695, 94.32891840165770247, -210.0478857760843994 ) ) ;
#1133 = CARTESIAN_POINT ( 'NONE',  ( 0.7456600159415970319, 90.81360656237251305, -240.2019763499494047 ) ) ;
#1134 = CARTESIAN_POINT ( 'NONE',  ( -10.89027751490002061, 71.29987892346191813, -360.0028709458021012 ) ) ;
#1135 = CARTESIAN_POINT ( 'NONE',  ( 2.835965607439701497, -2.063849980934379325, -730.0780371991979791 ) ) ;
#1136 = CARTESIAN_POINT ( 'NONE',  ( -17.51706666314074567, 39.90877825512946941, -11.39281912759560456 ) ) ;
#1137 = CARTESIAN_POINT ( 'NONE',  ( 24.89181832454524468, 35.27186555935453072, -570.0640010862980489 ) ) ;
#1138 = CARTESIAN_POINT ( 'NONE',  ( 50.32801609996452186, 13.47891139243660419, -420.0050310766842472 ) ) ;
#1139 = CARTESIAN_POINT ( 'NONE',  ( -26.34728287036572425, -0.6892348842440285672, -600.0593740079226563 ) ) ;
#1140 = CARTESIAN_POINT ( 'NONE',  ( -24.42685786452320684, -7.952230299676848801, -600.0593740079232248 ) ) ;
#1141 = CARTESIAN_POINT ( 'NONE',  ( 22.05310222660553521, 87.37930778994144987, -179.7573051204373940 ) ) ;
#1142 = CARTESIAN_POINT ( 'NONE',  ( 10.43715034960465715, -3.267064853842010841, 0.000000000000000000 ) ) ;
#1143 = CARTESIAN_POINT ( 'NONE',  ( -55.89677925654886081, -0.4645946427021045988, -90.82262204780765558 ) ) ;
#1144 = CARTESIAN_POINT ( 'NONE',  ( -25.73557898195926796, 31.95122272079305858, -33.67897120884715179 ) ) ;
#1145 = CARTESIAN_POINT ( 'NONE',  ( -33.98904669902056241, -45.23867788131341428, -269.8562572438001439 ) ) ;
#1146 = CARTESIAN_POINT ( 'NONE',  ( 10.62722237164972761, -27.33171891585485014, -600.0593740079193594 ) ) ;
#1147 = CARTESIAN_POINT ( 'NONE',  ( 54.75549432052525134, 44.49776632488880068, -240.2019763499496605 ) ) ;
#1148 = CARTESIAN_POINT ( 'NONE',  ( 2.852409576849269435, 8.953165971473007190, -730.0780371991982065 ) ) ;
#1149 = PRODUCT_CONTEXT ( 'NONE', #1529, 'mechanical' ) ;
#1150 = CARTESIAN_POINT ( 'NONE',  ( 0.1493325580608876046, 16.48535816131598608, -730.0780371991984339 ) ) ;
#1151 = CARTESIAN_POINT ( 'NONE',  ( 20.40652293794184047, -46.52644341528558414, -390.0054354190796175 ) ) ;
#1152 = CARTESIAN_POINT ( 'NONE',  ( 6.225570198318118642, -5.461436097105520915, -716.0790747558228304 ) ) ;
#1153 = CARTESIAN_POINT ( 'NONE',  ( -11.65333709804096429, 39.43448423199313879, -630.0414814863812580 ) ) ;
#1154 = CARTESIAN_POINT ( 'NONE',  ( 35.28821244249559186, 14.04137662175193668, -539.9930887323621391 ) ) ;
#1155 = CARTESIAN_POINT ( 'NONE',  ( -57.36948398597213128, -3.611931439565115198, -330.0104949334775597 ) ) ;
#1156 = CARTESIAN_POINT ( 'NONE',  ( -56.19919042813865673, -17.66006027262216449, -210.0478857760840299 ) ) ;
#1157 = CARTESIAN_POINT ( 'NONE',  ( 41.04477587792567306, -21.00368210186295315, -11.39281912759562232 ) ) ;
#1158 = CARTESIAN_POINT ( 'NONE',  ( -10.96034802672340902, 0.6992592564289282775, 0.000000000000000000 ) ) ;
#1159 = CARTESIAN_POINT ( 'NONE',  ( -6.510977957187637166, 27.14822505990231249, -690.0138044314154513 ) ) ;
#1160 = CARTESIAN_POINT ( 'NONE',  ( -0.4814520771279529598, -19.33176540591934867, -690.0138044314184071 ) ) ;
#1161 = CARTESIAN_POINT ( 'NONE',  ( 10.49425127992007845, 2.652710903678645593, 0.000000000000000000 ) ) ;
#1162 = CARTESIAN_POINT ( 'NONE',  ( 0.000000000000000000, 0.000000000000000000, 0.000000000000000000 ) ) ;
#1163 = CARTESIAN_POINT ( 'NONE',  ( 41.54341450267637015, 69.50457386709616969, -179.7573051204366550 ) ) ;
#1164 = CARTESIAN_POINT ( 'NONE',  ( 0.01067516264496786230, 57.65130204540795944, -539.9930887323606612 ) ) ;
#1165 = CARTESIAN_POINT ( 'NONE',  ( 5.188240433339422530, -50.90997947170209414, -390.0054354190799586 ) ) ;
#1166 = CARTESIAN_POINT ( 'NONE',  ( -0.6167857826547527011, 67.70833428204817039, -420.0050310766836219 ) ) ;
#1167 = CARTESIAN_POINT ( 'NONE',  ( 32.59021185152968769, -31.64107483394148446, -11.39281912759559212 ) ) ;
#1168 = CARTESIAN_POINT ( 'NONE',  ( -3.581188839108920607, 39.09951106613667093, -33.67897120884717310 ) ) ;
#1169 = CARTESIAN_POINT ( 'NONE',  ( 61.28815851361293454, 21.56775237200384154, -240.2019763499495468 ) ) ;
#1170 = CARTESIAN_POINT ( 'NONE',  ( -55.60692446851341941, -18.76111490918433589, -240.2019763499498879 ) ) ;
#1171 = CARTESIAN_POINT ( 'NONE',  ( 2.602058698484210009, -3.626734708085214809, -730.0780371991986613 ) ) ;
#1172 = CARTESIAN_POINT ( 'NONE',  ( -50.85549803139564062, 7.981716521598095859, -420.0050310766844177 ) ) ;
#1173 = CARTESIAN_POINT ( 'NONE',  ( -30.53207143037691296, 63.06870039001734085, -330.0104949334761386 ) ) ;
#1174 = CARTESIAN_POINT ( 'NONE',  ( -15.45673763622678365, -23.17450703706364834, -600.0593740079245890 ) ) ;
#1175 = CARTESIAN_POINT ( 'NONE',  ( 0.000000000000000000, 0.000000000000000000, 0.000000000000000000 ) ) ;
#1176 = CARTESIAN_POINT ( 'NONE',  ( 26.56955875906728437, 14.59054392481465712, -600.0593740079231111 ) ) ;
#1177 = CARTESIAN_POINT ( 'NONE',  ( -0.002871678736356120514, 65.24776756837167113, -450.0055018290947260 ) ) ;
#1178 = CARTESIAN_POINT ( 'NONE',  ( -38.69111254664397848, 18.46065141693621925, -510.0070289517095716 ) ) ;
#1179 = CARTESIAN_POINT ( 'NONE',  ( 2.209103022491135881, 12.51872881319798836, -730.0780371991988886 ) ) ;
#1180 = CARTESIAN_POINT ( 'NONE',  ( 11.91016963281521157, 89.26243206666471508, -240.2019763499491773 ) ) ;
#1181 = CARTESIAN_POINT ( 'NONE',  ( -11.01222022293207914, -0.2966703228192384967, 0.000000000000000000 ) ) ;
#1182 = CARTESIAN_POINT ( 'NONE',  ( 4.403012564863020728, -43.72435064659649129, -33.67897120884707363 ) ) ;
#1183 = CARTESIAN_POINT ( 'NONE',  ( -0.5805174608062143582, 65.24770312396584870, -450.0055018290947260 ) ) ;
#1184 = CARTESIAN_POINT ( 'NONE',  ( 43.88289364704917261, -34.59591442680078899, -149.2020492516147954 ) ) ;
#1185 = CARTESIAN_POINT ( 'NONE',  ( -5.120279935348635014, 50.63433131904297824, -600.0593740079231111 ) ) ;
#1186 = CARTESIAN_POINT ( 'NONE',  ( 53.74845082049822764, 1.582214602809095094, -60.20661486047650612 ) ) ;
#1187 = CARTESIAN_POINT ( 'NONE',  ( -41.10696855750663303, -10.95550685338729835, -480.0045523954838131 ) ) ;
#1188 = VERTEX_POINT ( 'NONE', #299 ) ;
#1189 = CARTESIAN_POINT ( 'NONE',  ( 37.62373807240071955, -25.29912541859762243, -33.67897120884713047 ) ) ;
#1190 = CARTESIAN_POINT ( 'NONE',  ( -31.37656736068730012, 10.95044057220777134, -570.0640010862995268 ) ) ;
#1191 = CARTESIAN_POINT ( 'NONE',  ( -17.07724434894367960, 60.60007099022300281, -450.0055018290944986 ) ) ;
#1192 = CARTESIAN_POINT ( 'NONE',  ( -37.66770285544684072, -25.94704707602872062, -11.39281912759562765 ) ) ;
#1193 = CARTESIAN_POINT ( 'NONE',  ( 0.000000000000000000, 0.000000000000000000, 0.000000000000000000 ) ) ;
#1194 = CARTESIAN_POINT ( 'NONE',  ( 44.02189498348706564, 8.455820608118241211, -480.0045523954848932 ) ) ;
#1195 = CARTESIAN_POINT ( 'NONE',  ( -59.08683926184749424, 23.63287218635330689, -269.8562572438010534 ) ) ;
#1196 = CARTESIAN_POINT ( 'NONE',  ( 4.474335460081946714, 90.69184715752264481, -240.2019763499494047 ) ) ;
#1197 = CARTESIAN_POINT ( 'NONE',  ( -62.61959210496647898, 9.274094303528434224, -210.0478857760845415 ) ) ;
#1198 = CARTESIAN_POINT ( 'NONE',  ( -1.471689976917678555, -45.69475557708358338, -11.39281912759565074 ) ) ;
#1199 = CARTESIAN_POINT ( 'NONE',  ( -0.5935628261224025204, 43.42381593823341035, -11.39281912759561166 ) ) ;
#1200 = CARTESIAN_POINT ( 'NONE',  ( 36.09970668412510264, -31.66506953143055014, -420.0050310766875441 ) ) ;
#1201 = CARTESIAN_POINT ( 'NONE',  ( -3.559613400781029391, 43.35527035917928629, -11.39281912759560811 ) ) ;
#1202 = CARTESIAN_POINT ( 'NONE',  ( 27.73027170030728783, -3.680797140851627347, 6.809709295715925315 ) ) ;
#1203 = CARTESIAN_POINT ( 'NONE',  ( -44.95347373287984283, -13.21217714489136341, -33.67897120884720863 ) ) ;
#1204 = EDGE_LOOP ( 'NONE', ( #938, #841, #3011 ) ) ;
#1205 = CARTESIAN_POINT ( 'NONE',  ( 52.01674280806054185, -21.64828739922522871, -119.8781736735587202 ) ) ;
#1206 = CARTESIAN_POINT ( 'NONE',  ( -53.11659055720295441, 13.70687271720758993, -390.0054354190802428 ) ) ;
#1207 = CARTESIAN_POINT ( 'NONE',  ( -29.47395543177628596, 60.83762790629547368, -360.0028709458023286 ) ) ;
#1208 = CARTESIAN_POINT ( 'NONE',  ( -7.561353468798573729, -7.704978191602740445, 0.000000000000000000 ) ) ;
#1209 = CARTESIAN_POINT ( 'NONE',  ( -0.8639894115067231484, -29.30475194483946666, 6.809709295715948407 ) ) ;
#1210 = CARTESIAN_POINT ( 'NONE',  ( 53.93215802874161824, -2.612323405052901837, -60.20661486047701061 ) ) ;
#1211 = CARTESIAN_POINT ( 'NONE',  ( -60.30471508542802894, 30.71276882963050170, -210.0478857760838878 ) ) ;
#1212 = CARTESIAN_POINT ( 'NONE',  ( 15.15353247191580799, 21.40175706934907396, 6.809709295715943078 ) ) ;
#1213 = CARTESIAN_POINT ( 'NONE',  ( 0.8295844920902301078, 10.20597254474725091, 0.000000000000000000 ) ) ;
#1214 = CARTESIAN_POINT ( 'NONE',  ( -58.07519144485204521, 2.402632220270745744, -330.0104949334740354 ) ) ;
#1215 = CARTESIAN_POINT ( 'NONE',  ( -0.5928906591465193943, -23.83422235144781709, -660.1147140781914686 ) ) ;
#1216 = CARTESIAN_POINT ( 'NONE',  ( -0.5946878572700113885, 39.16172377641216684, -33.67897120884717310 ) ) ;
#1217 = CARTESIAN_POINT ( 'NONE',  ( 14.91382003996399241, -24.09118429158629127, 6.809709295715932420 ) ) ;
#1218 = CARTESIAN_POINT ( 'NONE',  ( -11.28098074309900412, 73.90025932901886563, -330.0104949334761955 ) ) ;
#1219 = CARTESIAN_POINT ( 'NONE',  ( 10.74196853813991126, -2.287975745146715756, 0.000000000000000000 ) ) ;
#1220 = CARTESIAN_POINT ( 'NONE',  ( -18.00513611307788508, 2.656773946130909003, -660.1147140781946518 ) ) ;
#1221 = CARTESIAN_POINT ( 'NONE',  ( -59.08683926184749424, 23.63287218635330689, -269.8562572438010534 ) ) ;
#1222 = CARTESIAN_POINT ( 'NONE',  ( -9.535813231444567606, 38.36599373881270481, -33.67897120884719442 ) ) ;
#1223 = CARTESIAN_POINT ( 'NONE',  ( -3.733589870993275106, -14.92179333010479425, -716.0790747558219209 ) ) ;
#1224 = CARTESIAN_POINT ( 'NONE',  ( -1.924104217647192083, -56.36770182147534314, -299.9258731499772352 ) ) ;
#1225 = CARTESIAN_POINT ( 'NONE',  ( 26.69641144391796317, 56.81584307103607046, -420.0050310766822577 ) ) ;
#1226 = CARTESIAN_POINT ( 'NONE',  ( 47.64490156834924761, 8.151699402322954313, -450.0055018290949533 ) ) ;
#1227 = CARTESIAN_POINT ( 'NONE',  ( -59.12470040573121111, 14.95428180947667762, -299.9258731499764394 ) ) ;
#1228 = CARTESIAN_POINT ( 'NONE',  ( 11.80265510294168152, 80.59567517031885586, -269.8562572437990070 ) ) ;
#1229 = CARTESIAN_POINT ( 'NONE',  ( -53.93217792099096641, -2.640265797568001283, -60.20661486047657718 ) ) ;
#1230 = CARTESIAN_POINT ( 'NONE',  ( -1.976942437146814946, -57.30644128199210741, -269.8562572438010534 ) ) ;
#1231 = CARTESIAN_POINT ( 'NONE',  ( -3.704555755611329992, 67.61321699204887636, -420.0050310766837924 ) ) ;
#1232 = CARTESIAN_POINT ( 'NONE',  ( -21.84529882124025235, 76.21078775850668308, -269.8562572437981544 ) ) ;
#1233 = CARTESIAN_POINT ( 'NONE',  ( -0.3129621076420169845, -6.435319772813406836, -735.0000000000010232 ) ) ;
#1234 = CARTESIAN_POINT ( 'NONE',  ( 53.50454056233939326, -6.845401631115450414, -60.20661486047652033 ) ) ;
#1235 = CARTESIAN_POINT ( 'NONE',  ( -3.141330265723088822, 2.119823142902339974, -730.0780371991978654 ) ) ;
#1236 = CARTESIAN_POINT ( 'NONE',  ( 20.15211242955648885, -29.10523183498952804, -539.9930887323579327 ) ) ;
#1237 = CARTESIAN_POINT ( 'NONE',  ( -21.07281753592728890, 20.07204886338936589, -630.0414814863821675 ) ) ;
#1238 = CARTESIAN_POINT ( 'NONE',  ( -45.76481952364343186, -26.87228641360752235, -360.0028709458023854 ) ) ;
#1239 = CARTESIAN_POINT ( 'NONE',  ( -0.7164891489705031979, -5.705628443049939769, -734.9999999999997726 ) ) ;
#1240 = CARTESIAN_POINT ( 'NONE',  ( 60.42778225445112383, 19.55903995603030410, -149.2020492516151648 ) ) ;
#1241 = CARTESIAN_POINT ( 'NONE',  ( -45.09105485841839567, 11.61335454563519320, -11.39281912759561166 ) ) ;
#1242 = CARTESIAN_POINT ( 'NONE',  ( 3.558893165491430199, 43.35533592286655136, -11.39281912759560633 ) ) ;
#1243 = CARTESIAN_POINT ( 'NONE',  ( -11.28336321625504546, -52.44556777011887760, -119.8781736735588055 ) ) ;
#1244 = CARTESIAN_POINT ( 'NONE',  ( 0.002818714802116096575, 45.79292170604743006, -630.0414814863817128 ) ) ;
#1245 = CARTESIAN_POINT ( 'NONE',  ( -4.091404526681214016, 72.50842422490529771, -360.0028709458019875 ) ) ;
#1246 = CARTESIAN_POINT ( 'NONE',  ( 0.2694599207476339187, 14.06890768454446494, -735.0000000000005684 ) ) ;
#1247 = CARTESIAN_POINT ( 'NONE',  ( 55.35757897034124397, -3.602611451386429131, -360.0028709458030676 ) ) ;
#1248 = CARTESIAN_POINT ( 'NONE',  ( -61.55814419970420204, 0.7127937441242910843, -240.2019763499492342 ) ) ;
#1249 = CARTESIAN_POINT ( 'NONE',  ( -1.405891082398893266, -2.712508087979549121, -734.9999999999998863 ) ) ;
#1250 = CARTESIAN_POINT ( 'NONE',  ( -38.22580647352922512, 38.68248544416598378, -450.0055018290958060 ) ) ;
#1251 = CARTESIAN_POINT ( 'NONE',  ( 0.000000000000000000, 0.000000000000000000, 0.000000000000000000 ) ) ;
#1252 = CARTESIAN_POINT ( 'NONE',  ( 0.000000000000000000, 0.000000000000000000, 0.000000000000000000 ) ) ;
#1253 = CARTESIAN_POINT ( 'NONE',  ( -21.50221167605322137, -3.410566934270612194, -630.0414814863803485 ) ) ;
#1254 = CARTESIAN_POINT ( 'NONE',  ( -16.87458249917039055, -39.52038292207501513, -480.0045523954820510 ) ) ;
#1255 = CARTESIAN_POINT ( 'NONE',  ( 3.455113083314342859, 20.21238964785333181, -716.0790747558238536 ) ) ;
#1256 = CARTESIAN_POINT ( 'NONE',  ( 52.51035186393819032, -11.07534148150196174, -60.20661486047697508 ) ) ;
#1257 = CARTESIAN_POINT ( 'NONE',  ( -57.22405834715063833, 32.78430064865273863, -149.2020492516147101 ) ) ;
#1258 = CARTESIAN_POINT ( 'NONE',  ( 26.80323519715420488, 44.42645774071445430, -510.0070289517061042 ) ) ;
#1259 = CARTESIAN_POINT ( 'NONE',  ( -1.872058322734497349, -55.00905924402108838, -330.0104949334772755 ) ) ;
#1260 = CARTESIAN_POINT ( 'NONE',  ( 0.1181170264225334804, 14.18402511860761628, -735.0000000000004547 ) ) ;
#1261 = CARTESIAN_POINT ( 'NONE',  ( 8.552462228271929395E-07, -11.04179569927527815, 0.000000000000000000 ) ) ;
#1262 = CARTESIAN_POINT ( 'NONE',  ( 3.157136718965170452, 1.575585457415537016, -730.0780371991987749 ) ) ;
#1263 = CARTESIAN_POINT ( 'NONE',  ( -30.62785526833767946, -1.601454806161297872, -570.0640010863002090 ) ) ;
#1264 = CARTESIAN_POINT ( 'NONE',  ( -9.057002846572167698, 5.399981604345197361, 0.000000000000000000 ) ) ;
#1265 = CARTESIAN_POINT ( 'NONE',  ( 35.34560245437298676, 29.32644190323929934, -510.0070289517057063 ) ) ;
#1266 = CARTESIAN_POINT ( 'NONE',  ( 45.18884766045024293, -35.02607128841366801, -210.0478857760858205 ) ) ;
#1267 = CARTESIAN_POINT ( 'NONE',  ( 24.25262640168453387, -50.66687084427336885, -179.7573051204374792 ) ) ;
#1268 = CARTESIAN_POINT ( 'NONE',  ( -6.825569348535118763, 4.622582982979731803, -716.0790747558231715 ) ) ;
#1269 = CARTESIAN_POINT ( 'NONE',  ( -47.56843705822369373, -19.27432710557640050, -390.0054354190793902 ) ) ;
#1270 = CARTESIAN_POINT ( 'NONE',  ( -2.616062953550176484, -18.70496671197872018, -690.0138044314143144 ) ) ;
#1271 = CARTESIAN_POINT ( 'NONE',  ( 49.71672108265745038, 58.02896893220414398, -210.0478857760830920 ) ) ;
#1272 = CARTESIAN_POINT ( 'NONE',  ( 1.156903811115413072, 11.92559481576062552, -735.0000000000007958 ) ) ;
#1273 = CARTESIAN_POINT ( 'NONE',  ( 54.57600081108806478, -10.02495241539263837, -90.82262204780641923 ) ) ;
#1274 = CARTESIAN_POINT ( 'NONE',  ( -52.62602115276148851, 30.11208108328136035, -119.8781736735587344 ) ) ;
#1275 = CARTESIAN_POINT ( 'NONE',  ( 7.269313402128640078, -14.42703709714261784, -690.0138044314202261 ) ) ;
#1276 = CARTESIAN_POINT ( 'NONE',  ( 15.01289798494325112, 34.83034534921175407, -630.0414814863866013 ) ) ;
#1277 = CARTESIAN_POINT ( 'NONE',  ( 0.000000000000000000, 0.000000000000000000, 0.000000000000000000 ) ) ;
#1278 = CARTESIAN_POINT ( 'NONE',  ( -0.7164891489705031979, -5.705628443049939769, -734.9999999999997726 ) ) ;
#1279 = CARTESIAN_POINT ( 'NONE',  ( 0.05827795976554283469, 50.19392225049837464, -90.82262204780668924 ) ) ;
#1280 = CARTESIAN_POINT ( 'NONE',  ( -0.0003603662867606100342, 43.42382144969548108, -11.39281912759561166 ) ) ;
#1281 = CARTESIAN_POINT ( 'NONE',  ( 56.67802792375776733, -11.22011175006109696, -119.8781736735583792 ) ) ;
#1282 = CARTESIAN_POINT ( 'NONE',  ( -56.66701631195681443, -11.24817354645733403, -119.8781736735578676 ) ) ;
#1283 = CARTESIAN_POINT ( 'NONE',  ( -45.75885022723549156, 26.84093896435698667, -90.82262204780826664 ) ) ;
#1284 = CARTESIAN_POINT ( 'NONE',  ( 13.03321985197905697, -20.30865460919705967, -630.0414814863831907 ) ) ;
#1285 = CARTESIAN_POINT ( 'NONE',  ( -1.605072752115004775, 9.216287762351035084, -734.9999999999992042 ) ) ;
#1286 = CARTESIAN_POINT ( 'NONE',  ( -54.61061868829060728, -16.56277779119230331, -119.8781736735588481 ) ) ;
#1287 = CARTESIAN_POINT ( 'NONE',  ( -25.35634286205144861, -36.18699155621772690, -33.67897120884698836 ) ) ;
#1288 = CARTESIAN_POINT ( 'NONE',  ( 12.76796971908475520, 4.642480247004498572, -690.0138044314140870 ) ) ;
#1289 = CARTESIAN_POINT ( 'NONE',  ( -25.08569786609339403, 22.12291980497978727, -600.0593740079223153 ) ) ;
#1290 = CARTESIAN_POINT ( 'NONE',  ( 22.24366956534177575, -48.75393464220954343, -119.8781736735582939 ) ) ;
#1291 = CARTESIAN_POINT ( 'NONE',  ( 21.84533438792407622, 76.21077329733580541, -269.8562572438004850 ) ) ;
#1292 = CARTESIAN_POINT ( 'NONE',  ( 37.43903527011364218, 23.23508829368592643, -510.0070289517070137 ) ) ;
#1293 = CARTESIAN_POINT ( 'NONE',  ( 1.869368190580615208, 5.799817930241653485, -735.0000000000005684 ) ) ;
#1294 = CARTESIAN_POINT ( 'NONE',  ( 53.04644476059334579, -14.65956523706336156, -90.82262204780663239 ) ) ;
#1295 = CARTESIAN_POINT ( 'NONE',  ( -31.47195349841345191, 6.721837718983155519, -570.0640010863015732 ) ) ;
#1296 = CARTESIAN_POINT ( 'NONE',  ( -42.25952402899482507, 30.60210172623844826, -450.0055018290947260 ) ) ;
#1297 = CARTESIAN_POINT ( 'NONE',  ( 1.245902945904737491, -3.624587469403556472, -735.0000000000014779 ) ) ;
#1298 = CARTESIAN_POINT ( 'NONE',  ( 57.91070112874070475, 21.22233740759588017, -299.9258731499766100 ) ) ;
#1299 = CARTESIAN_POINT ( 'NONE',  ( -58.63586292964408386, -10.97312460293700553, -179.7573051204385024 ) ) ;
#1300 = CARTESIAN_POINT ( 'NONE',  ( -9.358477820477196119, -10.44986156565908964, -690.0138044314139734 ) ) ;
#1301 = CARTESIAN_POINT ( 'NONE',  ( 50.23448793736422147, -2.888636641579458431, -420.0050310766845882 ) ) ;
#1302 = CARTESIAN_POINT ( 'NONE',  ( -23.64378591471952618, 26.98046901442506496, -600.0593740079245890 ) ) ;
#1303 = CARTESIAN_POINT ( 'NONE',  ( 22.09072727357491317, -49.84560494432567168, -330.0104949334794924 ) ) ;
#1304 = CARTESIAN_POINT ( 'NONE',  ( 6.861422299847313333, 56.68314697348434805, -539.9930887323615707 ) ) ;
#1305 = CARTESIAN_POINT ( 'NONE',  ( 0.1867727017246051946, 16.47444247201217493, -730.0780371991985476 ) ) ;
#1306 = CARTESIAN_POINT ( 'NONE',  ( -0.001033221549676067649, 93.68746745385496411, -179.7573051204385024 ) ) ;
#1307 = CARTESIAN_POINT ( 'NONE',  ( 57.33715823081409724, 17.04369981493692876, -119.8781736735590613 ) ) ;
#1308 = CARTESIAN_POINT ( 'NONE',  ( 29.65828670142989765, -5.625814044656683777, -570.0640010862998679 ) ) ;
#1309 = CARTESIAN_POINT ( 'NONE',  ( -48.01656237242735870, 45.19476348312917935, -299.9258731499751889 ) ) ;
#1310 = CARTESIAN_POINT ( 'NONE',  ( 55.61200485364167179, 22.71929470272857543, -119.8781736735580949 ) ) ;
#1311 = CARTESIAN_POINT ( 'NONE',  ( -12.07939009425830434, -1.846555318272509849, -690.0138044314147692 ) ) ;
#1312 = CARTESIAN_POINT ( 'NONE',  ( -22.59656573474867614, -12.52667679743965223, -600.0593740079234522 ) ) ;
#1313 = CARTESIAN_POINT ( 'NONE',  ( 12.67606803243250901, 2.292086501712102375, -690.0138044314155650 ) ) ;
#1314 = CARTESIAN_POINT ( 'NONE',  ( -15.00841319774960070, 34.85223943654112588, -630.0414814863800075 ) ) ;
#1315 = CARTESIAN_POINT ( 'NONE',  ( 5.995332956127363389, -54.66618476336880406, -149.2020492516145680 ) ) ;
#1316 = CARTESIAN_POINT ( 'NONE',  ( 9.863358973926617423, 66.49515678809207486, -420.0050310766835082 ) ) ;
#1317 = CARTESIAN_POINT ( 'NONE',  ( 54.60162687160798356, 26.81003821696540612, -330.0104949334761955 ) ) ;
#1318 = CARTESIAN_POINT ( 'NONE',  ( 0.01067516264496786230, 57.65130204540795944, -539.9930887323606612 ) ) ;
#1319 = CARTESIAN_POINT ( 'NONE',  ( 57.30328433360740803, -12.70209645555274491, -149.2020492516146533 ) ) ;
#1320 = CARTESIAN_POINT ( 'NONE',  ( 40.84620020487025727, 39.90545124131577381, -420.0050310766804387 ) ) ;
#1321 = CARTESIAN_POINT ( 'NONE',  ( -16.21507073919685027, 47.95691424751264975, -570.0640010862994131 ) ) ;
#1322 = CARTESIAN_POINT ( 'NONE',  ( 7.276003167956633710, -32.93360427721709982, -570.0640010863007774 ) ) ;
#1323 = CARTESIAN_POINT ( 'NONE',  ( 59.93472426512117579, 28.55802444170571164, -240.2019763499490352 ) ) ;
#1324 = CARTESIAN_POINT ( 'NONE',  ( -52.98740123269718083, -3.324483924275339675, -390.0054354190809249 ) ) ;
#1325 = CARTESIAN_POINT ( 'NONE',  ( -19.14352100101571352, -20.44384992225797149, 6.809709295715874688 ) ) ;
#1326 = CARTESIAN_POINT ( 'NONE',  ( 50.98883698247248475, -19.18397012251745437, -90.82262204780661818 ) ) ;
#1327 = CARTESIAN_POINT ( 'NONE',  ( -32.79121035600248746, 29.85657279665625197, -11.39281912759555127 ) ) ;
#1328 = CARTESIAN_POINT ( 'NONE',  ( 4.276794888228005576, -43.40469413278547961, -480.0045523954835858 ) ) ;
#1329 = CARTESIAN_POINT ( 'NONE',  ( 50.45096237533807937, 19.56492191649716617, -90.82262204780673187 ) ) ;
#1330 = CARTESIAN_POINT ( 'NONE',  ( 0.000000000000000000, 0.000000000000000000, 0.000000000000000000 ) ) ;
#1331 = CARTESIAN_POINT ( 'NONE',  ( 10.88008270549904033, 39.71236200893847723, -60.20661486047674060 ) ) ;
#1332 = CARTESIAN_POINT ( 'NONE',  ( -50.85549803139564062, 7.981716521598095859, -420.0050310766844177 ) ) ;
#1333 = CARTESIAN_POINT ( 'NONE',  ( 0.2478725439984802714, 14.08702634528906117, -735.0000000000005684 ) ) ;
#1334 = CARTESIAN_POINT ( 'NONE',  ( 51.72679223459856246, -8.814774625769459249, -390.0054354190801291 ) ) ;
#1335 = CARTESIAN_POINT ( 'NONE',  ( -18.55872536518587523, 48.96861116882029563, -539.9930887323633897 ) ) ;
#1336 = CARTESIAN_POINT ( 'NONE',  ( 1.107575870809583529, -8.759241749471698313, -730.0780371992004802 ) ) ;
#1337 = CARTESIAN_POINT ( 'NONE',  ( 30.24434376759070986, 19.37954899872531200, -570.0640010862998679 ) ) ;
#1338 = CARTESIAN_POINT ( 'NONE',  ( 0.000000000000000000, 0.000000000000000000, 0.000000000000000000 ) ) ;
#1339 = CARTESIAN_POINT ( 'NONE',  ( -38.55009981586038492, -35.49221470417090529, -90.82262204780710135 ) ) ;
#1340 = CARTESIAN_POINT ( 'NONE',  ( 19.27895474771545281, 65.12033422180972764, -390.0054354190783670 ) ) ;
#1341 = CARTESIAN_POINT ( 'NONE',  ( 21.84533438792407622, 76.21077329733580541, -269.8562572438004850 ) ) ;
#1342 = CARTESIAN_POINT ( 'NONE',  ( 60.80638466994142988, -4.618304320896302606, -210.0478857760849962 ) ) ;
#1343 = CARTESIAN_POINT ( 'NONE',  ( -14.28341944429064370, 25.14108711263341434, -660.1147140781901044 ) ) ;
#1344 = CARTESIAN_POINT ( 'NONE',  ( 10.74130377035863404, -44.96247675463181537, -450.0055018290956355 ) ) ;
#1345 = CARTESIAN_POINT ( 'NONE',  ( 5.478104138411168944E-05, 72.61136436984624254, -360.0028709458019875 ) ) ;
#1346 = CARTESIAN_POINT ( 'NONE',  ( 4.238200742033827240, 75.15162164889474639, -330.0104949334757407 ) ) ;
#1347 = CARTESIAN_POINT ( 'NONE',  ( 0.1382641333787865134, 10.22223089074220681, 0.000000000000000000 ) ) ;
#1348 = CARTESIAN_POINT ( 'NONE',  ( 5.478104138411168944E-05, 72.61136436984624254, -360.0028709458019875 ) ) ;
#1349 = CARTESIAN_POINT ( 'NONE',  ( 39.19874203320838291, -15.49633283422122076, -480.0045523954838131 ) ) ;
#1350 = CARTESIAN_POINT ( 'NONE',  ( -23.01667578983612117, 52.89439961473544827, -480.0045523954847795 ) ) ;
#1351 = CARTESIAN_POINT ( 'NONE',  ( 12.26002088058430139, 11.60839966412581781, -690.0138044314147692 ) ) ;
#1352 = CARTESIAN_POINT ( 'NONE',  ( -60.60500382672841369, -4.395327923344344967, -179.7573051204384171 ) ) ;
#1353 = CARTESIAN_POINT ( 'NONE',  ( -36.10093485379603351, -31.66357894901684844, -420.0050310766857251 ) ) ;
#1354 = CARTESIAN_POINT ( 'NONE',  ( 7.961117028457691092, 42.95443127413204110, -630.0414814863827360 ) ) ;
#1355 = CARTESIAN_POINT ( 'NONE',  ( 57.56524785905581609, -9.765698502224486433, -299.9258731499765531 ) ) ;
#1356 = CARTESIAN_POINT ( 'NONE',  ( -46.70520224807724929, 44.15796873596600847, -330.0104949334765365 ) ) ;
#1357 = CARTESIAN_POINT ( 'NONE',  ( 8.167870763626437380, -36.23721352433563681, -539.9930887323595243 ) ) ;
#1358 = EDGE_CURVE ( 'NONE', #1188, #2069, #303, .T. ) ;
#1359 = CARTESIAN_POINT ( 'NONE',  ( 2.584833689466209172, 57.57423080645722280, -539.9930887323610023 ) ) ;
#1360 = CARTESIAN_POINT ( 'NONE',  ( -2.861244941692632493E-05, 51.43992648695463998, -600.0593740079231111 ) ) ;
#1361 = CARTESIAN_POINT ( 'NONE',  ( 0.7403554593008297990, 85.60557601982443998, -149.2020492516148238 ) ) ;
#1362 = CARTESIAN_POINT ( 'NONE',  ( 20.57811075965844694, -6.639232280834363564, -630.0414814863810307 ) ) ;
#1363 = CARTESIAN_POINT ( 'NONE',  ( -39.24628746827309556, 54.37769577967915069, -330.0104949334748312 ) ) ;
#1364 = CARTESIAN_POINT ( 'NONE',  ( 28.47805960223914923, 35.39179898790114720, -539.9930887323616844 ) ) ;
#1365 = CARTESIAN_POINT ( 'NONE',  ( 39.99898063752927158, 9.075256558851993560, -510.0070289517060473 ) ) ;
#1366 = CARTESIAN_POINT ( 'NONE',  ( -17.68151751394638538, -0.2429770965366454816, -660.1147140781894223 ) ) ;
#1367 = CARTESIAN_POINT ( 'NONE',  ( -54.26725456517782220, -20.71783833831018384, -269.8562572437987228 ) ) ;
#1368 = CARTESIAN_POINT ( 'NONE',  ( 10.38332789887421725, 24.09784263115375325, 6.809709295715920874 ) ) ;
#1369 = CARTESIAN_POINT ( 'NONE',  ( 54.62487903778543341, -16.53550637583058247, -119.8781736735584502 ) ) ;
#1370 = CARTESIAN_POINT ( 'NONE',  ( -56.07680536719395548, 8.112472511835386868, -360.0028709458027834 ) ) ;
#1371 = CARTESIAN_POINT ( 'NONE',  ( -41.70497151180208562, 69.96002577901752773, -210.0478857760849110 ) ) ;
#1372 = CARTESIAN_POINT ( 'NONE',  ( -31.06388516422636670, -42.36494002588232632, -360.0028709458033518 ) ) ;
#1373 = CARTESIAN_POINT ( 'NONE',  ( 12.04796802020183577, -49.62014777467275195, -390.0054354190795038 ) ) ;
#1374 = CARTESIAN_POINT ( 'NONE',  ( 58.13507758871014630, 37.59063694267637601, -179.7573051204386445 ) ) ;
#1375 = CARTESIAN_POINT ( 'NONE',  ( 0.04288316813142991485, 31.21489703027831908, -690.0138044314147692 ) ) ;
#1376 = CARTESIAN_POINT ( 'NONE',  ( 47.56865324052202482, -19.27384902793152222, -390.0054354190814365 ) ) ;
#1377 = CARTESIAN_POINT ( 'NONE',  ( -25.57349855868715238, 35.53068687269598769, -11.39281912759564364 ) ) ;
#1378 = CARTESIAN_POINT ( 'NONE',  ( 54.08760797353756544, 38.58068776508265074, -269.8562572437985523 ) ) ;
#1379 = CARTESIAN_POINT ( 'NONE',  ( 57.51409364219858844, 14.64143613522098519, -330.0104949334755702 ) ) ;
#1380 = CARTESIAN_POINT ( 'NONE',  ( -39.63226676299380813, -0.4551398690275091363, -510.0070289517097990 ) ) ;
#1381 = CARTESIAN_POINT ( 'NONE',  ( -52.93375380257626972, -21.23321740000638869, -299.9258731499763826 ) ) ;
#1382 = CARTESIAN_POINT ( 'NONE',  ( 11.07002906704945033, 52.45572086363483777, -570.0640010863002090 ) ) ;
#1383 = CARTESIAN_POINT ( 'NONE',  ( 58.63679422755795656, -10.97134381365868983, -179.7573051204389287 ) ) ;
#1384 = CARTESIAN_POINT ( 'NONE',  ( -17.80307671282440651, 11.43389072416726293, -660.1147140781931739 ) ) ;
#1385 = CARTESIAN_POINT ( 'NONE',  ( -12.67316568490162076, 53.78228835908105054, -539.9930887323611159 ) ) ;
#1386 = CARTESIAN_POINT ( 'NONE',  ( -12.21606244589350787, -56.35990163659974428, -240.2019763499497458 ) ) ;
#1387 = CARTESIAN_POINT ( 'NONE',  ( 60.30484225497588824, 30.71228200480047477, -210.0478857760838309 ) ) ;
#1388 = CARTESIAN_POINT ( 'NONE',  ( -27.81678564068151260, 1.521331993305852670, 6.809709295715925315 ) ) ;
#1389 = CARTESIAN_POINT ( 'NONE',  ( 40.05630884472083864, 48.64733360840362764, -119.8781736735581944 ) ) ;
#1390 = CARTESIAN_POINT ( 'NONE',  ( -0.01131324752488053510, 39.13002793633339138, -660.1147140781920371 ) ) ;
#1391 = CARTESIAN_POINT ( 'NONE',  ( 9.946526914426819133, -42.26573526113840984, -480.0045523954845521 ) ) ;
#1392 = CARTESIAN_POINT ( 'NONE',  ( -3.435753132681430344, 38.52033576328450692, -660.1147140781923781 ) ) ;
#1393 = CARTESIAN_POINT ( 'NONE',  ( 10.65691173368201561, -7.533108716755912759, -690.0138044314148829 ) ) ;
#1394 = CARTESIAN_POINT ( 'NONE',  ( -2.207972747147362025, 10.01485400890497779, 0.000000000000000000 ) ) ;
#1395 = CARTESIAN_POINT ( 'NONE',  ( 53.93215802874161824, -2.612323405052901837, -60.20661486047701061 ) ) ;
#1396 = CARTESIAN_POINT ( 'NONE',  ( -48.50836586465483435, -23.46264441884811802, -90.82262204780670345 ) ) ;
#1397 = CARTESIAN_POINT ( 'NONE',  ( 22.13310736265053080, -16.86604242153412869, 6.809709295715936861 ) ) ;
#1398 = CARTESIAN_POINT ( 'NONE',  ( -18.05512611171475257, 8.515794825770724330, -660.1147140781934013 ) ) ;
#1399 = CARTESIAN_POINT ( 'NONE',  ( -32.40583213298221921, 80.10325812932499900, -210.0478857760843141 ) ) ;
#1400 = CARTESIAN_POINT ( 'NONE',  ( -25.40183164793310056, -37.43165810084988721, -11.39281912759569870 ) ) ;
#1401 = CARTESIAN_POINT ( 'NONE',  ( 1.227355066401284223, -19.17076003310010890, -690.0138044314164745 ) ) ;
#1402 = CARTESIAN_POINT ( 'NONE',  ( 58.49368071400098756, 11.31120893847326236, -119.8781736735577113 ) ) ;
#1403 = CARTESIAN_POINT ( 'NONE',  ( -22.32995503745482324, 13.41906932860885426, -630.0414814863800075 ) ) ;
#1404 = CARTESIAN_POINT ( 'NONE',  ( 30.15013207303438847, 41.03450327157000999, -90.82262204780664661 ) ) ;
#1405 = CARTESIAN_POINT ( 'NONE',  ( 0.5431937392958818833, 62.76110104362084030, -480.0045523954842679 ) ) ;
#1406 = CARTESIAN_POINT ( 'NONE',  ( 17.07180556635731605, 60.60348490879901817, -450.0055018290929070 ) ) ;
#1407 = CARTESIAN_POINT ( 'NONE',  ( 0.4397287172135516120, 57.65106518371358391, -539.9930887323606612 ) ) ;
#1408 = CARTESIAN_POINT ( 'NONE',  ( -59.04197663650334960, 5.539983851832356976, -119.8781736735587060 ) ) ;
#1409 = CARTESIAN_POINT ( 'NONE',  ( 18.18964492338652761, -42.10394001818588094, -450.0055018290920543 ) ) ;
#1410 =( GEOMETRIC_REPRESENTATION_CONTEXT ( 3 ) GLOBAL_UNCERTAINTY_ASSIGNED_CONTEXT ( ( #1059 ) ) GLOBAL_UNIT_ASSIGNED_CONTEXT ( ( #1836, #1867, #675 ) ) REPRESENTATION_CONTEXT ( 'NONE', 'WORKASPACE' ) );
#1411 = CARTESIAN_POINT ( 'NONE',  ( -0.6397643312294354345, 50.19481345359312030, -90.82262204780668924 ) ) ;
#1412 = CARTESIAN_POINT ( 'NONE',  ( 51.32264998450284565, -26.70038774139509741, -240.2019763499492058 ) ) ;
#1413 = CARTESIAN_POINT ( 'NONE',  ( -19.27934532192291428, 65.12008797793959047, -390.0054354190818913 ) ) ;
#1414 = CARTESIAN_POINT ( 'NONE',  ( 3.191810375968375357, 3.999118710333628091, -730.0780371991987749 ) ) ;
#1415 = CARTESIAN_POINT ( 'NONE',  ( -1.894833890954279454, 3.045720058527009666, -734.9999999999994316 ) ) ;
#1416 = ORIENTED_EDGE ( 'NONE', *, *, #496, .T. ) ;
#1417 = CARTESIAN_POINT ( 'NONE',  ( 51.49882921447766648, -20.69150098774702684, -330.0104949334786397 ) ) ;
#1418 = CARTESIAN_POINT ( 'NONE',  ( -61.01864069340550856, 10.50726035844362727, -269.8562572438013376 ) ) ;
#1419 = CARTESIAN_POINT ( 'NONE',  ( -18.25243424592715868, 62.84365027584246377, -420.0050310766805524 ) ) ;
#1420 = CARTESIAN_POINT ( 'NONE',  ( -22.84127180024631798, -20.22043013709968662, -570.0640010862996405 ) ) ;
#1421 = CARTESIAN_POINT ( 'NONE',  ( -1.805872684436783837, -53.33663477831271393, -360.0028709457996570 ) ) ;
#1422 = CARTESIAN_POINT ( 'NONE',  ( 53.66502154549562675, 7.983193909304962865, -390.0054354190795607 ) ) ;
#1423 = CARTESIAN_POINT ( 'NONE',  ( -27.38100822406223855, 4.088488078143984517, 6.809709295715919986 ) ) ;
#1424 = CARTESIAN_POINT ( 'NONE',  ( 31.85803959148353925, 72.28430524707711413, -149.2020492516138859 ) ) ;
#1425 = CARTESIAN_POINT ( 'NONE',  ( 0.5747741033335124206, 65.24783201277749356, -450.0055018290947260 ) ) ;
#1426 = CARTESIAN_POINT ( 'NONE',  ( -62.14112825084342262, 7.585333947939987276, -240.2019763499495468 ) ) ;
#1427 = CARTESIAN_POINT ( 'NONE',  ( 14.18207030692786041, -55.61125518057888684, -240.2019763499498310 ) ) ;
#1428 = CARTESIAN_POINT ( 'NONE',  ( -2.109845692794189098, 26.21729774964608595, 6.809709295715921762 ) ) ;
#1429 = CARTESIAN_POINT ( 'NONE',  ( 32.20229994560587983, -43.67650557468551398, -330.0104949334719890 ) ) ;
#1430 = CARTESIAN_POINT ( 'NONE',  ( -20.87758302230299279, 69.81227968180888865, -330.0104949334748312 ) ) ;
#1431 = CARTESIAN_POINT ( 'NONE',  ( 53.66502154549562675, 7.983193909304962865, -390.0054354190795607 ) ) ;
#1432 = CARTESIAN_POINT ( 'NONE',  ( -11.56577273790784943, -4.106892827008735480, -690.0138044314145418 ) ) ;
#1433 = B_SPLINE_CURVE_WITH_KNOTS ( 'NONE', 3,
 ( #975, #1927, #2671, #1685, #1005, #1943, #2623, #512, #556, #2394, #330, #2426, #1449, #2869, #1669, #2643, #1019, #91, #1733, #2129, #1249, #27, #2412, #302, #1958 ),
 .UNSPECIFIED., .F., .F.,
 ( 4, 1, 1, 1, 1, 1, 1, 1, 1, 1, 1, 1, 1, 1, 1, 1, 1, 1, 1, 1, 1, 1, 4 ),
 ( 0.000000000000000000, 0.006249999999999991673, 0.03125000000000006939, 0.06250000000000013878, 0.09375000000000020817, 0.1250000000000002776, 0.1562500000000003331, 0.1875000000000004163, 0.2031250000000004441, 0.2187500000000004996, 0.2343750000000005274, 0.2500000000000005551, 0.2656250000000006106, 0.2812500000000006106, 0.2968750000000006661, 0.3125000000000006661, 0.3281250000000007216, 0.3437500000000007772, 0.3750000000000008327, 0.4062500000000008882, 0.4375000000000009992, 0.4687500000000010547, 0.5000000000000011102 ),
 .UNSPECIFIED. ) ;
#1434 = CARTESIAN_POINT ( 'NONE',  ( 32.99852976142290117, -19.19496684885312021, -510.0070289517100264 ) ) ;
#1435 = CARTESIAN_POINT ( 'NONE',  ( -26.93834091733809544, 10.74615951248045320, -600.0593740079248164 ) ) ;
#1436 = CARTESIAN_POINT ( 'NONE',  ( -22.05504880941911239, 87.37845890991063413, -179.7573051204390424 ) ) ;
#1437 = CARTESIAN_POINT ( 'NONE',  ( -42.33733838543210481, -36.54132914501996510, -299.9258731499777468 ) ) ;
#1438 = CARTESIAN_POINT ( 'NONE',  ( -10.49681664767173572, -50.37259731999060364, -90.82262204780671766 ) ) ;
#1439 = CARTESIAN_POINT ( 'NONE',  ( 47.47047589949178814, -1.580009255856753780, -33.67897120884712336 ) ) ;
#1440 = CARTESIAN_POINT ( 'NONE',  ( -53.11659055720295441, 13.70687271720758993, -390.0054354190802428 ) ) ;
#1441 = CARTESIAN_POINT ( 'NONE',  ( 20.82538906185523686, 51.07610436692999656, -510.0070289517047968 ) ) ;
#1442 = CARTESIAN_POINT ( 'NONE',  ( 2.243942218194895144, 55.99690160391448046, -570.0640010862998679 ) ) ;
#1443 = CARTESIAN_POINT ( 'NONE',  ( -1.441107510603869102, -43.79846097270285554, -480.0045523954833016 ) ) ;
#1444 = CARTESIAN_POINT ( 'NONE',  ( -0.8643379006957291333, 31.19769242083820160, -690.0138044314147692 ) ) ;
#1445 = CARTESIAN_POINT ( 'NONE',  ( 10.20664008901617770, -26.91715615663708050, 6.809709295715911104 ) ) ;
#1446 = CARTESIAN_POINT ( 'NONE',  ( -11.54402537157839603, 67.06281437304438953, -119.8781736735577965 ) ) ;
#1447 = CARTESIAN_POINT ( 'NONE',  ( 12.76796971908475520, 4.642480247004498572, -690.0138044314140870 ) ) ;
#1448 = CARTESIAN_POINT ( 'NONE',  ( -46.24449139074947368, -9.056337910382112000, -11.39281912759562054 ) ) ;
#1449 = CARTESIAN_POINT ( 'NONE',  ( -1.824274285896439141, 6.729421389311613488, -735.0000000000010232 ) ) ;
#1450 = CARTESIAN_POINT ( 'NONE',  ( 45.76475984613280446, -26.87238700801979974, -360.0028709458036928 ) ) ;
#1451 = CARTESIAN_POINT ( 'NONE',  ( -2.874402877236752918, 9.009878688019316684, -730.0780371991975244 ) ) ;
#1452 = CARTESIAN_POINT ( 'NONE',  ( -9.473337619331424264, 42.54990650096395655, -11.39281912759559745 ) ) ;
#1453 = CARTESIAN_POINT ( 'NONE',  ( -37.62710164288085934, -25.29504610790295516, -33.67897120884710915 ) ) ;
#1454 = CARTESIAN_POINT ( 'NONE',  ( -8.813740997380614672, -43.21908741141036359, -33.67897120884717310 ) ) ;
#1455 = CARTESIAN_POINT ( 'NONE',  ( 0.000000000000000000, 0.000000000000000000, 0.000000000000000000 ) ) ;
#1456 = CARTESIAN_POINT ( 'NONE',  ( -30.24585461244828011, 19.37430134024428696, -570.0640010863007774 ) ) ;
#1457 = CARTESIAN_POINT ( 'NONE',  ( 32.99204877918694478, 26.74347024245565763, -33.67897120884749285 ) ) ;
#1458 = CARTESIAN_POINT ( 'NONE',  ( 10.88008270549904033, 39.71236200893847723, -60.20661486047674060 ) ) ;
#1459 = CARTESIAN_POINT ( 'NONE',  ( 4.627382027558872402, -46.15478872921099196, -450.0055018290949533 ) ) ;
#1460 = CARTESIAN_POINT ( 'NONE',  ( -0.09986244123135681883, 14.22390165620102920, -735.0000000000006821 ) ) ;
#1461 = CARTESIAN_POINT ( 'NONE',  ( 0.000000000000000000, 0.000000000000000000, 0.000000000000000000 ) ) ;
#1462 = CARTESIAN_POINT ( 'NONE',  ( -2.109845692794189098, 26.21729774964608595, 6.809709295715921762 ) ) ;
#1463 = CARTESIAN_POINT ( 'NONE',  ( 0.000000000000000000, 0.000000000000000000, 0.000000000000000000 ) ) ;
#1464 = CARTESIAN_POINT ( 'NONE',  ( 50.83904733317065450, 2.507446626393087907, -420.0050310766836219 ) ) ;
#1465 = CARTESIAN_POINT ( 'NONE',  ( -62.07950426002282285, 2.246786453301687914, -210.0478857760843141 ) ) ;
#1466 = CARTESIAN_POINT ( 'NONE',  ( 8.740906438492110908, -6.338114024026960003, 0.000000000000000000 ) ) ;
#1467 = CARTESIAN_POINT ( 'NONE',  ( -41.27279243402468012, 23.42524695999826889, -480.0045523954842679 ) ) ;
#1468 = CARTESIAN_POINT ( 'NONE',  ( -32.58968188638543495, -31.64157620824279604, -11.39281912759552817 ) ) ;
#1469 = CARTESIAN_POINT ( 'NONE',  ( -17.35495603103210982, -40.45186266906853234, -33.67897120884728679 ) ) ;
#1470 = CARTESIAN_POINT ( 'NONE',  ( 62.25722984357859247, 16.41153285555920149, -179.7573051204395256 ) ) ;
#1471 = CARTESIAN_POINT ( 'NONE',  ( -17.38136990602433229, 14.31629598099278411, -660.1147140781916960 ) ) ;
#1472 = CARTESIAN_POINT ( 'NONE',  ( 11.28095465819147947, 73.90026803656594723, -330.0104949334755133 ) ) ;
#1473 = CARTESIAN_POINT ( 'NONE',  ( -9.951697849675831264, -48.37609548884356769, -60.20661486047686140 ) ) ;
#1474 = CARTESIAN_POINT ( 'NONE',  ( -2.861244941692632493E-05, 51.43992648695463998, -600.0593740079231111 ) ) ;
#1475 = CARTESIAN_POINT ( 'NONE',  ( -3.184100598382627823, 62.67652843708401633, -480.0045523954844384 ) ) ;
#1476 = CARTESIAN_POINT ( 'NONE',  ( 1.156903811115413072, 11.92559481576062552, -735.0000000000007958 ) ) ;
#1477 = CARTESIAN_POINT ( 'NONE',  ( 47.09735855999021226, -2.256673943821276396, -450.0055018290922249 ) ) ;
#1478 = CARTESIAN_POINT ( 'NONE',  ( -26.34728287036572425, -0.6892348842440285672, -600.0593740079226563 ) ) ;
#1479 = CARTESIAN_POINT ( 'NONE',  ( -46.70520224807724929, 44.15796873596600847, -330.0104949334765365 ) ) ;
#1480 = CARTESIAN_POINT ( 'NONE',  ( 39.73645518307976943, -34.58866058031237856, -360.0028709458001117 ) ) ;
#1481 = CARTESIAN_POINT ( 'NONE',  ( -57.24639341831613137, 30.11299265774013278, -269.8562572438003144 ) ) ;
#1482 = CARTESIAN_POINT ( 'NONE',  ( -25.75502628019911100, -23.06440047582639252, -539.9930887323602064 ) ) ;
#1483 = CARTESIAN_POINT ( 'NONE',  ( 28.47805960223914923, 35.39179898790114720, -539.9930887323616844 ) ) ;
#1484 = CARTESIAN_POINT ( 'NONE',  ( -19.36586237446592307, -44.44439058515359875, -420.0050310766861230 ) ) ;
#1485 = CARTESIAN_POINT ( 'NONE',  ( 47.64005311237235674, 39.02305177543774306, -119.8781736735588055 ) ) ;
#1486 = CARTESIAN_POINT ( 'NONE',  ( 9.278511140707614402, 33.75685149839182486, -660.1147140781948792 ) ) ;
#1487 = CARTESIAN_POINT ( 'NONE',  ( 53.50454056233939326, -6.845401631115450414, -60.20661486047652033 ) ) ;
#1488 = CARTESIAN_POINT ( 'NONE',  ( -43.00750426311826402, 14.79668926935527473, -33.67897120884745732 ) ) ;
#1489 = CARTESIAN_POINT ( 'NONE',  ( 2.280804861958541707, -26.94431025331281049, -630.0414814863828497 ) ) ;
#1490 = CARTESIAN_POINT ( 'NONE',  ( -0.5805174608062143582, 65.24770312396584870, -450.0055018290947260 ) ) ;
#1491 = CARTESIAN_POINT ( 'NONE',  ( -0.0002102140737384990479, -29.19355288461172648, 6.809709295715945743 ) ) ;
#1492 = CARTESIAN_POINT ( 'NONE',  ( 58.94574483325828851, -0.1310712315814226425, -119.8781736735575691 ) ) ;
#1493 = CARTESIAN_POINT ( 'NONE',  ( -3.176029348384228790, 3.319290966939827392, -730.0780371991983202 ) ) ;
#1494 = CARTESIAN_POINT ( 'NONE',  ( 6.776263578034402713E-16, 10.22223087781420858, 0.000000000000000000 ) ) ;
#1495 = CARTESIAN_POINT ( 'NONE',  ( -51.61527535745005935, 34.71255457793822075, -330.0104949334742628 ) ) ;
#1496 = CARTESIAN_POINT ( 'NONE',  ( 31.40103542931150216, -27.80808517281575476, -480.0045523954870532 ) ) ;
#1497 = CARTESIAN_POINT ( 'NONE',  ( -11.81761987083856980, 14.28684983090911587, -690.0138044314146555 ) ) ;
#1498 = CARTESIAN_POINT ( 'NONE',  ( -41.04438507874925079, -21.00428183247481684, -11.39281912759562410 ) ) ;
#1499 = CARTESIAN_POINT ( 'NONE',  ( -22.40281983963863865, -31.87660166531219730, -510.0070289517081505 ) ) ;
#1500 = CARTESIAN_POINT ( 'NONE',  ( 29.47405233190590224, 60.83753481602266788, -360.0028709458008507 ) ) ;
#1501 = CARTESIAN_POINT ( 'NONE',  ( 60.62796798917586472, -0.2146598021928765310, -149.2020492516141417 ) ) ;
#1502 = CARTESIAN_POINT ( 'NONE',  ( -25.31713315727794011, 9.879236231590283523, 6.809709295715892452 ) ) ;
#1503 = CARTESIAN_POINT ( 'NONE',  ( 44.58462116406912656, 21.05561347604361799, -60.20661486047688271 ) ) ;
#1504 = CARTESIAN_POINT ( 'NONE',  ( 21.31743496773645674, 63.20870274307758763, -119.8781736735587344 ) ) ;
#1505 = CARTESIAN_POINT ( 'NONE',  ( -7.793780292811943511, -39.87432123494011194, -510.0070289517087758 ) ) ;
#1506 = CARTESIAN_POINT ( 'NONE',  ( -7.457917440079411819E-05, 90.81360542393252899, -240.2019763499494047 ) ) ;
#1507 = CARTESIAN_POINT ( 'NONE',  ( 0.0002153979296389170461, 26.25937108970689948, 6.809709295715923538 ) ) ;
#1508 = CARTESIAN_POINT ( 'NONE',  ( 0.2478725439984802714, 14.08702634528906117, -735.0000000000005684 ) ) ;
#1509 = CARTESIAN_POINT ( 'NONE',  ( 18.12454890962007781, 5.713069532566184883, -660.1147140781936287 ) ) ;
#1510 = CARTESIAN_POINT ( 'NONE',  ( -47.12717165156011845, -5.479508864749950803, -33.67897120884727968 ) ) ;
#1511 = CARTESIAN_POINT ( 'NONE',  ( -23.64378591471952618, 26.98046901442506496, -600.0593740079245890 ) ) ;
#1512 = CARTESIAN_POINT ( 'NONE',  ( 4.002104206366124295, -13.64492102391828610, -716.0790747558210114 ) ) ;
#1513 = CARTESIAN_POINT ( 'NONE',  ( -46.52045448917412074, 6.151229026338186578, -33.67897120884725837 ) ) ;
#1514 = CARTESIAN_POINT ( 'NONE',  ( -43.20005696208770019, -17.13714431459150944, -11.39281912759560988 ) ) ;
#1515 = CARTESIAN_POINT ( 'NONE',  ( -8.973150179175739538, -24.03850732548381686, -630.0414814863796664 ) ) ;
#1516 = CARTESIAN_POINT ( 'NONE',  ( 20.82538906185523686, 51.07610436692999656, -510.0070289517047968 ) ) ;
#1517 = CARTESIAN_POINT ( 'NONE',  ( 46.27588024848797232, -9.375081481928528859, -33.67897120884708073 ) ) ;
#1518 = CARTESIAN_POINT ( 'NONE',  ( -41.27279243402468012, 23.42524695999826889, -480.0045523954842679 ) ) ;
#1519 = CARTESIAN_POINT ( 'NONE',  ( 19.64548827321764790, -45.28991167080400260, -60.20661486047672639 ) ) ;
#1520 = CARTESIAN_POINT ( 'NONE',  ( 49.52636194590652963, 57.67053523980386842, -179.7573051204402930 ) ) ;
#1521 = CARTESIAN_POINT ( 'NONE',  ( 11.85595510405928898, 13.84987979460793817, -690.0138044314154513 ) ) ;
#1522 = CARTESIAN_POINT ( 'NONE',  ( 0.3771815456920605825, 13.96685712116550349, -735.0000000000004547 ) ) ;
#1523 = CARTESIAN_POINT ( 'NONE',  ( 17.68568245057950250, -0.1087041464445246824, -660.1147140781949929 ) ) ;
#1524 = CARTESIAN_POINT ( 'NONE',  ( -40.04051263412330286, 4.229686743426326778, -510.0070289517095716 ) ) ;
#1525 = CARTESIAN_POINT ( 'NONE',  ( 38.99706240472155372, 29.83567735921381825, -480.0045523954862006 ) ) ;
#1526 = CARTESIAN_POINT ( 'NONE',  ( -54.08758988763909059, 38.58071361621088613, -269.8562572437980975 ) ) ;
#1527 = CARTESIAN_POINT ( 'NONE',  ( 28.70538884660622614, -40.55559627730313110, -60.20661486047717403 ) ) ;
#1528 = CARTESIAN_POINT ( 'NONE',  ( 25.08557868432703231, 22.12914842425138673, -600.0593740079222016 ) ) ;
#1529 = APPLICATION_CONTEXT ( 'automotive_design' ) ;
#1530 = CARTESIAN_POINT ( 'NONE',  ( -37.43675524370424768, -9.508148958772963510, -510.0070289517107085 ) ) ;
#1531 = CARTESIAN_POINT ( 'NONE',  ( -1.187941229049492398, -18.20063183356796799, -716.0790747558232852 ) ) ;
#1532 = CARTESIAN_POINT ( 'NONE',  ( 61.86805474143614703, 2.398607397870008207, -179.7573051204392414 ) ) ;
#1533 = CARTESIAN_POINT ( 'NONE',  ( -25.94657497216452668, 18.38568460631009671, -600.0593740079211784 ) ) ;
#1534 = CARTESIAN_POINT ( 'NONE',  ( 39.73645518307976943, -34.58866058031237856, -360.0028709458001117 ) ) ;
#1535 = CARTESIAN_POINT ( 'NONE',  ( 8.467222080486674685, 23.82328220711521638, -690.0138044314176113 ) ) ;
#1536 = CARTESIAN_POINT ( 'NONE',  ( 6.861422299847313333, 56.68314697348434805, -539.9930887323615707 ) ) ;
#1537 = CARTESIAN_POINT ( 'NONE',  ( 21.07536260000112804, 20.04173497669250636, -630.0414814863821675 ) ) ;
#1538 = CARTESIAN_POINT ( 'NONE',  ( 0.8975596302707369301, -5.129717454786619335, -734.9999999999987494 ) ) ;
#1539 = CARTESIAN_POINT ( 'NONE',  ( 56.90768436576097145, -14.85210441126977976, -269.8562572438012239 ) ) ;
#1540 = CARTESIAN_POINT ( 'NONE',  ( -23.01878246162472408, 13.75170892330193517, 6.809709295715953736 ) ) ;
#1541 = CARTESIAN_POINT ( 'NONE',  ( 13.26153222921132802, -13.43279008576679345, -660.1147140781906728 ) ) ;
#1542 = CARTESIAN_POINT ( 'NONE',  ( 42.61386221309314237, 18.46561835360848391, -480.0045523954845521 ) ) ;
#1543 = CARTESIAN_POINT ( 'NONE',  ( -28.35565659748307255, -9.525851489251097703, -570.0640010863000953 ) ) ;
#1544 = CARTESIAN_POINT ( 'NONE',  ( -37.66770285544684072, -25.94704707602872062, -11.39281912759562765 ) ) ;
#1545 = CARTESIAN_POINT ( 'NONE',  ( 55.35757897034124397, -3.602611451386429131, -360.0028709458030676 ) ) ;
#1546 = CARTESIAN_POINT ( 'NONE',  ( -6.136406942121361396, 10.85775710450996101, -716.0790747558235125 ) ) ;
#1547 = CARTESIAN_POINT ( 'NONE',  ( 4.998355610344587419, -48.93391067705787378, -60.20661486047676902 ) ) ;
#1548 = CARTESIAN_POINT ( 'NONE',  ( 17.63765539577376273, 35.95344059842368978, -33.67897120884718731 ) ) ;
#1549 = CARTESIAN_POINT ( 'NONE',  ( 11.59814061153411302, 75.67341673239627653, -299.9258731499770079 ) ) ;
#1550 = CARTESIAN_POINT ( 'NONE',  ( -22.70485452068224674, -51.08224728994604646, -299.9258731499772352 ) ) ;
#1551 = CARTESIAN_POINT ( 'NONE',  ( 19.85964567766991351, 24.32214331675570307, -630.0414814863830770 ) ) ;
#1552 = CARTESIAN_POINT ( 'NONE',  ( 0.4422299935934748683, 60.35754875020015220, -510.0070289517102538 ) ) ;
#1553 = CARTESIAN_POINT ( 'NONE',  ( 41.09795794952151482, -10.98150387143225792, -480.0045523954851774 ) ) ;
#1554 = CARTESIAN_POINT ( 'NONE',  ( -17.88003749902167527, 38.93402608641982710, -600.0593740079248164 ) ) ;
#1555 = CARTESIAN_POINT ( 'NONE',  ( 13.92598736817659244, -53.20842982422916378, -149.2020492516143690 ) ) ;
#1556 = CARTESIAN_POINT ( 'NONE',  ( 57.33715823081409724, 17.04369981493692876, -119.8781736735590613 ) ) ;
#1557 = CARTESIAN_POINT ( 'NONE',  ( -55.60692446851341941, -18.76111490918433589, -240.2019763499498879 ) ) ;
#1558 = CARTESIAN_POINT ( 'NONE',  ( 17.91480809981917943, 29.39299955319916791, -630.0414814863760284 ) ) ;
#1559 = CARTESIAN_POINT ( 'NONE',  ( -32.54160351341693058, -30.68860970298897684, -33.67897120884737205 ) ) ;
#1560 = CARTESIAN_POINT ( 'NONE',  ( 2.978907558571784353, -0.8616979565477987935, -730.0780371991978654 ) ) ;
#1561 = CARTESIAN_POINT ( 'NONE',  ( -38.88768540344407398, 23.13982186522096640, -11.39281912759566140 ) ) ;
#1562 = CARTESIAN_POINT ( 'NONE',  ( 5.161814489561456831, -50.98490328556724194, -90.82262204780666082 ) ) ;
#1563 = CARTESIAN_POINT ( 'NONE',  ( -3.704555755611329992, 67.61321699204887636, -420.0050310766837924 ) ) ;
#1564 = CARTESIAN_POINT ( 'NONE',  ( 0.3738442731822168574, 16.40351449076227652, -730.0780371991983202 ) ) ;
#1565 = CARTESIAN_POINT ( 'NONE',  ( -4.033271771536669270, -10.17406961793104259, 0.000000000000000000 ) ) ;
#1566 = CARTESIAN_POINT ( 'NONE',  ( -0.0002058640759066126397, 70.19089742490425010, -390.0054354190799586 ) ) ;
#1567 = CARTESIAN_POINT ( 'NONE',  ( 54.69283450459636953, -18.59870133623896393, -149.2020492516146817 ) ) ;
#1568 = CARTESIAN_POINT ( 'NONE',  ( -32.40583213298221921, 80.10325812932499900, -210.0478857760843141 ) ) ;
#1569 = CARTESIAN_POINT ( 'NONE',  ( 31.93890732903214413, 36.58844992544774755, -510.0070289517055926 ) ) ;
#1570 = CARTESIAN_POINT ( 'NONE',  ( 6.108142008114039179, -57.17049042273588100, -240.2019763499492342 ) ) ;
#1571 = CARTESIAN_POINT ( 'NONE',  ( 27.38110625280899413, 4.088115752560448790, 6.809709295715915545 ) ) ;
#1572 = CARTESIAN_POINT ( 'NONE',  ( -42.56812744218542122, -6.265965330753789253, -480.0045523954842679 ) ) ;
#1573 = CARTESIAN_POINT ( 'NONE',  ( -44.65333576453552666, -35.76077517322699606, -240.2019763499489500 ) ) ;
#1574 = CARTESIAN_POINT ( 'NONE',  ( 20.66657238594737578, 46.10244727596897718, -90.82262204780666082 ) ) ;
#1575 = CARTESIAN_POINT ( 'NONE',  ( 26.44783708452020221, -8.832280236292035625, 6.809709295715917321 ) ) ;
#1576 = CARTESIAN_POINT ( 'NONE',  ( -41.54498008299171374, 69.50313066748955748, -179.7573051204385877 ) ) ;
#1577 = CARTESIAN_POINT ( 'NONE',  ( -29.74631113035765750, -40.75708091105457243, -390.0054354190793333 ) ) ;
#1578 = CARTESIAN_POINT ( 'NONE',  ( 10.25908661718020198, -44.33041983058971880, -11.39281912759562410 ) ) ;
#1579 = CARTESIAN_POINT ( 'NONE',  ( 43.01001155298792611, 14.79226705855636048, -33.67897120884736495 ) ) ;
#1580 = CARTESIAN_POINT ( 'NONE',  ( -2.249281483581760277, 55.99632027773182585, -570.0640010862999816 ) ) ;
#1581 = CARTESIAN_POINT ( 'NONE',  ( 3.913506691839403917, 70.09168872347254364, -390.0054354190799586 ) ) ;
#1582 = CARTESIAN_POINT ( 'NONE',  ( 0.004015234259115152415, 85.60563742188395508, -149.2020492516148238 ) ) ;
#1583 = CARTESIAN_POINT ( 'NONE',  ( 43.18676935940528949, -16.97834224030833639, -33.67897120884718021 ) ) ;
#1584 = CARTESIAN_POINT ( 'NONE',  ( -25.73557898195926796, 31.95122272079305858, -33.67897120884715179 ) ) ;
#1585 = CARTESIAN_POINT ( 'NONE',  ( 21.80276410907925211, 16.74481842227574546, -630.0414814863808033 ) ) ;
#1586 = CARTESIAN_POINT ( 'NONE',  ( -62.07950426002282285, 2.246786453301687914, -210.0478857760843141 ) ) ;
#1587 = CARTESIAN_POINT ( 'NONE',  ( 10.09229459568032006, 20.17127806479433261, -690.0138044314124954 ) ) ;
#1588 = CARTESIAN_POINT ( 'NONE',  ( -44.53406821229976487, -29.05580532354008483, -90.82262204780657555 ) ) ;
#1589 = CARTESIAN_POINT ( 'NONE',  ( 0.000000000000000000, 0.000000000000000000, 0.000000000000000000 ) ) ;
#1590 = CARTESIAN_POINT ( 'NONE',  ( 12.43517093742491397, -0.04737286073965226579, -690.0138044314137460 ) ) ;
#1591 = CARTESIAN_POINT ( 'NONE',  ( -49.52765012852087523, 57.66889372512918754, -179.7573051204387582 ) ) ;
#1592 = CARTESIAN_POINT ( 'NONE',  ( 13.92598736817659244, -53.20842982422916378, -149.2020492516143690 ) ) ;
#1593 = CARTESIAN_POINT ( 'NONE',  ( 0.2478725439984813539, 14.08702634528905939, -735.0000000000005684 ) ) ;
#1594 = CARTESIAN_POINT ( 'NONE',  ( 0.1940840635236484590, 31.21176162006984001, -690.0138044314147692 ) ) ;
#1595 = CARTESIAN_POINT ( 'NONE',  ( 0.04288316813142991485, 31.21489703027831908, -690.0138044314147692 ) ) ;
#1596 = CARTESIAN_POINT ( 'NONE',  ( 0.0002755614957018694307, 94.32892261507890908, -210.0478857760843994 ) ) ;
#1597 = CARTESIAN_POINT ( 'NONE',  ( 32.04521435770514870, -11.94506482984556861, -539.9930887323603201 ) ) ;
#1598 = CARTESIAN_POINT ( 'NONE',  ( -37.65867867193795604, 27.54647613971289388, -60.20661486047586664 ) ) ;
#1599 = CARTESIAN_POINT ( 'NONE',  ( 35.72240922606460600, 9.567847379289682763, -539.9930887323632760 ) ) ;
#1600 = CARTESIAN_POINT ( 'NONE',  ( -58.12572416235319395, -5.767305180805928799, -119.8781736735588481 ) ) ;
#1601 = CARTESIAN_POINT ( 'NONE',  ( -25.75502628019911100, -23.06440047582639252, -539.9930887323602064 ) ) ;
#1602 = CARTESIAN_POINT ( 'NONE',  ( 18.25389064172106046, 62.84273685432658851, -420.0050310766852704 ) ) ;
#1603 = CARTESIAN_POINT ( 'NONE',  ( 22.04897802349150737, 84.59287957945251435, -240.2019763499492342 ) ) ;
#1604 = CARTESIAN_POINT ( 'NONE',  ( 52.13149254997382798, -14.81029643577195998, -360.0028709458033518 ) ) ;
#1605 = CARTESIAN_POINT ( 'NONE',  ( -59.73248065169897814, 8.668051159810101325, -299.9258731499756436 ) ) ;
#1606 = CARTESIAN_POINT ( 'NONE',  ( -4.699259162118845978, 16.82744732928006570, -716.0790747558223757 ) ) ;
#1607 = CARTESIAN_POINT ( 'NONE',  ( -35.40236053353988410, -44.33517658115941629, -210.0478857760835467 ) ) ;
#1608 = CARTESIAN_POINT ( 'NONE',  ( 5.298811499746118869, -26.09361574808309570, -630.0414814863811444 ) ) ;
#1609 = CARTESIAN_POINT ( 'NONE',  ( 59.08685290330991791, 23.63281833107494379, -269.8562572438005418 ) ) ;
#1610 = APPLICATION_PROTOCOL_DEFINITION ( 'draft international standard', 'automotive_design', 1998, #1529 ) ;
#1611 = OPEN_SHELL ( 'NONE', ( #2629, #669 ) ) ;
#1612 = CARTESIAN_POINT ( 'NONE',  ( 0.7063565272393164118, 75.25821549018819212, -330.0104949334759112 ) ) ;
#1613 = CARTESIAN_POINT ( 'NONE',  ( 0.6183238556173716871, 67.70829976522016125, -420.0050310766836219 ) ) ;
#1614 = CARTESIAN_POINT ( 'NONE',  ( 37.62373807240071955, -25.29912541859762243, -33.67897120884713047 ) ) ;
#1615 = CARTESIAN_POINT ( 'NONE',  ( -15.15314439213975461, 21.40200360110831213, 6.809709295715943966 ) ) ;
#1616 = CARTESIAN_POINT ( 'NONE',  ( 49.82122157521411765, 33.44168577001640585, -360.0028709458034086 ) ) ;
#1617 = CARTESIAN_POINT ( 'NONE',  ( 55.58578018167842316, 4.173570194946030654, -90.82262204780698767 ) ) ;
#1618 = CARTESIAN_POINT ( 'NONE',  ( -52.50319344323852278, -11.10278229402400818, -60.20661486047673350 ) ) ;
#1619 = CARTESIAN_POINT ( 'NONE',  ( -56.90770194123838621, -14.85207198545447227, -269.8562572438005986 ) ) ;
#1620 = CARTESIAN_POINT ( 'NONE',  ( 12.05260159111853824, -2.356975479587919420, -690.0138044314147692 ) ) ;
#1621 = CARTESIAN_POINT ( 'NONE',  ( -61.69384296469447548, 23.56785322445889008, -210.0478857760852520 ) ) ;
#1622 = CARTESIAN_POINT ( 'NONE',  ( -17.63279551162104042, 35.95556472534291714, -33.67897120884719442 ) ) ;
#1623 = CARTESIAN_POINT ( 'NONE',  ( -10.37581506948809817, -50.23901497961898599, -390.0054354190787080 ) ) ;
#1624 = CARTESIAN_POINT ( 'NONE',  ( 10.78466999733462828, 1.684709949396701489, 0.000000000000000000 ) ) ;
#1625 = CARTESIAN_POINT ( 'NONE',  ( 0.0007690364813039995452, 67.70831702363416582, -420.0050310766836219 ) ) ;
#1626 = CARTESIAN_POINT ( 'NONE',  ( -49.28557140234280354, 18.96392521581927326, -420.0050310766853841 ) ) ;
#1627 = CARTESIAN_POINT ( 'NONE',  ( 32.79066894813762190, 29.85707200286981688, -11.39281912759555837 ) ) ;
#1628 = CARTESIAN_POINT ( 'NONE',  ( 0.01067516264496786230, 57.65130204540795944, -539.9930887323606612 ) ) ;
#1629 = CARTESIAN_POINT ( 'NONE',  ( 5.995332956127363389, -54.66618476336880406, -149.2020492516145680 ) ) ;
#1630 = CARTESIAN_POINT ( 'NONE',  ( -0.7458091742903854016, 90.81360428549255914, -240.2019763499494047 ) ) ;
#1631 = CARTESIAN_POINT ( 'NONE',  ( 49.68508525561839662, -20.12246483640065975, -360.0028709458006233 ) ) ;
#1632 = CARTESIAN_POINT ( 'NONE',  ( -2.565246758968744878, 21.48965834389840523, -716.0790747558248768 ) ) ;
#1633 = CARTESIAN_POINT ( 'NONE',  ( 27.93496063915847216, -1.075837341165001293, 6.809709295715928867 ) ) ;
#1634 = CARTESIAN_POINT ( 'NONE',  ( -43.20005696208770019, -17.13714431459150944, -11.39281912759560988 ) ) ;
#1635 = CARTESIAN_POINT ( 'NONE',  ( 42.62322423110651215, -28.52266802697803172, -60.20661486047683297 ) ) ;
#1636 = CARTESIAN_POINT ( 'NONE',  ( -47.64531627245664680, 8.144157283207272613, -450.0055018290936459 ) ) ;
#1637 = CARTESIAN_POINT ( 'NONE',  ( -32.26639655972530818, 76.88932565298665622, -240.2019763499491773 ) ) ;
#1638 = CARTESIAN_POINT ( 'NONE',  ( -15.36488790456539988, -36.74232631646088265, -510.0070289517105948 ) ) ;
#1639 = CARTESIAN_POINT ( 'NONE',  ( -4.572315092263107061, -26.48779971437476632, -630.0414814863803485 ) ) ;
#1640 = CARTESIAN_POINT ( 'NONE',  ( 53.74845082049822764, 1.582214602809095094, -60.20661486047650612 ) ) ;
#1641 = CARTESIAN_POINT ( 'NONE',  ( 0.04288316813142991485, 31.21489703027831908, -690.0138044314147692 ) ) ;
#1642 = CARTESIAN_POINT ( 'NONE',  ( -54.63401553909810815, 8.990403138800170169, -90.82262204780759873 ) ) ;
#1643 = CARTESIAN_POINT ( 'NONE',  ( 4.512566409496280073, 29.26716860062682812, -690.0138044314159060 ) ) ;
#1644 = CARTESIAN_POINT ( 'NONE',  ( 11.20359109671060516, 49.16823285176397462, -90.82262204780676029 ) ) ;
#1645 = CARTESIAN_POINT ( 'NONE',  ( -47.37155344527715073, -0.7360209982329044553, -11.39281912759562765 ) ) ;
#1646 = CARTESIAN_POINT ( 'NONE',  ( 10.62722237164972761, -27.33171891585485014, -600.0593740079193594 ) ) ;
#1647 = CARTESIAN_POINT ( 'NONE',  ( -1.923738640965608315, 51.37656870360743255, -600.0593740079231111 ) ) ;
#1648 = CARTESIAN_POINT ( 'NONE',  ( 56.02360511408179633, -17.28892827206086480, -179.7573051204382750 ) ) ;
#1649 = CARTESIAN_POINT ( 'NONE',  ( -4.108476839036490524, 40.46893266897783548, -60.20661486047676902 ) ) ;
#1650 = CARTESIAN_POINT ( 'NONE',  ( 53.11651447755170352, 13.70741360918676044, -390.0054354190790491 ) ) ;
#1651 = CARTESIAN_POINT ( 'NONE',  ( -12.07939009425830434, -1.846555318272509849, -690.0138044314147692 ) ) ;
#1652 = CARTESIAN_POINT ( 'NONE',  ( 50.01753540097501372, -28.16674122323250629, -269.8562572438009965 ) ) ;
#1653 = CARTESIAN_POINT ( 'NONE',  ( -53.93217792099096641, -2.640265797568001283, -60.20661486047657718 ) ) ;
#1654 = CARTESIAN_POINT ( 'NONE',  ( -21.76615107200183985, 79.65392984149814026, -149.2020492516119532 ) ) ;
#1655 = CARTESIAN_POINT ( 'NONE',  ( -13.24258213816846563, -13.56058000000499497, -660.1147140781956750 ) ) ;
#1656 = CARTESIAN_POINT ( 'NONE',  ( -0.2980336181581076938, -9.529581477025502068, -730.0780371991984339 ) ) ;
#1657 = CARTESIAN_POINT ( 'NONE',  ( 57.51409364219858844, 14.64143613522098519, -330.0104949334755702 ) ) ;
#1658 = CARTESIAN_POINT ( 'NONE',  ( -11.95839764908428826, 92.74431866047338247, -210.0478857760841152 ) ) ;
#1659 = CARTESIAN_POINT ( 'NONE',  ( -47.26562432588158913, 2.311703458117732257, -33.67897120884724416 ) ) ;
#1660 = CARTESIAN_POINT ( 'NONE',  ( 24.97156827595459205, 54.84742062903214332, -450.0055018290964313 ) ) ;
#1661 = CARTESIAN_POINT ( 'NONE',  ( 9.222502120591734354, 64.09062273379359453, -450.0055018290950102 ) ) ;
#1662 = CARTESIAN_POINT ( 'NONE',  ( -58.10665783191679168, 8.504901190698872071, -330.0104949334760249 ) ) ;
#1663 = CARTESIAN_POINT ( 'NONE',  ( 6.171592238255244389, -56.00006073913969118, -179.7573051204385024 ) ) ;
#1664 = CARTESIAN_POINT ( 'NONE',  ( -0.6973428752326202851, 40.53477680603455013, -60.20661486047677613 ) ) ;
#1665 = CARTESIAN_POINT ( 'NONE',  ( 25.73807194562153811, -23.08446062384624753, -539.9930887323640718 ) ) ;
#1666 = CARTESIAN_POINT ( 'NONE',  ( -9.473337619331424264, 42.54990650096395655, -11.39281912759559745 ) ) ;
#1667 = CARTESIAN_POINT ( 'NONE',  ( 56.07681338025771112, 8.112328038439043709, -360.0028709458030676 ) ) ;
#1668 = CARTESIAN_POINT ( 'NONE',  ( -48.94735887194548951, -19.40972977535324162, -60.20661486047679034 ) ) ;
#1669 = CARTESIAN_POINT ( 'NONE',  ( -1.895042619226434466, 4.928896699160344674, -735.0000000000004547 ) ) ;
#1670 = CARTESIAN_POINT ( 'NONE',  ( 20.57811075965844694, -6.639232280834363564, -630.0414814863810307 ) ) ;
#1671 = CARTESIAN_POINT ( 'NONE',  ( -55.50790607451563119, 14.04427532309586013, -360.0028709458016465 ) ) ;
#1672 = CARTESIAN_POINT ( 'NONE',  ( -0.4024271257822897851, 13.97508401346597928, -734.9999999999986358 ) ) ;
#1673 = CARTESIAN_POINT ( 'NONE',  ( -50.01754968943902924, -28.16672839492392200, -269.8562572438004281 ) ) ;
#1674 = CARTESIAN_POINT ( 'NONE',  ( -12.00259842485046669, -53.90738292623859707, -149.2020492516142838 ) ) ;
#1675 = CARTESIAN_POINT ( 'NONE',  ( 6.593071614223197763, 7.928659610718293393, -716.0790747558229441 ) ) ;
#1676 = CARTESIAN_POINT ( 'NONE',  ( -60.42682078133158541, 19.56640650608472853, -149.2020492516147669 ) ) ;
#1677 = CARTESIAN_POINT ( 'NONE',  ( 0.8750503517942991305, 12.94915523168615401, -735.0000000000001137 ) ) ;
#1678 = CARTESIAN_POINT ( 'NONE',  ( 3.706092347282425425, 67.61301205102955691, -420.0050310766836219 ) ) ;
#1679 = CARTESIAN_POINT ( 'NONE',  ( 2.705133526924274889, -30.52486689748021575, -600.0593740079226563 ) ) ;
#1680 = CARTESIAN_POINT ( 'NONE',  ( 0.000000000000000000, 0.000000000000000000, 0.000000000000000000 ) ) ;
#1681 = CARTESIAN_POINT ( 'NONE',  ( 20.15211242955648885, -29.10523183498952804, -539.9930887323579327 ) ) ;
#1682 = CARTESIAN_POINT ( 'NONE',  ( -21.46447118585081526, 71.48382674004194826, -299.9258731499755299 ) ) ;
#1683 = CARTESIAN_POINT ( 'NONE',  ( 1.893719657125035649, 2.997169211399026256, -735.0000000000010232 ) ) ;
#1684 = CARTESIAN_POINT ( 'NONE',  ( -49.90740632282626876, -14.14494773367679947, -390.0054354190796175 ) ) ;
#1685 = CARTESIAN_POINT ( 'NONE',  ( -0.09986244123135681883, 14.22390165620102920, -735.0000000000006821 ) ) ;
#1686 = CARTESIAN_POINT ( 'NONE',  ( 39.01578077678183121, -22.96587726851368672, -450.0055018290970565 ) ) ;
#1687 = CARTESIAN_POINT ( 'NONE',  ( -55.62294677785914132, 22.69132349074596178, -119.8781736735578960 ) ) ;
#1688 = CARTESIAN_POINT ( 'NONE',  ( 0.000000000000000000, 0.000000000000000000, 0.000000000000000000 ) ) ;
#1689 = CARTESIAN_POINT ( 'NONE',  ( -44.53406821229976487, -29.05580532354008483, -90.82262204780657555 ) ) ;
#1690 = CARTESIAN_POINT ( 'NONE',  ( 2.705133526924274889, -30.52486689748021575, -600.0593740079226563 ) ) ;
#1691 = CARTESIAN_POINT ( 'NONE',  ( 45.83148638397394592, 26.74853778644301272, -90.82262204780667503 ) ) ;
#1692 = CARTESIAN_POINT ( 'NONE',  ( 31.85803959148353925, 72.28430524707711413, -149.2020492516138859 ) ) ;
#1693 = CARTESIAN_POINT ( 'NONE',  ( 47.26624579196816711, 2.306939020849823052, -33.67897120884715889 ) ) ;
#1694 = CARTESIAN_POINT ( 'NONE',  ( -6.825569348535118763, 4.622582982979731803, -716.0790747558231715 ) ) ;
#1695 = CARTESIAN_POINT ( 'NONE',  ( 0.000000000000000000, 0.000000000000000000, 0.000000000000000000 ) ) ;
#1696 = CARTESIAN_POINT ( 'NONE',  ( 2.207966107056893890, 10.01485626848645794, 0.000000000000000000 ) ) ;
#1697 = CARTESIAN_POINT ( 'NONE',  ( -3.176067033498572112, 4.505891141470931061, -730.0780371991985476 ) ) ;
#1698 = CARTESIAN_POINT ( 'NONE',  ( -2.062991605335838585, -57.43133538943019545, -210.0478857760855931 ) ) ;
#1699 = CARTESIAN_POINT ( 'NONE',  ( -4.129975507815454527, 50.11983999697701364, -90.82262204780673187 ) ) ;
#1700 = CARTESIAN_POINT ( 'NONE',  ( 26.50745028423828131, -36.77557896627980938, -450.0055018290983071 ) ) ;
#1701 = CARTESIAN_POINT ( 'NONE',  ( -15.72994921690470882, 58.35829270760380894, -480.0045523954834152 ) ) ;
#1702 = CARTESIAN_POINT ( 'NONE',  ( 0.1493325580608876046, 16.48535816131598608, -730.0780371991984339 ) ) ;
#1703 = CARTESIAN_POINT ( 'NONE',  ( 26.84459595170486779, 3.087833591212927331, -600.0593740079231111 ) ) ;
#1704 = CARTESIAN_POINT ( 'NONE',  ( -52.50319344323852278, -11.10278229402400818, -60.20661486047673350 ) ) ;
#1705 = CARTESIAN_POINT ( 'NONE',  ( 28.35850306358041095, -9.521683584134086331, -570.0640010862996405 ) ) ;
#1706 = CARTESIAN_POINT ( 'NONE',  ( -3.081558445662676338, 6.819352286943394681, -730.0780371991985476 ) ) ;
#1707 = CARTESIAN_POINT ( 'NONE',  ( -43.88897346930751553, -34.59023925099032937, -149.2020492516149943 ) ) ;
#1708 = CARTESIAN_POINT ( 'NONE',  ( 35.26578957948389359, 37.51970402217607159, -480.0045523954842679 ) ) ;
#1709 = CARTESIAN_POINT ( 'NONE',  ( -23.59002668558882476, -49.70226009062958639, -149.2020492516150796 ) ) ;
#1710 = CARTESIAN_POINT ( 'NONE',  ( 37.63572249251516411, 27.56765222228426637, -60.20661486047656297 ) ) ;
#1711 = CARTESIAN_POINT ( 'NONE',  ( 17.37325554400073813, 14.43644556215371999, -660.1147140781928329 ) ) ;
#1712 = CARTESIAN_POINT ( 'NONE',  ( -19.85648995721686561, 24.35065632018313053, -630.0414814863801212 ) ) ;
#1713 = CARTESIAN_POINT ( 'NONE',  ( -0.04840487285231979270, 23.31622338520887894, -716.0790747558231715 ) ) ;
#1714 = CARTESIAN_POINT ( 'NONE',  ( 4.922702263208945439, -48.66421240172464024, -420.0050310766836219 ) ) ;
#1715 = CARTESIAN_POINT ( 'NONE',  ( 5.478104138411168944E-05, 72.61136436984624254, -360.0028709458019875 ) ) ;
#1716 = CARTESIAN_POINT ( 'NONE',  ( -0.2257478133376080165, 39.12919810839398593, -660.1147140781920371 ) ) ;
#1717 = CARTESIAN_POINT ( 'NONE',  ( 1.615740263082455996, 9.200470069357798764, -735.0000000000005684 ) ) ;
#1718 = CARTESIAN_POINT ( 'NONE',  ( 62.07937426192902564, 2.246287424029805191, -210.0478857760841436 ) ) ;
#1719 = CARTESIAN_POINT ( 'NONE',  ( -59.30242752446455512, -6.552789805156424841, -149.2020492516150796 ) ) ;
#1720 = CARTESIAN_POINT ( 'NONE',  ( 32.53767766443537113, -30.69227125845186777, -33.67897120884731521 ) ) ;
#1721 = CARTESIAN_POINT ( 'NONE',  ( -57.22405834715063833, 32.78430064865273863, -149.2020492516147101 ) ) ;
#1722 = CARTESIAN_POINT ( 'NONE',  ( -19.04692682069216403, -10.69948264397100246, -630.0414814863823949 ) ) ;
#1723 = CARTESIAN_POINT ( 'NONE',  ( -28.67926371166573318, -40.57282718690498768, -60.20661486047682587 ) ) ;
#1724 = CARTESIAN_POINT ( 'NONE',  ( 18.57738909867531873, 48.95126639247456524, -539.9930887323620254 ) ) ;
#1725 = CARTESIAN_POINT ( 'NONE',  ( 12.72225401142346257, 6.988585792667872276, -690.0138044314139734 ) ) ;
#1726 = CARTESIAN_POINT ( 'NONE',  ( -45.14603520822919336, 31.45553272160737279, -420.0050310766833945 ) ) ;
#1727 = CARTESIAN_POINT ( 'NONE',  ( 41.51437758556049573, 66.96193671731811037, -240.2019763499489784 ) ) ;
#1728 = CARTESIAN_POINT ( 'NONE',  ( -10.37581506948809817, -50.23901497961898599, -390.0054354190787080 ) ) ;
#1729 = CARTESIAN_POINT ( 'NONE',  ( -0.3771194290576536656, 56.06702902499896624, -570.0640010862999816 ) ) ;
#1730 = CARTESIAN_POINT ( 'NONE',  ( 0.5898985901938811338, 13.65057259716867932, -735.0000000000003411 ) ) ;
#1731 = CARTESIAN_POINT ( 'NONE',  ( 61.03011523941034966, 3.974072894467809203, -269.8562572437986091 ) ) ;
#1732 = CARTESIAN_POINT ( 'NONE',  ( -1.904392358365534221, 3.996247024829790551, -734.9999999999997726 ) ) ;
#1733 = CARTESIAN_POINT ( 'NONE',  ( -1.798094884750961242, 0.7830842579640400203, -735.0000000000003411 ) ) ;
#1734 = CARTESIAN_POINT ( 'NONE',  ( -43.00750426311826402, 14.79668926935527473, -33.67897120884745732 ) ) ;
#1735 = CARTESIAN_POINT ( 'NONE',  ( 36.84839455367887950, -34.47111595466756739, -60.20661486047661271 ) ) ;
#1736 = CARTESIAN_POINT ( 'NONE',  ( -34.50088751105484164, 18.51564824300871237, -539.9930887323619118 ) ) ;
#1737 = CARTESIAN_POINT ( 'NONE',  ( -32.05645306004695527, -11.92075151455613202, -539.9930887323600928 ) ) ;
#1738 = CARTESIAN_POINT ( 'NONE',  ( -33.09781414358977969, -44.76686577363067698, -299.9258731499741089 ) ) ;
#1739 = CARTESIAN_POINT ( 'NONE',  ( 1.903969034786722858, 3.948756280134365859, -735.0000000000010232 ) ) ;
#1740 = CARTESIAN_POINT ( 'NONE',  ( -29.25213200988676121, 23.50435883806496662, -570.0640010862999816 ) ) ;
#1741 = CARTESIAN_POINT ( 'NONE',  ( 38.88723411402374808, 23.14039628724182052, -11.39281912759563298 ) ) ;
#1742 = CARTESIAN_POINT ( 'NONE',  ( -8.588234431564325533, -42.80588319564189703, -480.0045523954862006 ) ) ;
#1743 = CARTESIAN_POINT ( 'NONE',  ( 17.87996116380842082, 38.93840772483201818, -600.0593740079222016 ) ) ;
#1744 = CARTESIAN_POINT ( 'NONE',  ( -0.6524919904228498879, 70.19089280430637245, -390.0054354190799586 ) ) ;
#1745 = CARTESIAN_POINT ( 'NONE',  ( 0.05827795976554283469, 50.19392225049837464, -90.82262204780668924 ) ) ;
#1746 = CARTESIAN_POINT ( 'NONE',  ( 6.882981664018634760, 2.211076039025726025, -716.0790747558237399 ) ) ;
#1747 = CARTESIAN_POINT ( 'NONE',  ( -10.93618901956800826, -1.294967333153272060, 0.000000000000000000 ) ) ;
#1748 = CARTESIAN_POINT ( 'NONE',  ( -50.39487440692533937, 19.66381987274659693, -90.82262204780752768 ) ) ;
#1749 = CARTESIAN_POINT ( 'NONE',  ( 41.19113394195054667, -35.64211626842737957, -330.0104949334799471 ) ) ;
#1750 = CARTESIAN_POINT ( 'NONE',  ( -27.38100822406223855, 4.088488078143984517, 6.809709295715919986 ) ) ;
#1751 = CARTESIAN_POINT ( 'NONE',  ( -41.01828834620677355, -20.62317764790064345, -33.67897120884718731 ) ) ;
#1752 = CARTESIAN_POINT ( 'NONE',  ( -4.033271771536669270, -10.17406961793104259, 0.000000000000000000 ) ) ;
#1753 = CARTESIAN_POINT ( 'NONE',  ( 27.73027170030728783, -3.680797140851627347, 6.809709295715925315 ) ) ;
#1754 = CARTESIAN_POINT ( 'NONE',  ( -33.39088025712641894, 22.89951468802056311, -539.9930887323612296 ) ) ;
#1755 = CARTESIAN_POINT ( 'NONE',  ( 10.41007221765834423, -17.67677336884113615, -660.1147140781922644 ) ) ;
#1756 = CARTESIAN_POINT ( 'NONE',  ( 43.13080157787050695, 41.22316121751777018, -390.0054354190796744 ) ) ;
#1757 = CARTESIAN_POINT ( 'NONE',  ( -17.35495603103210982, -40.45186266906853234, -33.67897120884728679 ) ) ;
#1758 = CARTESIAN_POINT ( 'NONE',  ( 6.776263578034402713E-16, 10.22223087781420858, 0.000000000000000000 ) ) ;
#1759 = CARTESIAN_POINT ( 'NONE',  ( -0.05804247237081467531, -51.17709055110146465, -90.82262204780668924 ) ) ;
#1760 = CARTESIAN_POINT ( 'NONE',  ( 52.13149254997382798, -14.81029643577195998, -360.0028709458033518 ) ) ;
#1761 = CARTESIAN_POINT ( 'NONE',  ( -53.63751231249317186, 2.289163930363307564, -390.0054354190780828 ) ) ;
#1762 = CARTESIAN_POINT ( 'NONE',  ( 0.000000000000000000, 0.000000000000000000, 0.000000000000000000 ) ) ;
#1763 = CARTESIAN_POINT ( 'NONE',  ( 0.8975596302707369301, -5.129717454786619335, -734.9999999999987494 ) ) ;
#1764 = CARTESIAN_POINT ( 'NONE',  ( 47.76600460223450995, 24.37885355330682557, -420.0050310766837924 ) ) ;
#1765 = CARTESIAN_POINT ( 'NONE',  ( -24.13001610274554309, -13.76133136559539061, 6.809709295715931532 ) ) ;
#1766 = CARTESIAN_POINT ( 'NONE',  ( -18.18381210981819862, -42.10714464015129721, -450.0055018290939302 ) ) ;
#1767 = CARTESIAN_POINT ( 'NONE',  ( 61.22388101027132734, 6.293126370119626500, -149.2020492516151648 ) ) ;
#1768 = CARTESIAN_POINT ( 'NONE',  ( -27.58178073760460691, 28.87925530593014045, -570.0640010862987310 ) ) ;
#1769 = CARTESIAN_POINT ( 'NONE',  ( 24.56140608420517069, -34.43714615767751752, -480.0045523954825626 ) ) ;
#1770 = CARTESIAN_POINT ( 'NONE',  ( 23.89533556572098050, 42.73102890567083278, -539.9930887323621391 ) ) ;
#1771 = CARTESIAN_POINT ( 'NONE',  ( 0.000000000000000000, 0.000000000000000000, 0.000000000000000000 ) ) ;
#1772 = CARTESIAN_POINT ( 'NONE',  ( 0.000000000000000000, 0.000000000000000000, 0.000000000000000000 ) ) ;
#1773 = CARTESIAN_POINT ( 'NONE',  ( 1.245902945904737491, -3.624587469403556472, -735.0000000000014779 ) ) ;
#1774 = CARTESIAN_POINT ( 'NONE',  ( 56.00298594478247338, -9.493211117650007580, -330.0104949334765365 ) ) ;
#1775 = CARTESIAN_POINT ( 'NONE',  ( -32.79121035600248746, 29.85657279665625197, -11.39281912759555127 ) ) ;
#1776 = CARTESIAN_POINT ( 'NONE',  ( 10.20664008901617770, -26.91715615663708050, 6.809709295715911104 ) ) ;
#1777 = CARTESIAN_POINT ( 'NONE',  ( 11.85595510405928898, 13.84987979460793817, -690.0138044314154513 ) ) ;
#1778 = CARTESIAN_POINT ( 'NONE',  ( -52.13153894611814820, -14.81016282715731158, -360.0028709458040339 ) ) ;
#1779 = CARTESIAN_POINT ( 'NONE',  ( -32.94616342771900008, -19.28181251887847480, -510.0070289517078095 ) ) ;
#1780 = CARTESIAN_POINT ( 'NONE',  ( 35.45852895248646774, 0.6852461784340662110, -539.9930887323605475 ) ) ;
#1781 = CARTESIAN_POINT ( 'NONE',  ( -39.10062857556816596, 20.56898943514909206, -33.67897120884698126 ) ) ;
#1782 = CARTESIAN_POINT ( 'NONE',  ( 9.946526914426819133, -42.26573526113840984, -480.0045523954845521 ) ) ;
#1783 = CARTESIAN_POINT ( 'NONE',  ( 0.000000000000000000, 0.000000000000000000, 0.000000000000000000 ) ) ;
#1784 = CARTESIAN_POINT ( 'NONE',  ( -24.01123510857678056, -51.86823442309709975, -240.2019763499488079 ) ) ;
#1785 = CARTESIAN_POINT ( 'NONE',  ( 23.64368087283238040, 26.98628340713723972, -600.0593740079222016 ) ) ;
#1786 = CARTESIAN_POINT ( 'NONE',  ( 24.12978142494622702, -13.76168367911133750, 6.809709295715929755 ) ) ;
#1787 = CARTESIAN_POINT ( 'NONE',  ( -54.84363791831726331, 46.73649627812966401, -179.7573051204385024 ) ) ;
#1788 = CARTESIAN_POINT ( 'NONE',  ( 4.981864407042891685, -17.14020561312318947, -690.0138044314118133 ) ) ;
#1789 = CARTESIAN_POINT ( 'NONE',  ( 52.70146704063118648, 25.80496760838865455, -360.0028709457999980 ) ) ;
#1790 = CARTESIAN_POINT ( 'NONE',  ( -49.68514303081358463, -20.12233705982184873, -360.0028709457999980 ) ) ;
#1791 = CARTESIAN_POINT ( 'NONE',  ( -1.798094884750961242, 0.7830842579640400203, -735.0000000000003411 ) ) ;
#1792 = CARTESIAN_POINT ( 'NONE',  ( 26.34710995193741567, -0.6816482031581930778, -600.0593740079234522 ) ) ;
#1793 = CARTESIAN_POINT ( 'NONE',  ( -26.86509848355095542, 44.34570650598863750, -510.0070289517121296 ) ) ;
#1794 = CARTESIAN_POINT ( 'NONE',  ( 6.171592238255244389, -56.00006073913969118, -179.7573051204385024 ) ) ;
#1795 = CARTESIAN_POINT ( 'NONE',  ( -0.7063832293879734880, 75.25821487064835935, -330.0104949334759112 ) ) ;
#1796 = CARTESIAN_POINT ( 'NONE',  ( 3.706092347282425425, 67.61301205102955691, -420.0050310766836219 ) ) ;
#1797 = CARTESIAN_POINT ( 'NONE',  ( 0.000000000000000000, 0.000000000000000000, 0.000000000000000000 ) ) ;
#1798 = CARTESIAN_POINT ( 'NONE',  ( 22.17712462242453242, -0.1574919329505663768, -630.0414814863803485 ) ) ;
#1799 = CARTESIAN_POINT ( 'NONE',  ( -4.699259162118845978, 16.82744732928006570, -716.0790747558223757 ) ) ;
#1800 = CARTESIAN_POINT ( 'NONE',  ( 25.31734266373942788, 9.878859054288936292, 6.809709295715915545 ) ) ;
#1801 = CARTESIAN_POINT ( 'NONE',  ( 4.242390019411578450, -22.78848021370045274, -660.1147140781914686 ) ) ;
#1802 = CARTESIAN_POINT ( 'NONE',  ( 6.367567881226642079, 9.756645404397479737, -716.0790747558229441 ) ) ;
#1803 = CARTESIAN_POINT ( 'NONE',  ( -3.141330265723088822, 2.119823142902339974, -730.0780371991978654 ) ) ;
#1804 = CARTESIAN_POINT ( 'NONE',  ( -42.60360763389926575, -28.54644107672189435, -60.20661486047686140 ) ) ;
#1805 = CARTESIAN_POINT ( 'NONE',  ( 9.481764908671403091, 48.20232706125347022, -600.0593740079228837 ) ) ;
#1806 = CARTESIAN_POINT ( 'NONE',  ( 1.739988179107434974, 0.09633567908561480042, -735.0000000000001137 ) ) ;
#1807 = CARTESIAN_POINT ( 'NONE',  ( -17.91098588113623791, 29.41880564211904314, -630.0414814863850097 ) ) ;
#1808 = CARTESIAN_POINT ( 'NONE',  ( 0.5097842873492498539, -6.210865063103055306, -735.0000000000027285 ) ) ;
#1809 = CARTESIAN_POINT ( 'NONE',  ( 9.057002793010662245, 5.399983414384872837, 0.000000000000000000 ) ) ;
#1810 = AXIS2_PLACEMENT_3D ( 'NONE', #2809, #2071, #1115 ) ;
#1811 = CARTESIAN_POINT ( 'NONE',  ( -1.335107433479308311E-05, 75.25821518041827574, -330.0104949334759112 ) ) ;
#1812 = CARTESIAN_POINT ( 'NONE',  ( 9.540918977191113370, 38.36478385459014362, -33.67897120884720152 ) ) ;
#1813 = CARTESIAN_POINT ( 'NONE',  ( 6.776263578034402713E-16, 10.22223087781420858, 0.000000000000000000 ) ) ;
#1814 = CARTESIAN_POINT ( 'NONE',  ( 6.707791724823254143, -1.669188961463913268, -716.0790747558229441 ) ) ;
#1815 = CARTESIAN_POINT ( 'NONE',  ( -1.972132310858101478, 13.61935672582925783, -730.0780371991985476 ) ) ;
#1816 = CARTESIAN_POINT ( 'NONE',  ( 45.28216452139273684, 9.910393757631613454, -33.67897120884699547 ) ) ;
#1817 = CARTESIAN_POINT ( 'NONE',  ( -44.94490592292374487, -13.14346179126900793, -11.39281912759561521 ) ) ;
#1818 = CARTESIAN_POINT ( 'NONE',  ( -51.32255315396125894, -26.70050528596163986, -240.2019763499496037 ) ) ;
#1819 = CARTESIAN_POINT ( 'NONE',  ( 20.12651747207711139, 37.20605290333177351, -60.20661486047679745 ) ) ;
#1820 = CARTESIAN_POINT ( 'NONE',  ( 56.00298594478247338, -9.493211117650007580, -330.0104949334765365 ) ) ;
#1821 = CARTESIAN_POINT ( 'NONE',  ( 0.000000000000000000, 0.000000000000000000, 0.000000000000000000 ) ) ;
#1822 = CARTESIAN_POINT ( 'NONE',  ( 2.807804471574913752, -16.00729114924223495, -716.0790747558247631 ) ) ;
#1823 = CARTESIAN_POINT ( 'NONE',  ( 4.492822242245220643, 94.20450582484598101, -210.0478857760843425 ) ) ;
#1824 = CARTESIAN_POINT ( 'NONE',  ( -1.331200459814361331E-06, 77.06517708011703860, -299.9258731499762121 ) ) ;
#1825 = CARTESIAN_POINT ( 'NONE',  ( -1.331200459814361331E-06, 77.06517708011703860, -299.9258731499762121 ) ) ;
#1826 = CARTESIAN_POINT ( 'NONE',  ( 44.65344858229411784, -35.76067020264164853, -240.2019763499494047 ) ) ;
#1827 = CARTESIAN_POINT ( 'NONE',  ( -36.24237474129773062, 50.74433262627445629, -390.0054354190771733 ) ) ;
#1828 = CARTESIAN_POINT ( 'NONE',  ( 3.160066673161175732, 5.188260851376348626, -730.0780371991986613 ) ) ;
#1829 = CARTESIAN_POINT ( 'NONE',  ( -56.66701631195681443, -11.24817354645733403, -119.8781736735578676 ) ) ;
#1830 = CARTESIAN_POINT ( 'NONE',  ( 0.000000000000000000, 0.000000000000000000, 0.000000000000000000 ) ) ;
#1831 = CARTESIAN_POINT ( 'NONE',  ( 58.24072454372814178, -12.50706284158465742, -240.2019763499489500 ) ) ;
#1832 = CARTESIAN_POINT ( 'NONE',  ( -1.280750469146273218, 11.35211373190501583, -734.9999999999996589 ) ) ;
#1833 = CARTESIAN_POINT ( 'NONE',  ( -25.35634286205144861, -36.18699155621772690, -33.67897120884698836 ) ) ;
#1834 = CARTESIAN_POINT ( 'NONE',  ( 1.024082796728261524, -10.99941757139864862, 0.000000000000000000 ) ) ;
#1835 = CARTESIAN_POINT ( 'NONE',  ( 44.71850474806421261, 23.84317672323960124, -450.0055018290949533 ) ) ;
#1836 =( LENGTH_UNIT ( ) NAMED_UNIT ( * ) SI_UNIT ( .MILLI., .METRE. ) );
#1837 = CARTESIAN_POINT ( 'NONE',  ( 0.7390421185877686927, 82.05248005473453077, -269.8562572437998028 ) ) ;
#1838 = CARTESIAN_POINT ( 'NONE',  ( 0.7063565272393164118, 75.25821549018819212, -330.0104949334759112 ) ) ;
#1839 = CARTESIAN_POINT ( 'NONE',  ( 42.33740376501517488, -16.95458943971908994, -450.0055018290939302 ) ) ;
#1840 = CARTESIAN_POINT ( 'NONE',  ( -17.63279551162104042, 35.95556472534291714, -33.67897120884719442 ) ) ;
#1841 = CARTESIAN_POINT ( 'NONE',  ( 21.33290834436712302, 32.74892949597621339, -600.0593740079248164 ) ) ;
#1842 = CARTESIAN_POINT ( 'NONE',  ( 30.95998961841568686, 15.18402802380917471, -570.0640010862994131 ) ) ;
#1843 = CARTESIAN_POINT ( 'NONE',  ( -59.30242752446455512, -6.552789805156424841, -149.2020492516150796 ) ) ;
#1844 = CARTESIAN_POINT ( 'NONE',  ( -58.82468414787441446, -11.26904998268235758, -210.0478857760847688 ) ) ;
#1845 = CARTESIAN_POINT ( 'NONE',  ( 22.14091679943861735, 87.97363201802708943, -210.0478857760851383 ) ) ;
#1846 = PRODUCT_DEFINITION ( 'ๆ', '', #1118, #2455 ) ;
#1847 = CARTESIAN_POINT ( 'NONE',  ( 37.47039266673087354, -9.411099219654317949, -510.0070289517080369 ) ) ;
#1848 = CARTESIAN_POINT ( 'NONE',  ( -30.96094050412928667, 15.17879231722153754, -570.0640010862995268 ) ) ;
#1849 = CARTESIAN_POINT ( 'NONE',  ( -10.38298530320566115, 24.09799662211257498, 6.809709295715919986 ) ) ;
#1850 = CARTESIAN_POINT ( 'NONE',  ( -1.471118666743667758, -44.06030487647067417, -33.67897120884702389 ) ) ;
#1851 = CARTESIAN_POINT ( 'NONE',  ( 33.39913079503997295, 22.87263908015673763, -539.9930887323611159 ) ) ;
#1852 = CARTESIAN_POINT ( 'NONE',  ( -0.04003860307225717147, 60.35665022981095973, -510.0070289517102538 ) ) ;
#1853 = CARTESIAN_POINT ( 'NONE',  ( 8.167870763626437380, -36.23721352433563681, -539.9930887323595243 ) ) ;
#1854 = CARTESIAN_POINT ( 'NONE',  ( -0.07544824227194737998, 16.53434838000624651, -730.0780371991984339 ) ) ;
#1855 = CARTESIAN_POINT ( 'NONE',  ( 26.21595870952334906, -14.49701449593215230, -570.0640010863015732 ) ) ;
#1856 = CARTESIAN_POINT ( 'NONE',  ( -7.457917440079411819E-05, 90.81360542393252899, -240.2019763499494047 ) ) ;
#1857 = CARTESIAN_POINT ( 'NONE',  ( -5.959128153395106153, 8.347653117697801051, 0.000000000000000000 ) ) ;
#1858 = CARTESIAN_POINT ( 'NONE',  ( 60.35877285989226948, 17.07767906554453319, -269.8562572437984954 ) ) ;
#1859 = CARTESIAN_POINT ( 'NONE',  ( -58.97127255347248109, -3.742487930662058648, -299.9258731499761552 ) ) ;
#1860 = CARTESIAN_POINT ( 'NONE',  ( -41.04438507874925079, -21.00428183247481684, -11.39281912759562410 ) ) ;
#1861 = CARTESIAN_POINT ( 'NONE',  ( 48.75857701111207376, -28.37700676684745105, -299.9258731499761552 ) ) ;
#1862 = CARTESIAN_POINT ( 'NONE',  ( -40.00476386219378355, 8.970090615813131052, -510.0070289517093443 ) ) ;
#1863 = CARTESIAN_POINT ( 'NONE',  ( -4.430785500040901326, 29.44472354573202821, -690.0138044314138597 ) ) ;
#1864 = CARTESIAN_POINT ( 'NONE',  ( -30.06639342039970941, -42.03401700325584045, -90.82262204780683135 ) ) ;
#1865 = CARTESIAN_POINT ( 'NONE',  ( 0.8402780875663576898, -18.06185810909273215, -716.0790747558224894 ) ) ;
#1866 = CARTESIAN_POINT ( 'NONE',  ( 45.28216452139273684, 9.910393757631613454, -33.67897120884699547 ) ) ;
#1867 =( NAMED_UNIT ( * ) PLANE_ANGLE_UNIT ( ) SI_UNIT ( $, .RADIAN. ) );
#1868 = CARTESIAN_POINT ( 'NONE',  ( -12.52831498454338011, 9.784455789111062174, -690.0138044314146555 ) ) ;
#1869 = CARTESIAN_POINT ( 'NONE',  ( 1.923683860460989381, 51.37706678759272449, -600.0593740079231111 ) ) ;
#1870 = CARTESIAN_POINT ( 'NONE',  ( 2.921252155861041366, -18.59275318970354718, -690.0138044314136323 ) ) ;
#1871 = CARTESIAN_POINT ( 'NONE',  ( -0.6259832699552541069, 23.21909761475213330, -716.0790747558235125 ) ) ;
#1872 = CARTESIAN_POINT ( 'NONE',  ( 19.14326046962471040, -20.44410784624446009, 6.809709295715911992 ) ) ;
#1873 = CARTESIAN_POINT ( 'NONE',  ( -3.435753132681430344, 38.52033576328450692, -660.1147140781923781 ) ) ;
#1874 = CARTESIAN_POINT ( 'NONE',  ( 55.89685291786764765, -0.5721050168066634800, -90.82262204780647608 ) ) ;
#1875 = CARTESIAN_POINT ( 'NONE',  ( -47.33130998401438916, -13.29081738557064796, -420.0050310766845314 ) ) ;
#1876 = CARTESIAN_POINT ( 'NONE',  ( 55.60700518234109069, -18.76099097006472149, -240.2019763499493195 ) ) ;
#1877 = CARTESIAN_POINT ( 'NONE',  ( -6.896764294449720722, 2.673517080490031894, -716.0790747558229441 ) ) ;
#1878 = CARTESIAN_POINT ( 'NONE',  ( -15.15314439213975461, 21.40200360110831213, 6.809709295715943966 ) ) ;
#1879 = CARTESIAN_POINT ( 'NONE',  ( -44.65333576453552666, -35.76077517322699606, -240.2019763499489500 ) ) ;
#1880 = CARTESIAN_POINT ( 'NONE',  ( -2.035948204525148242, -57.71090834074210818, -240.2019763499486089 ) ) ;
#1881 = CARTESIAN_POINT ( 'NONE',  ( 58.10665574930634847, 8.504937059897159202, -330.0104949334757407 ) ) ;
#1882 = CARTESIAN_POINT ( 'NONE',  ( 0.01067516264496786230, 57.65130204540795944, -539.9930887323606612 ) ) ;
#1883 = CARTESIAN_POINT ( 'NONE',  ( -22.64650592459252465, 10.02544901675439881, -630.0414814863792117 ) ) ;
#1884 = CARTESIAN_POINT ( 'NONE',  ( 0.4422299935934748683, 60.35754875020015220, -510.0070289517102538 ) ) ;
#1885 = CARTESIAN_POINT ( 'NONE',  ( 12.69342784390837764, 53.76972655217909391, -539.9930887323614570 ) ) ;
#1886 = CARTESIAN_POINT ( 'NONE',  ( -40.04051263412330286, 4.229686743426326778, -510.0070289517095716 ) ) ;
#1887 = CARTESIAN_POINT ( 'NONE',  ( 0.000000000000000000, 0.000000000000000000, 0.000000000000000000 ) ) ;
#1888 = CARTESIAN_POINT ( 'NONE',  ( -0.7484818895336452504, 94.32892682850012989, -210.0478857760843994 ) ) ;
#1889 = CARTESIAN_POINT ( 'NONE',  ( 37.66816816606216634, -25.94648811285428991, -11.39281912759563298 ) ) ;
#1890 = CARTESIAN_POINT ( 'NONE',  ( -9.481775212622837401, 48.19994400419348324, -600.0593740079234522 ) ) ;
#1891 = CARTESIAN_POINT ( 'NONE',  ( 62.25722984357859247, 16.41153285555920149, -179.7573051204395256 ) ) ;
#1892 = CARTESIAN_POINT ( 'NONE',  ( -10.43715111415819230, -3.267061537078352895, 0.000000000000000000 ) ) ;
#1893 = CARTESIAN_POINT ( 'NONE',  ( -0.0003603662867606100342, 43.42382144969548108, -11.39281912759561166 ) ) ;
#1894 = CARTESIAN_POINT ( 'NONE',  ( 43.81849054645240216, -25.79229788945205470, -390.0054354190787080 ) ) ;
#1895 = CARTESIAN_POINT ( 'NONE',  ( -61.47038573059133171, 23.50900298434781632, -179.7573051204385024 ) ) ;
#1896 = CARTESIAN_POINT ( 'NONE',  ( -9.481775212622837401, 48.19994400419348324, -600.0593740079234522 ) ) ;
#1897 = CARTESIAN_POINT ( 'NONE',  ( -47.84508625029779694, -28.16445374223838982, -119.8781736735588765 ) ) ;
#1898 = CARTESIAN_POINT ( 'NONE',  ( -9.847888518151153292, -48.01784499081653479, -420.0050310766808934 ) ) ;
#1899 = CARTESIAN_POINT ( 'NONE',  ( 59.12470036121951011, 14.95428175387853109, -299.9258731499760415 ) ) ;
#1900 = CARTESIAN_POINT ( 'NONE',  ( 0.000000000000000000, 0.000000000000000000, 0.000000000000000000 ) ) ;
#1901 = CARTESIAN_POINT ( 'NONE',  ( 1.754744582655001883, 14.08126613600920152, -730.0780371991988886 ) ) ;
#1902 = CARTESIAN_POINT ( 'NONE',  ( 3.586374909350667384, 39.09903924853923485, -33.67897120884718021 ) ) ;
#1903 = CARTESIAN_POINT ( 'NONE',  ( -12.76350819193947395, 5.134595987877637491, -690.0138044314148829 ) ) ;
#1904 = CARTESIAN_POINT ( 'NONE',  ( -2.048165257737212031, -10.87228005011924026, 0.000000000000000000 ) ) ;
#1905 = CARTESIAN_POINT ( 'NONE',  ( -0.2134614974021338263, 23.29708162738245747, -716.0790747558233988 ) ) ;
#1906 = CARTESIAN_POINT ( 'NONE',  ( 2.236448203228215803, -5.465428580741636289, -730.0780371991991160 ) ) ;
#1907 = CARTESIAN_POINT ( 'NONE',  ( 41.70538981673293222, 69.95963775742235669, -210.0478857760859341 ) ) ;
#1908 = CARTESIAN_POINT ( 'NONE',  ( -12.67316568490162076, 53.78228835908105054, -539.9930887323611159 ) ) ;
#1909 = CARTESIAN_POINT ( 'NONE',  ( 56.04293025383129390, 2.212882998629060793, -360.0028709458009075 ) ) ;
#1910 = CARTESIAN_POINT ( 'NONE',  ( -53.08698292195021651, -14.55625642201554726, -90.82262204780712977 ) ) ;
#1911 = CARTESIAN_POINT ( 'NONE',  ( 51.74628047988553448, -25.30509199164377065, -179.7573051204388150 ) ) ;
#1912 = CARTESIAN_POINT ( 'NONE',  ( -18.12573689457236270, 5.582774469701778486, -660.1147140781901044 ) ) ;
#1913 = CARTESIAN_POINT ( 'NONE',  ( 0.000000000000000000, 0.000000000000000000, 0.000000000000000000 ) ) ;
#1914 = CARTESIAN_POINT ( 'NONE',  ( -41.19111961808626177, -35.64213203055339108, -330.0104949334779008 ) ) ;
#1915 = CARTESIAN_POINT ( 'NONE',  ( 2.280804861958541707, -26.94431025331281049, -630.0414814863828497 ) ) ;
#1916 = CARTESIAN_POINT ( 'NONE',  ( 59.73248140439067555, 8.668049696376174396, -299.9258731499762121 ) ) ;
#1917 = CARTESIAN_POINT ( 'NONE',  ( -54.36952793995805422, 19.95846653021251171, -360.0028709458034655 ) ) ;
#1918 = CARTESIAN_POINT ( 'NONE',  ( 31.17244539188974883, 56.84363278298769018, -119.8781736735586207 ) ) ;
#1919 = CARTESIAN_POINT ( 'NONE',  ( 0.3643524597696901068, 23.33381371992321007, -716.0790747558233988 ) ) ;
#1920 = CARTESIAN_POINT ( 'NONE',  ( -12.34011456279993446, -55.18574521447526848, -179.7573051204397530 ) ) ;
#1921 = CARTESIAN_POINT ( 'NONE',  ( -0.4504276179189680152, 16.44710904511785188, -730.0780371991986613 ) ) ;
#1922 = CARTESIAN_POINT ( 'NONE',  ( 22.84551141482083025, -20.21725571576481784, -570.0640010862963436 ) ) ;
#1923 = CARTESIAN_POINT ( 'NONE',  ( 42.25659852069235711, 30.60919295229687265, -450.0055018290918838 ) ) ;
#1924 = CARTESIAN_POINT ( 'NONE',  ( -22.04911856863478903, 84.59281834695842406, -240.2019763499487510 ) ) ;
#1925 = CARTESIAN_POINT ( 'NONE',  ( 50.23448793736422147, -2.888636641579458431, -420.0050310766845882 ) ) ;
#1926 = CARTESIAN_POINT ( 'NONE',  ( -57.36948398597213128, -3.611931439565115198, -330.0104949334775597 ) ) ;
#1927 = CARTESIAN_POINT ( 'NONE',  ( 0.2262851672493292332, 14.10514500603365740, -735.0000000000004547 ) ) ;
#1928 = CARTESIAN_POINT ( 'NONE',  ( -54.63401553909810815, 8.990403138800170169, -90.82262204780759873 ) ) ;
#1929 = CARTESIAN_POINT ( 'NONE',  ( -1.660886374099049378, -0.8361801277738016847, -735.0000000000009095 ) ) ;
#1930 = CARTESIAN_POINT ( 'NONE',  ( -32.20227155307264155, -43.67653231777470069, -330.0104949334740354 ) ) ;
#1931 = CARTESIAN_POINT ( 'NONE',  ( 23.03541822379455084, 52.87675208211633304, -480.0045523954821078 ) ) ;
#1932 = CARTESIAN_POINT ( 'NONE',  ( 43.53665535146698318, 13.47093190645213667, -480.0045523954855184 ) ) ;
#1933 = CARTESIAN_POINT ( 'NONE',  ( -51.57067809192957242, 9.706256048597259323, -60.20661486047656297 ) ) ;
#1934 = CARTESIAN_POINT ( 'NONE',  ( 32.40630806077584936, 80.10294481927159893, -210.0478857760832057 ) ) ;
#1935 = CARTESIAN_POINT ( 'NONE',  ( 1.617324376446497514, 45.73648990069642650, -630.0414814863817128 ) ) ;
#1936 = CARTESIAN_POINT ( 'NONE',  ( -62.03673262209949257, 14.55685369969292253, -240.2019763499491205 ) ) ;
#1937 = CARTESIAN_POINT ( 'NONE',  ( 3.135793343387820897, -33.94554433284510964, -570.0640010862999816 ) ) ;
#1938 = CARTESIAN_POINT ( 'NONE',  ( 1.891651953670912475E-05, 82.05248033630779503, -269.8562572437998028 ) ) ;
#1939 = CARTESIAN_POINT ( 'NONE',  ( -0.5946878572700113885, 39.16172377641216684, -33.67897120884717310 ) ) ;
#1940 = FACE_OUTER_BOUND ( 'NONE', #1204, .T. ) ;
#1941 = CARTESIAN_POINT ( 'NONE',  ( 3.191592868105729064, 2.792680197122272112, -730.0780371991990023 ) ) ;
#1942 = CARTESIAN_POINT ( 'NONE',  ( -12.45101289960697066, 0.4597297555685653236, -690.0138044314159060 ) ) ;
#1943 = CARTESIAN_POINT ( 'NONE',  ( -0.7173103013417306828, 13.37869710282390834, -734.9999999999996589 ) ) ;
#1944 = CARTESIAN_POINT ( 'NONE',  ( 28.22569128785416126, -38.89287487318281222, -420.0050310766786765 ) ) ;
#1945 = CARTESIAN_POINT ( 'NONE',  ( -59.93475989941105553, 28.55788762345912346, -240.2019763499489784 ) ) ;
#1946 = CARTESIAN_POINT ( 'NONE',  ( -22.59656573474867614, -12.52667679743965223, -600.0593740079234522 ) ) ;
#1947 = CARTESIAN_POINT ( 'NONE',  ( -29.74631113035765750, -40.75708091105457243, -390.0054354190793333 ) ) ;
#1948 = CARTESIAN_POINT ( 'NONE',  ( 44.58462116406912656, 21.05561347604361799, -60.20661486047688271 ) ) ;
#1949 = CARTESIAN_POINT ( 'NONE',  ( 28.19452076781665895, 58.84014598178328725, -390.0054354190796744 ) ) ;
#1950 = CARTESIAN_POINT ( 'NONE',  ( 34.50703407399070954, 18.48830889063965088, -539.9930887323606612 ) ) ;
#1951 = CARTESIAN_POINT ( 'NONE',  ( -49.02097172619912868, 14.91062212566254708, -60.20661486047636402 ) ) ;
#1952 = CARTESIAN_POINT ( 'NONE',  ( 7.663169188711186131, 59.33448584247316404, -510.0070289517062179 ) ) ;
#1953 = CARTESIAN_POINT ( 'NONE',  ( 1.835907340579471247, -23.55544059935756707, -660.1147140781912412 ) ) ;
#1954 = CARTESIAN_POINT ( 'NONE',  ( -0.7323249907825863936, 85.60569882394347019, -149.2020492516148238 ) ) ;
#1955 = CARTESIAN_POINT ( 'NONE',  ( 1.644198162301130361, -0.8692762727785773302, -735.0000000000001137 ) ) ;
#1956 = CARTESIAN_POINT ( 'NONE',  ( 57.36948837618869845, -3.611896495551424557, -330.0104949334751723 ) ) ;
#1957 = CARTESIAN_POINT ( 'NONE',  ( -58.97127255347248109, -3.742487930662058648, -299.9258731499761552 ) ) ;
#1958 = CARTESIAN_POINT ( 'NONE',  ( -0.3129621076420169845, -6.435319772813406836, -735.0000000000010232 ) ) ;
#1959 = CARTESIAN_POINT ( 'NONE',  ( -21.33300162613250706, 32.74372237773701499, -600.0593740079208374 ) ) ;
#1960 = CARTESIAN_POINT ( 'NONE',  ( 28.70215689251973501, -25.47070409723447781, -510.0070289517072410 ) ) ;
#1961 = CARTESIAN_POINT ( 'NONE',  ( 0.000000000000000000, 0.000000000000000000, 0.000000000000000000 ) ) ;
#1962 = CARTESIAN_POINT ( 'NONE',  ( -25.40883751532767576, -11.33459149864084381, 6.809709295715922650 ) ) ;
#1963 = CARTESIAN_POINT ( 'NONE',  ( -32.40961346966673773, -43.04074222614735845, -119.8781736735588765 ) ) ;
#1964 = CARTESIAN_POINT ( 'NONE',  ( 31.17244539188974883, 56.84363278298769018, -119.8781736735586207 ) ) ;
#1965 = CARTESIAN_POINT ( 'NONE',  ( 47.12655318352665290, -5.484276518535038392, -33.67897120884728679 ) ) ;
#1966 = CARTESIAN_POINT ( 'NONE',  ( 9.057002793010662245, 5.399983414384872837, 0.000000000000000000 ) ) ;
#1967 = CARTESIAN_POINT ( 'NONE',  ( -9.245485872651171277, -45.53593289402964928, -450.0055018290961470 ) ) ;
#1968 = CARTESIAN_POINT ( 'NONE',  ( 23.89533556572098050, 42.73102890567083278, -539.9930887323621391 ) ) ;
#1969 = CARTESIAN_POINT ( 'NONE',  ( -1.923738640965608315, 51.37656870360743255, -600.0593740079231111 ) ) ;
#1970 = CARTESIAN_POINT ( 'NONE',  ( -0.0002743154308502537136, -57.15573640846409376, -210.0478857760850815 ) ) ;
#1971 = CARTESIAN_POINT ( 'NONE',  ( 44.94515677979082113, -13.14282198089121501, -11.39281912759560100 ) ) ;
#1972 = CARTESIAN_POINT ( 'NONE',  ( -57.56524625242500548, -9.765698641294177307, -299.9258731499757005 ) ) ;
#1973 = CARTESIAN_POINT ( 'NONE',  ( -35.38636223564155614, 29.22767311224942688, -510.0070289517105948 ) ) ;
#1974 = CARTESIAN_POINT ( 'NONE',  ( 25.40244363059035848, -37.43125985974693748, -11.39281912759562587 ) ) ;
#1975 = CARTESIAN_POINT ( 'NONE',  ( -6.484609916373218930, 8.422813527943219469, -716.0790747558231715 ) ) ;
#1976 = CARTESIAN_POINT ( 'NONE',  ( -48.50836586465483435, -23.46264441884811802, -90.82262204780670345 ) ) ;
#1977 = CARTESIAN_POINT ( 'NONE',  ( -12.30707277288315815, -30.51552608886682094, -570.0640010862986173 ) ) ;
#1978 = CARTESIAN_POINT ( 'NONE',  ( 48.01656625130816280, 45.19475094105706603, -299.9258731499754163 ) ) ;
#1979 = CARTESIAN_POINT ( 'NONE',  ( 32.79066894813762190, 29.85707200286981688, -11.39281912759555837 ) ) ;
#1980 = CARTESIAN_POINT ( 'NONE',  ( 0.000000000000000000, 0.000000000000000000, 0.000000000000000000 ) ) ;
#1981 = CARTESIAN_POINT ( 'NONE',  ( -54.84363791831726331, 46.73649627812966401, -179.7573051204385024 ) ) ;
#1982 = CARTESIAN_POINT ( 'NONE',  ( 28.70215689251973501, -25.47070409723447781, -510.0070289517072410 ) ) ;
#1983 = CARTESIAN_POINT ( 'NONE',  ( 46.70518943186912253, 44.15799004042601439, -330.0104949334768776 ) ) ;
#1984 = CARTESIAN_POINT ( 'NONE',  ( 0.01072291076965425742, 62.76134168025001969, -480.0045523954842679 ) ) ;
#1985 = CARTESIAN_POINT ( 'NONE',  ( -0.7262316261132045758, 77.06517708820878454, -299.9258731499762121 ) ) ;
#1986 = CARTESIAN_POINT ( 'NONE',  ( 0.01428708493369623342, -23.69879412782525918, -660.1147140781915823 ) ) ;
#1987 = CARTESIAN_POINT ( 'NONE',  ( 25.53190632214344902, -4.369905141958673411, -600.0593740079240206 ) ) ;
#1988 = CARTESIAN_POINT ( 'NONE',  ( -35.46232658819942429, 0.7121478696338254810, -539.9930887323621391 ) ) ;
#1989 = CARTESIAN_POINT ( 'NONE',  ( -43.13106069348798144, 41.22269795476919541, -390.0054354190834260 ) ) ;
#1990 = CARTESIAN_POINT ( 'NONE',  ( 9.286689496424877177, -10.93242033806547298, -690.0138044314123817 ) ) ;
#1991 = CARTESIAN_POINT ( 'NONE',  ( -58.35194693913872044, 37.77638905778291445, -210.0478857760842288 ) ) ;
#1992 = CARTESIAN_POINT ( 'NONE',  ( -35.72195451136280298, -13.80871709956619497, -510.0070289517093443 ) ) ;
#1993 = CARTESIAN_POINT ( 'NONE',  ( -13.03906758505928032, -20.27946623831838835, -630.0414814863821675 ) ) ;
#1994 = CARTESIAN_POINT ( 'NONE',  ( 60.34372420865626196, -2.462806283541042696, -269.8562572438009397 ) ) ;
#1995 = CARTESIAN_POINT ( 'NONE',  ( -52.70142440294402775, 25.80510865200464465, -360.0028709458010212 ) ) ;
#1996 = CARTESIAN_POINT ( 'NONE',  ( 24.01137497916796448, -51.86817526395274314, -240.2019763499489784 ) ) ;
#1997 = CARTESIAN_POINT ( 'NONE',  ( 35.26578957948389359, 37.51970402217607159, -480.0045523954842679 ) ) ;
#1998 = CARTESIAN_POINT ( 'NONE',  ( 58.01507203636393939, 35.46893562163275249, -240.2019763499490352 ) ) ;
#1999 = CARTESIAN_POINT ( 'NONE',  ( 1.826646887317620704, 6.691209865822441927, -735.0000000000003411 ) ) ;
#2000 = CARTESIAN_POINT ( 'NONE',  ( 9.526924110784991129, -5.151968653061249626, 0.000000000000000000 ) ) ;
#2001 = CARTESIAN_POINT ( 'NONE',  ( -61.03011956897532286, 3.974107599346853537, -269.8562572437989502 ) ) ;
#2002 = CARTESIAN_POINT ( 'NONE',  ( -14.28341944429064370, 25.14108711263341434, -660.1147140781901044 ) ) ;
#2003 = CARTESIAN_POINT ( 'NONE',  ( 19.70420670591677137, -17.79397176451319851, -600.0593740079215195 ) ) ;
#2004 = CARTESIAN_POINT ( 'NONE',  ( 52.02383429059266717, 19.41330877082191009, -390.0054354190802428 ) ) ;
#2005 = CARTESIAN_POINT ( 'NONE',  ( -54.26725456517782220, -20.71783833831018384, -269.8562572437987228 ) ) ;
#2006 = CARTESIAN_POINT ( 'NONE',  ( 2.597252611646421183, 10.67645244210722844, -730.0780371991983202 ) ) ;
#2007 = CARTESIAN_POINT ( 'NONE',  ( -8.740906296553554000, -6.338115524764631026, 0.000000000000000000 ) ) ;
#2008 = CARTESIAN_POINT ( 'NONE',  ( 3.191810375968375357, 3.999118710333628091, -730.0780371991987749 ) ) ;
#2009 = CARTESIAN_POINT ( 'NONE',  ( -43.13106069348798144, 41.22269795476919541, -390.0054354190834260 ) ) ;
#2010 = CARTESIAN_POINT ( 'NONE',  ( 13.03321985197905697, -20.30865460919705967, -630.0414814863831907 ) ) ;
#2011 = CARTESIAN_POINT ( 'NONE',  ( 4.082500884507028083, 9.387774666777062293, 0.000000000000000000 ) ) ;
#2012 = CARTESIAN_POINT ( 'NONE',  ( 4.315427115631793598, 68.25176008015533569, -119.8781736735584786 ) ) ;
#2013 = CARTESIAN_POINT ( 'NONE',  ( 58.35213610523493344, 37.77590778159797225, -210.0478857760844562 ) ) ;
#2014 = CARTESIAN_POINT ( 'NONE',  ( 0.5998809011731904839, 39.16164436229688306, -33.67897120884717310 ) ) ;
#2015 = CARTESIAN_POINT ( 'NONE',  ( 0.000000000000000000, 0.000000000000000000, 0.000000000000000000 ) ) ;
#2016 = CARTESIAN_POINT ( 'NONE',  ( -47.66620723740217613, 32.42009866813847196, -390.0054354190757522 ) ) ;
#2017 = CARTESIAN_POINT ( 'NONE',  ( 5.388853251743982220, 14.87441627065043726, -716.0790747558226030 ) ) ;
#2018 = CARTESIAN_POINT ( 'NONE',  ( 9.140636966620782289, -39.32455814000029193, -510.0070289517105948 ) ) ;
#2019 = CARTESIAN_POINT ( 'NONE',  ( 19.85964567766991351, 24.32214331675570307, -630.0414814863830770 ) ) ;
#2020 = CARTESIAN_POINT ( 'NONE',  ( -56.02248681892161386, -17.29064817964372480, -179.7573051204383319 ) ) ;
#2021 = CARTESIAN_POINT ( 'NONE',  ( -22.84127180024631798, -20.22043013709968662, -570.0640010862996405 ) ) ;
#2022 = CARTESIAN_POINT ( 'NONE',  ( 6.331286697042771472, 36.75024418403310023, -660.1147140781912412 ) ) ;
#2023 = CARTESIAN_POINT ( 'NONE',  ( 58.82443636234952322, -11.26952394747489805, -210.0478857760841152 ) ) ;
#2024 = CARTESIAN_POINT ( 'NONE',  ( -40.08030373455633111, 48.62518228708384527, -119.8781736735586634 ) ) ;
#2025 = CARTESIAN_POINT ( 'NONE',  ( 5.417379281819282966, -52.87368917235554733, -360.0028709458023854 ) ) ;
#2026 = CARTESIAN_POINT ( 'NONE',  ( 0.8295844920902301078, 10.20597254474725091, 0.000000000000000000 ) ) ;
#2027 = CARTESIAN_POINT ( 'NONE',  ( -7.056923734563874895, -36.72960557754190347, -539.9930887323595243 ) ) ;
#2028 = CARTESIAN_POINT ( 'NONE',  ( 0.5928420935488919463, 43.42382696115755181, -11.39281912759561166 ) ) ;
#2029 = CARTESIAN_POINT ( 'NONE',  ( 46.00114905873760307, -7.314213388037400954, -450.0055018290976250 ) ) ;
#2030 = CARTESIAN_POINT ( 'NONE',  ( -41.08702391120529995, 59.65956361998558322, -269.8562572437959375 ) ) ;
#2031 = CARTESIAN_POINT ( 'NONE',  ( 1.615740263082455996, 9.200470069357798764, -735.0000000000005684 ) ) ;
#2032 = CARTESIAN_POINT ( 'NONE',  ( 8.966634430415178159, -24.06052315110656181, -630.0414814863813717 ) ) ;
#2033 = CARTESIAN_POINT ( 'NONE',  ( 16.79166655427499677, 17.25792324658716836, -660.1147140781916960 ) ) ;
#2034 = CARTESIAN_POINT ( 'NONE',  ( -18.00513611307788508, 2.656773946130909003, -660.1147140781946518 ) ) ;
#2035 = CARTESIAN_POINT ( 'NONE',  ( -19.70408416488456282, -17.80157609331832091, -600.0593740079222016 ) ) ;
#2036 = CARTESIAN_POINT ( 'NONE',  ( 19.27895474771545281, 65.12033422180972764, -390.0054354190783670 ) ) ;
#2037 = CARTESIAN_POINT ( 'NONE',  ( 44.94515677979082113, -13.14282198089121501, -11.39281912759560100 ) ) ;
#2038 = CARTESIAN_POINT ( 'NONE',  ( -38.55805782237314361, 34.56561873337162893, -90.82262204780880666 ) ) ;
#2039 = CARTESIAN_POINT ( 'NONE',  ( -10.62695000768653841, -27.33678362090296687, -600.0593740079207237 ) ) ;
#2040 = CARTESIAN_POINT ( 'NONE',  ( 12.31244819809066193, -30.51387146566994701, -570.0640010862990721 ) ) ;
#2041 = CARTESIAN_POINT ( 'NONE',  ( 0.004015234259115152415, 85.60563742188395508, -149.2020492516148238 ) ) ;
#2042 = CARTESIAN_POINT ( 'NONE',  ( 4.422047465731763438, 85.48866567682976836, -149.2020492516147101 ) ) ;
#2043 = CARTESIAN_POINT ( 'NONE',  ( -2.616062953550176484, -18.70496671197872018, -690.0138044314143144 ) ) ;
#2044 = CARTESIAN_POINT ( 'NONE',  ( -2.861244941692632493E-05, 51.43992648695463998, -600.0593740079231111 ) ) ;
#2045 = CARTESIAN_POINT ( 'NONE',  ( 60.24031164715340481, -6.000028713873527764, -240.2019763499492910 ) ) ;
#2046 = CARTESIAN_POINT ( 'NONE',  ( -41.51449072703968568, 66.96183249628062129, -240.2019763499497742 ) ) ;
#2047 = CARTESIAN_POINT ( 'NONE',  ( 25.94644534841609484, 18.39219451084474244, -600.0593740079228837 ) ) ;
#2048 = CARTESIAN_POINT ( 'NONE',  ( -60.80657673005884334, -4.617815424319638318, -210.0478857760843141 ) ) ;
#2049 = CARTESIAN_POINT ( 'NONE',  ( -22.13338476282912026, -16.86571598407845229, 6.809709295715933308 ) ) ;
#2050 = CARTESIAN_POINT ( 'NONE',  ( 6.331286697042771472, 36.75024418403310023, -660.1147140781912412 ) ) ;
#2051 = CARTESIAN_POINT ( 'NONE',  ( 1.249782452742529859, 15.31180144915120778, -730.0780371991979791 ) ) ;
#2052 = CARTESIAN_POINT ( 'NONE',  ( 0.000000000000000000, 0.000000000000000000, 0.000000000000000000 ) ) ;
#2053 = CARTESIAN_POINT ( 'NONE',  ( -39.24628746827309556, 54.37769577967915069, -330.0104949334748312 ) ) ;
#2054 = CARTESIAN_POINT ( 'NONE',  ( 0.5735300068020284803, -9.440509158134840817, -730.0780371991982065 ) ) ;
#2055 = CARTESIAN_POINT ( 'NONE',  ( 0.9500276787072033935, 31.16011082881263761, -690.0138044314147692 ) ) ;
#2056 = CARTESIAN_POINT ( 'NONE',  ( 0.1493325580608876046, 16.48535816131598608, -730.0780371991984339 ) ) ;
#2057 = CARTESIAN_POINT ( 'NONE',  ( -0.01131324752488053510, 39.13002793633339138, -660.1147140781920371 ) ) ;
#2058 = CARTESIAN_POINT ( 'NONE',  ( 51.74628047988553448, -25.30509199164377065, -179.7573051204388150 ) ) ;
#2059 = CARTESIAN_POINT ( 'NONE',  ( 0.000000000000000000, 0.000000000000000000, 0.000000000000000000 ) ) ;
#2060 = CARTESIAN_POINT ( 'NONE',  ( 0.000000000000000000, 0.000000000000000000, 0.000000000000000000 ) ) ;
#2061 = CARTESIAN_POINT ( 'NONE',  ( 0.000000000000000000, 0.000000000000000000, 0.000000000000000000 ) ) ;
#2062 = CARTESIAN_POINT ( 'NONE',  ( -35.46232658819942429, 0.7121478696338254810, -539.9930887323621391 ) ) ;
#2063 = CARTESIAN_POINT ( 'NONE',  ( -39.73654914203666522, -34.58854437402217030, -360.0028709458014760 ) ) ;
#2064 = CARTESIAN_POINT ( 'NONE',  ( 42.56164704223937179, -6.292817735070864060, -480.0045523954869395 ) ) ;
#2065 = CARTESIAN_POINT ( 'NONE',  ( -7.639473522698542851, 6.998452489240524876, 0.000000000000000000 ) ) ;
#2066 = CARTESIAN_POINT ( 'NONE',  ( -13.85848560418141773, -33.73211635497855099, -539.9930887323603201 ) ) ;
#2067 = CARTESIAN_POINT ( 'NONE',  ( 2.591129919858741637, -29.08237050807968060, 6.809709295715944855 ) ) ;
#2068 = CARTESIAN_POINT ( 'NONE',  ( 54.84264391569475805, 46.73824515585214101, -179.7573051204377634 ) ) ;
#2069 = VERTEX_POINT ( 'NONE', #1508 ) ;
#2070 = CARTESIAN_POINT ( 'NONE',  ( 46.35358252152511938, 7.557553500252727652, -11.39281912759559745 ) ) ;
#2071 = DIRECTION ( 'NONE',  ( 0.000000000000000000, 0.000000000000000000, 1.000000000000000000 ) ) ;
#2072 = CARTESIAN_POINT ( 'NONE',  ( 9.472623782424747674, 42.55007544326699076, -11.39281912759560456 ) ) ;
#2073 = CARTESIAN_POINT ( 'NONE',  ( 0.7456600159415970319, 90.81360656237251305, -240.2019763499494047 ) ) ;
#2074 = CARTESIAN_POINT ( 'NONE',  ( 0.7390421185877686927, 82.05248005473453077, -269.8562572437998028 ) ) ;
#2075 = CARTESIAN_POINT ( 'NONE',  ( 56.19889238984426783, -17.66051857297663119, -210.0478857760849394 ) ) ;
#2076 = EDGE_CURVE ( 'NONE', #1097, #1188, #2234, .T. ) ;
#2077 = CARTESIAN_POINT ( 'NONE',  ( -26.69506714482822929, 56.81710992316430975, -420.0050310766863504 ) ) ;
#2078 = CARTESIAN_POINT ( 'NONE',  ( 17.91480809981917943, 29.39299955319916791, -630.0414814863760284 ) ) ;
#2079 = CARTESIAN_POINT ( 'NONE',  ( 58.49368071400098756, 11.31120893847326236, -119.8781736735577113 ) ) ;
#2080 = CARTESIAN_POINT ( 'NONE',  ( 0.000000000000000000, 0.000000000000000000, 0.000000000000000000 ) ) ;
#2081 = CARTESIAN_POINT ( 'NONE',  ( -10.02953475259712057, -4.224356211647382509, 0.000000000000000000 ) ) ;
#2082 = CARTESIAN_POINT ( 'NONE',  ( 0.000000000000000000, 0.000000000000000000, 0.000000000000000000 ) ) ;
#2083 = CARTESIAN_POINT ( 'NONE',  ( 41.09795794952151482, -10.98150387143225792, -480.0045523954851774 ) ) ;
#2084 = CARTESIAN_POINT ( 'NONE',  ( -60.35876847705082326, 17.07771264977271386, -269.8562572437980975 ) ) ;
#2085 = CARTESIAN_POINT ( 'NONE',  ( -18.55872536518587523, 48.96861116882029563, -539.9930887323633897 ) ) ;
#2086 = CARTESIAN_POINT ( 'NONE',  ( -24.58119119715419743, -34.42040292443164162, -480.0045523954865985 ) ) ;
#2087 = CARTESIAN_POINT ( 'NONE',  ( 14.36685524894467036, -55.28946295702714764, -210.0478857760833193 ) ) ;
#2088 = CARTESIAN_POINT ( 'NONE',  ( 42.25659852069235711, 30.60919295229687265, -450.0055018290918838 ) ) ;
#2089 = SHAPE_DEFINITION_REPRESENTATION ( #2615, #974 ) ;
#2090 = CARTESIAN_POINT ( 'NONE',  ( -0.04003860307225717147, 60.35665022981095973, -510.0070289517102538 ) ) ;
#2091 = CARTESIAN_POINT ( 'NONE',  ( 2.807804471574913752, -16.00729114924223495, -716.0790747558247631 ) ) ;
#2092 = CARTESIAN_POINT ( 'NONE',  ( -8.493233185061894730, 61.66610807409967521, -480.0045523954867690 ) ) ;
#2093 = CARTESIAN_POINT ( 'NONE',  ( 32.99852976142290117, -19.19496684885312021, -510.0070289517100264 ) ) ;
#2094 = CARTESIAN_POINT ( 'NONE',  ( -0.7173103013417306828, 13.37869710282390834, -734.9999999999996589 ) ) ;
#2095 = CARTESIAN_POINT ( 'NONE',  ( 47.26624579196816711, 2.306939020849823052, -33.67897120884715889 ) ) ;
#2096 = CARTESIAN_POINT ( 'NONE',  ( -27.73032211104401057, -3.680399009417371747, 6.809709295715906663 ) ) ;
#2097 = CARTESIAN_POINT ( 'NONE',  ( -28.35565659748307255, -9.525851489251097703, -570.0640010863000953 ) ) ;
#2098 = CARTESIAN_POINT ( 'NONE',  ( 54.26723389803622410, -20.71786940649679565, -269.8562572437983818 ) ) ;
#2099 = CARTESIAN_POINT ( 'NONE',  ( -47.26562432588158913, 2.311703458117732257, -33.67897120884724416 ) ) ;
#2100 = CARTESIAN_POINT ( 'NONE',  ( -21.46447118585081526, 71.48382674004194826, -299.9258731499755299 ) ) ;
#2101 = CARTESIAN_POINT ( 'NONE',  ( -7.793780292811943511, -39.87432123494011194, -510.0070289517087758 ) ) ;
#2102 = CARTESIAN_POINT ( 'NONE',  ( 46.52167829134545229, 6.146534074936435665, -33.67897120884727968 ) ) ;
#2103 = CARTESIAN_POINT ( 'NONE',  ( -59.93475989941105553, 28.55788762345912346, -240.2019763499489784 ) ) ;
#2104 = CARTESIAN_POINT ( 'NONE',  ( 29.37017820025646486, 33.02580449666279350, -60.20661486047698929 ) ) ;
#2105 = CARTESIAN_POINT ( 'NONE',  ( -0.01131324752488053510, 39.13002793633339138, -660.1147140781920371 ) ) ;
#2106 = CARTESIAN_POINT ( 'NONE',  ( 11.43258544786521824, -47.42280209930564183, -420.0050310766820871 ) ) ;
#2107 = CARTESIAN_POINT ( 'NONE',  ( -0.5223071997379806763, 60.35575170942176015, -510.0070289517102538 ) ) ;
#2108 = CARTESIAN_POINT ( 'NONE',  ( 35.76407413474272801, -13.71560975179269448, -510.0070289517088895 ) ) ;
#2109 = CARTESIAN_POINT ( 'NONE',  ( -4.129975507815454527, 50.11983999697701364, -90.82262204780673187 ) ) ;
#2110 = CARTESIAN_POINT ( 'NONE',  ( 59.04195686156538159, 5.569184674503794952, -119.8781736735592034 ) ) ;
#2111 = CARTESIAN_POINT ( 'NONE',  ( -58.63586292964408386, -10.97312460293700553, -179.7573051204385024 ) ) ;
#2112 = CARTESIAN_POINT ( 'NONE',  ( 24.12978142494622702, -13.76168367911133750, 6.809709295715929755 ) ) ;
#2113 = CARTESIAN_POINT ( 'NONE',  ( -3.176067033498572112, 4.505891141470931061, -730.0780371991985476 ) ) ;
#2114 = CARTESIAN_POINT ( 'NONE',  ( -23.01667578983612117, 52.89439961473544827, -480.0045523954847795 ) ) ;
#2115 = CARTESIAN_POINT ( 'NONE',  ( -42.60360763389926575, -28.54644107672189435, -60.20661486047686140 ) ) ;
#2116 = CARTESIAN_POINT ( 'NONE',  ( 1.835907340579471247, -23.55544059935756707, -660.1147140781912412 ) ) ;
#2117 = CARTESIAN_POINT ( 'NONE',  ( 47.13784456571777071, 13.41542648018533512, -450.0055018290918838 ) ) ;
#2118 = CARTESIAN_POINT ( 'NONE',  ( 0.01072291076965425742, 62.76134168025001969, -480.0045523954842679 ) ) ;
#2119 = CARTESIAN_POINT ( 'NONE',  ( -34.50088751105484164, 18.51564824300871237, -539.9930887323619118 ) ) ;
#2120 = CARTESIAN_POINT ( 'NONE',  ( 1.249782452742529859, 15.31180144915120778, -730.0780371991979791 ) ) ;
#2121 = CARTESIAN_POINT ( 'NONE',  ( 4.315427115631793598, 68.25176008015533569, -119.8781736735584786 ) ) ;
#2122 = CARTESIAN_POINT ( 'NONE',  ( -47.47047226509398143, -1.575220593207553366, -33.67897120884710915 ) ) ;
#2123 = CARTESIAN_POINT ( 'NONE',  ( 5.161814489561456831, -50.98490328556724194, -90.82262204780666082 ) ) ;
#2124 = CARTESIAN_POINT ( 'NONE',  ( -3.559613400781029391, 43.35527035917928629, -11.39281912759560811 ) ) ;
#2125 = CARTESIAN_POINT ( 'NONE',  ( 48.75857701111207376, -28.37700676684745105, -299.9258731499761552 ) ) ;
#2126 = CARTESIAN_POINT ( 'NONE',  ( -4.475954026878387282, 93.56387224206639530, -179.7573051204384171 ) ) ;
#2127 = CARTESIAN_POINT ( 'NONE',  ( 47.64490156834924761, 8.151699402322954313, -450.0055018290949533 ) ) ;
#2128 = CARTESIAN_POINT ( 'NONE',  ( 0.000000000000000000, 0.000000000000000000, 0.000000000000000000 ) ) ;
#2129 = CARTESIAN_POINT ( 'NONE',  ( -1.660886374099049378, -0.8361801277738016847, -735.0000000000009095 ) ) ;
#2130 = CARTESIAN_POINT ( 'NONE',  ( 29.57868742540323836, -17.13334960690231057, -539.9930887323590696 ) ) ;
#2131 = CARTESIAN_POINT ( 'NONE',  ( -27.81678564068151260, 1.521331993305852670, 6.809709295715925315 ) ) ;
#2132 = CARTESIAN_POINT ( 'NONE',  ( -20.87758302230299279, 69.81227968180888865, -330.0104949334748312 ) ) ;
#2133 = CARTESIAN_POINT ( 'NONE',  ( -7.357278018189424174, -14.00872119441126173, -690.0138044314162471 ) ) ;
#2134 = CARTESIAN_POINT ( 'NONE',  ( -2.048165257737212031, -10.87228005011924026, 0.000000000000000000 ) ) ;
#2135 = CARTESIAN_POINT ( 'NONE',  ( 21.80276410907925211, 16.74481842227574546, -630.0414814863808033 ) ) ;
#2136 = CARTESIAN_POINT ( 'NONE',  ( -57.91070221394331696, 21.22233378773211143, -299.9258731499762121 ) ) ;
#2137 = CARTESIAN_POINT ( 'NONE',  ( 0.1867727017246051946, 16.47444247201217493, -730.0780371991985476 ) ) ;
#2138 = CARTESIAN_POINT ( 'NONE',  ( -59.69885430006761595, 2.417661923572440141, -299.9258731499767237 ) ) ;
#2139 = CARTESIAN_POINT ( 'NONE',  ( 0.8402780875663576898, -18.06185810909273215, -716.0790747558224894 ) ) ;
#2140 = CARTESIAN_POINT ( 'NONE',  ( -0.3206593755429896775, 51.43988498753765981, -600.0593740079231111 ) ) ;
#2141 = CARTESIAN_POINT ( 'NONE',  ( 19.70420670591677137, -17.79397176451319851, -600.0593740079215195 ) ) ;
#2142 = CARTESIAN_POINT ( 'NONE',  ( 11.95350793493869190, 29.86474308276199707, -660.1147140781896496 ) ) ;
#2143 = CARTESIAN_POINT ( 'NONE',  ( -4.492271719506150340, 94.20455588965906202, -210.0478857760843425 ) ) ;
#2144 = CARTESIAN_POINT ( 'NONE',  ( 0.04288316813142991485, 31.21489703027831908, -690.0138044314147692 ) ) ;
#2145 = CARTESIAN_POINT ( 'NONE',  ( 60.34372420865626196, -2.462806283541042696, -269.8562572438009397 ) ) ;
#2146 = CARTESIAN_POINT ( 'NONE',  ( -6.108829089736205198, -7.019401107905064663, -716.0790747558229441 ) ) ;
#2147 = CARTESIAN_POINT ( 'NONE',  ( 0.000000000000000000, 0.000000000000000000, 0.000000000000000000 ) ) ;
#2148 = CARTESIAN_POINT ( 'NONE',  ( -53.66505111542802808, 7.982653907899893042, -390.0054354190796175 ) ) ;
#2149 = CARTESIAN_POINT ( 'NONE',  ( -31.85110002019075992, 72.28889060381149534, -149.2020492516174670 ) ) ;
#2150 = CARTESIAN_POINT ( 'NONE',  ( -43.45601562182670818, -36.67370722968676944, -269.8562572437995186 ) ) ;
#2151 = CARTESIAN_POINT ( 'NONE',  ( 3.135793343387820897, -33.94554433284510964, -570.0640010862999816 ) ) ;
#2152 = CARTESIAN_POINT ( 'NONE',  ( 13.88633266142929479, 44.16619862946986075, -600.0593740079247027 ) ) ;
#2153 = CARTESIAN_POINT ( 'NONE',  ( 59.04195686156538159, 5.569184674503794952, -119.8781736735592034 ) ) ;
#2154 = CARTESIAN_POINT ( 'NONE',  ( -6.896764294449720722, 2.673517080490031894, -716.0790747558229441 ) ) ;
#2155 = CARTESIAN_POINT ( 'NONE',  ( 0.2719108233718954271, 45.79270504978551770, -630.0414814863817128 ) ) ;
#2156 = CARTESIAN_POINT ( 'NONE',  ( -53.63751231249317186, 2.289163930363307564, -390.0054354190780828 ) ) ;
#2157 = CARTESIAN_POINT ( 'NONE',  ( -0.3819684652671079261, -6.401712456781113225, -735.0000000000013642 ) ) ;
#2158 = CARTESIAN_POINT ( 'NONE',  ( -0.7377018302165281316, 68.35094351311646221, -119.8781736735584786 ) ) ;
#2159 = CARTESIAN_POINT ( 'NONE',  ( 22.47669855949417794, -31.81407791073888447, -510.0070289517107085 ) ) ;
#2160 = CARTESIAN_POINT ( 'NONE',  ( -4.430785500040901326, 29.44472354573202821, -690.0138044314138597 ) ) ;
#2161 = CARTESIAN_POINT ( 'NONE',  ( 59.69885512874777334, 2.417661915943379203, -299.9258731499769510 ) ) ;
#2162 = CARTESIAN_POINT ( 'NONE',  ( -62.61959210496647898, 9.274094303528434224, -210.0478857760845415 ) ) ;
#2163 = CARTESIAN_POINT ( 'NONE',  ( 49.68508525561839662, -20.12246483640065975, -360.0028709458006233 ) ) ;
#2164 = CARTESIAN_POINT ( 'NONE',  ( -12.22929124900304743, 12.06225304626153516, -690.0138044314148829 ) ) ;
#2165 = CARTESIAN_POINT ( 'NONE',  ( -10.90999592394862105, 39.70526768841252618, -60.20661486047664823 ) ) ;
#2166 = CARTESIAN_POINT ( 'NONE',  ( -22.13338476282912026, -16.86571598407845229, 6.809709295715933308 ) ) ;
#2167 = CARTESIAN_POINT ( 'NONE',  ( -20.60814767924533797, -47.09298799308911754, -90.82262204780700188 ) ) ;
#2168 = CARTESIAN_POINT ( 'NONE',  ( 39.99898063752927158, 9.075256558851993560, -510.0070289517060473 ) ) ;
#2169 = CARTESIAN_POINT ( 'NONE',  ( -43.53270454103019205, 13.49907205174626235, -480.0045523954837563 ) ) ;
#2170 = CARTESIAN_POINT ( 'NONE',  ( 11.65833158273076009, 39.41707738605943945, -630.0414814863776201 ) ) ;
#2171 = CARTESIAN_POINT ( 'NONE',  ( 4.357375423564620931, 76.95592664221975099, -299.9258731499763257 ) ) ;
#2172 = CARTESIAN_POINT ( 'NONE',  ( -1.924104217647192083, -56.36770182147534314, -299.9258731499772352 ) ) ;
#2173 = CARTESIAN_POINT ( 'NONE',  ( -2.933651390118417801, 60.27003272675700885, -510.0070289517102538 ) ) ;
#2174 = SHELL_BASED_SURFACE_MODEL ( 'NONE', ( #1611 ) );
#2175 = CARTESIAN_POINT ( 'NONE',  ( -9.228173329666264024, 64.08866759348310893, -450.0055018290935891 ) ) ;
#2176 = CARTESIAN_POINT ( 'NONE',  ( 0.04337014717828110294, -40.62070883412083333, -510.0070289517105948 ) ) ;
#2177 = CARTESIAN_POINT ( 'NONE',  ( 53.63753300144779246, 2.289701105530246306, -390.0054354190792196 ) ) ;
#2178 = CARTESIAN_POINT ( 'NONE',  ( -60.34373358093833417, -2.462773029240076017, -269.8562572438000871 ) ) ;
#2179 = CARTESIAN_POINT ( 'NONE',  ( 0.05827795976554283469, 50.19392225049837464, -90.82262204780668924 ) ) ;
#2180 = CARTESIAN_POINT ( 'NONE',  ( 34.34928757923882614, -43.15427657228219260, -149.2020492516142554 ) ) ;
#2181 = CARTESIAN_POINT ( 'NONE',  ( -42.60768188498477116, 18.49350610531404726, -480.0045523954845521 ) ) ;
#2182 = CARTESIAN_POINT ( 'NONE',  ( -32.94616342771900008, -19.28181251887847480, -510.0070289517078095 ) ) ;
#2183 = CARTESIAN_POINT ( 'NONE',  ( -10.20706315436971678, -26.91697770263438017, 6.809709295715888899 ) ) ;
#2184 = CARTESIAN_POINT ( 'NONE',  ( 32.27914868037914431, 79.56851665691941378, -179.7573051204404351 ) ) ;
#2185 = CARTESIAN_POINT ( 'NONE',  ( 26.93819404394977113, 10.75316541802644110, -600.0593740079232248 ) ) ;
#2186 = CARTESIAN_POINT ( 'NONE',  ( -58.13579333242219604, 37.58880471924779698, -179.7573051204386445 ) ) ;
#2187 = CARTESIAN_POINT ( 'NONE',  ( 41.08705234241054427, 59.65954019237507566, -269.8562572437988933 ) ) ;
#2188 = CARTESIAN_POINT ( 'NONE',  ( 2.457106543123229070, 30.70539781671136481, -690.0138044314160197 ) ) ;
#2189 = CARTESIAN_POINT ( 'NONE',  ( -11.54462751638025253, -55.14436499835406380, -299.9258731499754163 ) ) ;
#2190 = CARTESIAN_POINT ( 'NONE',  ( 0.002596521951584221648, 39.16168406935452140, -33.67897120884717310 ) ) ;
#2191 = CARTESIAN_POINT ( 'NONE',  ( -2.563502021951355125, 57.57704394561619665, -539.9930887323606612 ) ) ;
#2192 = CARTESIAN_POINT ( 'NONE',  ( 1.893719657125035649, 2.997169211399026256, -735.0000000000010232 ) ) ;
#2193 = CARTESIAN_POINT ( 'NONE',  ( 52.98747413963490516, -3.323956124211365992, -390.0054354190793333 ) ) ;
#2194 = CARTESIAN_POINT ( 'NONE',  ( -55.35759853329759039, -3.602470220745015883, -360.0028709458029539 ) ) ;
#2195 = CARTESIAN_POINT ( 'NONE',  ( -31.99023670474702286, 36.49630331869703070, -510.0070289517081505 ) ) ;
#2196 = CARTESIAN_POINT ( 'NONE',  ( 14.91382003996399241, -24.09118429158629127, 6.809709295715932420 ) ) ;
#2197 = CARTESIAN_POINT ( 'NONE',  ( -56.13268906977378947, 27.42036225133399796, -299.9258731499759278 ) ) ;
#2198 = CARTESIAN_POINT ( 'NONE',  ( -16.40574142442643435, -5.867697386078193134, -660.1147140781927192 ) ) ;
#2199 = CARTESIAN_POINT ( 'NONE',  ( -10.62695000768653841, -27.33678362090296687, -600.0593740079207237 ) ) ;
#2200 = CARTESIAN_POINT ( 'NONE',  ( 58.07519264907568157, 2.402668377061000005, -330.0104949334756270 ) ) ;
#2201 = CARTESIAN_POINT ( 'NONE',  ( -53.12141644270410268, 13.62739455980712400, -90.82262204780765558 ) ) ;
#2202 = B_SPLINE_SURFACE_WITH_KNOTS ( 'NONE', 3, 3, ( 
 ( #2423, #774, #2909, #1280, #785, #802, #1745, #2226, #1047, #651, #1596, #1102, #859, #1825, #2502, #1348, #2517, #1073, #2544, #2728, #2254, #1318, #875, #149, #634, #2057, #2766, #191, #2296, #1119 ),
 ( #404, #903, #3001, #2028, #2014, #2278, #429, #887, #1361, #2310, #160, #1133, #2074, #3016, #1838, #677, #2780, #1613, #2957, #617, #1552, #1407, #965, #2681, #567, #2452, #1594, #159, #1305, #2752 ),
 ( #1771, #2026, #2252, #1084, #147, #614, #2531, #2012, #2042, #873, #1823, #2971, #427, #856, #1346, #2712, #1581, #1796, #1116, #2954, #2740, #1359, #416, #2499, #2484, #630, #2055, #2294, #1564, #172 ),
 ( #1783, #2514, #401, #2072, #1812, #1331, #2276, #1099, #600, #189, #843, #204, #2725, #1549, #2985, #387, #649, #1316, #2998, #885, #2264, #1536, #2764, #661, #2542, #2308, #1131, #3014, #373, #625 ),
 ( #1589, #435, #1368, #642, #2979, #1819, #1574, #411, #2316, #1141, #1845, #1603, #1341, #1093, #155, #2787, #2036, #2287, #2495, #867, #1080, #183, #423, #1805, #1354, #2022, #1110, #668, #2051, #2964 ),
 ( #2082, #2993, #2760, #2302, #199, #562, #67, #1964, #1692, #2184, #2417, #82, #336, #2400, #518, #1500, #1949, #1225, #353, #1931, #1516, #1724, #2874, #2152, #2662, #1486, #794, #1255, #768, #1272 ),
 ( #2447, #115, #1040, #1979, #2918, #1710, #49, #824, #382, #800, #1907, #297, #2408, #312, #325, #551, #970, #2207, #104, #1030, #2454, #1968, #799, #1743, #2684, #2142, #2850, #248, #1179, #818 ),
 ( #2968, #1809, #398, #170, #2292, #1948, #1691, #1485, #2628, #66, #1271, #2218, #114, #1978, #2917, #2382, #2651, #1320, #367, #1708, #2647, #1483, #1124, #2734, #1558, #142, #1587, #1108, #2006, #2997 ),
 ( #3012, #898, #2969, #2777, #1579, #399, #1329, #2983, #647, #2068, #2776, #1147, #2930, #605, #1087, #2999, #456, #901, #1923, #1525, #1265, #2213, #2432, #1122, #2019, #864, #2933, #2284, #2704, #420 ),
 ( #821, #152, #2745, #2976, #1816, #2757, #1077, #1310, #164, #2961, #849, #878, #655, #2299, #2990, #1789, #2246, #1764, #196, #608, #622, #592, #835, #1528, #2732, #2033, #1777, #1802, #2477, #2947 ),
 ( #638, #2258, #1571, #379, #365, #2268, #179, #1556, #2492, #408, #1066, #1323, #2507, #1298, #1106, #140, #2004, #2719, #392, #1542, #1090, #2523, #1337, #2047, #1585, #2535, #1351, #269, #920, #2834 ),
 ( #2061, #25, #728, #2328, #2095, #1186, #1617, #2079, #447, #223, #2375, #1169, #1858, #2574, #1379, #891, #1650, #1138, #493, #3020, #907, #1154, #1842, #696, #681, #462, #432, #3036, #1828, #2547 ),
 ( #2769, #2605, #1633, #2801, #3004, #1395, #1874, #2110, #954, #1891, #2344, #240, #8, #936, #2818, #1667, #1431, #665, #2127, #711, #1365, #1599, #2313, #2784, #2590, #208, #2559, #477, #1414, #2360 ),
 ( #255, #803, #1202, #1017, #2621, #1234, #300, #1492, #76, #2440, #284, #2852, #1731, #2161, #89, #1909, #2177, #1464, #1003, #328, #510, #42, #786, #2410, #745, #1509, #1447, #1746, #1941, #1683 ),
 ( #2392, #1219, #554, #2883, #572, #2458, #315, #59, #988, #775, #1718, #2656, #2145, #542, #1956, #1247, #2193, #1925, #1477, #2687, #762, #2895, #2669, #1703, #2867, #972, #2424, #2640, #1262, #527 ),
 ( #2210, #107, #1033, #1971, #2910, #2519, #1294, #1281, #2958, #604, #405, #2045, #2279, #2489, #1774, #2242, #1334, #876, #2029, #846, #175, #1104, #2255, #2988, #1798, #1523, #2754, #1814, #861, #136 ),
 ( #2972, #361, #652, #2227, #1583, #346, #2716, #2928, #1319, #2700, #619, #124, #1539, #816, #377, #1760, #1062, #1086, #588, #1553, #2503, #1048, #1308, #1987, #150, #2742, #2473, #161, #1074, #635 ),
 ( #2015, #2000, #1786, #2943, #832, #2729, #389, #2265, #1567, #1648, #2075, #2545, #905, #678, #2832, #1631, #1376, #3033, #1839, #1349, #2108, #1597, #951, #430, #1362, #2782, #2311, #1152, #1135, #917 ),
 ( #2342, #3017, #663, #1889, #1614, #726, #6, #206, #2557, #2058, #443, #1412, #2588, #2125, #2533, #238, #888, #2325, #220, #2816, #2093, #709, #1855, #1120, #934, #2799, #1393, #193, #694, #2572 ),
 ( #460, #253, #1872, #1167, #418, #23, #475, #2358, #1184, #3002, #2297, #1826, #2767, #491, #827, #1534, #57, #1200, #2696, #969, #1982, #1665, #1922, #2141, #986, #39, #508, #2468, #1906, #2921 ),
 ( #1461, #2603, #1217, #356, #133, #582, #2407, #812, #2849, #2952, #525, #2482, #759, #743, #1429, #2709, #371, #2865, #1700, #1769, #2159, #1681, #2637, #339, #2010, #1755, #1275, #2221, #118, #2373 ),
 ( #146, #2619, #1445, #1043, #2390, #1519, #282, #1290, #2237, #1057, #267, #1996, #2938, #597, #1303, #1071, #2251, #2996, #1083, #2498, #1096, #2750, #2040, #1146, #2982, #2763, #884, #1822, #854, #1808 ),
 ( #897, #646, #2529, #1578, #2512, #660, #385, #2775, #1592, #2541, #2087, #870, #426, #840, #202, #613, #1373, #414, #1344, #1782, #2291, #1357, #2305, #673, #1608, #187, #2273, #1114, #2054, #1129 ),
 ( #215, #1834, #2067, #158, #2724, #1547, #1562, #3010, #1315, #1794, #2263, #2554, #440, #2738, #2320, #2025, #628, #2967, #397, #1328, #169, #245, #2151, #1690, #1915, #2116, #1401, #1865, #48, #517 ),
 ( #1175, #14, #1209, #2335, #1850, #2612, #943, #2565, #290, #230, #2627, #1880, #453, #1224, #2824, #1421, #735, #2350, #2841, #467, #688, #2366, #2381, #717, #2580, #501, #1160, #261, #1656, #2792 ),
 ( #1193, #2134, #980, #2596, #1454, #483, #1438, #3027, #1674, #32, #275, #1386, #961, #2399, #2858, #702, #1623, #1898, #751, #913, #2101, #3043, #927, #2807, #1639, #2888, #1270, #1531, #823, #1239 ),
 ( #994, #1752, #2183, #113, #1469, #2446, #2167, #2431, #1709, #547, #533, #1009, #2916, #2416, #335, #2217, #2233, #1484, #1766, #1254, #2693, #65, #1977, #2199, #1515, #307, #321, #2706, #809, #780 ),
 ( #130, #2935, #96, #1024, #1287, #1723, #81, #1963, #2902, #2479, #1039, #793, #2676, #1738, #1930, #579, #1947, #594, #2661, #561, #1499, #2465, #352, #1054, #1993, #368, #2873, #767, #2648, #2721 ),
 ( #1830, #2978, #1325, #2248, #1559, #1109, #1339, #198, #1125, #2509, #2735, #1573, #394, #2270, #2301, #2063, #667, #1353, #166, #610, #143, #1601, #2021, #2035, #1068, #2260, #1300, #1092, #410, #154 ),
 ( #893, #2007, #2049, #1544, #866, #1804, #1588, #2747, #2537, #381, #2949, #1818, #1079, #181, #837, #640, #2525, #2286, #422, #2494, #1779, #880, #2992, #1312, #2549, #2963, #2771, #2759, #851, #1791 ),
 ( #624, #3006, #657, #1860, #3022, #494, #1396, #2786, #2315, #2853, #1156, #1170, #1367, #1381, #434, #2345, #2591, #2330, #478, #210, #225, #2606, #2097, #1140, #9, #698, #1432, #2146, #2376, #2575 ),
 ( #2361, #2081, #463, #1634, #241, #1668, #683, #909, #26, #2111, #1844, #746, #1619, #43, #937, #2561, #1684, #1875, #2819, #1187, #2803, #256, #922, #449, #712, #2835, #1651, #3038, #955, #1415 ),
 ( #2128, #1892, #729, #270, #1203, #973, #1910, #1282, #1719, #2211, #2622, #2441, #2657, #1972, #989, #1004, #2228, #329, #301, #285, #543, #2911, #1263, #1478, #1018, #763, #1942, #2884, #1235, #1732 ),
 ( #2425, #90, #776, #1448, #108, #1704, #1049, #2642, #529, #316, #1465, #1248, #2178, #1957, #1926, #2194, #2393, #60, #2868, #804, #2896, #1988, #2929, #2670, #2411, #1220, #787, #555, #1493, #817 ),
 ( #1034, #1747, #2688, #573, #1510, #511, #2459, #347, #125, #77, #2162, #362, #2001, #2474, #589, #2944, #1761, #2701, #2243, #137, #1524, #1063, #1295, #3040, #2805, #1912, #714, #465, #2113, #924 ),
 ( #45, #480, #243, #2577, #227, #1653, #1143, #498, #2363, #2593, #2855, #700, #1418, #1605, #958, #1370, #2148, #1172, #1636, #2551, #1862, #258, #1190, #1435, #2378, #1398, #2347, #1877, #11, #940 ),
 ( #977, #1158, #2131, #29, #2099, #2789, #437, #2821, #2318, #1895, #1621, #2838, #2084, #685, #272, #1671, #1206, #212, #732, #3024, #2609, #911, #1848, #2563, #451, #1384, #2333, #1268, #1706, #2674 ),
 ( #1252, #807, #1750, #2659, #1513, #2215, #1928, #128, #350, #111, #531, #1945, #1221, #2444, #765, #1052, #2624, #2914, #577, #2181, #287, #1736, #62, #1022, #748, #1007, #2164, #79, #991, #2645 ),
 ( #1961, #2900, #2691, #2886, #2463, #778, #333, #1687, #1721, #545, #1991, #791, #1481, #2197, #2429, #514, #1037, #2871, #2231, #1467, #2414, #319, #305, #94, #1237, #559, #1497, #1975, #1451, #1285 ),
 ( #2396, #1075, #151, #606, #1734, #92, #1748, #348, #2689, #1787, #574, #363, #1526, #2475, #1495, #2460, #2016, #1035, #1296, #2244, #1973, #2672, #2959, #1511, #2730, #1064, #2442, #109, #1020, #557 ),
 ( #317, #1264, #1540, #331, #2427, #1050, #1283, #2490, #847, #378, #2229, #2912, #2212, #1309, #1479, #138, #1989, #2256, #1250, #126, #2195, #2945, #805, #1959, #2898, #2002, #2931, #819, #789, #833 ),
 ( #1762, #2702, #590, #1775, #2717, #1598, #2973, #889, #620, #877, #162, #2046, #2030, #2520, #1363, #862, #1827, #2768, #679, #2989, #2326, #2755, #207, #1554, #431, #653, #3018, #1799, #1815, #221 ),
 ( #2743, #1857, #1615, #1377, #1584, #2534, #2783, #177, #636, #906, #1568, #2504, #406, #419, #390, #1105, #2312, #2077, #2546, #1350, #664, #1335, #1321, #2298, #1153, #194, #2281, #2266, #2558, #2094 ),
 ( #2059, #1121, #3003, #1136, #1840, #445, #3034, #918, #1088, #1001, #2620, #1924, #1232, #1682, #1430, #727, #1413, #2851, #2343, #1701, #509, #1908, #2800, #1890, #744, #695, #2160, #1632, #2866, #526 ),
 ( #7, #1394, #24, #1666, #952, #74, #2833, #1446, #2391, #283, #2817, #2604, #298, #2359, #1218, #58, #254, #935, #2175, #492, #2573, #987, #710, #1185, #239, #1873, #2638, #760, #2409, #461 ),
 ( #2374, #268, #1462, #1201, #1168, #1649, #2109, #2589, #476, #2126, #2143, #41, #971, #1031, #171, #1245, #773, #1563, #2208, #1475, #2293, #2191, #1580, #1969, #2422, #188, #105, #344, #2739, #1260 ),
 ( #313, #2970, #87, #2225, #1939, #2908, #1015, #326, #1954, #784, #2881, #801, #855, #1985, #1795, #2893, #1744, #2530, #1490, #629, #2513, #2438, #1729, #415, #2685, #1716, #400, #2667, #552, #570 ),
 ( #1330, #2654, #1507, #1098, #2456, #540, #1279, #122, #2041, #648, #872, #1046, #2275, #2984, #1811, #1345, #2751, #1625, #1177, #2118, #3029, #1882, #2582, #2307, #485, #719, #1641, #900, #2322, #1593 ) ),
 .UNSPECIFIED., .T., .F., .F.,
 ( 4, 1, 1, 1, 1, 1, 1, 1, 1, 1, 1, 1, 1, 1, 1, 1, 1, 1, 1, 1, 1, 1, 1, 1, 1, 1, 1, 1, 1, 1, 1, 1, 1, 1, 1, 1, 1, 1, 1, 1, 1, 1, 1, 1, 1, 4 ),
 ( 4, 1, 1, 1, 1, 1, 1, 1, 1, 1, 1, 1, 1, 1, 1, 1, 1, 1, 1, 1, 1, 1, 1, 1, 1, 1, 1, 4 ),
 ( 0.000000000000000000, 0.006250000000000088818, 0.03125000000000000000, 0.06250000000000000000, 0.09375000000000000000, 0.1250000000000000000, 0.1562500000000000000, 0.1875000000000000000, 0.2031250000000000000, 0.2187500000000000000, 0.2343750000000000000, 0.2500000000000000000, 0.2656250000000000000, 0.2812500000000000000, 0.2968750000000000000, 0.3125000000000000000, 0.3281250000000000000, 0.3437500000000000000, 0.3750000000000000000, 0.4062500000000000000, 0.4375000000000000000, 0.4687500000000000000, 0.4843750000000000000, 0.5000000000000000000, 0.5312500000000000000, 0.5625000000000000000, 0.5937500000000000000, 0.6250000000000000000, 0.6562500000000000000, 0.6718750000000000000, 0.6875000000000000000, 0.7031250000000000000, 0.7187500000000000000, 0.7343750000000000000, 0.7500000000000000000, 0.7656250000000000000, 0.7812500000000000000, 0.7968750000000000000, 0.8125000000000000000, 0.8437500000000000000, 0.8750000000000000000, 0.9062500000000000000, 0.9375000000000000000, 0.9687500000000000000, 0.9937500000000000222, 1.000000000000000000 ),
 ( 0.000000000000000000, 0.04075269275184083967, 0.05817350234585379892, 0.08382924381437957539, 0.1223132096620386244, 0.1616674492658179141, 0.2028717424154299065, 0.2438103651346008316, 0.2828573906594116782, 0.3212091332412825850, 0.3596836130027758482, 0.3985738460104626957, 0.4371855924833173979, 0.4755993891560734155, 0.5140237500579710739, 0.5524598390318300467, 0.5909086302366012289, 0.6293707323759859529, 0.6678464047881191856, 0.7063353015059965490, 0.7448363498506944680, 0.7833382726061761669, 0.8219888042555332230, 0.8607879644223308535, 0.8997267165646993803, 0.9388603632099700169, 0.9785036198823794384, 1.000000000000000000 ),
 .UNSPECIFIED. ) ;
#2203 = CARTESIAN_POINT ( 'NONE',  ( 29.61814439348406580, 45.82338407802814828, -480.0045523954882469 ) ) ;
#2204 = CARTESIAN_POINT ( 'NONE',  ( 4.300222884462724160, 45.08609172364393913, -630.0414814863827360 ) ) ;
#2205 = APPLICATION_CONTEXT ( 'automotive_design' ) ;
#2206 = CARTESIAN_POINT ( 'NONE',  ( -1.867352749503642384, -53.55120391726275386, -119.8781736735585639 ) ) ;
#2207 = CARTESIAN_POINT ( 'NONE',  ( 34.31869314550727523, 49.04597843275718105, -420.0050310766866346 ) ) ;
#2208 = CARTESIAN_POINT ( 'NONE',  ( -3.468743070148875951, 65.15648611822280145, -450.0055018290946691 ) ) ;
#2209 = CARTESIAN_POINT ( 'NONE',  ( 0.003110620006399915025, -46.36194838908296134, -450.0055018290943849 ) ) ;
#2210 = CARTESIAN_POINT ( 'NONE',  ( 0.000000000000000000, 0.000000000000000000, 0.000000000000000000 ) ) ;
#2211 = CARTESIAN_POINT ( 'NONE',  ( -60.60500382672841369, -4.395327923344344967, -179.7573051204384171 ) ) ;
#2212 = CARTESIAN_POINT ( 'NONE',  ( -48.91732698618229591, 48.70345937056612939, -269.8562572438027019 ) ) ;
#2213 = CARTESIAN_POINT ( 'NONE',  ( 31.51956397878679539, 28.58669218375958465, -539.9930887323625939 ) ) ;
#2214 = CARTESIAN_POINT ( 'NONE',  ( 42.33733295769958005, -36.54134013411509585, -299.9258731499760984 ) ) ;
#2215 = CARTESIAN_POINT ( 'NONE',  ( -52.94683053463728584, 5.679256540643231155, -60.20661486047652744 ) ) ;
#2216 = CARTESIAN_POINT ( 'NONE',  ( -45.11877192575023798, -18.22416682691597600, -420.0050310766831672 ) ) ;
#2217 = CARTESIAN_POINT ( 'NONE',  ( -21.30922493908636639, -48.33703193734403669, -360.0028709457992022 ) ) ;
#2218 = CARTESIAN_POINT ( 'NONE',  ( 49.47130227710984229, 55.28660695386557933, -240.2019763499492058 ) ) ;
#2219 = CARTESIAN_POINT ( 'NONE',  ( 3.191592868105729064, 2.792680197122272112, -730.0780371991990023 ) ) ;
#2220 = CARTESIAN_POINT ( 'NONE',  ( -45.28037014184221221, 9.914981473537855194, -33.67897120884712336 ) ) ;
#2221 = CARTESIAN_POINT ( 'NONE',  ( 4.002104206366124295, -13.64492102391828610, -716.0790747558210114 ) ) ;
#2222 = CARTESIAN_POINT ( 'NONE',  ( 47.64005311237235674, 39.02305177543774306, -119.8781736735588055 ) ) ;
#2223 = CARTESIAN_POINT ( 'NONE',  ( 0.000000000000000000, 0.000000000000000000, 0.000000000000000000 ) ) ;
#2224 = CARTESIAN_POINT ( 'NONE',  ( -0.002871678736356120514, 65.24776756837167113, -450.0055018290947260 ) ) ;
#2225 = CARTESIAN_POINT ( 'NONE',  ( -0.5935628261224025204, 43.42381593823341035, -11.39281912759561166 ) ) ;
#2226 = CARTESIAN_POINT ( 'NONE',  ( -0.01582936954103018184, 68.35118558031561520, -119.8781736735584786 ) ) ;
#2227 = CARTESIAN_POINT ( 'NONE',  ( 43.20038201364047126, -17.13651990018123428, -11.39281912759560456 ) ) ;
#2228 = CARTESIAN_POINT ( 'NONE',  ( -51.72666755845793318, -8.815290846052363349, -390.0054354190788786 ) ) ;
#2229 = CARTESIAN_POINT ( 'NONE',  ( -49.71637897677637596, 58.02940068232165061, -210.0478857760837457 ) ) ;
#2230 = CARTESIAN_POINT ( 'NONE',  ( 15.45695575118780596, -23.16787543407435024, -600.0593740079261806 ) ) ;
#2231 = CARTESIAN_POINT ( 'NONE',  ( -44.72072480553880069, 23.83584273121709884, -450.0055018290947260 ) ) ;
#2232 = CARTESIAN_POINT ( 'NONE',  ( -9.526924324087943319, -5.151969858461027840, 0.000000000000000000 ) ) ;
#2233 = CARTESIAN_POINT ( 'NONE',  ( -20.40610650599417752, -46.52667089907598807, -390.0054354190808681 ) ) ;
#2234 = B_SPLINE_CURVE_WITH_KNOTS ( 'NONE', 3,
 ( #1061, #1261, #1491, #1016, #2241, #2715, #1759, #2686, #135, #2942, #1970, #831, #2472, #88, #376, #603, #360, #2894, #2209, #541, #2176, #106, #2457, #2927, #2439, #1986, #2668, #2882, #345, #75 ),
 .UNSPECIFIED., .F., .F.,
 ( 4, 1, 1, 1, 1, 1, 1, 1, 1, 1, 1, 1, 1, 1, 1, 1, 1, 1, 1, 1, 1, 1, 1, 1, 1, 1, 1, 4 ),
 ( 0.000000000000000000, 0.04075269275184083967, 0.05817350234585379892, 0.08382924381437957539, 0.1223132096620386244, 0.1616674492658179141, 0.2028717424154299065, 0.2438103651346008316, 0.2828573906594116782, 0.3212091332412825850, 0.3596836130027758482, 0.3985738460104626957, 0.4371855924833173979, 0.4755993891560734155, 0.5140237500579710739, 0.5524598390318300467, 0.5909086302366012289, 0.6293707323759859529, 0.6678464047881191856, 0.7063353015059965490, 0.7448363498506944680, 0.7833382726061761669, 0.8219888042555332230, 0.8607879644223308535, 0.8997267165646993803, 0.9388603632099700169, 0.9785036198823794384, 1.000000000000000000 ),
 .UNSPECIFIED. ) ;
#2235 = CARTESIAN_POINT ( 'NONE',  ( 39.64646517501746814, -0.3524196301043942547, -510.0070289517091169 ) ) ;
#2236 = CARTESIAN_POINT ( 'NONE',  ( -54.08758988763909059, 38.58071361621088613, -269.8562572437980975 ) ) ;
#2237 = CARTESIAN_POINT ( 'NONE',  ( 23.58249251637348820, -49.70545396812682526, -149.2020492516151080 ) ) ;
#2238 = CARTESIAN_POINT ( 'NONE',  ( 1.406623082455039864, 10.66452296868430771, -735.0000000000011369 ) ) ;
#2239 = CARTESIAN_POINT ( 'NONE',  ( -3.629214496573239135, -23.19670775756064529, -660.1147140781937424 ) ) ;
#2240 = CARTESIAN_POINT ( 'NONE',  ( 31.51956397878679539, 28.58669218375958465, -539.9930887323625939 ) ) ;
#2241 = CARTESIAN_POINT ( 'NONE',  ( -0.002583078250567930056, -43.89223896884193010, -33.67897120884705231 ) ) ;
#2242 = CARTESIAN_POINT ( 'NONE',  ( 54.03572096750509246, -9.290340738910195739, -360.0028709458014760 ) ) ;
#2243 = CARTESIAN_POINT ( 'NONE',  ( -47.64498187305694898, 2.904908460011209836, -450.0055018290951239 ) ) ;
#2244 = CARTESIAN_POINT ( 'NONE',  ( -38.98614592213100849, 29.86212863361989633, -480.0045523954841542 ) ) ;
#2245 = CARTESIAN_POINT ( 'NONE',  ( 4.033267649659934229, -10.17407102429924670, 0.000000000000000000 ) ) ;
#2246 = CARTESIAN_POINT ( 'NONE',  ( 50.42491546854243722, 25.05396099333642113, -390.0054354190791628 ) ) ;
#2247 = CARTESIAN_POINT ( 'NONE',  ( -57.30690170494160895, -12.69517867262271693, -149.2020492516147669 ) ) ;
#2248 = CARTESIAN_POINT ( 'NONE',  ( -32.58968188638543495, -31.64157620824279604, -11.39281912759552817 ) ) ;
#2249 = CARTESIAN_POINT ( 'NONE',  ( 43.55746770826996794, -1.467180404478494404, -480.0045523954835858 ) ) ;
#2250 = CARTESIAN_POINT ( 'NONE',  ( -12.22929124900304743, 12.06225304626153516, -690.0138044314148829 ) ) ;
#2251 = CARTESIAN_POINT ( 'NONE',  ( 20.40652293794184047, -46.52644341528558414, -390.0054354190796175 ) ) ;
#2252 = CARTESIAN_POINT ( 'NONE',  ( 2.110273043056609676, 26.21725961737739041, 6.809709295715920874 ) ) ;
#2253 = CARTESIAN_POINT ( 'NONE',  ( 54.66147328666794181, 8.885043458484089385, -90.82262204780660397 ) ) ;
#2254 = CARTESIAN_POINT ( 'NONE',  ( -0.04003860307225717147, 60.35665022981095973, -510.0070289517102538 ) ) ;
#2255 = CARTESIAN_POINT ( 'NONE',  ( 30.62952036999068994, -1.596755429738015319, -570.0640010862998679 ) ) ;
#2256 = CARTESIAN_POINT ( 'NONE',  ( -40.84521400866778151, 39.90722515133600723, -420.0050310766842472 ) ) ;
#2257 = CARTESIAN_POINT ( 'NONE',  ( 24.32099004026765598, -51.46998054942470446, -210.0478857760854510 ) ) ;
#2258 = CARTESIAN_POINT ( 'NONE',  ( 10.78466999733462828, 1.684709949396701489, 0.000000000000000000 ) ) ;
#2259 = CARTESIAN_POINT ( 'NONE',  ( -6.420827278287005946, -5.144486105846470814, -716.0790747558235125 ) ) ;
#2260 = CARTESIAN_POINT ( 'NONE',  ( -13.24258213816846563, -13.56058000000499497, -660.1147140781956750 ) ) ;
#2261 = CARTESIAN_POINT ( 'NONE',  ( 6.835954522819744916, 0.2701624912293175140, -716.0790747558237399 ) ) ;
#2262 = CARTESIAN_POINT ( 'NONE',  ( -49.71637897677637596, 58.02940068232165061, -210.0478857760837457 ) ) ;
#2263 = CARTESIAN_POINT ( 'NONE',  ( 6.187876420965185531, -56.88015638144674568, -210.0478857760844846 ) ) ;
#2264 = CARTESIAN_POINT ( 'NONE',  ( 7.663169188711186131, 59.33448584247316404, -510.0070289517062179 ) ) ;
#2265 = CARTESIAN_POINT ( 'NONE',  ( 52.01674280806054185, -21.64828739922522871, -119.8781736735587202 ) ) ;
#2266 = CARTESIAN_POINT ( 'NONE',  ( -3.687311065642102204, 19.44483451140131081, -716.0790747558230578 ) ) ;
#2267 = CARTESIAN_POINT ( 'NONE',  ( 6.019829608300776513, -28.44350379893656111, 6.809709295715931532 ) ) ;
#2268 = CARTESIAN_POINT ( 'NONE',  ( 52.93969298091560916, 5.706641092943882221, -60.20661486047695377 ) ) ;
#2269 = CARTESIAN_POINT ( 'NONE',  ( -54.03575370532332300, -9.290203862434166737, -360.0028709458007370 ) ) ;
#2270 = CARTESIAN_POINT ( 'NONE',  ( -42.33733838543210481, -36.54132914501996510, -299.9258731499777468 ) ) ;
#2271 = CARTESIAN_POINT ( 'NONE',  ( 43.20038201364047126, -17.13651990018123428, -11.39281912759560456 ) ) ;
#2272 = CARTESIAN_POINT ( 'NONE',  ( -11.13041032712810363, 17.16130890538748233, -690.0138044314142007 ) ) ;
#2273 = CARTESIAN_POINT ( 'NONE',  ( 2.921252155861041366, -18.59275318970354718, -690.0138044314136323 ) ) ;
#2274 = ORIENTED_EDGE ( 'NONE', *, *, #633, .T. ) ;
#2275 = CARTESIAN_POINT ( 'NONE',  ( 1.891651953670912475E-05, 82.05248033630779503, -269.8562572437998028 ) ) ;
#2276 = CARTESIAN_POINT ( 'NONE',  ( 11.20359109671060516, 49.16823285176397462, -90.82262204780676029 ) ) ;
#2277 = CARTESIAN_POINT ( 'NONE',  ( 0.5928420935488919463, 43.42382696115755181, -11.39281912759561166 ) ) ;
#2278 = CARTESIAN_POINT ( 'NONE',  ( 0.6670490324252742464, 40.53524006825578851, -60.20661486047677613 ) ) ;
#2279 = CARTESIAN_POINT ( 'NONE',  ( 58.94806554592988590, -8.752559208595464213, -269.8562572437989502 ) ) ;
#2280 = CARTESIAN_POINT ( 'NONE',  ( 0.0002755614957018694307, 94.32892261507890908, -210.0478857760843994 ) ) ;
#2281 = CARTESIAN_POINT ( 'NONE',  ( -6.510977957187637166, 27.14822505990231249, -690.0138044314154513 ) ) ;
#2282 = CARTESIAN_POINT ( 'NONE',  ( 14.26812504550583149, 25.23964887709992055, -660.1147140781951066 ) ) ;
#2283 = CARTESIAN_POINT ( 'NONE',  ( 13.13607530335432116, -51.82490001990398554, -119.8781736735586207 ) ) ;
#2284 = CARTESIAN_POINT ( 'NONE',  ( 5.990761748686218802, 12.11295015510307316, -716.0790747558230578 ) ) ;
#2285 = CARTESIAN_POINT ( 'NONE',  ( -10.93618901956800826, -1.294967333153272060, 0.000000000000000000 ) ) ;
#2286 = CARTESIAN_POINT ( 'NONE',  ( -41.56838228098955312, -24.49400717392722626, -420.0050310766822008 ) ) ;
#2287 = CARTESIAN_POINT ( 'NONE',  ( 18.25389064172106046, 62.84273685432658851, -420.0050310766852704 ) ) ;
#2288 = CARTESIAN_POINT ( 'NONE',  ( 51.72679223459856246, -8.814774625769459249, -390.0054354190801291 ) ) ;
#2289 = CARTESIAN_POINT ( 'NONE',  ( -41.08702391120529995, 59.65956361998558322, -269.8562572437959375 ) ) ;
#2290 = CARTESIAN_POINT ( 'NONE',  ( -2.503308762002258270, -16.97075629538425900, -716.0790747558251041 ) ) ;
#2291 = CARTESIAN_POINT ( 'NONE',  ( 9.140636966620782289, -39.32455814000029193, -510.0070289517105948 ) ) ;
#2292 = CARTESIAN_POINT ( 'NONE',  ( 39.10385939408126887, 20.56488317138829203, -33.67897120884691020 ) ) ;
#2293 = CARTESIAN_POINT ( 'NONE',  ( -2.933651390118417801, 60.27003272675700885, -510.0070289517102538 ) ) ;
#2294 = CARTESIAN_POINT ( 'NONE',  ( 0.3643524597696901068, 23.33381371992321007, -716.0790747558233988 ) ) ;
#2295 = CARTESIAN_POINT ( 'NONE',  ( -0.002871678736356120514, 65.24776756837167113, -450.0055018290947260 ) ) ;
#2296 = CARTESIAN_POINT ( 'NONE',  ( 0.1493325580608876046, 16.48535816131598608, -730.0780371991984339 ) ) ;
#2297 = CARTESIAN_POINT ( 'NONE',  ( 45.18884766045024293, -35.02607128841366801, -210.0478857760858205 ) ) ;
#2298 = CARTESIAN_POINT ( 'NONE',  ( -13.88641068029305004, 44.16275642539006441, -600.0593740079224290 ) ) ;
#2299 = CARTESIAN_POINT ( 'NONE',  ( 56.13268801023865251, 27.42036378113349571, -299.9258731499751320 ) ) ;
#2300 = CARTESIAN_POINT ( 'NONE',  ( -38.75337207515461557, -5.045896479029653214, -510.0070289517104811 ) ) ;
#2301 = CARTESIAN_POINT ( 'NONE',  ( -41.19111961808626177, -35.64213203055339108, -330.0104949334779008 ) ) ;
#2302 = CARTESIAN_POINT ( 'NONE',  ( 25.57286836343612535, 35.53110487581606947, -11.39281912759564186 ) ) ;
#2303 = CARTESIAN_POINT ( 'NONE',  ( 17.68568245057950250, -0.1087041464445246824, -660.1147140781949929 ) ) ;
#2304 = CARTESIAN_POINT ( 'NONE',  ( -36.24237474129773062, 50.74433262627445629, -390.0054354190771733 ) ) ;
#2305 = CARTESIAN_POINT ( 'NONE',  ( 7.276003167956633710, -32.93360427721709982, -570.0640010863007774 ) ) ;
#2306 = CARTESIAN_POINT ( 'NONE',  ( 41.28108663947940471, 23.39784267354547254, -480.0045523954852342 ) ) ;
#2307 = CARTESIAN_POINT ( 'NONE',  ( -2.861244941692632493E-05, 51.43992648695463998, -600.0593740079231111 ) ) ;
#2308 = CARTESIAN_POINT ( 'NONE',  ( 3.413401532092119606, 38.54658779832280402, -660.1147140781910139 ) ) ;
#2309 = FACE_OUTER_BOUND ( 'NONE', #871, .T. ) ;
#2310 = CARTESIAN_POINT ( 'NONE',  ( 0.7447863465814774653, 93.68748325402400212, -179.7573051204385024 ) ) ;
#2311 = CARTESIAN_POINT ( 'NONE',  ( 11.52753785486573079, -4.617307154549328274, -690.0138044314151102 ) ) ;
#2312 = CARTESIAN_POINT ( 'NONE',  ( -28.19487931728879815, 58.83980993622596145, -390.0054354190796744 ) ) ;
#2313 = CARTESIAN_POINT ( 'NONE',  ( 31.37621967993236538, 10.95561473344365666, -570.0640010862995268 ) ) ;
#2314 = CARTESIAN_POINT ( 'NONE',  ( -44.95347373287984283, -13.21217714489136341, -33.67897120884720863 ) ) ;
#2315 = CARTESIAN_POINT ( 'NONE',  ( -54.69717971212794083, -18.59201854168092538, -149.2020492516147669 ) ) ;
#2316 = CARTESIAN_POINT ( 'NONE',  ( 21.77371640665545627, 79.65062815180544931, -149.2020492516151933 ) ) ;
#2317 = CARTESIAN_POINT ( 'NONE',  ( 1.863683403782510073, 2.034565421457239065, -735.0000000000007958 ) ) ;
#2318 = CARTESIAN_POINT ( 'NONE',  ( -60.42682078133158541, 19.56640650608472853, -149.2020492516147669 ) ) ;
#2319 = CARTESIAN_POINT ( 'NONE',  ( -5.565804154949379523, 13.73784636239617818, -716.0790747558255589 ) ) ;
#2320 = CARTESIAN_POINT ( 'NONE',  ( 5.616232447438098241, -54.53099080211136140, -330.0104949334752860 ) ) ;
#2321 = CARTESIAN_POINT ( 'NONE',  ( 55.61200485364167179, 22.71929470272857543, -119.8781736735580949 ) ) ;
#2322 = CARTESIAN_POINT ( 'NONE',  ( 0.1493325580608876046, 16.48535816131598608, -730.0780371991984339 ) ) ;
#2323 = CARTESIAN_POINT ( 'NONE',  ( -11.80261776782711181, 80.59568410124892068, -269.8562572438005986 ) ) ;
#2324 = CARTESIAN_POINT ( 'NONE',  ( -5.982423578457479074, 55.16780956019434967, -570.0640010863000953 ) ) ;
#2325 = CARTESIAN_POINT ( 'NONE',  ( 41.56738815661875464, -24.49565743622822112, -420.0050310766820871 ) ) ;
#2326 = CARTESIAN_POINT ( 'NONE',  ( -26.86509848355095542, 44.34570650598863750, -510.0070289517121296 ) ) ;
#2327 = CARTESIAN_POINT ( 'NONE',  ( 53.06344221796789640, 35.51688871893625077, -299.9258731499771784 ) ) ;
#2328 = CARTESIAN_POINT ( 'NONE',  ( 47.12589061817688929, 3.431114584972754233, -11.39281912759558146 ) ) ;
#2329 = CARTESIAN_POINT ( 'NONE',  ( -12.68149049689418995, 2.792960574359856007, -690.0138044314137460 ) ) ;
#2330 = CARTESIAN_POINT ( 'NONE',  ( -45.11877192575023798, -18.22416682691597600, -420.0050310766831672 ) ) ;
#2331 = CARTESIAN_POINT ( 'NONE',  ( 9.481764908671403091, 48.20232706125347022, -600.0593740079228837 ) ) ;
#2332 = CARTESIAN_POINT ( 'NONE',  ( 53.04644476059334579, -14.65956523706336156, -90.82262204780663239 ) ) ;
#2333 = CARTESIAN_POINT ( 'NONE',  ( -12.52831498454338011, 9.784455789111062174, -690.0138044314146555 ) ) ;
#2334 = CARTESIAN_POINT ( 'NONE',  ( -22.14039742149782342, 87.97385931001250015, -210.0478857760848541 ) ) ;
#2335 = CARTESIAN_POINT ( 'NONE',  ( -1.471689976917678555, -45.69475557708358338, -11.39281912759565074 ) ) ;
#2336 = CARTESIAN_POINT ( 'NONE',  ( 54.36956007221598242, 19.95832205369925916, -360.0028709458037497 ) ) ;
#2337 = CARTESIAN_POINT ( 'NONE',  ( -17.80307671282440651, 11.43389072416726293, -660.1147140781931739 ) ) ;
#2338 = CARTESIAN_POINT ( 'NONE',  ( 40.98175977819328608, 62.80007672700831023, -149.2020492516153070 ) ) ;
#2339 = CARTESIAN_POINT ( 'NONE',  ( -61.03011956897532286, 3.974107599346853537, -269.8562572437989502 ) ) ;
#2340 = CARTESIAN_POINT ( 'NONE',  ( 0.5735300068020284803, -9.440509158134840817, -730.0780371991982065 ) ) ;
#2341 = CARTESIAN_POINT ( 'NONE',  ( -1.297876519982059440, 39.07830353783106148, -660.1147140781920371 ) ) ;
#2342 = CARTESIAN_POINT ( 'NONE',  ( 0.000000000000000000, 0.000000000000000000, 0.000000000000000000 ) ) ;
#2343 = CARTESIAN_POINT ( 'NONE',  ( -17.07724434894367960, 60.60007099022300281, -450.0055018290944986 ) ) ;
#2344 = CARTESIAN_POINT ( 'NONE',  ( 62.48004293885544769, 16.40023021397877301, -210.0478857760842573 ) ) ;
#2345 = CARTESIAN_POINT ( 'NONE',  ( -49.68514303081358463, -20.12233705982184873, -360.0028709457999980 ) ) ;
#2346 = CARTESIAN_POINT ( 'NONE',  ( 36.13524967063728610, -21.23806872460620809, -480.0045523954836995 ) ) ;
#2347 = CARTESIAN_POINT ( 'NONE',  ( -12.70846318841634748, 7.469792115402848154, -690.0138044314142007 ) ) ;
#2348 = CARTESIAN_POINT ( 'NONE',  ( -31.39014841076487983, 64.57295200693734216, -299.9258731499760415 ) ) ;
#2349 = CARTESIAN_POINT ( 'NONE',  ( -34.96353266133620963, -44.87779439002357407, -240.2019763499493763 ) ) ;
#2350 = CARTESIAN_POINT ( 'NONE',  ( -1.642013359625645874, -49.09473464365204620, -420.0050310766854409 ) ) ;
#2351 = CARTESIAN_POINT ( 'NONE',  ( 30.95998961841568686, 15.18402802380917471, -570.0640010862994131 ) ) ;
#2352 = CARTESIAN_POINT ( 'NONE',  ( -57.51409893667559459, 14.64139940146371721, -330.0104949334760818 ) ) ;
#2353 = CARTESIAN_POINT ( 'NONE',  ( 31.95411831746728382, 68.97845286942261112, -269.8562572437997460 ) ) ;
#2354 = CARTESIAN_POINT ( 'NONE',  ( 2.110273043056609676, 26.21725961737739041, 6.809709295715920874 ) ) ;
#2355 = CARTESIAN_POINT ( 'NONE',  ( -50.83912449365690378, 2.509451710114593670, -420.0050310766829398 ) ) ;
#2356 = CARTESIAN_POINT ( 'NONE',  ( 15.44621367829935821, -36.69763620764963008, -510.0070289517080369 ) ) ;
#2357 = CARTESIAN_POINT ( 'NONE',  ( -0.1382641333787827109, 10.22223086488621036, 0.000000000000000000 ) ) ;
#2358 = CARTESIAN_POINT ( 'NONE',  ( 41.52116178988931949, -35.55649183697290994, -119.8781736735584786 ) ) ;
#2359 = CARTESIAN_POINT ( 'NONE',  ( -11.59814287468687510, 75.67341772487725393, -299.9258731499769510 ) ) ;
#2360 = CARTESIAN_POINT ( 'NONE',  ( 1.903969034786722858, 3.948756280134365859, -735.0000000000010232 ) ) ;
#2361 = CARTESIAN_POINT ( 'NONE',  ( 0.000000000000000000, 0.000000000000000000, 0.000000000000000000 ) ) ;
#2362 = CARTESIAN_POINT ( 'NONE',  ( 47.86561819574292542, -28.13955902875864368, -119.8781736735581944 ) ) ;
#2363 = CARTESIAN_POINT ( 'NONE',  ( -61.14756579604281939, 12.91076365438789431, -149.2020492516143690 ) ) ;
#2364 = CARTESIAN_POINT ( 'NONE',  ( -0.7173103013417306828, 13.37869710282390834, -734.9999999999996589 ) ) ;
#2365 = CARTESIAN_POINT ( 'NONE',  ( -8.740906296553554000, -6.338115524764631026, 0.000000000000000000 ) ) ;
#2366 = CARTESIAN_POINT ( 'NONE',  ( -1.185837317525369805, -37.63727540474610578, -539.9930887323600928 ) ) ;
#2367 = CARTESIAN_POINT ( 'NONE',  ( 3.098160769862418729, 6.353600550535437819, -730.0780371991983202 ) ) ;
#2368 = CARTESIAN_POINT ( 'NONE',  ( -46.52045448917412074, 6.151229026338186578, -33.67897120884725837 ) ) ;
#2369 = CARTESIAN_POINT ( 'NONE',  ( 29.47405233190590224, 60.83753481602266788, -360.0028709458008507 ) ) ;
#2370 = CARTESIAN_POINT ( 'NONE',  ( 0.1940840635236484590, 31.21176162006984001, -690.0138044314147692 ) ) ;
#2371 = CARTESIAN_POINT ( 'NONE',  ( 5.417379281819282966, -52.87368917235554733, -360.0028709458023854 ) ) ;
#2372 = CARTESIAN_POINT ( 'NONE',  ( -4.357378039003092063, 76.95592683089766695, -299.9258731499763257 ) ) ;
#2373 = CARTESIAN_POINT ( 'NONE',  ( 0.8975596302707369301, -5.129717454786619335, -734.9999999999987494 ) ) ;
#2374 = CARTESIAN_POINT ( 'NONE',  ( 0.000000000000000000, 0.000000000000000000, 0.000000000000000000 ) ) ;
#2375 = CARTESIAN_POINT ( 'NONE',  ( 61.69390898466152606, 23.56734743052260583, -210.0478857760845415 ) ) ;
#2376 = CARTESIAN_POINT ( 'NONE',  ( -2.969111680265877240, -0.2869821822890480933, -730.0780371991977518 ) ) ;
#2377 = CARTESIAN_POINT ( 'NONE',  ( 1.488414177275032113, -2.131502982252058587, -735.0000000000004547 ) ) ;
#2378 = CARTESIAN_POINT ( 'NONE',  ( -22.64650592459252465, 10.02544901675439881, -630.0414814863792117 ) ) ;
#2379 = CARTESIAN_POINT ( 'NONE',  ( -15.72994921690470882, 58.35829270760380894, -480.0045523954834152 ) ) ;
#2380 = CARTESIAN_POINT ( 'NONE',  ( -31.41806825173171092, -27.78743800291913146, -480.0045523954837563 ) ) ;
#2381 = CARTESIAN_POINT ( 'NONE',  ( -1.041450774812730184, -34.29768013867042242, -570.0640010862996405 ) ) ;
#2382 = CARTESIAN_POINT ( 'NONE',  ( 45.08380904383685106, 42.56827653765436281, -360.0028709458003959 ) ) ;
#2383 = CARTESIAN_POINT ( 'NONE',  ( 61.47013836476617143, 23.51089828007628313, -179.7573051204374224 ) ) ;
#2384 = CARTESIAN_POINT ( 'NONE',  ( -30.96094050412928667, 15.17879231722153754, -570.0640010862995268 ) ) ;
#2385 = CARTESIAN_POINT ( 'NONE',  ( 18.57738909867531873, 48.95126639247456524, -539.9930887323620254 ) ) ;
#2386 = CARTESIAN_POINT ( 'NONE',  ( 1.275271739701595353, 39.08824917407601163, -660.1147140781920371 ) ) ;
#2387 = CARTESIAN_POINT ( 'NONE',  ( -55.55187615307567484, -5.208978036405309986, -90.82262204780781190 ) ) ;
#2388 = CARTESIAN_POINT ( 'NONE',  ( 4.276794888228005576, -43.40469413278547961, -480.0045523954835858 ) ) ;
#2389 = CARTESIAN_POINT ( 'NONE',  ( -2.249281483581760277, 55.99632027773182585, -570.0640010862999816 ) ) ;
#2390 = CARTESIAN_POINT ( 'NONE',  ( 17.35006462903371371, -40.45393296304298048, -33.67897120884726547 ) ) ;
#2391 = CARTESIAN_POINT ( 'NONE',  ( -11.75608750226468757, 84.12135677715833992, -149.2020492516157901 ) ) ;
#2392 = CARTESIAN_POINT ( 'NONE',  ( 0.000000000000000000, 0.000000000000000000, 0.000000000000000000 ) ) ;
#2393 = CARTESIAN_POINT ( 'NONE',  ( -52.98740123269718083, -3.324483924275339675, -390.0054354190809249 ) ) ;
#2394 = CARTESIAN_POINT ( 'NONE',  ( -1.605072752115004775, 9.216287762351035084, -734.9999999999992042 ) ) ;
#2395 = CARTESIAN_POINT ( 'NONE',  ( 22.59654080737854898, -12.51892098829437927, -600.0593740079243616 ) ) ;
#2396 = CARTESIAN_POINT ( 'NONE',  ( 0.000000000000000000, 0.000000000000000000, 0.000000000000000000 ) ) ;
#2397 = CARTESIAN_POINT ( 'NONE',  ( -11.75608750226468757, 84.12135677715833992, -149.2020492516157901 ) ) ;
#2398 = CARTESIAN_POINT ( 'NONE',  ( -48.75856297144483165, -28.37702541684583935, -299.9258731499751889 ) ) ;
#2399 = CARTESIAN_POINT ( 'NONE',  ( -11.54462751638025253, -55.14436499835406380, -299.9258731499754163 ) ) ;
#2400 = CARTESIAN_POINT ( 'NONE',  ( 31.39014762560515948, 64.57294839305777145, -299.9258731499776900 ) ) ;
#2401 = CARTESIAN_POINT ( 'NONE',  ( 39.53083933323668475, 13.83179795912778687, -510.0070289517064452 ) ) ;
#2402 = CARTESIAN_POINT ( 'NONE',  ( -1.765183574005177114, 7.591725013835747049, -735.0000000000005684 ) ) ;
#2403 = CARTESIAN_POINT ( 'NONE',  ( 37.63572249251516411, 27.56765222228426637, -60.20661486047656297 ) ) ;
#2404 = CARTESIAN_POINT ( 'NONE',  ( 11.51280549435029776, 67.07021523444014122, -119.8781736735582228 ) ) ;
#2405 = CARTESIAN_POINT ( 'NONE',  ( -2.055823263193827355, -56.54328906327199888, -179.7573051204378487 ) ) ;
#2406 = CARTESIAN_POINT ( 'NONE',  ( -4.474484456977667612, 90.69183361991278503, -240.2019763499494616 ) ) ;
#2407 = CARTESIAN_POINT ( 'NONE',  ( 29.96591002497869027, -42.10034562895192778, -90.82262204780641923 ) ) ;
#2408 = CARTESIAN_POINT ( 'NONE',  ( 41.08705234241054427, 59.65954019237507566, -269.8562572437988933 ) ) ;
#2409 = CARTESIAN_POINT ( 'NONE',  ( -0.4504276179189680152, 16.44710904511785188, -730.0780371991986613 ) ) ;
#2410 = CARTESIAN_POINT ( 'NONE',  ( 27.03561539217572829, 6.909032326386483014, -600.0593740079231111 ) ) ;
#2411 = CARTESIAN_POINT ( 'NONE',  ( -22.58489986785809123, 3.229437788287770505, -630.0414814863785296 ) ) ;
#2412 = CARTESIAN_POINT ( 'NONE',  ( -0.7164891489704988681, -5.705628443049953979, -734.9999999999997726 ) ) ;
#2413 = CARTESIAN_POINT ( 'NONE',  ( 37.66816816606216634, -25.94648811285428991, -11.39281912759563298 ) ) ;
#2414 = CARTESIAN_POINT ( 'NONE',  ( -37.47000629511079950, 23.13276116197747712, -510.0070289517102538 ) ) ;
#2415 = CARTESIAN_POINT ( 'NONE',  ( -36.82545369099447186, -34.49254389929527775, -60.20661486047639954 ) ) ;
#2416 = CARTESIAN_POINT ( 'NONE',  ( -22.70485452068224674, -51.08224728994604646, -299.9258731499772352 ) ) ;
#2417 = CARTESIAN_POINT ( 'NONE',  ( 32.40630806077584936, 80.10294481927159893, -210.0478857760832057 ) ) ;
#2418 = CARTESIAN_POINT ( 'NONE',  ( 62.48004293885544769, 16.40023021397877301, -210.0478857760842573 ) ) ;
#2419 = CARTESIAN_POINT ( 'NONE',  ( -10.49425171288413594, 2.652709106685623208, 0.000000000000000000 ) ) ;
#2420 = CARTESIAN_POINT ( 'NONE',  ( 10.89038598287213766, 71.29984086782818054, -360.0028709458005665 ) ) ;
#2421 = CARTESIAN_POINT ( 'NONE',  ( -0.2980336181581076938, -9.529581477025502068, -730.0780371991984339 ) ) ;
#2422 = CARTESIAN_POINT ( 'NONE',  ( -1.611689983851916974, 45.73908849091505857, -630.0414814863817128 ) ) ;
#2423 = CARTESIAN_POINT ( 'NONE',  ( 0.000000000000000000, 0.000000000000000000, 0.000000000000000000 ) ) ;
#2424 = CARTESIAN_POINT ( 'NONE',  ( 12.67606803243250901, 2.292086501712102375, -690.0138044314155650 ) ) ;
#2425 = CARTESIAN_POINT ( 'NONE',  ( 0.000000000000000000, 0.000000000000000000, 0.000000000000000000 ) ) ;
#2426 = CARTESIAN_POINT ( 'NONE',  ( -1.765183574005177114, 7.591725013835747049, -735.0000000000005684 ) ) ;
#2427 = CARTESIAN_POINT ( 'NONE',  ( -39.10062857556816596, 20.56898943514909206, -33.67897120884698126 ) ) ;
#2428 = CARTESIAN_POINT ( 'NONE',  ( 36.09970668412510264, -31.66506953143055014, -420.0050310766875441 ) ) ;
#2429 = CARTESIAN_POINT ( 'NONE',  ( -54.60163705738811046, 26.81000380439332531, -330.0104949334772186 ) ) ;
#2430 = CARTESIAN_POINT ( 'NONE',  ( -9.358477820477196119, -10.44986156565908964, -690.0138044314139734 ) ) ;
#2431 = CARTESIAN_POINT ( 'NONE',  ( -22.21396927852658010, -48.76652331999076750, -119.8781736735580523 ) ) ;
#2432 = CARTESIAN_POINT ( 'NONE',  ( 27.57907986222085128, 28.88432556721036093, -570.0640010863005500 ) ) ;
#2433 = CARTESIAN_POINT ( 'NONE',  ( 47.64527118372638625, 2.912392958463426940, -450.0055018290958628 ) ) ;
#2434 = CARTESIAN_POINT ( 'NONE',  ( -35.38636223564155614, 29.22767311224942688, -510.0070289517105948 ) ) ;
#2435 = CARTESIAN_POINT ( 'NONE',  ( 5.977159393468314263, 55.16927529390242313, -570.0640010863002090 ) ) ;
#2436 = CARTESIAN_POINT ( 'NONE',  ( -12.00259842485046669, -53.90738292623859707, -149.2020492516142838 ) ) ;
#2437 = CARTESIAN_POINT ( 'NONE',  ( 0.2262851672493292332, 14.10514500603365740, -735.0000000000004547 ) ) ;
#2438 = CARTESIAN_POINT ( 'NONE',  ( -0.4183783919236082616, 57.65153890710232787, -539.9930887323606612 ) ) ;
#2439 = CARTESIAN_POINT ( 'NONE',  ( -0.003606717188334184789, -27.09022319256643740, -630.0414814863833044 ) ) ;
#2440 = CARTESIAN_POINT ( 'NONE',  ( 62.40237318707532665, 9.354512042739303368, -179.7573051204376497 ) ) ;
#2441 = CARTESIAN_POINT ( 'NONE',  ( -60.24025973985968818, -6.000160770810715860, -240.2019763499492342 ) ) ;
#2442 = CARTESIAN_POINT ( 'NONE',  ( -11.13041032712810363, 17.16130890538748233, -690.0138044314142007 ) ) ;
#2443 = CARTESIAN_POINT ( 'NONE',  ( 2.236448203228215803, -5.465428580741636289, -730.0780371991991160 ) ) ;
#2444 = CARTESIAN_POINT ( 'NONE',  ( -57.91070221394331696, 21.22233378773211143, -299.9258731499762121 ) ) ;
#2445 = CARTESIAN_POINT ( 'NONE',  ( -56.19919042813865673, -17.66006027262216449, -210.0478857760840299 ) ) ;
#2446 = CARTESIAN_POINT ( 'NONE',  ( -19.61711635835075640, -45.30195142151017507, -60.20661486047676902 ) ) ;
#2447 = CARTESIAN_POINT ( 'NONE',  ( 0.000000000000000000, 0.000000000000000000, 0.000000000000000000 ) ) ;
#2448 = CARTESIAN_POINT ( 'NONE',  ( 62.07937426192902564, 2.246287424029805191, -210.0478857760841436 ) ) ;
#2449 = CARTESIAN_POINT ( 'NONE',  ( -50.39487440692533937, 19.66381987274659693, -90.82262204780752768 ) ) ;
#2450 = CARTESIAN_POINT ( 'NONE',  ( 45.83148638397394592, 26.74853778644301272, -90.82262204780667503 ) ) ;
#2451 = CARTESIAN_POINT ( 'NONE',  ( 21.46446793742797965, 71.48382807211349643, -299.9258731499745068 ) ) ;
#2452 = CARTESIAN_POINT ( 'NONE',  ( 0.2031213182878507939, 39.13085776427279683, -660.1147140781920371 ) ) ;
#2453 = CARTESIAN_POINT ( 'NONE',  ( -0.0003603662867606100342, 43.42382144969548108, -11.39281912759561166 ) ) ;
#2454 = CARTESIAN_POINT ( 'NONE',  ( 26.80323519715420488, 44.42645774071445430, -510.0070289517061042 ) ) ;
#2455 = PRODUCT_DEFINITION_CONTEXT ( 'detailed design', #2205, 'design' ) ;
#2456 = CARTESIAN_POINT ( 'NONE',  ( 0.002596521951584221648, 39.16168406935452140, -33.67897120884717310 ) ) ;
#2457 = CARTESIAN_POINT ( 'NONE',  ( 0.002856348953996098138, -34.12168419839915856, -570.0640010863000953 ) ) ;
#2458 = CARTESIAN_POINT ( 'NONE',  ( 52.51035186393819032, -11.07534148150196174, -60.20661486047697508 ) ) ;
#2459 = CARTESIAN_POINT ( 'NONE',  ( -55.55187615307567484, -5.208978036405309986, -90.82262204780781190 ) ) ;
#2460 = CARTESIAN_POINT ( 'NONE',  ( -49.82117315488361697, 33.44180355789777082, -360.0028709458040339 ) ) ;
#2461 = CARTESIAN_POINT ( 'NONE',  ( 25.73807194562153811, -23.08446062384624753, -539.9930887323640718 ) ) ;
#2462 = CARTESIAN_POINT ( 'NONE',  ( 23.32373590722104595, -51.81034675289183866, -269.8562572438004281 ) ) ;
#2463 = CARTESIAN_POINT ( 'NONE',  ( -45.28037014184221221, 9.914981473537855194, -33.67897120884712336 ) ) ;
#2464 = CARTESIAN_POINT ( 'NONE',  ( -48.94735887194548951, -19.40972977535324162, -60.20661486047679034 ) ) ;
#2465 = CARTESIAN_POINT ( 'NONE',  ( -20.17179737079129964, -29.08900093314818136, -539.9930887323611159 ) ) ;
#2466 = CARTESIAN_POINT ( 'NONE',  ( 57.36948837618869845, -3.611896495551424557, -330.0104949334751723 ) ) ;
#2467 = CARTESIAN_POINT ( 'NONE',  ( -6.484609916373218930, 8.422813527943219469, -716.0790747558231715 ) ) ;
#2468 = CARTESIAN_POINT ( 'NONE',  ( 5.053740087976845707, -10.70111739530206663, -716.0790747558230578 ) ) ;
#2469 = CARTESIAN_POINT ( 'NONE',  ( 17.87996116380842082, 38.93840772483201818, -600.0593740079222016 ) ) ;
#2470 = CARTESIAN_POINT ( 'NONE',  ( 22.04897802349150737, 84.59287957945251435, -240.2019763499492342 ) ) ;
#2471 = CARTESIAN_POINT ( 'NONE',  ( 25.08557868432703231, 22.12914842425138673, -600.0593740079222016 ) ) ;
#2472 = CARTESIAN_POINT ( 'NONE',  ( -1.886460902918683791E-05, -57.05214692738704230, -269.8562572438005418 ) ) ;
#2473 = CARTESIAN_POINT ( 'NONE',  ( 12.05260159111853824, -2.356975479587919420, -690.0138044314147692 ) ) ;
#2474 = CARTESIAN_POINT ( 'NONE',  ( -59.69885430006761595, 2.417661923572440141, -299.9258731499767237 ) ) ;
#2475 = CARTESIAN_POINT ( 'NONE',  ( -53.06345278179300351, 35.51686847800642255, -299.9258731499767237 ) ) ;
#2476 = CARTESIAN_POINT ( 'NONE',  ( 34.96366128286391017, -44.87770945919889698, -240.2019763499489784 ) ) ;
#2477 = CARTESIAN_POINT ( 'NONE',  ( 3.007891669217491515, 7.488631741043189294, -730.0780371991983202 ) ) ;
#2478 = CARTESIAN_POINT ( 'NONE',  ( -51.99961275935631733, -21.67463287858821275, -119.8781736735580949 ) ) ;
#2479 = CARTESIAN_POINT ( 'NONE',  ( -35.29817606852943612, -43.63095598477183046, -179.7573051204389287 ) ) ;
#2480 = CARTESIAN_POINT ( 'NONE',  ( 53.63753300144779246, 2.289701105530246306, -390.0054354190792196 ) ) ;
#2481 = CARTESIAN_POINT ( 'NONE',  ( -11.81761987083856980, 14.28684983090911587, -690.0138044314146555 ) ) ;
#2482 = CARTESIAN_POINT ( 'NONE',  ( 34.96366128286391017, -44.87770945919889698, -240.2019763499489784 ) ) ;
#2483 = CARTESIAN_POINT ( 'NONE',  ( 36.24205424133283060, 50.74475319492563585, -390.0054354190800723 ) ) ;
#2484 = CARTESIAN_POINT ( 'NONE',  ( 1.617324376446497514, 45.73648990069642650, -630.0414814863817128 ) ) ;
#2485 = CARTESIAN_POINT ( 'NONE',  ( -1.187941229049492398, -18.20063183356796799, -716.0790747558232852 ) ) ;
#2486 = CARTESIAN_POINT ( 'NONE',  ( 0.0002755614957018694307, 94.32892261507890908, -210.0478857760843994 ) ) ;
#2487 = CARTESIAN_POINT ( 'NONE',  ( 38.99706240472155372, 29.83567735921381825, -480.0045523954862006 ) ) ;
#2488 = CARTESIAN_POINT ( 'NONE',  ( 1.903969034786722858, 3.948756280134365859, -735.0000000000010232 ) ) ;
#2489 = CARTESIAN_POINT ( 'NONE',  ( 57.56524785905581609, -9.765698502224486433, -299.9258731499765531 ) ) ;
#2490 = CARTESIAN_POINT ( 'NONE',  ( -47.65977053062992752, 38.99797989524283537, -119.8781736735575549 ) ) ;
#2491 = CARTESIAN_POINT ( 'NONE',  ( 50.45096237533807937, 19.56492191649716617, -90.82262204780673187 ) ) ;
#2492 = CARTESIAN_POINT ( 'NONE',  ( 59.10666982146768333, 26.20331604693804550, -149.2020492516141132 ) ) ;
#2493 = CARTESIAN_POINT ( 'NONE',  ( -29.65599452013207227, -5.630268588528725360, -570.0640010863007774 ) ) ;
#2494 = CARTESIAN_POINT ( 'NONE',  ( -36.14927213938004513, -21.21481483896888065, -480.0045523954855184 ) ) ;
#2495 = CARTESIAN_POINT ( 'NONE',  ( 17.07180556635731605, 60.60348490879901817, -450.0055018290929070 ) ) ;
#2496 = CARTESIAN_POINT ( 'NONE',  ( 35.78921690146550816, 5.103789485507284951, -539.9930887323615707 ) ) ;
#2497 = CARTESIAN_POINT ( 'NONE',  ( -45.08373454773872169, 42.56841309413727714, -360.0028709458011917 ) ) ;
#2498 = CARTESIAN_POINT ( 'NONE',  ( 16.85280191918502624, -39.53235233527585990, -480.0045523954856321 ) ) ;
#2499 = CARTESIAN_POINT ( 'NONE',  ( 1.923683860460989381, 51.37706678759272449, -600.0593740079231111 ) ) ;
#2500 = CARTESIAN_POINT ( 'NONE',  ( -21.30922493908636639, -48.33703193734403669, -360.0028709457992022 ) ) ;
#2501 = CARTESIAN_POINT ( 'NONE',  ( 26.65244850140377864, 6.608003087052424895, 6.809709295715948407 ) ) ;
#2502 = CARTESIAN_POINT ( 'NONE',  ( -1.335107433479308311E-05, 75.25821518041827574, -330.0104949334759112 ) ) ;
#2503 = CARTESIAN_POINT ( 'NONE',  ( 37.47039266673087354, -9.411099219654317949, -510.0070289517080369 ) ) ;
#2504 = CARTESIAN_POINT ( 'NONE',  ( -32.26639655972530818, 76.88932565298665622, -240.2019763499491773 ) ) ;
#2505 = CARTESIAN_POINT ( 'NONE',  ( 10.09229459568032006, 20.17127806479433261, -690.0138044314124954 ) ) ;
#2506 = CARTESIAN_POINT ( 'NONE',  ( 21.30911162873032083, -48.33709579829575631, -360.0028709457977811 ) ) ;
#2507 = CARTESIAN_POINT ( 'NONE',  ( 59.08685290330991791, 23.63281833107494379, -269.8562572438005418 ) ) ;
#2508 = CARTESIAN_POINT ( 'NONE',  ( -34.71071466064081079, -3.624838836791589358, -539.9930887323599791 ) ) ;
#2509 = CARTESIAN_POINT ( 'NONE',  ( -45.05418505938217777, -34.44407490268094563, -179.7573051204387298 ) ) ;
#2510 = CARTESIAN_POINT ( 'NONE',  ( 48.96101572478443131, -19.38361155100531974, -60.20661486047676902 ) ) ;
#2511 = CARTESIAN_POINT ( 'NONE',  ( -31.99023670474702286, 36.49630331869703070, -510.0070289517081505 ) ) ;
#2512 = CARTESIAN_POINT ( 'NONE',  ( 10.23219354679088511, -42.75911626359906137, -33.67897120884718021 ) ) ;
#2513 = CARTESIAN_POINT ( 'NONE',  ( -0.5223071997379806763, 60.35575170942176015, -510.0070289517102538 ) ) ;
#2514 = CARTESIAN_POINT ( 'NONE',  ( 2.207966107056893890, 10.01485626848645794, 0.000000000000000000 ) ) ;
#2515 = CARTESIAN_POINT ( 'NONE',  ( -56.07680536719395548, 8.112472511835386868, -360.0028709458027834 ) ) ;
#2516 = CARTESIAN_POINT ( 'NONE',  ( -0.1309331851272275415, 23.30665250629566998, -716.0790747558232852 ) ) ;
#2517 = CARTESIAN_POINT ( 'NONE',  ( -0.0002058640759066126397, 70.19089742490425010, -390.0054354190799586 ) ) ;
#2518 = CARTESIAN_POINT ( 'NONE',  ( -5.120279935348635014, 50.63433131904297824, -600.0593740079231111 ) ) ;
#2519 = CARTESIAN_POINT ( 'NONE',  ( 50.98148827614816270, -15.26847581607732351, -60.20661486047675481 ) ) ;
#2520 = CARTESIAN_POINT ( 'NONE',  ( -40.34879550580197360, 55.66681032049914535, -299.9258731499774058 ) ) ;
#2521 = CARTESIAN_POINT ( 'NONE',  ( 42.80065638731853994, 16.88610074730820543, -11.39281912759559745 ) ) ;
#2522 = CARTESIAN_POINT ( 'NONE',  ( 12.58053427215038944, -51.53890152905521660, -360.0028709458051708 ) ) ;
#2523 = CARTESIAN_POINT ( 'NONE',  ( 34.50703407399070954, 18.48830889063965088, -539.9930887323606612 ) ) ;
#2524 = CARTESIAN_POINT ( 'NONE',  ( -60.62986547963186013, -0.2073871113410055977, -149.2020492516146533 ) ) ;
#2525 = CARTESIAN_POINT ( 'NONE',  ( -43.81821089547803183, -25.79276088108588993, -390.0054354190805270 ) ) ;
#2526 = CARTESIAN_POINT ( 'NONE',  ( 17.14969836397650482, -2.956857456243539684, -660.1147140781905591 ) ) ;
#2527 = CARTESIAN_POINT ( 'NONE',  ( -49.47139495776632145, 55.28648914080625332, -240.2019763499487510 ) ) ;
#2528 = CARTESIAN_POINT ( 'NONE',  ( -28.22710689252801686, -38.89167886518455930, -420.0050310766816324 ) ) ;
#2529 = CARTESIAN_POINT ( 'NONE',  ( 6.019829608300776513, -28.44350379893656111, 6.809709295715931532 ) ) ;
#2530 = CARTESIAN_POINT ( 'NONE',  ( -0.6167857826547527011, 67.70833428204817039, -420.0050310766836219 ) ) ;
#2531 = CARTESIAN_POINT ( 'NONE',  ( 4.246406883701276946, 50.10924136528138462, -90.82262204780668924 ) ) ;
#2532 = CARTESIAN_POINT ( 'NONE',  ( 0.0002755614957018694307, 94.32892261507890908, -210.0478857760843994 ) ) ;
#2533 = CARTESIAN_POINT ( 'NONE',  ( 47.43779367608438235, -27.66817034514190610, -330.0104949334722164 ) ) ;
#2534 = CARTESIAN_POINT ( 'NONE',  ( -29.39634640283081168, 33.00849849148941928, -60.20661486047634270 ) ) ;
#2535 = CARTESIAN_POINT ( 'NONE',  ( 17.37325554400073813, 14.43644556215371999, -660.1147140781928329 ) ) ;
#2536 = CARTESIAN_POINT ( 'NONE',  ( -26.84476934254844593, 3.080411304292081098, -600.0593740079248164 ) ) ;
#2537 = CARTESIAN_POINT ( 'NONE',  ( -50.46532882662194197, -26.07054334202221924, -149.2020492516141132 ) ) ;
#2538 = CARTESIAN_POINT ( 'NONE',  ( 60.60572220372610275, -4.393496708535967521, -179.7573051204379908 ) ) ;
#2539 = CARTESIAN_POINT ( 'NONE',  ( -24.89522886656241951, 35.26708250819653045, -570.0640010863002090 ) ) ;
#2540 = CARTESIAN_POINT ( 'NONE',  ( -32.40961346966673773, -43.04074222614735845, -119.8781736735588765 ) ) ;
#2541 = CARTESIAN_POINT ( 'NONE',  ( 14.32722896676668611, -54.43224817841912255, -179.7573051204391561 ) ) ;
#2542 = CARTESIAN_POINT ( 'NONE',  ( 4.300222884462724160, 45.08609172364393913, -630.0414814863827360 ) ) ;
#2543 = CARTESIAN_POINT ( 'NONE',  ( 0.3518838903028151388, 26.25936779336415583, 6.809709295715923538 ) ) ;
#2544 = CARTESIAN_POINT ( 'NONE',  ( -0.002871678736356120514, 65.24776756837167113, -450.0055018290947260 ) ) ;
#2545 = CARTESIAN_POINT ( 'NONE',  ( 55.60700518234109069, -18.76099097006472149, -240.2019763499493195 ) ) ;
#2546 = CARTESIAN_POINT ( 'NONE',  ( -24.97658728791182625, 54.84269583233579937, -450.0055018290958628 ) ) ;
#2547 = CARTESIAN_POINT ( 'NONE',  ( 1.895497059504449355, 4.884319627380434348, -735.0000000000007958 ) ) ;
#2548 = CARTESIAN_POINT ( 'NONE',  ( -60.34373358093833417, -2.462773029240076017, -269.8562572438000871 ) ) ;
#2549 = CARTESIAN_POINT ( 'NONE',  ( -19.04692682069216403, -10.69948264397100246, -630.0414814863823949 ) ) ;
#2550 = CARTESIAN_POINT ( 'NONE',  ( 49.90757846540390119, -14.14445044780560323, -390.0054354190783670 ) ) ;
#2551 = CARTESIAN_POINT ( 'NONE',  ( -44.02034644751031323, 8.483979613441258394, -480.0045523954843247 ) ) ;
#2552 = CARTESIAN_POINT ( 'NONE',  ( -32.11153309315547943, 47.41865547973257833, -450.0055018290935891 ) ) ;
#2553 = CARTESIAN_POINT ( 'NONE',  ( -33.09781414358977969, -44.76686577363067698, -299.9258731499741089 ) ) ;
#2554 = CARTESIAN_POINT ( 'NONE',  ( 6.108142008114039179, -57.17049042273588100, -240.2019763499492342 ) ) ;
#2555 = CARTESIAN_POINT ( 'NONE',  ( 56.33201960697862631, 20.76039365190666075, -330.0104949334755702 ) ) ;
#2556 = CARTESIAN_POINT ( 'NONE',  ( -0.002672872478854493999, 56.06707817692125673, -570.0640010862999816 ) ) ;
#2557 = CARTESIAN_POINT ( 'NONE',  ( 50.46012363073196383, -26.07685330527318968, -149.2020492516144543 ) ) ;
#2558 = CARTESIAN_POINT ( 'NONE',  ( -1.489906413402325880, 14.95670147017169072, -730.0780371991978654 ) ) ;
#2559 = CARTESIAN_POINT ( 'NONE',  ( 12.72225401142346257, 6.988585792667872276, -690.0138044314139734 ) ) ;
#2560 = CARTESIAN_POINT ( 'NONE',  ( -50.23476103754639155, -2.886663514001999165, -420.0050310766845882 ) ) ;
#2561 = CARTESIAN_POINT ( 'NONE',  ( -52.13153894611814820, -14.81016282715731158, -360.0028709458040339 ) ) ;
#2562 = CARTESIAN_POINT ( 'NONE',  ( 21.50049208113996357, -3.446097108938621201, -630.0414814863822812 ) ) ;
#2563 = CARTESIAN_POINT ( 'NONE',  ( -26.56969613536622887, 14.58377570235855103, -600.0593740079239069 ) ) ;
#2564 = CARTESIAN_POINT ( 'NONE',  ( -20.89537230065347728, 51.01020983603228842, -510.0070289517081505 ) ) ;
#2565 = CARTESIAN_POINT ( 'NONE',  ( -1.867352749503642384, -53.55120391726275386, -119.8781736735585639 ) ) ;
#2566 = CARTESIAN_POINT ( 'NONE',  ( 52.93969298091560916, 5.706641092943882221, -60.20661486047695377 ) ) ;
#2567 = CARTESIAN_POINT ( 'NONE',  ( -26.93834091733809544, 10.74615951248045320, -600.0593740079248164 ) ) ;
#2568 = CARTESIAN_POINT ( 'NONE',  ( 7.639473060002329063, 6.998451161650727670, 0.000000000000000000 ) ) ;
#2569 = CARTESIAN_POINT ( 'NONE',  ( 5.478104138411168944E-05, 72.61136436984624254, -360.0028709458019875 ) ) ;
#2570 = CARTESIAN_POINT ( 'NONE',  ( 5.930751424934451954, -56.79785366802747149, -269.8562572437997460 ) ) ;
#2571 = CARTESIAN_POINT ( 'NONE',  ( -0.3514530944435310111, 26.25937438604964669, 6.809709295715923538 ) ) ;
#2572 = CARTESIAN_POINT ( 'NONE',  ( 1.488414177275032113, -2.131502982252058587, -735.0000000000004547 ) ) ;
#2573 = CARTESIAN_POINT ( 'NONE',  ( -7.742241755656268154, 59.30722156002264711, -510.0070289517094579 ) ) ;
#2574 = CARTESIAN_POINT ( 'NONE',  ( 59.12470036121951011, 14.95428175387853109, -299.9258731499760415 ) ) ;
#2575 = CARTESIAN_POINT ( 'NONE',  ( -1.865203275842853836, 2.080101495900293251, -734.9999999999996589 ) ) ;
#2576 = CARTESIAN_POINT ( 'NONE',  ( 19.04338520177936900, -10.73468481806436259, -630.0414814863823949 ) ) ;
#2577 = CARTESIAN_POINT ( 'NONE',  ( -47.37155344527715073, -0.7360209982329044553, -11.39281912759562765 ) ) ;
#2578 = CARTESIAN_POINT ( 'NONE',  ( -5.615805302442606006, 25.72245665251621816, 6.809709295715915545 ) ) ;
#2579 = CARTESIAN_POINT ( 'NONE',  ( -1.086184121535961777, -4.386974909538992051, -735.0000000000005684 ) ) ;
#2580 = CARTESIAN_POINT ( 'NONE',  ( -0.7650899972616239664, -27.23822187861752298, -630.0414814863838728 ) ) ;
#2581 = CARTESIAN_POINT ( 'NONE',  ( 61.28815851361293454, 21.56775237200384154, -240.2019763499495468 ) ) ;
#2582 = CARTESIAN_POINT ( 'NONE',  ( -0.002672872478854493999, 56.06707817692125673, -570.0640010862999816 ) ) ;
#2583 = CARTESIAN_POINT ( 'NONE',  ( -60.08399910677058386, 30.58810170300477793, -179.7573051204388435 ) ) ;
#2584 = CARTESIAN_POINT ( 'NONE',  ( 0.6183238556173716871, 67.70829976522016125, -420.0050310766836219 ) ) ;
#2585 = CARTESIAN_POINT ( 'NONE',  ( -58.94197444768055760, -0.1601378296049791872, -119.8781736735574981 ) ) ;
#2586 = CARTESIAN_POINT ( 'NONE',  ( 2.379014604002091193, -10.75591362228789372, 0.000000000000000000 ) ) ;
#2587 = CARTESIAN_POINT ( 'NONE',  ( -0.7323249907825863936, 85.60569882394347019, -149.2020492516148238 ) ) ;
#2588 = CARTESIAN_POINT ( 'NONE',  ( 50.01753540097501372, -28.16674122323250629, -269.8562572438009965 ) ) ;
#2589 = CARTESIAN_POINT ( 'NONE',  ( -4.347051930367245909, 68.24888150576298074, -119.8781736735584076 ) ) ;
#2590 = CARTESIAN_POINT ( 'NONE',  ( 22.64744949225274695, 9.992028493172584902, -630.0414814863822812 ) ) ;
#2591 = CARTESIAN_POINT ( 'NONE',  ( -47.56843705822369373, -19.27432710557640050, -390.0054354190793902 ) ) ;
#2592 = CARTESIAN_POINT ( 'NONE',  ( 39.19874203320838291, -15.49633283422122076, -480.0045523954838131 ) ) ;
#2593 = CARTESIAN_POINT ( 'NONE',  ( -62.25723090443896268, 16.40962754315704686, -179.7573051204387582 ) ) ;
#2594 = CARTESIAN_POINT ( 'NONE',  ( -19.27934532192291428, 65.12008797793959047, -390.0054354190818913 ) ) ;
#2595 = CARTESIAN_POINT ( 'NONE',  ( 0.000000000000000000, 0.000000000000000000, 0.000000000000000000 ) ) ;
#2596 = CARTESIAN_POINT ( 'NONE',  ( -8.831945373648116160, -44.81429959984703970, -11.39281912759558502 ) ) ;
#2597 = CARTESIAN_POINT ( 'NONE',  ( 53.11651447755170352, 13.70741360918676044, -390.0054354190790491 ) ) ;
#2598 = CARTESIAN_POINT ( 'NONE',  ( -39.54559173224923541, 13.72671363447375370, -510.0070289517093443 ) ) ;
#2599 = CARTESIAN_POINT ( 'NONE',  ( 2.315589087170228488, 22.03159942484595746, -716.0790747558228304 ) ) ;
#2600 = CARTESIAN_POINT ( 'NONE',  ( 4.238200742033827240, 75.15162164889474639, -330.0104949334757407 ) ) ;
#2601 = CARTESIAN_POINT ( 'NONE',  ( 5.616232447438098241, -54.53099080211136140, -330.0104949334752860 ) ) ;
#2602 = CARTESIAN_POINT ( 'NONE',  ( -0.6524919904228498879, 70.19089280430637245, -390.0054354190799586 ) ) ;
#2603 = CARTESIAN_POINT ( 'NONE',  ( 5.892258281497928962, -9.096523199410844640, 0.000000000000000000 ) ) ;
#2604 = CARTESIAN_POINT ( 'NONE',  ( -11.91031671005497294, 89.26239726242729944, -240.2019763499494616 ) ) ;
#2605 = CARTESIAN_POINT ( 'NONE',  ( 11.01222025850131025, -0.2966698693844296297, 0.000000000000000000 ) ) ;
#2606 = CARTESIAN_POINT ( 'NONE',  ( -32.05645306004695527, -11.92075151455613202, -539.9930887323600928 ) ) ;
#2607 = CARTESIAN_POINT ( 'NONE',  ( 0.004015234259115152415, 85.60563742188395508, -149.2020492516148238 ) ) ;
#2608 = CARTESIAN_POINT ( 'NONE',  ( 50.46012363073196383, -26.07685330527318968, -149.2020492516144543 ) ) ;
#2609 = CARTESIAN_POINT ( 'NONE',  ( -39.54559173224923541, 13.72671363447375370, -510.0070289517093443 ) ) ;
#2610 = CARTESIAN_POINT ( 'NONE',  ( -0.9650485431817572568, 15.92987506310736556, -730.0780371991975244 ) ) ;
#2611 = CARTESIAN_POINT ( 'NONE',  ( 0.000000000000000000, 0.000000000000000000, 0.000000000000000000 ) ) ;
#2612 = CARTESIAN_POINT ( 'NONE',  ( -1.645964795037808237, -49.31094265247001118, -60.20661486047683297 ) ) ;
#2613 = CARTESIAN_POINT ( 'NONE',  ( 61.69390898466152606, 23.56734743052260583, -210.0478857760845415 ) ) ;
#2614 = CARTESIAN_POINT ( 'NONE',  ( -61.69384296469447548, 23.56785322445889008, -210.0478857760852520 ) ) ;
#2615 = PRODUCT_DEFINITION_SHAPE ( 'NONE', 'NONE',  #1846 ) ;
#2616 = CARTESIAN_POINT ( 'NONE',  ( 2.853651470844960070, 60.28070066484166745, -510.0070289517097990 ) ) ;
#2617 = CARTESIAN_POINT ( 'NONE',  ( -0.1080452556511952572, -6.641751207624181141, -735.0000000000005684 ) ) ;
#2618 = CARTESIAN_POINT ( 'NONE',  ( -0.5217479177565639281, 62.76158231687921329, -480.0045523954842679 ) ) ;
#2619 = CARTESIAN_POINT ( 'NONE',  ( 4.033267649659934229, -10.17407102429924670, 0.000000000000000000 ) ) ;
#2620 = CARTESIAN_POINT ( 'NONE',  ( -22.14039742149782342, 87.97385931001250015, -210.0478857760848541 ) ) ;
#2621 = CARTESIAN_POINT ( 'NONE',  ( 47.12655318352665290, -5.484276518535038392, -33.67897120884728679 ) ) ;
#2622 = CARTESIAN_POINT ( 'NONE',  ( -60.80657673005884334, -4.617815424319638318, -210.0478857760843141 ) ) ;
#2623 = CARTESIAN_POINT ( 'NONE',  ( -1.013288613029161400, 12.49140865998809424, -735.0000000000010232 ) ) ;
#2624 = CARTESIAN_POINT ( 'NONE',  ( -52.02395373911646459, 19.41276932434020353, -390.0054354190770027 ) ) ;
#2625 = CARTESIAN_POINT ( 'NONE',  ( -26.69506714482822929, 56.81710992316430975, -420.0050310766863504 ) ) ;
#2626 = CARTESIAN_POINT ( 'NONE',  ( -2.486458164353450684, -3.785533921310891170, -730.0780371991991160 ) ) ;
#2627 = CARTESIAN_POINT ( 'NONE',  ( -2.062991605335838585, -57.43133538943019545, -210.0478857760855931 ) ) ;
#2628 = CARTESIAN_POINT ( 'NONE',  ( 48.82447582367583294, 51.65728310382455390, -149.2020492516138859 ) ) ;
#2629 = ADVANCED_FACE ( 'NONE', ( #1940 ), #2202, .T. ) ;
#2630 = CARTESIAN_POINT ( 'NONE',  ( 1.895497059504449355, 4.884319627380434348, -735.0000000000007958 ) ) ;
#2631 = CARTESIAN_POINT ( 'NONE',  ( -3.081558445662676338, 6.819352286943394681, -730.0780371991985476 ) ) ;
#2632 = CARTESIAN_POINT ( 'NONE',  ( 19.42241819057607088, 17.90157880601573126, 6.809709295715891564 ) ) ;
#2633 = CARTESIAN_POINT ( 'NONE',  ( 0.2694599207476339187, 14.06890768454446494, -735.0000000000005684 ) ) ;
#2634 = CARTESIAN_POINT ( 'NONE',  ( 14.22068382468849990, 56.22319136071341461, -510.0070289517061042 ) ) ;
#2635 = CARTESIAN_POINT ( 'NONE',  ( 3.961570770944824016, -40.42497007107083107, -510.0070289517108790 ) ) ;
#2636 = CARTESIAN_POINT ( 'NONE',  ( -4.238227383551585348, 75.15161805593660915, -330.0104949334759112 ) ) ;
#2637 = CARTESIAN_POINT ( 'NONE',  ( 17.91130990682119162, -26.02676924609714604, -570.0640010863022553 ) ) ;
#2638 = CARTESIAN_POINT ( 'NONE',  ( -2.372320445660430543, 30.80462188111114230, -690.0138044314147692 ) ) ;
#2639 = CARTESIAN_POINT ( 'NONE',  ( 0.2478725439984813539, 14.08702634528905939, -735.0000000000005684 ) ) ;
#2640 = CARTESIAN_POINT ( 'NONE',  ( 6.835954522819744916, 0.2701624912293175140, -716.0790747558237399 ) ) ;
#2641 = CARTESIAN_POINT ( 'NONE',  ( 22.24366956534177575, -48.75393464220954343, -119.8781736735582939 ) ) ;
#2642 = CARTESIAN_POINT ( 'NONE',  ( -58.12572416235319395, -5.767305180805928799, -119.8781736735588481 ) ) ;
#2643 = CARTESIAN_POINT ( 'NONE',  ( -1.904392358365534221, 3.996247024829790551, -734.9999999999997726 ) ) ;
#2644 = CARTESIAN_POINT ( 'NONE',  ( 11.52753785486573079, -4.617307154549328274, -690.0138044314151102 ) ) ;
#2645 = CARTESIAN_POINT ( 'NONE',  ( -1.691756416811776909, 8.422458918497360614, -734.9999999999998863 ) ) ;
#2646 = CARTESIAN_POINT ( 'NONE',  ( -39.01202509459434253, -22.97210894347333010, -450.0055018290952376 ) ) ;
#2647 = CARTESIAN_POINT ( 'NONE',  ( 31.93890732903214413, 36.58844992544774755, -510.0070289517055926 ) ) ;
#2648 = CARTESIAN_POINT ( 'NONE',  ( -2.011403059275374439, -5.888549798974466398, -730.0780371991975244 ) ) ;
#2649 = CARTESIAN_POINT ( 'NONE',  ( 27.93496063915847216, -1.075837341165001293, 6.809709295715928867 ) ) ;
#2650 = CARTESIAN_POINT ( 'NONE',  ( -1.605072752115004775, 9.216287762351035084, -734.9999999999992042 ) ) ;
#2651 = CARTESIAN_POINT ( 'NONE',  ( 43.13080157787050695, 41.22316121751777018, -390.0054354190796744 ) ) ;
#2652 = CARTESIAN_POINT ( 'NONE',  ( 4.492822242245220643, 94.20450582484598101, -210.0478857760843425 ) ) ;
#2653 = CARTESIAN_POINT ( 'NONE',  ( -8.813740997380614672, -43.21908741141036359, -33.67897120884717310 ) ) ;
#2654 = CARTESIAN_POINT ( 'NONE',  ( 6.776263578034402713E-16, 10.22223087781420858, 0.000000000000000000 ) ) ;
#2655 = CARTESIAN_POINT ( 'NONE',  ( 1.812794752022269362, 1.065951910591828034, -735.0000000000003411 ) ) ;
#2656 = CARTESIAN_POINT ( 'NONE',  ( 61.55817949399433076, 0.7129285552526475334, -240.2019763499490921 ) ) ;
#2657 = CARTESIAN_POINT ( 'NONE',  ( -58.94807843680175807, -8.752526697652742271, -269.8562572437998028 ) ) ;
#2658 = CARTESIAN_POINT ( 'NONE',  ( 25.35187466112448007, -36.18994568597911154, -33.67897120884696704 ) ) ;
#2659 = CARTESIAN_POINT ( 'NONE',  ( -46.35375328316398225, 7.556899337787302606, -11.39281912759560456 ) ) ;
#2660 = CARTESIAN_POINT ( 'NONE',  ( -15.18277866572728563, -9.431557812679111308, -660.1147140781887401 ) ) ;
#2661 = CARTESIAN_POINT ( 'NONE',  ( -26.50215133927165212, -36.78006468023598075, -450.0055018290956355 ) ) ;
#2662 = CARTESIAN_POINT ( 'NONE',  ( 11.65833158273076009, 39.41707738605943945, -630.0414814863776201 ) ) ;
#2663 = CARTESIAN_POINT ( 'NONE',  ( 56.04293025383129390, 2.212882998629060793, -360.0028709458009075 ) ) ;
#2664 = CARTESIAN_POINT ( 'NONE',  ( -2.874402877236752918, 9.009878688019316684, -730.0780371991975244 ) ) ;
#2665 = CARTESIAN_POINT ( 'NONE',  ( -9.847888518151153292, -48.01784499081653479, -420.0050310766808934 ) ) ;
#2666 = PRODUCT ( 'Fuselage', 'Fuselage', '', ( #1149 ) ) ;
#2667 = CARTESIAN_POINT ( 'NONE',  ( -0.2134614974021338263, 23.29708162738245747, -716.0790747558233988 ) ) ;
#2668 = CARTESIAN_POINT ( 'NONE',  ( -0.05415708771302205765, -19.23631036871689659, -690.0138044314176113 ) ) ;
#2669 = CARTESIAN_POINT ( 'NONE',  ( 31.23205325468154570, 2.532018076263930606, -570.0640010862992995 ) ) ;
#2670 = CARTESIAN_POINT ( 'NONE',  ( -26.84476934254844593, 3.080411304292081098, -600.0593740079248164 ) ) ;
#2671 = CARTESIAN_POINT ( 'NONE',  ( 0.1181170264225334804, 14.18402511860761628, -735.0000000000004547 ) ) ;
#2672 = CARTESIAN_POINT ( 'NONE',  ( -31.50870301960116038, 28.61264492701508289, -539.9930887323597517 ) ) ;
#2673 = CARTESIAN_POINT ( 'NONE',  ( 38.04936184307709368, -33.24489835709394470, -390.0054354190792196 ) ) ;
#2674 = CARTESIAN_POINT ( 'NONE',  ( -1.765183574005177114, 7.591725013835747049, -735.0000000000005684 ) ) ;
#2675 = CARTESIAN_POINT ( 'NONE',  ( -6.108829089736205198, -7.019401107905064663, -716.0790747558229441 ) ) ;
#2676 = CARTESIAN_POINT ( 'NONE',  ( -33.98904669902056241, -45.23867788131341428, -269.8562572438001439 ) ) ;
#2677 = CARTESIAN_POINT ( 'NONE',  ( 6.854666699321612988, 4.142358673220313037, -716.0790747558232852 ) ) ;
#2678 = CARTESIAN_POINT ( 'NONE',  ( -16.80178610259422456, 17.14224474938370690, -660.1147140781919234 ) ) ;
#2679 = CARTESIAN_POINT ( 'NONE',  ( 4.491502747311536758, 17.79242937334911545, -716.0790747558233988 ) ) ;
#2680 = CARTESIAN_POINT ( 'NONE',  ( 1.188645203184403476, 23.07317671370137546, -716.0790747558228304 ) ) ;
#2681 = CARTESIAN_POINT ( 'NONE',  ( 0.3206021506441615321, 51.43996798637162016, -600.0593740079231111 ) ) ;
#2682 = CARTESIAN_POINT ( 'NONE',  ( -1.729115986730297649, -51.35739440890578322, -390.0054354190800154 ) ) ;
#2683 = CARTESIAN_POINT ( 'NONE',  ( 0.0002153979296389170461, 26.25937108970689948, 6.809709295715923538 ) ) ;
#2684 = CARTESIAN_POINT ( 'NONE',  ( 15.01289798494325112, 34.83034534921175407, -630.0414814863866013 ) ) ;
#2685 = CARTESIAN_POINT ( 'NONE',  ( -0.2662733937676584062, 45.79313836230934953, -630.0414814863817128 ) ) ;
#2686 = CARTESIAN_POINT ( 'NONE',  ( 0.01576510168138948662, -53.32899757538797303, -119.8781736735586065 ) ) ;
#2687 = CARTESIAN_POINT ( 'NONE',  ( 43.55746770826996794, -1.467180404478494404, -480.0045523954835858 ) ) ;
#2688 = CARTESIAN_POINT ( 'NONE',  ( -27.73032211104401057, -3.680399009417371747, 6.809709295715906663 ) ) ;
#2689 = CARTESIAN_POINT ( 'NONE',  ( -54.02273943847333726, 41.38052239855492331, -149.2020492516143690 ) ) ;
#2690 = CARTESIAN_POINT ( 'NONE',  ( 22.47669855949417794, -31.81407791073888447, -510.0070289517107085 ) ) ;
#2691 = CARTESIAN_POINT ( 'NONE',  ( -26.65230181179651225, 6.608374887012344878, 6.809709295715923538 ) ) ;
#2692 = CARTESIAN_POINT ( 'NONE',  ( -46.46730293454351823, -23.41170056819617074, -60.20661486047684718 ) ) ;
#2693 = CARTESIAN_POINT ( 'NONE',  ( -15.36488790456539988, -36.74232631646088265, -510.0070289517105948 ) ) ;
#2694 = CARTESIAN_POINT ( 'NONE',  ( 31.47226673191462609, 6.726908875584240555, -570.0640010863010048 ) ) ;
#2695 = CARTESIAN_POINT ( 'NONE',  ( -1.691756416811776909, 8.422458918497360614, -734.9999999999998863 ) ) ;
#2696 = CARTESIAN_POINT ( 'NONE',  ( 33.89396953742320306, -29.84132235278814349, -450.0055018290908606 ) ) ;
#2697 = CARTESIAN_POINT ( 'NONE',  ( 40.84620020487025727, 39.90545124131577381, -420.0050310766804387 ) ) ;
#2698 = CARTESIAN_POINT ( 'NONE',  ( -1.331200459814361331E-06, 77.06517708011703860, -299.9258731499762121 ) ) ;
#2699 = CARTESIAN_POINT ( 'NONE',  ( 1.488414177275032113, -2.131502982252058587, -735.0000000000004547 ) ) ;
#2700 = CARTESIAN_POINT ( 'NONE',  ( 58.63679422755795656, -10.97134381365868983, -179.7573051204389287 ) ) ;
#2701 = CARTESIAN_POINT ( 'NONE',  ( -50.83912449365690378, 2.509451710114593670, -420.0050310766829398 ) ) ;
#2702 = CARTESIAN_POINT ( 'NONE',  ( -7.639473522698542851, 6.998452489240524876, 0.000000000000000000 ) ) ;
#2703 = CARTESIAN_POINT ( 'NONE',  ( 32.59021185152968769, -31.64107483394148446, -11.39281912759559212 ) ) ;
#2704 = CARTESIAN_POINT ( 'NONE',  ( 2.852409576849269435, 8.953165971473007190, -730.0780371991982065 ) ) ;
#2705 = CARTESIAN_POINT ( 'NONE',  ( -47.33130998401438916, -13.29081738557064796, -420.0050310766845314 ) ) ;
#2706 = CARTESIAN_POINT ( 'NONE',  ( -2.503308762002258270, -16.97075629538425900, -716.0790747558251041 ) ) ;
#2707 = CARTESIAN_POINT ( 'NONE',  ( 1.893719657125035649, 2.997169211399026256, -735.0000000000010232 ) ) ;
#2708 = CARTESIAN_POINT ( 'NONE',  ( 0.000000000000000000, 0.000000000000000000, 0.000000000000000000 ) ) ;
#2709 = CARTESIAN_POINT ( 'NONE',  ( 31.06378758712930122, -42.36502050372642714, -360.0028709458043181 ) ) ;
#2710 = CARTESIAN_POINT ( 'NONE',  ( 34.31869314550727523, 49.04597843275718105, -420.0050310766866346 ) ) ;
#2711 = CARTESIAN_POINT ( 'NONE',  ( 0.7456525249626142493, 16.10170573943041461, -730.0780371991982065 ) ) ;
#2712 = CARTESIAN_POINT ( 'NONE',  ( 4.091514017458192320, 72.50840951423636227, -360.0028709458018170 ) ) ;
#2713 = CARTESIAN_POINT ( 'NONE',  ( -6.263064509314591355, -33.41842006372808527, -570.0640010863022553 ) ) ;
#2714 = CARTESIAN_POINT ( 'NONE',  ( 47.76600460223450995, 24.37885355330682557, -420.0050310766837924 ) ) ;
#2715 = CARTESIAN_POINT ( 'NONE',  ( 0.01509313644712257513, -49.12294218309087057, -60.20661486047681876 ) ) ;
#2716 = CARTESIAN_POINT ( 'NONE',  ( 50.98883698247248475, -19.18397012251745437, -90.82262204780661818 ) ) ;
#2717 = CARTESIAN_POINT ( 'NONE',  ( -32.98810969929733972, 26.74711060100817406, -33.67897120884747864 ) ) ;
#2718 = CARTESIAN_POINT ( 'NONE',  ( 22.84551141482083025, -20.21725571576481784, -570.0640010862963436 ) ) ;
#2719 = CARTESIAN_POINT ( 'NONE',  ( 49.28601896046261999, 18.96190662430515417, -420.0050310766819166 ) ) ;
#2720 = CARTESIAN_POINT ( 'NONE',  ( -2.969111680265877240, -0.2869821822890480933, -730.0780371991977518 ) ) ;
#2721 = CARTESIAN_POINT ( 'NONE',  ( -1.405891082398893266, -2.712508087979549121, -734.9999999999998863 ) ) ;
#2722 = CARTESIAN_POINT ( 'NONE',  ( 26.84459595170486779, 3.087833591212927331, -600.0593740079231111 ) ) ;
#2723 = CARTESIAN_POINT ( 'NONE',  ( -37.88517812945319463, 52.44192376503701780, -360.0028709458021012 ) ) ;
#2724 = CARTESIAN_POINT ( 'NONE',  ( 4.403012564863020728, -43.72435064659649129, -33.67897120884707363 ) ) ;
#2725 = CARTESIAN_POINT ( 'NONE',  ( 11.80265510294168152, 80.59567517031885586, -269.8562572437990070 ) ) ;
#2726 = CARTESIAN_POINT ( 'NONE',  ( -22.21396927852658010, -48.76652331999076750, -119.8781736735580523 ) ) ;
#2727 = CARTESIAN_POINT ( 'NONE',  ( 1.748981182917947574, 7.842202193028812829, -735.0000000000001137 ) ) ;
#2728 = CARTESIAN_POINT ( 'NONE',  ( 0.01072291076965425742, 62.76134168025001969, -480.0045523954842679 ) ) ;
#2729 = CARTESIAN_POINT ( 'NONE',  ( 46.48370068057290894, -23.38648088539645187, -60.20661486047681166 ) ) ;
#2730 = CARTESIAN_POINT ( 'NONE',  ( -19.85648995721686561, 24.35065632018313053, -630.0414814863801212 ) ) ;
#2731 = CARTESIAN_POINT ( 'NONE',  ( 12.31244819809066193, -30.51387146566994701, -570.0640010862990721 ) ) ;
#2732 = CARTESIAN_POINT ( 'NONE',  ( 21.07536260000112804, 20.04173497669250636, -630.0414814863821675 ) ) ;
#2733 = CARTESIAN_POINT ( 'NONE',  ( -54.69717971212794083, -18.59201854168092538, -149.2020492516147669 ) ) ;
#2734 = CARTESIAN_POINT ( 'NONE',  ( 21.33290834436712302, 32.74892949597621339, -600.0593740079248164 ) ) ;
#2735 = CARTESIAN_POINT ( 'NONE',  ( -45.18925878629485737, -35.02569208688859703, -210.0478857760847973 ) ) ;
#2736 = CARTESIAN_POINT ( 'NONE',  ( 43.18676935940528949, -16.97834224030833639, -33.67897120884718021 ) ) ;
#2737 = CARTESIAN_POINT ( 'NONE',  ( -20.87358542668612671, 42.14124909392258189, -570.0640010862995268 ) ) ;
#2738 = CARTESIAN_POINT ( 'NONE',  ( 5.772315600003332214, -55.87836666494516891, -299.9258731499764963 ) ) ;
#2739 = CARTESIAN_POINT ( 'NONE',  ( -0.07544824227194737998, 16.53434838000624651, -730.0780371991984339 ) ) ;
#2740 = CARTESIAN_POINT ( 'NONE',  ( 2.853651470844960070, 60.28070066484166745, -510.0070289517097990 ) ) ;
#2741 = CARTESIAN_POINT ( 'NONE',  ( -0.01582936954103018184, 68.35118558031561520, -119.8781736735584786 ) ) ;
#2742 = CARTESIAN_POINT ( 'NONE',  ( 17.14969836397650482, -2.956857456243539684, -660.1147140781905591 ) ) ;
#2743 = CARTESIAN_POINT ( 'NONE',  ( 0.000000000000000000, 0.000000000000000000, 0.000000000000000000 ) ) ;
#2744 = CARTESIAN_POINT ( 'NONE',  ( 1.730028867864730424, -17.38148405829777232, -716.0790747558247631 ) ) ;
#2745 = CARTESIAN_POINT ( 'NONE',  ( 26.65244850140377864, 6.608003087052424895, 6.809709295715948407 ) ) ;
#2746 = CARTESIAN_POINT ( 'NONE',  ( -1.895042619226434466, 4.928896699160344674, -735.0000000000004547 ) ) ;
#2747 = CARTESIAN_POINT ( 'NONE',  ( -47.84508625029779694, -28.16445374223838982, -119.8781736735588765 ) ) ;
#2748 = CARTESIAN_POINT ( 'NONE',  ( 0.000000000000000000, 0.000000000000000000, 0.000000000000000000 ) ) ;
#2749 = CARTESIAN_POINT ( 'NONE',  ( -2.395435642771899687, 11.97272224382496830, -730.0780371991985476 ) ) ;
#2750 = CARTESIAN_POINT ( 'NONE',  ( 13.83681576497967747, -33.74370004266106093, -539.9930887323615707 ) ) ;
#2751 = CARTESIAN_POINT ( 'NONE',  ( -0.0002058640759066126397, 70.19089742490425010, -390.0054354190799586 ) ) ;
#2752 = CARTESIAN_POINT ( 'NONE',  ( 0.2694599207476339187, 14.06890768454446494, -735.0000000000005684 ) ) ;
#2753 = CARTESIAN_POINT ( 'NONE',  ( -0.01514692140367911166, 40.53500843714517288, -60.20661486047677613 ) ) ;
#2754 = CARTESIAN_POINT ( 'NONE',  ( 12.43517093742491397, -0.04737286073965226579, -690.0138044314137460 ) ) ;
#2755 = CARTESIAN_POINT ( 'NONE',  ( -23.87885133506554070, 42.75227032864837895, -539.9930887323580464 ) ) ;
#2756 = CARTESIAN_POINT ( 'NONE',  ( 52.61076592248456762, 30.13898883341565949, -119.8781736735586634 ) ) ;
#2757 = CARTESIAN_POINT ( 'NONE',  ( 51.56020812809374121, 9.733022629219449939, -60.20661486047656297 ) ) ;
#2758 = CARTESIAN_POINT ( 'NONE',  ( -61.86756623489096540, 2.396735968556567009, -179.7573051204387582 ) ) ;
#2759 = CARTESIAN_POINT ( 'NONE',  ( -5.605884956039720812, -9.419035726452040791, -716.0790747558222620 ) ) ;
#2760 = CARTESIAN_POINT ( 'NONE',  ( 15.15353247191580799, 21.40175706934907396, 6.809709295715943078 ) ) ;
#2761 = CARTESIAN_POINT ( 'NONE',  ( 38.77756965209178475, -4.945630238785758692, -510.0070289517080369 ) ) ;
#2762 = CARTESIAN_POINT ( 'NONE',  ( -2.686299160399272079, 10.38472228236390293, -730.0780371991971833 ) ) ;
#2763 = CARTESIAN_POINT ( 'NONE',  ( 7.166991044812805356, -20.98360123123540077, -660.1147140781919234 ) ) ;
#2764 = CARTESIAN_POINT ( 'NONE',  ( 5.977159393468314263, 55.16927529390242313, -570.0640010863002090 ) ) ;
#2765 = CARTESIAN_POINT ( 'NONE',  ( -0.0003603662867606100342, 43.42382144969548108, -11.39281912759561166 ) ) ;
#2766 = CARTESIAN_POINT ( 'NONE',  ( 0.04288316813142991485, 31.21489703027831908, -690.0138044314147692 ) ) ;
#2767 = CARTESIAN_POINT ( 'NONE',  ( 43.45598114601875039, -36.67374271541458342, -269.8562572437986660 ) ) ;
#2768 = CARTESIAN_POINT ( 'NONE',  ( -34.31750510025833734, 49.04752728658014149, -420.0050310766827124 ) ) ;
#2769 = CARTESIAN_POINT ( 'NONE',  ( 0.000000000000000000, 0.000000000000000000, 0.000000000000000000 ) ) ;
#2770 = CARTESIAN_POINT ( 'NONE',  ( -57.56524625242500548, -9.765698641294177307, -299.9258731499757005 ) ) ;
#2771 = CARTESIAN_POINT ( 'NONE',  ( -10.71048918979924913, -7.028724757826068092, -690.0138044314148829 ) ) ;
#2772 = CARTESIAN_POINT ( 'NONE',  ( 54.03215485213112146, -15.20019028926177995, -330.0104949334740354 ) ) ;
#2773 = CARTESIAN_POINT ( 'NONE',  ( -19.42209694400685294, 17.90188396976136787, 6.809709295715888011 ) ) ;
#2774 = CARTESIAN_POINT ( 'NONE',  ( -28.67926371166573318, -40.57282718690498768, -60.20661486047682587 ) ) ;
#2775 = CARTESIAN_POINT ( 'NONE',  ( 13.13607530335432116, -51.82490001990398554, -119.8781736735586207 ) ) ;
#2776 = CARTESIAN_POINT ( 'NONE',  ( 55.05075859317786069, 47.00398875753781169, -210.0478857760851668 ) ) ;
#2777 = CARTESIAN_POINT ( 'NONE',  ( 42.80065638731853994, 16.88610074730820543, -11.39281912759559745 ) ) ;
#2778 = CARTESIAN_POINT ( 'NONE',  ( 59.10666982146768333, 26.20331604693804550, -149.2020492516141132 ) ) ;
#2779 = CARTESIAN_POINT ( 'NONE',  ( 5.478104138411168944E-05, 72.61136436984624254, -360.0028709458019875 ) ) ;
#2780 = CARTESIAN_POINT ( 'NONE',  ( 0.6520802622710482055, 70.19090204550212775, -390.0054354190799586 ) ) ;
#2781 = CARTESIAN_POINT ( 'NONE',  ( -7.742241755656268154, 59.30722156002264711, -510.0070289517094579 ) ) ;
#2782 = CARTESIAN_POINT ( 'NONE',  ( 16.41582458463192751, -5.732511645792822463, -660.1147140781918097 ) ) ;
#2783 = CARTESIAN_POINT ( 'NONE',  ( -30.04939921721153340, 41.10107626800782299, -90.82262204780882087 ) ) ;
#2784 = CARTESIAN_POINT ( 'NONE',  ( 26.93819404394977113, 10.75316541802644110, -600.0593740079232248 ) ) ;
#2785 = CARTESIAN_POINT ( 'NONE',  ( -51.72666755845793318, -8.815290846052363349, -390.0054354190788786 ) ) ;
#2786 = CARTESIAN_POINT ( 'NONE',  ( -51.99961275935631733, -21.67463287858821275, -119.8781736735580949 ) ) ;
#2787 = CARTESIAN_POINT ( 'NONE',  ( 20.15449376558676065, 67.35141541295922707, -360.0028709458036360 ) ) ;
#2788 = CARTESIAN_POINT ( 'NONE',  ( 33.55977157826232116, -7.872263073702725045, -539.9930887323612296 ) ) ;
#2789 = CARTESIAN_POINT ( 'NONE',  ( -53.75207660057348846, 1.554426345840349777, -60.20661486047649902 ) ) ;
#2790 = CARTESIAN_POINT ( 'NONE',  ( -22.04911856863478903, 84.59281834695842406, -240.2019763499487510 ) ) ;
#2791 = CARTESIAN_POINT ( 'NONE',  ( -8.973150179175739538, -24.03850732548381686, -630.0414814863796664 ) ) ;
#2792 = CARTESIAN_POINT ( 'NONE',  ( -0.3819684652671079261, -6.401712456781113225, -735.0000000000013642 ) ) ;
#2793 = B_SPLINE_CURVE_WITH_KNOTS ( 'NONE', 3,
 ( #2897, #1494, #956, #1893, #2836, #495, #2179, #730, #2607, #444, #2280, #1856, #176, #2926, #586, #2779, #1566, #3000, #1117, #886, #2090, #1628, #218, #2044, #234, #1390, #1375, #650, #2056, #1333 ),
 .UNSPECIFIED., .F., .F.,
 ( 4, 1, 1, 1, 1, 1, 1, 1, 1, 1, 1, 1, 1, 1, 1, 1, 1, 1, 1, 1, 1, 1, 1, 1, 1, 1, 1, 4 ),
 ( 0.000000000000000000, 0.04075269275184083967, 0.05817350234585379892, 0.08382924381437957539, 0.1223132096620386244, 0.1616674492658179141, 0.2028717424154299065, 0.2438103651346008316, 0.2828573906594116782, 0.3212091332412825850, 0.3596836130027758482, 0.3985738460104626957, 0.4371855924833173979, 0.4755993891560734155, 0.5140237500579710739, 0.5524598390318300467, 0.5909086302366012289, 0.6293707323759859529, 0.6678464047881191856, 0.7063353015059965490, 0.7448363498506944680, 0.7833382726061761669, 0.8219888042555332230, 0.8607879644223308535, 0.8997267165646993803, 0.9388603632099700169, 0.9785036198823794384, 1.000000000000000000 ),
 .UNSPECIFIED. ) ;
#2794 = CARTESIAN_POINT ( 'NONE',  ( 15.82070017852275612, 20.91567836423957161, -660.1147140781910139 ) ) ;
#2795 = CARTESIAN_POINT ( 'NONE',  ( -31.37656736068730012, 10.95044057220777134, -570.0640010862995268 ) ) ;
#2796 = CARTESIAN_POINT ( 'NONE',  ( -0.0002058640759066126397, 70.19089742490425010, -390.0054354190799586 ) ) ;
#2797 = CARTESIAN_POINT ( 'NONE',  ( 1.024082796728261524, -10.99941757139864862, 0.000000000000000000 ) ) ;
#2798 = CARTESIAN_POINT ( 'NONE',  ( -0.8295851084551766341, 10.20597238961125619, 0.000000000000000000 ) ) ;
#2799 = CARTESIAN_POINT ( 'NONE',  ( 15.19690952726718969, -9.297996214480317434, -660.1147140781941971 ) ) ;
#2800 = CARTESIAN_POINT ( 'NONE',  ( -11.07505855239475068, 52.45318910150185587, -570.0640010863000953 ) ) ;
#2801 = CARTESIAN_POINT ( 'NONE',  ( 47.37155297335789328, -0.7353570336054702228, -11.39281912759562054 ) ) ;
#2802 = CARTESIAN_POINT ( 'NONE',  ( -47.12717165156011845, -5.479508864749950803, -33.67897120884727968 ) ) ;
#2803 = CARTESIAN_POINT ( 'NONE',  ( -37.43675524370424768, -9.508148958772963510, -510.0070289517107085 ) ) ;
#2804 = CARTESIAN_POINT ( 'NONE',  ( 26.21595870952334906, -14.49701449593215230, -570.0640010863015732 ) ) ;
#2805 = CARTESIAN_POINT ( 'NONE',  ( -22.73634006957231790, 6.620590615016778813, -630.0414814863858055 ) ) ;
#2806 = CARTESIAN_POINT ( 'NONE',  ( -2.565246758968744878, 21.48965834389840523, -716.0790747558248768 ) ) ;
#2807 = CARTESIAN_POINT ( 'NONE',  ( -5.409750102222269597, -30.03523344518465521, -600.0593740079251575 ) ) ;
#2808 = CARTESIAN_POINT ( 'NONE',  ( 42.61386221309314237, 18.46561835360848391, -480.0045523954845521 ) ) ;
#2809 = CARTESIAN_POINT ( 'NONE',  ( 0.000000000000000000, 0.000000000000000000, 0.000000000000000000 ) ) ;
#2810 = CARTESIAN_POINT ( 'NONE',  ( -61.28817634458079766, 21.56761576335848929, -240.2019763499494047 ) ) ;
#2811 = CARTESIAN_POINT ( 'NONE',  ( 25.57286836343612535, 35.53110487581606947, -11.39281912759564186 ) ) ;
#2812 = CARTESIAN_POINT ( 'NONE',  ( 5.616198059385231645, 25.72236708284448170, 6.809709295715919986 ) ) ;
#2813 = CARTESIAN_POINT ( 'NONE',  ( -61.22483733894965496, 6.300499417005459790, -149.2020492516148806 ) ) ;
#2814 = CARTESIAN_POINT ( 'NONE',  ( 14.32722896676668611, -54.43224817841912255, -179.7573051204391561 ) ) ;
#2815 = CARTESIAN_POINT ( 'NONE',  ( 0.000000000000000000, 0.000000000000000000, 0.000000000000000000 ) ) ;
#2816 = CARTESIAN_POINT ( 'NONE',  ( 36.13524967063728610, -21.23806872460620809, -480.0045523954836995 ) ) ;
#2817 = CARTESIAN_POINT ( 'NONE',  ( -11.95839764908428826, 92.74431866047338247, -210.0478857760841152 ) ) ;
#2818 = CARTESIAN_POINT ( 'NONE',  ( 58.10665574930634847, 8.504937059897159202, -330.0104949334757407 ) ) ;
#2819 = CARTESIAN_POINT ( 'NONE',  ( -44.39909398247364436, -12.23358893848125462, -450.0055018290942712 ) ) ;
#2820 = CARTESIAN_POINT ( 'NONE',  ( 35.76407413474272801, -13.71560975179269448, -510.0070289517088895 ) ) ;
#2821 = CARTESIAN_POINT ( 'NONE',  ( -58.49747120749414364, 11.28216724100671087, -119.8781736735578249 ) ) ;
#2822 = CARTESIAN_POINT ( 'NONE',  ( -20.15513247626828175, 37.19357724008975197, -60.20661486047661271 ) ) ;
#2823 = CARTESIAN_POINT ( 'NONE',  ( -41.49719970486510334, -35.57885451944824950, -119.8781736735580949 ) ) ;
#2824 = CARTESIAN_POINT ( 'NONE',  ( -1.872058322734497349, -55.00905924402108838, -330.0104949334772755 ) ) ;
#2825 = CARTESIAN_POINT ( 'NONE',  ( 38.66803356706081729, 18.56478486909252368, -510.0070289517075821 ) ) ;
#2826 = CARTESIAN_POINT ( 'NONE',  ( -58.49747120749414364, 11.28216724100671087, -119.8781736735578249 ) ) ;
#2827 = CARTESIAN_POINT ( 'NONE',  ( 30.53204923415632166, 63.06872027323774432, -330.0104949334734101 ) ) ;
#2828 = CARTESIAN_POINT ( 'NONE',  ( 10.41703805868087862, 68.92671793289092363, -390.0054354190807544 ) ) ;
#2829 = CARTESIAN_POINT ( 'NONE',  ( -27.03577792710050787, 6.901807088580786953, -600.0593740079199279 ) ) ;
#2830 = CARTESIAN_POINT ( 'NONE',  ( 0.000000000000000000, 0.000000000000000000, 0.000000000000000000 ) ) ;
#2831 = CARTESIAN_POINT ( 'NONE',  ( -0.2662733937676584062, 45.79313836230934953, -630.0414814863817128 ) ) ;
#2832 = CARTESIAN_POINT ( 'NONE',  ( 51.49882921447766648, -20.69150098774702684, -330.0104949334786397 ) ) ;
#2833 = CARTESIAN_POINT ( 'NONE',  ( -11.08864803188902037, 49.19548639515971900, -90.82262204780718662 ) ) ;
#2834 = CARTESIAN_POINT ( 'NONE',  ( 1.869368190580615208, 5.799817930241653485, -735.0000000000005684 ) ) ;
#2835 = CARTESIAN_POINT ( 'NONE',  ( -17.14262927420134730, -3.092053864603620639, -660.1147140781948792 ) ) ;
#2836 = CARTESIAN_POINT ( 'NONE',  ( 0.002596521951584221648, 39.16168406935452140, -33.67897120884717310 ) ) ;
#2837 = CARTESIAN_POINT ( 'NONE',  ( 5.769467404851679859, -7.879447217547847160, -716.0790747558240810 ) ) ;
#2838 = CARTESIAN_POINT ( 'NONE',  ( -61.28817634458079766, 21.56761576335848929, -240.2019763499494047 ) ) ;
#2839 = CARTESIAN_POINT ( 'NONE',  ( -11.07505855239475068, 52.45318910150185587, -570.0640010863000953 ) ) ;
#2840 = CARTESIAN_POINT ( 'NONE',  ( -51.74495113969260984, -25.30669903144776001, -179.7573051204386445 ) ) ;
#2841 = CARTESIAN_POINT ( 'NONE',  ( -1.538307218338576865, -46.56881658846219096, -450.0055018290938165 ) ) ;
#2842 = CARTESIAN_POINT ( 'NONE',  ( 47.12589061817688929, 3.431114584972754233, -11.39281912759558146 ) ) ;
#2843 = CARTESIAN_POINT ( 'NONE',  ( -61.47038573059133171, 23.50900298434781632, -179.7573051204385024 ) ) ;
#2844 = CARTESIAN_POINT ( 'NONE',  ( 1.156903811115413072, 11.92559481576062552, -735.0000000000007958 ) ) ;
#2845 = CARTESIAN_POINT ( 'NONE',  ( 0.000000000000000000, 0.000000000000000000, 0.000000000000000000 ) ) ;
#2846 = CARTESIAN_POINT ( 'NONE',  ( -61.14756579604281939, 12.91076365438789431, -149.2020492516143690 ) ) ;
#2847 = CARTESIAN_POINT ( 'NONE',  ( -12.37657238826613870, -56.05324571485594731, -210.0478857760830920 ) ) ;
#2848 = CARTESIAN_POINT ( 'NONE',  ( 0.1118924143971706670, 16.49627385061979723, -730.0780371991983202 ) ) ;
#2849 = CARTESIAN_POINT ( 'NONE',  ( 34.34928757923882614, -43.15427657228219260, -149.2020492516142554 ) ) ;
#2850 = CARTESIAN_POINT ( 'NONE',  ( 8.467222080486674685, 23.82328220711521638, -690.0138044314176113 ) ) ;
#2851 = CARTESIAN_POINT ( 'NONE',  ( -18.25243424592715868, 62.84365027584246377, -420.0050310766805524 ) ) ;
#2852 = CARTESIAN_POINT ( 'NONE',  ( 62.14114602224602635, 7.585470798095334644, -240.2019763499496889 ) ) ;
#2853 = CARTESIAN_POINT ( 'NONE',  ( -56.02248681892161386, -17.29064817964372480, -179.7573051204383319 ) ) ;
#2854 = CARTESIAN_POINT ( 'NONE',  ( 24.42675861309563601, -7.944437382423878091, -600.0593740079216332 ) ) ;
#2855 = CARTESIAN_POINT ( 'NONE',  ( -62.48004241234405498, 16.40073905350706340, -210.0478857760838309 ) ) ;
#2856 = CARTESIAN_POINT ( 'NONE',  ( -4.082514194772476124, 9.387769893064307425, 0.000000000000000000 ) ) ;
#2857 = CARTESIAN_POINT ( 'NONE',  ( -16.61887922819266450, -15.43501787738199482, -630.0414814863809170 ) ) ;
#2858 = CARTESIAN_POINT ( 'NONE',  ( -11.23242064908632010, -53.81390001680778568, -330.0104949334719890 ) ) ;
#2859 = CARTESIAN_POINT ( 'NONE',  ( 0.000000000000000000, 0.000000000000000000, 0.000000000000000000 ) ) ;
#2860 = CARTESIAN_POINT ( 'NONE',  ( -40.00476386219378355, 8.970090615813131052, -510.0070289517093443 ) ) ;
#2861 = CARTESIAN_POINT ( 'NONE',  ( 5.959130385178058376, 8.347653769061359696, 0.000000000000000000 ) ) ;
#2862 = CARTESIAN_POINT ( 'NONE',  ( 0.3771815456920605825, 13.96685712116550349, -735.0000000000004547 ) ) ;
#2863 = CARTESIAN_POINT ( 'NONE',  ( -11.86155815948636416, -56.03496403273918247, -269.8562572437989502 ) ) ;
#2864 = CARTESIAN_POINT ( 'NONE',  ( -4.492271719506150340, 94.20455588965906202, -210.0478857760843425 ) ) ;
#2865 = CARTESIAN_POINT ( 'NONE',  ( 28.22569128785416126, -38.89287487318281222, -420.0050310766786765 ) ) ;
#2866 = CARTESIAN_POINT ( 'NONE',  ( -0.9650485431817572568, 15.92987506310736556, -730.0780371991975244 ) ) ;
#2867 = CARTESIAN_POINT ( 'NONE',  ( 22.58459105913238218, 3.194618214129813616, -630.0414814863820538 ) ) ;
#2868 = CARTESIAN_POINT ( 'NONE',  ( -47.09633991374904127, -2.264042471032108317, -450.0055018290947260 ) ) ;
#2869 = CARTESIAN_POINT ( 'NONE',  ( -1.867948614686796960, 5.840883385870383471, -735.0000000000007958 ) ) ;
#2870 = CARTESIAN_POINT ( 'NONE',  ( 47.56865324052202482, -19.27384902793152222, -390.0054354190814365 ) ) ;
#2871 = CARTESIAN_POINT ( 'NONE',  ( -47.76540760929608354, 24.38082819675804913, -420.0050310766827124 ) ) ;
#2872 = CARTESIAN_POINT ( 'NONE',  ( -51.32255315396125894, -26.70050528596163986, -240.2019763499496037 ) ) ;
#2873 = CARTESIAN_POINT ( 'NONE',  ( -7.357278018189424174, -14.00872119441126173, -690.0138044314162471 ) ) ;
#2874 = CARTESIAN_POINT ( 'NONE',  ( 16.21040730474487646, 47.96039734843031255, -570.0640010862982763 ) ) ;
#2875 = CARTESIAN_POINT ( 'NONE',  ( 35.72240922606460600, 9.567847379289682763, -539.9930887323632760 ) ) ;
#2876 = CARTESIAN_POINT ( 'NONE',  ( -37.47000629511079950, 23.13276116197747712, -510.0070289517102538 ) ) ;
#2877 = CARTESIAN_POINT ( 'NONE',  ( 26.69641144391796317, 56.81584307103607046, -420.0050310766822577 ) ) ;
#2878 = CARTESIAN_POINT ( 'NONE',  ( 11.59814061153411302, 75.67341673239627653, -299.9258731499770079 ) ) ;
#2879 = CARTESIAN_POINT ( 'NONE',  ( -44.04099096191377072, 3.491152963137980070, -480.0045523954850069 ) ) ;
#2880 = CARTESIAN_POINT ( 'NONE',  ( -0.3413595441345280701, -11.08417417577963349, 0.000000000000000000 ) ) ;
#2881 = CARTESIAN_POINT ( 'NONE',  ( -0.7484818895336452504, 94.32892682850012989, -210.0478857760843994 ) ) ;
#2882 = CARTESIAN_POINT ( 'NONE',  ( 0.1653120772523755944, -18.28948266413048884, -716.0790747558216935 ) ) ;
#2883 = CARTESIAN_POINT ( 'NONE',  ( 46.24466194597396651, -9.055686339510367944, -11.39281912759561521 ) ) ;
#2884 = CARTESIAN_POINT ( 'NONE',  ( -6.659407912929843576, -3.217069579381790945, -716.0790747558230578 ) ) ;
#2885 = CARTESIAN_POINT ( 'NONE',  ( 20.49878605557584876, -47.13935406520849369, -90.82262204780664661 ) ) ;
#2886 = CARTESIAN_POINT ( 'NONE',  ( -45.09105485841839567, 11.61335454563519320, -11.39281912759561166 ) ) ;
#2887 = CARTESIAN_POINT ( 'NONE',  ( -41.56838228098955312, -24.49400717392722626, -420.0050310766822008 ) ) ;
#2888 = CARTESIAN_POINT ( 'NONE',  ( -3.629214496573239135, -23.19670775756064529, -660.1147140781937424 ) ) ;
#2889 = CARTESIAN_POINT ( 'NONE',  ( 46.24466194597396651, -9.055686339510367944, -11.39281912759561521 ) ) ;
#2890 = CARTESIAN_POINT ( 'NONE',  ( -49.82117315488361697, 33.44180355789777082, -360.0028709458040339 ) ) ;
#2891 = CARTESIAN_POINT ( 'NONE',  ( 20.86946157783273392, 42.14550551454507143, -570.0640010863007774 ) ) ;
#2892 = CARTESIAN_POINT ( 'NONE',  ( -10.83493492091433907, -52.17923031955648128, -360.0028709458053413 ) ) ;
#2893 = CARTESIAN_POINT ( 'NONE',  ( -0.6818559555545817830, 72.61136560192878164, -360.0028709458019875 ) ) ;
#2894 = CARTESIAN_POINT ( 'NONE',  ( -0.0008331625824824131360, -48.87943458615388437, -420.0050310766845314 ) ) ;
#2895 = CARTESIAN_POINT ( 'NONE',  ( 35.45852895248646774, 0.6852461784340662110, -539.9930887323605475 ) ) ;
#2896 = CARTESIAN_POINT ( 'NONE',  ( -39.63226676299380813, -0.4551398690275091363, -510.0070289517097990 ) ) ;
#2897 = CARTESIAN_POINT ( 'NONE',  ( 0.000000000000000000, 0.000000000000000000, 0.000000000000000000 ) ) ;
#2898 = CARTESIAN_POINT ( 'NONE',  ( -17.91098588113623791, 29.41880564211904314, -630.0414814863850097 ) ) ;
#2899 = CARTESIAN_POINT ( 'NONE',  ( 29.74669410262004376, -40.75675470002808254, -390.0054354190812660 ) ) ;
#2900 = CARTESIAN_POINT ( 'NONE',  ( -10.49425171288413594, 2.652709106685623208, 0.000000000000000000 ) ) ;
#2901 = CARTESIAN_POINT ( 'NONE',  ( 0.000000000000000000, 0.000000000000000000, 0.000000000000000000 ) ) ;
#2902 = CARTESIAN_POINT ( 'NONE',  ( -34.35621180397498620, -43.14970535604428648, -149.2020492516143122 ) ) ;
#2903 = CARTESIAN_POINT ( 'NONE',  ( 58.13320442808473132, -5.738633828969222250, -119.8781736735591750 ) ) ;
#2904 = CARTESIAN_POINT ( 'NONE',  ( -50.42507513018424703, 25.05343268974302262, -390.0054354190834260 ) ) ;
#2905 = CARTESIAN_POINT ( 'NONE',  ( 32.10709538044321931, 47.42444967990046933, -450.0055018290915427 ) ) ;
#2906 = CARTESIAN_POINT ( 'NONE',  ( 20.66657238594737578, 46.10244727596897718, -90.82262204780666082 ) ) ;
#2907 = CARTESIAN_POINT ( 'NONE',  ( 0.000000000000000000, 0.000000000000000000, 0.000000000000000000 ) ) ;
#2908 = CARTESIAN_POINT ( 'NONE',  ( -0.6973428752326202851, 40.53477680603455013, -60.20661486047677613 ) ) ;
#2909 = CARTESIAN_POINT ( 'NONE',  ( 0.0002153979296389170461, 26.25937108970689948, 6.809709295715923538 ) ) ;
#2910 = CARTESIAN_POINT ( 'NONE',  ( 44.95166498799037669, -13.21678884279184807, -33.67897120884713758 ) ) ;
#2911 = CARTESIAN_POINT ( 'NONE',  ( -34.71071466064081079, -3.624838836791589358, -539.9930887323599791 ) ) ;
#2912 = CARTESIAN_POINT ( 'NONE',  ( -49.47139495776632145, 55.28648914080625332, -240.2019763499487510 ) ) ;
#2913 = CARTESIAN_POINT ( 'NONE',  ( 26.50745028423828131, -36.77557896627980938, -450.0055018290983071 ) ) ;
#2914 = CARTESIAN_POINT ( 'NONE',  ( -49.28557140234280354, 18.96392521581927326, -420.0050310766853841 ) ) ;
#2915 = CARTESIAN_POINT ( 'NONE',  ( -10.02953475259712057, -4.224356211647382509, 0.000000000000000000 ) ) ;
#2916 = CARTESIAN_POINT ( 'NONE',  ( -23.32377292849663419, -51.81032976267378132, -269.8562572438005986 ) ) ;
#2917 = CARTESIAN_POINT ( 'NONE',  ( 46.70518943186912253, 44.15799004042601439, -330.0104949334768776 ) ) ;
#2918 = CARTESIAN_POINT ( 'NONE',  ( 32.99204877918694478, 26.74347024245565763, -33.67897120884749285 ) ) ;
#2919 = CARTESIAN_POINT ( 'NONE',  ( 62.61952626781418019, 9.273588651780217518, -210.0478857760846267 ) ) ;
#2920 = CARTESIAN_POINT ( 'NONE',  ( -26.65230181179651225, 6.608374887012344878, 6.809709295715923538 ) ) ;
#2921 = CARTESIAN_POINT ( 'NONE',  ( 1.245902945904737491, -3.624587469403556472, -735.0000000000014779 ) ) ;
#2922 = CARTESIAN_POINT ( 'NONE',  ( 45.08380904383685106, 42.56827653765436281, -360.0028709458003959 ) ) ;
#2923 = CARTESIAN_POINT ( 'NONE',  ( 3.413401532092119606, 38.54658779832280402, -660.1147140781910139 ) ) ;
#2924 = CARTESIAN_POINT ( 'NONE',  ( -5.409750102222269597, -30.03523344518465521, -600.0593740079251575 ) ) ;
#2925 = CARTESIAN_POINT ( 'NONE',  ( -0.0002058640759066126397, 70.19089742490425010, -390.0054354190799586 ) ) ;
#2926 = CARTESIAN_POINT ( 'NONE',  ( -1.331200459814361331E-06, 77.06517708011703860, -299.9258731499762121 ) ) ;
#2927 = CARTESIAN_POINT ( 'NONE',  ( 0.0001786110649209778425, -30.68952355609151539, -600.0593740079214058 ) ) ;
#2928 = CARTESIAN_POINT ( 'NONE',  ( 54.62487903778543341, -16.53550637583058247, -119.8781736735584502 ) ) ;
#2929 = CARTESIAN_POINT ( 'NONE',  ( -31.23105648424695957, 2.527107377860258630, -570.0640010862983900 ) ) ;
#2930 = CARTESIAN_POINT ( 'NONE',  ( 54.08760797353756544, 38.58068776508265074, -269.8562572437985523 ) ) ;
#2931 = CARTESIAN_POINT ( 'NONE',  ( -10.03433860433376168, 20.54362155498794706, -690.0138044314142007 ) ) ;
#2932 = CARTESIAN_POINT ( 'NONE',  ( 29.96591002497869027, -42.10034562895192778, -90.82262204780641923 ) ) ;
#2933 = CARTESIAN_POINT ( 'NONE',  ( 11.17811347124812826, 16.75010075712942736, -690.0138044314153376 ) ) ;
#2934 = CARTESIAN_POINT ( 'NONE',  ( -56.90770194123838621, -14.85207198545447227, -269.8562572438005986 ) ) ;
#2935 = CARTESIAN_POINT ( 'NONE',  ( -5.892253140249842147, -9.096528032769764849, 0.000000000000000000 ) ) ;
#2936 = CARTESIAN_POINT ( 'NONE',  ( 18.05147824652098620, 8.643204316741108784, -660.1147140781919234 ) ) ;
#2937 = CARTESIAN_POINT ( 'NONE',  ( -38.98614592213100849, 29.86212863361989633, -480.0045523954841542 ) ) ;
#2938 = CARTESIAN_POINT ( 'NONE',  ( 23.32373590722104595, -51.81034675289183866, -269.8562572438004281 ) ) ;
#2939 = CARTESIAN_POINT ( 'NONE',  ( 41.70538981673293222, 69.95963775742235669, -210.0478857760859341 ) ) ;
#2940 = CARTESIAN_POINT ( 'NONE',  ( 0.000000000000000000, 0.000000000000000000, 0.000000000000000000 ) ) ;
#2941 = CARTESIAN_POINT ( 'NONE',  ( 29.25008993603786323, 23.50956090080071803, -570.0640010863004363 ) ) ;
#2942 = CARTESIAN_POINT ( 'NONE',  ( 0.001029150648789497330, -56.27171003197477717, -179.7573051204382182 ) ) ;
#2943 = CARTESIAN_POINT ( 'NONE',  ( 41.04477587792567306, -21.00368210186295315, -11.39281912759562232 ) ) ;
#2944 = CARTESIAN_POINT ( 'NONE',  ( -56.04293566763009693, 2.213025801740459819, -360.0028709458016465 ) ) ;
#2945 = CARTESIAN_POINT ( 'NONE',  ( -28.46437302754547360, 35.41602903827405413, -539.9930887323632760 ) ) ;
#2946 = CARTESIAN_POINT ( 'NONE',  ( 38.46182426097290374, -35.57462377122400454, -90.82262204780660397 ) ) ;
#2947 = CARTESIAN_POINT ( 'NONE',  ( 1.826646887317620704, 6.691209865822441927, -735.0000000000003411 ) ) ;
#2948 = CARTESIAN_POINT ( 'NONE',  ( -24.42685786452320684, -7.952230299676848801, -600.0593740079232248 ) ) ;
#2949 = CARTESIAN_POINT ( 'NONE',  ( -51.90472494653395330, -25.77298476755935042, -210.0478857760841436 ) ) ;
#2950 = CARTESIAN_POINT ( 'NONE',  ( 59.69885512874777334, 2.417661915943379203, -299.9258731499769510 ) ) ;
#2951 = CARTESIAN_POINT ( 'NONE',  ( 0.000000000000000000, 0.000000000000000000, 0.000000000000000000 ) ) ;
#2952 = CARTESIAN_POINT ( 'NONE',  ( 35.29995485044162962, -43.62978443232762515, -179.7573051204389287 ) ) ;
#2953 = CARTESIAN_POINT ( 'NONE',  ( 20.12651747207711139, 37.20605290333177351, -60.20661486047679745 ) ) ;
#2954 = CARTESIAN_POINT ( 'NONE',  ( 3.205525719004535645, 62.67367140975052564, -480.0045523954840974 ) ) ;
#2955 = CARTESIAN_POINT ( 'NONE',  ( -24.25068600095821836, -50.66769504988415918, -179.7573051204373087 ) ) ;
#2956 = CARTESIAN_POINT ( 'NONE',  ( 6.367567881226642079, 9.756645404397479737, -716.0790747558229441 ) ) ;
#2957 = CARTESIAN_POINT ( 'NONE',  ( 0.5747741033335124206, 65.24783201277749356, -450.0055018290947260 ) ) ;
#2958 = CARTESIAN_POINT ( 'NONE',  ( 59.29963444984296217, -6.559907764181826195, -149.2020492516147669 ) ) ;
#2959 = CARTESIAN_POINT ( 'NONE',  ( -27.58178073760460691, 28.87925530593014045, -570.0640010862987310 ) ) ;
#2960 = CARTESIAN_POINT ( 'NONE',  ( 13.77189110332579425, -55.33086662898304553, -269.8562572437986091 ) ) ;
#2961 = CARTESIAN_POINT ( 'NONE',  ( 58.13507758871014630, 37.59063694267637601, -179.7573051204386445 ) ) ;
#2962 = CARTESIAN_POINT ( 'NONE',  ( -17.14262927420134730, -3.092053864603620639, -660.1147140781948792 ) ) ;
#2963 = CARTESIAN_POINT ( 'NONE',  ( -15.18277866572728563, -9.431557812679111308, -660.1147140781887401 ) ) ;
#2964 = CARTESIAN_POINT ( 'NONE',  ( 0.8750503517942991305, 12.94915523168615401, -735.0000000000001137 ) ) ;
#2965 = CARTESIAN_POINT ( 'NONE',  ( 47.33066480223720163, -13.29267838952061531, -420.0050310766850430 ) ) ;
#2966 = CARTESIAN_POINT ( 'NONE',  ( -34.31750510025833734, 49.04752728658014149, -420.0050310766827124 ) ) ;
#2967 = CARTESIAN_POINT ( 'NONE',  ( 4.922702263208945439, -48.66421240172464024, -420.0050310766836219 ) ) ;
#2968 = CARTESIAN_POINT ( 'NONE',  ( 0.000000000000000000, 0.000000000000000000, 0.000000000000000000 ) ) ;
#2969 = CARTESIAN_POINT ( 'NONE',  ( 25.31734266373942788, 9.878859054288936292, 6.809709295715915545 ) ) ;
#2970 = CARTESIAN_POINT ( 'NONE',  ( -0.1382641333787827109, 10.22223086488621036, 0.000000000000000000 ) ) ;
#2971 = CARTESIAN_POINT ( 'NONE',  ( 4.474335460081946714, 90.69184715752264481, -240.2019763499494047 ) ) ;
#2972 = CARTESIAN_POINT ( 'NONE',  ( 0.000000000000000000, 0.000000000000000000, 0.000000000000000000 ) ) ;
#2973 = CARTESIAN_POINT ( 'NONE',  ( -38.55805782237314361, 34.56561873337162893, -90.82262204780880666 ) ) ;
#2974 = CARTESIAN_POINT ( 'NONE',  ( 9.964885644320812474, 3.909986177478251612, 0.000000000000000000 ) ) ;
#2975 = CARTESIAN_POINT ( 'NONE',  ( 5.298811499746118869, -26.09361574808309570, -630.0414814863811444 ) ) ;
#2976 = CARTESIAN_POINT ( 'NONE',  ( 45.09080574293144394, 11.61399193313649292, -11.39281912759565074 ) ) ;
#2977 = CARTESIAN_POINT ( 'NONE',  ( -3.176029348384228790, 3.319290966939827392, -730.0780371991983202 ) ) ;
#2978 = CARTESIAN_POINT ( 'NONE',  ( -7.561353468798573729, -7.704978191602740445, 0.000000000000000000 ) ) ;
#2979 = CARTESIAN_POINT ( 'NONE',  ( 17.63765539577376273, 35.95344059842368978, -33.67897120884718731 ) ) ;
#2980 = CARTESIAN_POINT ( 'NONE',  ( 54.03572096750509246, -9.290340738910195739, -360.0028709458014760 ) ) ;
#2981 = CARTESIAN_POINT ( 'NONE',  ( -47.65977053062992752, 38.99797989524283537, -119.8781736735575549 ) ) ;
#2982 = CARTESIAN_POINT ( 'NONE',  ( 8.966634430415178159, -24.06052315110656181, -630.0414814863813717 ) ) ;
#2983 = CARTESIAN_POINT ( 'NONE',  ( 52.61076592248456762, 30.13898883341565949, -119.8781736735586634 ) ) ;
#2984 = CARTESIAN_POINT ( 'NONE',  ( -1.331200459814361331E-06, 77.06517708011703860, -299.9258731499762121 ) ) ;
#2985 = CARTESIAN_POINT ( 'NONE',  ( 11.28095465819147947, 73.90026803656594723, -330.0104949334755133 ) ) ;
#2986 = CARTESIAN_POINT ( 'NONE',  ( -47.64531627245664680, 8.144157283207272613, -450.0055018290936459 ) ) ;
#2987 = CARTESIAN_POINT ( 'NONE',  ( 0.2478725439984813539, 14.08702634528905939, -735.0000000000005684 ) ) ;
#2988 = CARTESIAN_POINT ( 'NONE',  ( 26.34710995193741567, -0.6816482031581930778, -600.0593740079234522 ) ) ;
#2989 = CARTESIAN_POINT ( 'NONE',  ( -29.60157637552521592, 45.84501029118685267, -480.0045523954851774 ) ) ;
#2990 = CARTESIAN_POINT ( 'NONE',  ( 54.60162687160798356, 26.81003821696540612, -330.0104949334761955 ) ) ;
#2991 = CARTESIAN_POINT ( 'NONE',  ( -50.97095085133157966, -15.29532787971832164, -60.20661486047652033 ) ) ;
#2992 = CARTESIAN_POINT ( 'NONE',  ( -26.21247211948326949, -14.50071963309377310, -570.0640010862996405 ) ) ;
#2993 = CARTESIAN_POINT ( 'NONE',  ( 5.959130385178058376, 8.347653769061359696, 0.000000000000000000 ) ) ;
#2994 = CARTESIAN_POINT ( 'NONE',  ( 3.157136718965170452, 1.575585457415537016, -730.0780371991987749 ) ) ;
#2995 = CARTESIAN_POINT ( 'NONE',  ( -21.33300162613250706, 32.74372237773701499, -600.0593740079208374 ) ) ;
#2996 = CARTESIAN_POINT ( 'NONE',  ( 19.36429841169526256, -44.44525141064703888, -420.0050310766875441 ) ) ;
#2997 = CARTESIAN_POINT ( 'NONE',  ( 1.615740263082455996, 9.200470069357798764, -735.0000000000005684 ) ) ;
#2998 = CARTESIAN_POINT ( 'NONE',  ( 9.222502120591734354, 64.09062273379359453, -450.0055018290950102 ) ) ;
#2999 = CARTESIAN_POINT ( 'NONE',  ( 49.82122157521411765, 33.44168577001640585, -360.0028709458034086 ) ) ;
#3000 = CARTESIAN_POINT ( 'NONE',  ( 0.0007690364813039995452, 67.70831702363416582, -420.0050310766836219 ) ) ;
#3001 = CARTESIAN_POINT ( 'NONE',  ( 0.3518838903028151388, 26.25936779336415583, 6.809709295715923538 ) ) ;
#3002 = CARTESIAN_POINT ( 'NONE',  ( 45.05575538540703207, -34.44260501274011688, -179.7573051204381045 ) ) ;
#3003 = CARTESIAN_POINT ( 'NONE',  ( -10.38298530320566115, 24.09799662211257498, 6.809709295715919986 ) ) ;
#3004 = CARTESIAN_POINT ( 'NONE',  ( 47.47047589949178814, -1.580009255856753780, -33.67897120884712336 ) ) ;
#3005 = CARTESIAN_POINT ( 'NONE',  ( -31.23105648424695957, 2.527107377860258630, -570.0640010862983900 ) ) ;
#3006 = CARTESIAN_POINT ( 'NONE',  ( -9.526924324087943319, -5.151969858461027840, 0.000000000000000000 ) ) ;
#3007 = CARTESIAN_POINT ( 'NONE',  ( 1.812794752022269362, 1.065951910591828034, -735.0000000000003411 ) ) ;
#3008 = CARTESIAN_POINT ( 'NONE',  ( -17.88003749902167527, 38.93402608641982710, -600.0593740079248164 ) ) ;
#3009 = CARTESIAN_POINT ( 'NONE',  ( -7.140598514197786351, -21.06723077864463178, -660.1147140781943108 ) ) ;
#3010 = CARTESIAN_POINT ( 'NONE',  ( 5.665202897401734106, -53.10571212106719230, -119.8781736735585923 ) ) ;
#3011 = ORIENTED_EDGE ( 'NONE', *, *, #1358, .T. ) ;
#3012 = CARTESIAN_POINT ( 'NONE',  ( 0.000000000000000000, 0.000000000000000000, 0.000000000000000000 ) ) ;
#3013 = CARTESIAN_POINT ( 'NONE',  ( 53.16170149161561653, 13.52441385137440832, -90.82262204780694503 ) ) ;
#3014 = CARTESIAN_POINT ( 'NONE',  ( 1.188645203184403476, 23.07317671370137546, -716.0790747558228304 ) ) ;
#3015 = CARTESIAN_POINT ( 'NONE',  ( 0.002596521951584221648, 39.16168406935452140, -33.67897120884717310 ) ) ;
#3016 = CARTESIAN_POINT ( 'NONE',  ( 0.7262289637122977259, 77.06517707202529266, -299.9258731499762121 ) ) ;
#3017 = CARTESIAN_POINT ( 'NONE',  ( 8.740906438492110908, -6.338114024026960003, 0.000000000000000000 ) ) ;
#3018 = CARTESIAN_POINT ( 'NONE',  ( -8.399177281912212578, 24.13941441156312351, -690.0138044314147692 ) ) ;
#3019 = CARTESIAN_POINT ( 'NONE',  ( 49.00640352658787435, 14.93630606635096925, -60.20661486047675481 ) ) ;
#3020 = CARTESIAN_POINT ( 'NONE',  ( 43.53665535146698318, 13.47093190645213667, -480.0045523954855184 ) ) ;
#3021 = CARTESIAN_POINT ( 'NONE',  ( -60.24025973985968818, -6.000160770810715860, -240.2019763499492342 ) ) ;
#3022 = CARTESIAN_POINT ( 'NONE',  ( -41.01828834620677355, -20.62317764790064345, -33.67897120884718731 ) ) ;
#3023 = CARTESIAN_POINT ( 'NONE',  ( 58.94806554592988590, -8.752559208595464213, -269.8562572437989502 ) ) ;
#3024 = CARTESIAN_POINT ( 'NONE',  ( -43.53270454103019205, 13.49907205174626235, -480.0045523954837563 ) ) ;
#3025 = CARTESIAN_POINT ( 'NONE',  ( 0.000000000000000000, 0.000000000000000000, 0.000000000000000000 ) ) ;
#3026 = CARTESIAN_POINT ( 'NONE',  ( -22.40281983963863865, -31.87660166531219730, -510.0070289517081505 ) ) ;
#3027 = CARTESIAN_POINT ( 'NONE',  ( -11.28336321625504546, -52.44556777011887760, -119.8781736735588055 ) ) ;
#3028 = CARTESIAN_POINT ( 'NONE',  ( 50.42491546854243722, 25.05396099333642113, -390.0054354190791628 ) ) ;
#3029 = CARTESIAN_POINT ( 'NONE',  ( -0.04003860307225717147, 60.35665022981095973, -510.0070289517102538 ) ) ;
#3030 = CARTESIAN_POINT ( 'NONE',  ( -0.001033221549676067649, 93.68746745385496411, -179.7573051204385024 ) ) ;
#3031 = CARTESIAN_POINT ( 'NONE',  ( 16.85280191918502624, -39.53235233527585990, -480.0045523954856321 ) ) ;
#3032 = CARTESIAN_POINT ( 'NONE',  ( -6.840318658210062353, 56.69034401043404614, -539.9930887323606612 ) ) ;
#3033 = CARTESIAN_POINT ( 'NONE',  ( 45.11796344375129308, -18.22595366204987499, -420.0050310766832240 ) ) ;
#3034 = CARTESIAN_POINT ( 'NONE',  ( -20.55677317671655402, 46.15035783751524434, -90.82262204780745662 ) ) ;
#3035 = CARTESIAN_POINT ( 'NONE',  ( -0.2450068604591418564, -6.521731832202656065, -735.0000000000010232 ) ) ;
#3036 = CARTESIAN_POINT ( 'NONE',  ( 6.756733946983031203, 6.052725283943528822, -716.0790747558229441 ) ) ;
#3037 = CARTESIAN_POINT ( 'NONE',  ( -47.06417605812843163, -4.909038916786417239, -11.39281912759558146 ) ) ;
#3038 = CARTESIAN_POINT ( 'NONE',  ( -6.420827278287005946, -5.144486105846470814, -716.0790747558235125 ) ) ;
#3039 = CARTESIAN_POINT ( 'NONE',  ( 54.69283450459636953, -18.59870133623896393, -149.2020492516146817 ) ) ;
#3040 = CARTESIAN_POINT ( 'NONE',  ( -27.03577792710050787, 6.901807088580786953, -600.0593740079199279 ) ) ;
#3041 = CARTESIAN_POINT ( 'NONE',  ( -6.352829842886690948, 36.70326952910026108, -660.1147140781924918 ) ) ;
#3042 = CARTESIAN_POINT ( 'NONE',  ( -5.081527321371742900, -16.82459634072909793, -690.0138044314107901 ) ) ;
#3043 = CARTESIAN_POINT ( 'NONE',  ( -7.056923734563874895, -36.72960557754190347, -539.9930887323595243 ) ) ;
ENDSEC;
END-ISO-10303-21;
